ti_uid,ancestry,allocated_n,total_n,p
ABCA1-D006949,African,189476.0,7323412.0,0.02587263969308295
ABCA1-D006949,East Asian,858667.0,7323412.0,0.11724958257162099
ABCA1-D006949,European,6170554.0,7323412.0,0.8425791147623539
ABCA1-D006949,Hispanic/Latin American,89819.0,7323412.0,0.012264638395327205
ABCA1-D006949,South Asian,14896.0,7323412.0,0.002034024577614915
ABCC8-D003920,African,4847.0,1192071.0,0.004066032979579236
ABCC8-D003920,East Asian,71221.0,1192071.0,0.059745602401199256
ABCC8-D003920,European,1109108.0,1192071.0,0.9304043131659104
ABCC8-D003920,South Asian,6895.0,1192071.0,0.005784051453311087
ABCC8-D003924,African,132735.5,5269376.0,0.02518998454465956
ABCC8-D003924,East Asian,1253820.0,5269376.0,0.23794468263414872
ABCC8-D003924,European,3532594.0,5269376.0,0.670400821653266
ABCC8-D003924,Hispanic/Latin American,99671.5,5269376.0,0.018915237781475455
ABCC8-D003924,South Asian,250555.0,5269376.0,0.04754927338645031
ACE-D006973,African,73664.0,4226555.0,0.0174288516297552
ACE-D006973,East Asian,307442.0,4226555.0,0.07274056530673326
ACE-D006973,European,3793228.0,4226555.0,0.897475130454945
ACE-D006973,Hispanic/Latin American,39264.0,4226555.0,0.009289835338709659
ACE-D006973,Native American,2695.0,4226555.0,0.0006376351425688297
ACE-D006973,Other Asian,4792.0,4226555.0,0.0011337838972875073
ACE-D006973,South Asian,5470.0,4226555.0,0.001294198230000556
ACVR2A-D007676,African,6016.0,1230971.0,0.004887198804845931
ACVR2A-D007676,European,1217616.0,1230971.0,0.9891508410839898
ACVR2A-D007676,South Asian,7339.0,1230971.0,0.005961960111164276
ACVR2A-D013921,European,445000.0,445000.0,1.0
ACVRL1-D000740,African,149286.2,2632487.0,0.0567091879276137
ACVRL1-D000740,East Asian,712810.2,2632487.0,0.2707744425708465
ACVRL1-D000740,European,1471818.2,2632487.0,0.5590979936463124
ACVRL1-D000740,Hispanic/Latin American,149286.2,2632487.0,0.0567091879276137
ACVRL1-D000740,South Asian,149286.2,2632487.0,0.0567091879276137
ADAMTS4-D065631,African,8204.0,4283833.0,0.0019151073349497985
ADAMTS4-D065631,East Asian,181163.0,4283833.0,0.04228993053650784
ADAMTS4-D065631,European,4093068.0,4283833.0,0.955468618874732
ADAMTS4-D065631,Hispanic/Latin American,1398.0,4283833.0,0.0003263432538103143
ADIPOR2-D009765,European,457756.0,457756.0,1.0
ADM-D018805,European,855581.0,855581.0,1.0
ADORA1-D001249,African,8204.0,3689196.0,0.0022237907663349957
ADORA1-D001249,East Asian,5215.0,3689196.0,0.0014135871338904196
ADORA1-D001249,European,3674379.0,3689196.0,0.9959836777444191
ADORA1-D001249,Hispanic/Latin American,1398.0,3689196.0,0.0003789443553554758
ADORA1-D001281,African,8967.0,2374541.0,0.0037763087687262505
ADORA1-D001281,East Asian,362556.0,2374541.0,0.15268466621549176
ADORA1-D001281,European,1997996.0,2374541.0,0.8414240899609651
ADORA1-D001281,Hispanic/Latin American,5022.0,2374541.0,0.0021149350548169098
ADORA1-D029424,African,8204.0,3689196.0,0.0022237907663349957
ADORA1-D029424,East Asian,5215.0,3689196.0,0.0014135871338904196
ADORA1-D029424,European,3674379.0,3689196.0,0.9959836777444191
ADORA1-D029424,Hispanic/Latin American,1398.0,3689196.0,0.0003789443553554758
ADORA2A-D009203,African,2908.0,166459.0,0.017469767330093297
ADORA2A-D009203,East Asian,9396.0,166459.0,0.05644633212983377
ADORA2A-D009203,European,126630.0,166459.0,0.7607278669221851
ADORA2A-D009203,Hispanic/Latin American,3615.0,166459.0,0.02171705945608228
ADORA2A-D009203,Middle Eastern,754.0,166459.0,0.004529643936344686
ADORA2A-D009203,South Asian,23156.0,166459.0,0.13910933022546093
ADORA2B-D001249,European,371898.0,371898.0,1.0
ADRA1A-D006973,European,422713.0,422713.0,1.0
ADRA2B-D006973,East Asian,145445.0,3590147.0,0.04051226871768761
ADRA2B-D006973,European,3444702.0,3590147.0,0.9594877312823124
ADRA2C-D006973,European,844713.0,844713.0,1.0
ADRB1-D006949,East Asian,72866.0,2089750.0,0.034868285680105277
ADRB1-D006949,European,2016884.0,2089750.0,0.9651317143198948
ADRB1-D006973,African,117244.0,7748240.0,0.01513169442350779
ADRB1-D006973,East Asian,1274293.0,7748240.0,0.16446225207272877
ADRB1-D006973,European,6265136.0,7748240.0,0.8085882729497279
ADRB1-D006973,Hispanic/Latin American,48482.0,7748240.0,0.006257162916997925
ADRB1-D006973,Native American,2695.0,7748240.0,0.0003478209244938205
ADRB1-D006973,Other Asian,4792.0,7748240.0,0.0006184630316045966
ADRB1-D006973,South Asian,35598.0,7748240.0,0.004594333680939155
ADRB2-D001249,European,771950.0,771950.0,1.0
ADRB2-D006949,European,398508.0,398508.0,1.0
ADRB2-D006973,European,1587674.0,1587674.0,1.0
ADRB2-D029424,European,771950.0,771950.0,1.0
AGT-D006973,African,95167.0,8468774.0,0.01123739988810659
AGT-D006973,East Asian,451924.0,8468774.0,0.05336356832759972
AGT-D006973,European,7864876.0,8468774.0,0.9286912131555287
AGT-D006973,Hispanic/Latin American,43850.0,8468774.0,0.005177845104852249
AGT-D006973,Native American,2695.0,8468774.0,0.0003182278804464495
AGT-D006973,Other Asian,4792.0,8468774.0,0.0005658434148791785
AGT-D006973,South Asian,5470.0,8468774.0,0.0006459022285870423
AKT1-D001943,East Asian,14068.0,243019.0,0.05788847785564092
AKT1-D001943,European,228951.0,243019.0,0.9421115221443591
AKT1-D010051,European,88660.0,88660.0,1.0
AKT1-D016889,European,88660.0,88660.0,1.0
ALCAM-D001943,East Asian,30974.0,30974.0,1.0
ALDH2-D000437,East Asian,574677.0,922083.0,0.6232378213241108
ALDH2-D000437,European,347406.0,922083.0,0.37676217867588924
ALDH2-D019973,East Asian,574677.0,922083.0,0.6232378213241108
ALDH2-D019973,European,347406.0,922083.0,0.37676217867588924
ALDH2-D051437,East Asian,341322.5,706555.0,0.483079873470572
ALDH2-D051437,European,344104.0,706555.0,0.4870165804502127
ALDH2-D051437,South Asian,21128.5,706555.0,0.02990354607921535
ALOX12-D013921,European,445364.0,445364.0,1.0
ALOX5-D015228,European,836386.0,836386.0,1.0
ALPL-D007014,African,20145.0,1558516.0,0.012925757579646278
ALPL-D007014,East Asian,223916.0,1558516.0,0.1436725705735456
ALPL-D007014,European,1307118.0,1558516.0,0.8386939883838216
ALPL-D007014,South Asian,7337.0,1558516.0,0.004707683462986585
ANGPTL3-D006937,African,244036.0,8247392.0,0.02958947507284727
ANGPTL3-D006937,East Asian,1387261.0,8247392.0,0.16820602197640175
ANGPTL3-D006937,European,6400690.0,8247392.0,0.7760865495419643
ANGPTL3-D006937,Hispanic/Latin American,156805.0,8247392.0,0.019012676977158353
ANGPTL3-D006937,Native American,1208.0,8247392.0,0.0001464705448704269
ANGPTL3-D006937,Oceanian,3830.0,8247392.0,0.0004643892275279264
ANGPTL3-D006937,Other Asian,41664.0,8247392.0,0.005051778792617109
ANGPTL3-D006937,South Asian,11898.0,8247392.0,0.0014426378666128638
ANGPTL3-D006938,African,244036.0,8247392.0,0.02958947507284727
ANGPTL3-D006938,East Asian,1387261.0,8247392.0,0.16820602197640175
ANGPTL3-D006938,European,6400690.0,8247392.0,0.7760865495419643
ANGPTL3-D006938,Hispanic/Latin American,156805.0,8247392.0,0.019012676977158353
ANGPTL3-D006938,Native American,1208.0,8247392.0,0.0001464705448704269
ANGPTL3-D006938,Oceanian,3830.0,8247392.0,0.0004643892275279264
ANGPTL3-D006938,Other Asian,41664.0,8247392.0,0.005051778792617109
ANGPTL3-D006938,South Asian,11898.0,8247392.0,0.0014426378666128638
ANGPTL3-D006949,African,244036.0,8247392.0,0.02958947507284727
ANGPTL3-D006949,East Asian,1387261.0,8247392.0,0.16820602197640175
ANGPTL3-D006949,European,6400690.0,8247392.0,0.7760865495419643
ANGPTL3-D006949,Hispanic/Latin American,156805.0,8247392.0,0.019012676977158353
ANGPTL3-D006949,Native American,1208.0,8247392.0,0.0001464705448704269
ANGPTL3-D006949,Oceanian,3830.0,8247392.0,0.0004643892275279264
ANGPTL3-D006949,Other Asian,41664.0,8247392.0,0.005051778792617109
ANGPTL3-D006949,South Asian,11898.0,8247392.0,0.0014426378666128638
ANGPTL3-D015228,African,244036.0,8247392.0,0.02958947507284727
ANGPTL3-D015228,East Asian,1387261.0,8247392.0,0.16820602197640175
ANGPTL3-D015228,European,6400690.0,8247392.0,0.7760865495419643
ANGPTL3-D015228,Hispanic/Latin American,156805.0,8247392.0,0.019012676977158353
ANGPTL3-D015228,Native American,1208.0,8247392.0,0.0001464705448704269
ANGPTL3-D015228,Oceanian,3830.0,8247392.0,0.0004643892275279264
ANGPTL3-D015228,Other Asian,41664.0,8247392.0,0.005051778792617109
ANGPTL3-D015228,South Asian,11898.0,8247392.0,0.0014426378666128638
ANGPTL3-D050171,African,244036.0,9052089.0,0.02695908093700802
ANGPTL3-D050171,East Asian,1387261.0,9052089.0,0.15325313306132982
ANGPTL3-D050171,European,7205387.0,9052089.0,0.7959916213815397
ANGPTL3-D050171,Hispanic/Latin American,156805.0,9052089.0,0.017322520801551996
ANGPTL3-D050171,Native American,1208.0,9052089.0,0.00013344985892206761
ANGPTL3-D050171,Oceanian,3830.0,9052089.0,0.000423106754694966
ANGPTL3-D050171,Other Asian,41664.0,9052089.0,0.0046026944719611135
ANGPTL3-D050171,South Asian,11898.0,9052089.0,0.0013143927329923512
ANGPTL4-D015228,East Asian,135808.0,2150335.0,0.06315667093731907
ANGPTL4-D015228,European,2014527.0,2150335.0,0.936843329062681
ANGPTL8-D006949,African,62882.0,4511570.0,0.013937941780799145
ANGPTL8-D006949,East Asian,734000.0,4511570.0,0.1626928098200848
ANGPTL8-D006949,European,3683263.0,4511570.0,0.8164038239459878
ANGPTL8-D006949,Hispanic/Latin American,24743.0,4511570.0,0.005484343587708935
ANGPTL8-D006949,South Asian,6682.0,4511570.0,0.0014810808654193552
APOA1-D006937,East Asian,241405.0,2285670.0,0.10561673382421785
APOA1-D006937,European,2044265.0,2285670.0,0.8943832661757821
APOA1-D006938,East Asian,241405.0,2285670.0,0.10561673382421785
APOA1-D006938,European,2044265.0,2285670.0,0.8943832661757821
APOA1-D006949,East Asian,241405.0,2285670.0,0.10561673382421785
APOA1-D006949,European,2044265.0,2285670.0,0.8943832661757821
APOA1-D052456,East Asian,70657.0,1551589.0,0.0455384770064753
APOA1-D052456,European,1480932.0,1551589.0,0.9544615229935247
APOB-D006937,African,411553.8,10487377.0,0.039242777293121055
APOB-D006937,East Asian,1302623.8,10487377.0,0.12420873207857408
APOB-D006937,European,8408357.8,10487377.0,0.8017598490070492
APOB-D006937,Hispanic/Latin American,263762.8,10487377.0,0.02515050236107656
APOB-D006937,Native American,1812.0,10487377.0,0.00017277914201043788
APOB-D006937,Oceanian,5745.0,10487377.0,0.0005478014187913718
APOB-D006937,Other Asian,40527.0,10487377.0,0.003864359982481797
APOB-D006937,South Asian,52994.8,10487377.0,0.0050531987168955595
APOB-D006938,African,411553.8,10487377.0,0.039242777293121055
APOB-D006938,East Asian,1302623.8,10487377.0,0.12420873207857408
APOB-D006938,European,8408357.8,10487377.0,0.8017598490070492
APOB-D006938,Hispanic/Latin American,263762.8,10487377.0,0.02515050236107656
APOB-D006938,Native American,1812.0,10487377.0,0.00017277914201043788
APOB-D006938,Oceanian,5745.0,10487377.0,0.0005478014187913718
APOB-D006938,Other Asian,40527.0,10487377.0,0.003864359982481797
APOB-D006938,South Asian,52994.8,10487377.0,0.0050531987168955595
APOB-D006949,African,411553.8,10487377.0,0.039242777293121055
APOB-D006949,East Asian,1302623.8,10487377.0,0.12420873207857408
APOB-D006949,European,8408357.8,10487377.0,0.8017598490070492
APOB-D006949,Hispanic/Latin American,263762.8,10487377.0,0.02515050236107656
APOB-D006949,Native American,1812.0,10487377.0,0.00017277914201043788
APOB-D006949,Oceanian,5745.0,10487377.0,0.0005478014187913718
APOB-D006949,Other Asian,40527.0,10487377.0,0.003864359982481797
APOB-D006949,South Asian,52994.8,10487377.0,0.0050531987168955595
APOB-D015228,African,411553.8,10487377.0,0.039242777293121055
APOB-D015228,East Asian,1302623.8,10487377.0,0.12420873207857408
APOB-D015228,European,8408357.8,10487377.0,0.8017598490070492
APOB-D015228,Hispanic/Latin American,263762.8,10487377.0,0.02515050236107656
APOB-D015228,Native American,1812.0,10487377.0,0.00017277914201043788
APOB-D015228,Oceanian,5745.0,10487377.0,0.0005478014187913718
APOB-D015228,Other Asian,40527.0,10487377.0,0.003864359982481797
APOB-D015228,South Asian,52994.8,10487377.0,0.0050531987168955595
APOC3-D006937,African,88346.0,3462173.0,0.025517500136474983
APOC3-D006937,East Asian,349387.0,3462173.0,0.10091552328552039
APOC3-D006937,European,2958756.0,3462173.0,0.854595076560299
APOC3-D006937,Hispanic/Latin American,46103.0,3462173.0,0.013316203436396737
APOC3-D006937,Other Asian,10730.0,3462173.0,0.0030992096582117645
APOC3-D006937,South Asian,8851.0,3462173.0,0.0025564869230971414
APOC3-D006949,African,88346.0,3462173.0,0.025517500136474983
APOC3-D006949,East Asian,349387.0,3462173.0,0.10091552328552039
APOC3-D006949,European,2958756.0,3462173.0,0.854595076560299
APOC3-D006949,Hispanic/Latin American,46103.0,3462173.0,0.013316203436396737
APOC3-D006949,Other Asian,10730.0,3462173.0,0.0030992096582117645
APOC3-D006949,South Asian,8851.0,3462173.0,0.0025564869230971414
APOC3-D015228,African,88346.0,3462173.0,0.025517500136474983
APOC3-D015228,East Asian,349387.0,3462173.0,0.10091552328552039
APOC3-D015228,European,2958756.0,3462173.0,0.854595076560299
APOC3-D015228,Hispanic/Latin American,46103.0,3462173.0,0.013316203436396737
APOC3-D015228,Other Asian,10730.0,3462173.0,0.0030992096582117645
APOC3-D015228,South Asian,8851.0,3462173.0,0.0025564869230971414
APOC3-D050171,African,113810.0,4529004.0,0.02512914539267353
APOC3-D050171,East Asian,528026.0,4529004.0,0.1165876647492473
APOC3-D050171,European,3774966.0,4529004.0,0.8335090894156861
APOC3-D050171,Hispanic/Latin American,79722.0,4529004.0,0.017602545725285294
APOC3-D050171,Other Asian,21460.0,4529004.0,0.0047383486523747825
APOC3-D050171,South Asian,11020.0,4529004.0,0.0024332060647329966
APOE-D000544,East Asian,4247.0,1948245.0,0.002179910637522488
APOE-D000544,European,1938698.0,1948245.0,0.995099692287161
APOE-D000544,Hispanic/Latin American,5300.0,1948245.0,0.002720397075316503
APOE-D006938,African,191183.8,7614822.999999999,0.025106794997073474
APOE-D006938,East Asian,1275808.8,7614822.999999999,0.16754280434358096
APOE-D006938,European,5949561.8,7614822.999999999,0.7813132097751977
APOE-D006938,Hispanic/Latin American,131460.8,7614822.999999999,0.017263802454764873
APOE-D006938,Native American,1812.0,7614822.999999999,0.000237956942663014
APOE-D006938,Oceanian,15039.0,7614822.999999999,0.0019749638304133927
APOE-D006938,Other Asian,15478.0,7614822.999999999,0.0020326145466545973
APOE-D006938,South Asian,34478.8,7614822.999999999,0.0045278531096520575
APOL1-D005923,African,1815.0,3706.0,0.48974635725849974
APOL1-D005923,European,1891.0,3706.0,0.5102536427415003
APOL1-D007676,African,9013.0,32799.0,0.27479496326107505
APOL1-D007676,East Asian,3648.0,32799.0,0.11122290313729077
APOL1-D007676,Hispanic/Latin American,16134.0,32799.0,0.4919052410134455
APOL1-D007676,Native American,50.0,32799.0,0.0015244367206317265
APOL1-D007676,Oceanian,2988.0,32799.0,0.09110033842495198
APOL1-D007676,Other,966.0,32799.0,0.029452117442604956
APOL1-D051437,African,9013.0,32799.0,0.27479496326107505
APOL1-D051437,East Asian,3648.0,32799.0,0.11122290313729077
APOL1-D051437,Hispanic/Latin American,16134.0,32799.0,0.4919052410134455
APOL1-D051437,Native American,50.0,32799.0,0.0015244367206317265
APOL1-D051437,Oceanian,2988.0,32799.0,0.09110033842495198
APOL1-D051437,Other,966.0,32799.0,0.029452117442604956
APP-D000544,European,467623.0,467623.0,1.0
APP-D003704,European,467623.0,467623.0,1.0
APP-D013494,European,467623.0,467623.0,1.0
AR-D011471,African,21354.0,234253.0,0.09115785069988432
AR-D011471,East Asian,27420.0,234253.0,0.11705292995180425
AR-D011471,European,177526.0,234253.0,0.7578387469957696
AR-D011471,Hispanic/Latin American,7953.0,234253.0,0.03395047235254191
AVPR1A-D018805,European,418642.0,418642.0,1.0
AXL-D005922,East Asian,175359.0,653143.0,0.26848484941276257
AXL-D005922,European,477784.0,653143.0,0.7315151505872374
BCL11A-D000755,South Asian,792.0,792.0,1.0
BCL11A-D013789,South Asian,792.0,792.0,1.0
BCL2-D000740,European,3978720.0,3978720.0,1.0
BCL2-D008224,European,17867.0,17867.0,1.0
BCL2-D015451,European,50992.0,50992.0,1.0
BCL2-D054198,European,50992.0,50992.0,1.0
C3-D008107,European,1190417.0,1190417.0,1.0
C3-D008181,East Asian,208370.0,208370.0,1.0
C5-D012859,European,11727.0,14470.0,0.8104353835521769
C5-D012859,Other,2743.0,14470.0,0.18956461644782308
C9orf72-D000690,East Asian,4084.0,233151.0,0.017516545071648845
C9orf72-D000690,European,229067.0,233151.0,0.9824834549283512
C9orf72-D057180,East Asian,4084.0,233151.0,0.017516545071648845
C9orf72-D057180,European,229067.0,233151.0,0.9824834549283512
CACNA1C-D006973,European,757601.0,757601.0,1.0
CACNA2D1-D001008,European,373121.0,373121.0,1.0
CALCA-D009765,European,219872.0,219872.0,1.0
CALCR-D003920,European,437749.0,437749.0,1.0
CALCR-D003924,African,56092.0,1840822.0,0.030471169944731213
CALCR-D003924,East Asian,541683.5,1840822.0,0.29426174828419044
CALCR-D003924,European,1114458.0,1840822.0,0.6054132338705209
CALCR-D003924,Hispanic/Latin American,20445.0,1840822.0,0.011106451357056794
CALCR-D003924,South Asian,108143.5,1840822.0,0.058747396543500675
CALCR-D009765,African,44270.0,5018255.0,0.008821791638727008
CALCR-D009765,East Asian,349676.0,5018255.0,0.06968079541593641
CALCR-D009765,European,4582601.0,5018255.0,0.9131861573395533
CALCR-D009765,Hispanic/Latin American,12109.0,5018255.0,0.0024129901728788196
CALCR-D009765,Other Asian,1650.0,5018255.0,0.00032879955283260815
CALCR-D009765,South Asian,27949.0,5018255.0,0.005569465880071857
CALCRL-D008593,East Asian,43861.0,406299.0,0.1079525177270926
CALCRL-D008593,European,362438.0,406299.0,0.8920474822729074
CASP1-D007249,European,21758.0,21758.0,1.0
CASP8-D001943,East Asian,243974.0,1399479.0,0.17433201927288655
CASP8-D001943,European,1143863.0,1399479.0,0.8173491706556512
CASP8-D001943,Other Asian,11642.0,1399479.0,0.008318810071462308
CASP8-D008107,African,6015.0,833265.0,0.0072185919245378125
CASP8-D008107,East Asian,133471.0,833265.0,0.1601783346234391
CASP8-D008107,European,686443.0,833265.0,0.8237991515304255
CASP8-D008107,South Asian,7336.0,833265.0,0.008803921921597572
CASP8-D008175,East Asian,53310.0,108950.0,0.4893070215695273
CASP8-D008175,European,55640.0,108950.0,0.5106929784304727
CASP8-D015179,East Asian,160589.0,160589.0,1.0
CASR-D006934,African,5576.0,1685296.0,0.003308617595959404
CASR-D006934,East Asian,239661.0,1685296.0,0.14220706629577237
CASR-D006934,European,1429416.0,1685296.0,0.8481691050118199
CASR-D006934,South Asian,10643.0,1685296.0,0.006315211096448339
CASR-D006962,European,29155.0,29155.0,1.0
CASR-D006996,African,5576.0,1685296.0,0.003308617595959404
CASR-D006996,East Asian,239661.0,1685296.0,0.14220706629577237
CASR-D006996,European,1429416.0,1685296.0,0.8481691050118199
CASR-D006996,South Asian,10643.0,1685296.0,0.006315211096448339
CASR-D049950,European,29155.0,29155.0,1.0
CBS-D006712,European,9639.0,9639.0,1.0
CCL11-D003093,European,135504.0,135504.0,1.0
CCL11-D003424,European,135504.0,135504.0,1.0
CCL20-D003093,East Asian,11396.0,169133.0,0.06737892664352906
CCL20-D003093,European,151466.0,169133.0,0.8955437436810084
CCL20-D003093,Middle Eastern,1629.0,169133.0,0.009631473455801056
CCL20-D003093,South Asian,4642.0,169133.0,0.02744585621966145
CCL20-D004485,European,459000.0,459000.0,1.0
CCND1-D001943,East Asian,164424.0,1220335.0,0.13473677309918997
CCND1-D001943,European,1044269.0,1220335.0,0.8557232235410769
CCND1-D001943,Other Asian,11642.0,1220335.0,0.009540003359733188
CCNE1-D001943,European,140970.0,140970.0,1.0
CCR2-D001172,East Asian,26421.0,84705.0,0.31191783247742166
CCR2-D001172,European,58284.0,84705.0,0.6880821675225783
CCR2-D008269,European,68423.0,68423.0,1.0
CCR4-D003876,East Asian,343457.0,802457.0,0.4280067343172282
CCR4-D003876,European,459000.0,802457.0,0.5719932656827718
CCR4-D065631,African,8204.0,7114810.0,0.001153087714218651
CCR4-D065631,East Asian,181163.0,7114810.0,0.02546280223927273
CCR4-D065631,European,6924045.0,7114810.0,0.9731876185028131
CCR4-D065631,Hispanic/Latin American,1398.0,7114810.0,0.00019649154369547465
CCR5-D001172,East Asian,26421.0,84705.0,0.31191783247742166
CCR5-D001172,European,58284.0,84705.0,0.6880821675225783
CCR5-D008269,European,68423.0,68423.0,1.0
CCR9-D007249,European,8243.0,8243.0,1.0
CD200R1-D003876,European,859449.0,859449.0,1.0
CD274-D010051,European,113238.0,113238.0,1.0
CD28-D001172,African,2308.0,558471.0,0.004132712352118552
CD28-D001172,East Asian,311300.0,558471.0,0.557414798619803
CD28-D001172,European,244863.0,558471.0,0.43845248902807843
CD28-D001327,European,59467.0,59467.0,1.0
CD28-D011565,European,33394.0,33394.0,1.0
CD28-D012859,African,2308.0,558471.0,0.004132712352118552
CD28-D012859,East Asian,311300.0,558471.0,0.557414798619803
CD28-D012859,European,244863.0,558471.0,0.43845248902807843
CD28-D015535,European,33394.0,33394.0,1.0
CD33-D000544,European,145942.0,145942.0,1.0
CD40-D001172,African,2308.0,685927.0,0.0033647895475757625
CD40-D001172,East Asian,320599.0,685927.0,0.4673952184416126
CD40-D001172,European,363020.0,685927.0,0.5292399920108116
CD40-D003093,East Asian,11952.0,242818.0,0.04922205108352758
CD40-D003093,European,225896.0,242818.0,0.9303099440733389
CD40-D003093,Middle Eastern,1383.0,242818.0,0.005695623882908186
CD40-D003093,South Asian,3587.0,242818.0,0.014772380960225354
CD40-D003424,East Asian,11952.0,242818.0,0.04922205108352758
CD40-D003424,European,225896.0,242818.0,0.9303099440733389
CD40-D003424,Middle Eastern,1383.0,242818.0,0.005695623882908186
CD40-D003424,South Asian,3587.0,242818.0,0.014772380960225354
CD40-D006689,European,27750.0,27750.0,1.0
CD40-D008180,African,5422.0,27574.0,0.19663451077101618
CD40-D008180,European,18264.0,27574.0,0.6623630956698339
CD40-D008180,Hispanic/Latin American,3888.0,27574.0,0.14100239355914992
CD40-D008181,African,5422.0,27574.0,0.19663451077101618
CD40-D008181,European,18264.0,27574.0,0.6623630956698339
CD40-D008181,Hispanic/Latin American,3888.0,27574.0,0.14100239355914992
CD40-D012859,African,2308.0,685927.0,0.0033647895475757625
CD40-D012859,East Asian,320599.0,685927.0,0.4673952184416126
CD40-D012859,European,363020.0,685927.0,0.5292399920108116
CD6-D009103,European,118222.0,118222.0,1.0
CD80-D008180,East Asian,15389.0,15389.0,1.0
CDK6-D011471,African,21354.0,234253.0,0.09115785069988432
CDK6-D011471,East Asian,27420.0,234253.0,0.11705292995180425
CDK6-D011471,European,177526.0,234253.0,0.7578387469957696
CDK6-D011471,Hispanic/Latin American,7953.0,234253.0,0.03395047235254191
CDKN1A-D015179,East Asian,3481.0,151398.0,0.02299237770644262
CDKN1A-D015179,European,147917.0,151398.0,0.9770076222935574
CDKN2A-D011471,African,31817.0,461547.0,0.06893555802550987
CDKN2A-D011471,East Asian,34374.0,461547.0,0.07447562220098929
CDKN2A-D011471,European,385323.0,461547.0,0.8348510552554778
CDKN2A-D011471,Hispanic/Latin American,10033.0,461547.0,0.021737764518023082
CEBPB-D001943,East Asian,84874.0,554418.0,0.15308666024551873
CEBPB-D001943,European,457902.0,554418.0,0.8259147430278238
CEBPB-D001943,Other Asian,11642.0,554418.0,0.020998596726657503
CETP-D006937,African,148295.0,8363149.0,0.017731957185026837
CETP-D006937,East Asian,1229248.5,8363149.0,0.14698392913960998
CETP-D006937,European,6863570.0,8363149.0,0.8206920622841947
CETP-D006937,Hispanic/Latin American,92596.0,8363149.0,0.011071906048786169
CETP-D006937,Native American,604.0,8363149.0,7.222159978256994e-05
CETP-D006937,Oceanian,1915.0,8363149.0,0.00022898073440996925
CETP-D006937,Other Asian,4694.5,8363149.0,0.0005613316228133685
CETP-D006937,South Asian,22226.0,8363149.0,0.0026576113853764892
CETP-D006938,African,148295.0,8363149.0,0.017731957185026837
CETP-D006938,East Asian,1229248.5,8363149.0,0.14698392913960998
CETP-D006938,European,6863570.0,8363149.0,0.8206920622841947
CETP-D006938,Hispanic/Latin American,92596.0,8363149.0,0.011071906048786169
CETP-D006938,Native American,604.0,8363149.0,7.222159978256994e-05
CETP-D006938,Oceanian,1915.0,8363149.0,0.00022898073440996925
CETP-D006938,Other Asian,4694.5,8363149.0,0.0005613316228133685
CETP-D006938,South Asian,22226.0,8363149.0,0.0026576113853764892
CETP-D006949,African,148295.0,8363149.0,0.017731957185026837
CETP-D006949,East Asian,1229248.5,8363149.0,0.14698392913960998
CETP-D006949,European,6863570.0,8363149.0,0.8206920622841947
CETP-D006949,Hispanic/Latin American,92596.0,8363149.0,0.011071906048786169
CETP-D006949,Native American,604.0,8363149.0,7.222159978256994e-05
CETP-D006949,Oceanian,1915.0,8363149.0,0.00022898073440996925
CETP-D006949,Other Asian,4694.5,8363149.0,0.0005613316228133685
CETP-D006949,South Asian,22226.0,8363149.0,0.0026576113853764892
CETP-D050197,European,10586.0,10586.0,1.0
CHEK2-D006258,East Asian,26410.0,26410.0,1.0
CHEK2-D010051,European,108968.0,108968.0,1.0
CHEK2-D011471,European,140254.0,140254.0,1.0
CHEK2-D015179,East Asian,26410.0,26410.0,1.0
CHRM3-D001249,European,1248069.0,1248069.0,1.0
CHRM3-D029424,European,1248069.0,1248069.0,1.0
CHRM3-D065631,European,1248069.0,1248069.0,1.0
CHRM4-D011618,East Asian,81708.0,1512703.0,0.05401456862318644
CHRM4-D011618,European,1426806.0,1512703.0,0.9432162162698163
CHRM4-D011618,Other,1097.0,1512703.0,0.0007251919246540795
CHRM4-D011618,South Asian,3092.0,1512703.0,0.00204402318234313
CHRM4-D012559,East Asian,81708.0,1512703.0,0.05401456862318644
CHRM4-D012559,European,1426806.0,1512703.0,0.9432162162698163
CHRM4-D012559,Other,1097.0,1512703.0,0.0007251919246540795
CHRM4-D012559,South Asian,3092.0,1512703.0,0.00204402318234313
CHRNA3-D014029,European,40386.0,40386.0,1.0
CHRNA4-D014029,African,11787.0,114397.0,0.10303591877409372
CHRNA4-D014029,European,102610.0,114397.0,0.8969640812259063
CHRNB4-D006973,European,331204.0,331204.0,1.0
COL4A1-D015179,East Asian,167691.0,730660.0,0.22950619987408644
COL4A1-D015179,European,562969.0,730660.0,0.7704938001259135
CRHR1-D000072861,European,2466832.0,2466832.0,1.0
CRHR1-D001008,European,2466832.0,2466832.0,1.0
CRP-D007249,African,20763.5,2029367.0,0.010231515541545713
CRP-D007249,East Asian,212220.5,2029367.0,0.104574726996152
CRP-D007249,European,1745804.0,2029367.0,0.8602702221924373
CRP-D007249,Hispanic/Latin American,38215.5,2029367.0,0.018831241465934945
CRP-D007249,Native American,1113.0,2029367.0,0.0005484468802340828
CRP-D007249,Oceanian,2403.0,2029367.0,0.0011841130756536397
CRP-D007249,Other Asian,1531.5,2029367.0,0.0007546688203760089
CRP-D007249,South Asian,7316.0,2029367.0,0.0036050650276662623
CSF2-D001172,East Asian,47926.0,47926.0,1.0
CSF2-D001249,African,8204.0,1610256.0,0.005094842062380143
CSF2-D001249,East Asian,5215.0,1610256.0,0.0032386154748064904
CSF2-D001249,European,1595439.0,1610256.0,0.990798357528244
CSF2-D001249,Hispanic/Latin American,1398.0,1610256.0,0.0008681849345694101
CSF2-D029424,African,8204.0,1610256.0,0.005094842062380143
CSF2-D029424,East Asian,5215.0,1610256.0,0.0032386154748064904
CSF2-D029424,European,1595439.0,1610256.0,0.990798357528244
CSF2-D029424,Hispanic/Latin American,1398.0,1610256.0,0.0008681849345694101
CSF3-D007249,European,21758.0,21758.0,1.0
CSF3-D009503,African,7391.0,2148181.0,0.003440585313807356
CSF3-D009503,East Asian,241097.0,2148181.0,0.11223309395251145
CSF3-D009503,European,1899693.0,2148181.0,0.8843263207336812
CSF3R-D007970,African,149333.4,3390979.9999999995,0.044038419571923164
CSF3R-D007970,East Asian,411652.4,3390979.9999999995,0.12139629251720743
CSF3R-D007970,European,2531327.4,3390979.9999999995,0.7464884487670231
CSF3R-D007970,Hispanic/Latin American,149333.4,3390979.9999999995,0.044038419571923164
CSF3R-D007970,South Asian,149333.4,3390979.9999999995,0.044038419571923164
CSF3R-D009503,African,125443.0,2936709.0,0.04271550228504084
CSF3R-D009503,East Asian,208253.0,2936709.0,0.07091373370667642
CSF3R-D009503,European,2352127.0,2936709.0,0.8009397594382011
CSF3R-D009503,Hispanic/Latin American,125443.0,2936709.0,0.04271550228504084
CSF3R-D009503,South Asian,125443.0,2936709.0,0.04271550228504084
CTLA4-D001172,African,2308.0,710577.0,0.0032480646010214233
CTLA4-D001172,East Asian,320599.0,710577.0,0.4511812231468229
CTLA4-D001172,European,384927.0,710577.0,0.5417104690976489
CTLA4-D001172,Other,2743.0,710577.0,0.0038602431545068303
CTLA4-D008180,East Asian,12653.0,25268.0,0.5007519392116511
CTLA4-D008180,European,12615.0,25268.0,0.4992480607883489
CTNNB1-D015179,African,6597.0,308931.0,0.021354282995231944
CTNNB1-D015179,East Asian,36324.0,308931.0,0.11757965370908068
CTNNB1-D015179,European,260069.0,308931.0,0.8418352318155187
CTNNB1-D015179,Hispanic/Latin American,5941.0,308931.0,0.01923083148016871
CTSS-D050197,East Asian,221841.5,392241.0,0.5655744809951025
CTSS-D050197,European,170399.5,392241.0,0.4344255190048975
CXCR2-D003093,European,48950.0,48950.0,1.0
CXCR4-D001778,African,147564.6,1803572.0,0.08181797011707878
CXCR4-D001778,East Asian,300579.6,1803572.0,0.16665794323708727
CXCR4-D001778,European,1060298.6,1803572.0,0.5878881464116764
CXCR4-D001778,Hispanic/Latin American,147564.6,1803572.0,0.08181797011707878
CXCR4-D001778,South Asian,147564.6,1803572.0,0.08181797011707878
CXCR4-D009503,African,13476.0,13476.0,1.0
CYP11B1-D006973,African,10174.0,4505767.0,0.0022579951426693833
CYP11B1-D006973,East Asian,1410830.0,4505767.0,0.3131165015856346
CYP11B1-D006973,European,3062831.0,4505767.0,0.6797579635165334
CYP11B1-D006973,Hispanic/Latin American,16462.0,4505767.0,0.003653540007727874
CYP11B1-D006973,South Asian,5470.0,4505767.0,0.0012139997474347876
CYP11B2-D006973,African,73664.0,6700664.0,0.010993537356894779
CYP11B2-D006973,East Asian,2001500.0,6700664.0,0.2987017406036178
CYP11B2-D006973,European,4573279.0,6700664.0,0.6825113152965139
CYP11B2-D006973,Hispanic/Latin American,39264.0,6700664.0,0.0058597177831928296
CYP11B2-D006973,Native American,2695.0,6700664.0,0.0004021989462536847
CYP11B2-D006973,Other Asian,4792.0,6700664.0,0.0007151530057319692
CYP11B2-D006973,South Asian,5470.0,6700664.0,0.0008163370077950483
CYP19A1-D001943,European,372512.0,372512.0,1.0
CYP24A1-D011471,African,21354.0,374507.0,0.05701896092729909
CYP24A1-D011471,East Asian,27420.0,374507.0,0.07321625496986706
CYP24A1-D011471,European,317780.0,374507.0,0.848528865949101
CYP24A1-D011471,Hispanic/Latin American,7953.0,374507.0,0.021235918153732773
CYP2A6-D014029,African,11787.0,89854.0,0.1311794689162419
CYP2A6-D014029,European,78067.0,89854.0,0.8688205310837581
CYP7A1-D042882,East Asian,525229.0,2248045.0,0.23363811667471068
CYP7A1-D042882,European,1722816.0,2248045.0,0.7663618833252893
DGAT1-D003920,African,4847.0,1192071.0,0.004066032979579236
DGAT1-D003920,East Asian,71221.0,1192071.0,0.059745602401199256
DGAT1-D003920,European,1109108.0,1192071.0,0.9304043131659104
DGAT1-D003920,South Asian,6895.0,1192071.0,0.005784051453311087
DGAT1-D003924,African,56092.0,3419870.0,0.016401793050613036
DGAT1-D003924,East Asian,108143.5,3419870.0,0.03162210844271858
DGAT1-D003924,European,3127046.0,3419870.0,0.9143756926432877
DGAT1-D003924,Hispanic/Latin American,20445.0,3419870.0,0.005978297420662189
DGAT1-D003924,South Asian,108143.5,3419870.0,0.03162210844271858
DGAT2-D006949,African,68896.0,2686982.0,0.02564066301895584
DGAT2-D006949,East Asian,135808.0,2686982.0,0.050542951162307746
DGAT2-D006949,European,2443517.0,2686982.0,0.9093909077172828
DGAT2-D006949,Hispanic/Latin American,24743.0,2686982.0,0.00920847255396575
DGAT2-D006949,South Asian,14018.0,2686982.0,0.0052170055474878504
DNMT3A-D058186,European,875240.0,875240.0,1.0
DNMT3B-D058186,East Asian,150266.0,494370.0,0.30395452798511235
DNMT3B-D058186,European,344104.0,494370.0,0.6960454720148876
DPEP1-D058186,East Asian,150266.0,932030.0,0.1612244241065202
DPEP1-D058186,European,781764.0,932030.0,0.8387755758934798
DPP4-D001172,East Asian,6580.0,6580.0,1.0
DPP4-D009765,European,915822.0,915822.0,1.0
DRD2-D000437,African,56648.0,588350.0,0.09628282484915442
DRD2-D000437,East Asian,1374.0,588350.0,0.002335344607801479
DRD2-D000437,European,515963.0,588350.0,0.8769660916121357
DRD2-D000437,Hispanic/Latin American,14175.0,588350.0,0.024092801903628794
DRD2-D000437,South Asian,190.0,588350.0,0.00032293702727968044
DRD2-D001008,European,3484554.0,3484554.0,1.0
DRD2-D001714,European,1502682.0,1502682.0,1.0
DRD2-D003863,European,5482737.0,5482737.0,1.0
DRD2-D003865,European,2030563.0,2030563.0,1.0
DRD2-D005764,European,602604.0,602604.0,1.0
DRD2-D011618,East Asian,145067.0,1803222.0,0.08044877447147383
DRD2-D011618,European,1653966.0,1803222.0,0.9172281615907526
DRD2-D011618,Other,1097.0,1803222.0,0.0006083554881207083
DRD2-D011618,South Asian,3092.0,1803222.0,0.001714708449652899
DRD2-D012559,East Asian,145067.0,1803222.0,0.08044877447147383
DRD2-D012559,European,1653966.0,1803222.0,0.9172281615907526
DRD2-D012559,Other,1097.0,1803222.0,0.0006083554881207083
DRD2-D012559,South Asian,3092.0,1803222.0,0.001714708449652899
DYRK3-D000740,African,265401.4,4540567.0,0.05845115819235792
DYRK3-D000740,East Asian,395233.4,4540567.0,0.08704494394642784
DYRK3-D000740,European,3349129.4,4540567.0,0.7376015814764983
DYRK3-D000740,Hispanic/Latin American,265401.4,4540567.0,0.05845115819235792
DYRK3-D000740,South Asian,265401.4,4540567.0,0.05845115819235792
EDNRA-D006973,African,63490.0,3605987.0,0.017606829974705956
EDNRA-D006973,East Asian,145445.0,3605987.0,0.04033431068941735
EDNRA-D006973,European,3366763.0,3605987.0,0.9336592172961244
EDNRA-D006973,Hispanic/Latin American,22802.0,3605987.0,0.006323372768676093
EDNRA-D006973,Native American,2695.0,3605987.0,0.0007473681962802417
EDNRA-D006973,Other Asian,4792.0,3605987.0,0.001328901074795888
EDNRB-D005770,European,92967.0,92967.0,1.0
EGFR-D005909,European,140201.0,140201.0,1.0
EGFR-D007676,European,437580.0,437580.0,1.0
EGFR-D008527,European,140201.0,140201.0,1.0
EGFR-D018242,European,88186.0,88186.0,1.0
EGLN1-D000740,African,139376.4,2794103.9999999995,0.049882323635770186
EGLN1-D000740,East Asian,139376.4,2794103.9999999995,0.049882323635770186
EGLN1-D000740,European,2236598.4,2794103.9999999995,0.8004707054569193
EGLN1-D000740,Hispanic/Latin American,139376.4,2794103.9999999995,0.049882323635770186
EGLN1-D000740,South Asian,139376.4,2794103.9999999995,0.049882323635770186
EGLN2-D000740,European,1144983.0,1144983.0,1.0
EGLN3-D000740,African,149286.2,2221410.0,0.06720335282545771
EGLN3-D000740,East Asian,301733.2,2221410.0,0.1358295857135783
EGLN3-D000740,European,1471818.2,2221410.0,0.6625603558100486
EGLN3-D000740,Hispanic/Latin American,149286.2,2221410.0,0.06720335282545771
EGLN3-D000740,South Asian,149286.2,2221410.0,0.06720335282545771
ENPEP-D006333,East Asian,391179.0,1854662.0,0.2109165982804414
ENPEP-D006333,European,1463483.0,1854662.0,0.7890834017195586
ENPP1-D017674,East Asian,42793.0,42793.0,1.0
EPAS1-D007680,European,97307.0,97307.0,1.0
EPOR-D000740,European,3177290.0,3177290.0,1.0
ERBB3-D010051,European,113238.0,113238.0,1.0
ERBB4-D001943,East Asian,91769.0,777730.0,0.1179959626091317
ERBB4-D001943,European,685961.0,777730.0,0.8820040373908683
ESR1-D001943,African,3748.0,2403181.0,0.0015595995474331728
ESR1-D001943,East Asian,500923.0,2403181.0,0.2084416446368376
ESR1-D001943,European,1862438.0,2403181.0,0.7749886504595368
ESR1-D001943,Hispanic/Latin American,12788.0,2403181.0,0.005321280419577219
ESR1-D001943,Other Asian,23284.0,2403181.0,0.009688824936615261
ESR1-D004700,European,1887713.0,1887713.0,1.0
ESR1-D006177,African,3748.0,2403181.0,0.0015595995474331728
ESR1-D006177,East Asian,500923.0,2403181.0,0.2084416446368376
ESR1-D006177,European,1862438.0,2403181.0,0.7749886504595368
ESR1-D006177,Hispanic/Latin American,12788.0,2403181.0,0.005321280419577219
ESR1-D006177,Other Asian,23284.0,2403181.0,0.009688824936615261
ESR1-D009369,European,475312.0,475312.0,1.0
ESR1-D010024,African,1555.0,339099.0,0.004585681467653989
ESR1-D010024,East Asian,28002.5,339099.0,0.08257912880899089
ESR1-D010024,European,308687.5,339099.0,0.9103167511552673
ESR1-D010024,Hispanic/Latin American,854.0,339099.0,0.0025184385680877856
F10-D001778,East Asian,58110.0,60210.0,0.9651220727453911
F10-D001778,European,2100.0,60210.0,0.03487792725460887
F10-D006467,European,23026.0,23026.0,1.0
F11-D001778,East Asian,37767.0,49618.0,0.7611552259260752
F11-D001778,European,11851.0,49618.0,0.2388447740739248
F11-D005173,European,18214.0,18214.0,1.0
F11-D013927,European,258962.0,258962.0,1.0
F11-D020246,European,258962.0,258962.0,1.0
F7-D005168,European,23912.0,23912.0,1.0
F7-D006467,European,23912.0,23912.0,1.0
FAP-D009503,African,125443.0,2431063.0,0.05160006137232972
FAP-D009503,East Asian,208253.0,2431063.0,0.08566334973630876
FAP-D009503,European,1846481.0,2431063.0,0.7595364661467021
FAP-D009503,Hispanic/Latin American,125443.0,2431063.0,0.05160006137232972
FAP-D009503,South Asian,125443.0,2431063.0,0.05160006137232972
FBP1-D003924,European,1114458.0,1114458.0,1.0
FCGR2A-D014657,East Asian,2540.0,20012.0,0.12692384569258444
FCGR2A-D014657,European,17067.0,20012.0,0.8528382970217869
FCGR2A-D014657,Other,405.0,20012.0,0.020237857285628623
FCGR2B-D008180,East Asian,208370.0,208370.0,1.0
FCGR2B-D016553,European,953315.0,953315.0,1.0
FCGR3A-D016553,African,145524.8,900576.0,0.16159080410759336
FCGR3A-D016553,East Asian,145524.8,900576.0,0.16159080410759336
FCGR3A-D016553,European,318476.8,900576.0,0.3536367835696265
FCGR3A-D016553,Hispanic/Latin American,145524.8,900576.0,0.16159080410759336
FCGR3A-D016553,South Asian,145524.8,900576.0,0.16159080410759336
FCGRT-D013921,East Asian,304220.0,2147706.0,0.14164881040514857
FCGRT-D013921,European,1843486.0,2147706.0,0.8583511895948515
FCGRT-D016553,East Asian,304220.0,1702840.0,0.17865448309882315
FCGRT-D016553,European,1398620.0,1702840.0,0.8213455169011769
FDFT1-D006949,African,80281.0,2532073.0,0.031705641977936655
FDFT1-D006949,East Asian,8287.0,2532073.0,0.0032728124347125853
FDFT1-D006949,European,2375880.0,2532073.0,0.938314179725466
FDFT1-D006949,Hispanic/Latin American,29827.0,2532073.0,0.011779676178372424
FDFT1-D006949,South Asian,37798.0,2532073.0,0.014927689683512284
FGF21-D015228,African,63346.0,2312104.0,0.0273975565112988
FGF21-D015228,East Asian,111667.0,2312104.0,0.04829670291647781
FGF21-D015228,European,2105018.0,2312104.0,0.910433959718075
FGF21-D015228,Hispanic/Latin American,24743.0,2312104.0,0.010701508236653714
FGF21-D015228,South Asian,7330.0,2312104.0,0.0031702726174947147
FGFR1-D003924,East Asian,433540.0,433540.0,1.0
FGFR1-D009765,European,2180412.0,2180412.0,1.0
FGFR2-D001943,East Asian,171298.0,1639474.0,0.10448351117492562
FGFR2-D001943,European,1455638.0,1639474.0,0.8878689140541417
FGFR2-D001943,Other,896.0,1639474.0,0.0005465167486645107
FGFR2-D001943,Other Asian,11642.0,1639474.0,0.007101058022268117
FGFR2-D009369,European,1349125.0,1349125.0,1.0
FGFR2-D011471,African,24835.0,1038720.0,0.023909234442390636
FGFR2-D011471,East Asian,349887.0,1038720.0,0.3368443853974122
FGFR2-D011471,European,650295.0,1038720.0,0.6260541820702403
FGFR2-D011471,Hispanic/Latin American,13385.0,1038720.0,0.012886052064078866
FGFR2-D011471,Other,129.0,1038720.0,0.0001241913123844732
FGFR2-D011471,Other Asian,189.0,1038720.0,0.0001819547134935305
FGFR2-D013736,African,24835.0,1038720.0,0.023909234442390636
FGFR2-D013736,East Asian,349887.0,1038720.0,0.3368443853974122
FGFR2-D013736,European,650295.0,1038720.0,0.6260541820702403
FGFR2-D013736,Hispanic/Latin American,13385.0,1038720.0,0.012886052064078866
FGFR2-D013736,Other,129.0,1038720.0,0.0001241913123844732
FGFR2-D013736,Other Asian,189.0,1038720.0,0.0001819547134935305
FGFR3-D001249,European,770052.0,770052.0,1.0
FGFR4-D003924,East Asian,1299142.5,1897375.0,0.6847051847947823
FGFR4-D003924,European,490089.0,1897375.0,0.258298438632321
FGFR4-D003924,South Asian,108143.5,1897375.0,0.056996376572896766
FGFR4-D007890,East Asian,80208.0,338926.0,0.23665342877206233
FGFR4-D007890,European,258718.0,338926.0,0.7633465712279377
FGFR4-D009765,East Asian,165419.0,1552241.0,0.10656785898581471
FGFR4-D009765,European,1386822.0,1552241.0,0.8934321410141853
FGFR4-D012208,East Asian,80208.0,338926.0,0.23665342877206233
FGFR4-D012208,European,258718.0,338926.0,0.7633465712279377
FLT1-D009216,European,743054.0,743054.0,1.0
FLT3-D013921,European,1395805.0,1395805.0,1.0
FLT3-D013922,European,1395805.0,1395805.0,1.0
FLT4-D006258,East Asian,930.0,930.0,1.0
FLT4-D009303,East Asian,930.0,930.0,1.0
FSHR-D010051,East Asian,21059.0,21059.0,1.0
FYN-D010300,East Asian,35084.0,3435542.0,0.010212071341290544
FYN-D010300,European,3400458.0,3435542.0,0.9897879286587095
GABRA2-D004827,African,2645.0,33446.0,0.07908270047240328
GABRA2-D004827,East Asian,2875.0,33446.0,0.08595945703522095
GABRA2-D004827,European,27926.0,33446.0,0.8349578424923758
GABRA2-D004829,African,2645.0,33446.0,0.07908270047240328
GABRA2-D004829,East Asian,2875.0,33446.0,0.08595945703522095
GABRA2-D004829,European,27926.0,33446.0,0.8349578424923758
GATA3-D001249,East Asian,209808.0,4020869.0,0.05217976512042546
GATA3-D001249,European,3811061.0,4020869.0,0.9478202348795746
GATA3-D003876,East Asian,113101.0,674554.0,0.16766782199794233
GATA3-D003876,European,561453.0,674554.0,0.8323321780020576
GATA3-D029424,East Asian,209808.0,4020869.0,0.05217976512042546
GATA3-D029424,European,3811061.0,4020869.0,0.9478202348795746
GCH1-D010300,European,2774865.0,2774865.0,1.0
GCK-D003920,African,5406.0,1742021.0,0.00310329209578989
GCK-D003920,East Asian,283891.0,1742021.0,0.16296646251681238
GCK-D003920,European,1405710.0,1742021.0,0.8069420517892724
GCK-D003920,Hispanic/Latin American,40069.0,1742021.0,0.02300144487351186
GCK-D003920,Native American,4.0,1742021.0,2.2961835706917426e-06
GCK-D003920,Other Asian,46.0,1742021.0,2.640611106295504e-05
GCK-D003920,South Asian,6895.0,1742021.0,0.003958046429979891
GCK-D003924,African,112184.0,6331610.0,0.01771808434189724
GCK-D003924,East Asian,1407286.0,6331610.0,0.22226353170836485
GCK-D003924,European,4571758.0,6331610.0,0.7220530007375692
GCK-D003924,Hispanic/Latin American,20445.0,6331610.0,0.0032290365325722842
GCK-D003924,South Asian,219937.0,6331610.0,0.0347363466795965
GDF15-D003920,East Asian,71221.0,415403.0,0.17145037469637917
GDF15-D003920,European,344182.0,415403.0,0.8285496253036209
GFRAL-D009765,African,27610.0,1639096.0,0.016844650953940464
GFRAL-D009765,East Asian,8839.0,1639096.0,0.005392606656352038
GFRAL-D009765,European,1562477.0,1639096.0,0.9532553309873247
GFRAL-D009765,Hispanic/Latin American,10772.0,1639096.0,0.0065719152508455884
GFRAL-D009765,South Asian,29398.0,1639096.0,0.017935496151537188
GHR-D009765,East Asian,165419.0,712360.0,0.23221264529170643
GHR-D009765,European,546941.0,712360.0,0.7677873547082935
GIPR-D003924,African,94413.75,4716209.0,0.020018991948830087
GIPR-D003924,East Asian,674768.75,4716209.0,0.14307439513388825
GIPR-D003924,European,3587902.0,4716209.0,0.7607597542856985
GIPR-D003924,Hispanic/Latin American,58766.75,4716209.0,0.012460590699012702
GIPR-D003924,South Asian,300357.75,4716209.0,0.06368626793257041
GIPR-D009765,African,103806.0,9461956.0,0.010970881707756832
GIPR-D009765,East Asian,1129830.5,9461956.0,0.11940771020283755
GIPR-D009765,European,8101030.0,9461956.0,0.8561686399725384
GIPR-D009765,Hispanic/Latin American,46418.0,9461956.0,0.0049057509884848334
GIPR-D009765,Native American,535.0,9461956.0,5.65422202343786e-05
GIPR-D009765,Oceanian,11233.0,9461956.0,0.0011871752521360277
GIPR-D009765,Other Asian,14630.0,9461956.0,0.0015461919290260914
GIPR-D009765,South Asian,54473.5,9461956.0,0.005757107726985837
GLP1R-D003920,European,437749.0,437749.0,1.0
GLP1R-D003924,African,56092.0,3067925.0,0.018283367422606486
GLP1R-D003924,East Asian,1299142.5,3067925.0,0.42345966736474977
GLP1R-D003924,European,1604547.0,3067925.0,0.5230072443100793
GLP1R-D003924,South Asian,108143.5,3067925.0,0.03524972090256444
GLP1R-D009765,East Asian,163835.0,523818.0,0.31277084788991594
GLP1R-D009765,European,359983.0,523818.0,0.6872291521100841
GLP1R-D051437,European,437660.0,437660.0,1.0
GLP2R-D003924,African,56092.0,3632617.0,0.015441209464141141
GLP2R-D003924,East Asian,108143.5,3632617.0,0.029770135414771224
GLP2R-D003924,European,3339793.0,3632617.0,0.9193903458580962
GLP2R-D003924,Hispanic/Latin American,20445.0,3632617.0,0.005628173848220167
GLP2R-D003924,South Asian,108143.5,3632617.0,0.029770135414771224
GNRH1-D004715,East Asian,82761.0,314532.0,0.2631242608065316
GNRH1-D004715,European,231771.0,314532.0,0.7368757391934684
GNRH1-D007889,East Asian,160416.0,419134.0,0.3827320141052742
GNRH1-D007889,European,258718.0,419134.0,0.6172679858947258
GP6-D013927,African,1453.0,10841.0,0.13402822617839683
GP6-D013927,European,9388.0,10841.0,0.8659717738216032
GRIA1-D012559,East Asian,139848.0,478426.0,0.2923085283826548
GRIA1-D012559,European,334389.0,478426.0,0.6989356765727616
GRIA1-D012559,Other,1097.0,478426.0,0.0022929355846045157
GRIA1-D012559,South Asian,3092.0,478426.0,0.006462859459979182
GRIA1-D012893,European,1331010.0,1331010.0,1.0
GRIN2B-D000544,European,305.0,305.0,1.0
GRM3-D001008,European,2301654.0,2301654.0,1.0
GRM3-D011618,East Asian,145067.0,1803222.0,0.08044877447147383
GRM3-D011618,European,1653966.0,1803222.0,0.9172281615907526
GRM3-D011618,Other,1097.0,1803222.0,0.0006083554881207083
GRM3-D011618,South Asian,3092.0,1803222.0,0.001714708449652899
GRM3-D012559,East Asian,145067.0,1803222.0,0.08044877447147383
GRM3-D012559,European,1653966.0,1803222.0,0.9172281615907526
GRM3-D012559,Other,1097.0,1803222.0,0.0006083554881207083
GRM3-D012559,South Asian,3092.0,1803222.0,0.001714708449652899
GRM5-D001008,European,2949938.0,2949938.0,1.0
GRM5-D003865,European,1654466.0,1654466.0,1.0
GRM5-D009771,European,2949938.0,2949938.0,1.0
GRN-D057180,European,4611.0,4611.0,1.0
GUCY1A1-D050197,African,3139.0,1637356.0,0.0019171151539433087
GUCY1A1-D050197,East Asian,401392.5,1637356.0,0.24514674878279372
GUCY1A1-D050197,European,1200904.5,1637356.0,0.7334412919365123
GUCY1A1-D050197,Hispanic/Latin American,4095.0,1637356.0,0.0025009832925765685
GUCY1A1-D050197,Middle Eastern,2268.0,1637356.0,0.0013851599774270225
GUCY1A1-D050197,South Asian,25557.0,1637356.0,0.015608700856747097
GUCY1B1-D050197,African,3139.0,1805584.0,0.0017384956889294543
GUCY1B1-D050197,East Asian,569620.5,1805584.0,0.3154771530983881
GUCY1B1-D050197,European,1200904.5,1805584.0,0.6651058604861363
GUCY1B1-D050197,Hispanic/Latin American,4095.0,1805584.0,0.002267964270839795
GUCY1B1-D050197,Middle Eastern,2268.0,1805584.0,0.0012561032884651172
GUCY1B1-D050197,South Asian,25557.0,1805584.0,0.01415442316724118
HAMP-D000740,African,252046.8,6779966.999999999,0.037175225189149154
HAMP-D000740,East Asian,252046.8,6779966.999999999,0.037175225189149154
HAMP-D000740,European,5771779.8,6779966.999999999,0.8512990992434035
HAMP-D000740,Hispanic/Latin American,252046.8,6779966.999999999,0.037175225189149154
HAMP-D000740,South Asian,252046.8,6779966.999999999,0.037175225189149154
HBG1-D000755,South Asian,792.0,792.0,1.0
HBG1-D013789,South Asian,792.0,792.0,1.0
HBG2-D013789,African,213.0,1005.0,0.21194029850746268
HBG2-D013789,South Asian,792.0,1005.0,0.7880597014925373
HCAR2-D006937,African,5550.0,1925583.0,0.002882243974941615
HCAR2-D006937,European,1913351.0,1925583.0,0.9936476381438765
HCAR2-D006937,South Asian,6682.0,1925583.0,0.003470117881181959
HCAR2-D006949,African,5550.0,1925583.0,0.002882243974941615
HCAR2-D006949,European,1913351.0,1925583.0,0.9936476381438765
HCAR2-D006949,South Asian,6682.0,1925583.0,0.003470117881181959
HCAR3-D006937,African,5550.0,1925583.0,0.002882243974941615
HCAR3-D006937,European,1913351.0,1925583.0,0.9936476381438765
HCAR3-D006937,South Asian,6682.0,1925583.0,0.003470117881181959
HCAR3-D006949,African,5550.0,1925583.0,0.002882243974941615
HCAR3-D006949,European,1913351.0,1925583.0,0.9936476381438765
HCAR3-D006949,South Asian,6682.0,1925583.0,0.003470117881181959
HCN4-D001281,African,8967.0,2401766.0,0.003733502764215998
HCN4-D001281,East Asian,196482.0,2401766.0,0.0818073034592046
HCN4-D001281,European,2191295.0,2401766.0,0.9123682323756769
HCN4-D001281,Hispanic/Latin American,5022.0,2401766.0,0.0020909614009025027
HCRTR1-D007319,European,993966.0,993966.0,1.0
HCRTR1-D012893,European,993966.0,993966.0,1.0
HCRTR1-D029424,European,741898.0,741898.0,1.0
HCRTR2-D007319,European,2771594.0,2771594.0,1.0
HCRTR2-D009290,European,2771594.0,2771594.0,1.0
HCRTR2-D012893,European,2771594.0,2771594.0,1.0
HLA-DRB1-D001172,African,2308.0,165231.0,0.013968323135489104
HLA-DRB1-D001172,East Asian,22514.0,165231.0,0.13625772403483608
HLA-DRB1-D001172,European,140409.0,165231.0,0.8497739528296748
HLA-G-D002289,European,66756.0,66756.0,1.0
HLA-G-D015179,East Asian,70506.0,70506.0,1.0
HMGCR-D006937,African,93780.0,4679979.0,0.02003855145503858
HMGCR-D006937,East Asian,728061.5,4679979.0,0.15556939464899308
HMGCR-D006937,European,3771818.0,4679979.0,0.805947633525706
HMGCR-D006937,Hispanic/Latin American,56986.0,4679979.0,0.012176550364862749
HMGCR-D006937,Native American,604.0,4679979.0,0.00012906040817704524
HMGCR-D006937,Oceanian,4261.0,4679979.0,0.0009104741709311089
HMGCR-D006937,Other Asian,14364.5,4679979.0,0.003069351379568156
HMGCR-D006937,South Asian,10104.0,4679979.0,0.0021589840467232868
HMGCR-D006949,African,93780.0,4679979.0,0.02003855145503858
HMGCR-D006949,East Asian,728061.5,4679979.0,0.15556939464899308
HMGCR-D006949,European,3771818.0,4679979.0,0.805947633525706
HMGCR-D006949,Hispanic/Latin American,56986.0,4679979.0,0.012176550364862749
HMGCR-D006949,Native American,604.0,4679979.0,0.00012906040817704524
HMGCR-D006949,Oceanian,4261.0,4679979.0,0.0009104741709311089
HMGCR-D006949,Other Asian,14364.5,4679979.0,0.003069351379568156
HMGCR-D006949,South Asian,10104.0,4679979.0,0.0021589840467232868
HMGCR-D050171,African,93780.0,4679979.0,0.02003855145503858
HMGCR-D050171,East Asian,728061.5,4679979.0,0.15556939464899308
HMGCR-D050171,European,3771818.0,4679979.0,0.805947633525706
HMGCR-D050171,Hispanic/Latin American,56986.0,4679979.0,0.012176550364862749
HMGCR-D050171,Native American,604.0,4679979.0,0.00012906040817704524
HMGCR-D050171,Oceanian,4261.0,4679979.0,0.0009104741709311089
HMGCR-D050171,Other Asian,14364.5,4679979.0,0.003069351379568156
HMGCR-D050171,South Asian,10104.0,4679979.0,0.0021589840467232868
HRH4-D001249,European,1143950.0,1143950.0,1.0
HRH4-D029424,European,1143950.0,1143950.0,1.0
HRH4-D065631,European,1143950.0,1143950.0,1.0
HSD11B1-D009765,European,2180412.0,2180412.0,1.0
HTR1A-D007319,European,993966.0,993966.0,1.0
HTR1A-D009765,European,2925095.0,2925095.0,1.0
HTR6-D001714,European,475038.0,475038.0,1.0
ICOSLG-D001172,East Asian,253008.0,311292.0,0.8127674337920666
ICOSLG-D001172,European,58284.0,311292.0,0.18723256620793338
ICOSLG-D012859,East Asian,253008.0,311292.0,0.8127674337920666
ICOSLG-D012859,European,58284.0,311292.0,0.18723256620793338
ICOSLG-D015535,East Asian,3117.0,25764.0,0.12098276665114113
ICOSLG-D015535,European,22647.0,25764.0,0.8790172333488588
IFNAR2-D000086382,European,9726412.0,10046516.0,0.9681378101622493
IFNAR2-D000086382,Hispanic/Latin American,160052.0,10046516.0,0.01593109491887536
IFNAR2-D000086382,South Asian,160052.0,10046516.0,0.01593109491887536
IFNG-D003424,East Asian,195494.0,1436463.0,0.1360940031173793
IFNG-D003424,European,1233031.0,1436463.0,0.8583799234647882
IFNG-D003424,Middle Eastern,2122.0,1436463.0,0.0014772395808315285
IFNG-D003424,South Asian,5816.0,1436463.0,0.004048833837001022
IFNG-D011565,European,33394.0,33394.0,1.0
IFNGR1-D013922,European,542827.0,542827.0,1.0
IGF1-D024821,European,285376.0,285376.0,1.0
IGF2-D011471,African,29082.0,1859531.0,0.015639427360985107
IGF2-D011471,East Asian,125480.0,1859531.0,0.06747938055348365
IGF2-D011471,European,1681560.0,1859531.0,0.9042925339776535
IGF2-D011471,Hispanic/Latin American,15681.0,1859531.0,0.00843277148915506
IGF2-D011471,Oceanian,7728.0,1859531.0,0.004155886618722678
IKBKB-D009101,European,31416.0,31416.0,1.0
IL10-D003093,East Asian,195494.0,1500390.0,0.13029545651463953
IL10-D003093,European,1296958.0,1500390.0,0.8644139190477143
IL10-D003093,Middle Eastern,2122.0,1500390.0,0.0014142989489399423
IL10-D003093,South Asian,5816.0,1500390.0,0.00387632548870627
IL10-D008180,African,5422.0,61299.0,0.08845168762948824
IL10-D008180,European,51989.0,61299.0,0.8481215027977618
IL10-D008180,Hispanic/Latin American,3888.0,61299.0,0.06342680957274996
IL12A-D013921,European,950939.0,950939.0,1.0
IL12B-D001327,European,459000.0,459000.0,1.0
IL12B-D003093,East Asian,16805.0,357394.0,0.04702093487859337
IL12B-D003093,European,332651.0,357394.0,0.930768283742872
IL12B-D003093,Middle Eastern,2122.0,357394.0,0.005937424802878615
IL12B-D003093,South Asian,5816.0,357394.0,0.016273356575655998
IL12B-D003424,East Asian,16805.0,357394.0,0.04702093487859337
IL12B-D003424,European,332651.0,357394.0,0.930768283742872
IL12B-D003424,Middle Eastern,2122.0,357394.0,0.005937424802878615
IL12B-D003424,South Asian,5816.0,357394.0,0.016273356575655998
IL12B-D008105,East Asian,31288.0,87086.0,0.3592770364926624
IL12B-D008105,European,55798.0,87086.0,0.6407229635073376
IL12B-D011565,East Asian,203264.0,1147278.0,0.17717065959601772
IL12B-D011565,European,944014.0,1147278.0,0.8228293404039823
IL12B-D012507,African,1657.0,16715.0,0.09913251570445708
IL12B-D012507,European,15058.0,16715.0,0.900867484295543
IL12B-D013167,European,51484.0,51484.0,1.0
IL12B-D013625,East Asian,965.0,9258.0,0.10423417584791532
IL12B-D013625,European,2938.0,9258.0,0.31734715921365303
IL12B-D013625,Other,4808.0,9258.0,0.5193346295096133
IL12B-D013625,South Asian,547.0,9258.0,0.05908403542881832
IL12B-D013921,European,542827.0,542827.0,1.0
IL12B-D015535,East Asian,203264.0,1165674.0,0.1743746536338633
IL12B-D015535,European,962410.0,1165674.0,0.8256253463661367
IL12RB2-D001172,East Asian,26421.0,84705.0,0.31191783247742166
IL12RB2-D001172,European,58284.0,84705.0,0.6880821675225783
IL12RB2-D003424,East Asian,16805.0,287351.0,0.05848248309558693
IL12RB2-D003424,European,262608.0,287351.0,0.9138927652940132
IL12RB2-D003424,Middle Eastern,2122.0,287351.0,0.00738469676458408
IL12RB2-D003424,South Asian,5816.0,287351.0,0.020240054845815744
IL13-D001249,African,21416.0,5482421.0,0.003906303437842516
IL13-D001249,East Asian,367541.0,5482421.0,0.06703990809899495
IL13-D001249,European,5085285.0,5482421.0,0.9275619293009421
IL13-D001249,Hispanic/Latin American,8179.0,5482421.0,0.001491859162220486
IL13-D003876,African,2554.0,3669845.0,0.0006959421991936989
IL13-D003876,East Asian,786256.0,3669845.0,0.21424774070839503
IL13-D003876,European,2879143.0,3669845.0,0.78454076398322
IL13-D003876,Hispanic/Latin American,1892.0,3669845.0,0.0005155531091912602
IL13-D006689,European,22985.0,22985.0,1.0
IL13-D011565,East Asian,15437.0,384277.0,0.04017154292346407
IL13-D011565,European,368840.0,384277.0,0.959828457076536
IL13-D029424,African,16408.0,5434593.0,0.003019177333058796
IL13-D029424,East Asian,367541.0,5434593.0,0.06762990347207233
IL13-D029424,European,5046450.0,5434593.0,0.9285791962709995
IL13-D029424,Hispanic/Latin American,4194.0,5434593.0,0.0007717229238693679
IL13-D057765,African,5008.0,1360045.0,0.0036822311026473388
IL13-D057765,East Asian,242029.0,1360045.0,0.17795661172975893
IL13-D057765,European,1109023.0,1360045.0,0.8154311070589576
IL13-D057765,Hispanic/Latin American,3985.0,1360045.0,0.0029300501086361114
IL17RB-D001249,European,1141950.0,1141950.0,1.0
IL18-D007249,European,27352.0,27352.0,1.0
IL18R1-D007249,European,436939.0,436939.0,1.0
IL1B-D006967,European,346545.0,346545.0,1.0
IL1B-D007249,European,436939.0,436939.0,1.0
IL1R1-D029424,European,1048050.0,1048050.0,1.0
IL1RL1-D001249,African,20167.0,9122772.0,0.0022106219469257807
IL1RL1-D001249,East Asian,367541.0,9122772.0,0.04028830272202352
IL1RL1-D001249,European,8713645.5,9122772.0,0.9551532692037026
IL1RL1-D001249,Hispanic/Latin American,8181.0,9122772.0,0.0008967669037437305
IL1RL1-D001249,Other,13237.5,9122772.0,0.0014510392236044044
IL1RL1-D003876,African,2554.0,2210669.0,0.001155306380104846
IL1RL1-D003876,East Asian,636473.0,2210669.0,0.2879096780205449
IL1RL1-D003876,European,1569750.0,2210669.0,0.7100791660804942
IL1RL1-D003876,Hispanic/Latin American,1892.0,2210669.0,0.0008558495188560567
IL1RL1-D009298,East Asian,152006.0,1321112.0,0.11505913200394818
IL1RL1-D009298,European,1169106.0,1321112.0,0.8849408679960518
IL1RL1-D029424,African,20167.0,8807447.0,0.0022897668302744255
IL1RL1-D029424,East Asian,367541.0,8807447.0,0.04173070811552996
IL1RL1-D029424,European,8398320.5,8807447.0,0.953547662563283
IL1RL1-D029424,Hispanic/Latin American,8181.0,8807447.0,0.0009288730321056715
IL1RL1-D029424,Other,13237.5,8807447.0,0.0015029894588068483
IL1RN-D007249,African,14355.0,1967084.0,0.00729760396607364
IL1RN-D007249,East Asian,128300.5,1967084.0,0.06522370168228708
IL1RN-D007249,European,1797944.0,1967084.0,0.9140148565084155
IL1RN-D007249,Hispanic/Latin American,15912.0,1967084.0,0.008089130916625827
IL1RN-D007249,Native American,574.0,1967084.0,0.00029180248530311873
IL1RN-D007249,Oceanian,1777.0,1967084.0,0.0009033676243617457
IL1RN-D007249,Other Asian,905.5,1967084.0,0.0004603260460661568
IL1RN-D007249,South Asian,7316.0,1967084.0,0.0037192107708669277
IL2-D001327,European,459000.0,459000.0,1.0
IL2-D002761,European,53619.0,53619.0,1.0
IL2-D003093,East Asian,16805.0,238401.0,0.07049047613055315
IL2-D003093,European,213658.0,238401.0,0.8962126836716289
IL2-D003093,Middle Eastern,2122.0,238401.0,0.00890096937512846
IL2-D003093,South Asian,5816.0,238401.0,0.024395870822689503
IL2-D003424,East Asian,16805.0,238401.0,0.07049047613055315
IL2-D003424,European,213658.0,238401.0,0.8962126836716289
IL2-D003424,Middle Eastern,2122.0,238401.0,0.00890096937512846
IL2-D003424,South Asian,5816.0,238401.0,0.024395870822689503
IL2-D003922,European,597755.0,597755.0,1.0
IL2-D008180,African,5422.0,27574.0,0.19663451077101618
IL2-D008180,European,18264.0,27574.0,0.6623630956698339
IL2-D008180,Hispanic/Latin American,3888.0,27574.0,0.14100239355914992
IL2-D011565,European,33394.0,33394.0,1.0
IL21-D001327,European,459000.0,459000.0,1.0
IL21-D002446,European,98525.0,99765.0,0.9875707913596953
IL21-D002446,South Asian,1240.0,99765.0,0.012429208640304716
IL21-D008180,African,5422.0,27574.0,0.19663451077101618
IL21-D008180,European,18264.0,27574.0,0.6623630956698339
IL21-D008180,Hispanic/Latin American,3888.0,27574.0,0.14100239355914992
IL21-D011565,European,33394.0,33394.0,1.0
IL23A-D010916,East Asian,15437.0,396521.0,0.03893110327069688
IL23A-D010916,European,381084.0,396521.0,0.9610688967293031
IL23A-D011565,East Asian,15437.0,396521.0,0.03893110327069688
IL23A-D011565,European,381084.0,396521.0,0.9610688967293031
IL23A-D015535,East Asian,15437.0,396521.0,0.03893110327069688
IL23A-D015535,European,381084.0,396521.0,0.9610688967293031
IL23R-D003093,East Asian,204304.0,1588604.0,0.12860599620799143
IL23R-D003093,European,1376362.0,1588604.0,0.8663971637991595
IL23R-D003093,Middle Eastern,2122.0,1588604.0,0.0013357639789400003
IL23R-D003093,South Asian,5816.0,1588604.0,0.003661076013909067
IL23R-D003424,East Asian,204304.0,1588604.0,0.12860599620799143
IL23R-D003424,European,1376362.0,1588604.0,0.8663971637991595
IL23R-D003424,Middle Eastern,2122.0,1588604.0,0.0013357639789400003
IL23R-D003424,South Asian,5816.0,1588604.0,0.003661076013909067
IL23R-D011565,East Asian,58197.0,484373.0,0.12014914126097037
IL23R-D011565,European,426176.0,484373.0,0.8798508587390297
IL23R-D015212,East Asian,204304.0,1588604.0,0.12860599620799143
IL23R-D015212,European,1376362.0,1588604.0,0.8663971637991595
IL23R-D015212,Middle Eastern,2122.0,1588604.0,0.0013357639789400003
IL23R-D015212,South Asian,5816.0,1588604.0,0.003661076013909067
IL23R-D015535,East Asian,61314.0,538142.0,0.11393647029966068
IL23R-D015535,European,476828.0,538142.0,0.8860635297003393
IL2RA-D001172,African,2308.0,619056.0,0.0037282572174407486
IL2RA-D001172,East Asian,320599.0,619056.0,0.5178836809593962
IL2RA-D001172,European,296149.0,619056.0,0.478388061823163
IL2RA-D001327,European,518467.0,518467.0,1.0
IL2RA-D003093,East Asian,16805.0,367816.0,0.04568860517215129
IL2RA-D003093,European,343073.0,367816.0,0.932729951932488
IL2RA-D003093,Middle Eastern,2122.0,367816.0,0.005769188942297236
IL2RA-D003093,South Asian,5816.0,367816.0,0.015812253953063488
IL2RA-D003876,African,2554.0,1699109.0,0.0015031407637767795
IL2RA-D003876,East Asian,124913.0,1699109.0,0.07351676672891498
IL2RA-D003876,European,1569750.0,1699109.0,0.9238665677128425
IL2RA-D003876,Hispanic/Latin American,1892.0,1699109.0,0.0011135247944658053
IL2RA-D003922,East Asian,133251.0,1291672.0,0.10316163855839564
IL2RA-D003922,European,1158421.0,1291672.0,0.8968383614416043
IL2RA-D012859,African,2308.0,619056.0,0.0037282572174407486
IL2RA-D012859,East Asian,320599.0,619056.0,0.5178836809593962
IL2RA-D012859,European,296149.0,619056.0,0.478388061823163
IL3-D001249,European,370000.0,370000.0,1.0
IL33-D001249,African,20167.0,8519624.0,0.0023671232439365867
IL33-D001249,East Asian,191593.0,8519624.0,0.02248843376186555
IL33-D001249,European,8286445.5,8519624.0,0.9726304235961587
IL33-D001249,Hispanic/Latin American,8181.0,8519624.0,0.0009602536449965398
IL33-D001249,Other,13237.5,8519624.0,0.0015537657530426225
IL33-D003876,European,459000.0,459000.0,1.0
IL33-D009298,East Asian,152006.0,1321112.0,0.11505913200394818
IL33-D009298,European,1169106.0,1321112.0,0.8849408679960518
IL33-D012852,East Asian,156843.0,609338.0,0.2573990133554776
IL33-D012852,European,452495.0,609338.0,0.7426009866445225
IL33-D029424,African,20167.0,8260936.0,0.0024412487882729027
IL33-D029424,East Asian,191593.0,8260936.0,0.023192650324370023
IL33-D029424,European,8027757.5,8260936.0,0.9717733559490112
IL33-D029424,Hispanic/Latin American,8181.0,8260936.0,0.0009903236146606147
IL33-D029424,Other,13237.5,8260936.0,0.0016024213236853547
IL33-D065631,African,20167.0,8519624.0,0.0023671232439365867
IL33-D065631,East Asian,191593.0,8519624.0,0.02248843376186555
IL33-D065631,European,8286445.5,8519624.0,0.9726304235961587
IL33-D065631,Hispanic/Latin American,8181.0,8519624.0,0.0009602536449965398
IL33-D065631,Other,13237.5,8519624.0,0.0015537657530426225
IL4R-D001249,African,8204.0,6807526.0,0.00120513678537548
IL4R-D001249,East Asian,566919.0,6807526.0,0.08327827172455897
IL4R-D001249,European,6231005.0,6807526.0,0.9153112305410218
IL4R-D001249,Hispanic/Latin American,1398.0,6807526.0,0.0002053609490437495
IL4R-D003876,European,459000.0,459000.0,1.0
IL4R-D006967,European,360838.0,360838.0,1.0
IL4R-D029424,African,8204.0,6807526.0,0.00120513678537548
IL4R-D029424,East Asian,566919.0,6807526.0,0.08327827172455897
IL4R-D029424,European,6231005.0,6807526.0,0.9153112305410218
IL4R-D029424,Hispanic/Latin American,1398.0,6807526.0,0.0002053609490437495
IL4R-D057765,African,116770.0,3383874.0,0.03450778604640717
IL4R-D057765,East Asian,296723.0,3383874.0,0.08768736660998606
IL4R-D057765,European,2736841.0,3383874.0,0.8087892752507925
IL4R-D057765,Hispanic/Latin American,116770.0,3383874.0,0.03450778604640717
IL4R-D057765,South Asian,116770.0,3383874.0,0.03450778604640717
IL4R-D065631,African,8204.0,6807526.0,0.00120513678537548
IL4R-D065631,East Asian,566919.0,6807526.0,0.08327827172455897
IL4R-D065631,European,6231005.0,6807526.0,0.9153112305410218
IL4R-D065631,Hispanic/Latin American,1398.0,6807526.0,0.0002053609490437495
IL5-D001249,European,2302189.0,2302189.0,1.0
IL5RA-D017681,African,116770.0,3476937.0,0.03358415755016556
IL5RA-D017681,East Asian,389786.0,3476937.0,0.1121061439997331
IL5RA-D017681,European,2736841.0,3476937.0,0.7871413833497702
IL5RA-D017681,Hispanic/Latin American,116770.0,3476937.0,0.03358415755016556
IL5RA-D017681,South Asian,116770.0,3476937.0,0.03358415755016556
IL5RA-D057765,African,116770.0,3476937.0,0.03358415755016556
IL5RA-D057765,East Asian,389786.0,3476937.0,0.1121061439997331
IL5RA-D057765,European,2736841.0,3476937.0,0.7871413833497702
IL5RA-D057765,Hispanic/Latin American,116770.0,3476937.0,0.03358415755016556
IL5RA-D057765,South Asian,116770.0,3476937.0,0.03358415755016556
IL6-D000740,East Asian,236082.0,236082.0,1.0
IL6-D001249,African,8204.0,3734633.0,0.0021967352615370776
IL6-D001249,East Asian,5215.0,3734633.0,0.0013963888821204118
IL6-D001249,European,3719816.0,3734633.0,0.9960325418856417
IL6-D001249,Hispanic/Latin American,1398.0,3734633.0,0.0003743339707007355
IL6-D007249,African,6006.0,1842141.0,0.0032603367494670604
IL6-D007249,East Asian,202786.0,1842141.0,0.11008169298658463
IL6-D007249,European,1626033.0,1842141.0,0.8826865044532421
IL6-D007249,South Asian,7316.0,1842141.0,0.003971465810706129
IL6-D050197,African,47858.0,1122400.0,0.042638987883107625
IL6-D050197,East Asian,23298.0,1122400.0,0.020757305773342838
IL6-D050197,European,1031034.0,1122400.0,0.9185976478973628
IL6-D050197,Hispanic/Latin American,20210.0,1122400.0,0.018006058446186742
IL6R-D001171,European,31138.0,31138.0,1.0
IL6R-D001172,African,2308.0,568220.0,0.004061807046566471
IL6R-D001172,East Asian,311300.0,568220.0,0.5478511844004083
IL6R-D001172,European,254612.0,568220.0,0.44808700855302525
IL6R-D013167,East Asian,3117.0,25764.0,0.12098276665114113
IL6R-D013167,European,22647.0,25764.0,0.8790172333488588
IL7-D009103,European,80087.0,80087.0,1.0
IL7R-D003922,European,520580.0,520580.0,1.0
IL7R-D009103,European,80087.0,80087.0,1.0
INPP5D-D003876,East Asian,168103.0,627103.0,0.26806282221580824
INPP5D-D003876,European,459000.0,627103.0,0.7319371777841918
INS-D003920,African,4847.0,923474.0,0.005248658868576701
INS-D003920,European,911732.0,923474.0,0.9872849695822513
INS-D003920,South Asian,6895.0,923474.0,0.007466371549171931
INS-D003922,African,3949.0,1279442.0,0.0030865017718661727
INS-D003922,East Asian,133251.0,1279442.0,0.10414774565787273
INS-D003922,European,1142242.0,1279442.0,0.8927657525702611
INS-D003924,East Asian,136039.0,394944.0,0.34445136525684655
INS-D003924,European,183627.0,394944.0,0.46494439718035974
INS-D003924,Hispanic/Latin American,8214.0,394944.0,0.020797885269810402
INS-D003924,South Asian,67064.0,394944.0,0.1698063522929833
INSR-D003924,African,56092.0,3853410.0,0.014556457786739536
INSR-D003924,East Asian,541683.5,3853410.0,0.14057250591034953
INSR-D003924,European,3127046.0,3853410.0,0.811500982246893
INSR-D003924,Hispanic/Latin American,20445.0,3853410.0,0.0053056902847088685
INSR-D003924,South Asian,108143.5,3853410.0,0.02806436377130905
INSR-D009765,African,9070.0,1155831.0,0.00784716796832755
INSR-D009765,East Asian,165419.0,1155831.0,0.14311694356700935
INSR-D009765,European,976901.0,1155831.0,0.845193631248859
INSR-D009765,Other Asian,1650.0,1155831.0,0.0014275443382293779
INSR-D009765,South Asian,2791.0,1155831.0,0.0024147128775746625
ITGA2-D012164,European,95549.0,95549.0,1.0
ITGA4-D003093,European,456327.0,456327.0,1.0
ITGA4-D015212,European,456327.0,456327.0,1.0
ITGB7-D001249,European,743898.0,743898.0,1.0
ITGB8-D011471,African,21354.0,374507.0,0.05701896092729909
ITGB8-D011471,East Asian,27420.0,374507.0,0.07321625496986706
ITGB8-D011471,European,317780.0,374507.0,0.848528865949101
ITGB8-D011471,Hispanic/Latin American,7953.0,374507.0,0.021235918153732773
JAK1-D007249,African,6006.0,792066.0,0.007582701441546538
JAK1-D007249,European,778744.0,792066.0,0.9831806945380814
JAK1-D007249,South Asian,7316.0,792066.0,0.00923660402037204
JAK1-D013922,European,1359051.0,1359051.0,1.0
JAK2-D003093,East Asian,16805.0,890785.0,0.01886538278035665
JAK2-D003093,European,866042.0,890785.0,0.9722233760110465
JAK2-D003093,Middle Eastern,2122.0,890785.0,0.0023821685367400665
JAK2-D003093,South Asian,5816.0,890785.0,0.006529072671856846
JAK2-D003424,East Asian,16805.0,890785.0,0.01886538278035665
JAK2-D003424,European,866042.0,890785.0,0.9722233760110465
JAK2-D003424,Middle Eastern,2122.0,890785.0,0.0023821685367400665
JAK2-D003424,South Asian,5816.0,890785.0,0.006529072671856846
JAK2-D008180,East Asian,221544.0,244214.0,0.9071715790249535
JAK2-D008180,European,22670.0,244214.0,0.09282842097504647
JAK2-D009196,European,597653.0,597653.0,1.0
JAK2-D011087,European,597653.0,597653.0,1.0
JAK2-D011565,European,33394.0,33394.0,1.0
JAK2-D013921,East Asian,108208.0,5573513.0,0.019414685136645415
JAK2-D013921,European,5465305.0,5573513.0,0.9805853148633545
JAK2-D013922,East Asian,108208.0,6171166.0,0.017534449729597293
JAK2-D013922,European,6062958.0,6171166.0,0.9824655502704027
JAK2-D015464,European,597653.0,597653.0,1.0
JAK2-D015535,European,33394.0,33394.0,1.0
JAK2-D019337,European,597653.0,597653.0,1.0
JAK2-D055728,European,597653.0,597653.0,1.0
KCND3-D001281,African,8967.0,2545740.0,0.0035223549930472084
KCND3-D001281,East Asian,404043.0,2545740.0,0.15871337999952861
KCND3-D001281,European,2127708.0,2545740.0,0.8357915576610337
KCND3-D001281,Hispanic/Latin American,5022.0,2545740.0,0.0019727073463904404
KCNH2-D001281,African,8967.0,1619026.0,0.00553851513193735
KCNH2-D001281,East Asian,36792.0,1619026.0,0.022724774030806177
KCNH2-D001281,European,1568245.0,1619026.0,0.9686348458888245
KCNH2-D001281,Hispanic/Latin American,5022.0,1619026.0,0.0031018649484319586
KCNJ1-D051437,European,875240.0,875240.0,1.0
KCNJ11-D003920,African,4847.0,1192071.0,0.004066032979579236
KCNJ11-D003920,East Asian,71221.0,1192071.0,0.059745602401199256
KCNJ11-D003920,European,1109108.0,1192071.0,0.9304043131659104
KCNJ11-D003920,South Asian,6895.0,1192071.0,0.005784051453311087
KCNJ11-D003924,African,137295.5,7167481.0,0.019155335047278118
KCNJ11-D003924,East Asian,1259839.0,7167481.0,0.17577151582264397
KCNJ11-D003924,European,5398355.0,7167481.0,0.7531732557086653
KCNJ11-D003924,Hispanic/Latin American,111825.5,7167481.0,0.015601785341321448
KCNJ11-D003924,South Asian,260166.0,7167481.0,0.03629810808009118
KCNJ5-D001281,African,8967.0,2327222.0,0.0038530917978602816
KCNJ5-D001281,East Asian,196482.0,2327222.0,0.08442769963501548
KCNJ5-D001281,European,2116751.0,2327222.0,0.9095612709058267
KCNJ5-D001281,Hispanic/Latin American,5022.0,2327222.0,0.002157937661297461
KDM1A-D013922,European,950939.0,950939.0,1.0
KIT-D001249,European,371898.0,371898.0,1.0
KIT-D013921,African,347735.5,7502666.0,0.046348258072530485
KIT-D013921,East Asian,1291389.0,7502666.0,0.17212401564990365
KIT-D013921,European,5199653.5,7502666.0,0.6930407804372473
KIT-D013921,Hispanic/Latin American,364284.0,7502666.0,0.04855394069254849
KIT-D013921,Native American,20.0,7502666.0,2.6657190923866265e-06
KIT-D013921,Other Asian,511.0,7502666.0,6.810912281047831e-05
KIT-D013921,South Asian,299073.0,7502666.0,0.039862230305867274
KIT-D017681,East Asian,93063.0,882919.0,0.10540377996169524
KIT-D017681,European,789856.0,882919.0,0.8945962200383047
KLK2-D011471,African,31454.0,2286688.0,0.013755265257000517
KLK2-D011471,East Asian,425425.0,2286688.0,0.1860441826781791
KLK2-D011471,European,1812795.0,2286688.0,0.7927600966988063
KLK2-D011471,Hispanic/Latin American,17014.0,2286688.0,0.007440455366014078
KLK3-D011471,African,31454.0,2311323.0,0.013608656167917682
KLK3-D011471,East Asian,454974.0,2311323.0,0.19684570265601128
KLK3-D011471,European,1807881.0,2311323.0,0.7821844891432309
KLK3-D011471,Hispanic/Latin American,17014.0,2311323.0,0.007361152032840066
LCAT-D007863,European,589331.0,589331.0,1.0
LEPR-D009765,European,490619.0,490619.0,1.0
LHCGR-D010051,East Asian,31828.0,31828.0,1.0
LHCGR-D011085,East Asian,31828.0,31828.0,1.0
LOXL2-D005901,East Asian,4053.5,25910.0,0.15644538788112697
LOXL2-D005901,European,17803.0,25910.0,0.687109224237746
LOXL2-D005901,South Asian,4053.5,25910.0,0.15644538788112697
LPA-D002318,European,459000.0,459000.0,1.0
LPA-D006949,African,308333.8,7242880.999999999,0.04257060139466602
LPA-D006949,East Asian,358584.3,7242880.999999999,0.04950851739798017
LPA-D006949,European,6350679.8,7242880.999999999,0.8768168081182061
LPA-D006949,Hispanic/Latin American,168818.8,7242880.999999999,0.02330823880718184
LPA-D006949,Native American,1208.0,7242880.999999999,0.00016678446049299997
LPA-D006949,Oceanian,3830.0,7242880.999999999,0.0005287951023908857
LPA-D006949,Other,357.0,7242880.999999999,4.9289778473510754e-05
LPA-D006949,Other Asian,10786.5,7242880.999999999,0.0014892554495925035
LPA-D006949,South Asian,40282.8,7242880.999999999,0.0055617094910160765
LPA-D050197,African,50997.0,3922158.0,0.013002280887205462
LPA-D050197,East Asian,770631.5,3922158.0,0.19648150329486982
LPA-D050197,European,3048399.5,3922158.0,0.7772250633452299
LPA-D050197,Hispanic/Latin American,24305.0,3922158.0,0.0061968436763638795
LPA-D050197,Middle Eastern,2268.0,3922158.0,0.0005782530943424513
LPA-D050197,South Asian,25557.0,3922158.0,0.006516055701988548
LPL-D015228,African,162303.66666666666,5822832.0,0.027873664681836375
LPL-D015228,East Asian,805781.1666666666,5822832.0,0.138383035379806
LPL-D015228,European,4701260.0,5822832.0,0.8073837610289976
LPL-D015228,Hispanic/Latin American,95495.0,5822832.0,0.016400095348792477
LPL-D015228,Native American,604.0,5822832.0,0.00010372959412189808
LPL-D015228,Oceanian,1915.0,5822832.0,0.0003288777694427729
LPL-D015228,Other,2528.0,5822832.0,0.00043415300321218264
LPL-D015228,Other Asian,16569.5,5822832.0,0.002845608459938394
LPL-D015228,South Asian,36375.666666666664,5822832.0,0.006247074733852302
LRRK2-D010300,European,2507116.0,2556156.0,0.9808149424370031
LRRK2-D010300,Other Asian,49040.0,2556156.0,0.01918505756299694
LTBR-D003093,East Asian,5409.0,69268.0,0.07808800600565918
LTBR-D003093,European,62192.0,69268.0,0.8978460472368193
LTBR-D003093,Middle Eastern,493.0,69268.0,0.007117283594156032
LTBR-D003093,South Asian,1174.0,69268.0,0.01694866316336548
LTBR-D003424,East Asian,5409.0,69268.0,0.07808800600565918
LTBR-D003424,European,62192.0,69268.0,0.8978460472368193
LTBR-D003424,Middle Eastern,493.0,69268.0,0.007117283594156032
LTBR-D003424,South Asian,1174.0,69268.0,0.01694866316336548
LTBR-D009103,European,80087.0,80087.0,1.0
LTBR-D015212,East Asian,5409.0,69268.0,0.07808800600565918
LTBR-D015212,European,62192.0,69268.0,0.8978460472368193
LTBR-D015212,Middle Eastern,493.0,69268.0,0.007117283594156032
LTBR-D015212,South Asian,1174.0,69268.0,0.01694866316336548
LTF-D007249,European,8243.0,8243.0,1.0
MAP2K1-D011471,African,21354.0,374507.0,0.05701896092729909
MAP2K1-D011471,East Asian,27420.0,374507.0,0.07321625496986706
MAP2K1-D011471,European,317780.0,374507.0,0.848528865949101
MAP2K1-D011471,Hispanic/Latin American,7953.0,374507.0,0.021235918153732773
MAP2K1-D013736,African,21354.0,374507.0,0.05701896092729909
MAP2K1-D013736,East Asian,27420.0,374507.0,0.07321625496986706
MAP2K1-D013736,European,317780.0,374507.0,0.848528865949101
MAP2K1-D013736,Hispanic/Latin American,7953.0,374507.0,0.021235918153732773
MAP3K1-D001943,East Asian,92802.0,1504849.0,0.06166864582426543
MAP3K1-D001943,European,1400405.0,1504849.0,0.9305950298003322
MAP3K1-D001943,Other Asian,11642.0,1504849.0,0.007736324375402449
MAP3K1-D009369,European,598983.0,598983.0,1.0
MAP3K8-D003093,East Asian,11952.0,242818.0,0.04922205108352758
MAP3K8-D003093,European,225896.0,242818.0,0.9303099440733389
MAP3K8-D003093,Middle Eastern,1383.0,242818.0,0.005695623882908186
MAP3K8-D003093,South Asian,3587.0,242818.0,0.014772380960225354
MAP3K8-D015212,East Asian,11952.0,242818.0,0.04922205108352758
MAP3K8-D015212,European,225896.0,242818.0,0.9303099440733389
MAP3K8-D015212,Middle Eastern,1383.0,242818.0,0.005695623882908186
MAP3K8-D015212,South Asian,3587.0,242818.0,0.014772380960225354
MAPK1-D009765,African,11330.0,785588.0,0.014422318059848165
MAPK1-D009765,East Asian,9112.0,785588.0,0.011598955177523079
MAPK1-D009765,European,747090.0,785588.0,0.9509946689613386
MAPK1-D009765,Hispanic/Latin American,8322.0,785588.0,0.01059333900212325
MAPK1-D009765,South Asian,9734.0,785588.0,0.012390718799166993
MAPK14-D003929,European,3394.0,3394.0,1.0
MAPK14-D017719,European,3394.0,3394.0,1.0
MAPK3-D009765,European,374756.0,374756.0,1.0
MAPT-D000544,European,13856.0,14185.0,0.9768064857243567
MAPT-D000544,Other,329.0,14185.0,0.023193514275643284
MAPT-D010300,European,610193.0,616823.0,0.9892513735707001
MAPT-D010300,Other,6630.0,616823.0,0.010748626429299815
MAPT-D013494,European,13856.0,14185.0,0.9768064857243567
MAPT-D013494,Other,329.0,14185.0,0.023193514275643284
MAPT-D019578,European,610193.0,616823.0,0.9892513735707001
MAPT-D019578,Other,6630.0,616823.0,0.010748626429299815
MAT2A-D009369,European,475312.0,475312.0,1.0
MC1R-D000417,East Asian,34038.0,40956.0,0.831087020216818
MC1R-D000417,European,6918.0,40956.0,0.16891297978318195
MC1R-D009765,European,406697.0,406697.0,1.0
MC1R-D010787,European,367105.0,367105.0,1.0
MC1R-D014983,European,367105.0,367105.0,1.0
MC1R-D018307,European,1634009.0,1634009.0,1.0
MC4R-D003920,East Asian,71221.0,415403.0,0.17145037469637917
MC4R-D003920,European,344182.0,415403.0,0.8285496253036209
MC4R-D003924,African,56092.0,7037965.0,0.007969917440623817
MC4R-D003924,East Asian,1477084.0,7037965.0,0.2098737348082862
MC4R-D003924,European,5199706.0,7037965.0,0.7388081640076357
MC4R-D003924,Hispanic/Latin American,23028.0,7037965.0,0.003271968530676126
MC4R-D003924,South Asian,282055.0,7037965.0,0.04007621521277813
MC4R-D009765,African,175047.0,11014934.0,0.015891788366593936
MC4R-D009765,East Asian,1051734.5,11014934.0,0.09548259662745143
MC4R-D009765,European,9658135.0,11014934.0,0.8768218674755563
MC4R-D009765,Hispanic/Latin American,65144.0,11014934.0,0.005914152549620361
MC4R-D009765,Native American,1180.0,11014934.0,0.00010712728737185352
MC4R-D009765,Oceanian,15169.0,11014934.0,0.0013771303577488525
MC4R-D009765,Other Asian,16953.5,11014934.0,0.0015391376834395921
MC4R-D009765,South Asian,31571.0,11014934.0,0.0028661996522176166
MC4R-D024821,European,291107.0,291107.0,1.0
MDM4-D001943,European,362854.0,362854.0,1.0
MDM4-D009369,European,475312.0,475312.0,1.0
METAP2-D003924,African,56092.0,3419870.0,0.016401793050613036
METAP2-D003924,East Asian,108143.5,3419870.0,0.03162210844271858
METAP2-D003924,European,3127046.0,3419870.0,0.9143756926432877
METAP2-D003924,Hispanic/Latin American,20445.0,3419870.0,0.005978297420662189
METAP2-D003924,South Asian,108143.5,3419870.0,0.03162210844271858
MME-D006973,African,73664.0,2995997.0,0.024587474553545947
MME-D006973,East Asian,15402.0,2995997.0,0.005140859620353425
MME-D006973,European,2854710.0,2995997.0,0.9528414080521442
MME-D006973,Hispanic/Latin American,39264.0,2995997.0,0.01310548708827145
MME-D006973,Native American,2695.0,2995997.0,0.0008995336110149643
MME-D006973,Other Asian,4792.0,2995997.0,0.0015994675562091684
MME-D006973,South Asian,5470.0,2995997.0,0.0018257695184607996
MMP12-D001249,African,2570.0,9670.0,0.265770423991727
MMP12-D001249,European,7100.0,9670.0,0.734229576008273
MPL-D013921,African,175612.2,752573.0,0.2333490571678761
MPL-D013921,East Asian,144240.2,752573.0,0.191662735708031
MPL-D013921,European,144240.2,752573.0,0.191662735708031
MPL-D013921,Hispanic/Latin American,144240.2,752573.0,0.191662735708031
MPL-D013921,South Asian,144240.2,752573.0,0.191662735708031
MS4A4A-D000544,European,673236.0,673236.0,1.0
MSLN-D009369,European,9824.0,9824.0,1.0
MTNR1B-D007319,European,993966.0,993966.0,1.0
MTNR1B-D012893,European,993966.0,993966.0,1.0
MTNR1B-D020178,European,2126633.0,2126633.0,1.0
MTNR1B-D058496,European,1132667.0,1132667.0,1.0
MTTP-D006949,East Asian,111667.0,1732715.0,0.0644462591943857
MTTP-D006949,European,1621048.0,1732715.0,0.9355537408056143
MTTP-D009765,European,219872.0,219872.0,1.0
MUC1-D005770,East Asian,647888.0,1536732.0,0.4216011640286009
MUC1-D005770,European,888844.0,1536732.0,0.5783988359713991
MUC1-D013274,East Asian,647888.0,1536732.0,0.4216011640286009
MUC1-D013274,European,888844.0,1536732.0,0.5783988359713991
MUC1-D015179,East Asian,647888.0,1536732.0,0.4216011640286009
MUC1-D015179,European,888844.0,1536732.0,0.5783988359713991
MYC-D001943,East Asian,84874.0,787756.0,0.10774148340349042
MYC-D001943,European,691240.0,787756.0,0.8774798287794698
MYC-D001943,Other Asian,11642.0,787756.0,0.014778687817039794
MYC-D008223,East Asian,177677.0,668480.0,0.2657925442795596
MYC-D008223,European,490803.0,668480.0,0.7342074557204404
MYC-D011471,African,36757.0,2105669.0,0.01745620987914055
MYC-D011471,East Asian,374906.0,2105669.0,0.17804602717711093
MYC-D011471,European,1659015.0,2105669.0,0.7878802413864667
MYC-D011471,Hispanic/Latin American,27263.0,2105669.0,0.012947429059363082
MYC-D011471,Oceanian,7728.0,2105669.0,0.003670092497918714
NFE2L2-D007676,African,6016.0,793391.0,0.00758264210206569
NFE2L2-D007676,European,780036.0,793391.0,0.9831671899479576
NFE2L2-D007676,South Asian,7339.0,793391.0,0.009250167949976745
NFE2L2-D051437,African,6016.0,793391.0,0.00758264210206569
NFE2L2-D051437,European,780036.0,793391.0,0.9831671899479576
NFE2L2-D051437,South Asian,7339.0,793391.0,0.009250167949976745
NFKB1-D003093,East Asian,4853.0,149711.0,0.03241578775106706
NFKB1-D003093,European,141890.0,149711.0,0.9477593496803842
NFKB1-D003093,Middle Eastern,739.0,149711.0,0.0049361770344196485
NFKB1-D003093,South Asian,2229.0,149711.0,0.014888685534129089
NFKB1-D003424,East Asian,4853.0,149711.0,0.03241578775106706
NFKB1-D003424,European,141890.0,149711.0,0.9477593496803842
NFKB1-D003424,Middle Eastern,739.0,149711.0,0.0049361770344196485
NFKB1-D003424,South Asian,2229.0,149711.0,0.014888685534129089
NFKB1-D003876,European,459000.0,459000.0,1.0
NFKB1-D005923,East Asian,7617.0,15596.0,0.488394460117979
NFKB1-D005923,European,7979.0,15596.0,0.5116055398820211
NFKB1-D006967,European,1185351.0,1185351.0,1.0
NFKB1-D008181,East Asian,7617.0,15596.0,0.488394460117979
NFKB1-D008181,European,7979.0,15596.0,0.5116055398820211
NKX3-1-D011471,African,60536.0,2373960.0,0.02550000842474178
NKX3-1-D011471,East Asian,482993.0,2373960.0,0.20345456536757148
NKX3-1-D011471,European,1797961.0,2373960.0,0.7573678579251546
NKX3-1-D011471,Hispanic/Latin American,24742.0,2373960.0,0.010422248058097019
NKX3-1-D011471,Oceanian,7728.0,2373960.0,0.003255320224435121
NLRP3-D007249,African,14355.0,1674422.0,0.00857310761564289
NLRP3-D007249,East Asian,905.5,1674422.0,0.0005407836256332035
NLRP3-D007249,European,1632677.0,1674422.0,0.9750690088878431
NLRP3-D007249,Hispanic/Latin American,15912.0,1674422.0,0.009502980730066854
NLRP3-D007249,Native American,574.0,1674422.0,0.00034280486042347747
NLRP3-D007249,Oceanian,1777.0,1674422.0,0.0010612617368859225
NLRP3-D007249,Other Asian,905.5,1674422.0,0.0005407836256332035
NLRP3-D007249,South Asian,7316.0,1674422.0,0.004369268917871361
NOS2-D015212,East Asian,6543.0,96486.0,0.06781294695603507
NOS2-D015212,European,86640.0,96486.0,0.8979541073316336
NOS2-D015212,Middle Eastern,890.0,96486.0,0.009224136144103808
NOS2-D015212,South Asian,2413.0,96486.0,0.025008809568227514
NOS3-D020521,African,20208.0,922140.0,0.02191424295660095
NOS3-D020521,East Asian,20208.0,922140.0,0.02191424295660095
NOS3-D020521,European,821100.0,922140.0,0.8904287852169952
NOS3-D020521,Hispanic/Latin American,20208.0,922140.0,0.02191424295660095
NOS3-D020521,Other Asian,20208.0,922140.0,0.02191424295660095
NOS3-D020521,South Asian,20208.0,922140.0,0.02191424295660095
NOTCH2-D001943,European,197755.0,197755.0,1.0
NOTCH4-D015179,East Asian,142778.0,268256.0,0.5322453179052845
NOTCH4-D015179,European,125478.0,268256.0,0.4677546820947155
NOX4-D003928,European,4666.0,4666.0,1.0
NPC1L1-D006949,African,117622.0,3799501.0,0.03095722306692379
NPC1L1-D006949,East Asian,420263.0,3799501.0,0.11061005116198154
NPC1L1-D006949,European,3203896.0,3799501.0,0.8432412572071964
NPC1L1-D006949,Hispanic/Latin American,57281.0,3799501.0,0.015075927075687045
NPC1L1-D006949,South Asian,439.0,3799501.0,0.0001155414882112151
NPC1L1-D050171,African,117622.0,3799501.0,0.03095722306692379
NPC1L1-D050171,East Asian,420263.0,3799501.0,0.11061005116198154
NPC1L1-D050171,European,3203896.0,3799501.0,0.8432412572071964
NPC1L1-D050171,Hispanic/Latin American,57281.0,3799501.0,0.015075927075687045
NPC1L1-D050171,South Asian,439.0,3799501.0,0.0001155414882112151
NPR1-D006973,European,4340309.0,4340309.0,1.0
NPY-D009765,European,2615206.0,2615206.0,1.0
NR1H3-D006937,African,57332.0,2355035.0,0.02434443649457439
NR1H3-D006937,East Asian,111667.0,2355035.0,0.04741628043744573
NR1H3-D006937,European,2161293.0,2355035.0,0.9177328574734558
NR1H3-D006937,Hispanic/Latin American,24743.0,2355035.0,0.010506425594524072
NR1H4-D006937,African,2958.0,765749.0,0.00386288457444933
NR1H4-D006937,East Asian,145732.0,765749.0,0.19031301379433732
NR1H4-D006937,European,608825.0,765749.0,0.7950712309124791
NR1H4-D006937,Hispanic/Latin American,7795.0,765749.0,0.01017957581400694
NR1H4-D006937,South Asian,439.0,765749.0,0.0005732949047272671
NR1H4-D006949,African,2958.0,765749.0,0.00386288457444933
NR1H4-D006949,East Asian,145732.0,765749.0,0.19031301379433732
NR1H4-D006949,European,608825.0,765749.0,0.7950712309124791
NR1H4-D006949,Hispanic/Latin American,7795.0,765749.0,0.01017957581400694
NR1H4-D006949,South Asian,439.0,765749.0,0.0005732949047272671
NR1H4-D007249,European,855581.0,855581.0,1.0
NR1H4-D008107,African,6015.0,1546107.0,0.0038904163812724475
NR1H4-D008107,European,1532756.0,1546107.0,0.9913647632408366
NR1H4-D008107,South Asian,7336.0,1546107.0,0.004744820377891051
NR1H4-D015228,African,2958.0,765749.0,0.00386288457444933
NR1H4-D015228,East Asian,145732.0,765749.0,0.19031301379433732
NR1H4-D015228,European,608825.0,765749.0,0.7950712309124791
NR1H4-D015228,Hispanic/Latin American,7795.0,765749.0,0.01017957581400694
NR1H4-D015228,South Asian,439.0,765749.0,0.0005732949047272671
NR3C1-D001249,European,2285900.0,2285900.0,1.0
NR3C1-D009765,European,186825.0,186825.0,1.0
NR3C1-D029424,European,2285900.0,2285900.0,1.0
NR3C1-D057765,African,116770.0,1906199.0,0.06125803234604572
NR3C1-D057765,East Asian,116770.0,1906199.0,0.06125803234604572
NR3C1-D057765,European,1439119.0,1906199.0,0.7549678706158172
NR3C1-D057765,Hispanic/Latin American,116770.0,1906199.0,0.06125803234604572
NR3C1-D057765,South Asian,116770.0,1906199.0,0.06125803234604572
NR3C1-D065631,European,2285900.0,2285900.0,1.0
OPRL1-D006973,African,68577.0,3830006.0,0.017905193882202797
OPRL1-D006973,East Asian,7701.0,3830006.0,0.0020107018109110013
OPRL1-D006973,European,3712473.0,3830006.0,0.9693125807113618
OPRL1-D006973,Hispanic/Latin American,31033.0,3830006.0,0.008102598272692002
OPRL1-D006973,Native American,2695.0,3830006.0,0.0007036542501499997
OPRL1-D006973,Other Asian,4792.0,3830006.0,0.0012511729746637473
OPRL1-D006973,South Asian,2735.0,3830006.0,0.0007140980980186454
OPRM1-D009293,African,32088.0,476650.0,0.06731983635791461
OPRM1-D009293,European,444562.0,476650.0,0.9326801636420854
OPRM1-D009765,East Asian,165419.0,2705947.0,0.0611316481808402
OPRM1-D009765,European,2540528.0,2705947.0,0.9388683518191598
OPRM1-D019966,African,32088.0,476650.0,0.06731983635791461
OPRM1-D019966,European,444562.0,476650.0,0.9326801636420854
P2RX7-D007249,European,436939.0,436939.0,1.0
P2RY2-D001249,European,370000.0,370000.0,1.0
PARP1-D008545,European,411948.0,411948.0,1.0
PCSK9-D006937,African,80685.0,3039198.0,0.02654812223487907
PCSK9-D006937,East Asian,258665.0,3039198.0,0.08510962431536215
PCSK9-D006937,European,2645623.0,3039198.0,0.8705003754279912
PCSK9-D006937,Hispanic/Latin American,31389.0,3039198.0,0.010328053650996085
PCSK9-D006937,Other Asian,13171.0,3039198.0,0.0043337090903587065
PCSK9-D006937,South Asian,9665.0,3039198.0,0.003180115280412793
PCSK9-D006938,African,80685.0,3039198.0,0.02654812223487907
PCSK9-D006938,East Asian,258665.0,3039198.0,0.08510962431536215
PCSK9-D006938,European,2645623.0,3039198.0,0.8705003754279912
PCSK9-D006938,Hispanic/Latin American,31389.0,3039198.0,0.010328053650996085
PCSK9-D006938,Other Asian,13171.0,3039198.0,0.0043337090903587065
PCSK9-D006938,South Asian,9665.0,3039198.0,0.003180115280412793
PCSK9-D006949,African,80685.0,3039198.0,0.02654812223487907
PCSK9-D006949,East Asian,258665.0,3039198.0,0.08510962431536215
PCSK9-D006949,European,2645623.0,3039198.0,0.8705003754279912
PCSK9-D006949,Hispanic/Latin American,31389.0,3039198.0,0.010328053650996085
PCSK9-D006949,Other Asian,13171.0,3039198.0,0.0043337090903587065
PCSK9-D006949,South Asian,9665.0,3039198.0,0.003180115280412793
PCSK9-D050197,African,3139.0,1232188.0,0.002547500868373982
PCSK9-D050197,East Asian,401392.5,1232188.0,0.3257558911464809
PCSK9-D050197,European,795736.5,1232188.0,0.6457914701328044
PCSK9-D050197,Hispanic/Latin American,4095.0,1232188.0,0.00332335650079371
PCSK9-D050197,Middle Eastern,2268.0,1232188.0,0.0018406282158242087
PCSK9-D050197,South Asian,25557.0,1232188.0,0.020741153135722796
PDE10A-D001714,European,2034.0,2034.0,1.0
PDE3A-D001249,European,1141950.0,1141950.0,1.0
PDE3A-D015228,African,2958.0,2642738.0,0.0011192937022133863
PDE3A-D015228,East Asian,111667.0,2642738.0,0.042254283247147466
PDE3A-D015228,European,2519879.0,2642738.0,0.9535107150235854
PDE3A-D015228,Hispanic/Latin American,7795.0,2642738.0,0.002949592430274965
PDE3A-D015228,South Asian,439.0,2642738.0,0.00016611559677879532
PDE3A-D020521,East Asian,174686.0,658807.0,0.2651550454078357
PDE3A-D020521,European,484121.0,658807.0,0.7348449545921644
PDE3A-D029424,European,1141950.0,1141950.0,1.0
PDE3A-D050197,East Asian,390069.5,1161585.0,0.3358079692833499
PDE3A-D050197,European,771515.5,1161585.0,0.6641920307166501
PDE4A-D001850,East Asian,3117.0,25764.0,0.12098276665114113
PDE4A-D001850,European,22647.0,25764.0,0.8790172333488588
PDE4A-D003093,East Asian,16805.0,315465.0,0.05327056884281933
PDE4A-D003093,European,290722.0,315465.0,0.9215665763238394
PDE4A-D003093,Middle Eastern,2122.0,315465.0,0.00672657822579367
PDE4A-D003093,South Asian,5816.0,315465.0,0.01843627660754759
PDE4A-D013167,East Asian,3117.0,25764.0,0.12098276665114113
PDE4A-D013167,European,22647.0,25764.0,0.8790172333488588
PDE4A-D015212,East Asian,16805.0,315465.0,0.05327056884281933
PDE4A-D015212,European,290722.0,315465.0,0.9215665763238394
PDE4A-D015212,Middle Eastern,2122.0,315465.0,0.00672657822579367
PDE4A-D015212,South Asian,5816.0,315465.0,0.01843627660754759
PDE4A-D015228,European,437878.0,437878.0,1.0
PDE4A-D015535,East Asian,3117.0,25764.0,0.12098276665114113
PDE4A-D015535,European,22647.0,25764.0,0.8790172333488588
PDE4B-D001249,European,304152.0,304152.0,1.0
PDE4B-D003093,European,48950.0,48950.0,1.0
PDE4B-D003424,European,48950.0,48950.0,1.0
PDE4B-D015212,European,48950.0,48950.0,1.0
PDE4B-D015228,African,6014.0,1147559.0,0.005240689149751778
PDE4B-D015228,European,1134209.0,1147559.0,0.9883666112156325
PDE4B-D015228,South Asian,7336.0,1147559.0,0.006392699634615737
PDE4B-D029424,European,304152.0,304152.0,1.0
PDE4C-D015228,African,6014.0,2130855.0,0.002822341266768504
PDE4C-D015228,East Asian,208674.0,2130855.0,0.09792970427363663
PDE4C-D015228,European,1908831.0,2130855.0,0.8958052049529415
PDE4C-D015228,South Asian,7336.0,2130855.0,0.0034427495066534325
PDE4D-D001249,African,5264.0,425412.0,0.012373886961345707
PDE4D-D001249,European,417484.0,425412.0,0.981363948360648
PDE4D-D001249,Hispanic/Latin American,2664.0,425412.0,0.006262164678006262
PDE4D-D029424,African,5264.0,425412.0,0.012373886961345707
PDE4D-D029424,European,417484.0,425412.0,0.981363948360648
PDE4D-D029424,Hispanic/Latin American,2664.0,425412.0,0.006262164678006262
PDE4D-D065631,African,5264.0,425412.0,0.012373886961345707
PDE4D-D065631,European,417484.0,425412.0,0.981363948360648
PDE4D-D065631,Hispanic/Latin American,2664.0,425412.0,0.006262164678006262
PDE5A-D006973,African,10174.0,2722873.0,0.0037364945041505793
PDE5A-D006973,East Asian,160917.0,2722873.0,0.0590982392494986
PDE5A-D006973,European,2529850.0,2722873.0,0.9291105387581426
PDE5A-D006973,Hispanic/Latin American,16462.0,2722873.0,0.006045819984993791
PDE5A-D006973,South Asian,5470.0,2722873.0,0.0020089075032144357
PDGFRA-D008269,European,68423.0,68423.0,1.0
PGR-D008593,East Asian,43861.0,406299.0,0.1079525177270926
PGR-D008593,European,362438.0,406299.0,0.8920474822729074
PIK3C2B-D009369,European,475312.0,475312.0,1.0
PIK3CA-D013922,European,1398315.0,1398315.0,1.0
PIK3CB-D013922,African,241048.6,4414556.0,0.05460313562677651
PIK3CB-D013922,East Asian,389671.6,4414556.0,0.08826971500644686
PIK3CB-D013922,European,3301738.6,4414556.0,0.7479208781132236
PIK3CB-D013922,Hispanic/Latin American,241048.6,4414556.0,0.05460313562677651
PIK3CB-D013922,South Asian,241048.6,4414556.0,0.05460313562677651
PIK3CD-D013922,European,408112.0,408112.0,1.0
PIK3CG-D013922,African,340984.6,3220858.0,0.10586762906033112
PIK3CG-D013922,East Asian,389942.1,3220858.0,0.12106777138265641
PIK3CG-D013922,European,1988011.6,3220858.0,0.6172304398393224
PIK3CG-D013922,Hispanic/Latin American,259997.6,3220858.0,0.08072308682965844
PIK3CG-D013922,Native American,603.0,3220858.0,0.00018721719492135325
PIK3CG-D013922,Other Asian,270.5,3220858.0,8.398383287931353e-05
PIK3CG-D013922,South Asian,241048.6,3220858.0,0.07483987186023103
PKLR-D000740,European,1826149.0,1826149.0,1.0
PLG-D009203,African,2908.0,562254.0,0.005172039683132535
PLG-D009203,East Asian,9396.0,562254.0,0.016711308412212276
PLG-D009203,European,522425.0,562254.0,0.9291619090304382
PLG-D009203,Hispanic/Latin American,3615.0,562254.0,0.006429478491927136
PLG-D009203,Middle Eastern,754.0,562254.0,0.0013410309219676515
PLG-D009203,South Asian,23156.0,562254.0,0.041184233460322205
PNPLA3-D065626,African,2448.0,1271231.0,0.001925692498058968
PNPLA3-D065626,East Asian,16325.0,1271231.0,0.012841883182521508
PNPLA3-D065626,European,1251705.0,1271231.0,0.9846400850828843
PNPLA3-D065626,Hispanic/Latin American,753.0,1271231.0,0.0005923392365352954
PPARA-D006937,European,1067125.0,1067125.0,1.0
PPARA-D006938,European,1067125.0,1067125.0,1.0
PPARA-D006949,European,1067125.0,1067125.0,1.0
PPARA-D009765,East Asian,330838.0,910826.0,0.36322854200472976
PPARA-D009765,European,579988.0,910826.0,0.6367714579952702
PPARA-D015228,European,1067125.0,1067125.0,1.0
PPARA-D050171,European,1067125.0,1067125.0,1.0
PPARD-D009765,European,406697.0,406697.0,1.0
PPARG-D003924,African,137295.5,7267399.0,0.01889197221729535
PPARG-D003924,East Asian,438019.0,7267399.0,0.06027176985878992
PPARG-D003924,European,6320093.0,7267399.0,0.8696499256474015
PPARG-D003924,Hispanic/Latin American,111825.5,7267399.0,0.015387279548019862
PPARG-D003924,South Asian,260166.0,7267399.0,0.035799052728493375
PPARG-D006073,East Asian,129405.0,1683304.0,0.07687559704010684
PPARG-D006073,European,1553899.0,1683304.0,0.9231244029598932
PPARG-D006949,African,154650.0,6930218.0,0.02231531533351476
PPARG-D006949,East Asian,471754.0,6930218.0,0.06807202890298689
PPARG-D006949,European,6197823.0,6930218.0,0.8943186202800547
PPARG-D006949,Hispanic/Latin American,78641.0,6930218.0,0.011347550683109824
PPARG-D006949,Other Asian,10730.0,6930218.0,0.0015482918430560193
PPARG-D006949,South Asian,16620.0,6930218.0,0.002398192957277823
PPARG-D009765,African,48010.0,4628329.0,0.010373074169965014
PPARG-D009765,East Asian,191381.0,4628329.0,0.04134991267906841
PPARG-D009765,European,4326271.0,4628329.0,0.934737137312408
PPARG-D009765,Hispanic/Latin American,19094.0,4628329.0,0.00412546299107086
PPARG-D009765,Other Asian,1650.0,4628329.0,0.0003565001537271875
PPARG-D009765,South Asian,41923.0,4628329.0,0.009057912693760535
PPARG-D015228,African,154650.0,6930218.0,0.02231531533351476
PPARG-D015228,East Asian,471754.0,6930218.0,0.06807202890298689
PPARG-D015228,European,6197823.0,6930218.0,0.8943186202800547
PPARG-D015228,Hispanic/Latin American,78641.0,6930218.0,0.011347550683109824
PPARG-D015228,Other Asian,10730.0,6930218.0,0.0015482918430560193
PPARG-D015228,South Asian,16620.0,6930218.0,0.002398192957277823
PPARG-D024821,African,12738.0,48118.0,0.2647242196267509
PPARG-D024821,European,35380.0,48118.0,0.7352757803732491
PRKCB-D001172,East Asian,253008.0,311292.0,0.8127674337920666
PRKCB-D001172,European,58284.0,311292.0,0.18723256620793338
PRKCB-D003093,East Asian,11396.0,246197.0,0.0462881351113133
PRKCB-D003093,European,228530.0,246197.0,0.9282403928561274
PRKCB-D003093,Middle Eastern,1629.0,246197.0,0.0066166525181054195
PRKCB-D003093,South Asian,4642.0,246197.0,0.018854819514453874
PRKCB-D008180,East Asian,208370.0,208370.0,1.0
PSCA-D013274,East Asian,441123.0,917239.0,0.4809248189403198
PSCA-D013274,European,476116.0,917239.0,0.5190751810596802
PSCA-D014523,European,524157.0,524157.0,1.0
PTGER4-D003093,African,3418.0,863818.0,0.003956852022069464
PTGER4-D003093,East Asian,16805.0,863818.0,0.01945432949996411
PTGER4-D003093,European,835657.0,863818.0,0.9673993827403458
PTGER4-D003093,Middle Eastern,2122.0,863818.0,0.0024565359832742547
PTGER4-D003093,South Asian,5816.0,863818.0,0.006732899754346402
PTGER4-D004938,African,6597.0,893975.0,0.00737940098996057
PTGER4-D004938,East Asian,189321.0,893975.0,0.21177437847814537
PTGER4-D004938,European,692116.0,893975.0,0.7742006208227299
PTGER4-D004938,Hispanic/Latin American,5941.0,893975.0,0.006645599709164126
PTGER4-D006967,European,400407.0,400407.0,1.0
PTGER4-D013274,African,6597.0,1435060.0,0.004597020333644586
PTGER4-D013274,East Asian,730406.0,1435060.0,0.5089724471450671
PTGER4-D013274,European,692116.0,1435060.0,0.48229063593159865
PTGER4-D013274,Hispanic/Latin American,5941.0,1435060.0,0.004139896589689629
PTGER4-D015179,African,6597.0,1435060.0,0.004597020333644586
PTGER4-D015179,East Asian,730406.0,1435060.0,0.5089724471450671
PTGER4-D015179,European,692116.0,1435060.0,0.48229063593159865
PTGER4-D015179,Hispanic/Latin American,5941.0,1435060.0,0.004139896589689629
PTGS2-D001172,East Asian,253008.0,311292.0,0.8127674337920666
PTGS2-D001172,European,58284.0,311292.0,0.18723256620793338
PTPN1-D005901,European,1022814.0,1022814.0,1.0
PTPN1-D015179,East Asian,167691.0,730660.0,0.22950619987408644
PTPN1-D015179,European,562969.0,730660.0,0.7704938001259135
QPCT-D000544,European,467623.0,467623.0,1.0
RARG-D029424,European,743898.0,743898.0,1.0
REN-D006973,European,422000.0,422000.0,1.0
RHD-D016553,European,953315.0,953315.0,1.0
RLBP1-D012174,European,31764.0,31764.0,1.0
ROS1-D002289,East Asian,192792.0,192792.0,1.0
ROS1-D055752,East Asian,192792.0,192792.0,1.0
S1PR1-D057765,African,116770.0,3296984.0,0.03541721767530567
S1PR1-D057765,East Asian,209833.0,3296984.0,0.06364392426532856
S1PR1-D057765,European,2736841.0,3296984.0,0.8301044227087544
S1PR1-D057765,Hispanic/Latin American,116770.0,3296984.0,0.03541721767530567
S1PR1-D057765,South Asian,116770.0,3296984.0,0.03541721767530567
S1PR4-D057765,European,1494899.0,1494899.0,1.0
S1PR5-D011565,European,33394.0,33394.0,1.0
SCN1A-D004827,African,6636.0,476814.0,0.013917376587096856
SCN1A-D004827,East Asian,219221.0,476814.0,0.4597620875225979
SCN1A-D004827,European,250957.0,476814.0,0.5263205358903053
SCN1A-D004828,African,2670.0,39348.0,0.06785605367490088
SCN1A-D004828,East Asian,3365.0,39348.0,0.08551895903222527
SCN1A-D004828,European,33313.0,39348.0,0.8466249872928738
SCN1A-D004829,African,6636.0,476814.0,0.013917376587096856
SCN1A-D004829,East Asian,219221.0,476814.0,0.4597620875225979
SCN1A-D004829,European,250957.0,476814.0,0.5263205358903053
SCN2A-D001714,East Asian,6472.0,670530.0,0.00965206627593098
SCN2A-D001714,European,664058.0,670530.0,0.990347933724069
SCN3A-D001714,East Asian,6472.0,670530.0,0.00965206627593098
SCN3A-D001714,European,664058.0,670530.0,0.990347933724069
SCN5A-D001145,African,52970.0,1115671.0,0.047478154402149024
SCN5A-D001145,East Asian,7184.5,1115671.0,0.006439622433495179
SCN5A-D001145,European,985243.0,1115671.0,0.8830945682015576
SCN5A-D001145,Hispanic/Latin American,54030.0,1115671.0,0.048428255283143505
SCN5A-D001145,Native American,231.0,1115671.0,0.0002070502863299306
SCN5A-D001145,Other,684.0,1115671.0,0.0006130839647171971
SCN5A-D001145,Other Asian,2542.5,1115671.0,0.0022788976320080026
SCN5A-D001145,South Asian,12786.0,1115671.0,0.011460367796599535
SCN5A-D001281,African,8967.0,2208467.0,0.004060282539879473
SCN5A-D001281,East Asian,196482.0,2208467.0,0.08896759607456213
SCN5A-D001281,European,1997996.0,2208467.0,0.9046981458178909
SCN5A-D001281,Hispanic/Latin American,5022.0,2208467.0,0.002273975567667527
SCN5A-D017180,African,13920.0,464204.0,0.02998681614117931
SCN5A-D017180,East Asian,315.0,464204.0,0.0006785809687120317
SCN5A-D017180,European,421272.0,464204.0,0.9075147995277938
SCN5A-D017180,Hispanic/Latin American,12749.0,464204.0,0.02746421831780855
SCN5A-D017180,Other,684.0,464204.0,0.0014734901034889833
SCN5A-D017180,Other Asian,2478.0,464204.0,0.005338170287201316
SCN5A-D017180,South Asian,12786.0,464204.0,0.027543924653815995
SELE-D003920,East Asian,4525.0,4525.0,1.0
SLC10A2-D006937,European,398508.0,398508.0,1.0
SLC10A2-D006949,European,398508.0,398508.0,1.0
SLC12A1-D007676,European,437580.0,437580.0,1.0
SLC12A2-D006973,African,63490.0,2930625.0,0.021664320750693113
SLC12A2-D006973,European,2836846.0,2930625.0,0.9680003412241416
SLC12A2-D006973,Hispanic/Latin American,22802.0,2930625.0,0.007780592876946044
SLC12A2-D006973,Native American,2695.0,2930625.0,0.0009195990616336105
SLC12A2-D006973,Other Asian,4792.0,2930625.0,0.001635146086585626
SLC22A12-D006073,African,108924.6,2820169.0000000005,0.038623430014300554
SLC22A12-D006073,East Asian,366436.6,2820169.0000000005,0.12993426989659126
SLC22A12-D006073,European,2187813.6,2820169.0000000005,0.7757739341152958
SLC22A12-D006073,Hispanic/Latin American,69850.6,2820169.0000000005,0.02476823197475045
SLC22A12-D006073,Oceanian,1536.0,2820169.0000000005,0.0005446482107987144
SLC22A12-D006073,South Asian,85607.6,2820169.0000000005,0.03035548578826304
SLC40A1-D000740,African,265401.4,7240689.0,0.03665416371287319
SLC40A1-D000740,East Asian,523261.4,7240689.0,0.07226679670953966
SLC40A1-D000740,European,5921223.4,7240689.0,0.8177707121518408
SLC40A1-D000740,Hispanic/Latin American,265401.4,7240689.0,0.03665416371287319
SLC40A1-D000740,South Asian,265401.4,7240689.0,0.03665416371287319
SLC40A1-D006432,European,463399.0,463399.0,1.0
SLC5A1-D003920,African,4847.0,1192071.0,0.004066032979579236
SLC5A1-D003920,East Asian,71221.0,1192071.0,0.059745602401199256
SLC5A1-D003920,European,1109108.0,1192071.0,0.9304043131659104
SLC5A1-D003920,South Asian,6895.0,1192071.0,0.005784051453311087
SLC5A1-D003924,European,2012588.0,2012588.0,1.0
SLC6A3-D009290,European,830435.0,830435.0,1.0
SLC6A3-D012148,European,830435.0,830435.0,1.0
SLC6A3-D012893,European,830435.0,830435.0,1.0
SLC6A3-D020920,European,830435.0,830435.0,1.0
SLC6A4-D009765,European,915822.0,915822.0,1.0
SLC7A11-D001008,European,2422791.0,2422791.0,1.0
SLC7A11-D003863,European,1295946.0,1295946.0,1.0
SLC7A11-D009771,European,2422791.0,2422791.0,1.0
SLC9A3-D007676,European,437660.0,437660.0,1.0
SMAD7-D003093,East Asian,11396.0,246197.0,0.0462881351113133
SMAD7-D003093,European,228530.0,246197.0,0.9282403928561274
SMAD7-D003093,Middle Eastern,1629.0,246197.0,0.0066166525181054195
SMAD7-D003093,South Asian,4642.0,246197.0,0.018854819514453874
SMAD7-D003424,East Asian,11396.0,246197.0,0.0462881351113133
SMAD7-D003424,European,228530.0,246197.0,0.9282403928561274
SMAD7-D003424,Middle Eastern,1629.0,246197.0,0.0066166525181054195
SMAD7-D003424,South Asian,4642.0,246197.0,0.018854819514453874
SNCA-D010300,East Asian,267687.0,5678165.0,0.04714322320679304
SNCA-D010300,European,5360983.0,5678165.0,0.9441400522880191
SNCA-D010300,Other Asian,49495.0,5678165.0,0.008716724505187855
SNCA-D019578,East Asian,267687.0,5678165.0,0.04714322320679304
SNCA-D019578,European,5360983.0,5678165.0,0.9441400522880191
SNCA-D019578,Other Asian,49495.0,5678165.0,0.008716724505187855
SOD1-D007249,European,855581.0,855581.0,1.0
SOST-D001851,East Asian,21499.0,129468.0,0.16605647727623815
SOST-D001851,European,107969.0,129468.0,0.8339435227237618
SOST-D010024,East Asian,21499.0,129468.0,0.16605647727623815
SOST-D010024,European,107969.0,129468.0,0.8339435227237618
SRD5A2-D000505,European,52874.0,52874.0,1.0
SREBF1-D003920,East Asian,71221.0,853152.0,0.08347984884287911
SREBF1-D003920,European,781931.0,853152.0,0.9165201511571209
SREBF1-D009765,East Asian,173430.0,495584.0,0.3499507651578743
SREBF1-D009765,European,322154.0,495584.0,0.6500492348421256
STAT3-D003093,East Asian,48543.0,364895.0,0.1330327902547308
STAT3-D003093,European,308414.0,364895.0,0.8452130064813166
STAT3-D003093,Middle Eastern,2122.0,364895.0,0.005815371545239041
STAT3-D003093,South Asian,5816.0,364895.0,0.015938831718713603
STAT3-D011565,European,305801.0,305801.0,1.0
STAT6-D015179,European,92967.0,92967.0,1.0
SYK-D016553,European,1435508.0,1435508.0,1.0
TACR3-D004700,European,1550249.0,1550249.0,1.0
TBXAS1-D002318,European,459000.0,459000.0,1.0
TBXAS1-D007249,European,436939.0,436939.0,1.0
TGFB1-D005923,East Asian,175359.0,653143.0,0.26848484941276257
TGFB1-D005923,European,477784.0,653143.0,0.7315151505872374
TGFB1-D015179,East Asian,100603.0,135849.0,0.7405501696736818
TGFB1-D015179,European,35246.0,135849.0,0.2594498303263182
TGFB2-D005901,African,757.0,457059.0,0.0016562413167665443
TGFB2-D005901,East Asian,9623.0,457059.0,0.021054174625157802
TGFB2-D005901,European,445312.0,457059.0,0.974298722921986
TGFB2-D005901,Hispanic/Latin American,1367.0,457059.0,0.0029908611360896513
TH-D011471,African,29082.0,1859531.0,0.015639427360985107
TH-D011471,East Asian,125480.0,1859531.0,0.06747938055348365
TH-D011471,European,1681560.0,1859531.0,0.9042925339776535
TH-D011471,Hispanic/Latin American,15681.0,1859531.0,0.00843277148915506
TH-D011471,Oceanian,7728.0,1859531.0,0.004155886618722678
THPO-D013921,African,144240.2,4107925.0,0.03511266637049119
THPO-D013921,East Asian,710148.2,4107925.0,0.17287272771533072
THPO-D013921,European,2965056.2,4107925.0,0.7217892731731957
THPO-D013921,Hispanic/Latin American,144240.2,4107925.0,0.03511266637049119
THPO-D013921,South Asian,144240.2,4107925.0,0.03511266637049119
THPO-D013922,African,144240.2,4107925.0,0.03511266637049119
THPO-D013922,East Asian,710148.2,4107925.0,0.17287272771533072
THPO-D013922,European,2965056.2,4107925.0,0.7217892731731957
THPO-D013922,Hispanic/Latin American,144240.2,4107925.0,0.03511266637049119
THPO-D013922,South Asian,144240.2,4107925.0,0.03511266637049119
THRB-D006937,African,8972.0,1853342.0,0.004840984556547038
THRB-D006937,East Asian,111667.0,1853342.0,0.06025169666472783
THRB-D006937,European,1717139.0,1853342.0,0.9265095163224056
THRB-D006937,Hispanic/Latin American,7795.0,1853342.0,0.004205915583847989
THRB-D006937,South Asian,7769.0,1853342.0,0.004191886872471459
THRB-D006938,African,8972.0,1853342.0,0.004840984556547038
THRB-D006938,East Asian,111667.0,1853342.0,0.06025169666472783
THRB-D006938,European,1717139.0,1853342.0,0.9265095163224056
THRB-D006938,Hispanic/Latin American,7795.0,1853342.0,0.004205915583847989
THRB-D006938,South Asian,7769.0,1853342.0,0.004191886872471459
TNFRSF13B-D009101,European,868479.0,868479.0,1.0
TNFRSF1A-D007249,European,855581.0,855581.0,1.0
TNFRSF1A-D008103,European,11375.0,11375.0,1.0
TNFRSF1A-D009103,European,153906.0,153906.0,1.0
TNFRSF1A-D013167,East Asian,3117.0,25764.0,0.12098276665114113
TNFRSF1A-D013167,European,22647.0,25764.0,0.8790172333488588
TNFRSF1A-D015179,East Asian,100603.0,135849.0,0.7405501696736818
TNFRSF1A-D015179,European,35246.0,135849.0,0.2594498303263182
TNFRSF1A-D015535,East Asian,3117.0,25764.0,0.12098276665114113
TNFRSF1A-D015535,European,22647.0,25764.0,0.8790172333488588
TNFRSF1A-D018805,European,855581.0,855581.0,1.0
TNFSF13-D005922,East Asian,11871.0,11871.0,1.0
TNFSF15-D001249,East Asian,1881.0,305740.0,0.006152286256296199
TNFSF15-D001249,European,303859.0,305740.0,0.9938477137437038
TNFSF15-D003093,East Asian,59689.0,498649.0,0.11970143327270284
TNFSF15-D003093,European,431022.0,498649.0,0.8643795535537021
TNFSF15-D003093,Middle Eastern,2122.0,498649.0,0.004255498356559423
TNFSF15-D003093,South Asian,5816.0,498649.0,0.01166351481703563
TNFSF15-D003424,East Asian,59689.0,498649.0,0.11970143327270284
TNFSF15-D003424,European,431022.0,498649.0,0.8643795535537021
TNFSF15-D003424,Middle Eastern,2122.0,498649.0,0.004255498356559423
TNFSF15-D003424,South Asian,5816.0,498649.0,0.01166351481703563
TNFSF4-D001249,African,8204.0,3779372.0,0.0021707310103371673
TNFSF4-D001249,East Asian,5215.0,3779372.0,0.0013798588760249057
TNFSF4-D001249,European,3764555.0,3779372.0,0.9960795073890583
TNFSF4-D001249,Hispanic/Latin American,1398.0,3779372.0,0.00036990272457963915
TNFSF4-D003876,European,1656110.0,1656110.0,1.0
TNFSF4-D065631,African,8204.0,3779372.0,0.0021707310103371673
TNFSF4-D065631,East Asian,5215.0,3779372.0,0.0013798588760249057
TNFSF4-D065631,European,3764555.0,3779372.0,0.9960795073890583
TNFSF4-D065631,Hispanic/Latin American,1398.0,3779372.0,0.00036990272457963915
TP53-D003920,African,4847.0,776668.0,0.0062407618184346465
TP53-D003920,European,764926.0,776668.0,0.9848815710187622
TP53-D003920,South Asian,6895.0,776668.0,0.008877667162803153
TP53-D008545,European,411948.0,411948.0,1.0
TP53-D011471,European,140254.0,140254.0,1.0
TP53-D014565,European,140254.0,140254.0,1.0
TRPM8-D008881,European,1068085.0,1068085.0,1.0
TSHR-D006980,East Asian,747495.0,1678263.0,0.4453980097279151
TSHR-D006980,European,930768.0,1678263.0,0.5546019902720849
TSHR-D007037,East Asian,173770.0,583911.0,0.2975967227882331
TSHR-D007037,European,410141.0,583911.0,0.7024032772117669
TSLP-D001249,African,20167.0,7884190.0,0.002557903855690946
TSLP-D001249,East Asian,607217.0,7884190.0,0.07701704296826942
TSLP-D001249,European,7250023.0,7884190.0,0.9195647238333932
TSLP-D001249,Hispanic/Latin American,6783.0,7884190.0,0.0008603293426464862
TSLP-D003876,East Asian,113101.0,674554.0,0.16766782199794233
TSLP-D003876,European,561453.0,674554.0,0.8323321780020576
TSLP-D009298,East Asian,152006.0,1321112.0,0.11505913200394818
TSLP-D009298,European,1169106.0,1321112.0,0.8849408679960518
TSLP-D012852,East Asian,156843.0,609338.0,0.2573990133554776
TSLP-D012852,European,452495.0,609338.0,0.7426009866445225
TSLP-D029424,African,20167.0,7884190.0,0.002557903855690946
TSLP-D029424,East Asian,607217.0,7884190.0,0.07701704296826942
TSLP-D029424,European,7250023.0,7884190.0,0.9195647238333932
TSLP-D029424,Hispanic/Latin American,6783.0,7884190.0,0.0008603293426464862
TTK-D001943,East Asian,84874.0,554418.0,0.15308666024551873
TTK-D001943,European,457902.0,554418.0,0.8259147430278238
TTK-D001943,Other Asian,11642.0,554418.0,0.020998596726657503
TYK2-D001172,African,2308.0,1252759.0,0.0018423336012752653
TYK2-D001172,East Asian,499215.0,1252759.0,0.39849244746994433
TYK2-D001172,European,751236.0,1252759.0,0.5996652189287804
TYK2-D001249,European,371898.0,371898.0,1.0
TYK2-D001327,European,518467.0,518467.0,1.0
TYK2-D003093,East Asian,16805.0,824143.0,0.020390878767398375
TYK2-D003093,European,799400.0,824143.0,0.9699772976291736
TYK2-D003093,Middle Eastern,2122.0,824143.0,0.0025747958788705358
TYK2-D003093,South Asian,5816.0,824143.0,0.00705702772455751
TYK2-D003424,East Asian,16805.0,824143.0,0.020390878767398375
TYK2-D003424,European,799400.0,824143.0,0.9699772976291736
TYK2-D003424,Middle Eastern,2122.0,824143.0,0.0025747958788705358
TYK2-D003424,South Asian,5816.0,824143.0,0.00705702772455751
TYK2-D007249,European,5284.0,5284.0,1.0
TYK2-D008180,African,5422.0,119159.0,0.04550222811537526
TYK2-D008180,East Asian,13174.0,119159.0,0.11055816178383504
TYK2-D008180,European,96675.0,119159.0,0.8113109374868873
TYK2-D008180,Hispanic/Latin American,3888.0,119159.0,0.03262867261390243
TYK2-D008181,African,5422.0,119159.0,0.04550222811537526
TYK2-D008181,East Asian,13174.0,119159.0,0.11055816178383504
TYK2-D008181,European,96675.0,119159.0,0.8113109374868873
TYK2-D008181,Hispanic/Latin American,3888.0,119159.0,0.03262867261390243
TYK2-D011565,East Asian,172495.0,1041597.0,0.16560627574772202
TYK2-D011565,European,869102.0,1041597.0,0.834393724252278
TYK2-D012859,African,2308.0,1252759.0,0.0018423336012752653
TYK2-D012859,East Asian,499215.0,1252759.0,0.39849244746994433
TYK2-D012859,European,751236.0,1252759.0,0.5996652189287804
TYK2-D015212,East Asian,16805.0,824143.0,0.020390878767398375
TYK2-D015212,European,799400.0,824143.0,0.9699772976291736
TYK2-D015212,Middle Eastern,2122.0,824143.0,0.0025747958788705358
TYK2-D015212,South Asian,5816.0,824143.0,0.00705702772455751
TYK2-D015535,East Asian,175612.0,1067361.0,0.16452915180524677
TYK2-D015535,European,891749.0,1067361.0,0.8354708481947533
TYR-D008545,European,1431199.0,1431199.0,1.0
TYRP1-D008545,European,411948.0,411948.0,1.0
VEGFA-D003924,African,56092.0,5045647.0,0.011116909288343002
VEGFA-D003924,East Asian,285558.5,5045647.0,0.05659502141152562
VEGFA-D003924,European,4571758.0,5045647.0,0.9060796365659349
VEGFA-D003924,Hispanic/Latin American,20445.0,5045647.0,0.004052007601800126
VEGFA-D003924,South Asian,111793.5,5045647.0,0.022156425132396303
VEGFA-D008269,East Asian,5158.0,247045.0,0.020878787265477948
VEGFA-D008269,European,241658.0,247045.0,0.9781942561071869
VEGFA-D008269,South Asian,229.0,247045.0,0.0009269566273351009
VEGFA-D009216,European,542934.0,542934.0,1.0
VEGFA-D011471,African,22939.0,421625.0,0.05440616661725467
VEGFA-D011471,East Asian,29938.0,421625.0,0.07100622591165134
VEGFA-D011471,European,358079.0,421625.0,0.8492831307441446
VEGFA-D011471,Hispanic/Latin American,10669.0,421625.0,0.025304476726949302
VEGFA-D012174,East Asian,5158.0,247045.0,0.020878787265477948
VEGFA-D012174,European,241658.0,247045.0,0.9781942561071869
VEGFA-D012174,South Asian,229.0,247045.0,0.0009269566273351009
VEGFA-D014565,African,22939.0,421625.0,0.05440616661725467
VEGFA-D014565,East Asian,29938.0,421625.0,0.07100622591165134
VEGFA-D014565,European,358079.0,421625.0,0.8492831307441446
VEGFA-D014565,Hispanic/Latin American,10669.0,421625.0,0.025304476726949302
VEGFA-D050197,East Asian,168228.0,649058.0,0.2591879308166605
VEGFA-D050197,European,480830.0,649058.0,0.7408120691833395
VWF-D006467,African,8200.0,164208.0,0.0499366656922927
VWF-D006467,East Asian,386.5,164208.0,0.0023537221085452595
VWF-D006467,European,153520.0,164208.0,0.9349118191561921
VWF-D006467,Hispanic/Latin American,1715.0,164208.0,0.010444070934424633
VWF-D006467,South Asian,386.5,164208.0,0.0023537221085452595
VWF-D014842,African,105008.4,4224279.0,0.024858301262771706
VWF-D014842,East Asian,97194.9,4224279.0,0.02300863650341277
VWF-D014842,European,3826357.4,4224279.0,0.9058012976889074
VWF-D014842,Hispanic/Latin American,98523.4,4224279.0,0.023323128041495365
VWF-D014842,South Asian,97194.9,4224279.0,0.02300863650341277
WT1-D010051,European,121885.0,121885.0,1.0
