replicate,estimator,n_valid_comparisons,mean_slope,median_slope
0,naive,104,0.9939715759899753,0.9414260202589239
0,fiqt,104,1.0119820721558679,0.9488715496953632
0,deming,104,0.949065427754155,0.9645874132534988
1,naive,104,0.9941764452515469,0.9816169195624374
1,fiqt,104,1.013242743188481,0.9861667369029827
1,deming,104,1.0369518099235124,1.0248441277823055
2,naive,104,1.0832122399208806,1.0746261632939074
2,fiqt,104,1.1008201764313144,1.1051930780023334
2,deming,104,1.1384347441140332,1.0759025602441996
3,naive,104,0.7419385626973478,0.9113686990323397
3,fiqt,104,0.7550711418312098,0.9450141999721278
3,deming,104,0.8894614388764013,0.923985633284183
4,naive,104,0.9902070745011847,0.9624566843500938
4,fiqt,104,1.0063760339194066,0.9868729848047446
4,deming,104,0.9902025909464951,0.9766349652560671
5,naive,104,0.9439031655385607,0.9273937902577312
5,fiqt,104,0.961568699379478,0.9390903977629723
5,deming,104,1.0483986224893127,1.0087013840561225
6,naive,104,0.9464030500815921,0.9667986535324096
6,fiqt,104,0.9639676686835164,0.9881528394676502
6,deming,104,1.067310830964516,0.9999857701761692
7,naive,104,0.7569106681463946,0.9519831751079846
7,fiqt,104,0.770641757096119,0.9628473947890879
7,deming,104,0.8809124177701305,0.9384491300869414
8,naive,104,1.0091578932675374,1.0276229240045425
8,fiqt,104,1.024421767038469,1.0530078493594006
8,deming,104,1.0403213412029078,1.01901358776811
9,naive,104,1.0162785859303585,0.9745475436060587
9,fiqt,104,1.0338005265704022,0.9992207918903462
9,deming,104,0.9878468674930887,1.0008657518490696
10,naive,104,1.0677282525258942,1.0197916881937905
10,fiqt,104,1.0871077538885774,1.0395345146541275
10,deming,104,1.041816801524396,0.9636489003715296
11,naive,104,1.0267553660689777,0.9482176349006797
11,fiqt,104,1.0438779324631597,0.9747154862174022
11,deming,104,0.9239176464252947,0.9329153849161087
12,naive,104,0.994104817343106,1.0236380127132805
12,fiqt,104,1.0117486206498925,1.03535584741513
12,deming,104,1.053156170739189,1.0201264748085799
13,naive,104,0.9979563567515719,0.9928063766045518
13,fiqt,104,1.0152346973721447,1.0221191603282285
13,deming,104,1.0156716384475586,0.9841030615718558
14,naive,104,1.059509223920189,1.0593200705723904
14,fiqt,104,1.0785128596031546,1.0988072061373064
14,deming,104,0.9662751198678297,1.0162679171575586
15,naive,104,1.1374408233893123,1.054088352161705
15,fiqt,104,1.1561080035987201,1.1070272292222945
15,deming,104,1.0632700643115938,1.0587941990226493
16,naive,104,0.8960835218173059,0.9665454706612537
16,fiqt,104,0.9124261805838612,0.9752764651716717
16,deming,104,0.9618391228047939,1.0054846688137802
17,naive,104,0.9911323097650675,0.9900270021966866
17,fiqt,104,1.0076792470937008,1.0117624374756864
17,deming,104,1.0102644480305412,1.0024395499657448
18,naive,104,0.8274391663245967,0.8118693157070282
18,fiqt,104,0.843618387500747,0.8214764086900722
18,deming,104,0.8704133381308705,0.9445984935298025
19,naive,104,1.0808254868975438,1.0247679849844524
19,fiqt,104,1.0985260260844443,1.0382180671023153
19,deming,104,1.0992700480433724,1.0310007985206675
20,naive,104,0.9066848654716756,0.9196487968111534
20,fiqt,104,0.922586665075538,0.9412661691043357
20,deming,104,0.9301363256918432,0.9797349542557117
21,naive,104,0.9454457843645444,0.9537760855233473
21,fiqt,104,0.9604031688412916,0.9954890629136564
21,deming,104,0.9637070083563908,0.9950157482870471
22,naive,104,0.9903834911459775,0.9817808774258763
22,fiqt,104,1.008099003859546,0.99149664518484
22,deming,104,0.9998078481950763,0.9931914307884944
23,naive,104,1.0514994245502496,0.9871904813885348
23,fiqt,104,1.068773752288705,1.0114347152944514
23,deming,104,1.0358903386505676,0.9997055688441276
24,naive,104,0.8517686241746829,0.9972035867571644
24,fiqt,104,0.8687738043341108,1.0156712355224062
24,deming,104,0.9092848155890481,0.9860688974135372
25,naive,104,1.015514216468447,0.9734593585709399
25,fiqt,104,1.0313113126177593,0.9951891881530497
25,deming,104,1.0204581796019345,0.9740457805047334
26,naive,104,0.985277694443686,0.9942118946298133
26,fiqt,104,1.0018009402698786,1.0099256216173251
26,deming,104,1.0091341992143834,1.0198153532813012
27,naive,104,0.9227592978016715,0.933653878527568
27,fiqt,104,0.941297533117666,0.943479056258951
27,deming,104,0.9538271020669835,0.965004982682864
28,naive,104,0.9313011624652743,0.93093351010915
28,fiqt,104,0.9481649737722342,0.9676336071563949
28,deming,104,0.9384798437249112,0.968429825853028
29,naive,104,1.014900143581456,1.0311608957815155
29,fiqt,104,1.0332221688788539,1.044873967547863
29,deming,104,0.9930610507689639,1.0263033601088747
30,naive,104,1.0975800549253232,1.0402847006785008
30,fiqt,104,1.1152244676958878,1.070835000762738
30,deming,104,1.048732989985211,1.0223048975837883
31,naive,104,1.0404689146827344,1.080684818924965
31,fiqt,104,1.0578848226962008,1.106538302267916
31,deming,104,1.0363006975108764,1.0040370550220168
32,naive,104,1.0758160003606982,1.1042491371538992
32,fiqt,104,1.092993361333258,1.1498892805088508
32,deming,104,1.0005143479855612,1.0366472628659307
33,naive,104,0.9252875590762469,0.949618500752102
33,fiqt,104,0.9405199803635302,0.981150247551527
33,deming,104,0.9603824094638327,0.999770702353022
34,naive,104,1.0708403067980847,1.0072718170036614
34,fiqt,104,1.090169170589299,1.0203518939180993
34,deming,104,1.037960112869277,1.02281956773751
35,naive,104,1.0056805901445374,0.967290560291235
35,fiqt,104,1.0231615304072688,1.0143776836112794
35,deming,104,1.072511189764672,1.031662759720224
36,naive,104,0.932051447342843,0.958716247238219
36,fiqt,104,0.9483451773409547,0.9701308051197882
36,deming,104,0.9685775548633384,0.9701778434417517
37,naive,104,0.9422107262972819,0.9783750788901612
37,fiqt,104,0.9596174887748657,1.0031905780195534
37,deming,104,0.9514529948672285,0.9692351715246013
38,naive,104,0.930073104626191,0.9654139754697675
38,fiqt,104,0.946376352437835,0.983127413392975
38,deming,104,0.9530982310215455,0.9767509051362326
39,naive,104,0.8641710691389418,0.9259724540455749
39,fiqt,104,0.8810638195945102,0.9341125327477506
39,deming,104,0.9427660691664,0.9760929576864159
40,naive,104,1.0428315397903785,0.9850568366291466
40,fiqt,104,1.0606408759065808,1.0487657893304565
40,deming,104,1.0281159267599203,0.963457477256996
41,naive,104,0.9926628565873392,1.0005102057969166
41,fiqt,104,1.0104580778538619,1.0430812991300678
41,deming,104,0.955090621667537,0.9776868115528741
42,naive,104,0.9571800372886443,0.9536190849239388
42,fiqt,104,0.9728164647154323,0.9890122939754455
42,deming,104,1.019430185343351,0.9831867727813464
43,naive,104,0.8931518117987249,0.9885809257180322
43,fiqt,104,0.9087116602467948,1.0270193087241752
43,deming,104,0.9581604477897768,0.993511339692593
44,naive,104,0.9148862204731886,0.9226809951860468
44,fiqt,104,0.9316459458675168,0.9374727042426318
44,deming,104,1.0102195673119694,0.9745478856001186
45,naive,104,0.9004842123838214,0.9564254873421627
45,fiqt,104,0.9168182406370289,0.9882849233902005
45,deming,104,0.9566837805157232,0.9796946674100915
46,naive,104,1.014090242131691,0.9951672785279666
46,fiqt,104,1.0304184012257158,1.0208780033593827
46,deming,104,1.0552770273554475,1.0371077445429644
47,naive,104,0.998140563516424,0.9918410147904959
47,fiqt,104,1.0178119662122826,1.0382703355734302
47,deming,104,1.0167309161806615,1.0383003595812128
48,naive,104,1.0278671912472515,0.9980093664395919
48,fiqt,104,1.0451135943692171,1.0312756712346396
48,deming,104,0.9811608700911119,0.9686425064141062
49,naive,104,0.9273391279372144,0.9776467651191785
49,fiqt,104,0.9427536511072745,0.9880647743951849
49,deming,104,0.9667818564035314,0.9504219725578432
50,naive,104,1.1211319711227814,1.0112220377548677
50,fiqt,104,1.1385246600142283,1.0321932752298715
50,deming,104,1.0365743480403535,1.0309610068488415
51,naive,104,0.9181280143686034,0.9744182927507303
51,fiqt,104,0.9343549559652522,0.9867449858431903
51,deming,104,0.9787304488738809,1.020221366221843
52,naive,104,0.8972979600079747,0.9031041560865736
52,fiqt,104,0.9118176376208686,0.9310127546722553
52,deming,104,0.960195374650662,0.9870058883479983
53,naive,104,0.9639850729509416,0.9869203578501129
53,fiqt,104,0.9805675798652447,1.0042600496765486
53,deming,104,0.9808257163833473,1.0059470453252743
54,naive,104,1.0478959314454142,1.0095198753182975
54,fiqt,104,1.0648301786117296,1.026264994714232
54,deming,104,1.072987672226263,1.0232324694435229
55,naive,104,1.0421097581760388,0.9451369231857201
55,fiqt,104,1.0595095634185527,0.9712535726573903
55,deming,104,1.0494697618652171,0.9977305939258516
56,naive,104,1.0177130922903836,1.037273564933375
56,fiqt,104,1.0362013586713947,1.0647875772332274
56,deming,104,0.9621355373618757,1.0256454302196865
57,naive,104,0.8696445021727371,0.9697204779394581
57,fiqt,104,0.8838193035219094,1.0015906337707272
57,deming,104,0.9437481628213275,0.9392467720826929
58,naive,104,1.1499337471940552,1.0557373609775234
58,fiqt,104,1.1676350277603893,1.0775759639955294
58,deming,104,1.0767350304921819,1.0039274562758091
59,naive,104,1.0045494137591895,0.9413621415084621
59,fiqt,104,1.0211410064931405,0.9596902830666212
59,deming,104,0.9914858529259749,0.9600635478735171
60,naive,104,1.0538311938644858,1.0310365081393797
60,fiqt,104,1.072279919689733,1.0450776629317038
60,deming,104,0.9902728127027063,1.0215298670232626
61,naive,104,0.9409889500636857,1.0057745466635981
61,fiqt,104,0.9592828082507473,1.0100807693129192
61,deming,104,0.9963513948648507,1.00971632523145
62,naive,104,1.0926143318271104,1.0165948657780213
62,fiqt,104,1.1113141204691375,1.0357657633513315
62,deming,104,1.0893302513011867,1.0716833046750476
63,naive,104,0.840362005458759,0.9106995457172241
63,fiqt,104,0.8568620016267913,0.9385060316650393
63,deming,104,0.974317966171845,0.951048738694756
64,naive,104,0.9650149962590656,0.9929042900133584
64,fiqt,104,0.9827737352919669,1.0206195401720985
64,deming,104,0.9780068734175631,0.9590749368855366
65,naive,104,0.9528551847623454,0.9909639466173785
65,fiqt,104,0.9684687548497183,1.050138331513649
65,deming,104,0.9751712304994853,0.9744269442965434
66,naive,104,1.0296535152542499,1.0084100809504593
66,fiqt,104,1.0452971643904136,1.0696000216981592
66,deming,104,1.0041014744563947,0.9898155041514585
67,naive,104,0.9627203866290354,1.0257208755807117
67,fiqt,104,0.9780989468108816,1.0789930914064376
67,deming,104,0.9751135413357118,0.9927379360442827
68,naive,104,1.046597581082692,1.0483433485578109
68,fiqt,104,1.0648269964439667,1.0746956674398027
68,deming,104,1.019785165278383,1.021568835160506
69,naive,104,0.8782136230570035,0.922038191198332
69,fiqt,104,0.8954667641354006,0.9276427663758993
69,deming,104,0.9360482140118527,0.9630987819301449
70,naive,104,0.9760651756328209,0.974705175030775
70,fiqt,104,0.9926725059694405,0.9909459900479005
70,deming,104,1.015849936305782,1.0007448988910606
71,naive,104,0.9611823619259602,1.0067673374189117
71,fiqt,104,0.9782563222425836,1.0264160382529761
71,deming,104,1.0025332640660307,0.9607886198240732
72,naive,104,1.0468018135762522,1.0237800900372394
72,fiqt,104,1.0664485016068328,1.0614571765544014
72,deming,104,1.0182697359319213,1.0244961972128566
73,naive,104,1.0276154395954455,0.9898934492051799
73,fiqt,104,1.0446107171875758,1.0210864755101106
73,deming,104,1.0428925000333598,1.0285195055994931
74,naive,104,1.0601026889055154,1.038047567001053
74,fiqt,104,1.0770765826185456,1.0712798631466955
74,deming,104,1.075263511110016,1.0388599918114736
75,naive,104,0.9898774227473274,0.9910674354046974
75,fiqt,104,1.0046109040498419,1.024818765744917
75,deming,104,1.0573649040297928,1.0107399915463873
76,naive,104,1.0239678558128371,1.0634145643617363
76,fiqt,104,1.041004274325566,1.0944882934790472
76,deming,104,1.0794848435985682,1.0392455680074748
77,naive,104,1.0963970030835979,1.0585294561027858
77,fiqt,104,1.1135493747418819,1.0898079826281446
77,deming,104,0.974726440444255,0.9601316976171308
78,naive,104,1.045566069146589,0.9716096242812432
78,fiqt,104,1.0635989878884045,0.9970006493651773
78,deming,104,0.9972216395983702,1.0148651632533745
79,naive,104,1.0516259653038402,1.0008819795455877
79,fiqt,104,1.0687940396014497,1.0158591935302104
79,deming,104,0.9705657502374243,0.9536461980717172
80,naive,104,0.9149288624756398,0.9763642025878592
80,fiqt,104,0.9330291939801658,0.994463635211023
80,deming,104,0.9563202658259462,0.957162826935429
81,naive,104,1.1614275926033675,1.09317099027537
81,fiqt,104,1.1817102244706634,1.11407692670458
81,deming,104,1.1008261113434255,1.055026531209627
82,naive,104,0.9613339647040783,0.9870218246127533
82,fiqt,104,0.9778995045640083,1.0176215379433189
82,deming,104,1.005847688025193,1.0232438521745526
83,naive,104,0.9409561330476343,0.96888613913285
83,fiqt,104,0.9582420416130975,0.9833953146968728
83,deming,104,0.9755072314162805,0.9682998457745581
84,naive,104,1.1109078627563698,1.088789437429919
84,fiqt,104,1.128289833973931,1.1315438176271133
84,deming,104,1.1081485201521595,1.037106355590971
85,naive,104,0.918084016972937,0.9274573683411849
85,fiqt,104,0.9341368082116583,0.9428729804449834
85,deming,104,1.000542980079141,1.00468107864147
86,naive,104,0.9751349555728429,1.0295523980794212
86,fiqt,104,0.9932394373507797,1.0478338186490648
86,deming,104,1.0348217907781014,1.021462092850932
87,naive,104,0.9866546931262206,0.9810087450475229
87,fiqt,104,1.00381907693322,0.9887574774756718
87,deming,104,0.974496286769797,0.9575034860333798
88,naive,104,1.1608907586949215,1.069041163892392
88,fiqt,104,1.179479455683008,1.0879745727288026
88,deming,104,1.0725749105311895,1.053519077779118
89,naive,104,0.9146075416357604,0.9422783600352717
89,fiqt,104,0.9293702227288065,0.9517496620080932
89,deming,104,0.9656582210861584,0.9631592434360092
90,naive,104,1.0230918186288174,0.9470846661676011
90,fiqt,104,1.0411150799938698,0.9964671889588779
90,deming,104,0.8925532221135156,0.9126454524764026
91,naive,104,0.9392781992421585,0.9790851661160677
91,fiqt,104,0.9554255952250326,1.0116435623732043
91,deming,104,0.9867346610469634,0.9945656507862671
92,naive,104,0.9463871094802786,1.0186929061090817
92,fiqt,104,0.9620862810092626,1.068119005896347
92,deming,104,1.0113881992092462,1.029437680831088
93,naive,104,1.0583530846955258,1.0110434693138577
93,fiqt,104,1.0759672490952137,1.0586637605430522
93,deming,104,1.0548593565249735,1.0498403942316927
94,naive,104,0.9573975523424222,1.0085955603949501
94,fiqt,104,0.9729778756534344,1.0248197861057418
94,deming,104,0.9941968665828942,0.9921138039967385
95,naive,104,0.9293320110576299,0.9544811510319224
95,fiqt,104,0.9455161712177651,0.9657525119601849
95,deming,104,0.9280925146070949,0.9611564216759421
96,naive,104,1.055847503529922,0.9997394614312993
96,fiqt,104,1.074138107443973,1.0226194153335242
96,deming,104,1.0315124504215558,1.0266362702049914
97,naive,104,1.001814528766896,0.969061850176421
97,fiqt,104,1.0188308536392923,0.9884169216519542
97,deming,104,0.9494010182480241,0.9975049295872793
98,naive,104,1.0003783808442757,1.021051324435338
98,fiqt,104,1.0167889054968984,1.0634544217815063
98,deming,104,1.0773188130889,1.0093126169483218
99,naive,104,1.0543036178529717,0.9875344689319921
99,fiqt,104,1.0725717723303678,1.0040701141646098
99,deming,104,0.9842720241388374,0.9901855255722415
100,naive,104,0.8772231234440141,0.9131068980190093
100,fiqt,104,0.8939075727653297,0.9443150534688378
100,deming,104,0.9624134215207939,0.9866236938840305
101,naive,104,0.9897029815132694,0.9496560733706791
101,fiqt,104,1.0078940030359835,0.9536772733601222
101,deming,104,0.9514673492970922,0.9479895847229629
102,naive,104,1.003992867622838,0.9490578274382273
102,fiqt,104,1.0214311969562526,0.9923090670983535
102,deming,104,1.026917544233188,1.0364871906667876
103,naive,104,0.8855010218016139,0.943535697095448
103,fiqt,104,0.9014682782905665,0.9477149770112302
103,deming,104,0.9394118963968049,0.9720219205884014
104,naive,104,1.003336826424172,0.9650297681571456
104,fiqt,104,1.0185795642756923,0.9742995528085165
104,deming,104,0.9523283148085321,0.977972742800891
105,naive,104,1.030571754099348,1.0292373117302895
105,fiqt,104,1.0479732203697196,1.053777462469966
105,deming,104,1.0298221684715994,1.0290452453287093
106,naive,104,0.9860699673945681,1.0089950526745124
106,fiqt,104,1.0019106711172676,1.0433194701729378
106,deming,104,0.9223579187331672,0.969706115460936
107,naive,104,1.0457973949283839,1.0042130604763595
107,fiqt,104,1.0626858391616554,1.0290042553602827
107,deming,104,0.9731718076803054,1.0117136538263254
108,naive,104,1.0723863824080146,1.0167046309475014
108,fiqt,104,1.0904288231900496,1.045911374828163
108,deming,104,1.0347751748266307,1.013341540474149
109,naive,104,1.0427605523921573,1.0247206696435016
109,fiqt,104,1.060343325635184,1.0445988122072074
109,deming,104,1.0673301949910687,1.0041351107068512
110,naive,104,1.0096027318168752,1.017340846510101
110,fiqt,104,1.026609121554498,1.0364895456116079
110,deming,104,0.9819783103637664,0.9981184177297242
111,naive,104,1.0879841022008703,1.020293418829893
111,fiqt,104,1.1054096222021792,1.037050256477511
111,deming,104,0.992318984098872,1.0070352852007638
112,naive,104,1.026707544922643,0.937509565689334
112,fiqt,104,1.0429554852183878,0.9441597327634214
112,deming,104,1.083865892050917,1.0278128579894354
113,naive,104,0.972795428049268,0.9356012759214123
113,fiqt,104,0.9901897395381212,0.9570273360357988
113,deming,104,1.002759452550016,0.9795229805830139
114,naive,104,1.0827486852909098,1.0402505488554834
114,fiqt,104,1.100746044265541,1.0751036072989553
114,deming,104,0.9631948184427178,1.0014577632217474
115,naive,104,1.018576516093441,0.9987491052221733
115,fiqt,104,1.0366237103358982,1.0532518726193056
115,deming,104,0.9847344540499727,0.9936944022166534
116,naive,104,0.8614960534402647,0.9899997409192445
116,fiqt,104,0.8768974687404459,1.0007309358491698
116,deming,104,1.0437551076377976,1.0242031630501462
117,naive,104,0.9848177645732014,1.023410415328256
117,fiqt,104,1.0017698929671903,1.0480588083075224
117,deming,104,1.0463713959762777,1.0060131657419809
118,naive,104,0.9490049498137239,0.9757407046291249
118,fiqt,104,0.9667109756954315,1.0137936929497395
118,deming,104,0.9568304054939225,1.0144978803064701
119,naive,104,0.9692310425187534,1.0255759112220015
119,fiqt,104,0.9847679310657458,1.059466325520748
119,deming,104,0.9671500168454454,1.009617365424209
120,naive,104,0.8729624585822242,0.942562030674297
120,fiqt,104,0.8895649030724785,0.9753476293286916
120,deming,104,0.9951507228639916,0.9809017181618429
121,naive,104,1.1035799048666275,1.0112501521594468
121,fiqt,104,1.1229464642050213,1.0449071094483515
121,deming,104,1.045584013588868,1.0343103440688521
122,naive,104,0.953193260353274,0.990804089587469
122,fiqt,104,0.9689246827792315,1.0015537057800252
122,deming,104,0.9689489867826853,1.0013913009247528
123,naive,104,0.9286938331191943,1.0184599112497474
123,fiqt,104,0.9434755583544077,1.0590535304417839
123,deming,104,1.0184912470292433,1.0053641200737862
124,naive,104,1.1612614554940812,1.0158407337722601
124,fiqt,104,1.1797089004587056,1.0541007650162613
124,deming,104,1.0382987580256342,0.986899801422123
125,naive,104,0.9893548183102734,0.9656135629381147
125,fiqt,104,1.00612745480308,0.9713342383544787
125,deming,104,0.9660484250956407,0.9795502454867645
126,naive,104,0.9989657883520962,0.9738055746218914
126,fiqt,104,1.0169865223659775,0.9908428412342207
126,deming,104,1.0209006243684593,1.0190643849483427
127,naive,104,0.8983717358902723,0.9501326610863824
127,fiqt,104,0.9154076453112899,0.9638171183947479
127,deming,104,0.9799044978746058,1.0245510164357086
128,naive,104,0.9919770608892573,0.9730098892557354
128,fiqt,104,1.0090736649315213,1.001390463144872
128,deming,104,1.023330665743336,1.0039225430821126
129,naive,104,1.0160385840566024,0.987063249567683
129,fiqt,104,1.0333342717733087,1.0181948346213918
129,deming,104,0.9751198084383432,0.9975771423607034
130,naive,104,1.0425944149474087,0.9753433322872
130,fiqt,104,1.0601225283645188,1.0108941707296526
130,deming,104,1.0155885682189274,0.9850048222862174
131,naive,104,0.9725297159380555,1.0107745658696765
131,fiqt,104,0.9898114044545887,1.0410383389629687
131,deming,104,0.9864785154307499,1.0435553639366693
132,naive,104,0.8827877824105071,0.9504159987934209
132,fiqt,104,0.9012266981856925,0.9560262457142574
132,deming,104,0.913439763065396,0.9577412092319664
133,naive,104,0.9532368652508821,0.9622312923400272
133,fiqt,104,0.9684508443600651,0.9750652190409376
133,deming,104,1.0251159362046731,0.9857895808328571
134,naive,104,0.9739930293068395,0.9362546917248701
134,fiqt,104,0.9902666152079522,0.9473303761899023
134,deming,104,0.9989494599575459,0.9982209662420871
135,naive,104,1.0698974569232829,1.0026566184943517
135,fiqt,104,1.087394295085853,1.0211695119153394
135,deming,104,1.0322946878307089,0.9710590010447633
136,naive,104,1.0684223791106358,0.960536999793492
136,fiqt,104,1.0865093263687484,0.9653305208454377
136,deming,104,1.037925689441551,1.0267347042272534
137,naive,104,0.9242840119307691,0.9380919059806907
137,fiqt,104,0.9403220284929815,0.9438250400660224
137,deming,104,0.9644443692930811,0.9823161707826116
138,naive,104,1.057214113966083,0.9909796988112497
138,fiqt,104,1.0749022587835748,1.0219759846337002
138,deming,104,1.0388031565904439,1.0014664727273455
139,naive,104,1.0399078701770026,1.002036707970467
139,fiqt,104,1.0568403859989641,1.0270052270320218
139,deming,104,1.0241992436448073,0.9847957121096931
140,naive,104,0.9741595787972505,1.0529142200236976
140,fiqt,104,0.9899103575515937,1.0759638840915342
140,deming,104,0.9608702766029908,1.0218954088227914
141,naive,104,0.7399932566334215,0.888685622822243
141,fiqt,104,0.7553302982973015,0.9025341208260936
141,deming,104,0.8689288149460747,0.9041758895017404
142,naive,104,1.0196040956852916,1.0459327803085579
142,fiqt,104,1.0371546905038993,1.0625226480812222
142,deming,104,1.0237653201701942,1.047207090595623
143,naive,104,0.9872748048272751,1.00466165793117
143,fiqt,104,1.0040542888999546,1.0356658568421526
143,deming,104,1.047396958930442,1.0050845303452514
144,naive,104,1.0700188413143858,1.0225633023133223
144,fiqt,104,1.0876614939039562,1.0335575017811576
144,deming,104,1.0933708024230386,1.067703343862912
145,naive,104,1.0536007753074006,1.0521470733876648
145,fiqt,104,1.0717882826875045,1.066492033914566
145,deming,104,1.0025098682875706,0.9695665290601575
146,naive,104,0.9941684907959382,0.9365352912349227
146,fiqt,104,1.0121741465363259,0.965175738894507
146,deming,104,0.9722566205116685,1.0022277453071147
147,naive,104,0.924654364118603,0.9426090854037321
147,fiqt,104,0.9411611549807228,0.9629835980209994
147,deming,104,0.9396512713675572,0.9464823966169149
148,naive,104,0.9011531448655423,0.9656375201579455
148,fiqt,104,0.9171419511263479,0.9800021487788424
148,deming,104,1.0192381489783744,0.9942351550645709
149,naive,104,0.9353357830461485,0.9604512930095594
149,fiqt,104,0.95270432308968,0.9865869386700039
149,deming,104,0.9808927628861379,0.955687791964468
150,naive,104,1.0620654178378843,0.9754360115002985
150,fiqt,104,1.0802612109821959,0.9941397796624789
150,deming,104,0.9728095906254719,0.9589389756001572
151,naive,104,1.031808977620083,1.0512925541774303
151,fiqt,104,1.0510763128305318,1.0795013451667703
151,deming,104,1.0523403681616939,1.0363003690385515
152,naive,104,0.9823078648345618,0.9626412812755736
152,fiqt,104,0.998964021345463,0.9874904553959243
152,deming,104,0.9615481028331837,0.9846409645947283
153,naive,104,1.0163568767753821,1.022266876007747
153,fiqt,104,1.0332680733966022,1.0576014479371842
153,deming,104,1.0144695866312223,1.0376038628643007
154,naive,104,0.9717666616214253,0.9789489426959517
154,fiqt,104,0.9887202701684266,1.0088543672915846
154,deming,104,0.9407459586276984,1.0063919892547961
155,naive,104,1.021863975491789,1.06640443157096
155,fiqt,104,1.0393658781543045,1.0780491085271129
155,deming,104,1.0505124008920026,1.0290880602180508
156,naive,104,0.9847957122879145,1.0392323125973686
156,fiqt,104,0.999323029004764,1.059282225860156
156,deming,104,1.0014858193991079,0.9627846903682762
157,naive,104,0.9194804233912357,0.9452803853112808
157,fiqt,104,0.934778694771934,0.95491290281173
157,deming,104,0.8883349465718221,0.917991735130995
158,naive,104,0.982729895050855,1.0498370923879596
158,fiqt,104,1.000414050362455,1.0564398809044233
158,deming,104,1.0547033754244024,1.02669762893323
159,naive,104,1.0042475989648916,0.9878735959511986
159,fiqt,104,1.0226292112393982,1.0371037381830464
159,deming,104,0.969631090361848,0.9792525596425259
160,naive,104,1.0100436832666153,0.9881728727898682
160,fiqt,104,1.0273450207995753,1.020934990484416
160,deming,104,1.050096866952753,1.0035237678135167
161,naive,104,0.9426642521666279,0.9951893591772011
161,fiqt,104,0.9599987606046582,1.015379307873985
161,deming,104,0.9644828392377232,0.9655815045772187
162,naive,104,1.0381156647569012,1.0260505684414252
162,fiqt,104,1.0554644525047072,1.0420812253636471
162,deming,104,1.0394754231344194,0.9956730699181753
163,naive,104,0.9786695181910547,1.0203790432406041
163,fiqt,104,0.9976568024776059,1.0277176518487938
163,deming,104,1.0097162668455621,0.9975973978695996
164,naive,104,1.0576258437906871,1.017839346236118
164,fiqt,104,1.0749965493465372,1.0295559451900649
164,deming,104,1.0159627890758218,1.0211863988696175
165,naive,104,1.0143805544000941,0.8906442800511948
165,fiqt,104,1.0316315365605475,0.8962168167010979
165,deming,104,1.0056607837463298,0.9192836185161626
166,naive,104,0.9287072585060415,0.9469860565703953
166,fiqt,104,0.9463817701170274,0.9552802127418035
166,deming,104,0.9808082751882476,0.9904507780023883
167,naive,104,0.974278834703765,1.0033969885960106
167,fiqt,104,0.9903681434112606,1.0786895459286636
167,deming,104,1.027610552307654,0.9877580450532863
168,naive,104,0.9883181479269301,0.9631889380228645
168,fiqt,104,1.0065682880333715,0.9798744371465176
168,deming,104,1.0204405620823795,1.0197120087382545
169,naive,104,0.8965058676506152,0.9510386761411644
169,fiqt,104,0.9117673331491034,0.9755527504906129
169,deming,104,0.9533736991371062,0.9809389023957542
170,naive,104,0.9881633867079725,0.9694777614544692
170,fiqt,104,1.0060377390952584,0.973329395091181
170,deming,104,0.9961895042423302,0.9830065999798179
171,naive,104,0.8572633285418848,0.9541495193792893
171,fiqt,104,0.8748138138333097,0.9683937355838924
171,deming,104,0.9498255179676349,1.0105332420361575
172,naive,104,1.042858701338846,0.9437803392679271
172,fiqt,104,1.0592588242147647,0.9535993171918942
172,deming,104,1.0116235947576429,0.9518294549031987
173,naive,104,1.0050785605784909,0.9811946742884485
173,fiqt,104,1.0233125520420598,0.9985734673857604
173,deming,104,1.002149317513472,0.9829717477441435
174,naive,104,1.0656724894358498,1.0261685835611691
174,fiqt,104,1.0825802547502141,1.053460371268888
174,deming,104,1.0610311090456774,1.0058222674764556
175,naive,104,0.8759846806779539,0.9756023732347827
175,fiqt,104,0.8910457990048398,0.993488339601963
175,deming,104,0.9887844497735188,0.9845858998221262
176,naive,104,0.9028402730912575,0.9601044462481643
176,fiqt,104,0.9197192010109524,0.9887420342759244
176,deming,104,0.9599188341790927,1.012540176917601
177,naive,104,1.081045871370758,1.0190312697911392
177,fiqt,104,1.0981504111319405,1.04049268984734
177,deming,104,1.0086887776356228,1.0106585740788625
178,naive,104,0.9628198522873966,1.0360738598465313
178,fiqt,104,0.9808598676568784,1.0511026282814604
178,deming,104,0.9782943965167312,0.9744521333514725
179,naive,104,0.9802697437896448,1.068398180437184
179,fiqt,104,0.9973957548472125,1.089657704980156
179,deming,104,1.0108012522310914,1.020449085370944
180,naive,104,0.9764031179209182,1.0379377672841579
180,fiqt,104,0.9949097468011738,1.047413439896168
180,deming,104,1.0564839360577165,1.0650000530762935
181,naive,104,1.0464776344682993,1.0417846937227824
181,fiqt,104,1.064641434428219,1.0779992784015213
181,deming,104,1.0083774484365113,1.0159101796403418
182,naive,104,1.1057747517157113,1.04687976054965
182,fiqt,104,1.1206540305472077,1.0680038064865713
182,deming,104,1.0197565582369554,1.0113753023836278
183,naive,104,0.9541054479763231,0.9991283842527547
183,fiqt,104,0.9704622348283252,1.02815720451351
183,deming,104,0.9935076219649169,1.0086919100712115
184,naive,104,1.0497903809004228,0.9920183822451527
184,fiqt,104,1.0652397719365274,1.0099078387152465
184,deming,104,1.0126551573062665,1.0015858061829916
185,naive,104,1.1002211751915145,1.0445491886207807
185,fiqt,104,1.1199837708668379,1.0870978424679407
185,deming,104,1.0814332967954128,1.0500630807036155
186,naive,104,0.8968921979574773,0.9866187506186912
186,fiqt,104,0.9129798653726845,1.005851285380674
186,deming,104,0.9032283188236198,1.0022720250073316
187,naive,104,0.968001455246333,0.9880286291263134
187,fiqt,104,0.9839033327624997,1.0208035344518684
187,deming,104,1.047042400885471,1.0300777739208322
188,naive,104,1.033981837538577,0.9856852977393227
188,fiqt,104,1.052643763420488,1.0169045697205825
188,deming,104,1.061953844211057,1.0243919144956786
189,naive,104,1.0238341820203085,0.973240379495019
189,fiqt,104,1.0415961517233339,0.9952675163126783
189,deming,104,1.0086502925501333,0.981437190118315
190,naive,104,1.027211050027661,0.9416090268545287
190,fiqt,104,1.0443968296567365,0.9777467831101596
190,deming,104,0.9921142991385073,0.945762272233401
191,naive,104,1.0259182213014189,1.0277119353555522
191,fiqt,104,1.042495674179398,1.0473913751275212
191,deming,104,1.0405993271605831,1.0255457035725417
192,naive,104,1.1277160018076366,1.0673337178511693
192,fiqt,104,1.1459910379388798,1.0919573248377317
192,deming,104,1.130966397211402,1.054496856627765
193,naive,104,0.98413472664378,1.015659269035893
193,fiqt,104,1.0002614781206516,1.0244071846127687
193,deming,104,1.0225453286916772,1.029939122751437
194,naive,104,1.030119118772243,0.9712411170104402
194,fiqt,104,1.0472235766905178,0.9924357442586826
194,deming,104,1.0412463213435834,1.0208117639677488
195,naive,104,0.9619635887232386,0.9711337156637347
195,fiqt,104,0.9792595454728125,0.9881619780596151
195,deming,104,1.0293820147066723,0.9825960635557046
196,naive,104,0.9756360835691635,0.9522701840196621
196,fiqt,104,0.9916147645030831,0.9574815068100371
196,deming,104,0.9841556081236421,0.980933632520631
197,naive,104,0.9043837751037821,0.979289590021857
197,fiqt,104,0.9201051758042182,0.9983744605139495
197,deming,104,0.9662760245004708,0.9751421006832632
198,naive,104,0.9668919686113535,0.9558151036967126
198,fiqt,104,0.9831500905655186,0.9791475607913835
198,deming,104,0.9705434591679776,0.9394245423154453
199,naive,104,0.9158460726565953,0.998591580600973
199,fiqt,104,0.9318192053681359,1.0178718660883566
199,deming,104,0.9544245968844739,0.9920653186454993
200,naive,104,0.9232036724034445,0.9961911722519392
200,fiqt,104,0.9398739036653618,1.0181707018303725
200,deming,104,1.0704351579467584,1.0499147774886253
201,naive,104,0.8802085316838043,0.9380824156504719
201,fiqt,104,0.8958382325739586,0.9501525366810775
201,deming,104,0.9119366348309873,0.969414998305756
202,naive,104,0.9110581163750832,0.9297875525479442
202,fiqt,104,0.926593943374718,0.936383835537365
202,deming,104,0.9352803930323451,0.9835579006978322
203,naive,104,0.943630446751036,0.9959628280473343
203,fiqt,104,0.9610933166932173,1.0361350453884475
203,deming,104,0.9796121530059512,0.9695809093857455
204,naive,104,1.1207298950798537,1.0534975145953596
204,fiqt,104,1.1394056890474837,1.103805409567618
204,deming,104,1.0784698320836097,1.0545369561000668
205,naive,104,1.1086506445161044,1.0485226815285027
205,fiqt,104,1.1294226968267853,1.0933190809540403
205,deming,104,1.0516814407914992,1.0326150419189113
206,naive,104,0.9959297637694962,1.0059196989034933
206,fiqt,104,1.0133698556281117,1.0323288623874562
206,deming,104,1.0587242383269926,1.0304056955177836
207,naive,104,0.9883430221473432,0.9404158530871238
207,fiqt,104,1.0059721039019411,0.9636398586237016
207,deming,104,1.01421716406893,0.9731737997877237
208,naive,104,0.8947805517667805,0.9765052509977616
208,fiqt,104,0.9129294352485752,0.9858531626016385
208,deming,104,0.973156784659162,0.9947610646775576
209,naive,104,0.9277962106042177,0.9280274467559206
209,fiqt,104,0.9435098251289455,0.9372037341093535
209,deming,104,0.9733885684390505,0.9632310080403805
210,naive,104,1.0563499462610546,0.9870128356665109
210,fiqt,104,1.0745037307960936,1.0147422944179585
210,deming,104,0.9965194341817638,0.9914246616344795
211,naive,104,1.1508524822927375,1.0496529606034466
211,fiqt,104,1.1699902957033386,1.0780114140744224
211,deming,104,1.1300738347747765,1.0481526401170105
212,naive,104,0.9082935790411357,0.9806530391400303
212,fiqt,104,0.9244054037644157,1.0042420851362968
212,deming,104,0.9633404225535384,0.9645897611213168
213,naive,104,0.9636870680949947,0.9561310999769754
213,fiqt,104,0.9804080130471315,0.9630359078442503
213,deming,104,0.9926526884433751,0.9977506501903864
214,naive,104,1.0974940329396428,1.0268034504950005
214,fiqt,104,1.1177668569956885,1.0597367239553543
214,deming,104,1.078709661624375,1.0291601090406144
215,naive,104,0.9357087423427608,0.9672424438676086
215,fiqt,104,0.952145705604084,0.9969844502443187
215,deming,104,0.9717969445557563,1.0192302938814177
216,naive,104,0.975800745814539,0.9751276438161187
216,fiqt,104,0.9917117202369783,1.0168502249211113
216,deming,104,0.9794051736179276,1.0037708584216807
217,naive,104,1.0750500661413558,1.0280689220090569
217,fiqt,104,1.094030354140504,1.0555724635583603
217,deming,104,1.0188742079673918,0.9735277730284118
218,naive,104,1.0069765885748156,1.0086086336327436
218,fiqt,104,1.0246356701607482,1.028538339683418
218,deming,104,0.994649872185737,1.0021617440822403
219,naive,104,0.859095526358739,0.8854699029236868
219,fiqt,104,0.8759867014612991,0.8979542714547795
219,deming,104,0.938977007543699,0.9339512222351083
220,naive,104,0.9673367096215402,0.992224817033047
220,fiqt,104,0.9841215589305979,1.0042160937398266
220,deming,104,0.9779939985380264,1.0012107110824546
221,naive,104,1.0134894427559022,0.9586113620747698
221,fiqt,104,1.030343139201662,0.9687642052794165
221,deming,104,0.9836716552033027,0.9691698011310769
222,naive,104,1.025509957102245,1.05706821136574
222,fiqt,104,1.0420604679225596,1.0812840914515807
222,deming,104,1.0334565968022718,1.0169958501031688
223,naive,104,0.9359611467425473,0.9814180347534682
223,fiqt,104,0.9530632019107053,1.0095029963334927
223,deming,104,1.0125710498090088,0.9972102094864772
224,naive,104,0.8563245645454294,0.8931072128962256
224,fiqt,104,0.8732883203498388,0.9132387517619074
224,deming,104,0.8516772118008074,0.9067606257991718
225,naive,104,0.9923656351583836,0.965248891378264
225,fiqt,104,1.011171976233413,0.9825207556316073
225,deming,104,1.0224282335401993,0.990128251258837
226,naive,104,0.9064635658829336,0.9501490658349394
226,fiqt,104,0.9239659944531359,0.9654955860913623
226,deming,104,0.9622355646498763,1.0003061327222187
227,naive,104,0.9551348435545617,1.0032107460456345
227,fiqt,104,0.9726746156704102,1.0081385115395607
227,deming,104,0.9948107401314624,1.0186685959510826
228,naive,104,1.005529113285287,1.0267652092997714
228,fiqt,104,1.0212923965250067,1.0556362588766501
228,deming,104,0.9989694060472463,1.030256509028514
229,naive,104,1.07499409872899,1.0101183082304523
229,fiqt,104,1.093830690702604,1.0297425590895255
229,deming,104,1.0645120236260273,1.005310495924829
230,naive,104,0.8924388959731194,0.9273384201618696
230,fiqt,104,0.9082457720038882,0.9330750880275254
230,deming,104,0.9851171723539607,0.958667947315867
231,naive,104,0.8518057551161872,0.9665758090267972
231,fiqt,104,0.8665619317753307,0.9826967090400234
231,deming,104,0.9069037025140658,0.975210213011518
232,naive,104,0.8586725346117252,0.9415029720667343
232,fiqt,104,0.8732150161650503,0.9558378783591087
232,deming,104,0.8884204336190857,0.9491444021199198
233,naive,104,1.1012374308941721,1.0607404593632683
233,fiqt,104,1.1197992664153242,1.0994001868506564
233,deming,104,1.0277799715398255,1.0735636232635613
234,naive,104,0.9637035119435774,0.9497663791436561
234,fiqt,104,0.9815906019866101,1.0253651960182746
234,deming,104,0.9689730378300069,0.9629264010928604
235,naive,104,1.0068982777305386,1.0381411205578268
235,fiqt,104,1.0241303475587054,1.058094484156301
235,deming,104,1.0749061417987962,1.0362051662878415
236,naive,104,0.9315667599876255,0.9871895831088164
236,fiqt,104,0.9482418060880532,1.0105808421124178
236,deming,104,0.9676876663634216,1.0112111179398804
237,naive,104,1.021866000376903,0.9905380349325055
237,fiqt,104,1.039849566288869,1.014438270786186
237,deming,104,0.9382335773219985,1.018313375427455
238,naive,104,0.9119635154441059,0.9879776554804509
238,fiqt,104,0.9290894882962557,1.0049200878927993
238,deming,104,0.9405755351617896,0.9684216499448415
239,naive,104,1.0210821620571262,1.0192235960661034
239,fiqt,104,1.0364170445127525,1.069285885300698
239,deming,104,1.1030442502442601,1.057095019400497
240,naive,104,1.1216934681684867,1.032622961043892
240,fiqt,104,1.138995615563778,1.057135924158069
240,deming,104,1.0709102934620063,1.0170050122685024
241,naive,104,0.9407244666574357,0.9629514842233553
241,fiqt,104,0.9579080749989909,0.9971450186637472
241,deming,104,0.98510370042273,0.9935415324089392
242,naive,104,1.007273158931625,0.9756583587109067
242,fiqt,104,1.0224931662552788,0.9913090587565521
242,deming,104,1.007607864684804,1.000951450181947
243,naive,104,0.9669230481465468,0.9809444717729132
243,fiqt,104,0.9835765871189619,1.0019549751169619
243,deming,104,0.9538087988510134,0.9955261379048221
244,naive,104,0.919319411560029,1.0068723773387331
244,fiqt,104,0.9350065256003206,1.0284356635681586
244,deming,104,0.9852095013940443,1.0170894110306474
245,naive,104,0.9968971511821532,0.9858219375287902
245,fiqt,104,1.0137138882272636,1.0110150216410139
245,deming,104,1.045886967433519,1.0325783749008544
246,naive,104,1.0029227979855817,1.0049533965402766
246,fiqt,104,1.020806629979604,1.0189736292477494
246,deming,104,1.0930449658421892,1.0495232890029351
247,naive,104,1.0611113182934668,1.0324514264631675
247,fiqt,104,1.0776569776028584,1.05616404432555
247,deming,104,0.9909234864648462,0.9980315111571891
248,naive,104,0.991975652116767,1.0041486817510197
248,fiqt,104,1.0094050805944628,1.0413157306625098
248,deming,104,1.022998603736014,1.0172083619302308
249,naive,104,0.9184508769560416,0.9765756908439809
249,fiqt,104,0.9341431003420738,0.9980497666152576
249,deming,104,0.9248888734477316,0.967831335968061
250,naive,104,1.0560527842257241,1.0114700791450983
250,fiqt,104,1.0743452565253881,1.0470134801277675
250,deming,104,1.0106977544184668,1.0245419111589755
251,naive,104,1.0189063849464712,1.0045509274259996
251,fiqt,104,1.0366740374805175,1.0468811938500888
251,deming,104,0.9827341991169931,1.0050988832764856
252,naive,104,1.0333571584133845,1.00286048664114
252,fiqt,104,1.049113125039209,1.1019681752793842
252,deming,104,1.0328507179746638,1.0143947607023511
253,naive,104,1.0240585999775933,0.9988666825502087
253,fiqt,104,1.0411448420135512,1.0264154020846559
253,deming,104,0.9963524324842598,0.9652046809860622
254,naive,104,0.9038801597542627,0.9539249418323315
254,fiqt,104,0.9216216879608905,0.9611772189715078
254,deming,104,0.9342227624260259,0.9460459053589383
255,naive,104,1.0778046733269961,1.0605028880553133
255,fiqt,104,1.0945271677193193,1.0969526619038819
255,deming,104,1.1040707389410451,1.0278395534634546
256,naive,104,0.9030443372677569,0.9563899361449615
256,fiqt,104,0.9187852476214305,0.9796934412334988
256,deming,104,0.9672936418533696,0.9623895287512576
257,naive,104,0.8436431048205134,0.9124398352491209
257,fiqt,104,0.8598773737353499,0.9286349167304397
257,deming,104,0.9602240140455114,0.9777845479563654
258,naive,104,1.114542656783669,1.0359236003086487
258,fiqt,104,1.1346025163481455,1.0610906925613248
258,deming,104,0.9896597111704561,0.9949969297261678
259,naive,104,1.0469527061462962,1.0062816764251914
259,fiqt,104,1.0651896431044772,1.0424674731241397
259,deming,104,1.0331535650277628,1.0439640309436409
260,naive,104,0.8445011750043054,0.9849438795683239
260,fiqt,104,0.8599477645025089,1.0111093640367597
260,deming,104,0.9101634567916098,1.0242081187598628
261,naive,104,0.9484493936898655,1.044987700568616
261,fiqt,104,0.9665738115067869,1.0748452527111927
261,deming,104,1.0007960980584611,1.0332593417481755
262,naive,104,0.8998394993155403,0.8975653374926219
262,fiqt,104,0.9157750840714592,0.9155658984718447
262,deming,104,0.9668024537738144,0.9800666096243899
263,naive,104,1.1198245956942465,1.0379079175088504
263,fiqt,104,1.1375892004237436,1.0723850921395652
263,deming,104,1.0128836509215198,0.999573836205871
264,naive,104,0.948273980909991,1.0069977153213472
264,fiqt,104,0.9659373891225472,1.0194343819335379
264,deming,104,0.995284592167955,1.0169107508771125
265,naive,104,1.1057905165177147,0.9894487060795805
265,fiqt,104,1.124058138298961,1.0435156636009446
265,deming,104,1.0778333497232067,1.0066480219971814
266,naive,104,1.0681165306754157,1.0771536514070275
266,fiqt,104,1.086217398686082,1.1013423703027136
266,deming,104,1.029742524969616,1.0376204693879778
267,naive,104,0.8677914186986819,0.8951495808455278
267,fiqt,104,0.8840003310495271,0.9160035759728002
267,deming,104,0.951352515109859,0.9867313665363918
268,naive,104,0.9900921600841998,0.9738195090868236
268,fiqt,104,1.0076882857293623,1.0368110362047782
268,deming,104,0.9883444782674738,0.9857720872971856
269,naive,104,1.0474235102346983,1.0177443743158199
269,fiqt,104,1.0648112462133776,1.0356445437120945
269,deming,104,1.0100294053377894,0.9676359988589763
270,naive,104,0.9170336360276009,1.0023795006268166
270,fiqt,104,0.9332416103223261,1.0199843845749934
270,deming,104,0.9902373779019378,0.9989860546911726
271,naive,104,0.9746638006579785,0.9764063778497905
271,fiqt,104,0.9908230264395766,0.9985099530885604
271,deming,104,1.0912408632951367,1.0159293975068446
272,naive,104,0.9994671256089108,1.0872802910176285
272,fiqt,104,1.0145141016486816,1.1056704199425467
272,deming,104,1.0688597969454763,1.0042531991996004
273,naive,104,0.9713623030715333,0.9780650074565397
273,fiqt,104,0.9880930463596314,1.0089064224345359
273,deming,104,0.9845489558625204,0.9978656091701215
274,naive,104,0.9853265417920346,0.9793826963207128
274,fiqt,104,1.0017750072429252,0.9924941874541557
274,deming,104,1.036077773817172,1.004942195427995
275,naive,104,1.0563781241842252,1.0386658834654068
275,fiqt,104,1.0742927292131121,1.0641403338101245
275,deming,104,1.0132468241189083,1.0166667985354212
276,naive,104,0.9936334521377646,0.9569088636429633
276,fiqt,104,1.0101478748986612,0.9756530046984258
276,deming,104,0.9823866393924374,1.0027365972607098
277,naive,104,0.9998444060978883,1.02574720833157
277,fiqt,104,1.0163030459138302,1.0432387247873045
277,deming,104,0.9772663976401372,0.9793408810093642
278,naive,104,0.9855252417380865,1.0201581870599958
278,fiqt,104,1.0034135797648205,1.067246373581836
278,deming,104,1.0137008277326336,0.9875348916680166
279,naive,104,0.9114187957637866,0.9377399612116464
279,fiqt,104,0.928234717476139,0.9468249456402729
279,deming,104,0.9555306219874263,0.959945216152015
280,naive,104,1.1008226419343328,1.0571864385843395
280,fiqt,104,1.120530586700571,1.073194133231472
280,deming,104,1.0321501981315593,1.0313672788715875
281,naive,104,0.9846034762493882,1.0236051648419764
281,fiqt,104,1.0010888838019618,1.048412752504536
281,deming,104,1.0065743302144479,1.0016749668073088
282,naive,104,0.8708253262826672,0.99978418198526
282,fiqt,104,0.8859811745048957,1.0298747994114898
282,deming,104,0.931864685187384,0.9703103143646817
283,naive,104,1.007450700932103,0.9899384172182739
283,fiqt,104,1.0240507796438334,1.0076223131688928
283,deming,104,0.9556551864234534,0.9965324691333646
284,naive,104,0.9262606565180262,0.9603261850585394
284,fiqt,104,0.9454235762385681,0.993340337672344
284,deming,104,0.911420553201821,0.9850219692431357
285,naive,104,0.9508895029303014,0.9737178778643845
285,fiqt,104,0.9670693073690408,1.0076941406698359
285,deming,104,0.9711596610204954,0.9528730192498909
286,naive,104,0.957234081053475,0.9524932939028103
286,fiqt,104,0.97558574669057,0.9589502748482447
286,deming,104,1.0398190159922402,0.9734373464001296
287,naive,104,1.053683825471149,1.018562618854045
287,fiqt,104,1.072416682612568,1.037086875491035
287,deming,104,1.0518117001708533,1.056950730838665
288,naive,104,0.8754813248543704,0.939242446813292
288,fiqt,104,0.8929781080506867,0.9597654797219548
288,deming,104,0.9928051777361312,1.0250628578835461
289,naive,104,0.9917484952295534,0.9685289624563204
289,fiqt,104,1.0079430135572849,0.9803331945749594
289,deming,104,1.048887892702466,0.9973321284606227
290,naive,104,0.9432983802407308,1.008500249862002
290,fiqt,104,0.9590898063803586,1.0595696123265403
290,deming,104,0.9864971247098004,1.019244303470274
291,naive,104,0.9419364800859065,0.9843027332853682
291,fiqt,104,0.9585593673988382,1.0252708402405375
291,deming,104,1.0121884936972902,0.9874812352375135
292,naive,104,1.0218922931193266,1.0018827180768972
292,fiqt,104,1.0375576632849113,1.0321657380868765
292,deming,104,1.0044910729969736,0.9905817119526139
293,naive,104,1.0421953665852504,1.0051291859042872
293,fiqt,104,1.0595734662134058,1.055029214804604
293,deming,104,1.0260468515694237,1.0521568979008546
294,naive,104,0.9161137863923123,0.9326986221199844
294,fiqt,104,0.9326338201970013,0.9495898607218842
294,deming,104,0.9987775368564044,0.9811985858615908
295,naive,104,0.8320131687590787,0.9926714483597379
295,fiqt,104,0.846981677043594,1.0406405342243588
295,deming,104,0.9760713404584984,0.9932523390234046
296,naive,104,1.0511147330632096,1.0088073499787646
296,fiqt,104,1.0694446407998868,1.0480583483854908
296,deming,104,0.9903219511883325,0.9915376022916699
297,naive,104,1.0248137114974394,1.0075307887538738
297,fiqt,104,1.0436995806393663,1.015290533668431
297,deming,104,1.006518665952453,1.0187034382208608
298,naive,104,1.0066718063286257,0.9984106830139963
298,fiqt,104,1.0244833215394362,1.0104988273034008
298,deming,104,1.0790106615886423,0.9938579360230895
299,naive,104,0.9277848726680842,0.9465922446263404
299,fiqt,104,0.9449010380552229,0.955679314888495
299,deming,104,0.9383509737213033,1.0174136546349914
300,naive,104,0.9804944611446543,0.9807096727216933
300,fiqt,104,0.9980974897493203,1.0163085826345468
300,deming,104,1.0350051796406559,1.0080423227032222
301,naive,104,0.9576830533600538,0.9397946170890623
301,fiqt,104,0.9740860703784967,0.9554696352574872
301,deming,104,0.9673518155466232,1.0293859684691826
302,naive,104,1.010125332302997,1.035849676704415
302,fiqt,104,1.02723419034761,1.061149706028592
302,deming,104,0.9472124172755391,0.9618194471024097
303,naive,104,0.7996243866176338,1.004044337649895
303,fiqt,104,0.8138797018744678,1.0179256629229525
303,deming,104,0.969462836524115,1.0066553552757969
304,naive,104,1.1174396439554468,0.9737735740048681
304,fiqt,104,1.1348217493096984,0.9921310896220845
304,deming,104,1.0844494096317616,0.9931562244900634
305,naive,104,1.0250337135385688,1.0245865518916215
305,fiqt,104,1.0412595186961209,1.0403174370256747
305,deming,104,1.0404338937155666,1.041052575807105
306,naive,104,1.0406762677183716,1.0221963775500449
306,fiqt,104,1.0566424586392258,1.0535635978103006
306,deming,104,0.995711062869748,0.9931688162053315
307,naive,104,0.8645897837602597,0.9578859579624828
307,fiqt,104,0.8801764791719382,0.9763997471810482
307,deming,104,0.9404837162108115,1.0288529666486104
308,naive,104,0.9945408956562061,0.9816485107657811
308,fiqt,104,1.0104807972968148,0.9948120886889265
308,deming,104,1.0676785265361697,1.0094841193611597
309,naive,104,0.919897361291324,0.9264063569249514
309,fiqt,104,0.9365588777075714,0.9374167701973648
309,deming,104,0.9041650758124725,0.9473065957117436
310,naive,104,0.988834054974767,1.044424990868152
310,fiqt,104,1.005819487484324,1.065103173031558
310,deming,104,0.9828412893202702,1.0240304604567454
311,naive,104,1.0194115032631594,1.043370398412923
311,fiqt,104,1.034949187108827,1.0609510418378014
311,deming,104,1.0475031393013678,1.0096277481349167
312,naive,104,1.0055866024267326,1.0237911884880515
312,fiqt,104,1.0235483551919669,1.0423682698563779
312,deming,104,1.0346578495829832,0.991845675340139
313,naive,104,1.051875505174167,1.0499525151953575
313,fiqt,104,1.0687748897048908,1.0912609621816451
313,deming,104,1.0455572959942514,1.0476054111151964
314,naive,104,0.9242422552259223,0.9966120730939451
314,fiqt,104,0.9403406514267277,1.0218069908597838
314,deming,104,0.9494539102819105,1.0133363554620305
315,naive,104,1.0556019845058882,0.9736681180094627
315,fiqt,104,1.0735903196755106,0.9931889065130107
315,deming,104,1.0641979388175722,1.0356884453376816
316,naive,104,0.9517961768504208,0.9712028852072128
316,fiqt,104,0.9690672328807803,0.9972968438546157
316,deming,104,0.9917926904200367,1.0040713389764004
317,naive,104,0.9937303713959873,0.9662908236582385
317,fiqt,104,1.0102658146371901,0.9720216636959601
317,deming,104,0.9885214263457345,0.9714237233875573
318,naive,104,1.088813774261414,1.02856884846855
318,fiqt,104,1.1078516504604567,1.051757862538166
318,deming,104,1.0238701848598437,1.0273429893578405
319,naive,104,0.9830736792877592,1.0282628817258725
319,fiqt,104,1.0004761313180048,1.0461605829761935
319,deming,104,0.9992374235608235,1.0016980379898859
320,naive,104,0.8271167124114513,0.9097338177129718
320,fiqt,104,0.8441702310383662,0.914237921649319
320,deming,104,0.9132423986216427,0.9340692701165563
321,naive,104,0.8504931839846037,0.9305436622262708
321,fiqt,104,0.866460797735425,0.9355555055122552
321,deming,104,0.9641547485493653,0.9913017987513539
322,naive,104,1.1038144367468705,1.0335005796742478
322,fiqt,104,1.1229682727078136,1.0769796998608823
322,deming,104,0.9834835415922405,0.997922717987314
323,naive,104,1.0765786963384965,0.9841473989852747
323,fiqt,104,1.0944589527631268,1.0046429890053965
323,deming,104,1.01774871636659,1.0083320926896693
324,naive,104,0.9367582470483169,0.9602821910313257
324,fiqt,104,0.9516979005054823,0.9755989511907885
324,deming,104,1.0049172657562353,0.977135252914615
325,naive,104,0.901862360225251,0.9437613731958042
325,fiqt,104,0.9180668209180182,0.9648771888037279
325,deming,104,0.918458371888205,0.9559198684525445
326,naive,104,0.8771182759721665,0.907048916003523
326,fiqt,104,0.8933663794320448,0.9128520910056304
326,deming,104,0.9253759733937502,0.9912250596441023
327,naive,104,0.9880737925193342,0.96101406968777
327,fiqt,104,1.003229630398381,0.9763370488756272
327,deming,104,0.9735132134850784,0.9720898623983132
328,naive,104,0.8831438906659641,0.9265138613652519
328,fiqt,104,0.9003339366828326,0.9333997313137562
328,deming,104,0.9180173656627999,0.9547038892084914
329,naive,104,0.9911637697764752,0.9885517564478112
329,fiqt,104,1.0089252034663234,1.0412194504678118
329,deming,104,0.9801685880406057,1.0034580754417306
330,naive,104,0.9987729330871059,0.9643944784232036
330,fiqt,104,1.0143406195402593,1.0078390366766317
330,deming,104,1.0035768078697331,1.0085223862222699
331,naive,104,0.9837820185210092,0.9699286210898568
331,fiqt,104,1.0017952537689196,1.032547029277338
331,deming,104,0.9306702276311972,0.9752947116900694
332,naive,104,1.0471140466315607,1.0505809059263187
332,fiqt,104,1.0656099257885692,1.0732986882901887
332,deming,104,1.0195236024417231,1.0647115504640028
333,naive,104,1.0160804256094411,0.9912261440304301
333,fiqt,104,1.033164310338674,1.0165075512925763
333,deming,104,1.0780584915458573,1.0228615674166206
334,naive,104,0.9020080680822233,0.9365893328928121
334,fiqt,104,0.9191950623141845,0.9453468607701072
334,deming,104,0.9760236157965575,0.9836581845447214
335,naive,104,1.0059760866794818,1.001181467971207
335,fiqt,104,1.0262289039715489,1.005278696924551
335,deming,104,0.9937974355319089,0.9632169966697139
336,naive,104,1.0348813941559158,0.9841651699926686
336,fiqt,104,1.0532447893400325,1.0058455825754293
336,deming,104,0.9942740514016972,1.0215390902057004
337,naive,104,0.9003473790955728,0.9676168494534085
337,fiqt,104,0.9160603014069874,0.9832664502125104
337,deming,104,0.9673756639460843,0.9639721846778153
338,naive,104,0.9261388503921213,0.9353803713783807
338,fiqt,104,0.9421321936082353,0.9455385870030713
338,deming,104,0.9570890199499961,0.9511445038638375
339,naive,104,0.9967633560027932,1.0150692218258421
339,fiqt,104,1.0111908579300857,1.0508645824912894
339,deming,104,0.9843561837723473,0.9685924449161777
340,naive,104,0.8914932538806906,0.951891196417564
340,fiqt,104,0.9068475933351858,0.9556076349128421
340,deming,104,0.9849550809007334,1.0283288063420022
341,naive,104,1.0475229792063872,0.998183597371864
341,fiqt,104,1.0659390335150123,1.0150365423807632
341,deming,104,0.99691465295258,0.9526699178526798
342,naive,104,0.9428337724148403,0.9541464023137765
342,fiqt,104,0.958349755535517,0.96661590903998
342,deming,104,1.0427670337838744,1.01913467027383
343,naive,104,1.004903930699067,0.9933174921660668
343,fiqt,104,1.022396966107006,0.999665417180324
343,deming,104,1.0584754498908904,1.0415007651234294
344,naive,104,0.9835955326265121,1.0481177756885045
344,fiqt,104,1.001508204401009,1.0592089401931928
344,deming,104,0.9545512684150838,0.9952725207307291
345,naive,104,1.0198163881096476,1.0871529238552138
345,fiqt,104,1.0374442732762597,1.1242745894962347
345,deming,104,0.9958070206715625,1.0353754242397084
346,naive,104,0.8864248409092297,1.0345562641105381
346,fiqt,104,0.9041650641414432,1.0486764516093234
346,deming,104,1.01215659826684,1.0354900763909125
347,naive,104,1.0635201277720037,0.9802201125539766
347,fiqt,104,1.0812958722668793,0.9893326856618943
347,deming,104,1.0430350156139456,0.9844048013162614
348,naive,104,1.053383014125309,1.0347186423244543
348,fiqt,104,1.0695454571643894,1.071567477873223
348,deming,104,1.0810091064634493,1.03632492055152
349,naive,104,1.045883404823751,0.978335749295512
349,fiqt,104,1.0610492373507403,0.998343598331878
349,deming,104,1.0143101098599927,0.9924558585549099
350,naive,104,0.9866911935284353,0.9785708002698951
350,fiqt,104,1.0049148785790871,1.0087833090765659
350,deming,104,0.9974810699142675,0.9889386488394087
351,naive,104,0.9594414407818532,0.999081545271005
351,fiqt,104,0.9762723348186554,1.0250548669047883
351,deming,104,0.9712016100270777,0.9726249079359096
352,naive,104,0.9931130193996146,0.9559759718272471
352,fiqt,104,1.0105574902916368,0.9712189439541647
352,deming,104,0.9157302098294916,0.9083130260512815
353,naive,104,0.909011815857666,0.9785909791907978
353,fiqt,104,0.925929067767084,1.0486586986994886
353,deming,104,0.9520552728108596,0.9870332359656131
354,naive,104,0.9007111144037196,0.9286135184529245
354,fiqt,104,0.916547046020231,0.9472642807031022
354,deming,104,0.957236803891666,0.9569446783423068
355,naive,104,0.9091809777562041,1.00198819933521
355,fiqt,104,0.9256070414602241,1.0316795260910459
355,deming,104,0.9669821882363248,0.9931316165680831
356,naive,104,0.8991785589404869,0.9434363188396433
356,fiqt,104,0.9147120479737336,0.9480404448014241
356,deming,104,0.970631970960792,1.013063779500889
357,naive,104,1.011399279752707,1.014935852046578
357,fiqt,104,1.0283331439930417,1.0302070286132599
357,deming,104,1.0369944789657395,1.0103393485498138
358,naive,104,0.928121714853932,1.005218939884932
358,fiqt,104,0.9460345867054076,1.018111214529884
358,deming,104,0.9551890488595247,0.9966693119489999
359,naive,104,0.9424434479094365,0.9428780699888352
359,fiqt,104,0.9597898013737558,0.950619952550148
359,deming,104,0.961045567803812,0.9964990364343072
360,naive,104,0.9367715316217706,0.973310888086921
360,fiqt,104,0.9514654568196037,0.9886930003805378
360,deming,104,0.9836115492180119,0.960885132274049
361,naive,104,0.9804987005858645,0.9641814176970923
361,fiqt,104,0.9975431013591672,0.9724457238145467
361,deming,104,1.0043247585302797,0.9781209834222461
362,naive,104,0.9733136298476778,0.9556945197019555
362,fiqt,104,0.991059956992876,1.0098776331190942
362,deming,104,0.9934467128723062,1.0128697287208224
363,naive,104,1.0611245876421675,1.0305365275614766
363,fiqt,104,1.079735339185566,1.0535115668225061
363,deming,104,0.9874329853010031,1.0086249158310754
364,naive,104,0.9220047855587384,0.9792397096986254
364,fiqt,104,0.9376111156864266,1.0005453986752415
364,deming,104,1.0437299873307677,1.0170467485205963
365,naive,104,1.0343171150798192,0.9555371412562141
365,fiqt,104,1.0507046289279713,0.9708544661321548
365,deming,104,0.9403937461775927,0.9502899798191036
366,naive,104,0.9236793807414998,1.042548483820506
366,fiqt,104,0.9392624166767393,1.0857427327936882
366,deming,104,1.0544034091348937,1.0299126672845065
367,naive,104,0.9647995429728089,0.9489505289325642
367,fiqt,104,0.9809441220088835,0.9900609131645046
367,deming,104,1.011749175260356,0.9887879840947238
368,naive,104,0.9856905606004175,0.9352479598511907
368,fiqt,104,1.0019809164866273,0.9743010411817482
368,deming,104,0.9562183916579742,0.9353047812382463
369,naive,104,0.9598444794376915,1.0070274622134856
369,fiqt,104,0.9755089768553658,1.0309435695208524
369,deming,104,0.9742284033734189,0.9990034497658719
370,naive,104,1.0225250070042888,0.9254218739607889
370,fiqt,104,1.038923992226322,0.930440765215951
370,deming,104,1.014694564196446,1.0027267329138172
371,naive,104,0.9863525421078603,1.0296425605273183
371,fiqt,104,1.0026610153687516,1.0705745029183564
371,deming,104,0.9572481778244104,0.9555614175586166
372,naive,104,1.092638325014479,1.014362914068223
372,fiqt,104,1.1108577943755384,1.0501643916782766
372,deming,104,1.0254139705492418,0.9800921245482893
373,naive,104,1.0229926217654037,0.9924930940908332
373,fiqt,104,1.0399218476890921,1.0064922336875652
373,deming,104,1.0184296141904117,0.9986303804279671
374,naive,104,0.9343427607798769,1.010068232189492
374,fiqt,104,0.95139769397182,1.0427106960647745
374,deming,104,1.0385536589663695,0.9924515553861708
375,naive,104,0.9328023706150932,0.9691522384943089
375,fiqt,104,0.9480504372162378,0.9855438699595995
375,deming,104,0.9429805307348718,0.941456098541207
376,naive,104,0.875599960752682,0.9402126185516353
376,fiqt,104,0.8921127323978397,0.9505910661542311
376,deming,104,0.8828237541069922,0.9203408361213893
377,naive,104,0.8854520064458687,0.9823059099943781
377,fiqt,104,0.902228886229032,0.9896395652002787
377,deming,104,0.9423984825816304,1.018162289348198
378,naive,104,1.015445359638663,0.9898417682079048
378,fiqt,104,1.0313530706577956,1.0449916552398282
378,deming,104,1.0317133856966834,1.0116560017831344
379,naive,104,0.9490992010830548,0.9685640715144515
379,fiqt,104,0.9665288811572162,0.9708928517830989
379,deming,104,1.039950277475642,1.0249547840914168
380,naive,104,0.9206111037323493,1.0288928745516883
380,fiqt,104,0.9378322384067589,1.0371276801935378
380,deming,104,0.9320970469406581,1.0120684600797536
381,naive,104,1.083867617750148,1.0499892150670977
381,fiqt,104,1.1006161683351736,1.0907322719286123
381,deming,104,1.058327492442825,1.0513514847285594
382,naive,104,0.9296307941701782,0.9690898925423435
382,fiqt,104,0.9467709258108272,1.0079064091693928
382,deming,104,0.9015663648002415,0.9530835310857677
383,naive,104,1.0384067373020613,1.0231473323382883
383,fiqt,104,1.054978552612773,1.040249971212626
383,deming,104,1.0016105983039658,1.0054395034383083
384,naive,104,0.9875183179284998,1.0036768136934637
384,fiqt,104,1.0059083517921814,1.010191924149019
384,deming,104,0.9849255713173359,0.9833926115296807
385,naive,104,1.0377045645140812,1.0166811832066711
385,fiqt,104,1.0544072257533608,1.0472069623758586
385,deming,104,0.9734852177636478,1.0103684660230958
386,naive,104,1.0297132245031966,1.0391449286712509
386,fiqt,104,1.046641600172946,1.107622441629677
386,deming,104,1.0042273121842642,1.0071365331314754
387,naive,104,1.0001984799635388,1.0216565079223523
387,fiqt,104,1.017641916399124,1.054130390504532
387,deming,104,1.0244529216597762,1.01862519301545
388,naive,104,1.0911478265955727,1.0744790607233818
388,fiqt,104,1.1099269149272517,1.1111948744712326
388,deming,104,1.0798654978876452,1.0243117931380383
389,naive,104,1.017996493513492,0.9804961682550384
389,fiqt,104,1.0337450813227689,1.010567256675268
389,deming,104,1.0276523111552236,0.9908042936237309
390,naive,104,0.9402406964026468,1.0052776183862626
390,fiqt,104,0.9581767393136496,1.0265308164789748
390,deming,104,1.004067568972898,1.0198541573214093
391,naive,104,0.9274797212980537,1.032031576666431
391,fiqt,104,0.9429226986228662,1.0737562933949931
391,deming,104,1.0508030577505136,0.992322429091943
392,naive,104,0.9757033314744987,1.0245345735965894
392,fiqt,104,0.9935497508857026,1.0347011297198456
392,deming,104,0.948053103605511,0.9934980559303088
393,naive,104,1.0264035867456216,1.0276785392410697
393,fiqt,104,1.0427710740051965,1.0390954388599436
393,deming,104,1.0860911261010615,1.0480214020008667
394,naive,104,1.1068079673748696,0.997681546309628
394,fiqt,104,1.123826904282886,1.0112543240182228
394,deming,104,1.0607895943210746,1.0166528041104477
395,naive,104,1.0551589599059439,1.0318709435653273
395,fiqt,104,1.0722130101364855,1.0438923882662485
395,deming,104,1.0885585579272832,1.0587219621780877
396,naive,104,0.926257083704452,0.9227068034780401
396,fiqt,104,0.9427059503121461,0.9327552955364473
396,deming,104,0.9927716277526826,0.9705721385337147
397,naive,104,1.064060362210793,1.0478411358194677
397,fiqt,104,1.0823812744648689,1.08215812770744
397,deming,104,1.078283893666251,1.0554050640883932
398,naive,104,0.8439297084483286,0.8968704715842759
398,fiqt,104,0.8592113861114634,0.9027210451927421
398,deming,104,0.934927946278356,0.954866521074486
399,naive,104,1.0293165307326773,0.9918193598394969
399,fiqt,104,1.0484344904822074,0.9965650480753414
399,deming,104,1.0115249985407841,0.992286457818101
400,naive,104,0.9180885933564457,0.9897864274536685
400,fiqt,104,0.9329577041913851,1.0222207471445508
400,deming,104,0.8507751228484266,0.9371622646325162
401,naive,104,1.0695920632268718,1.0288414244319242
401,fiqt,104,1.0872949212483838,1.060987425770801
401,deming,104,1.0754492892369247,0.99777520394641
402,naive,104,0.9978442405414347,0.9769734211655874
402,fiqt,104,1.0144104205957893,0.9858848384650023
402,deming,104,1.0367550744532876,1.0286130862601437
403,naive,104,1.1029355505251244,1.014133072490742
403,fiqt,104,1.1200546510007665,1.0523151917030007
403,deming,104,1.0666575941000547,1.0205472980687706
404,naive,104,0.971340129068227,0.9791065707960735
404,fiqt,104,0.9886307471717484,0.996160297604474
404,deming,104,1.0581377221708037,0.9867799277920077
405,naive,104,0.9941789653747902,0.9625885204627029
405,fiqt,104,1.0119712892980188,0.9795982750885827
405,deming,104,0.9994523678817729,0.9457964267573378
406,naive,104,0.8970908530813996,0.9464272267462274
406,fiqt,104,0.9129275279264752,0.9657725954460956
406,deming,104,0.9405594913669221,0.9647911765381301
407,naive,104,0.9789878692367433,1.0188769347322113
407,fiqt,104,0.9968196644416238,1.058748392091104
407,deming,104,0.966168932733152,0.992616534186428
408,naive,104,1.0061731150269466,0.9649256723029798
408,fiqt,104,1.0242809780302968,0.9952020908168807
408,deming,104,0.967680918048036,1.0159606178648977
409,naive,104,0.9439718156114243,0.9759630643072925
409,fiqt,104,0.9614638517086147,0.9857226370358871
409,deming,104,1.0141345636434573,0.9761637675091642
410,naive,104,0.9696582103299642,0.9868222756519232
410,fiqt,104,0.9862775506838962,1.0064590101435624
410,deming,104,0.9383619240190473,0.980732154868622
411,naive,104,1.0553214123997807,1.0166834735748573
411,fiqt,104,1.0724533702434513,1.0493255842644436
411,deming,104,1.026341408500324,1.0158895958477876
412,naive,104,0.9001992077990667,0.9465466401134708
412,fiqt,104,0.9168187585259743,0.9580479845201788
412,deming,104,0.9539483326783498,0.9874466494959211
413,naive,104,0.8873129890525571,0.9754705365879978
413,fiqt,104,0.9026359779812,0.9989426411468847
413,deming,104,0.9152079025394998,0.9377536487865715
414,naive,104,1.057931513734955,1.0178448336844113
414,fiqt,104,1.0759849596834814,1.0601403838952173
414,deming,104,0.9949905468013625,0.991918788353648
415,naive,104,1.115651469749534,1.019954749224296
415,fiqt,104,1.1348909836332963,1.0681979003190207
415,deming,104,1.0099801327270799,0.9835152438351293
416,naive,104,0.9314579871163422,0.9798373276272453
416,fiqt,104,0.9485340250082372,0.9957972389403884
416,deming,104,0.9664173939073266,0.9996371348849378
417,naive,104,0.8854205799403508,0.9616272001762884
417,fiqt,104,0.9012137922993814,0.9758030969027334
417,deming,104,1.0051776448989809,0.98679520950802
418,naive,104,0.9736606089079362,0.9683984228287221
418,fiqt,104,0.9925294370134641,0.9953928542087775
418,deming,104,1.0091093091718477,1.00920291355905
419,naive,104,1.0855210955888916,0.9926475458582997
419,fiqt,104,1.1033989372144135,1.0169490526733487
419,deming,104,1.0147250018348415,1.001788144083898
420,naive,104,0.9756431016465611,0.9910022723515166
420,fiqt,104,0.9917196274605372,1.003847738919135
420,deming,104,0.9678381005300749,1.0180168379454657
421,naive,104,1.0282851220951803,0.9967969434034056
421,fiqt,104,1.0456908334427517,1.0109061551378267
421,deming,104,0.987968277793818,1.0045307810036026
422,naive,104,1.0621982617087664,1.023031513344257
422,fiqt,104,1.0795461145471468,1.0610222059153327
422,deming,104,1.0646640020075777,1.0662886790189174
423,naive,104,0.9975311571478271,0.9828128400135712
423,fiqt,104,1.0142591474526002,1.0233492896430718
423,deming,104,0.9801264284926255,0.9933727485052621
424,naive,104,0.9865651226309539,0.9818143372874247
424,fiqt,104,1.005625353607774,0.9996346562571804
424,deming,104,1.0083744728252269,0.999859491155485
425,naive,104,0.9629216017833436,0.993616230543749
425,fiqt,104,0.9800499421833201,1.0292503032547433
425,deming,104,0.9995151874782929,1.0174003873968185
426,naive,104,1.0078486298705374,1.0197545619328292
426,fiqt,104,1.0253266806704386,1.0448599802106122
426,deming,104,1.0533924343897862,1.014281273216888
427,naive,104,0.9626173860479452,1.0280756165648177
427,fiqt,104,0.9789118598055931,1.0480272980258936
427,deming,104,1.0181910838032016,1.0215277384192945
428,naive,104,1.0278744732661227,0.987362929216349
428,fiqt,104,1.045257427478288,1.010331520680914
428,deming,104,1.0606896080154558,0.9811670535319249
429,naive,104,0.7910837864706017,0.8816765411693107
429,fiqt,104,0.8058222512269618,0.883239075670391
429,deming,104,0.8963483998453765,0.9234436858726821
430,naive,104,1.0352116811994354,0.9601474758108126
430,fiqt,104,1.0510183546342813,0.9679565595862895
430,deming,104,1.0806921001072978,1.005929747825589
431,naive,104,1.051787186624122,0.9703196158144411
431,fiqt,104,1.069368958178517,0.9822127848527097
431,deming,104,1.009361130320632,0.9796617425738873
432,naive,104,0.9013160924881062,0.9505773544439011
432,fiqt,104,0.9177427065777254,0.9642432227034027
432,deming,104,0.8958837921512012,0.9277543561529471
433,naive,104,1.03184274935059,0.9716287364724285
433,fiqt,104,1.0479751345348953,0.9895144463832279
433,deming,104,1.0455854465207417,1.0089435910994682
434,naive,104,0.98525573758287,1.0326928228412984
434,fiqt,104,1.00256909331594,1.0611741941328905
434,deming,104,0.9953073039245417,1.008216666938439
435,naive,104,0.9861789372032228,0.9759298866210007
435,fiqt,104,1.0032886595117636,0.9950863212153251
435,deming,104,0.9621697674277068,1.026387494611499
436,naive,104,0.9919954238035632,0.9876125803899708
436,fiqt,104,1.0089820206601336,1.0164834038547217
436,deming,104,0.9970579522018679,0.9703989403091369
437,naive,104,1.1311220427682713,1.0192562028187486
437,fiqt,104,1.1509704943336205,1.041366657816414
437,deming,104,1.0556889645062486,0.9969503952773584
438,naive,104,1.1930586205059084,1.0983978173436988
438,fiqt,104,1.211154927718242,1.1379998354648986
438,deming,104,1.1701045900416083,1.0735404637534156
439,naive,104,0.961290675887859,1.0047318972610797
439,fiqt,104,0.9785214591705222,1.017474172624274
439,deming,104,0.9559896800638708,0.9994913719258962
440,naive,104,0.9069801651968634,0.9540065195282825
440,fiqt,104,0.9215018432085617,0.9833035989947116
440,deming,104,0.9867630445580903,1.0214619795417987
441,naive,104,1.0558586359391067,1.0318075745149007
441,fiqt,104,1.0739194506375578,1.0486847961486792
441,deming,104,0.9871319085829171,0.996460254938973
442,naive,104,0.9750404537340365,0.9475864526983492
442,fiqt,104,0.9917687978039015,0.9863630666439098
442,deming,104,1.0116758786981757,0.9919460551103877
443,naive,104,1.0149366057578877,1.016853659294719
443,fiqt,104,1.0309407584490426,1.032485885226756
443,deming,104,1.087470496585832,1.0465909000027818
444,naive,104,0.9037386557879852,0.9343957048011362
444,fiqt,104,0.9205467704276875,0.956444977876107
444,deming,104,0.9223211552372165,0.9609937697805502
445,naive,104,0.9574409590012282,0.9759854341749046
445,fiqt,104,0.9750579712098669,0.98890147687832
445,deming,104,0.9646151084607055,0.9892004155358725
446,naive,104,1.0771069717597455,1.0134384087969845
446,fiqt,104,1.0939458588761786,1.0332457411808837
446,deming,104,1.0693585443448634,1.03997954249221
447,naive,104,1.1159146463028664,1.040817719981745
447,fiqt,104,1.1322665333670479,1.074959155975538
447,deming,104,1.1253086962250245,1.0047651070811499
448,naive,104,1.1156082626785748,1.0459205735138324
448,fiqt,104,1.134500287162299,1.0809234057550012
448,deming,104,1.0555800098835588,1.047988119259756
449,naive,104,1.0009717853194182,1.0053167883238896
449,fiqt,104,1.0190534362706236,1.0207596150421803
449,deming,104,1.065400383432547,1.0290792211872746
450,naive,104,1.1138557467378645,1.0401177914997617
450,fiqt,104,1.1336918733578816,1.0557867222718995
450,deming,104,1.0369253282078357,1.0123378495030235
451,naive,104,1.0355660144794567,1.0168610063887418
451,fiqt,104,1.051978792111695,1.0242797512542308
451,deming,104,1.0492136495286906,1.0063021605415434
452,naive,104,1.0282576636787226,1.0605266068744998
452,fiqt,104,1.0450300417979064,1.0833999659677938
452,deming,104,1.018310723597928,1.0435386454255347
453,naive,104,1.0878641866825078,1.0051794497652455
453,fiqt,104,1.1045978639648149,1.0376127361285006
453,deming,104,1.0437449982842386,1.0150559735657931
454,naive,104,1.0129140562411554,1.054455595400054
454,fiqt,104,1.0302675868307805,1.091025915754039
454,deming,104,1.0304491791022192,1.051922483038853
455,naive,104,0.9142833331222687,0.9828133185164031
455,fiqt,104,0.9293518376853905,0.9981510359623619
455,deming,104,0.928507081943156,0.9871001367128927
456,naive,104,0.8725725243605905,0.9204831138301547
456,fiqt,104,0.8891036436178076,0.925967386332371
456,deming,104,0.9224215660921063,0.9467205176713609
457,naive,104,0.9990367073539317,0.9571885242340261
457,fiqt,104,1.0153986256943337,0.9684092992254048
457,deming,104,0.99546162829938,1.0007686217620018
458,naive,104,1.014901859343933,1.0399762243094868
458,fiqt,104,1.0317860045102074,1.0568365890132134
458,deming,104,0.9804992133720969,0.9971880137483264
459,naive,104,0.9301744841658176,0.9991209996846915
459,fiqt,104,0.9462853054125835,1.0494887344907793
459,deming,104,0.9952384239757776,1.0278216048009379
460,naive,104,1.0176416024634298,1.0538198354512085
460,fiqt,104,1.0358782513113736,1.0721414403817398
460,deming,104,0.9734401011589948,1.0082478482967732
461,naive,104,1.0174157582055259,1.0045875248026177
461,fiqt,104,1.0350251327225057,1.0249957675815535
461,deming,104,1.0096704045758629,0.9961061251755267
462,naive,104,0.9347499839464084,0.9455952582408487
462,fiqt,104,0.9518815467935902,0.9811494666527516
462,deming,104,0.9230678934260218,0.9719051268858419
463,naive,104,1.144311666201578,1.0700926184200126
463,fiqt,104,1.1640209249163593,1.093036026741167
463,deming,104,1.0194803209904975,1.0001717287848995
464,naive,104,1.1306894098777918,1.0840870678079528
464,fiqt,104,1.1481374193782,1.102621767721809
464,deming,104,1.0523169793411382,0.9930612470928404
465,naive,104,1.0028554886937622,1.0119639654717782
465,fiqt,104,1.020170486790973,1.025521676606628
465,deming,104,1.0333114187261734,1.018903890287595
466,naive,104,0.9400516323100994,0.9983895299520272
466,fiqt,104,0.9552720812485417,1.0099757684991175
466,deming,104,0.9974686348818576,0.9958499510470511
467,naive,104,1.0927195501658213,0.9991586403377057
467,fiqt,104,1.1114532839539841,1.0190913009198028
467,deming,104,1.0591042906445782,1.001414055501522
468,naive,104,0.9650208704493792,0.994006864849937
468,fiqt,104,0.981733959798997,1.0284404178285995
468,deming,104,1.025214614619004,0.9759294507788805
469,naive,104,1.0475357742387919,0.9973555712516895
469,fiqt,104,1.0647854682946458,1.0262105247485875
469,deming,104,1.009147401059364,0.976785300823342
470,naive,104,0.9383369578682422,0.9798657107421653
470,fiqt,104,0.9547121771917576,1.0090617849431138
470,deming,104,1.0293162638331173,1.034581743848823
471,naive,104,1.0035955876561575,0.9704595011802983
471,fiqt,104,1.0195174933225055,0.9933802587888056
471,deming,104,1.0790636072713293,1.0266415135642057
472,naive,104,0.9187428324017297,0.9653497179865491
472,fiqt,104,0.935606172945382,0.9851673549080718
472,deming,104,1.0517416737046834,1.012225551388972
473,naive,104,0.9746523695035545,0.9779223216159185
473,fiqt,104,0.9919890282919052,1.0014534122502619
473,deming,104,1.0071677576822624,1.005429267659897
474,naive,104,0.977908273866902,0.9958835270849404
474,fiqt,104,0.9937335276361373,1.0190559288851575
474,deming,104,0.950492155155109,1.0208425838990245
475,naive,104,1.05220531219039,1.0642831843096392
475,fiqt,104,1.070524844535665,1.0762175075484048
475,deming,104,0.9741314973886722,0.9868048171371406
476,naive,104,0.9520845223848446,0.9856270447507871
476,fiqt,104,0.9690897874862827,1.0116865219695301
476,deming,104,1.01897919986737,1.0108645422000637
477,naive,104,1.0367305453392228,0.9745248666278361
477,fiqt,104,1.0532062893876,0.9838794052801385
477,deming,104,0.957985395118321,0.99668893450847
478,naive,104,1.0048925644546207,1.0262167037826913
478,fiqt,104,1.0226318643874823,1.040416465176884
478,deming,104,1.0542225941959598,0.9837369820688475
479,naive,104,0.9344177672144234,0.9734684158566149
479,fiqt,104,0.952042118360172,0.9830712229689691
479,deming,104,0.9374282630938346,0.9956429706678183
480,naive,104,1.0659434169499642,0.9528615708439796
480,fiqt,104,1.0855143690660853,0.9667124113911377
480,deming,104,1.0357056751642888,0.9638026926159087
481,naive,104,1.040252925232985,0.9957789820492176
481,fiqt,104,1.0571929748580824,1.0230938068566044
481,deming,104,0.9822627921934711,0.9969694146070054
482,naive,104,1.0738412612907924,1.0171583206735195
482,fiqt,104,1.0921940313878897,1.0696737844923148
482,deming,104,1.0534671932619128,1.0027570821219358
483,naive,104,0.9859555846627749,0.9766794692480956
483,fiqt,104,1.0055969502276567,0.983317456173885
483,deming,104,1.0046191595970695,1.010241577197159
484,naive,104,0.9668218582935604,0.9912337555904849
484,fiqt,104,0.9816192190739194,1.0053810066269162
484,deming,104,1.0213508775318776,1.0212842496956194
485,naive,104,0.8618472969266371,0.9325221920106
485,fiqt,104,0.878642034934326,0.938573391979726
485,deming,104,0.9514553703776708,0.9984445808123478
486,naive,104,0.9416111075302565,0.9193309483783121
486,fiqt,104,0.9584229186123103,0.9293479317717297
486,deming,104,0.9941987392045075,1.016170994286791
487,naive,104,0.9733608609357945,0.9904864721105557
487,fiqt,104,0.9895501957837731,1.0373746115502696
487,deming,104,0.9680668404910595,0.9698005458836443
488,naive,104,0.962334835153557,1.026783214561255
488,fiqt,104,0.9804771533108472,1.0798828701800565
488,deming,104,1.0130784350843112,1.04144321126808
489,naive,104,0.966043606999709,0.9903407877556439
489,fiqt,104,0.9829031237728374,1.0027148223356932
489,deming,104,0.9708216508217752,1.0017651512740882
490,naive,104,1.1587651705342097,1.0485117476509997
490,fiqt,104,1.174704124955791,1.0670438096070696
490,deming,104,1.1012719042825676,1.0359052698141245
491,naive,104,1.0865777230950764,1.0138758377358923
491,fiqt,104,1.1047787432068483,1.0345089834748074
491,deming,104,1.0094215401255282,0.9957126712886384
492,naive,104,1.0789717685679145,1.0080541098056195
492,fiqt,104,1.0958921275575628,1.030779243884822
492,deming,104,0.9885435594255221,1.0059272261152217
493,naive,104,1.0469989352599802,1.037415718038285
493,fiqt,104,1.06449317823523,1.1461611011860509
493,deming,104,1.019876750105202,1.0247163655320746
494,naive,104,0.9992125335059717,1.0136116470742862
494,fiqt,104,1.0157594434329176,1.0456733325338075
494,deming,104,0.9897789523721927,0.988364415756781
495,naive,104,0.9696632298468794,0.9990890511666564
495,fiqt,104,0.9871496768413954,1.0171842046408164
495,deming,104,0.9793677154386251,1.0071410476151754
496,naive,104,1.0241302938025472,1.0093218639565873
496,fiqt,104,1.042765423541873,1.0130968718811206
496,deming,104,1.0294388540759025,1.0174245939206976
497,naive,104,0.9494553884760997,0.9863143603100066
497,fiqt,104,0.9649815246745417,1.0117246030890332
497,deming,104,0.9177527992064297,0.9416467040186955
498,naive,104,1.1118407652072728,1.0527821795398313
498,fiqt,104,1.1291842268005683,1.0691307800952963
498,deming,104,1.0330768931469174,0.9925751759813284
499,naive,104,0.8769140348821917,0.9238545532651146
499,fiqt,104,0.8929039317616361,0.9284071678631124
499,deming,104,1.002634350567791,0.9660190141134637
500,naive,104,0.8907323816760596,1.0244308469391472
500,fiqt,104,0.9085289810598339,1.03713785002894
500,deming,104,0.9739944500764234,1.0019248465449544
501,naive,104,1.0147343487760014,0.9529033791639859
501,fiqt,104,1.030257326427435,0.9562632154772506
501,deming,104,1.011775802590812,0.9897058146548672
502,naive,104,1.0561761300226622,0.9990848795810221
502,fiqt,104,1.074439550103528,1.019848775298585
502,deming,104,0.9925724715423764,0.9894586744463345
503,naive,104,0.9142080322846693,0.899634486861346
503,fiqt,104,0.9300564469164724,0.910287643363076
503,deming,104,1.0071835619809082,1.000521438108898
504,naive,104,0.9723787277888876,0.950103469387908
504,fiqt,104,0.9901986870581906,0.9575057628245023
504,deming,104,0.9877593363334061,0.9829923024685024
505,naive,104,1.0111459566265149,0.9951062660684612
505,fiqt,104,1.0285829733653287,1.0097938867610998
505,deming,104,1.0437730076683964,1.0376511155353274
506,naive,104,1.0819739381703821,1.0033966645129375
506,fiqt,104,1.099634689672711,1.0465102166368094
506,deming,104,1.0397787041260051,0.9764474771977948
507,naive,104,0.9478356970867914,0.9973827683568981
507,fiqt,104,0.9646409326447267,1.0197836429936928
507,deming,104,0.9582286425179919,0.9583471372402235
508,naive,104,1.0925002950978806,1.0680963806817951
508,fiqt,104,1.1121224003908907,1.084887950792866
508,deming,104,1.0905858826746515,1.0427612803585966
509,naive,104,1.0698464997426638,0.9781144729444733
509,fiqt,104,1.0894320718988613,0.9860504632899483
509,deming,104,1.0610519847705093,0.9913383550422072
510,naive,104,1.057593374401051,1.0615625275549359
510,fiqt,104,1.075933675038848,1.1002076420760796
510,deming,104,1.06943229395201,1.0579807158159082
511,naive,104,0.9706885808948015,0.9436725667739287
511,fiqt,104,0.9869425222476506,0.9619661587275197
511,deming,104,0.9579303461264483,0.9710736619369322
512,naive,104,1.0775234187421296,1.0055960367214087
512,fiqt,104,1.0967814599774008,1.0427856486009448
512,deming,104,0.998984681766321,0.9630653941002406
513,naive,104,0.9602641314830535,0.9938230388631568
513,fiqt,104,0.977502493914129,1.0102581017352024
513,deming,104,0.9960301745445145,0.9872190647211733
514,naive,104,0.9983996710130414,0.9900919328043576
514,fiqt,104,1.016261908985066,1.0089317632588326
514,deming,104,1.0327871977614302,1.0186780550229555
515,naive,104,1.0301152333018533,0.9554806194266094
515,fiqt,104,1.049398767624349,0.9858660544014579
515,deming,104,1.0344452513650642,1.0116325599761125
516,naive,104,0.993046309256512,1.0067146467793044
516,fiqt,104,1.0101171838560412,1.0438249693845962
516,deming,104,1.029000386514259,1.020441209450062
517,naive,104,0.8314596473647538,0.9291002612104993
517,fiqt,104,0.8472544628441893,0.9388862970521481
517,deming,104,0.9128109333031363,0.9831150524177599
518,naive,104,0.8892453238373279,0.9855839139924121
518,fiqt,104,0.9066826596093853,0.9927686300459969
518,deming,104,0.9736505408977986,1.0225302708284527
519,naive,104,0.8805800467615162,0.8698148501846432
519,fiqt,104,0.8960761915744302,0.8749795495064165
519,deming,104,0.9190538152854926,0.9162458288171023
520,naive,104,0.8683533683258753,0.9357281938831925
520,fiqt,104,0.8853729245842407,0.9409422600269022
520,deming,104,0.9542658781429331,0.9810552707078563
521,naive,104,1.108597988008979,1.0391759095942066
521,fiqt,104,1.1256163843163174,1.0678466083928266
521,deming,104,1.0574622085965941,0.983821753590576
522,naive,104,1.001005817751761,0.9981053594024043
522,fiqt,104,1.0182558296450153,1.0329207737256874
522,deming,104,1.0238692335091202,0.9788909674792842
523,naive,104,0.8823645635224475,0.997122121867253
523,fiqt,104,0.8978053249019188,1.0098100411539161
523,deming,104,0.8977920355186938,0.9906260741829367
524,naive,104,1.0661685162269725,0.9529620578622707
524,fiqt,104,1.0837862730953443,0.9591417904999907
524,deming,104,1.049793749498477,1.0478094992937945
525,naive,104,0.9964767686511069,0.9874364217992655
525,fiqt,104,1.013379804532344,1.025172546888044
525,deming,104,1.01156937784479,1.007238431159002
526,naive,104,0.9928498883842558,0.9697168825495064
526,fiqt,104,1.0088878519160727,0.97719730734713
526,deming,104,1.054197936051808,1.0119574756741496
527,naive,104,1.1172791273788594,1.0698802606170688
527,fiqt,104,1.1344093683368794,1.0826973533049615
527,deming,104,1.034293542856805,1.064090192261683
528,naive,104,1.0233595732968688,1.0289674643340336
528,fiqt,104,1.0390159452359182,1.0568907067091766
528,deming,104,1.0763701473130316,1.0484561730848443
529,naive,104,0.982815713953263,0.9955716469320305
529,fiqt,104,1.0000778491647375,1.0202238559448844
529,deming,104,1.0009188388768318,0.9685782837387176
530,naive,104,0.961929350271932,0.9652364834187629
530,fiqt,104,0.9774812305682089,0.9711400887803774
530,deming,104,1.0101186854650346,1.0144585431353046
531,naive,104,1.0674835633875008,0.9670846268615438
531,fiqt,104,1.0835961043629516,1.0292216493957853
531,deming,104,1.0557200798805695,1.0151723752284634
532,naive,104,0.877104221381662,0.9959718007703002
532,fiqt,104,0.8928075497696236,1.019492738058776
532,deming,104,1.0069934357240926,1.0144961626330078
533,naive,104,1.0481361802925322,1.0463912268596307
533,fiqt,104,1.0668772424126907,1.077977964582433
533,deming,104,1.0434407848380676,1.0087644946605003
534,naive,104,1.0224170089033695,1.0083526525925597
534,fiqt,104,1.0401824318644666,1.0296646449520006
534,deming,104,1.0312306363245658,1.0439162019266344
535,naive,104,1.0268674023298705,1.0004595448385956
535,fiqt,104,1.0420959758310204,1.0352921132803967
535,deming,104,1.0602091574191739,1.0360289713912594
536,naive,104,0.945769577104109,0.9800506052101579
536,fiqt,104,0.9626882902969529,1.0165242825510554
536,deming,104,1.0210478321303174,0.9851454734456289
537,naive,104,1.0096540871656747,0.9723043349962017
537,fiqt,104,1.0286268486988956,0.996598000414403
537,deming,104,1.0313589657854403,0.9960196211689117
538,naive,104,1.0644308819402828,0.9953420724059696
538,fiqt,104,1.0824686627465216,1.0363657221257214
538,deming,104,1.0771180827587696,1.0583357278256607
539,naive,104,1.0593683772562676,0.986072595941094
539,fiqt,104,1.0771025142865776,1.0181804743524636
539,deming,104,0.9649859233290137,0.9946323566650106
540,naive,104,0.9754411105740913,0.9584945697583046
540,fiqt,104,0.9923393436996891,0.9726382702239883
540,deming,104,0.9569587159228425,0.9881386670796227
541,naive,104,1.0288375102280936,0.9815276898743039
541,fiqt,104,1.0454196751335931,0.9939056995646685
541,deming,104,1.0031188175778059,0.9987812163907622
542,naive,104,1.0146412437778665,1.0367806636884136
542,fiqt,104,1.0309813314441612,1.066225297686462
542,deming,104,1.0182824809983846,1.0482569626816378
543,naive,104,0.9195155553329736,0.971505778831477
543,fiqt,104,0.9364090551496621,0.9799769476417162
543,deming,104,0.9740459782302613,0.9915831178331564
544,naive,104,0.8415771556996305,0.9335277298543231
544,fiqt,104,0.8580401717618817,0.95592561977231
544,deming,104,0.9177409274439606,1.000643434460949
545,naive,104,1.0358560519367919,1.0385402007477054
545,fiqt,104,1.054563133130114,1.0470759070156979
545,deming,104,1.0597230224731204,1.012433686014226
546,naive,104,1.039769247226528,1.031463566715867
546,fiqt,104,1.056533297342546,1.0847914562980963
546,deming,104,0.9991851234427168,0.9988988364535549
547,naive,104,0.9756368178478148,1.0036324421277787
547,fiqt,104,0.9913808896226528,1.0201157462261778
547,deming,104,1.0073329920713587,1.0175330363788437
548,naive,104,1.0357495156963412,0.9731950968390135
548,fiqt,104,1.0525711004265497,0.9876891342870062
548,deming,104,1.0115506432936638,1.0043076262666224
549,naive,104,0.9256080236241743,0.9816131914220121
549,fiqt,104,0.9420319875528848,0.9978049946586904
549,deming,104,0.9302799747508887,0.9867533850521407
550,naive,104,0.9359707702918058,0.9795208463194444
550,fiqt,104,0.9522881512219024,0.9931411900565368
550,deming,104,0.991151803668516,1.021023166064462
551,naive,104,1.0090124733534023,0.9611138827651478
551,fiqt,104,1.0247492588436022,0.9823246948942567
551,deming,104,0.9993492272493736,0.9791745521135873
552,naive,104,0.939662988770176,1.004455240418483
552,fiqt,104,0.9549536477749914,1.036850264072314
552,deming,104,1.0276956417476066,1.0128632080299944
553,naive,104,0.9779259860624241,0.9741436104503879
553,fiqt,104,0.9939625636150787,1.0257151027359543
553,deming,104,1.0776611307418116,1.015632507237067
554,naive,104,1.1393999323568598,1.0499483942222467
554,fiqt,104,1.1569989221670243,1.0841382146849974
554,deming,104,1.0670022969495938,1.03927135707464
555,naive,104,0.8819899172879679,0.9309397685115921
555,fiqt,104,0.8979891876361019,0.9438665191169352
555,deming,104,0.9252490797270073,0.9559437590432627
556,naive,104,0.881880415633842,0.9670185012912362
556,fiqt,104,0.8970378920227164,0.9786559172275866
556,deming,104,1.04017905992432,0.9766678783551961
557,naive,104,0.9623278838681202,0.9514792684382067
557,fiqt,104,0.9791732120427701,0.9964229829443507
557,deming,104,0.9898296914036776,1.0044859158695922
558,naive,104,1.0428260559632714,1.0774607086344932
558,fiqt,104,1.0591469351435427,1.117151652575219
558,deming,104,0.995276872712412,1.0260204691630428
559,naive,104,1.0896701136194133,1.104339840831954
559,fiqt,104,1.1069542473456215,1.1410334326065517
559,deming,104,1.0565373428659044,1.0344980750586366
560,naive,104,0.9470802207951822,0.9734866788172871
560,fiqt,104,0.9644548719263596,0.9898503724643534
560,deming,104,0.9376994032744513,0.9583474685802171
561,naive,104,0.9475223210190389,0.9661603194432817
561,fiqt,104,0.9632753653665538,0.9795533268450913
561,deming,104,0.9507253315608373,1.0244248811044256
562,naive,104,1.0236380739092281,1.0501730090716115
562,fiqt,104,1.0410185348720185,1.0756775129151581
562,deming,104,1.017821264062244,1.0319093317137145
563,naive,104,0.9313630056087988,0.9759333422957458
563,fiqt,104,0.9466663217009024,0.9849915356759533
563,deming,104,1.0011008479797172,1.0044375176571507
564,naive,104,1.0522243369967719,1.0406276609435623
564,fiqt,104,1.0687864644120082,1.0748580580386986
564,deming,104,1.0710675494756026,1.0320596537813198
565,naive,104,1.0242236242398304,0.9973693537833606
565,fiqt,104,1.0419357419906072,1.0354110498004205
565,deming,104,1.0344113180049899,1.025269538072552
566,naive,104,0.8808653109480798,0.8928485299069991
566,fiqt,104,0.8971681384664928,0.9036559643625549
566,deming,104,0.9065513746090879,0.9668097734485691
567,naive,104,0.9396477038986439,0.960282605004172
567,fiqt,104,0.9576546414765702,0.9652793274904058
567,deming,104,1.0394157495321703,0.983758443478634
568,naive,104,0.9718506868139414,1.0412130177433596
568,fiqt,104,0.9884096400037307,1.0821943733043287
568,deming,104,0.9508072928898827,0.9896472483238341
569,naive,104,0.944066761387288,0.9743541330021144
569,fiqt,104,0.9608856654542592,0.9972941091437717
569,deming,104,0.9756877476250717,0.9985063709720716
570,naive,104,1.0675095400107844,0.9821155092314338
570,fiqt,104,1.0848983269301704,1.0524823069433122
570,deming,104,1.0432465347121,0.9995670610164549
571,naive,104,0.9375887045997462,0.9838580194790714
571,fiqt,104,0.95435974996786,0.9911034599402385
571,deming,104,0.9566164650927029,0.974046952768768
572,naive,104,1.0064842976736925,1.0123480989373075
572,fiqt,104,1.0223257594422908,1.0345045816917497
572,deming,104,1.0313325352583853,1.0126949692006866
573,naive,104,0.9423003689118191,1.030087079570316
573,fiqt,104,0.9588307360936608,1.0517540042878863
573,deming,104,0.9749658185285164,1.0322214699719305
574,naive,104,0.9620466960247894,1.0087051787894903
574,fiqt,104,0.9787274475203896,1.0227986298906884
574,deming,104,1.0141569028529198,1.0268354714075278
575,naive,104,1.1177123612026116,1.0393451578413406
575,fiqt,104,1.136966021652523,1.0560559712687851
575,deming,104,1.04294974980959,1.040626707420497
576,naive,104,1.012872537980674,0.9680074794822637
576,fiqt,104,1.0306986309176491,1.0006360870258797
576,deming,104,1.0432415481435113,1.0168654904291632
577,naive,104,0.9679965291602646,0.9645110220522564
577,fiqt,104,0.9844822624721898,0.9900406742674757
577,deming,104,1.0371424752940173,1.0347603833344774
578,naive,104,0.8487308714009618,0.9297319496695433
578,fiqt,104,0.8653530720139007,0.9356556423860206
578,deming,104,0.9095676349953578,0.9513398557611794
579,naive,104,0.967253581630106,1.0448060655505564
579,fiqt,104,0.983258567338581,1.072527490399231
579,deming,104,0.9319290490960079,0.978362860395884
580,naive,104,1.1070138285143072,1.0099273171258023
580,fiqt,104,1.1256428901492204,1.0697748553036854
580,deming,104,1.0774364001892398,0.9852167141160177
581,naive,104,1.0066798750118717,1.0210706112372
581,fiqt,104,1.0220602545141602,1.0438584660494117
581,deming,104,1.0067156326294342,1.0634488974024692
582,naive,104,1.0200860163414283,1.036810124285366
582,fiqt,104,1.0377323041651647,1.0917442472031635
582,deming,104,1.0345077092936057,1.0139806105787086
583,naive,104,0.9459394022455668,0.971741437284732
583,fiqt,104,0.9637368837908438,0.9784685701360103
583,deming,104,0.9991597191421497,1.0089894913092312
584,naive,104,0.852404669592455,0.9535075620399371
584,fiqt,104,0.8679670120609048,0.9768273771483394
584,deming,104,0.8899225612764334,0.9832304942465389
585,naive,104,1.0582560294937795,1.036662817224658
585,fiqt,104,1.0749376629462157,1.051916344347625
585,deming,104,1.0873996586135752,1.074661467144799
586,naive,104,1.0239687347868578,0.9960373630323085
586,fiqt,104,1.041632478511494,1.0142544177365909
586,deming,104,1.075751195891902,0.9770977266155181
587,naive,104,1.0925624651499086,1.0003379406009487
587,fiqt,104,1.1111563076824453,1.0145575622783656
587,deming,104,1.0214225702398727,0.9541216607213763
588,naive,104,0.9115383777095816,0.983493888137787
588,fiqt,104,0.9268218494208113,1.0111481103270943
588,deming,104,0.9890444137270525,1.0003014970269712
589,naive,104,0.8974273270930025,0.9477999179055929
589,fiqt,104,0.9139260598448993,0.9599103910523559
589,deming,104,0.9362520703351914,0.9596524871822466
590,naive,104,1.0364626187017816,0.9887963613865225
590,fiqt,104,1.054648401607882,0.9950476447711751
590,deming,104,1.0088607862977854,1.0261667156073715
591,naive,104,1.0579584414888537,1.021845780924167
591,fiqt,104,1.0749132332455156,1.0572286283628918
591,deming,104,0.9859669380981742,1.0086234174927078
592,naive,104,1.0390373168381335,1.0469849742590562
592,fiqt,104,1.055894896347532,1.09741258761359
592,deming,104,1.0187281227408997,0.966515659443858
593,naive,104,0.9660899473092078,0.9748030810108257
593,fiqt,104,0.9840394639222863,1.0031833698249146
593,deming,104,1.04692201441981,1.000385575267687
594,naive,104,0.8952240797732317,0.9215336977089637
594,fiqt,104,0.9111945751256277,0.9490233549511682
594,deming,104,0.9712352384279286,0.9982474727636585
595,naive,104,1.0415374331079632,0.9849772347518748
595,fiqt,104,1.0575332214080457,1.0010713917846417
595,deming,104,0.9866696848943882,0.9947459730448476
596,naive,104,1.085981618663986,1.0297321249062845
596,fiqt,104,1.1037073290603037,1.0499024129603445
596,deming,104,1.0099062042555187,0.9819609266074666
597,naive,104,1.0616989197824227,1.0666068617316555
597,fiqt,104,1.080407682957787,1.100528568150175
597,deming,104,1.0636062176260381,1.0233889969898224
598,naive,104,0.8146553382799555,0.8767844664567805
598,fiqt,104,0.8300913309011556,0.8855407365088324
598,deming,104,0.864337744051583,0.9394312534026195
599,naive,104,0.9330033963471388,0.9623304919108095
599,fiqt,104,0.948516587386554,0.9739672543406608
599,deming,104,0.9696401218912137,0.9782588206678116
600,naive,104,0.8703785322636391,1.0129689971353883
600,fiqt,104,0.8857142758179168,1.0316534284213992
600,deming,104,0.924861115385123,1.001620135029475
601,naive,104,1.0978631343134884,1.0855000762359048
601,fiqt,104,1.115665162455115,1.1258410575336484
601,deming,104,1.0457305656754003,1.0527995335689968
602,naive,104,1.0438047429967572,1.0733451031500691
602,fiqt,104,1.0592797394983864,1.1047646218057001
602,deming,104,1.0850288510978165,1.0723893223916028
603,naive,104,0.8918250532081395,0.942475863245467
603,fiqt,104,0.9087482443796092,0.9482934253292715
603,deming,104,0.9530108322987713,1.0210543016909372
604,naive,104,1.0277859349817347,1.0175131478383665
604,fiqt,104,1.045679314383404,1.0342927563197004
604,deming,104,1.015357923720221,1.0177561627845688
605,naive,104,0.9513486671327518,0.9381577372155614
605,fiqt,104,0.9686619740813722,0.967109310376105
605,deming,104,0.9638815046397293,0.9660114354235634
606,naive,104,0.9610104429552321,0.9764996775709991
606,fiqt,104,0.9767877452013084,1.0003553171218402
606,deming,104,0.9724373400241978,0.976764003575582
607,naive,104,1.010994724172028,0.9957206479837273
607,fiqt,104,1.0270912529101883,1.01046823039255
607,deming,104,1.097121731394362,1.039878582789493
608,naive,104,0.9071937156761247,1.008124466826446
608,fiqt,104,0.9244876981902953,1.043218528563763
608,deming,104,0.920873344043186,0.9743711425193375
609,naive,104,0.9878040691516268,1.0289407026974586
609,fiqt,104,1.0051206188972241,1.0563552660540756
609,deming,104,1.0167351005615075,1.0636310515241112
610,naive,104,1.0678579338140688,0.993040954492362
610,fiqt,104,1.0853194545357954,1.0051383790990647
610,deming,104,1.046974503134827,1.0143491343904745
611,naive,104,0.9384370573581974,0.9352734393299875
611,fiqt,104,0.9561506496453818,0.9397641512750425
611,deming,104,0.9752465078878122,0.9482412496753203
612,naive,104,1.0885344193496622,1.0517842110129796
612,fiqt,104,1.1060439949956733,1.089334159832065
612,deming,104,1.1024979436271019,1.0626950547008565
613,naive,104,0.995022349370979,1.004884078030181
613,fiqt,104,1.013275715014384,1.0280711507016773
613,deming,104,1.0351004626854698,1.0310618035942039
614,naive,104,0.8089863033353708,0.9114657353008682
614,fiqt,104,0.8244565584407254,0.9205917751779227
614,deming,104,0.9141234088174617,0.9057193624041971
615,naive,104,1.0620831672969733,1.0666649352105015
615,fiqt,104,1.0814144487625688,1.0953152755036135
615,deming,104,1.0325062917836787,1.0093000891598172
616,naive,104,0.9558508881781156,0.9980201168271843
616,fiqt,104,0.9716792639234164,1.028406307839702
616,deming,104,0.9787517638390308,1.0140745250104217
617,naive,104,1.0052539137082142,1.0371695306248028
617,fiqt,104,1.0213026296353198,1.076954975213338
617,deming,104,1.0112941657213048,1.018236558095584
618,naive,104,0.8850850775870372,0.9568806427169334
618,fiqt,104,0.9016765474556062,0.965525705419386
618,deming,104,0.9617663245117085,0.9670969162056253
619,naive,104,0.9530089778754594,0.9701008381012027
619,fiqt,104,0.9707396299212788,0.9849012143346166
619,deming,104,0.9994224071766287,1.0075940808359842
620,naive,104,0.9502372981409045,0.9731384963840493
620,fiqt,104,0.9658489171123364,0.9775321229361456
620,deming,104,0.924992270070645,0.9950568811440312
621,naive,104,1.0113559105572425,0.9543360870972587
621,fiqt,104,1.0280154324251756,0.979959853761528
621,deming,104,1.0813540582570804,1.0193961520943913
622,naive,104,0.7909814806123148,0.8950244282075323
622,fiqt,104,0.8065272811301962,0.9094266808617548
622,deming,104,0.9397038546972423,0.924019561862067
623,naive,104,1.0340637096210719,0.9936109331692812
623,fiqt,104,1.0509460111777726,1.020801089035273
623,deming,104,0.9755593609774389,0.9489526519089475
624,naive,104,1.0334399292493657,1.030341799797784
624,fiqt,104,1.051433760892318,1.0811386430105583
624,deming,104,0.9921362162691276,1.0012667114907856
625,naive,104,0.9111539086662679,0.9977454345215702
625,fiqt,104,0.9290435109136712,1.0182393617302923
625,deming,104,0.9817720589860937,1.0024996967872195
626,naive,104,1.0320010910939021,1.0102142517707948
626,fiqt,104,1.047816718807679,1.058206713023564
626,deming,104,0.9731477112782094,0.9988475077827921
627,naive,104,0.9669514494336657,0.9842211595605928
627,fiqt,104,0.984511357314298,1.013242056308525
627,deming,104,0.9125281656508194,0.9492861981912085
628,naive,104,0.9032272896554457,0.9539366186952806
628,fiqt,104,0.920051027234693,0.9676083406407798
628,deming,104,0.9146645818686759,0.9530854219435608
629,naive,104,1.0888501610883368,1.0266190613013522
629,fiqt,104,1.1084049411485064,1.0461190556870736
629,deming,104,1.0955420149866804,1.0504346577748844
630,naive,104,0.9433323664498047,0.9656704247314969
630,fiqt,104,0.9607023165009827,0.9794696733880971
630,deming,104,0.9205656418800537,0.9697968357079965
631,naive,104,1.1112333637248635,1.0592386557096536
631,fiqt,104,1.1312763742379337,1.0773294782818033
631,deming,104,1.0548393296712595,1.0836493218591619
632,naive,104,0.946984562646275,0.9543074488071877
632,fiqt,104,0.9649280783906306,0.9672211221697318
632,deming,104,1.0528112906009217,1.0224118193829994
633,naive,104,0.9830993184332832,0.8920753376712848
633,fiqt,104,1.0000483854508297,0.9002306772013546
633,deming,104,1.0018111838617745,0.9638847926962317
634,naive,104,0.8856644256320045,0.9386083445711966
634,fiqt,104,0.903686504521423,0.9442910443915953
634,deming,104,0.9140085931478116,0.9690385388838284
635,naive,104,0.9944698826965109,0.9808612932557301
635,fiqt,104,1.0113377997985606,1.0010655267130002
635,deming,104,0.9802618424636319,0.994421536478493
636,naive,104,0.9856364625150995,0.9070536302777447
636,fiqt,104,1.002526977839497,0.9159532132137047
636,deming,104,0.946164152144081,0.9394219980427689
637,naive,104,0.8723520015280453,0.9987755053025511
637,fiqt,104,0.8886948549641461,1.0314593254444762
637,deming,104,0.9699344694867219,0.9994678064897247
638,naive,104,0.8972311361330392,0.9845006949366095
638,fiqt,104,0.9141076758942965,0.9890963411459432
638,deming,104,0.9510497306935886,0.9976183939120296
639,naive,104,0.939399823139191,0.9673809745128914
639,fiqt,104,0.9549799149737852,1.0076160206287645
639,deming,104,0.9463371799022782,0.9860478822479388
640,naive,104,0.9874394308012879,1.0426232601299725
640,fiqt,104,1.0032103198043065,1.0742890679493702
640,deming,104,0.9400593960910779,0.984805844936121
641,naive,104,0.9250678731410298,0.9301708007716223
641,fiqt,104,0.9409390648792103,0.9377714141095183
641,deming,104,0.9919941443281348,0.9699244569603898
642,naive,104,0.9270636040410409,0.9474245920567547
642,fiqt,104,0.9412906027951807,0.9641191124292124
642,deming,104,1.0339944072204617,0.9762700500248445
643,naive,104,0.9738726668265448,1.0181466327094282
643,fiqt,104,0.9897904206841743,1.0388173207758076
643,deming,104,1.0192242230751711,1.0093665035358623
644,naive,104,0.8853655588526189,0.9460007567808373
644,fiqt,104,0.9005551862844825,0.9834750629470934
644,deming,104,0.9602391935277391,0.9758013895128257
645,naive,104,0.9762051199121267,1.010505143758476
645,fiqt,104,0.9924795828310031,1.0447474227063387
645,deming,104,0.9626844626582091,1.0136316276866335
646,naive,104,1.076019844839131,1.026671131250155
646,fiqt,104,1.094598119009943,1.0413731206815937
646,deming,104,0.9943685902796907,0.9862782753233986
647,naive,104,0.9321348101707626,0.977830726245503
647,fiqt,104,0.9487958043594561,1.0042800079475027
647,deming,104,0.8916980742597869,0.9529621918818427
648,naive,104,0.9892026191519053,1.0245860781491167
648,fiqt,104,1.005070923254838,1.0734529920838076
648,deming,104,1.005040019031831,1.015457053629468
649,naive,104,1.0928922874338052,1.0467559060654552
649,fiqt,104,1.111763294947249,1.077348157577625
649,deming,104,0.9925778230068064,1.000265389169042
650,naive,104,1.0568504692067466,1.0980243974796986
650,fiqt,104,1.0741428018417454,1.1409117049341422
650,deming,104,0.9765988095782618,0.996511712570219
651,naive,104,1.0551614750451592,1.0416016070512253
651,fiqt,104,1.0730101373044703,1.0605932222447374
651,deming,104,0.9922214427435578,1.0292087622445663
652,naive,104,1.0827036818305005,1.052347977126196
652,fiqt,104,1.1012889112729196,1.0881165061938156
652,deming,104,1.071674713423737,1.0493974267547106
653,naive,104,0.9072658625629688,0.950123652784747
653,fiqt,104,0.9237193482348248,0.9746379533601983
653,deming,104,0.9480861601569958,0.9813871250016846
654,naive,104,1.1135870525012783,1.0334078236343778
654,fiqt,104,1.1312044085248045,1.0631206308457668
654,deming,104,1.0265510581715012,1.0247335820088939
655,naive,104,1.0064967836751726,0.9571792442961389
655,fiqt,104,1.0231040693711593,0.9642873071483037
655,deming,104,1.0197304937911655,0.9572988790166473
656,naive,104,1.023027896545822,0.9922678452204455
656,fiqt,104,1.0405623805172095,1.0029199559670112
656,deming,104,1.015990637333103,1.0170939541920214
657,naive,104,0.985166608645468,1.0216563344201501
657,fiqt,104,1.0019633316499055,1.0429661388874027
657,deming,104,1.0087181960455303,1.0368246996400265
658,naive,104,0.9846604043266534,0.9106378722285571
658,fiqt,104,1.0040173220984379,0.922250045478048
658,deming,104,0.9906333957597825,0.9659153774527023
659,naive,104,0.8798736326093267,0.9306926893147931
659,fiqt,104,0.8957475894639367,0.9387576748797886
659,deming,104,0.9309463386705287,0.9637275363115924
660,naive,104,0.9651587952771913,0.9845562267585073
660,fiqt,104,0.9820946252907662,1.0184791698978
660,deming,104,0.9421590849061918,0.9977855528829701
661,naive,104,0.8735008432422172,0.9852971362586058
661,fiqt,104,0.8892422372331008,1.000036204734534
661,deming,104,0.9581369501964629,0.9549429197953001
662,naive,104,1.050461697141288,1.020860263990393
662,fiqt,104,1.0679305302740358,1.0458788650100463
662,deming,104,1.045487594141777,1.076117159517024
663,naive,104,0.979590852108683,1.002441873348581
663,fiqt,104,0.9955214845897478,1.0243033975512774
663,deming,104,0.9938749397961295,0.9842678453437315
664,naive,104,1.0690450718587423,0.9911827319094749
664,fiqt,104,1.085410952642964,1.0222921505449383
664,deming,104,1.0399861001241992,1.0485966201312236
665,naive,104,1.11068091574298,1.069328222412727
665,fiqt,104,1.1298720171835837,1.0992263046305821
665,deming,104,1.0356161505817025,1.0502625546684188
666,naive,104,0.9696711936332741,0.9629954203925489
666,fiqt,104,0.9869427973738639,0.9839458419860336
666,deming,104,0.9275222369863056,0.9710339696423271
667,naive,104,0.9380865120152223,1.0206286138452945
667,fiqt,104,0.9537180424168034,1.0467535700295063
667,deming,104,0.9566508533793436,1.0003209785203642
668,naive,104,0.9762055778844199,0.9953466849525864
668,fiqt,104,0.991757593601074,1.0280617426128225
668,deming,104,1.0534198687054084,1.0260083100829136
669,naive,104,0.9707706445752292,0.9834263637144689
669,fiqt,104,0.9873232278505081,0.9931322245303829
669,deming,104,0.9657372079657361,0.9820136309755472
670,naive,104,1.0095863416396922,0.9665565369829714
670,fiqt,104,1.0254945297835798,1.0028838559730144
670,deming,104,0.9850824673994807,0.9664435888555003
671,naive,104,1.1067611045602836,1.0901278240959118
671,fiqt,104,1.124593570921872,1.1182671201197492
671,deming,104,1.0149616016850245,1.051877716389948
672,naive,104,1.0016694641295756,0.9978956253349867
672,fiqt,104,1.0186702052216345,1.0145537730747312
672,deming,104,1.043614367585455,1.0292579135716449
673,naive,104,1.0305855596625666,1.0266140749301373
673,fiqt,104,1.048434818211874,1.0630212539812929
673,deming,104,1.0669802619435085,1.0457532044002555
674,naive,104,0.9472507945805382,0.9660136306115079
674,fiqt,104,0.9641481455000063,0.9973189771792961
674,deming,104,0.9456743432305397,0.9564037222662647
675,naive,104,0.9931190058988696,0.987975662498197
675,fiqt,104,1.0101117149317593,1.0233432872633899
675,deming,104,0.9635207564639395,1.0121739075875849
676,naive,104,0.9759991092962788,0.9407138046937156
676,fiqt,104,0.9937929307501813,0.9697719637505414
676,deming,104,0.9232170454995597,0.9805334436781208
677,naive,104,0.8916789421060365,0.9720147339642761
677,fiqt,104,0.9074755903748416,0.9911489597925857
677,deming,104,1.0419808747180956,1.009394969036073
678,naive,104,0.9268875117118267,0.975960877635488
678,fiqt,104,0.9426253673199062,1.0045773078997497
678,deming,104,0.9799242952319993,0.9685225014807618
679,naive,104,1.0396892131960225,0.9980887540661965
679,fiqt,104,1.0580454126177932,1.026728247669242
679,deming,104,0.9680531937532624,1.0169374762291206
680,naive,104,1.1330442361475834,1.0527238198512476
680,fiqt,104,1.149670438387383,1.1406132812304666
680,deming,104,1.066500975338736,1.0316226784890907
681,naive,104,1.110929907866804,1.1017109199974109
681,fiqt,104,1.1280908400991476,1.1418429398836958
681,deming,104,1.079856481296301,1.1094696161303448
682,naive,104,1.0702550340992676,1.0212752857116907
682,fiqt,104,1.0888856407452334,1.0344450830826686
682,deming,104,1.0344497382672744,1.0481106378056295
683,naive,104,1.0113273021779827,1.039797034380232
683,fiqt,104,1.0295295954901924,1.0639200483172968
683,deming,104,1.0019871078286025,1.0162033534830388
684,naive,104,1.0723539322470272,0.9731430399942076
684,fiqt,104,1.0909191565847036,1.0015411539654477
684,deming,104,1.0034607275194536,0.9776382552247064
685,naive,104,0.9731587866505433,0.9843924066387106
685,fiqt,104,0.9893001886833169,0.9964907769686966
685,deming,104,1.0393390061384857,1.0031790295828922
686,naive,104,0.8164306141288274,0.9559733103228366
686,fiqt,104,0.8310491587831439,0.9735520865511891
686,deming,104,0.9125428287220387,0.9619813709615483
687,naive,104,0.9789840217594,0.9719900642753012
687,fiqt,104,0.9962381946475392,1.0009055616275107
687,deming,104,1.0236269998335052,0.9821694871188975
688,naive,104,0.9706508118350814,1.0259666833320407
688,fiqt,104,0.9880355489277198,1.0490209578794172
688,deming,104,1.0746952786456616,1.0452057850543368
689,naive,104,0.9614384558300598,0.9859673842430074
689,fiqt,104,0.979567769031834,0.9903041162695485
689,deming,104,0.9740050810060604,0.9873612816682422
690,naive,104,0.9743691360912637,1.0778672155703246
690,fiqt,104,0.9895129156222867,1.1243973583785833
690,deming,104,0.988511697469879,1.0318571568856292
691,naive,104,0.8947432641044727,1.0118841820477322
691,fiqt,104,0.9117576577589557,1.0233305324758577
691,deming,104,0.9486539289369478,1.0115547385046568
692,naive,104,1.0616058771529493,1.012980340108355
692,fiqt,104,1.0785807364673172,1.0485331237727904
692,deming,104,1.0059132656584422,0.9698483287990711
693,naive,104,0.9154683151436219,0.9718783056637761
693,fiqt,104,0.9307492306263516,1.0014704129089949
693,deming,104,0.9164216120433769,0.9679402544940792
694,naive,104,0.9949752629812114,1.0051484054951592
694,fiqt,104,1.013400594085304,1.036248340594368
694,deming,104,0.9823073894780964,1.033298479031064
695,naive,104,1.034229465881798,1.0065116216009669
695,fiqt,104,1.0558450865299234,1.02676766326356
695,deming,104,0.9977218226361374,1.0190144835482884
696,naive,104,1.0902653518845957,1.0444270669904494
696,fiqt,104,1.106999040220066,1.0537513489091095
696,deming,104,1.068454409173404,1.0325724678869679
697,naive,104,0.8973665353140662,0.9484229857961957
697,fiqt,104,0.9137058798557448,0.955698510848471
697,deming,104,0.9030134835370627,0.9674683093425188
698,naive,104,1.0284794271123394,1.007011859196937
698,fiqt,104,1.04528922656784,1.0257461588620211
698,deming,104,1.0612055861640868,1.0214051560535882
699,naive,104,1.0631030441786171,0.9737372680879375
699,fiqt,104,1.0817347393304577,0.9927597460267183
699,deming,104,0.9966980973098204,0.9778221539407945
700,naive,104,1.0040508873937877,0.9943026207271841
700,fiqt,104,1.0219637693323709,1.0040165161050694
700,deming,104,0.9939156758711409,1.0021092708893946
701,naive,104,0.9147328470457194,0.9395517768824787
701,fiqt,104,0.931995694860064,0.988921202387123
701,deming,104,0.9984164779701566,1.0202139070376304
702,naive,104,0.984823549943802,0.981045926421054
702,fiqt,104,1.0014557850598047,0.9972470879642876
702,deming,104,1.0787087245535978,1.0198629015564937
703,naive,104,0.9058292628914406,0.971583608865894
703,fiqt,104,0.9219295962094175,0.9931731114007047
703,deming,104,1.001541818586127,1.0112545285170578
704,naive,104,0.9658324899542259,0.9488435526006035
704,fiqt,104,0.9828352740467856,0.9706415696560157
704,deming,104,1.0031895417858863,0.9945616785943423
705,naive,104,0.9624002946052586,0.9617770559882943
705,fiqt,104,0.9792817205483431,0.9691227015657254
705,deming,104,0.9875734218570826,0.9805834555605768
706,naive,104,1.01977000814319,0.9964951603751143
706,fiqt,104,1.0367508473909977,1.0890002116507094
706,deming,104,1.0672397352177594,1.0625163673569047
707,naive,104,1.0277114977953334,1.0022304285658965
707,fiqt,104,1.045417642187036,1.0206168434377876
707,deming,104,1.0096644697909778,0.9364354898606513
708,naive,104,0.9540267547730621,0.9203683856707856
708,fiqt,104,0.9696525820761859,0.9697157582339642
708,deming,104,1.0252286403697073,1.00256577792065
709,naive,104,0.9925129666925852,0.951293950594073
709,fiqt,104,1.010123281094841,0.9743262317059529
709,deming,104,1.0087415843892598,1.0126497711880107
710,naive,104,0.8534220203183718,0.916160508170978
710,fiqt,104,0.8678915274354044,0.9308168053588112
710,deming,104,0.9135033642474397,0.9858799172153965
711,naive,104,0.9083547147402258,0.9778322298522188
711,fiqt,104,0.9250543244745042,1.0004886881748694
711,deming,104,0.9450857024293347,0.985929794949706
712,naive,104,1.0025792305705397,0.992504468772839
712,fiqt,104,1.02076401631442,1.0146520712573444
712,deming,104,0.9673908518096513,0.9742917694429123
713,naive,104,1.0037495009762396,1.0194900807954004
713,fiqt,104,1.0213575826550008,1.0125670809514005
713,deming,104,1.03406650587425,1.000870650527614
714,naive,104,0.9781294144966564,0.9273812739115459
714,fiqt,104,0.9950336920474173,0.9311321903918166
714,deming,104,0.9613907595887897,0.9475305634184559
715,naive,104,1.0381007485933034,0.9722903103656162
715,fiqt,104,1.0568230802574734,0.9838234814047138
715,deming,104,1.0383486718946981,1.019325585318143
716,naive,104,0.8715278310506702,0.9545982344920206
716,fiqt,104,0.8870597555746808,0.9648364782327512
716,deming,104,0.9404903225465644,0.9888265179279856
717,naive,104,1.080775567756132,1.0888841530091686
717,fiqt,104,1.1005257965429025,1.1134397681807056
717,deming,104,1.1057387198348445,1.042426467663082
718,naive,104,0.9626705512801771,0.9392731163867851
718,fiqt,104,0.9792523359403619,0.9862805516989248
718,deming,104,0.9799659211049643,0.982195826467406
719,naive,104,1.0308681056547966,1.0601994782117141
719,fiqt,104,1.0474512646385983,1.082753252499423
719,deming,104,1.0594087405416326,1.0502234129130488
720,naive,104,0.9325144291131701,1.0113532618878007
720,fiqt,104,0.9486259343612112,1.045425962642399
720,deming,104,0.9340304242039014,0.9585133301257008
721,naive,104,1.0013613046530954,0.9402609145462582
721,fiqt,104,1.0192867423786545,0.9445839509090146
721,deming,104,0.9475275643946153,0.9503397865985546
722,naive,104,0.9328060018105057,0.9452729509634196
722,fiqt,104,0.950527282300092,0.9667011080772385
722,deming,104,0.9603135744864348,0.9867894116716709
723,naive,104,0.9106425412309241,0.9752875098093222
723,fiqt,104,0.9268536017905209,0.9972401759030758
723,deming,104,0.9374422550539017,0.9447607763190335
724,naive,104,1.011906574901823,0.9917296150434299
724,fiqt,104,1.0303639714561594,1.0003952764592485
724,deming,104,0.9794726472481755,0.978601729659051
725,naive,104,0.9068934483707858,0.9738587310166553
725,fiqt,104,0.9240443041501204,0.9911396639075554
725,deming,104,0.971181645596715,0.9963629167452723
726,naive,104,1.0918023391178022,0.9618511041790114
726,fiqt,104,1.1095568404590337,1.011095597381927
726,deming,104,1.0714793733152161,1.007719625588868
727,naive,104,0.9505760488988393,0.8921894432604912
727,fiqt,104,0.9684992687055739,0.9054868399801117
727,deming,104,0.9796486256617349,0.9946668701089914
728,naive,104,1.0456302716500219,1.058354077747489
728,fiqt,104,1.0626137490856478,1.0907724362903237
728,deming,104,1.0392072067312392,1.019772285748961
729,naive,104,1.0274665979346655,0.9738842711624373
729,fiqt,104,1.0442631873068124,0.9909905373776311
729,deming,104,0.9871241800133806,1.0172819492678813
730,naive,104,1.041464117720388,1.0037042333115824
730,fiqt,104,1.0590389662109014,1.0503146912768853
730,deming,104,1.058790590903504,1.0386657540727793
731,naive,104,0.8809924411370127,0.9443301517517368
731,fiqt,104,0.8963998676585914,0.9708858968681672
731,deming,104,0.9775365074146046,0.9586299282254327
732,naive,104,1.0390791706578788,0.9764980389507032
732,fiqt,104,1.0549599762056756,1.0010884133388398
732,deming,104,1.0434659390267906,0.987142250675537
733,naive,104,1.0235809973891707,1.010940601494642
733,fiqt,104,1.0406585095495013,1.0485786456514548
733,deming,104,1.0354648968380984,0.9962277821855237
734,naive,104,0.9080180035973987,0.9544562586519362
734,fiqt,104,0.9232764884945379,0.9641857170729231
734,deming,104,0.9507101753731166,0.9598305232449365
735,naive,104,1.10554564620724,1.025412174341201
735,fiqt,104,1.123220087219213,1.0609759300340351
735,deming,104,1.0734371601824317,1.0720425492406243
736,naive,104,0.9221513764715343,0.9342397689310535
736,fiqt,104,0.9354290859855683,0.9682809666713206
736,deming,104,0.9909817114097831,0.9591120796438153
737,naive,104,1.0849404566912317,1.0673531542766392
737,fiqt,104,1.103783382355702,1.1403302193590992
737,deming,104,0.98052021411698,0.9894741690475688
738,naive,104,0.9591561882797094,0.9867293086531134
738,fiqt,104,0.9761314636898965,1.0011777986683121
738,deming,104,0.9320996930387403,0.9911597300867324
739,naive,104,1.109766333809664,1.0873183526454249
739,fiqt,104,1.1269799344066849,1.1175040862777823
739,deming,104,1.039665331411666,0.9723448094418663
740,naive,104,1.016710526951816,0.9750513278955526
740,fiqt,104,1.0346877164611237,0.9811559967391352
740,deming,104,0.9764958740095622,0.9689696642710378
741,naive,104,0.8956947190552405,0.9726996427660993
741,fiqt,104,0.9112895793324071,1.008182256657352
741,deming,104,0.9206885948090163,0.968166313636702
742,naive,104,1.097397026941731,1.032770569104807
742,fiqt,104,1.1149416372434438,1.0489513601821137
742,deming,104,0.959238051848076,1.031250235957966
743,naive,104,1.0909185955911762,1.067107202667961
743,fiqt,104,1.1084833503113996,1.1045056435394187
743,deming,104,1.0491810085066209,1.0472305890125728
744,naive,104,1.0804092042586386,1.0699230249376437
744,fiqt,104,1.0990979810259314,1.099519510889172
744,deming,104,1.0257989065439692,1.0424373924250303
745,naive,104,0.9916316370868933,0.9554434431397638
745,fiqt,104,1.0057736651862355,0.9744108884490434
745,deming,104,1.069281793809484,1.0368945910750043
746,naive,104,0.9540790361701658,0.9825215631963256
746,fiqt,104,0.9701949957227203,0.994214736925837
746,deming,104,1.0532769281446497,1.0298115789854738
747,naive,104,1.0612909673773128,1.0236661453156826
747,fiqt,104,1.078480181461534,1.0573091454692882
747,deming,104,1.055231703182615,1.0260544992856093
748,naive,104,0.8718990813182802,0.9852458825139676
748,fiqt,104,0.8876947932384053,1.009997930538371
748,deming,104,0.9476140155270839,1.0081357781636568
749,naive,104,1.0997964289152435,1.026169594341197
749,fiqt,104,1.1181608723008931,1.0450742057856819
749,deming,104,1.133655366336367,1.0358974757367885
750,naive,104,0.9137068065514102,0.9806255349913768
750,fiqt,104,0.9298434673220283,0.9871740027280036
750,deming,104,0.9210158307410853,1.0123807707411205
751,naive,104,0.932532114943397,0.9713399021077489
751,fiqt,104,0.9505164089738037,0.9830706460204555
751,deming,104,0.9431141579702987,0.9543526170163636
752,naive,104,0.976899550724061,0.98354390667889
752,fiqt,104,0.9947366183530211,1.006048594630458
752,deming,104,0.9967641267918353,1.000786522469577
753,naive,104,1.0246184404408039,0.9670401842570804
753,fiqt,104,1.0428845425078126,0.9761941872064381
753,deming,104,1.0435905244852475,0.9984025545922054
754,naive,104,1.106515120731317,0.9874394810242351
754,fiqt,104,1.1255182333095854,1.021553777207679
754,deming,104,1.0046310213562768,1.0106956914914929
755,naive,104,0.9953787466986888,0.9531362554878714
755,fiqt,104,1.0128727208189388,0.9671956767328804
755,deming,104,1.0373104192005238,0.9784387815197504
756,naive,104,0.8901890299380988,0.9261666086434376
756,fiqt,104,0.9054312928262036,0.9433006525768056
756,deming,104,0.9360195548910188,0.9876265603960028
757,naive,104,0.9781680114334286,0.9439382144484568
757,fiqt,104,0.9968995475371621,0.9509480010768334
757,deming,104,1.0094810517525679,0.9652710403836249
758,naive,104,0.953866782781766,0.9944193807004762
758,fiqt,104,0.9698527428179033,1.0091360486982994
758,deming,104,0.9964334567723842,1.0021303911367823
759,naive,104,1.0907733672759092,1.0384004458651643
759,fiqt,104,1.1083014837486442,1.0675214928279202
759,deming,104,1.1152056792219291,1.0611894900932817
760,naive,104,0.9633454261413831,0.9540950907820944
760,fiqt,104,0.9816787209512061,0.9721065797080884
760,deming,104,0.9942957649621124,0.958668661696803
761,naive,104,1.0477704552744154,1.0067130811945582
761,fiqt,104,1.0651590560320492,1.0503389872448523
761,deming,104,0.9804455092207203,1.0188605238615662
762,naive,104,0.9230112334115455,0.948124878447328
762,fiqt,104,0.9382659933144759,0.9553017374152641
762,deming,104,0.9674771278235117,0.992947200481334
763,naive,104,1.0075141008793032,0.9656513955263202
763,fiqt,104,1.0250920582189365,0.9741333943916253
763,deming,104,1.0193427514556843,1.0016964324331354
764,naive,104,0.9739790085820593,0.9837644598001626
764,fiqt,104,0.9920977102739508,1.003593603574124
764,deming,104,0.9632400126556763,0.9621030149290166
765,naive,104,0.9842129231582817,0.9984107307088603
765,fiqt,104,1.0030700631889429,1.0083498799862238
765,deming,104,1.0016018891864744,0.9888618112761071
766,naive,104,0.9928600610670166,1.0199291304282923
766,fiqt,104,1.0091337303614383,1.0614726234114937
766,deming,104,0.9808257671226014,1.036256098816587
767,naive,104,1.0227948703611174,0.9964526916467142
767,fiqt,104,1.0400015741707973,1.0262820831417587
767,deming,104,1.010578435753388,1.0175559282169235
768,naive,104,0.8800287665975488,0.9413535869474152
768,fiqt,104,0.8959306572855694,0.9572129084109977
768,deming,104,0.903701307300828,0.9704298712432615
769,naive,104,1.0193877554796915,0.9975456138623053
769,fiqt,104,1.0360397429075574,1.0080724924785414
769,deming,104,1.051477940359637,1.0286769104395632
770,naive,104,1.0047200042866251,0.965741756384267
770,fiqt,104,1.021109532968706,1.0277557063988683
770,deming,104,0.9915069449845535,0.9628392614268239
771,naive,104,0.9219694221681055,0.910421954461061
771,fiqt,104,0.9390635902485805,0.9332443408850354
771,deming,104,0.9401633580864343,1.0348054904358484
772,naive,104,0.8659392300726538,1.0042506795872126
772,fiqt,104,0.8809719460865723,1.0556246856519937
772,deming,104,0.9568060571945953,1.0181554538289344
773,naive,104,0.9997131935856362,0.9195903026692123
773,fiqt,104,1.0185432635509786,0.9241491503206197
773,deming,104,0.9800492886665407,0.975223557352388
774,naive,104,1.052271646948744,1.0488700858170779
774,fiqt,104,1.0702883382896426,1.0790865677874453
774,deming,104,1.048232848240365,1.0173180942204056
775,naive,104,1.1246164614224687,1.02585950215801
775,fiqt,104,1.1445521812623665,1.0763789897349416
775,deming,104,1.0089723017473204,0.984666102505014
776,naive,104,0.9339696317102408,0.9910334159844212
776,fiqt,104,0.9511693680878796,0.995627632952207
776,deming,104,1.0240544715446638,0.9972763573382202
777,naive,104,0.9444474406926295,1.0136230307799303
777,fiqt,104,0.961136656173025,1.0395922432437552
777,deming,104,1.0081531119551765,1.0138800573773845
778,naive,104,1.168460867703593,1.0465637007803736
778,fiqt,104,1.1857587619536518,1.0667501366849323
778,deming,104,1.0807772103474922,1.0066420818921413
779,naive,104,1.0116912418285529,1.0144612498071246
779,fiqt,104,1.0280464275134078,1.0331260519373795
779,deming,104,1.0774446524670602,1.0653422796845313
780,naive,104,1.027923502196661,0.9716002453610244
780,fiqt,104,1.0447971318338924,1.01652137572218
780,deming,104,0.9908130542534995,0.9650064777807481
781,naive,104,0.9271865991501996,0.9857993407629897
781,fiqt,104,0.942937319820538,1.0362127802206675
781,deming,104,0.9192231306839195,0.9578548566104612
782,naive,104,1.021300755510849,0.9919760517203888
782,fiqt,104,1.0367340408396877,1.0315341238128433
782,deming,104,0.9930491406558003,1.0013381036168454
783,naive,104,0.92746897409142,0.9717362005025145
783,fiqt,104,0.9429675022734574,1.00591779337956
783,deming,104,0.977018190762756,0.9887539065418381
784,naive,104,0.9975915224140615,1.0511661803755847
784,fiqt,104,1.014064919004785,1.091904983021511
784,deming,104,1.0300987783624616,1.0531378765928054
785,naive,104,0.8651216535707686,0.9673809599505182
785,fiqt,104,0.8820800725281585,0.9857867470349042
785,deming,104,0.9578256695541316,0.933857478474601
786,naive,104,0.8300460153184192,0.945997683743076
786,fiqt,104,0.8443503627816222,0.9577324527205802
786,deming,104,0.9178877002677459,0.9803159221883023
787,naive,104,0.9643170089841935,0.9481595712713693
787,fiqt,104,0.9808185257796256,0.9803417701668019
787,deming,104,1.0123692569886593,0.9960447203875968
788,naive,104,0.9757867103781942,1.0407568064209536
788,fiqt,104,0.9932707642634224,1.0557751517029965
788,deming,104,0.999975877157987,1.0099902926933657
789,naive,104,0.8617854827273632,0.9505734130482417
789,fiqt,104,0.8785498564524921,0.9570214879879424
789,deming,104,0.952982769756603,0.9260712971346869
790,naive,104,0.8966598590088417,0.8769129623307501
790,fiqt,104,0.914397486130102,0.8863959072514571
790,deming,104,0.8567821229913174,0.9021266483706152
791,naive,104,1.0427269371699777,0.9818016076871923
791,fiqt,104,1.058939081491355,1.0304191503784201
791,deming,104,1.0566318088087496,1.0140988023870106
792,naive,104,0.8483666035797506,0.9278317891340877
792,fiqt,104,0.863600319846249,0.9545752676228584
792,deming,104,0.8940889517413289,0.9108210640958168
793,naive,104,0.9791200126696322,0.9979962178698749
793,fiqt,104,0.9968824026966855,1.009472454528779
793,deming,104,1.0682432386087122,1.0336332234052716
794,naive,104,1.0379859325665843,1.0147995932803402
794,fiqt,104,1.0539846574860303,1.0360996262754476
794,deming,104,1.034913866376814,0.9870275025052115
795,naive,104,0.9065302798704836,0.9045471484770206
795,fiqt,104,0.923480477516591,0.9325195433467381
795,deming,104,1.0051983462846066,0.9827834060258627
796,naive,104,0.9461177383003859,0.9160028154979982
796,fiqt,104,0.9639389870577435,0.9232346756010938
796,deming,104,0.9436971818190426,0.9683560240334514
797,naive,104,0.9770925401474653,1.0029675852054112
797,fiqt,104,0.99325745281082,1.0208542628363642
797,deming,104,1.024275397727942,0.9908727077441146
798,naive,104,1.0372160791586675,1.0203168258173576
798,fiqt,104,1.0553853712348977,1.070213144636425
798,deming,104,1.0439118044058682,1.0190700467225842
799,naive,104,0.8149922243510932,0.904903407743635
799,fiqt,104,0.8311664057069096,0.9101385901724076
799,deming,104,0.9144042091577913,0.947932507386567
800,naive,104,1.060157729272376,1.0420533798639942
800,fiqt,104,1.0757719697522963,1.0908928141614063
800,deming,104,1.0030350794656144,0.9985928872543265
801,naive,104,0.9306053525166035,1.0181617825461484
801,fiqt,104,0.9464701441890866,1.0319556732174422
801,deming,104,0.9969843860474058,0.9992293130372463
802,naive,104,1.011413142798988,0.9524976303474195
802,fiqt,104,1.0300663049788312,0.9663631171835246
802,deming,104,1.037072694486932,0.942598066532568
803,naive,104,0.9290253129066826,0.9368837462135853
803,fiqt,104,0.946025019277672,0.9461516167956925
803,deming,104,0.9648219600235662,0.9764164054577297
804,naive,104,0.9098832356616461,0.9542632639451241
804,fiqt,104,0.9247399104264026,0.9985292756264263
804,deming,104,0.995057418174156,0.9580697110102407
805,naive,104,0.8629045683005484,0.9138409719954095
805,fiqt,104,0.8784760705120581,0.9297952346400934
805,deming,104,0.9661596448830458,0.9566183383090461
806,naive,104,1.0121902612847609,0.9306141411848825
806,fiqt,104,1.029941429690731,0.9359488075796292
806,deming,104,1.049618932975463,1.0394937678797298
807,naive,104,0.917467581575555,0.9962050037848952
807,fiqt,104,0.9348442080662647,1.029363037520877
807,deming,104,0.9560231974728037,0.9944457063296706
808,naive,104,0.9216282611872825,0.9995404133186849
808,fiqt,104,0.9380779171644018,1.0165449211887663
808,deming,104,1.0207244204313886,1.0082556426543556
809,naive,104,1.0939850896181569,1.018303622316692
809,fiqt,104,1.1119316225494684,1.0482992936550337
809,deming,104,1.074951462566947,1.0154032607488372
810,naive,104,1.053189978901609,0.9886847890976023
810,fiqt,104,1.070188672716978,1.0089201144241942
810,deming,104,1.0069875380927045,0.9540133227352874
811,naive,104,1.0547123767530429,1.0653871219627993
811,fiqt,104,1.074543274484253,1.0919318300455032
811,deming,104,1.0486222123874585,1.0167207128179871
812,naive,104,1.0176755740593522,1.0675095167843902
812,fiqt,104,1.0350708534896347,1.086785454377262
812,deming,104,1.0040412751109864,1.0156201593081677
813,naive,104,1.0962015124857163,0.9756740763067808
813,fiqt,104,1.1129292206781884,1.0388783653749218
813,deming,104,1.0262203666757064,0.9725344036826632
814,naive,104,0.927271926947294,0.9444302228816188
814,fiqt,104,0.9432784436769318,0.9572179771941329
814,deming,104,0.9498762284062632,0.9921212204029344
815,naive,104,0.8679982326798044,0.9910161060712906
815,fiqt,104,0.8838769368367158,1.0186549607861721
815,deming,104,0.954790600357114,0.9738990053041274
816,naive,104,0.9076252856545348,0.9458811726651504
816,fiqt,104,0.9235258252801883,0.9528026533061663
816,deming,104,1.0147191814004077,1.0141055482604604
817,naive,104,0.9945196546030588,0.9864374895926367
817,fiqt,104,1.010146220320137,1.0255845869931073
817,deming,104,1.0402659226780544,1.0585039204138342
818,naive,104,1.0374748914592122,0.9968224577316875
818,fiqt,104,1.0562117134648228,1.0342870898626622
818,deming,104,1.0713679110837508,1.0031916094755742
819,naive,104,0.9227132664006076,0.9282402024969308
819,fiqt,104,0.9377128346913521,0.9488141544285529
819,deming,104,0.9912290532520639,0.9806960346700266
820,naive,104,1.0078421437852276,1.0198226540952597
820,fiqt,104,1.0240232958347266,1.049046071627925
820,deming,104,1.0818065406166648,1.0413326141986916
821,naive,104,0.8623733141450859,0.9592294580752769
821,fiqt,104,0.8785090348454574,0.9726630743773839
821,deming,104,0.9285310126609485,0.9670922813931431
822,naive,104,1.0756836055475136,1.0257902568166164
822,fiqt,104,1.0942355720366703,1.0386894964423297
822,deming,104,1.0548862106857642,1.0107239584259324
823,naive,104,1.0344807107215566,0.9756145981699573
823,fiqt,104,1.0531973764982907,1.0189763442114506
823,deming,104,1.0990539088269307,0.9894587547617183
824,naive,104,1.1178377467214737,1.0374448664427707
824,fiqt,104,1.134105445818973,1.0688563062854626
824,deming,104,0.9665800990595996,0.9996285231352375
825,naive,104,0.9295342016640761,0.9481958262031398
825,fiqt,104,0.9458461186051899,0.9998381067360292
825,deming,104,0.9808428777840217,0.980535726279207
826,naive,104,1.043797271359337,1.0181021578865552
826,fiqt,104,1.0614368556110623,1.0409775395145497
826,deming,104,1.0054230151737311,1.0159167207219624
827,naive,104,1.0383687017101655,1.032182050915115
827,fiqt,104,1.0566243280113674,1.0487851353516444
827,deming,104,1.0123544898678485,1.0295264842149332
828,naive,104,0.9874065833703367,0.9571436855214749
828,fiqt,104,1.003895983663138,0.9889508796295678
828,deming,104,0.9332370548808171,0.9706184198957585
829,naive,104,1.0864224923835877,1.0220408250870259
829,fiqt,104,1.1043082924357004,1.0526911675997117
829,deming,104,1.0579095408292325,1.001272855157442
830,naive,104,0.9274233419449376,0.9218290070467007
830,fiqt,104,0.9426312834444583,0.9487534391610462
830,deming,104,0.9973586171173182,1.0108518758813911
831,naive,104,0.8480057935816651,0.9251967506503849
831,fiqt,104,0.861908878811763,0.9472218670859602
831,deming,104,0.9241481137626189,0.9541228353905129
832,naive,104,0.9987250439833103,0.9935385695277577
832,fiqt,104,1.0160952307419509,1.0184020019702085
832,deming,104,1.020452570274025,1.0159444459636087
833,naive,104,0.9651503342762908,0.9744676149501186
833,fiqt,104,0.9828334485856176,0.9906406624041834
833,deming,104,0.9250305352799307,0.9835859124459355
834,naive,104,0.9207285386984988,0.8923978280306375
834,fiqt,104,0.9391388624828513,0.8988966844807841
834,deming,104,0.9126426664282274,0.980111166579495
835,naive,104,1.1339479037884237,1.0746689486114729
835,fiqt,104,1.1513128659631955,1.0982932199706148
835,deming,104,1.051314521215864,1.0327722091486524
836,naive,104,0.9745321152210107,1.033921682799662
836,fiqt,104,0.9919387211074645,1.0465065068098678
836,deming,104,1.0214335596546724,1.0241521790083539
837,naive,104,1.0183415789106123,0.9244088192251187
837,fiqt,104,1.0348413168684176,0.9539151347388077
837,deming,104,0.9953591222289415,0.9674610825954657
838,naive,104,0.9408322908298689,0.94764970111729
838,fiqt,104,0.9584384403876356,0.9575779439395007
838,deming,104,1.0038030414870074,1.0244930466416102
839,naive,104,1.066821570530042,1.0256185013757997
839,fiqt,104,1.0851113717146967,1.0602026226413892
839,deming,104,1.0677904618993925,1.025392441311213
840,naive,104,0.9912208074743507,0.9722195821229841
840,fiqt,104,1.0089341262331468,0.9943624744206476
840,deming,104,1.0335223818530825,1.019190240346849
841,naive,104,1.007380842567283,0.9781368685674592
841,fiqt,104,1.0246461300315828,1.0311105007521184
841,deming,104,1.0028791312924972,1.0185377129054776
842,naive,104,1.0125706020045007,1.0463631571584677
842,fiqt,104,1.0291391674622357,1.0737819624418292
842,deming,104,1.065797213638787,1.0615990642439244
843,naive,104,1.062398329563633,1.0428813563931891
843,fiqt,104,1.0802605002548857,1.0699498764767288
843,deming,104,1.045696425960364,1.0047597152393433
844,naive,104,1.0885636030662882,1.0517744562010334
844,fiqt,104,1.1071423601221022,1.0657913260184255
844,deming,104,1.0227297683216283,1.0625236129123137
845,naive,104,0.9367009915379272,1.0008277823875458
845,fiqt,104,0.9533374244427181,1.0196193295631413
845,deming,104,0.9262173628769182,0.9619378567488751
846,naive,104,1.0843268226660971,1.0801942757807397
846,fiqt,104,1.1035813228892395,1.1201904809515586
846,deming,104,0.9933468132450627,1.0017692476738933
847,naive,104,0.995539712494218,0.9412823505532386
847,fiqt,104,1.0149237886906235,0.9687868043129402
847,deming,104,1.0049085113819531,1.0109298676429486
848,naive,104,1.0307800670604867,0.9976116589128903
848,fiqt,104,1.0481374925715907,1.003941120617847
848,deming,104,0.9727759431423798,0.9621650583420855
849,naive,104,1.0292895377861273,1.0004552185689526
849,fiqt,104,1.0441901485869187,1.0281222270987183
849,deming,104,0.9652094444862146,0.990942914583127
850,naive,104,0.9869330534748453,0.9998700463787955
850,fiqt,104,1.0024671874447275,1.031984072468993
850,deming,104,0.9860611781691442,0.9988024400341374
851,naive,104,1.1830172405985435,1.0631407291843051
851,fiqt,104,1.203928945352066,1.098108739320455
851,deming,104,1.1258996517749393,1.0319637826687889
852,naive,104,1.038292531351892,0.9772685845673602
852,fiqt,104,1.0555851286331155,1.0051378081576074
852,deming,104,1.062785351399697,1.0019214938092929
853,naive,104,0.9971792556372243,0.9889187017203883
853,fiqt,104,1.0118774209562713,0.9996621882848593
853,deming,104,1.013686718944887,0.9944906004704734
854,naive,104,1.11757676553059,1.004005665517575
854,fiqt,104,1.1359777362686938,1.033294561237816
854,deming,104,1.0778316320500663,1.030924359462766
855,naive,104,0.9931418242945553,0.9893185648971932
855,fiqt,104,1.0098163434653167,1.0175514951067846
855,deming,104,0.9932716256717893,0.9741779897073054
856,naive,104,0.9312101384225563,0.9815229246413977
856,fiqt,104,0.9477188466875437,1.0072096517652276
856,deming,104,0.939878429512418,0.9683637594769812
857,naive,104,1.021584410509836,0.9687338439590658
857,fiqt,104,1.038475754149274,0.985506919620405
857,deming,104,0.9923727454913043,0.9816139258243999
858,naive,104,1.0780365336359155,0.9774285736838202
858,fiqt,104,1.0951085081055538,0.990879990846551
858,deming,104,0.9793127534504709,0.9593518250507245
859,naive,104,0.9508410684223867,0.9199899595826702
859,fiqt,104,0.9661980079689173,0.9409078888459377
859,deming,104,0.9774854377604769,0.9515855505147192
860,naive,104,1.111216825704632,1.0339563181404472
860,fiqt,104,1.1317533751758004,1.0678271509740185
860,deming,104,1.0396559529624285,1.0230616838360937
861,naive,104,0.9376312112245024,0.9641057574309739
861,fiqt,104,0.9528882019903792,0.9879294990191134
861,deming,104,0.9536231111870896,0.9709601195265789
862,naive,104,1.0626745222016578,1.0398967846326332
862,fiqt,104,1.0806253435906967,1.0520674534187324
862,deming,104,1.0464056800321009,1.0128963933645312
863,naive,104,0.9494474270493247,0.9770884589251514
863,fiqt,104,0.9666033021527587,0.9815642254656249
863,deming,104,0.9774581920854103,0.9843068312172459
864,naive,104,1.0053099349315653,0.9619894247831235
864,fiqt,104,1.0221804920270643,0.9690296246776768
864,deming,104,0.9836488601400023,0.9843360704950055
865,naive,104,1.0982737110706677,0.9854514874032059
865,fiqt,104,1.1158937322177633,1.0046254676587583
865,deming,104,1.0108243685367766,1.0193302023333999
866,naive,104,1.0110617773350545,0.9575583828638624
866,fiqt,104,1.0274283259512458,0.9790026869972488
866,deming,104,1.0789584555342773,1.004153840041553
867,naive,104,0.9868991111475499,1.026222994720394
867,fiqt,104,1.0029803055078736,1.0551606474244437
867,deming,104,0.9518480965373167,1.025105737259305
868,naive,104,0.9982055341094629,0.9688147526821965
868,fiqt,104,1.0157156270322194,0.9846234769071637
868,deming,104,1.015349410221489,1.0094098741000994
869,naive,104,0.9343184115470535,1.0289482656967959
869,fiqt,104,0.9511664827527573,1.0427125140542037
869,deming,104,0.9035481174215303,0.9679436641866291
870,naive,104,0.8948925665959332,0.9664081935903961
870,fiqt,104,0.9119420676663734,0.9803082414325965
870,deming,104,0.9087502902360528,0.9798222056386608
871,naive,104,1.1988710554197122,1.0739471971601913
871,fiqt,104,1.218216609701212,1.0960165529969195
871,deming,104,1.0866888969447284,1.042185272803086
872,naive,104,1.1507972671302957,1.037382444472831
872,fiqt,104,1.1699498579410819,1.0686056706810743
872,deming,104,1.0546883630807302,1.0443834215868324
873,naive,104,0.8766433469435394,0.9259281406468625
873,fiqt,104,0.8919962224459824,0.9495122932130491
873,deming,104,0.9247585013723089,0.960280964019051
874,naive,104,0.9720769360024101,0.9927333815849864
874,fiqt,104,0.9886741753855622,1.0387053963243866
874,deming,104,1.0301880069347495,0.9969901498934397
875,naive,104,1.0330050373864412,0.9815883644347967
875,fiqt,104,1.0495173405259561,0.9984112680105246
875,deming,104,1.0651257427789909,0.9814582948046581
876,naive,104,1.0838875575105043,1.0651036783447219
876,fiqt,104,1.1002959237658854,1.0911064449487795
876,deming,104,1.1323464777533323,1.0258411841918686
877,naive,104,1.0170529568700508,0.9640770155300137
877,fiqt,104,1.0339267116837791,0.9980895280137818
877,deming,104,0.9998801724270157,0.9944149593870765
878,naive,104,0.9632899053561665,0.9985256138491321
878,fiqt,104,0.978488960417252,1.0271483037435454
878,deming,104,1.0110683865010985,1.0081155227642293
879,naive,104,1.0049233581198846,1.0229151566828176
879,fiqt,104,1.0235476970912114,1.0476725816687862
879,deming,104,1.0081827515409651,1.0024741647528597
880,naive,104,0.9428403728534891,1.0145201268990587
880,fiqt,104,0.9614119724019415,1.032827821680918
880,deming,104,0.9757306599547313,1.0259083511656883
881,naive,104,0.9938799887927122,0.9772967752411701
881,fiqt,104,1.012352470537788,0.9833481261148181
881,deming,104,1.0531217170244622,1.0219307211244164
882,naive,104,0.9916475935951206,1.010042548806867
882,fiqt,104,1.009603232717223,1.0356920676842685
882,deming,104,1.0387654032393778,1.0416921224071922
883,naive,104,0.9732475966270145,0.9832128077420591
883,fiqt,104,0.9912515106084689,0.9933927287464266
883,deming,104,0.9480257101002736,0.9559429875064414
884,naive,104,1.0300892583761498,1.0050282380798208
884,fiqt,104,1.0472199869202758,1.0442460184087254
884,deming,104,0.9820468017717464,0.9972349987503699
885,naive,104,0.9904841415058327,0.9629332440083833
885,fiqt,104,1.006963973281582,1.010774020054601
885,deming,104,0.9830732087728783,0.9623375394971374
886,naive,104,1.0251508915446257,0.9912404564089117
886,fiqt,104,1.0420529082620338,1.0109463186749017
886,deming,104,0.9559701335067862,0.9789354577421441
887,naive,104,0.9797031500443004,0.9983162010179076
887,fiqt,104,0.9961233691661422,1.016248496896122
887,deming,104,1.0281123314069107,1.0232354469866416
888,naive,104,0.9760286209749528,0.978958561793773
888,fiqt,104,0.9925799952592624,1.0215314420778947
888,deming,104,0.968148069029701,1.0102203389319069
889,naive,104,1.0534085871671577,1.0161207761157027
889,fiqt,104,1.0713815027625968,1.0267319045048926
889,deming,104,1.047121000369174,1.0208597154112933
890,naive,104,0.9590205187376426,0.9645648730433434
890,fiqt,104,0.9779920206149845,0.9699098479179777
890,deming,104,0.9773974158931632,1.0316420218659181
891,naive,104,0.9572039738133236,0.9303278588236813
891,fiqt,104,0.975720023799756,0.9493205550904962
891,deming,104,0.9394583269059091,1.0073797004875535
892,naive,104,1.0246427502906963,1.0285874192679223
892,fiqt,104,1.0409135954979154,1.05859926801253
892,deming,104,1.0244408218218313,1.0151700731666922
893,naive,104,0.9129522792071341,0.9357707145469789
893,fiqt,104,0.9299767556463945,0.9529802647920993
893,deming,104,0.9944890441830896,1.0422658205135997
894,naive,104,0.8285968904662516,0.8929019103318152
894,fiqt,104,0.8428244158780461,0.9249302456737204
894,deming,104,0.8796879152678794,0.9683590449056273
895,naive,104,0.878491888355316,0.9279331337931678
895,fiqt,104,0.8956126457199068,0.9429554356050487
895,deming,104,0.9947240081609685,0.9722314613021191
896,naive,104,0.9393341769279324,1.0124228035565594
896,fiqt,104,0.9571094130496379,1.0287173329413766
896,deming,104,1.0225827897648352,1.0295887449810097
897,naive,104,1.1135340233971895,1.032954844503902
897,fiqt,104,1.131679452998429,1.0743318666807917
897,deming,104,1.0966323864222518,1.0170822780743012
898,naive,104,1.0533160794851173,1.0176786711437704
898,fiqt,104,1.0707688934516972,1.050036707689696
898,deming,104,1.0693266809552933,1.0646421968076352
899,naive,104,0.9656832264514642,0.9845474898283297
899,fiqt,104,0.9827564601668151,0.9992442588734107
899,deming,104,1.0437399134800485,0.9720146899720221
900,naive,104,1.0937370321353612,0.9833144006468476
900,fiqt,104,1.1113928213535607,0.9943240709168448
900,deming,104,1.1369681935935907,1.0406017787033162
901,naive,104,1.0436641591133127,1.0401279681462412
901,fiqt,104,1.0623400653077308,1.0656040039571326
901,deming,104,1.0115274063138513,1.005817137024137
902,naive,104,1.0248434608254824,1.0060157837567756
902,fiqt,104,1.0411017765493253,1.0230280212758887
902,deming,104,0.9857779627697736,1.0083668222456983
903,naive,104,1.017444439758487,1.0033931771710352
903,fiqt,104,1.0338122451223115,1.0217296231300244
903,deming,104,1.0193382031407174,0.9901163296445565
904,naive,104,1.0888371002832196,1.0174368502204607
904,fiqt,104,1.104634888933934,1.0420484082744041
904,deming,104,1.0762615771321768,0.9922472468527843
905,naive,104,0.9895967910730967,0.9493168040203951
905,fiqt,104,1.0055973573888932,0.9675342362151997
905,deming,104,0.9741106807054756,0.9391899302235115
906,naive,104,0.9476669410039859,0.9710076943136798
906,fiqt,104,0.9649090137286195,0.9904343153697395
906,deming,104,0.8899320980638538,0.9319700657922262
907,naive,104,0.9483393573043638,0.9445962976338216
907,fiqt,104,0.9651720199306955,0.9616113049996837
907,deming,104,0.960848017102446,0.9609987509193758
908,naive,104,0.9023011651906637,0.9941557185303755
908,fiqt,104,0.918227511689294,1.0122641166432884
908,deming,104,0.995417833809751,1.010591444156856
909,naive,104,0.8600051542768669,0.9859320026643583
909,fiqt,104,0.8770070016924245,0.9987983767296986
909,deming,104,0.9573716956456152,0.9956353856340824
910,naive,104,0.9619612370512471,0.9733860775919929
910,fiqt,104,0.9786040758449608,0.9895791029834285
910,deming,104,0.9899187777898668,1.0007180198998573
911,naive,104,0.9563721021249092,1.005019717307162
911,fiqt,104,0.9734304246681034,1.0252770429080025
911,deming,104,0.9619084124039444,0.9948173829520041
912,naive,104,1.00881807451474,0.9963610919169641
912,fiqt,104,1.0252084816341631,1.0242199184132106
912,deming,104,1.0044927585051502,0.9988451972514693
913,naive,104,1.051753797996058,0.9941018488229115
913,fiqt,104,1.069598014950291,1.02718625769153
913,deming,104,1.040183474501265,1.0188890919615825
914,naive,104,0.9292856894178314,0.9691127810413115
914,fiqt,104,0.9447618509592668,0.9875156060338961
914,deming,104,0.9853108512258714,0.9753891443339324
915,naive,104,0.8719450166829142,0.9440899928690043
915,fiqt,104,0.8875793298529858,0.9622070777707139
915,deming,104,0.988837601911283,0.9588571650295845
916,naive,104,1.013612824647359,1.029455056566532
916,fiqt,104,1.0305589160073108,1.041586130578843
916,deming,104,0.9993959274963059,0.9729034013425149
917,naive,104,0.974757282914523,0.9917853845799693
917,fiqt,104,0.990700649619503,0.991032448296342
917,deming,104,0.9394726757572707,0.9306587766674017
918,naive,104,0.9160476282600374,0.9941553466714312
918,fiqt,104,0.932214186614079,1.0194767226464605
918,deming,104,0.9414593458369531,0.9880212791627724
919,naive,104,0.9965924002486416,1.041716271272984
919,fiqt,104,1.0129500988548819,1.0558756735831056
919,deming,104,1.0242584648858215,1.0629397001796281
920,naive,104,0.912818420621332,0.9298898146648196
920,fiqt,104,0.9304100438194874,0.9338712913022034
920,deming,104,0.9610921211267289,0.9873992447824596
921,naive,104,1.0517344478828554,0.9925564834227205
921,fiqt,104,1.0697054918992788,1.0090291144476113
921,deming,104,1.0023253201313893,1.0085386962556138
922,naive,104,1.0297397355617988,1.0159890652669616
922,fiqt,104,1.0459261599554177,1.036284356470296
922,deming,104,1.0314315440992603,1.0118318388702703
923,naive,104,1.041501424394239,1.0418801402101345
923,fiqt,104,1.0600396441029294,1.0655734803337553
923,deming,104,1.0735876945783178,1.0244233473053606
924,naive,104,0.8940455648882056,0.9918195079751269
924,fiqt,104,0.9104462028329081,1.0169340871490622
924,deming,104,0.9533770078494462,1.02513854416934
925,naive,104,0.9508808399916094,0.9978745807275322
925,fiqt,104,0.9673883840378555,1.02156715696715
925,deming,104,0.9899391433786171,0.9888003884520217
926,naive,104,1.0930553867949784,1.0570609792104746
926,fiqt,104,1.1103125248680095,1.1133595803461147
926,deming,104,1.1395060182886991,1.0618842231233412
927,naive,104,0.9574820605268666,0.9754590290824079
927,fiqt,104,0.9730314059999436,0.9888948340034645
927,deming,104,0.9208768714434975,0.9705699270263357
928,naive,104,0.9015167568669482,0.9865036777614846
928,fiqt,104,0.9175743693981152,1.0343621512128918
928,deming,104,0.9363723995140716,0.9526854954701606
929,naive,104,0.9815713504632116,1.0174193643468854
929,fiqt,104,0.999360062959869,1.0450743639352096
929,deming,104,1.003962021353917,1.010244457930722
930,naive,104,0.9576294693920868,0.970532656320418
930,fiqt,104,0.9744796838017457,0.9864805943161814
930,deming,104,1.0062125587446564,0.9777589084753561
931,naive,104,1.0347733425087144,0.99212879874434
931,fiqt,104,1.0524240272215886,1.0454849450657404
931,deming,104,1.0633168591389266,1.0177583906086856
932,naive,104,0.8953317018703782,0.9191819457249906
932,fiqt,104,0.9129483192674873,0.9238296156605277
932,deming,104,0.9658534324051714,0.9882594283526127
933,naive,104,0.9402856085461001,0.9619342290091654
933,fiqt,104,0.9563363206885391,0.9819748542401661
933,deming,104,0.9759923497070335,0.9465618905681711
934,naive,104,0.9562036429366858,0.98749793077392
934,fiqt,104,0.971704611637435,1.0132037802892708
934,deming,104,1.0026167739784824,0.9963084726502762
935,naive,104,0.9122593350839258,0.9791825825120619
935,fiqt,104,0.9293350306247247,0.9924889067881844
935,deming,104,0.9343695917254832,0.9656659315088059
936,naive,104,1.0010151142804358,0.9777468194008829
936,fiqt,104,1.0168890843963072,1.00045199076411
936,deming,104,1.007261221705325,0.9627834063248025
937,naive,104,0.9591639081438323,1.01244939357662
937,fiqt,104,0.972324618332409,1.062983698489517
937,deming,104,0.9420663722277788,0.9772497648201655
938,naive,104,1.0143967227096273,0.9930006527663235
938,fiqt,104,1.0311261340964823,1.0293998812720986
938,deming,104,1.033808166194436,0.998494127011667
939,naive,104,1.0890699116645637,1.0071392010348275
939,fiqt,104,1.1057794373171956,1.03759711550468
939,deming,104,1.1031512101591185,1.0233999307671042
940,naive,104,0.9459885934618069,0.9819492408587474
940,fiqt,104,0.9631145833800075,0.9936946603591683
940,deming,104,1.0351443248261902,1.0262727841416062
941,naive,104,0.9112974415535852,0.9281691556009429
941,fiqt,104,0.9272477561643384,0.9381771011938543
941,deming,104,1.0096516943042042,0.9976040599373069
942,naive,104,0.9930559837585838,0.9924657003310524
942,fiqt,104,1.008348126170768,1.0387043843354056
942,deming,104,1.00700892070159,0.9683853393900842
943,naive,104,0.9742257948048614,0.9819371747593373
943,fiqt,104,0.9905174859278917,0.995990883242692
943,deming,104,0.9647968423261088,0.9908049998707559
944,naive,104,0.9067731102077115,0.958361696751718
944,fiqt,104,0.9220479660622589,0.9643626726699377
944,deming,104,0.9257194768052828,0.9783262100223525
945,naive,104,0.9354186649063608,1.013886812711049
945,fiqt,104,0.9514573452459205,1.0518236975830089
945,deming,104,0.9936883490770951,0.9988347031129081
946,naive,104,0.8549670020044856,0.969875771403983
946,fiqt,104,0.8700969553639036,0.9843474914194406
946,deming,104,0.904401516215847,0.9954202188324479
947,naive,104,0.977016746181515,0.9852086397105628
947,fiqt,104,0.9935109919123336,1.0065415931348414
947,deming,104,0.9701189166072074,0.9750691510438376
948,naive,104,0.9896218561944174,1.0230676900390197
948,fiqt,104,1.0066548124696961,1.0458337612826516
948,deming,104,0.9845649712553832,1.0062573616175485
949,naive,104,0.9657320156068899,0.9454606785763741
949,fiqt,104,0.9823698033330875,0.9861373054902125
949,deming,104,0.9775457787194597,0.9798248334792454
950,naive,104,0.983095275031273,1.0482933783913828
950,fiqt,104,1.0014003834430214,1.088045901505907
950,deming,104,0.9192990469766572,1.005266372168578
951,naive,104,0.9750007714384784,0.962688939684959
951,fiqt,104,0.9914922621718569,0.9966983857142273
951,deming,104,1.0040360842701317,1.018871544633107
952,naive,104,0.9601249827458016,0.9723669377983098
952,fiqt,104,0.9775541834521223,0.9843486097443926
952,deming,104,0.9570979889359423,0.9741045383687532
953,naive,104,0.9931429998835113,0.989331931301383
953,fiqt,104,1.0097917842179123,1.0015423795463345
953,deming,104,0.9661478545794271,0.9956950137240707
954,naive,104,1.0417413546009253,1.0124952779438403
954,fiqt,104,1.0595878283467166,1.029391596280596
954,deming,104,0.9594529251180036,0.9914649632891558
955,naive,104,0.9563811915666066,1.0012433721042906
955,fiqt,104,0.9732053500240563,1.0361626493615117
955,deming,104,0.9774157442989366,0.9988009856589752
956,naive,104,0.9097196140205058,0.9739470189129482
956,fiqt,104,0.9275419970888318,0.9850409833504721
956,deming,104,0.9238793746735114,0.9932512316338709
957,naive,104,0.9978285118846117,0.9231889586030393
957,fiqt,104,1.0161951775792086,0.9296759111064193
957,deming,104,0.9927629846818331,0.9849786825453226
958,naive,104,0.9467316012088725,0.9545324088141305
958,fiqt,104,0.9630603523317256,0.9743762225571506
958,deming,104,1.029386919863782,1.0286291784982926
959,naive,104,0.918545922687436,0.95878154730715
959,fiqt,104,0.934311199652021,0.9784498720980943
959,deming,104,1.036353047609094,0.9940336297643113
960,naive,104,0.9663462692090925,1.0182968669962829
960,fiqt,104,0.9828659681798447,1.0546129798343498
960,deming,104,0.9686319442992791,1.014983683923152
961,naive,104,0.9435991996467563,0.966964740744866
961,fiqt,104,0.9594647758354395,0.9835885859492861
961,deming,104,1.0279098650176797,1.0101654685569985
962,naive,104,1.0208278197955583,1.0191544694037549
962,fiqt,104,1.038016907961171,1.029341304595515
962,deming,104,1.0204408114316306,1.0262149296071292
963,naive,104,1.1219608544385105,1.052242122342279
963,fiqt,104,1.1415350826815676,1.1079431832624942
963,deming,104,1.070207487864862,1.0784968911601742
964,naive,104,0.8754664379762898,0.8990364874317904
964,fiqt,104,0.8918262716403405,0.9133541355230456
964,deming,104,0.9593897009031244,0.9440469312016575
965,naive,104,0.9077324993115479,0.9611006124445894
965,fiqt,104,0.9227177742829965,0.9923042228220822
965,deming,104,0.9978233500972516,1.0205785001990515
966,naive,104,1.0149662755012232,1.0255516887952947
966,fiqt,104,1.0325280517747435,1.034592980112318
966,deming,104,1.0117333069260686,1.0002995555732668
967,naive,104,1.0355588100442408,1.0304737050117738
967,fiqt,104,1.052652786644861,1.0731684599875857
967,deming,104,0.9888074542452545,0.9993204724787768
968,naive,104,0.8888363317380832,0.9474382353417141
968,fiqt,104,0.9061908993253176,0.9883501626067085
968,deming,104,0.9619371677140836,0.9851503508155957
969,naive,104,0.9953843013435963,0.9487561132196956
969,fiqt,104,1.0115965161480889,0.9557924765941379
969,deming,104,1.0100542484883417,1.0126817802681867
970,naive,104,1.1655323306614498,1.0706068330921634
970,fiqt,104,1.1854932667463491,1.0881656675032958
970,deming,104,1.0806333526608596,1.0456298422889971
971,naive,104,0.9455170509086083,0.9728033009652439
971,fiqt,104,0.9629159286904283,1.0020813593156153
971,deming,104,0.9738570912201328,0.9671419923090643
972,naive,104,1.1605044728701979,1.1107276022684762
972,fiqt,104,1.1807944026787325,1.1560860605742378
972,deming,104,1.0353194703449278,1.0192129446422262
973,naive,104,1.0626307697349993,1.0644789593915474
973,fiqt,104,1.0796155026757797,1.0905764805384797
973,deming,104,1.0593683822710682,1.035013403528748
974,naive,104,0.9934939966462089,1.037091533109388
974,fiqt,104,1.0103118792292116,1.0448244689674993
974,deming,104,1.0330650024373589,1.0017530087938706
975,naive,104,1.0235389133398394,1.025151373530325
975,fiqt,104,1.0404305079399452,1.0570968086335073
975,deming,104,1.0617808697419469,1.0369177371609837
976,naive,104,0.9558638803031683,1.035371426852534
976,fiqt,104,0.9729793481339856,1.0548740262479628
976,deming,104,0.9896444941925022,0.9922919970773406
977,naive,104,0.900689608950153,0.9333007091184959
977,fiqt,104,0.9139982079904443,0.9510659185000466
977,deming,104,0.9593436733615268,1.0073910204924639
978,naive,104,0.9374859926486047,0.9321576530045652
978,fiqt,104,0.952790797269279,0.944214043522688
978,deming,104,0.9275481121725224,0.9626200594915698
979,naive,104,0.971143535812698,0.972070101334259
979,fiqt,104,0.9880618545266314,0.9875102484925271
979,deming,104,1.0421339630768762,1.0070414208337026
980,naive,104,0.9245619292536333,0.9171576312734571
980,fiqt,104,0.940830189898581,0.9435686947216851
980,deming,104,1.002477968752737,0.976425879147686
981,naive,104,1.1103538068489074,1.0370211093899855
981,fiqt,104,1.130445006575669,1.0563642400915287
981,deming,104,1.0881845912747035,1.0562965868166445
982,naive,104,0.9149689842730058,0.9724266061404978
982,fiqt,104,0.9301694092791634,1.012541281579738
982,deming,104,0.9816694390424945,0.9744411019042232
983,naive,104,0.9898189188528256,1.0094281648940298
983,fiqt,104,1.0067084442250465,1.0325136097568541
983,deming,104,1.016485125236627,1.0093741862004322
984,naive,104,0.9558530392871473,0.9768124626648595
984,fiqt,104,0.9719893779965424,0.984490751687123
984,deming,104,1.026575579506498,1.0418532256451938
985,naive,104,1.0059567575874377,0.9913873538256956
985,fiqt,104,1.022600913804715,1.0251777443404766
985,deming,104,1.0371218322534201,1.0185439894475574
986,naive,104,0.9317206767122272,0.9751069382149173
986,fiqt,104,0.9495313634289577,0.9975720997478605
986,deming,104,0.9022197539289352,0.948650990998187
987,naive,104,0.910752540580926,0.943585279172682
987,fiqt,104,0.9286596435416976,0.9511973214798038
987,deming,104,0.932586361659432,0.9460032393697462
988,naive,104,1.1647478927506443,1.008955246460521
988,fiqt,104,1.1836527342064675,1.0205907590288228
988,deming,104,1.0763596053174258,0.9947404014343184
989,naive,104,0.9819811289880541,1.0361800548131055
989,fiqt,104,0.9997959899428639,1.0580515810385531
989,deming,104,1.0777451505874984,1.0430729093506625
990,naive,104,0.9763312039522757,0.960407865884772
990,fiqt,104,0.994737957789696,0.9902174824221932
990,deming,104,1.0082740837813258,0.9709904086617351
991,naive,104,1.0824845623998365,1.0467855288288748
991,fiqt,104,1.0994687529146516,1.0730323160543374
991,deming,104,1.019675494786262,1.041449093508905
992,naive,104,0.8865217905483563,0.9559246656472277
992,fiqt,104,0.9021442216789402,0.9790935238557361
992,deming,104,0.9123661931887763,0.9832796639676529
993,naive,104,1.1101700033766115,1.038247178737259
993,fiqt,104,1.1294755966752243,1.0763500622507223
993,deming,104,1.0828051183653118,1.0239909639528344
994,naive,104,0.9913198103376052,0.9728422343927011
994,fiqt,104,1.00856357376913,0.979242554410776
994,deming,104,1.0376334700200849,1.0101052630146792
995,naive,104,1.0042365989773088,1.0327796909953322
995,fiqt,104,1.02258429027644,1.0716979228856234
995,deming,104,0.9494046719920075,1.0124903749255432
996,naive,104,1.045568454659669,1.0380239256877393
996,fiqt,104,1.0628320579475081,1.0462991427235087
996,deming,104,1.0728984046515544,1.0366165001267866
997,naive,104,0.9845955448129509,0.9831487225329217
997,fiqt,104,1.0022320261433861,0.991083568731885
997,deming,104,1.0184598129286577,0.9857912936063555
998,naive,104,0.987030581440054,0.9963385160507404
998,fiqt,104,1.0048981329700264,1.0308784319853261
998,deming,104,0.986885938428734,0.9968175719875583
999,naive,104,1.0489338469103262,0.9904274865602436
999,fiqt,104,1.065331056310764,1.028914242718141
999,deming,104,0.9884358312218192,0.9823608389188605
