indication_mesh_id,indication_mesh_term,mesh2026_preferred_term,n_pairs,n_genes,n_A,n_B,candidate_1_id,candidate_1_description,candidate_1_pops_pass_qc,candidate_1_score,candidate_1_matched_mesh_term,candidate_2_id,candidate_2_description,candidate_2_pops_pass_qc,candidate_2_score,candidate_2_matched_mesh_term,candidate_3_id,candidate_3_description,candidate_3_pops_pass_qc,candidate_3_score,candidate_3_matched_mesh_term,candidate_4_id,candidate_4_description,candidate_4_pops_pass_qc,candidate_4_score,candidate_4_matched_mesh_term,candidate_5_id,candidate_5_description,candidate_5_pops_pass_qc,candidate_5_score,candidate_5_matched_mesh_term,selected_panukb_phenotype_id,mapping_decision,mapping_rationale,reviewer_notes
D009765,Obesity,Obesity,31,31,4,27,icd10|E66|both_sexes||,E66 Obesity,"EUR,MID",255.0,Obesity,phecode|250|both_sexes||,Diabetes mellitus,"CSA,EUR",6.25,Obesity,icd10|K80|both_sexes||,K80 Cholelithiasis,"EAS,EUR",5.7142857142857135,Obesity,phecode|574.1|both_sexes||,Cholelithiasis,"EAS,EUR",5.7142857142857135,Obesity,phecode|740|both_sexes||,Osteoarthrosis,"EUR,MID",5.7142857142857135,Obesity,,,,
D001249,Asthma,Asthma,29,29,4,25,icd10|J45|both_sexes||,J45 Asthma,"CSA,EUR,MID",255.0,Asthma,phecode|496.2|both_sexes||,Chronic bronchitis,"CSA,EUR",7.9411764705882355,"Asthma, Bronchial",icd10|K44|both_sexes||,K44 Diaphragmatic hernia,"EUR,MID",7.5,"Asthma, Bronchial",phecode|550.2|both_sexes||,Diaphragmatic hernia,"CSA,EUR,MID",7.5,"Asthma, Bronchial",phecode|496.21|both_sexes||,Obstructive chronic bronchitis,"CSA,EUR",7.173913043478261,"Asthma, Bronchial",,,,
D003093,"Colitis, Ulcerative","Colitis, Ulcerative",26,26,2,24,phecode|250.2|both_sexes||,Type 2 diabetes,"CSA,EUR",39.34615384615385,"Inflammatory Bowel Disease, Ulcerative Colitis Type",phecode|411|both_sexes||,Ischemic Heart Disease,"CSA,EUR",30.625,"Inflammatory Bowel Disease, Ulcerative Colitis Type",phecode|714|both_sexes||,Rheumatoid arthritis and other inflammatory polyarthropathies,"CSA,EUR",26.084834834834837,"Inflammatory Bowel Disease, Ulcerative Colitis Type",phecode|411.8|both_sexes||,"Other chronic ischemic heart disease, unspecified","CSA,EAS,EUR",25.036848072562357,"Inflammatory Bowel Disease, Ulcerative Colitis Type",icd10|I25|both_sexes||,I25 Chronic ischaemic heart disease,"CSA,EUR",24.953703703703702,"Inflammatory Bowel Disease, Ulcerative Colitis Type",,,,
D006949,Hyperlipidemias,Hyperlipidemias,22,22,4,18,icd10|K80|both_sexes||,K80 Cholelithiasis,"EAS,EUR",7.777777777777778,Hyperlipemias,phecode|574.1|both_sexes||,Cholelithiasis,"EAS,EUR",7.777777777777778,Hyperlipemias,phecode|401|both_sexes||,Hypertension,"CSA,EUR",7.5,Hyperlipemia,phecode|250.2|both_sexes||,Type 2 diabetes,"CSA,EUR",7.0,Hyperlipidemias,phecode|327.3|both_sexes||,Sleep apnea,"CSA,EUR",6.666666666666666,Lipemia,,,,
D029424,"Pulmonary Disease, Chronic Obstructive","Pulmonary Disease, Chronic Obstructive",20,20,3,17,icd10|J44|both_sexes||,J44 Other chronic obstructive pulmonary disease,"CSA,EUR",133.875,Chronic Obstructive Pulmonary Disease,phecode|496.21|both_sexes||,Obstructive chronic bronchitis,"CSA,EUR",65.07526881720429,Chronic Obstructive Lung Disease,icd10|I25|both_sexes||,I25 Chronic ischaemic heart disease,"CSA,EUR",53.872549019607845,Chronic Obstructive Pulmonary Disease,phecode|411.8|both_sexes||,"Other chronic ischemic heart disease, unspecified","CSA,EAS,EUR",51.931372549019606,Chronic Obstructive Pulmonary Disease,phecode|496.2|both_sexes||,Chronic bronchitis,"CSA,EUR",49.07608695652174,Chronic Airflow Obstructions,,,,
D003424,Crohn Disease,Crohn Disease,19,19,1,18,phecode|411|both_sexes||,Ischemic Heart Disease,"CSA,EUR",49.82142857142857,Crohn Disease,icd10|I25|both_sexes||,I25 Chronic ischaemic heart disease,"CSA,EUR",47.97826086956522,Crohn's Disease,icd10|K21|both_sexes||,K21 Gastro-oesophageal reflux disease,"EUR,MID",47.0,Crohn's Disease,icd10|J44|both_sexes||,J44 Other chronic obstructive pulmonary disease,"CSA,EUR",46.741379310344826,Crohn's Disease,phecode|411.8|both_sexes||,"Other chronic ischemic heart disease, unspecified","CSA,EAS,EUR",45.69047619047619,Crohn's Disease,,,,
D006973,Hypertension,Hypertension,19,19,8,11,phecode|401|both_sexes||,Hypertension,"CSA,EUR",255.0,Hypertension,phecode|401.1|both_sexes||,Essential hypertension,"CSA,EUR",113.08823529411765,Hypertension,icd10|F32|both_sexes||,F32 Depressive episode,"CSA,EUR",7.297297297297297,"Blood Pressure, High",phecode|250.2|both_sexes||,Type 2 diabetes,"CSA,EUR",6.666666666666666,Hypertension,phecode|306|both_sexes||,Other mental disorder,"EAS,EUR",6.363636363636364,Hypertension,,,,
D003924,"Diabetes Mellitus, Type 2","Diabetes Mellitus, Type 2",18,18,9,9,icd10|E11|both_sexes||,E11 Non-insulin-dependent diabetes mellitus,"CSA,EUR",255.0,Non-Insulin-Dependent Diabetes Mellitus,phecode|250.2|both_sexes||,Type 2 diabetes,"CSA,EUR",255.0,Type 2 Diabetes,phecode|250|both_sexes||,Diabetes mellitus,"CSA,EUR",120.77235772357723,"Diabetes Mellitus, Stable",icd10|E66|both_sexes||,E66 Obesity,"EUR,MID",6.818181818181818,"Diabetes, Type 2",phecode|401|both_sexes||,Hypertension,"CSA,EUR",6.666666666666666,Type 2 Diabetes,,,,
D007249,Inflammation,Inflammation,18,18,1,17,phecode|714|both_sexes||,Rheumatoid arthritis and other inflammatory polyarthropathies,"CSA,EUR",34.24157303370786,Innate Inflammatory Response,phecode|785|both_sexes||,Abdominal pain,"CSA,EUR",6.923076923076923,Inflammation,icd10|K44|both_sexes||,K44 Diaphragmatic hernia,"EUR,MID",6.5625,Inflammation,phecode|550.2|both_sexes||,Diaphragmatic hernia,"CSA,EUR,MID",6.5625,Inflammation,icd10|Z86|both_sexes||,Z86 Personal history of certain other diseases,"EUR,MID",6.338028169014084,Innate Inflammatory Responses,,,,
D001943,Breast Neoplasms,Breast Neoplasms,16,16,2,14,phecode|594|both_sexes||,Urinary calculus,"CSA,EUR",7.741935483870968,Mammary Cancers,phecode|250|both_sexes||,Diabetes mellitus,"CSA,EUR",7.5,Breast Malignant Tumors,phecode|530|both_sexes||,Diseases of esophagus,"EUR,MID",7.5,Breast Neoplasm,icd10|N20|both_sexes||,N20 Calculus of kidney and ureter,"CSA,EUR",7.346938775510204,Cancer of the Breast,phecode|760|both_sexes||,Back pain,"CSA,EUR",7.199999999999999,Breast Carcinoma,,,,
D011471,Prostatic Neoplasms,Prostatic Neoplasms,16,16,1,15,icd10|K44|both_sexes||,K44 Diaphragmatic hernia,"EUR,MID",7.5,Prostatic Cancer,phecode|550.2|both_sexes||,Diaphragmatic hernia,"CSA,EUR,MID",7.5,Prostatic Cancer,phecode|716.9|both_sexes||,Arthropathy NOS,"EAS,EUR",7.5,Prostate Neoplasm,phecode|716|both_sexes||,Other arthropathies,"EAS,EUR",7.317073170731707,Cancer of the Prostate,phecode|411.4|both_sexes||,Coronary atherosclerosis,"CSA,EUR",7.173913043478261,Cancer of the Prostate,,,,
D001172,"Arthritis, Rheumatoid","Arthritis, Rheumatoid",15,15,3,12,phecode|714|both_sexes||,Rheumatoid arthritis and other inflammatory polyarthropathies,"CSA,EUR",109.9074074074074,Rheumatoid Arthritis,phecode|716.2|both_sexes||,Unspecified monoarthritis,"CSA,EAS,EUR,MID",8.666666666666666,Rheumatoid Arthritis,phecode|740|both_sexes||,Osteoarthrosis,"EUR,MID",7.9411764705882355,Rheumatoid Arthritis,phecode|716|both_sexes||,Other arthropathies,"EAS,EUR",7.692307692307692,Rheumatoid Arthritis,icd10|M16|both_sexes||,M16 Coxarthrosis [arthrosis of hip],"CSA,EUR",7.346938775510204,"Arthritis, Rheumatoid",,,,
D015179,Colorectal Neoplasms,Colorectal Neoplasms,14,14,0,14,phecode|306|both_sexes||,Other mental disorder,"EAS,EUR",7.297297297297297,Colorectal Tumor,phecode|454.1|both_sexes||,Varicose veins of lower extremity,"AFR,EUR",7.222222222222221,"Carcinomas, Colorectal",icd10|K80|both_sexes||,K80 Cholelithiasis,"EAS,EUR",7.0588235294117645,Colorectal Neoplasms,phecode|574.1|both_sexes||,Cholelithiasis,"EAS,EUR",7.0588235294117645,Colorectal Neoplasms,icd10|I83|both_sexes||,I83 Varicose veins of lower extremities,"AFR,EUR",6.964285714285714,"Carcinomas, Colorectal",,,,
D006937,Hypercholesterolemia,Hypercholesterolemia,14,14,3,11,icd10|K80|both_sexes||,K80 Cholelithiasis,"EAS,EUR",8.181818181818182,Hypercholesteremias,phecode|574.1|both_sexes||,Cholelithiasis,"EAS,EUR",8.181818181818182,Hypercholesteremias,phecode|401|both_sexes||,Hypertension,"CSA,EUR",8.0,Hypercholesteremia,icd10|Z72|both_sexes||,Z72 Problems related to lifestyle,"AFR,EUR",7.959183673469388,Elevated Cholesterol,phecode|317|both_sexes||,Alcohol-related disorders,"AFR,EUR",7.333333333333333,"Cholesterol, Elevated",,,,
D015228,Hypertriglyceridemia,Hypertriglyceridemia,14,14,3,11,icd10|Z86|both_sexes||,Z86 Personal history of certain other diseases,"EUR,MID",6.666666666666666,Hypertriglyceridemias,phecode|401|both_sexes||,Hypertension,"CSA,EUR",6.5625,Hypertriglyceridemia,phecode|716|both_sexes||,Other arthropathies,"EAS,EUR",6.0,Hypertriglyceridemias,phecode|250.2|both_sexes||,Type 2 diabetes,"CSA,EUR",5.833333333333333,Hypertriglyceridemias,icd10|I25|both_sexes||,I25 Chronic ischaemic heart disease,"CSA,EUR",5.769230769230769,Hypertriglyceridemias,,,,
D003920,Diabetes Mellitus,Diabetes Mellitus,13,13,2,11,phecode|250|both_sexes||,Diabetes mellitus,"CSA,EUR",255.0,Diabetes Mellitus,icd10|E11|both_sexes||,E11 Non-insulin-dependent diabetes mellitus,"CSA,EUR",108.10714285714286,Diabetes Mellitus,phecode|250.2|both_sexes||,Type 2 diabetes,"CSA,EUR",51.666666666666664,Diabetes Mellitus,phecode|530|both_sexes||,Diseases of esophagus,"EUR,MID",7.105263157894736,Diabetes Mellitus,icd10|F32|both_sexes||,F32 Depressive episode,"CSA,EUR",6.857142857142857,Diabetes Mellitus,,,,
D003876,"Dermatitis, Atopic","Dermatitis, Atopic",12,12,2,10,phecode|496.2|both_sexes||,Chronic bronchitis,"CSA,EUR",7.7142857142857135,Atopic Dermatitis,icd10|I83|both_sexes||,I83 Varicose veins of lower extremities,"AFR,EUR",6.842105263157895,Atopic Neurodermatitis,phecode|716.2|both_sexes||,Unspecified monoarthritis,"CSA,EAS,EUR,MID",6.7924528301886795,Disseminated Neurodermatitis,phecode|250|both_sexes||,Diabetes mellitus,"CSA,EUR",6.666666666666666,Disseminated Neurodermatitis,phecode|250.2|both_sexes||,Type 2 diabetes,"CSA,EUR",6.5625,Atopic Dermatitis,,,,
D011565,Psoriasis,Psoriasis,12,12,3,9,icd10|K80|both_sexes||,K80 Cholelithiasis,"EAS,EUR",7.826086956521739,Psoriasis,phecode|574.1|both_sexes||,Cholelithiasis,"EAS,EUR",7.826086956521739,Psoriasis,phecode|740|both_sexes||,Osteoarthrosis,"EUR,MID",7.826086956521739,Psoriasis,icd10|N20|both_sexes||,N20 Calculus of kidney and ureter,"CSA,EUR",6.724137931034483,Pustulosis of Palms and Soles,phecode|272|both_sexes||,Disorders of lipoid metabolism,"CSA,EUR",6.610169491525424,Pustulosis of Palms and Soles,,,,
D000544,Alzheimer Disease,Alzheimer Disease,11,11,1,10,phecode|411|both_sexes||,Ischemic Heart Disease,"CSA,EUR",51.25,Alzheimer Disease,phecode|530|both_sexes||,Diseases of esophagus,"EUR,MID",50.32051282051282,Alzheimer Diseases,phecode|250.2|both_sexes||,Type 2 diabetes,"CSA,EUR",47.56578947368421,Alzheimer Type Dementia,icd10|Z86|both_sexes||,Z86 Personal history of certain other diseases,"EUR,MID",47.5,Alzheimer Diseases,icd10|I25|both_sexes||,I25 Chronic ischaemic heart disease,"CSA,EUR",47.0,Alzheimer Disease,,,,
D000740,Anemia,Anemia,11,11,4,7,icd10|J45|both_sexes||,J45 Asthma,"CSA,EUR,MID",7.5,Anemia,phecode|327.3|both_sexes||,Sleep apnea,"CSA,EUR",7.0588235294117645,Anemia,phecode|785|both_sexes||,Abdominal pain,"CSA,EUR",6.0,Anemia,icd10|K80|both_sexes||,K80 Cholelithiasis,"EAS,EUR",5.7142857142857135,Anemias,phecode|574.1|both_sexes||,Cholelithiasis,"EAS,EUR",5.7142857142857135,Anemias,,,,
D009369,Neoplasms,Neoplasms,11,11,1,10,icd10|K80|both_sexes||,K80 Cholelithiasis,"EAS,EUR",7.5,Neoplasias,phecode|574.1|both_sexes||,Cholelithiasis,"EAS,EUR",7.5,Neoplasias,phecode|740|both_sexes||,Osteoarthrosis,"EUR,MID",7.5,Neoplasias,icd10|R07|both_sexes||,R07 Pain in throat and chest,"CSA,EUR",6.666666666666666,Malignancies,icd10|J45|both_sexes||,J45 Asthma,"CSA,EUR,MID",6.428571428571428,Neoplasm,,,,
D001327,Autoimmune Diseases,Autoimmune Diseases,10,10,0,10,phecode|530|both_sexes||,Diseases of esophagus,"EUR,MID",52.416666666666664,"Diseases, Autoimmune",phecode|411|both_sexes||,Ischemic Heart Disease,"CSA,EUR",48.75,Autoimmune Disease,phecode|530.1|both_sexes||,"Esophagitis, GERD and related diseases","EUR,MID",47.0,Autoimmune Diseases,icd10|Z86|both_sexes||,Z86 Personal history of certain other diseases,"EUR,MID",46.877049180327866,Autoimmune Diseases,icd10|I25|both_sexes||,I25 Chronic ischaemic heart disease,"CSA,EUR",45.62244897959184,Autoimmune Disease,,,,
D008180,"Lupus Erythematosus, Systemic","Lupus Erythematosus, Systemic",10,10,0,10,phecode|411|both_sexes||,Ischemic Heart Disease,"CSA,EUR",36.52380952380952,Libman Sacks Disease,icd10|I25|both_sexes||,I25 Chronic ischaemic heart disease,"CSA,EUR",33.970588235294116,Libman Sacks Disease,icd10|K21|both_sexes||,K21 Gastro-oesophageal reflux disease,"EUR,MID",33.160377358490564,Libman Sacks Disease,icd10|J44|both_sexes||,J44 Other chronic obstructive pulmonary disease,"CSA,EUR",32.738095238095234,Libman Sacks Disease,phecode|411.8|both_sexes||,"Other chronic ischemic heart disease, unspecified","CSA,EAS,EUR",32.35294117647059,Libman Sacks Disease,,,,
D013921,Thrombocytopenia,Thrombocytopenia,10,10,4,6,phecode|306|both_sexes||,Other mental disorder,"EAS,EUR",7.0588235294117645,Thrombopenias,icd10|J45|both_sexes||,J45 Asthma,"CSA,EUR,MID",6.666666666666666,Thrombopenia,icd10|K44|both_sexes||,K44 Diaphragmatic hernia,"EUR,MID",6.666666666666666,Thrombocytopenia,phecode|550.2|both_sexes||,Diaphragmatic hernia,"CSA,EUR,MID",6.666666666666666,Thrombocytopenia,phecode|740|both_sexes||,Osteoarthrosis,"EUR,MID",6.666666666666666,Thrombopenias,,,,
D013922,Thrombocytosis,Thrombocytosis,10,10,2,8,phecode|496.2|both_sexes||,Chronic bronchitis,"CSA,EUR",8.4375,Thrombocytosis,phecode|740|both_sexes||,Osteoarthrosis,"EUR,MID",7.5,Thrombocytosis,phecode|716.9|both_sexes||,Arthropathy NOS,"EAS,EUR",7.241379310344828,Thrombocytoses,phecode|411.4|both_sexes||,Coronary atherosclerosis,"CSA,EUR",7.105263157894736,Thrombocytosis,icd10|K44|both_sexes||,K44 Diaphragmatic hernia,"EUR,MID",6.857142857142857,Thrombocythemia,,,,
D015535,"Arthritis, Psoriatic","Arthritis, Psoriatic",9,9,3,6,phecode|716|both_sexes||,Other arthropathies,"EAS,EUR",93.92857142857143,Psoriatic Arthropathies,phecode|716.9|both_sexes||,Arthropathy NOS,"EAS,EUR",93.33333333333333,"Arthropathy, Psoriatic",phecode|714|both_sexes||,Rheumatoid arthritis and other inflammatory polyarthropathies,"CSA,EUR",45.125,"Arthritis, Psoriatic",icd10|R07|both_sexes||,R07 Pain in throat and chest,"CSA,EUR",8.297872340425533,Psoriatic Arthropathies,phecode|740|both_sexes||,Osteoarthrosis,"EUR,MID",8.181818181818182,Arthritic Psoriasis,,,,
D050197,Atherosclerosis,Atherosclerosis,9,9,1,8,phecode|411.4|both_sexes||,Coronary atherosclerosis,"CSA,EUR",114.03846153846153,Atherosclerosis,phecode|740|both_sexes||,Osteoarthrosis,"EUR,MID",8.88888888888889,Atherogenesis,phecode|401|both_sexes||,Hypertension,"CSA,EUR",8.4,Atherogenesis,phecode|496.2|both_sexes||,Chronic bronchitis,"CSA,EUR",7.272727272727273,Atherosclerosis,phecode|306|both_sexes||,Other mental disorder,"EAS,EUR",7.0588235294117645,Atherogenesis,,,,
D015212,Inflammatory Bowel Diseases,Inflammatory Bowel Diseases,9,9,0,9,phecode|530|both_sexes||,Diseases of esophagus,"EUR,MID",48.125,"Bowel Diseases, Inflammatory",phecode|411|both_sexes||,Ischemic Heart Disease,"CSA,EUR",35.541666666666664,Inflammatory Bowel Disease,icd10|Z86|both_sexes||,Z86 Personal history of certain other diseases,"EUR,MID",34.891304347826086,Inflammatory Bowel Diseases,phecode|530.1|both_sexes||,"Esophagitis, GERD and related diseases","EUR,MID",34.53125,Inflammatory Bowel Diseases,icd10|I25|both_sexes||,I25 Chronic ischaemic heart disease,"CSA,EUR",34.34210526315789,Inflammatory Bowel Disease,,,,
D065631,"Rhinitis, Allergic","Rhinitis, Allergic",9,9,1,8,phecode|496.2|both_sexes||,Chronic bronchitis,"CSA,EUR",8.571428571428571,Allergic Rhinitis,icd10|K44|both_sexes||,K44 Diaphragmatic hernia,"EUR,MID",7.297297297297297,Allergic Rhinitis,phecode|550.2|both_sexes||,Diaphragmatic hernia,"CSA,EUR,MID",7.297297297297297,Allergic Rhinitis,phecode|496.21|both_sexes||,Obstructive chronic bronchitis,"CSA,EUR",7.0212765957446805,Allergic Rhinitis,icd10|K80|both_sexes||,K80 Cholelithiasis,"EAS,EUR",6.774193548387097,Allergic Rhinitis,,,,
D006938,Hyperlipoproteinemia Type II,Hyperlipoproteinemia Type II,8,8,3,5,phecode|401.1|both_sexes||,Essential hypertension,"CSA,EUR",54.55128205128205,Essential Hypercholesterolemia,icd10|G47|both_sexes||,G47 Sleep disorders,"CSA,EUR",52.601351351351354,LDL Receptor Disorders,phecode|327|both_sexes||,Sleep disorders,"CSA,EUR",52.601351351351354,LDL Receptor Disorders,phecode|250.2|both_sexes||,Type 2 diabetes,"CSA,EUR",51.30952380952381,"Type 2, Hyperlipoproteinemia",phecode|306|both_sexes||,Other mental disorder,"EAS,EUR",49.82142857142857,"Receptor Disorder, LDL",,,,
D001008,Anxiety Disorders,Anxiety Disorders,7,7,1,6,icd10|G47|both_sexes||,G47 Sleep disorders,"CSA,EUR",54.479166666666664,Anxiety Disorders,phecode|327|both_sexes||,Sleep disorders,"CSA,EUR",54.479166666666664,Anxiety Disorders,phecode|306|both_sexes||,Other mental disorder,"EAS,EUR",52.27477477477477,Anxiety Disorder,phecode|317|both_sexes||,Alcohol-related disorders,"AFR,EUR",50.535714285714285,Anxiety Disorders,phecode|318|both_sexes||,Tobacco use disorder,"EAS,EUR",50.41666666666667,Anxiety Disorder,,,,
D009103,Multiple Sclerosis,Multiple Sclerosis,7,7,0,7,phecode|411.4|both_sexes||,Coronary atherosclerosis,"CSA,EUR",8.478260869565217,Disseminated Sclerosis,phecode|550|both_sexes||,Abdominal hernia,"EAS,EUR",7.105263157894736,Disseminated Sclerosis,icd10|K42|both_sexes||,K42 Umbilical hernia,"CSA,EUR",7.0588235294117645,Multiple Sclerosis,phecode|550.4|both_sexes||,Umbilical hernia,"CSA,EUR",7.0588235294117645,Multiple Sclerosis,phecode|740|both_sexes||,Osteoarthrosis,"EUR,MID",6.857142857142857,MS (Multiple Sclerosis),,,,
D010051,Ovarian Neoplasms,Ovarian Neoplasms,7,7,0,7,phecode|594|both_sexes||,Urinary calculus,"CSA,EUR",8.275862068965518,Ovary Cancers,phecode|411.4|both_sexes||,Coronary atherosclerosis,"CSA,EUR",7.692307692307692,Ovary Neoplasms,phecode|594.1|both_sexes||,Calculus of kidney,"CSA,EUR",7.297297297297297,Cancer of the Ovary,phecode|716.9|both_sexes||,Arthropathy NOS,"EAS,EUR",7.241379310344828,Ovary Neoplasm,phecode|530|both_sexes||,Diseases of esophagus,"EUR,MID",6.666666666666666,Cancer of Ovary,,,,
D001281,Atrial Fibrillation,Atrial Fibrillation,6,6,2,4,phecode|401.1|both_sexes||,Essential hypertension,"CSA,EUR",8.653846153846153,Persistent Atrial Fibrillation,phecode|496.2|both_sexes||,Chronic bronchitis,"CSA,EUR",7.317073170731707,Auricular Fibrillations,phecode|459|both_sexes||,Other disorders of circulatory system,"CSA,EUR",7.164179104477612,"Atrial Fibrillation, Persistent",icd10|K42|both_sexes||,K42 Umbilical hernia,"CSA,EUR",6.818181818181818,Familial Atrial Fibrillation,phecode|550|both_sexes||,Abdominal hernia,"EAS,EUR",6.818181818181818,"Fibrillation, Familial Atrial",,,,
D057765,Eosinophilic Esophagitis,Eosinophilic Esophagitis,6,6,2,4,phecode|496.2|both_sexes||,Chronic bronchitis,"CSA,EUR",49.65,"Chronic Esophagitis, Eosinophilic",phecode|530.1|both_sexes||,"Esophagitis, GERD and related diseases","EUR,MID",46.385245901639344,"Esophagitis, Eosinophilic",phecode|496.21|both_sexes||,Obstructive chronic bronchitis,"CSA,EUR",36.40860215053763,Eosinophilic Chronic Esophagitis,icd10|I25|both_sexes||,I25 Chronic ischaemic heart disease,"CSA,EUR",35.59523809523809,"Chronic Esophagitis, Eosinophilic",icd10|J44|both_sexes||,J44 Other chronic obstructive pulmonary disease,"CSA,EUR",33.73376623376623,Eosinophilic Chronic Esophagitides,,,,
D007676,"Kidney Failure, Chronic","Kidney Failure, Chronic",6,6,1,5,phecode|496.2|both_sexes||,Chronic bronchitis,"CSA,EUR",49.71153846153846,Chronic Renal Failure,phecode|594.1|both_sexes||,Calculus of kidney,"CSA,EUR",48.0,Chronic Kidney Failure,icd10|N20|both_sexes||,N20 Calculus of kidney and ureter,"CSA,EUR",36.90196078431372,Chronic Kidney Failure,phecode|496.21|both_sexes||,Obstructive chronic bronchitis,"CSA,EUR",35.13725490196078,Chronic Renal Failure,icd10|I25|both_sexes||,I25 Chronic ischaemic heart disease,"CSA,EUR",34.85849056603773,Chronic Kidney Failure,,,,
D010300,Parkinson Disease,Parkinson Disease,6,6,0,6,phecode|411|both_sexes||,Ischemic Heart Disease,"CSA,EUR",48.94230769230769,Parkinson Disease,icd10|K21|both_sexes||,K21 Gastro-oesophageal reflux disease,"EUR,MID",47.0,Parkinson's Disease,icd10|I25|both_sexes||,I25 Chronic ischaemic heart disease,"CSA,EUR",45.75,Parkinson Disease,icd10|J44|both_sexes||,J44 Other chronic obstructive pulmonary disease,"CSA,EUR",45.0,Parkinson Disease,phecode|411.8|both_sexes||,"Other chronic ischemic heart disease, unspecified","CSA,EAS,EUR",44.11538461538461,Parkinson Disease,,,,
D012859,Sjogren's Syndrome,Sjogren's Syndrome,6,6,1,5,phecode|306|both_sexes||,Other mental disorder,"EAS,EUR",6.486486486486487,Sjogren Syndrome,phecode|318|both_sexes||,Tobacco use disorder,"EAS,EUR",6.1764705882352935,Sicca Syndrome,icd10|F32|both_sexes||,F32 Depressive episode,"CSA,EUR",6.0,Sjogrens Syndrome,phecode|550|both_sexes||,Abdominal hernia,"EAS,EUR",6.0,"Syndrome, Sicca",phecode|411|both_sexes||,Ischemic Heart Disease,"CSA,EUR",5.833333333333333,Sicca Syndrome,,,,
D007319,Sleep Initiation and Maintenance Disorders,Sleep Initiation and Maintenance Disorders,6,6,3,3,icd10|G47|both_sexes||,G47 Sleep disorders,"CSA,EUR",90.39473684210526,Sleep Initiation and Maintenance Disorders,phecode|327|both_sexes||,Sleep disorders,"CSA,EUR",90.39473684210526,Sleep Initiation and Maintenance Disorders,phecode|496.2|both_sexes||,Chronic bronchitis,"CSA,EUR",52.99019607843137,Chronic Insomnia,phecode|306|both_sexes||,Other mental disorder,"EAS,EUR",52.85087719298245,Insomnia Disorder,phecode|317|both_sexes||,Alcohol-related disorders,"AFR,EUR",49.622093023255815,Insomnia Disorders,,,,
D001714,Bipolar Disorder,Bipolar Disorder,5,5,3,2,icd10|G47|both_sexes||,G47 Sleep disorders,"CSA,EUR",54.479166666666664,Bipolar Disorders,phecode|327|both_sexes||,Sleep disorders,"CSA,EUR",54.479166666666664,Bipolar Disorders,phecode|306|both_sexes||,Other mental disorder,"EAS,EUR",53.595238095238095,Manic Disorder,phecode|318|both_sexes||,Tobacco use disorder,"EAS,EUR",50.955882352941174,Manic Disorder,icd10|F32|both_sexes||,F32 Depressive episode,"CSA,EUR",50.79545454545455,Manic Depressive Psychosis,,,,
D050171,Dyslipidemias,Dyslipidemias,5,5,3,2,phecode|327.3|both_sexes||,Sleep apnea,"CSA,EUR",7.241379310344828,Dyslipoproteinemia,icd10|F32|both_sexes||,F32 Depressive episode,"CSA,EUR",7.0,Dyslipidemia,phecode|401|both_sexes||,Hypertension,"CSA,EUR",7.0,Dyslipoproteinemia,icd10|G47|both_sexes||,G47 Sleep disorders,"CSA,EUR",6.428571428571428,Dyslipidemias,phecode|272|both_sexes||,Disorders of lipoid metabolism,"CSA,EUR",6.428571428571428,Dyslipidemia,,,,
D016553,"Purpura, Thrombocytopenic, Idiopathic","Purpura, Thrombocytopenic, Idiopathic",5,5,1,4,phecode|411|both_sexes||,Ischemic Heart Disease,"CSA,EUR",49.35810810810811,Werlhof Disease,icd10|K21|both_sexes||,K21 Gastro-oesophageal reflux disease,"EUR,MID",46.375,Werlhof Disease,icd10|I25|both_sexes||,I25 Chronic ischaemic heart disease,"CSA,EUR",46.02173913043478,Werlhof Disease,phecode|411.8|both_sexes||,"Other chronic ischemic heart disease, unspecified","CSA,EAS,EUR",45.96153846153846,Werlhof's Disease,icd10|J44|both_sexes||,J44 Other chronic obstructive pulmonary disease,"CSA,EUR",45.706896551724135,Werlhof Disease,,,,
D051437,Renal Insufficiency,Renal Insufficiency,5,5,0,5,phecode|594.1|both_sexes||,Calculus of kidney,"CSA,EUR",54.166666666666664,"Failures, Kidney",icd10|N20|both_sexes||,N20 Calculus of kidney and ureter,"CSA,EUR",48.924418604651166,Kidney Failure,phecode|306|both_sexes||,Other mental disorder,"EAS,EUR",7.9411764705882355,Renal Failure,phecode|594|both_sexes||,Urinary calculus,"CSA,EUR",7.741935483870968,Kidney Failures,phecode|785|both_sexes||,Abdominal pain,"CSA,EUR",6.666666666666666,Renal Failure,,,,
D012893,Sleep Wake Disorders,Sleep Wake Disorders,5,5,1,4,icd10|G47|both_sexes||,G47 Sleep disorders,"CSA,EUR",255.0,Sleep Disorders,phecode|327|both_sexes||,Sleep disorders,"CSA,EUR",255.0,Sleep Disorders,phecode|306|both_sexes||,Other mental disorder,"EAS,EUR",52.738095238095234,Sleep Disorder,phecode|327.3|both_sexes||,Sleep apnea,"CSA,EUR",52.56666666666666,Sleep Disorder,phecode|317|both_sexes||,Alcohol-related disorders,"AFR,EUR",51.0,Sleep Disorders,,,,
D013927,Thrombosis,Thrombosis,5,5,2,3,phecode|740|both_sexes||,Osteoarthrosis,"EUR,MID",9.0,Atherothrombosis,phecode|411.4|both_sexes||,Coronary atherosclerosis,"CSA,EUR",8.25,Atherothrombosis,phecode|716.9|both_sexes||,Arthropathy NOS,"EAS,EUR",7.741935483870968,Atherothrombosis,phecode|716|both_sexes||,Other arthropathies,"EAS,EUR",7.7142857142857135,Atherothrombosis,phecode|496.2|both_sexes||,Chronic bronchitis,"CSA,EUR",7.5,Thrombosis,,,,
D002318,Cardiovascular Diseases,Cardiovascular Diseases,4,4,0,4,phecode|530|both_sexes||,Diseases of esophagus,"EUR,MID",49.62121212121212,Cardiovascular Diseases,phecode|411|both_sexes||,Ischemic Heart Disease,"CSA,EUR",48.75,Cardiovascular Disease,phecode|530.1|both_sexes||,"Esophagitis, GERD and related diseases","EUR,MID",47.0,Cardiovascular Diseases,icd10|Z86|both_sexes||,Z86 Personal history of certain other diseases,"EUR,MID",45.96153846153846,Cardiovascular Diseases,icd10|I25|both_sexes||,I25 Chronic ischaemic heart disease,"CSA,EUR",45.72641509433962,Cardiovascular Disease,,,,
D003922,"Diabetes Mellitus, Type 1","Diabetes Mellitus, Type 1",4,4,0,4,icd10|E11|both_sexes||,E11 Non-insulin-dependent diabetes mellitus,"CSA,EUR",127.1891891891892,Insulin-Dependent Diabetes Mellitus,phecode|250|both_sexes||,Diabetes mellitus,"CSA,EUR",120.77235772357723,"Diabetes Mellitus, Type 1",phecode|250.2|both_sexes||,Type 2 diabetes,"CSA,EUR",114.0,Type 1 Diabetes,icd10|N20|both_sexes||,N20 Calculus of kidney and ureter,"CSA,EUR",6.875,Autoimmune Diabetes,icd10|E66|both_sexes||,E66 Obesity,"EUR,MID",6.818181818181818,"Diabetes, Type 1",,,,
D006967,Hypersensitivity,Hypersensitivity,4,4,0,4,phecode|960.2|both_sexes||,Allergy/adverse effect of penicillin,"CSA,EUR",98.63372093023256,Allergy,icd10|Z88|both_sexes||,"Z88 Personal history of allergy to drugs, medicaments and biologocal substances","CSA,EUR",91.9675925925926,Allergy,phecode|401|both_sexes||,Hypertension,"CSA,EUR",9.642857142857144,Hypersensitivity,phecode|317|both_sexes||,Alcohol-related disorders,"AFR,EUR",7.674418604651163,Allergic Reactions,phecode|496.2|both_sexes||,Chronic bronchitis,"CSA,EUR",7.5,Allergic Reactions,,,,
D008181,Lupus Nephritis,Lupus Nephritis,4,4,0,4,phecode|716.2|both_sexes||,Unspecified monoarthritis,"CSA,EAS,EUR,MID",7.5,Lupus Nephritis,phecode|558|both_sexes||,Noninfectious gastroenteritis,"CSA,EUR",7.3584905660377355,Lupus Glomerulonephritis,phecode|250|both_sexes||,Diabetes mellitus,"CSA,EUR",7.0588235294117645,"Nephritides, Lupus",icd10|R07|both_sexes||,R07 Pain in throat and chest,"CSA,EUR",6.585365853658536,Lupus Nephritides,icd10|G47|both_sexes||,G47 Sleep disorders,"CSA,EUR",6.5625,Lupus Nephritides,,,,
D008269,Macular Edema,Macular Edema,4,4,1,3,phecode|716.9|both_sexes||,Arthropathy NOS,"EAS,EUR",6.73469387755102,"Macular Dystrophy, Dominant Cystoid",phecode|835|both_sexes||,Internal derangement of knee,"EUR,MID",6.315789473684211,"Central Retinal Edema, Cystoid",phecode|530.1|both_sexes||,"Esophagitis, GERD and related diseases","EUR,MID",6.206896551724138,Cystoid Macular Edema,phecode|594|both_sexes||,Urinary calculus,"CSA,EUR",6.206896551724138,"Edema, Macular",icd10|K80|both_sexes||,K80 Cholelithiasis,"EAS,EUR",6.1764705882352935,"Syndrome, Irvine-Gass",,,,
D008545,Melanoma,Melanoma,4,4,0,4,phecode|785|both_sexes||,Abdominal pain,"CSA,EUR",6.5625,"Melanoma, Malignant",icd10|J45|both_sexes||,J45 Asthma,"CSA,EUR,MID",6.428571428571428,Melanoma,phecode|327.3|both_sexes||,Sleep apnea,"CSA,EUR",6.315789473684211,Melanoma,phecode|550|both_sexes||,Abdominal hernia,"EAS,EUR",6.1764705882352935,"Melanoma, Malignant",phecode|716.9|both_sexes||,Arthropathy NOS,"EAS,EUR",6.1764705882352935,Malignant Melanomas,,,,
D009503,Neutropenia,Neutropenia,4,4,2,2,phecode|558|both_sexes||,Noninfectious gastroenteritis,"CSA,EUR",7.317073170731707,Neutropenias,phecode|740|both_sexes||,Osteoarthrosis,"EUR,MID",6.923076923076923,Neutropenias,phecode|716|both_sexes||,Other arthropathies,"EAS,EUR",6.774193548387097,Neutropenias,phecode|250.2|both_sexes||,Type 2 diabetes,"CSA,EUR",6.666666666666666,Neutropenias,phecode|550|both_sexes||,Abdominal hernia,"EAS,EUR",6.666666666666666,Neutropenia,,,,
D012559,Schizophrenia,Schizophrenia,4,4,1,3,icd10|G47|both_sexes||,G47 Sleep disorders,"CSA,EUR",53.64035087719298,Schizophrenic Disorders,phecode|327|both_sexes||,Sleep disorders,"CSA,EUR",53.64035087719298,Schizophrenic Disorders,phecode|306|both_sexes||,Other mental disorder,"EAS,EUR",53.23643410852713,Schizophrenic Disorder,phecode|317|both_sexes||,Alcohol-related disorders,"AFR,EUR",50.625,Schizophrenic Disorders,phecode|318|both_sexes||,Tobacco use disorder,"EAS,EUR",49.10714285714286,Schizophrenic Disorder,,,,
D013167,"Spondylitis, Ankylosing","Spondylitis, Ankylosing",4,4,0,4,phecode|411|both_sexes||,Ischemic Heart Disease,"CSA,EUR",49.71153846153846,Bechterew Disease,icd10|K21|both_sexes||,K21 Gastro-oesophageal reflux disease,"EUR,MID",47.3,Bechterew Disease,icd10|J44|both_sexes||,J44 Other chronic obstructive pulmonary disease,"CSA,EUR",46.5,Bechterew Disease,icd10|I25|both_sexes||,I25 Chronic ischaemic heart disease,"CSA,EUR",46.375,Bechterew Disease,phecode|411.8|both_sexes||,"Other chronic ischemic heart disease, unspecified","CSA,EAS,EUR",45.03846153846154,Bechterew Disease,,,,
D014029,Tobacco Use Disorder,Tobacco Use Disorder,4,4,1,3,phecode|318|both_sexes||,Tobacco use disorder,"EAS,EUR",255.0,Tobacco Use Disorder,icd10|F17|both_sexes||,F17 Mental and behavioural disorders due to use of tobacco,"EAS,EUR",86.48648648648648,"Disorder, Tobacco Use",icd10|G47|both_sexes||,G47 Sleep disorders,"CSA,EUR",51.25,Tobacco Use Disorders,phecode|327|both_sexes||,Sleep disorders,"CSA,EUR",51.25,Tobacco Use Disorders,phecode|306|both_sexes||,Other mental disorder,"EAS,EUR",49.82142857142857,Nicotine Use Disorder,,,,
D020246,Venous Thrombosis,Venous Thrombosis,4,4,2,2,icd10|I83|both_sexes||,I83 Varicose veins of lower extremities,"AFR,EUR",34.04545454545454,Deep Vein Thromboses,phecode|454.1|both_sexes||,Varicose veins of lower extremity,"AFR,EUR",33.72641509433962,Deep Vein Thrombosis,phecode|740|both_sexes||,Osteoarthrosis,"EUR,MID",9.0,Phlebothrombosis,icd10|K80|both_sexes||,K80 Cholelithiasis,"EAS,EUR",8.0,Phlebothrombosis,phecode|574.1|both_sexes||,Cholelithiasis,"EAS,EUR",8.0,Phlebothrombosis,,,,
D058186,Acute Kidney Injury,Acute Kidney Injury,3,3,0,3,phecode|594.1|both_sexes||,Calculus of kidney,"CSA,EUR",49.35810810810811,Acute Kidney Injury,icd10|N20|both_sexes||,N20 Calculus of kidney and ureter,"CSA,EUR",37.85034013605442,Acute Kidney Failure,phecode|306|both_sexes||,Other mental disorder,"EAS,EUR",8.25,Acute Renal Failure,phecode|594|both_sexes||,Urinary calculus,"CSA,EUR",7.9411764705882355,"Renal Injury, Acute",phecode|317|both_sexes||,Alcohol-related disorders,"AFR,EUR",7.333333333333333,Acute Renal Failures,,,,
D001778,Blood Coagulation Disorders,Blood Coagulation Disorders,3,3,0,3,icd10|G47|both_sexes||,G47 Sleep disorders,"CSA,EUR",49.10714285714286,Blood Coagulation Disorders,phecode|327|both_sexes||,Sleep disorders,"CSA,EUR",49.10714285714286,Blood Coagulation Disorders,phecode|306|both_sexes||,Other mental disorder,"EAS,EUR",48.909574468085104,"Coagulation Disorder, Blood",phecode|317|both_sexes||,Alcohol-related disorders,"AFR,EUR",37.8974358974359,Blood Coagulation Disorders,phecode|272|both_sexes||,Disorders of lipoid metabolism,"CSA,EUR",37.614035087719294,"Disorders, Blood Coagulation",,,,
D005901,Glaucoma,Glaucoma,3,3,0,3,icd10|J45|both_sexes||,J45 Asthma,"CSA,EUR,MID",6.428571428571428,Glaucoma,phecode|785|both_sexes||,Abdominal pain,"CSA,EUR",5.454545454545455,Glaucoma,phecode|760|both_sexes||,Back pain,"CSA,EUR",5.294117647058824,Glaucoma,phecode|550|both_sexes||,Abdominal hernia,"EAS,EUR",5.0,Glaucoma,phecode|716.9|both_sexes||,Arthropathy NOS,"EAS,EUR",5.0,Glaucomas,,,,
D005923,"Glomerulosclerosis, Focal Segmental","Glomerulosclerosis, Focal Segmental",3,3,0,3,phecode|411.4|both_sexes||,Coronary atherosclerosis,"CSA,EUR",9.375,Focal Glomerulosclerosis,phecode|401.1|both_sexes||,Essential hypertension,"CSA,EUR",8.571428571428571,Segmental Hyalinosis,phecode|496.21|both_sexes||,Obstructive chronic bronchitis,"CSA,EUR",7.384615384615385,Focal Sclerosing Glomerulonephritis,phecode|496.2|both_sexes||,Chronic bronchitis,"CSA,EUR",7.3584905660377355,Focal Sclerosing Glomerulonephritis,phecode|306|both_sexes||,Other mental disorder,"EAS,EUR",7.317073170731707,Segmental Hyalinosis,,,,
D006467,Hemophilia A,Hemophilia A,3,3,3,0,phecode|550|both_sexes||,Abdominal hernia,"EAS,EUR",7.894736842105263,Autosomal Hemophilia A,icd10|K42|both_sexes||,K42 Umbilical hernia,"CSA,EUR",7.692307692307692,"Hemophilia A, Congenital",phecode|550.4|both_sexes||,Umbilical hernia,"CSA,EUR",7.692307692307692,"Hemophilia A, Congenital",phecode|530|both_sexes||,Diseases of esophagus,"EUR,MID",7.5,Classic Hemophilias,phecode|496.2|both_sexes||,Chronic bronchitis,"CSA,EUR",7.297297297297297,Classic Hemophilias,,,,
D008107,Liver Diseases,Liver Diseases,3,3,0,3,phecode|530|both_sexes||,Diseases of esophagus,"EUR,MID",52.738095238095234,"Diseases, Liver",phecode|411|both_sexes||,Ischemic Heart Disease,"CSA,EUR",50.67857142857143,Liver Disease,icd10|I25|both_sexes||,I25 Chronic ischaemic heart disease,"CSA,EUR",47.0,Liver Disease,phecode|530.1|both_sexes||,"Esophagitis, GERD and related diseases","EUR,MID",46.55882352941177,Liver Diseases,icd10|Z86|both_sexes||,Z86 Personal history of certain other diseases,"EUR,MID",46.464285714285715,Liver Diseases,,,,
D024821,Metabolic Syndrome,Metabolic Syndrome,3,3,0,3,icd10|E11|both_sexes||,E11 Non-insulin-dependent diabetes mellitus,"CSA,EUR",33.28431372549019,"Syndrome X, Insulin Resistance",phecode|272|both_sexes||,Disorders of lipoid metabolism,"CSA,EUR",8.4,"Syndrome X, Metabolic",icd10|Z95|both_sexes||,Z95 Presence of cardiac and vascular implants and grafts,"CSA,EUR",7.411764705882353,Metabolic Cardiovascular Syndrome,icd10|F32|both_sexes||,F32 Depressive episode,"CSA,EUR",6.857142857142857,Reaven Syndrome X,phecode|250|both_sexes||,Diabetes mellitus,"CSA,EUR",6.666666666666666,"Syndromes, Metabolic",,,,
D008881,Migraine Disorders,Migraine Disorders,3,3,2,1,phecode|785|both_sexes||,Abdominal pain,"CSA,EUR",56.354166666666664,Abdominal Migraine,phecode|550|both_sexes||,Abdominal hernia,"EAS,EUR",54.75490196078431,Abdominal Migraine,icd10|G47|both_sexes||,G47 Sleep disorders,"CSA,EUR",54.166666666666664,Migraine Disorders,phecode|327|both_sexes||,Sleep disorders,"CSA,EUR",54.166666666666664,Migraine Disorders,phecode|306|both_sexes||,Other mental disorder,"EAS,EUR",52.85087719298245,Migraine Disorder,,,,
D009298,Nasal Polyps,Nasal Polyps,3,3,0,3,phecode|327.3|both_sexes||,Sleep apnea,"CSA,EUR",6.818181818181818,"Polyp, Nasal",phecode|594|both_sexes||,Urinary calculus,"CSA,EUR",6.428571428571428,Nasal Polyps,phecode|401.1|both_sexes||,Essential hypertension,"CSA,EUR",6.1764705882352935,Nasal Polyps,phecode|785|both_sexes||,Abdominal pain,"CSA,EUR",6.0,Nasal Polyp,icd10|Z72|both_sexes||,Z72 Problems related to lifestyle,"AFR,EUR",5.853658536585366,"Polyps, Nasal",,,,
D010024,Osteoporosis,Osteoporosis,3,3,1,2,phecode|317|both_sexes||,Alcohol-related disorders,"AFR,EUR",37.238095238095234,Age Related Osteoporosis,phecode|530.1|both_sexes||,"Esophagitis, GERD and related diseases","EUR,MID",35.86065573770492,Age-Related Osteoporoses,icd10|Z72|both_sexes||,Z72 Problems related to lifestyle,"AFR,EUR",35.42452830188679,Age Related Osteoporosis,phecode|740|both_sexes||,Osteoarthrosis,"EUR,MID",11.538461538461538,Osteoporosis,phecode|411.4|both_sexes||,Coronary atherosclerosis,"CSA,EUR",8.125,Age Related Osteoporosis,,,,
D011618,Psychotic Disorders,Psychotic Disorders,3,3,1,2,icd10|G47|both_sexes||,G47 Sleep disorders,"CSA,EUR",53.916666666666664,Schizoaffective Disorders,phecode|327|both_sexes||,Sleep disorders,"CSA,EUR",53.916666666666664,Schizoaffective Disorders,phecode|306|both_sexes||,Other mental disorder,"EAS,EUR",52.64492753623188,Schizophreniform Disorder,phecode|317|both_sexes||,Alcohol-related disorders,"AFR,EUR",50.79545454545455,Psychotic Disorders,phecode|318|both_sexes||,Tobacco use disorder,"EAS,EUR",49.14473684210526,Psychotic Disorder,,,,
D018805,Sepsis,Sepsis,3,3,0,3,phecode|960|both_sexes||,Poisoning by antibiotics,"CSA,EUR",50.48076923076923,"Poisoning, Blood",phecode|558|both_sexes||,Noninfectious gastroenteritis,"CSA,EUR",7.800000000000001,"Infection, Bloodstream",icd10|F32|both_sexes||,F32 Depressive episode,"CSA,EUR",7.741935483870968,Severe Sepsis,icd10|G47|both_sexes||,G47 Sleep disorders,"CSA,EUR",7.5,"Sepsis, Severe",icd10|J45|both_sexes||,J45 Asthma,"CSA,EUR,MID",7.5,Septicemia,,,,
D012852,Sinusitis,Sinusitis,3,3,0,3,phecode|558|both_sexes||,Noninfectious gastroenteritis,"CSA,EUR",8.666666666666666,"Infections, Sinus",phecode|250|both_sexes||,Diabetes mellitus,"CSA,EUR",7.272727272727273,"Infections, Sinus",icd10|G47|both_sexes||,G47 Sleep disorders,"CSA,EUR",6.923076923076923,Sinusitides,phecode|327|both_sexes||,Sleep disorders,"CSA,EUR",6.923076923076923,Sinusitides,phecode|960|both_sexes||,Poisoning by antibiotics,"CSA,EUR",6.75,Sinus Infections,,,,
D013274,Stomach Neoplasms,Stomach Neoplasms,3,3,0,3,phecode|716.9|both_sexes||,Arthropathy NOS,"EAS,EUR",7.741935483870968,Stomach Neoplasm,icd10|J45|both_sexes||,J45 Asthma,"CSA,EUR,MID",7.5,"Cancer, Stomach",icd10|K21|both_sexes||,K21 Gastro-oesophageal reflux disease,"EUR,MID",7.346938775510204,Gastric Neoplasm,phecode|558|both_sexes||,Noninfectious gastroenteritis,"CSA,EUR",7.333333333333333,"Neoplasm, Gastric",icd10|I25|both_sexes||,I25 Chronic ischaemic heart disease,"CSA,EUR",7.258064516129032,"Gastric Cancer, Familial Diffuse",,,,
D020521,Stroke,Stroke,3,3,0,3,icd10|Z95|both_sexes||,Z95 Presence of cardiac and vascular implants and grafts,"CSA,EUR",33.7719298245614,Brain Vascular Accidents,icd10|E11|both_sexes||,E11 Non-insulin-dependent diabetes mellitus,"CSA,EUR",8.076923076923077,Acute Stroke,icd10|E66|both_sexes||,E66 Obesity,"EUR,MID",8.076923076923077,Acute Stroke,icd10|F17|both_sexes||,F17 Mental and behavioural disorders due to use of tobacco,"EAS,EUR",8.076923076923077,Acute Stroke,icd10|F32|both_sexes||,F32 Depressive episode,"CSA,EUR",8.076923076923077,Acute Stroke,,,,
D013494,"Supranuclear Palsy, Progressive","Supranuclear Palsy, Progressive",3,3,0,3,phecode|411|both_sexes||,Ischemic Heart Disease,"CSA,EUR",35.39473684210526,Steele Richardson Olszewski Disease,icd10|K21|both_sexes||,K21 Gastro-oesophageal reflux disease,"EUR,MID",28.308823529411764,Steele Richardson Olszewski Disease,phecode|411.8|both_sexes||,"Other chronic ischemic heart disease, unspecified","CSA,EAS,EUR",27.394578313253014,Steele Richardson Olszewski Disease,icd10|I25|both_sexes||,I25 Chronic ischaemic heart disease,"CSA,EUR",27.15909090909091,Steele Richardson Olszewski Disease,icd10|J44|both_sexes||,J44 Other chronic obstructive pulmonary disease,"CSA,EUR",26.634615384615387,Steele Richardson Olszewski Disease,,,,
D013789,Thalassemia,Thalassemia,3,3,0,3,icd10|K80|both_sexes||,K80 Cholelithiasis,"EAS,EUR",6.0,Thalassemia,phecode|574.1|both_sexes||,Cholelithiasis,"EAS,EUR",6.0,Thalassemia,phecode|306|both_sexes||,Other mental disorder,"EAS,EUR",5.625,Thalassemia,phecode|318|both_sexes||,Tobacco use disorder,"EAS,EUR",5.625,Thalassemias,icd10|K42|both_sexes||,K42 Umbilical hernia,"CSA,EUR",5.555555555555555,Thalassemia,,,,
D000437,Alcoholism,Alcoholism,2,2,0,2,phecode|317|both_sexes||,Alcohol-related disorders,"AFR,EUR",73.22463768115942,Alcohol Use Disorders,phecode|318|both_sexes||,Tobacco use disorder,"EAS,EUR",72.83333333333333,Alcohol Use Disorder,icd10|F17|both_sexes||,F17 Mental and behavioural disorders due to use of tobacco,"EAS,EUR",58.08333333333333,"Use Disorders, Alcohol",icd10|G47|both_sexes||,G47 Sleep disorders,"CSA,EUR",51.25,Alcohol Use Disorders,phecode|327|both_sexes||,Sleep disorders,"CSA,EUR",51.25,Alcohol Use Disorders,,,,
D000755,"Anemia, Sickle Cell","Anemia, Sickle Cell",2,2,0,2,icd10|F17|both_sexes||,F17 Mental and behavioural disorders due to use of tobacco,"EAS,EUR",58.24908424908425,Sickling Disorder Due to Hemoglobin S,icd10|G47|both_sexes||,G47 Sleep disorders,"CSA,EUR",52.916666666666664,Sickle Cell Disorders,phecode|327|both_sexes||,Sleep disorders,"CSA,EUR",52.916666666666664,Sickle Cell Disorders,phecode|306|both_sexes||,Other mental disorder,"EAS,EUR",50.76219512195122,Sickle Cell Disorder,phecode|411|both_sexes||,Ischemic Heart Disease,"CSA,EUR",50.535714285714285,Hemoglobin S Disease,,,,
D002289,"Carcinoma, Non-Small-Cell Lung","Carcinoma, Non-Small-Cell Lung",2,2,1,1,icd10|E11|both_sexes||,E11 Non-insulin-dependent diabetes mellitus,"CSA,EUR",21.671497584541065,Non-Small-Cell Lung Carcinomas,phecode|418|both_sexes||,Nonspecific chest pain,"CSA,EUR",6.470588235294118,Non Small Cell Lung Carcinoma,phecode|835|both_sexes||,Internal derangement of knee,"EUR,MID",6.226415094339623,Nonsmall Cell Lung Cancer,icd10|K21|both_sexes||,K21 Gastro-oesophageal reflux disease,"EUR,MID",6.19047619047619,Non-Small-Cell Lung Carcinomas,icd10|N20|both_sexes||,N20 Calculus of kidney and ureter,"CSA,EUR",6.111111111111111,Nonsmall Cell Lung Cancer,,,,
D003863,Depression,Depression,2,2,1,1,icd10|F32|both_sexes||,F32 Depressive episode,"CSA,EUR",55.0,Depressive Symptom,icd10|R19|both_sexes||,R19 Other symptoms and signs involving the digestive system and abdomen,"EUR,MID",42.44117647058823,"Symptom, Depressive",phecode|401|both_sexes||,Hypertension,"CSA,EUR",9.545454545454545,Depression,phecode|401.1|both_sexes||,Essential hypertension,"CSA,EUR",9.285714285714286,Emotional Depression,phecode|785|both_sexes||,Abdominal pain,"CSA,EUR",7.9411764705882355,Emotional Depression,,,,
D003865,"Depressive Disorder, Major",Major Depressive Disorder,2,2,1,1,icd10|F32|both_sexes||,F32 Depressive episode,"CSA,EUR",52.41279069767442,"Depressive Disorder, Major",phecode|306|both_sexes||,Other mental disorder,"EAS,EUR",50.380434782608695,Major Depression Disorder,icd10|G47|both_sexes||,G47 Sleep disorders,"CSA,EUR",50.03048780487805,"Depression Disorders, Major",phecode|327|both_sexes||,Sleep disorders,"CSA,EUR",50.03048780487805,"Depression Disorders, Major",phecode|317|both_sexes||,Alcohol-related disorders,"AFR,EUR",38.07843137254902,Major Depressive Disorders,,,,
D017719,Diabetic Foot,Diabetic Foot,2,2,0,2,phecode|250.2|both_sexes||,Type 2 diabetes,"CSA,EUR",8.571428571428571,"Feet, Diabetic",phecode|250|both_sexes||,Diabetes mellitus,"CSA,EUR",8.0,Diabetic Feet,icd10|K44|both_sexes||,K44 Diaphragmatic hernia,"EUR,MID",7.272727272727273,Diabetic Feet,phecode|550.2|both_sexes||,Diaphragmatic hernia,"CSA,EUR,MID",7.272727272727273,Diabetic Feet,phecode|318|both_sexes||,Tobacco use disorder,"EAS,EUR",6.923076923076923,"Foot Ulcer, Diabetic",,,,
D004700,Endocrine System Diseases,Endocrine System Diseases,2,2,0,2,phecode|530|both_sexes||,Diseases of esophagus,"EUR,MID",52.628205128205124,"Diseases, Endocrine",phecode|411|both_sexes||,Ischemic Heart Disease,"CSA,EUR",49.71153846153846,Endocrine Disease,icd10|Z86|both_sexes||,Z86 Personal history of certain other diseases,"EUR,MID",48.0,Endocrine Diseases,phecode|530.1|both_sexes||,"Esophagitis, GERD and related diseases","EUR,MID",47.13636363636363,Endocrine Diseases,icd10|K21|both_sexes||,K21 Gastro-oesophageal reflux disease,"EUR,MID",46.7,Endocrine Disease,,,,
D004827,Epilepsy,Epilepsy,2,2,2,0,icd10|G47|both_sexes||,G47 Sleep disorders,"CSA,EUR",56.354166666666664,Seizure Disorders,phecode|327|both_sexes||,Sleep disorders,"CSA,EUR",56.354166666666664,Seizure Disorders,phecode|306|both_sexes||,Other mental disorder,"EAS,EUR",53.8963963963964,Seizure Disorder,phecode|318|both_sexes||,Tobacco use disorder,"EAS,EUR",50.41666666666667,Seizure Disorder,phecode|317|both_sexes||,Alcohol-related disorders,"AFR,EUR",49.82142857142857,Seizure Disorders,,,,
D004829,"Epilepsy, Generalized","Epilepsy, Generalized",2,2,2,0,icd10|G47|both_sexes||,G47 Sleep disorders,"CSA,EUR",50.11363636363636,"Seizure Disorders, Generalized",phecode|327|both_sexes||,Sleep disorders,"CSA,EUR",50.11363636363636,"Seizure Disorders, Generalized",phecode|306|both_sexes||,Other mental disorder,"EAS,EUR",49.20918367346939,Generalized Seizure Disorder,icd10|M51|both_sexes||,M51 Other intervertebral disk disorders,"CSA,EUR",37.104166666666664,Generalized Seizure Disorders,phecode|318|both_sexes||,Tobacco use disorder,"EAS,EUR",36.791666666666664,Generalized Seizure Disorder,,,,
D057180,Frontotemporal Dementia,Frontotemporal Dementia,2,2,0,2,phecode|530|both_sexes||,Diseases of esophagus,"EUR,MID",49.25,"Diseases, Familial Pick's",phecode|411|both_sexes||,Ischemic Heart Disease,"CSA,EUR",37.14492753623188,Wilhelmsen Lynch Disease,icd10|I25|both_sexes||,I25 Chronic ischaemic heart disease,"CSA,EUR",34.42307692307692,Familial Pick Disease,phecode|317|both_sexes||,Alcohol-related disorders,"AFR,EUR",34.385245901639344,GRN-Related Frontotemporal Dementias,icd10|Z86|both_sexes||,Z86 Personal history of certain other diseases,"EUR,MID",34.31818181818181,Familial Pick's Diseases,,,,
D005764,Gastroesophageal Reflux,Gastroesophageal Reflux,2,2,1,1,phecode|530.11|both_sexes||,GERD,"EUR,MID",255.0,GERD,icd10|K21|both_sexes||,K21 Gastro-oesophageal reflux disease,"EUR,MID",124.18103448275862,Gastro oesophageal Reflux,phecode|530.1|both_sexes||,"Esophagitis, GERD and related diseases","EUR,MID",96.67682926829268,GERD,phecode|530|both_sexes||,Diseases of esophagus,"EUR,MID",46.72222222222222,Gastro-Esophageal Reflux Diseases,phecode|411|both_sexes||,Ischemic Heart Disease,"CSA,EUR",36.59119496855346,Gastroesophageal Reflux Disease,,,,
D005770,Gastrointestinal Neoplasms,Gastrointestinal Neoplasms,2,2,0,2,phecode|558|both_sexes||,Noninfectious gastroenteritis,"CSA,EUR",8.88888888888889,"Neoplasm, Gastrointestinal",icd10|K21|both_sexes||,K21 Gastro-oesophageal reflux disease,"EUR,MID",7.758620689655173,Gastrointestinal Neoplasm,phecode|835|both_sexes||,Internal derangement of knee,"EUR,MID",7.368421052631579,Gastrointestinal Tract Cancer,phecode|785|both_sexes||,Abdominal pain,"CSA,EUR",7.297297297297297,Gastrointestinal Cancer,phecode|716|both_sexes||,Other arthropathies,"EAS,EUR",7.142857142857142,"Cancer, Gastrointestinal",,,,
D005922,"Glomerulonephritis, IGA","Glomerulonephritis, IGA",2,2,0,2,phecode|411|both_sexes||,Ischemic Heart Disease,"CSA,EUR",49.583333333333336,Berger Disease,phecode|250.2|both_sexes||,Type 2 diabetes,"CSA,EUR",48.52272727272727,IGA Type Nephritis,icd10|K21|both_sexes||,K21 Gastro-oesophageal reflux disease,"EUR,MID",47.159574468085104,Berger Disease,icd10|I25|both_sexes||,I25 Chronic ischaemic heart disease,"CSA,EUR",46.166666666666664,Berger Disease,icd10|J44|both_sexes||,J44 Other chronic obstructive pulmonary disease,"CSA,EUR",45.81578947368421,Berger Disease,,,,
D006073,Gout,Gout,2,2,1,1,icd10|E66|both_sexes||,E66 Obesity,"EUR,MID",5.454545454545455,Gout,icd10|K80|both_sexes||,K80 Cholelithiasis,"EAS,EUR",4.7368421052631575,Gouts,phecode|574.1|both_sexes||,Cholelithiasis,"EAS,EUR",4.7368421052631575,Gouts,phecode|740|both_sexes||,Osteoarthrosis,"EUR,MID",4.7368421052631575,Gouts,phecode|716.9|both_sexes||,Arthropathy NOS,"EAS,EUR",4.5,Gouts,,,,
D006258,Head and Neck Neoplasms,Head and Neck Neoplasms,2,2,0,2,phecode|594.1|both_sexes||,Calculus of kidney,"CSA,EUR",8.4375,Cancer of Neck,icd10|N20|both_sexes||,N20 Calculus of kidney and ureter,"CSA,EUR",8.076923076923077,Cancer of Head and Neck,icd10|R07|both_sexes||,R07 Pain in throat and chest,"CSA,EUR",7.647058823529411,Cancer of the Head and Neck,phecode|760|both_sexes||,Back pain,"CSA,EUR",7.5,Neck Cancer,phecode|530|both_sexes||,Diseases of esophagus,"EUR,MID",7.0588235294117645,Head Neoplasm,,,,
D006689,Hodgkin Disease,Hodgkin Disease,2,2,0,2,phecode|411|both_sexes||,Ischemic Heart Disease,"CSA,EUR",49.71153846153846,Hodgkin's Disease,icd10|I25|both_sexes||,I25 Chronic ischaemic heart disease,"CSA,EUR",47.625,Hodgkin's Disease,icd10|K21|both_sexes||,K21 Gastro-oesophageal reflux disease,"EUR,MID",46.1,Hodgkin's Disease,icd10|J44|both_sexes||,J44 Other chronic obstructive pulmonary disease,"CSA,EUR",45.706896551724135,Hodgkin Disease,phecode|411.8|both_sexes||,"Other chronic ischemic heart disease, unspecified","CSA,EAS,EUR",45.5,Hodgkin's Disease,,,,
D017681,Hypereosinophilic Syndrome,Hypereosinophilic Syndrome,2,2,0,2,phecode|401.1|both_sexes||,Essential hypertension,"CSA,EUR",7.5,"Syndrome, Hypereosinophilic",phecode|306|both_sexes||,Other mental disorder,"EAS,EUR",7.142857142857142,Loeffler Endocarditis,phecode|401|both_sexes||,Hypertension,"CSA,EUR",7.105263157894736,Hypereosinophilic Syndrome,phecode|740|both_sexes||,Osteoarthrosis,"EUR,MID",6.857142857142857,Loeffler Endocarditis,icd10|G47|both_sexes||,G47 Sleep disorders,"CSA,EUR",6.666666666666666,Loeffler Endocarditis,,,,
D007680,Kidney Neoplasms,Kidney Neoplasms,2,2,2,0,phecode|594.1|both_sexes||,Calculus of kidney,"CSA,EUR",55.63725490196078,Cancer of Kidney,icd10|N20|both_sexes||,N20 Calculus of kidney and ureter,"CSA,EUR",49.916666666666664,Cancer of Kidney,phecode|594|both_sexes||,Urinary calculus,"CSA,EUR",8.275862068965518,Renal Cancers,phecode|306|both_sexes||,Other mental disorder,"EAS,EUR",7.272727272727273,Renal Cancer,icd10|E11|both_sexes||,E11 Non-insulin-dependent diabetes mellitus,"CSA,EUR",6.923076923076923,Renal Cancer,,,,
D008593,Menopause,Menopause,2,2,1,1,icd10|N20|both_sexes||,N20 Calculus of kidney and ureter,"CSA,EUR",6.6,"Change of Life, Female",icd10|Z72|both_sexes||,Z72 Problems related to lifestyle,"AFR,EUR",6.6,"Change of Life, Female",icd10|I83|both_sexes||,I83 Varicose veins of lower extremities,"AFR,EUR",6.428571428571428,"Change of Life, Female",phecode|594.1|both_sexes||,Calculus of kidney,"CSA,EUR",6.153846153846153,"Change of Life, Female",phecode|835|both_sexes||,Internal derangement of knee,"EUR,MID",6.122448979591837,"Change of Life, Female",,,,
D009101,Multiple Myeloma,Multiple Myeloma,2,2,0,2,phecode|411|both_sexes||,Ischemic Heart Disease,"CSA,EUR",49.583333333333336,Kahler Disease,icd10|I25|both_sexes||,I25 Chronic ischaemic heart disease,"CSA,EUR",47.5,Kahler Disease,icd10|K21|both_sexes||,K21 Gastro-oesophageal reflux disease,"EUR,MID",47.159574468085104,Kahler Disease,icd10|J44|both_sexes||,J44 Other chronic obstructive pulmonary disease,"CSA,EUR",45.28947368421053,Kahler Disease,phecode|411.8|both_sexes||,"Other chronic ischemic heart disease, unspecified","CSA,EAS,EUR",44.82258064516129,Kahler Disease,,,,
D019578,Multiple System Atrophy,Multiple System Atrophy,2,2,0,2,phecode|459|both_sexes||,Other disorders of circulatory system,"CSA,EUR",34.166666666666664,"Atrophy, Multiple System",icd10|R19|both_sexes||,R19 Other symptoms and signs involving the digestive system and abdomen,"EUR,MID",31.259057971014492,Multiple System Atrophies,phecode|716|both_sexes||,Other arthropathies,"EAS,EUR",9.0,Multisystem Atrophies,phecode|411|both_sexes||,Ischemic Heart Disease,"CSA,EUR",8.0,Multisystemic Atrophies,phecode|716.9|both_sexes||,Arthropathy NOS,"EAS,EUR",7.9411764705882355,"Atrophy, Multisystem",,,,
D009203,Myocardial Infarction,Myocardial Infarction,2,2,1,1,phecode|411|both_sexes||,Ischemic Heart Disease,"CSA,EUR",48.107142857142854,Heart Attacks,icd10|I25|both_sexes||,I25 Chronic ischaemic heart disease,"CSA,EUR",44.95454545454545,Heart Attacks,phecode|411.8|both_sexes||,"Other chronic ischemic heart disease, unspecified","CSA,EAS,EUR",43.5,Heart Attack,phecode|716|both_sexes||,Other arthropathies,"EAS,EUR",7.5,Heart Attacks,phecode|558|both_sexes||,Noninfectious gastroenteritis,"CSA,EUR",7.0588235294117645,"Infarctions, Myocardial",,,,
D009216,Myopia,Myopia,2,2,2,0,phecode|250.2|both_sexes||,Type 2 diabetes,"CSA,EUR",6.818181818181818,Myopias,icd10|E11|both_sexes||,E11 Non-insulin-dependent diabetes mellitus,"CSA,EUR",6.206896551724138,Nearsightedness,icd10|E66|both_sexes||,E66 Obesity,"EUR,MID",6.206896551724138,Nearsightedness,icd10|F17|both_sexes||,F17 Mental and behavioural disorders due to use of tobacco,"EAS,EUR",6.206896551724138,Nearsightedness,icd10|F32|both_sexes||,F32 Depressive episode,"CSA,EUR",6.206896551724138,Nearsightedness,,,,
D009290,Narcolepsy,Narcolepsy,2,2,1,1,phecode|327.3|both_sexes||,Sleep apnea,"CSA,EUR",53.05555555555556,"Sleep, Paroxysmal",icd10|G47|both_sexes||,G47 Sleep disorders,"CSA,EUR",51.90860215053763,"Sleep, Paroxysmal",phecode|327|both_sexes||,Sleep disorders,"CSA,EUR",51.90860215053763,"Sleep, Paroxysmal",phecode|250|both_sexes||,Diabetes mellitus,"CSA,EUR",7.297297297297297,"Syndromes, Gelineau's",phecode|317|both_sexes||,Alcohol-related disorders,"AFR,EUR",7.173913043478261,Narcoleptic Syndromes,,,,
D009771,Obsessive-Compulsive Disorder,Obsessive-Compulsive Disorder,2,2,0,2,icd10|G47|both_sexes||,G47 Sleep disorders,"CSA,EUR",50.583333333333336,Obsessive-Compulsive Disorders,phecode|327|both_sexes||,Sleep disorders,"CSA,EUR",50.583333333333336,Obsessive-Compulsive Disorders,phecode|306|both_sexes||,Other mental disorder,"EAS,EUR",49.05,Obsessive Compulsive Disorder,phecode|318|both_sexes||,Tobacco use disorder,"EAS,EUR",38.4625850340136,Obsessive Compulsive Disorder,icd10|M51|both_sexes||,M51 Other intervertebral disk disorders,"CSA,EUR",36.51282051282051,Obsessive-Compulsive Disorders,,,,
D010003,Osteoarthritis,Osteoarthritis,2,2,1,1,phecode|740|both_sexes||,Osteoarthrosis,"EUR,MID",255.0,Osteoarthrosis,icd10|M16|both_sexes||,M16 Coxarthrosis [arthrosis of hip],"CSA,EUR",103.77192982456141,Arthrosis,icd10|M17|both_sexes||,M17 Gonarthrosis [arthrosis of knee],"EUR,MID",103.58974358974359,Arthrosis,phecode|714|both_sexes||,Rheumatoid arthritis and other inflammatory polyarthropathies,"CSA,EUR",45.644578313253014,"Arthritis, Degenerative",phecode|716|both_sexes||,Other arthropathies,"EAS,EUR",10.0,Osteoarthroses,,,,
D012148,Restless Legs Syndrome,Restless Legs Syndrome,2,2,1,1,phecode|411|both_sexes||,Ischemic Heart Disease,"CSA,EUR",37.238095238095234,Willis Ekbom Disease,icd10|I25|both_sexes||,I25 Chronic ischaemic heart disease,"CSA,EUR",35.147058823529406,Willis Ekbom Disease,phecode|411.8|both_sexes||,"Other chronic ischemic heart disease, unspecified","CSA,EAS,EUR",33.23529411764706,Willis Ekbom Disease,icd10|K21|both_sexes||,K21 Gastro-oesophageal reflux disease,"EUR,MID",33.160377358490564,Willis Ekbom Disease,icd10|J44|both_sexes||,J44 Other chronic obstructive pulmonary disease,"CSA,EUR",32.738095238095234,Willis Ekbom Disease,,,,
D012174,Retinitis Pigmentosa,Retinitis Pigmentosa,2,2,0,2,phecode|716|both_sexes||,Other arthropathies,"EAS,EUR",8.372093023255815,Pigmentary Retinopathies,phecode|401.1|both_sexes||,Essential hypertension,"CSA,EUR",8.125,Tapetoretinal Degeneration,phecode|716.9|both_sexes||,Arthropathy NOS,"EAS,EUR",8.108108108108109,"Retinopathy, Pigmentary",phecode|306|both_sexes||,Other mental disorder,"EAS,EUR",7.333333333333333,"Retinopathies, Pigmentary",icd10|Z86|both_sexes||,Z86 Personal history of certain other diseases,"EUR,MID",7.272727272727273,Pigmentary Retinopathies,,,,
D006255,"Rhinitis, Allergic, Seasonal","Rhinitis, Allergic, Seasonal",2,2,0,2,phecode|960.2|both_sexes||,Allergy/adverse effect of penicillin,"CSA,EUR",47.0,"Allergies, Pollen",icd10|Z88|both_sexes||,"Z88 Personal history of allergy to drugs, medicaments and biologocal substances","CSA,EUR",40.72222222222222,Pollen Allergies,icd10|K80|both_sexes||,K80 Cholelithiasis,"EAS,EUR",8.75,Pollinosis,phecode|574.1|both_sexes||,Cholelithiasis,"EAS,EUR",8.75,Pollinosis,phecode|496.2|both_sexes||,Chronic bronchitis,"CSA,EUR",7.5,Seasonal Allergic Rhinitis,,,,
D013736,Testicular Neoplasms,Testicular Neoplasms,2,2,0,2,phecode|411.4|both_sexes||,Coronary atherosclerosis,"CSA,EUR",7.5,Cancer of the Testis,phecode|530|both_sexes||,Diseases of esophagus,"EUR,MID",7.297297297297297,Cancer of Testis,icd10|G47|both_sexes||,G47 Sleep disorders,"CSA,EUR",7.272727272727273,Rete Testis Tumors,phecode|327|both_sexes||,Sleep disorders,"CSA,EUR",7.272727272727273,Rete Testis Tumors,phecode|401|both_sexes||,Hypertension,"CSA,EUR",7.199999999999999,"Cancer, Testis",,,,
D014523,Urethral Neoplasms,Urethral Neoplasms,2,2,0,2,phecode|716.9|both_sexes||,Arthropathy NOS,"EAS,EUR",8.70967741935484,Urethra Neoplasm,icd10|N20|both_sexes||,N20 Calculus of kidney and ureter,"CSA,EUR",8.4,Cancer of the Urethra,phecode|594|both_sexes||,Urinary calculus,"CSA,EUR",7.741935483870968,Urethra Cancers,phecode|716|both_sexes||,Other arthropathies,"EAS,EUR",7.272727272727273,"Cancer, Urethra",icd10|J45|both_sexes||,J45 Asthma,"CSA,EUR,MID",7.142857142857142,"Cancers, Urethra",,,,
D014565,Urogenital Neoplasms,Urogenital Neoplasms,2,2,0,2,phecode|594|both_sexes||,Urinary calculus,"CSA,EUR",50.723684210526315,Genito-urinary Cancers,phecode|411.4|both_sexes||,Coronary atherosclerosis,"CSA,EUR",7.659574468085106,Genitourinary Neoplasms,phecode|306|both_sexes||,Other mental disorder,"EAS,EUR",7.105263157894736,Urogenital Cancer,phecode|558|both_sexes||,Noninfectious gastroenteritis,"CSA,EUR",6.875,"Neoplasm, Urogenital",phecode|785|both_sexes||,Abdominal pain,"CSA,EUR",6.774193548387097,Urogenital Cancer,,,,
D057135,Wet Macular Degeneration,Wet Macular Degeneration,2,2,0,2,icd10|E11|both_sexes||,E11 Non-insulin-dependent diabetes mellitus,"CSA,EUR",6.5625,"Macular Degenerations, Wet",icd10|N20|both_sexes||,N20 Calculus of kidney and ureter,"CSA,EUR",6.226415094339623,"Macular Degeneration, Wet",phecode|716|both_sexes||,Other arthropathies,"EAS,EUR",6.136363636363637,Wet Macular Degenerations,phecode|306|both_sexes||,Other mental disorder,"EAS,EUR",6.0,Wet Macular Degeneration,phecode|401.1|both_sexes||,Essential hypertension,"CSA,EUR",5.869565217391305,"Degeneration, Wet Macular",,,,
D000417,Albinism,Albinism,1,1,0,1,icd10|J45|both_sexes||,J45 Asthma,"CSA,EUR,MID",6.428571428571428,Albinism,phecode|785|both_sexes||,Abdominal pain,"CSA,EUR",5.454545454545455,Albinism,phecode|760|both_sexes||,Back pain,"CSA,EUR",5.294117647058824,Albinism,icd10|K42|both_sexes||,K42 Umbilical hernia,"CSA,EUR",5.0,Albinism,phecode|550|both_sexes||,Abdominal hernia,"EAS,EUR",5.0,Albinism,,,,
D019973,Alcohol-Related Disorders,Alcohol-Related Disorders,1,1,0,1,phecode|317|both_sexes||,Alcohol-related disorders,"AFR,EUR",255.0,Alcohol Related Disorders,icd10|G47|both_sexes||,G47 Sleep disorders,"CSA,EUR",51.0,Alcohol Related Disorders,phecode|327|both_sexes||,Sleep disorders,"CSA,EUR",51.0,Alcohol Related Disorders,phecode|306|both_sexes||,Other mental disorder,"EAS,EUR",48.583333333333336,Alcohol-Related Disorder,icd10|Z72|both_sexes||,Z72 Problems related to lifestyle,"AFR,EUR",44.833333333333336,Alcohol Problems,,,,
D000505,Alopecia,Alopecia,1,1,1,0,phecode|496.2|both_sexes||,Chronic bronchitis,"CSA,EUR",7.894736842105263,Androgenic Alopecias,phecode|418|both_sexes||,Nonspecific chest pain,"CSA,EUR",7.674418604651163,"Alopecia, Male Pattern",phecode|327.3|both_sexes||,Sleep apnea,"CSA,EUR",7.5,Male Pattern Alopecia,icd10|K44|both_sexes||,K44 Diaphragmatic hernia,"EUR,MID",7.317073170731707,Androgenetic Alopecia,phecode|550.2|both_sexes||,Diaphragmatic hernia,"CSA,EUR,MID",7.317073170731707,Androgenetic Alopecia,,,,
D000690,Amyotrophic Lateral Sclerosis,Amyotrophic Lateral Sclerosis,1,1,0,1,phecode|411|both_sexes||,Ischemic Heart Disease,"CSA,EUR",51.79054054054054,Charcot Disease,icd10|I25|both_sexes||,I25 Chronic ischaemic heart disease,"CSA,EUR",47.97826086956522,Charcot Disease,icd10|J44|both_sexes||,J44 Other chronic obstructive pulmonary disease,"CSA,EUR",46.61864406779661,Gehrig's Disease,icd10|K21|both_sexes||,K21 Gastro-oesophageal reflux disease,"EUR,MID",46.52127659574468,Gehrig Disease,phecode|411.8|both_sexes||,"Other chronic ischemic heart disease, unspecified","CSA,EAS,EUR",46.0625,Gehrig's Disease,,,,
D001145,"Arrhythmias, Cardiac","Arrhythmias, Cardiac",1,1,0,1,icd10|Z95|both_sexes||,Z95 Presence of cardiac and vascular implants and grafts,"CSA,EUR",43.82629107981221,Cardiac Dysrhythmia,icd10|J45|both_sexes||,J45 Asthma,"CSA,EUR,MID",10.0,Arrythmia,phecode|496.2|both_sexes||,Chronic bronchitis,"CSA,EUR",8.108108108108109,Cardiac Arrhythmias,phecode|411|both_sexes||,Ischemic Heart Disease,"CSA,EUR",7.317073170731707,"Dysrhythmia, Cardiac",phecode|550|both_sexes||,Abdominal hernia,"EAS,EUR",7.0588235294117645,"Arrhythmia, Cardiac",,,,
D001171,"Arthritis, Juvenile","Arthritis, Juvenile",1,1,1,0,phecode|714|both_sexes||,Rheumatoid arthritis and other inflammatory polyarthropathies,"CSA,EUR",65.66666666666666,"Rheumatoid Arthritis, Juvenile",phecode|496.2|both_sexes||,Chronic bronchitis,"CSA,EUR",50.79545454545455,"Chronic Arthritis, Juvenile",phecode|496.21|both_sexes||,Obstructive chronic bronchitis,"CSA,EUR",38.30952380952381,Juvenile Chronic Arthritis,icd10|I25|both_sexes||,I25 Chronic ischaemic heart disease,"CSA,EUR",35.39473684210526,"Chronic Arthritis, Juvenile",phecode|411.8|both_sexes||,"Other chronic ischemic heart disease, unspecified","CSA,EAS,EUR",34.79729729729729,"Chronic Arthritis, Juvenile",,,,
D001850,"Bone Diseases, Infectious","Bone Diseases, Infectious",1,1,0,1,phecode|530|both_sexes||,Diseases of esophagus,"EUR,MID",50.583333333333336,"Bone Diseases, Infectious",phecode|411|both_sexes||,Ischemic Heart Disease,"CSA,EUR",36.666666666666664,Infectious Bone Disease,phecode|530.1|both_sexes||,"Esophagitis, GERD and related diseases","EUR,MID",35.36885245901639,Infectious Bone Diseases,icd10|J44|both_sexes||,J44 Other chronic obstructive pulmonary disease,"CSA,EUR",34.31818181818181,Infectious Bone Disease,phecode|411.8|both_sexes||,"Other chronic ischemic heart disease, unspecified","CSA,EAS,EUR",34.26056338028169,"Bone Disease, Infectious",,,,
D001851,"Bone Diseases, Metabolic","Bone Diseases, Metabolic",1,1,0,1,phecode|530|both_sexes||,Diseases of esophagus,"EUR,MID",48.75,"Bone Diseases, Metabolic",phecode|411|both_sexes||,Ischemic Heart Disease,"CSA,EUR",37.53030303030303,Metabolic Bone Disease,icd10|J44|both_sexes||,J44 Other chronic obstructive pulmonary disease,"CSA,EUR",34.88461538461538,Metabolic Bone Disease,icd10|I25|both_sexes||,I25 Chronic ischaemic heart disease,"CSA,EUR",34.85849056603773,Metabolic Bone Disease,icd10|K21|both_sexes||,K21 Gastro-oesophageal reflux disease,"EUR,MID",34.590909090909086,Metabolic Bone Disease,,,,
D029481,"Bronchitis, Chronic","Bronchitis, Chronic",1,1,1,0,phecode|496.2|both_sexes||,Chronic bronchitis,"CSA,EUR",255.0,Chronic Bronchitis,phecode|496.21|both_sexes||,Obstructive chronic bronchitis,"CSA,EUR",119.58333333333333,Chronic Bronchitis,icd10|I25|both_sexes||,I25 Chronic ischaemic heart disease,"CSA,EUR",48.07142857142857,Chronic Bronchitis,icd10|J44|both_sexes||,J44 Other chronic obstructive pulmonary disease,"CSA,EUR",46.385245901639344,Chronic Bronchitis,phecode|411.8|both_sexes||,"Other chronic ischemic heart disease, unspecified","CSA,EAS,EUR",45.86363636363637,Chronic Bronchitis,,,,
D000086382,COVID-19,COVID-19,1,1,1,0,phecode|530|both_sexes||,Diseases of esophagus,"EUR,MID",47.40384615384615,2019-nCoV Diseases,icd10|I25|both_sexes||,I25 Chronic ischaemic heart disease,"CSA,EUR",35.990566037735846,Coronavirus Disease 19,phecode|411|both_sexes||,Ischemic Heart Disease,"CSA,EUR",35.68181818181818,COVID 19 Virus Disease,icd10|K21|both_sexes||,K21 Gastro-oesophageal reflux disease,"EUR,MID",34.590909090909086,Coronavirus Disease 19,icd10|J44|both_sexes||,J44 Other chronic obstructive pulmonary disease,"CSA,EUR",34.42307692307692,Coronavirus Disease 19,,,,
D002446,Celiac Disease,Celiac Disease,1,1,0,1,phecode|411|both_sexes||,Ischemic Heart Disease,"CSA,EUR",51.25,Celiac Disease,icd10|I25|both_sexes||,I25 Chronic ischaemic heart disease,"CSA,EUR",47.5,Celiac Disease,icd10|K21|both_sexes||,K21 Gastro-oesophageal reflux disease,"EUR,MID",45.88297872340426,Celiac Disease,icd10|J44|both_sexes||,J44 Other chronic obstructive pulmonary disease,"CSA,EUR",45.81578947368421,Celiac Disease,phecode|411.8|both_sexes||,"Other chronic ischemic heart disease, unspecified","CSA,EAS,EUR",45.306451612903224,Celiac Disease,,,,
D002761,Cholangitis,Cholangitis,1,1,0,1,icd10|K80|both_sexes||,K80 Cholelithiasis,"EAS,EUR",9.6,Cholangitis,phecode|574.1|both_sexes||,Cholelithiasis,"EAS,EUR",9.6,Cholangitis,phecode|496.2|both_sexes||,Chronic bronchitis,"CSA,EUR",8.275862068965518,Cholangitis,phecode|317|both_sexes||,Alcohol-related disorders,"AFR,EUR",7.105263157894736,Cholangitides,icd10|I25|both_sexes||,I25 Chronic ischaemic heart disease,"CSA,EUR",6.136363636363637,Cholangitides,,,,
D003414,Crigler-Najjar Syndrome,Crigler-Najjar Syndrome,1,1,0,1,phecode|250.2|both_sexes||,Type 2 diabetes,"CSA,EUR",43.5,"Crigler Najjar Syndrome, Type I",phecode|411.8|both_sexes||,"Other chronic ischemic heart disease, unspecified","CSA,EAS,EUR",7.0,"Hyperbilirubinemia, Hereditary Unconjugated",icd10|E11|both_sexes||,E11 Non-insulin-dependent diabetes mellitus,"CSA,EUR",6.428571428571428,Hereditary Unconjugated Hyperbilirubinemia,icd10|E66|both_sexes||,E66 Obesity,"EUR,MID",6.428571428571428,Hereditary Unconjugated Hyperbilirubinemia,icd10|F17|both_sexes||,F17 Mental and behavioural disorders due to use of tobacco,"EAS,EUR",6.428571428571428,Hereditary Unconjugated Hyperbilirubinemia,,,,
D003704,Dementia,Dementia,1,1,0,1,icd10|K42|both_sexes||,K42 Umbilical hernia,"CSA,EUR",10.0,Familial Dementia,phecode|550.4|both_sexes||,Umbilical hernia,"CSA,EUR",10.0,Familial Dementia,phecode|550|both_sexes||,Abdominal hernia,"EAS,EUR",9.090909090909092,Familial Dementia,phecode|272|both_sexes||,Disorders of lipoid metabolism,"CSA,EUR",7.090909090909091,Senile Paranoid Dementias,phecode|401.1|both_sexes||,Essential hypertension,"CSA,EUR",7.0212765957446805,"Dementias, Senile Paranoid",,,,
D003928,Diabetic Nephropathies,Diabetic Nephropathies,1,1,0,1,phecode|530|both_sexes||,Diseases of esophagus,"EUR,MID",47.916666666666664,"Kidney Diseases, Diabetic",phecode|594.1|both_sexes||,Calculus of kidney,"CSA,EUR",47.83536585365854,Diabetic Kidney Disease,phecode|411|both_sexes||,Ischemic Heart Disease,"CSA,EUR",38.0,Diabetic Kidney Disease,icd10|N20|both_sexes||,N20 Calculus of kidney and ureter,"CSA,EUR",36.166666666666664,Diabetic Kidney Disease,phecode|530.1|both_sexes||,"Esophagitis, GERD and related diseases","EUR,MID",35.36885245901639,Diabetic Kidney Diseases,,,,
D003929,Diabetic Neuropathies,Diabetic Neuropathies,1,1,0,1,phecode|250.2|both_sexes||,Type 2 diabetes,"CSA,EUR",8.333333333333334,"Amyotrophies, Diabetic",phecode|716|both_sexes||,Other arthropathies,"EAS,EUR",8.25,Diabetic Amyotrophies,phecode|716.9|both_sexes||,Arthropathy NOS,"EAS,EUR",7.9411764705882355,Diabetic Neuropathy,icd10|R07|both_sexes||,R07 Pain in throat and chest,"CSA,EUR",7.9245283018867925,Painful Diabetic Neuropathies,icd10|K44|both_sexes||,K44 Diaphragmatic hernia,"EUR,MID",7.894736842105263,Diabetic Neuralgia,,,,
D004381,Duodenal Ulcer,Duodenal Ulcer,1,1,0,1,phecode|550|both_sexes||,Abdominal hernia,"EAS,EUR",8.0,Duodenal Ulcer,icd10|K42|both_sexes||,K42 Umbilical hernia,"CSA,EUR",7.0,"Ulcer, Duodenal",phecode|550.4|both_sexes||,Umbilical hernia,"CSA,EUR",7.0,"Ulcer, Duodenal",phecode|306|both_sexes||,Other mental disorder,"EAS,EUR",6.857142857142857,Duodenal Ulcer,phecode|594|both_sexes||,Urinary calculus,"CSA,EUR",6.774193548387097,Duodenal Ulcers,,,,
D020920,Dyssomnias,Dyssomnias,1,1,0,1,icd10|G47|both_sexes||,G47 Sleep disorders,"CSA,EUR",119.58333333333333,Extrinsic Sleep Disorders,phecode|327|both_sexes||,Sleep disorders,"CSA,EUR",119.58333333333333,Extrinsic Sleep Disorders,phecode|306|both_sexes||,Other mental disorder,"EAS,EUR",51.65816326530612,Environmental Sleep Disorder,phecode|327.3|both_sexes||,Sleep apnea,"CSA,EUR",47.916666666666664,"Sleep Disorder, Adjustment",phecode|318|both_sexes||,Tobacco use disorder,"EAS,EUR",37.33333333333333,Adjustment Sleep Disorder,,,,
D004485,Eczema,Eczema,1,1,0,1,phecode|558|both_sexes||,Noninfectious gastroenteritis,"CSA,EUR",7.800000000000001,Eczematous Dermatitis,phecode|716.2|both_sexes||,Unspecified monoarthritis,"CSA,EAS,EUR,MID",7.173913043478261,Eczematous Dermatitis,phecode|411|both_sexes||,Ischemic Heart Disease,"CSA,EUR",6.279069767441861,Eczematous Dermatitis,phecode|530.1|both_sexes||,"Esophagitis, GERD and related diseases","EUR,MID",6.206896551724138,"Dermatitis, Eczematous",phecode|496.2|both_sexes||,Chronic bronchitis,"CSA,EUR",6.153846153846153,Eczematous Dermatitis,,,,
D016889,Endometrial Neoplasms,Endometrial Neoplasms,1,1,0,1,phecode|785|both_sexes||,Abdominal pain,"CSA,EUR",8.571428571428571,Endometrial Carcinoma,phecode|550|both_sexes||,Abdominal hernia,"EAS,EUR",7.9411764705882355,Endometrial Cancer,icd10|N20|both_sexes||,N20 Calculus of kidney and ureter,"CSA,EUR",7.800000000000001,Cancer of Endometrium,phecode|454.1|both_sexes||,Varicose veins of lower extremity,"AFR,EUR",7.368421052631579,Carcinoma of Endometrium,phecode|401.1|both_sexes||,Essential hypertension,"CSA,EUR",7.317073170731707,Endometrial Cancers,,,,
D004715,Endometriosis,Endometriosis,1,1,1,0,phecode|740|both_sexes||,Osteoarthrosis,"EUR,MID",8.88888888888889,Endometriosis,phecode|550|both_sexes||,Abdominal hernia,"EAS,EUR",7.5,Endometrioma,icd10|K80|both_sexes||,K80 Cholelithiasis,"EAS,EUR",6.666666666666666,Endometriosis,phecode|574.1|both_sexes||,Cholelithiasis,"EAS,EUR",6.666666666666666,Endometriosis,phecode|411.4|both_sexes||,Coronary atherosclerosis,"CSA,EUR",6.486486486486487,Endometriosis,,,,
D004828,"Epilepsies, Partial","Epilepsies, Partial",1,1,1,0,phecode|785|both_sexes||,Abdominal pain,"CSA,EUR",55.416666666666664,Abdominal Epilepsy,phecode|550|both_sexes||,Abdominal hernia,"EAS,EUR",54.75490196078431,Abdominal Epilepsy,icd10|G47|both_sexes||,G47 Sleep disorders,"CSA,EUR",51.51315789473684,Focal Seizure Disorders,phecode|327|both_sexes||,Sleep disorders,"CSA,EUR",51.51315789473684,Focal Seizure Disorders,phecode|306|both_sexes||,Other mental disorder,"EAS,EUR",49.916666666666664,Partial Seizure Disorder,,,,
D004938,Esophageal Neoplasms,Esophageal Neoplasms,1,1,0,1,phecode|530|both_sexes||,Diseases of esophagus,"EUR,MID",55.416666666666664,Cancer of Esophagus,icd10|K21|both_sexes||,K21 Gastro-oesophageal reflux disease,"EUR,MID",8.653846153846153,Esophageal Neoplasm,phecode|530.1|both_sexes||,"Esophagitis, GERD and related diseases","EUR,MID",8.035714285714285,Esophagus Neoplasms,icd10|F32|both_sexes||,F32 Depressive episode,"CSA,EUR",7.105263157894736,"Neoplasms, Esophageal",phecode|401.1|both_sexes||,Essential hypertension,"CSA,EUR",6.75,Esophageal Cancers,,,,
D005168,Factor VII Deficiency,Factor VII Deficiency,1,1,0,1,phecode|401|both_sexes||,Hypertension,"CSA,EUR",7.5,Hypoproconvertinemia,phecode|496.2|both_sexes||,Chronic bronchitis,"CSA,EUR",6.923076923076923,Hypoproconvertinemias,icd10|I25|both_sexes||,I25 Chronic ischaemic heart disease,"CSA,EUR",6.666666666666666,"Deficiency, Factor Seven",phecode|418|both_sexes||,Nonspecific chest pain,"CSA,EUR",6.666666666666666,"Deficiencies, Factor VII",phecode|459|both_sexes||,Other disorders of circulatory system,"CSA,EUR",6.5,"Deficiency, Factor Seven",,,,
D005173,Factor XI Deficiency,Factor XI Deficiency,1,1,1,0,phecode|306|both_sexes||,Other mental disorder,"EAS,EUR",7.692307692307692,Rosenthal Syndrome,phecode|418|both_sexes||,Nonspecific chest pain,"CSA,EUR",6.818181818181818,"Deficiencies, Factor XI",phecode|401.1|both_sexes||,Essential hypertension,"CSA,EUR",6.75,Rosenthal Syndrome,phecode|454.1|both_sexes||,Varicose veins of lower extremity,"AFR,EUR",6.545454545454545,"Deficiencies, Factor XI",icd10|K42|both_sexes||,K42 Umbilical hernia,"CSA,EUR",6.428571428571428,Hemophilia C,,,,
D042882,Gallstones,Gallstones,1,1,0,1,phecode|594|both_sexes||,Urinary calculus,"CSA,EUR",10.645161290322582,Biliary Calculi,phecode|558|both_sexes||,Noninfectious gastroenteritis,"CSA,EUR",8.035714285714285,Common Bile Duct Gallstones,phecode|594.1|both_sexes||,Calculus of kidney,"CSA,EUR",7.777777777777778,Gallstone,icd10|K42|both_sexes||,K42 Umbilical hernia,"CSA,EUR",7.741935483870968,Biliary Calculi,phecode|550.4|both_sexes||,Umbilical hernia,"CSA,EUR",7.741935483870968,Biliary Calculi,,,,
D005909,Glioblastoma,Glioblastoma,1,1,0,1,icd10|J45|both_sexes||,J45 Asthma,"CSA,EUR,MID",8.333333333333334,Glioblastoma,phecode|250|both_sexes||,Diabetes mellitus,"CSA,EUR",6.75,Giant Cell Glioblastoma,phecode|411.4|both_sexes||,Coronary atherosclerosis,"CSA,EUR",6.666666666666666,Grade IV Astrocytomas,phecode|740|both_sexes||,Osteoarthrosis,"EUR,MID",6.666666666666666,Glioblastomas,icd10|E66|both_sexes||,E66 Obesity,"EUR,MID",6.315789473684211,Glioblastoma,,,,
D006177,Gynecomastia,Gynecomastia,1,1,0,1,phecode|835|both_sexes||,Internal derangement of knee,"EUR,MID",7.647058823529411,"Enlargement, Male Breast",phecode|306|both_sexes||,Other mental disorder,"EAS,EUR",6.818181818181818,"Enlargement, Male Breast",icd10|K44|both_sexes||,K44 Diaphragmatic hernia,"EUR,MID",6.75,"Gynecomastia, Newborn",phecode|550.2|both_sexes||,Diaphragmatic hernia,"CSA,EUR,MID",6.75,"Gynecomastia, Newborn",icd10|J45|both_sexes||,J45 Asthma,"CSA,EUR,MID",6.666666666666666,Gynecomastia,,,,
D006333,Heart Failure,Heart Failure,1,1,0,1,phecode|411|both_sexes||,Ischemic Heart Disease,"CSA,EUR",48.107142857142854,Heart Failure,icd10|I25|both_sexes||,I25 Chronic ischaemic heart disease,"CSA,EUR",44.95454545454545,Heart Failure,phecode|411.8|both_sexes||,"Other chronic ischemic heart disease, unspecified","CSA,EAS,EUR",43.92622950819672,Heart Failure,icd10|Z95|both_sexes||,Z95 Presence of cardiac and vascular implants and grafts,"CSA,EUR",42.36318407960199,Cardiac Failure,phecode|401|both_sexes||,Hypertension,"CSA,EUR",9.375,Heart Decompensation,,,,
D019337,Hematologic Neoplasms,Hematologic Neoplasms,1,1,0,1,icd10|K42|both_sexes||,K42 Umbilical hernia,"CSA,EUR",7.105263157894736,Hematological Neoplasm,phecode|550.4|both_sexes||,Umbilical hernia,"CSA,EUR",7.105263157894736,Hematological Neoplasm,phecode|411|both_sexes||,Ischemic Heart Disease,"CSA,EUR",6.818181818181818,Hematological Neoplasm,icd10|K44|both_sexes||,K44 Diaphragmatic hernia,"EUR,MID",6.75,Hematologic Neoplasm,phecode|550.2|both_sexes||,Diaphragmatic hernia,"CSA,EUR,MID",6.75,Hematologic Neoplasm,,,,
D006432,Hemochromatosis,Hemochromatosis,1,1,0,1,phecode|250.2|both_sexes||,Type 2 diabetes,"CSA,EUR",54.166666666666664,Bronze Diabetes,phecode|250|both_sexes||,Diabetes mellitus,"CSA,EUR",53.541666666666664,"Diabetes, Bronze",icd10|G47|both_sexes||,G47 Sleep disorders,"CSA,EUR",50.979729729729726,Iron Storage Disorders,phecode|327|both_sexes||,Sleep disorders,"CSA,EUR",50.979729729729726,Iron Storage Disorders,phecode|306|both_sexes||,Other mental disorder,"EAS,EUR",50.535714285714285,Iron Storage Disorder,,,,
D006712,Homocystinuria,Homocystinuria,1,1,0,1,phecode|411|both_sexes||,Ischemic Heart Disease,"CSA,EUR",32.84313725490196,Cystathionine beta Synthase Deficiency Disease,icd10|I25|both_sexes||,I25 Chronic ischaemic heart disease,"CSA,EUR",28.80681818181818,Cystathionine beta Synthase Deficiency Disease,icd10|K21|both_sexes||,K21 Gastro-oesophageal reflux disease,"EUR,MID",27.84018987341772,Cystathionine beta Synthase Deficiency Disease,phecode|411.8|both_sexes||,"Other chronic ischemic heart disease, unspecified","CSA,EAS,EUR",26.68882978723404,"Deficiency Disease, Cystathionine beta Synthase",icd10|J44|both_sexes||,J44 Other chronic obstructive pulmonary disease,"CSA,EUR",26.355337078651687,Cystathionine beta Synthase Deficiency Disease,,,,
D006934,Hypercalcemia,Hypercalcemia,1,1,1,0,phecode|401|both_sexes||,Hypertension,"CSA,EUR",8.4,Hypercalcemia,phecode|785|both_sexes||,Abdominal pain,"CSA,EUR",7.0588235294117645,"Syndrome, Milk-Alkali",icd10|K80|both_sexes||,K80 Cholelithiasis,"EAS,EUR",6.428571428571428,Hypercalcemias,phecode|574.1|both_sexes||,Cholelithiasis,"EAS,EUR",6.428571428571428,Hypercalcemias,phecode|411.4|both_sexes||,Coronary atherosclerosis,"CSA,EUR",6.315789473684211,Hypercalcemias,,,,
D008072,Hyperlipoproteinemia Type I,Hyperlipoproteinemia Type I,1,1,1,0,phecode|250.2|both_sexes||,Type 2 diabetes,"CSA,EUR",51.143410852713174,Type I Hyperlipoproteinemias,phecode|401.1|both_sexes||,Essential hypertension,"CSA,EUR",50.306603773584904,Essential Familial Hyperlipemia,icd10|K42|both_sexes||,K42 Umbilical hernia,"CSA,EUR",9.0,Familial Chylomicronemia,phecode|550.4|both_sexes||,Umbilical hernia,"CSA,EUR",9.0,Familial Chylomicronemia,phecode|550|both_sexes||,Abdominal hernia,"EAS,EUR",8.25,Familial Chylomicronemia,,,,
D049950,"Hyperparathyroidism, Primary","Hyperparathyroidism, Primary",1,1,1,0,phecode|716.9|both_sexes||,Arthropathy NOS,"EAS,EUR",7.142857142857142,Primary Hyperparathyroidism,phecode|411.4|both_sexes||,Coronary atherosclerosis,"CSA,EUR",7.0588235294117645,Primary Hyperparathyroidism,icd10|Z86|both_sexes||,Z86 Personal history of certain other diseases,"EUR,MID",6.857142857142857,Primary Hyperparathyroidisms,phecode|740|both_sexes||,Osteoarthrosis,"EUR,MID",6.585365853658536,"Hyperparathyroidism, Primary",phecode|716|both_sexes||,Other arthropathies,"EAS,EUR",6.521739130434782,"Hyperparathyroidism, Primary",,,,
D006962,"Hyperparathyroidism, Secondary","Hyperparathyroidism, Secondary",1,1,1,0,phecode|411.4|both_sexes||,Coronary atherosclerosis,"CSA,EUR",7.9245283018867925,Secondary Hyperparathyroidism,phecode|740|both_sexes||,Osteoarthrosis,"EUR,MID",7.674418604651163,Secondary Hyperparathyroidism,phecode|716.2|both_sexes||,Unspecified monoarthritis,"CSA,EAS,EUR,MID",7.222222222222221,Secondary Hyperparathyroidism,icd10|Z86|both_sexes||,Z86 Personal history of certain other diseases,"EUR,MID",7.083333333333333,Secondary Hyperparathyroidisms,phecode|401.1|both_sexes||,Essential hypertension,"CSA,EUR",7.0588235294117645,Secondary Hyperparathyroidism,,,,
D006980,Hyperthyroidism,Hyperthyroidism,1,1,0,1,phecode|740|both_sexes||,Osteoarthrosis,"EUR,MID",8.88888888888889,Hyperthyroids,phecode|401|both_sexes||,Hypertension,"CSA,EUR",8.75,Hyperthyroid,phecode|716|both_sexes||,Other arthropathies,"EAS,EUR",8.4375,Hyperthyroids,phecode|411.4|both_sexes||,Coronary atherosclerosis,"CSA,EUR",7.659574468085106,Primary Hyperthyroidism,icd10|K80|both_sexes||,K80 Cholelithiasis,"EAS,EUR",7.241379310344828,Hyperthyroidism,,,,
D052456,Hypoalphalipoproteinemias,Hypoalphalipoproteinemias,1,1,0,1,phecode|411|both_sexes||,Ischemic Heart Disease,"CSA,EUR",34.46428571428571,HDL Lipoprotein Deficiency Disease,icd10|I25|both_sexes||,I25 Chronic ischaemic heart disease,"CSA,EUR",29.096153846153847,HDL Lipoprotein Deficiency Disease,icd10|J44|both_sexes||,J44 Other chronic obstructive pulmonary disease,"CSA,EUR",28.6525974025974,HDL Lipoprotein Deficiency Disease,phecode|411.8|both_sexes||,"Other chronic ischemic heart disease, unspecified","CSA,EAS,EUR",27.835365853658537,HDL Lipoprotein Deficiency Disease,icd10|K21|both_sexes||,K21 Gastro-oesophageal reflux disease,"EUR,MID",27.518656716417908,HDL Lipoprotein Deficiency Disease,,,,
D006996,Hypocalcemia,Hypocalcemia,1,1,0,1,icd10|K80|both_sexes||,K80 Cholelithiasis,"EAS,EUR",7.777777777777778,Hypocalcemias,phecode|574.1|both_sexes||,Cholelithiasis,"EAS,EUR",7.777777777777778,Hypocalcemias,icd10|K42|both_sexes||,K42 Umbilical hernia,"CSA,EUR",6.428571428571428,Hypocalcemia,phecode|250.2|both_sexes||,Type 2 diabetes,"CSA,EUR",6.428571428571428,Hypocalcemias,phecode|550|both_sexes||,Abdominal hernia,"EAS,EUR",6.428571428571428,Hypocalcemia,,,,
D007014,Hypophosphatasia,Hypophosphatasia,1,1,1,0,icd10|K80|both_sexes||,K80 Cholelithiasis,"EAS,EUR",6.774193548387097,Hypophosphatasias,phecode|574.1|both_sexes||,Cholelithiasis,"EAS,EUR",6.774193548387097,Hypophosphatasias,phecode|401|both_sexes||,Hypertension,"CSA,EUR",6.428571428571428,Hypophosphatasia,phecode|740|both_sexes||,Osteoarthrosis,"EUR,MID",5.806451612903226,Hypophosphatasias,phecode|716|both_sexes||,Other arthropathies,"EAS,EUR",5.142857142857143,Hypophosphatasia,,,,
D017674,Hypophosphatemia,Hypophosphatemia,1,1,0,1,phecode|401|both_sexes||,Hypertension,"CSA,EUR",6.428571428571428,Hypophosphatemia,icd10|I25|both_sexes||,I25 Chronic ischaemic heart disease,"CSA,EUR",6.25,Hypophosphatemias,icd10|K44|both_sexes||,K44 Diaphragmatic hernia,"EUR,MID",5.833333333333333,Hypophosphatemia,phecode|550.2|both_sexes||,Diaphragmatic hernia,"CSA,EUR,MID",5.833333333333333,Hypophosphatemia,phecode|716|both_sexes||,Other arthropathies,"EAS,EUR",5.833333333333333,Hypophosphatemias,,,,
D007037,Hypothyroidism,Hypothyroidism,1,1,1,0,phecode|740|both_sexes||,Osteoarthrosis,"EUR,MID",8.68421052631579,Secondary Hypothyroidism,phecode|411.4|both_sexes||,Coronary atherosclerosis,"CSA,EUR",8.125,Secondary Hypothyroidism,phecode|716.2|both_sexes||,Unspecified monoarthritis,"CSA,EAS,EUR,MID",7.959183673469388,Secondary Hypothyroidism,icd10|K80|both_sexes||,K80 Cholelithiasis,"EAS,EUR",7.5,Hypothyroidism,phecode|574.1|both_sexes||,Cholelithiasis,"EAS,EUR",7.5,Hypothyroidism,,,,
D020177,Idiopathic Hypersomnia,Idiopathic Hypersomnia,1,1,0,1,phecode|327.3|both_sexes||,Sleep apnea,"CSA,EUR",55.416666666666664,Sleep Inertia,icd10|G47|both_sexes||,G47 Sleep disorders,"CSA,EUR",54.51149425287356,Sleep Inertias,phecode|327|both_sexes||,Sleep disorders,"CSA,EUR",54.51149425287356,Sleep Inertias,phecode|459|both_sexes||,Other disorders of circulatory system,"CSA,EUR",31.201550387596896,Idiopathic Central Nervous System Hypersomnolence,icd10|R19|both_sexes||,R19 Other symptoms and signs involving the digestive system and abdomen,"EUR,MID",21.155172413793103,Idiopathic Central Nervous System Hypersomnolence,,,,
D055623,"Keratosis, Actinic","Keratosis, Actinic",1,1,0,1,phecode|496.2|both_sexes||,Chronic bronchitis,"CSA,EUR",7.7142857142857135,Actinic Keratosis,phecode|411|both_sexes||,Ischemic Heart Disease,"CSA,EUR",7.692307692307692,Actinic Keratoses,icd10|R07|both_sexes||,R07 Pain in throat and chest,"CSA,EUR",7.317073170731707,Actinic Keratoses,icd10|M16|both_sexes||,M16 Coxarthrosis [arthrosis of hip],"CSA,EUR",7.173913043478261,"Keratosis, Actinic",icd10|M17|both_sexes||,M17 Gonarthrosis [arthrosis of knee],"EUR,MID",7.0212765957446805,"Keratosis, Actinic",,,,
D007863,Lecithin Cholesterol Acyltransferase Deficiency,Lecithin Cholesterol Acyltransferase Deficiency,1,1,0,1,phecode|411|both_sexes||,Ischemic Heart Disease,"CSA,EUR",48.964285714285715,Norum Disease,icd10|K21|both_sexes||,K21 Gastro-oesophageal reflux disease,"EUR,MID",46.67391304347826,Norum Disease,icd10|J44|both_sexes||,J44 Other chronic obstructive pulmonary disease,"CSA,EUR",46.464285714285715,Norum Disease,icd10|I25|both_sexes||,I25 Chronic ischaemic heart disease,"CSA,EUR",46.31818181818182,Norum Disease,phecode|411.8|both_sexes||,"Other chronic ischemic heart disease, unspecified","CSA,EAS,EUR",44.41803278688525,Norum Disease,,,,
D007889,Leiomyoma,Leiomyoma,1,1,1,0,phecode|550|both_sexes||,Abdominal hernia,"EAS,EUR",7.741935483870968,"Fibroma, Uterine",icd10|F32|both_sexes||,F32 Depressive episode,"CSA,EUR",7.272727272727273,Uterine Fibroid,phecode|496.21|both_sexes||,Obstructive chronic bronchitis,"CSA,EUR",7.173913043478261,Uterine Fibroids,phecode|496.2|both_sexes||,Chronic bronchitis,"CSA,EUR",7.0588235294117645,Uterine Fibroids,phecode|740|both_sexes||,Osteoarthrosis,"EUR,MID",7.0,Uterine Fibroids,,,,
D007890,Leiomyosarcoma,Leiomyosarcoma,1,1,0,1,phecode|740|both_sexes||,Osteoarthrosis,"EUR,MID",6.206896551724138,Leiomyosarcomas,phecode|411|both_sexes||,Ischemic Heart Disease,"CSA,EUR",6.122448979591837,Epithelioid Leiomyosarcomas,phecode|411.4|both_sexes||,Coronary atherosclerosis,"CSA,EUR",6.0,"Leiomyosarcoma, Epithelioid",icd10|M16|both_sexes||,M16 Coxarthrosis [arthrosis of hip],"CSA,EUR",5.88235294117647,"Leiomyosarcomas, Myxoid",icd10|K44|both_sexes||,K44 Diaphragmatic hernia,"EUR,MID",5.869565217391305,"Leiomyosarcoma, Epithelioid",,,,
D015451,"Leukemia, Lymphocytic, Chronic, B-Cell","Leukemia, Lymphocytic, Chronic, B-Cell",1,1,1,0,phecode|496.2|both_sexes||,Chronic bronchitis,"CSA,EUR",49.82142857142857,Chronic B-Cell Leukemias,icd10|I25|both_sexes||,I25 Chronic ischaemic heart disease,"CSA,EUR",36.29310344827586,Chronic Lymphatic Leukemias,phecode|496.21|both_sexes||,Obstructive chronic bronchitis,"CSA,EUR",35.666666666666664,"Leukemia, Chronic B-Lymphocytic",icd10|J44|both_sexes||,J44 Other chronic obstructive pulmonary disease,"CSA,EUR",34.58333333333333,Chronic Lymphocytic Leukemias,phecode|411.8|both_sexes||,"Other chronic ischemic heart disease, unspecified","CSA,EAS,EUR",33.986486486486484,Chronic Lymphatic Leukemia,,,,
D015464,"Leukemia, Myelogenous, Chronic, BCR-ABL Positive","Leukemia, Myelogenous, Chronic, BCR-ABL Positive",1,1,0,1,phecode|496.2|both_sexes||,Chronic bronchitis,"CSA,EUR",50.0,Chronic Granulocytic Leukemias,phecode|496.21|both_sexes||,Obstructive chronic bronchitis,"CSA,EUR",36.293785310734464,"Leukemia, Chronic Granulocytic",icd10|I25|both_sexes||,I25 Chronic ischaemic heart disease,"CSA,EUR",35.635593220338976,Chronic Myelocytic Leukemias,icd10|J44|both_sexes||,J44 Other chronic obstructive pulmonary disease,"CSA,EUR",34.68309859154929,Chronic Myelocytic Leukemias,phecode|411.8|both_sexes||,"Other chronic ischemic heart disease, unspecified","CSA,EAS,EUR",33.9,Chronic Myelocytic Leukemia,,,,
D007970,Leukopenia,Leukopenia,1,1,1,0,phecode|327.3|both_sexes||,Sleep apnea,"CSA,EUR",7.142857142857142,Leukopenia,icd10|K80|both_sexes||,K80 Cholelithiasis,"EAS,EUR",6.206896551724138,Leukocytopenias,phecode|574.1|both_sexes||,Cholelithiasis,"EAS,EUR",6.206896551724138,Leukocytopenias,phecode|740|both_sexes||,Osteoarthrosis,"EUR,MID",6.206896551724138,Leukocytopenias,phecode|250.2|both_sexes||,Type 2 diabetes,"CSA,EUR",6.0,Leukocytopenias,,,,
D008103,Liver Cirrhosis,Liver Cirrhosis,1,1,0,1,phecode|740|both_sexes||,Osteoarthrosis,"EUR,MID",7.5,Liver Fibrosis,phecode|418|both_sexes||,Nonspecific chest pain,"CSA,EUR",6.923076923076923,"Cirrhosis, Hepatic",phecode|496.2|both_sexes||,Chronic bronchitis,"CSA,EUR",6.857142857142857,Hepatic Cirrhosis,phecode|496.21|both_sexes||,Obstructive chronic bronchitis,"CSA,EUR",6.818181818181818,Liver Fibrosis,phecode|716.9|both_sexes||,Arthropathy NOS,"EAS,EUR",6.5625,Hepatic Cirrhosis,,,,
D008105,"Liver Cirrhosis, Biliary","Liver Cirrhosis, Biliary",1,1,0,1,phecode|496.2|both_sexes||,Chronic bronchitis,"CSA,EUR",45.59375,"Cholangitis, Chronic Nonsuppurative Destructive",phecode|496.21|both_sexes||,Obstructive chronic bronchitis,"CSA,EUR",38.14035087719298,Obstructive Liver Cirrhosis,icd10|J44|both_sexes||,J44 Other chronic obstructive pulmonary disease,"CSA,EUR",34.785714285714285,"Liver Cirrhosis, Obstructive",icd10|I25|both_sexes||,I25 Chronic ischaemic heart disease,"CSA,EUR",27.483766233766232,"Cholangitis, Chronic Nonsuppurative Destructive",phecode|411.8|both_sexes||,"Other chronic ischemic heart disease, unspecified","CSA,EAS,EUR",26.356382978723403,"Cholangitis, Chronic Nonsuppurative Destructive",,,,
D008175,Lung Neoplasms,Lung Neoplasms,1,1,0,1,icd10|J44|both_sexes||,J44 Other chronic obstructive pulmonary disease,"CSA,EUR",46.0,"Cancers, Pulmonary",phecode|594|both_sexes||,Urinary calculus,"CSA,EUR",9.090909090909092,Pulmonary Cancers,phecode|411.4|both_sexes||,Coronary atherosclerosis,"CSA,EUR",7.674418604651163,Pulmonary Neoplasms,phecode|594.1|both_sexes||,Calculus of kidney,"CSA,EUR",7.5,Cancer of Lung,icd10|E11|both_sexes||,E11 Non-insulin-dependent diabetes mellitus,"CSA,EUR",7.199999999999999,Lung Cancer,,,,
D008223,Lymphoma,Lymphoma,1,1,0,1,icd10|J45|both_sexes||,J45 Asthma,"CSA,EUR,MID",7.142857142857142,Germinoblastoma,phecode|785|both_sexes||,Abdominal pain,"CSA,EUR",6.666666666666666,"Sarcoma, Germinoblastic",phecode|716.9|both_sexes||,Arthropathy NOS,"EAS,EUR",6.486486486486487,"Sarcoma, Germinoblastic",icd10|I83|both_sexes||,I83 Varicose veins of lower extremities,"AFR,EUR",6.206896551724138,"Sarcomas, Germinoblastic",phecode|594|both_sexes||,Urinary calculus,"CSA,EUR",6.153846153846153,Germinoblastic Sarcomas,,,,
D008224,"Lymphoma, Follicular","Lymphoma, Follicular",1,1,0,1,icd10|I25|both_sexes||,I25 Chronic ischaemic heart disease,"CSA,EUR",36.153846153846146,Brill Symmers Disease,phecode|411|both_sexes||,Ischemic Heart Disease,"CSA,EUR",34.945736434108525,Brill Symmers Disease,icd10|K21|both_sexes||,K21 Gastro-oesophageal reflux disease,"EUR,MID",34.166666666666664,Brill Symmers Disease,icd10|J44|both_sexes||,J44 Other chronic obstructive pulmonary disease,"CSA,EUR",32.65625,Brill Symmers Disease,phecode|411.8|both_sexes||,"Other chronic ischemic heart disease, unspecified","CSA,EAS,EUR",32.28260869565217,Brill Symmers Disease,,,,
D008527,Medulloblastoma,Medulloblastoma,1,1,0,1,icd10|J45|both_sexes||,J45 Asthma,"CSA,EUR,MID",7.142857142857142,Medulloblastoma,phecode|530|both_sexes||,Diseases of esophagus,"EUR,MID",6.6,"Medulloblastomas, Desmoplastic",phecode|250|both_sexes||,Diabetes mellitus,"CSA,EUR",6.315789473684211,Adult Medulloblastoma,phecode|272|both_sexes||,Disorders of lipoid metabolism,"CSA,EUR",6.206896551724138,Desmoplastic Medulloblastoma,phecode|418|both_sexes||,Nonspecific chest pain,"CSA,EUR",6.122448979591837,Melanocytic Medulloblastoma,,,,
D008659,Metabolic Diseases,Metabolic Diseases,1,1,0,1,phecode|530|both_sexes||,Diseases of esophagus,"EUR,MID",52.628205128205124,"Diseases, Metabolic",phecode|411|both_sexes||,Ischemic Heart Disease,"CSA,EUR",49.71153846153846,Metabolic Disease,phecode|530.1|both_sexes||,"Esophagitis, GERD and related diseases","EUR,MID",46.59090909090909,Metabolic Diseases,icd10|I25|both_sexes||,I25 Chronic ischaemic heart disease,"CSA,EUR",46.375,Metabolic Disease,icd10|K21|both_sexes||,K21 Gastro-oesophageal reflux disease,"EUR,MID",46.1,Metabolic Disease,,,,
D009196,Myeloproliferative Disorders,Myeloproliferative Disorders,1,1,0,1,icd10|G47|both_sexes||,G47 Sleep disorders,"CSA,EUR",52.53875968992248,Myeloproliferative Disorders,phecode|327|both_sexes||,Sleep disorders,"CSA,EUR",52.53875968992248,Myeloproliferative Disorders,phecode|306|both_sexes||,Other mental disorder,"EAS,EUR",52.291666666666664,Myeloproliferative Disorder,phecode|317|both_sexes||,Alcohol-related disorders,"AFR,EUR",49.740566037735846,Myeloproliferative Disorders,phecode|272|both_sexes||,Disorders of lipoid metabolism,"CSA,EUR",49.008620689655174,"Disorders, Myeloproliferative",,,,
D009223,Myotonic Dystrophy,Myotonic Dystrophy,1,1,0,1,phecode|411|both_sexes||,Ischemic Heart Disease,"CSA,EUR",52.30263157894737,Steinert Disease,icd10|I25|both_sexes||,I25 Chronic ischaemic heart disease,"CSA,EUR",48.43617021276596,Steinert Disease,icd10|K21|both_sexes||,K21 Gastro-oesophageal reflux disease,"EUR,MID",47.45918367346939,Steinert Disease,icd10|J44|both_sexes||,J44 Other chronic obstructive pulmonary disease,"CSA,EUR",46.110169491525426,Steinert Disease,phecode|411.8|both_sexes||,"Other chronic ischemic heart disease, unspecified","CSA,EAS,EUR",46.0625,Steinert Disease,,,,
D009303,Nasopharyngeal Neoplasms,Nasopharyngeal Neoplasms,1,1,0,1,icd10|K21|both_sexes||,K21 Gastro-oesophageal reflux disease,"EUR,MID",8.035714285714285,Nasopharyngeal Neoplasm,phecode|530|both_sexes||,Diseases of esophagus,"EUR,MID",7.857142857142858,Cancer of Nasopharynx,phecode|594|both_sexes||,Urinary calculus,"CSA,EUR",7.7142857142857135,Nasopharynx Cancers,phecode|716.9|both_sexes||,Arthropathy NOS,"EAS,EUR",7.7142857142857135,Nasopharynx Neoplasm,phecode|594.1|both_sexes||,Calculus of kidney,"CSA,EUR",6.923076923076923,Cancer of Nasopharynx,,,,
D018307,"Neoplasms, Squamous Cell","Neoplasms, Squamous Cell",1,1,0,1,phecode|530|both_sexes||,Diseases of esophagus,"EUR,MID",6.428571428571428,"Cell Cancers, Squamous",phecode|250|both_sexes||,Diabetes mellitus,"CSA,EUR",6.315789473684211,"Cancers, Squamous Cell",phecode|594.1|both_sexes||,Calculus of kidney,"CSA,EUR",6.315789473684211,"Cancer, Squamous Cell",icd10|N20|both_sexes||,N20 Calculus of kidney and ureter,"CSA,EUR",6.122448979591837,Squamous Cell Cancer,icd10|I25|both_sexes||,I25 Chronic ischaemic heart disease,"CSA,EUR",5.88235294117647,"Cancer, Squamous Cell",,,,
D009437,Neuralgia,Neuralgia,1,1,0,1,phecode|760|both_sexes||,Back pain,"CSA,EUR",52.56666666666666,Neuropathic Pain,phecode|785|both_sexes||,Abdominal pain,"CSA,EUR",51.666666666666664,Nerve Pain,icd10|R07|both_sexes||,R07 Pain in throat and chest,"CSA,EUR",49.5,"Pain, Neuropathic",phecode|418|both_sexes||,Nonspecific chest pain,"CSA,EUR",48.75,Nerve Pain,phecode|716.9|both_sexes||,Arthropathy NOS,"EAS,EUR",8.4375,Neuropathic Pains,,,,
D018242,"Neuroectodermal Tumors, Primitive","Neuroectodermal Tumors, Primitive",1,1,0,1,icd10|K80|both_sexes||,K80 Cholelithiasis,"EAS,EUR",7.272727272727273,Medulloepitheliomas,phecode|574.1|both_sexes||,Cholelithiasis,"EAS,EUR",7.272727272727273,Medulloepitheliomas,icd10|J45|both_sexes||,J45 Asthma,"CSA,EUR,MID",7.142857142857142,Spongioblastoma,icd10|Z72|both_sexes||,Z72 Problems related to lifestyle,"AFR,EUR",6.5,"Neuroepithelial Tumor, Primitive",phecode|716.2|both_sexes||,Unspecified monoarthritis,"CSA,EAS,EUR,MID",6.428571428571428,"Neuroectodermal Tumor, Primitive",,,,
D065626,Non-alcoholic Fatty Liver Disease,Non-alcoholic Fatty Liver Disease,1,1,0,1,phecode|411|both_sexes||,Ischemic Heart Disease,"CSA,EUR",35.83333333333333,Nonalcoholic Fatty Liver Disease,icd10|I25|both_sexes||,I25 Chronic ischaemic heart disease,"CSA,EUR",28.392857142857142,Nonalcoholic Fatty Liver Disease,icd10|J44|both_sexes||,J44 Other chronic obstructive pulmonary disease,"CSA,EUR",28.125,Non alcoholic Fatty Liver Disease,phecode|411.8|both_sexes||,"Other chronic ischemic heart disease, unspecified","CSA,EAS,EUR",26.875,Nonalcoholic Fatty Liver Disease,icd10|K21|both_sexes||,K21 Gastro-oesophageal reflux disease,"EUR,MID",26.78846153846154,Nonalcoholic Fatty Liver Disease,,,,
D009293,Opioid-Related Disorders,Opioid-Related Disorders,1,1,1,0,phecode|317|both_sexes||,Alcohol-related disorders,"AFR,EUR",73.078231292517,Opioid Related Disorders,phecode|318|both_sexes||,Tobacco use disorder,"EAS,EUR",72.37179487179486,Opioid Use Disorder,icd10|F17|both_sexes||,F17 Mental and behavioural disorders due to use of tobacco,"EAS,EUR",57.836757990867575,"Disorder, Opioid Use",icd10|G47|both_sexes||,G47 Sleep disorders,"CSA,EUR",50.67857142857143,Opioid Use Disorders,phecode|327|both_sexes||,Sleep disorders,"CSA,EUR",50.67857142857143,Opioid Use Disorders,,,,
D016584,Panic Disorder,Panic Disorder,1,1,0,1,icd10|G47|both_sexes||,G47 Sleep disorders,"CSA,EUR",55.166666666666664,Panic Disorders,phecode|327|both_sexes||,Sleep disorders,"CSA,EUR",55.166666666666664,Panic Disorders,phecode|306|both_sexes||,Other mental disorder,"EAS,EUR",52.738095238095234,Panic Disorder,phecode|318|both_sexes||,Tobacco use disorder,"EAS,EUR",50.955882352941174,Panic Disorder,phecode|317|both_sexes||,Alcohol-related disorders,"AFR,EUR",50.25,Panic Disorders,,,,
D010493,Pericarditis,Pericarditis,1,1,0,1,phecode|496.2|both_sexes||,Chronic bronchitis,"CSA,EUR",8.0,Pericarditis,phecode|716.2|both_sexes||,Unspecified monoarthritis,"CSA,EAS,EUR,MID",7.297297297297297,Pericarditis,phecode|411|both_sexes||,Ischemic Heart Disease,"CSA,EUR",7.0588235294117645,Pericarditis,phecode|740|both_sexes||,Osteoarthrosis,"EUR,MID",6.923076923076923,Pericarditis,phecode|250.2|both_sexes||,Type 2 diabetes,"CSA,EUR",6.666666666666666,Pericarditis,,,,
D016491,Peripheral Vascular Diseases,Peripheral Vascular Diseases,1,1,0,1,phecode|530|both_sexes||,Diseases of esophagus,"EUR,MID",49.82142857142857,"Diseases, Peripheral Vascular",phecode|411|both_sexes||,Ischemic Heart Disease,"CSA,EUR",37.238095238095234,Peripheral Vascular Disease,icd10|K21|both_sexes||,K21 Gastro-oesophageal reflux disease,"EUR,MID",35.5,Peripheral Vascular Disease,icd10|J44|both_sexes||,J44 Other chronic obstructive pulmonary disease,"CSA,EUR",34.785714285714285,Peripheral Vascular Disease,icd10|Z86|both_sexes||,Z86 Personal history of certain other diseases,"EUR,MID",34.785714285714285,Peripheral Vascular Diseases,,,,
D000072861,"Phobia, Social","Phobia, Social",1,1,0,1,icd10|G47|both_sexes||,G47 Sleep disorders,"CSA,EUR",51.25,Social Anxiety Disorders,phecode|327|both_sexes||,Sleep disorders,"CSA,EUR",51.25,Social Anxiety Disorders,phecode|306|both_sexes||,Other mental disorder,"EAS,EUR",49.43181818181818,Social Anxiety Disorder,phecode|317|both_sexes||,Alcohol-related disorders,"AFR,EUR",37.85034013605442,Social Anxiety Disorders,icd10|M51|both_sexes||,M51 Other intervertebral disk disorders,"CSA,EUR",36.80225988700565,Social Anxiety Disorders,,,,
D010787,Photosensitivity Disorders,Photosensitivity Disorders,1,1,0,1,phecode|306|both_sexes||,Other mental disorder,"EAS,EUR",53.29710144927536,Photosensitivity Disorder,icd10|G47|both_sexes||,G47 Sleep disorders,"CSA,EUR",52.21544715447154,Photosensitivity Disorders,phecode|327|both_sexes||,Sleep disorders,"CSA,EUR",52.21544715447154,Photosensitivity Disorders,phecode|496.2|both_sexes||,Chronic bronchitis,"CSA,EUR",50.11363636363636,Chronic Actinic Dermatitis,phecode|318|both_sexes||,Tobacco use disorder,"EAS,EUR",49.916666666666664,Photosensitivity Disorder,,,,
D010916,Pityriasis Rubra Pilaris,Pityriasis Rubra Pilaris,1,1,0,1,phecode|530.1|both_sexes||,"Esophagitis, GERD and related diseases","EUR,MID",5.9016393442622945,Pityriasis Rubra Pilaris,icd10|M16|both_sexes||,M16 Coxarthrosis [arthrosis of hip],"CSA,EUR",5.660377358490567,Pityriasis Rubra Pilaris,phecode|960|both_sexes||,Poisoning by antibiotics,"CSA,EUR",5.625,Pityriasis Rubra Pilaris,icd10|M17|both_sexes||,M17 Gonarthrosis [arthrosis of knee],"EUR,MID",5.555555555555555,Pityriasis Rubra Pilaris,icd10|K80|both_sexes||,K80 Cholelithiasis,"EAS,EUR",5.526315789473684,Pityriasis Rubra Pilaris,,,,
D011085,Polycystic Ovary Syndrome,Polycystic Ovary Syndrome,1,1,1,0,phecode|411.4|both_sexes||,Coronary atherosclerosis,"CSA,EUR",9.285714285714286,"Ovary, Sclerocystic",phecode|306|both_sexes||,Other mental disorder,"EAS,EUR",8.0,Stein Leventhal Syndrome,phecode|411|both_sexes||,Ischemic Heart Disease,"CSA,EUR",7.857142857142858,Sclerocystic Ovaries,phecode|496.2|both_sexes||,Chronic bronchitis,"CSA,EUR",7.105263157894736,Sclerocystic Ovaries,icd10|R07|both_sexes||,R07 Pain in throat and chest,"CSA,EUR",6.875,Stein Leventhal Syndrome,,,,
D011087,Polycythemia Vera,Polycythemia Vera,1,1,1,0,phecode|411|both_sexes||,Ischemic Heart Disease,"CSA,EUR",36.52380952380952,Osler Vaquez Disease,icd10|K21|both_sexes||,K21 Gastro-oesophageal reflux disease,"EUR,MID",34.85849056603773,Osler Vaquez Disease,icd10|I25|both_sexes||,I25 Chronic ischaemic heart disease,"CSA,EUR",34.55882352941176,Osler Vaquez Disease,icd10|J44|both_sexes||,J44 Other chronic obstructive pulmonary disease,"CSA,EUR",34.166666666666664,Osler Vaquez Disease,phecode|411.8|both_sexes||,"Other chronic ischemic heart disease, unspecified","CSA,EAS,EUR",33.23529411764706,Osler Vaquez Disease,,,,
D054198,Precursor Cell Lymphoblastic Leukemia-Lymphoma,Precursor Cell Lymphoblastic Leukemia-Lymphoma,1,1,0,1,icd10|K44|both_sexes||,K44 Diaphragmatic hernia,"EUR,MID",7.142857142857142,Lymphoblastic Leukemia,phecode|550.2|both_sexes||,Diaphragmatic hernia,"CSA,EUR,MID",7.142857142857142,Lymphoblastic Leukemia,icd10|J45|both_sexes||,J45 Asthma,"CSA,EUR,MID",6.428571428571428,Lymphoblastic Lymphoma,icd10|I25|both_sexes||,I25 Chronic ischaemic heart disease,"CSA,EUR",6.315789473684211,"Lymphocytic Leukemia, Acute",phecode|327.3|both_sexes||,Sleep apnea,"CSA,EUR",6.1764705882352935,"Leukemia, Lymphoid, Acute",,,,
D055728,Primary Myelofibrosis,Primary Myelofibrosis,1,1,1,0,phecode|496.2|both_sexes||,Chronic bronchitis,"CSA,EUR",49.05,Chronic Idiopathic Myelofibrosis,icd10|I25|both_sexes||,I25 Chronic ischaemic heart disease,"CSA,EUR",35.59523809523809,Chronic Idiopathic Myelofibrosis,phecode|496.21|both_sexes||,Obstructive chronic bronchitis,"CSA,EUR",34.956989247311824,Chronic Idiopathic Myelofibrosis,phecode|411.8|both_sexes||,"Other chronic ischemic heart disease, unspecified","CSA,EAS,EUR",33.5,Chronic Idiopathic Myelofibrosis,icd10|J44|both_sexes||,J44 Other chronic obstructive pulmonary disease,"CSA,EUR",32.699999999999996,Chronic Idiopathic Myelofibrosis,,,,
D011470,Prostatic Hyperplasia,Prostatic Hyperplasia,1,1,1,0,phecode|716|both_sexes||,Other arthropathies,"EAS,EUR",9.285714285714286,Prostatic Hypertrophies,icd10|K44|both_sexes||,K44 Diaphragmatic hernia,"EUR,MID",8.780487804878048,Prostatic Hyperplasia,phecode|550.2|both_sexes||,Diaphragmatic hernia,"CSA,EUR,MID",8.780487804878048,Prostatic Hyperplasia,phecode|785|both_sexes||,Abdominal pain,"CSA,EUR",8.70967741935484,"Adenoma, Prostatic",phecode|401.1|both_sexes||,Essential hypertension,"CSA,EUR",8.4,"Prostatic Hypertrophy, Benign",,,,
D011628,"Puberty, Delayed","Puberty, Delayed",1,1,1,0,phecode|411|both_sexes||,Ischemic Heart Disease,"CSA,EUR",6.486486486486487,"Puberty, Delayed",icd10|E11|both_sexes||,E11 Non-insulin-dependent diabetes mellitus,"CSA,EUR",6.206896551724138,Delayed Puberty,icd10|E66|both_sexes||,E66 Obesity,"EUR,MID",6.206896551724138,Delayed Puberty,icd10|F17|both_sexes||,F17 Mental and behavioural disorders due to use of tobacco,"EAS,EUR",6.206896551724138,Delayed Puberty,icd10|F32|both_sexes||,F32 Depressive episode,"CSA,EUR",6.206896551724138,Delayed Puberty,,,,
D011655,Pulmonary Embolism,Pulmonary Embolism,1,1,1,0,icd10|J44|both_sexes||,J44 Other chronic obstructive pulmonary disease,"CSA,EUR",46.55882352941177,"Thromboembolism, Pulmonary",phecode|411.4|both_sexes||,Coronary atherosclerosis,"CSA,EUR",7.959183673469388,Pulmonary Thromboembolism,phecode|594|both_sexes||,Urinary calculus,"CSA,EUR",7.0588235294117645,Pulmonary Embolism,phecode|740|both_sexes||,Osteoarthrosis,"EUR,MID",6.923076923076923,Pulmonary Thromboembolism,phecode|716.2|both_sexes||,Unspecified monoarthritis,"CSA,EAS,EUR,MID",6.6,Pulmonary Thromboembolism,,,,
D012164,Retinal Diseases,Retinal Diseases,1,1,0,1,phecode|530|both_sexes||,Diseases of esophagus,"EUR,MID",53.085585585585584,"Diseases, Retinal",phecode|411|both_sexes||,Ischemic Heart Disease,"CSA,EUR",49.35810810810811,Retinal Disease,icd10|I25|both_sexes||,I25 Chronic ischaemic heart disease,"CSA,EUR",46.67391304347826,Retinal Disease,icd10|K21|both_sexes||,K21 Gastro-oesophageal reflux disease,"EUR,MID",46.375,Retinal Disease,phecode|530.1|both_sexes||,"Esophagitis, GERD and related diseases","EUR,MID",46.29245283018868,Retinal Diseases,,,,
D012170,Retinal Vein Occlusion,Retinal Vein Occlusion,1,1,0,1,icd10|I83|both_sexes||,I83 Varicose veins of lower extremities,"AFR,EUR",34.34210526315789,"Vein Occlusion, Retinal",phecode|454.1|both_sexes||,Varicose veins of lower extremity,"AFR,EUR",34.04545454545454,"Vein Occlusion, Retinal",phecode|401.1|both_sexes||,Essential hypertension,"CSA,EUR",8.181818181818182,Retinal Vein Occlusion,phecode|496.2|both_sexes||,Chronic bronchitis,"CSA,EUR",7.692307692307692,"Occlusion, Branch Vein",icd10|R07|both_sexes||,R07 Pain in throat and chest,"CSA,EUR",7.659574468085106,Retinal Vein Thromboses,,,,
D012208,Rhabdomyosarcoma,Rhabdomyosarcoma,1,1,0,1,phecode|550|both_sexes||,Abdominal hernia,"EAS,EUR",7.5,Rhabdomyosarcoma,phecode|785|both_sexes||,Abdominal pain,"CSA,EUR",7.0,Rhabdomyosarcoma,phecode|716.9|both_sexes||,Arthropathy NOS,"EAS,EUR",5.806451612903226,Rhabdomyosarcoma,phecode|740|both_sexes||,Osteoarthrosis,"EUR,MID",5.806451612903226,Rhabdomyosarcomas,phecode|594|both_sexes||,Urinary calculus,"CSA,EUR",5.454545454545455,Rhabdomyosarcomas,,,,
D012220,Rhinitis,Rhinitis,1,1,0,1,phecode|496.2|both_sexes||,Chronic bronchitis,"CSA,EUR",6.923076923076923,Rhinitis,phecode|716.9|both_sexes||,Arthropathy NOS,"EAS,EUR",6.428571428571428,"Catarrh, Nasal",phecode|740|both_sexes||,Osteoarthrosis,"EUR,MID",6.428571428571428,"Catarrhs, Nasal",phecode|411.4|both_sexes||,Coronary atherosclerosis,"CSA,EUR",6.315789473684211,Nasal Catarrhs,phecode|496.21|both_sexes||,Obstructive chronic bronchitis,"CSA,EUR",6.315789473684211,Rhinitis,,,,
D012507,Sarcoidosis,Sarcoidosis,1,1,0,1,phecode|411|both_sexes||,Ischemic Heart Disease,"CSA,EUR",50.48076923076923,Schaumann Disease,icd10|I25|both_sexes||,I25 Chronic ischaemic heart disease,"CSA,EUR",48.25,Schaumann Disease,icd10|K21|both_sexes||,K21 Gastro-oesophageal reflux disease,"EUR,MID",46.7,Schaumann Disease,phecode|411.8|both_sexes||,"Other chronic ischemic heart disease, unspecified","CSA,EAS,EUR",45.69047619047619,Boeck's Disease,icd10|J44|both_sexes||,J44 Other chronic obstructive pulmonary disease,"CSA,EUR",45.0,Schaumann Disease,,,,
D020178,"Sleep Disorders, Circadian Rhythm","Sleep Disorders, Circadian Rhythm",1,1,1,0,icd10|G47|both_sexes||,G47 Sleep disorders,"CSA,EUR",113.47560975609755,Shift-Work Sleep Disorders,phecode|327|both_sexes||,Sleep disorders,"CSA,EUR",113.47560975609755,Shift-Work Sleep Disorders,phecode|306|both_sexes||,Other mental disorder,"EAS,EUR",47.32608695652174,Shift Work Sleep Disorder,phecode|327.3|both_sexes||,Sleep apnea,"CSA,EUR",46.166666666666664,Sleep Wake Cycle Disorder,phecode|459|both_sexes||,Other disorders of circulatory system,"CSA,EUR",36.63043478260869,"Sleep Disorders, Circadian Rhythm",,,,
D055752,Small Cell Lung Carcinoma,Small Cell Lung Carcinoma,1,1,0,1,icd10|N20|both_sexes||,N20 Calculus of kidney and ureter,"CSA,EUR",6.470588235294118,Small Cell Lung Cancer,phecode|835|both_sexes||,Internal derangement of knee,"EUR,MID",6.315789473684211,Small Cell Cancer Of The Lung,icd10|R07|both_sexes||,R07 Pain in throat and chest,"CSA,EUR",6.122448979591837,"Carcinoma, Small Cell Lung",phecode|550|both_sexes||,Abdominal hernia,"EAS,EUR",5.853658536585366,"Carcinoma, Small Cell Lung",phecode|317|both_sexes||,Alcohol-related disorders,"AFR,EUR",5.74468085106383,Small Cell Lung Cancer,,,,
D058496,Smith-Magenis Syndrome,Smith-Magenis Syndrome,1,1,1,0,phecode|306|both_sexes||,Other mental disorder,"EAS,EUR",6.976744186046512,Smith Magenis Syndrome,icd10|K80|both_sexes||,K80 Cholelithiasis,"EAS,EUR",6.666666666666666,"Syndrome, Smith-Magenis",phecode|574.1|both_sexes||,Cholelithiasis,"EAS,EUR",6.666666666666666,"Syndrome, Smith-Magenis",phecode|411|both_sexes||,Ischemic Heart Disease,"CSA,EUR",6.136363636363637,Smith Magenis Syndrome,icd10|F32|both_sexes||,F32 Depressive episode,"CSA,EUR",6.0,Smith Magenis Syndrome,,,,
D013276,Stomach Ulcer,Stomach Ulcer,1,1,0,1,phecode|740|both_sexes||,Osteoarthrosis,"EUR,MID",7.5,Stomach Ulcers,icd10|K44|both_sexes||,K44 Diaphragmatic hernia,"EUR,MID",7.272727272727273,Gastric Ulcer,phecode|318|both_sexes||,Tobacco use disorder,"EAS,EUR",7.272727272727273,Stomach Ulcer,phecode|550.2|both_sexes||,Diaphragmatic hernia,"CSA,EUR,MID",7.272727272727273,Gastric Ulcer,icd10|E11|both_sexes||,E11 Non-insulin-dependent diabetes mellitus,"CSA,EUR",6.666666666666666,Gastric Ulcer,,,,
D019966,Substance-Related Disorders,Substance-Related Disorders,1,1,0,1,phecode|306|both_sexes||,Other mental disorder,"EAS,EUR",87.57142857142857,"Organic Mental Disorders, Substance Induced",phecode|317|both_sexes||,Alcohol-related disorders,"AFR,EUR",72.37179487179486,Substance-Related Disorders,phecode|318|both_sexes||,Tobacco use disorder,"EAS,EUR",72.26190476190476,Substance Use Disorder,icd10|F17|both_sexes||,F17 Mental and behavioural disorders due to use of tobacco,"EAS,EUR",58.42136150234741,"Disorder, Drug Use",icd10|G47|both_sexes||,G47 Sleep disorders,"CSA,EUR",52.15909090909091,Drug Use Disorders,,,,
D017180,"Tachycardia, Ventricular","Tachycardia, Ventricular",1,1,1,0,phecode|716|both_sexes||,Other arthropathies,"EAS,EUR",7.3584905660377355,"Ventricular Tachycardia, Idiopathic",icd10|K44|both_sexes||,K44 Diaphragmatic hernia,"EUR,MID",7.222222222222221,"Tachycardia, Idiopathic Ventricular",phecode|550.2|both_sexes||,Diaphragmatic hernia,"CSA,EUR,MID",7.222222222222221,"Tachycardia, Idiopathic Ventricular",phecode|411|both_sexes||,Ischemic Heart Disease,"CSA,EUR",6.842105263157895,Idiopathic Ventricular Tachycardias,phecode|401.1|both_sexes||,Essential hypertension,"CSA,EUR",6.73469387755102,Ventricular Tachyarrhythmia,,,,
D013625,Takayasu Arteritis,Takayasu Arteritis,1,1,0,1,phecode|411|both_sexes||,Ischemic Heart Disease,"CSA,EUR",49.71153846153846,Pulseless Disease,icd10|I25|both_sexes||,I25 Chronic ischaemic heart disease,"CSA,EUR",46.375,Pulseless Disease,icd10|K21|both_sexes||,K21 Gastro-oesophageal reflux disease,"EUR,MID",46.234693877551024,Takayasu Disease,icd10|J44|both_sexes||,J44 Other chronic obstructive pulmonary disease,"CSA,EUR",45.09322033898305,Takayasu Disease,phecode|411.8|both_sexes||,"Other chronic ischemic heart disease, unspecified","CSA,EAS,EUR",44.57692307692308,Pulseless Disease,,,,
D013924,Thrombophlebitis,Thrombophlebitis,1,1,1,0,phecode|496.2|both_sexes||,Chronic bronchitis,"CSA,EUR",8.823529411764707,Thrombophlebitis,phecode|716|both_sexes||,Other arthropathies,"EAS,EUR",7.297297297297297,Thrombophlebitides,phecode|496.21|both_sexes||,Obstructive chronic bronchitis,"CSA,EUR",7.173913043478261,Thrombophlebitis,icd10|E66|both_sexes||,E66 Obesity,"EUR,MID",6.521739130434782,Thrombophlebitis,icd10|K21|both_sexes||,K21 Gastro-oesophageal reflux disease,"EUR,MID",6.470588235294118,Thrombophlebitides,,,,
D001749,Urinary Bladder Neoplasms,Urinary Bladder Neoplasms,1,1,1,0,phecode|594|both_sexes||,Urinary calculus,"CSA,EUR",49.93421052631579,Urinary Bladder Cancer,phecode|411.4|both_sexes||,Coronary atherosclerosis,"CSA,EUR",7.959183673469388,Urinary Bladder Neoplasms,phecode|594.1|both_sexes||,Calculus of kidney,"CSA,EUR",7.7142857142857135,Cancer of Bladder,icd10|N20|both_sexes||,N20 Calculus of kidney and ureter,"CSA,EUR",7.173913043478261,Cancer of Bladder,phecode|306|both_sexes||,Other mental disorder,"EAS,EUR",6.857142857142857,"Cancer, Bladder",,,,
D014647,Varicose Ulcer,Varicose Ulcer,1,1,0,1,phecode|401|both_sexes||,Hypertension,"CSA,EUR",106.3963963963964,"Hypertension Ulcer, Venous",phecode|401.1|both_sexes||,Essential hypertension,"CSA,EUR",51.875,"Ulcers, Venous Hypertension",icd10|I83|both_sexes||,I83 Varicose veins of lower extremities,"AFR,EUR",47.3,Varicose Ulcers,phecode|454.1|both_sexes||,Varicose veins of lower extremity,"AFR,EUR",47.159574468085104,Varicose Ulcer,icd10|K80|both_sexes||,K80 Cholelithiasis,"EAS,EUR",8.076923076923077,"Ulcer, Stasis",,,,
D014657,Vasculitis,Vasculitis,1,1,0,1,icd10|K80|both_sexes||,K80 Cholelithiasis,"EAS,EUR",7.5,Vasculitis,phecode|574.1|both_sexes||,Cholelithiasis,"EAS,EUR",7.5,Vasculitis,phecode|594.1|both_sexes||,Calculus of kidney,"CSA,EUR",7.0,Vasculitides,phecode|496.2|both_sexes||,Chronic bronchitis,"CSA,EUR",6.923076923076923,Angiitis,icd10|G47|both_sexes||,G47 Sleep disorders,"CSA,EUR",6.666666666666666,Vasculitides,,,,
D014983,Xeroderma Pigmentosum,Xeroderma Pigmentosum,1,1,0,1,phecode|411|both_sexes||,Ischemic Heart Disease,"CSA,EUR",49.35810810810811,Kaposis Disease,icd10|I25|both_sexes||,I25 Chronic ischaemic heart disease,"CSA,EUR",46.67391304347826,Kaposis Disease,icd10|K21|both_sexes||,K21 Gastro-oesophageal reflux disease,"EUR,MID",46.234693877551024,Kaposi's Disease,phecode|411.8|both_sexes||,"Other chronic ischemic heart disease, unspecified","CSA,EAS,EUR",44.73809523809524,Kaposis Disease,icd10|J44|both_sexes||,J44 Other chronic obstructive pulmonary disease,"CSA,EUR",44.23684210526316,Kaposi Disease,,,,
D019896,alpha 1-Antitrypsin Deficiency,alpha 1-Antitrypsin Deficiency,1,1,1,0,phecode|785|both_sexes||,Abdominal pain,"CSA,EUR",6.136363636363637,"Deficiency, alpha 1-Antitrypsin",phecode|418|both_sexes||,Nonspecific chest pain,"CSA,EUR",6.111111111111111,"Deficiencies, alpha 1-Antitrypsin",phecode|960|both_sexes||,Poisoning by antibiotics,"CSA,EUR",6.111111111111111,"Deficiency, alpha 1-Antitrypsin",phecode|960.2|both_sexes||,Allergy/adverse effect of penicillin,"CSA,EUR",5.909090909090909,alpha 1 Antitrypsin Deficiency,phecode|401.1|both_sexes||,Essential hypertension,"CSA,EUR",5.769230769230769,"Deficiency, alpha 1-Antitrypsin",,,,
D014842,von Willebrand Diseases,von Willebrand Diseases,1,1,1,0,icd10|G47|both_sexes||,G47 Sleep disorders,"CSA,EUR",49.93421052631579,Von Willebrand Disorder,phecode|327|both_sexes||,Sleep disorders,"CSA,EUR",49.93421052631579,Von Willebrand Disorder,phecode|306|both_sexes||,Other mental disorder,"EAS,EUR",49.43181818181818,Von Willebrand Disorder,phecode|530|both_sexes||,Diseases of esophagus,"EUR,MID",46.70454545454545,von Willebrand Diseases,icd10|Z95|both_sexes||,Z95 Presence of cardiac and vascular implants and grafts,"CSA,EUR",44.17748917748918,"Pseudohemophilia, Vascular",,,,
