indication_mesh_id,indication_mesh_term,n_pairs,n_genes,n_A,n_B,has_exact_candidate,best_overall_score,binary_candidate_1,binary_candidate_2,binary_candidate_3,selected_panukb_phenotype_id,mapping_tier,mapping_rationale,reviewer_notes,exclude_reason,quantitative_candidate_1,quantitative_candidate_2
D009765,Obesity,31,31,4,27,False,79.5079365079365,"id=icd10|E66|both_sexes|| | type=icd10 | description=E66 Obesity | pops=EUR,MID | N_AFR=421 | N_CSA=362 | N_EUR=15917 | N_MID=79 | rank_score=79.5079365079365 | containment=1.0 | exact=False","id=categorical|1448|both_sexes|1| | type=categorical | description=Bread type | pops=EUR,MID | N_AFR=1820 | N_AMR=236 | N_CSA=2440 | N_EAS=872 | N_EUR=107422 | N_MID=386 | rank_score=12.435183909629426 | containment=0.0 | exact=False","id=categorical|1940|both_sexes|1940| | type=categorical | description=Irritability | pops=CSA,EUR | N_AFR=1110 | N_AMR=270 | N_CSA=1899 | N_EAS=558 | N_EUR=112713 | N_MID=458 | rank_score=11.509548206800186 | containment=0.0 | exact=False",,,,,,,
D001249,Asthma,29,29,4,25,False,79.0,"id=icd10|J45|both_sexes|| | type=icd10 | description=J45 Asthma | pops=CSA,EUR,MID | N_AFR=573 | N_AMR=64 | N_CSA=900 | N_EAS=149 | N_EUR=31030 | N_MID=139 | rank_score=79.0 | containment=1.0 | exact=False","id=categorical|6152|both_sexes|100| | type=categorical | description=Blood clot, DVT, bronchitis, emphysema, asthma, rhinitis, eczema, allergy diagnosed by doctor | pops=CSA,EUR | N_AFR=4236 | N_AMR=627 | N_CSA=5986 | N_EAS=1517 | N_EUR=285088 | N_MID=1121 | rank_score=53.14686359110521 | containment=1.0 | exact=False","id=categorical|6152|both_sexes|8| | type=categorical | description=Blood clot, DVT, bronchitis, emphysema, asthma, rhinitis, eczema, allergy diagnosed by doctor | pops=CSA,EUR | N_AFR=782 | N_AMR=103 | N_CSA=1041 | N_EAS=232 | N_EUR=48560 | N_MID=173 | rank_score=53.14686359110521 | containment=1.0 | exact=False",,,,,,"id=continuous|20153|both_sexes||irnt | type=continuous | description=Forced expiratory volume in 1-second (FEV1), predicted | pops=EUR,MID | N_AMR=138 | N_EUR=137532 | N_MID=130 | rank_score=47.30796586059744 | containment=1.0 | exact=False",
D003093,"Colitis, Ulcerative",26,26,2,24,False,12.02777777777778,"id=icd10|K80|both_sexes|| | type=icd10 | description=K80 Cholelithiasis | pops=EAS,EUR | N_AFR=120 | N_CSA=253 | N_EAS=67 | N_EUR=16983 | rank_score=12.02777777777778 | containment=0.0 | exact=False","id=categorical|20004|both_sexes|1477| | type=categorical | description=Operation code | pops=EUR,MID | N_AFR=557 | N_AMR=118 | N_CSA=666 | N_EAS=254 | N_EUR=21130 | N_MID=102 | rank_score=11.802356020942408 | containment=0.0 | exact=False","id=categorical|20004|both_sexes|1478| | type=categorical | description=Operation code | pops=AFR,EUR | N_AFR=129 | N_AMR=101 | N_CSA=233 | N_EAS=85 | N_EUR=65576 | N_MID=112 | rank_score=11.802356020942408 | containment=0.0 | exact=False",,,,,,,
D006949,Hyperlipidemias,22,22,4,18,False,12.655172413793103,"id=phecode|574.1|both_sexes|| | type=phecode | description=Cholelithiasis | pops=EAS,EUR | N_AFR=120 | N_CSA=255 | N_EAS=68 | N_EUR=17278 | rank_score=12.655172413793103 | containment=0.0 | exact=False","id=icd10|K80|both_sexes|| | type=icd10 | description=K80 Cholelithiasis | pops=EAS,EUR | N_AFR=120 | N_CSA=253 | N_EAS=67 | N_EUR=16983 | rank_score=12.519331243469177 | containment=0.0 | exact=False","id=phecode|250.2|both_sexes|| | type=phecode | description=Type 2 diabetes | pops=CSA,EUR | N_AFR=796 | N_CSA=1664 | N_EAS=152 | N_EUR=22768 | N_MID=170 | rank_score=12.333333333333334 | containment=0.0 | exact=False",,,,,,,
D029424,"Pulmonary Disease, Chronic Obstructive",20,20,3,17,False,82.15266106442577,"id=icd10|J44|both_sexes|| | type=icd10 | description=J44 Other chronic obstructive pulmonary disease | pops=CSA,EUR | N_AFR=74 | N_CSA=152 | N_EUR=11536 | rank_score=82.15266106442577 | containment=1.0 | exact=False","id=phecode|496.21|both_sexes|| | type=phecode | description=Obstructive chronic bronchitis | pops=CSA,EUR | N_AFR=74 | N_CSA=152 | N_EUR=11537 | rank_score=54.56716417910448 | containment=0.6666666666666666 | exact=False","id=phecode|496.2|both_sexes|| | type=phecode | description=Chronic bronchitis | pops=CSA,EUR | N_AFR=77 | N_CSA=156 | N_EUR=11764 | rank_score=41.72727272727273 | containment=0.5 | exact=False",,,,,,"id=continuous|20153|both_sexes||irnt | type=continuous | description=Forced expiratory volume in 1-second (FEV1), predicted | pops=EUR,MID | N_AMR=138 | N_EUR=137532 | N_MID=130 | rank_score=34.953438526277054 | containment=0.6666666666666666 | exact=False",
D003424,Crohn Disease,19,19,1,18,False,14.428571428571429,"id=phecode|411|both_sexes|| | type=phecode | description=Ischemic Heart Disease | pops=CSA,EUR | N_AFR=400 | N_AMR=69 | N_CSA=1374 | N_EAS=103 | N_EUR=37672 | N_MID=163 | rank_score=14.428571428571429 | containment=0.0 | exact=False","id=icd10|I25|both_sexes|| | type=icd10 | description=I25 Chronic ischaemic heart disease | pops=CSA,EUR | N_AFR=302 | N_AMR=52 | N_CSA=1205 | N_EAS=83 | N_EUR=31148 | N_MID=136 | rank_score=14.11111111111111 | containment=0.0 | exact=False","id=categorical|20117|both_sexes|0| | type=categorical | description=Alcohol drinker status | pops=AFR,CSA,EUR,MID | N_AFR=1011 | N_AMR=64 | N_CSA=3558 | N_EAS=555 | N_EUR=13195 | N_MID=469 | rank_score=13.285714285714285 | containment=0.0 | exact=False",,,,,,,
D006973,Hypertension,19,19,8,11,True,198.0,"id=phecode|401|both_sexes|| | type=phecode | description=Hypertension | pops=CSA,EUR | N_AFR=2037 | N_AMR=160 | N_CSA=2690 | N_EAS=431 | N_EUR=94311 | N_MID=348 | rank_score=198.0 | containment=1.0 | exact=True","id=phecode|401.1|both_sexes|| | type=phecode | description=Essential hypertension | pops=CSA,EUR | N_AFR=2026 | N_AMR=158 | N_CSA=2682 | N_EAS=431 | N_EUR=94062 | N_MID=346 | rank_score=77.11764705882354 | containment=1.0 | exact=False","id=categorical|20004|both_sexes|1477| | type=categorical | description=Operation code | pops=EUR,MID | N_AFR=557 | N_AMR=118 | N_CSA=666 | N_EAS=254 | N_EUR=21130 | N_MID=102 | rank_score=13.769230769230768 | containment=0.0 | exact=False",,,,,,,
D003924,"Diabetes Mellitus, Type 2",18,18,9,9,False,84.58536585365854,"id=phecode|250|both_sexes|| | type=phecode | description=Diabetes mellitus | pops=CSA,EUR | N_AFR=843 | N_CSA=1695 | N_EAS=154 | N_EUR=24348 | N_MID=175 | rank_score=84.58536585365854 | containment=1.0 | exact=False","id=phecode|250.2|both_sexes|| | type=phecode | description=Type 2 diabetes | pops=CSA,EUR | N_AFR=796 | N_CSA=1664 | N_EAS=152 | N_EUR=22768 | N_MID=170 | rank_score=76.2051282051282 | containment=1.0 | exact=False","id=icd10|E11|both_sexes|| | type=icd10 | description=E11 Non-insulin-dependent diabetes mellitus | pops=CSA,EUR | N_AFR=792 | N_CSA=1662 | N_EAS=152 | N_EUR=22634 | N_MID=170 | rank_score=53.29962967119291 | containment=0.6666666666666666 | exact=False",,,,,,,
D007249,Inflammation,18,18,1,17,False,13.81046788263283,"id=categorical|6138|both_sexes|100| | type=categorical | description=Qualifications | pops=AFR,CSA,EAS,EUR,MID | N_AFR=931 | N_AMR=130 | N_CSA=1412 | N_EAS=358 | N_EUR=73293 | N_MID=252 | rank_score=13.81046788263283 | containment=0.0 | exact=False","id=categorical|6138|both_sexes|2| | type=categorical | description=Qualifications | pops=EAS,EUR | N_AFR=880 | N_AMR=177 | N_CSA=1399 | N_EAS=416 | N_EUR=112131 | N_MID=272 | rank_score=13.81046788263283 | containment=0.0 | exact=False","id=categorical|6138|both_sexes|3| | type=categorical | description=Qualifications | pops=CSA,EUR,MID | N_AFR=2078 | N_AMR=250 | N_CSA=2398 | N_EAS=574 | N_EUR=195589 | N_MID=353 | rank_score=13.81046788263283 | containment=0.0 | exact=False",,,,,,,
D001943,Breast Neoplasms,16,16,2,14,False,31.167039143245137,"id=categorical|20111|both_sexes|1| | type=categorical | description=Illnesses of siblings | pops=AFR,EUR | N_AFR=233 | N_AMR=57 | N_CSA=1178 | N_EAS=191 | N_EUR=34434 | N_MID=132 | rank_score=31.167039143245137 | containment=0.5 | exact=False","id=categorical|20111|both_sexes|100| | type=categorical | description=Illnesses of siblings | pops=CSA,EUR | N_AFR=2911 | N_AMR=514 | N_CSA=3631 | N_EAS=1325 | N_EUR=223101 | N_MID=767 | rank_score=31.167039143245137 | containment=0.5 | exact=False","id=categorical|20111|both_sexes|101| | type=categorical | description=Illnesses of siblings | pops=AFR,EUR | N_AFR=4471 | N_AMR=635 | N_CSA=6489 | N_EAS=1930 | N_EUR=281648 | N_MID=1060 | rank_score=31.167039143245137 | containment=0.5 | exact=False",,,,,,,
D011471,Prostatic Neoplasms,16,16,1,15,False,12.88724453840733,"id=icd10|K44|both_sexes|| | type=icd10 | description=K44 Diaphragmatic hernia | pops=EUR,MID | N_AFR=326 | N_AMR=70 | N_CSA=660 | N_EAS=88 | N_EUR=33359 | N_MID=139 | rank_score=12.88724453840733 | containment=0.0 | exact=False","id=phecode|716.9|both_sexes|| | type=phecode | description=Arthropathy NOS | pops=EAS,EUR | N_AFR=605 | N_AMR=74 | N_CSA=880 | N_EAS=117 | N_EUR=41824 | N_MID=122 | rank_score=12.411764705882351 | containment=0.0 | exact=False","id=phecode|550.2|both_sexes|| | type=phecode | description=Diaphragmatic hernia | pops=CSA,EUR,MID | N_AFR=326 | N_AMR=70 | N_CSA=660 | N_EAS=88 | N_EUR=33482 | N_MID=139 | rank_score=12.230769230769232 | containment=0.0 | exact=False",,,,,,,
D001172,"Arthritis, Rheumatoid",15,15,3,12,False,71.39506172839506,"id=phecode|714|both_sexes|| | type=phecode | description=Rheumatoid arthritis and other inflammatory polyarthropathies | pops=CSA,EUR | N_AFR=109 | N_CSA=179 | N_EUR=6216 | rank_score=71.39506172839506 | containment=1.0 | exact=False","id=icd10|M16|both_sexes|| | type=icd10 | description=M16 Coxarthrosis [arthrosis of hip] | pops=CSA,EUR | N_AFR=71 | N_CSA=60 | N_EUR=14999 | rank_score=13.527192008879023 | containment=0.0 | exact=False","id=icd10|M17|both_sexes|| | type=icd10 | description=M17 Gonarthrosis [arthrosis of knee] | pops=EUR,MID | N_AFR=408 | N_CSA=595 | N_EAS=73 | N_EUR=24753 | N_MID=76 | rank_score=12.618736383442265 | containment=0.0 | exact=False",,,,,,,
D015179,Colorectal Neoplasms,14,14,0,14,False,12.411764705882351,"id=phecode|574.1|both_sexes|| | type=phecode | description=Cholelithiasis | pops=EAS,EUR | N_AFR=120 | N_CSA=255 | N_EAS=68 | N_EUR=17278 | rank_score=12.411764705882351 | containment=0.0 | exact=False","id=icd10|K80|both_sexes|| | type=icd10 | description=K80 Cholelithiasis | pops=EAS,EUR | N_AFR=120 | N_CSA=253 | N_EAS=67 | N_EUR=16983 | rank_score=12.303405572755418 | containment=0.0 | exact=False","id=categorical|1538|both_sexes|0| | type=categorical | description=Major dietary changes in the last 5 years | pops=CSA,EUR | N_AFR=2892 | N_AMR=473 | N_CSA=4511 | N_EAS=1726 | N_EUR=257507 | N_MID=855 | rank_score=12.061513009475108 | containment=0.0 | exact=False",,,,,,,
D006937,Hypercholesterolemia,14,14,3,11,False,14.193548387096776,"id=icd10|K80|both_sexes|| | type=icd10 | description=K80 Cholelithiasis | pops=EAS,EUR | N_AFR=120 | N_CSA=253 | N_EAS=67 | N_EUR=16983 | rank_score=13.185758513931887 | containment=0.0 | exact=False","id=phecode|401|both_sexes|| | type=phecode | description=Hypertension | pops=CSA,EUR | N_AFR=2037 | N_AMR=160 | N_CSA=2690 | N_EAS=431 | N_EUR=94311 | N_MID=348 | rank_score=13.0 | containment=0.0 | exact=False","id=phecode|574.1|both_sexes|| | type=phecode | description=Cholelithiasis | pops=EAS,EUR | N_AFR=120 | N_CSA=255 | N_EAS=68 | N_EUR=17278 | rank_score=12.411764705882351 | containment=0.0 | exact=False",,,,,,"id=biomarkers|30690|both_sexes||irnt | type=biomarkers | description=Cholesterol | pops=CSA,EUR | N_AFR=6212 | N_AMR=938 | N_CSA=8422 | N_EAS=2572 | N_EUR=400963 | N_MID=1500 | rank_score=14.193548387096776 | containment=0.0 | exact=False","id=biomarkers|30760|both_sexes||irnt | type=biomarkers | description=HDL cholesterol | pops=CSA,EUR | N_AFR=5754 | N_AMR=854 | N_CSA=7688 | N_EAS=2342 | N_EUR=367021 | N_MID=1364 | rank_score=13.714285714285715 | containment=0.0 | exact=False"
D015228,Hypertriglyceridemia,14,14,3,11,False,14.545454545454549,"id=icd10|Z86|both_sexes|| | type=icd10 | description=Z86 Personal history of certain other diseases | pops=EUR,MID | N_AFR=798 | N_AMR=131 | N_CSA=1069 | N_EAS=190 | N_EUR=64593 | N_MID=230 | rank_score=12.64349376114082 | containment=0.0 | exact=False","id=categorical|20004|both_sexes|1477| | type=categorical | description=Operation code | pops=EUR,MID | N_AFR=557 | N_AMR=118 | N_CSA=666 | N_EAS=254 | N_EUR=21130 | N_MID=102 | rank_score=12.463938618925832 | containment=0.0 | exact=False","id=categorical|20004|both_sexes|1478| | type=categorical | description=Operation code | pops=AFR,EUR | N_AFR=129 | N_AMR=101 | N_CSA=233 | N_EAS=85 | N_EUR=65576 | N_MID=112 | rank_score=12.463938618925832 | containment=0.0 | exact=False",,,,,,"id=biomarkers|30870|both_sexes||irnt | type=biomarkers | description=Triglycerides | pops=AFR,CSA,EUR,MID | N_AFR=6211 | N_AMR=937 | N_CSA=8415 | N_EAS=2570 | N_EUR=400639 | N_MID=1499 | rank_score=14.545454545454549 | containment=0.0 | exact=False",
D003920,Diabetes Mellitus,13,13,2,11,True,198.0,"id=phecode|250|both_sexes|| | type=phecode | description=Diabetes mellitus | pops=CSA,EUR | N_AFR=843 | N_CSA=1695 | N_EAS=154 | N_EUR=24348 | N_MID=175 | rank_score=198.0 | containment=1.0 | exact=True","id=icd10|E11|both_sexes|| | type=icd10 | description=E11 Non-insulin-dependent diabetes mellitus | pops=CSA,EUR | N_AFR=792 | N_CSA=1662 | N_EAS=152 | N_EUR=22634 | N_MID=170 | rank_score=70.94623655913978 | containment=1.0 | exact=False","id=phecode|250.2|both_sexes|| | type=phecode | description=Type 2 diabetes | pops=CSA,EUR | N_AFR=796 | N_CSA=1664 | N_EAS=152 | N_EUR=22768 | N_MID=170 | rank_score=45.5 | containment=0.5 | exact=False",,,,,,,
D003876,"Dermatitis, Atopic",12,12,2,10,False,12.1903073286052,"id=categorical|41200|both_sexes|J183| | type=categorical | description=Operative procedures - main OPCS4 | pops=CSA,EUR | N_AFR=91 | N_CSA=201 | N_EAS=54 | N_EUR=14065 | rank_score=12.1903073286052 | containment=0.0 | exact=False","id=icd10|K44|both_sexes|| | type=icd10 | description=K44 Diaphragmatic hernia | pops=EUR,MID | N_AFR=326 | N_AMR=70 | N_CSA=660 | N_EAS=88 | N_EUR=33359 | N_MID=139 | rank_score=12.09520062942565 | containment=0.0 | exact=False","id=categorical|20004|both_sexes|1477| | type=categorical | description=Operation code | pops=EUR,MID | N_AFR=557 | N_AMR=118 | N_CSA=666 | N_EAS=254 | N_EUR=21130 | N_MID=102 | rank_score=12.049740581998645 | containment=0.0 | exact=False",,,,,,,
D011565,Psoriasis,12,12,3,9,False,13.434782608695652,"id=phecode|574.1|both_sexes|| | type=phecode | description=Cholelithiasis | pops=EAS,EUR | N_AFR=120 | N_CSA=255 | N_EAS=68 | N_EUR=17278 | rank_score=13.434782608695652 | containment=0.0 | exact=False","id=phecode|740|both_sexes|| | type=phecode | description=Osteoarthrosis | pops=EUR,MID | N_AFR=423 | N_AMR=53 | N_CSA=547 | N_EAS=74 | N_EUR=36073 | N_MID=86 | rank_score=13.434782608695652 | containment=0.0 | exact=False","id=categorical|1210|both_sexes|1210| | type=categorical | description=Snoring | pops=CSA,EUR | N_AFR=3790 | N_AMR=561 | N_CSA=4634 | N_EAS=1511 | N_EUR=245268 | N_MID=854 | rank_score=13.0 | containment=0.0 | exact=False",,,,,,,
D000544,Alzheimer Disease,11,11,1,10,False,53.593477981154486,"id=categorical|20111|both_sexes|1| | type=categorical | description=Illnesses of siblings | pops=AFR,EUR | N_AFR=233 | N_AMR=57 | N_CSA=1178 | N_EAS=191 | N_EUR=34434 | N_MID=132 | rank_score=53.593477981154486 | containment=1.0 | exact=False","id=categorical|20111|both_sexes|100| | type=categorical | description=Illnesses of siblings | pops=CSA,EUR | N_AFR=2911 | N_AMR=514 | N_CSA=3631 | N_EAS=1325 | N_EUR=223101 | N_MID=767 | rank_score=53.593477981154486 | containment=1.0 | exact=False","id=categorical|20111|both_sexes|101| | type=categorical | description=Illnesses of siblings | pops=AFR,EUR | N_AFR=4471 | N_AMR=635 | N_CSA=6489 | N_EAS=1930 | N_EUR=281648 | N_MID=1060 | rank_score=53.593477981154486 | containment=1.0 | exact=False",,,,,,,
D000740,Anemia,11,11,4,7,False,12.411764705882351,"id=phecode|327.3|both_sexes|| | type=phecode | description=Sleep apnea | pops=CSA,EUR | N_AFR=127 | N_CSA=151 | N_EUR=5621 | rank_score=12.411764705882351 | containment=0.0 | exact=False","id=icd10|J45|both_sexes|| | type=icd10 | description=J45 Asthma | pops=CSA,EUR,MID | N_AFR=573 | N_AMR=64 | N_CSA=900 | N_EAS=149 | N_EUR=31030 | N_MID=139 | rank_score=11.5 | containment=0.0 | exact=False","id=phecode|785|both_sexes|| | type=phecode | description=Abdominal pain | pops=CSA,EUR | N_AFR=998 | N_AMR=141 | N_CSA=1237 | N_EAS=289 | N_EUR=47295 | N_MID=235 | rank_score=11.0 | containment=0.0 | exact=False",,,,,,,
D009369,Neoplasms,11,11,1,10,False,11.695652173913045,"id=phecode|574.1|both_sexes|| | type=phecode | description=Cholelithiasis | pops=EAS,EUR | N_AFR=120 | N_CSA=255 | N_EAS=68 | N_EUR=17278 | rank_score=11.695652173913045 | containment=0.0 | exact=False","id=phecode|740|both_sexes|| | type=phecode | description=Osteoarthrosis | pops=EUR,MID | N_AFR=423 | N_AMR=53 | N_CSA=547 | N_EAS=74 | N_EUR=36073 | N_MID=86 | rank_score=11.695652173913045 | containment=0.0 | exact=False","id=icd10|K80|both_sexes|| | type=icd10 | description=K80 Cholelithiasis | pops=EAS,EUR | N_AFR=120 | N_CSA=253 | N_EAS=67 | N_EUR=16983 | rank_score=11.276972624798711 | containment=0.0 | exact=False",,,,,,,
D001327,Autoimmune Diseases,10,10,0,10,False,43.5,"id=phecode|530|both_sexes|| | type=phecode | description=Diseases of esophagus | pops=EUR,MID | N_AFR=519 | N_AMR=95 | N_CSA=964 | N_EAS=151 | N_EUR=42944 | N_MID=172 | rank_score=43.5 | containment=0.5 | exact=False","id=icd10|Z86|both_sexes|| | type=icd10 | description=Z86 Personal history of certain other diseases | pops=EUR,MID | N_AFR=798 | N_AMR=131 | N_CSA=1069 | N_EAS=190 | N_EUR=64593 | N_MID=230 | rank_score=41.548951048951054 | containment=0.5 | exact=False","id=phecode|530.1|both_sexes|| | type=phecode | description=Esophagitis, GERD and related diseases | pops=EUR,MID | N_AFR=478 | N_AMR=87 | N_CSA=910 | N_EAS=139 | N_EUR=40018 | N_MID=157 | rank_score=41.5 | containment=0.5 | exact=False",,,,,,,
D008180,"Lupus Erythematosus, Systemic",10,10,0,10,False,11.403590944574551,"id=icd10|Z72|both_sexes|| | type=icd10 | description=Z72 Problems related to lifestyle | pops=AFR,EUR | N_AFR=230 | N_CSA=294 | N_EUR=21081 | N_MID=70 | rank_score=11.403590944574551 | containment=0.0 | exact=False","id=phecode|459|both_sexes|| | type=phecode | description=Other disorders of circulatory system | pops=CSA,EUR | N_AFR=354 | N_CSA=384 | N_EAS=54 | N_EUR=21420 | N_MID=54 | rank_score=11.0 | containment=0.0 | exact=False","id=icd10|M16|both_sexes|| | type=icd10 | description=M16 Coxarthrosis [arthrosis of hip] | pops=CSA,EUR | N_AFR=71 | N_CSA=60 | N_EUR=14999 | rank_score=10.747853239656518 | containment=0.0 | exact=False",,,,,,,
D013921,Thrombocytopenia,10,10,4,6,False,12.666666666666666,"id=icd10|K44|both_sexes|| | type=icd10 | description=K44 Diaphragmatic hernia | pops=EUR,MID | N_AFR=326 | N_AMR=70 | N_CSA=660 | N_EAS=88 | N_EUR=33359 | N_MID=139 | rank_score=12.666666666666666 | containment=0.0 | exact=False","id=icd10|K42|both_sexes|| | type=icd10 | description=K42 Umbilical hernia | pops=CSA,EUR | N_AFR=105 | N_CSA=90 | N_EUR=4511 | rank_score=12.444444444444445 | containment=0.0 | exact=False","id=phecode|550.2|both_sexes|| | type=phecode | description=Diaphragmatic hernia | pops=CSA,EUR,MID | N_AFR=326 | N_AMR=70 | N_CSA=660 | N_EAS=88 | N_EUR=33482 | N_MID=139 | rank_score=11.88888888888889 | containment=0.0 | exact=False",,,,,,"id=continuous|30190|both_sexes||irnt | type=continuous | description=Monocyte percentage | pops=CSA,EUR,MID | N_AFR=6262 | N_AMR=949 | N_CSA=8502 | N_EAS=2630 | N_EUR=407270 | N_MID=1546 | rank_score=10.807041299932294 | containment=0.0 | exact=False",
D013922,Thrombocytosis,10,10,2,8,False,14.25,"id=phecode|496.2|both_sexes|| | type=phecode | description=Chronic bronchitis | pops=CSA,EUR | N_AFR=77 | N_CSA=156 | N_EUR=11764 | rank_score=14.25 | containment=0.0 | exact=False","id=phecode|740|both_sexes|| | type=phecode | description=Osteoarthrosis | pops=EUR,MID | N_AFR=423 | N_AMR=53 | N_CSA=547 | N_EAS=74 | N_EUR=36073 | N_MID=86 | rank_score=13.0 | containment=0.0 | exact=False","id=phecode|716.9|both_sexes|| | type=phecode | description=Arthropathy NOS | pops=EAS,EUR | N_AFR=605 | N_AMR=74 | N_CSA=880 | N_EAS=117 | N_EUR=41824 | N_MID=122 | rank_score=12.655172413793103 | containment=0.0 | exact=False",,,,,,,
D015535,"Arthritis, Psoriatic",9,9,3,6,False,39.0,"id=phecode|714|both_sexes|| | type=phecode | description=Rheumatoid arthritis and other inflammatory polyarthropathies | pops=CSA,EUR | N_AFR=109 | N_CSA=179 | N_EUR=6216 | rank_score=39.0 | containment=0.5 | exact=False","id=phecode|716|both_sexes|| | type=phecode | description=Other arthropathies | pops=EAS,EUR | N_AFR=607 | N_AMR=74 | N_CSA=881 | N_EAS=117 | N_EUR=42030 | N_MID=123 | rank_score=12.473684210526317 | containment=0.0 | exact=False","id=phecode|716.9|both_sexes|| | type=phecode | description=Arthropathy NOS | pops=EAS,EUR | N_AFR=605 | N_AMR=74 | N_CSA=880 | N_EAS=117 | N_EUR=41824 | N_MID=122 | rank_score=12.411764705882351 | containment=0.0 | exact=False",,,,,,,
D050197,Atherosclerosis,9,9,1,8,False,78.38461538461539,"id=phecode|411.4|both_sexes|| | type=phecode | description=Coronary atherosclerosis | pops=CSA,EUR | N_AFR=191 | N_CSA=1028 | N_EAS=59 | N_EUR=23888 | N_MID=114 | rank_score=78.38461538461539 | containment=1.0 | exact=False","id=phecode|740|both_sexes|| | type=phecode | description=Osteoarthrosis | pops=EUR,MID | N_AFR=423 | N_AMR=53 | N_CSA=547 | N_EAS=74 | N_EUR=36073 | N_MID=86 | rank_score=14.03448275862069 | containment=0.0 | exact=False","id=phecode|496.2|both_sexes|| | type=phecode | description=Chronic bronchitis | pops=CSA,EUR | N_AFR=77 | N_CSA=156 | N_EUR=11764 | rank_score=12.696969696969695 | containment=0.0 | exact=False",,,,,,,
D015212,Inflammatory Bowel Diseases,9,9,0,9,False,39.66666666666666,"id=phecode|530|both_sexes|| | type=phecode | description=Diseases of esophagus | pops=EUR,MID | N_AFR=519 | N_AMR=95 | N_CSA=964 | N_EAS=151 | N_EUR=42944 | N_MID=172 | rank_score=39.66666666666666 | containment=0.5 | exact=False","id=categorical|20111|both_sexes|1| | type=categorical | description=Illnesses of siblings | pops=AFR,EUR | N_AFR=233 | N_AMR=57 | N_CSA=1178 | N_EAS=191 | N_EUR=34434 | N_MID=132 | rank_score=39.3564814239112 | containment=0.6666666666666666 | exact=False","id=categorical|20111|both_sexes|100| | type=categorical | description=Illnesses of siblings | pops=CSA,EUR | N_AFR=2911 | N_AMR=514 | N_CSA=3631 | N_EAS=1325 | N_EUR=223101 | N_MID=767 | rank_score=39.3564814239112 | containment=0.6666666666666666 | exact=False",,,,,,,
D065631,"Rhinitis, Allergic",9,9,1,8,False,34.42832564405017,"id=categorical|6152|both_sexes|100| | type=categorical | description=Blood clot, DVT, bronchitis, emphysema, asthma, rhinitis, eczema, allergy diagnosed by doctor | pops=CSA,EUR | N_AFR=4236 | N_AMR=627 | N_CSA=5986 | N_EAS=1517 | N_EUR=285088 | N_MID=1121 | rank_score=34.42832564405017 | containment=0.5 | exact=False","id=categorical|6152|both_sexes|8| | type=categorical | description=Blood clot, DVT, bronchitis, emphysema, asthma, rhinitis, eczema, allergy diagnosed by doctor | pops=CSA,EUR | N_AFR=782 | N_AMR=103 | N_CSA=1041 | N_EAS=232 | N_EUR=48560 | N_MID=173 | rank_score=34.42832564405017 | containment=0.5 | exact=False","id=categorical|4294|both_sexes|0| | type=categorical | description=Final attempt correct | pops=CSA,EUR | N_AFR=541 | N_AMR=61 | N_CSA=822 | N_EAS=166 | N_EUR=5328 | N_MID=110 | rank_score=11.822966507177034 | containment=0.0 | exact=False",,,,,,,
D006938,Hyperlipoproteinemia Type II,8,8,3,5,False,42.23076923076923,"id=categorical|1428|both_sexes|0| | type=categorical | description=Spread type | pops=CSA,EUR,MID | N_AFR=1170 | N_AMR=188 | N_CSA=1232 | N_EAS=564 | N_EUR=42617 | N_MID=492 | rank_score=42.23076923076923 | containment=0.5 | exact=False","id=categorical|1428|both_sexes|1| | type=categorical | description=Spread type | pops=EAS,EUR | N_AFR=2276 | N_AMR=392 | N_CSA=2611 | N_EAS=984 | N_EUR=152410 | N_MID=503 | rank_score=42.23076923076923 | containment=0.5 | exact=False","id=categorical|1468|both_sexes|2| | type=categorical | description=Cereal type | pops=EUR,MID | N_AFR=749 | N_AMR=88 | N_CSA=1365 | N_EAS=196 | N_EUR=62649 | N_MID=171 | rank_score=41.226867335562986 | containment=0.5 | exact=False",,,,,,,
D001008,Anxiety Disorders,7,7,1,6,False,49.25,"id=phecode|327|both_sexes|| | type=phecode | description=Sleep disorders | pops=CSA,EUR | N_AFR=141 | N_CSA=174 | N_EUR=6623 | N_MID=52 | rank_score=49.25 | containment=0.5 | exact=False","id=icd10|G47|both_sexes|| | type=icd10 | description=G47 Sleep disorders | pops=CSA,EUR | N_AFR=140 | N_CSA=173 | N_EUR=6557 | N_MID=52 | rank_score=46.83512544802867 | containment=0.5 | exact=False","id=phecode|317|both_sexes|| | type=phecode | description=Alcohol-related disorders | pops=AFR,EUR | N_AFR=129 | N_CSA=166 | N_EUR=16070 | rank_score=45.38095238095238 | containment=0.5 | exact=False",,,,,,"id=continuous|20520|both_sexes|| | type=continuous | description=Recent worrying too much about different things | pops=CSA,EUR | N_AFR=930 | N_CSA=1169 | N_EAS=589 | N_EUR=135794 | rank_score=29.48446327683616 | containment=0.5 | exact=False",
D009103,Multiple Sclerosis,7,7,0,7,False,13.476190476190476,"id=phecode|411.4|both_sexes|| | type=phecode | description=Coronary atherosclerosis | pops=CSA,EUR | N_AFR=191 | N_CSA=1028 | N_EAS=59 | N_EUR=23888 | N_MID=114 | rank_score=13.476190476190476 | containment=0.0 | exact=False","id=categorical|1418|both_sexes|1| | type=categorical | description=Milk type used | pops=EUR,MID | N_AFR=926 | N_AMR=96 | N_CSA=1593 | N_EAS=401 | N_EUR=26497 | N_MID=242 | rank_score=13.0 | containment=0.0 | exact=False","id=icd10|K42|both_sexes|| | type=icd10 | description=K42 Umbilical hernia | pops=CSA,EUR | N_AFR=105 | N_CSA=90 | N_EUR=4511 | rank_score=12.983552631578949 | containment=0.0 | exact=False",,,,,,,
D010051,Ovarian Neoplasms,7,7,0,7,False,12.50227716330514,"id=categorical|1538|both_sexes|0| | type=categorical | description=Major dietary changes in the last 5 years | pops=CSA,EUR | N_AFR=2892 | N_AMR=473 | N_CSA=4511 | N_EAS=1726 | N_EUR=257507 | N_MID=855 | rank_score=12.50227716330514 | containment=0.0 | exact=False","id=categorical|1538|both_sexes|1| | type=categorical | description=Major dietary changes in the last 5 years | pops=CSA,EUR | N_AFR=1260 | N_AMR=114 | N_CSA=1766 | N_EAS=236 | N_EUR=44564 | N_MID=288 | rank_score=12.50227716330514 | containment=0.0 | exact=False","id=categorical|1538|both_sexes|2| | type=categorical | description=Major dietary changes in the last 5 years | pops=EUR,MID | N_AFR=2352 | N_AMR=365 | N_CSA=2301 | N_EAS=655 | N_EUR=117438 | N_MID=420 | rank_score=12.50227716330514 | containment=0.0 | exact=False",,,,,,"id=continuous|1548|both_sexes|| | type=continuous | description=Variation in diet | pops=CSA,EUR,MID | N_AFR=6418 | N_AMR=950 | N_CSA=8309 | N_EAS=2517 | N_EUR=418883 | N_MID=1478 | rank_score=11.42156862745098 | containment=0.0 | exact=False",
D001281,Atrial Fibrillation,6,6,2,4,False,13.949741315594974,"id=categorical|6138|both_sexes|100| | type=categorical | description=Qualifications | pops=AFR,CSA,EAS,EUR,MID | N_AFR=931 | N_AMR=130 | N_CSA=1412 | N_EAS=358 | N_EUR=73293 | N_MID=252 | rank_score=13.949741315594974 | containment=0.0 | exact=False","id=categorical|6138|both_sexes|2| | type=categorical | description=Qualifications | pops=EAS,EUR | N_AFR=880 | N_AMR=177 | N_CSA=1399 | N_EAS=416 | N_EUR=112131 | N_MID=272 | rank_score=13.949741315594974 | containment=0.0 | exact=False","id=categorical|6138|both_sexes|3| | type=categorical | description=Qualifications | pops=CSA,EUR,MID | N_AFR=2078 | N_AMR=250 | N_CSA=2398 | N_EAS=574 | N_EUR=195589 | N_MID=353 | rank_score=13.949741315594974 | containment=0.0 | exact=False",,,,,,,
D057765,Eosinophilic Esophagitis,6,6,2,4,False,38.71311475409836,"id=phecode|530.1|both_sexes|| | type=phecode | description=Esophagitis, GERD and related diseases | pops=EUR,MID | N_AFR=478 | N_AMR=87 | N_CSA=910 | N_EAS=139 | N_EUR=40018 | N_MID=157 | rank_score=38.71311475409836 | containment=0.5 | exact=False","id=phecode|496.2|both_sexes|| | type=phecode | description=Chronic bronchitis | pops=CSA,EUR | N_AFR=77 | N_CSA=156 | N_EUR=11764 | rank_score=13.476190476190476 | containment=0.0 | exact=False","id=phecode|418|both_sexes|| | type=phecode | description=Nonspecific chest pain | pops=CSA,EUR | N_AFR=729 | N_AMR=90 | N_CSA=1267 | N_EAS=153 | N_EUR=33293 | N_MID=175 | rank_score=13.434782608695652 | containment=0.0 | exact=False",,,,,,"id=continuous|30150|both_sexes||irnt | type=continuous | description=Eosinophill count | pops=CSA,EUR | N_AFR=6262 | N_AMR=949 | N_CSA=8502 | N_EAS=2630 | N_EUR=407265 | N_MID=1546 | rank_score=13.621893965418527 | containment=0.0 | exact=False",
D007676,"Kidney Failure, Chronic",6,6,1,5,False,40.0,"id=phecode|496.2|both_sexes|| | type=phecode | description=Chronic bronchitis | pops=CSA,EUR | N_AFR=77 | N_CSA=156 | N_EUR=11764 | rank_score=40.0 | containment=0.5 | exact=False","id=phecode|594.1|both_sexes|| | type=phecode | description=Calculus of kidney | pops=CSA,EUR | N_CSA=106 | N_EUR=3758 | rank_score=39.0 | containment=0.5 | exact=False","id=icd10|N20|both_sexes|| | type=icd10 | description=N20 Calculus of kidney and ureter | pops=CSA,EUR | N_AFR=59 | N_CSA=154 | N_EUR=5530 | rank_score=32.282828282828284 | containment=0.3333333333333333 | exact=False",,,,,,"id=continuous|20153|both_sexes||irnt | type=continuous | description=Forced expiratory volume in 1-second (FEV1), predicted | pops=EUR,MID | N_AMR=138 | N_EUR=137532 | N_MID=130 | rank_score=35.339533293415336 | containment=0.6666666666666666 | exact=False",
D010300,Parkinson Disease,6,6,0,6,False,56.02308282120828,"id=categorical|20107|both_sexes|1| | type=categorical | description=Illnesses of father | pops=AFR,CSA,EAS,EUR | N_AFR=490 | N_AMR=206 | N_CSA=2401 | N_EAS=350 | N_EUR=121257 | N_MID=295 | rank_score=56.02308282120828 | containment=1.0 | exact=False","id=categorical|20107|both_sexes|100| | type=categorical | description=Illnesses of father | pops=CSA,EUR | N_AFR=2089 | N_AMR=322 | N_CSA=2434 | N_EAS=898 | N_EUR=136194 | N_MID=537 | rank_score=56.02308282120828 | containment=1.0 | exact=False","id=categorical|20107|both_sexes|101| | type=categorical | description=Illnesses of father | pops=AFR,EUR | N_AFR=3868 | N_AMR=585 | N_CSA=6296 | N_EAS=1797 | N_EUR=276893 | N_MID=1015 | rank_score=56.02308282120828 | containment=1.0 | exact=False",,,,,,,
D012859,Sjogren's Syndrome,6,6,1,5,False,12.203014386846313,"id=categorical|5001|both_sexes|5001| | type=categorical | description=FI7 : synonym | pops=CSA,EUR | N_AFR=744 | N_AMR=100 | N_CSA=838 | N_EAS=189 | N_EUR=85333 | N_MID=152 | rank_score=12.203014386846313 | containment=0.0 | exact=False","id=icd10|G47|both_sexes|| | type=icd10 | description=G47 Sleep disorders | pops=CSA,EUR | N_AFR=140 | N_CSA=173 | N_EUR=6557 | N_MID=52 | rank_score=12.130067567567568 | containment=0.0 | exact=False","id=categorical|20116|both_sexes|0| | type=categorical | description=Smoking status | pops=AFR,EAS,EUR | N_AFR=4595 | N_AMR=477 | N_CSA=6777 | N_EAS=1970 | N_EUR=227144 | N_MID=802 | rank_score=11.5 | containment=0.0 | exact=False",,,,,,,
D007319,Sleep Initiation and Maintenance Disorders,6,6,3,3,False,73.52631578947368,"id=phecode|327|both_sexes|| | type=phecode | description=Sleep disorders | pops=CSA,EUR | N_AFR=141 | N_CSA=174 | N_EUR=6623 | N_MID=52 | rank_score=73.52631578947368 | containment=1.0 | exact=False","id=icd10|G47|both_sexes|| | type=icd10 | description=G47 Sleep disorders | pops=CSA,EUR | N_AFR=140 | N_CSA=173 | N_EUR=6557 | N_MID=52 | rank_score=56.08606557377049 | containment=0.6666666666666666 | exact=False","id=phecode|327.3|both_sexes|| | type=phecode | description=Sleep apnea | pops=CSA,EUR | N_AFR=127 | N_CSA=151 | N_EUR=5621 | rank_score=37.5377358490566 | containment=0.5 | exact=False",,,,,,"id=continuous|1160|both_sexes|| | type=continuous | description=Sleep duration | pops=EUR,MID | N_AFR=6382 | N_AMR=959 | N_EAS=2631 | N_EUR=418009 | N_MID=1547 | rank_score=36.35714285714285 | containment=0.5 | exact=False",
D001714,Bipolar Disorder,5,5,3,2,False,15.903225806451612,"id=phecode|327|both_sexes|| | type=phecode | description=Sleep disorders | pops=CSA,EUR | N_AFR=141 | N_CSA=174 | N_EUR=6623 | N_MID=52 | rank_score=15.903225806451612 | containment=0.0 | exact=False","id=icd10|G47|both_sexes|| | type=icd10 | description=G47 Sleep disorders | pops=CSA,EUR | N_AFR=140 | N_CSA=173 | N_EUR=6557 | N_MID=52 | rank_score=15.428571428571429 | containment=0.0 | exact=False","id=phecode|318|both_sexes|| | type=phecode | description=Tobacco use disorder | pops=EAS,EUR | N_AFR=254 | N_CSA=275 | N_EAS=50 | N_EUR=14988 | N_MID=81 | rank_score=15.222222222222223 | containment=0.0 | exact=False",,,,,,,
D050171,Dyslipidemias,5,5,3,2,False,11.74074074074074,"id=icd10|F32|both_sexes|| | type=icd10 | description=F32 Depressive episode | pops=CSA,EUR | N_AFR=187 | N_CSA=277 | N_EUR=15674 | N_MID=76 | rank_score=11.74074074074074 | containment=0.0 | exact=False","id=phecode|327|both_sexes|| | type=phecode | description=Sleep disorders | pops=CSA,EUR | N_AFR=141 | N_CSA=174 | N_EUR=6623 | N_MID=52 | rank_score=11.571428571428571 | containment=0.0 | exact=False","id=phecode|272|both_sexes|| | type=phecode | description=Disorders of lipoid metabolism | pops=CSA,EUR | N_AFR=744 | N_AMR=86 | N_CSA=1800 | N_EAS=190 | N_EUR=44134 | N_MID=239 | rank_score=11.372093023255816 | containment=0.0 | exact=False",,,,,,"id=continuous|23104|both_sexes||irnt | type=continuous | description=Body mass index (BMI) | pops=CSA,EUR,MID | N_AFR=6458 | N_AMR=962 | N_CSA=8658 | N_EAS=2662 | N_EUR=413186 | N_MID=1535 | rank_score=11.01010101010101 | containment=0.0 | exact=False",
D016553,"Purpura, Thrombocytopenic, Idiopathic",5,5,1,4,False,11.516129032258064,"id=categorical|20003|both_sexes|1140865634| | type=categorical | description=Treatment/medication code | pops=CSA,EUR | N_AFR=352 | N_AMR=77 | N_CSA=636 | N_EAS=81 | N_EUR=24743 | N_MID=119 | rank_score=11.516129032258064 | containment=0.0 | exact=False","id=categorical|20003|both_sexes|1140866738| | type=categorical | description=Treatment/medication code | pops=CSA,EAS,EUR | N_AFR=227 | N_CSA=341 | N_EAS=58 | N_EUR=16428 | N_MID=59 | rank_score=11.516129032258064 | containment=0.0 | exact=False","id=categorical|20003|both_sexes|1140871310| | type=categorical | description=Treatment/medication code | pops=CSA,EAS,EUR | N_AFR=918 | N_AMR=181 | N_CSA=804 | N_EAS=208 | N_EUR=52343 | N_MID=196 | rank_score=11.516129032258064 | containment=0.0 | exact=False",,,,,,,
D051437,Renal Insufficiency,5,5,0,5,False,12.717294900221727,"id=categorical|6138|both_sexes|100| | type=categorical | description=Qualifications | pops=AFR,CSA,EAS,EUR,MID | N_AFR=931 | N_AMR=130 | N_CSA=1412 | N_EAS=358 | N_EUR=73293 | N_MID=252 | rank_score=12.717294900221727 | containment=0.0 | exact=False","id=categorical|6138|both_sexes|2| | type=categorical | description=Qualifications | pops=EAS,EUR | N_AFR=880 | N_AMR=177 | N_CSA=1399 | N_EAS=416 | N_EUR=112131 | N_MID=272 | rank_score=12.717294900221727 | containment=0.0 | exact=False","id=categorical|6138|both_sexes|3| | type=categorical | description=Qualifications | pops=CSA,EUR,MID | N_AFR=2078 | N_AMR=250 | N_CSA=2398 | N_EAS=574 | N_EUR=195589 | N_MID=353 | rank_score=12.717294900221727 | containment=0.0 | exact=False",,,,,,,
D012893,Sleep Wake Disorders,5,5,1,4,False,85.14285714285714,"id=phecode|327|both_sexes|| | type=phecode | description=Sleep disorders | pops=CSA,EUR | N_AFR=141 | N_CSA=174 | N_EUR=6623 | N_MID=52 | rank_score=85.14285714285714 | containment=1.0 | exact=False","id=icd10|G47|both_sexes|| | type=icd10 | description=G47 Sleep disorders | pops=CSA,EUR | N_AFR=140 | N_CSA=173 | N_EUR=6557 | N_MID=52 | rank_score=63.97285067873303 | containment=0.6666666666666666 | exact=False","id=phecode|327.3|both_sexes|| | type=phecode | description=Sleep apnea | pops=CSA,EUR | N_AFR=127 | N_CSA=151 | N_EUR=5621 | rank_score=43.32258064516129 | containment=0.5 | exact=False",,,,,,"id=continuous|1160|both_sexes|| | type=continuous | description=Sleep duration | pops=EUR,MID | N_AFR=6382 | N_AMR=959 | N_EAS=2631 | N_EUR=418009 | N_MID=1547 | rank_score=40.61165449786472 | containment=0.5 | exact=False",
D013927,Thrombosis,5,5,2,3,False,14.666666666666668,"id=phecode|740|both_sexes|| | type=phecode | description=Osteoarthrosis | pops=EUR,MID | N_AFR=423 | N_AMR=53 | N_CSA=547 | N_EAS=74 | N_EUR=36073 | N_MID=86 | rank_score=14.666666666666668 | containment=0.0 | exact=False","id=phecode|496.2|both_sexes|| | type=phecode | description=Chronic bronchitis | pops=CSA,EUR | N_AFR=77 | N_CSA=156 | N_EUR=11764 | rank_score=13.0 | containment=0.0 | exact=False","id=categorical|1920|both_sexes|1920| | type=categorical | description=Mood swings | pops=CSA,EUR,MID | N_AFR=3195 | N_AMR=416 | N_CSA=4200 | N_EAS=968 | N_EUR=185534 | N_MID=877 | rank_score=12.608197709463532 | containment=0.0 | exact=False",,,,,,,
D002318,Cardiovascular Diseases,4,4,0,4,False,42.77272727272727,"id=phecode|530|both_sexes|| | type=phecode | description=Diseases of esophagus | pops=EUR,MID | N_AFR=519 | N_AMR=95 | N_CSA=964 | N_EAS=151 | N_EUR=42944 | N_MID=172 | rank_score=42.77272727272727 | containment=0.5 | exact=False","id=phecode|530.1|both_sexes|| | type=phecode | description=Esophagitis, GERD and related diseases | pops=EUR,MID | N_AFR=478 | N_AMR=87 | N_CSA=910 | N_EAS=139 | N_EUR=40018 | N_MID=157 | rank_score=41.5 | containment=0.5 | exact=False","id=icd10|Z86|both_sexes|| | type=icd10 | description=Z86 Personal history of certain other diseases | pops=EUR,MID | N_AFR=798 | N_AMR=131 | N_CSA=1069 | N_EAS=190 | N_EUR=64593 | N_MID=230 | rank_score=39.96729338033686 | containment=0.5 | exact=False",,,,,,,
D003922,"Diabetes Mellitus, Type 1",4,4,0,4,False,84.58536585365854,"id=phecode|250|both_sexes|| | type=phecode | description=Diabetes mellitus | pops=CSA,EUR | N_AFR=843 | N_CSA=1695 | N_EAS=154 | N_EUR=24348 | N_MID=175 | rank_score=84.58536585365854 | containment=1.0 | exact=False","id=phecode|250.2|both_sexes|| | type=phecode | description=Type 2 diabetes | pops=CSA,EUR | N_AFR=796 | N_CSA=1664 | N_EAS=152 | N_EUR=22768 | N_MID=170 | rank_score=76.2051282051282 | containment=1.0 | exact=False","id=icd10|E11|both_sexes|| | type=icd10 | description=E11 Non-insulin-dependent diabetes mellitus | pops=CSA,EUR | N_AFR=792 | N_CSA=1662 | N_EAS=152 | N_EUR=22634 | N_MID=170 | rank_score=53.29962967119291 | containment=0.6666666666666666 | exact=False",,,,,,,
D006967,Hypersensitivity,4,4,0,4,False,15.857142857142858,"id=phecode|401|both_sexes|| | type=phecode | description=Hypertension | pops=CSA,EUR | N_AFR=2037 | N_AMR=160 | N_CSA=2690 | N_EAS=431 | N_EUR=94311 | N_MID=348 | rank_score=15.857142857142858 | containment=0.0 | exact=False","id=categorical|1950|both_sexes|1950| | type=categorical | description=Sensitivity / hurt feelings | pops=EUR,MID | N_AFR=2669 | N_AMR=497 | N_CSA=4901 | N_EAS=1142 | N_EUR=226844 | N_MID=875 | rank_score=13.900483688381188 | containment=0.0 | exact=False","id=categorical|1940|both_sexes|1940| | type=categorical | description=Irritability | pops=CSA,EUR | N_AFR=1110 | N_AMR=270 | N_CSA=1899 | N_EAS=558 | N_EUR=112713 | N_MID=458 | rank_score=13.212765957446807 | containment=0.0 | exact=False",,,,,,,
D008181,Lupus Nephritis,4,4,0,4,False,13.0,"id=phecode|716.2|both_sexes|| | type=phecode | description=Unspecified monoarthritis | pops=CSA,EAS,EUR,MID | N_AFR=341 | N_CSA=504 | N_EAS=63 | N_EUR=20094 | N_MID=63 | rank_score=13.0 | containment=0.0 | exact=False","id=phecode|558|both_sexes|| | type=phecode | description=Noninfectious gastroenteritis | pops=CSA,EUR | N_AFR=187 | N_CSA=416 | N_EAS=61 | N_EUR=17088 | N_MID=76 | rank_score=12.09090909090909 | containment=0.0 | exact=False","id=icd10|F32|both_sexes|| | type=icd10 | description=F32 Depressive episode | pops=CSA,EUR | N_AFR=187 | N_CSA=277 | N_EUR=15674 | N_MID=76 | rank_score=11.60205032618826 | containment=0.0 | exact=False",,,,,,,
D008269,Macular Edema,4,4,1,3,False,11.438003220611916,"id=icd10|N20|both_sexes|| | type=icd10 | description=N20 Calculus of kidney and ureter | pops=CSA,EUR | N_AFR=59 | N_CSA=154 | N_EUR=5530 | rank_score=11.438003220611916 | containment=0.0 | exact=False","id=categorical|6151|both_sexes|7| | type=categorical | description=Fractured bone site(s) | pops=AFR,CSA,EAS,EUR | N_AFR=176 | N_CSA=226 | N_EAS=64 | N_EUR=21833 | N_MID=57 | rank_score=11.28337104072398 | containment=0.0 | exact=False","id=phecode|411|both_sexes|| | type=phecode | description=Ischemic Heart Disease | pops=CSA,EUR | N_AFR=400 | N_AMR=69 | N_CSA=1374 | N_EAS=103 | N_EUR=37672 | N_MID=163 | rank_score=11.0 | containment=0.0 | exact=False",,,,,,"id=continuous|30050|both_sexes||irnt | type=continuous | description=Mean corpuscular haemoglobin | pops=CSA,EUR | N_AFR=6281 | N_AMR=950 | N_CSA=8532 | N_EAS=2632 | N_EUR=407992 | N_MID=1548 | rank_score=10.740946045824094 | containment=0.0 | exact=False",
D008545,Melanoma,4,4,0,4,False,11.421052631578949,"id=phecode|327.3|both_sexes|| | type=phecode | description=Sleep apnea | pops=CSA,EUR | N_AFR=127 | N_CSA=151 | N_EUR=5621 | rank_score=11.421052631578949 | containment=0.0 | exact=False","id=categorical|20004|both_sexes|1477| | type=categorical | description=Operation code | pops=EUR,MID | N_AFR=557 | N_AMR=118 | N_CSA=666 | N_EAS=254 | N_EUR=21130 | N_MID=102 | rank_score=10.308251251412887 | containment=0.0 | exact=False","id=categorical|20004|both_sexes|1478| | type=categorical | description=Operation code | pops=AFR,EUR | N_AFR=129 | N_AMR=101 | N_CSA=233 | N_EAS=85 | N_EUR=65576 | N_MID=112 | rank_score=10.308251251412887 | containment=0.0 | exact=False",,,,,,,
D009503,Neutropenia,4,4,2,2,False,12.12121212121212,"id=phecode|558|both_sexes|| | type=phecode | description=Noninfectious gastroenteritis | pops=CSA,EUR | N_AFR=187 | N_CSA=416 | N_EAS=61 | N_EUR=17088 | N_MID=76 | rank_score=12.0 | containment=0.0 | exact=False","id=phecode|550|both_sexes|| | type=phecode | description=Abdominal hernia | pops=EAS,EUR | N_AFR=617 | N_AMR=112 | N_EAS=128 | N_EUR=56668 | N_MID=224 | rank_score=11.88888888888889 | containment=0.0 | exact=False","id=phecode|716|both_sexes|| | type=phecode | description=Other arthropathies | pops=EAS,EUR | N_AFR=607 | N_AMR=74 | N_CSA=881 | N_EAS=117 | N_EUR=42030 | N_MID=123 | rank_score=11.0 | containment=0.0 | exact=False",,,,,,"id=continuous|30200|both_sexes||irnt | type=continuous | description=Neutrophill percentage | pops=CSA,EUR,MID | N_AFR=6262 | N_AMR=949 | N_CSA=8502 | N_EAS=2630 | N_EUR=407282 | N_MID=1546 | rank_score=12.12121212121212 | containment=0.0 | exact=False","id=continuous|30140|both_sexes||irnt | type=continuous | description=Neutrophill count | pops=CSA,EUR,MID | N_AFR=6262 | N_AMR=949 | N_CSA=8502 | N_EAS=2630 | N_EUR=407265 | N_MID=1546 | rank_score=11.928571428571429 | containment=0.0 | exact=False"
D012559,Schizophrenia,4,4,1,3,False,12.75975975975976,"id=icd10|K44|both_sexes|| | type=icd10 | description=K44 Diaphragmatic hernia | pops=EUR,MID | N_AFR=326 | N_AMR=70 | N_CSA=660 | N_EAS=88 | N_EUR=33359 | N_MID=139 | rank_score=12.75975975975976 | containment=0.0 | exact=False","id=phecode|550.2|both_sexes|| | type=phecode | description=Diaphragmatic hernia | pops=CSA,EUR,MID | N_AFR=326 | N_AMR=70 | N_CSA=660 | N_EAS=88 | N_EUR=33482 | N_MID=139 | rank_score=12.696969696969695 | containment=0.0 | exact=False","id=phecode|401|both_sexes|| | type=phecode | description=Hypertension | pops=CSA,EUR | N_AFR=2037 | N_AMR=160 | N_CSA=2690 | N_EAS=431 | N_EUR=94311 | N_MID=348 | rank_score=12.6 | containment=0.0 | exact=False",,,,,,,
D013167,"Spondylitis, Ankylosing",4,4,0,4,False,12.77159656264134,"id=categorical|2040|both_sexes|2040| | type=categorical | description=Risk taking | pops=CSA,EUR | N_AFR=2523 | N_AMR=402 | N_CSA=3058 | N_EAS=701 | N_EUR=104809 | N_MID=564 | rank_score=12.77159656264134 | containment=0.0 | exact=False","id=icd10|M17|both_sexes|| | type=icd10 | description=M17 Gonarthrosis [arthrosis of knee] | pops=EUR,MID | N_AFR=408 | N_CSA=595 | N_EAS=73 | N_EUR=24753 | N_MID=76 | rank_score=11.69047619047619 | containment=0.0 | exact=False","id=categorical|1950|both_sexes|1950| | type=categorical | description=Sensitivity / hurt feelings | pops=EUR,MID | N_AFR=2669 | N_AMR=497 | N_CSA=4901 | N_EAS=1142 | N_EUR=226844 | N_MID=875 | rank_score=11.634095087995798 | containment=0.0 | exact=False",,,,,,,
D014029,Tobacco Use Disorder,4,4,1,3,True,198.0,"id=phecode|318|both_sexes|| | type=phecode | description=Tobacco use disorder | pops=EAS,EUR | N_AFR=254 | N_CSA=275 | N_EAS=50 | N_EUR=14988 | N_MID=81 | rank_score=198.0 | containment=1.0 | exact=True","id=icd10|F17|both_sexes|| | type=icd10 | description=F17 Mental and behavioural disorders due to use of tobacco | pops=EAS,EUR | N_AFR=254 | N_CSA=275 | N_EAS=50 | N_EUR=14937 | N_MID=81 | rank_score=63.12443438914027 | containment=1.0 | exact=False","id=categorical|20002|both_sexes|1065| | type=categorical | description=Non-cancer illness code, self-reported | pops=CSA,EAS,EUR | N_AFR=2519 | N_AMR=203 | N_CSA=2564 | N_EAS=563 | N_EUR=109307 | N_MID=374 | rank_score=34.32645803698436 | containment=0.5 | exact=False",,,,,,"id=continuous|1239|both_sexes|| | type=continuous | description=Current tobacco smoking | pops=AFR,CSA,EUR,MID | N_AFR=6572 | N_CSA=8706 | N_EAS=2662 | N_EUR=420087 | N_MID=1570 | rank_score=40.60667340748231 | containment=0.5 | exact=False","id=continuous|1249|both_sexes|| | type=continuous | description=Past tobacco smoking | pops=AFR,EUR | N_AFR=6008 | N_AMR=872 | N_CSA=8143 | N_EAS=2498 | N_EUR=386575 | N_MID=1369 | rank_score=40.33755274261603 | containment=0.5 | exact=False"
D020246,Venous Thrombosis,4,4,2,2,False,14.612903225806452,"id=phecode|740|both_sexes|| | type=phecode | description=Osteoarthrosis | pops=EUR,MID | N_AFR=423 | N_AMR=53 | N_CSA=547 | N_EAS=74 | N_EUR=36073 | N_MID=86 | rank_score=14.612903225806452 | containment=0.0 | exact=False","id=phecode|411.4|both_sexes|| | type=phecode | description=Coronary atherosclerosis | pops=CSA,EUR | N_AFR=191 | N_CSA=1028 | N_EAS=59 | N_EUR=23888 | N_MID=114 | rank_score=12.75609756097561 | containment=0.0 | exact=False","id=phecode|558|both_sexes|| | type=phecode | description=Noninfectious gastroenteritis | pops=CSA,EUR | N_AFR=187 | N_CSA=416 | N_EAS=61 | N_EUR=17088 | N_MID=76 | rank_score=11.695652173913045 | containment=0.0 | exact=False",,,,,,,
D058186,Acute Kidney Injury,3,3,0,3,False,43.81081081081081,"id=phecode|594.1|both_sexes|| | type=phecode | description=Calculus of kidney | pops=CSA,EUR | N_CSA=106 | N_EUR=3758 | rank_score=43.81081081081081 | containment=0.5 | exact=False","id=icd10|N20|both_sexes|| | type=icd10 | description=N20 Calculus of kidney and ureter | pops=CSA,EUR | N_AFR=59 | N_CSA=154 | N_EUR=5530 | rank_score=35.28438228438228 | containment=0.3333333333333333 | exact=False","id=categorical|6145|both_sexes|1| | type=categorical | description=Illness, injury, bereavement, stress in last 2 years | pops=EUR,MID | N_AFR=749 | N_AMR=107 | N_CSA=974 | N_EAS=183 | N_EUR=38628 | N_MID=187 | rank_score=27.3146961754999 | containment=0.3333333333333333 | exact=False",,,,,,,
D001778,Blood Coagulation Disorders,3,3,0,3,False,43.47619047619048,"id=phecode|327|both_sexes|| | type=phecode | description=Sleep disorders | pops=CSA,EUR | N_AFR=141 | N_CSA=174 | N_EUR=6623 | N_MID=52 | rank_score=43.47619047619048 | containment=0.5 | exact=False","id=phecode|317|both_sexes|| | type=phecode | description=Alcohol-related disorders | pops=AFR,EUR | N_AFR=129 | N_CSA=166 | N_EUR=16070 | rank_score=36.30769230769231 | containment=0.3333333333333333 | exact=False","id=icd10|G47|both_sexes|| | type=icd10 | description=G47 Sleep disorders | pops=CSA,EUR | N_AFR=140 | N_CSA=173 | N_EUR=6557 | N_MID=52 | rank_score=34.54082714740191 | containment=0.3333333333333333 | exact=False",,,,,,"id=continuous|4080|both_sexes||irnt | type=continuous | description=Systolic blood pressure, automated reading | pops=CSA,EAS,EUR | N_AFR=6551 | N_AMR=959 | N_CSA=8641 | N_EAS=2600 | N_EUR=396663 | N_MID=1541 | rank_score=27.30498979252718 | containment=0.3333333333333333 | exact=False",
D005901,Glaucoma,3,3,0,3,False,10.575757575757574,"id=icd10|J45|both_sexes|| | type=icd10 | description=J45 Asthma | pops=CSA,EUR,MID | N_AFR=573 | N_AMR=64 | N_CSA=900 | N_EAS=149 | N_EUR=31030 | N_MID=139 | rank_score=10.575757575757574 | containment=0.0 | exact=False","id=phecode|785|both_sexes|| | type=phecode | description=Abdominal pain | pops=CSA,EUR | N_AFR=998 | N_AMR=141 | N_CSA=1237 | N_EAS=289 | N_EUR=47295 | N_MID=235 | rank_score=10.272727272727272 | containment=0.0 | exact=False","id=phecode|760|both_sexes|| | type=phecode | description=Back pain | pops=CSA,EUR | N_AFR=426 | N_CSA=536 | N_EAS=59 | N_EUR=17794 | N_MID=96 | rank_score=10.058823529411764 | containment=0.0 | exact=False",,,,,,,
D005923,"Glomerulosclerosis, Focal Segmental",3,3,0,3,False,11.96551724137931,"id=phecode|411.4|both_sexes|| | type=phecode | description=Coronary atherosclerosis | pops=CSA,EUR | N_AFR=191 | N_CSA=1028 | N_EAS=59 | N_EUR=23888 | N_MID=114 | rank_score=11.96551724137931 | containment=0.0 | exact=False","id=icd10|M17|both_sexes|| | type=icd10 | description=M17 Gonarthrosis [arthrosis of knee] | pops=EUR,MID | N_AFR=408 | N_CSA=595 | N_EAS=73 | N_EUR=24753 | N_MID=76 | rank_score=11.897058823529411 | containment=0.0 | exact=False","id=categorical|2020|both_sexes|2020| | type=categorical | description=Loneliness, isolation | pops=AFR,EUR | N_AFR=1634 | N_AMR=241 | N_CSA=2200 | N_EAS=461 | N_EUR=74098 | N_MID=427 | rank_score=11.308148148148147 | containment=0.0 | exact=False",,,,,,,
D006467,Hemophilia A,3,3,3,0,False,13.0,"id=phecode|550.4|both_sexes|| | type=phecode | description=Umbilical hernia | pops=CSA,EUR | N_AFR=105 | N_CSA=90 | N_EUR=4541 | rank_score=13.0 | containment=0.0 | exact=False","id=icd10|K42|both_sexes|| | type=icd10 | description=K42 Umbilical hernia | pops=CSA,EUR | N_AFR=105 | N_CSA=90 | N_EUR=4511 | rank_score=12.51923076923077 | containment=0.0 | exact=False","id=categorical|1707|both_sexes|1| | type=categorical | description=Handedness (chirality/laterality) | pops=CSA,EUR | N_AFR=6038 | N_AMR=880 | N_CSA=7976 | N_EAS=2450 | N_EUR=373044 | N_MID=1435 | rank_score=10.886304909560724 | containment=0.0 | exact=False",,,,,,,
D008107,Liver Diseases,3,3,0,3,False,44.64285714285714,"id=phecode|530|both_sexes|| | type=phecode | description=Diseases of esophagus | pops=EUR,MID | N_AFR=519 | N_AMR=95 | N_CSA=964 | N_EAS=151 | N_EUR=42944 | N_MID=172 | rank_score=44.64285714285714 | containment=0.5 | exact=False","id=phecode|530.1|both_sexes|| | type=phecode | description=Esophagitis, GERD and related diseases | pops=EUR,MID | N_AFR=478 | N_AMR=87 | N_CSA=910 | N_EAS=139 | N_EUR=40018 | N_MID=157 | rank_score=40.91176470588236 | containment=0.5 | exact=False","id=icd10|Z86|both_sexes|| | type=icd10 | description=Z86 Personal history of certain other diseases | pops=EUR,MID | N_AFR=798 | N_AMR=131 | N_CSA=1069 | N_EAS=190 | N_EUR=64593 | N_MID=230 | rank_score=40.23809523809524 | containment=0.5 | exact=False",,,,,,,
D024821,Metabolic Syndrome,3,3,0,3,False,68.55594869526759,"id=categorical|5001|both_sexes|5001| | type=categorical | description=FI7 : synonym | pops=CSA,EUR | N_AFR=744 | N_AMR=100 | N_CSA=838 | N_EAS=189 | N_EUR=85333 | N_MID=152 | rank_score=13.648549897236812 | containment=0.0 | exact=False","id=categorical|20003|both_sexes|1140865634| | type=categorical | description=Treatment/medication code | pops=CSA,EUR | N_AFR=352 | N_AMR=77 | N_CSA=636 | N_EAS=81 | N_EUR=24743 | N_MID=119 | rank_score=11.62607099143207 | containment=0.0 | exact=False","id=categorical|20003|both_sexes|1140866738| | type=categorical | description=Treatment/medication code | pops=CSA,EAS,EUR | N_AFR=227 | N_CSA=341 | N_EAS=58 | N_EUR=16428 | N_MID=59 | rank_score=11.62607099143207 | containment=0.0 | exact=False",,,,,,"id=continuous|23105|both_sexes||irnt | type=continuous | description=Basal metabolic rate | pops=AFR,CSA,EUR | N_AFR=6458 | N_AMR=962 | N_CSA=8658 | N_EAS=2662 | N_EUR=413178 | N_MID=1535 | rank_score=68.55594869526759 | containment=1.0 | exact=False",
D008881,Migraine Disorders,3,3,2,1,False,48.83333333333333,"id=phecode|327|both_sexes|| | type=phecode | description=Sleep disorders | pops=CSA,EUR | N_AFR=141 | N_CSA=174 | N_EUR=6623 | N_MID=52 | rank_score=48.83333333333333 | containment=0.5 | exact=False","id=icd10|G47|both_sexes|| | type=icd10 | description=G47 Sleep disorders | pops=CSA,EUR | N_AFR=140 | N_CSA=173 | N_EUR=6557 | N_MID=52 | rank_score=47.847972972972975 | containment=0.5 | exact=False","id=phecode|317|both_sexes|| | type=phecode | description=Alcohol-related disorders | pops=AFR,EUR | N_AFR=129 | N_CSA=166 | N_EUR=16070 | rank_score=45.093023255813954 | containment=0.5 | exact=False",,,,,,,
D009298,Nasal Polyps,3,3,0,3,False,11.695652173913045,"id=categorical|1468|both_sexes|2| | type=categorical | description=Cereal type | pops=EUR,MID | N_AFR=749 | N_AMR=88 | N_CSA=1365 | N_EAS=196 | N_EUR=62649 | N_MID=171 | rank_score=11.695652173913045 | containment=0.0 | exact=False","id=categorical|1468|both_sexes|4| | type=categorical | description=Cereal type | pops=EUR,MID | N_AFR=586 | N_AMR=138 | N_CSA=866 | N_EAS=332 | N_EUR=70931 | N_MID=213 | rank_score=11.695652173913045 | containment=0.0 | exact=False","id=phecode|594|both_sexes|| | type=phecode | description=Urinary calculus | pops=CSA,EUR | N_AFR=90 | N_CSA=206 | N_EUR=7593 | N_MID=54 | rank_score=11.571428571428571 | containment=0.0 | exact=False",,,,,,,
D010024,Osteoporosis,3,3,1,2,False,18.384615384615387,"id=phecode|740|both_sexes|| | type=phecode | description=Osteoarthrosis | pops=EUR,MID | N_AFR=423 | N_AMR=53 | N_CSA=547 | N_EAS=74 | N_EUR=36073 | N_MID=86 | rank_score=18.384615384615387 | containment=0.0 | exact=False","id=icd10|G47|both_sexes|| | type=icd10 | description=G47 Sleep disorders | pops=CSA,EUR | N_AFR=140 | N_CSA=173 | N_EUR=6557 | N_MID=52 | rank_score=11.89578163771712 | containment=0.0 | exact=False","id=phecode|327|both_sexes|| | type=phecode | description=Sleep disorders | pops=CSA,EUR | N_AFR=141 | N_CSA=174 | N_EUR=6623 | N_MID=52 | rank_score=11.88888888888889 | containment=0.0 | exact=False",,,,,,,
D011618,Psychotic Disorders,3,3,1,2,False,48.44117647058823,"id=phecode|327|both_sexes|| | type=phecode | description=Sleep disorders | pops=CSA,EUR | N_AFR=141 | N_CSA=174 | N_EUR=6623 | N_MID=52 | rank_score=48.44117647058823 | containment=0.5 | exact=False","id=icd10|G47|both_sexes|| | type=icd10 | description=G47 Sleep disorders | pops=CSA,EUR | N_AFR=140 | N_CSA=173 | N_EUR=6557 | N_MID=52 | rank_score=46.09409888357257 | containment=0.5 | exact=False","id=phecode|317|both_sexes|| | type=phecode | description=Alcohol-related disorders | pops=AFR,EUR | N_AFR=129 | N_CSA=166 | N_EUR=16070 | rank_score=45.72727272727273 | containment=0.5 | exact=False",,,,,,,
D018805,Sepsis,3,3,0,3,False,13.0,"id=phecode|740|both_sexes|| | type=phecode | description=Osteoarthrosis | pops=EUR,MID | N_AFR=423 | N_AMR=53 | N_CSA=547 | N_EAS=74 | N_EUR=36073 | N_MID=86 | rank_score=13.0 | containment=0.0 | exact=False","id=phecode|327|both_sexes|| | type=phecode | description=Sleep disorders | pops=CSA,EUR | N_AFR=141 | N_CSA=174 | N_EUR=6623 | N_MID=52 | rank_score=12.523809523809524 | containment=0.0 | exact=False","id=icd10|G47|both_sexes|| | type=icd10 | description=G47 Sleep disorders | pops=CSA,EUR | N_AFR=140 | N_CSA=173 | N_EUR=6557 | N_MID=52 | rank_score=11.5 | containment=0.0 | exact=False",,,,,,,
D012852,Sinusitis,3,3,0,3,False,12.55984970477724,"id=categorical|20116|both_sexes|0| | type=categorical | description=Smoking status | pops=AFR,EAS,EUR | N_AFR=4595 | N_AMR=477 | N_CSA=6777 | N_EAS=1970 | N_EUR=227144 | N_MID=802 | rank_score=12.55984970477724 | containment=0.0 | exact=False","id=categorical|20116|both_sexes|1| | type=categorical | description=Smoking status | pops=AFR,EUR | N_AFR=1131 | N_AMR=341 | N_CSA=1082 | N_EAS=454 | N_EUR=148481 | N_MID=485 | rank_score=12.55984970477724 | containment=0.0 | exact=False","id=categorical|20116|both_sexes|2| | type=categorical | description=Smoking status | pops=AFR,CSA,EUR,MID | N_AFR=806 | N_AMR=144 | N_CSA=773 | N_EAS=225 | N_EUR=43192 | N_MID=276 | rank_score=12.55984970477724 | containment=0.0 | exact=False",,,,,,,
D013274,Stomach Neoplasms,3,3,0,3,False,13.0,"id=phecode|716.9|both_sexes|| | type=phecode | description=Arthropathy NOS | pops=EAS,EUR | N_AFR=605 | N_AMR=74 | N_CSA=880 | N_EAS=117 | N_EUR=41824 | N_MID=122 | rank_score=13.0 | containment=0.0 | exact=False","id=icd10|K80|both_sexes|| | type=icd10 | description=K80 Cholelithiasis | pops=EAS,EUR | N_AFR=120 | N_CSA=253 | N_EAS=67 | N_EUR=16983 | rank_score=12.290322580645162 | containment=0.0 | exact=False","id=phecode|574.1|both_sexes|| | type=phecode | description=Cholelithiasis | pops=EAS,EUR | N_AFR=120 | N_CSA=255 | N_EAS=68 | N_EUR=17278 | rank_score=12.032258064516128 | containment=0.0 | exact=False",,,,,,,
D020521,Stroke,3,3,0,3,False,53.052630121816165,"id=categorical|20107|both_sexes|1| | type=categorical | description=Illnesses of father | pops=AFR,CSA,EAS,EUR | N_AFR=490 | N_AMR=206 | N_CSA=2401 | N_EAS=350 | N_EUR=121257 | N_MID=295 | rank_score=53.052630121816165 | containment=1.0 | exact=False","id=categorical|20107|both_sexes|100| | type=categorical | description=Illnesses of father | pops=CSA,EUR | N_AFR=2089 | N_AMR=322 | N_CSA=2434 | N_EAS=898 | N_EUR=136194 | N_MID=537 | rank_score=53.052630121816165 | containment=1.0 | exact=False","id=categorical|20107|both_sexes|101| | type=categorical | description=Illnesses of father | pops=AFR,EUR | N_AFR=3868 | N_AMR=585 | N_CSA=6296 | N_EAS=1797 | N_EUR=276893 | N_MID=1015 | rank_score=53.052630121816165 | containment=1.0 | exact=False",,,,,,,
D013494,"Supranuclear Palsy, Progressive",3,3,0,3,False,11.616734143049934,"id=categorical|2010|both_sexes|2010| | type=categorical | description=Suffer from 'nerves' | pops=CSA,EUR,MID | N_AFR=924 | N_AMR=186 | N_CSA=1604 | N_EAS=446 | N_EUR=86065 | N_MID=289 | rank_score=11.616734143049934 | containment=0.0 | exact=False","id=icd10|Z95|both_sexes|| | type=icd10 | description=Z95 Presence of cardiac and vascular implants and grafts | pops=CSA,EUR | N_AFR=104 | N_CSA=636 | N_EUR=15774 | N_MID=67 | rank_score=11.350951374207188 | containment=0.0 | exact=False","id=categorical|41200|both_sexes|J183| | type=categorical | description=Operative procedures - main OPCS4 | pops=CSA,EUR | N_AFR=91 | N_CSA=201 | N_EAS=54 | N_EUR=14065 | rank_score=10.98353135809896 | containment=0.0 | exact=False",,,,,,,
D013789,Thalassemia,3,3,0,3,False,11.096551724137932,"id=icd10|K80|both_sexes|| | type=icd10 | description=K80 Cholelithiasis | pops=EAS,EUR | N_AFR=120 | N_CSA=253 | N_EAS=67 | N_EUR=16983 | rank_score=11.096551724137932 | containment=0.0 | exact=False","id=phecode|574.1|both_sexes|| | type=phecode | description=Cholelithiasis | pops=EAS,EUR | N_AFR=120 | N_CSA=255 | N_EAS=68 | N_EUR=17278 | rank_score=11.0 | containment=0.0 | exact=False","id=categorical|4293|both_sexes|3| | type=categorical | description=PM: final answer | pops=CSA,EUR | N_AFR=3230 | N_AMR=374 | N_CSA=4520 | N_EAS=1009 | N_EUR=132509 | N_MID=591 | rank_score=10.692307692307692 | containment=0.0 | exact=False",,,,,,,
D000437,Alcoholism,2,2,0,2,False,14.25,"id=categorical|20117|both_sexes|0| | type=categorical | description=Alcohol drinker status | pops=AFR,CSA,EUR,MID | N_AFR=1011 | N_AMR=64 | N_CSA=3558 | N_EAS=555 | N_EUR=13195 | N_MID=469 | rank_score=14.25 | containment=0.0 | exact=False","id=categorical|20117|both_sexes|1| | type=categorical | description=Alcohol drinker status | pops=EUR,MID | N_AFR=344 | N_CSA=472 | N_EAS=118 | N_EUR=14616 | N_MID=111 | rank_score=14.25 | containment=0.0 | exact=False","id=categorical|20117|both_sexes|2| | type=categorical | description=Alcohol drinker status | pops=AFR,CSA,EUR,MID | N_AFR=5189 | N_AMR=868 | N_CSA=4618 | N_EAS=1983 | N_EUR=392125 | N_MID=979 | rank_score=14.25 | containment=0.0 | exact=False",,,,,,"id=biomarkers|30680|both_sexes||irnt | type=biomarkers | description=Calcium | pops=CSA,EUR | N_AFR=5758 | N_AMR=856 | N_CSA=7697 | N_EAS=2344 | N_EUR=367050 | N_MID=1361 | rank_score=11.764705882352942 | containment=0.0 | exact=False",
D000755,"Anemia, Sickle Cell",2,2,0,2,False,30.270078180525942,,,,,,,,,"id=continuous|30270|both_sexes||irnt | type=continuous | description=Mean sphered cell volume | pops=AFR,CSA,EUR | N_AFR=6108 | N_AMR=926 | N_CSA=8315 | N_EAS=2582 | N_EUR=401345 | N_MID=1518 | rank_score=30.270078180525942 | containment=0.3333333333333333 | exact=False","id=continuous|30000|both_sexes||irnt | type=continuous | description=White blood cell (leukocyte) count | pops=CSA,EUR | N_AFR=6281 | N_AMR=950 | N_CSA=8532 | N_EAS=2632 | N_EUR=407990 | N_MID=1548 | rank_score=25.720078546882668 | containment=0.3333333333333333 | exact=False"
D002289,"Carcinoma, Non-Small-Cell Lung",2,2,1,1,False,27.9147465437788,"id=categorical|20002|both_sexes|1065| | type=categorical | description=Non-cancer illness code, self-reported | pops=CSA,EAS,EUR | N_AFR=2519 | N_AMR=203 | N_CSA=2564 | N_EAS=563 | N_EUR=109307 | N_MID=374 | rank_score=22.34236515573563 | containment=0.2 | exact=False","id=categorical|20002|both_sexes|1074| | type=categorical | description=Non-cancer illness code, self-reported | pops=CSA,EUR | N_AFR=150 | N_CSA=494 | N_EUR=13408 | N_MID=72 | rank_score=22.34236515573563 | containment=0.2 | exact=False","id=categorical|20002|both_sexes|1111| | type=categorical | description=Non-cancer illness code, self-reported | pops=CSA,EUR | N_AFR=795 | N_AMR=106 | N_CSA=1083 | N_EAS=238 | N_EUR=48865 | N_MID=176 | rank_score=22.34236515573563 | containment=0.2 | exact=False",,,,,,"id=continuous|NAP|both_sexes||irnt | type=continuous | description=Non-albumin protein | pops=CSA,EAS,EUR | N_AFR=5765 | N_AMR=858 | N_CSA=7707 | N_EAS=2344 | N_EUR=368642 | N_MID=1367 | rank_score=27.9147465437788 | containment=0.3333333333333333 | exact=False","id=continuous|30270|both_sexes||irnt | type=continuous | description=Mean sphered cell volume | pops=AFR,CSA,EUR | N_AFR=6108 | N_AMR=926 | N_CSA=8315 | N_EAS=2582 | N_EUR=401345 | N_MID=1518 | rank_score=24.95315549772284 | containment=0.25 | exact=False"
D003863,Depression,2,2,1,1,False,54.70802315963606,"id=categorical|20111|both_sexes|1| | type=categorical | description=Illnesses of siblings | pops=AFR,EUR | N_AFR=233 | N_AMR=57 | N_CSA=1178 | N_EAS=191 | N_EUR=34434 | N_MID=132 | rank_score=54.70802315963606 | containment=1.0 | exact=False","id=categorical|20111|both_sexes|100| | type=categorical | description=Illnesses of siblings | pops=CSA,EUR | N_AFR=2911 | N_AMR=514 | N_CSA=3631 | N_EAS=1325 | N_EUR=223101 | N_MID=767 | rank_score=54.70802315963606 | containment=1.0 | exact=False","id=categorical|20111|both_sexes|101| | type=categorical | description=Illnesses of siblings | pops=AFR,EUR | N_AFR=4471 | N_AMR=635 | N_CSA=6489 | N_EAS=1930 | N_EUR=281648 | N_MID=1060 | rank_score=54.70802315963606 | containment=1.0 | exact=False",,,,,,,
D003865,"Depressive Disorder, Major",2,2,1,1,False,47.129841789416254,"id=icd10|F32|both_sexes|| | type=icd10 | description=F32 Depressive episode | pops=CSA,EUR | N_AFR=187 | N_CSA=277 | N_EUR=15674 | N_MID=76 | rank_score=47.129841789416254 | containment=0.5 | exact=False","id=categorical|1538|both_sexes|0| | type=categorical | description=Major dietary changes in the last 5 years | pops=CSA,EUR | N_AFR=2892 | N_AMR=473 | N_CSA=4511 | N_EAS=1726 | N_EUR=257507 | N_MID=855 | rank_score=34.307245386192754 | containment=0.5 | exact=False","id=categorical|1538|both_sexes|1| | type=categorical | description=Major dietary changes in the last 5 years | pops=CSA,EUR | N_AFR=1260 | N_AMR=114 | N_CSA=1766 | N_EAS=236 | N_EUR=44564 | N_MID=288 | rank_score=34.307245386192754 | containment=0.5 | exact=False",,,,,,"id=continuous|20519|both_sexes|| | type=continuous | description=Recent feelings of tiredness or low energy | pops=CSA,EUR | N_AFR=934 | N_AMR=251 | N_CSA=1177 | N_EAS=593 | N_EUR=136086 | N_MID=280 | rank_score=30.04234701931003 | containment=0.5 | exact=False","id=continuous|20508|both_sexes|| | type=continuous | description=Recent trouble concentrating on things | pops=CSA,EUR | N_AFR=935 | N_CSA=1179 | N_EAS=594 | N_EUR=136161 | N_MID=282 | rank_score=27.424055829228244 | containment=0.5 | exact=False"
D017719,Diabetic Foot,2,2,0,2,False,13.666666666666666,"id=phecode|250|both_sexes|| | type=phecode | description=Diabetes mellitus | pops=CSA,EUR | N_AFR=843 | N_CSA=1695 | N_EAS=154 | N_EUR=24348 | N_MID=175 | rank_score=13.666666666666666 | containment=0.0 | exact=False","id=categorical|4294|both_sexes|0| | type=categorical | description=Final attempt correct | pops=CSA,EUR | N_AFR=541 | N_AMR=61 | N_CSA=822 | N_EAS=166 | N_EUR=5328 | N_MID=110 | rank_score=12.215686274509803 | containment=0.0 | exact=False","id=categorical|2443|both_sexes|2443| | type=categorical | description=Diabetes diagnosed by doctor | pops=CSA,EUR | N_AFR=777 | N_CSA=1554 | N_EAS=159 | N_EUR=20294 | N_MID=175 | rank_score=11.812642145714062 | containment=0.0 | exact=False",,,,,,,
D004700,Endocrine System Diseases,2,2,0,2,False,39.95652173913044,"id=phecode|530|both_sexes|| | type=phecode | description=Diseases of esophagus | pops=EUR,MID | N_AFR=519 | N_AMR=95 | N_CSA=964 | N_EAS=151 | N_EUR=42944 | N_MID=172 | rank_score=39.95652173913044 | containment=0.5 | exact=False","id=icd10|Z86|both_sexes|| | type=icd10 | description=Z86 Personal history of certain other diseases | pops=EUR,MID | N_AFR=798 | N_AMR=131 | N_CSA=1069 | N_EAS=190 | N_EUR=64593 | N_MID=230 | rank_score=33.40164061290822 | containment=0.3333333333333333 | exact=False","id=phecode|530.1|both_sexes|| | type=phecode | description=Esophagitis, GERD and related diseases | pops=EUR,MID | N_AFR=478 | N_AMR=87 | N_CSA=910 | N_EAS=139 | N_EUR=40018 | N_MID=157 | rank_score=33.32258064516129 | containment=0.3333333333333333 | exact=False",,,,,,,
D004827,Epilepsy,2,2,2,0,False,11.695652173913045,"id=phecode|327|both_sexes|| | type=phecode | description=Sleep disorders | pops=CSA,EUR | N_AFR=141 | N_CSA=174 | N_EUR=6623 | N_MID=52 | rank_score=11.695652173913045 | containment=0.0 | exact=False","id=icd10|G47|both_sexes|| | type=icd10 | description=G47 Sleep disorders | pops=CSA,EUR | N_AFR=140 | N_CSA=173 | N_EUR=6557 | N_MID=52 | rank_score=11.316498316498317 | containment=0.0 | exact=False","id=phecode|716|both_sexes|| | type=phecode | description=Other arthropathies | pops=EAS,EUR | N_AFR=607 | N_AMR=74 | N_CSA=881 | N_EAS=117 | N_EUR=42030 | N_MID=123 | rank_score=10.407407407407408 | containment=0.0 | exact=False",,,,,,,
D004829,"Epilepsy, Generalized",2,2,2,0,False,11.723640399556048,"id=icd10|Z72|both_sexes|| | type=icd10 | description=Z72 Problems related to lifestyle | pops=AFR,EUR | N_AFR=230 | N_CSA=294 | N_EUR=21081 | N_MID=70 | rank_score=11.723640399556048 | containment=0.0 | exact=False","id=categorical|1707|both_sexes|1| | type=categorical | description=Handedness (chirality/laterality) | pops=CSA,EUR | N_AFR=6038 | N_AMR=880 | N_CSA=7976 | N_EAS=2450 | N_EUR=373044 | N_MID=1435 | rank_score=11.54243795420266 | containment=0.0 | exact=False","id=categorical|1707|both_sexes|2| | type=categorical | description=Handedness (chirality/laterality) | pops=EAS,EUR,MID | N_AFR=413 | N_AMR=63 | N_CSA=509 | N_EAS=133 | N_EUR=40185 | N_MID=108 | rank_score=11.54243795420266 | containment=0.0 | exact=False",,,,,,,
D057180,Frontotemporal Dementia,2,2,0,2,False,30.498125234345707,"id=categorical|20110|both_sexes|100| | type=categorical | description=Illnesses of mother | pops=AFR,CSA,EUR | N_AFR=1814 | N_AMR=365 | N_CSA=2579 | N_EAS=922 | N_EUR=160672 | N_MID=583 | rank_score=30.498125234345707 | containment=0.5 | exact=False","id=categorical|20110|both_sexes|8| | type=categorical | description=Illnesses of mother | pops=AFR,EUR | N_AFR=3097 | N_AMR=310 | N_CSA=3163 | N_EAS=966 | N_EUR=118286 | N_MID=528 | rank_score=30.498125234345707 | containment=0.5 | exact=False","id=categorical|20110|both_sexes|9| | type=categorical | description=Illnesses of mother | pops=AFR,EUR | N_AFR=1556 | N_AMR=117 | N_CSA=2418 | N_EAS=452 | N_EUR=36007 | N_MID=267 | rank_score=30.498125234345707 | containment=0.5 | exact=False",,,,,,,
D005764,Gastroesophageal Reflux,2,2,1,1,False,47.914414414414416,"id=icd10|K21|both_sexes|| | type=icd10 | description=K21 Gastro-oesophageal reflux disease | pops=EUR,MID | N_AFR=395 | N_AMR=63 | N_CSA=729 | N_EAS=117 | N_EUR=29975 | N_MID=128 | rank_score=47.914414414414416 | containment=0.5 | exact=False","id=phecode|530|both_sexes|| | type=phecode | description=Diseases of esophagus | pops=EUR,MID | N_AFR=519 | N_AMR=95 | N_CSA=964 | N_EAS=151 | N_EUR=42944 | N_MID=172 | rank_score=13.0 | containment=0.0 | exact=False","id=phecode|530.1|both_sexes|| | type=phecode | description=Esophagitis, GERD and related diseases | pops=EUR,MID | N_AFR=478 | N_AMR=87 | N_CSA=910 | N_EAS=139 | N_EUR=40018 | N_MID=157 | rank_score=11.666666666666668 | containment=0.0 | exact=False",,,,,,,
D005770,Gastrointestinal Neoplasms,2,2,0,2,False,14.273809523809524,"id=icd10|K21|both_sexes|| | type=icd10 | description=K21 Gastro-oesophageal reflux disease | pops=EUR,MID | N_AFR=395 | N_AMR=63 | N_CSA=729 | N_EAS=117 | N_EUR=29975 | N_MID=128 | rank_score=14.273809523809524 | containment=0.0 | exact=False","id=icd10|M17|both_sexes|| | type=icd10 | description=M17 Gonarthrosis [arthrosis of knee] | pops=EUR,MID | N_AFR=408 | N_CSA=595 | N_EAS=73 | N_EUR=24753 | N_MID=76 | rank_score=12.75 | containment=0.0 | exact=False","id=icd10|M16|both_sexes|| | type=icd10 | description=M16 Coxarthrosis [arthrosis of hip] | pops=CSA,EUR | N_AFR=71 | N_CSA=60 | N_EUR=14999 | rank_score=12.207627118644067 | containment=0.0 | exact=False",,,,,,,
D005922,"Glomerulonephritis, IGA",2,2,0,2,False,11.739495798319329,"id=categorical|2020|both_sexes|2020| | type=categorical | description=Loneliness, isolation | pops=AFR,EUR | N_AFR=1634 | N_AMR=241 | N_CSA=2200 | N_EAS=461 | N_EUR=74098 | N_MID=427 | rank_score=11.739495798319329 | containment=0.0 | exact=False","id=icd10|K80|both_sexes|| | type=icd10 | description=K80 Cholelithiasis | pops=EAS,EUR | N_AFR=120 | N_CSA=253 | N_EAS=67 | N_EUR=16983 | rank_score=11.38888888888889 | containment=0.0 | exact=False","id=icd10|K44|both_sexes|| | type=icd10 | description=K44 Diaphragmatic hernia | pops=EUR,MID | N_AFR=326 | N_AMR=70 | N_CSA=660 | N_EAS=88 | N_EUR=33359 | N_MID=139 | rank_score=11.345410628019325 | containment=0.0 | exact=False",,,,,,,
D006073,Gout,2,2,1,1,False,9.444444444444445,"id=icd10|E66|both_sexes|| | type=icd10 | description=E66 Obesity | pops=EUR,MID | N_AFR=421 | N_CSA=362 | N_EUR=15917 | N_MID=79 | rank_score=9.444444444444445 | containment=0.0 | exact=False","id=phecode|530.11|both_sexes|| | type=phecode | description=GERD | pops=EUR,MID | N_AFR=395 | N_AMR=63 | N_CSA=729 | N_EAS=117 | N_EUR=29975 | N_MID=128 | rank_score=8.0 | containment=0.0 | exact=False","id=categorical|20116|both_sexes|0| | type=categorical | description=Smoking status | pops=AFR,EAS,EUR | N_AFR=4595 | N_AMR=477 | N_CSA=6777 | N_EAS=1970 | N_EUR=227144 | N_MID=802 | rank_score=7.8391812865497075 | containment=0.0 | exact=False",,,,,,"id=continuous|23098|both_sexes||irnt | type=continuous | description=Weight | pops=AFR,CSA,EUR | N_AFR=6458 | N_AMR=962 | N_CSA=8658 | N_EAS=2662 | N_EUR=413194 | N_MID=1535 | rank_score=8.476190476190476 | containment=0.0 | exact=False","id=continuous|21002|both_sexes||irnt | type=continuous | description=Weight | pops=AFR,CSA,EUR,MID | N_AFR=6558 | N_AMR=972 | N_CSA=8771 | N_EAS=2693 | N_EUR=419316 | N_MID=1574 | rank_score=8.27972027972028 | containment=0.0 | exact=False"
D006258,Head and Neck Neoplasms,2,2,0,2,False,11.993055555555555,"id=categorical|6155|both_sexes|100| | type=categorical | description=Vitamin and mineral supplements | pops=CSA,EUR | N_AFR=3398 | N_AMR=548 | N_CSA=5284 | N_EAS=1604 | N_EUR=287888 | N_MID=1066 | rank_score=11.993055555555555 | containment=0.0 | exact=False","id=categorical|6179|both_sexes|1| | type=categorical | description=Mineral and other dietary supplements | pops=EUR,MID | N_AFR=2250 | N_AMR=292 | N_CSA=1920 | N_EAS=828 | N_EUR=133111 | N_MID=323 | rank_score=11.770833333333334 | containment=0.0 | exact=False","id=categorical|6179|both_sexes|100| | type=categorical | description=Mineral and other dietary supplements | pops=EUR,MID | N_AFR=3388 | N_AMR=504 | N_CSA=5193 | N_EAS=1470 | N_EUR=238042 | N_MID=1052 | rank_score=11.770833333333334 | containment=0.0 | exact=False",,,,,,,
D006689,Hodgkin Disease,2,2,0,2,False,14.954022988505749,"id=categorical|20116|both_sexes|0| | type=categorical | description=Smoking status | pops=AFR,EAS,EUR | N_AFR=4595 | N_AMR=477 | N_CSA=6777 | N_EAS=1970 | N_EUR=227144 | N_MID=802 | rank_score=14.954022988505749 | containment=0.0 | exact=False","id=categorical|20116|both_sexes|1| | type=categorical | description=Smoking status | pops=AFR,EUR | N_AFR=1131 | N_AMR=341 | N_CSA=1082 | N_EAS=454 | N_EUR=148481 | N_MID=485 | rank_score=14.954022988505749 | containment=0.0 | exact=False","id=categorical|20116|both_sexes|2| | type=categorical | description=Smoking status | pops=AFR,CSA,EUR,MID | N_AFR=806 | N_AMR=144 | N_CSA=773 | N_EAS=225 | N_EUR=43192 | N_MID=276 | rank_score=14.954022988505749 | containment=0.0 | exact=False",,,,,,,
D017681,Hypereosinophilic Syndrome,2,2,0,2,False,12.473684210526317,"id=phecode|401|both_sexes|| | type=phecode | description=Hypertension | pops=CSA,EUR | N_AFR=2037 | N_AMR=160 | N_CSA=2690 | N_EAS=431 | N_EUR=94311 | N_MID=348 | rank_score=12.473684210526317 | containment=0.0 | exact=False","id=categorical|41200|both_sexes|J183| | type=categorical | description=Operative procedures - main OPCS4 | pops=CSA,EUR | N_AFR=91 | N_CSA=201 | N_EAS=54 | N_EUR=14065 | rank_score=11.490497076023392 | containment=0.0 | exact=False","id=categorical|2335|both_sexes|2335| | type=categorical | description=Chest pain or discomfort | pops=CSA,EUR | N_AFR=1620 | N_AMR=192 | N_CSA=1865 | N_EAS=491 | N_EUR=65852 | N_MID=363 | rank_score=11.45 | containment=0.0 | exact=False",,,,,,"id=continuous|30150|both_sexes||irnt | type=continuous | description=Eosinophill count | pops=CSA,EUR | N_AFR=6262 | N_AMR=949 | N_CSA=8502 | N_EAS=2630 | N_EUR=407265 | N_MID=1546 | rank_score=12.046511627906977 | containment=0.0 | exact=False","id=continuous|30210|both_sexes||irnt | type=continuous | description=Eosinophill percentage | pops=CSA,EUR | N_AFR=6262 | N_AMR=949 | N_CSA=8502 | N_EAS=2630 | N_EUR=407270 | N_MID=1546 | rank_score=10.92143906020558 | containment=0.0 | exact=False"
D007680,Kidney Neoplasms,2,2,2,0,False,42.55882352941177,"id=phecode|594.1|both_sexes|| | type=phecode | description=Calculus of kidney | pops=CSA,EUR | N_CSA=106 | N_EUR=3758 | rank_score=42.55882352941177 | containment=0.5 | exact=False","id=icd10|N20|both_sexes|| | type=icd10 | description=N20 Calculus of kidney and ureter | pops=CSA,EUR | N_AFR=59 | N_CSA=154 | N_EUR=5530 | rank_score=39.51360544217687 | containment=0.5 | exact=False","id=categorical|5556|both_sexes|5556| | type=categorical | description=FI9 : concept interpolation | pops=AFR,EUR | N_AFR=84 | N_CSA=187 | N_EUR=22621 | rank_score=12.42564909520063 | containment=0.0 | exact=False",,,,,,,
D008593,Menopause,2,2,1,1,False,12.683306494900698,"id=categorical|20116|both_sexes|0| | type=categorical | description=Smoking status | pops=AFR,EAS,EUR | N_AFR=4595 | N_AMR=477 | N_CSA=6777 | N_EAS=1970 | N_EUR=227144 | N_MID=802 | rank_score=12.683306494900698 | containment=0.0 | exact=False","id=categorical|20116|both_sexes|1| | type=categorical | description=Smoking status | pops=AFR,EUR | N_AFR=1131 | N_AMR=341 | N_CSA=1082 | N_EAS=454 | N_EUR=148481 | N_MID=485 | rank_score=12.683306494900698 | containment=0.0 | exact=False","id=categorical|20116|both_sexes|2| | type=categorical | description=Smoking status | pops=AFR,CSA,EUR,MID | N_AFR=806 | N_AMR=144 | N_CSA=773 | N_EAS=225 | N_EUR=43192 | N_MID=276 | rank_score=12.683306494900698 | containment=0.0 | exact=False",,,,,,,
D009101,Multiple Myeloma,2,2,0,2,False,12.333333333333334,"id=categorical|1418|both_sexes|1| | type=categorical | description=Milk type used | pops=EUR,MID | N_AFR=926 | N_AMR=96 | N_CSA=1593 | N_EAS=401 | N_EUR=26497 | N_MID=242 | rank_score=12.333333333333334 | containment=0.0 | exact=False","id=icd10|K42|both_sexes|| | type=icd10 | description=K42 Umbilical hernia | pops=CSA,EUR | N_AFR=105 | N_CSA=90 | N_EUR=4511 | rank_score=11.333333333333332 | containment=0.0 | exact=False","id=icd10|E11|both_sexes|| | type=icd10 | description=E11 Non-insulin-dependent diabetes mellitus | pops=CSA,EUR | N_AFR=792 | N_CSA=1662 | N_EAS=152 | N_EUR=22634 | N_MID=170 | rank_score=10.768361581920905 | containment=0.0 | exact=False",,,,,,,
D019578,Multiple System Atrophy,2,2,0,2,False,30.666666666666664,"id=phecode|459|both_sexes|| | type=phecode | description=Other disorders of circulatory system | pops=CSA,EUR | N_AFR=354 | N_CSA=384 | N_EAS=54 | N_EUR=21420 | N_MID=54 | rank_score=30.666666666666664 | containment=0.3333333333333333 | exact=False","id=icd10|R19|both_sexes|| | type=icd10 | description=R19 Other symptoms and signs involving the digestive system and abdomen | pops=EUR,MID | N_AFR=282 | N_CSA=436 | N_EAS=103 | N_EUR=19142 | N_MID=72 | rank_score=29.337933678359207 | containment=0.3333333333333333 | exact=False","id=categorical|1418|both_sexes|1| | type=categorical | description=Milk type used | pops=EUR,MID | N_AFR=926 | N_AMR=96 | N_CSA=1593 | N_EAS=401 | N_EUR=26497 | N_MID=242 | rank_score=11.64864864864865 | containment=0.0 | exact=False",,,,,,,
D009203,Myocardial Infarction,2,2,1,1,False,13.714485850378258,"id=categorical|4957|both_sexes|4957| | type=categorical | description=FI3 : word interpolation | pops=CSA,EUR | N_AFR=1975 | N_AMR=229 | N_CSA=2594 | N_EAS=656 | N_EUR=113724 | N_MID=302 | rank_score=13.714485850378258 | containment=0.0 | exact=False","id=icd10|M17|both_sexes|| | type=icd10 | description=M17 Gonarthrosis [arthrosis of knee] | pops=EUR,MID | N_AFR=408 | N_CSA=595 | N_EAS=73 | N_EUR=24753 | N_MID=76 | rank_score=12.584415584415584 | containment=0.0 | exact=False","id=categorical|4294|both_sexes|0| | type=categorical | description=Final attempt correct | pops=CSA,EUR | N_AFR=541 | N_AMR=61 | N_CSA=822 | N_EAS=166 | N_EUR=5328 | N_MID=110 | rank_score=12.483454398708636 | containment=0.0 | exact=False",,,,,,,
D009216,Myopia,2,2,2,0,False,11.64102564102564,"id=categorical|20116|both_sexes|0| | type=categorical | description=Smoking status | pops=AFR,EAS,EUR | N_AFR=4595 | N_AMR=477 | N_CSA=6777 | N_EAS=1970 | N_EUR=227144 | N_MID=802 | rank_score=11.64102564102564 | containment=0.0 | exact=False","id=categorical|20116|both_sexes|1| | type=categorical | description=Smoking status | pops=AFR,EUR | N_AFR=1131 | N_AMR=341 | N_CSA=1082 | N_EAS=454 | N_EUR=148481 | N_MID=485 | rank_score=11.64102564102564 | containment=0.0 | exact=False","id=categorical|20116|both_sexes|2| | type=categorical | description=Smoking status | pops=AFR,CSA,EUR,MID | N_AFR=806 | N_AMR=144 | N_CSA=773 | N_EAS=225 | N_EUR=43192 | N_MID=276 | rank_score=11.64102564102564 | containment=0.0 | exact=False",,,,,,,
D009290,Narcolepsy,2,2,1,1,False,12.285714285714285,"id=icd10|E66|both_sexes|| | type=icd10 | description=E66 Obesity | pops=EUR,MID | N_AFR=421 | N_CSA=362 | N_EUR=15917 | N_MID=79 | rank_score=12.285714285714285 | containment=0.0 | exact=False","id=phecode|594|both_sexes|| | type=phecode | description=Urinary calculus | pops=CSA,EUR | N_AFR=90 | N_CSA=206 | N_EUR=7593 | N_MID=54 | rank_score=12.230769230769232 | containment=0.0 | exact=False","id=icd10|K80|both_sexes|| | type=icd10 | description=K80 Cholelithiasis | pops=EAS,EUR | N_AFR=120 | N_CSA=253 | N_EAS=67 | N_EUR=16983 | rank_score=11.80952380952381 | containment=0.0 | exact=False",,,,,,,
D009771,Obsessive-Compulsive Disorder,2,2,0,2,False,16.06122448979592,"id=phecode|318|both_sexes|| | type=phecode | description=Tobacco use disorder | pops=EAS,EUR | N_AFR=254 | N_CSA=275 | N_EAS=50 | N_EUR=14988 | N_MID=81 | rank_score=16.06122448979592 | containment=0.0 | exact=False","id=phecode|327|both_sexes|| | type=phecode | description=Sleep disorders | pops=CSA,EUR | N_AFR=141 | N_CSA=174 | N_EUR=6623 | N_MID=52 | rank_score=14.818181818181818 | containment=0.0 | exact=False","id=icd10|G47|both_sexes|| | type=icd10 | description=G47 Sleep disorders | pops=CSA,EUR | N_AFR=140 | N_CSA=173 | N_EUR=6557 | N_MID=52 | rank_score=14.2984496124031 | containment=0.0 | exact=False",,,,,,,
D010003,Osteoarthritis,2,2,1,1,False,20.142857142857142,"id=phecode|740|both_sexes|| | type=phecode | description=Osteoarthrosis | pops=EUR,MID | N_AFR=423 | N_AMR=53 | N_CSA=547 | N_EAS=74 | N_EUR=36073 | N_MID=86 | rank_score=20.142857142857142 | containment=0.0 | exact=False","id=phecode|716|both_sexes|| | type=phecode | description=Other arthropathies | pops=EAS,EUR | N_AFR=607 | N_AMR=74 | N_CSA=881 | N_EAS=117 | N_EUR=42030 | N_MID=123 | rank_score=15.12121212121212 | containment=0.0 | exact=False","id=phecode|716.2|both_sexes|| | type=phecode | description=Unspecified monoarthritis | pops=CSA,EAS,EUR,MID | N_AFR=341 | N_CSA=504 | N_EAS=63 | N_EUR=20094 | N_MID=63 | rank_score=14.28205128205128 | containment=0.0 | exact=False",,,,,,,
D012148,Restless Legs Syndrome,2,2,1,1,False,12.613821138211383,"id=categorical|1677|both_sexes|1677| | type=categorical | description=Breastfed as a baby | pops=AFR,CSA,EUR,MID | N_AFR=5371 | N_AMR=653 | N_CSA=7023 | N_EAS=1769 | N_EUR=227321 | N_MID=1174 | rank_score=12.613821138211383 | containment=0.0 | exact=False","id=categorical|2207|both_sexes|2207| | type=categorical | description=Wears glasses or contact lenses | pops=EUR,MID | N_AFR=5147 | N_AMR=777 | N_CSA=7039 | N_EAS=2180 | N_EUR=374539 | N_MID=1246 | rank_score=11.10086404514195 | containment=0.0 | exact=False","id=categorical|20107|both_sexes|1| | type=categorical | description=Illnesses of father | pops=AFR,CSA,EAS,EUR | N_AFR=490 | N_AMR=206 | N_CSA=2401 | N_EAS=350 | N_EUR=121257 | N_MID=295 | rank_score=10.819245864872444 | containment=0.0 | exact=False",,,,,,,
D012174,Retinitis Pigmentosa,2,2,0,2,False,12.823439878234398,"id=categorical|6142|both_sexes|4| | type=categorical | description=Current employment status | pops=CSA,EUR,MID | N_AFR=396 | N_CSA=593 | N_EUR=16107 | N_MID=158 | rank_score=12.823439878234398 | containment=0.0 | exact=False","id=categorical|6142|both_sexes|6| | type=categorical | description=Current employment status | pops=CSA,EUR | N_AFR=216 | N_CSA=205 | N_EAS=100 | N_EUR=15484 | N_MID=62 | rank_score=12.823439878234398 | containment=0.0 | exact=False","id=categorical|6155|both_sexes|100| | type=categorical | description=Vitamin and mineral supplements | pops=CSA,EUR | N_AFR=3398 | N_AMR=548 | N_CSA=5284 | N_EAS=1604 | N_EUR=287888 | N_MID=1066 | rank_score=11.76780185758514 | containment=0.0 | exact=False",,,,,,,
D006255,"Rhinitis, Allergic, Seasonal",2,2,0,2,False,26.946953781512608,"id=categorical|6152|both_sexes|100| | type=categorical | description=Blood clot, DVT, bronchitis, emphysema, asthma, rhinitis, eczema, allergy diagnosed by doctor | pops=CSA,EUR | N_AFR=4236 | N_AMR=627 | N_CSA=5986 | N_EAS=1517 | N_EUR=285088 | N_MID=1121 | rank_score=26.946953781512608 | containment=0.3333333333333333 | exact=False","id=categorical|6152|both_sexes|8| | type=categorical | description=Blood clot, DVT, bronchitis, emphysema, asthma, rhinitis, eczema, allergy diagnosed by doctor | pops=CSA,EUR | N_AFR=782 | N_AMR=103 | N_CSA=1041 | N_EAS=232 | N_EUR=48560 | N_MID=173 | rank_score=26.946953781512608 | containment=0.3333333333333333 | exact=False","id=categorical|41232|both_sexes|10| | type=categorical | description=Administrative and legal statuses | pops=CSA,EUR | N_AFR=2080 | N_AMR=235 | N_CSA=2655 | N_EAS=541 | N_EUR=121284 | N_MID=405 | rank_score=12.50625296422955 | containment=0.0 | exact=False",,,,,,,
D013736,Testicular Neoplasms,2,2,0,2,False,12.231782265144863,"id=icd10|J44|both_sexes|| | type=icd10 | description=J44 Other chronic obstructive pulmonary disease | pops=CSA,EUR | N_AFR=74 | N_CSA=152 | N_EUR=11536 | rank_score=12.231782265144863 | containment=0.0 | exact=False","id=icd10|Z95|both_sexes|| | type=icd10 | description=Z95 Presence of cardiac and vascular implants and grafts | pops=CSA,EUR | N_AFR=104 | N_CSA=636 | N_EUR=15774 | N_MID=67 | rank_score=11.839009287925697 | containment=0.0 | exact=False","id=phecode|411|both_sexes|| | type=phecode | description=Ischemic Heart Disease | pops=CSA,EUR | N_AFR=400 | N_AMR=69 | N_CSA=1374 | N_EAS=103 | N_EUR=37672 | N_MID=163 | rank_score=11.571428571428571 | containment=0.0 | exact=False",,,,,,,
D014523,Urethral Neoplasms,2,2,0,2,False,13.909090909090908,"id=phecode|716.9|both_sexes|| | type=phecode | description=Arthropathy NOS | pops=EAS,EUR | N_AFR=605 | N_AMR=74 | N_CSA=880 | N_EAS=117 | N_EUR=41824 | N_MID=122 | rank_score=13.909090909090908 | containment=0.0 | exact=False","id=categorical|6142|both_sexes|4| | type=categorical | description=Current employment status | pops=CSA,EUR,MID | N_AFR=396 | N_CSA=593 | N_EUR=16107 | N_MID=158 | rank_score=12.325261361211863 | containment=0.0 | exact=False","id=categorical|6142|both_sexes|6| | type=categorical | description=Current employment status | pops=CSA,EUR | N_AFR=216 | N_CSA=205 | N_EAS=100 | N_EUR=15484 | N_MID=62 | rank_score=12.325261361211863 | containment=0.0 | exact=False",,,,,,,
D014565,Urogenital Neoplasms,2,2,0,2,False,11.601651186790503,"id=icd10|K21|both_sexes|| | type=icd10 | description=K21 Gastro-oesophageal reflux disease | pops=EUR,MID | N_AFR=395 | N_AMR=63 | N_CSA=729 | N_EAS=117 | N_EUR=29975 | N_MID=128 | rank_score=11.601651186790503 | containment=0.0 | exact=False","id=categorical|6149|both_sexes|100| | type=categorical | description=Mouth/teeth dental problems | pops=CSA,EUR | N_AFR=3305 | N_AMR=544 | N_CSA=4609 | N_EAS=1243 | N_EUR=253808 | N_MID=856 | rank_score=11.560889554153748 | containment=0.0 | exact=False","id=categorical|6149|both_sexes|3| | type=categorical | description=Mouth/teeth dental problems | pops=CSA,EUR | N_AFR=1360 | N_AMR=125 | N_CSA=1634 | N_EAS=434 | N_EUR=54141 | N_MID=262 | rank_score=11.560889554153748 | containment=0.0 | exact=False",,,,,,,
D057135,Wet Macular Degeneration,2,2,0,2,False,12.715788155753096,"id=categorical|5556|both_sexes|5556| | type=categorical | description=FI9 : concept interpolation | pops=AFR,EUR | N_AFR=84 | N_CSA=187 | N_EUR=22621 | rank_score=12.715788155753096 | containment=0.0 | exact=False","id=categorical|20003|both_sexes|1140865634| | type=categorical | description=Treatment/medication code | pops=CSA,EUR | N_AFR=352 | N_AMR=77 | N_CSA=636 | N_EAS=81 | N_EUR=24743 | N_MID=119 | rank_score=12.3827775012444 | containment=0.0 | exact=False","id=categorical|20003|both_sexes|1140866738| | type=categorical | description=Treatment/medication code | pops=CSA,EAS,EUR | N_AFR=227 | N_CSA=341 | N_EAS=58 | N_EUR=16428 | N_MID=59 | rank_score=12.3827775012444 | containment=0.0 | exact=False",,,,,,,
D000417,Albinism,1,1,0,1,False,13.333333333333332,"id=categorical|6138|both_sexes|100| | type=categorical | description=Qualifications | pops=AFR,CSA,EAS,EUR,MID | N_AFR=931 | N_AMR=130 | N_CSA=1412 | N_EAS=358 | N_EUR=73293 | N_MID=252 | rank_score=12.153279153279152 | containment=0.0 | exact=False","id=categorical|6138|both_sexes|2| | type=categorical | description=Qualifications | pops=EAS,EUR | N_AFR=880 | N_AMR=177 | N_CSA=1399 | N_EAS=416 | N_EUR=112131 | N_MID=272 | rank_score=12.153279153279152 | containment=0.0 | exact=False","id=categorical|6138|both_sexes|3| | type=categorical | description=Qualifications | pops=CSA,EUR,MID | N_AFR=2078 | N_AMR=250 | N_CSA=2398 | N_EAS=574 | N_EUR=195589 | N_MID=353 | rank_score=12.153279153279152 | containment=0.0 | exact=False",,,,,,"id=biomarkers|30600|both_sexes||irnt | type=biomarkers | description=Albumin | pops=AFR,CSA,EUR | N_AFR=5759 | N_AMR=856 | N_CSA=7694 | N_EAS=2340 | N_EUR=367192 | N_MID=1364 | rank_score=13.333333333333332 | containment=0.0 | exact=False",
D019973,Alcohol-Related Disorders,1,1,0,1,True,198.0,"id=phecode|317|both_sexes|| | type=phecode | description=Alcohol-related disorders | pops=AFR,EUR | N_AFR=129 | N_CSA=166 | N_EUR=16070 | rank_score=198.0 | containment=1.0 | exact=True","id=phecode|327|both_sexes|| | type=phecode | description=Sleep disorders | pops=CSA,EUR | N_AFR=141 | N_CSA=174 | N_EUR=6623 | N_MID=52 | rank_score=46.0 | containment=0.5 | exact=False","id=icd10|G47|both_sexes|| | type=icd10 | description=G47 Sleep disorders | pops=CSA,EUR | N_AFR=140 | N_CSA=173 | N_EUR=6557 | N_MID=52 | rank_score=37.86946386946387 | containment=0.3333333333333333 | exact=False",,,,,,,
D000505,Alopecia,1,1,1,0,False,11.666666666666668,"id=categorical|1468|both_sexes|2| | type=categorical | description=Cereal type | pops=EUR,MID | N_AFR=749 | N_AMR=88 | N_CSA=1365 | N_EAS=196 | N_EUR=62649 | N_MID=171 | rank_score=11.44377990430622 | containment=0.0 | exact=False","id=categorical|1468|both_sexes|4| | type=categorical | description=Cereal type | pops=EUR,MID | N_AFR=586 | N_AMR=138 | N_CSA=866 | N_EAS=332 | N_EUR=70931 | N_MID=213 | rank_score=11.44377990430622 | containment=0.0 | exact=False","id=phecode|327.3|both_sexes|| | type=phecode | description=Sleep apnea | pops=CSA,EUR | N_AFR=127 | N_CSA=151 | N_EUR=5621 | rank_score=11.421052631578949 | containment=0.0 | exact=False",,,,,,"id=biomarkers|30630|both_sexes||irnt | type=biomarkers | description=Apolipoprotein A | pops=CSA,EUR,MID | N_AFR=5732 | N_AMR=846 | N_CSA=7679 | N_EAS=2325 | N_EUR=364987 | N_MID=1360 | rank_score=11.666666666666668 | containment=0.0 | exact=False",
D000690,Amyotrophic Lateral Sclerosis,1,1,0,1,False,15.830188679245282,"id=phecode|411.4|both_sexes|| | type=phecode | description=Coronary atherosclerosis | pops=CSA,EUR | N_AFR=191 | N_CSA=1028 | N_EAS=59 | N_EUR=23888 | N_MID=114 | rank_score=15.830188679245282 | containment=0.0 | exact=False","id=icd10|M51|both_sexes|| | type=icd10 | description=M51 Other intervertebral disk disorders | pops=CSA,EUR | N_AFR=171 | N_CSA=231 | N_EUR=9053 | rank_score=13.683994528043776 | containment=0.0 | exact=False","id=icd10|K21|both_sexes|| | type=icd10 | description=K21 Gastro-oesophageal reflux disease | pops=EUR,MID | N_AFR=395 | N_AMR=63 | N_CSA=729 | N_EAS=117 | N_EUR=29975 | N_MID=128 | rank_score=13.345313601127554 | containment=0.0 | exact=False",,,,,,,
D001145,"Arrhythmias, Cardiac",1,1,0,1,False,36.33116883116883,"id=icd10|Z95|both_sexes|| | type=icd10 | description=Z95 Presence of cardiac and vascular implants and grafts | pops=CSA,EUR | N_AFR=104 | N_CSA=636 | N_EUR=15774 | N_MID=67 | rank_score=36.33116883116883 | containment=0.5 | exact=False","id=phecode|550|both_sexes|| | type=phecode | description=Abdominal hernia | pops=EAS,EUR | N_AFR=617 | N_AMR=112 | N_EAS=128 | N_EUR=56668 | N_MID=224 | rank_score=12.142857142857142 | containment=0.0 | exact=False","id=icd10|M16|both_sexes|| | type=icd10 | description=M16 Coxarthrosis [arthrosis of hip] | pops=CSA,EUR | N_AFR=71 | N_CSA=60 | N_EUR=14999 | rank_score=11.904428904428904 | containment=0.0 | exact=False",,,,,,,
D001171,"Arthritis, Juvenile",1,1,1,0,False,38.58860759493671,"id=phecode|714|both_sexes|| | type=phecode | description=Rheumatoid arthritis and other inflammatory polyarthropathies | pops=CSA,EUR | N_AFR=109 | N_CSA=179 | N_EUR=6216 | rank_score=38.58860759493671 | containment=0.5 | exact=False","id=icd10|K44|both_sexes|| | type=icd10 | description=K44 Diaphragmatic hernia | pops=EUR,MID | N_AFR=326 | N_AMR=70 | N_CSA=660 | N_EAS=88 | N_EUR=33359 | N_MID=139 | rank_score=12.821428571428571 | containment=0.0 | exact=False","id=phecode|550.2|both_sexes|| | type=phecode | description=Diaphragmatic hernia | pops=CSA,EUR,MID | N_AFR=326 | N_AMR=70 | N_CSA=660 | N_EAS=88 | N_EUR=33482 | N_MID=139 | rank_score=12.473684210526317 | containment=0.0 | exact=False",,,,,,,
D001850,"Bone Diseases, Infectious",1,1,0,1,False,45.44444444444444,"id=phecode|530|both_sexes|| | type=phecode | description=Diseases of esophagus | pops=EUR,MID | N_AFR=519 | N_AMR=95 | N_CSA=964 | N_EAS=151 | N_EUR=42944 | N_MID=172 | rank_score=45.44444444444444 | containment=0.5 | exact=False","id=phecode|530.1|both_sexes|| | type=phecode | description=Esophagitis, GERD and related diseases | pops=EUR,MID | N_AFR=478 | N_AMR=87 | N_CSA=910 | N_EAS=139 | N_EUR=40018 | N_MID=157 | rank_score=30.868852459016395 | containment=0.3333333333333333 | exact=False","id=categorical|6151|both_sexes|7| | type=categorical | description=Fractured bone site(s) | pops=AFR,CSA,EAS,EUR | N_AFR=176 | N_CSA=226 | N_EAS=64 | N_EUR=21833 | N_MID=57 | rank_score=30.31589903721051 | containment=0.3333333333333333 | exact=False",,,,,,"id=continuous|3148|both_sexes||irnt | type=continuous | description=Heel bone mineral density (BMD) | pops=CSA,EUR | N_AFR=2292 | N_AMR=471 | N_CSA=2633 | N_EAS=1260 | N_EUR=242809 | N_MID=713 | rank_score=27.23945743848361 | containment=0.3333333333333333 | exact=False",
D001851,"Bone Diseases, Metabolic",1,1,0,1,False,43.0,"id=phecode|530|both_sexes|| | type=phecode | description=Diseases of esophagus | pops=EUR,MID | N_AFR=519 | N_AMR=95 | N_CSA=964 | N_EAS=151 | N_EUR=42944 | N_MID=172 | rank_score=43.0 | containment=0.5 | exact=False","id=phecode|530.1|both_sexes|| | type=phecode | description=Esophagitis, GERD and related diseases | pops=EUR,MID | N_AFR=478 | N_AMR=87 | N_CSA=910 | N_EAS=139 | N_EUR=40018 | N_MID=157 | rank_score=31.0 | containment=0.3333333333333333 | exact=False","id=categorical|6151|both_sexes|7| | type=categorical | description=Fractured bone site(s) | pops=AFR,CSA,EAS,EUR | N_AFR=176 | N_CSA=226 | N_EAS=64 | N_EUR=21833 | N_MID=57 | rank_score=30.52795561246265 | containment=0.3333333333333333 | exact=False",,,,,,"id=continuous|23105|both_sexes||irnt | type=continuous | description=Basal metabolic rate | pops=AFR,CSA,EUR | N_AFR=6458 | N_AMR=962 | N_CSA=8658 | N_EAS=2662 | N_EUR=413178 | N_MID=1535 | rank_score=34.7059264816204 | containment=0.3333333333333333 | exact=False",
D029481,"Bronchitis, Chronic",1,1,1,0,False,89.11111111111111,"id=phecode|496.2|both_sexes|| | type=phecode | description=Chronic bronchitis | pops=CSA,EUR | N_AFR=77 | N_CSA=156 | N_EUR=11764 | rank_score=89.11111111111111 | containment=1.0 | exact=False","id=phecode|496.21|both_sexes|| | type=phecode | description=Obstructive chronic bronchitis | pops=CSA,EUR | N_AFR=74 | N_CSA=152 | N_EUR=11537 | rank_score=76.33333333333333 | containment=1.0 | exact=False","id=categorical|20107|both_sexes|1| | type=categorical | description=Illnesses of father | pops=AFR,CSA,EAS,EUR | N_AFR=490 | N_AMR=206 | N_CSA=2401 | N_EAS=350 | N_EUR=121257 | N_MID=295 | rank_score=53.88159588159588 | containment=1.0 | exact=False",,,,,,,
D000086382,COVID-19,1,1,1,0,False,9.358342665173572,"id=categorical|1920|both_sexes|1920| | type=categorical | description=Mood swings | pops=CSA,EUR,MID | N_AFR=3195 | N_AMR=416 | N_CSA=4200 | N_EAS=968 | N_EUR=185534 | N_MID=877 | rank_score=9.358342665173572 | containment=0.0 | exact=False","id=icd10|N20|both_sexes|| | type=icd10 | description=N20 Calculus of kidney and ureter | pops=CSA,EUR | N_AFR=59 | N_CSA=154 | N_EUR=5530 | rank_score=9.241685144124167 | containment=0.0 | exact=False","id=phecode|496.2|both_sexes|| | type=phecode | description=Chronic bronchitis | pops=CSA,EUR | N_AFR=77 | N_CSA=156 | N_EUR=11764 | rank_score=9.153846153846152 | containment=0.0 | exact=False",,,,,,"id=biomarkers|30770|both_sexes||irnt | type=biomarkers | description=IGF-1 | pops=CSA,EAS,EUR | N_AFR=6178 | N_AMR=934 | N_CSA=8364 | N_EAS=2560 | N_EUR=398797 | N_MID=1493 | rank_score=9.230769230769232 | containment=0.0 | exact=False",
D002446,Celiac Disease,1,1,0,1,False,16.333333333333332,"id=phecode|411|both_sexes|| | type=phecode | description=Ischemic Heart Disease | pops=CSA,EUR | N_AFR=400 | N_AMR=69 | N_CSA=1374 | N_EAS=103 | N_EUR=37672 | N_MID=163 | rank_score=16.333333333333332 | containment=0.0 | exact=False","id=icd10|I25|both_sexes|| | type=icd10 | description=I25 Chronic ischaemic heart disease | pops=CSA,EUR | N_AFR=302 | N_AMR=52 | N_CSA=1205 | N_EAS=83 | N_EUR=31148 | N_MID=136 | rank_score=14.224489795918368 | containment=0.0 | exact=False","id=phecode|317|both_sexes|| | type=phecode | description=Alcohol-related disorders | pops=AFR,EUR | N_AFR=129 | N_CSA=166 | N_EUR=16070 | rank_score=13.256410256410255 | containment=0.0 | exact=False",,,,,,,
D002761,Cholangitis,1,1,0,1,False,15.8,"id=phecode|574.1|both_sexes|| | type=phecode | description=Cholelithiasis | pops=EAS,EUR | N_AFR=120 | N_CSA=255 | N_EAS=68 | N_EUR=17278 | rank_score=15.8 | containment=0.0 | exact=False","id=icd10|K80|both_sexes|| | type=icd10 | description=K80 Cholelithiasis | pops=EAS,EUR | N_AFR=120 | N_CSA=253 | N_EAS=67 | N_EUR=16983 | rank_score=15.23448275862069 | containment=0.0 | exact=False","id=phecode|496.2|both_sexes|| | type=phecode | description=Chronic bronchitis | pops=CSA,EUR | N_AFR=77 | N_CSA=156 | N_EUR=11764 | rank_score=14.03448275862069 | containment=0.0 | exact=False",,,,,,,
D003414,Crigler-Najjar Syndrome,1,1,0,1,False,12.074074074074073,"id=categorical|2207|both_sexes|2207| | type=categorical | description=Wears glasses or contact lenses | pops=EUR,MID | N_AFR=5147 | N_AMR=777 | N_CSA=7039 | N_EAS=2180 | N_EUR=374539 | N_MID=1246 | rank_score=12.074074074074073 | containment=0.0 | exact=False","id=categorical|5001|both_sexes|5001| | type=categorical | description=FI7 : synonym | pops=CSA,EUR | N_AFR=744 | N_AMR=100 | N_CSA=838 | N_EAS=189 | N_EUR=85333 | N_MID=152 | rank_score=12.004524886877828 | containment=0.0 | exact=False","id=categorical|4294|both_sexes|0| | type=categorical | description=Final attempt correct | pops=CSA,EUR | N_AFR=541 | N_AMR=61 | N_CSA=822 | N_EAS=166 | N_EUR=5328 | N_MID=110 | rank_score=11.166915052160954 | containment=0.0 | exact=False",,,,,,,
D003704,Dementia,1,1,0,1,False,52.68979657658903,"id=categorical|20107|both_sexes|1| | type=categorical | description=Illnesses of father | pops=AFR,CSA,EAS,EUR | N_AFR=490 | N_AMR=206 | N_CSA=2401 | N_EAS=350 | N_EUR=121257 | N_MID=295 | rank_score=52.68979657658903 | containment=1.0 | exact=False","id=categorical|20107|both_sexes|100| | type=categorical | description=Illnesses of father | pops=CSA,EUR | N_AFR=2089 | N_AMR=322 | N_CSA=2434 | N_EAS=898 | N_EUR=136194 | N_MID=537 | rank_score=52.68979657658903 | containment=1.0 | exact=False","id=categorical|20107|both_sexes|101| | type=categorical | description=Illnesses of father | pops=AFR,EUR | N_AFR=3868 | N_AMR=585 | N_CSA=6296 | N_EAS=1797 | N_EUR=276893 | N_MID=1015 | rank_score=52.68979657658903 | containment=1.0 | exact=False",,,,,,,
D003928,Diabetic Nephropathies,1,1,0,1,False,14.707317073170731,"id=phecode|716|both_sexes|| | type=phecode | description=Other arthropathies | pops=EAS,EUR | N_AFR=607 | N_AMR=74 | N_CSA=881 | N_EAS=117 | N_EUR=42030 | N_MID=123 | rank_score=14.707317073170731 | containment=0.0 | exact=False","id=phecode|716.9|both_sexes|| | type=phecode | description=Arthropathy NOS | pops=EAS,EUR | N_AFR=605 | N_AMR=74 | N_CSA=880 | N_EAS=117 | N_EUR=41824 | N_MID=122 | rank_score=13.81081081081081 | containment=0.0 | exact=False","id=icd10|R07|both_sexes|| | type=icd10 | description=R07 Pain in throat and chest | pops=CSA,EUR | N_AFR=782 | N_AMR=99 | N_CSA=1365 | N_EAS=165 | N_EUR=36262 | N_MID=187 | rank_score=12.38888888888889 | containment=0.0 | exact=False",,,,,,,
D003929,Diabetic Neuropathies,1,1,0,1,False,14.0,"id=phecode|716|both_sexes|| | type=phecode | description=Other arthropathies | pops=EAS,EUR | N_AFR=607 | N_AMR=74 | N_CSA=881 | N_EAS=117 | N_EUR=42030 | N_MID=123 | rank_score=14.0 | containment=0.0 | exact=False","id=phecode|716.9|both_sexes|| | type=phecode | description=Arthropathy NOS | pops=EAS,EUR | N_AFR=605 | N_AMR=74 | N_CSA=880 | N_EAS=117 | N_EUR=41824 | N_MID=122 | rank_score=13.0 | containment=0.0 | exact=False","id=phecode|530|both_sexes|| | type=phecode | description=Diseases of esophagus | pops=EUR,MID | N_AFR=519 | N_AMR=95 | N_CSA=964 | N_EAS=151 | N_EUR=42944 | N_MID=172 | rank_score=12.523809523809524 | containment=0.0 | exact=False",,,,,,,
D004381,Duodenal Ulcer,1,1,0,1,False,13.666666666666666,"id=phecode|550|both_sexes|| | type=phecode | description=Abdominal hernia | pops=EAS,EUR | N_AFR=617 | N_AMR=112 | N_EAS=128 | N_EUR=56668 | N_MID=224 | rank_score=13.666666666666666 | containment=0.0 | exact=False","id=phecode|306|both_sexes|| | type=phecode | description=Other mental disorder | pops=EAS,EUR | N_AFR=310 | N_AMR=84 | N_CSA=464 | N_EAS=86 | N_EUR=39711 | N_MID=143 | rank_score=12.142857142857142 | containment=0.0 | exact=False","id=categorical|6149|both_sexes|100| | type=categorical | description=Mouth/teeth dental problems | pops=CSA,EUR | N_AFR=3305 | N_AMR=544 | N_CSA=4609 | N_EAS=1243 | N_EUR=253808 | N_MID=856 | rank_score=11.78048780487805 | containment=0.0 | exact=False",,,,,,,
D020920,Dyssomnias,1,1,0,1,False,12.230769230769232,"id=phecode|550|both_sexes|| | type=phecode | description=Abdominal hernia | pops=EAS,EUR | N_AFR=617 | N_AMR=112 | N_EAS=128 | N_EUR=56668 | N_MID=224 | rank_score=12.230769230769232 | containment=0.0 | exact=False","id=phecode|785|both_sexes|| | type=phecode | description=Abdominal pain | pops=CSA,EUR | N_AFR=998 | N_AMR=141 | N_CSA=1237 | N_EAS=289 | N_EUR=47295 | N_MID=235 | rank_score=11.333333333333334 | containment=0.0 | exact=False","id=phecode|530|both_sexes|| | type=phecode | description=Diseases of esophagus | pops=EUR,MID | N_AFR=519 | N_AMR=95 | N_CSA=964 | N_EAS=151 | N_EUR=42944 | N_MID=172 | rank_score=10.741935483870968 | containment=0.0 | exact=False",,,,,,,
D004485,Eczema,1,1,0,1,False,53.12777962163956,"id=categorical|6152|both_sexes|100| | type=categorical | description=Blood clot, DVT, bronchitis, emphysema, asthma, rhinitis, eczema, allergy diagnosed by doctor | pops=CSA,EUR | N_AFR=4236 | N_AMR=627 | N_CSA=5986 | N_EAS=1517 | N_EUR=285088 | N_MID=1121 | rank_score=53.12777962163956 | containment=1.0 | exact=False","id=categorical|6152|both_sexes|8| | type=categorical | description=Blood clot, DVT, bronchitis, emphysema, asthma, rhinitis, eczema, allergy diagnosed by doctor | pops=CSA,EUR | N_AFR=782 | N_AMR=103 | N_CSA=1041 | N_EAS=232 | N_EUR=48560 | N_MID=173 | rank_score=53.12777962163956 | containment=1.0 | exact=False","id=categorical|1468|both_sexes|2| | type=categorical | description=Cereal type | pops=EUR,MID | N_AFR=749 | N_AMR=88 | N_CSA=1365 | N_EAS=196 | N_EUR=62649 | N_MID=171 | rank_score=10.104485629868384 | containment=0.0 | exact=False",,,,,,,
D016889,Endometrial Neoplasms,1,1,0,1,False,12.72972972972973,"id=phecode|550|both_sexes|| | type=phecode | description=Abdominal hernia | pops=EAS,EUR | N_AFR=617 | N_AMR=112 | N_EAS=128 | N_EUR=56668 | N_MID=224 | rank_score=12.72972972972973 | containment=0.0 | exact=False","id=phecode|785|both_sexes|| | type=phecode | description=Abdominal pain | pops=CSA,EUR | N_AFR=998 | N_AMR=141 | N_CSA=1237 | N_EAS=289 | N_EUR=47295 | N_MID=235 | rank_score=12.142857142857142 | containment=0.0 | exact=False","id=categorical|6155|both_sexes|100| | type=categorical | description=Vitamin and mineral supplements | pops=CSA,EUR | N_AFR=3398 | N_AMR=548 | N_CSA=5284 | N_EAS=1604 | N_EUR=287888 | N_MID=1066 | rank_score=11.566433566433568 | containment=0.0 | exact=False",,,,,,,
D004715,Endometriosis,1,1,1,0,False,14.851851851851851,"id=phecode|740|both_sexes|| | type=phecode | description=Osteoarthrosis | pops=EUR,MID | N_AFR=423 | N_AMR=53 | N_CSA=547 | N_EAS=74 | N_EUR=36073 | N_MID=86 | rank_score=14.851851851851851 | containment=0.0 | exact=False","id=icd10|E66|both_sexes|| | type=icd10 | description=E66 Obesity | pops=EUR,MID | N_AFR=421 | N_CSA=362 | N_EUR=15917 | N_MID=79 | rank_score=12.074074074074074 | containment=0.0 | exact=False","id=phecode|574.1|both_sexes|| | type=phecode | description=Cholelithiasis | pops=EAS,EUR | N_AFR=120 | N_CSA=255 | N_EAS=68 | N_EUR=17278 | rank_score=11.88888888888889 | containment=0.0 | exact=False",,,,,,,
D004828,"Epilepsies, Partial",1,1,1,0,False,12.72972972972973,"id=categorical|20107|both_sexes|1| | type=categorical | description=Illnesses of father | pops=AFR,CSA,EAS,EUR | N_AFR=490 | N_AMR=206 | N_CSA=2401 | N_EAS=350 | N_EUR=121257 | N_MID=295 | rank_score=12.72972972972973 | containment=0.0 | exact=False","id=categorical|20107|both_sexes|100| | type=categorical | description=Illnesses of father | pops=CSA,EUR | N_AFR=2089 | N_AMR=322 | N_CSA=2434 | N_EAS=898 | N_EUR=136194 | N_MID=537 | rank_score=12.72972972972973 | containment=0.0 | exact=False","id=categorical|20107|both_sexes|101| | type=categorical | description=Illnesses of father | pops=AFR,EUR | N_AFR=3868 | N_AMR=585 | N_CSA=6296 | N_EAS=1797 | N_EUR=276893 | N_MID=1015 | rank_score=12.72972972972973 | containment=0.0 | exact=False",,,,,,,
D004938,Esophageal Neoplasms,1,1,0,1,False,14.11455108359133,"id=icd10|K21|both_sexes|| | type=icd10 | description=K21 Gastro-oesophageal reflux disease | pops=EUR,MID | N_AFR=395 | N_AMR=63 | N_CSA=729 | N_EAS=117 | N_EUR=29975 | N_MID=128 | rank_score=14.11455108359133 | containment=0.0 | exact=False","id=categorical|6164|both_sexes|100| | type=categorical | description=Types of physical activity in last 4 weeks | pops=CSA,EUR,MID | N_AFR=1159 | N_AMR=138 | N_CSA=1266 | N_EAS=309 | N_EUR=24889 | N_MID=264 | rank_score=11.387096774193548 | containment=0.0 | exact=False","id=categorical|6164|both_sexes|2| | type=categorical | description=Types of physical activity in last 4 weeks | pops=CSA,EUR | N_AFR=2358 | N_AMR=407 | N_CSA=2904 | N_EAS=1140 | N_EUR=202295 | N_MID=510 | rank_score=11.387096774193548 | containment=0.0 | exact=False",,,,,,,
D005168,Factor VII Deficiency,1,1,0,1,False,27.987179487179485,"id=categorical|6138|both_sexes|100| | type=categorical | description=Qualifications | pops=AFR,CSA,EAS,EUR,MID | N_AFR=931 | N_AMR=130 | N_CSA=1412 | N_EAS=358 | N_EUR=73293 | N_MID=252 | rank_score=11.020242914979756 | containment=0.0 | exact=False","id=categorical|6138|both_sexes|2| | type=categorical | description=Qualifications | pops=EAS,EUR | N_AFR=880 | N_AMR=177 | N_CSA=1399 | N_EAS=416 | N_EUR=112131 | N_MID=272 | rank_score=11.020242914979756 | containment=0.0 | exact=False","id=categorical|6138|both_sexes|3| | type=categorical | description=Qualifications | pops=CSA,EUR,MID | N_AFR=2078 | N_AMR=250 | N_CSA=2398 | N_EAS=574 | N_EUR=195589 | N_MID=353 | rank_score=11.020242914979756 | containment=0.0 | exact=False",,,,,,"id=continuous|5257|both_sexes||irnt | type=continuous | description=Corneal resistance factor (right) | pops=CSA,EUR | N_AFR=3330 | N_CSA=3974 | N_EAS=914 | N_EUR=87199 | rank_score=27.987179487179485 | containment=0.3333333333333333 | exact=False",
D005173,Factor XI Deficiency,1,1,1,0,False,28.138916583582585,"id=categorical|4957|both_sexes|4957| | type=categorical | description=FI3 : word interpolation | pops=CSA,EUR | N_AFR=1975 | N_AMR=229 | N_CSA=2594 | N_EAS=656 | N_EUR=113724 | N_MID=302 | rank_score=11.406926406926406 | containment=0.0 | exact=False","id=categorical|1980|both_sexes|1980| | type=categorical | description=Worrier / anxious feelings | pops=CSA,EAS,EUR | N_AFR=2740 | N_AMR=508 | N_CSA=4462 | N_EAS=1214 | N_EUR=231995 | N_MID=914 | rank_score=11.31282254863041 | containment=0.0 | exact=False","id=categorical|6138|both_sexes|100| | type=categorical | description=Qualifications | pops=AFR,CSA,EAS,EUR,MID | N_AFR=931 | N_AMR=130 | N_CSA=1412 | N_EAS=358 | N_EUR=73293 | N_MID=252 | rank_score=11.255578093306289 | containment=0.0 | exact=False",,,,,,"id=continuous|5257|both_sexes||irnt | type=continuous | description=Corneal resistance factor (right) | pops=CSA,EUR | N_AFR=3330 | N_CSA=3974 | N_EAS=914 | N_EUR=87199 | rank_score=28.138916583582585 | containment=0.3333333333333333 | exact=False",
D042882,Gallstones,1,1,0,1,False,13.020703933747413,"id=categorical|6138|both_sexes|100| | type=categorical | description=Qualifications | pops=AFR,CSA,EAS,EUR,MID | N_AFR=931 | N_AMR=130 | N_CSA=1412 | N_EAS=358 | N_EUR=73293 | N_MID=252 | rank_score=13.020703933747413 | containment=0.0 | exact=False","id=categorical|6138|both_sexes|2| | type=categorical | description=Qualifications | pops=EAS,EUR | N_AFR=880 | N_AMR=177 | N_CSA=1399 | N_EAS=416 | N_EUR=112131 | N_MID=272 | rank_score=13.020703933747413 | containment=0.0 | exact=False","id=categorical|6138|both_sexes|3| | type=categorical | description=Qualifications | pops=CSA,EUR,MID | N_AFR=2078 | N_AMR=250 | N_CSA=2398 | N_EAS=574 | N_EUR=195589 | N_MID=353 | rank_score=13.020703933747413 | containment=0.0 | exact=False",,,,,,,
D005909,Glioblastoma,1,1,0,1,False,12.86013986013986,"id=icd10|J45|both_sexes|| | type=icd10 | description=J45 Asthma | pops=CSA,EUR,MID | N_AFR=573 | N_AMR=64 | N_CSA=900 | N_EAS=149 | N_EUR=31030 | N_MID=139 | rank_score=12.86013986013986 | containment=0.0 | exact=False","id=categorical|2020|both_sexes|2020| | type=categorical | description=Loneliness, isolation | pops=AFR,EUR | N_AFR=1634 | N_AMR=241 | N_CSA=2200 | N_EAS=461 | N_EUR=74098 | N_MID=427 | rank_score=11.88157894736842 | containment=0.0 | exact=False","id=icd10|E66|both_sexes|| | type=icd10 | description=E66 Obesity | pops=EUR,MID | N_AFR=421 | N_CSA=362 | N_EUR=15917 | N_MID=79 | rank_score=10.725752508361204 | containment=0.0 | exact=False",,,,,,,
D006177,Gynecomastia,1,1,0,1,False,11.426573426573428,"id=icd10|J45|both_sexes|| | type=icd10 | description=J45 Asthma | pops=CSA,EUR,MID | N_AFR=573 | N_AMR=64 | N_CSA=900 | N_EAS=149 | N_EUR=31030 | N_MID=139 | rank_score=11.426573426573428 | containment=0.0 | exact=False","id=icd10|K44|both_sexes|| | type=icd10 | description=K44 Diaphragmatic hernia | pops=EUR,MID | N_AFR=326 | N_AMR=70 | N_CSA=660 | N_EAS=88 | N_EUR=33359 | N_MID=139 | rank_score=10.82051282051282 | containment=0.0 | exact=False","id=phecode|558|both_sexes|| | type=phecode | description=Noninfectious gastroenteritis | pops=CSA,EUR | N_AFR=187 | N_CSA=416 | N_EAS=61 | N_EUR=17088 | N_MID=76 | rank_score=10.804878048780488 | containment=0.0 | exact=False",,,,,,,
D006333,Heart Failure,1,1,0,1,False,44.64285714285714,"id=phecode|411|both_sexes|| | type=phecode | description=Ischemic Heart Disease | pops=CSA,EUR | N_AFR=400 | N_AMR=69 | N_CSA=1374 | N_EAS=103 | N_EUR=37672 | N_MID=163 | rank_score=44.64285714285714 | containment=0.5 | exact=False","id=icd10|I25|both_sexes|| | type=icd10 | description=I25 Chronic ischaemic heart disease | pops=CSA,EUR | N_AFR=302 | N_AMR=52 | N_CSA=1205 | N_EAS=83 | N_EUR=31148 | N_MID=136 | rank_score=39.64814814814815 | containment=0.5 | exact=False","id=phecode|411.8|both_sexes|| | type=phecode | description=Other chronic ischemic heart disease, unspecified | pops=CSA,EAS,EUR | N_AFR=302 | N_AMR=52 | N_CSA=1205 | N_EAS=83 | N_EUR=31198 | N_MID=136 | rank_score=38.90163934426229 | containment=0.5 | exact=False",,,,,,,
D019337,Hematologic Neoplasms,1,1,0,1,False,12.142857142857142,"id=icd10|K44|both_sexes|| | type=icd10 | description=K44 Diaphragmatic hernia | pops=EUR,MID | N_AFR=326 | N_AMR=70 | N_CSA=660 | N_EAS=88 | N_EUR=33359 | N_MID=139 | rank_score=12.142857142857142 | containment=0.0 | exact=False","id=phecode|550.2|both_sexes|| | type=phecode | description=Diaphragmatic hernia | pops=CSA,EUR,MID | N_AFR=326 | N_AMR=70 | N_CSA=660 | N_EAS=88 | N_EUR=33482 | N_MID=139 | rank_score=11.78048780487805 | containment=0.0 | exact=False","id=phecode|530|both_sexes|| | type=phecode | description=Diseases of esophagus | pops=EUR,MID | N_AFR=519 | N_AMR=95 | N_CSA=964 | N_EAS=151 | N_EUR=42944 | N_MID=172 | rank_score=11.571428571428571 | containment=0.0 | exact=False",,,,,,,
D006432,Hemochromatosis,1,1,0,1,False,14.03448275862069,"id=phecode|740|both_sexes|| | type=phecode | description=Osteoarthrosis | pops=EUR,MID | N_AFR=423 | N_AMR=53 | N_CSA=547 | N_EAS=74 | N_EUR=36073 | N_MID=86 | rank_score=14.03448275862069 | containment=0.0 | exact=False","id=phecode|411|both_sexes|| | type=phecode | description=Ischemic Heart Disease | pops=CSA,EUR | N_AFR=400 | N_AMR=69 | N_CSA=1374 | N_EAS=103 | N_EUR=37672 | N_MID=163 | rank_score=12.72972972972973 | containment=0.0 | exact=False","id=phecode|574.1|both_sexes|| | type=phecode | description=Cholelithiasis | pops=EAS,EUR | N_AFR=120 | N_CSA=255 | N_EAS=68 | N_EUR=17278 | rank_score=12.655172413793103 | containment=0.0 | exact=False",,,,,,,
D006712,Homocystinuria,1,1,0,1,False,12.333333333333334,"id=phecode|550|both_sexes|| | type=phecode | description=Abdominal hernia | pops=EAS,EUR | N_AFR=617 | N_AMR=112 | N_EAS=128 | N_EUR=56668 | N_MID=224 | rank_score=12.333333333333334 | containment=0.0 | exact=False","id=icd10|K44|both_sexes|| | type=icd10 | description=K44 Diaphragmatic hernia | pops=EUR,MID | N_AFR=326 | N_AMR=70 | N_CSA=660 | N_EAS=88 | N_EUR=33359 | N_MID=139 | rank_score=11.43984962406015 | containment=0.0 | exact=False","id=phecode|550.2|both_sexes|| | type=phecode | description=Diaphragmatic hernia | pops=CSA,EUR,MID | N_AFR=326 | N_AMR=70 | N_CSA=660 | N_EAS=88 | N_EUR=33482 | N_MID=139 | rank_score=11.235294117647058 | containment=0.0 | exact=False",,,,,,"id=continuous|30530|both_sexes||irnt | type=continuous | description=Sodium in urine | pops=CSA,EUR,MID | N_AFR=6370 | N_AMR=937 | N_CSA=8453 | N_EAS=2619 | N_EUR=407610 | N_MID=1523 | rank_score=10.644183402804092 | containment=0.0 | exact=False",
D006934,Hypercalcemia,1,1,1,0,False,14.2,"id=phecode|401|both_sexes|| | type=phecode | description=Hypertension | pops=CSA,EUR | N_AFR=2037 | N_AMR=160 | N_CSA=2690 | N_EAS=431 | N_EUR=94311 | N_MID=348 | rank_score=14.2 | containment=0.0 | exact=False","id=icd10|K42|both_sexes|| | type=icd10 | description=K42 Umbilical hernia | pops=CSA,EUR | N_AFR=105 | N_CSA=90 | N_EUR=4511 | rank_score=11.754208754208754 | containment=0.0 | exact=False","id=phecode|550.4|both_sexes|| | type=phecode | description=Umbilical hernia | pops=CSA,EUR | N_AFR=105 | N_CSA=90 | N_EUR=4541 | rank_score=11.275862068965518 | containment=0.0 | exact=False",,,,,,,
D008072,Hyperlipoproteinemia Type I,1,1,1,0,False,44.97368421052632,"id=categorical|1428|both_sexes|0| | type=categorical | description=Spread type | pops=CSA,EUR,MID | N_AFR=1170 | N_AMR=188 | N_CSA=1232 | N_EAS=564 | N_EUR=42617 | N_MID=492 | rank_score=44.97368421052632 | containment=0.5 | exact=False","id=categorical|1428|both_sexes|1| | type=categorical | description=Spread type | pops=EAS,EUR | N_AFR=2276 | N_AMR=392 | N_CSA=2611 | N_EAS=984 | N_EUR=152410 | N_MID=503 | rank_score=44.97368421052632 | containment=0.5 | exact=False","id=categorical|1468|both_sexes|2| | type=categorical | description=Cereal type | pops=EUR,MID | N_AFR=749 | N_AMR=88 | N_CSA=1365 | N_EAS=196 | N_EUR=62649 | N_MID=171 | rank_score=43.94283912395368 | containment=0.5 | exact=False",,,,,,,
D049950,"Hyperparathyroidism, Primary",1,1,1,0,False,12.0812324929972,"id=categorical|2335|both_sexes|2335| | type=categorical | description=Chest pain or discomfort | pops=CSA,EUR | N_AFR=1620 | N_AMR=192 | N_CSA=1865 | N_EAS=491 | N_EUR=65852 | N_MID=363 | rank_score=12.0812324929972 | containment=0.0 | exact=False","id=phecode|740|both_sexes|| | type=phecode | description=Osteoarthrosis | pops=EUR,MID | N_AFR=423 | N_AMR=53 | N_CSA=547 | N_EAS=74 | N_EUR=36073 | N_MID=86 | rank_score=11.78048780487805 | containment=0.0 | exact=False","id=phecode|716|both_sexes|| | type=phecode | description=Other arthropathies | pops=EAS,EUR | N_AFR=607 | N_AMR=74 | N_CSA=881 | N_EAS=117 | N_EUR=42030 | N_MID=123 | rank_score=11.695652173913045 | containment=0.0 | exact=False",,,,,,,
D006962,"Hyperparathyroidism, Secondary",1,1,1,0,False,12.6102980074061,"id=categorical|2335|both_sexes|2335| | type=categorical | description=Chest pain or discomfort | pops=CSA,EUR | N_AFR=1620 | N_AMR=192 | N_CSA=1865 | N_EAS=491 | N_EUR=65852 | N_MID=363 | rank_score=12.6102980074061 | containment=0.0 | exact=False","id=categorical|20004|both_sexes|1477| | type=categorical | description=Operation code | pops=EUR,MID | N_AFR=557 | N_AMR=118 | N_CSA=666 | N_EAS=254 | N_EUR=21130 | N_MID=102 | rank_score=12.319448869066582 | containment=0.0 | exact=False","id=categorical|20004|both_sexes|1478| | type=categorical | description=Operation code | pops=AFR,EUR | N_AFR=129 | N_AMR=101 | N_CSA=233 | N_EAS=85 | N_EUR=65576 | N_MID=112 | rank_score=12.319448869066582 | containment=0.0 | exact=False",,,,,,,
D006980,Hyperthyroidism,1,1,0,1,False,14.03448275862069,"id=phecode|740|both_sexes|| | type=phecode | description=Osteoarthrosis | pops=EUR,MID | N_AFR=423 | N_AMR=53 | N_CSA=547 | N_EAS=74 | N_EUR=36073 | N_MID=86 | rank_score=14.03448275862069 | containment=0.0 | exact=False","id=phecode|716|both_sexes|| | type=phecode | description=Other arthropathies | pops=EAS,EUR | N_AFR=607 | N_AMR=74 | N_CSA=881 | N_EAS=117 | N_EUR=42030 | N_MID=123 | rank_score=13.588235294117649 | containment=0.0 | exact=False","id=phecode|401|both_sexes|| | type=phecode | description=Hypertension | pops=CSA,EUR | N_AFR=2037 | N_AMR=160 | N_CSA=2690 | N_EAS=431 | N_EUR=94311 | N_MID=348 | rank_score=13.37037037037037 | containment=0.0 | exact=False",,,,,,,
D052456,Hypoalphalipoproteinemias,1,1,0,1,False,13.658536585365855,"id=icd10|K80|both_sexes|| | type=icd10 | description=K80 Cholelithiasis | pops=EAS,EUR | N_AFR=120 | N_CSA=253 | N_EAS=67 | N_EUR=16983 | rank_score=12.39773404889684 | containment=0.0 | exact=False","id=phecode|574.1|both_sexes|| | type=phecode | description=Cholelithiasis | pops=EAS,EUR | N_AFR=120 | N_CSA=255 | N_EAS=68 | N_EUR=17278 | rank_score=12.230769230769232 | containment=0.0 | exact=False","id=icd10|Z86|both_sexes|| | type=icd10 | description=Z86 Personal history of certain other diseases | pops=EUR,MID | N_AFR=798 | N_AMR=131 | N_CSA=1069 | N_EAS=190 | N_EUR=64593 | N_MID=230 | rank_score=11.912964969302998 | containment=0.0 | exact=False",,,,,,"id=biomarkers|30630|both_sexes||irnt | type=biomarkers | description=Apolipoprotein A | pops=CSA,EUR,MID | N_AFR=5732 | N_AMR=846 | N_CSA=7679 | N_EAS=2325 | N_EUR=364987 | N_MID=1360 | rank_score=13.658536585365855 | containment=0.0 | exact=False","id=biomarkers|30640|both_sexes||irnt | type=biomarkers | description=Apolipoprotein B | pops=CSA,EUR | N_AFR=6169 | N_AMR=932 | N_CSA=8352 | N_EAS=2553 | N_EUR=399003 | N_MID=1496 | rank_score=12.682926829268292 | containment=0.0 | exact=False"
D006996,Hypocalcemia,1,1,0,1,False,12.230769230769232,"id=phecode|574.1|both_sexes|| | type=phecode | description=Cholelithiasis | pops=EAS,EUR | N_AFR=120 | N_CSA=255 | N_EAS=68 | N_EUR=17278 | rank_score=12.230769230769232 | containment=0.0 | exact=False","id=icd10|K80|both_sexes|| | type=icd10 | description=K80 Cholelithiasis | pops=EAS,EUR | N_AFR=120 | N_CSA=253 | N_EAS=67 | N_EUR=16983 | rank_score=12.153846153846152 | containment=0.0 | exact=False","id=icd10|K42|both_sexes|| | type=icd10 | description=K42 Umbilical hernia | pops=CSA,EUR | N_AFR=105 | N_CSA=90 | N_EUR=4511 | rank_score=11.653846153846152 | containment=0.0 | exact=False",,,,,,,
D007014,Hypophosphatasia,1,1,1,0,False,12.8,"id=phecode|401|both_sexes|| | type=phecode | description=Hypertension | pops=CSA,EUR | N_AFR=2037 | N_AMR=160 | N_CSA=2690 | N_EAS=431 | N_EUR=94311 | N_MID=348 | rank_score=11.571428571428571 | containment=0.0 | exact=False","id=phecode|574.1|both_sexes|| | type=phecode | description=Cholelithiasis | pops=EAS,EUR | N_AFR=120 | N_CSA=255 | N_EAS=68 | N_EUR=17278 | rank_score=11.0 | containment=0.0 | exact=False","id=categorical|6141|both_sexes|1| | type=categorical | description=How are people in household related to participant | pops=CSA,EUR | N_AFR=2799 | N_AMR=629 | N_CSA=6488 | N_EAS=1847 | N_EUR=309041 | N_MID=974 | rank_score=10.87878787878788 | containment=0.0 | exact=False",,,,,,"id=biomarkers|30810|both_sexes||irnt | type=biomarkers | description=Phosphate | pops=CSA,EUR | N_AFR=5750 | N_AMR=854 | N_CSA=7685 | N_EAS=2342 | N_EUR=366484 | N_MID=1360 | rank_score=12.8 | containment=0.0 | exact=False","id=biomarkers|30610|both_sexes||irnt | type=biomarkers | description=Alkaline phosphatase | pops=CSA,EUR,MID | N_AFR=6216 | N_AMR=938 | N_CSA=8422 | N_EAS=2572 | N_EUR=400988 | N_MID=1497 | rank_score=11.11111111111111 | containment=0.0 | exact=False"
D017674,Hypophosphatemia,1,1,0,1,False,14.4,"id=phecode|401|both_sexes|| | type=phecode | description=Hypertension | pops=CSA,EUR | N_AFR=2037 | N_AMR=160 | N_CSA=2690 | N_EAS=431 | N_EUR=94311 | N_MID=348 | rank_score=11.571428571428571 | containment=0.0 | exact=False","id=icd10|I25|both_sexes|| | type=icd10 | description=I25 Chronic ischaemic heart disease | pops=CSA,EUR | N_AFR=302 | N_AMR=52 | N_CSA=1205 | N_EAS=83 | N_EUR=31148 | N_MID=136 | rank_score=11.058823529411764 | containment=0.0 | exact=False","id=icd10|K44|both_sexes|| | type=icd10 | description=K44 Diaphragmatic hernia | pops=EUR,MID | N_AFR=326 | N_AMR=70 | N_CSA=660 | N_EAS=88 | N_EUR=33359 | N_MID=139 | rank_score=11.0 | containment=0.0 | exact=False",,,,,,"id=biomarkers|30810|both_sexes||irnt | type=biomarkers | description=Phosphate | pops=CSA,EUR | N_AFR=5750 | N_AMR=854 | N_CSA=7685 | N_EAS=2342 | N_EUR=366484 | N_MID=1360 | rank_score=14.4 | containment=0.0 | exact=False","id=biomarkers|30610|both_sexes||irnt | type=biomarkers | description=Alkaline phosphatase | pops=CSA,EUR,MID | N_AFR=6216 | N_AMR=938 | N_CSA=8422 | N_EAS=2572 | N_EUR=400988 | N_MID=1497 | rank_score=10.0 | containment=0.0 | exact=False"
D007037,Hypothyroidism,1,1,1,0,False,13.0,"id=phecode|574.1|both_sexes|| | type=phecode | description=Cholelithiasis | pops=EAS,EUR | N_AFR=120 | N_CSA=255 | N_EAS=68 | N_EUR=17278 | rank_score=13.0 | containment=0.0 | exact=False","id=phecode|740|both_sexes|| | type=phecode | description=Osteoarthrosis | pops=EUR,MID | N_AFR=423 | N_AMR=53 | N_CSA=547 | N_EAS=74 | N_EUR=36073 | N_MID=86 | rank_score=13.0 | containment=0.0 | exact=False","id=icd10|K80|both_sexes|| | type=icd10 | description=K80 Cholelithiasis | pops=EAS,EUR | N_AFR=120 | N_CSA=253 | N_EAS=67 | N_EUR=16983 | rank_score=12.821428571428571 | containment=0.0 | exact=False",,,,,,,
D020177,Idiopathic Hypersomnia,1,1,0,1,False,16.333333333333332,"id=phecode|550.2|both_sexes|| | type=phecode | description=Diaphragmatic hernia | pops=CSA,EUR,MID | N_AFR=326 | N_AMR=70 | N_CSA=660 | N_EAS=88 | N_EUR=33482 | N_MID=139 | rank_score=16.333333333333332 | containment=0.0 | exact=False","id=icd10|K44|both_sexes|| | type=icd10 | description=K44 Diaphragmatic hernia | pops=EUR,MID | N_AFR=326 | N_AMR=70 | N_CSA=660 | N_EAS=88 | N_EUR=33359 | N_MID=139 | rank_score=16.285024154589372 | containment=0.0 | exact=False","id=icd10|K42|both_sexes|| | type=icd10 | description=K42 Umbilical hernia | pops=CSA,EUR | N_AFR=105 | N_CSA=90 | N_EUR=4511 | rank_score=13.634920634920634 | containment=0.0 | exact=False",,,,,,,
D055623,"Keratosis, Actinic",1,1,0,1,False,13.412903225806453,"id=icd10|M16|both_sexes|| | type=icd10 | description=M16 Coxarthrosis [arthrosis of hip] | pops=CSA,EUR | N_AFR=71 | N_CSA=60 | N_EUR=14999 | rank_score=13.412903225806453 | containment=0.0 | exact=False","id=icd10|M17|both_sexes|| | type=icd10 | description=M17 Gonarthrosis [arthrosis of knee] | pops=EUR,MID | N_AFR=408 | N_CSA=595 | N_EAS=73 | N_EUR=24753 | N_MID=76 | rank_score=13.24035420619861 | containment=0.0 | exact=False","id=categorical|20003|both_sexes|1140865634| | type=categorical | description=Treatment/medication code | pops=CSA,EUR | N_AFR=352 | N_AMR=77 | N_CSA=636 | N_EAS=81 | N_EUR=24743 | N_MID=119 | rank_score=13.038095238095238 | containment=0.0 | exact=False",,,,,,,
D007863,Lecithin Cholesterol Acyltransferase Deficiency,1,1,0,1,False,60.08620689655172,"id=icd10|I25|both_sexes|| | type=icd10 | description=I25 Chronic ischaemic heart disease | pops=CSA,EUR | N_AFR=302 | N_AMR=52 | N_CSA=1205 | N_EAS=83 | N_EUR=31148 | N_MID=136 | rank_score=11.464614154338264 | containment=0.0 | exact=False","id=phecode|411.8|both_sexes|| | type=phecode | description=Other chronic ischemic heart disease, unspecified | pops=CSA,EAS,EUR | N_AFR=302 | N_AMR=52 | N_CSA=1205 | N_EAS=83 | N_EUR=31198 | N_MID=136 | rank_score=11.421052631578949 | containment=0.0 | exact=False","id=categorical|6162|both_sexes|1| | type=categorical | description=Types of transport used (excluding work) | pops=EUR,MID | N_AFR=3402 | N_AMR=528 | N_CSA=6115 | N_EAS=1629 | N_EUR=332978 | N_MID=942 | rank_score=11.0 | containment=0.0 | exact=False",,,,,,"id=biomarkers|30690|both_sexes||irnt | type=biomarkers | description=Cholesterol | pops=CSA,EUR | N_AFR=6212 | N_AMR=938 | N_CSA=8422 | N_EAS=2572 | N_EUR=400963 | N_MID=1500 | rank_score=60.08620689655172 | containment=1.0 | exact=False","id=biomarkers|30760|both_sexes||irnt | type=biomarkers | description=HDL cholesterol | pops=CSA,EUR | N_AFR=5754 | N_AMR=854 | N_CSA=7688 | N_EAS=2342 | N_EUR=367021 | N_MID=1364 | rank_score=36.88709677419355 | containment=0.5 | exact=False"
D007889,Leiomyoma,1,1,1,0,False,10.142857142857142,"id=categorical|20110|both_sexes|100| | type=categorical | description=Illnesses of mother | pops=AFR,CSA,EUR | N_AFR=1814 | N_AMR=365 | N_CSA=2579 | N_EAS=922 | N_EUR=160672 | N_MID=583 | rank_score=10.142857142857142 | containment=0.0 | exact=False","id=categorical|20110|both_sexes|8| | type=categorical | description=Illnesses of mother | pops=AFR,EUR | N_AFR=3097 | N_AMR=310 | N_CSA=3163 | N_EAS=966 | N_EUR=118286 | N_MID=528 | rank_score=10.142857142857142 | containment=0.0 | exact=False","id=categorical|20110|both_sexes|9| | type=categorical | description=Illnesses of mother | pops=AFR,EUR | N_AFR=1556 | N_AMR=117 | N_CSA=2418 | N_EAS=452 | N_EUR=36007 | N_MID=267 | rank_score=10.142857142857142 | containment=0.0 | exact=False",,,,,,,
D007890,Leiomyosarcoma,1,1,0,1,False,11.346681922196796,"id=categorical|2335|both_sexes|2335| | type=categorical | description=Chest pain or discomfort | pops=CSA,EUR | N_AFR=1620 | N_AMR=192 | N_CSA=1865 | N_EAS=491 | N_EUR=65852 | N_MID=363 | rank_score=11.346681922196796 | containment=0.0 | exact=False","id=categorical|20110|both_sexes|100| | type=categorical | description=Illnesses of mother | pops=AFR,CSA,EUR | N_AFR=1814 | N_AMR=365 | N_CSA=2579 | N_EAS=922 | N_EUR=160672 | N_MID=583 | rank_score=10.272727272727272 | containment=0.0 | exact=False","id=categorical|20110|both_sexes|8| | type=categorical | description=Illnesses of mother | pops=AFR,EUR | N_AFR=3097 | N_AMR=310 | N_CSA=3163 | N_EAS=966 | N_EUR=118286 | N_MID=528 | rank_score=10.272727272727272 | containment=0.0 | exact=False",,,,,,,
D015451,"Leukemia, Lymphocytic, Chronic, B-Cell",1,1,1,0,False,39.04716981132076,"id=phecode|496.2|both_sexes|| | type=phecode | description=Chronic bronchitis | pops=CSA,EUR | N_AFR=77 | N_CSA=156 | N_EUR=11764 | rank_score=39.04716981132076 | containment=0.5 | exact=False","id=phecode|496.21|both_sexes|| | type=phecode | description=Obstructive chronic bronchitis | pops=CSA,EUR | N_AFR=74 | N_CSA=152 | N_EUR=11537 | rank_score=32.23076923076923 | containment=0.3333333333333333 | exact=False","id=phecode|411.8|both_sexes|| | type=phecode | description=Other chronic ischemic heart disease, unspecified | pops=CSA,EAS,EUR | N_AFR=302 | N_AMR=52 | N_CSA=1205 | N_EAS=83 | N_EUR=31198 | N_MID=136 | rank_score=29.26506024096385 | containment=0.3333333333333333 | exact=False",,,,,,"id=continuous|30270|both_sexes||irnt | type=continuous | description=Mean sphered cell volume | pops=AFR,CSA,EUR | N_AFR=6108 | N_AMR=926 | N_CSA=8315 | N_EAS=2582 | N_EUR=401345 | N_MID=1518 | rank_score=23.78804339111332 | containment=0.25 | exact=False","id=continuous|30120|both_sexes||irnt | type=continuous | description=Lymphocyte count | pops=CSA,EUR | N_AFR=6262 | N_AMR=949 | N_CSA=8502 | N_EAS=2630 | N_EUR=407265 | N_MID=1546 | rank_score=23.765843867729917 | containment=0.25 | exact=False"
D015464,"Leukemia, Myelogenous, Chronic, BCR-ABL Positive",1,1,0,1,False,38.03968253968254,"id=phecode|496.2|both_sexes|| | type=phecode | description=Chronic bronchitis | pops=CSA,EUR | N_AFR=77 | N_CSA=156 | N_EUR=11764 | rank_score=38.03968253968254 | containment=0.5 | exact=False","id=phecode|411.8|both_sexes|| | type=phecode | description=Other chronic ischemic heart disease, unspecified | pops=CSA,EAS,EUR | N_AFR=302 | N_AMR=52 | N_CSA=1205 | N_EAS=83 | N_EUR=31198 | N_MID=136 | rank_score=29.922043010752688 | containment=0.3333333333333333 | exact=False","id=phecode|496.21|both_sexes|| | type=phecode | description=Obstructive chronic bronchitis | pops=CSA,EUR | N_AFR=74 | N_CSA=152 | N_EUR=11537 | rank_score=29.75 | containment=0.3333333333333333 | exact=False",,,,,,,
D007970,Leukopenia,1,1,1,0,False,12.523809523809524,"id=phecode|327.3|both_sexes|| | type=phecode | description=Sleep apnea | pops=CSA,EUR | N_AFR=127 | N_CSA=151 | N_EUR=5621 | rank_score=12.523809523809524 | containment=0.0 | exact=False","id=icd10|E66|both_sexes|| | type=icd10 | description=E66 Obesity | pops=EUR,MID | N_AFR=421 | N_CSA=362 | N_EUR=15917 | N_MID=79 | rank_score=11.86904761904762 | containment=0.0 | exact=False","id=icd10|K42|both_sexes|| | type=icd10 | description=K42 Umbilical hernia | pops=CSA,EUR | N_AFR=105 | N_CSA=90 | N_EUR=4511 | rank_score=10.916666666666666 | containment=0.0 | exact=False",,,,,,,
D008103,Liver Cirrhosis,1,1,0,1,False,12.655172413793103,"id=phecode|740|both_sexes|| | type=phecode | description=Osteoarthrosis | pops=EUR,MID | N_AFR=423 | N_AMR=53 | N_CSA=547 | N_EAS=74 | N_EUR=36073 | N_MID=86 | rank_score=12.655172413793103 | containment=0.0 | exact=False","id=categorical|1980|both_sexes|1980| | type=categorical | description=Worrier / anxious feelings | pops=CSA,EAS,EUR | N_AFR=2740 | N_AMR=508 | N_CSA=4462 | N_EAS=1214 | N_EUR=231995 | N_MID=914 | rank_score=12.27541208791209 | containment=0.0 | exact=False","id=phecode|496.21|both_sexes|| | type=phecode | description=Obstructive chronic bronchitis | pops=CSA,EUR | N_AFR=74 | N_CSA=152 | N_EUR=11537 | rank_score=11.88888888888889 | containment=0.0 | exact=False",,,,,,,
D008105,"Liver Cirrhosis, Biliary",1,1,0,1,False,13.574970484061392,"id=categorical|1940|both_sexes|1940| | type=categorical | description=Irritability | pops=CSA,EUR | N_AFR=1110 | N_AMR=270 | N_CSA=1899 | N_EAS=558 | N_EUR=112713 | N_MID=458 | rank_score=13.574970484061392 | containment=0.0 | exact=False","id=categorical|1980|both_sexes|1980| | type=categorical | description=Worrier / anxious feelings | pops=CSA,EAS,EUR | N_AFR=2740 | N_AMR=508 | N_CSA=4462 | N_EAS=1214 | N_EUR=231995 | N_MID=914 | rank_score=11.72615553925165 | containment=0.0 | exact=False","id=icd10|M16|both_sexes|| | type=icd10 | description=M16 Coxarthrosis [arthrosis of hip] | pops=CSA,EUR | N_AFR=71 | N_CSA=60 | N_EUR=14999 | rank_score=11.397683397683398 | containment=0.0 | exact=False",,,,,,,
D008175,Lung Neoplasms,1,1,0,1,False,31.811277400099023,"id=categorical|20107|both_sexes|1| | type=categorical | description=Illnesses of father | pops=AFR,CSA,EAS,EUR | N_AFR=490 | N_AMR=206 | N_CSA=2401 | N_EAS=350 | N_EUR=121257 | N_MID=295 | rank_score=31.811277400099023 | containment=0.5 | exact=False","id=categorical|20107|both_sexes|100| | type=categorical | description=Illnesses of father | pops=CSA,EUR | N_AFR=2089 | N_AMR=322 | N_CSA=2434 | N_EAS=898 | N_EUR=136194 | N_MID=537 | rank_score=31.811277400099023 | containment=0.5 | exact=False","id=categorical|20107|both_sexes|101| | type=categorical | description=Illnesses of father | pops=AFR,EUR | N_AFR=3868 | N_AMR=585 | N_CSA=6296 | N_EAS=1797 | N_EUR=276893 | N_MID=1015 | rank_score=31.811277400099023 | containment=0.5 | exact=False",,,,,,,
D008223,Lymphoma,1,1,0,1,False,10.408163265306122,"id=icd10|J45|both_sexes|| | type=icd10 | description=J45 Asthma | pops=CSA,EUR,MID | N_AFR=573 | N_AMR=64 | N_CSA=900 | N_EAS=149 | N_EUR=31030 | N_MID=139 | rank_score=10.12121212121212 | containment=0.0 | exact=False","id=categorical|1468|both_sexes|2| | type=categorical | description=Cereal type | pops=EUR,MID | N_AFR=749 | N_AMR=88 | N_CSA=1365 | N_EAS=196 | N_EUR=62649 | N_MID=171 | rank_score=9.361244019138756 | containment=0.0 | exact=False","id=categorical|1468|both_sexes|4| | type=categorical | description=Cereal type | pops=EUR,MID | N_AFR=586 | N_AMR=138 | N_CSA=866 | N_EAS=332 | N_EUR=70931 | N_MID=213 | rank_score=9.361244019138756 | containment=0.0 | exact=False",,,,,,"id=continuous|30120|both_sexes||irnt | type=continuous | description=Lymphocyte count | pops=CSA,EUR | N_AFR=6262 | N_AMR=949 | N_CSA=8502 | N_EAS=2630 | N_EUR=407265 | N_MID=1546 | rank_score=10.408163265306122 | containment=0.0 | exact=False","id=continuous|30180|both_sexes||irnt | type=continuous | description=Lymphocyte percentage | pops=CSA,EUR,MID | N_AFR=6262 | N_AMR=949 | N_CSA=8502 | N_EAS=2630 | N_EUR=407282 | N_MID=1546 | rank_score=9.655172413793103 | containment=0.0 | exact=False"
D008224,"Lymphoma, Follicular",1,1,0,1,False,11.010351966873705,"id=icd10|K44|both_sexes|| | type=icd10 | description=K44 Diaphragmatic hernia | pops=EUR,MID | N_AFR=326 | N_AMR=70 | N_CSA=660 | N_EAS=88 | N_EUR=33359 | N_MID=139 | rank_score=10.420718816067655 | containment=0.0 | exact=False","id=icd10|K80|both_sexes|| | type=icd10 | description=K80 Cholelithiasis | pops=EAS,EUR | N_AFR=120 | N_CSA=253 | N_EAS=67 | N_EUR=16983 | rank_score=10.395577395577396 | containment=0.0 | exact=False","id=phecode|574.1|both_sexes|| | type=phecode | description=Cholelithiasis | pops=EAS,EUR | N_AFR=120 | N_CSA=255 | N_EAS=68 | N_EUR=17278 | rank_score=10.272727272727272 | containment=0.0 | exact=False",,,,,,"id=continuous|30120|both_sexes||irnt | type=continuous | description=Lymphocyte count | pops=CSA,EUR | N_AFR=6262 | N_AMR=949 | N_CSA=8502 | N_EAS=2630 | N_EUR=407265 | N_MID=1546 | rank_score=11.010351966873705 | containment=0.0 | exact=False",
D008527,Medulloblastoma,1,1,0,1,False,12.03448275862069,"id=icd10|J45|both_sexes|| | type=icd10 | description=J45 Asthma | pops=CSA,EUR,MID | N_AFR=573 | N_AMR=64 | N_CSA=900 | N_EAS=149 | N_EUR=31030 | N_MID=139 | rank_score=12.03448275862069 | containment=0.0 | exact=False","id=icd10|E66|both_sexes|| | type=icd10 | description=E66 Obesity | pops=EUR,MID | N_AFR=421 | N_CSA=362 | N_EUR=15917 | N_MID=79 | rank_score=11.726790450928382 | containment=0.0 | exact=False","id=categorical|20116|both_sexes|0| | type=categorical | description=Smoking status | pops=AFR,EAS,EUR | N_AFR=4595 | N_AMR=477 | N_CSA=6777 | N_EAS=1970 | N_EUR=227144 | N_MID=802 | rank_score=10.816091954022989 | containment=0.0 | exact=False",,,,,,,
D008659,Metabolic Diseases,1,1,0,1,False,43.70512820512821,"id=phecode|530|both_sexes|| | type=phecode | description=Diseases of esophagus | pops=EUR,MID | N_AFR=519 | N_AMR=95 | N_CSA=964 | N_EAS=151 | N_EUR=42944 | N_MID=172 | rank_score=43.70512820512821 | containment=0.5 | exact=False","id=phecode|530.1|both_sexes|| | type=phecode | description=Esophagitis, GERD and related diseases | pops=EUR,MID | N_AFR=478 | N_AMR=87 | N_CSA=910 | N_EAS=139 | N_EUR=40018 | N_MID=157 | rank_score=40.95454545454545 | containment=0.5 | exact=False","id=icd10|Z86|both_sexes|| | type=icd10 | description=Z86 Personal history of certain other diseases | pops=EUR,MID | N_AFR=798 | N_AMR=131 | N_CSA=1069 | N_EAS=190 | N_EUR=64593 | N_MID=230 | rank_score=39.5625 | containment=0.5 | exact=False",,,,,,"id=continuous|23105|both_sexes||irnt | type=continuous | description=Basal metabolic rate | pops=AFR,CSA,EUR | N_AFR=6458 | N_AMR=962 | N_CSA=8658 | N_EAS=2662 | N_EUR=413178 | N_MID=1535 | rank_score=42.671384343210974 | containment=0.5 | exact=False",
D009196,Myeloproliferative Disorders,1,1,0,1,False,46.66279069767442,"id=phecode|327|both_sexes|| | type=phecode | description=Sleep disorders | pops=CSA,EUR | N_AFR=141 | N_CSA=174 | N_EUR=6623 | N_MID=52 | rank_score=46.66279069767442 | containment=0.5 | exact=False","id=icd10|G47|both_sexes|| | type=icd10 | description=G47 Sleep disorders | pops=CSA,EUR | N_AFR=140 | N_CSA=173 | N_EUR=6557 | N_MID=52 | rank_score=44.87943262411347 | containment=0.5 | exact=False","id=phecode|317|both_sexes|| | type=phecode | description=Alcohol-related disorders | pops=AFR,EUR | N_AFR=129 | N_CSA=166 | N_EUR=16070 | rank_score=44.32075471698113 | containment=0.5 | exact=False",,,,,,,
D009223,Myotonic Dystrophy,1,1,0,1,False,11.88888888888889,"id=phecode|496.2|both_sexes|| | type=phecode | description=Chronic bronchitis | pops=CSA,EUR | N_AFR=77 | N_CSA=156 | N_EUR=11764 | rank_score=11.88888888888889 | containment=0.0 | exact=False","id=phecode|716|both_sexes|| | type=phecode | description=Other arthropathies | pops=EAS,EUR | N_AFR=607 | N_AMR=74 | N_CSA=881 | N_EAS=117 | N_EUR=42030 | N_MID=123 | rank_score=11.64864864864865 | containment=0.0 | exact=False","id=phecode|496.21|both_sexes|| | type=phecode | description=Obstructive chronic bronchitis | pops=CSA,EUR | N_AFR=74 | N_CSA=152 | N_EUR=11537 | rank_score=11.333333333333334 | containment=0.0 | exact=False",,,,,,,
D009303,Nasopharyngeal Neoplasms,1,1,0,1,False,13.88869715271786,"id=icd10|K21|both_sexes|| | type=icd10 | description=K21 Gastro-oesophageal reflux disease | pops=EUR,MID | N_AFR=395 | N_AMR=63 | N_CSA=729 | N_EAS=117 | N_EUR=29975 | N_MID=128 | rank_score=13.88869715271786 | containment=0.0 | exact=False","id=categorical|1538|both_sexes|0| | type=categorical | description=Major dietary changes in the last 5 years | pops=CSA,EUR | N_AFR=2892 | N_AMR=473 | N_CSA=4511 | N_EAS=1726 | N_EUR=257507 | N_MID=855 | rank_score=13.646698434309055 | containment=0.0 | exact=False","id=categorical|1538|both_sexes|1| | type=categorical | description=Major dietary changes in the last 5 years | pops=CSA,EUR | N_AFR=1260 | N_AMR=114 | N_CSA=1766 | N_EAS=236 | N_EUR=44564 | N_MID=288 | rank_score=13.646698434309055 | containment=0.0 | exact=False",,,,,,,
D018307,"Neoplasms, Squamous Cell",1,1,0,1,False,27.384050206643195,,,,,,,,,"id=continuous|30270|both_sexes||irnt | type=continuous | description=Mean sphered cell volume | pops=AFR,CSA,EUR | N_AFR=6108 | N_AMR=926 | N_CSA=8315 | N_EAS=2582 | N_EUR=401345 | N_MID=1518 | rank_score=27.384050206643195 | containment=0.3333333333333333 | exact=False","id=continuous|30140|both_sexes||irnt | type=continuous | description=Neutrophill count | pops=CSA,EUR,MID | N_AFR=6262 | N_AMR=949 | N_CSA=8502 | N_EAS=2630 | N_EUR=407265 | N_MID=1546 | rank_score=25.15340442986054 | containment=0.3333333333333333 | exact=False"
D009437,Neuralgia,1,1,0,1,False,11.716399061879848,"id=categorical|6138|both_sexes|100| | type=categorical | description=Qualifications | pops=AFR,CSA,EAS,EUR,MID | N_AFR=931 | N_AMR=130 | N_CSA=1412 | N_EAS=358 | N_EUR=73293 | N_MID=252 | rank_score=11.716399061879848 | containment=0.0 | exact=False","id=categorical|6138|both_sexes|2| | type=categorical | description=Qualifications | pops=EAS,EUR | N_AFR=880 | N_AMR=177 | N_CSA=1399 | N_EAS=416 | N_EUR=112131 | N_MID=272 | rank_score=11.716399061879848 | containment=0.0 | exact=False","id=categorical|6138|both_sexes|3| | type=categorical | description=Qualifications | pops=CSA,EUR,MID | N_AFR=2078 | N_AMR=250 | N_CSA=2398 | N_EAS=574 | N_EUR=195589 | N_MID=353 | rank_score=11.716399061879848 | containment=0.0 | exact=False",,,,,,,
D018242,"Neuroectodermal Tumors, Primitive",1,1,0,1,False,13.049280504632366,"id=categorical|6160|both_sexes|1| | type=categorical | description=Leisure/social activities | pops=AFR,CSA,EUR | N_AFR=1545 | N_AMR=256 | N_CSA=1973 | N_EAS=711 | N_EUR=125667 | N_MID=357 | rank_score=13.049280504632366 | containment=0.0 | exact=False","id=categorical|6160|both_sexes|100| | type=categorical | description=Leisure/social activities | pops=AFR,CSA,EUR,MID | N_AFR=1603 | N_AMR=290 | N_CSA=3026 | N_EAS=962 | N_EUR=126966 | N_MID=612 | rank_score=13.049280504632366 | containment=0.0 | exact=False","id=categorical|6160|both_sexes|4| | type=categorical | description=Leisure/social activities | pops=CSA,EUR | N_AFR=509 | N_AMR=125 | N_CSA=448 | N_EAS=222 | N_EUR=29885 | N_MID=148 | rank_score=13.049280504632366 | containment=0.0 | exact=False",,,,,,,
D065626,Non-alcoholic Fatty Liver Disease,1,1,0,1,False,27.062937062937063,"id=icd10|E11|both_sexes|| | type=icd10 | description=E11 Non-insulin-dependent diabetes mellitus | pops=CSA,EUR | N_AFR=792 | N_CSA=1662 | N_EAS=152 | N_EUR=22634 | N_MID=170 | rank_score=26.22835013064576 | containment=0.25 | exact=False","id=categorical|20002|both_sexes|1065| | type=categorical | description=Non-cancer illness code, self-reported | pops=CSA,EAS,EUR | N_AFR=2519 | N_AMR=203 | N_CSA=2564 | N_EAS=563 | N_EUR=109307 | N_MID=374 | rank_score=25.025755177417224 | containment=0.25 | exact=False","id=categorical|20002|both_sexes|1074| | type=categorical | description=Non-cancer illness code, self-reported | pops=CSA,EUR | N_AFR=150 | N_CSA=494 | N_EUR=13408 | N_MID=72 | rank_score=25.025755177417224 | containment=0.25 | exact=False",,,,,,"id=continuous|NAP|both_sexes||irnt | type=continuous | description=Non-albumin protein | pops=CSA,EAS,EUR | N_AFR=5765 | N_AMR=858 | N_CSA=7707 | N_EAS=2344 | N_EUR=368642 | N_MID=1367 | rank_score=27.062937062937063 | containment=0.3333333333333333 | exact=False",
D009293,Opioid-Related Disorders,1,1,1,0,False,64.3265306122449,"id=phecode|317|both_sexes|| | type=phecode | description=Alcohol-related disorders | pops=AFR,EUR | N_AFR=129 | N_CSA=166 | N_EUR=16070 | rank_score=64.3265306122449 | containment=0.6666666666666666 | exact=False","id=phecode|327|both_sexes|| | type=phecode | description=Sleep disorders | pops=CSA,EUR | N_AFR=141 | N_CSA=174 | N_EUR=6623 | N_MID=52 | rank_score=44.282051282051285 | containment=0.5 | exact=False","id=icd10|G47|both_sexes|| | type=icd10 | description=G47 Sleep disorders | pops=CSA,EUR | N_AFR=140 | N_CSA=173 | N_EUR=6557 | N_MID=52 | rank_score=36.33782129742962 | containment=0.3333333333333333 | exact=False",,,,,,,
D016584,Panic Disorder,1,1,0,1,False,16.793103448275865,"id=phecode|327|both_sexes|| | type=phecode | description=Sleep disorders | pops=CSA,EUR | N_AFR=141 | N_CSA=174 | N_EUR=6623 | N_MID=52 | rank_score=16.793103448275865 | containment=0.0 | exact=False","id=icd10|G47|both_sexes|| | type=icd10 | description=G47 Sleep disorders | pops=CSA,EUR | N_AFR=140 | N_CSA=173 | N_EUR=6557 | N_MID=52 | rank_score=16.549783549783548 | containment=0.0 | exact=False","id=phecode|318|both_sexes|| | type=phecode | description=Tobacco use disorder | pops=EAS,EUR | N_AFR=254 | N_CSA=275 | N_EAS=50 | N_EUR=14988 | N_MID=81 | rank_score=15.941176470588236 | containment=0.0 | exact=False",,,,,,,
D010493,Pericarditis,1,1,0,1,False,13.666666666666666,"id=phecode|496.2|both_sexes|| | type=phecode | description=Chronic bronchitis | pops=CSA,EUR | N_AFR=77 | N_CSA=156 | N_EUR=11764 | rank_score=13.666666666666666 | containment=0.0 | exact=False","id=phecode|716.2|both_sexes|| | type=phecode | description=Unspecified monoarthritis | pops=CSA,EAS,EUR,MID | N_AFR=341 | N_CSA=504 | N_EAS=63 | N_EUR=20094 | N_MID=63 | rank_score=12.72972972972973 | containment=0.0 | exact=False","id=phecode|411|both_sexes|| | type=phecode | description=Ischemic Heart Disease | pops=CSA,EUR | N_AFR=400 | N_AMR=69 | N_CSA=1374 | N_EAS=103 | N_EUR=37672 | N_MID=163 | rank_score=12.411764705882351 | containment=0.0 | exact=False",,,,,,,
D016491,Peripheral Vascular Diseases,1,1,0,1,False,39.53061224489796,"id=phecode|530|both_sexes|| | type=phecode | description=Diseases of esophagus | pops=EUR,MID | N_AFR=519 | N_AMR=95 | N_CSA=964 | N_EAS=151 | N_EUR=42944 | N_MID=172 | rank_score=39.53061224489796 | containment=0.5 | exact=False","id=phecode|530.1|both_sexes|| | type=phecode | description=Esophagitis, GERD and related diseases | pops=EUR,MID | N_AFR=478 | N_AMR=87 | N_CSA=910 | N_EAS=139 | N_EUR=40018 | N_MID=157 | rank_score=32.23076923076923 | containment=0.3333333333333333 | exact=False","id=icd10|Z86|both_sexes|| | type=icd10 | description=Z86 Personal history of certain other diseases | pops=EUR,MID | N_AFR=798 | N_AMR=131 | N_CSA=1069 | N_EAS=190 | N_EUR=64593 | N_MID=230 | rank_score=32.18918918918919 | containment=0.3333333333333333 | exact=False",,,,,,,
D000072861,"Phobia, Social",1,1,0,1,False,41.46800098838646,"id=categorical|6160|both_sexes|1| | type=categorical | description=Leisure/social activities | pops=AFR,CSA,EUR | N_AFR=1545 | N_AMR=256 | N_CSA=1973 | N_EAS=711 | N_EUR=125667 | N_MID=357 | rank_score=41.46800098838646 | containment=0.5 | exact=False","id=categorical|6160|both_sexes|100| | type=categorical | description=Leisure/social activities | pops=AFR,CSA,EUR,MID | N_AFR=1603 | N_AMR=290 | N_CSA=3026 | N_EAS=962 | N_EUR=126966 | N_MID=612 | rank_score=41.46800098838646 | containment=0.5 | exact=False","id=categorical|6160|both_sexes|4| | type=categorical | description=Leisure/social activities | pops=CSA,EUR | N_AFR=509 | N_AMR=125 | N_CSA=448 | N_EAS=222 | N_EUR=29885 | N_MID=148 | rank_score=41.46800098838646 | containment=0.5 | exact=False",,,,,,,
D010787,Photosensitivity Disorders,1,1,0,1,False,46.23170731707317,"id=phecode|327|both_sexes|| | type=phecode | description=Sleep disorders | pops=CSA,EUR | N_AFR=141 | N_CSA=174 | N_EUR=6623 | N_MID=52 | rank_score=46.23170731707317 | containment=0.5 | exact=False","id=icd10|G47|both_sexes|| | type=icd10 | description=G47 Sleep disorders | pops=CSA,EUR | N_AFR=140 | N_CSA=173 | N_EUR=6557 | N_MID=52 | rank_score=44.02777777777778 | containment=0.5 | exact=False","id=phecode|317|both_sexes|| | type=phecode | description=Alcohol-related disorders | pops=AFR,EUR | N_AFR=129 | N_CSA=166 | N_EUR=16070 | rank_score=43.98039215686275 | containment=0.5 | exact=False",,,,,,,
D010916,Pityriasis Rubra Pilaris,1,1,0,1,False,11.327936414483368,"id=categorical|1677|both_sexes|1677| | type=categorical | description=Breastfed as a baby | pops=AFR,CSA,EUR,MID | N_AFR=5371 | N_AMR=653 | N_CSA=7023 | N_EAS=1769 | N_EUR=227321 | N_MID=1174 | rank_score=11.327936414483368 | containment=0.0 | exact=False","id=icd10|M16|both_sexes|| | type=icd10 | description=M16 Coxarthrosis [arthrosis of hip] | pops=CSA,EUR | N_AFR=71 | N_CSA=60 | N_EUR=14999 | rank_score=11.070175438596491 | containment=0.0 | exact=False","id=categorical|6155|both_sexes|100| | type=categorical | description=Vitamin and mineral supplements | pops=CSA,EUR | N_AFR=3398 | N_AMR=548 | N_CSA=5284 | N_EAS=1604 | N_EUR=287888 | N_MID=1066 | rank_score=11.034602076124568 | containment=0.0 | exact=False",,,,,,,
D011085,Polycystic Ovary Syndrome,1,1,1,0,False,13.24172775906479,"id=categorical|2335|both_sexes|2335| | type=categorical | description=Chest pain or discomfort | pops=CSA,EUR | N_AFR=1620 | N_AMR=192 | N_CSA=1865 | N_EAS=491 | N_EUR=65852 | N_MID=363 | rank_score=13.24172775906479 | containment=0.0 | exact=False","id=icd10|N20|both_sexes|| | type=icd10 | description=N20 Calculus of kidney and ureter | pops=CSA,EUR | N_AFR=59 | N_CSA=154 | N_EUR=5530 | rank_score=11.868258178603009 | containment=0.0 | exact=False","id=categorical|5001|both_sexes|5001| | type=categorical | description=FI7 : synonym | pops=CSA,EUR | N_AFR=744 | N_AMR=100 | N_CSA=838 | N_EAS=189 | N_EUR=85333 | N_MID=152 | rank_score=11.60056258790436 | containment=0.0 | exact=False",,,,,,,
D011087,Polycythemia Vera,1,1,1,0,False,12.305210918114144,"id=icd10|I25|both_sexes|| | type=icd10 | description=I25 Chronic ischaemic heart disease | pops=CSA,EUR | N_AFR=302 | N_AMR=52 | N_CSA=1205 | N_EAS=83 | N_EUR=31148 | N_MID=136 | rank_score=12.305210918114144 | containment=0.0 | exact=False","id=phecode|411|both_sexes|| | type=phecode | description=Ischemic Heart Disease | pops=CSA,EUR | N_AFR=400 | N_AMR=69 | N_CSA=1374 | N_EAS=103 | N_EUR=37672 | N_MID=163 | rank_score=12.230769230769232 | containment=0.0 | exact=False","id=icd10|Z86|both_sexes|| | type=icd10 | description=Z86 Personal history of certain other diseases | pops=EUR,MID | N_AFR=798 | N_AMR=131 | N_CSA=1069 | N_EAS=190 | N_EUR=64593 | N_MID=230 | rank_score=11.597030209933436 | containment=0.0 | exact=False",,,,,,,
D054198,Precursor Cell Lymphoblastic Leukemia-Lymphoma,1,1,0,1,False,23.153439153439155,,,,,,,,,"id=continuous|30270|both_sexes||irnt | type=continuous | description=Mean sphered cell volume | pops=AFR,CSA,EUR | N_AFR=6108 | N_AMR=926 | N_CSA=8315 | N_EAS=2582 | N_EUR=401345 | N_MID=1518 | rank_score=23.153439153439155 | containment=0.25 | exact=False","id=continuous|30000|both_sexes||irnt | type=continuous | description=White blood cell (leukocyte) count | pops=CSA,EUR | N_AFR=6281 | N_AMR=950 | N_CSA=8532 | N_EAS=2632 | N_EUR=407990 | N_MID=1548 | rank_score=20.15103287517081 | containment=0.2 | exact=False"
D055728,Primary Myelofibrosis,1,1,1,0,False,13.666666666666666,"id=phecode|411.4|both_sexes|| | type=phecode | description=Coronary atherosclerosis | pops=CSA,EUR | N_AFR=191 | N_CSA=1028 | N_EAS=59 | N_EUR=23888 | N_MID=114 | rank_score=13.666666666666666 | containment=0.0 | exact=False","id=phecode|594|both_sexes|| | type=phecode | description=Urinary calculus | pops=CSA,EUR | N_AFR=90 | N_CSA=206 | N_EUR=7593 | N_MID=54 | rank_score=11.64864864864865 | containment=0.0 | exact=False","id=phecode|250|both_sexes|| | type=phecode | description=Diabetes mellitus | pops=CSA,EUR | N_AFR=843 | N_CSA=1695 | N_EAS=154 | N_EUR=24348 | N_MID=175 | rank_score=11.421052631578949 | containment=0.0 | exact=False",,,,,,,
D011470,Prostatic Hyperplasia,1,1,1,0,False,15.095238095238097,"id=icd10|K44|both_sexes|| | type=icd10 | description=K44 Diaphragmatic hernia | pops=EUR,MID | N_AFR=326 | N_AMR=70 | N_CSA=660 | N_EAS=88 | N_EUR=33359 | N_MID=139 | rank_score=15.095238095238097 | containment=0.0 | exact=False","id=phecode|550.2|both_sexes|| | type=phecode | description=Diaphragmatic hernia | pops=CSA,EUR,MID | N_AFR=326 | N_AMR=70 | N_CSA=660 | N_EAS=88 | N_EUR=33482 | N_MID=139 | rank_score=14.707317073170731 | containment=0.0 | exact=False","id=phecode|401.1|both_sexes|| | type=phecode | description=Essential hypertension | pops=CSA,EUR | N_AFR=2026 | N_AMR=158 | N_CSA=2682 | N_EAS=431 | N_EUR=94062 | N_MID=346 | rank_score=13.232558139534884 | containment=0.0 | exact=False",,,,,,,
D011628,"Puberty, Delayed",1,1,1,0,False,12.655172413793103,"id=categorical|20004|both_sexes|1477| | type=categorical | description=Operation code | pops=EUR,MID | N_AFR=557 | N_AMR=118 | N_CSA=666 | N_EAS=254 | N_EUR=21130 | N_MID=102 | rank_score=12.655172413793103 | containment=0.0 | exact=False","id=categorical|20004|both_sexes|1478| | type=categorical | description=Operation code | pops=AFR,EUR | N_AFR=129 | N_AMR=101 | N_CSA=233 | N_EAS=85 | N_EUR=65576 | N_MID=112 | rank_score=12.655172413793103 | containment=0.0 | exact=False","id=categorical|20004|both_sexes|1479| | type=categorical | description=Operation code | pops=AFR,EUR | N_AFR=66 | N_CSA=150 | N_EUR=17168 | rank_score=12.655172413793103 | containment=0.0 | exact=False",,,,,,"id=continuous|4194|both_sexes||irnt | type=continuous | description=Pulse rate | pops=CSA,EUR,MID | N_AFR=3852 | N_AMR=443 | N_CSA=5650 | N_EAS=1206 | N_EUR=136938 | N_MID=727 | rank_score=11.028571428571428 | containment=0.0 | exact=False",
D011655,Pulmonary Embolism,1,1,1,0,False,40.44711538461539,"id=icd10|J44|both_sexes|| | type=icd10 | description=J44 Other chronic obstructive pulmonary disease | pops=CSA,EUR | N_AFR=74 | N_CSA=152 | N_EUR=11536 | rank_score=40.44711538461539 | containment=0.5 | exact=False","id=phecode|411.4|both_sexes|| | type=phecode | description=Coronary atherosclerosis | pops=CSA,EUR | N_AFR=191 | N_CSA=1028 | N_EAS=59 | N_EUR=23888 | N_MID=114 | rank_score=13.476190476190476 | containment=0.0 | exact=False","id=phecode|594|both_sexes|| | type=phecode | description=Urinary calculus | pops=CSA,EUR | N_AFR=90 | N_CSA=206 | N_EUR=7593 | N_MID=54 | rank_score=12.411764705882351 | containment=0.0 | exact=False",,,,,,"id=continuous|20153|both_sexes||irnt | type=continuous | description=Forced expiratory volume in 1-second (FEV1), predicted | pops=EUR,MID | N_AMR=138 | N_EUR=137532 | N_MID=130 | rank_score=27.924086905284835 | containment=0.5 | exact=False",
D012164,Retinal Diseases,1,1,0,1,False,44.148648648648646,"id=phecode|530|both_sexes|| | type=phecode | description=Diseases of esophagus | pops=EUR,MID | N_AFR=519 | N_AMR=95 | N_CSA=964 | N_EAS=151 | N_EUR=42944 | N_MID=172 | rank_score=44.148648648648646 | containment=0.5 | exact=False","id=phecode|530.1|both_sexes|| | type=phecode | description=Esophagitis, GERD and related diseases | pops=EUR,MID | N_AFR=478 | N_AMR=87 | N_CSA=910 | N_EAS=139 | N_EUR=40018 | N_MID=157 | rank_score=40.5566037735849 | containment=0.5 | exact=False","id=icd10|Z86|both_sexes|| | type=icd10 | description=Z86 Personal history of certain other diseases | pops=EUR,MID | N_AFR=798 | N_AMR=131 | N_CSA=1069 | N_EAS=190 | N_EUR=64593 | N_MID=230 | rank_score=40.22043010752689 | containment=0.5 | exact=False",,,,,,,
D012170,Retinal Vein Occlusion,1,1,0,1,False,13.909090909090908,"id=phecode|401.1|both_sexes|| | type=phecode | description=Essential hypertension | pops=CSA,EUR | N_AFR=2026 | N_AMR=158 | N_CSA=2682 | N_EAS=431 | N_EUR=94062 | N_MID=346 | rank_score=13.909090909090908 | containment=0.0 | exact=False","id=categorical|4294|both_sexes|0| | type=categorical | description=Final attempt correct | pops=CSA,EUR | N_AFR=541 | N_AMR=61 | N_CSA=822 | N_EAS=166 | N_EUR=5328 | N_MID=110 | rank_score=13.538759689922482 | containment=0.0 | exact=False","id=phecode|594|both_sexes|| | type=phecode | description=Urinary calculus | pops=CSA,EUR | N_AFR=90 | N_CSA=206 | N_EUR=7593 | N_MID=54 | rank_score=12.473684210526317 | containment=0.0 | exact=False",,,,,,"id=continuous|30510|both_sexes||irnt | type=continuous | description=Creatinine (enzymatic) in urine | pops=CSA,EUR | N_AFR=6378 | N_AMR=938 | N_CSA=8469 | N_EAS=2621 | N_EUR=408485 | N_MID=1525 | rank_score=11.821078431372548 | containment=0.0 | exact=False",
D012208,Rhabdomyosarcoma,1,1,0,1,False,13.0,"id=phecode|550|both_sexes|| | type=phecode | description=Abdominal hernia | pops=EAS,EUR | N_AFR=617 | N_AMR=112 | N_EAS=128 | N_EUR=56668 | N_MID=224 | rank_score=13.0 | containment=0.0 | exact=False","id=phecode|785|both_sexes|| | type=phecode | description=Abdominal pain | pops=CSA,EUR | N_AFR=998 | N_AMR=141 | N_CSA=1237 | N_EAS=289 | N_EUR=47295 | N_MID=235 | rank_score=12.333333333333334 | containment=0.0 | exact=False","id=phecode|716.9|both_sexes|| | type=phecode | description=Arthropathy NOS | pops=EAS,EUR | N_AFR=605 | N_AMR=74 | N_CSA=880 | N_EAS=117 | N_EUR=41824 | N_MID=122 | rank_score=10.741935483870968 | containment=0.0 | exact=False",,,,,,,
D012220,Rhinitis,1,1,0,1,False,53.90425531914894,"id=categorical|6152|both_sexes|100| | type=categorical | description=Blood clot, DVT, bronchitis, emphysema, asthma, rhinitis, eczema, allergy diagnosed by doctor | pops=CSA,EUR | N_AFR=4236 | N_AMR=627 | N_CSA=5986 | N_EAS=1517 | N_EUR=285088 | N_MID=1121 | rank_score=53.90425531914894 | containment=1.0 | exact=False","id=categorical|6152|both_sexes|8| | type=categorical | description=Blood clot, DVT, bronchitis, emphysema, asthma, rhinitis, eczema, allergy diagnosed by doctor | pops=CSA,EUR | N_AFR=782 | N_AMR=103 | N_CSA=1041 | N_EAS=232 | N_EUR=48560 | N_MID=173 | rank_score=53.90425531914894 | containment=1.0 | exact=False","id=phecode|496.2|both_sexes|| | type=phecode | description=Chronic bronchitis | pops=CSA,EUR | N_AFR=77 | N_CSA=156 | N_EUR=11764 | rank_score=12.230769230769232 | containment=0.0 | exact=False",,,,,,,
D012507,Sarcoidosis,1,1,0,1,False,14.2,"id=phecode|740|both_sexes|| | type=phecode | description=Osteoarthrosis | pops=EUR,MID | N_AFR=423 | N_AMR=53 | N_CSA=547 | N_EAS=74 | N_EUR=36073 | N_MID=86 | rank_score=14.2 | containment=0.0 | exact=False","id=phecode|496.2|both_sexes|| | type=phecode | description=Chronic bronchitis | pops=CSA,EUR | N_AFR=77 | N_CSA=156 | N_EUR=11764 | rank_score=11.275862068965518 | containment=0.0 | exact=False","id=phecode|411.4|both_sexes|| | type=phecode | description=Coronary atherosclerosis | pops=CSA,EUR | N_AFR=191 | N_CSA=1028 | N_EAS=59 | N_EUR=23888 | N_MID=114 | rank_score=11.0 | containment=0.0 | exact=False",,,,,,,
D020178,"Sleep Disorders, Circadian Rhythm",1,1,1,0,False,75.76595744680851,"id=phecode|327|both_sexes|| | type=phecode | description=Sleep disorders | pops=CSA,EUR | N_AFR=141 | N_CSA=174 | N_EUR=6623 | N_MID=52 | rank_score=75.76595744680851 | containment=1.0 | exact=False","id=icd10|G47|both_sexes|| | type=icd10 | description=G47 Sleep disorders | pops=CSA,EUR | N_AFR=140 | N_CSA=173 | N_EUR=6557 | N_MID=52 | rank_score=58.069053708439895 | containment=0.6666666666666666 | exact=False","id=phecode|327.3|both_sexes|| | type=phecode | description=Sleep apnea | pops=CSA,EUR | N_AFR=127 | N_CSA=151 | N_EUR=5621 | rank_score=38.94186046511628 | containment=0.5 | exact=False",,,,,,"id=continuous|1160|both_sexes|| | type=continuous | description=Sleep duration | pops=EUR,MID | N_AFR=6382 | N_AMR=959 | N_EAS=2631 | N_EUR=418009 | N_MID=1547 | rank_score=37.19565217391305 | containment=0.5 | exact=False",
D055752,Small Cell Lung Carcinoma,1,1,0,1,False,24.833731364886376,"id=categorical|20111|both_sexes|1| | type=categorical | description=Illnesses of siblings | pops=AFR,EUR | N_AFR=233 | N_AMR=57 | N_CSA=1178 | N_EAS=191 | N_EUR=34434 | N_MID=132 | rank_score=19.754128997220715 | containment=0.25 | exact=False","id=categorical|20111|both_sexes|100| | type=categorical | description=Illnesses of siblings | pops=CSA,EUR | N_AFR=2911 | N_AMR=514 | N_CSA=3631 | N_EAS=1325 | N_EUR=223101 | N_MID=767 | rank_score=19.754128997220715 | containment=0.25 | exact=False","id=categorical|20111|both_sexes|101| | type=categorical | description=Illnesses of siblings | pops=AFR,EUR | N_AFR=4471 | N_AMR=635 | N_CSA=6489 | N_EAS=1930 | N_EUR=281648 | N_MID=1060 | rank_score=19.754128997220715 | containment=0.25 | exact=False",,,,,,"id=continuous|30270|both_sexes||irnt | type=continuous | description=Mean sphered cell volume | pops=AFR,CSA,EUR | N_AFR=6108 | N_AMR=926 | N_CSA=8315 | N_EAS=2582 | N_EUR=401345 | N_MID=1518 | rank_score=24.833731364886376 | containment=0.25 | exact=False","id=continuous|30000|both_sexes||irnt | type=continuous | description=White blood cell (leukocyte) count | pops=CSA,EUR | N_AFR=6281 | N_AMR=950 | N_CSA=8532 | N_EAS=2632 | N_EUR=407990 | N_MID=1548 | rank_score=22.11821500058872 | containment=0.25 | exact=False"
D058496,Smith-Magenis Syndrome,1,1,1,0,False,12.517106549364613,"id=categorical|5001|both_sexes|5001| | type=categorical | description=FI7 : synonym | pops=CSA,EUR | N_AFR=744 | N_AMR=100 | N_CSA=838 | N_EAS=189 | N_EUR=85333 | N_MID=152 | rank_score=12.517106549364613 | containment=0.0 | exact=False","id=phecode|306|both_sexes|| | type=phecode | description=Other mental disorder | pops=EAS,EUR | N_AFR=310 | N_AMR=84 | N_CSA=464 | N_EAS=86 | N_EUR=39711 | N_MID=143 | rank_score=12.30232558139535 | containment=0.0 | exact=False","id=categorical|120|both_sexes|1| | type=categorical | description=Birth weight known | pops=AFR,CSA,EAS,EUR | N_AFR=1715 | N_AMR=279 | N_CSA=2005 | N_EAS=704 | N_EUR=238519 | N_MID=322 | rank_score=11.454545454545457 | containment=0.0 | exact=False",,,,,,,
D013276,Stomach Ulcer,1,1,0,1,False,12.696969696969695,"id=phecode|318|both_sexes|| | type=phecode | description=Tobacco use disorder | pops=EAS,EUR | N_AFR=254 | N_CSA=275 | N_EAS=50 | N_EUR=14988 | N_MID=81 | rank_score=12.696969696969695 | containment=0.0 | exact=False","id=icd10|K42|both_sexes|| | type=icd10 | description=K42 Umbilical hernia | pops=CSA,EUR | N_AFR=105 | N_CSA=90 | N_EUR=4511 | rank_score=12.124579124579125 | containment=0.0 | exact=False","id=phecode|740|both_sexes|| | type=phecode | description=Osteoarthrosis | pops=EUR,MID | N_AFR=423 | N_AMR=53 | N_CSA=547 | N_EAS=74 | N_EUR=36073 | N_MID=86 | rank_score=11.88888888888889 | containment=0.0 | exact=False",,,,,,,
D019966,Substance-Related Disorders,1,1,0,1,False,63.38461538461539,"id=phecode|317|both_sexes|| | type=phecode | description=Alcohol-related disorders | pops=AFR,EUR | N_AFR=129 | N_CSA=166 | N_EUR=16070 | rank_score=63.38461538461539 | containment=0.6666666666666666 | exact=False","id=phecode|327|both_sexes|| | type=phecode | description=Sleep disorders | pops=CSA,EUR | N_AFR=141 | N_CSA=174 | N_EUR=6623 | N_MID=52 | rank_score=45.38095238095238 | containment=0.5 | exact=False","id=icd10|G47|both_sexes|| | type=icd10 | description=G47 Sleep disorders | pops=CSA,EUR | N_AFR=140 | N_CSA=173 | N_EUR=6557 | N_MID=52 | rank_score=37.74337221633085 | containment=0.3333333333333333 | exact=False",,,,,,,
D017180,"Tachycardia, Ventricular",1,1,1,0,False,12.250769757098873,"id=icd10|Z95|both_sexes|| | type=icd10 | description=Z95 Presence of cardiac and vascular implants and grafts | pops=CSA,EUR | N_AFR=104 | N_CSA=636 | N_EUR=15774 | N_MID=67 | rank_score=12.250769757098873 | containment=0.0 | exact=False","id=icd10|I83|both_sexes|| | type=icd10 | description=I83 Varicose veins of lower extremities | pops=AFR,EUR | N_AFR=89 | N_CSA=183 | N_EUR=12059 | rank_score=11.61377506538797 | containment=0.0 | exact=False","id=icd10|I25|both_sexes|| | type=icd10 | description=I25 Chronic ischaemic heart disease | pops=CSA,EUR | N_AFR=302 | N_AMR=52 | N_CSA=1205 | N_EAS=83 | N_EUR=31148 | N_MID=136 | rank_score=11.3690587138863 | containment=0.0 | exact=False",,,,,,,
D013625,Takayasu Arteritis,1,1,0,1,False,12.361702127659576,"id=phecode|558|both_sexes|| | type=phecode | description=Noninfectious gastroenteritis | pops=CSA,EUR | N_AFR=187 | N_CSA=416 | N_EAS=61 | N_EUR=17088 | N_MID=76 | rank_score=12.361702127659576 | containment=0.0 | exact=False","id=phecode|716.2|both_sexes|| | type=phecode | description=Unspecified monoarthritis | pops=CSA,EAS,EUR,MID | N_AFR=341 | N_CSA=504 | N_EAS=63 | N_EUR=20094 | N_MID=63 | rank_score=12.30232558139535 | containment=0.0 | exact=False","id=phecode|740|both_sexes|| | type=phecode | description=Osteoarthrosis | pops=EUR,MID | N_AFR=423 | N_AMR=53 | N_CSA=547 | N_EAS=74 | N_EUR=36073 | N_MID=86 | rank_score=11.75 | containment=0.0 | exact=False",,,,,,,
D013924,Thrombophlebitis,1,1,1,0,False,14.764705882352942,"id=phecode|496.2|both_sexes|| | type=phecode | description=Chronic bronchitis | pops=CSA,EUR | N_AFR=77 | N_CSA=156 | N_EUR=11764 | rank_score=14.764705882352942 | containment=0.0 | exact=False","id=phecode|496.21|both_sexes|| | type=phecode | description=Obstructive chronic bronchitis | pops=CSA,EUR | N_AFR=74 | N_CSA=152 | N_EUR=11537 | rank_score=12.565217391304348 | containment=0.0 | exact=False","id=phecode|716|both_sexes|| | type=phecode | description=Other arthropathies | pops=EAS,EUR | N_AFR=607 | N_AMR=74 | N_CSA=881 | N_EAS=117 | N_EUR=42030 | N_MID=123 | rank_score=12.142857142857142 | containment=0.0 | exact=False",,,,,,,
D001749,Urinary Bladder Neoplasms,1,1,1,0,False,43.73170731707317,"id=phecode|594|both_sexes|| | type=phecode | description=Urinary calculus | pops=CSA,EUR | N_AFR=90 | N_CSA=206 | N_EUR=7593 | N_MID=54 | rank_score=43.73170731707317 | containment=0.5 | exact=False","id=phecode|411.4|both_sexes|| | type=phecode | description=Coronary atherosclerosis | pops=CSA,EUR | N_AFR=191 | N_CSA=1028 | N_EAS=59 | N_EUR=23888 | N_MID=114 | rank_score=13.612244897959185 | containment=0.0 | exact=False","id=categorical|1538|both_sexes|0| | type=categorical | description=Major dietary changes in the last 5 years | pops=CSA,EUR | N_AFR=2892 | N_AMR=473 | N_CSA=4511 | N_EAS=1726 | N_EUR=257507 | N_MID=855 | rank_score=13.055821371610843 | containment=0.0 | exact=False",,,,,,,
D014647,Varicose Ulcer,1,1,0,1,False,41.712765957446805,"id=phecode|454.1|both_sexes|| | type=phecode | description=Varicose veins of lower extremity | pops=AFR,EUR | N_AFR=89 | N_CSA=184 | N_EUR=12881 | rank_score=41.712765957446805 | containment=0.5 | exact=False","id=icd10|I83|both_sexes|| | type=icd10 | description=I83 Varicose veins of lower extremities | pops=AFR,EUR | N_AFR=89 | N_CSA=183 | N_EUR=12059 | rank_score=40.62803234501347 | containment=0.5 | exact=False","id=phecode|318|both_sexes|| | type=phecode | description=Tobacco use disorder | pops=EAS,EUR | N_AFR=254 | N_CSA=275 | N_EAS=50 | N_EUR=14988 | N_MID=81 | rank_score=12.411764705882351 | containment=0.0 | exact=False",,,,,,,
D014657,Vasculitis,1,1,0,1,False,13.0,"id=categorical|6138|both_sexes|100| | type=categorical | description=Qualifications | pops=AFR,CSA,EAS,EUR,MID | N_AFR=931 | N_AMR=130 | N_CSA=1412 | N_EAS=358 | N_EUR=73293 | N_MID=252 | rank_score=13.0 | containment=0.0 | exact=False","id=categorical|6138|both_sexes|2| | type=categorical | description=Qualifications | pops=EAS,EUR | N_AFR=880 | N_AMR=177 | N_CSA=1399 | N_EAS=416 | N_EUR=112131 | N_MID=272 | rank_score=13.0 | containment=0.0 | exact=False","id=categorical|6138|both_sexes|3| | type=categorical | description=Qualifications | pops=CSA,EUR,MID | N_AFR=2078 | N_AMR=250 | N_CSA=2398 | N_EAS=574 | N_EUR=195589 | N_MID=353 | rank_score=13.0 | containment=0.0 | exact=False",,,,,,,
D014983,Xeroderma Pigmentosum,1,1,0,1,False,13.196078431372548,"id=phecode|272|both_sexes|| | type=phecode | description=Disorders of lipoid metabolism | pops=CSA,EUR | N_AFR=744 | N_AMR=86 | N_CSA=1800 | N_EAS=190 | N_EUR=44134 | N_MID=239 | rank_score=13.196078431372548 | containment=0.0 | exact=False","id=phecode|835|both_sexes|| | type=phecode | description=Internal derangement of knee | pops=EUR,MID | N_AFR=276 | N_CSA=399 | N_EAS=63 | N_EUR=17832 | N_MID=67 | rank_score=12.79591836734694 | containment=0.0 | exact=False","id=categorical|6179|both_sexes|1| | type=categorical | description=Mineral and other dietary supplements | pops=EUR,MID | N_AFR=2250 | N_AMR=292 | N_CSA=1920 | N_EAS=828 | N_EUR=133111 | N_MID=323 | rank_score=12.140342416204485 | containment=0.0 | exact=False",,,,,,,
D019896,alpha 1-Antitrypsin Deficiency,1,1,1,0,False,11.529411764705884,"id=categorical|4294|both_sexes|0| | type=categorical | description=Final attempt correct | pops=CSA,EUR | N_AFR=541 | N_AMR=61 | N_CSA=822 | N_EAS=166 | N_EUR=5328 | N_MID=110 | rank_score=11.529411764705884 | containment=0.0 | exact=False","id=categorical|2207|both_sexes|2207| | type=categorical | description=Wears glasses or contact lenses | pops=EUR,MID | N_AFR=5147 | N_AMR=777 | N_CSA=7039 | N_EAS=2180 | N_EUR=374539 | N_MID=1246 | rank_score=11.430506058446188 | containment=0.0 | exact=False","id=categorical|6179|both_sexes|1| | type=categorical | description=Mineral and other dietary supplements | pops=EUR,MID | N_AFR=2250 | N_AMR=292 | N_CSA=1920 | N_EAS=828 | N_EUR=133111 | N_MID=323 | rank_score=11.426005565393371 | containment=0.0 | exact=False",,,,,,,
D014842,von Willebrand Diseases,1,1,1,0,False,40.27272727272727,"id=phecode|530|both_sexes|| | type=phecode | description=Diseases of esophagus | pops=EUR,MID | N_AFR=519 | N_AMR=95 | N_CSA=964 | N_EAS=151 | N_EUR=42944 | N_MID=172 | rank_score=40.27272727272727 | containment=0.5 | exact=False","id=phecode|530.1|both_sexes|| | type=phecode | description=Esophagitis, GERD and related diseases | pops=EUR,MID | N_AFR=478 | N_AMR=87 | N_CSA=910 | N_EAS=139 | N_EUR=40018 | N_MID=157 | rank_score=33.666666666666664 | containment=0.3333333333333333 | exact=False","id=icd10|Z86|both_sexes|| | type=icd10 | description=Z86 Personal history of certain other diseases | pops=EUR,MID | N_AFR=798 | N_AMR=131 | N_CSA=1069 | N_EAS=190 | N_EUR=64593 | N_MID=230 | rank_score=33.49213810083376 | containment=0.3333333333333333 | exact=False",,,,,,,
