comparison_uid,gene_trait_uid,gene,candidate_source,candidate_trait_key,candidate_trait_name,comparison_population,unit_analysis_role,mixed_pool,primary_approval_eligible,maf_threshold,gws_p_threshold,min_portability_variants_pre_ld,min_coloc_variants,n_raw_eur_variants,n_raw_comparison_variants,n_raw_shared_rows,n_duplicate_key_rows_excluded,n_harmonized_exact,n_harmonized_swapped,n_harmonized_primary,n_harmonized_sensitivity,n_valid_biallelic_snp,n_valid_beta_se,n_valid_p,n_valid_af,n_maf_pass,n_quality_pass,n_qc_qualified,n_qc_qualified_sensitivity,n_eur_gws_qc,n_comparison_gws_qc,n_eur_gws_qc_sensitivity,n_comparison_gws_qc_sensitivity,sample_metadata_usable,gbmi_swapped_sensitivity_only,n_eur_strand_flip_flagged,n_comparison_strand_flip_flagged,n_eur_diff_af_gnomad_flagged,n_comparison_diff_af_gnomad_flagged,eur_trait_type,eur_coloc_type,eur_n_cases_median,eur_n_controls_median,eur_n_total_median,eur_case_fraction_median,eur_usable,comparison_trait_type,comparison_coloc_type,comparison_n_cases_median,comparison_n_controls_median,comparison_n_total_median,comparison_case_fraction_median,comparison_usable,portability_pre_ld_eligible,portability_failure_reason,coloc_input_eligible,coloc_failure_reason,coloc_powered_both_ancestries,harmonized_parquet,harmonized_sidecar,cache_action,eur_n_cases,eur_n_controls,eur_n_total,eur_case_fraction,comparison_n_cases,comparison_n_controls,comparison_n_total,comparison_case_fraction,is_primary_mapping,is_nonmixed,primary_mechanistic_universe,portability_primary_locked,portability_sensitivity_locked,coloc_primary_locked,coloc_powered_primary_locked,coloc_sensitivity_locked,coloc_powered_sensitivity_locked,approval_analysis_eligible
cmp_90ebb269ca08e668,gt_24b34ddef722adb5,ADORA1,GBMI,GBMI::Asthma,Asthma,AFR,PRIMARY,False,True,0.01,5e-08,3,50,2584,1797,,0,1132,1,1132,1133,1067,1133,1133,1133,649,1127,606,606.0,44,0,44.0,0.0,True,True,0.0,0.0,5.0,4.0,binary,cc,121940.0,1254131.0,1376071.0,0.08861461363548828,True,binary,cc,5051.0,27607.0,32658.0,0.15466348214832507,True,True,,True,,False,intermediate/15b4/comparisons/cmp_90ebb269ca08e668.parquet,intermediate/15b4/comparisons/cmp_90ebb269ca08e668.json,PROCESSED_NOW,,,,,,,,,True,True,True,True,True,True,False,True,False,True
cmp_3ba52eabf3056c1c,gt_24b34ddef722adb5,ADORA1,GBMI,GBMI::Asthma,Asthma,AMR,PRIMARY,False,True,0.01,5e-08,3,50,2584,1043,,0,1039,0,1039,1039,985,1039,1039,1039,764,1036,719,719.0,44,0,44.0,0.0,True,True,0.0,0.0,3.0,2.0,binary,cc,121940.0,1254131.0,1376071.0,0.08861461363548828,True,binary,cc,4069.0,14104.0,18173.0,0.22390359324272271,True,True,,True,,False,intermediate/15b4/comparisons/cmp_3ba52eabf3056c1c.parquet,intermediate/15b4/comparisons/cmp_3ba52eabf3056c1c.json,PROCESSED_NOW,,,,,,,,,True,True,True,True,True,True,False,True,False,True
cmp_26e44c681a21da82,gt_24b34ddef722adb5,ADORA1,GBMI,GBMI::Asthma,Asthma,CSA,PRIMARY,False,True,0.01,5e-08,3,50,2584,873,,0,846,0,846,846,846,846,846,846,671,844,669,669.0,44,0,44.0,0.0,True,True,0.0,0.0,2.0,1.0,binary,cc,121940.0,1254131.0,1376071.0,0.08861461363548828,True,binary,cc,4015.0,27091.0,31106.0,0.12907477657043656,True,True,,True,,False,intermediate/15b4/comparisons/cmp_26e44c681a21da82.parquet,intermediate/15b4/comparisons/cmp_26e44c681a21da82.json,PROCESSED_NOW,,,,,,,,,True,True,True,True,True,True,False,True,False,True
cmp_882aa5528898efd7,gt_24b34ddef722adb5,ADORA1,GBMI,GBMI::Asthma,Asthma,EAS,PRIMARY,False,True,0.01,5e-08,3,50,2584,1548,,0,916,1,916,917,848,917,917,917,687,911,628,628.0,44,0,44.0,0.0,True,True,0.0,0.0,6.0,2.0,binary,cc,121940.0,1254131.0,1376071.0,0.08861461363548828,True,binary,cc,18549.0,322655.0,341204.0,0.05436337205894421,True,True,,True,,False,intermediate/15b4/comparisons/cmp_882aa5528898efd7.parquet,intermediate/15b4/comparisons/cmp_882aa5528898efd7.json,PROCESSED_NOW,,,,,,,,,True,True,True,True,True,True,False,True,False,True
cmp_1879bacc3f143d63,gt_d1a63f782d9591b6,ADORA2B,GBMI,GBMI::Asthma,Asthma,AFR,PRIMARY,False,True,0.01,5e-08,3,50,2166,1799,,0,1029,0,1029,1029,940,1029,1029,1029,407,1028,362,362.0,99,0,99.0,0.0,True,True,0.0,0.0,1.0,1.0,binary,cc,121940.0,1254131.0,1376071.0,0.08861461363548828,True,binary,cc,5051.0,27607.0,32658.0,0.15466348214832507,True,True,,True,,False,intermediate/15b4/comparisons/cmp_1879bacc3f143d63.parquet,intermediate/15b4/comparisons/cmp_1879bacc3f143d63.json,PROCESSED_NOW,,,,,,,,,True,True,True,True,True,True,False,True,False,True
cmp_3fbdc821bc212f87,gt_d1a63f782d9591b6,ADORA2B,GBMI,GBMI::Asthma,Asthma,AMR,PRIMARY,False,True,0.01,5e-08,3,50,2166,903,,0,895,0,895,895,821,895,895,895,464,894,415,415.0,99,0,99.0,0.0,True,True,0.0,0.0,1.0,0.0,binary,cc,121940.0,1254131.0,1376071.0,0.08861461363548828,True,binary,cc,4069.0,14104.0,18173.0,0.22390359324272271,True,True,,True,,False,intermediate/15b4/comparisons/cmp_3fbdc821bc212f87.parquet,intermediate/15b4/comparisons/cmp_3fbdc821bc212f87.json,PROCESSED_NOW,,,,,,,,,True,True,True,True,True,True,False,True,False,True
cmp_a918f142c50e9c1b,gt_d1a63f782d9591b6,ADORA2B,GBMI,GBMI::Asthma,Asthma,CSA,PRIMARY,False,True,0.01,5e-08,3,50,2166,476,,0,464,0,464,464,464,464,464,464,344,464,344,344.0,99,0,99.0,0.0,True,True,0.0,0.0,0.0,0.0,binary,cc,121940.0,1254131.0,1376071.0,0.08861461363548828,True,binary,cc,4015.0,27091.0,31106.0,0.12907477657043656,True,True,,True,,False,intermediate/15b4/comparisons/cmp_a918f142c50e9c1b.parquet,intermediate/15b4/comparisons/cmp_a918f142c50e9c1b.json,PROCESSED_NOW,,,,,,,,,True,True,True,True,True,True,False,True,False,True
cmp_d4512f391230ce00,gt_d1a63f782d9591b6,ADORA2B,GBMI,GBMI::Asthma,Asthma,EAS,PRIMARY,False,True,0.01,5e-08,3,50,2166,805,,0,633,0,633,633,566,633,633,633,430,632,373,373.0,99,0,99.0,0.0,True,True,0.0,0.0,1.0,0.0,binary,cc,121940.0,1254131.0,1376071.0,0.08861461363548828,True,binary,cc,18549.0,322655.0,341204.0,0.05436337205894421,True,True,,True,,False,intermediate/15b4/comparisons/cmp_d4512f391230ce00.parquet,intermediate/15b4/comparisons/cmp_d4512f391230ce00.json,PROCESSED_NOW,,,,,,,,,True,True,True,True,True,True,False,True,False,True
cmp_46490d7af44846b5,gt_d9617b3ca0a01afd,ADRB2,GBMI,GBMI::Asthma,Asthma,AFR,PRIMARY,False,True,0.01,5e-08,3,50,2010,1670,,0,1088,1,1088,1089,1020,1089,1089,1089,567,1089,533,533.0,0,0,0.0,0.0,True,True,0.0,0.0,0.0,0.0,binary,cc,117670.0,1198773.0,1316443.0,0.08861461363548828,True,binary,cc,3603.0,15575.0,19178.0,0.18460338680926916,True,False,fewer_than_3_qualified_EUR_GWS_variants,True,,False,intermediate/15b4/comparisons/cmp_46490d7af44846b5.parquet,intermediate/15b4/comparisons/cmp_46490d7af44846b5.json,PROCESSED_NOW,,,,,,,,,True,True,True,False,False,True,False,True,False,True
cmp_2bdca6ae65b579b6,gt_d9617b3ca0a01afd,ADRB2,GBMI,GBMI::Asthma,Asthma,AMR,PRIMARY,False,True,0.01,5e-08,3,50,2010,996,,0,992,0,992,992,941,992,992,992,627,992,589,589.0,0,0,0.0,0.0,True,True,0.0,0.0,0.0,0.0,binary,cc,117670.0,1198773.0,1316443.0,0.08861461363548828,True,binary,cc,4069.0,14104.0,18173.0,0.22390359324272271,True,False,fewer_than_3_qualified_EUR_GWS_variants,True,,False,intermediate/15b4/comparisons/cmp_2bdca6ae65b579b6.parquet,intermediate/15b4/comparisons/cmp_2bdca6ae65b579b6.json,PROCESSED_NOW,,,,,,,,,True,True,True,False,False,True,False,True,False,True
cmp_20b65a81adbdd8d8,gt_d9617b3ca0a01afd,ADRB2,GBMI,GBMI::Asthma,Asthma,CSA,PRIMARY,False,True,0.01,5e-08,3,50,2010,663,,0,656,0,656,656,656,656,656,656,522,656,522,522.0,0,0,0.0,0.0,True,True,0.0,0.0,0.0,0.0,binary,cc,117670.0,1198773.0,1316443.0,0.08861461363548828,True,binary,cc,4015.0,27091.0,31106.0,0.12907477657043656,True,False,fewer_than_3_qualified_EUR_GWS_variants,True,,False,intermediate/15b4/comparisons/cmp_20b65a81adbdd8d8.parquet,intermediate/15b4/comparisons/cmp_20b65a81adbdd8d8.json,PROCESSED_NOW,,,,,,,,,True,True,True,False,False,True,False,True,False,True
cmp_d46a8755ecd8923f,gt_d9617b3ca0a01afd,ADRB2,GBMI,GBMI::Asthma,Asthma,EAS,PRIMARY,False,True,0.01,5e-08,3,50,2010,894,,0,695,0,695,695,648,695,695,695,542,692,502,502.0,0,0,0.0,0.0,True,True,0.0,0.0,3.0,1.0,binary,cc,117670.0,1198773.0,1316443.0,0.08861461363548828,True,binary,cc,18549.0,322655.0,341204.0,0.05436337205894421,True,False,fewer_than_3_qualified_EUR_GWS_variants,True,,False,intermediate/15b4/comparisons/cmp_d46a8755ecd8923f.parquet,intermediate/15b4/comparisons/cmp_d46a8755ecd8923f.json,PROCESSED_NOW,,,,,,,,,True,True,True,False,False,True,False,True,False,True
cmp_28207de7faebaec4,gt_17737ee47ab15a2c,CHRM3,GBMI,GBMI::Asthma,Asthma,AFR,PRIMARY,False,True,0.01,5e-08,3,50,7709,5286,,0,3611,4,3611,3615,3419,3615,3615,3613,1917,3600,1804,1804.0,0,0,0.0,0.0,True,True,0.0,0.0,8.0,7.0,binary,cc,121940.0,1254131.0,1376071.0,0.08861461363548828,True,binary,cc,5051.0,27607.0,32658.0,0.15466348214832507,True,False,fewer_than_3_qualified_EUR_GWS_variants,True,,False,intermediate/15b4/comparisons/cmp_28207de7faebaec4.parquet,intermediate/15b4/comparisons/cmp_28207de7faebaec4.json,PROCESSED_NOW,,,,,,,,,True,True,True,False,False,True,False,True,False,True
cmp_35c7f33119fc69aa,gt_17737ee47ab15a2c,CHRM3,GBMI,GBMI::Asthma,Asthma,AMR,PRIMARY,False,True,0.01,5e-08,3,50,7709,3172,,0,3157,3,3157,3160,3010,3160,3160,3160,2154,3151,2041,2041.0,0,0,0.0,0.0,True,True,0.0,0.0,7.0,3.0,binary,cc,121940.0,1254131.0,1376071.0,0.08861461363548828,True,binary,cc,4069.0,14104.0,18173.0,0.22390359324272271,True,False,fewer_than_3_qualified_EUR_GWS_variants,True,,False,intermediate/15b4/comparisons/cmp_35c7f33119fc69aa.parquet,intermediate/15b4/comparisons/cmp_35c7f33119fc69aa.json,PROCESSED_NOW,,,,,,,,,True,True,True,False,False,True,False,True,False,True
cmp_7cd40f2755ea14ce,gt_17737ee47ab15a2c,CHRM3,GBMI,GBMI::Asthma,Asthma,CSA,PRIMARY,False,True,0.01,5e-08,3,50,7709,2369,,0,2285,0,2285,2285,2285,2285,2285,2285,1855,2281,1851,1851.0,0,0,0.0,0.0,True,True,0.0,0.0,4.0,0.0,binary,cc,121940.0,1254131.0,1376071.0,0.08861461363548828,True,binary,cc,4015.0,27091.0,31106.0,0.12907477657043656,True,False,fewer_than_3_qualified_EUR_GWS_variants,True,,False,intermediate/15b4/comparisons/cmp_7cd40f2755ea14ce.parquet,intermediate/15b4/comparisons/cmp_7cd40f2755ea14ce.json,PROCESSED_NOW,,,,,,,,,True,True,True,False,False,True,False,True,False,True
cmp_a91e9e2dbbab8464,gt_17737ee47ab15a2c,CHRM3,GBMI,GBMI::Asthma,Asthma,EAS,PRIMARY,False,True,0.01,5e-08,3,50,7709,3071,,0,2211,0,2211,2211,2074,2211,2211,2211,1712,2195,1584,1584.0,0,0,0.0,0.0,True,True,0.0,2.0,12.0,7.0,binary,cc,121940.0,1254131.0,1376071.0,0.08861461363548828,True,binary,cc,18549.0,322655.0,341204.0,0.05436337205894421,True,False,fewer_than_3_qualified_EUR_GWS_variants,True,,False,intermediate/15b4/comparisons/cmp_a91e9e2dbbab8464.parquet,intermediate/15b4/comparisons/cmp_a91e9e2dbbab8464.json,PROCESSED_NOW,,,,,,,,,True,True,True,False,False,True,False,True,False,True
cmp_b4fc8783bf50b0f8,gt_8ec8b2adc38392c6,CSF2,GBMI,GBMI::Asthma,Asthma,AFR,PRIMARY,False,True,0.01,5e-08,3,50,1868,1497,,0,883,1,883,884,837,884,884,884,345,884,329,329.0,51,0,51.0,0.0,True,True,0.0,0.0,0.0,0.0,binary,cc,121940.0,1254131.0,1376071.0,0.08861461363548828,True,binary,cc,5051.0,27607.0,32658.0,0.15466348214832507,True,True,,True,,False,intermediate/15b4/comparisons/cmp_b4fc8783bf50b0f8.parquet,intermediate/15b4/comparisons/cmp_b4fc8783bf50b0f8.json,PROCESSED_NOW,,,,,,,,,True,True,True,True,True,True,False,True,False,True
cmp_900aed83a970be9e,gt_8ec8b2adc38392c6,CSF2,GBMI,GBMI::Asthma,Asthma,AMR,PRIMARY,False,True,0.01,5e-08,3,50,1868,555,,0,553,0,553,553,531,553,553,553,380,553,362,362.0,51,0,51.0,0.0,True,True,0.0,0.0,0.0,0.0,binary,cc,121940.0,1254131.0,1376071.0,0.08861461363548828,True,binary,cc,4069.0,14104.0,18173.0,0.22390359324272271,True,True,,True,,False,intermediate/15b4/comparisons/cmp_900aed83a970be9e.parquet,intermediate/15b4/comparisons/cmp_900aed83a970be9e.json,PROCESSED_NOW,,,,,,,,,True,True,True,True,True,True,False,True,False,True
cmp_872016488aceb283,gt_8ec8b2adc38392c6,CSF2,GBMI,GBMI::Asthma,Asthma,CSA,PRIMARY,False,True,0.01,5e-08,3,50,1868,552,,0,497,0,497,497,497,497,497,497,343,497,343,343.0,50,0,50.0,0.0,True,True,0.0,0.0,0.0,0.0,binary,cc,121940.0,1254131.0,1376071.0,0.08861461363548828,True,binary,cc,4015.0,27091.0,31106.0,0.12907477657043656,True,True,,True,,False,intermediate/15b4/comparisons/cmp_872016488aceb283.parquet,intermediate/15b4/comparisons/cmp_872016488aceb283.json,PROCESSED_NOW,,,,,,,,,True,True,True,True,True,True,False,True,False,True
cmp_d8dd6ef7088ffba2,gt_8ec8b2adc38392c6,CSF2,GBMI,GBMI::Asthma,Asthma,EAS,PRIMARY,False,True,0.01,5e-08,3,50,1868,762,,0,428,0,428,428,405,428,428,428,315,428,295,295.0,24,0,24.0,0.0,True,True,0.0,0.0,0.0,0.0,binary,cc,121940.0,1254131.0,1376071.0,0.08861461363548828,True,binary,cc,18549.0,322655.0,341204.0,0.05436337205894421,True,True,,True,,False,intermediate/15b4/comparisons/cmp_d8dd6ef7088ffba2.parquet,intermediate/15b4/comparisons/cmp_d8dd6ef7088ffba2.json,PROCESSED_NOW,,,,,,,,,True,True,True,True,True,True,False,True,False,True
cmp_e3d18da8c31d7ea7,gt_5a1238ab72b04b53,FGFR3,GBMI,GBMI::Asthma,Asthma,AFR,PRIMARY,False,True,0.01,5e-08,3,50,2330,1594,,0,939,0,939,939,886,939,939,939,407,935,386,386.0,0,0,0.0,0.0,True,True,0.0,0.0,3.0,3.0,binary,cc,118889.0,1240541.0,1359430.0,0.08861461363548828,True,binary,cc,5051.0,27607.0,32658.0,0.15466348214832507,True,False,fewer_than_3_qualified_EUR_GWS_variants,True,,False,intermediate/15b4/comparisons/cmp_e3d18da8c31d7ea7.parquet,intermediate/15b4/comparisons/cmp_e3d18da8c31d7ea7.json,PROCESSED_NOW,,,,,,,,,True,True,True,False,False,True,False,True,False,True
cmp_bbd4208cbc3bd7e5,gt_5a1238ab72b04b53,FGFR3,GBMI,GBMI::Asthma,Asthma,AMR,PRIMARY,False,True,0.01,5e-08,3,50,2330,848,,0,845,0,845,845,808,845,845,845,489,841,466,466.0,0,0,0.0,0.0,True,True,0.0,0.0,3.0,4.0,binary,cc,118889.0,1240541.0,1359430.0,0.08861461363548828,True,binary,cc,4069.0,14104.0,18173.0,0.22390359324272271,True,False,fewer_than_3_qualified_EUR_GWS_variants,True,,False,intermediate/15b4/comparisons/cmp_bbd4208cbc3bd7e5.parquet,intermediate/15b4/comparisons/cmp_bbd4208cbc3bd7e5.json,PROCESSED_NOW,,,,,,,,,True,True,True,False,False,True,False,True,False,True
cmp_e04d0f6a0ffc8967,gt_5a1238ab72b04b53,FGFR3,GBMI,GBMI::Asthma,Asthma,CSA,PRIMARY,False,True,0.01,5e-08,3,50,2330,503,,0,486,0,486,486,486,486,486,486,369,485,368,368.0,0,0,0.0,0.0,True,True,0.0,0.0,1.0,0.0,binary,cc,121940.0,1254131.0,1376071.0,0.08861461363548828,True,binary,cc,4015.0,27091.0,31106.0,0.12907477657043656,True,False,fewer_than_3_qualified_EUR_GWS_variants,True,,False,intermediate/15b4/comparisons/cmp_e04d0f6a0ffc8967.parquet,intermediate/15b4/comparisons/cmp_e04d0f6a0ffc8967.json,PROCESSED_NOW,,,,,,,,,True,True,True,False,False,True,False,True,False,True
cmp_06689f7e8a7c15e0,gt_5a1238ab72b04b53,FGFR3,GBMI,GBMI::Asthma,Asthma,EAS,PRIMARY,False,True,0.01,5e-08,3,50,2330,693,,0,543,0,543,543,513,543,543,543,371,536,340,340.0,0,0,0.0,0.0,True,True,3.0,0.0,6.0,1.0,binary,cc,118889.0,1240541.0,1359430.0,0.08861461363548828,True,binary,cc,18549.0,322655.0,341204.0,0.05436337205894421,True,False,fewer_than_3_qualified_EUR_GWS_variants,True,,False,intermediate/15b4/comparisons/cmp_06689f7e8a7c15e0.parquet,intermediate/15b4/comparisons/cmp_06689f7e8a7c15e0.json,PROCESSED_NOW,,,,,,,,,True,True,True,False,False,True,False,True,False,True
cmp_dc17746c43ba008b,gt_519bb947b499daff,GATA3,GBMI,GBMI::Asthma,Asthma,AFR,PRIMARY,False,True,0.01,5e-08,3,50,2668,1878,,0,1354,2,1354,1356,1278,1356,1356,1356,737,1355,696,696.0,19,0,19.0,0.0,True,True,1.0,0.0,1.0,0.0,binary,cc,118889.0,1240541.0,1359430.0,0.08861461363548828,True,binary,cc,4762.0,26670.0,31432.0,0.15466348214832507,True,True,,True,,False,intermediate/15b4/comparisons/cmp_dc17746c43ba008b.parquet,intermediate/15b4/comparisons/cmp_dc17746c43ba008b.json,PROCESSED_NOW,,,,,,,,,True,True,True,True,True,True,False,True,False,True
cmp_9d824417fe65d822,gt_519bb947b499daff,GATA3,GBMI,GBMI::Asthma,Asthma,AMR,PRIMARY,False,True,0.01,5e-08,3,50,2668,1105,,0,1098,1,1098,1099,1044,1099,1099,1099,882,1098,835,835.0,19,0,19.0,0.0,True,True,1.0,0.0,0.0,1.0,binary,cc,118889.0,1240541.0,1359430.0,0.08861461363548828,True,binary,cc,4069.0,14104.0,18173.0,0.22390359324272271,True,True,,True,,False,intermediate/15b4/comparisons/cmp_9d824417fe65d822.parquet,intermediate/15b4/comparisons/cmp_9d824417fe65d822.json,PROCESSED_NOW,,,,,,,,,True,True,True,True,True,True,False,True,False,True
cmp_6fac66445dcff4c0,gt_519bb947b499daff,GATA3,GBMI,GBMI::Asthma,Asthma,CSA,PRIMARY,False,True,0.01,5e-08,3,50,2668,943,,0,900,0,900,900,900,900,900,900,762,900,762,762.0,19,0,19.0,0.0,True,True,1.0,0.0,0.0,0.0,binary,cc,121940.0,1254131.0,1376071.0,0.08861461363548828,True,binary,cc,4015.0,27091.0,31106.0,0.12907477657043656,True,True,,True,,False,intermediate/15b4/comparisons/cmp_6fac66445dcff4c0.parquet,intermediate/15b4/comparisons/cmp_6fac66445dcff4c0.json,PROCESSED_NOW,,,,,,,,,True,True,True,True,True,True,False,True,False,True
cmp_ba664b37fee5bc19,gt_519bb947b499daff,GATA3,GBMI,GBMI::Asthma,Asthma,EAS,PRIMARY,False,True,0.01,5e-08,3,50,2668,1302,,0,951,2,951,953,885,953,953,953,626,946,576,577.0,19,1,19.0,1.0,True,True,1.0,0.0,7.0,2.0,binary,cc,117670.0,1198773.0,1316443.0,0.08861461363548828,True,binary,cc,18549.0,322655.0,341204.0,0.05436337205894421,True,True,,True,,True,intermediate/15b4/comparisons/cmp_ba664b37fee5bc19.parquet,intermediate/15b4/comparisons/cmp_ba664b37fee5bc19.json,PROCESSED_NOW,,,,,,,,,True,True,True,True,True,True,True,True,True,True
cmp_56f69ebeb8ee406e,gt_9e0993252b567190,HRH4,GBMI,GBMI::Asthma,Asthma,AFR,PRIMARY,False,True,0.01,5e-08,3,50,2252,1734,,0,1202,1,1202,1203,1114,1203,1203,1203,720,1201,667,667.0,0,0,0.0,0.0,True,True,0.0,0.0,1.0,1.0,binary,cc,121940.0,1254131.0,1376071.0,0.08861461363548828,True,binary,cc,5051.0,27607.0,32658.0,0.15466348214832507,True,False,fewer_than_3_qualified_EUR_GWS_variants,True,,False,intermediate/15b4/comparisons/cmp_56f69ebeb8ee406e.parquet,intermediate/15b4/comparisons/cmp_56f69ebeb8ee406e.json,PROCESSED_NOW,,,,,,,,,True,True,True,False,False,True,False,True,False,True
cmp_7e98133a48915a98,gt_9e0993252b567190,HRH4,GBMI,GBMI::Asthma,Asthma,AMR,PRIMARY,False,True,0.01,5e-08,3,50,2252,940,,0,937,0,937,937,872,937,937,937,772,936,716,716.0,0,0,0.0,0.0,True,True,0.0,0.0,1.0,0.0,binary,cc,121940.0,1254131.0,1376071.0,0.08861461363548828,True,binary,cc,4069.0,14104.0,18173.0,0.22390359324272271,True,False,fewer_than_3_qualified_EUR_GWS_variants,True,,False,intermediate/15b4/comparisons/cmp_7e98133a48915a98.parquet,intermediate/15b4/comparisons/cmp_7e98133a48915a98.json,PROCESSED_NOW,,,,,,,,,True,True,True,False,False,True,False,True,False,True
cmp_8a07d6969db9bbda,gt_9e0993252b567190,HRH4,GBMI,GBMI::Asthma,Asthma,CSA,PRIMARY,False,True,0.01,5e-08,3,50,2252,757,,0,737,0,737,737,737,737,737,737,655,735,653,653.0,0,0,0.0,0.0,True,True,0.0,0.0,1.0,1.0,binary,cc,121940.0,1254131.0,1376071.0,0.08861461363548828,True,binary,cc,4015.0,27091.0,31106.0,0.12907477657043656,True,False,fewer_than_3_qualified_EUR_GWS_variants,True,,False,intermediate/15b4/comparisons/cmp_8a07d6969db9bbda.parquet,intermediate/15b4/comparisons/cmp_8a07d6969db9bbda.json,PROCESSED_NOW,,,,,,,,,True,True,True,False,False,True,False,True,False,True
cmp_ddb0f1f4a82215f0,gt_9e0993252b567190,HRH4,GBMI,GBMI::Asthma,Asthma,EAS,PRIMARY,False,True,0.01,5e-08,3,50,2252,1114,,0,732,0,732,732,677,732,732,732,591,730,543,543.0,0,0,0.0,0.0,True,True,0.0,0.0,2.0,0.0,binary,cc,121940.0,1254131.0,1376071.0,0.08861461363548828,True,binary,cc,18549.0,322655.0,341204.0,0.05436337205894421,True,False,fewer_than_3_qualified_EUR_GWS_variants,True,,False,intermediate/15b4/comparisons/cmp_ddb0f1f4a82215f0.parquet,intermediate/15b4/comparisons/cmp_ddb0f1f4a82215f0.json,PROCESSED_NOW,,,,,,,,,True,True,True,False,False,True,False,True,False,True
cmp_ab8ccf0cc0913f47,gt_b5915a3fe7e0c8ef,IL13,GBMI,GBMI::Asthma,Asthma,AFR,PRIMARY,False,True,0.01,5e-08,3,50,1807,1300,,0,860,1,860,861,797,861,861,861,289,860,264,264.0,223,0,223.0,0.0,True,True,0.0,0.0,1.0,1.0,binary,cc,117670.0,1198773.0,1316443.0,0.08938480435537277,True,binary,cc,3603.0,15575.0,19178.0,0.18787151944936906,True,True,,True,,False,intermediate/15b4/comparisons/cmp_ab8ccf0cc0913f47.parquet,intermediate/15b4/comparisons/cmp_ab8ccf0cc0913f47.json,PROCESSED_NOW,,,,,,,,,True,True,True,True,True,True,False,True,False,True
cmp_d6a94e5b9cd24b66,gt_b5915a3fe7e0c8ef,IL13,GBMI,GBMI::Asthma,Asthma,AMR,PRIMARY,False,True,0.01,5e-08,3,50,1807,667,,0,666,1,666,667,615,667,667,667,317,666,292,292.0,229,0,229.0,0.0,True,True,0.0,0.0,1.0,1.0,binary,cc,117670.0,1198773.0,1316443.0,0.08938480435537277,True,binary,cc,4069.0,14104.0,18173.0,0.22390359324272271,True,True,,True,,False,intermediate/15b4/comparisons/cmp_d6a94e5b9cd24b66.parquet,intermediate/15b4/comparisons/cmp_d6a94e5b9cd24b66.json,PROCESSED_NOW,,,,,,,,,True,True,True,True,True,True,False,True,False,True
cmp_36a279eb7569f6dc,gt_b5915a3fe7e0c8ef,IL13,GBMI,GBMI::Asthma,Asthma,CSA,PRIMARY,False,True,0.01,5e-08,3,50,1807,436,,0,425,0,425,425,425,425,425,425,286,424,285,285.0,226,0,226.0,0.0,True,True,0.0,0.0,1.0,1.0,binary,cc,117670.0,1198773.0,1316443.0,0.08938480435537277,True,binary,cc,4015.0,27091.0,31106.0,0.12907477657043656,True,True,,True,,False,intermediate/15b4/comparisons/cmp_36a279eb7569f6dc.parquet,intermediate/15b4/comparisons/cmp_36a279eb7569f6dc.json,PROCESSED_NOW,,,,,,,,,True,True,True,True,True,True,False,True,False,True
cmp_a76b488e4d6fc321,gt_b5915a3fe7e0c8ef,IL13,GBMI,GBMI::Asthma,Asthma,EAS,PRIMARY,False,True,0.01,5e-08,3,50,1807,576,,0,346,0,346,346,316,346,346,346,286,345,260,260.0,225,81,225.0,81.0,True,True,0.0,0.0,1.0,1.0,binary,cc,117670.0,1198773.0,1316443.0,0.08938480435537277,True,binary,cc,18549.0,322655.0,341204.0,0.05436337205894421,True,True,,True,,True,intermediate/15b4/comparisons/cmp_a76b488e4d6fc321.parquet,intermediate/15b4/comparisons/cmp_a76b488e4d6fc321.json,PROCESSED_NOW,,,,,,,,,True,True,True,True,True,True,True,True,True,True
cmp_970c00a72772998e,gt_643969c79b356830,IL17RB,GBMI,GBMI::Asthma,Asthma,AFR,PRIMARY,False,True,0.01,5e-08,3,50,2174,1576,,0,1045,0,1045,1045,977,1045,1045,1045,572,1042,528,528.0,0,0,0.0,0.0,True,True,0.0,0.0,1.0,3.0,binary,cc,121940.0,1254131.0,1376071.0,0.08861461363548828,True,binary,cc,5051.0,27607.0,32658.0,0.15466348214832507,True,False,fewer_than_3_qualified_EUR_GWS_variants,True,,False,intermediate/15b4/comparisons/cmp_970c00a72772998e.parquet,intermediate/15b4/comparisons/cmp_970c00a72772998e.json,PROCESSED_NOW,,,,,,,,,True,True,True,False,False,True,False,True,False,True
cmp_efb9c759a376363a,gt_643969c79b356830,IL17RB,GBMI,GBMI::Asthma,Asthma,AMR,PRIMARY,False,True,0.01,5e-08,3,50,2174,933,,0,924,0,924,924,868,924,924,924,624,922,579,579.0,0,0,0.0,0.0,True,True,0.0,0.0,1.0,2.0,binary,cc,121940.0,1254131.0,1376071.0,0.08861461363548828,True,binary,cc,4069.0,14104.0,18173.0,0.22390359324272271,True,False,fewer_than_3_qualified_EUR_GWS_variants,True,,False,intermediate/15b4/comparisons/cmp_efb9c759a376363a.parquet,intermediate/15b4/comparisons/cmp_efb9c759a376363a.json,PROCESSED_NOW,,,,,,,,,True,True,True,False,False,True,False,True,False,True
cmp_be7991c3429d43fa,gt_643969c79b356830,IL17RB,GBMI,GBMI::Asthma,Asthma,CSA,PRIMARY,False,True,0.01,5e-08,3,50,2174,764,,0,732,0,732,732,732,732,732,732,532,731,531,531.0,0,0,0.0,0.0,True,True,0.0,0.0,1.0,1.0,binary,cc,121940.0,1254131.0,1376071.0,0.08861461363548828,True,binary,cc,4015.0,27091.0,31106.0,0.12907477657043656,True,False,fewer_than_3_qualified_EUR_GWS_variants,True,,False,intermediate/15b4/comparisons/cmp_be7991c3429d43fa.parquet,intermediate/15b4/comparisons/cmp_be7991c3429d43fa.json,PROCESSED_NOW,,,,,,,,,True,True,True,False,False,True,False,True,False,True
cmp_391e0792ae5e5eb8,gt_643969c79b356830,IL17RB,GBMI,GBMI::Asthma,Asthma,EAS,PRIMARY,False,True,0.01,5e-08,3,50,2174,1073,,0,711,0,711,711,661,711,711,711,469,708,428,428.0,0,0,0.0,0.0,True,True,0.0,0.0,2.0,1.0,binary,cc,121940.0,1254131.0,1376071.0,0.08861461363548828,True,binary,cc,18549.0,322655.0,341204.0,0.05436337205894421,True,False,fewer_than_3_qualified_EUR_GWS_variants,True,,False,intermediate/15b4/comparisons/cmp_391e0792ae5e5eb8.parquet,intermediate/15b4/comparisons/cmp_391e0792ae5e5eb8.json,PROCESSED_NOW,,,,,,,,,True,True,True,False,False,True,False,True,False,True
cmp_50dfe6ec581edb6f,gt_e0253f9da76890c4,IL1RL1,GBMI,GBMI::Asthma,Asthma,AFR,PRIMARY,False,True,0.01,5e-08,3,50,2435,1825,,0,1163,1,1163,1164,1093,1164,1164,1164,826,1157,775,775.0,398,0,398.0,0.0,True,True,1.0,0.0,7.0,2.0,binary,cc,121940.0,1254131.0,1376071.0,0.08861461363548828,True,binary,cc,5051.0,27607.0,32658.0,0.15466348214832507,True,True,,True,,False,intermediate/15b4/comparisons/cmp_50dfe6ec581edb6f.parquet,intermediate/15b4/comparisons/cmp_50dfe6ec581edb6f.json,PROCESSED_NOW,,,,,,,,,True,True,True,True,True,True,False,True,False,True
cmp_1113c8b20072258e,gt_e0253f9da76890c4,IL1RL1,GBMI,GBMI::Asthma,Asthma,AMR,PRIMARY,False,True,0.01,5e-08,3,50,2435,1023,,0,1020,1,1020,1021,954,1021,1021,1021,874,1015,820,820.0,398,0,398.0,0.0,True,True,1.0,0.0,6.0,0.0,binary,cc,121940.0,1254131.0,1376071.0,0.08861461363548828,True,binary,cc,4069.0,14104.0,18173.0,0.22390359324272271,True,True,,True,,False,intermediate/15b4/comparisons/cmp_1113c8b20072258e.parquet,intermediate/15b4/comparisons/cmp_1113c8b20072258e.json,PROCESSED_NOW,,,,,,,,,True,True,True,True,True,True,False,True,False,True
cmp_4af752414605f4d3,gt_e0253f9da76890c4,IL1RL1,GBMI,GBMI::Asthma,Asthma,CSA,PRIMARY,False,True,0.01,5e-08,3,50,2435,959,,0,931,0,931,931,931,931,931,931,783,927,779,779.0,397,21,397.0,21.0,True,True,0.0,0.0,4.0,0.0,binary,cc,121940.0,1254131.0,1376071.0,0.08861461363548828,True,binary,cc,4015.0,27091.0,31106.0,0.12907477657043656,True,True,,True,,True,intermediate/15b4/comparisons/cmp_4af752414605f4d3.parquet,intermediate/15b4/comparisons/cmp_4af752414605f4d3.json,PROCESSED_NOW,,,,,,,,,True,True,True,True,True,True,True,True,True,True
cmp_17d744d1985fa469,gt_e0253f9da76890c4,IL1RL1,GBMI,GBMI::Asthma,Asthma,EAS,PRIMARY,False,True,0.01,5e-08,3,50,2435,1206,,0,849,0,849,849,782,849,849,849,720,839,656,656.0,392,92,392.0,92.0,True,True,1.0,0.0,9.0,2.0,binary,cc,121940.0,1254131.0,1376071.0,0.08861461363548828,True,binary,cc,18549.0,322655.0,341204.0,0.05436337205894421,True,True,,True,,True,intermediate/15b4/comparisons/cmp_17d744d1985fa469.parquet,intermediate/15b4/comparisons/cmp_17d744d1985fa469.json,PROCESSED_NOW,,,,,,,,,True,True,True,True,True,True,True,True,True,True
cmp_2fa1f1babb57f737,gt_ceb57718dd9864a2,IL3,GBMI,GBMI::Asthma,Asthma,AFR,PRIMARY,False,True,0.01,5e-08,3,50,1837,1485,,0,869,1,869,870,825,870,870,870,334,870,319,319.0,50,0,50.0,0.0,True,True,0.0,0.0,0.0,0.0,binary,cc,121940.0,1254131.0,1376071.0,0.08861461363548828,True,binary,cc,5051.0,27607.0,32658.0,0.15466348214832507,True,True,,True,,False,intermediate/15b4/comparisons/cmp_2fa1f1babb57f737.parquet,intermediate/15b4/comparisons/cmp_2fa1f1babb57f737.json,PROCESSED_NOW,,,,,,,,,True,True,True,True,True,True,False,True,False,True
cmp_c7a26102b9b160c3,gt_ceb57718dd9864a2,IL3,GBMI,GBMI::Asthma,Asthma,AMR,PRIMARY,False,True,0.01,5e-08,3,50,1837,540,,0,537,0,537,537,517,537,537,537,369,537,352,352.0,50,0,50.0,0.0,True,True,0.0,0.0,0.0,0.0,binary,cc,121940.0,1254131.0,1376071.0,0.08861461363548828,True,binary,cc,4069.0,14104.0,18173.0,0.22390359324272271,True,True,,True,,False,intermediate/15b4/comparisons/cmp_c7a26102b9b160c3.parquet,intermediate/15b4/comparisons/cmp_c7a26102b9b160c3.json,PROCESSED_NOW,,,,,,,,,True,True,True,True,True,True,False,True,False,True
cmp_4aca20d855ce9b3c,gt_ceb57718dd9864a2,IL3,GBMI,GBMI::Asthma,Asthma,CSA,PRIMARY,False,True,0.01,5e-08,3,50,1837,536,,0,478,0,478,478,478,478,478,478,332,478,332,332.0,49,0,49.0,0.0,True,True,0.0,0.0,0.0,0.0,binary,cc,121940.0,1254131.0,1376071.0,0.08861461363548828,True,binary,cc,4015.0,27091.0,31106.0,0.12907477657043656,True,True,,True,,False,intermediate/15b4/comparisons/cmp_4aca20d855ce9b3c.parquet,intermediate/15b4/comparisons/cmp_4aca20d855ce9b3c.json,PROCESSED_NOW,,,,,,,,,True,True,True,True,True,True,False,True,False,True
cmp_82190d5c3cce51fe,gt_ceb57718dd9864a2,IL3,GBMI,GBMI::Asthma,Asthma,EAS,PRIMARY,False,True,0.01,5e-08,3,50,1837,724,,0,402,0,402,402,384,402,402,402,299,402,283,283.0,23,0,23.0,0.0,True,True,0.0,0.0,0.0,0.0,binary,cc,121940.0,1254131.0,1376071.0,0.08861461363548828,True,binary,cc,18549.0,322655.0,341204.0,0.05436337205894421,True,True,,True,,False,intermediate/15b4/comparisons/cmp_82190d5c3cce51fe.parquet,intermediate/15b4/comparisons/cmp_82190d5c3cce51fe.json,PROCESSED_NOW,,,,,,,,,True,True,True,True,True,True,False,True,False,True
cmp_2bc6da7bd58f8b90,gt_62933438673c2307,IL33,GBMI,GBMI::Asthma,Asthma,AFR,PRIMARY,False,True,0.01,5e-08,3,50,2619,1796,,0,1133,0,1133,1133,1080,1133,1133,1133,627,1131,602,602.0,215,0,215.0,0.0,True,True,1.0,1.0,2.0,1.0,binary,cc,118889.0,1240541.0,1359430.0,0.08861461363548828,True,binary,cc,4762.0,26670.0,31432.0,0.15466348214832507,True,True,,True,,False,intermediate/15b4/comparisons/cmp_2bc6da7bd58f8b90.parquet,intermediate/15b4/comparisons/cmp_2bc6da7bd58f8b90.json,PROCESSED_NOW,,,,,,,,,True,True,True,True,True,True,False,True,False,True
cmp_11df635d08e72758,gt_62933438673c2307,IL33,GBMI,GBMI::Asthma,Asthma,AMR,PRIMARY,False,True,0.01,5e-08,3,50,2619,928,,0,916,0,916,916,877,916,916,916,706,913,675,675.0,222,0,222.0,0.0,True,True,1.0,1.0,2.0,2.0,binary,cc,118889.0,1240541.0,1359430.0,0.08861461363548828,True,binary,cc,4069.0,14104.0,18173.0,0.22390359324272271,True,True,,True,,False,intermediate/15b4/comparisons/cmp_11df635d08e72758.parquet,intermediate/15b4/comparisons/cmp_11df635d08e72758.json,PROCESSED_NOW,,,,,,,,,True,True,True,True,True,True,False,True,False,True
cmp_a0dab9d33f7b3552,gt_62933438673c2307,IL33,GBMI,GBMI::Asthma,Asthma,CSA,PRIMARY,False,True,0.01,5e-08,3,50,2619,739,,0,713,0,713,713,713,713,713,713,559,713,559,559.0,210,0,210.0,0.0,True,True,0.0,0.0,0.0,0.0,binary,cc,121940.0,1254131.0,1376071.0,0.08861461363548828,True,binary,cc,4015.0,27091.0,31106.0,0.12907477657043656,True,True,,True,,False,intermediate/15b4/comparisons/cmp_a0dab9d33f7b3552.parquet,intermediate/15b4/comparisons/cmp_a0dab9d33f7b3552.json,PROCESSED_NOW,,,,,,,,,True,True,True,True,True,True,False,True,False,True
cmp_af469cf6305c50e3,gt_62933438673c2307,IL33,GBMI,GBMI::Asthma,Asthma,EAS,PRIMARY,False,True,0.01,5e-08,3,50,2619,1085,,0,713,0,713,713,678,713,713,713,339,710,315,315.0,154,0,154.0,0.0,True,True,1.0,0.0,3.0,0.0,binary,cc,121940.0,1254131.0,1376071.0,0.08861461363548828,True,binary,cc,18549.0,322655.0,341204.0,0.05436337205894421,True,True,,True,,False,intermediate/15b4/comparisons/cmp_af469cf6305c50e3.parquet,intermediate/15b4/comparisons/cmp_af469cf6305c50e3.json,PROCESSED_NOW,,,,,,,,,True,True,True,True,True,True,False,True,False,True
cmp_812c7bbd23890504,gt_aff18fde645e6a6f,IL4R,GBMI,GBMI::Asthma,Asthma,AFR,PRIMARY,False,True,0.01,5e-08,3,50,2598,1717,,0,1166,0,1166,1166,1094,1166,1166,1166,627,1162,579,579.0,156,0,156.0,0.0,True,True,0.0,0.0,3.0,2.0,binary,cc,117670.0,1198773.0,1316443.0,0.08861461363548828,True,binary,cc,3603.0,21028.0,24154.0,0.15466348214832507,True,True,,True,,False,intermediate/15b4/comparisons/cmp_812c7bbd23890504.parquet,intermediate/15b4/comparisons/cmp_812c7bbd23890504.json,PROCESSED_NOW,,,,,,,,,True,True,True,True,True,True,False,True,False,True
cmp_5235bc263b35ea04,gt_aff18fde645e6a6f,IL4R,GBMI,GBMI::Asthma,Asthma,AMR,PRIMARY,False,True,0.01,5e-08,3,50,2598,1034,,0,1018,0,1018,1018,951,1018,1018,1018,715,1015,660,660.0,157,0,157.0,0.0,True,True,0.0,0.0,3.0,1.0,binary,cc,117670.0,1232343.0,1349938.0,0.08861461363548828,True,binary,cc,4069.0,14104.0,18173.0,0.22390359324272271,True,True,,True,,False,intermediate/15b4/comparisons/cmp_5235bc263b35ea04.parquet,intermediate/15b4/comparisons/cmp_5235bc263b35ea04.json,PROCESSED_NOW,,,,,,,,,True,True,True,True,True,True,False,True,False,True
cmp_7aa41dc81cd9b3ff,gt_aff18fde645e6a6f,IL4R,GBMI,GBMI::Asthma,Asthma,CSA,PRIMARY,False,True,0.01,5e-08,3,50,2598,663,,0,653,0,653,653,653,653,653,653,540,652,539,539.0,156,0,156.0,0.0,True,True,0.0,0.0,1.0,0.0,binary,cc,117670.0,1198773.0,1316443.0,0.08861461363548828,True,binary,cc,4015.0,27091.0,31106.0,0.12907477657043656,True,True,,True,,False,intermediate/15b4/comparisons/cmp_7aa41dc81cd9b3ff.parquet,intermediate/15b4/comparisons/cmp_7aa41dc81cd9b3ff.json,PROCESSED_NOW,,,,,,,,,True,True,True,True,True,True,False,True,False,True
cmp_2565e0e2adfe1275,gt_aff18fde645e6a6f,IL4R,GBMI,GBMI::Asthma,Asthma,EAS,PRIMARY,False,True,0.01,5e-08,3,50,2598,923,,0,654,0,654,654,607,654,654,654,481,648,437,437.0,163,105,163.0,105.0,True,True,0.0,0.0,6.0,4.0,binary,cc,117670.0,1198773.0,1316443.0,0.08861461363548828,True,binary,cc,18549.0,322655.0,341204.0,0.05436337205894421,True,True,,True,,True,intermediate/15b4/comparisons/cmp_2565e0e2adfe1275.parquet,intermediate/15b4/comparisons/cmp_2565e0e2adfe1275.json,PROCESSED_NOW,,,,,,,,,True,True,True,True,True,True,True,True,True,True
cmp_3618bc9e13b64408,gt_8eacc233dce7b2c8,IL5,GBMI,GBMI::Asthma,Asthma,AFR,PRIMARY,False,True,0.01,5e-08,3,50,1826,1344,,0,887,0,887,887,814,887,887,887,403,884,366,366.0,229,0,229.0,0.0,True,True,0.0,0.0,3.0,2.0,binary,cc,121940.0,1254131.0,1376071.0,0.08861461363548828,True,binary,cc,5051.0,27607.0,32658.0,0.15466348214832507,True,True,,True,,False,intermediate/15b4/comparisons/cmp_3618bc9e13b64408.parquet,intermediate/15b4/comparisons/cmp_3618bc9e13b64408.json,PROCESSED_NOW,,,,,,,,,True,True,True,True,True,True,False,True,False,True
cmp_562bf6b74a067fe1,gt_8eacc233dce7b2c8,IL5,GBMI,GBMI::Asthma,Asthma,AMR,PRIMARY,False,True,0.01,5e-08,3,50,1826,734,,0,732,0,732,732,676,732,732,732,436,729,399,399.0,234,0,234.0,0.0,True,True,0.0,0.0,3.0,3.0,binary,cc,121940.0,1254131.0,1376071.0,0.08861461363548828,True,binary,cc,4069.0,14104.0,18173.0,0.22390359324272271,True,True,,True,,False,intermediate/15b4/comparisons/cmp_562bf6b74a067fe1.parquet,intermediate/15b4/comparisons/cmp_562bf6b74a067fe1.json,PROCESSED_NOW,,,,,,,,,True,True,True,True,True,True,False,True,False,True
cmp_596f61a009141a06,gt_8eacc233dce7b2c8,IL5,GBMI,GBMI::Asthma,Asthma,CSA,PRIMARY,False,True,0.01,5e-08,3,50,1826,591,,0,569,0,569,569,569,569,569,569,382,568,381,381.0,229,0,229.0,0.0,True,True,0.0,0.0,1.0,0.0,binary,cc,121940.0,1254131.0,1376071.0,0.08861461363548828,True,binary,cc,4015.0,27091.0,31106.0,0.12907477657043656,True,True,,True,,False,intermediate/15b4/comparisons/cmp_596f61a009141a06.parquet,intermediate/15b4/comparisons/cmp_596f61a009141a06.json,PROCESSED_NOW,,,,,,,,,True,True,True,True,True,True,False,True,False,True
cmp_297fbf716b9104dc,gt_8eacc233dce7b2c8,IL5,GBMI,GBMI::Asthma,Asthma,EAS,PRIMARY,False,True,0.01,5e-08,3,50,1826,716,,0,450,0,450,450,406,450,450,450,383,450,345,345.0,224,84,224.0,84.0,True,True,0.0,0.0,0.0,0.0,binary,cc,121940.0,1254131.0,1376071.0,0.08861461363548828,True,binary,cc,18549.0,322655.0,341204.0,0.05436337205894421,True,True,,True,,True,intermediate/15b4/comparisons/cmp_297fbf716b9104dc.parquet,intermediate/15b4/comparisons/cmp_297fbf716b9104dc.json,PROCESSED_NOW,,,,,,,,,True,True,True,True,True,True,True,True,True,True
cmp_377f011c20740fe6,gt_d2fd12497bba2d5c,IL6,GBMI,GBMI::Asthma,Asthma,AFR,PRIMARY,False,True,0.01,5e-08,3,50,2123,1720,,0,1066,0,1066,1066,1014,1066,1066,1066,735,1064,700,700.0,79,0,79.0,0.0,True,True,0.0,0.0,1.0,2.0,binary,cc,121940.0,1254131.0,1376071.0,0.08861461363548828,True,binary,cc,5051.0,27607.0,32658.0,0.15466348214832507,True,True,,True,,False,intermediate/15b4/comparisons/cmp_377f011c20740fe6.parquet,intermediate/15b4/comparisons/cmp_377f011c20740fe6.json,PROCESSED_NOW,,,,,,,,,True,True,True,True,True,True,False,True,False,True
cmp_df338e515712a29b,gt_d2fd12497bba2d5c,IL6,GBMI,GBMI::Asthma,Asthma,AMR,PRIMARY,False,True,0.01,5e-08,3,50,2123,945,,0,939,0,939,939,895,939,939,939,800,939,763,763.0,79,0,79.0,0.0,True,True,0.0,0.0,0.0,0.0,binary,cc,121940.0,1254131.0,1376071.0,0.08861461363548828,True,binary,cc,4069.0,14104.0,18173.0,0.22390359324272271,True,True,,True,,False,intermediate/15b4/comparisons/cmp_df338e515712a29b.parquet,intermediate/15b4/comparisons/cmp_df338e515712a29b.json,PROCESSED_NOW,,,,,,,,,True,True,True,True,True,True,False,True,False,True
cmp_01c999296b50331d,gt_d2fd12497bba2d5c,IL6,GBMI,GBMI::Asthma,Asthma,CSA,PRIMARY,False,True,0.01,5e-08,3,50,2123,971,,0,853,0,853,853,853,853,853,853,735,853,735,735.0,79,0,79.0,0.0,True,True,0.0,0.0,0.0,0.0,binary,cc,121940.0,1254131.0,1376071.0,0.08861461363548828,True,binary,cc,4015.0,27091.0,31106.0,0.12907477657043656,True,True,,True,,False,intermediate/15b4/comparisons/cmp_01c999296b50331d.parquet,intermediate/15b4/comparisons/cmp_01c999296b50331d.json,PROCESSED_NOW,,,,,,,,,True,True,True,True,True,True,False,True,False,True
cmp_81b7013723919858,gt_d2fd12497bba2d5c,IL6,GBMI,GBMI::Asthma,Asthma,EAS,PRIMARY,False,True,0.01,5e-08,3,50,2123,1315,,0,832,0,832,832,788,832,832,832,658,824,615,615.0,51,0,51.0,0.0,True,True,0.0,0.0,6.0,3.0,binary,cc,121940.0,1254131.0,1376071.0,0.08861461363548828,True,binary,cc,18549.0,322655.0,341204.0,0.05436337205894421,True,True,,True,,False,intermediate/15b4/comparisons/cmp_81b7013723919858.parquet,intermediate/15b4/comparisons/cmp_81b7013723919858.json,PROCESSED_NOW,,,,,,,,,True,True,True,True,True,True,False,True,False,True
cmp_78ab0cec165a10b6,gt_c0bc9d12d330abef,ITGB7,GBMI,GBMI::Asthma,Asthma,AFR,PRIMARY,False,True,0.01,5e-08,3,50,1823,1369,,0,843,0,843,843,779,843,843,843,408,838,369,369.0,0,0,0.0,0.0,True,True,0.0,0.0,4.0,3.0,binary,cc,118889.0,1240541.0,1359430.0,0.08861461363548828,True,binary,cc,4762.0,26696.0,31440.0,0.15466348214832507,True,False,fewer_than_3_qualified_EUR_GWS_variants,True,,False,intermediate/15b4/comparisons/cmp_78ab0cec165a10b6.parquet,intermediate/15b4/comparisons/cmp_78ab0cec165a10b6.json,PROCESSED_NOW,,,,,,,,,True,True,True,False,False,True,False,True,False,True
cmp_027ede373e9e32fc,gt_c0bc9d12d330abef,ITGB7,GBMI,GBMI::Asthma,Asthma,AMR,PRIMARY,False,True,0.01,5e-08,3,50,1823,657,,0,657,0,657,657,609,657,657,657,481,654,447,447.0,0,0,0.0,0.0,True,True,0.0,0.0,2.0,2.0,binary,cc,118889.0,1240541.0,1359430.0,0.08861461363548828,True,binary,cc,4069.0,14104.0,18173.0,0.22390359324272271,True,False,fewer_than_3_qualified_EUR_GWS_variants,True,,False,intermediate/15b4/comparisons/cmp_027ede373e9e32fc.parquet,intermediate/15b4/comparisons/cmp_027ede373e9e32fc.json,PROCESSED_NOW,,,,,,,,,True,True,True,False,False,True,False,True,False,True
cmp_0185688e150500b4,gt_c0bc9d12d330abef,ITGB7,GBMI,GBMI::Asthma,Asthma,CSA,PRIMARY,False,True,0.01,5e-08,3,50,1823,522,,0,494,0,494,494,494,494,494,494,408,493,407,407.0,0,0,0.0,0.0,True,True,0.0,0.0,1.0,0.0,binary,cc,118889.0,1240541.0,1359430.0,0.08861461363548828,True,binary,cc,4015.0,27091.0,31106.0,0.12907477657043656,True,False,fewer_than_3_qualified_EUR_GWS_variants,True,,False,intermediate/15b4/comparisons/cmp_0185688e150500b4.parquet,intermediate/15b4/comparisons/cmp_0185688e150500b4.json,PROCESSED_NOW,,,,,,,,,True,True,True,False,False,True,False,True,False,True
cmp_2940f1520de2d89c,gt_c0bc9d12d330abef,ITGB7,GBMI,GBMI::Asthma,Asthma,EAS,PRIMARY,False,True,0.01,5e-08,3,50,1823,802,,0,496,1,496,497,443,497,497,497,397,493,352,352.0,0,0,0.0,0.0,True,True,0.0,0.0,4.0,2.0,binary,cc,118889.0,1240541.0,1359430.0,0.08861461363548828,True,binary,cc,18549.0,322655.0,341204.0,0.05436337205894421,True,False,fewer_than_3_qualified_EUR_GWS_variants,True,,False,intermediate/15b4/comparisons/cmp_2940f1520de2d89c.parquet,intermediate/15b4/comparisons/cmp_2940f1520de2d89c.json,PROCESSED_NOW,,,,,,,,,True,True,True,False,False,True,False,True,False,True
cmp_657a71fd538ccde4,gt_de7ac7df0be895e9,KIT,GBMI,GBMI::Asthma,Asthma,AFR,PRIMARY,False,True,0.01,5e-08,3,50,2769,2059,,0,1338,0,1338,1338,1255,1338,1338,1338,750,1334,695,695.0,0,0,0.0,0.0,True,True,0.0,0.0,3.0,4.0,binary,cc,121940.0,1254131.0,1376071.0,0.08861461363548828,True,binary,cc,5051.0,27607.0,32658.0,0.15466348214832507,True,False,fewer_than_3_qualified_EUR_GWS_variants,True,,False,intermediate/15b4/comparisons/cmp_657a71fd538ccde4.parquet,intermediate/15b4/comparisons/cmp_657a71fd538ccde4.json,PROCESSED_NOW,,,,,,,,,True,True,True,False,False,True,False,True,False,True
cmp_22e4bb0bd2604a20,gt_de7ac7df0be895e9,KIT,GBMI,GBMI::Asthma,Asthma,AMR,PRIMARY,False,True,0.01,5e-08,3,50,2769,1183,,0,1181,0,1181,1181,1109,1181,1181,1181,836,1178,776,776.0,0,0,0.0,0.0,True,True,0.0,0.0,3.0,0.0,binary,cc,121940.0,1254131.0,1376071.0,0.08861461363548828,True,binary,cc,4069.0,14104.0,18173.0,0.22390359324272271,True,False,fewer_than_3_qualified_EUR_GWS_variants,True,,False,intermediate/15b4/comparisons/cmp_22e4bb0bd2604a20.parquet,intermediate/15b4/comparisons/cmp_22e4bb0bd2604a20.json,PROCESSED_NOW,,,,,,,,,True,True,True,False,False,True,False,True,False,True
cmp_e313208803a5a955,gt_de7ac7df0be895e9,KIT,GBMI,GBMI::Asthma,Asthma,CSA,PRIMARY,False,True,0.01,5e-08,3,50,2769,856,,0,838,0,838,838,838,838,838,838,719,835,716,716.0,0,0,0.0,0.0,True,True,0.0,0.0,3.0,0.0,binary,cc,121940.0,1254131.0,1376071.0,0.08861461363548828,True,binary,cc,4015.0,27091.0,31106.0,0.12907477657043656,True,False,fewer_than_3_qualified_EUR_GWS_variants,True,,False,intermediate/15b4/comparisons/cmp_e313208803a5a955.parquet,intermediate/15b4/comparisons/cmp_e313208803a5a955.json,PROCESSED_NOW,,,,,,,,,True,True,True,False,False,True,False,True,False,True
cmp_3bba1cac3b396afd,gt_de7ac7df0be895e9,KIT,GBMI,GBMI::Asthma,Asthma,EAS,PRIMARY,False,True,0.01,5e-08,3,50,2769,1232,,0,839,1,839,840,769,840,840,840,733,836,670,670.0,0,0,0.0,0.0,True,True,0.0,0.0,4.0,3.0,binary,cc,121940.0,1254131.0,1376071.0,0.08861461363548828,True,binary,cc,18549.0,322655.0,341204.0,0.05436337205894421,True,False,fewer_than_3_qualified_EUR_GWS_variants,True,,False,intermediate/15b4/comparisons/cmp_3bba1cac3b396afd.parquet,intermediate/15b4/comparisons/cmp_3bba1cac3b396afd.json,PROCESSED_NOW,,,,,,,,,True,True,True,False,False,True,False,True,False,True
cmp_3d32b80e340128c1,gt_db502e5251084f6d,MMP12,GBMI,GBMI::Asthma,Asthma,AFR,PRIMARY,False,True,0.01,5e-08,3,50,2063,1482,,0,933,2,933,935,866,935,935,935,576,932,531,531.0,0,0,0.0,0.0,True,True,0.0,0.0,3.0,0.0,binary,cc,121940.0,1254131.0,1376071.0,0.08861461363548828,True,binary,cc,5051.0,27607.0,32658.0,0.15466348214832507,True,False,fewer_than_3_qualified_EUR_GWS_variants,True,,False,intermediate/15b4/comparisons/cmp_3d32b80e340128c1.parquet,intermediate/15b4/comparisons/cmp_3d32b80e340128c1.json,PROCESSED_NOW,,,,,,,,,True,True,True,False,False,True,False,True,False,True
cmp_09aa585345ceecf1,gt_db502e5251084f6d,MMP12,GBMI,GBMI::Asthma,Asthma,AMR,PRIMARY,False,True,0.01,5e-08,3,50,2063,879,,0,871,2,871,873,812,873,873,873,658,870,610,610.0,0,0,0.0,0.0,True,True,0.0,0.0,3.0,0.0,binary,cc,121940.0,1254131.0,1376071.0,0.08861461363548828,True,binary,cc,4069.0,14104.0,18173.0,0.22390359324272271,True,False,fewer_than_3_qualified_EUR_GWS_variants,True,,False,intermediate/15b4/comparisons/cmp_09aa585345ceecf1.parquet,intermediate/15b4/comparisons/cmp_09aa585345ceecf1.json,PROCESSED_NOW,,,,,,,,,True,True,True,False,False,True,False,True,False,True
cmp_8b21875c59a4abf6,gt_db502e5251084f6d,MMP12,GBMI,GBMI::Asthma,Asthma,CSA,PRIMARY,False,True,0.01,5e-08,3,50,2063,756,,0,718,0,718,718,718,718,718,718,573,716,571,571.0,0,0,0.0,0.0,True,True,0.0,0.0,2.0,0.0,binary,cc,121940.0,1254131.0,1376071.0,0.08861461363548828,True,binary,cc,4015.0,27091.0,31106.0,0.12907477657043656,True,False,fewer_than_3_qualified_EUR_GWS_variants,True,,False,intermediate/15b4/comparisons/cmp_8b21875c59a4abf6.parquet,intermediate/15b4/comparisons/cmp_8b21875c59a4abf6.json,PROCESSED_NOW,,,,,,,,,True,True,True,False,False,True,False,True,False,True
cmp_67cc4fd484a447f5,gt_db502e5251084f6d,MMP12,GBMI,GBMI::Asthma,Asthma,EAS,PRIMARY,False,True,0.01,5e-08,3,50,2063,1195,,0,738,1,738,739,679,739,739,739,528,735,482,482.0,0,0,0.0,0.0,True,True,0.0,0.0,4.0,1.0,binary,cc,121940.0,1254131.0,1376071.0,0.08861461363548828,True,binary,cc,18549.0,322655.0,341204.0,0.05436337205894421,True,False,fewer_than_3_qualified_EUR_GWS_variants,True,,False,intermediate/15b4/comparisons/cmp_67cc4fd484a447f5.parquet,intermediate/15b4/comparisons/cmp_67cc4fd484a447f5.json,PROCESSED_NOW,,,,,,,,,True,True,True,False,False,True,False,True,False,True
cmp_81e6fb935e951311,gt_e5f710ae8311d02e,NFKB1,GBMI,GBMI::Asthma,Asthma,AFR,PRIMARY,False,True,0.01,5e-08,3,50,2853,2127,,0,1419,2,1419,1421,1324,1421,1421,1421,627,1421,583,583.0,0,0,0.0,0.0,True,True,0.0,0.0,0.0,0.0,binary,cc,121940.0,1254131.0,1376071.0,0.08861461363548828,True,binary,cc,5051.0,27607.0,32658.0,0.15466348214832507,True,False,fewer_than_3_qualified_EUR_GWS_variants,True,,False,intermediate/15b4/comparisons/cmp_81e6fb935e951311.parquet,intermediate/15b4/comparisons/cmp_81e6fb935e951311.json,PROCESSED_NOW,,,,,,,,,True,True,True,False,False,True,False,True,False,True
cmp_6a4da4dd71f0791b,gt_e5f710ae8311d02e,NFKB1,GBMI,GBMI::Asthma,Asthma,AMR,PRIMARY,False,True,0.01,5e-08,3,50,2853,1129,,0,1128,0,1128,1128,1052,1128,1128,1128,693,1128,645,645.0,0,0,0.0,0.0,True,True,0.0,0.0,0.0,0.0,binary,cc,121940.0,1254131.0,1376071.0,0.08861461363548828,True,binary,cc,4069.0,14104.0,18173.0,0.22390359324272271,True,False,fewer_than_3_qualified_EUR_GWS_variants,True,,False,intermediate/15b4/comparisons/cmp_6a4da4dd71f0791b.parquet,intermediate/15b4/comparisons/cmp_6a4da4dd71f0791b.json,PROCESSED_NOW,,,,,,,,,True,True,True,False,False,True,False,True,False,True
cmp_39a9b5261c32bec2,gt_e5f710ae8311d02e,NFKB1,GBMI,GBMI::Asthma,Asthma,CSA,PRIMARY,False,True,0.01,5e-08,3,50,2853,900,,0,884,0,884,884,884,884,884,884,585,884,585,585.0,0,0,0.0,0.0,True,True,0.0,0.0,0.0,0.0,binary,cc,121940.0,1254131.0,1376071.0,0.08861461363548828,True,binary,cc,4015.0,27091.0,31106.0,0.12907477657043656,True,False,fewer_than_3_qualified_EUR_GWS_variants,True,,False,intermediate/15b4/comparisons/cmp_39a9b5261c32bec2.parquet,intermediate/15b4/comparisons/cmp_39a9b5261c32bec2.json,PROCESSED_NOW,,,,,,,,,True,True,True,False,False,True,False,True,False,True
cmp_e018d207e91f13e8,gt_e5f710ae8311d02e,NFKB1,GBMI,GBMI::Asthma,Asthma,EAS,PRIMARY,False,True,0.01,5e-08,3,50,2853,922,,0,671,1,671,672,620,672,672,672,579,665,528,528.0,0,0,0.0,0.0,True,True,0.0,0.0,6.0,2.0,binary,cc,121940.0,1254131.0,1376071.0,0.08861461363548828,True,binary,cc,18549.0,322655.0,341204.0,0.05436337205894421,True,False,fewer_than_3_qualified_EUR_GWS_variants,True,,False,intermediate/15b4/comparisons/cmp_e018d207e91f13e8.parquet,intermediate/15b4/comparisons/cmp_e018d207e91f13e8.json,PROCESSED_NOW,,,,,,,,,True,True,True,False,False,True,False,True,False,True
cmp_e99b9e694a260c3a,gt_ae042213ac6b4336,NR3C1,GBMI,GBMI::Asthma,Asthma,AFR,PRIMARY,False,True,0.01,5e-08,3,50,2871,2038,,0,1198,3,1198,1201,1122,1201,1201,1201,650,1200,605,605.0,0,0,0.0,0.0,True,True,0.0,0.0,0.0,1.0,binary,cc,121940.0,1254131.0,1376071.0,0.08861461363548828,True,binary,cc,5051.0,27607.0,32658.0,0.15466348214832507,True,False,fewer_than_3_qualified_EUR_GWS_variants,True,,False,intermediate/15b4/comparisons/cmp_e99b9e694a260c3a.parquet,intermediate/15b4/comparisons/cmp_e99b9e694a260c3a.json,PROCESSED_NOW,,,,,,,,,True,True,True,False,False,True,False,True,False,True
cmp_b5dd8a7fcca42b7c,gt_ae042213ac6b4336,NR3C1,GBMI,GBMI::Asthma,Asthma,AMR,PRIMARY,False,True,0.01,5e-08,3,50,2871,1060,,0,1054,1,1054,1055,988,1055,1055,1055,725,1054,680,680.0,0,0,0.0,0.0,True,True,0.0,0.0,0.0,1.0,binary,cc,121940.0,1254131.0,1376071.0,0.08861461363548828,True,binary,cc,4069.0,14104.0,18173.0,0.22390359324272271,True,False,fewer_than_3_qualified_EUR_GWS_variants,True,,False,intermediate/15b4/comparisons/cmp_b5dd8a7fcca42b7c.parquet,intermediate/15b4/comparisons/cmp_b5dd8a7fcca42b7c.json,PROCESSED_NOW,,,,,,,,,True,True,True,False,False,True,False,True,False,True
cmp_f458ecfcec2c5d9f,gt_ae042213ac6b4336,NR3C1,GBMI,GBMI::Asthma,Asthma,CSA,PRIMARY,False,True,0.01,5e-08,3,50,2871,997,,0,760,0,760,760,760,760,760,760,623,759,622,622.0,0,0,0.0,0.0,True,True,0.0,0.0,0.0,1.0,binary,cc,121940.0,1254131.0,1376071.0,0.08861461363548828,True,binary,cc,4015.0,27091.0,31106.0,0.12907477657043656,True,False,fewer_than_3_qualified_EUR_GWS_variants,True,,False,intermediate/15b4/comparisons/cmp_f458ecfcec2c5d9f.parquet,intermediate/15b4/comparisons/cmp_f458ecfcec2c5d9f.json,PROCESSED_NOW,,,,,,,,,True,True,True,False,False,True,False,True,False,True
cmp_8063a29b00ae6a87,gt_ae042213ac6b4336,NR3C1,GBMI,GBMI::Asthma,Asthma,EAS,PRIMARY,False,True,0.01,5e-08,3,50,2871,1555,,0,786,4,786,790,723,790,790,790,555,788,514,514.0,0,0,0.0,0.0,True,True,0.0,0.0,0.0,2.0,binary,cc,121940.0,1254131.0,1376071.0,0.08861461363548828,True,binary,cc,18549.0,322655.0,341204.0,0.05436337205894421,True,False,fewer_than_3_qualified_EUR_GWS_variants,True,,False,intermediate/15b4/comparisons/cmp_8063a29b00ae6a87.parquet,intermediate/15b4/comparisons/cmp_8063a29b00ae6a87.json,PROCESSED_NOW,,,,,,,,,True,True,True,False,False,True,False,True,False,True
cmp_00c0877e4cf73aff,gt_b2f382990ec4dea4,P2RY2,GBMI,GBMI::Asthma,Asthma,AFR,PRIMARY,False,True,0.01,5e-08,3,50,1928,1384,,0,822,1,822,823,772,823,823,823,395,816,362,362.0,0,0,0.0,0.0,True,True,0.0,0.0,3.0,7.0,binary,cc,117670.0,1198773.0,1316443.0,0.08861461363548828,True,binary,cc,3603.0,15575.0,19178.0,0.15720442195990256,True,False,fewer_than_3_qualified_EUR_GWS_variants,True,,False,intermediate/15b4/comparisons/cmp_00c0877e4cf73aff.parquet,intermediate/15b4/comparisons/cmp_00c0877e4cf73aff.json,PROCESSED_NOW,,,,,,,,,True,True,True,False,False,True,False,True,False,True
cmp_279d799e99cad7e6,gt_b2f382990ec4dea4,P2RY2,GBMI,GBMI::Asthma,Asthma,AMR,PRIMARY,False,True,0.01,5e-08,3,50,1928,715,,0,711,0,711,711,670,711,711,711,457,705,421,421.0,0,0,0.0,0.0,True,True,0.0,0.0,2.0,6.0,binary,cc,117670.0,1198773.0,1316443.0,0.08861461363548828,True,binary,cc,4069.0,14104.0,18173.0,0.22390359324272271,True,False,fewer_than_3_qualified_EUR_GWS_variants,True,,False,intermediate/15b4/comparisons/cmp_279d799e99cad7e6.parquet,intermediate/15b4/comparisons/cmp_279d799e99cad7e6.json,PROCESSED_NOW,,,,,,,,,True,True,True,False,False,True,False,True,False,True
cmp_c8ca51c9e7ed8887,gt_b2f382990ec4dea4,P2RY2,GBMI,GBMI::Asthma,Asthma,CSA,PRIMARY,False,True,0.01,5e-08,3,50,1928,472,,0,458,0,458,458,458,458,458,458,360,456,358,358.0,0,0,0.0,0.0,True,True,0.0,0.0,2.0,0.0,binary,cc,117670.0,1198773.0,1316443.0,0.08861461363548828,True,binary,cc,4015.0,27091.0,31106.0,0.12907477657043656,True,False,fewer_than_3_qualified_EUR_GWS_variants,True,,False,intermediate/15b4/comparisons/cmp_c8ca51c9e7ed8887.parquet,intermediate/15b4/comparisons/cmp_c8ca51c9e7ed8887.json,PROCESSED_NOW,,,,,,,,,True,True,True,False,False,True,False,True,False,True
cmp_f9d05cb9b9fddeed,gt_b2f382990ec4dea4,P2RY2,GBMI,GBMI::Asthma,Asthma,EAS,PRIMARY,False,True,0.01,5e-08,3,50,1928,626,,0,431,1,431,432,402,432,432,432,306,429,281,281.0,0,0,0.0,0.0,True,True,0.0,0.0,3.0,0.0,binary,cc,117670.0,1198773.0,1316443.0,0.08861461363548828,True,binary,cc,18549.0,322655.0,341204.0,0.05436337205894421,True,False,fewer_than_3_qualified_EUR_GWS_variants,True,,False,intermediate/15b4/comparisons/cmp_f9d05cb9b9fddeed.parquet,intermediate/15b4/comparisons/cmp_f9d05cb9b9fddeed.json,PROCESSED_NOW,,,,,,,,,True,True,True,False,False,True,False,True,False,True
cmp_f416cef74ff8f5d3,gt_365c91e7f793fde3,PDE3A,GBMI,GBMI::Asthma,Asthma,AFR,PRIMARY,False,True,0.01,5e-08,3,50,5627,4109,,0,2834,5,2834,2839,2616,2839,2839,2839,1753,2829,1612,1616.0,0,0,0.0,0.0,True,True,0.0,0.0,7.0,6.0,binary,cc,121940.0,1254131.0,1376071.0,0.08861461363548828,True,binary,cc,5051.0,27607.0,32658.0,0.15466348214832507,True,False,fewer_than_3_qualified_EUR_GWS_variants,True,,False,intermediate/15b4/comparisons/cmp_f416cef74ff8f5d3.parquet,intermediate/15b4/comparisons/cmp_f416cef74ff8f5d3.json,PROCESSED_NOW,,,,,,,,,True,True,True,False,False,True,False,True,False,True
cmp_715cbde0b191e2ec,gt_365c91e7f793fde3,PDE3A,GBMI,GBMI::Asthma,Asthma,AMR,PRIMARY,False,True,0.01,5e-08,3,50,5627,2533,,0,2526,0,2526,2526,2337,2526,2526,2526,1974,2521,1820,1820.0,0,0,0.0,0.0,True,True,0.0,0.0,5.0,2.0,binary,cc,121940.0,1254131.0,1376071.0,0.08861461363548828,True,binary,cc,4069.0,14104.0,18173.0,0.22390359324272271,True,False,fewer_than_3_qualified_EUR_GWS_variants,True,,False,intermediate/15b4/comparisons/cmp_715cbde0b191e2ec.parquet,intermediate/15b4/comparisons/cmp_715cbde0b191e2ec.json,PROCESSED_NOW,,,,,,,,,True,True,True,False,False,True,False,True,False,True
cmp_856487be35c75773,gt_365c91e7f793fde3,PDE3A,GBMI,GBMI::Asthma,Asthma,CSA,PRIMARY,False,True,0.01,5e-08,3,50,5627,2103,,0,2056,0,2056,2056,2056,2056,2056,2056,1701,2053,1698,1698.0,0,0,0.0,0.0,True,True,0.0,0.0,3.0,0.0,binary,cc,121940.0,1254131.0,1376071.0,0.08861461363548828,True,binary,cc,4015.0,27091.0,31106.0,0.12907477657043656,True,False,fewer_than_3_qualified_EUR_GWS_variants,True,,False,intermediate/15b4/comparisons/cmp_856487be35c75773.parquet,intermediate/15b4/comparisons/cmp_856487be35c75773.json,PROCESSED_NOW,,,,,,,,,True,True,True,False,False,True,False,True,False,True
cmp_db5df5f6d2e98002,gt_365c91e7f793fde3,PDE3A,GBMI,GBMI::Asthma,Asthma,EAS,PRIMARY,False,True,0.01,5e-08,3,50,5627,2678,,0,1992,5,1992,1997,1835,1997,1997,1997,1465,1984,1325,1328.0,0,0,0.0,0.0,True,True,0.0,0.0,13.0,6.0,binary,cc,121940.0,1254131.0,1376071.0,0.08861461363548828,True,binary,cc,18549.0,322655.0,341204.0,0.05436337205894421,True,False,fewer_than_3_qualified_EUR_GWS_variants,True,,False,intermediate/15b4/comparisons/cmp_db5df5f6d2e98002.parquet,intermediate/15b4/comparisons/cmp_db5df5f6d2e98002.json,PROCESSED_NOW,,,,,,,,,True,True,True,False,False,True,False,True,False,True
cmp_dd1199ab22dd3b77,gt_9d4cf5ee28185b3f,PDE4B,GBMI,GBMI::Asthma,Asthma,AFR,PRIMARY,False,True,0.01,5e-08,3,50,7342,5256,,0,3492,3,3492,3495,3243,3495,3495,3495,2018,3488,1869,1869.0,0,0,0.0,0.0,True,True,2.0,0.0,4.0,5.0,binary,cc,121940.0,1254131.0,1376071.0,0.08861461363548828,True,binary,cc,5051.0,27607.0,32658.0,0.15466348214832507,True,False,fewer_than_3_qualified_EUR_GWS_variants,True,,False,intermediate/15b4/comparisons/cmp_dd1199ab22dd3b77.parquet,intermediate/15b4/comparisons/cmp_dd1199ab22dd3b77.json,PROCESSED_NOW,,,,,,,,,True,True,True,False,False,True,False,True,False,True
cmp_03f2ddb9340f36ed,gt_9d4cf5ee28185b3f,PDE4B,GBMI,GBMI::Asthma,Asthma,AMR,PRIMARY,False,True,0.01,5e-08,3,50,7342,2866,,0,2858,0,2858,2858,2665,2858,2858,2858,2185,2854,2030,2030.0,0,0,0.0,0.0,True,True,2.0,2.0,4.0,3.0,binary,cc,121940.0,1254131.0,1376071.0,0.08861461363548828,True,binary,cc,4069.0,14104.0,18173.0,0.22390359324272271,True,False,fewer_than_3_qualified_EUR_GWS_variants,True,,False,intermediate/15b4/comparisons/cmp_03f2ddb9340f36ed.parquet,intermediate/15b4/comparisons/cmp_03f2ddb9340f36ed.json,PROCESSED_NOW,,,,,,,,,True,True,True,False,False,True,False,True,False,True
cmp_4d09c42333a8fe38,gt_9d4cf5ee28185b3f,PDE4B,GBMI,GBMI::Asthma,Asthma,CSA,PRIMARY,False,True,0.01,5e-08,3,50,7342,2393,,0,2291,0,2291,2291,2291,2291,2291,2291,1818,2288,1815,1815.0,0,0,0.0,0.0,True,True,2.0,2.0,3.0,2.0,binary,cc,121940.0,1254131.0,1376071.0,0.08861461363548828,True,binary,cc,4015.0,27091.0,31106.0,0.12907477657043656,True,False,fewer_than_3_qualified_EUR_GWS_variants,True,,False,intermediate/15b4/comparisons/cmp_4d09c42333a8fe38.parquet,intermediate/15b4/comparisons/cmp_4d09c42333a8fe38.json,PROCESSED_NOW,,,,,,,,,True,True,True,False,False,True,False,True,False,True
cmp_5d6b9aa7b5fb6072,gt_9d4cf5ee28185b3f,PDE4B,GBMI,GBMI::Asthma,Asthma,EAS,PRIMARY,False,True,0.01,5e-08,3,50,7342,3559,,0,2399,0,2399,2399,2215,2399,2399,2399,1892,2387,1738,1738.0,0,0,0.0,0.0,True,True,2.0,2.0,10.0,9.0,binary,cc,121940.0,1254131.0,1376071.0,0.08861461363548828,True,binary,cc,18549.0,322655.0,341204.0,0.05436337205894421,True,False,fewer_than_3_qualified_EUR_GWS_variants,True,,False,intermediate/15b4/comparisons/cmp_5d6b9aa7b5fb6072.parquet,intermediate/15b4/comparisons/cmp_5d6b9aa7b5fb6072.json,PROCESSED_NOW,,,,,,,,,True,True,True,False,False,True,False,True,False,True
cmp_ce64a986a8d15c08,gt_70efb959c61a6093,PDE4D,GBMI,GBMI::Asthma,Asthma,AFR,PRIMARY,False,True,0.01,5e-08,3,50,15677,11381,,0,7274,6,7274,7280,6750,7280,7280,7280,4095,7261,3810,3810.0,0,0,0.0,0.0,True,True,0.0,0.0,12.0,12.0,binary,cc,121940.0,1254131.0,1376071.0,0.08861461363548828,True,binary,cc,5051.0,27607.0,32658.0,0.15466348214832507,True,False,fewer_than_3_qualified_EUR_GWS_variants,True,,False,intermediate/15b4/comparisons/cmp_ce64a986a8d15c08.parquet,intermediate/15b4/comparisons/cmp_ce64a986a8d15c08.json,PROCESSED_NOW,,,,,,,,,True,True,True,False,False,True,False,True,False,True
cmp_8034523652295a06,gt_70efb959c61a6093,PDE4D,GBMI,GBMI::Asthma,Asthma,AMR,PRIMARY,False,True,0.01,5e-08,3,50,15677,6493,,0,6439,0,6439,6439,5998,6439,6439,6439,4682,6427,4363,4363.0,0,0,0.0,0.0,True,True,0.0,0.0,9.0,8.0,binary,cc,121940.0,1254131.0,1376071.0,0.08861461363548828,True,binary,cc,4069.0,14104.0,18173.0,0.22390359324272271,True,False,fewer_than_3_qualified_EUR_GWS_variants,True,,False,intermediate/15b4/comparisons/cmp_8034523652295a06.parquet,intermediate/15b4/comparisons/cmp_8034523652295a06.json,PROCESSED_NOW,,,,,,,,,True,True,True,False,False,True,False,True,False,True
cmp_06ec7c1c45431cd9,gt_70efb959c61a6093,PDE4D,GBMI,GBMI::Asthma,Asthma,CSA,PRIMARY,False,True,0.01,5e-08,3,50,15677,5257,,0,5065,0,5065,5065,5065,5065,5065,5065,4058,5061,4054,4054.0,0,0,0.0,0.0,True,True,0.0,0.0,2.0,2.0,binary,cc,121940.0,1254131.0,1376071.0,0.08861461363548828,True,binary,cc,4015.0,27091.0,31106.0,0.12907477657043656,True,False,fewer_than_3_qualified_EUR_GWS_variants,True,,False,intermediate/15b4/comparisons/cmp_06ec7c1c45431cd9.parquet,intermediate/15b4/comparisons/cmp_06ec7c1c45431cd9.json,PROCESSED_NOW,,,,,,,,,True,True,True,False,False,True,False,True,False,True
cmp_82ff76430d4c159e,gt_70efb959c61a6093,PDE4D,GBMI,GBMI::Asthma,Asthma,EAS,PRIMARY,False,True,0.01,5e-08,3,50,15677,6919,,0,4843,2,4843,4845,4468,4845,4845,4845,3591,4821,3294,3294.0,0,0,0.0,0.0,True,True,0.0,0.0,22.0,11.0,binary,cc,121940.0,1254131.0,1376071.0,0.08861461363548828,True,binary,cc,18549.0,322655.0,341204.0,0.05436337205894421,True,False,fewer_than_3_qualified_EUR_GWS_variants,True,,False,intermediate/15b4/comparisons/cmp_82ff76430d4c159e.parquet,intermediate/15b4/comparisons/cmp_82ff76430d4c159e.json,PROCESSED_NOW,,,,,,,,,True,True,True,False,False,True,False,True,False,True
cmp_0774efc1872e713e,gt_7f50a9fa80553ca7,TNFSF15,GBMI,GBMI::Asthma,Asthma,AFR,PRIMARY,False,True,0.01,5e-08,3,50,2004,1227,,0,778,1,778,779,718,779,779,779,479,777,439,439.0,3,0,3.0,0.0,True,True,0.0,0.0,0.0,2.0,binary,cc,120646.0,1245933.0,1366579.0,0.08828322402144333,True,binary,cc,5051.0,27607.0,32658.0,0.15466348214832507,True,True,,True,,False,intermediate/15b4/comparisons/cmp_0774efc1872e713e.parquet,intermediate/15b4/comparisons/cmp_0774efc1872e713e.json,PROCESSED_NOW,,,,,,,,,True,True,True,True,True,True,False,True,False,True
cmp_66091c879cda73f3,gt_7f50a9fa80553ca7,TNFSF15,GBMI,GBMI::Asthma,Asthma,AMR,PRIMARY,False,True,0.01,5e-08,3,50,2004,703,,0,696,0,696,696,644,696,696,696,557,695,514,514.0,3,0,3.0,0.0,True,True,0.0,0.0,0.0,1.0,binary,cc,120646.0,1245933.0,1366579.0,0.08828322402144333,True,binary,cc,4069.0,14104.0,18173.0,0.22390359324272271,True,True,,True,,False,intermediate/15b4/comparisons/cmp_66091c879cda73f3.parquet,intermediate/15b4/comparisons/cmp_66091c879cda73f3.json,PROCESSED_NOW,,,,,,,,,True,True,True,True,True,True,False,True,False,True
cmp_f5f9d92e52842a63,gt_7f50a9fa80553ca7,TNFSF15,GBMI,GBMI::Asthma,Asthma,CSA,PRIMARY,False,True,0.01,5e-08,3,50,2004,583,,0,581,0,581,581,581,581,581,581,483,581,483,483.0,3,0,3.0,0.0,True,True,0.0,0.0,0.0,0.0,binary,cc,120646.0,1245933.0,1366579.0,0.08828322402144333,True,binary,cc,4015.0,27091.0,31106.0,0.12907477657043656,True,True,,True,,False,intermediate/15b4/comparisons/cmp_f5f9d92e52842a63.parquet,intermediate/15b4/comparisons/cmp_f5f9d92e52842a63.json,PROCESSED_NOW,,,,,,,,,True,True,True,True,True,True,False,True,False,True
cmp_b5f053fdd7083b6e,gt_7f50a9fa80553ca7,TNFSF15,GBMI,GBMI::Asthma,Asthma,EAS,PRIMARY,False,True,0.01,5e-08,3,50,2004,1010,,0,647,1,647,648,593,648,648,648,422,647,386,386.0,0,0,0.0,0.0,True,True,0.0,0.0,0.0,1.0,binary,cc,120646.0,1245933.0,1366579.0,0.08828322402144333,True,binary,cc,18549.0,322655.0,341204.0,0.05436337205894421,True,False,fewer_than_3_qualified_EUR_GWS_variants,True,,False,intermediate/15b4/comparisons/cmp_b5f053fdd7083b6e.parquet,intermediate/15b4/comparisons/cmp_b5f053fdd7083b6e.json,PROCESSED_NOW,,,,,,,,,True,True,True,False,False,True,False,True,False,True
cmp_ea126469051698c2,gt_a1149966f4c395a3,TNFSF4,GBMI,GBMI::Asthma,Asthma,AFR,PRIMARY,False,True,0.01,5e-08,3,50,1975,1219,,0,888,0,888,888,818,888,888,888,481,888,449,449.0,1,0,1.0,0.0,True,True,0.0,0.0,0.0,0.0,binary,cc,121940.0,1254131.0,1376071.0,0.08861461363548828,True,binary,cc,5051.0,27607.0,32658.0,0.15466348214832507,True,False,fewer_than_3_qualified_EUR_GWS_variants,True,,False,intermediate/15b4/comparisons/cmp_ea126469051698c2.parquet,intermediate/15b4/comparisons/cmp_ea126469051698c2.json,PROCESSED_NOW,,,,,,,,,True,True,True,False,False,True,False,True,False,True
cmp_bf99a17326cc295c,gt_a1149966f4c395a3,TNFSF4,GBMI,GBMI::Asthma,Asthma,AMR,PRIMARY,False,True,0.01,5e-08,3,50,1975,799,,0,792,0,792,792,732,792,792,792,551,792,514,514.0,1,0,1.0,0.0,True,True,0.0,0.0,0.0,0.0,binary,cc,121940.0,1254131.0,1376071.0,0.08861461363548828,True,binary,cc,4069.0,14104.0,18173.0,0.22390359324272271,True,False,fewer_than_3_qualified_EUR_GWS_variants,True,,False,intermediate/15b4/comparisons/cmp_bf99a17326cc295c.parquet,intermediate/15b4/comparisons/cmp_bf99a17326cc295c.json,PROCESSED_NOW,,,,,,,,,True,True,True,False,False,True,False,True,False,True
cmp_c5eb7b0c9e5d28e0,gt_a1149966f4c395a3,TNFSF4,GBMI,GBMI::Asthma,Asthma,CSA,PRIMARY,False,True,0.01,5e-08,3,50,1975,568,,0,553,0,553,553,553,553,553,553,461,553,461,461.0,1,0,1.0,0.0,True,True,0.0,0.0,0.0,0.0,binary,cc,121940.0,1254131.0,1376071.0,0.08861461363548828,True,binary,cc,4015.0,27091.0,31106.0,0.12907477657043656,True,False,fewer_than_3_qualified_EUR_GWS_variants,True,,False,intermediate/15b4/comparisons/cmp_c5eb7b0c9e5d28e0.parquet,intermediate/15b4/comparisons/cmp_c5eb7b0c9e5d28e0.json,PROCESSED_NOW,,,,,,,,,True,True,True,False,False,True,False,True,False,True
cmp_7b9f8e7b25ae87d7,gt_a1149966f4c395a3,TNFSF4,GBMI,GBMI::Asthma,Asthma,EAS,PRIMARY,False,True,0.01,5e-08,3,50,1975,684,,0,517,0,517,517,476,517,517,517,397,517,363,363.0,1,0,1.0,0.0,True,True,0.0,0.0,0.0,0.0,binary,cc,121940.0,1254131.0,1376071.0,0.08861461363548828,True,binary,cc,18549.0,322655.0,341204.0,0.05436337205894421,True,False,fewer_than_3_qualified_EUR_GWS_variants,True,,False,intermediate/15b4/comparisons/cmp_7b9f8e7b25ae87d7.parquet,intermediate/15b4/comparisons/cmp_7b9f8e7b25ae87d7.json,PROCESSED_NOW,,,,,,,,,True,True,True,False,False,True,False,True,False,True
cmp_e854c14fa9f40a21,gt_9974caf98cb25074,TSLP,GBMI,GBMI::Asthma,Asthma,AFR,PRIMARY,False,True,0.01,5e-08,3,50,2432,1985,,0,1189,1,1189,1190,1126,1190,1190,1190,478,1189,455,455.0,201,0,201.0,0.0,True,True,0.0,0.0,0.0,1.0,binary,cc,121940.0,1254131.0,1376071.0,0.08861461363548828,True,binary,cc,5051.0,27607.0,32658.0,0.15466348214832507,True,True,,True,,False,intermediate/15b4/comparisons/cmp_e854c14fa9f40a21.parquet,intermediate/15b4/comparisons/cmp_e854c14fa9f40a21.json,PROCESSED_NOW,,,,,,,,,True,True,True,True,True,True,False,True,False,True
cmp_ebe379c15a6da6e9,gt_9974caf98cb25074,TSLP,GBMI,GBMI::Asthma,Asthma,AMR,PRIMARY,False,True,0.01,5e-08,3,50,2432,1074,,0,1035,0,1035,1035,994,1035,1035,1035,542,1035,516,516.0,214,0,214.0,0.0,True,True,0.0,0.0,0.0,0.0,binary,cc,121940.0,1254131.0,1376071.0,0.08861461363548828,True,binary,cc,4069.0,14104.0,18173.0,0.22390359324272271,True,True,,True,,False,intermediate/15b4/comparisons/cmp_ebe379c15a6da6e9.parquet,intermediate/15b4/comparisons/cmp_ebe379c15a6da6e9.json,PROCESSED_NOW,,,,,,,,,True,True,True,True,True,True,False,True,False,True
cmp_381d86345f6977a1,gt_9974caf98cb25074,TSLP,GBMI,GBMI::Asthma,Asthma,CSA,PRIMARY,False,True,0.01,5e-08,3,50,2432,626,,0,609,0,609,609,609,609,609,609,448,609,448,448.0,201,0,201.0,0.0,True,True,0.0,0.0,0.0,0.0,binary,cc,121940.0,1254131.0,1376071.0,0.08861461363548828,True,binary,cc,4015.0,27091.0,31106.0,0.12907477657043656,True,True,,True,,False,intermediate/15b4/comparisons/cmp_381d86345f6977a1.parquet,intermediate/15b4/comparisons/cmp_381d86345f6977a1.json,PROCESSED_NOW,,,,,,,,,True,True,True,True,True,True,False,True,False,True
cmp_a54e8bec4ce3739c,gt_9974caf98cb25074,TSLP,GBMI,GBMI::Asthma,Asthma,EAS,PRIMARY,False,True,0.01,5e-08,3,50,2432,1026,,0,688,2,688,690,653,690,690,690,469,686,439,439.0,198,40,198.0,40.0,True,True,0.0,0.0,4.0,0.0,binary,cc,121940.0,1254131.0,1376071.0,0.08861461363548828,True,binary,cc,18549.0,322655.0,341204.0,0.05436337205894421,True,True,,True,,True,intermediate/15b4/comparisons/cmp_a54e8bec4ce3739c.parquet,intermediate/15b4/comparisons/cmp_a54e8bec4ce3739c.json,PROCESSED_NOW,,,,,,,,,True,True,True,True,True,True,True,True,True,True
cmp_1651d20a22bcf975,gt_03d37cdcec9e6d39,TYK2,GBMI,GBMI::Asthma,Asthma,AFR,PRIMARY,False,True,0.01,5e-08,3,50,2210,1443,,0,927,1,927,928,873,928,928,928,495,927,466,466.0,0,0,0.0,0.0,True,True,0.0,0.0,1.0,0.0,binary,cc,121940.0,1254131.0,1376071.0,0.08861461363548828,True,binary,cc,5051.0,27607.0,32658.0,0.15466348214832507,True,False,fewer_than_3_qualified_EUR_GWS_variants,True,,False,intermediate/15b4/comparisons/cmp_1651d20a22bcf975.parquet,intermediate/15b4/comparisons/cmp_1651d20a22bcf975.json,PROCESSED_NOW,,,,,,,,,True,True,True,False,False,True,False,True,False,True
cmp_7e05927d4234e8f1,gt_03d37cdcec9e6d39,TYK2,GBMI,GBMI::Asthma,Asthma,AMR,PRIMARY,False,True,0.01,5e-08,3,50,2210,800,,0,795,0,795,795,752,795,795,795,573,793,542,542.0,0,0,0.0,0.0,True,True,0.0,0.0,1.0,1.0,binary,cc,121940.0,1254131.0,1376071.0,0.08861461363548828,True,binary,cc,4069.0,14104.0,18173.0,0.22390359324272271,True,False,fewer_than_3_qualified_EUR_GWS_variants,True,,False,intermediate/15b4/comparisons/cmp_7e05927d4234e8f1.parquet,intermediate/15b4/comparisons/cmp_7e05927d4234e8f1.json,PROCESSED_NOW,,,,,,,,,True,True,True,False,False,True,False,True,False,True
cmp_4cadfeba397d5fcb,gt_03d37cdcec9e6d39,TYK2,GBMI,GBMI::Asthma,Asthma,CSA,PRIMARY,False,True,0.01,5e-08,3,50,2210,717,,0,683,0,683,683,683,683,683,683,503,682,502,502.0,0,0,0.0,0.0,True,True,0.0,0.0,1.0,0.0,binary,cc,121940.0,1254131.0,1376071.0,0.08861461363548828,True,binary,cc,4015.0,27091.0,31106.0,0.12907477657043656,True,False,fewer_than_3_qualified_EUR_GWS_variants,True,,False,intermediate/15b4/comparisons/cmp_4cadfeba397d5fcb.parquet,intermediate/15b4/comparisons/cmp_4cadfeba397d5fcb.json,PROCESSED_NOW,,,,,,,,,True,True,True,False,False,True,False,True,False,True
cmp_13ba9b9b5abf239c,gt_03d37cdcec9e6d39,TYK2,GBMI,GBMI::Asthma,Asthma,EAS,PRIMARY,False,True,0.01,5e-08,3,50,2210,993,,0,681,1,681,682,639,682,682,682,444,679,410,410.0,0,0,0.0,0.0,True,True,0.0,0.0,3.0,1.0,binary,cc,121940.0,1254131.0,1376071.0,0.08861461363548828,True,binary,cc,18549.0,322655.0,341204.0,0.05436337205894421,True,False,fewer_than_3_qualified_EUR_GWS_variants,True,,False,intermediate/15b4/comparisons/cmp_13ba9b9b5abf239c.parquet,intermediate/15b4/comparisons/cmp_13ba9b9b5abf239c.json,PROCESSED_NOW,,,,,,,,,True,True,True,False,False,True,False,True,False,True
cmp_99775e607307b46c,gt_9881a68950024bfa,ADORA1,GBMI,GBMI::COPD,Chronic obstructive pulmonary disease,AFR,PRIMARY,False,True,0.01,5e-08,3,50,2456,1743,,0,1072,1,1072,1073,1013,1073,1073,1073,652,1067,609,609.0,0,0,0.0,0.0,True,True,0.0,0.0,5.0,4.0,binary,cc,58559.0,937358.0,995917.0,0.0587990766298798,True,binary,cc,1978.0,27704.0,29682.0,0.06663971430496597,True,False,fewer_than_3_qualified_EUR_GWS_variants,True,,False,intermediate/15b4/comparisons/cmp_99775e607307b46c.parquet,intermediate/15b4/comparisons/cmp_99775e607307b46c.json,PROCESSED_NOW,,,,,,,,,True,True,True,False,False,True,False,True,False,True
cmp_f9420030b12a967c,gt_9881a68950024bfa,ADORA1,GBMI,GBMI::COPD,Chronic obstructive pulmonary disease,AMR,PRIMARY,False,True,0.01,5e-08,3,50,2456,996,,0,992,0,992,992,948,992,992,992,756,990,718,718.0,0,0,0.0,0.0,True,True,0.0,0.0,2.0,2.0,binary,cc,58559.0,937358.0,995917.0,0.0587990766298798,True,binary,cc,1503.0,13583.0,15086.0,0.09962879490918733,True,False,fewer_than_3_qualified_EUR_GWS_variants,True,,False,intermediate/15b4/comparisons/cmp_f9420030b12a967c.parquet,intermediate/15b4/comparisons/cmp_f9420030b12a967c.json,PROCESSED_NOW,,,,,,,,,True,True,True,False,False,True,False,True,False,True
cmp_b183626c5e1a2682,gt_9881a68950024bfa,ADORA1,GBMI,GBMI::COPD,Chronic obstructive pulmonary disease,EAS,PRIMARY,False,True,0.01,5e-08,3,50,2456,1292,,0,847,1,847,848,789,848,848,848,668,844,617,617.0,0,0,0.0,0.0,True,True,0.0,0.0,4.0,0.0,binary,cc,58559.0,937358.0,995917.0,0.0587990766298798,True,binary,cc,19044.0,310689.0,329733.0,0.057755820618500424,True,False,fewer_than_3_qualified_EUR_GWS_variants,True,,False,intermediate/15b4/comparisons/cmp_b183626c5e1a2682.parquet,intermediate/15b4/comparisons/cmp_b183626c5e1a2682.json,PROCESSED_NOW,,,,,,,,,True,True,True,False,False,True,False,True,False,True
cmp_7b30a058acdf9401,gt_4fb43f1edb670fad,ADRB2,GBMI,GBMI::COPD,Chronic obstructive pulmonary disease,AFR,PRIMARY,False,True,0.01,5e-08,3,50,1923,1615,,0,1052,1,1052,1053,984,1053,1053,1053,568,1053,535,535.0,0,0,0.0,0.0,True,True,0.0,0.0,0.0,0.0,binary,cc,53597.0,882000.0,935597.0,0.05728641712190184,True,binary,cc,1422.0,15672.0,17094.0,0.07782959415175196,True,False,fewer_than_3_qualified_EUR_GWS_variants,True,,False,intermediate/15b4/comparisons/cmp_7b30a058acdf9401.parquet,intermediate/15b4/comparisons/cmp_7b30a058acdf9401.json,PROCESSED_NOW,,,,,,,,,True,True,True,False,False,True,False,True,False,True
cmp_f62aa338ed422bb6,gt_4fb43f1edb670fad,ADRB2,GBMI,GBMI::COPD,Chronic obstructive pulmonary disease,AMR,PRIMARY,False,True,0.01,5e-08,3,50,1923,898,,0,892,0,892,892,850,892,892,892,614,892,584,584.0,0,0,0.0,0.0,True,True,0.0,0.0,0.0,0.0,binary,cc,53597.0,882000.0,935597.0,0.05728641712190184,True,binary,cc,1503.0,13583.0,15086.0,0.09962879490918733,True,False,fewer_than_3_qualified_EUR_GWS_variants,True,,False,intermediate/15b4/comparisons/cmp_f62aa338ed422bb6.parquet,intermediate/15b4/comparisons/cmp_f62aa338ed422bb6.json,PROCESSED_NOW,,,,,,,,,True,True,True,False,False,True,False,True,False,True
cmp_def63fee9adfede7,gt_4fb43f1edb670fad,ADRB2,GBMI,GBMI::COPD,Chronic obstructive pulmonary disease,EAS,PRIMARY,False,True,0.01,5e-08,3,50,1923,775,,0,643,1,643,644,601,644,644,644,530,643,495,495.0,0,0,0.0,0.0,True,True,0.0,0.0,0.0,1.0,binary,cc,53597.0,882000.0,935597.0,0.05728641712190184,True,binary,cc,19044.0,310689.0,329733.0,0.057755820618500424,True,False,fewer_than_3_qualified_EUR_GWS_variants,True,,False,intermediate/15b4/comparisons/cmp_def63fee9adfede7.parquet,intermediate/15b4/comparisons/cmp_def63fee9adfede7.json,PROCESSED_NOW,,,,,,,,,True,True,True,False,False,True,False,True,False,True
cmp_c8b387d82b73af29,gt_8517bb33d43dbd6b,CHRM3,GBMI,GBMI::COPD,Chronic obstructive pulmonary disease,AFR,PRIMARY,False,True,0.01,5e-08,3,50,7292,5128,,0,3423,3,3423,3426,3242,3426,3426,3426,1917,3414,1806,1806.0,0,0,0.0,0.0,True,True,0.0,0.0,5.0,7.0,binary,cc,58559.0,937358.0,995917.0,0.0587990766298798,True,binary,cc,1978.0,27704.0,29682.0,0.06663971430496597,True,False,fewer_than_3_qualified_EUR_GWS_variants,True,,False,intermediate/15b4/comparisons/cmp_c8b387d82b73af29.parquet,intermediate/15b4/comparisons/cmp_c8b387d82b73af29.json,PROCESSED_NOW,,,,,,,,,True,True,True,False,False,True,False,True,False,True
cmp_3d2151e97cc0ce0d,gt_8517bb33d43dbd6b,CHRM3,GBMI,GBMI::COPD,Chronic obstructive pulmonary disease,AMR,PRIMARY,False,True,0.01,5e-08,3,50,7292,2861,,0,2852,3,2852,2855,2733,2855,2855,2855,2072,2851,1983,1983.0,0,0,0.0,0.0,True,True,0.0,0.0,2.0,3.0,binary,cc,58559.0,937358.0,995917.0,0.0587990766298798,True,binary,cc,1503.0,13583.0,15086.0,0.09962879490918733,True,False,fewer_than_3_qualified_EUR_GWS_variants,True,,False,intermediate/15b4/comparisons/cmp_3d2151e97cc0ce0d.parquet,intermediate/15b4/comparisons/cmp_3d2151e97cc0ce0d.json,PROCESSED_NOW,,,,,,,,,True,True,True,False,False,True,False,True,False,True
cmp_a6f990f370ee73be,gt_8517bb33d43dbd6b,CHRM3,GBMI,GBMI::COPD,Chronic obstructive pulmonary disease,EAS,PRIMARY,False,True,0.01,5e-08,3,50,7292,2566,,0,2029,0,2029,2029,1910,2029,2029,2029,1673,2020,1559,1559.0,0,0,0.0,0.0,True,True,0.0,0.0,7.0,5.0,binary,cc,58559.0,937358.0,995917.0,0.0587990766298798,True,binary,cc,19044.0,310689.0,329733.0,0.057755820618500424,True,False,fewer_than_3_qualified_EUR_GWS_variants,True,,False,intermediate/15b4/comparisons/cmp_a6f990f370ee73be.parquet,intermediate/15b4/comparisons/cmp_a6f990f370ee73be.json,PROCESSED_NOW,,,,,,,,,True,True,True,False,False,True,False,True,False,True
cmp_d21d81678d910f56,gt_516ff4c0d959d8ab,CSF2,GBMI,GBMI::COPD,Chronic obstructive pulmonary disease,AFR,PRIMARY,False,True,0.01,5e-08,3,50,1726,1436,,0,806,1,806,807,767,807,807,807,343,807,327,327.0,0,0,0.0,0.0,True,True,0.0,0.0,0.0,0.0,binary,cc,58559.0,937358.0,995917.0,0.0587990766298798,True,binary,cc,1978.0,27704.0,29682.0,0.06663971430496597,True,False,fewer_than_3_qualified_EUR_GWS_variants,True,,False,intermediate/15b4/comparisons/cmp_d21d81678d910f56.parquet,intermediate/15b4/comparisons/cmp_d21d81678d910f56.json,PROCESSED_NOW,,,,,,,,,True,True,True,False,False,True,False,True,False,True
cmp_79fe799c93b464e6,gt_516ff4c0d959d8ab,CSF2,GBMI,GBMI::COPD,Chronic obstructive pulmonary disease,AMR,PRIMARY,False,True,0.01,5e-08,3,50,1726,474,,0,473,0,473,473,462,473,473,473,364,473,354,354.0,0,0,0.0,0.0,True,True,0.0,0.0,0.0,0.0,binary,cc,58559.0,937358.0,995917.0,0.0587990766298798,True,binary,cc,1503.0,13583.0,15086.0,0.09962879490918733,True,False,fewer_than_3_qualified_EUR_GWS_variants,True,,False,intermediate/15b4/comparisons/cmp_79fe799c93b464e6.parquet,intermediate/15b4/comparisons/cmp_79fe799c93b464e6.json,PROCESSED_NOW,,,,,,,,,True,True,True,False,False,True,False,True,False,True
cmp_9a5c6fcb69c5503f,gt_516ff4c0d959d8ab,CSF2,GBMI,GBMI::COPD,Chronic obstructive pulmonary disease,EAS,PRIMARY,False,True,0.01,5e-08,3,50,1726,604,,0,379,0,379,379,360,379,379,379,311,379,294,294.0,0,0,0.0,0.0,True,True,0.0,0.0,0.0,0.0,binary,cc,58559.0,937358.0,995917.0,0.0587990766298798,True,binary,cc,19044.0,310689.0,329733.0,0.057755820618500424,True,False,fewer_than_3_qualified_EUR_GWS_variants,True,,False,intermediate/15b4/comparisons/cmp_9a5c6fcb69c5503f.parquet,intermediate/15b4/comparisons/cmp_9a5c6fcb69c5503f.json,PROCESSED_NOW,,,,,,,,,True,True,True,False,False,True,False,True,False,True
cmp_e83cc1f827b5754c,gt_d84fcd64ca861af7,EPHX2,GBMI,GBMI::COPD,Chronic obstructive pulmonary disease,AFR,PRIMARY,False,True,0.01,5e-08,3,50,2535,1980,,0,1238,0,1238,1238,1165,1238,1238,1238,780,1235,730,730.0,27,0,27.0,0.0,True,True,0.0,0.0,3.0,2.0,binary,cc,58559.0,937358.0,995917.0,0.0587990766298798,True,binary,cc,1978.0,27704.0,29682.0,0.06663971430496597,True,True,,True,,False,intermediate/15b4/comparisons/cmp_e83cc1f827b5754c.parquet,intermediate/15b4/comparisons/cmp_e83cc1f827b5754c.json,PROCESSED_NOW,,,,,,,,,True,True,True,True,True,True,False,True,False,True
cmp_3a2a97dcf17ee031,gt_d84fcd64ca861af7,EPHX2,GBMI,GBMI::COPD,Chronic obstructive pulmonary disease,AMR,PRIMARY,False,True,0.01,5e-08,3,50,2535,1093,,0,1088,0,1088,1088,1041,1088,1088,1088,814,1086,774,774.0,26,0,26.0,0.0,True,True,0.0,0.0,2.0,1.0,binary,cc,58559.0,937358.0,995917.0,0.0587990766298798,True,binary,cc,1503.0,13583.0,15086.0,0.09962879490918733,True,True,,True,,False,intermediate/15b4/comparisons/cmp_3a2a97dcf17ee031.parquet,intermediate/15b4/comparisons/cmp_3a2a97dcf17ee031.json,PROCESSED_NOW,,,,,,,,,True,True,True,True,True,True,False,True,False,True
cmp_f22a7cef0aba19fb,gt_d84fcd64ca861af7,EPHX2,GBMI,GBMI::COPD,Chronic obstructive pulmonary disease,EAS,PRIMARY,False,True,0.01,5e-08,3,50,2535,1026,,0,721,0,721,721,681,721,721,721,622,718,584,584.0,9,0,9.0,0.0,True,True,0.0,0.0,3.0,0.0,binary,cc,58559.0,937358.0,995917.0,0.0587990766298798,True,binary,cc,19044.0,310689.0,329733.0,0.057755820618500424,True,True,,True,,False,intermediate/15b4/comparisons/cmp_f22a7cef0aba19fb.parquet,intermediate/15b4/comparisons/cmp_f22a7cef0aba19fb.json,PROCESSED_NOW,,,,,,,,,True,True,True,True,True,True,False,True,False,True
cmp_3f52a23106c37195,gt_9c552df762f04c46,GATA3,GBMI,GBMI::COPD,Chronic obstructive pulmonary disease,AFR,PRIMARY,False,True,0.01,5e-08,3,50,2542,1798,,0,1297,2,1297,1299,1222,1299,1299,1299,735,1299,695,695.0,0,0,0.0,0.0,True,True,0.0,0.0,0.0,0.0,binary,cc,56554.0,922722.0,979276.0,0.0587990766298798,True,binary,cc,1791.0,26665.0,28456.0,0.06663971430496597,True,False,fewer_than_3_qualified_EUR_GWS_variants,True,,False,intermediate/15b4/comparisons/cmp_3f52a23106c37195.parquet,intermediate/15b4/comparisons/cmp_3f52a23106c37195.json,PROCESSED_NOW,,,,,,,,,True,True,True,False,False,True,False,True,False,True
cmp_1e4bde6774458ccd,gt_9c552df762f04c46,GATA3,GBMI,GBMI::COPD,Chronic obstructive pulmonary disease,AMR,PRIMARY,False,True,0.01,5e-08,3,50,2542,1015,,0,1010,0,1010,1010,974,1010,1010,1010,839,1009,808,808.0,0,0,0.0,0.0,True,True,0.0,0.0,0.0,1.0,binary,cc,58559.0,937358.0,995917.0,0.0587990766298798,True,binary,cc,1503.0,13583.0,15086.0,0.09962879490918733,True,False,fewer_than_3_qualified_EUR_GWS_variants,True,,False,intermediate/15b4/comparisons/cmp_1e4bde6774458ccd.parquet,intermediate/15b4/comparisons/cmp_1e4bde6774458ccd.json,PROCESSED_NOW,,,,,,,,,True,True,True,False,False,True,False,True,False,True
cmp_6248cabd231c57ae,gt_9c552df762f04c46,GATA3,GBMI,GBMI::COPD,Chronic obstructive pulmonary disease,EAS,PRIMARY,False,True,0.01,5e-08,3,50,2542,1010,,0,801,1,801,802,747,802,802,802,597,799,556,556.0,0,0,0.0,0.0,True,True,0.0,0.0,2.0,1.0,binary,cc,53597.0,882000.0,935597.0,0.058177747971798296,True,binary,cc,19044.0,310689.0,329733.0,0.057755820618500424,True,False,fewer_than_3_qualified_EUR_GWS_variants,True,,False,intermediate/15b4/comparisons/cmp_6248cabd231c57ae.parquet,intermediate/15b4/comparisons/cmp_6248cabd231c57ae.json,PROCESSED_NOW,,,,,,,,,True,True,True,False,False,True,False,True,False,True
cmp_27f7de000415a5a6,gt_51f32a4cc0304948,HCRTR1,GBMI,GBMI::COPD,Chronic obstructive pulmonary disease,AFR,PRIMARY,False,True,0.01,5e-08,3,50,1837,1295,,0,848,1,848,849,789,849,849,849,454,845,424,424.0,0,0,0.0,0.0,True,True,0.0,0.0,3.0,2.0,binary,cc,58559.0,937358.0,995917.0,0.0587990766298798,True,binary,cc,1978.0,27704.0,29682.0,0.06663971430496597,True,False,fewer_than_3_qualified_EUR_GWS_variants,True,,False,intermediate/15b4/comparisons/cmp_27f7de000415a5a6.parquet,intermediate/15b4/comparisons/cmp_27f7de000415a5a6.json,PROCESSED_NOW,,,,,,,,,True,True,True,False,False,True,False,True,False,True
cmp_e693be8f1d56fecd,gt_51f32a4cc0304948,HCRTR1,GBMI,GBMI::COPD,Chronic obstructive pulmonary disease,AMR,PRIMARY,False,True,0.01,5e-08,3,50,1837,724,,0,721,0,721,721,686,721,721,721,484,719,462,462.0,0,0,0.0,0.0,True,True,0.0,0.0,2.0,1.0,binary,cc,58559.0,937358.0,995917.0,0.0587990766298798,True,binary,cc,1503.0,13583.0,15086.0,0.09962879490918733,True,False,fewer_than_3_qualified_EUR_GWS_variants,True,,False,intermediate/15b4/comparisons/cmp_e693be8f1d56fecd.parquet,intermediate/15b4/comparisons/cmp_e693be8f1d56fecd.json,PROCESSED_NOW,,,,,,,,,True,True,True,False,False,True,False,True,False,True
cmp_23dc1acd8f48ad21,gt_51f32a4cc0304948,HCRTR1,GBMI,GBMI::COPD,Chronic obstructive pulmonary disease,EAS,PRIMARY,False,True,0.01,5e-08,3,50,1837,810,,0,564,1,564,565,527,565,565,565,428,563,397,397.0,0,0,0.0,0.0,True,True,0.0,0.0,2.0,1.0,binary,cc,58559.0,937358.0,995917.0,0.0587990766298798,True,binary,cc,19044.0,310689.0,329733.0,0.057755820618500424,True,False,fewer_than_3_qualified_EUR_GWS_variants,True,,False,intermediate/15b4/comparisons/cmp_23dc1acd8f48ad21.parquet,intermediate/15b4/comparisons/cmp_23dc1acd8f48ad21.json,PROCESSED_NOW,,,,,,,,,True,True,True,False,False,True,False,True,False,True
cmp_d6892d31bc8e5b1a,gt_c155d3285e50020d,HRH4,GBMI,GBMI::COPD,Chronic obstructive pulmonary disease,AFR,PRIMARY,False,True,0.01,5e-08,3,50,2122,1690,,0,1123,2,1123,1125,1043,1125,1125,1125,720,1124,668,668.0,0,0,0.0,0.0,True,True,0.0,0.0,0.0,1.0,binary,cc,58559.0,937358.0,995917.0,0.0587990766298798,True,binary,cc,1978.0,27704.0,29682.0,0.06663971430496597,True,False,fewer_than_3_qualified_EUR_GWS_variants,True,,False,intermediate/15b4/comparisons/cmp_d6892d31bc8e5b1a.parquet,intermediate/15b4/comparisons/cmp_d6892d31bc8e5b1a.json,PROCESSED_NOW,,,,,,,,,True,True,True,False,False,True,False,True,False,True
cmp_296850778fbada3a,gt_c155d3285e50020d,HRH4,GBMI,GBMI::COPD,Chronic obstructive pulmonary disease,AMR,PRIMARY,False,True,0.01,5e-08,3,50,2122,850,,0,847,1,847,848,798,848,848,848,734,848,692,692.0,0,0,0.0,0.0,True,True,0.0,0.0,0.0,0.0,binary,cc,58559.0,937358.0,995917.0,0.0587990766298798,True,binary,cc,1503.0,13583.0,15086.0,0.09962879490918733,True,False,fewer_than_3_qualified_EUR_GWS_variants,True,,False,intermediate/15b4/comparisons/cmp_296850778fbada3a.parquet,intermediate/15b4/comparisons/cmp_296850778fbada3a.json,PROCESSED_NOW,,,,,,,,,True,True,True,False,False,True,False,True,False,True
cmp_650706fba16caa25,gt_c155d3285e50020d,HRH4,GBMI,GBMI::COPD,Chronic obstructive pulmonary disease,EAS,PRIMARY,False,True,0.01,5e-08,3,50,2122,922,,0,662,0,662,662,617,662,662,662,592,662,550,550.0,0,0,0.0,0.0,True,True,0.0,0.0,0.0,0.0,binary,cc,58559.0,937358.0,995917.0,0.0587990766298798,True,binary,cc,19044.0,310689.0,329733.0,0.057755820618500424,True,False,fewer_than_3_qualified_EUR_GWS_variants,True,,False,intermediate/15b4/comparisons/cmp_650706fba16caa25.parquet,intermediate/15b4/comparisons/cmp_650706fba16caa25.json,PROCESSED_NOW,,,,,,,,,True,True,True,False,False,True,False,True,False,True
cmp_923a11e3e50006fd,gt_7f0a185215562536,IL13,GBMI,GBMI::COPD,Chronic obstructive pulmonary disease,AFR,PRIMARY,False,True,0.01,5e-08,3,50,1704,1231,,0,821,1,821,822,762,822,822,822,290,821,265,265.0,0,0,0.0,0.0,True,True,0.0,0.0,1.0,1.0,binary,cc,53597.0,882000.0,935597.0,0.05728641712190184,True,binary,cc,1422.0,15672.0,17094.0,0.08318708318708319,True,False,fewer_than_3_qualified_EUR_GWS_variants,True,,False,intermediate/15b4/comparisons/cmp_923a11e3e50006fd.parquet,intermediate/15b4/comparisons/cmp_923a11e3e50006fd.json,PROCESSED_NOW,,,,,,,,,True,True,True,False,False,True,False,True,False,True
cmp_02626343e8b15fa9,gt_7f0a185215562536,IL13,GBMI,GBMI::COPD,Chronic obstructive pulmonary disease,AMR,PRIMARY,False,True,0.01,5e-08,3,50,1704,615,,0,612,1,612,613,571,613,613,613,306,612,284,284.0,0,0,0.0,0.0,True,True,0.0,0.0,1.0,1.0,binary,cc,53597.0,882000.0,935597.0,0.05728641712190184,True,binary,cc,1503.0,13583.0,15086.0,0.09962879490918733,True,False,fewer_than_3_qualified_EUR_GWS_variants,True,,False,intermediate/15b4/comparisons/cmp_02626343e8b15fa9.parquet,intermediate/15b4/comparisons/cmp_02626343e8b15fa9.json,PROCESSED_NOW,,,,,,,,,True,True,True,False,False,True,False,True,False,True
cmp_192f316675024137,gt_7f0a185215562536,IL13,GBMI,GBMI::COPD,Chronic obstructive pulmonary disease,EAS,PRIMARY,False,True,0.01,5e-08,3,50,1704,468,,0,322,0,322,322,294,322,322,322,287,321,262,262.0,0,0,0.0,0.0,True,True,0.0,0.0,1.0,1.0,binary,cc,53597.0,882000.0,935597.0,0.05728641712190184,True,binary,cc,19044.0,310689.0,329733.0,0.057755820618500424,True,False,fewer_than_3_qualified_EUR_GWS_variants,True,,False,intermediate/15b4/comparisons/cmp_192f316675024137.parquet,intermediate/15b4/comparisons/cmp_192f316675024137.json,PROCESSED_NOW,,,,,,,,,True,True,True,False,False,True,False,True,False,True
cmp_dc366550312e136a,gt_75373d2e995e29c7,IL1R1,GBMI,GBMI::COPD,Chronic obstructive pulmonary disease,AFR,PRIMARY,False,True,0.01,5e-08,3,50,3155,2450,,0,1469,1,1469,1470,1388,1470,1470,1470,917,1468,865,865.0,0,0,0.0,0.0,True,True,0.0,0.0,2.0,1.0,binary,cc,58559.0,937358.0,995917.0,0.0587990766298798,True,binary,cc,1978.0,27704.0,29682.0,0.06663971430496597,True,False,fewer_than_3_qualified_EUR_GWS_variants,True,,False,intermediate/15b4/comparisons/cmp_dc366550312e136a.parquet,intermediate/15b4/comparisons/cmp_dc366550312e136a.json,PROCESSED_NOW,,,,,,,,,True,True,True,False,False,True,False,True,False,True
cmp_a3b094a43f523b4d,gt_75373d2e995e29c7,IL1R1,GBMI,GBMI::COPD,Chronic obstructive pulmonary disease,AMR,PRIMARY,False,True,0.01,5e-08,3,50,3155,1244,,0,1239,1,1239,1240,1186,1240,1240,1240,973,1239,930,930.0,0,0,0.0,0.0,True,True,0.0,0.0,1.0,1.0,binary,cc,58559.0,937358.0,995917.0,0.0587990766298798,True,binary,cc,1503.0,13583.0,15086.0,0.09962879490918733,True,False,fewer_than_3_qualified_EUR_GWS_variants,True,,False,intermediate/15b4/comparisons/cmp_a3b094a43f523b4d.parquet,intermediate/15b4/comparisons/cmp_a3b094a43f523b4d.json,PROCESSED_NOW,,,,,,,,,True,True,True,False,False,True,False,True,False,True
cmp_7b1eeb79ae2032bb,gt_75373d2e995e29c7,IL1R1,GBMI,GBMI::COPD,Chronic obstructive pulmonary disease,EAS,PRIMARY,False,True,0.01,5e-08,3,50,3155,1302,,0,943,0,943,943,887,943,943,943,835,939,779,779.0,0,0,0.0,0.0,True,True,0.0,0.0,4.0,2.0,binary,cc,58559.0,937358.0,995917.0,0.0587990766298798,True,binary,cc,19044.0,310689.0,329733.0,0.057755820618500424,True,False,fewer_than_3_qualified_EUR_GWS_variants,True,,False,intermediate/15b4/comparisons/cmp_7b1eeb79ae2032bb.parquet,intermediate/15b4/comparisons/cmp_7b1eeb79ae2032bb.json,PROCESSED_NOW,,,,,,,,,True,True,True,False,False,True,False,True,False,True
cmp_84c689815498ec84,gt_04df48c5ba39ad54,IL1RL1,GBMI,GBMI::COPD,Chronic obstructive pulmonary disease,AFR,PRIMARY,False,True,0.01,5e-08,3,50,2329,1772,,0,1131,0,1131,1131,1062,1131,1131,1131,827,1125,776,776.0,1,0,1.0,0.0,True,True,1.0,0.0,6.0,2.0,binary,cc,58559.0,937358.0,995917.0,0.0587990766298798,True,binary,cc,1978.0,27704.0,29682.0,0.06663971430496597,True,False,fewer_than_3_qualified_EUR_GWS_variants,True,,False,intermediate/15b4/comparisons/cmp_84c689815498ec84.parquet,intermediate/15b4/comparisons/cmp_84c689815498ec84.json,PROCESSED_NOW,,,,,,,,,True,True,True,False,False,True,False,True,False,True
cmp_86cebedd52e15c1e,gt_04df48c5ba39ad54,IL1RL1,GBMI,GBMI::COPD,Chronic obstructive pulmonary disease,AMR,PRIMARY,False,True,0.01,5e-08,3,50,2329,964,,0,961,1,961,962,908,962,962,962,846,957,802,802.0,1,0,1.0,0.0,True,True,1.0,0.0,5.0,0.0,binary,cc,58559.0,937358.0,995917.0,0.0587990766298798,True,binary,cc,1503.0,13583.0,15086.0,0.09962879490918733,True,False,fewer_than_3_qualified_EUR_GWS_variants,True,,False,intermediate/15b4/comparisons/cmp_86cebedd52e15c1e.parquet,intermediate/15b4/comparisons/cmp_86cebedd52e15c1e.json,PROCESSED_NOW,,,,,,,,,True,True,True,False,False,True,False,True,False,True
cmp_b518c6b92cc176ea,gt_04df48c5ba39ad54,IL1RL1,GBMI,GBMI::COPD,Chronic obstructive pulmonary disease,EAS,PRIMARY,False,True,0.01,5e-08,3,50,2329,1036,,0,792,0,792,792,735,792,792,792,708,786,653,653.0,1,0,1.0,0.0,True,True,1.0,0.0,6.0,1.0,binary,cc,58559.0,937358.0,995917.0,0.0587990766298798,True,binary,cc,19044.0,310689.0,329733.0,0.057755820618500424,True,False,fewer_than_3_qualified_EUR_GWS_variants,True,,False,intermediate/15b4/comparisons/cmp_b518c6b92cc176ea.parquet,intermediate/15b4/comparisons/cmp_b518c6b92cc176ea.json,PROCESSED_NOW,,,,,,,,,True,True,True,False,False,True,False,True,False,True
cmp_1f5f078aefada531,gt_06e6ca91a1d5c2c3,IL33,GBMI,GBMI::COPD,Chronic obstructive pulmonary disease,AFR,PRIMARY,False,True,0.01,5e-08,3,50,2410,1716,,0,1050,0,1050,1050,1001,1050,1050,1050,625,1049,602,602.0,0,0,0.0,0.0,True,True,1.0,1.0,1.0,1.0,binary,cc,56554.0,922722.0,979276.0,0.0587990766298798,True,binary,cc,1791.0,26665.0,28456.0,0.06663971430496597,True,False,fewer_than_3_qualified_EUR_GWS_variants,True,,False,intermediate/15b4/comparisons/cmp_1f5f078aefada531.parquet,intermediate/15b4/comparisons/cmp_1f5f078aefada531.json,PROCESSED_NOW,,,,,,,,,True,True,True,False,False,True,False,True,False,True
cmp_ef38db3809ac0455,gt_06e6ca91a1d5c2c3,IL33,GBMI,GBMI::COPD,Chronic obstructive pulmonary disease,AMR,PRIMARY,False,True,0.01,5e-08,3,50,2410,839,,0,827,0,827,827,795,827,827,827,667,825,643,643.0,0,0,0.0,0.0,True,True,1.0,1.0,1.0,2.0,binary,cc,56554.0,922722.0,979276.0,0.0587990766298798,True,binary,cc,1503.0,13583.0,15086.0,0.09962879490918733,True,False,fewer_than_3_qualified_EUR_GWS_variants,True,,False,intermediate/15b4/comparisons/cmp_ef38db3809ac0455.parquet,intermediate/15b4/comparisons/cmp_ef38db3809ac0455.json,PROCESSED_NOW,,,,,,,,,True,True,True,False,False,True,False,True,False,True
cmp_81d128e184d782cd,gt_06e6ca91a1d5c2c3,IL33,GBMI,GBMI::COPD,Chronic obstructive pulmonary disease,EAS,PRIMARY,False,True,0.01,5e-08,3,50,2410,634,,0,412,0,412,412,392,412,412,412,307,412,294,294.0,0,0,0.0,0.0,True,True,0.0,0.0,0.0,0.0,binary,cc,58559.0,937358.0,995917.0,0.0587990766298798,True,binary,cc,19044.0,310689.0,329733.0,0.057755820618500424,True,False,fewer_than_3_qualified_EUR_GWS_variants,True,,False,intermediate/15b4/comparisons/cmp_81d128e184d782cd.parquet,intermediate/15b4/comparisons/cmp_81d128e184d782cd.json,PROCESSED_NOW,,,,,,,,,True,True,True,False,False,True,False,True,False,True
cmp_7a2e01760a226fa2,gt_6f6609fa8e0d87fe,IL4R,GBMI,GBMI::COPD,Chronic obstructive pulmonary disease,AFR,PRIMARY,False,True,0.01,5e-08,3,50,2453,1660,,0,1114,0,1114,1114,1044,1114,1114,1114,627,1112,581,581.0,0,0,0.0,0.0,True,True,0.0,0.0,1.0,2.0,binary,cc,55943.0,914529.0,970472.0,0.05775082816284684,True,binary,cc,1422.0,21028.0,22084.0,0.06663971430496597,True,False,fewer_than_3_qualified_EUR_GWS_variants,True,,False,intermediate/15b4/comparisons/cmp_7a2e01760a226fa2.parquet,intermediate/15b4/comparisons/cmp_7a2e01760a226fa2.json,PROCESSED_NOW,,,,,,,,,True,True,True,False,False,True,False,True,False,True
cmp_47717a5272c50ec7,gt_6f6609fa8e0d87fe,IL4R,GBMI,GBMI::COPD,Chronic obstructive pulmonary disease,AMR,PRIMARY,False,True,0.01,5e-08,3,50,2453,930,,0,924,0,924,924,869,924,924,924,673,923,630,630.0,0,0,0.0,0.0,True,True,0.0,0.0,1.0,1.0,binary,cc,56554.0,922722.0,979276.0,0.05860466778074975,True,binary,cc,1503.0,13583.0,15086.0,0.09962879490918733,True,False,fewer_than_3_qualified_EUR_GWS_variants,True,,False,intermediate/15b4/comparisons/cmp_47717a5272c50ec7.parquet,intermediate/15b4/comparisons/cmp_47717a5272c50ec7.json,PROCESSED_NOW,,,,,,,,,True,True,True,False,False,True,False,True,False,True
cmp_aae53e41eb3803b2,gt_6f6609fa8e0d87fe,IL4R,GBMI,GBMI::COPD,Chronic obstructive pulmonary disease,EAS,PRIMARY,False,True,0.01,5e-08,3,50,2453,737,,0,576,0,576,576,538,576,576,576,467,575,431,431.0,0,0,0.0,0.0,True,True,0.0,0.0,1.0,1.0,binary,cc,53597.0,882000.0,935597.0,0.05728641712190184,True,binary,cc,19044.0,310689.0,329733.0,0.057755820618500424,True,False,fewer_than_3_qualified_EUR_GWS_variants,True,,False,intermediate/15b4/comparisons/cmp_aae53e41eb3803b2.parquet,intermediate/15b4/comparisons/cmp_aae53e41eb3803b2.json,PROCESSED_NOW,,,,,,,,,True,True,True,False,False,True,False,True,False,True
cmp_12d1c37ade212f9d,gt_f34cd2ca051e960b,NR3C1,GBMI,GBMI::COPD,Chronic obstructive pulmonary disease,AFR,PRIMARY,False,True,0.01,5e-08,3,50,2652,1975,,0,1078,3,1078,1081,1007,1081,1081,1081,649,1080,604,604.0,0,0,0.0,0.0,True,True,0.0,0.0,0.0,1.0,binary,cc,58559.0,937358.0,995917.0,0.0587990766298798,True,binary,cc,1978.0,27704.0,29682.0,0.06663971430496597,True,False,fewer_than_3_qualified_EUR_GWS_variants,True,,False,intermediate/15b4/comparisons/cmp_12d1c37ade212f9d.parquet,intermediate/15b4/comparisons/cmp_12d1c37ade212f9d.json,PROCESSED_NOW,,,,,,,,,True,True,True,False,False,True,False,True,False,True
cmp_a04249cddb013204,gt_f34cd2ca051e960b,NR3C1,GBMI,GBMI::COPD,Chronic obstructive pulmonary disease,AMR,PRIMARY,False,True,0.01,5e-08,3,50,2652,954,,0,949,0,949,949,902,949,949,949,669,948,640,640.0,0,0,0.0,0.0,True,True,0.0,0.0,0.0,1.0,binary,cc,58559.0,937358.0,995917.0,0.0587990766298798,True,binary,cc,1503.0,13583.0,15086.0,0.09962879490918733,True,False,fewer_than_3_qualified_EUR_GWS_variants,True,,False,intermediate/15b4/comparisons/cmp_a04249cddb013204.parquet,intermediate/15b4/comparisons/cmp_a04249cddb013204.json,PROCESSED_NOW,,,,,,,,,True,True,True,False,False,True,False,True,False,True
cmp_ce170ceef72f1244,gt_f34cd2ca051e960b,NR3C1,GBMI,GBMI::COPD,Chronic obstructive pulmonary disease,EAS,PRIMARY,False,True,0.01,5e-08,3,50,2652,1242,,0,688,3,688,691,636,691,691,691,546,690,506,506.0,0,0,0.0,0.0,True,True,0.0,0.0,0.0,1.0,binary,cc,58559.0,937358.0,995917.0,0.0587990766298798,True,binary,cc,19044.0,310689.0,329733.0,0.057755820618500424,True,False,fewer_than_3_qualified_EUR_GWS_variants,True,,False,intermediate/15b4/comparisons/cmp_ce170ceef72f1244.parquet,intermediate/15b4/comparisons/cmp_ce170ceef72f1244.json,PROCESSED_NOW,,,,,,,,,True,True,True,False,False,True,False,True,False,True
cmp_9132cd16ecfec364,gt_f3dc92ab28823f74,PDE3A,GBMI,GBMI::COPD,Chronic obstructive pulmonary disease,AFR,PRIMARY,False,True,0.01,5e-08,3,50,5390,3972,,0,2759,5,2759,2764,2546,2764,2764,2764,1764,2756,1625,1629.0,0,0,0.0,0.0,True,True,0.0,0.0,5.0,6.0,binary,cc,58559.0,937358.0,995917.0,0.0587990766298798,True,binary,cc,1978.0,27704.0,29682.0,0.06663971430496597,True,False,fewer_than_3_qualified_EUR_GWS_variants,True,,False,intermediate/15b4/comparisons/cmp_9132cd16ecfec364.parquet,intermediate/15b4/comparisons/cmp_9132cd16ecfec364.json,PROCESSED_NOW,,,,,,,,,True,True,True,False,False,True,False,True,False,True
cmp_c312c3b9fd0f2973,gt_f3dc92ab28823f74,PDE3A,GBMI,GBMI::COPD,Chronic obstructive pulmonary disease,AMR,PRIMARY,False,True,0.01,5e-08,3,50,5390,2316,,0,2310,0,2310,2310,2163,2310,2310,2310,1880,2309,1761,1761.0,0,0,0.0,0.0,True,True,0.0,0.0,1.0,0.0,binary,cc,58559.0,937358.0,995917.0,0.0587990766298798,True,binary,cc,1503.0,13583.0,15086.0,0.09962879490918733,True,False,fewer_than_3_qualified_EUR_GWS_variants,True,,False,intermediate/15b4/comparisons/cmp_c312c3b9fd0f2973.parquet,intermediate/15b4/comparisons/cmp_c312c3b9fd0f2973.json,PROCESSED_NOW,,,,,,,,,True,True,True,False,False,True,False,True,False,True
cmp_1c12533753670edd,gt_f3dc92ab28823f74,PDE3A,GBMI,GBMI::COPD,Chronic obstructive pulmonary disease,EAS,PRIMARY,False,True,0.01,5e-08,3,50,5390,2170,,0,1742,4,1742,1746,1612,1746,1746,1746,1434,1743,1315,1318.0,0,0,0.0,0.0,True,True,0.0,0.0,3.0,2.0,binary,cc,58559.0,937358.0,995917.0,0.0587990766298798,True,binary,cc,19044.0,310689.0,329733.0,0.057755820618500424,True,False,fewer_than_3_qualified_EUR_GWS_variants,True,,False,intermediate/15b4/comparisons/cmp_1c12533753670edd.parquet,intermediate/15b4/comparisons/cmp_1c12533753670edd.json,PROCESSED_NOW,,,,,,,,,True,True,True,False,False,True,False,True,False,True
cmp_d46edc983b4eee0b,gt_d6af00b513deb475,PDE4B,GBMI,GBMI::COPD,Chronic obstructive pulmonary disease,AFR,PRIMARY,False,True,0.01,5e-08,3,50,6940,5068,,0,3306,3,3306,3309,3069,3309,3309,3309,2027,3303,1878,1878.0,0,0,0.0,0.0,True,True,2.0,0.0,3.0,5.0,binary,cc,58559.0,937358.0,995917.0,0.0587990766298798,True,binary,cc,1978.0,27704.0,29682.0,0.06663971430496597,True,False,fewer_than_3_qualified_EUR_GWS_variants,True,,False,intermediate/15b4/comparisons/cmp_d46edc983b4eee0b.parquet,intermediate/15b4/comparisons/cmp_d46edc983b4eee0b.json,PROCESSED_NOW,,,,,,,,,True,True,True,False,False,True,False,True,False,True
cmp_ef3380af92b3bfd4,gt_d6af00b513deb475,PDE4B,GBMI,GBMI::COPD,Chronic obstructive pulmonary disease,AMR,PRIMARY,False,True,0.01,5e-08,3,50,6940,2607,,0,2596,0,2596,2596,2439,2596,2596,2596,2152,2593,2022,2022.0,0,0,0.0,0.0,True,True,2.0,2.0,3.0,3.0,binary,cc,58559.0,937358.0,995917.0,0.0587990766298798,True,binary,cc,1503.0,13583.0,15086.0,0.09962879490918733,True,False,fewer_than_3_qualified_EUR_GWS_variants,True,,False,intermediate/15b4/comparisons/cmp_ef3380af92b3bfd4.parquet,intermediate/15b4/comparisons/cmp_ef3380af92b3bfd4.json,PROCESSED_NOW,,,,,,,,,True,True,True,False,False,True,False,True,False,True
cmp_b52aa1a4b27054a7,gt_d6af00b513deb475,PDE4B,GBMI,GBMI::COPD,Chronic obstructive pulmonary disease,EAS,PRIMARY,False,True,0.01,5e-08,3,50,6940,2959,,0,2274,0,2274,2274,2108,2274,2274,2274,1900,2268,1756,1756.0,0,0,0.0,0.0,True,True,2.0,0.0,4.0,5.0,binary,cc,58559.0,937358.0,995917.0,0.0587990766298798,True,binary,cc,19044.0,310689.0,329733.0,0.057755820618500424,True,False,fewer_than_3_qualified_EUR_GWS_variants,True,,False,intermediate/15b4/comparisons/cmp_b52aa1a4b27054a7.parquet,intermediate/15b4/comparisons/cmp_b52aa1a4b27054a7.json,PROCESSED_NOW,,,,,,,,,True,True,True,False,False,True,False,True,False,True
cmp_a6291206b522856e,gt_67779b85c25ee171,PDE4D,GBMI,GBMI::COPD,Chronic obstructive pulmonary disease,AFR,PRIMARY,False,True,0.01,5e-08,3,50,14899,10833,,0,7012,5,7012,7017,6509,7017,7017,7017,4092,7000,3808,3808.0,0,0,0.0,0.0,True,True,0.0,0.0,10.0,12.0,binary,cc,58559.0,937358.0,995917.0,0.0587990766298798,True,binary,cc,1978.0,27704.0,29682.0,0.06663971430496597,True,False,fewer_than_3_qualified_EUR_GWS_variants,True,,False,intermediate/15b4/comparisons/cmp_a6291206b522856e.parquet,intermediate/15b4/comparisons/cmp_a6291206b522856e.json,PROCESSED_NOW,,,,,,,,,True,True,True,False,False,True,False,True,False,True
cmp_5a4c5c9533060800,gt_67779b85c25ee171,PDE4D,GBMI,GBMI::COPD,Chronic obstructive pulmonary disease,AMR,PRIMARY,False,True,0.01,5e-08,3,50,14899,6028,,0,5966,0,5966,5966,5623,5966,5966,5966,4496,5958,4247,4247.0,0,0,0.0,0.0,True,True,0.0,0.0,6.0,5.0,binary,cc,58559.0,937358.0,995917.0,0.0587990766298798,True,binary,cc,1503.0,13583.0,15086.0,0.09962879490918733,True,False,fewer_than_3_qualified_EUR_GWS_variants,True,,False,intermediate/15b4/comparisons/cmp_5a4c5c9533060800.parquet,intermediate/15b4/comparisons/cmp_5a4c5c9533060800.json,PROCESSED_NOW,,,,,,,,,True,True,True,False,False,True,False,True,False,True
cmp_c025e4310d9f52fc,gt_67779b85c25ee171,PDE4D,GBMI,GBMI::COPD,Chronic obstructive pulmonary disease,EAS,PRIMARY,False,True,0.01,5e-08,3,50,14899,5740,,0,4343,1,4343,4344,4023,4344,4344,4344,3497,4332,3233,3233.0,0,0,0.0,0.0,True,True,0.0,0.0,12.0,2.0,binary,cc,58559.0,937358.0,995917.0,0.0587990766298798,True,binary,cc,19044.0,310689.0,329733.0,0.057755820618500424,True,False,fewer_than_3_qualified_EUR_GWS_variants,True,,False,intermediate/15b4/comparisons/cmp_c025e4310d9f52fc.parquet,intermediate/15b4/comparisons/cmp_c025e4310d9f52fc.json,PROCESSED_NOW,,,,,,,,,True,True,True,False,False,True,False,True,False,True
cmp_9b4fd35c5baf7dbd,gt_1c362988229c8005,RARG,GBMI,GBMI::COPD,Chronic obstructive pulmonary disease,AFR,PRIMARY,False,True,0.01,5e-08,3,50,1707,1290,,0,757,0,757,757,708,757,757,757,378,753,349,349.0,0,0,0.0,0.0,True,True,0.0,0.0,4.0,2.0,binary,cc,55021.0,904357.0,959378.0,0.05775082816284684,True,binary,cc,1791.0,26665.0,28456.0,0.06663971430496597,True,False,fewer_than_3_qualified_EUR_GWS_variants,True,,False,intermediate/15b4/comparisons/cmp_9b4fd35c5baf7dbd.parquet,intermediate/15b4/comparisons/cmp_9b4fd35c5baf7dbd.json,PROCESSED_NOW,,,,,,,,,True,True,True,False,False,True,False,True,False,True
cmp_13e27a7fdfa0eb30,gt_1c362988229c8005,RARG,GBMI,GBMI::COPD,Chronic obstructive pulmonary disease,AMR,PRIMARY,False,True,0.01,5e-08,3,50,1707,492,,0,491,0,491,491,463,491,491,491,399,488,376,376.0,0,0,0.0,0.0,True,True,0.0,0.0,2.0,2.0,binary,cc,56554.0,922722.0,979276.0,0.0587990766298798,True,binary,cc,1503.0,13583.0,15086.0,0.09962879490918733,True,False,fewer_than_3_qualified_EUR_GWS_variants,True,,False,intermediate/15b4/comparisons/cmp_13e27a7fdfa0eb30.parquet,intermediate/15b4/comparisons/cmp_13e27a7fdfa0eb30.json,PROCESSED_NOW,,,,,,,,,True,True,True,False,False,True,False,True,False,True
cmp_514e180b55a9b84f,gt_1c362988229c8005,RARG,GBMI,GBMI::COPD,Chronic obstructive pulmonary disease,EAS,PRIMARY,False,True,0.01,5e-08,3,50,1707,606,,0,383,1,383,384,356,384,384,384,353,381,326,326.0,0,0,0.0,0.0,True,True,0.0,0.0,3.0,2.0,binary,cc,56554.0,922722.0,979276.0,0.0587990766298798,True,binary,cc,19044.0,310689.0,329733.0,0.057755820618500424,True,False,fewer_than_3_qualified_EUR_GWS_variants,True,,False,intermediate/15b4/comparisons/cmp_514e180b55a9b84f.parquet,intermediate/15b4/comparisons/cmp_514e180b55a9b84f.json,PROCESSED_NOW,,,,,,,,,True,True,True,False,False,True,False,True,False,True
cmp_0263f1dc95002377,gt_3ff7791c43db60b1,SERPINA1,GBMI,GBMI::COPD,Chronic obstructive pulmonary disease,AFR,PRIMARY,False,True,0.01,5e-08,3,50,2263,1780,,0,1183,1,1183,1184,1122,1184,1184,1184,797,1183,753,753.0,0,0,0.0,0.0,True,True,0.0,0.0,1.0,0.0,binary,cc,58559.0,937358.0,995917.0,0.0587990766298798,True,binary,cc,1978.0,27704.0,29682.0,0.06663971430496597,True,False,fewer_than_3_qualified_EUR_GWS_variants,True,,False,intermediate/15b4/comparisons/cmp_0263f1dc95002377.parquet,intermediate/15b4/comparisons/cmp_0263f1dc95002377.json,PROCESSED_NOW,,,,,,,,,True,True,True,False,False,True,False,True,False,True
cmp_e973d965c03b787d,gt_3ff7791c43db60b1,SERPINA1,GBMI,GBMI::COPD,Chronic obstructive pulmonary disease,AMR,PRIMARY,False,True,0.01,5e-08,3,50,2263,1016,,0,1011,1,1011,1012,967,1012,1012,1012,853,1011,814,814.0,1,0,1.0,0.0,True,True,0.0,0.0,1.0,0.0,binary,cc,58559.0,937358.0,995917.0,0.0587990766298798,True,binary,cc,1503.0,13583.0,15086.0,0.09962879490918733,True,False,fewer_than_3_qualified_EUR_GWS_variants,True,,False,intermediate/15b4/comparisons/cmp_e973d965c03b787d.parquet,intermediate/15b4/comparisons/cmp_e973d965c03b787d.json,PROCESSED_NOW,,,,,,,,,True,True,True,False,False,True,False,True,False,True
cmp_e25a0fa2823ae3a3,gt_3ff7791c43db60b1,SERPINA1,GBMI,GBMI::COPD,Chronic obstructive pulmonary disease,EAS,PRIMARY,False,True,0.01,5e-08,3,50,2263,925,,0,726,0,726,726,688,726,726,726,576,724,545,545.0,0,0,0.0,0.0,True,True,0.0,0.0,2.0,0.0,binary,cc,53597.0,882000.0,935597.0,0.05860466778074975,True,binary,cc,19044.0,310689.0,329733.0,0.057755820618500424,True,False,fewer_than_3_qualified_EUR_GWS_variants,True,,False,intermediate/15b4/comparisons/cmp_e25a0fa2823ae3a3.parquet,intermediate/15b4/comparisons/cmp_e25a0fa2823ae3a3.json,PROCESSED_NOW,,,,,,,,,True,True,True,False,False,True,False,True,False,True
cmp_c35377dfaf49ea97,gt_44622dded6eb753b,TSLP,GBMI,GBMI::COPD,Chronic obstructive pulmonary disease,AFR,PRIMARY,False,True,0.01,5e-08,3,50,2292,1893,,0,1102,2,1102,1104,1044,1104,1104,1104,487,1103,464,464.0,0,0,0.0,0.0,True,True,0.0,0.0,0.0,1.0,binary,cc,58559.0,937358.0,995917.0,0.0587990766298798,True,binary,cc,1978.0,27704.0,29682.0,0.06663971430496597,True,False,fewer_than_3_qualified_EUR_GWS_variants,True,,False,intermediate/15b4/comparisons/cmp_c35377dfaf49ea97.parquet,intermediate/15b4/comparisons/cmp_c35377dfaf49ea97.json,PROCESSED_NOW,,,,,,,,,True,True,True,False,False,True,False,True,False,True
cmp_c063a7c82b7e6460,gt_44622dded6eb753b,TSLP,GBMI,GBMI::COPD,Chronic obstructive pulmonary disease,AMR,PRIMARY,False,True,0.01,5e-08,3,50,2292,923,,0,916,0,916,916,886,916,916,916,541,916,521,521.0,0,0,0.0,0.0,True,True,0.0,0.0,0.0,0.0,binary,cc,58559.0,937358.0,995917.0,0.0587990766298798,True,binary,cc,1503.0,13583.0,15086.0,0.09962879490918733,True,False,fewer_than_3_qualified_EUR_GWS_variants,True,,False,intermediate/15b4/comparisons/cmp_c063a7c82b7e6460.parquet,intermediate/15b4/comparisons/cmp_c063a7c82b7e6460.json,PROCESSED_NOW,,,,,,,,,True,True,True,False,False,True,False,True,False,True
cmp_a0f1de8e567920f2,gt_44622dded6eb753b,TSLP,GBMI,GBMI::COPD,Chronic obstructive pulmonary disease,EAS,PRIMARY,False,True,0.01,5e-08,3,50,2292,862,,0,649,2,649,651,618,651,651,651,474,651,449,449.0,0,0,0.0,0.0,True,True,0.0,0.0,0.0,0.0,binary,cc,58559.0,937358.0,995917.0,0.0587990766298798,True,binary,cc,19044.0,310689.0,329733.0,0.057755820618500424,True,False,fewer_than_3_qualified_EUR_GWS_variants,True,,False,intermediate/15b4/comparisons/cmp_a0f1de8e567920f2.parquet,intermediate/15b4/comparisons/cmp_a0f1de8e567920f2.json,PROCESSED_NOW,,,,,,,,,True,True,True,False,False,True,False,True,False,True
cmp_6800e614a6b5f52f,gt_e905fdaa484f8536,PPARG,GBMI,GBMI::Gout,Gout,AFR,PRIMARY,False,True,0.01,5e-08,3,50,3322,2333,,0,1625,0,1625,1625,1512,1625,1625,1625,833,1623,765,765.0,0,0,0.0,0.0,True,True,0.0,0.0,2.0,0.0,binary,cc,24278.0,1027375.0,1051653.0,0.023085561492241263,True,binary,cc,1312.0,33902.0,35214.0,0.03725790878627819,True,False,fewer_than_3_qualified_EUR_GWS_variants,True,,False,intermediate/15b4/comparisons/cmp_6800e614a6b5f52f.parquet,intermediate/15b4/comparisons/cmp_6800e614a6b5f52f.json,PROCESSED_NOW,,,,,,,,,True,True,True,False,False,True,False,True,False,True
cmp_a534830fc4deffe0,gt_e905fdaa484f8536,PPARG,GBMI,GBMI::Gout,Gout,AMR,PRIMARY,False,True,0.01,5e-08,3,50,3322,1364,,0,1362,0,1362,1362,1280,1362,1362,1362,944,1360,884,884.0,0,0,0.0,0.0,True,True,0.0,0.0,2.0,2.0,binary,cc,24278.0,1027375.0,1051653.0,0.023085561492241263,True,binary,cc,557.0,17629.0,18186.0,0.03062795557021885,True,False,fewer_than_3_qualified_EUR_GWS_variants,True,,False,intermediate/15b4/comparisons/cmp_a534830fc4deffe0.parquet,intermediate/15b4/comparisons/cmp_a534830fc4deffe0.json,PROCESSED_NOW,,,,,,,,,True,True,True,False,False,True,False,True,False,True
cmp_aa25e446bf465f9f,gt_e905fdaa484f8536,PPARG,GBMI,GBMI::Gout,Gout,EAS,PRIMARY,False,True,0.01,5e-08,3,50,3322,1401,,0,855,0,855,855,784,855,855,855,781,854,715,715.0,0,0,0.0,0.0,True,True,0.0,0.0,1.0,0.0,binary,cc,24278.0,1027375.0,1051653.0,0.023085561492241263,True,binary,cc,10425.0,338934.0,349359.0,0.029840364782358547,True,False,fewer_than_3_qualified_EUR_GWS_variants,True,,False,intermediate/15b4/comparisons/cmp_aa25e446bf465f9f.parquet,intermediate/15b4/comparisons/cmp_aa25e446bf465f9f.json,PROCESSED_NOW,,,,,,,,,True,True,True,False,False,True,False,True,False,True
cmp_f6c8d3d544ec5e35,gt_2a7e2fce1378c79e,SLC22A12,GBMI,GBMI::Gout,Gout,AFR,PRIMARY,False,True,0.01,5e-08,3,50,1710,1184,,0,710,0,710,710,675,710,710,710,258,707,243,243.0,146,0,146.0,0.0,True,True,0.0,0.0,3.0,0.0,binary,cc,24278.0,1027375.0,1051653.0,0.023085561492241263,True,binary,cc,1312.0,33902.0,35214.0,0.03725790878627819,True,True,,True,,False,intermediate/15b4/comparisons/cmp_f6c8d3d544ec5e35.parquet,intermediate/15b4/comparisons/cmp_f6c8d3d544ec5e35.json,PROCESSED_NOW,,,,,,,,,True,True,True,True,True,True,False,True,False,True
cmp_463c53e9f46e30d8,gt_2a7e2fce1378c79e,SLC22A12,GBMI,GBMI::Gout,Gout,AMR,PRIMARY,False,True,0.01,5e-08,3,50,1710,596,,0,594,1,594,595,567,595,595,595,303,593,287,287.0,151,0,151.0,0.0,True,True,0.0,0.0,2.0,0.0,binary,cc,24278.0,1027375.0,1051653.0,0.023085561492241263,True,binary,cc,557.0,17629.0,18186.0,0.03062795557021885,True,True,,True,,False,intermediate/15b4/comparisons/cmp_463c53e9f46e30d8.parquet,intermediate/15b4/comparisons/cmp_463c53e9f46e30d8.json,PROCESSED_NOW,,,,,,,,,True,True,True,True,True,True,False,True,False,True
cmp_ed5bdc4e95af264b,gt_2a7e2fce1378c79e,SLC22A12,GBMI,GBMI::Gout,Gout,EAS,PRIMARY,False,True,0.01,5e-08,3,50,1710,662,,0,370,0,370,370,349,370,370,370,254,367,236,236.0,146,99,146.0,99.0,True,True,0.0,0.0,3.0,0.0,binary,cc,24278.0,1027375.0,1051653.0,0.023085561492241263,True,binary,cc,10425.0,338934.0,349359.0,0.029840364782358547,True,True,,True,,True,intermediate/15b4/comparisons/cmp_ed5bdc4e95af264b.parquet,intermediate/15b4/comparisons/cmp_ed5bdc4e95af264b.json,PROCESSED_NOW,,,,,,,,,True,True,True,True,True,True,True,True,True,True
cmp_c885448f2de8c219,gt_a079fbca689ff34a,ENPEP,GBMI,GBMI::HF,Heart failure,AFR,PRIMARY,False,True,0.01,5e-08,3,50,3682,2803,,0,1856,0,1856,1856,1764,1856,1856,1856,1048,1852,986,986.0,0,0,0.0,0.0,True,True,0.0,0.0,2.0,2.0,binary,cc,52496.0,967945.0,1020441.0,0.051444424518419,True,binary,cc,1367.0,29835.0,31202.0,0.043811294147811035,True,False,fewer_than_3_qualified_EUR_GWS_variants,True,,False,intermediate/15b4/comparisons/cmp_c885448f2de8c219.parquet,intermediate/15b4/comparisons/cmp_c885448f2de8c219.json,PROCESSED_NOW,,,,,,,,,True,True,True,False,False,True,False,True,False,True
cmp_6e7939515f8cf701,gt_a079fbca689ff34a,ENPEP,GBMI,GBMI::HF,Heart failure,AMR,PRIMARY,False,True,0.01,5e-08,3,50,3682,956,,0,956,0,956,956,956,956,956,956,898,954,896,896.0,0,0,0.0,0.0,True,True,0.0,0.0,1.0,1.0,binary,cc,52496.0,967945.0,1020441.0,0.051444424518419,True,binary,cc,1170.0,13217.0,14387.0,0.08132341697365678,True,False,fewer_than_3_qualified_EUR_GWS_variants,True,,False,intermediate/15b4/comparisons/cmp_6e7939515f8cf701.parquet,intermediate/15b4/comparisons/cmp_6e7939515f8cf701.json,PROCESSED_NOW,,,,,,,,,True,True,True,False,False,True,False,True,False,True
cmp_57f23e9f3c62a4e3,gt_a079fbca689ff34a,ENPEP,GBMI,GBMI::HF,Heart failure,EAS,PRIMARY,False,True,0.01,5e-08,3,50,3682,1690,,0,1205,0,1205,1205,1138,1205,1205,1205,998,1203,936,936.0,0,0,0.0,0.0,True,True,0.0,0.0,2.0,1.0,binary,cc,52496.0,967945.0,1020441.0,0.051444424518419,True,binary,cc,12665.0,245263.0,257928.0,0.04910285040786576,True,False,fewer_than_3_qualified_EUR_GWS_variants,True,,False,intermediate/15b4/comparisons/cmp_57f23e9f3c62a4e3.parquet,intermediate/15b4/comparisons/cmp_57f23e9f3c62a4e3.json,PROCESSED_NOW,,,,,,,,,True,True,True,False,False,True,False,True,False,True
cmp_4be46e9df16bdc7f,gt_03254368f30b6f1a,GRM7,GBMI,GBMI::Stroke,Stroke,AFR,PRIMARY,False,True,0.01,5e-08,3,50,13642,9836,,0,6714,2,6714,6716,6423,6716,6716,6716,3835,6703,3670,3670.0,0,0,0.0,0.0,True,True,0.0,1.0,9.0,10.0,binary,cc,34503.0,1004879.0,1039382.0,0.03319568743734257,True,binary,cc,1161.0,24416.0,25577.0,0.04539234468467764,True,False,fewer_than_3_qualified_EUR_GWS_variants,True,,False,intermediate/15b4/comparisons/cmp_4be46e9df16bdc7f.parquet,intermediate/15b4/comparisons/cmp_4be46e9df16bdc7f.json,PROCESSED_NOW,,,,,,,,,True,True,True,False,False,True,False,True,False,True
cmp_2d9c2479a74e3976,gt_03254368f30b6f1a,GRM7,GBMI,GBMI::Stroke,Stroke,AMR,PRIMARY,False,True,0.01,5e-08,3,50,13642,3930,,0,3929,0,3929,3929,3929,3929,3929,3929,3445,3914,3430,3430.0,0,0,0.0,0.0,True,True,0.0,0.0,5.0,13.0,binary,cc,34503.0,1004879.0,1039382.0,0.03319568743734257,True,binary,cc,903.0,14161.0,15064.0,0.05994423791821561,True,False,fewer_than_3_qualified_EUR_GWS_variants,True,,False,intermediate/15b4/comparisons/cmp_2d9c2479a74e3976.parquet,intermediate/15b4/comparisons/cmp_2d9c2479a74e3976.json,PROCESSED_NOW,,,,,,,,,True,True,True,False,False,True,False,True,False,True
cmp_79fcc73cc62d5315,gt_03254368f30b6f1a,GRM7,GBMI,GBMI::Stroke,Stroke,EAS,PRIMARY,False,True,0.01,5e-08,3,50,13642,4312,,0,3980,1,3980,3981,3785,3981,3981,3981,3170,3971,3014,3014.0,0,0,0.0,0.0,True,True,0.0,0.0,10.0,3.0,binary,cc,34503.0,1004879.0,1039382.0,0.03319568743734257,True,binary,cc,23345.0,245585.0,268930.0,0.08680697579295728,True,False,fewer_than_3_qualified_EUR_GWS_variants,True,,False,intermediate/15b4/comparisons/cmp_79fcc73cc62d5315.parquet,intermediate/15b4/comparisons/cmp_79fcc73cc62d5315.json,PROCESSED_NOW,,,,,,,,,True,True,True,False,False,True,False,True,False,True
cmp_780fe24835686fbc,gt_df4ae7bd29d46c68,NOS3,GBMI,GBMI::Stroke,Stroke,AFR,PRIMARY,False,True,0.01,5e-08,3,50,2087,1287,,0,828,1,828,829,782,829,829,829,450,827,421,421.0,0,0,0.0,0.0,True,True,0.0,0.0,2.0,0.0,binary,cc,34503.0,1004879.0,1039382.0,0.03319568743734257,True,binary,cc,1161.0,24416.0,25577.0,0.04539234468467764,True,False,fewer_than_3_qualified_EUR_GWS_variants,True,,False,intermediate/15b4/comparisons/cmp_780fe24835686fbc.parquet,intermediate/15b4/comparisons/cmp_780fe24835686fbc.json,PROCESSED_NOW,,,,,,,,,True,True,True,False,False,True,False,True,False,True
cmp_97f0844c885d9fb6,gt_df4ae7bd29d46c68,NOS3,GBMI,GBMI::Stroke,Stroke,AMR,PRIMARY,False,True,0.01,5e-08,3,50,2087,485,,0,485,0,485,485,485,485,485,485,443,483,441,441.0,0,0,0.0,0.0,True,True,0.0,0.0,2.0,0.0,binary,cc,34503.0,1004879.0,1039382.0,0.03319568743734257,True,binary,cc,903.0,14161.0,15064.0,0.05994423791821561,True,False,fewer_than_3_qualified_EUR_GWS_variants,True,,False,intermediate/15b4/comparisons/cmp_97f0844c885d9fb6.parquet,intermediate/15b4/comparisons/cmp_97f0844c885d9fb6.json,PROCESSED_NOW,,,,,,,,,True,True,True,False,False,True,False,True,False,True
cmp_ac5fbac82218e519,gt_df4ae7bd29d46c68,NOS3,GBMI,GBMI::Stroke,Stroke,EAS,PRIMARY,False,True,0.01,5e-08,3,50,2087,540,,0,473,0,473,473,447,473,473,473,401,471,377,377.0,0,0,0.0,0.0,True,True,0.0,0.0,2.0,0.0,binary,cc,34503.0,1004879.0,1039382.0,0.03319568743734257,True,binary,cc,23345.0,245585.0,268930.0,0.08680697579295728,True,False,fewer_than_3_qualified_EUR_GWS_variants,True,,False,intermediate/15b4/comparisons/cmp_ac5fbac82218e519.parquet,intermediate/15b4/comparisons/cmp_ac5fbac82218e519.json,PROCESSED_NOW,,,,,,,,,True,True,True,False,False,True,False,True,False,True
cmp_6364ed274b2cf7c7,gt_7833a3b8c0f390b0,PDE3A,GBMI,GBMI::Stroke,Stroke,AFR,PRIMARY,False,True,0.01,5e-08,3,50,5564,3801,,0,2647,1,2647,2648,2483,2648,2648,2648,1713,2646,1618,1618.0,0,0,0.0,0.0,True,True,0.0,0.0,1.0,1.0,binary,cc,34503.0,1004879.0,1039382.0,0.03319568743734257,True,binary,cc,1161.0,24416.0,25577.0,0.04539234468467764,True,False,fewer_than_3_qualified_EUR_GWS_variants,True,,False,intermediate/15b4/comparisons/cmp_6364ed274b2cf7c7.parquet,intermediate/15b4/comparisons/cmp_6364ed274b2cf7c7.json,PROCESSED_NOW,,,,,,,,,True,True,True,False,False,True,False,True,False,True
cmp_4bb3932dc40b166f,gt_7833a3b8c0f390b0,PDE3A,GBMI,GBMI::Stroke,Stroke,AMR,PRIMARY,False,True,0.01,5e-08,3,50,5564,1778,,0,1778,0,1778,1778,1778,1778,1778,1778,1661,1777,1660,1660.0,0,0,0.0,0.0,True,True,0.0,0.0,1.0,0.0,binary,cc,34503.0,1004879.0,1039382.0,0.03319568743734257,True,binary,cc,903.0,14161.0,15064.0,0.05994423791821561,True,False,fewer_than_3_qualified_EUR_GWS_variants,True,,False,intermediate/15b4/comparisons/cmp_4bb3932dc40b166f.parquet,intermediate/15b4/comparisons/cmp_4bb3932dc40b166f.json,PROCESSED_NOW,,,,,,,,,True,True,True,False,False,True,False,True,False,True
cmp_f24775dac78705fb,gt_7833a3b8c0f390b0,PDE3A,GBMI,GBMI::Stroke,Stroke,EAS,PRIMARY,False,True,0.01,5e-08,3,50,5564,1735,,0,1623,2,1623,1625,1528,1625,1625,1625,1368,1624,1280,1282.0,0,0,0.0,0.0,True,True,0.0,0.0,1.0,0.0,binary,cc,34503.0,1004879.0,1039382.0,0.03319568743734257,True,binary,cc,23345.0,245585.0,268930.0,0.08680697579295728,True,False,fewer_than_3_qualified_EUR_GWS_variants,True,,False,intermediate/15b4/comparisons/cmp_f24775dac78705fb.parquet,intermediate/15b4/comparisons/cmp_f24775dac78705fb.json,PROCESSED_NOW,,,,,,,,,True,True,True,False,False,True,False,True,False,True
cmp_265dc57729ae86b6,gt_9ef583411089c1bf,F10,GBMI,GBMI::VTE,Venous thromboembolism,AFR,PRIMARY,False,True,0.01,5e-08,3,50,2095,1777,,0,1127,0,1127,1127,1050,1127,1127,1126,514,1122,482,482.0,1,0,1.0,0.0,True,True,0.0,0.0,4.0,4.0,binary,cc,23516.5,866681.0,890071.0,0.026948459346755476,True,binary,cc,1271.0,30011.0,31282.0,0.045096591608219515,True,False,fewer_than_3_qualified_EUR_GWS_variants,True,,False,intermediate/15b4/comparisons/cmp_265dc57729ae86b6.parquet,intermediate/15b4/comparisons/cmp_265dc57729ae86b6.json,PROCESSED_NOW,,,,,,,,,True,True,True,False,False,True,False,True,False,True
cmp_f36a992544b645f8,gt_9ef583411089c1bf,F10,GBMI,GBMI::VTE,Venous thromboembolism,AMR,PRIMARY,False,True,0.01,5e-08,3,50,2095,444,,0,444,0,444,444,444,444,444,444,427,442,425,425.0,1,0,1.0,0.0,True,True,0.0,0.0,2.0,2.0,binary,cc,25146.0,890722.0,915868.0,0.02745592159568846,True,binary,cc,1037.0,12479.0,13516.0,0.07672388280556378,True,False,fewer_than_3_qualified_EUR_GWS_variants,True,,False,intermediate/15b4/comparisons/cmp_f36a992544b645f8.parquet,intermediate/15b4/comparisons/cmp_f36a992544b645f8.json,PROCESSED_NOW,,,,,,,,,True,True,True,False,False,True,False,True,False,True
cmp_86e5db71c1bb33ea,gt_9ef583411089c1bf,F10,GBMI,GBMI::VTE,Venous thromboembolism,EAS,PRIMARY,False,True,0.01,5e-08,3,50,2095,371,,0,366,0,366,366,366,366,366,366,348,364,346,346.0,1,0,1.0,0.0,True,True,0.0,0.0,2.0,0.0,binary,cc,25146.0,890722.0,915868.0,0.02745592159568846,True,binary,cc,193.0,77462.0,77655.0,0.0024853518768913787,True,False,fewer_than_3_qualified_EUR_GWS_variants,True,,False,intermediate/15b4/comparisons/cmp_86e5db71c1bb33ea.parquet,intermediate/15b4/comparisons/cmp_86e5db71c1bb33ea.json,PROCESSED_NOW,,,,,,,,,True,True,True,False,False,True,False,True,False,True
cmp_a6275c7613e223b1,gt_fd539737d1f5d9cb,F11,GBMI,GBMI::VTE,Venous thromboembolism,AFR,PRIMARY,False,True,0.01,5e-08,3,50,2195,1828,,0,1235,0,1235,1235,1157,1235,1235,1235,749,1228,689,689.0,225,0,225.0,0.0,True,True,0.0,0.0,4.0,7.0,binary,cc,25146.0,890722.0,915868.0,0.02745592159568846,True,binary,cc,1466.0,31042.0,32508.0,0.045096591608219515,True,True,,True,,False,intermediate/15b4/comparisons/cmp_a6275c7613e223b1.parquet,intermediate/15b4/comparisons/cmp_a6275c7613e223b1.json,PROCESSED_NOW,,,,,,,,,True,True,True,True,True,True,False,True,False,True
cmp_f1d366955c52855b,gt_fd539737d1f5d9cb,F11,GBMI,GBMI::VTE,Venous thromboembolism,AMR,PRIMARY,False,True,0.01,5e-08,3,50,2195,733,,0,733,0,733,733,733,733,733,733,688,730,686,686.0,214,0,214.0,0.0,True,True,0.0,0.0,2.0,3.0,binary,cc,25146.0,890722.0,915868.0,0.02745592159568846,True,binary,cc,1037.0,12479.0,13516.0,0.07672388280556378,True,True,,True,,False,intermediate/15b4/comparisons/cmp_f1d366955c52855b.parquet,intermediate/15b4/comparisons/cmp_f1d366955c52855b.json,PROCESSED_NOW,,,,,,,,,True,True,True,True,True,True,False,True,False,True
cmp_add0fff00fe30c88,gt_fd539737d1f5d9cb,F11,GBMI,GBMI::VTE,Venous thromboembolism,EAS,PRIMARY,False,True,0.01,5e-08,3,50,2195,598,,0,598,0,598,598,598,598,598,598,590,597,589,589.0,212,0,212.0,0.0,True,True,0.0,0.0,1.0,0.0,binary,cc,25146.0,890722.0,915868.0,0.02745592159568846,True,binary,cc,193.0,77462.0,77655.0,0.0024853518768913787,True,True,,True,,False,intermediate/15b4/comparisons/cmp_add0fff00fe30c88.parquet,intermediate/15b4/comparisons/cmp_add0fff00fe30c88.json,PROCESSED_NOW,,,,,,,,,True,True,True,True,True,True,False,True,False,True
cmp_a948136728fe0452,gt_698ec9454245813e,F2,GBMI,GBMI::VTE,Venous thromboembolism,AFR,PRIMARY,False,True,0.01,5e-08,3,50,1188,1131,,0,483,0,483,483,444,483,483,483,248,482,227,227.0,45,0,45.0,0.0,True,True,0.0,0.0,0.0,1.0,binary,cc,25146.0,890722.0,915868.0,0.02745592159568846,True,binary,cc,1466.0,31042.0,32508.0,0.045096591608219515,True,True,,True,,False,intermediate/15b4/comparisons/cmp_a948136728fe0452.parquet,intermediate/15b4/comparisons/cmp_a948136728fe0452.json,PROCESSED_NOW,,,,,,,,,True,True,True,True,True,True,False,True,False,True
cmp_71589a44d3743513,gt_698ec9454245813e,F2,GBMI,GBMI::VTE,Venous thromboembolism,AMR,PRIMARY,False,True,0.01,5e-08,3,50,1188,292,,0,292,0,292,292,292,292,292,292,260,292,260,260.0,45,0,45.0,0.0,True,True,0.0,0.0,0.0,0.0,binary,cc,25146.0,890722.0,915868.0,0.02745592159568846,True,binary,cc,1037.0,12479.0,13516.0,0.07672388280556378,True,True,,True,,False,intermediate/15b4/comparisons/cmp_71589a44d3743513.parquet,intermediate/15b4/comparisons/cmp_71589a44d3743513.json,PROCESSED_NOW,,,,,,,,,True,True,True,True,True,True,False,True,False,True
cmp_b65743ed0dbea3ab,gt_698ec9454245813e,F2,GBMI,GBMI::VTE,Venous thromboembolism,EAS,PRIMARY,False,True,0.01,5e-08,3,50,1188,157,,0,157,0,157,157,157,157,157,157,149,157,149,149.0,44,0,44.0,0.0,True,True,0.0,0.0,0.0,0.0,binary,cc,25146.0,890722.0,915868.0,0.02745592159568846,True,binary,cc,193.0,77462.0,77655.0,0.0024853518768913787,True,True,,True,,False,intermediate/15b4/comparisons/cmp_b65743ed0dbea3ab.parquet,intermediate/15b4/comparisons/cmp_b65743ed0dbea3ab.json,PROCESSED_NOW,,,,,,,,,True,True,True,True,True,True,False,True,False,True
cmp_a6be1a7fe0f56ba2,gt_eb75fbbeba239dab,VWF,GBMI,GBMI::VTE,Venous thromboembolism,AFR,PRIMARY,False,True,0.01,5e-08,3,50,3580,3311,,0,2158,0,2158,2158,2062,2158,2158,2158,1225,2155,1166,1166.0,36,0,36.0,0.0,True,True,0.0,0.0,2.0,2.0,binary,cc,23643.0,875584.0,899227.0,0.02745592159568846,True,binary,cc,1271.0,30011.0,31282.0,0.045096591608219515,True,True,,True,,False,intermediate/15b4/comparisons/cmp_a6be1a7fe0f56ba2.parquet,intermediate/15b4/comparisons/cmp_a6be1a7fe0f56ba2.json,PROCESSED_NOW,,,,,,,,,True,True,True,True,True,True,False,True,False,True
cmp_9e43be5ec3a7c37f,gt_eb75fbbeba239dab,VWF,GBMI,GBMI::VTE,Venous thromboembolism,AMR,PRIMARY,False,True,0.01,5e-08,3,50,3580,1065,,0,1065,0,1065,1065,1065,1065,1065,1065,968,1063,966,966.0,13,0,13.0,0.0,True,True,0.0,0.0,1.0,1.0,binary,cc,25146.0,890722.0,915868.0,0.02745592159568846,True,binary,cc,1037.0,12479.0,13516.0,0.07672388280556378,True,True,,True,,False,intermediate/15b4/comparisons/cmp_9e43be5ec3a7c37f.parquet,intermediate/15b4/comparisons/cmp_9e43be5ec3a7c37f.json,PROCESSED_NOW,,,,,,,,,True,True,True,True,True,True,False,True,False,True
cmp_1da2477066b379c3,gt_eb75fbbeba239dab,VWF,GBMI,GBMI::VTE,Venous thromboembolism,EAS,PRIMARY,False,True,0.01,5e-08,3,50,3580,689,,0,689,0,689,689,689,689,689,689,660,688,659,659.0,13,0,13.0,0.0,True,True,0.0,0.0,1.0,0.0,binary,cc,25146.0,890722.0,915868.0,0.02745592159568846,True,binary,cc,193.0,77462.0,77655.0,0.0024853518768913787,True,True,,True,,False,intermediate/15b4/comparisons/cmp_1da2477066b379c3.parquet,intermediate/15b4/comparisons/cmp_1da2477066b379c3.json,PROCESSED_NOW,,,,,,,,,True,True,True,True,True,True,False,True,False,True
cmp_9d8c13f3b6460d45,gt_c2f3696fd5d03431,PNPLA3,Pan-UKB,Pan-UKB::biomarkers|30620|both_sexes||irnt,Alanine aminotransferase,AFR,PRIMARY,False,True,0.01,5e-08,3,50,2102,2102,2102.0,0,2102,0,2102,2102,1973,1478,1478,1478,900,1344,818,,228,0,,,True,False,,,,,biomarkers,quant,,,,,True,biomarkers,quant,,,,,True,True,,True,,False,intermediate/15b4/comparisons/cmp_9d8c13f3b6460d45.parquet,intermediate/15b4/comparisons/cmp_9d8c13f3b6460d45.json,PROCESSED_NOW,400822.0,,400822.0,,6214.0,,6214.0,,True,True,True,True,True,True,False,True,False,True
cmp_5181e0eccfa7681d,gt_c2f3696fd5d03431,PNPLA3,Pan-UKB,Pan-UKB::biomarkers|30620|both_sexes||irnt,Alanine aminotransferase,CSA,PRIMARY,False,True,0.01,5e-08,3,50,2102,2102,2102.0,0,2102,0,2102,2102,1973,1352,1352,1352,979,1258,896,,239,0,,,True,False,,,,,biomarkers,quant,,,,,True,biomarkers,quant,,,,,True,True,,True,,False,intermediate/15b4/comparisons/cmp_5181e0eccfa7681d.parquet,intermediate/15b4/comparisons/cmp_5181e0eccfa7681d.json,PROCESSED_NOW,400822.0,,400822.0,,8407.0,,8407.0,,True,True,True,True,True,True,False,True,False,True
cmp_3a1c4d856b9f1002,gt_e2a7ed2a815c1261,TNFRSF1A,Pan-UKB,Pan-UKB::biomarkers|30600|both_sexes||irnt,Albumin,AFR,PRIMARY,False,True,0.01,5e-08,3,50,1709,1709,1709.0,0,1709,0,1709,1709,1578,1295,1295,1295,593,1147,514,,0,0,,,True,False,,,,,biomarkers,quant,,,,,True,biomarkers,quant,,,,,True,False,fewer_than_3_qualified_EUR_GWS_variants,True,,False,intermediate/15b4/comparisons/cmp_3a1c4d856b9f1002.parquet,intermediate/15b4/comparisons/cmp_3a1c4d856b9f1002.json,PROCESSED_NOW,367192.0,,367192.0,,5759.0,,5759.0,,True,True,True,False,False,True,False,True,False,True
cmp_cad575f1b76c6d4c,gt_e2a7ed2a815c1261,TNFRSF1A,Pan-UKB,Pan-UKB::biomarkers|30600|both_sexes||irnt,Albumin,CSA,PRIMARY,False,True,0.01,5e-08,3,50,1709,1709,1709.0,0,1709,0,1709,1709,1578,1220,1220,1220,662,1027,582,,0,0,,,True,False,,,,,biomarkers,quant,,,,,True,biomarkers,quant,,,,,True,False,fewer_than_3_qualified_EUR_GWS_variants,True,,False,intermediate/15b4/comparisons/cmp_cad575f1b76c6d4c.parquet,intermediate/15b4/comparisons/cmp_cad575f1b76c6d4c.json,PROCESSED_NOW,367192.0,,367192.0,,7694.0,,7694.0,,True,True,True,False,False,True,False,True,False,True
cmp_31363dc2ab3ab085,gt_0c5a522d1cea1ece,IL12B,Pan-UKB,Pan-UKB::biomarkers|30610|both_sexes||irnt,Alkaline phosphatase,CSA,PRIMARY,False,True,0.01,5e-08,3,50,1878,1878,1878.0,0,1878,0,1878,1878,1751,930,930,930,519,805,458,,0,0,,,True,False,,,,,biomarkers,quant,,,,,True,biomarkers,quant,,,,,True,False,fewer_than_3_qualified_EUR_GWS_variants,True,,False,intermediate/15b4/comparisons/cmp_31363dc2ab3ab085.parquet,intermediate/15b4/comparisons/cmp_31363dc2ab3ab085.json,PROCESSED_NOW,400988.0,,400988.0,,8422.0,,8422.0,,True,True,True,False,False,True,False,True,False,True
cmp_ed0271b07af0362c,gt_0c5a522d1cea1ece,IL12B,Pan-UKB,Pan-UKB::biomarkers|30610|both_sexes||irnt,Alkaline phosphatase,MID,PRIMARY,False,True,0.01,5e-08,3,50,1878,1878,1878.0,0,1878,0,1878,1878,1751,772,772,772,540,732,476,,0,0,,,True,False,,,,,biomarkers,quant,,,,,True,biomarkers,quant,,,,,True,False,fewer_than_3_qualified_EUR_GWS_variants,True,,False,intermediate/15b4/comparisons/cmp_ed0271b07af0362c.parquet,intermediate/15b4/comparisons/cmp_ed0271b07af0362c.json,PROCESSED_NOW,400988.0,,400988.0,,1497.0,,1497.0,,True,True,True,False,False,True,False,True,False,True
cmp_4f80a5c9a2e12790,gt_1ee1da015e26f543,ADIPOR2,Pan-UKB,Pan-UKB::continuous|21001|both_sexes||irnt,Body mass index (BMI),AFR,PRIMARY,False,True,0.01,5e-08,3,50,2835,2835,2835.0,0,2835,0,2835,2835,2605,1938,1938,1938,887,1730,774,,0,0,,,True,False,,,,,continuous,quant,,,,,True,continuous,quant,,,,,True,False,fewer_than_3_qualified_EUR_GWS_variants,True,,False,intermediate/15b4/comparisons/cmp_4f80a5c9a2e12790.parquet,intermediate/15b4/comparisons/cmp_4f80a5c9a2e12790.json,PROCESSED_NOW,419163.0,,419163.0,,6545.0,,6545.0,,True,True,True,False,False,True,False,True,False,True
cmp_5207bf5c945f87a1,gt_1ee1da015e26f543,ADIPOR2,Pan-UKB,Pan-UKB::continuous|21001|both_sexes||irnt,Body mass index (BMI),CSA,PRIMARY,False,True,0.01,5e-08,3,50,2835,2835,2835.0,0,2835,0,2835,2835,2605,1745,1745,1745,1052,1564,921,,0,0,,,True,False,,,,,continuous,quant,,,,,True,continuous,quant,,,,,True,False,fewer_than_3_qualified_EUR_GWS_variants,True,,False,intermediate/15b4/comparisons/cmp_5207bf5c945f87a1.parquet,intermediate/15b4/comparisons/cmp_5207bf5c945f87a1.json,PROCESSED_NOW,419163.0,,419163.0,,8646.0,,8646.0,,True,True,True,False,False,True,False,True,False,True
cmp_64bd13bc77705eda,gt_1ee1da015e26f543,ADIPOR2,Pan-UKB,Pan-UKB::continuous|21001|both_sexes||irnt,Body mass index (BMI),MID,PRIMARY,False,True,0.01,5e-08,3,50,2835,2835,2835.0,0,2835,0,2835,2835,2605,1502,1502,1502,1076,1484,942,,0,0,,,True,False,,,,,continuous,quant,,,,,True,continuous,quant,,,,,True,False,fewer_than_3_qualified_EUR_GWS_variants,True,,False,intermediate/15b4/comparisons/cmp_64bd13bc77705eda.parquet,intermediate/15b4/comparisons/cmp_64bd13bc77705eda.json,PROCESSED_NOW,419163.0,,419163.0,,1572.0,,1572.0,,True,True,True,False,False,True,False,True,False,True
cmp_dd2558cccbc89872,gt_a3ed78d49b0c5aac,CALCA,Pan-UKB,Pan-UKB::continuous|21001|both_sexes||irnt,Body mass index (BMI),AFR,PRIMARY,False,True,0.01,5e-08,3,50,1883,1883,1883.0,0,1883,0,1883,1883,1785,985,985,985,288,892,256,,0,0,,,True,False,,,,,continuous,quant,,,,,True,continuous,quant,,,,,True,False,fewer_than_3_qualified_EUR_GWS_variants,True,,False,intermediate/15b4/comparisons/cmp_dd2558cccbc89872.parquet,intermediate/15b4/comparisons/cmp_dd2558cccbc89872.json,PROCESSED_NOW,419163.0,,419163.0,,6545.0,,6545.0,,True,True,True,False,False,True,False,True,False,True
cmp_daacdfb49a767a83,gt_a3ed78d49b0c5aac,CALCA,Pan-UKB,Pan-UKB::continuous|21001|both_sexes||irnt,Body mass index (BMI),CSA,PRIMARY,False,True,0.01,5e-08,3,50,1883,1883,1883.0,0,1883,0,1883,1883,1785,844,844,844,330,726,296,,0,0,,,True,False,,,,,continuous,quant,,,,,True,continuous,quant,,,,,True,False,fewer_than_3_qualified_EUR_GWS_variants,True,,False,intermediate/15b4/comparisons/cmp_daacdfb49a767a83.parquet,intermediate/15b4/comparisons/cmp_daacdfb49a767a83.json,PROCESSED_NOW,419163.0,,419163.0,,8646.0,,8646.0,,True,True,True,False,False,True,False,True,False,True
cmp_968e54cd842753a0,gt_a3ed78d49b0c5aac,CALCA,Pan-UKB,Pan-UKB::continuous|21001|both_sexes||irnt,Body mass index (BMI),MID,PRIMARY,False,True,0.01,5e-08,3,50,1883,1883,1883.0,0,1883,0,1883,1883,1785,789,789,789,341,780,305,,0,0,,,True,False,,,,,continuous,quant,,,,,True,continuous,quant,,,,,True,False,fewer_than_3_qualified_EUR_GWS_variants,True,,False,intermediate/15b4/comparisons/cmp_968e54cd842753a0.parquet,intermediate/15b4/comparisons/cmp_968e54cd842753a0.json,PROCESSED_NOW,419163.0,,419163.0,,1572.0,,1572.0,,True,True,True,False,False,True,False,True,False,True
cmp_5f5a33771aea4344,gt_a0bbc31bfcb23525,CALCR,Pan-UKB,Pan-UKB::continuous|21001|both_sexes||irnt,Body mass index (BMI),AFR,PRIMARY,False,True,0.01,5e-08,3,50,3189,3189,3189.0,0,3189,0,3189,3189,2981,1812,1812,1812,897,1655,792,,0,0,,,True,False,,,,,continuous,quant,,,,,True,continuous,quant,,,,,True,False,fewer_than_3_qualified_EUR_GWS_variants,True,,False,intermediate/15b4/comparisons/cmp_5f5a33771aea4344.parquet,intermediate/15b4/comparisons/cmp_5f5a33771aea4344.json,PROCESSED_NOW,419163.0,,419163.0,,6545.0,,6545.0,,True,True,True,False,False,True,False,True,False,True
cmp_312d2eeff22fbd6d,gt_a0bbc31bfcb23525,CALCR,Pan-UKB,Pan-UKB::continuous|21001|both_sexes||irnt,Body mass index (BMI),CSA,PRIMARY,False,True,0.01,5e-08,3,50,3189,3189,3189.0,0,3189,0,3189,3189,2981,1670,1670,1670,947,1395,842,,0,0,,,True,False,,,,,continuous,quant,,,,,True,continuous,quant,,,,,True,False,fewer_than_3_qualified_EUR_GWS_variants,True,,False,intermediate/15b4/comparisons/cmp_312d2eeff22fbd6d.parquet,intermediate/15b4/comparisons/cmp_312d2eeff22fbd6d.json,PROCESSED_NOW,419163.0,,419163.0,,8646.0,,8646.0,,True,True,True,False,False,True,False,True,False,True
cmp_397789a3dc4c5cce,gt_a0bbc31bfcb23525,CALCR,Pan-UKB,Pan-UKB::continuous|21001|both_sexes||irnt,Body mass index (BMI),MID,PRIMARY,False,True,0.01,5e-08,3,50,3189,3189,3189.0,0,3189,0,3189,3189,2981,1505,1505,1505,1000,1457,890,,0,0,,,True,False,,,,,continuous,quant,,,,,True,continuous,quant,,,,,True,False,fewer_than_3_qualified_EUR_GWS_variants,True,,False,intermediate/15b4/comparisons/cmp_397789a3dc4c5cce.parquet,intermediate/15b4/comparisons/cmp_397789a3dc4c5cce.json,PROCESSED_NOW,419163.0,,419163.0,,1572.0,,1572.0,,True,True,True,False,False,True,False,True,False,True
cmp_cf2eb416b2655e2b,gt_7ef45295ac72754b,DPP4,Pan-UKB,Pan-UKB::continuous|21001|both_sexes||irnt,Body mass index (BMI),AFR,PRIMARY,False,True,0.01,5e-08,3,50,2256,2256,2256.0,0,2256,0,2256,2256,2116,1115,1115,1109,489,979,428,,0,0,,,True,False,,,,,continuous,quant,,,,,True,continuous,quant,,,,,True,False,fewer_than_3_qualified_EUR_GWS_variants,True,,False,intermediate/15b4/comparisons/cmp_cf2eb416b2655e2b.parquet,intermediate/15b4/comparisons/cmp_cf2eb416b2655e2b.json,PROCESSED_NOW,419163.0,,419163.0,,6545.0,,6545.0,,True,True,True,False,False,True,False,True,False,True
cmp_0daa02799b71141c,gt_7ef45295ac72754b,DPP4,Pan-UKB,Pan-UKB::continuous|21001|both_sexes||irnt,Body mass index (BMI),CSA,PRIMARY,False,True,0.01,5e-08,3,50,2256,2256,2256.0,0,2256,0,2256,2256,2116,1186,1186,1186,704,1016,618,,0,0,,,True,False,,,,,continuous,quant,,,,,True,continuous,quant,,,,,True,False,fewer_than_3_qualified_EUR_GWS_variants,True,,False,intermediate/15b4/comparisons/cmp_0daa02799b71141c.parquet,intermediate/15b4/comparisons/cmp_0daa02799b71141c.json,PROCESSED_NOW,419163.0,,419163.0,,8646.0,,8646.0,,True,True,True,False,False,True,False,True,False,True
cmp_3ebb25f4fe833c35,gt_7ef45295ac72754b,DPP4,Pan-UKB,Pan-UKB::continuous|21001|both_sexes||irnt,Body mass index (BMI),MID,PRIMARY,False,True,0.01,5e-08,3,50,2256,2256,2256.0,0,2256,0,2256,2256,2116,910,910,904,707,888,622,,0,0,,,True,False,,,,,continuous,quant,,,,,True,continuous,quant,,,,,True,False,fewer_than_3_qualified_EUR_GWS_variants,True,,False,intermediate/15b4/comparisons/cmp_3ebb25f4fe833c35.parquet,intermediate/15b4/comparisons/cmp_3ebb25f4fe833c35.json,PROCESSED_NOW,419163.0,,419163.0,,1572.0,,1572.0,,True,True,True,False,False,True,False,True,False,True
cmp_079478dee00a071e,gt_07bc6b913823d770,FGFR1,Pan-UKB,Pan-UKB::continuous|21001|both_sexes||irnt,Body mass index (BMI),AFR,PRIMARY,False,True,0.01,5e-08,3,50,2214,2214,2214.0,0,2214,0,2214,2214,2039,1119,1119,1106,468,957,373,,15,0,,,True,False,,,,,continuous,quant,,,,,True,continuous,quant,,,,,True,True,,True,,False,intermediate/15b4/comparisons/cmp_079478dee00a071e.parquet,intermediate/15b4/comparisons/cmp_079478dee00a071e.json,PROCESSED_NOW,419163.0,,419163.0,,6545.0,,6545.0,,True,True,True,True,True,True,False,True,False,True
cmp_5b22527d173ee7fa,gt_07bc6b913823d770,FGFR1,Pan-UKB,Pan-UKB::continuous|21001|both_sexes||irnt,Body mass index (BMI),CSA,PRIMARY,False,True,0.01,5e-08,3,50,2214,2214,2214.0,0,2214,0,2214,2214,2039,1053,1053,1045,545,914,442,,15,0,,,True,False,,,,,continuous,quant,,,,,True,continuous,quant,,,,,True,True,,True,,False,intermediate/15b4/comparisons/cmp_5b22527d173ee7fa.parquet,intermediate/15b4/comparisons/cmp_5b22527d173ee7fa.json,PROCESSED_NOW,419163.0,,419163.0,,8646.0,,8646.0,,True,True,True,True,True,True,False,True,False,True
cmp_bad094ab84784157,gt_07bc6b913823d770,FGFR1,Pan-UKB,Pan-UKB::continuous|21001|both_sexes||irnt,Body mass index (BMI),MID,PRIMARY,False,True,0.01,5e-08,3,50,2214,2214,2214.0,0,2214,0,2214,2214,2039,885,885,872,570,834,466,,15,0,,,True,False,,,,,continuous,quant,,,,,True,continuous,quant,,,,,True,True,,True,,False,intermediate/15b4/comparisons/cmp_bad094ab84784157.parquet,intermediate/15b4/comparisons/cmp_bad094ab84784157.json,PROCESSED_NOW,419163.0,,419163.0,,1572.0,,1572.0,,True,True,True,True,True,True,False,True,False,True
cmp_2578fe8a5e432812,gt_5aa064f396f10864,FGFR4,Pan-UKB,Pan-UKB::continuous|21001|both_sexes||irnt,Body mass index (BMI),AFR,PRIMARY,False,True,0.01,5e-08,3,50,2050,2050,2050.0,0,2050,0,2050,2050,1860,1254,1254,1254,561,1127,454,,4,0,,,True,False,,,,,continuous,quant,,,,,True,continuous,quant,,,,,True,True,,True,,False,intermediate/15b4/comparisons/cmp_2578fe8a5e432812.parquet,intermediate/15b4/comparisons/cmp_2578fe8a5e432812.json,PROCESSED_NOW,419163.0,,419163.0,,6545.0,,6545.0,,True,True,True,True,True,True,False,True,False,True
cmp_cf79a21217ebfd45,gt_5aa064f396f10864,FGFR4,Pan-UKB,Pan-UKB::continuous|21001|both_sexes||irnt,Body mass index (BMI),CSA,PRIMARY,False,True,0.01,5e-08,3,50,2050,2050,2050.0,0,2050,0,2050,2050,1860,1101,1101,1101,788,1041,662,,4,0,,,True,False,,,,,continuous,quant,,,,,True,continuous,quant,,,,,True,True,,True,,False,intermediate/15b4/comparisons/cmp_cf79a21217ebfd45.parquet,intermediate/15b4/comparisons/cmp_cf79a21217ebfd45.json,PROCESSED_NOW,419163.0,,419163.0,,8646.0,,8646.0,,True,True,True,True,True,True,False,True,False,True
cmp_2278a2ee61e3c94f,gt_5aa064f396f10864,FGFR4,Pan-UKB,Pan-UKB::continuous|21001|both_sexes||irnt,Body mass index (BMI),MID,PRIMARY,False,True,0.01,5e-08,3,50,2050,2050,2050.0,0,2050,0,2050,2050,1860,1011,1011,1011,778,986,653,,4,0,,,True,False,,,,,continuous,quant,,,,,True,continuous,quant,,,,,True,True,,True,,False,intermediate/15b4/comparisons/cmp_2278a2ee61e3c94f.parquet,intermediate/15b4/comparisons/cmp_2278a2ee61e3c94f.json,PROCESSED_NOW,419163.0,,419163.0,,1572.0,,1572.0,,True,True,True,True,True,True,False,True,False,True
cmp_a65923a60135b609,gt_d79e322e54d14839,GDF15,Pan-UKB,Pan-UKB::continuous|21001|both_sexes||irnt,Body mass index (BMI),AFR,PRIMARY,False,True,0.01,5e-08,3,50,1816,1816,1816.0,0,1816,0,1816,1816,1655,1211,1211,1211,583,1126,485,,36,0,,,True,False,,,,,continuous,quant,,,,,True,continuous,quant,,,,,True,True,,True,,False,intermediate/15b4/comparisons/cmp_a65923a60135b609.parquet,intermediate/15b4/comparisons/cmp_a65923a60135b609.json,PROCESSED_NOW,419163.0,,419163.0,,6545.0,,6545.0,,True,True,True,True,True,True,False,True,False,True
cmp_c93179e9cff3fff4,gt_d79e322e54d14839,GDF15,Pan-UKB,Pan-UKB::continuous|21001|both_sexes||irnt,Body mass index (BMI),CSA,PRIMARY,False,True,0.01,5e-08,3,50,1816,1816,1816.0,0,1816,0,1816,1816,1655,1040,1040,1040,639,876,534,,36,0,,,True,False,,,,,continuous,quant,,,,,True,continuous,quant,,,,,True,True,,True,,False,intermediate/15b4/comparisons/cmp_c93179e9cff3fff4.parquet,intermediate/15b4/comparisons/cmp_c93179e9cff3fff4.json,PROCESSED_NOW,419163.0,,419163.0,,8646.0,,8646.0,,True,True,True,True,True,True,False,True,False,True
cmp_06c4746c5e993d05,gt_d79e322e54d14839,GDF15,Pan-UKB,Pan-UKB::continuous|21001|both_sexes||irnt,Body mass index (BMI),MID,PRIMARY,False,True,0.01,5e-08,3,50,1816,1816,1816.0,0,1816,0,1816,1816,1655,941,941,941,661,931,554,,36,0,,,True,False,,,,,continuous,quant,,,,,True,continuous,quant,,,,,True,True,,True,,False,intermediate/15b4/comparisons/cmp_06c4746c5e993d05.parquet,intermediate/15b4/comparisons/cmp_06c4746c5e993d05.json,PROCESSED_NOW,419163.0,,419163.0,,1572.0,,1572.0,,True,True,True,True,True,True,False,True,False,True
cmp_8dfd1b9a2d559b23,gt_a4b99530ba80c8ab,GFRAL,Pan-UKB,Pan-UKB::continuous|21001|both_sexes||irnt,Body mass index (BMI),AFR,PRIMARY,False,True,0.01,5e-08,3,50,3968,3968,3968.0,0,3968,0,3968,3968,3675,2542,2542,2530,1136,2357,999,,0,0,,,True,False,,,,,continuous,quant,,,,,True,continuous,quant,,,,,True,False,fewer_than_3_qualified_EUR_GWS_variants,True,,False,intermediate/15b4/comparisons/cmp_8dfd1b9a2d559b23.parquet,intermediate/15b4/comparisons/cmp_8dfd1b9a2d559b23.json,PROCESSED_NOW,419163.0,,419163.0,,6545.0,,6545.0,,True,True,True,False,False,True,False,True,False,True
cmp_f6c8664394696f28,gt_a4b99530ba80c8ab,GFRAL,Pan-UKB,Pan-UKB::continuous|21001|both_sexes||irnt,Body mass index (BMI),CSA,PRIMARY,False,True,0.01,5e-08,3,50,3968,3968,3968.0,0,3968,0,3968,3968,3675,2257,2257,2251,1074,1899,945,,0,0,,,True,False,,,,,continuous,quant,,,,,True,continuous,quant,,,,,True,False,fewer_than_3_qualified_EUR_GWS_variants,True,,False,intermediate/15b4/comparisons/cmp_f6c8664394696f28.parquet,intermediate/15b4/comparisons/cmp_f6c8664394696f28.json,PROCESSED_NOW,419163.0,,419163.0,,8646.0,,8646.0,,True,True,True,False,False,True,False,True,False,True
cmp_46a786b0f7f692c1,gt_a4b99530ba80c8ab,GFRAL,Pan-UKB,Pan-UKB::continuous|21001|both_sexes||irnt,Body mass index (BMI),MID,PRIMARY,False,True,0.01,5e-08,3,50,3968,3968,3968.0,0,3968,0,3968,3968,3675,2142,2142,2130,1480,2080,1320,,0,0,,,True,False,,,,,continuous,quant,,,,,True,continuous,quant,,,,,True,False,fewer_than_3_qualified_EUR_GWS_variants,True,,False,intermediate/15b4/comparisons/cmp_46a786b0f7f692c1.parquet,intermediate/15b4/comparisons/cmp_46a786b0f7f692c1.json,PROCESSED_NOW,419163.0,,419163.0,,1572.0,,1572.0,,True,True,True,False,False,True,False,True,False,True
cmp_340539a9aafdd2ed,gt_d815e2aa4bbcd69a,GHR,Pan-UKB,Pan-UKB::continuous|21001|both_sexes||irnt,Body mass index (BMI),AFR,PRIMARY,False,True,0.01,5e-08,3,50,5353,5353,5353.0,0,5353,0,5353,5353,5000,2333,2333,2329,1077,1941,923,,0,0,,,True,False,,,,,continuous,quant,,,,,True,continuous,quant,,,,,True,False,fewer_than_3_qualified_EUR_GWS_variants,True,,False,intermediate/15b4/comparisons/cmp_340539a9aafdd2ed.parquet,intermediate/15b4/comparisons/cmp_340539a9aafdd2ed.json,PROCESSED_NOW,419163.0,,419163.0,,6545.0,,6545.0,,True,True,True,False,False,True,False,True,False,True
cmp_fc7c44bdf8d1c088,gt_d815e2aa4bbcd69a,GHR,Pan-UKB,Pan-UKB::continuous|21001|both_sexes||irnt,Body mass index (BMI),CSA,PRIMARY,False,True,0.01,5e-08,3,50,5353,5353,5353.0,0,5353,0,5353,5353,5000,2310,2310,2307,1313,2098,1139,,0,0,,,True,False,,,,,continuous,quant,,,,,True,continuous,quant,,,,,True,False,fewer_than_3_qualified_EUR_GWS_variants,True,,False,intermediate/15b4/comparisons/cmp_fc7c44bdf8d1c088.parquet,intermediate/15b4/comparisons/cmp_fc7c44bdf8d1c088.json,PROCESSED_NOW,419163.0,,419163.0,,8646.0,,8646.0,,True,True,True,False,False,True,False,True,False,True
cmp_f85cd571258c4937,gt_d815e2aa4bbcd69a,GHR,Pan-UKB,Pan-UKB::continuous|21001|both_sexes||irnt,Body mass index (BMI),MID,PRIMARY,False,True,0.01,5e-08,3,50,5353,5353,5353.0,0,5353,0,5353,5353,5000,1868,1868,1864,1376,1815,1196,,0,0,,,True,False,,,,,continuous,quant,,,,,True,continuous,quant,,,,,True,False,fewer_than_3_qualified_EUR_GWS_variants,True,,False,intermediate/15b4/comparisons/cmp_f85cd571258c4937.parquet,intermediate/15b4/comparisons/cmp_f85cd571258c4937.json,PROCESSED_NOW,419163.0,,419163.0,,1572.0,,1572.0,,True,True,True,False,False,True,False,True,False,True
cmp_ce5e345eb69043ef,gt_e8a2392ea6c7a9e1,GIPR,Pan-UKB,Pan-UKB::continuous|21001|both_sexes||irnt,Body mass index (BMI),AFR,PRIMARY,False,True,0.01,5e-08,3,50,2363,2363,2363.0,0,2363,0,2363,2363,2226,1168,1168,1168,580,1030,489,,24,0,,,True,False,,,,,continuous,quant,,,,,True,continuous,quant,,,,,True,True,,True,,False,intermediate/15b4/comparisons/cmp_ce5e345eb69043ef.parquet,intermediate/15b4/comparisons/cmp_ce5e345eb69043ef.json,PROCESSED_NOW,419163.0,,419163.0,,6545.0,,6545.0,,True,True,True,True,True,True,False,True,False,True
cmp_0f677d3a2cec3d16,gt_e8a2392ea6c7a9e1,GIPR,Pan-UKB,Pan-UKB::continuous|21001|both_sexes||irnt,Body mass index (BMI),CSA,PRIMARY,False,True,0.01,5e-08,3,50,2363,2363,2363.0,0,2363,0,2363,2363,2226,1074,1074,1074,630,933,534,,26,0,,,True,False,,,,,continuous,quant,,,,,True,continuous,quant,,,,,True,True,,True,,False,intermediate/15b4/comparisons/cmp_0f677d3a2cec3d16.parquet,intermediate/15b4/comparisons/cmp_0f677d3a2cec3d16.json,PROCESSED_NOW,419163.0,,419163.0,,8646.0,,8646.0,,True,True,True,True,True,True,False,True,False,True
cmp_a38cb42e3379daab,gt_e8a2392ea6c7a9e1,GIPR,Pan-UKB,Pan-UKB::continuous|21001|both_sexes||irnt,Body mass index (BMI),MID,PRIMARY,False,True,0.01,5e-08,3,50,2363,2363,2363.0,0,2363,0,2363,2363,2226,925,925,925,647,888,550,,26,0,,,True,False,,,,,continuous,quant,,,,,True,continuous,quant,,,,,True,True,,True,,False,intermediate/15b4/comparisons/cmp_a38cb42e3379daab.parquet,intermediate/15b4/comparisons/cmp_a38cb42e3379daab.json,PROCESSED_NOW,419163.0,,419163.0,,1572.0,,1572.0,,True,True,True,True,True,True,False,True,False,True
cmp_8ebe601ca5aa83b8,gt_25ecabe6d3e507e8,GLP1R,Pan-UKB,Pan-UKB::continuous|21001|both_sexes||irnt,Body mass index (BMI),AFR,PRIMARY,False,True,0.01,5e-08,3,50,3121,3121,3121.0,0,3121,0,3121,3121,2910,1808,1808,1796,802,1598,712,,0,0,,,True,False,,,,,continuous,quant,,,,,True,continuous,quant,,,,,True,False,fewer_than_3_qualified_EUR_GWS_variants,True,,False,intermediate/15b4/comparisons/cmp_8ebe601ca5aa83b8.parquet,intermediate/15b4/comparisons/cmp_8ebe601ca5aa83b8.json,PROCESSED_NOW,419163.0,,419163.0,,6545.0,,6545.0,,True,True,True,False,False,True,False,True,False,True
cmp_7d1964e37a09fd0a,gt_25ecabe6d3e507e8,GLP1R,Pan-UKB,Pan-UKB::continuous|21001|both_sexes||irnt,Body mass index (BMI),CSA,PRIMARY,False,True,0.01,5e-08,3,50,3121,3121,3121.0,0,3121,0,3121,3121,2910,1474,1474,1474,899,1302,798,,0,0,,,True,False,,,,,continuous,quant,,,,,True,continuous,quant,,,,,True,False,fewer_than_3_qualified_EUR_GWS_variants,True,,False,intermediate/15b4/comparisons/cmp_7d1964e37a09fd0a.parquet,intermediate/15b4/comparisons/cmp_7d1964e37a09fd0a.json,PROCESSED_NOW,419163.0,,419163.0,,8646.0,,8646.0,,True,True,True,False,False,True,False,True,False,True
cmp_15fa0358129dafbb,gt_25ecabe6d3e507e8,GLP1R,Pan-UKB,Pan-UKB::continuous|21001|both_sexes||irnt,Body mass index (BMI),MID,PRIMARY,False,True,0.01,5e-08,3,50,3121,3121,3121.0,0,3121,0,3121,3121,2910,1357,1357,1345,926,1314,826,,0,0,,,True,False,,,,,continuous,quant,,,,,True,continuous,quant,,,,,True,False,fewer_than_3_qualified_EUR_GWS_variants,True,,False,intermediate/15b4/comparisons/cmp_15fa0358129dafbb.parquet,intermediate/15b4/comparisons/cmp_15fa0358129dafbb.json,PROCESSED_NOW,419163.0,,419163.0,,1572.0,,1572.0,,True,True,True,False,False,True,False,True,False,True
cmp_ffb3cf3226c5feca,gt_c3e1332e6c837d81,HSD11B1,Pan-UKB,Pan-UKB::continuous|21001|both_sexes||irnt,Body mass index (BMI),AFR,PRIMARY,False,True,0.01,5e-08,3,50,2562,2562,2562.0,0,2562,0,2562,2562,2392,1569,1569,1569,640,1440,555,,0,0,,,True,False,,,,,continuous,quant,,,,,True,continuous,quant,,,,,True,False,fewer_than_3_qualified_EUR_GWS_variants,True,,False,intermediate/15b4/comparisons/cmp_ffb3cf3226c5feca.parquet,intermediate/15b4/comparisons/cmp_ffb3cf3226c5feca.json,PROCESSED_NOW,419163.0,,419163.0,,6545.0,,6545.0,,True,True,True,False,False,True,False,True,False,True
cmp_968af00a51bb2df7,gt_c3e1332e6c837d81,HSD11B1,Pan-UKB,Pan-UKB::continuous|21001|both_sexes||irnt,Body mass index (BMI),CSA,PRIMARY,False,True,0.01,5e-08,3,50,2562,2562,2562.0,0,2562,0,2562,2562,2392,1349,1349,1349,820,1206,725,,0,0,,,True,False,,,,,continuous,quant,,,,,True,continuous,quant,,,,,True,False,fewer_than_3_qualified_EUR_GWS_variants,True,,False,intermediate/15b4/comparisons/cmp_968af00a51bb2df7.parquet,intermediate/15b4/comparisons/cmp_968af00a51bb2df7.json,PROCESSED_NOW,419163.0,,419163.0,,8646.0,,8646.0,,True,True,True,False,False,True,False,True,False,True
cmp_9bf2694e57943858,gt_c3e1332e6c837d81,HSD11B1,Pan-UKB,Pan-UKB::continuous|21001|both_sexes||irnt,Body mass index (BMI),MID,PRIMARY,False,True,0.01,5e-08,3,50,2562,2562,2562.0,0,2562,0,2562,2562,2392,1205,1205,1205,797,1181,704,,0,0,,,True,False,,,,,continuous,quant,,,,,True,continuous,quant,,,,,True,False,fewer_than_3_qualified_EUR_GWS_variants,True,,False,intermediate/15b4/comparisons/cmp_9bf2694e57943858.parquet,intermediate/15b4/comparisons/cmp_9bf2694e57943858.json,PROCESSED_NOW,419163.0,,419163.0,,1572.0,,1572.0,,True,True,True,False,False,True,False,True,False,True
cmp_80175672b39655ce,gt_c1f964477a2c60d2,HTR1A,Pan-UKB,Pan-UKB::continuous|21001|both_sexes||irnt,Body mass index (BMI),AFR,PRIMARY,False,True,0.01,5e-08,3,50,1846,1846,1846.0,0,1846,0,1846,1846,1726,907,907,907,284,801,250,,0,0,,,True,False,,,,,continuous,quant,,,,,True,continuous,quant,,,,,True,False,fewer_than_3_qualified_EUR_GWS_variants,True,,False,intermediate/15b4/comparisons/cmp_80175672b39655ce.parquet,intermediate/15b4/comparisons/cmp_80175672b39655ce.json,PROCESSED_NOW,419163.0,,419163.0,,6545.0,,6545.0,,True,True,True,False,False,True,False,True,False,True
cmp_e1e56086d8f841e1,gt_c1f964477a2c60d2,HTR1A,Pan-UKB,Pan-UKB::continuous|21001|both_sexes||irnt,Body mass index (BMI),CSA,PRIMARY,False,True,0.01,5e-08,3,50,1846,1846,1846.0,0,1846,0,1846,1846,1726,779,779,779,350,647,314,,0,0,,,True,False,,,,,continuous,quant,,,,,True,continuous,quant,,,,,True,False,fewer_than_3_qualified_EUR_GWS_variants,True,,False,intermediate/15b4/comparisons/cmp_e1e56086d8f841e1.parquet,intermediate/15b4/comparisons/cmp_e1e56086d8f841e1.json,PROCESSED_NOW,419163.0,,419163.0,,8646.0,,8646.0,,True,True,True,False,False,True,False,True,False,True
cmp_885f982fca055dee,gt_c1f964477a2c60d2,HTR1A,Pan-UKB,Pan-UKB::continuous|21001|both_sexes||irnt,Body mass index (BMI),MID,PRIMARY,False,True,0.01,5e-08,3,50,1846,1846,1846.0,0,1846,0,1846,1846,1726,664,664,664,364,655,327,,0,0,,,True,False,,,,,continuous,quant,,,,,True,continuous,quant,,,,,True,False,fewer_than_3_qualified_EUR_GWS_variants,True,,False,intermediate/15b4/comparisons/cmp_885f982fca055dee.parquet,intermediate/15b4/comparisons/cmp_885f982fca055dee.json,PROCESSED_NOW,419163.0,,419163.0,,1572.0,,1572.0,,True,True,True,False,False,True,False,True,False,True
cmp_71b7ddb719e3cb03,gt_c613c2c57d405093,IAPP,Pan-UKB,Pan-UKB::continuous|21001|both_sexes||irnt,Body mass index (BMI),AFR,PRIMARY,False,True,0.01,5e-08,3,50,2758,2758,2758.0,0,2758,0,2758,2758,2531,1690,1690,1689,905,1603,797,,0,0,,,True,False,,,,,continuous,quant,,,,,True,continuous,quant,,,,,True,False,fewer_than_3_qualified_EUR_GWS_variants,True,,False,intermediate/15b4/comparisons/cmp_71b7ddb719e3cb03.parquet,intermediate/15b4/comparisons/cmp_71b7ddb719e3cb03.json,PROCESSED_NOW,419163.0,,419163.0,,6545.0,,6545.0,,True,True,True,False,False,True,False,True,False,True
cmp_ea327d1dd0a42d69,gt_c613c2c57d405093,IAPP,Pan-UKB,Pan-UKB::continuous|21001|both_sexes||irnt,Body mass index (BMI),CSA,PRIMARY,False,True,0.01,5e-08,3,50,2758,2758,2758.0,0,2758,0,2758,2758,2531,1566,1566,1565,981,1356,864,,0,0,,,True,False,,,,,continuous,quant,,,,,True,continuous,quant,,,,,True,False,fewer_than_3_qualified_EUR_GWS_variants,True,,False,intermediate/15b4/comparisons/cmp_ea327d1dd0a42d69.parquet,intermediate/15b4/comparisons/cmp_ea327d1dd0a42d69.json,PROCESSED_NOW,419163.0,,419163.0,,8646.0,,8646.0,,True,True,True,False,False,True,False,True,False,True
cmp_586b6611324ad428,gt_c613c2c57d405093,IAPP,Pan-UKB,Pan-UKB::continuous|21001|both_sexes||irnt,Body mass index (BMI),MID,PRIMARY,False,True,0.01,5e-08,3,50,2758,2758,2758.0,0,2758,0,2758,2758,2531,1492,1492,1491,1040,1473,923,,0,0,,,True,False,,,,,continuous,quant,,,,,True,continuous,quant,,,,,True,False,fewer_than_3_qualified_EUR_GWS_variants,True,,False,intermediate/15b4/comparisons/cmp_586b6611324ad428.parquet,intermediate/15b4/comparisons/cmp_586b6611324ad428.json,PROCESSED_NOW,419163.0,,419163.0,,1572.0,,1572.0,,True,True,True,False,False,True,False,True,False,True
cmp_e34cdd484ad3fd0a,gt_3118096966414b21,INSR,Pan-UKB,Pan-UKB::continuous|21001|both_sexes||irnt,Body mass index (BMI),AFR,PRIMARY,False,True,0.01,5e-08,3,50,2538,2538,2538.0,0,2538,0,2538,2538,2287,1952,1952,1951,1136,1838,958,,0,0,,,True,False,,,,,continuous,quant,,,,,True,continuous,quant,,,,,True,False,fewer_than_3_qualified_EUR_GWS_variants,True,,False,intermediate/15b4/comparisons/cmp_e34cdd484ad3fd0a.parquet,intermediate/15b4/comparisons/cmp_e34cdd484ad3fd0a.json,PROCESSED_NOW,419163.0,,419163.0,,6545.0,,6545.0,,True,True,True,False,False,True,False,True,False,True
cmp_6ec0097c5bdac67b,gt_3118096966414b21,INSR,Pan-UKB,Pan-UKB::continuous|21001|both_sexes||irnt,Body mass index (BMI),CSA,PRIMARY,False,True,0.01,5e-08,3,50,2538,2538,2538.0,0,2538,0,2538,2538,2287,1847,1847,1846,1194,1675,1012,,0,0,,,True,False,,,,,continuous,quant,,,,,True,continuous,quant,,,,,True,False,fewer_than_3_qualified_EUR_GWS_variants,True,,False,intermediate/15b4/comparisons/cmp_6ec0097c5bdac67b.parquet,intermediate/15b4/comparisons/cmp_6ec0097c5bdac67b.json,PROCESSED_NOW,419163.0,,419163.0,,8646.0,,8646.0,,True,True,True,False,False,True,False,True,False,True
cmp_72dfdcaeb4fc2bab,gt_3118096966414b21,INSR,Pan-UKB,Pan-UKB::continuous|21001|both_sexes||irnt,Body mass index (BMI),MID,PRIMARY,False,True,0.01,5e-08,3,50,2538,2538,2538.0,0,2538,0,2538,2538,2287,1673,1673,1672,1223,1644,1039,,0,0,,,True,False,,,,,continuous,quant,,,,,True,continuous,quant,,,,,True,False,fewer_than_3_qualified_EUR_GWS_variants,True,,False,intermediate/15b4/comparisons/cmp_72dfdcaeb4fc2bab.parquet,intermediate/15b4/comparisons/cmp_72dfdcaeb4fc2bab.json,PROCESSED_NOW,419163.0,,419163.0,,1572.0,,1572.0,,True,True,True,False,False,True,False,True,False,True
cmp_04802c9d74f9e732,gt_46885db53b6cf531,LEPR,Pan-UKB,Pan-UKB::continuous|21001|both_sexes||irnt,Body mass index (BMI),AFR,PRIMARY,False,True,0.01,5e-08,3,50,3528,3528,3528.0,0,3528,0,3528,3528,3272,2141,2141,2141,1415,1967,1257,,34,0,,,True,False,,,,,continuous,quant,,,,,True,continuous,quant,,,,,True,True,,True,,False,intermediate/15b4/comparisons/cmp_04802c9d74f9e732.parquet,intermediate/15b4/comparisons/cmp_04802c9d74f9e732.json,PROCESSED_NOW,419163.0,,419163.0,,6545.0,,6545.0,,True,True,True,True,True,True,False,True,False,True
cmp_fd7bee0b4f0c8705,gt_46885db53b6cf531,LEPR,Pan-UKB,Pan-UKB::continuous|21001|both_sexes||irnt,Body mass index (BMI),CSA,PRIMARY,False,True,0.01,5e-08,3,50,3528,3528,3528.0,0,3528,0,3528,3528,3272,2050,2050,2050,1515,1893,1346,,34,0,,,True,False,,,,,continuous,quant,,,,,True,continuous,quant,,,,,True,True,,True,,False,intermediate/15b4/comparisons/cmp_fd7bee0b4f0c8705.parquet,intermediate/15b4/comparisons/cmp_fd7bee0b4f0c8705.json,PROCESSED_NOW,419163.0,,419163.0,,8646.0,,8646.0,,True,True,True,True,True,True,False,True,False,True
cmp_e3f2f647f7cf5c3c,gt_46885db53b6cf531,LEPR,Pan-UKB,Pan-UKB::continuous|21001|both_sexes||irnt,Body mass index (BMI),MID,PRIMARY,False,True,0.01,5e-08,3,50,3528,3528,3528.0,0,3528,0,3528,3528,3272,1824,1824,1824,1535,1796,1362,,35,0,,,True,False,,,,,continuous,quant,,,,,True,continuous,quant,,,,,True,True,,True,,False,intermediate/15b4/comparisons/cmp_e3f2f647f7cf5c3c.parquet,intermediate/15b4/comparisons/cmp_e3f2f647f7cf5c3c.json,PROCESSED_NOW,419163.0,,419163.0,,1572.0,,1572.0,,True,True,True,True,True,True,False,True,False,True
cmp_78452397ae97612a,gt_61df4e5e9ce876ed,MAPK1,Pan-UKB,Pan-UKB::continuous|21001|both_sexes||irnt,Body mass index (BMI),AFR,PRIMARY,False,True,0.01,5e-08,3,50,3023,3023,3023.0,0,3023,0,3023,3023,2746,1853,1853,1853,794,1640,657,,0,0,,,True,False,,,,,continuous,quant,,,,,True,continuous,quant,,,,,True,False,fewer_than_3_qualified_EUR_GWS_variants,True,,False,intermediate/15b4/comparisons/cmp_78452397ae97612a.parquet,intermediate/15b4/comparisons/cmp_78452397ae97612a.json,PROCESSED_NOW,419163.0,,419163.0,,6545.0,,6545.0,,True,True,True,False,False,True,False,True,False,True
cmp_c4363c25ad7ffa63,gt_61df4e5e9ce876ed,MAPK1,Pan-UKB,Pan-UKB::continuous|21001|both_sexes||irnt,Body mass index (BMI),CSA,PRIMARY,False,True,0.01,5e-08,3,50,3023,3023,3023.0,0,3023,0,3023,3023,2746,1480,1480,1480,1008,1305,854,,0,0,,,True,False,,,,,continuous,quant,,,,,True,continuous,quant,,,,,True,False,fewer_than_3_qualified_EUR_GWS_variants,True,,False,intermediate/15b4/comparisons/cmp_c4363c25ad7ffa63.parquet,intermediate/15b4/comparisons/cmp_c4363c25ad7ffa63.json,PROCESSED_NOW,419163.0,,419163.0,,8646.0,,8646.0,,True,True,True,False,False,True,False,True,False,True
cmp_e9978fabe01afe50,gt_61df4e5e9ce876ed,MAPK1,Pan-UKB,Pan-UKB::continuous|21001|both_sexes||irnt,Body mass index (BMI),MID,PRIMARY,False,True,0.01,5e-08,3,50,3023,3023,3023.0,0,3023,0,3023,3023,2746,1385,1385,1385,1033,1365,876,,0,0,,,True,False,,,,,continuous,quant,,,,,True,continuous,quant,,,,,True,False,fewer_than_3_qualified_EUR_GWS_variants,True,,False,intermediate/15b4/comparisons/cmp_e9978fabe01afe50.parquet,intermediate/15b4/comparisons/cmp_e9978fabe01afe50.json,PROCESSED_NOW,419163.0,,419163.0,,1572.0,,1572.0,,True,True,True,False,False,True,False,True,False,True
cmp_d952477127ee7ec7,gt_6925bb9b57369884,MAPK3,Pan-UKB,Pan-UKB::continuous|21001|both_sexes||irnt,Body mass index (BMI),AFR,PRIMARY,False,True,0.01,5e-08,3,50,1252,1252,1252.0,0,1252,0,1252,1252,1131,601,601,600,224,479,172,,110,0,,,True,False,,,,,continuous,quant,,,,,True,continuous,quant,,,,,True,True,,True,,False,intermediate/15b4/comparisons/cmp_d952477127ee7ec7.parquet,intermediate/15b4/comparisons/cmp_d952477127ee7ec7.json,PROCESSED_NOW,419163.0,,419163.0,,6545.0,,6545.0,,True,True,True,True,True,True,False,True,False,True
cmp_5d9692961eceee6a,gt_6925bb9b57369884,MAPK3,Pan-UKB,Pan-UKB::continuous|21001|both_sexes||irnt,Body mass index (BMI),CSA,PRIMARY,False,True,0.01,5e-08,3,50,1252,1252,1252.0,0,1252,0,1252,1252,1131,476,476,475,249,402,197,,110,0,,,True,False,,,,,continuous,quant,,,,,True,continuous,quant,,,,,True,True,,True,,False,intermediate/15b4/comparisons/cmp_5d9692961eceee6a.parquet,intermediate/15b4/comparisons/cmp_5d9692961eceee6a.json,PROCESSED_NOW,419163.0,,419163.0,,8646.0,,8646.0,,True,True,True,True,True,True,False,True,False,True
cmp_516979e63b81199e,gt_6925bb9b57369884,MAPK3,Pan-UKB,Pan-UKB::continuous|21001|both_sexes||irnt,Body mass index (BMI),MID,PRIMARY,False,True,0.01,5e-08,3,50,1252,1252,1252.0,0,1252,0,1252,1252,1131,450,450,450,269,420,216,,111,0,,,True,False,,,,,continuous,quant,,,,,True,continuous,quant,,,,,True,True,,True,,False,intermediate/15b4/comparisons/cmp_516979e63b81199e.parquet,intermediate/15b4/comparisons/cmp_516979e63b81199e.json,PROCESSED_NOW,419163.0,,419163.0,,1572.0,,1572.0,,True,True,True,True,True,True,False,True,False,True
cmp_72348505eabd0d8c,gt_6514a4bcc5411b53,MC1R,Pan-UKB,Pan-UKB::continuous|21001|both_sexes||irnt,Body mass index (BMI),AFR,PRIMARY,False,True,0.01,5e-08,3,50,3046,3046,3046.0,0,3046,0,3046,3046,2868,1689,1689,1689,712,1509,624,,0,0,,,True,False,,,,,continuous,quant,,,,,True,continuous,quant,,,,,True,False,fewer_than_3_qualified_EUR_GWS_variants,True,,False,intermediate/15b4/comparisons/cmp_72348505eabd0d8c.parquet,intermediate/15b4/comparisons/cmp_72348505eabd0d8c.json,PROCESSED_NOW,419163.0,,419163.0,,6545.0,,6545.0,,True,True,True,False,False,True,False,True,False,True
cmp_216a3309e17ff325,gt_6514a4bcc5411b53,MC1R,Pan-UKB,Pan-UKB::continuous|21001|both_sexes||irnt,Body mass index (BMI),CSA,PRIMARY,False,True,0.01,5e-08,3,50,3046,3046,3046.0,0,3046,0,3046,3046,2868,1699,1699,1699,877,1418,780,,0,0,,,True,False,,,,,continuous,quant,,,,,True,continuous,quant,,,,,True,False,fewer_than_3_qualified_EUR_GWS_variants,True,,False,intermediate/15b4/comparisons/cmp_216a3309e17ff325.parquet,intermediate/15b4/comparisons/cmp_216a3309e17ff325.json,PROCESSED_NOW,419163.0,,419163.0,,8646.0,,8646.0,,True,True,True,False,False,True,False,True,False,True
cmp_1e62bc9cfb0ae342,gt_6514a4bcc5411b53,MC1R,Pan-UKB,Pan-UKB::continuous|21001|both_sexes||irnt,Body mass index (BMI),MID,PRIMARY,False,True,0.01,5e-08,3,50,3046,3046,3046.0,0,3046,0,3046,3046,2868,1448,1448,1448,949,1413,848,,0,0,,,True,False,,,,,continuous,quant,,,,,True,continuous,quant,,,,,True,False,fewer_than_3_qualified_EUR_GWS_variants,True,,False,intermediate/15b4/comparisons/cmp_1e62bc9cfb0ae342.parquet,intermediate/15b4/comparisons/cmp_1e62bc9cfb0ae342.json,PROCESSED_NOW,419163.0,,419163.0,,1572.0,,1572.0,,True,True,True,False,False,True,False,True,False,True
cmp_d9f3563910f04212,gt_e31188cc7b292717,MC4R,Pan-UKB,Pan-UKB::continuous|21001|both_sexes||irnt,Body mass index (BMI),AFR,PRIMARY,False,True,0.01,5e-08,3,50,2221,2221,2221.0,0,2221,0,2221,2221,2081,1353,1353,1353,591,1209,531,,166,0,,,True,False,,,,,continuous,quant,,,,,True,continuous,quant,,,,,True,True,,True,,False,intermediate/15b4/comparisons/cmp_d9f3563910f04212.parquet,intermediate/15b4/comparisons/cmp_d9f3563910f04212.json,PROCESSED_NOW,419163.0,,419163.0,,6545.0,,6545.0,,True,True,True,True,True,True,False,True,False,True
cmp_91602ff38973e5c1,gt_e31188cc7b292717,MC4R,Pan-UKB,Pan-UKB::continuous|21001|both_sexes||irnt,Body mass index (BMI),CSA,PRIMARY,False,True,0.01,5e-08,3,50,2221,2221,2221.0,0,2221,0,2221,2221,2081,1148,1148,1148,625,1021,565,,193,0,,,True,False,,,,,continuous,quant,,,,,True,continuous,quant,,,,,True,True,,True,,False,intermediate/15b4/comparisons/cmp_91602ff38973e5c1.parquet,intermediate/15b4/comparisons/cmp_91602ff38973e5c1.json,PROCESSED_NOW,419163.0,,419163.0,,8646.0,,8646.0,,True,True,True,True,True,True,False,True,False,True
cmp_795667e1dbbc5ad6,gt_e31188cc7b292717,MC4R,Pan-UKB,Pan-UKB::continuous|21001|both_sexes||irnt,Body mass index (BMI),MID,PRIMARY,False,True,0.01,5e-08,3,50,2221,2221,2221.0,0,2221,0,2221,2221,2081,1033,1033,1033,684,967,615,,195,0,,,True,False,,,,,continuous,quant,,,,,True,continuous,quant,,,,,True,True,,True,,False,intermediate/15b4/comparisons/cmp_795667e1dbbc5ad6.parquet,intermediate/15b4/comparisons/cmp_795667e1dbbc5ad6.json,PROCESSED_NOW,419163.0,,419163.0,,1572.0,,1572.0,,True,True,True,True,True,True,False,True,False,True
cmp_b0ac2fd5fb031aa4,gt_d14085384e769d40,MTTP,Pan-UKB,Pan-UKB::continuous|21001|both_sexes||irnt,Body mass index (BMI),AFR,PRIMARY,False,True,0.01,5e-08,3,50,2943,2943,2943.0,0,2943,0,2943,2943,2723,1707,1707,1706,796,1509,694,,0,0,,,True,False,,,,,continuous,quant,,,,,True,continuous,quant,,,,,True,False,fewer_than_3_qualified_EUR_GWS_variants,True,,False,intermediate/15b4/comparisons/cmp_b0ac2fd5fb031aa4.parquet,intermediate/15b4/comparisons/cmp_b0ac2fd5fb031aa4.json,PROCESSED_NOW,419163.0,,419163.0,,6545.0,,6545.0,,True,True,True,False,False,True,False,True,False,True
cmp_dcd0c0caf9708b43,gt_d14085384e769d40,MTTP,Pan-UKB,Pan-UKB::continuous|21001|both_sexes||irnt,Body mass index (BMI),CSA,PRIMARY,False,True,0.01,5e-08,3,50,2943,2943,2943.0,0,2943,0,2943,2943,2723,1569,1569,1569,905,1396,797,,0,0,,,True,False,,,,,continuous,quant,,,,,True,continuous,quant,,,,,True,False,fewer_than_3_qualified_EUR_GWS_variants,True,,False,intermediate/15b4/comparisons/cmp_dcd0c0caf9708b43.parquet,intermediate/15b4/comparisons/cmp_dcd0c0caf9708b43.json,PROCESSED_NOW,419163.0,,419163.0,,8646.0,,8646.0,,True,True,True,False,False,True,False,True,False,True
cmp_677d64c945b762f6,gt_d14085384e769d40,MTTP,Pan-UKB,Pan-UKB::continuous|21001|both_sexes||irnt,Body mass index (BMI),MID,PRIMARY,False,True,0.01,5e-08,3,50,2943,2943,2943.0,0,2943,0,2943,2943,2723,1317,1317,1317,1051,1303,924,,0,0,,,True,False,,,,,continuous,quant,,,,,True,continuous,quant,,,,,True,False,fewer_than_3_qualified_EUR_GWS_variants,True,,False,intermediate/15b4/comparisons/cmp_677d64c945b762f6.parquet,intermediate/15b4/comparisons/cmp_677d64c945b762f6.json,PROCESSED_NOW,419163.0,,419163.0,,1572.0,,1572.0,,True,True,True,False,False,True,False,True,False,True
cmp_f7e745784dd20d7a,gt_9e59531911456d7e,NPY,Pan-UKB,Pan-UKB::continuous|21001|both_sexes||irnt,Body mass index (BMI),AFR,PRIMARY,False,True,0.01,5e-08,3,50,2792,2792,2792.0,0,2792,0,2792,2792,2576,1795,1795,1795,961,1621,848,,0,0,,,True,False,,,,,continuous,quant,,,,,True,continuous,quant,,,,,True,False,fewer_than_3_qualified_EUR_GWS_variants,True,,False,intermediate/15b4/comparisons/cmp_f7e745784dd20d7a.parquet,intermediate/15b4/comparisons/cmp_f7e745784dd20d7a.json,PROCESSED_NOW,419163.0,,419163.0,,6545.0,,6545.0,,True,True,True,False,False,True,False,True,False,True
cmp_d1be896521c16094,gt_9e59531911456d7e,NPY,Pan-UKB,Pan-UKB::continuous|21001|both_sexes||irnt,Body mass index (BMI),CSA,PRIMARY,False,True,0.01,5e-08,3,50,2792,2792,2792.0,0,2792,0,2792,2792,2576,1580,1580,1580,1066,1390,941,,0,0,,,True,False,,,,,continuous,quant,,,,,True,continuous,quant,,,,,True,False,fewer_than_3_qualified_EUR_GWS_variants,True,,False,intermediate/15b4/comparisons/cmp_d1be896521c16094.parquet,intermediate/15b4/comparisons/cmp_d1be896521c16094.json,PROCESSED_NOW,419163.0,,419163.0,,8646.0,,8646.0,,True,True,True,False,False,True,False,True,False,True
cmp_28e2956ba0ebd603,gt_9e59531911456d7e,NPY,Pan-UKB,Pan-UKB::continuous|21001|both_sexes||irnt,Body mass index (BMI),MID,PRIMARY,False,True,0.01,5e-08,3,50,2792,2792,2792.0,0,2792,0,2792,2792,2576,1424,1424,1424,1087,1406,962,,0,0,,,True,False,,,,,continuous,quant,,,,,True,continuous,quant,,,,,True,False,fewer_than_3_qualified_EUR_GWS_variants,True,,False,intermediate/15b4/comparisons/cmp_28e2956ba0ebd603.parquet,intermediate/15b4/comparisons/cmp_28e2956ba0ebd603.json,PROCESSED_NOW,419163.0,,419163.0,,1572.0,,1572.0,,True,True,True,False,False,True,False,True,False,True
cmp_a97ce6dedcd54341,gt_a0df6f80874b8d26,NPY5R,Pan-UKB,Pan-UKB::continuous|21001|both_sexes||irnt,Body mass index (BMI),AFR,PRIMARY,False,True,0.01,5e-08,3,50,2202,2202,2202.0,0,2202,0,2202,2202,2061,1264,1264,1264,547,1146,481,,0,0,,,True,False,,,,,continuous,quant,,,,,True,continuous,quant,,,,,True,False,fewer_than_3_qualified_EUR_GWS_variants,True,,False,intermediate/15b4/comparisons/cmp_a97ce6dedcd54341.parquet,intermediate/15b4/comparisons/cmp_a97ce6dedcd54341.json,PROCESSED_NOW,419163.0,,419163.0,,6545.0,,6545.0,,True,True,True,False,False,True,False,True,False,True
cmp_3124ceb4d020ea5a,gt_a0df6f80874b8d26,NPY5R,Pan-UKB,Pan-UKB::continuous|21001|both_sexes||irnt,Body mass index (BMI),CSA,PRIMARY,False,True,0.01,5e-08,3,50,2202,2202,2202.0,0,2202,0,2202,2202,2061,1238,1238,1238,710,1117,627,,2,0,,,True,False,,,,,continuous,quant,,,,,True,continuous,quant,,,,,True,False,fewer_than_3_qualified_EUR_GWS_variants,True,,False,intermediate/15b4/comparisons/cmp_3124ceb4d020ea5a.parquet,intermediate/15b4/comparisons/cmp_3124ceb4d020ea5a.json,PROCESSED_NOW,419163.0,,419163.0,,8646.0,,8646.0,,True,True,True,False,False,True,False,True,False,True
cmp_f04fee7e22ce047a,gt_a0df6f80874b8d26,NPY5R,Pan-UKB,Pan-UKB::continuous|21001|both_sexes||irnt,Body mass index (BMI),MID,PRIMARY,False,True,0.01,5e-08,3,50,2202,2202,2202.0,0,2202,0,2202,2202,2061,1048,1048,1048,723,1015,641,,2,0,,,True,False,,,,,continuous,quant,,,,,True,continuous,quant,,,,,True,False,fewer_than_3_qualified_EUR_GWS_variants,True,,False,intermediate/15b4/comparisons/cmp_f04fee7e22ce047a.parquet,intermediate/15b4/comparisons/cmp_f04fee7e22ce047a.json,PROCESSED_NOW,419163.0,,419163.0,,1572.0,,1572.0,,True,True,True,False,False,True,False,True,False,True
cmp_2661dd42af3bfb16,gt_1fa305cc7cba8ae9,NR3C1,Pan-UKB,Pan-UKB::continuous|21001|both_sexes||irnt,Body mass index (BMI),AFR,PRIMARY,False,True,0.01,5e-08,3,50,3068,3068,3068.0,0,3068,0,3068,3068,2876,1490,1490,1483,662,1342,584,,0,0,,,True,False,,,,,continuous,quant,,,,,True,continuous,quant,,,,,True,False,fewer_than_3_qualified_EUR_GWS_variants,True,,False,intermediate/15b4/comparisons/cmp_2661dd42af3bfb16.parquet,intermediate/15b4/comparisons/cmp_2661dd42af3bfb16.json,PROCESSED_NOW,419163.0,,419163.0,,6545.0,,6545.0,,True,True,True,False,False,True,False,True,False,True
cmp_d6cd4d98314b761f,gt_1fa305cc7cba8ae9,NR3C1,Pan-UKB,Pan-UKB::continuous|21001|both_sexes||irnt,Body mass index (BMI),CSA,PRIMARY,False,True,0.01,5e-08,3,50,3068,3068,3068.0,0,3068,0,3068,3068,2876,1562,1562,1557,700,1367,620,,0,0,,,True,False,,,,,continuous,quant,,,,,True,continuous,quant,,,,,True,False,fewer_than_3_qualified_EUR_GWS_variants,True,,False,intermediate/15b4/comparisons/cmp_d6cd4d98314b761f.parquet,intermediate/15b4/comparisons/cmp_d6cd4d98314b761f.json,PROCESSED_NOW,419163.0,,419163.0,,8646.0,,8646.0,,True,True,True,False,False,True,False,True,False,True
cmp_7f4279f01292e27f,gt_1fa305cc7cba8ae9,NR3C1,Pan-UKB,Pan-UKB::continuous|21001|both_sexes||irnt,Body mass index (BMI),MID,PRIMARY,False,True,0.01,5e-08,3,50,3068,3068,3068.0,0,3068,0,3068,3068,2876,1222,1222,1215,736,1168,654,,0,0,,,True,False,,,,,continuous,quant,,,,,True,continuous,quant,,,,,True,False,fewer_than_3_qualified_EUR_GWS_variants,True,,False,intermediate/15b4/comparisons/cmp_7f4279f01292e27f.parquet,intermediate/15b4/comparisons/cmp_7f4279f01292e27f.json,PROCESSED_NOW,419163.0,,419163.0,,1572.0,,1572.0,,True,True,True,False,False,True,False,True,False,True
cmp_fac134fd4c5e31de,gt_9b4c668b144beda2,OPRM1,Pan-UKB,Pan-UKB::continuous|21001|both_sexes||irnt,Body mass index (BMI),AFR,PRIMARY,False,True,0.01,5e-08,3,50,5035,5035,5035.0,0,5035,0,5035,5035,4654,3010,3010,3010,1484,2770,1296,,53,0,,,True,False,,,,,continuous,quant,,,,,True,continuous,quant,,,,,True,True,,True,,False,intermediate/15b4/comparisons/cmp_fac134fd4c5e31de.parquet,intermediate/15b4/comparisons/cmp_fac134fd4c5e31de.json,PROCESSED_NOW,419163.0,,419163.0,,6545.0,,6545.0,,True,True,True,True,True,True,False,True,False,True
cmp_e1ec75f35a1f5325,gt_9b4c668b144beda2,OPRM1,Pan-UKB,Pan-UKB::continuous|21001|both_sexes||irnt,Body mass index (BMI),CSA,PRIMARY,False,True,0.01,5e-08,3,50,5035,5035,5035.0,0,5035,0,5035,5035,4654,2461,2461,2461,1626,2155,1419,,53,0,,,True,False,,,,,continuous,quant,,,,,True,continuous,quant,,,,,True,True,,True,,False,intermediate/15b4/comparisons/cmp_e1ec75f35a1f5325.parquet,intermediate/15b4/comparisons/cmp_e1ec75f35a1f5325.json,PROCESSED_NOW,419163.0,,419163.0,,8646.0,,8646.0,,True,True,True,True,True,True,False,True,False,True
cmp_41bfc0bfca8c4bb6,gt_9b4c668b144beda2,OPRM1,Pan-UKB,Pan-UKB::continuous|21001|both_sexes||irnt,Body mass index (BMI),MID,PRIMARY,False,True,0.01,5e-08,3,50,5035,5035,5035.0,0,5035,0,5035,5035,4654,2500,2500,2500,1706,2431,1496,,53,0,,,True,False,,,,,continuous,quant,,,,,True,continuous,quant,,,,,True,True,,True,,False,intermediate/15b4/comparisons/cmp_41bfc0bfca8c4bb6.parquet,intermediate/15b4/comparisons/cmp_41bfc0bfca8c4bb6.json,PROCESSED_NOW,419163.0,,419163.0,,1572.0,,1572.0,,True,True,True,True,True,True,False,True,False,True
cmp_3886199c657bf693,gt_7f572da2369e3b76,PPARA,Pan-UKB,Pan-UKB::continuous|21001|both_sexes||irnt,Body mass index (BMI),AFR,PRIMARY,False,True,0.01,5e-08,3,50,2277,2277,2277.0,0,2277,0,2277,2277,2136,1592,1592,1591,734,1437,660,,0,0,,,True,False,,,,,continuous,quant,,,,,True,continuous,quant,,,,,True,False,fewer_than_3_qualified_EUR_GWS_variants,True,,False,intermediate/15b4/comparisons/cmp_3886199c657bf693.parquet,intermediate/15b4/comparisons/cmp_3886199c657bf693.json,PROCESSED_NOW,419163.0,,419163.0,,6545.0,,6545.0,,True,True,True,False,False,True,False,True,False,True
cmp_ec4e6dd2b3d71823,gt_7f572da2369e3b76,PPARA,Pan-UKB,Pan-UKB::continuous|21001|both_sexes||irnt,Body mass index (BMI),CSA,PRIMARY,False,True,0.01,5e-08,3,50,2277,2277,2277.0,0,2277,0,2277,2277,2136,1393,1393,1393,828,1177,750,,0,0,,,True,False,,,,,continuous,quant,,,,,True,continuous,quant,,,,,True,False,fewer_than_3_qualified_EUR_GWS_variants,True,,False,intermediate/15b4/comparisons/cmp_ec4e6dd2b3d71823.parquet,intermediate/15b4/comparisons/cmp_ec4e6dd2b3d71823.json,PROCESSED_NOW,419163.0,,419163.0,,8646.0,,8646.0,,True,True,True,False,False,True,False,True,False,True
cmp_8bce042e6f6265cb,gt_7f572da2369e3b76,PPARA,Pan-UKB,Pan-UKB::continuous|21001|both_sexes||irnt,Body mass index (BMI),MID,PRIMARY,False,True,0.01,5e-08,3,50,2277,2277,2277.0,0,2277,0,2277,2277,2136,1334,1334,1334,880,1320,802,,0,0,,,True,False,,,,,continuous,quant,,,,,True,continuous,quant,,,,,True,False,fewer_than_3_qualified_EUR_GWS_variants,True,,False,intermediate/15b4/comparisons/cmp_8bce042e6f6265cb.parquet,intermediate/15b4/comparisons/cmp_8bce042e6f6265cb.json,PROCESSED_NOW,419163.0,,419163.0,,1572.0,,1572.0,,True,True,True,False,False,True,False,True,False,True
cmp_b983f121e89ab0c9,gt_4129badd0cfdf3a3,PPARD,Pan-UKB,Pan-UKB::continuous|21001|both_sexes||irnt,Body mass index (BMI),AFR,PRIMARY,False,True,0.01,5e-08,3,50,3251,3251,3251.0,0,3251,0,3251,3251,3035,1729,1729,1729,669,1541,575,,84,0,,,True,False,,,,,continuous,quant,,,,,True,continuous,quant,,,,,True,True,,True,,False,intermediate/15b4/comparisons/cmp_b983f121e89ab0c9.parquet,intermediate/15b4/comparisons/cmp_b983f121e89ab0c9.json,PROCESSED_NOW,419163.0,,419163.0,,6545.0,,6545.0,,True,True,True,True,True,True,False,True,False,True
cmp_c466933c6cddc2c2,gt_4129badd0cfdf3a3,PPARD,Pan-UKB,Pan-UKB::continuous|21001|both_sexes||irnt,Body mass index (BMI),CSA,PRIMARY,False,True,0.01,5e-08,3,50,3251,3251,3251.0,0,3251,0,3251,3251,3035,1576,1576,1576,595,1291,519,,70,0,,,True,False,,,,,continuous,quant,,,,,True,continuous,quant,,,,,True,True,,True,,False,intermediate/15b4/comparisons/cmp_c466933c6cddc2c2.parquet,intermediate/15b4/comparisons/cmp_c466933c6cddc2c2.json,PROCESSED_NOW,419163.0,,419163.0,,8646.0,,8646.0,,True,True,True,True,True,True,False,True,False,True
cmp_3d5d09a2a4352628,gt_4129badd0cfdf3a3,PPARD,Pan-UKB,Pan-UKB::continuous|21001|both_sexes||irnt,Body mass index (BMI),MID,PRIMARY,False,True,0.01,5e-08,3,50,3251,3251,3251.0,0,3251,0,3251,3251,3035,1329,1329,1329,783,1305,687,,85,0,,,True,False,,,,,continuous,quant,,,,,True,continuous,quant,,,,,True,True,,True,,False,intermediate/15b4/comparisons/cmp_3d5d09a2a4352628.parquet,intermediate/15b4/comparisons/cmp_3d5d09a2a4352628.json,PROCESSED_NOW,419163.0,,419163.0,,1572.0,,1572.0,,True,True,True,True,True,True,False,True,False,True
cmp_0c1699071ec567b1,gt_00419bc476176825,PPARG,Pan-UKB,Pan-UKB::continuous|21001|both_sexes||irnt,Body mass index (BMI),AFR,PRIMARY,False,True,0.01,5e-08,3,50,3838,3838,3838.0,0,3838,0,3838,3838,3561,2131,2131,2131,866,1885,731,,3,0,,,True,False,,,,,continuous,quant,,,,,True,continuous,quant,,,,,True,True,,True,,False,intermediate/15b4/comparisons/cmp_0c1699071ec567b1.parquet,intermediate/15b4/comparisons/cmp_0c1699071ec567b1.json,PROCESSED_NOW,419163.0,,419163.0,,6545.0,,6545.0,,True,True,True,True,True,True,False,True,False,True
cmp_c0ad4f2be6c24974,gt_00419bc476176825,PPARG,Pan-UKB,Pan-UKB::continuous|21001|both_sexes||irnt,Body mass index (BMI),CSA,PRIMARY,False,True,0.01,5e-08,3,50,3838,3838,3838.0,0,3838,0,3838,3838,3561,1841,1841,1841,1030,1505,879,,3,0,,,True,False,,,,,continuous,quant,,,,,True,continuous,quant,,,,,True,True,,True,,False,intermediate/15b4/comparisons/cmp_c0ad4f2be6c24974.parquet,intermediate/15b4/comparisons/cmp_c0ad4f2be6c24974.json,PROCESSED_NOW,419163.0,,419163.0,,8646.0,,8646.0,,True,True,True,True,True,True,False,True,False,True
cmp_9067bcfec8b6f08a,gt_00419bc476176825,PPARG,Pan-UKB,Pan-UKB::continuous|21001|both_sexes||irnt,Body mass index (BMI),MID,PRIMARY,False,True,0.01,5e-08,3,50,3838,3838,3838.0,0,3838,0,3838,3838,3561,1683,1683,1683,1068,1631,914,,3,0,,,True,False,,,,,continuous,quant,,,,,True,continuous,quant,,,,,True,True,,True,,False,intermediate/15b4/comparisons/cmp_9067bcfec8b6f08a.parquet,intermediate/15b4/comparisons/cmp_9067bcfec8b6f08a.json,PROCESSED_NOW,419163.0,,419163.0,,1572.0,,1572.0,,True,True,True,True,True,True,False,True,False,True
cmp_584606d70b84e3c1,gt_5d3db36ffbf5ebc1,SLC6A4,Pan-UKB,Pan-UKB::continuous|21001|both_sexes||irnt,Body mass index (BMI),AFR,PRIMARY,False,True,0.01,5e-08,3,50,2161,2161,2161.0,0,2161,0,2161,2161,1988,1137,1137,1137,355,931,290,,5,0,,,True,False,,,,,continuous,quant,,,,,True,continuous,quant,,,,,True,True,,True,,False,intermediate/15b4/comparisons/cmp_584606d70b84e3c1.parquet,intermediate/15b4/comparisons/cmp_584606d70b84e3c1.json,PROCESSED_NOW,419163.0,,419163.0,,6545.0,,6545.0,,True,True,True,True,True,True,False,True,False,True
cmp_358a19866909a106,gt_5d3db36ffbf5ebc1,SLC6A4,Pan-UKB,Pan-UKB::continuous|21001|both_sexes||irnt,Body mass index (BMI),CSA,PRIMARY,False,True,0.01,5e-08,3,50,2161,2161,2161.0,0,2161,0,2161,2161,1988,928,928,928,416,715,341,,5,0,,,True,False,,,,,continuous,quant,,,,,True,continuous,quant,,,,,True,True,,True,,False,intermediate/15b4/comparisons/cmp_358a19866909a106.parquet,intermediate/15b4/comparisons/cmp_358a19866909a106.json,PROCESSED_NOW,419163.0,,419163.0,,8646.0,,8646.0,,True,True,True,True,True,True,False,True,False,True
cmp_13a764bb2f83bff9,gt_5d3db36ffbf5ebc1,SLC6A4,Pan-UKB,Pan-UKB::continuous|21001|both_sexes||irnt,Body mass index (BMI),MID,PRIMARY,False,True,0.01,5e-08,3,50,2161,2161,2161.0,0,2161,0,2161,2161,1988,894,894,894,437,846,359,,5,0,,,True,False,,,,,continuous,quant,,,,,True,continuous,quant,,,,,True,True,,True,,False,intermediate/15b4/comparisons/cmp_13a764bb2f83bff9.parquet,intermediate/15b4/comparisons/cmp_13a764bb2f83bff9.json,PROCESSED_NOW,419163.0,,419163.0,,1572.0,,1572.0,,True,True,True,True,True,True,False,True,False,True
cmp_e815770eb9507aa4,gt_3bedb9eda24a2e46,SREBF1,Pan-UKB,Pan-UKB::continuous|21001|both_sexes||irnt,Body mass index (BMI),AFR,PRIMARY,False,True,0.01,5e-08,3,50,1956,1956,1956.0,0,1956,0,1956,1956,1817,1024,1024,1024,264,928,230,,0,0,,,True,False,,,,,continuous,quant,,,,,True,continuous,quant,,,,,True,False,fewer_than_3_qualified_EUR_GWS_variants,True,,False,intermediate/15b4/comparisons/cmp_e815770eb9507aa4.parquet,intermediate/15b4/comparisons/cmp_e815770eb9507aa4.json,PROCESSED_NOW,419163.0,,419163.0,,6545.0,,6545.0,,True,True,True,False,False,True,False,True,False,True
cmp_fad25f8377228cc8,gt_3bedb9eda24a2e46,SREBF1,Pan-UKB,Pan-UKB::continuous|21001|both_sexes||irnt,Body mass index (BMI),CSA,PRIMARY,False,True,0.01,5e-08,3,50,1956,1956,1956.0,0,1956,0,1956,1956,1817,814,814,814,310,665,274,,0,0,,,True,False,,,,,continuous,quant,,,,,True,continuous,quant,,,,,True,False,fewer_than_3_qualified_EUR_GWS_variants,True,,False,intermediate/15b4/comparisons/cmp_fad25f8377228cc8.parquet,intermediate/15b4/comparisons/cmp_fad25f8377228cc8.json,PROCESSED_NOW,419163.0,,419163.0,,8646.0,,8646.0,,True,True,True,False,False,True,False,True,False,True
cmp_6bf7ad80dd2a95b6,gt_3bedb9eda24a2e46,SREBF1,Pan-UKB,Pan-UKB::continuous|21001|both_sexes||irnt,Body mass index (BMI),MID,PRIMARY,False,True,0.01,5e-08,3,50,1956,1956,1956.0,0,1956,0,1956,1956,1817,824,824,824,324,788,285,,0,0,,,True,False,,,,,continuous,quant,,,,,True,continuous,quant,,,,,True,False,fewer_than_3_qualified_EUR_GWS_variants,True,,False,intermediate/15b4/comparisons/cmp_6bf7ad80dd2a95b6.parquet,intermediate/15b4/comparisons/cmp_6bf7ad80dd2a95b6.json,PROCESSED_NOW,419163.0,,419163.0,,1572.0,,1572.0,,True,True,True,False,False,True,False,True,False,True
cmp_a0244726a24d8ab5,gt_86b456c209fcf4df,SREBF2,Pan-UKB,Pan-UKB::continuous|21001|both_sexes||irnt,Body mass index (BMI),AFR,PRIMARY,False,True,0.01,5e-08,3,50,2904,2904,2904.0,0,2904,0,2904,2904,2708,1431,1431,1431,636,1288,533,,0,0,,,True,False,,,,,continuous,quant,,,,,True,continuous,quant,,,,,True,False,fewer_than_3_qualified_EUR_GWS_variants,True,,False,intermediate/15b4/comparisons/cmp_a0244726a24d8ab5.parquet,intermediate/15b4/comparisons/cmp_a0244726a24d8ab5.json,PROCESSED_NOW,419163.0,,419163.0,,6545.0,,6545.0,,True,True,True,False,False,True,False,True,False,True
cmp_3f9df0826c121ea6,gt_86b456c209fcf4df,SREBF2,Pan-UKB,Pan-UKB::continuous|21001|both_sexes||irnt,Body mass index (BMI),CSA,PRIMARY,False,True,0.01,5e-08,3,50,2904,2904,2904.0,0,2904,0,2904,2904,2708,1370,1370,1370,752,1127,638,,2,0,,,True,False,,,,,continuous,quant,,,,,True,continuous,quant,,,,,True,False,fewer_than_3_qualified_EUR_GWS_variants,True,,False,intermediate/15b4/comparisons/cmp_3f9df0826c121ea6.parquet,intermediate/15b4/comparisons/cmp_3f9df0826c121ea6.json,PROCESSED_NOW,419163.0,,419163.0,,8646.0,,8646.0,,True,True,True,False,False,True,False,True,False,True
cmp_1b48e21c3f7fa4df,gt_86b456c209fcf4df,SREBF2,Pan-UKB,Pan-UKB::continuous|21001|both_sexes||irnt,Body mass index (BMI),MID,PRIMARY,False,True,0.01,5e-08,3,50,2904,2904,2904.0,0,2904,0,2904,2904,2708,1254,1254,1254,761,1234,648,,2,0,,,True,False,,,,,continuous,quant,,,,,True,continuous,quant,,,,,True,False,fewer_than_3_qualified_EUR_GWS_variants,True,,False,intermediate/15b4/comparisons/cmp_1b48e21c3f7fa4df.parquet,intermediate/15b4/comparisons/cmp_1b48e21c3f7fa4df.json,PROCESSED_NOW,419163.0,,419163.0,,1572.0,,1572.0,,True,True,True,False,False,True,False,True,False,True
cmp_b6d6dee5331ecf08,gt_fa7c0f92ccea41a7,ALDH2,Pan-UKB,Pan-UKB::continuous|eGFR|both_sexes||irnt,"Estimated glomerular filtration rate, serum creatinine",CSA,PRIMARY,False,True,0.01,5e-08,3,50,2104,2104,2104.0,0,2104,0,2104,2104,1947,799,799,799,368,726,304,,5,0,,,True,False,,,,,continuous,quant,,,,,True,continuous,quant,,,,,True,True,,True,,False,intermediate/15b4/comparisons/cmp_b6d6dee5331ecf08.parquet,intermediate/15b4/comparisons/cmp_b6d6dee5331ecf08.json,PROCESSED_NOW,401867.0,,401867.0,,8432.0,,8432.0,,True,True,True,True,True,True,False,True,False,True
cmp_d99728b014a8c751,gt_fa7c0f92ccea41a7,ALDH2,Pan-UKB,Pan-UKB::continuous|eGFR|both_sexes||irnt,"Estimated glomerular filtration rate, serum creatinine",MID,PRIMARY,False,True,0.01,5e-08,3,50,2104,2104,2104.0,0,2104,0,2104,2104,1947,873,873,873,375,851,311,,5,0,,,True,False,,,,,continuous,quant,,,,,True,continuous,quant,,,,,True,True,,True,,False,intermediate/15b4/comparisons/cmp_d99728b014a8c751.parquet,intermediate/15b4/comparisons/cmp_d99728b014a8c751.json,PROCESSED_NOW,401867.0,,401867.0,,1502.0,,1502.0,,True,True,True,True,True,True,False,True,False,True
cmp_5fd988295a9adf4c,gt_2f8ebd8b90936da0,APOL1,Pan-UKB,Pan-UKB::continuous|eGFR|both_sexes||irnt,"Estimated glomerular filtration rate, serum creatinine",CSA,PRIMARY,False,True,0.01,5e-08,3,50,2520,2520,2520.0,0,2520,0,2520,2520,2373,1638,1638,1638,853,1452,773,,10,0,,,True,False,,,,,continuous,quant,,,,,True,continuous,quant,,,,,True,True,,True,,False,intermediate/15b4/comparisons/cmp_5fd988295a9adf4c.parquet,intermediate/15b4/comparisons/cmp_5fd988295a9adf4c.json,PROCESSED_NOW,401867.0,,401867.0,,8432.0,,8432.0,,True,True,True,True,True,True,False,True,False,True
cmp_b5b4c386bad78c21,gt_2f8ebd8b90936da0,APOL1,Pan-UKB,Pan-UKB::continuous|eGFR|both_sexes||irnt,"Estimated glomerular filtration rate, serum creatinine",MID,PRIMARY,False,True,0.01,5e-08,3,50,2520,2520,2520.0,0,2520,0,2520,2520,2373,1497,1497,1497,895,1454,814,,10,0,,,True,False,,,,,continuous,quant,,,,,True,continuous,quant,,,,,True,True,,True,,False,intermediate/15b4/comparisons/cmp_b5b4c386bad78c21.parquet,intermediate/15b4/comparisons/cmp_b5b4c386bad78c21.json,PROCESSED_NOW,401867.0,,401867.0,,1502.0,,1502.0,,True,True,True,True,True,True,False,True,False,True
cmp_8644f50a5deb565a,gt_37da45aa8547319c,AXL,Pan-UKB,Pan-UKB::continuous|eGFR|both_sexes||irnt,"Estimated glomerular filtration rate, serum creatinine",CSA,PRIMARY,False,True,0.01,5e-08,3,50,1977,1977,1977.0,0,1977,0,1977,1977,1813,1205,1205,1205,745,1073,642,,0,0,,,True,False,,,,,continuous,quant,,,,,True,continuous,quant,,,,,True,False,fewer_than_3_qualified_EUR_GWS_variants,True,,False,intermediate/15b4/comparisons/cmp_8644f50a5deb565a.parquet,intermediate/15b4/comparisons/cmp_8644f50a5deb565a.json,PROCESSED_NOW,401867.0,,401867.0,,8432.0,,8432.0,,True,True,True,False,False,True,False,True,False,True
cmp_a8d8d1f235cb23f6,gt_37da45aa8547319c,AXL,Pan-UKB,Pan-UKB::continuous|eGFR|both_sexes||irnt,"Estimated glomerular filtration rate, serum creatinine",MID,PRIMARY,False,True,0.01,5e-08,3,50,1977,1977,1977.0,0,1977,0,1977,1977,1813,1043,1043,1043,756,1010,652,,0,0,,,True,False,,,,,continuous,quant,,,,,True,continuous,quant,,,,,True,False,fewer_than_3_qualified_EUR_GWS_variants,True,,False,intermediate/15b4/comparisons/cmp_a8d8d1f235cb23f6.parquet,intermediate/15b4/comparisons/cmp_a8d8d1f235cb23f6.json,PROCESSED_NOW,401867.0,,401867.0,,1502.0,,1502.0,,True,True,True,False,False,True,False,True,False,True
cmp_92781d6e4a2bbf69,gt_815416408d11e054,GLP1R,Pan-UKB,Pan-UKB::continuous|eGFR|both_sexes||irnt,"Estimated glomerular filtration rate, serum creatinine",CSA,PRIMARY,False,True,0.01,5e-08,3,50,3121,3121,3121.0,0,3121,0,3121,3121,2910,1474,1474,1474,899,1298,798,,16,0,,,True,False,,,,,continuous,quant,,,,,True,continuous,quant,,,,,True,True,,True,,False,intermediate/15b4/comparisons/cmp_92781d6e4a2bbf69.parquet,intermediate/15b4/comparisons/cmp_92781d6e4a2bbf69.json,PROCESSED_NOW,401867.0,,401867.0,,8432.0,,8432.0,,True,True,True,True,True,True,False,True,False,True
cmp_e4f3e7a3ffef3dee,gt_815416408d11e054,GLP1R,Pan-UKB,Pan-UKB::continuous|eGFR|both_sexes||irnt,"Estimated glomerular filtration rate, serum creatinine",MID,PRIMARY,False,True,0.01,5e-08,3,50,3121,3121,3121.0,0,3121,0,3121,3121,2910,1357,1357,1345,928,1287,827,,16,0,,,True,False,,,,,continuous,quant,,,,,True,continuous,quant,,,,,True,True,,True,,False,intermediate/15b4/comparisons/cmp_e4f3e7a3ffef3dee.parquet,intermediate/15b4/comparisons/cmp_e4f3e7a3ffef3dee.json,PROCESSED_NOW,401867.0,,401867.0,,1502.0,,1502.0,,True,True,True,True,True,True,False,True,False,True
cmp_ad635d062a0cb6f4,gt_72ede56b8ff4d0df,KCNJ1,Pan-UKB,Pan-UKB::continuous|eGFR|both_sexes||irnt,"Estimated glomerular filtration rate, serum creatinine",CSA,PRIMARY,False,True,0.01,5e-08,3,50,2419,2419,2419.0,0,2419,0,2419,2419,2278,1412,1412,1412,861,1232,784,,72,0,,,True,False,,,,,continuous,quant,,,,,True,continuous,quant,,,,,True,True,,True,,False,intermediate/15b4/comparisons/cmp_ad635d062a0cb6f4.parquet,intermediate/15b4/comparisons/cmp_ad635d062a0cb6f4.json,PROCESSED_NOW,401867.0,,401867.0,,8432.0,,8432.0,,True,True,True,True,True,True,False,True,False,True
cmp_a496afa2fb1d58f1,gt_72ede56b8ff4d0df,KCNJ1,Pan-UKB,Pan-UKB::continuous|eGFR|both_sexes||irnt,"Estimated glomerular filtration rate, serum creatinine",MID,PRIMARY,False,True,0.01,5e-08,3,50,2419,2419,2419.0,0,2419,0,2419,2419,2278,1246,1246,1246,880,1204,803,,72,0,,,True,False,,,,,continuous,quant,,,,,True,continuous,quant,,,,,True,True,,True,,False,intermediate/15b4/comparisons/cmp_a496afa2fb1d58f1.parquet,intermediate/15b4/comparisons/cmp_a496afa2fb1d58f1.json,PROCESSED_NOW,401867.0,,401867.0,,1502.0,,1502.0,,True,True,True,True,True,True,False,True,False,True
cmp_952f827b629defdc,gt_68fc6cde9a15be10,NFE2L2,Pan-UKB,Pan-UKB::continuous|eGFR|both_sexes||irnt,"Estimated glomerular filtration rate, serum creatinine",CSA,PRIMARY,False,True,0.01,5e-08,3,50,3610,3610,3610.0,0,3610,0,3610,3610,3319,1737,1737,1735,743,1430,638,,55,0,,,True,False,,,,,continuous,quant,,,,,True,continuous,quant,,,,,True,True,,True,,False,intermediate/15b4/comparisons/cmp_952f827b629defdc.parquet,intermediate/15b4/comparisons/cmp_952f827b629defdc.json,PROCESSED_NOW,401867.0,,401867.0,,8432.0,,8432.0,,True,True,True,True,True,True,False,True,False,True
cmp_bf3da3d8b265cacf,gt_68fc6cde9a15be10,NFE2L2,Pan-UKB,Pan-UKB::continuous|eGFR|both_sexes||irnt,"Estimated glomerular filtration rate, serum creatinine",MID,PRIMARY,False,True,0.01,5e-08,3,50,3610,3610,3610.0,0,3610,0,3610,3610,3319,1497,1497,1495,765,1459,660,,55,0,,,True,False,,,,,continuous,quant,,,,,True,continuous,quant,,,,,True,True,,True,,False,intermediate/15b4/comparisons/cmp_bf3da3d8b265cacf.parquet,intermediate/15b4/comparisons/cmp_bf3da3d8b265cacf.json,PROCESSED_NOW,401867.0,,401867.0,,1502.0,,1502.0,,True,True,True,True,True,True,False,True,False,True
cmp_ab310cba496101c9,gt_5e2273bff10e0a9d,NFKB1,Pan-UKB,Pan-UKB::continuous|eGFR|both_sexes||irnt,"Estimated glomerular filtration rate, serum creatinine",CSA,PRIMARY,False,True,0.01,5e-08,3,50,2980,2980,2980.0,0,2980,0,2980,2980,2777,1607,1607,1605,736,1373,652,,172,0,,,True,False,,,,,continuous,quant,,,,,True,continuous,quant,,,,,True,True,,True,,False,intermediate/15b4/comparisons/cmp_ab310cba496101c9.parquet,intermediate/15b4/comparisons/cmp_ab310cba496101c9.json,PROCESSED_NOW,401867.0,,401867.0,,8432.0,,8432.0,,True,True,True,True,True,True,False,True,False,True
cmp_4a7143548dc144b2,gt_5e2273bff10e0a9d,NFKB1,Pan-UKB,Pan-UKB::continuous|eGFR|both_sexes||irnt,"Estimated glomerular filtration rate, serum creatinine",MID,PRIMARY,False,True,0.01,5e-08,3,50,2980,2980,2980.0,0,2980,0,2980,2980,2777,1454,1454,1452,808,1387,715,,173,0,,,True,False,,,,,continuous,quant,,,,,True,continuous,quant,,,,,True,True,,True,,False,intermediate/15b4/comparisons/cmp_4a7143548dc144b2.parquet,intermediate/15b4/comparisons/cmp_4a7143548dc144b2.json,PROCESSED_NOW,401867.0,,401867.0,,1502.0,,1502.0,,True,True,True,True,True,True,False,True,False,True
cmp_4815e2c237d6b2d2,gt_f8e7f75de5131a7d,NOX4,Pan-UKB,Pan-UKB::continuous|eGFR|both_sexes||irnt,"Estimated glomerular filtration rate, serum creatinine",CSA,PRIMARY,False,True,0.01,5e-08,3,50,4984,4984,4984.0,0,4984,0,4984,4984,4638,2637,2637,2637,1372,2251,1216,,0,0,,,True,False,,,,,continuous,quant,,,,,True,continuous,quant,,,,,True,False,fewer_than_3_qualified_EUR_GWS_variants,True,,False,intermediate/15b4/comparisons/cmp_4815e2c237d6b2d2.parquet,intermediate/15b4/comparisons/cmp_4815e2c237d6b2d2.json,PROCESSED_NOW,401867.0,,401867.0,,8432.0,,8432.0,,True,True,True,False,False,True,False,True,False,True
cmp_7c7de8d81ea6d599,gt_f8e7f75de5131a7d,NOX4,Pan-UKB,Pan-UKB::continuous|eGFR|both_sexes||irnt,"Estimated glomerular filtration rate, serum creatinine",MID,PRIMARY,False,True,0.01,5e-08,3,50,4984,4984,4984.0,0,4984,0,4984,4984,4638,2278,2278,2278,1431,2175,1272,,0,0,,,True,False,,,,,continuous,quant,,,,,True,continuous,quant,,,,,True,False,fewer_than_3_qualified_EUR_GWS_variants,True,,False,intermediate/15b4/comparisons/cmp_7c7de8d81ea6d599.parquet,intermediate/15b4/comparisons/cmp_7c7de8d81ea6d599.json,PROCESSED_NOW,401867.0,,401867.0,,1502.0,,1502.0,,True,True,True,False,False,True,False,True,False,True
cmp_b7d656406a597ffb,gt_a74f9281d228a219,TGFB1,Pan-UKB,Pan-UKB::continuous|eGFR|both_sexes||irnt,"Estimated glomerular filtration rate, serum creatinine",CSA,PRIMARY,False,True,0.01,5e-08,3,50,2217,2217,2217.0,0,2217,0,2217,2217,2020,1170,1170,1170,612,989,509,,0,0,,,True,False,,,,,continuous,quant,,,,,True,continuous,quant,,,,,True,False,fewer_than_3_qualified_EUR_GWS_variants,True,,False,intermediate/15b4/comparisons/cmp_b7d656406a597ffb.parquet,intermediate/15b4/comparisons/cmp_b7d656406a597ffb.json,PROCESSED_NOW,401867.0,,401867.0,,8432.0,,8432.0,,True,True,True,False,False,True,False,True,False,True
cmp_e01ad3a44536e51d,gt_a74f9281d228a219,TGFB1,Pan-UKB,Pan-UKB::continuous|eGFR|both_sexes||irnt,"Estimated glomerular filtration rate, serum creatinine",MID,PRIMARY,False,True,0.01,5e-08,3,50,2217,2217,2217.0,0,2217,0,2217,2217,2020,1070,1070,1070,625,976,520,,0,0,,,True,False,,,,,continuous,quant,,,,,True,continuous,quant,,,,,True,False,fewer_than_3_qualified_EUR_GWS_variants,True,,False,intermediate/15b4/comparisons/cmp_e01ad3a44536e51d.parquet,intermediate/15b4/comparisons/cmp_e01ad3a44536e51d.json,PROCESSED_NOW,401867.0,,401867.0,,1502.0,,1502.0,,True,True,True,False,False,True,False,True,False,True
cmp_85faf3a0b6ca771b,gt_9539f4bd41078be3,TNFSF13,Pan-UKB,Pan-UKB::continuous|eGFR|both_sexes||irnt,"Estimated glomerular filtration rate, serum creatinine",CSA,PRIMARY,False,True,0.01,5e-08,3,50,2241,2241,2241.0,0,2241,0,2241,2241,2052,1153,1153,1152,709,980,596,,0,0,,,True,False,,,,,continuous,quant,,,,,True,continuous,quant,,,,,True,False,fewer_than_3_qualified_EUR_GWS_variants,True,,False,intermediate/15b4/comparisons/cmp_85faf3a0b6ca771b.parquet,intermediate/15b4/comparisons/cmp_85faf3a0b6ca771b.json,PROCESSED_NOW,401867.0,,401867.0,,8432.0,,8432.0,,True,True,True,False,False,True,False,True,False,True
cmp_4758a5251b43a59e,gt_9539f4bd41078be3,TNFSF13,Pan-UKB,Pan-UKB::continuous|eGFR|both_sexes||irnt,"Estimated glomerular filtration rate, serum creatinine",MID,PRIMARY,False,True,0.01,5e-08,3,50,2241,2241,2241.0,0,2241,0,2241,2241,2052,1048,1048,1047,742,1010,626,,0,0,,,True,False,,,,,continuous,quant,,,,,True,continuous,quant,,,,,True,False,fewer_than_3_qualified_EUR_GWS_variants,True,,False,intermediate/15b4/comparisons/cmp_4758a5251b43a59e.parquet,intermediate/15b4/comparisons/cmp_4758a5251b43a59e.json,PROCESSED_NOW,401867.0,,401867.0,,1502.0,,1502.0,,True,True,True,False,False,True,False,True,False,True
cmp_0b17ee7489ac54ca,gt_f8d54415d6cc1cc4,ABCC8,Pan-UKB,Pan-UKB::biomarkers|30750|both_sexes||irnt,Glycated haemoglobin (HbA1c),CSA,PRIMARY,False,True,0.01,5e-08,3,50,2741,2741,2741.0,0,2741,0,2741,2741,2573,1548,1548,1548,935,1333,839,,55,0,,,True,False,,,,,biomarkers,quant,,,,,True,biomarkers,quant,,,,,True,True,,True,,False,intermediate/15b4/comparisons/cmp_0b17ee7489ac54ca.parquet,intermediate/15b4/comparisons/cmp_0b17ee7489ac54ca.json,PROCESSED_NOW,400825.0,,400825.0,,8329.0,,8329.0,,True,True,True,True,True,True,False,True,False,True
cmp_223b568c06092c55,gt_f8d54415d6cc1cc4,ABCC8,Pan-UKB,Pan-UKB::biomarkers|30750|both_sexes||irnt,Glycated haemoglobin (HbA1c),MID,PRIMARY,False,True,0.01,5e-08,3,50,2741,2741,2741.0,0,2741,0,2741,2741,2573,1438,1438,1438,945,1370,848,,55,0,,,True,False,,,,,biomarkers,quant,,,,,True,biomarkers,quant,,,,,True,True,,True,,False,intermediate/15b4/comparisons/cmp_223b568c06092c55.parquet,intermediate/15b4/comparisons/cmp_223b568c06092c55.json,PROCESSED_NOW,400825.0,,400825.0,,1502.0,,1502.0,,True,True,True,True,True,True,False,True,False,True
cmp_37c0ac2fbeb228a3,gt_269d8238b469e256,CALCR,Pan-UKB,Pan-UKB::biomarkers|30750|both_sexes||irnt,Glycated haemoglobin (HbA1c),CSA,PRIMARY,False,True,0.01,5e-08,3,50,3189,3189,3189.0,0,3189,0,3189,3189,2981,1670,1670,1670,945,1388,840,,0,0,,,True,False,,,,,biomarkers,quant,,,,,True,biomarkers,quant,,,,,True,False,fewer_than_3_qualified_EUR_GWS_variants,True,,False,intermediate/15b4/comparisons/cmp_37c0ac2fbeb228a3.parquet,intermediate/15b4/comparisons/cmp_37c0ac2fbeb228a3.json,PROCESSED_NOW,400825.0,,400825.0,,8329.0,,8329.0,,True,True,True,False,False,True,False,True,False,True
cmp_57c63ef2b5ef7070,gt_269d8238b469e256,CALCR,Pan-UKB,Pan-UKB::biomarkers|30750|both_sexes||irnt,Glycated haemoglobin (HbA1c),MID,PRIMARY,False,True,0.01,5e-08,3,50,3189,3189,3189.0,0,3189,0,3189,3189,2981,1505,1505,1505,997,1449,887,,0,0,,,True,False,,,,,biomarkers,quant,,,,,True,biomarkers,quant,,,,,True,False,fewer_than_3_qualified_EUR_GWS_variants,True,,False,intermediate/15b4/comparisons/cmp_57c63ef2b5ef7070.parquet,intermediate/15b4/comparisons/cmp_57c63ef2b5ef7070.json,PROCESSED_NOW,400825.0,,400825.0,,1502.0,,1502.0,,True,True,True,False,False,True,False,True,False,True
cmp_6a904cea8c198f4a,gt_8af78a546ba0cf73,DGAT1,Pan-UKB,Pan-UKB::biomarkers|30750|both_sexes||irnt,Glycated haemoglobin (HbA1c),CSA,PRIMARY,False,True,0.01,5e-08,3,50,1166,1166,1166.0,0,1166,0,1166,1166,1086,545,545,545,295,451,266,,90,0,,,True,False,,,,,biomarkers,quant,,,,,True,biomarkers,quant,,,,,True,True,,True,,False,intermediate/15b4/comparisons/cmp_6a904cea8c198f4a.parquet,intermediate/15b4/comparisons/cmp_6a904cea8c198f4a.json,PROCESSED_NOW,400825.0,,400825.0,,8329.0,,8329.0,,True,True,True,True,True,True,False,True,False,True
cmp_306964470290b51d,gt_8af78a546ba0cf73,DGAT1,Pan-UKB,Pan-UKB::biomarkers|30750|both_sexes||irnt,Glycated haemoglobin (HbA1c),MID,PRIMARY,False,True,0.01,5e-08,3,50,1166,1166,1166.0,0,1166,0,1166,1166,1086,479,479,479,302,456,272,,88,0,,,True,False,,,,,biomarkers,quant,,,,,True,biomarkers,quant,,,,,True,True,,True,,False,intermediate/15b4/comparisons/cmp_306964470290b51d.parquet,intermediate/15b4/comparisons/cmp_306964470290b51d.json,PROCESSED_NOW,400825.0,,400825.0,,1502.0,,1502.0,,True,True,True,True,True,True,False,True,False,True
cmp_bab5bd13549c5f36,gt_58d110934e76bc52,FBP1,Pan-UKB,Pan-UKB::biomarkers|30750|both_sexes||irnt,Glycated haemoglobin (HbA1c),CSA,PRIMARY,False,True,0.01,5e-08,3,50,2974,2974,2974.0,0,2974,0,2974,2974,2730,1682,1682,1682,1027,1391,888,,6,0,,,True,False,,,,,biomarkers,quant,,,,,True,biomarkers,quant,,,,,True,True,,True,,False,intermediate/15b4/comparisons/cmp_bab5bd13549c5f36.parquet,intermediate/15b4/comparisons/cmp_bab5bd13549c5f36.json,PROCESSED_NOW,400825.0,,400825.0,,8329.0,,8329.0,,True,True,True,True,True,True,False,True,False,True
cmp_8f2a85acfe648bc5,gt_58d110934e76bc52,FBP1,Pan-UKB,Pan-UKB::biomarkers|30750|both_sexes||irnt,Glycated haemoglobin (HbA1c),MID,PRIMARY,False,True,0.01,5e-08,3,50,2974,2974,2974.0,0,2974,0,2974,2974,2730,1551,1551,1551,1041,1516,902,,6,0,,,True,False,,,,,biomarkers,quant,,,,,True,biomarkers,quant,,,,,True,True,,True,,False,intermediate/15b4/comparisons/cmp_8f2a85acfe648bc5.parquet,intermediate/15b4/comparisons/cmp_8f2a85acfe648bc5.json,PROCESSED_NOW,400825.0,,400825.0,,1502.0,,1502.0,,True,True,True,True,True,True,False,True,False,True
cmp_8adf4710e2782856,gt_ba7da04bd46d78cc,FGFR1,Pan-UKB,Pan-UKB::biomarkers|30750|both_sexes||irnt,Glycated haemoglobin (HbA1c),CSA,PRIMARY,False,True,0.01,5e-08,3,50,2214,2214,2214.0,0,2214,0,2214,2214,2039,1053,1053,1045,543,904,440,,0,0,,,True,False,,,,,biomarkers,quant,,,,,True,biomarkers,quant,,,,,True,False,fewer_than_3_qualified_EUR_GWS_variants,True,,False,intermediate/15b4/comparisons/cmp_8adf4710e2782856.parquet,intermediate/15b4/comparisons/cmp_8adf4710e2782856.json,PROCESSED_NOW,400825.0,,400825.0,,8329.0,,8329.0,,True,True,True,False,False,True,False,True,False,True
cmp_142d585f2ea87871,gt_ba7da04bd46d78cc,FGFR1,Pan-UKB,Pan-UKB::biomarkers|30750|both_sexes||irnt,Glycated haemoglobin (HbA1c),MID,PRIMARY,False,True,0.01,5e-08,3,50,2214,2214,2214.0,0,2214,0,2214,2214,2039,885,885,871,570,819,466,,0,0,,,True,False,,,,,biomarkers,quant,,,,,True,biomarkers,quant,,,,,True,False,fewer_than_3_qualified_EUR_GWS_variants,True,,False,intermediate/15b4/comparisons/cmp_142d585f2ea87871.parquet,intermediate/15b4/comparisons/cmp_142d585f2ea87871.json,PROCESSED_NOW,400825.0,,400825.0,,1502.0,,1502.0,,True,True,True,False,False,True,False,True,False,True
cmp_bf830db4e9234461,gt_7fda23242315d7cb,FGFR4,Pan-UKB,Pan-UKB::biomarkers|30750|both_sexes||irnt,Glycated haemoglobin (HbA1c),CSA,PRIMARY,False,True,0.01,5e-08,3,50,2050,2050,2050.0,0,2050,0,2050,2050,1860,1101,1101,1101,788,1032,662,,0,0,,,True,False,,,,,biomarkers,quant,,,,,True,biomarkers,quant,,,,,True,False,fewer_than_3_qualified_EUR_GWS_variants,True,,False,intermediate/15b4/comparisons/cmp_bf830db4e9234461.parquet,intermediate/15b4/comparisons/cmp_bf830db4e9234461.json,PROCESSED_NOW,400825.0,,400825.0,,8329.0,,8329.0,,True,True,True,False,False,True,False,True,False,True
cmp_cff4771d4355b9b7,gt_7fda23242315d7cb,FGFR4,Pan-UKB,Pan-UKB::biomarkers|30750|both_sexes||irnt,Glycated haemoglobin (HbA1c),MID,PRIMARY,False,True,0.01,5e-08,3,50,2050,2050,2050.0,0,2050,0,2050,2050,1860,1011,1011,1011,778,985,653,,0,0,,,True,False,,,,,biomarkers,quant,,,,,True,biomarkers,quant,,,,,True,False,fewer_than_3_qualified_EUR_GWS_variants,True,,False,intermediate/15b4/comparisons/cmp_cff4771d4355b9b7.parquet,intermediate/15b4/comparisons/cmp_cff4771d4355b9b7.json,PROCESSED_NOW,400825.0,,400825.0,,1502.0,,1502.0,,True,True,True,False,False,True,False,True,False,True
cmp_83160b2c36c5fa39,gt_0f50d04f150328dc,GDF15,Pan-UKB,Pan-UKB::biomarkers|30750|both_sexes||irnt,Glycated haemoglobin (HbA1c),CSA,PRIMARY,False,True,0.01,5e-08,3,50,1816,1816,1816.0,0,1816,0,1816,1816,1655,1040,1040,1040,639,872,534,,33,0,,,True,False,,,,,biomarkers,quant,,,,,True,biomarkers,quant,,,,,True,True,,True,,False,intermediate/15b4/comparisons/cmp_83160b2c36c5fa39.parquet,intermediate/15b4/comparisons/cmp_83160b2c36c5fa39.json,PROCESSED_NOW,400825.0,,400825.0,,8329.0,,8329.0,,True,True,True,True,True,True,False,True,False,True
cmp_e15f0ef829b34627,gt_0f50d04f150328dc,GDF15,Pan-UKB,Pan-UKB::biomarkers|30750|both_sexes||irnt,Glycated haemoglobin (HbA1c),MID,PRIMARY,False,True,0.01,5e-08,3,50,1816,1816,1816.0,0,1816,0,1816,1816,1655,941,941,941,663,921,555,,33,0,,,True,False,,,,,biomarkers,quant,,,,,True,biomarkers,quant,,,,,True,True,,True,,False,intermediate/15b4/comparisons/cmp_e15f0ef829b34627.parquet,intermediate/15b4/comparisons/cmp_e15f0ef829b34627.json,PROCESSED_NOW,400825.0,,400825.0,,1502.0,,1502.0,,True,True,True,True,True,True,False,True,False,True
cmp_b64efda1167deddf,gt_08f7168b97dea82d,GIPR,Pan-UKB,Pan-UKB::biomarkers|30750|both_sexes||irnt,Glycated haemoglobin (HbA1c),CSA,PRIMARY,False,True,0.01,5e-08,3,50,2363,2363,2363.0,0,2363,0,2363,2363,2226,1074,1074,1074,630,925,534,,193,0,,,True,False,,,,,biomarkers,quant,,,,,True,biomarkers,quant,,,,,True,True,,True,,False,intermediate/15b4/comparisons/cmp_b64efda1167deddf.parquet,intermediate/15b4/comparisons/cmp_b64efda1167deddf.json,PROCESSED_NOW,400825.0,,400825.0,,8329.0,,8329.0,,True,True,True,True,True,True,False,True,False,True
cmp_ee4314019136489d,gt_08f7168b97dea82d,GIPR,Pan-UKB,Pan-UKB::biomarkers|30750|both_sexes||irnt,Glycated haemoglobin (HbA1c),MID,PRIMARY,False,True,0.01,5e-08,3,50,2363,2363,2363.0,0,2363,0,2363,2363,2226,925,925,925,649,887,552,,194,0,,,True,False,,,,,biomarkers,quant,,,,,True,biomarkers,quant,,,,,True,True,,True,,False,intermediate/15b4/comparisons/cmp_ee4314019136489d.parquet,intermediate/15b4/comparisons/cmp_ee4314019136489d.json,PROCESSED_NOW,400825.0,,400825.0,,1502.0,,1502.0,,True,True,True,True,True,True,False,True,False,True
cmp_37db73ea4c934f3c,gt_9c96bb01f3b324b3,GLP2R,Pan-UKB,Pan-UKB::biomarkers|30750|both_sexes||irnt,Glycated haemoglobin (HbA1c),CSA,PRIMARY,False,True,0.01,5e-08,3,50,2301,2301,2301.0,0,2301,0,2301,2301,2126,1814,1814,1814,1230,1662,1096,,126,0,,,True,False,,,,,biomarkers,quant,,,,,True,biomarkers,quant,,,,,True,True,,True,,False,intermediate/15b4/comparisons/cmp_37db73ea4c934f3c.parquet,intermediate/15b4/comparisons/cmp_37db73ea4c934f3c.json,PROCESSED_NOW,400825.0,,400825.0,,8329.0,,8329.0,,True,True,True,True,True,True,False,True,False,True
cmp_72d107e6632670b8,gt_9c96bb01f3b324b3,GLP2R,Pan-UKB,Pan-UKB::biomarkers|30750|both_sexes||irnt,Glycated haemoglobin (HbA1c),MID,PRIMARY,False,True,0.01,5e-08,3,50,2301,2301,2301.0,0,2301,0,2301,2301,2126,1690,1690,1690,1233,1678,1099,,126,0,,,True,False,,,,,biomarkers,quant,,,,,True,biomarkers,quant,,,,,True,True,,True,,False,intermediate/15b4/comparisons/cmp_72d107e6632670b8.parquet,intermediate/15b4/comparisons/cmp_72d107e6632670b8.json,PROCESSED_NOW,400825.0,,400825.0,,1502.0,,1502.0,,True,True,True,True,True,True,False,True,False,True
cmp_3552ef9b3fb99214,gt_1985dd04cf146f6a,INSR,Pan-UKB,Pan-UKB::biomarkers|30750|both_sexes||irnt,Glycated haemoglobin (HbA1c),CSA,PRIMARY,False,True,0.01,5e-08,3,50,2538,2538,2538.0,0,2538,0,2538,2538,2287,1847,1847,1846,1194,1667,1012,,0,0,,,True,False,,,,,biomarkers,quant,,,,,True,biomarkers,quant,,,,,True,False,fewer_than_3_qualified_EUR_GWS_variants,True,,False,intermediate/15b4/comparisons/cmp_3552ef9b3fb99214.parquet,intermediate/15b4/comparisons/cmp_3552ef9b3fb99214.json,PROCESSED_NOW,400825.0,,400825.0,,8329.0,,8329.0,,True,True,True,False,False,True,False,True,False,True
cmp_15a7a765705b782f,gt_1985dd04cf146f6a,INSR,Pan-UKB,Pan-UKB::biomarkers|30750|both_sexes||irnt,Glycated haemoglobin (HbA1c),MID,PRIMARY,False,True,0.01,5e-08,3,50,2538,2538,2538.0,0,2538,0,2538,2538,2287,1673,1673,1672,1224,1642,1040,,0,0,,,True,False,,,,,biomarkers,quant,,,,,True,biomarkers,quant,,,,,True,False,fewer_than_3_qualified_EUR_GWS_variants,True,,False,intermediate/15b4/comparisons/cmp_15a7a765705b782f.parquet,intermediate/15b4/comparisons/cmp_15a7a765705b782f.json,PROCESSED_NOW,400825.0,,400825.0,,1502.0,,1502.0,,True,True,True,False,False,True,False,True,False,True
cmp_68f8d41b84d58c8a,gt_9a354430dddcf5b3,KCNJ11,Pan-UKB,Pan-UKB::biomarkers|30750|both_sexes||irnt,Glycated haemoglobin (HbA1c),CSA,PRIMARY,False,True,0.01,5e-08,3,50,2078,2078,2078.0,0,2078,0,2078,2078,1943,1134,1134,1134,678,994,605,,55,0,,,True,False,,,,,biomarkers,quant,,,,,True,biomarkers,quant,,,,,True,True,,True,,False,intermediate/15b4/comparisons/cmp_68f8d41b84d58c8a.parquet,intermediate/15b4/comparisons/cmp_68f8d41b84d58c8a.json,PROCESSED_NOW,400825.0,,400825.0,,8329.0,,8329.0,,True,True,True,True,True,True,False,True,False,True
cmp_e380c446557d34be,gt_9a354430dddcf5b3,KCNJ11,Pan-UKB,Pan-UKB::biomarkers|30750|both_sexes||irnt,Glycated haemoglobin (HbA1c),MID,PRIMARY,False,True,0.01,5e-08,3,50,2078,2078,2078.0,0,2078,0,2078,2078,1943,1021,1021,1021,683,967,610,,55,0,,,True,False,,,,,biomarkers,quant,,,,,True,biomarkers,quant,,,,,True,True,,True,,False,intermediate/15b4/comparisons/cmp_e380c446557d34be.parquet,intermediate/15b4/comparisons/cmp_e380c446557d34be.json,PROCESSED_NOW,400825.0,,400825.0,,1502.0,,1502.0,,True,True,True,True,True,True,False,True,False,True
cmp_5cfdc7606e7a16f9,gt_a9cf0a1ee71d1417,MC4R,Pan-UKB,Pan-UKB::biomarkers|30750|both_sexes||irnt,Glycated haemoglobin (HbA1c),CSA,PRIMARY,False,True,0.01,5e-08,3,50,2221,2221,2221.0,0,2221,0,2221,2221,2081,1148,1148,1148,625,1009,565,,0,0,,,True,False,,,,,biomarkers,quant,,,,,True,biomarkers,quant,,,,,True,False,fewer_than_3_qualified_EUR_GWS_variants,True,,False,intermediate/15b4/comparisons/cmp_5cfdc7606e7a16f9.parquet,intermediate/15b4/comparisons/cmp_5cfdc7606e7a16f9.json,PROCESSED_NOW,400825.0,,400825.0,,8329.0,,8329.0,,True,True,True,False,False,True,False,True,False,True
cmp_d1217cd6a4818f90,gt_a9cf0a1ee71d1417,MC4R,Pan-UKB,Pan-UKB::biomarkers|30750|both_sexes||irnt,Glycated haemoglobin (HbA1c),MID,PRIMARY,False,True,0.01,5e-08,3,50,2221,2221,2221.0,0,2221,0,2221,2221,2081,1033,1033,1033,684,954,615,,0,0,,,True,False,,,,,biomarkers,quant,,,,,True,biomarkers,quant,,,,,True,False,fewer_than_3_qualified_EUR_GWS_variants,True,,False,intermediate/15b4/comparisons/cmp_d1217cd6a4818f90.parquet,intermediate/15b4/comparisons/cmp_d1217cd6a4818f90.json,PROCESSED_NOW,400825.0,,400825.0,,1502.0,,1502.0,,True,True,True,False,False,True,False,True,False,True
cmp_aaaa193eeac0390a,gt_049926198a583d6a,METAP2,Pan-UKB,Pan-UKB::biomarkers|30750|both_sexes||irnt,Glycated haemoglobin (HbA1c),CSA,PRIMARY,False,True,0.01,5e-08,3,50,3076,3076,3076.0,0,3076,0,3076,3076,2781,1773,1773,1773,1249,1520,1072,,35,0,,,True,False,,,,,biomarkers,quant,,,,,True,biomarkers,quant,,,,,True,True,,True,,False,intermediate/15b4/comparisons/cmp_aaaa193eeac0390a.parquet,intermediate/15b4/comparisons/cmp_aaaa193eeac0390a.json,PROCESSED_NOW,400825.0,,400825.0,,8329.0,,8329.0,,True,True,True,True,True,True,False,True,False,True
cmp_61439641aadb462c,gt_049926198a583d6a,METAP2,Pan-UKB,Pan-UKB::biomarkers|30750|both_sexes||irnt,Glycated haemoglobin (HbA1c),MID,PRIMARY,False,True,0.01,5e-08,3,50,3076,3076,3076.0,0,3076,0,3076,3076,2781,1630,1630,1630,1253,1565,1076,,35,0,,,True,False,,,,,biomarkers,quant,,,,,True,biomarkers,quant,,,,,True,True,,True,,False,intermediate/15b4/comparisons/cmp_61439641aadb462c.parquet,intermediate/15b4/comparisons/cmp_61439641aadb462c.json,PROCESSED_NOW,400825.0,,400825.0,,1502.0,,1502.0,,True,True,True,True,True,True,False,True,False,True
cmp_4ab05482f9c4b139,gt_5b728915d445b416,PPARG,Pan-UKB,Pan-UKB::biomarkers|30750|both_sexes||irnt,Glycated haemoglobin (HbA1c),CSA,PRIMARY,False,True,0.01,5e-08,3,50,3838,3838,3838.0,0,3838,0,3838,3838,3561,1841,1841,1841,1033,1494,881,,321,0,,,True,False,,,,,biomarkers,quant,,,,,True,biomarkers,quant,,,,,True,True,,True,,False,intermediate/15b4/comparisons/cmp_4ab05482f9c4b139.parquet,intermediate/15b4/comparisons/cmp_4ab05482f9c4b139.json,PROCESSED_NOW,400825.0,,400825.0,,8329.0,,8329.0,,True,True,True,True,True,True,False,True,False,True
cmp_d98864543ce360b3,gt_5b728915d445b416,PPARG,Pan-UKB,Pan-UKB::biomarkers|30750|both_sexes||irnt,Glycated haemoglobin (HbA1c),MID,PRIMARY,False,True,0.01,5e-08,3,50,3838,3838,3838.0,0,3838,0,3838,3838,3561,1683,1683,1683,1066,1608,912,,325,0,,,True,False,,,,,biomarkers,quant,,,,,True,biomarkers,quant,,,,,True,True,,True,,False,intermediate/15b4/comparisons/cmp_d98864543ce360b3.parquet,intermediate/15b4/comparisons/cmp_d98864543ce360b3.json,PROCESSED_NOW,400825.0,,400825.0,,1502.0,,1502.0,,True,True,True,True,True,True,False,True,False,True
cmp_9624dc3325f3a7e0,gt_3d30f4f9e51c0032,SELE,Pan-UKB,Pan-UKB::biomarkers|30750|both_sexes||irnt,Glycated haemoglobin (HbA1c),CSA,PRIMARY,False,True,0.01,5e-08,3,50,2844,2844,2844.0,0,2844,0,2844,2844,2651,1586,1586,1586,1119,1475,999,,0,0,,,True,False,,,,,biomarkers,quant,,,,,True,biomarkers,quant,,,,,True,False,fewer_than_3_qualified_EUR_GWS_variants,True,,False,intermediate/15b4/comparisons/cmp_9624dc3325f3a7e0.parquet,intermediate/15b4/comparisons/cmp_9624dc3325f3a7e0.json,PROCESSED_NOW,400825.0,,400825.0,,8329.0,,8329.0,,True,True,True,False,False,True,False,True,False,True
cmp_b84006e836ae2cc3,gt_3d30f4f9e51c0032,SELE,Pan-UKB,Pan-UKB::biomarkers|30750|both_sexes||irnt,Glycated haemoglobin (HbA1c),MID,PRIMARY,False,True,0.01,5e-08,3,50,2844,2844,2844.0,0,2844,0,2844,2844,2651,1547,1547,1547,1133,1470,1011,,0,0,,,True,False,,,,,biomarkers,quant,,,,,True,biomarkers,quant,,,,,True,False,fewer_than_3_qualified_EUR_GWS_variants,True,,False,intermediate/15b4/comparisons/cmp_b84006e836ae2cc3.parquet,intermediate/15b4/comparisons/cmp_b84006e836ae2cc3.json,PROCESSED_NOW,400825.0,,400825.0,,1502.0,,1502.0,,True,True,True,False,False,True,False,True,False,True
cmp_0c0089ac5cd5de30,gt_f49766f3ae4b8a2f,SREBF1,Pan-UKB,Pan-UKB::biomarkers|30750|both_sexes||irnt,Glycated haemoglobin (HbA1c),CSA,PRIMARY,False,True,0.01,5e-08,3,50,1956,1956,1956.0,0,1956,0,1956,1956,1817,814,814,814,310,655,274,,182,0,,,True,False,,,,,biomarkers,quant,,,,,True,biomarkers,quant,,,,,True,True,,True,,False,intermediate/15b4/comparisons/cmp_0c0089ac5cd5de30.parquet,intermediate/15b4/comparisons/cmp_0c0089ac5cd5de30.json,PROCESSED_NOW,400825.0,,400825.0,,8329.0,,8329.0,,True,True,True,True,True,True,False,True,False,True
cmp_58426512e8b1ab61,gt_f49766f3ae4b8a2f,SREBF1,Pan-UKB,Pan-UKB::biomarkers|30750|both_sexes||irnt,Glycated haemoglobin (HbA1c),MID,PRIMARY,False,True,0.01,5e-08,3,50,1956,1956,1956.0,0,1956,0,1956,1956,1817,824,824,824,324,760,285,,183,0,,,True,False,,,,,biomarkers,quant,,,,,True,biomarkers,quant,,,,,True,True,,True,,False,intermediate/15b4/comparisons/cmp_58426512e8b1ab61.parquet,intermediate/15b4/comparisons/cmp_58426512e8b1ab61.json,PROCESSED_NOW,400825.0,,400825.0,,1502.0,,1502.0,,True,True,True,True,True,True,False,True,False,True
cmp_ba35246f787ddd2f,gt_f9d79082a44b2223,TP53,Pan-UKB,Pan-UKB::biomarkers|30750|both_sexes||irnt,Glycated haemoglobin (HbA1c),CSA,PRIMARY,False,True,0.01,5e-08,3,50,2205,2205,2205.0,0,2205,0,2205,2205,2035,1165,1165,1164,666,1017,565,,118,0,,,True,False,,,,,biomarkers,quant,,,,,True,biomarkers,quant,,,,,True,True,,True,,False,intermediate/15b4/comparisons/cmp_ba35246f787ddd2f.parquet,intermediate/15b4/comparisons/cmp_ba35246f787ddd2f.json,PROCESSED_NOW,400825.0,,400825.0,,8329.0,,8329.0,,True,True,True,True,True,True,False,True,False,True
cmp_a3680a01bb140f75,gt_f9d79082a44b2223,TP53,Pan-UKB,Pan-UKB::biomarkers|30750|both_sexes||irnt,Glycated haemoglobin (HbA1c),MID,PRIMARY,False,True,0.01,5e-08,3,50,2205,2205,2205.0,0,2205,0,2205,2205,2035,996,996,995,698,948,595,,123,0,,,True,False,,,,,biomarkers,quant,,,,,True,biomarkers,quant,,,,,True,True,,True,,False,intermediate/15b4/comparisons/cmp_a3680a01bb140f75.parquet,intermediate/15b4/comparisons/cmp_a3680a01bb140f75.json,PROCESSED_NOW,400825.0,,400825.0,,1502.0,,1502.0,,True,True,True,True,True,True,False,True,False,True
cmp_593ae8985cf9fb81,gt_dab1180e9c6840b2,VEGFA,Pan-UKB,Pan-UKB::biomarkers|30750|both_sexes||irnt,Glycated haemoglobin (HbA1c),CSA,PRIMARY,False,True,0.01,5e-08,3,50,1955,1955,1955.0,0,1955,0,1955,1955,1830,1160,1160,1160,680,956,593,,28,0,,,True,False,,,,,biomarkers,quant,,,,,True,biomarkers,quant,,,,,True,True,,True,,False,intermediate/15b4/comparisons/cmp_593ae8985cf9fb81.parquet,intermediate/15b4/comparisons/cmp_593ae8985cf9fb81.json,PROCESSED_NOW,400825.0,,400825.0,,8329.0,,8329.0,,True,True,True,True,True,True,False,True,False,True
cmp_29a6d39cecffd0ba,gt_dab1180e9c6840b2,VEGFA,Pan-UKB,Pan-UKB::biomarkers|30750|both_sexes||irnt,Glycated haemoglobin (HbA1c),MID,PRIMARY,False,True,0.01,5e-08,3,50,1955,1955,1955.0,0,1955,0,1955,1955,1830,1078,1078,1078,691,1048,605,,28,0,,,True,False,,,,,biomarkers,quant,,,,,True,biomarkers,quant,,,,,True,True,,True,,False,intermediate/15b4/comparisons/cmp_29a6d39cecffd0ba.parquet,intermediate/15b4/comparisons/cmp_29a6d39cecffd0ba.json,PROCESSED_NOW,400825.0,,400825.0,,1502.0,,1502.0,,True,True,True,True,True,True,False,True,False,True
cmp_87e10582fe372d26,gt_26e68f63f1f17429,JAK2,Pan-UKB,Pan-UKB::continuous|30030|both_sexes||irnt,Haematocrit percentage,CSA,PRIMARY,False,True,0.01,5e-08,3,50,4257,4257,4257.0,0,4257,0,4257,4257,4011,1949,1949,1949,973,1631,887,,0,0,,,True,False,,,,,continuous,quant,,,,,True,continuous,quant,,,,,True,False,fewer_than_3_qualified_EUR_GWS_variants,True,,False,intermediate/15b4/comparisons/cmp_87e10582fe372d26.parquet,intermediate/15b4/comparisons/cmp_87e10582fe372d26.json,PROCESSED_NOW,407995.0,,407995.0,,8532.0,,8532.0,,True,True,True,False,False,True,False,True,False,True
cmp_34b9528111678889,gt_df32c27b840a5558,ACVRL1,Pan-UKB,Pan-UKB::continuous|30020|both_sexes||irnt,Haemoglobin concentration,CSA,PRIMARY,False,True,0.01,5e-08,3,50,2027,2027,2027.0,0,2027,0,2027,2027,1876,1094,1094,1094,552,933,476,,19,0,,,True,False,,,,,continuous,quant,,,,,True,continuous,quant,,,,,True,True,,True,,False,intermediate/15b4/comparisons/cmp_34b9528111678889.parquet,intermediate/15b4/comparisons/cmp_34b9528111678889.json,PROCESSED_NOW,407994.0,,407994.0,,8532.0,,8532.0,,True,True,True,True,True,True,False,True,False,True
cmp_5893667a5f1fbc6e,gt_27028081fffa2432,BCL2,Pan-UKB,Pan-UKB::continuous|30020|both_sexes||irnt,Haemoglobin concentration,CSA,PRIMARY,False,True,0.01,5e-08,3,50,2767,2767,2767.0,0,2767,0,2767,2767,2554,1824,1824,1824,1141,1600,996,,0,0,,,True,False,,,,,continuous,quant,,,,,True,continuous,quant,,,,,True,False,fewer_than_3_qualified_EUR_GWS_variants,True,,False,intermediate/15b4/comparisons/cmp_5893667a5f1fbc6e.parquet,intermediate/15b4/comparisons/cmp_5893667a5f1fbc6e.json,PROCESSED_NOW,407994.0,,407994.0,,8532.0,,8532.0,,True,True,True,False,False,True,False,True,False,True
cmp_d70cfe319e602e5c,gt_6d527f983ded21ce,DYRK3,Pan-UKB,Pan-UKB::continuous|30020|both_sexes||irnt,Haemoglobin concentration,CSA,PRIMARY,False,True,0.01,5e-08,3,50,2065,2065,2065.0,0,2065,0,2065,2065,1924,1172,1172,1170,663,1040,570,,0,0,,,True,False,,,,,continuous,quant,,,,,True,continuous,quant,,,,,True,False,fewer_than_3_qualified_EUR_GWS_variants,True,,False,intermediate/15b4/comparisons/cmp_d70cfe319e602e5c.parquet,intermediate/15b4/comparisons/cmp_d70cfe319e602e5c.json,PROCESSED_NOW,407994.0,,407994.0,,8532.0,,8532.0,,True,True,True,False,False,True,False,True,False,True
cmp_5636a0aa0df77617,gt_6543c2a00ddc02f5,EGLN1,Pan-UKB,Pan-UKB::continuous|30020|both_sexes||irnt,Haemoglobin concentration,CSA,PRIMARY,False,True,0.01,5e-08,3,50,2853,2853,2853.0,0,2853,0,2853,2853,2590,1295,1295,1295,776,1088,658,,255,0,,,True,False,,,,,continuous,quant,,,,,True,continuous,quant,,,,,True,True,,True,,False,intermediate/15b4/comparisons/cmp_5636a0aa0df77617.parquet,intermediate/15b4/comparisons/cmp_5636a0aa0df77617.json,PROCESSED_NOW,407994.0,,407994.0,,8532.0,,8532.0,,True,True,True,True,True,True,False,True,False,True
cmp_2c670ce121f4e2ed,gt_6100c7305905baed,EGLN2,Pan-UKB,Pan-UKB::continuous|30020|both_sexes||irnt,Haemoglobin concentration,CSA,PRIMARY,False,True,0.01,5e-08,3,50,2713,2713,2713.0,0,2713,0,2713,2713,2507,1298,1298,1298,904,1186,805,,109,0,,,True,False,,,,,continuous,quant,,,,,True,continuous,quant,,,,,True,True,,True,,False,intermediate/15b4/comparisons/cmp_2c670ce121f4e2ed.parquet,intermediate/15b4/comparisons/cmp_2c670ce121f4e2ed.json,PROCESSED_NOW,407994.0,,407994.0,,8532.0,,8532.0,,True,True,True,True,True,True,False,True,False,True
cmp_cdc7ff976577622c,gt_e581489a9e9ecfc2,EGLN3,Pan-UKB,Pan-UKB::continuous|30020|both_sexes||irnt,Haemoglobin concentration,CSA,PRIMARY,False,True,0.01,5e-08,3,50,6954,6954,6954.0,0,6954,0,6954,6954,6439,4445,4445,4444,2859,3867,2543,,33,0,,,True,False,,,,,continuous,quant,,,,,True,continuous,quant,,,,,True,True,,True,,False,intermediate/15b4/comparisons/cmp_cdc7ff976577622c.parquet,intermediate/15b4/comparisons/cmp_cdc7ff976577622c.json,PROCESSED_NOW,407994.0,,407994.0,,8532.0,,8532.0,,True,True,True,True,True,True,False,True,False,True
cmp_cf9640399f1b67f3,gt_357a52ecdb682313,EPOR,Pan-UKB,Pan-UKB::continuous|30020|both_sexes||irnt,Haemoglobin concentration,CSA,PRIMARY,False,True,0.01,5e-08,3,50,1725,1725,1725.0,0,1725,0,1725,1725,1584,1092,1092,1092,568,897,487,,0,0,,,True,False,,,,,continuous,quant,,,,,True,continuous,quant,,,,,True,False,fewer_than_3_qualified_EUR_GWS_variants,True,,False,intermediate/15b4/comparisons/cmp_cf9640399f1b67f3.parquet,intermediate/15b4/comparisons/cmp_cf9640399f1b67f3.json,PROCESSED_NOW,407994.0,,407994.0,,8532.0,,8532.0,,True,True,True,False,False,True,False,True,False,True
cmp_216fcd5d6898b635,gt_71c56e5a21360fea,HAMP,Pan-UKB,Pan-UKB::continuous|30020|both_sexes||irnt,Haemoglobin concentration,CSA,PRIMARY,False,True,0.01,5e-08,3,50,2039,2039,2039.0,0,2039,0,2039,2039,1911,1342,1342,1342,853,1224,764,,0,0,,,True,False,,,,,continuous,quant,,,,,True,continuous,quant,,,,,True,False,fewer_than_3_qualified_EUR_GWS_variants,True,,False,intermediate/15b4/comparisons/cmp_216fcd5d6898b635.parquet,intermediate/15b4/comparisons/cmp_216fcd5d6898b635.json,PROCESSED_NOW,407994.0,,407994.0,,8532.0,,8532.0,,True,True,True,False,False,True,False,True,False,True
cmp_26e7bee77129079a,gt_4d13eda51c3b314b,IL6,Pan-UKB,Pan-UKB::continuous|30020|both_sexes||irnt,Haemoglobin concentration,CSA,PRIMARY,False,True,0.01,5e-08,3,50,2634,2634,2634.0,0,2634,0,2634,2634,2457,1270,1270,1270,854,1117,765,,0,0,,,True,False,,,,,continuous,quant,,,,,True,continuous,quant,,,,,True,False,fewer_than_3_qualified_EUR_GWS_variants,True,,False,intermediate/15b4/comparisons/cmp_26e7bee77129079a.parquet,intermediate/15b4/comparisons/cmp_26e7bee77129079a.json,PROCESSED_NOW,407994.0,,407994.0,,8532.0,,8532.0,,True,True,True,False,False,True,False,True,False,True
cmp_33e4f0a27f768357,gt_75fe57ef3df525f5,PKLR,Pan-UKB,Pan-UKB::continuous|30020|both_sexes||irnt,Haemoglobin concentration,CSA,PRIMARY,False,True,0.01,5e-08,3,50,1786,1786,1786.0,0,1786,0,1786,1786,1674,668,668,668,250,535,212,,30,0,,,True,False,,,,,continuous,quant,,,,,True,continuous,quant,,,,,True,True,,True,,False,intermediate/15b4/comparisons/cmp_33e4f0a27f768357.parquet,intermediate/15b4/comparisons/cmp_33e4f0a27f768357.json,PROCESSED_NOW,407994.0,,407994.0,,8532.0,,8532.0,,True,True,True,True,True,True,False,True,False,True
cmp_e5dfc0ddc27b5597,gt_aa37c9461d658ae6,SLC40A1,Pan-UKB,Pan-UKB::continuous|30020|both_sexes||irnt,Haemoglobin concentration,CSA,PRIMARY,False,True,0.01,5e-08,3,50,2081,2081,2081.0,0,2081,0,2081,2081,1918,1019,1019,990,552,812,478,,0,0,,,True,False,,,,,continuous,quant,,,,,True,continuous,quant,,,,,True,False,fewer_than_3_qualified_EUR_GWS_variants,True,,False,intermediate/15b4/comparisons/cmp_e5dfc0ddc27b5597.parquet,intermediate/15b4/comparisons/cmp_e5dfc0ddc27b5597.json,PROCESSED_NOW,407994.0,,407994.0,,8532.0,,8532.0,,True,True,True,False,False,True,False,True,False,True
cmp_836c47786aded226,gt_709069d1feb6b869,ESR1,Pan-UKB,Pan-UKB::continuous|3148|both_sexes||irnt,Heel bone mineral density (BMD),CSA,PRIMARY,False,True,0.01,5e-08,3,50,7392,7392,7392.0,0,7392,0,7392,7392,6922,4016,4016,4016,2368,3020,2117,,480,0,,,True,False,,,,,continuous,quant,,,,,True,continuous,quant,,,,,True,True,,True,,False,intermediate/15b4/comparisons/cmp_836c47786aded226.parquet,intermediate/15b4/comparisons/cmp_836c47786aded226.json,PROCESSED_NOW,242809.0,,242809.0,,2633.0,,2633.0,,True,True,True,True,True,True,False,True,False,True
cmp_1c639976f96dce20,gt_49fc2519dd5d448f,GHRHR,Pan-UKB,Pan-UKB::continuous|3148|both_sexes||irnt,Heel bone mineral density (BMD),CSA,PRIMARY,False,True,0.01,5e-08,3,50,2279,2279,2279.0,0,2279,0,2279,2279,2133,1302,1302,1302,841,984,759,,58,0,,,True,False,,,,,continuous,quant,,,,,True,continuous,quant,,,,,True,True,,True,,False,intermediate/15b4/comparisons/cmp_1c639976f96dce20.parquet,intermediate/15b4/comparisons/cmp_1c639976f96dce20.json,PROCESSED_NOW,242809.0,,242809.0,,2633.0,,2633.0,,True,True,True,True,True,True,False,True,False,True
cmp_d642ad82b0d16e5e,gt_1a54193972b2aa21,SOST,Pan-UKB,Pan-UKB::continuous|3148|both_sexes||irnt,Heel bone mineral density (BMD),CSA,PRIMARY,False,True,0.01,5e-08,3,50,1736,1736,1736.0,0,1736,0,1736,1736,1614,816,816,816,456,541,390,,180,0,,,True,False,,,,,continuous,quant,,,,,True,continuous,quant,,,,,True,True,,True,,False,intermediate/15b4/comparisons/cmp_d642ad82b0d16e5e.parquet,intermediate/15b4/comparisons/cmp_d642ad82b0d16e5e.json,PROCESSED_NOW,242809.0,,242809.0,,2633.0,,2633.0,,True,True,True,True,True,True,False,True,False,True
cmp_dae661d54c93c969,gt_95af7ca2e8a7e102,ABCA1,Pan-UKB,Pan-UKB::biomarkers|30780|both_sexes||irnt,LDL direct,CSA,PRIMARY,False,True,0.01,5e-08,3,50,4170,4170,4170.0,0,4170,0,4170,4170,3803,2450,2450,2450,1486,2058,1286,,73,0,,,True,False,,,,,biomarkers,quant,,,,,True,biomarkers,quant,,,,,True,True,,True,,False,intermediate/15b4/comparisons/cmp_dae661d54c93c969.parquet,intermediate/15b4/comparisons/cmp_dae661d54c93c969.json,PROCESSED_NOW,400223.0,,400223.0,,8404.0,,8404.0,,True,True,True,True,True,True,False,True,False,True
cmp_ba79e47f387626ac,gt_bbdbb86b1024cfac,ADRB1,Pan-UKB,Pan-UKB::biomarkers|30780|both_sexes||irnt,LDL direct,CSA,PRIMARY,False,True,0.01,5e-08,3,50,1975,1975,1975.0,0,1975,0,1975,1975,1845,1050,1050,1050,568,892,497,,13,0,,,True,False,,,,,biomarkers,quant,,,,,True,biomarkers,quant,,,,,True,True,,True,,False,intermediate/15b4/comparisons/cmp_ba79e47f387626ac.parquet,intermediate/15b4/comparisons/cmp_ba79e47f387626ac.json,PROCESSED_NOW,400223.0,,400223.0,,8404.0,,8404.0,,True,True,True,True,True,True,False,True,False,True
cmp_9f69821411a167c6,gt_d6604f91c9b9bd68,ADRB2,Pan-UKB,Pan-UKB::biomarkers|30780|both_sexes||irnt,LDL direct,CSA,PRIMARY,False,True,0.01,5e-08,3,50,1759,1759,1759.0,0,1759,0,1759,1759,1654,1225,1225,1225,629,1065,571,,0,0,,,True,False,,,,,biomarkers,quant,,,,,True,biomarkers,quant,,,,,True,False,fewer_than_3_qualified_EUR_GWS_variants,True,,False,intermediate/15b4/comparisons/cmp_9f69821411a167c6.parquet,intermediate/15b4/comparisons/cmp_9f69821411a167c6.json,PROCESSED_NOW,400223.0,,400223.0,,8404.0,,8404.0,,True,True,True,False,False,True,False,True,False,True
cmp_d763b6b831bf0c0e,gt_1c018fe9f451c0ea,ANGPTL8,Pan-UKB,Pan-UKB::biomarkers|30780|both_sexes||irnt,LDL direct,CSA,PRIMARY,False,True,0.01,5e-08,3,50,2184,2184,2184.0,0,2184,0,2184,2184,2005,1334,1334,1334,778,1093,663,,177,0,,,True,False,,,,,biomarkers,quant,,,,,True,biomarkers,quant,,,,,True,True,,True,,False,intermediate/15b4/comparisons/cmp_d763b6b831bf0c0e.parquet,intermediate/15b4/comparisons/cmp_d763b6b831bf0c0e.json,PROCESSED_NOW,400223.0,,400223.0,,8404.0,,8404.0,,True,True,True,True,True,True,False,True,False,True
cmp_d17bec475888ffb1,gt_25de020ab85c0f34,APOA1,Pan-UKB,Pan-UKB::biomarkers|30780|both_sexes||irnt,LDL direct,CSA,PRIMARY,False,True,0.01,5e-08,3,50,2325,2325,2325.0,0,2325,0,2325,2325,2189,1129,1129,1129,678,966,605,,250,0,,,True,False,,,,,biomarkers,quant,,,,,True,biomarkers,quant,,,,,True,True,,True,,False,intermediate/15b4/comparisons/cmp_d17bec475888ffb1.parquet,intermediate/15b4/comparisons/cmp_d17bec475888ffb1.json,PROCESSED_NOW,400223.0,,400223.0,,8404.0,,8404.0,,True,True,True,True,True,True,False,True,False,True
cmp_89cac3a7cbb61501,gt_e4eae46191577e93,APOC3,Pan-UKB,Pan-UKB::biomarkers|30780|both_sexes||irnt,LDL direct,CSA,PRIMARY,False,True,0.01,5e-08,3,50,2333,2333,2333.0,0,2333,0,2333,2333,2197,1137,1137,1137,673,974,599,,252,0,,,True,False,,,,,biomarkers,quant,,,,,True,biomarkers,quant,,,,,True,True,,True,,False,intermediate/15b4/comparisons/cmp_89cac3a7cbb61501.parquet,intermediate/15b4/comparisons/cmp_89cac3a7cbb61501.json,PROCESSED_NOW,400223.0,,400223.0,,8404.0,,8404.0,,True,True,True,True,True,True,False,True,False,True
cmp_23670cc5cddedef4,gt_0b0678ba83486ccf,APOE,Pan-UKB,Pan-UKB::biomarkers|30780|both_sexes||irnt,LDL direct,CSA,PRIMARY,False,True,0.01,5e-08,3,50,1735,1735,1735.0,0,1735,0,1735,1735,1600,1095,1095,1095,699,991,612,,403,11,,,True,False,,,,,biomarkers,quant,,,,,True,biomarkers,quant,,,,,True,True,,True,,True,intermediate/15b4/comparisons/cmp_23670cc5cddedef4.parquet,intermediate/15b4/comparisons/cmp_23670cc5cddedef4.json,PROCESSED_NOW,400223.0,,400223.0,,8404.0,,8404.0,,True,True,True,True,True,True,True,True,True,True
cmp_9d3113c9f8e31c30,gt_cbb5ddcaa2f8a827,CETP,Pan-UKB,Pan-UKB::biomarkers|30780|both_sexes||irnt,LDL direct,CSA,PRIMARY,False,True,0.01,5e-08,3,50,2629,2629,2629.0,0,2629,0,2629,2629,2453,1566,1566,1566,917,1391,805,,52,0,,,True,False,,,,,biomarkers,quant,,,,,True,biomarkers,quant,,,,,True,True,,True,,False,intermediate/15b4/comparisons/cmp_9d3113c9f8e31c30.parquet,intermediate/15b4/comparisons/cmp_9d3113c9f8e31c30.json,PROCESSED_NOW,400223.0,,400223.0,,8404.0,,8404.0,,True,True,True,True,True,True,False,True,False,True
cmp_ecfb4236612a906f,gt_af31839ea5782bf6,DGAT2,Pan-UKB,Pan-UKB::biomarkers|30780|both_sexes||irnt,LDL direct,CSA,PRIMARY,False,True,0.01,5e-08,3,50,2693,2693,2693.0,0,2693,0,2693,2693,2511,1254,1254,1254,526,1000,450,,0,0,,,True,False,,,,,biomarkers,quant,,,,,True,biomarkers,quant,,,,,True,False,fewer_than_3_qualified_EUR_GWS_variants,True,,False,intermediate/15b4/comparisons/cmp_ecfb4236612a906f.parquet,intermediate/15b4/comparisons/cmp_ecfb4236612a906f.json,PROCESSED_NOW,400223.0,,400223.0,,8404.0,,8404.0,,True,True,True,False,False,True,False,True,False,True
cmp_649ff2cca8b15f4c,gt_c737d88261852ece,FDFT1,Pan-UKB,Pan-UKB::biomarkers|30780|both_sexes||irnt,LDL direct,CSA,PRIMARY,False,True,0.01,5e-08,3,50,4665,4665,4665.0,0,4665,0,4665,4665,4442,2491,2491,2483,1456,2119,1342,,0,0,,,True,False,,,,,biomarkers,quant,,,,,True,biomarkers,quant,,,,,True,False,fewer_than_3_qualified_EUR_GWS_variants,True,,False,intermediate/15b4/comparisons/cmp_649ff2cca8b15f4c.parquet,intermediate/15b4/comparisons/cmp_649ff2cca8b15f4c.json,PROCESSED_NOW,400223.0,,400223.0,,8404.0,,8404.0,,True,True,True,False,False,True,False,True,False,True
cmp_dfc2133ab2f65f25,gt_478ff02cdcfc6a99,HCAR2,Pan-UKB,Pan-UKB::biomarkers|30780|both_sexes||irnt,LDL direct,CSA,PRIMARY,False,True,0.01,5e-08,3,50,1828,1828,1828.0,0,1828,0,1828,1828,1667,960,960,960,518,814,425,,0,0,,,True,False,,,,,biomarkers,quant,,,,,True,biomarkers,quant,,,,,True,False,fewer_than_3_qualified_EUR_GWS_variants,True,,False,intermediate/15b4/comparisons/cmp_dfc2133ab2f65f25.parquet,intermediate/15b4/comparisons/cmp_dfc2133ab2f65f25.json,PROCESSED_NOW,400223.0,,400223.0,,8404.0,,8404.0,,True,True,True,False,False,True,False,True,False,True
cmp_4f0b16a4a72c0368,gt_d02d21f4deeb3658,HCAR3,Pan-UKB,Pan-UKB::biomarkers|30780|both_sexes||irnt,LDL direct,CSA,PRIMARY,False,True,0.01,5e-08,3,50,2037,2037,2037.0,0,2037,0,2037,2037,1855,1100,1100,1100,612,934,505,,0,0,,,True,False,,,,,biomarkers,quant,,,,,True,biomarkers,quant,,,,,True,False,fewer_than_3_qualified_EUR_GWS_variants,True,,False,intermediate/15b4/comparisons/cmp_4f0b16a4a72c0368.parquet,intermediate/15b4/comparisons/cmp_4f0b16a4a72c0368.json,PROCESSED_NOW,400223.0,,400223.0,,8404.0,,8404.0,,True,True,True,False,False,True,False,True,False,True
cmp_f91dafdc919ddc0c,gt_fdbaedc51aaa106f,HMGCR,Pan-UKB,Pan-UKB::biomarkers|30780|both_sexes||irnt,LDL direct,CSA,PRIMARY,False,True,0.01,5e-08,3,50,2438,2438,2438.0,0,2438,0,2438,2438,2231,1030,1030,1030,556,893,474,,371,0,,,True,False,,,,,biomarkers,quant,,,,,True,biomarkers,quant,,,,,True,True,,True,,False,intermediate/15b4/comparisons/cmp_f91dafdc919ddc0c.parquet,intermediate/15b4/comparisons/cmp_f91dafdc919ddc0c.json,PROCESSED_NOW,400223.0,,400223.0,,8404.0,,8404.0,,True,True,True,True,True,True,False,True,False,True
cmp_c5f9b26ab4ae44ee,gt_5da1ad3edfdad65e,LPA,Pan-UKB,Pan-UKB::biomarkers|30780|both_sexes||irnt,LDL direct,CSA,PRIMARY,False,True,0.01,5e-08,3,50,3752,3752,3752.0,0,3752,0,3752,3752,3522,1640,1640,1640,719,1225,642,,230,0,,,True,False,,,,,biomarkers,quant,,,,,True,biomarkers,quant,,,,,True,True,,True,,False,intermediate/15b4/comparisons/cmp_c5f9b26ab4ae44ee.parquet,intermediate/15b4/comparisons/cmp_c5f9b26ab4ae44ee.json,PROCESSED_NOW,400223.0,,400223.0,,8404.0,,8404.0,,True,True,True,True,True,True,False,True,False,True
cmp_50d16dc72ee800c1,gt_ad816587eda5b569,MTTP,Pan-UKB,Pan-UKB::biomarkers|30780|both_sexes||irnt,LDL direct,CSA,PRIMARY,False,True,0.01,5e-08,3,50,2943,2943,2943.0,0,2943,0,2943,2943,2723,1568,1568,1568,916,1391,807,,0,0,,,True,False,,,,,biomarkers,quant,,,,,True,biomarkers,quant,,,,,True,False,fewer_than_3_qualified_EUR_GWS_variants,True,,False,intermediate/15b4/comparisons/cmp_50d16dc72ee800c1.parquet,intermediate/15b4/comparisons/cmp_50d16dc72ee800c1.json,PROCESSED_NOW,400223.0,,400223.0,,8404.0,,8404.0,,True,True,True,False,False,True,False,True,False,True
cmp_86c7093bdb7c0808,gt_c0dccd327bd42d57,NR1H3,Pan-UKB,Pan-UKB::biomarkers|30780|both_sexes||irnt,LDL direct,CSA,PRIMARY,False,True,0.01,5e-08,3,50,2029,2029,2029.0,0,2029,0,2029,2029,1844,895,895,895,515,776,424,,0,0,,,True,False,,,,,biomarkers,quant,,,,,True,biomarkers,quant,,,,,True,False,fewer_than_3_qualified_EUR_GWS_variants,True,,False,intermediate/15b4/comparisons/cmp_86c7093bdb7c0808.parquet,intermediate/15b4/comparisons/cmp_86c7093bdb7c0808.json,PROCESSED_NOW,400223.0,,400223.0,,8404.0,,8404.0,,True,True,True,False,False,True,False,True,False,True
cmp_66552b49512bb3db,gt_b8759ac053b783c0,NR1H4,Pan-UKB,Pan-UKB::biomarkers|30780|both_sexes||irnt,LDL direct,CSA,PRIMARY,False,True,0.01,5e-08,3,50,2683,2683,2683.0,0,2683,0,2683,2683,2521,1368,1368,1368,568,1165,497,,0,0,,,True,False,,,,,biomarkers,quant,,,,,True,biomarkers,quant,,,,,True,False,fewer_than_3_qualified_EUR_GWS_variants,True,,False,intermediate/15b4/comparisons/cmp_66552b49512bb3db.parquet,intermediate/15b4/comparisons/cmp_66552b49512bb3db.json,PROCESSED_NOW,400223.0,,400223.0,,8404.0,,8404.0,,True,True,True,False,False,True,False,True,False,True
cmp_7e3415964666180a,gt_d690685489730e56,PCSK9,Pan-UKB,Pan-UKB::biomarkers|30780|both_sexes||irnt,LDL direct,CSA,PRIMARY,False,True,0.01,5e-08,3,50,2499,2499,2499.0,0,2499,0,2499,2499,2359,1403,1403,1398,727,1212,674,,213,0,,,True,False,,,,,biomarkers,quant,,,,,True,biomarkers,quant,,,,,True,True,,True,,False,intermediate/15b4/comparisons/cmp_7e3415964666180a.parquet,intermediate/15b4/comparisons/cmp_7e3415964666180a.json,PROCESSED_NOW,400223.0,,400223.0,,8404.0,,8404.0,,True,True,True,True,True,True,False,True,False,True
cmp_697c494077f63f4a,gt_3b78c5d3b48b82a8,PPARG,Pan-UKB,Pan-UKB::biomarkers|30780|both_sexes||irnt,LDL direct,CSA,PRIMARY,False,True,0.01,5e-08,3,50,3838,3838,3838.0,0,3838,0,3838,3838,3561,1841,1841,1841,1031,1499,879,,62,0,,,True,False,,,,,biomarkers,quant,,,,,True,biomarkers,quant,,,,,True,True,,True,,False,intermediate/15b4/comparisons/cmp_697c494077f63f4a.parquet,intermediate/15b4/comparisons/cmp_697c494077f63f4a.json,PROCESSED_NOW,400223.0,,400223.0,,8404.0,,8404.0,,True,True,True,True,True,True,False,True,False,True
cmp_846fa1abdb2d79e6,gt_bb8ad900243245bb,SLC10A2,Pan-UKB,Pan-UKB::biomarkers|30780|both_sexes||irnt,LDL direct,CSA,PRIMARY,False,True,0.01,5e-08,3,50,2162,2162,2162.0,0,2162,0,2162,2162,2033,1209,1209,1209,692,1070,616,,0,0,,,True,False,,,,,biomarkers,quant,,,,,True,biomarkers,quant,,,,,True,False,fewer_than_3_qualified_EUR_GWS_variants,True,,False,intermediate/15b4/comparisons/cmp_846fa1abdb2d79e6.parquet,intermediate/15b4/comparisons/cmp_846fa1abdb2d79e6.json,PROCESSED_NOW,400223.0,,400223.0,,8404.0,,8404.0,,True,True,True,False,False,True,False,True,False,True
cmp_0e8c3789584fc9b2,gt_a9a80c5c767d754d,THRB,Pan-UKB,Pan-UKB::biomarkers|30780|both_sexes||irnt,LDL direct,CSA,PRIMARY,False,True,0.01,5e-08,3,50,6468,6468,6468.0,0,6468,0,6468,6468,6079,3384,3384,3384,1739,2791,1576,,0,0,,,True,False,,,,,biomarkers,quant,,,,,True,biomarkers,quant,,,,,True,False,fewer_than_3_qualified_EUR_GWS_variants,True,,False,intermediate/15b4/comparisons/cmp_0e8c3789584fc9b2.parquet,intermediate/15b4/comparisons/cmp_0e8c3789584fc9b2.json,PROCESSED_NOW,400223.0,,400223.0,,8404.0,,8404.0,,True,True,True,False,False,True,False,True,False,True
cmp_899b25b2a6459d69,gt_38057e29398d09a6,CSF3,Pan-UKB,Pan-UKB::continuous|30140|both_sexes||irnt,Neutrophill count,CSA,PRIMARY,False,True,0.01,5e-08,3,50,2247,2247,2247.0,0,2247,0,2247,2247,2073,1020,1020,1020,597,886,502,,395,151,,,True,False,,,,,continuous,quant,,,,,True,continuous,quant,,,,,True,True,,True,,True,intermediate/15b4/comparisons/cmp_899b25b2a6459d69.parquet,intermediate/15b4/comparisons/cmp_899b25b2a6459d69.json,PROCESSED_NOW,407265.0,,407265.0,,8502.0,,8502.0,,True,True,True,True,True,True,True,True,True,True
cmp_a8cdbbc6ae7dad91,gt_38057e29398d09a6,CSF3,Pan-UKB,Pan-UKB::continuous|30140|both_sexes||irnt,Neutrophill count,MID,PRIMARY,False,True,0.01,5e-08,3,50,2247,2247,2247.0,0,2247,0,2247,2247,2073,968,968,968,635,948,536,,400,0,,,True,False,,,,,continuous,quant,,,,,True,continuous,quant,,,,,True,True,,True,,False,intermediate/15b4/comparisons/cmp_a8cdbbc6ae7dad91.parquet,intermediate/15b4/comparisons/cmp_a8cdbbc6ae7dad91.json,PROCESSED_NOW,407265.0,,407265.0,,1546.0,,1546.0,,True,True,True,True,True,True,False,True,False,True
cmp_08b22a91172968d8,gt_128ad7c7ffd40309,CSF3R,Pan-UKB,Pan-UKB::continuous|30140|both_sexes||irnt,Neutrophill count,CSA,PRIMARY,False,True,0.01,5e-08,3,50,2160,2160,2160.0,0,2160,0,2160,2160,2024,1241,1241,1241,745,1069,664,,127,0,,,True,False,,,,,continuous,quant,,,,,True,continuous,quant,,,,,True,True,,True,,False,intermediate/15b4/comparisons/cmp_08b22a91172968d8.parquet,intermediate/15b4/comparisons/cmp_08b22a91172968d8.json,PROCESSED_NOW,407265.0,,407265.0,,8502.0,,8502.0,,True,True,True,True,True,True,False,True,False,True
cmp_b2879043e48e8130,gt_128ad7c7ffd40309,CSF3R,Pan-UKB,Pan-UKB::continuous|30140|both_sexes||irnt,Neutrophill count,MID,PRIMARY,False,True,0.01,5e-08,3,50,2160,2160,2160.0,0,2160,0,2160,2160,2024,1183,1183,1183,811,1147,726,,171,0,,,True,False,,,,,continuous,quant,,,,,True,continuous,quant,,,,,True,True,,True,,False,intermediate/15b4/comparisons/cmp_b2879043e48e8130.parquet,intermediate/15b4/comparisons/cmp_b2879043e48e8130.json,PROCESSED_NOW,407265.0,,407265.0,,1546.0,,1546.0,,True,True,True,True,True,True,False,True,False,True
cmp_559b26c0a60995d9,gt_575fb984fe133eec,CXCR4,Pan-UKB,Pan-UKB::continuous|30140|both_sexes||irnt,Neutrophill count,CSA,PRIMARY,False,True,0.01,5e-08,3,50,1657,1657,1657.0,0,1657,0,1657,1657,1540,796,796,796,379,696,338,,0,0,,,True,False,,,,,continuous,quant,,,,,True,continuous,quant,,,,,True,False,fewer_than_3_qualified_EUR_GWS_variants,True,,False,intermediate/15b4/comparisons/cmp_559b26c0a60995d9.parquet,intermediate/15b4/comparisons/cmp_559b26c0a60995d9.json,PROCESSED_NOW,407265.0,,407265.0,,8502.0,,8502.0,,True,True,True,False,False,True,False,True,False,True
cmp_cb58a62e60526107,gt_575fb984fe133eec,CXCR4,Pan-UKB,Pan-UKB::continuous|30140|both_sexes||irnt,Neutrophill count,MID,PRIMARY,False,True,0.01,5e-08,3,50,1657,1657,1657.0,0,1657,0,1657,1657,1540,679,679,679,387,657,346,,0,0,,,True,False,,,,,continuous,quant,,,,,True,continuous,quant,,,,,True,False,fewer_than_3_qualified_EUR_GWS_variants,True,,False,intermediate/15b4/comparisons/cmp_cb58a62e60526107.parquet,intermediate/15b4/comparisons/cmp_cb58a62e60526107.json,PROCESSED_NOW,407265.0,,407265.0,,1546.0,,1546.0,,True,True,True,False,False,True,False,True,False,True
cmp_0348a847d71d7add,gt_7139353b566f0bd6,FAP,Pan-UKB,Pan-UKB::continuous|30140|both_sexes||irnt,Neutrophill count,CSA,PRIMARY,False,True,0.01,5e-08,3,50,1950,1950,1950.0,0,1950,0,1950,1950,1833,1093,1093,1093,477,845,412,,7,0,,,True,False,,,,,continuous,quant,,,,,True,continuous,quant,,,,,True,True,,True,,False,intermediate/15b4/comparisons/cmp_0348a847d71d7add.parquet,intermediate/15b4/comparisons/cmp_0348a847d71d7add.json,PROCESSED_NOW,407265.0,,407265.0,,8502.0,,8502.0,,True,True,True,True,True,True,False,True,False,True
cmp_f42d2adaebb6c058,gt_7139353b566f0bd6,FAP,Pan-UKB,Pan-UKB::continuous|30140|both_sexes||irnt,Neutrophill count,MID,PRIMARY,False,True,0.01,5e-08,3,50,1950,1950,1950.0,0,1950,0,1950,1950,1833,802,802,802,443,775,381,,6,0,,,True,False,,,,,continuous,quant,,,,,True,continuous,quant,,,,,True,True,,True,,False,intermediate/15b4/comparisons/cmp_f42d2adaebb6c058.parquet,intermediate/15b4/comparisons/cmp_f42d2adaebb6c058.json,PROCESSED_NOW,407265.0,,407265.0,,1546.0,,1546.0,,True,True,True,True,True,True,False,True,False,True
cmp_158459a232adb0d0,gt_0c426abe19a96c54,ENPP1,Pan-UKB,Pan-UKB::biomarkers|30810|both_sexes||irnt,Phosphate,CSA,PRIMARY,False,True,0.01,5e-08,3,50,2798,2798,2798.0,0,2798,0,2798,2798,2600,1654,1654,1654,914,1334,794,,345,0,,,True,False,,,,,biomarkers,quant,,,,,True,biomarkers,quant,,,,,True,True,,True,,False,intermediate/15b4/comparisons/cmp_158459a232adb0d0.parquet,intermediate/15b4/comparisons/cmp_158459a232adb0d0.json,PROCESSED_NOW,366484.0,,366484.0,,7685.0,,7685.0,,True,True,True,True,True,True,False,True,False,True
cmp_6567d20daa636164,gt_d019bda2659bf3ff,ACVR2A,Pan-UKB,Pan-UKB::continuous|30080|both_sexes||irnt,Platelet count,AFR,PRIMARY,False,True,0.01,5e-08,3,50,2453,2453,2453.0,0,2453,0,2453,2453,2272,1158,1158,1152,430,919,363,,0,0,,,True,False,,,,,continuous,quant,,,,,True,continuous,quant,,,,,True,False,fewer_than_3_qualified_EUR_GWS_variants,True,,False,intermediate/15b4/comparisons/cmp_6567d20daa636164.parquet,intermediate/15b4/comparisons/cmp_6567d20daa636164.json,PROCESSED_NOW,407992.0,,407992.0,,6281.0,,6281.0,,True,True,True,False,False,True,False,True,False,True
cmp_0b454d4c958fc671,gt_d019bda2659bf3ff,ACVR2A,Pan-UKB,Pan-UKB::continuous|30080|both_sexes||irnt,Platelet count,CSA,PRIMARY,False,True,0.01,5e-08,3,50,2453,2453,2453.0,0,2453,0,2453,2453,2272,1154,1154,1154,509,1046,435,,0,0,,,True,False,,,,,continuous,quant,,,,,True,continuous,quant,,,,,True,False,fewer_than_3_qualified_EUR_GWS_variants,True,,False,intermediate/15b4/comparisons/cmp_0b454d4c958fc671.parquet,intermediate/15b4/comparisons/cmp_0b454d4c958fc671.json,PROCESSED_NOW,407992.0,,407992.0,,8532.0,,8532.0,,True,True,True,False,False,True,False,True,False,True
cmp_d40a84a9eef512e2,gt_d019bda2659bf3ff,ACVR2A,Pan-UKB,Pan-UKB::continuous|30080|both_sexes||irnt,Platelet count,EAS,PRIMARY,False,True,0.01,5e-08,3,50,2453,2453,2453.0,0,2453,0,2453,2453,2272,735,735,735,417,699,351,,0,0,,,True,False,,,,,continuous,quant,,,,,True,continuous,quant,,,,,True,False,fewer_than_3_qualified_EUR_GWS_variants,True,,False,intermediate/15b4/comparisons/cmp_d40a84a9eef512e2.parquet,intermediate/15b4/comparisons/cmp_d40a84a9eef512e2.json,PROCESSED_NOW,407992.0,,407992.0,,2632.0,,2632.0,,True,True,True,False,False,True,False,True,False,True
cmp_c16a82af11193057,gt_88273410ebd1ce63,ALOX12,Pan-UKB,Pan-UKB::continuous|30080|both_sexes||irnt,Platelet count,AFR,PRIMARY,False,True,0.01,5e-08,3,50,2152,2152,2152.0,0,2152,0,2152,2152,1996,1426,1426,1426,622,1298,526,,0,0,,,True,False,,,,,continuous,quant,,,,,True,continuous,quant,,,,,True,False,fewer_than_3_qualified_EUR_GWS_variants,True,,False,intermediate/15b4/comparisons/cmp_c16a82af11193057.parquet,intermediate/15b4/comparisons/cmp_c16a82af11193057.json,PROCESSED_NOW,407992.0,,407992.0,,6281.0,,6281.0,,True,True,True,False,False,True,False,True,False,True
cmp_072afd3efbfb83ec,gt_88273410ebd1ce63,ALOX12,Pan-UKB,Pan-UKB::continuous|30080|both_sexes||irnt,Platelet count,CSA,PRIMARY,False,True,0.01,5e-08,3,50,2152,2152,2152.0,0,2152,0,2152,2152,1996,1322,1322,1322,719,1084,620,,0,0,,,True,False,,,,,continuous,quant,,,,,True,continuous,quant,,,,,True,False,fewer_than_3_qualified_EUR_GWS_variants,True,,False,intermediate/15b4/comparisons/cmp_072afd3efbfb83ec.parquet,intermediate/15b4/comparisons/cmp_072afd3efbfb83ec.json,PROCESSED_NOW,407992.0,,407992.0,,8532.0,,8532.0,,True,True,True,False,False,True,False,True,False,True
cmp_e1820ad8923e7ad3,gt_88273410ebd1ce63,ALOX12,Pan-UKB,Pan-UKB::continuous|30080|both_sexes||irnt,Platelet count,EAS,PRIMARY,False,True,0.01,5e-08,3,50,2152,2152,2152.0,0,2152,0,2152,2152,1996,924,924,924,636,871,539,,0,0,,,True,False,,,,,continuous,quant,,,,,True,continuous,quant,,,,,True,False,fewer_than_3_qualified_EUR_GWS_variants,True,,False,intermediate/15b4/comparisons/cmp_e1820ad8923e7ad3.parquet,intermediate/15b4/comparisons/cmp_e1820ad8923e7ad3.json,PROCESSED_NOW,407992.0,,407992.0,,2632.0,,2632.0,,True,True,True,False,False,True,False,True,False,True
cmp_9c6ecc4018fa3eec,gt_4463afbdc4dbc11f,FCGRT,Pan-UKB,Pan-UKB::continuous|30080|both_sexes||irnt,Platelet count,AFR,PRIMARY,False,True,0.01,5e-08,3,50,2564,2564,2564.0,0,2564,0,2564,2564,2349,1504,1504,1504,572,1313,465,,0,0,,,True,False,,,,,continuous,quant,,,,,True,continuous,quant,,,,,True,False,fewer_than_3_qualified_EUR_GWS_variants,True,,False,intermediate/15b4/comparisons/cmp_9c6ecc4018fa3eec.parquet,intermediate/15b4/comparisons/cmp_9c6ecc4018fa3eec.json,PROCESSED_NOW,407992.0,,407992.0,,6281.0,,6281.0,,True,True,True,False,False,True,False,True,False,True
cmp_4f56d484694e8ea1,gt_4463afbdc4dbc11f,FCGRT,Pan-UKB,Pan-UKB::continuous|30080|both_sexes||irnt,Platelet count,CSA,PRIMARY,False,True,0.01,5e-08,3,50,2564,2564,2564.0,0,2564,0,2564,2564,2349,1182,1182,1182,666,1004,552,,0,0,,,True,False,,,,,continuous,quant,,,,,True,continuous,quant,,,,,True,False,fewer_than_3_qualified_EUR_GWS_variants,True,,False,intermediate/15b4/comparisons/cmp_4f56d484694e8ea1.parquet,intermediate/15b4/comparisons/cmp_4f56d484694e8ea1.json,PROCESSED_NOW,407992.0,,407992.0,,8532.0,,8532.0,,True,True,True,False,False,True,False,True,False,True
cmp_fa41e21272bf4085,gt_4463afbdc4dbc11f,FCGRT,Pan-UKB,Pan-UKB::continuous|30080|both_sexes||irnt,Platelet count,EAS,PRIMARY,False,True,0.01,5e-08,3,50,2564,2564,2564.0,0,2564,0,2564,2564,2349,782,782,782,540,755,437,,0,0,,,True,False,,,,,continuous,quant,,,,,True,continuous,quant,,,,,True,False,fewer_than_3_qualified_EUR_GWS_variants,True,,False,intermediate/15b4/comparisons/cmp_fa41e21272bf4085.parquet,intermediate/15b4/comparisons/cmp_fa41e21272bf4085.json,PROCESSED_NOW,407992.0,,407992.0,,2632.0,,2632.0,,True,True,True,False,False,True,False,True,False,True
cmp_ca7864c98988cae0,gt_7e1d4c422ada3030,FLT3,Pan-UKB,Pan-UKB::continuous|30080|both_sexes||irnt,Platelet count,AFR,PRIMARY,False,True,0.01,5e-08,3,50,2250,2250,2250.0,0,2250,0,2250,2250,2038,1776,1776,1765,945,1645,810,,0,0,,,True,False,,,,,continuous,quant,,,,,True,continuous,quant,,,,,True,False,fewer_than_3_qualified_EUR_GWS_variants,True,,False,intermediate/15b4/comparisons/cmp_ca7864c98988cae0.parquet,intermediate/15b4/comparisons/cmp_ca7864c98988cae0.json,PROCESSED_NOW,407992.0,,407992.0,,6281.0,,6281.0,,True,True,True,False,False,True,False,True,False,True
cmp_baa318157ff3ca63,gt_7e1d4c422ada3030,FLT3,Pan-UKB,Pan-UKB::continuous|30080|both_sexes||irnt,Platelet count,CSA,PRIMARY,False,True,0.01,5e-08,3,50,2250,2250,2250.0,0,2250,0,2250,2250,2038,1621,1621,1617,1009,1364,872,,0,0,,,True,False,,,,,continuous,quant,,,,,True,continuous,quant,,,,,True,False,fewer_than_3_qualified_EUR_GWS_variants,True,,False,intermediate/15b4/comparisons/cmp_baa318157ff3ca63.parquet,intermediate/15b4/comparisons/cmp_baa318157ff3ca63.json,PROCESSED_NOW,407992.0,,407992.0,,8532.0,,8532.0,,True,True,True,False,False,True,False,True,False,True
cmp_3a187d537fd5eaf2,gt_7e1d4c422ada3030,FLT3,Pan-UKB,Pan-UKB::continuous|30080|both_sexes||irnt,Platelet count,EAS,PRIMARY,False,True,0.01,5e-08,3,50,2250,2250,2250.0,0,2250,0,2250,2250,2038,1105,1105,1100,920,1027,791,,0,0,,,True,False,,,,,continuous,quant,,,,,True,continuous,quant,,,,,True,False,fewer_than_3_qualified_EUR_GWS_variants,True,,False,intermediate/15b4/comparisons/cmp_3a187d537fd5eaf2.parquet,intermediate/15b4/comparisons/cmp_3a187d537fd5eaf2.json,PROCESSED_NOW,407992.0,,407992.0,,2632.0,,2632.0,,True,True,True,False,False,True,False,True,False,True
cmp_41f3b73474196a0b,gt_e5330af70b68c87c,IFNGR1,Pan-UKB,Pan-UKB::continuous|30080|both_sexes||irnt,Platelet count,AFR,PRIMARY,False,True,0.01,5e-08,3,50,1635,1635,1635.0,0,1635,0,1635,1635,1533,1146,1146,1146,481,1041,433,,0,0,,,True,False,,,,,continuous,quant,,,,,True,continuous,quant,,,,,True,False,fewer_than_3_qualified_EUR_GWS_variants,True,,False,intermediate/15b4/comparisons/cmp_41f3b73474196a0b.parquet,intermediate/15b4/comparisons/cmp_41f3b73474196a0b.json,PROCESSED_NOW,407992.0,,407992.0,,6281.0,,6281.0,,True,True,True,False,False,True,False,True,False,True
cmp_11b335555ff5ebe1,gt_e5330af70b68c87c,IFNGR1,Pan-UKB,Pan-UKB::continuous|30080|both_sexes||irnt,Platelet count,CSA,PRIMARY,False,True,0.01,5e-08,3,50,1635,1635,1635.0,0,1635,0,1635,1635,1533,1057,1057,1057,562,939,511,,0,0,,,True,False,,,,,continuous,quant,,,,,True,continuous,quant,,,,,True,False,fewer_than_3_qualified_EUR_GWS_variants,True,,False,intermediate/15b4/comparisons/cmp_11b335555ff5ebe1.parquet,intermediate/15b4/comparisons/cmp_11b335555ff5ebe1.json,PROCESSED_NOW,407992.0,,407992.0,,8532.0,,8532.0,,True,True,True,False,False,True,False,True,False,True
cmp_d27be2cfa6a1e60d,gt_e5330af70b68c87c,IFNGR1,Pan-UKB,Pan-UKB::continuous|30080|both_sexes||irnt,Platelet count,EAS,PRIMARY,False,True,0.01,5e-08,3,50,1635,1635,1635.0,0,1635,0,1635,1635,1533,686,686,686,437,655,397,,0,0,,,True,False,,,,,continuous,quant,,,,,True,continuous,quant,,,,,True,False,fewer_than_3_qualified_EUR_GWS_variants,True,,False,intermediate/15b4/comparisons/cmp_d27be2cfa6a1e60d.parquet,intermediate/15b4/comparisons/cmp_d27be2cfa6a1e60d.json,PROCESSED_NOW,407992.0,,407992.0,,2632.0,,2632.0,,True,True,True,False,False,True,False,True,False,True
cmp_4ef94caf53bd480f,gt_551bca4b69208db4,IL12A,Pan-UKB,Pan-UKB::continuous|30080|both_sexes||irnt,Platelet count,AFR,PRIMARY,False,True,0.01,5e-08,3,50,2328,2328,2328.0,0,2328,0,2328,2328,2157,1443,1443,1443,723,1328,646,,0,0,,,True,False,,,,,continuous,quant,,,,,True,continuous,quant,,,,,True,False,fewer_than_3_qualified_EUR_GWS_variants,True,,False,intermediate/15b4/comparisons/cmp_4ef94caf53bd480f.parquet,intermediate/15b4/comparisons/cmp_4ef94caf53bd480f.json,PROCESSED_NOW,407992.0,,407992.0,,6281.0,,6281.0,,True,True,True,False,False,True,False,True,False,True
cmp_943c5936cbcff26a,gt_551bca4b69208db4,IL12A,Pan-UKB,Pan-UKB::continuous|30080|both_sexes||irnt,Platelet count,CSA,PRIMARY,False,True,0.01,5e-08,3,50,2328,2328,2328.0,0,2328,0,2328,2328,2157,1299,1299,1299,775,1150,693,,0,0,,,True,False,,,,,continuous,quant,,,,,True,continuous,quant,,,,,True,False,fewer_than_3_qualified_EUR_GWS_variants,True,,False,intermediate/15b4/comparisons/cmp_943c5936cbcff26a.parquet,intermediate/15b4/comparisons/cmp_943c5936cbcff26a.json,PROCESSED_NOW,407992.0,,407992.0,,8532.0,,8532.0,,True,True,True,False,False,True,False,True,False,True
cmp_029184bacb2e5fd8,gt_551bca4b69208db4,IL12A,Pan-UKB,Pan-UKB::continuous|30080|both_sexes||irnt,Platelet count,EAS,PRIMARY,False,True,0.01,5e-08,3,50,2328,2328,2328.0,0,2328,0,2328,2328,2157,985,985,985,648,907,574,,0,0,,,True,False,,,,,continuous,quant,,,,,True,continuous,quant,,,,,True,False,fewer_than_3_qualified_EUR_GWS_variants,True,,False,intermediate/15b4/comparisons/cmp_029184bacb2e5fd8.parquet,intermediate/15b4/comparisons/cmp_029184bacb2e5fd8.json,PROCESSED_NOW,407992.0,,407992.0,,2632.0,,2632.0,,True,True,True,False,False,True,False,True,False,True
cmp_face308db9f33a70,gt_3ef75cbdd99b6f07,IL12B,Pan-UKB,Pan-UKB::continuous|30080|both_sexes||irnt,Platelet count,AFR,PRIMARY,False,True,0.01,5e-08,3,50,1878,1878,1878.0,0,1878,0,1878,1878,1751,1038,1038,1038,482,919,421,,48,0,,,True,False,,,,,continuous,quant,,,,,True,continuous,quant,,,,,True,True,,True,,False,intermediate/15b4/comparisons/cmp_face308db9f33a70.parquet,intermediate/15b4/comparisons/cmp_face308db9f33a70.json,PROCESSED_NOW,407992.0,,407992.0,,6281.0,,6281.0,,True,True,True,True,True,True,False,True,False,True
cmp_fed358ca805b3c3e,gt_3ef75cbdd99b6f07,IL12B,Pan-UKB,Pan-UKB::continuous|30080|both_sexes||irnt,Platelet count,CSA,PRIMARY,False,True,0.01,5e-08,3,50,1878,1878,1878.0,0,1878,0,1878,1878,1751,930,930,930,519,809,458,,49,0,,,True,False,,,,,continuous,quant,,,,,True,continuous,quant,,,,,True,True,,True,,False,intermediate/15b4/comparisons/cmp_fed358ca805b3c3e.parquet,intermediate/15b4/comparisons/cmp_fed358ca805b3c3e.json,PROCESSED_NOW,407992.0,,407992.0,,8532.0,,8532.0,,True,True,True,True,True,True,False,True,False,True
cmp_74eb5925c4626270,gt_3ef75cbdd99b6f07,IL12B,Pan-UKB,Pan-UKB::continuous|30080|both_sexes||irnt,Platelet count,EAS,PRIMARY,False,True,0.01,5e-08,3,50,1878,1878,1878.0,0,1878,0,1878,1878,1751,552,552,552,479,528,420,,47,0,,,True,False,,,,,continuous,quant,,,,,True,continuous,quant,,,,,True,True,,True,,False,intermediate/15b4/comparisons/cmp_74eb5925c4626270.parquet,intermediate/15b4/comparisons/cmp_74eb5925c4626270.json,PROCESSED_NOW,407992.0,,407992.0,,2632.0,,2632.0,,True,True,True,True,True,True,False,True,False,True
cmp_5c6e340a36104708,gt_54755b381baac1e7,JAK1,Pan-UKB,Pan-UKB::continuous|30080|both_sexes||irnt,Platelet count,AFR,PRIMARY,False,True,0.01,5e-08,3,50,2957,2957,2957.0,0,2957,0,2957,2957,2707,1626,1626,1621,730,1461,617,,62,0,,,True,False,,,,,continuous,quant,,,,,True,continuous,quant,,,,,True,True,,True,,False,intermediate/15b4/comparisons/cmp_5c6e340a36104708.parquet,intermediate/15b4/comparisons/cmp_5c6e340a36104708.json,PROCESSED_NOW,407992.0,,407992.0,,6281.0,,6281.0,,True,True,True,True,True,True,False,True,False,True
cmp_89640011637459ea,gt_54755b381baac1e7,JAK1,Pan-UKB,Pan-UKB::continuous|30080|both_sexes||irnt,Platelet count,CSA,PRIMARY,False,True,0.01,5e-08,3,50,2957,2957,2957.0,0,2957,0,2957,2957,2707,1454,1454,1449,875,1233,747,,65,0,,,True,False,,,,,continuous,quant,,,,,True,continuous,quant,,,,,True,True,,True,,False,intermediate/15b4/comparisons/cmp_89640011637459ea.parquet,intermediate/15b4/comparisons/cmp_89640011637459ea.json,PROCESSED_NOW,407992.0,,407992.0,,8532.0,,8532.0,,True,True,True,True,True,True,False,True,False,True
cmp_8c82bdade3034c3e,gt_54755b381baac1e7,JAK1,Pan-UKB,Pan-UKB::continuous|30080|both_sexes||irnt,Platelet count,EAS,PRIMARY,False,True,0.01,5e-08,3,50,2957,2957,2957.0,0,2957,0,2957,2957,2707,933,933,928,618,814,525,,48,0,,,True,False,,,,,continuous,quant,,,,,True,continuous,quant,,,,,True,True,,True,,False,intermediate/15b4/comparisons/cmp_8c82bdade3034c3e.parquet,intermediate/15b4/comparisons/cmp_8c82bdade3034c3e.json,PROCESSED_NOW,407992.0,,407992.0,,2632.0,,2632.0,,True,True,True,True,True,True,False,True,False,True
cmp_1e9ae074e40e398a,gt_2fdb14cf300437e0,JAK2,Pan-UKB,Pan-UKB::continuous|30080|both_sexes||irnt,Platelet count,AFR,PRIMARY,False,True,0.01,5e-08,3,50,4257,4257,4257.0,0,4257,0,4257,4257,4011,2326,2326,2326,841,2059,761,,409,0,,,True,False,,,,,continuous,quant,,,,,True,continuous,quant,,,,,True,True,,True,,False,intermediate/15b4/comparisons/cmp_1e9ae074e40e398a.parquet,intermediate/15b4/comparisons/cmp_1e9ae074e40e398a.json,PROCESSED_NOW,407992.0,,407992.0,,6281.0,,6281.0,,True,True,True,True,True,True,False,True,False,True
cmp_d8eb00402944028b,gt_2fdb14cf300437e0,JAK2,Pan-UKB,Pan-UKB::continuous|30080|both_sexes||irnt,Platelet count,CSA,PRIMARY,False,True,0.01,5e-08,3,50,4257,4257,4257.0,0,4257,0,4257,4257,4011,1949,1949,1949,973,1631,887,,434,0,,,True,False,,,,,continuous,quant,,,,,True,continuous,quant,,,,,True,True,,True,,False,intermediate/15b4/comparisons/cmp_d8eb00402944028b.parquet,intermediate/15b4/comparisons/cmp_d8eb00402944028b.json,PROCESSED_NOW,407992.0,,407992.0,,8532.0,,8532.0,,True,True,True,True,True,True,False,True,False,True
cmp_5b2b67e88398e55b,gt_2fdb14cf300437e0,JAK2,Pan-UKB,Pan-UKB::continuous|30080|both_sexes||irnt,Platelet count,EAS,PRIMARY,False,True,0.01,5e-08,3,50,4257,4257,4257.0,0,4257,0,4257,4257,4011,1310,1310,1310,863,1242,782,,407,0,,,True,False,,,,,continuous,quant,,,,,True,continuous,quant,,,,,True,True,,True,,False,intermediate/15b4/comparisons/cmp_5b2b67e88398e55b.parquet,intermediate/15b4/comparisons/cmp_5b2b67e88398e55b.json,PROCESSED_NOW,407992.0,,407992.0,,2632.0,,2632.0,,True,True,True,True,True,True,False,True,False,True
cmp_e9eaa046575337b9,gt_3e77fef73aae3ddd,KDM1A,Pan-UKB,Pan-UKB::continuous|30080|both_sexes||irnt,Platelet count,AFR,PRIMARY,False,True,0.01,5e-08,3,50,2158,2158,2158.0,0,2158,0,2158,2158,1974,1326,1326,1326,486,1198,403,,3,0,,,True,False,,,,,continuous,quant,,,,,True,continuous,quant,,,,,True,True,,True,,False,intermediate/15b4/comparisons/cmp_e9eaa046575337b9.parquet,intermediate/15b4/comparisons/cmp_e9eaa046575337b9.json,PROCESSED_NOW,407992.0,,407992.0,,6281.0,,6281.0,,True,True,True,True,True,True,False,True,False,True
cmp_0dc5f2945c2f21d1,gt_3e77fef73aae3ddd,KDM1A,Pan-UKB,Pan-UKB::continuous|30080|both_sexes||irnt,Platelet count,CSA,PRIMARY,False,True,0.01,5e-08,3,50,2158,2158,2158.0,0,2158,0,2158,2158,1974,978,978,978,541,791,455,,3,0,,,True,False,,,,,continuous,quant,,,,,True,continuous,quant,,,,,True,True,,True,,False,intermediate/15b4/comparisons/cmp_0dc5f2945c2f21d1.parquet,intermediate/15b4/comparisons/cmp_0dc5f2945c2f21d1.json,PROCESSED_NOW,407992.0,,407992.0,,8532.0,,8532.0,,True,True,True,True,True,True,False,True,False,True
cmp_8a0ec5e7ce7ddb07,gt_3e77fef73aae3ddd,KDM1A,Pan-UKB,Pan-UKB::continuous|30080|both_sexes||irnt,Platelet count,EAS,PRIMARY,False,True,0.01,5e-08,3,50,2158,2158,2158.0,0,2158,0,2158,2158,1974,612,612,612,495,589,410,,3,0,,,True,False,,,,,continuous,quant,,,,,True,continuous,quant,,,,,True,True,,True,,False,intermediate/15b4/comparisons/cmp_8a0ec5e7ce7ddb07.parquet,intermediate/15b4/comparisons/cmp_8a0ec5e7ce7ddb07.json,PROCESSED_NOW,407992.0,,407992.0,,2632.0,,2632.0,,True,True,True,True,True,True,False,True,False,True
cmp_18bf92731dcbbcc8,gt_15ac10d89616dccb,KIT,Pan-UKB,Pan-UKB::continuous|30080|both_sexes||irnt,Platelet count,AFR,PRIMARY,False,True,0.01,5e-08,3,50,2932,2932,2932.0,0,2932,0,2932,2932,2727,1761,1761,1761,807,1558,705,,2,0,,,True,False,,,,,continuous,quant,,,,,True,continuous,quant,,,,,True,False,fewer_than_3_qualified_EUR_GWS_variants,True,,False,intermediate/15b4/comparisons/cmp_18bf92731dcbbcc8.parquet,intermediate/15b4/comparisons/cmp_18bf92731dcbbcc8.json,PROCESSED_NOW,407992.0,,407992.0,,6281.0,,6281.0,,True,True,True,False,False,True,False,True,False,True
cmp_c5c6a942ebb59e4f,gt_15ac10d89616dccb,KIT,Pan-UKB,Pan-UKB::continuous|30080|both_sexes||irnt,Platelet count,CSA,PRIMARY,False,True,0.01,5e-08,3,50,2932,2932,2932.0,0,2932,0,2932,2932,2727,1651,1651,1651,895,1335,786,,2,0,,,True,False,,,,,continuous,quant,,,,,True,continuous,quant,,,,,True,False,fewer_than_3_qualified_EUR_GWS_variants,True,,False,intermediate/15b4/comparisons/cmp_c5c6a942ebb59e4f.parquet,intermediate/15b4/comparisons/cmp_c5c6a942ebb59e4f.json,PROCESSED_NOW,407992.0,,407992.0,,8532.0,,8532.0,,True,True,True,False,False,True,False,True,False,True
cmp_7aaa0a05bd83fbed,gt_15ac10d89616dccb,KIT,Pan-UKB,Pan-UKB::continuous|30080|both_sexes||irnt,Platelet count,EAS,PRIMARY,False,True,0.01,5e-08,3,50,2932,2932,2932.0,0,2932,0,2932,2932,2727,990,990,990,800,922,700,,2,0,,,True,False,,,,,continuous,quant,,,,,True,continuous,quant,,,,,True,False,fewer_than_3_qualified_EUR_GWS_variants,True,,False,intermediate/15b4/comparisons/cmp_7aaa0a05bd83fbed.parquet,intermediate/15b4/comparisons/cmp_7aaa0a05bd83fbed.json,PROCESSED_NOW,407992.0,,407992.0,,2632.0,,2632.0,,True,True,True,False,False,True,False,True,False,True
cmp_bfc01b90f4d8df7f,gt_c1c146b54614cb80,MPL,Pan-UKB,Pan-UKB::continuous|30080|both_sexes||irnt,Platelet count,AFR,PRIMARY,False,True,0.01,5e-08,3,50,1863,1863,1863.0,0,1863,0,1863,1863,1775,813,813,812,289,669,254,,13,0,,,True,False,,,,,continuous,quant,,,,,True,continuous,quant,,,,,True,True,,True,,False,intermediate/15b4/comparisons/cmp_bfc01b90f4d8df7f.parquet,intermediate/15b4/comparisons/cmp_bfc01b90f4d8df7f.json,PROCESSED_NOW,407992.0,,407992.0,,6281.0,,6281.0,,True,True,True,True,True,True,False,True,False,True
cmp_8a08e1bad7c62995,gt_c1c146b54614cb80,MPL,Pan-UKB,Pan-UKB::continuous|30080|both_sexes||irnt,Platelet count,CSA,PRIMARY,False,True,0.01,5e-08,3,50,1863,1863,1863.0,0,1863,0,1863,1863,1775,771,771,771,341,661,305,,17,0,,,True,False,,,,,continuous,quant,,,,,True,continuous,quant,,,,,True,True,,True,,False,intermediate/15b4/comparisons/cmp_8a08e1bad7c62995.parquet,intermediate/15b4/comparisons/cmp_8a08e1bad7c62995.json,PROCESSED_NOW,407992.0,,407992.0,,8532.0,,8532.0,,True,True,True,True,True,True,False,True,False,True
cmp_c813a3a2004fb6bd,gt_c1c146b54614cb80,MPL,Pan-UKB,Pan-UKB::continuous|30080|both_sexes||irnt,Platelet count,EAS,PRIMARY,False,True,0.01,5e-08,3,50,1863,1863,1863.0,0,1863,0,1863,1863,1775,422,422,422,257,374,224,,12,0,,,True,False,,,,,continuous,quant,,,,,True,continuous,quant,,,,,True,True,,True,,False,intermediate/15b4/comparisons/cmp_c813a3a2004fb6bd.parquet,intermediate/15b4/comparisons/cmp_c813a3a2004fb6bd.json,PROCESSED_NOW,407992.0,,407992.0,,2632.0,,2632.0,,True,True,True,True,True,True,False,True,False,True
cmp_480d6daf54baee46,gt_d1d00e9dc71a2499,PIK3CA,Pan-UKB,Pan-UKB::continuous|30080|both_sexes||irnt,Platelet count,AFR,PRIMARY,False,True,0.01,5e-08,3,50,3057,3057,3057.0,0,3057,0,3057,3057,2760,1737,1737,1737,853,1517,708,,128,0,,,True,False,,,,,continuous,quant,,,,,True,continuous,quant,,,,,True,True,,True,,False,intermediate/15b4/comparisons/cmp_480d6daf54baee46.parquet,intermediate/15b4/comparisons/cmp_480d6daf54baee46.json,PROCESSED_NOW,407992.0,,407992.0,,6281.0,,6281.0,,True,True,True,True,True,True,False,True,False,True
cmp_090a8b2e128e603c,gt_d1d00e9dc71a2499,PIK3CA,Pan-UKB,Pan-UKB::continuous|30080|both_sexes||irnt,Platelet count,CSA,PRIMARY,False,True,0.01,5e-08,3,50,3057,3057,3057.0,0,3057,0,3057,3057,2760,1559,1559,1559,885,1369,734,,132,0,,,True,False,,,,,continuous,quant,,,,,True,continuous,quant,,,,,True,True,,True,,False,intermediate/15b4/comparisons/cmp_090a8b2e128e603c.parquet,intermediate/15b4/comparisons/cmp_090a8b2e128e603c.json,PROCESSED_NOW,407992.0,,407992.0,,8532.0,,8532.0,,True,True,True,True,True,True,False,True,False,True
cmp_fe5114e73f9be5e8,gt_d1d00e9dc71a2499,PIK3CA,Pan-UKB,Pan-UKB::continuous|30080|both_sexes||irnt,Platelet count,EAS,PRIMARY,False,True,0.01,5e-08,3,50,3057,3057,3057.0,0,3057,0,3057,3057,2760,1080,1080,1080,668,1038,550,,124,0,,,True,False,,,,,continuous,quant,,,,,True,continuous,quant,,,,,True,True,,True,,False,intermediate/15b4/comparisons/cmp_fe5114e73f9be5e8.parquet,intermediate/15b4/comparisons/cmp_fe5114e73f9be5e8.json,PROCESSED_NOW,407992.0,,407992.0,,2632.0,,2632.0,,True,True,True,True,True,True,False,True,False,True
cmp_d145e0dbaa19ce1a,gt_50240b5be2101e2e,PIK3CB,Pan-UKB,Pan-UKB::continuous|30080|both_sexes||irnt,Platelet count,AFR,PRIMARY,False,True,0.01,5e-08,3,50,3624,3624,3624.0,0,3624,0,3624,3624,3345,1852,1852,1847,657,1649,543,,247,0,,,True,False,,,,,continuous,quant,,,,,True,continuous,quant,,,,,True,True,,True,,False,intermediate/15b4/comparisons/cmp_d145e0dbaa19ce1a.parquet,intermediate/15b4/comparisons/cmp_d145e0dbaa19ce1a.json,PROCESSED_NOW,407992.0,,407992.0,,6281.0,,6281.0,,True,True,True,True,True,True,False,True,False,True
cmp_79511392eb1a415a,gt_50240b5be2101e2e,PIK3CB,Pan-UKB,Pan-UKB::continuous|30080|both_sexes||irnt,Platelet count,CSA,PRIMARY,False,True,0.01,5e-08,3,50,3624,3624,3624.0,0,3624,0,3624,3624,3345,1500,1500,1497,718,1130,597,,247,0,,,True,False,,,,,continuous,quant,,,,,True,continuous,quant,,,,,True,True,,True,,False,intermediate/15b4/comparisons/cmp_79511392eb1a415a.parquet,intermediate/15b4/comparisons/cmp_79511392eb1a415a.json,PROCESSED_NOW,407992.0,,407992.0,,8532.0,,8532.0,,True,True,True,True,True,True,False,True,False,True
cmp_4f5997f4be833364,gt_50240b5be2101e2e,PIK3CB,Pan-UKB,Pan-UKB::continuous|30080|both_sexes||irnt,Platelet count,EAS,PRIMARY,False,True,0.01,5e-08,3,50,3624,3624,3624.0,0,3624,0,3624,3624,3345,770,770,770,650,737,537,,247,0,,,True,False,,,,,continuous,quant,,,,,True,continuous,quant,,,,,True,True,,True,,False,intermediate/15b4/comparisons/cmp_4f5997f4be833364.parquet,intermediate/15b4/comparisons/cmp_4f5997f4be833364.json,PROCESSED_NOW,407992.0,,407992.0,,2632.0,,2632.0,,True,True,True,True,True,True,False,True,False,True
cmp_a5cb7edcd0684533,gt_c3ed739628d10066,PIK3CD,Pan-UKB,Pan-UKB::continuous|30080|both_sexes||irnt,Platelet count,AFR,PRIMARY,False,True,0.01,5e-08,3,50,2707,2707,2707.0,0,2707,0,2707,2707,2510,1641,1641,1639,379,1465,312,,0,0,,,True,False,,,,,continuous,quant,,,,,True,continuous,quant,,,,,True,False,fewer_than_3_qualified_EUR_GWS_variants,True,,False,intermediate/15b4/comparisons/cmp_a5cb7edcd0684533.parquet,intermediate/15b4/comparisons/cmp_a5cb7edcd0684533.json,PROCESSED_NOW,407992.0,,407992.0,,6281.0,,6281.0,,True,True,True,False,False,True,False,True,False,True
cmp_a3b3cff5a232fecb,gt_c3ed739628d10066,PIK3CD,Pan-UKB,Pan-UKB::continuous|30080|both_sexes||irnt,Platelet count,CSA,PRIMARY,False,True,0.01,5e-08,3,50,2707,2707,2707.0,0,2707,0,2707,2707,2510,1435,1435,1433,467,1196,388,,0,0,,,True,False,,,,,continuous,quant,,,,,True,continuous,quant,,,,,True,False,fewer_than_3_qualified_EUR_GWS_variants,True,,False,intermediate/15b4/comparisons/cmp_a3b3cff5a232fecb.parquet,intermediate/15b4/comparisons/cmp_a3b3cff5a232fecb.json,PROCESSED_NOW,407992.0,,407992.0,,8532.0,,8532.0,,True,True,True,False,False,True,False,True,False,True
cmp_02071f60be29f45b,gt_c3ed739628d10066,PIK3CD,Pan-UKB,Pan-UKB::continuous|30080|both_sexes||irnt,Platelet count,EAS,PRIMARY,False,True,0.01,5e-08,3,50,2707,2707,2707.0,0,2707,0,2707,2707,2510,843,843,842,387,798,320,,0,0,,,True,False,,,,,continuous,quant,,,,,True,continuous,quant,,,,,True,False,fewer_than_3_qualified_EUR_GWS_variants,True,,False,intermediate/15b4/comparisons/cmp_02071f60be29f45b.parquet,intermediate/15b4/comparisons/cmp_02071f60be29f45b.json,PROCESSED_NOW,407992.0,,407992.0,,2632.0,,2632.0,,True,True,True,False,False,True,False,True,False,True
cmp_7906543c413eaa09,gt_2b861b21b2545ae4,PIK3CG,Pan-UKB,Pan-UKB::continuous|30080|both_sexes||irnt,Platelet count,AFR,PRIMARY,False,True,0.01,5e-08,3,50,1933,1933,1933.0,0,1933,0,1933,1933,1828,1244,1244,1244,652,1149,585,,6,0,,,True,False,,,,,continuous,quant,,,,,True,continuous,quant,,,,,True,True,,True,,False,intermediate/15b4/comparisons/cmp_7906543c413eaa09.parquet,intermediate/15b4/comparisons/cmp_7906543c413eaa09.json,PROCESSED_NOW,407992.0,,407992.0,,6281.0,,6281.0,,True,True,True,True,True,True,False,True,False,True
cmp_65b9e21f9ee56f62,gt_2b861b21b2545ae4,PIK3CG,Pan-UKB,Pan-UKB::continuous|30080|both_sexes||irnt,Platelet count,CSA,PRIMARY,False,True,0.01,5e-08,3,50,1933,1933,1933.0,0,1933,0,1933,1933,1828,1122,1122,1122,720,989,653,,8,0,,,True,False,,,,,continuous,quant,,,,,True,continuous,quant,,,,,True,True,,True,,False,intermediate/15b4/comparisons/cmp_65b9e21f9ee56f62.parquet,intermediate/15b4/comparisons/cmp_65b9e21f9ee56f62.json,PROCESSED_NOW,407992.0,,407992.0,,8532.0,,8532.0,,True,True,True,True,True,True,False,True,False,True
cmp_4aa64332dd92c267,gt_2b861b21b2545ae4,PIK3CG,Pan-UKB,Pan-UKB::continuous|30080|both_sexes||irnt,Platelet count,EAS,PRIMARY,False,True,0.01,5e-08,3,50,1933,1933,1933.0,0,1933,0,1933,1933,1828,743,743,743,592,676,534,,4,0,,,True,False,,,,,continuous,quant,,,,,True,continuous,quant,,,,,True,True,,True,,False,intermediate/15b4/comparisons/cmp_4aa64332dd92c267.parquet,intermediate/15b4/comparisons/cmp_4aa64332dd92c267.json,PROCESSED_NOW,407992.0,,407992.0,,2632.0,,2632.0,,True,True,True,True,True,True,False,True,False,True
cmp_88c6906de1ea612c,gt_5a525d6a0e697a02,THPO,Pan-UKB,Pan-UKB::continuous|30080|both_sexes||irnt,Platelet count,AFR,PRIMARY,False,True,0.01,5e-08,3,50,2098,2098,2098.0,0,2098,0,2098,2098,1934,1253,1253,1253,627,1110,542,,123,4,,,True,False,,,,,continuous,quant,,,,,True,continuous,quant,,,,,True,True,,True,,True,intermediate/15b4/comparisons/cmp_88c6906de1ea612c.parquet,intermediate/15b4/comparisons/cmp_88c6906de1ea612c.json,PROCESSED_NOW,407992.0,,407992.0,,6281.0,,6281.0,,True,True,True,True,True,True,True,True,True,True
cmp_00943344950234cb,gt_5a525d6a0e697a02,THPO,Pan-UKB,Pan-UKB::continuous|30080|both_sexes||irnt,Platelet count,CSA,PRIMARY,False,True,0.01,5e-08,3,50,2098,2098,2098.0,0,2098,0,2098,2098,1934,1159,1159,1159,706,997,613,,134,0,,,True,False,,,,,continuous,quant,,,,,True,continuous,quant,,,,,True,True,,True,,False,intermediate/15b4/comparisons/cmp_00943344950234cb.parquet,intermediate/15b4/comparisons/cmp_00943344950234cb.json,PROCESSED_NOW,407992.0,,407992.0,,8532.0,,8532.0,,True,True,True,True,True,True,False,True,False,True
cmp_753051b5ab931966,gt_5a525d6a0e697a02,THPO,Pan-UKB,Pan-UKB::continuous|30080|both_sexes||irnt,Platelet count,EAS,PRIMARY,False,True,0.01,5e-08,3,50,2098,2098,2098.0,0,2098,0,2098,2098,1934,742,742,742,595,685,514,,115,0,,,True,False,,,,,continuous,quant,,,,,True,continuous,quant,,,,,True,True,,True,,False,intermediate/15b4/comparisons/cmp_753051b5ab931966.parquet,intermediate/15b4/comparisons/cmp_753051b5ab931966.json,PROCESSED_NOW,407992.0,,407992.0,,2632.0,,2632.0,,True,True,True,True,True,True,False,True,False,True
cmp_672e4bb04d1de71c,gt_935c33c43285e1f1,ACE,Pan-UKB,Pan-UKB::continuous|4080|both_sexes||irnt,"Systolic blood pressure, automated reading",CSA,PRIMARY,False,True,0.01,5e-08,3,50,1588,1588,1588.0,0,1588,0,1588,1588,1467,778,778,778,345,584,296,,0,0,,,True,False,,,,,continuous,quant,,,,,True,continuous,quant,,,,,True,False,fewer_than_3_qualified_EUR_GWS_variants,True,,False,intermediate/15b4/comparisons/cmp_672e4bb04d1de71c.parquet,intermediate/15b4/comparisons/cmp_672e4bb04d1de71c.json,PROCESSED_NOW,396663.0,,396663.0,,8641.0,,8641.0,,True,True,True,False,False,True,False,True,False,True
cmp_e1a94c377813c6b6,gt_935c33c43285e1f1,ACE,Pan-UKB,Pan-UKB::continuous|4080|both_sexes||irnt,"Systolic blood pressure, automated reading",EAS,PRIMARY,False,True,0.01,5e-08,3,50,1588,1588,1588.0,0,1588,0,1588,1588,1467,388,388,388,271,360,228,,0,0,,,True,False,,,,,continuous,quant,,,,,True,continuous,quant,,,,,True,False,fewer_than_3_qualified_EUR_GWS_variants,True,,False,intermediate/15b4/comparisons/cmp_e1a94c377813c6b6.parquet,intermediate/15b4/comparisons/cmp_e1a94c377813c6b6.json,PROCESSED_NOW,396663.0,,396663.0,,2600.0,,2600.0,,True,True,True,False,False,True,False,True,False,True
cmp_9abb59e1c1e89c9f,gt_778e5c879251c610,ADRA1A,Pan-UKB,Pan-UKB::continuous|4080|both_sexes||irnt,"Systolic blood pressure, automated reading",CSA,PRIMARY,False,True,0.01,5e-08,3,50,4095,4095,4095.0,0,4095,0,4095,4095,3848,2203,2203,2203,1588,2037,1414,,0,0,,,True,False,,,,,continuous,quant,,,,,True,continuous,quant,,,,,True,False,fewer_than_3_qualified_EUR_GWS_variants,True,,False,intermediate/15b4/comparisons/cmp_9abb59e1c1e89c9f.parquet,intermediate/15b4/comparisons/cmp_9abb59e1c1e89c9f.json,PROCESSED_NOW,396663.0,,396663.0,,8641.0,,8641.0,,True,True,True,False,False,True,False,True,False,True
cmp_075b376d729cbbdc,gt_778e5c879251c610,ADRA1A,Pan-UKB,Pan-UKB::continuous|4080|both_sexes||irnt,"Systolic blood pressure, automated reading",EAS,PRIMARY,False,True,0.01,5e-08,3,50,4095,4095,4095.0,0,4095,0,4095,4095,3848,1641,1641,1641,1241,1509,1098,,0,0,,,True,False,,,,,continuous,quant,,,,,True,continuous,quant,,,,,True,False,fewer_than_3_qualified_EUR_GWS_variants,True,,False,intermediate/15b4/comparisons/cmp_075b376d729cbbdc.parquet,intermediate/15b4/comparisons/cmp_075b376d729cbbdc.json,PROCESSED_NOW,396663.0,,396663.0,,2600.0,,2600.0,,True,True,True,False,False,True,False,True,False,True
cmp_c83e9c2788ccbbba,gt_80dcf53b73f82abf,ADRA2B,Pan-UKB,Pan-UKB::continuous|4080|both_sexes||irnt,"Systolic blood pressure, automated reading",CSA,PRIMARY,False,True,0.01,5e-08,3,50,1162,1162,1162.0,0,1162,0,1162,1162,1098,464,464,464,216,401,192,,0,0,,,True,False,,,,,continuous,quant,,,,,True,continuous,quant,,,,,True,False,fewer_than_3_qualified_EUR_GWS_variants,True,,False,intermediate/15b4/comparisons/cmp_c83e9c2788ccbbba.parquet,intermediate/15b4/comparisons/cmp_c83e9c2788ccbbba.json,PROCESSED_NOW,396663.0,,396663.0,,8641.0,,8641.0,,True,True,True,False,False,True,False,True,False,True
cmp_ea007349ac369a60,gt_80dcf53b73f82abf,ADRA2B,Pan-UKB,Pan-UKB::continuous|4080|both_sexes||irnt,"Systolic blood pressure, automated reading",EAS,PRIMARY,False,True,0.01,5e-08,3,50,1162,1162,1162.0,0,1162,0,1162,1162,1098,278,278,278,185,255,164,,0,0,,,True,False,,,,,continuous,quant,,,,,True,continuous,quant,,,,,True,False,fewer_than_3_qualified_EUR_GWS_variants,True,,False,intermediate/15b4/comparisons/cmp_ea007349ac369a60.parquet,intermediate/15b4/comparisons/cmp_ea007349ac369a60.json,PROCESSED_NOW,396663.0,,396663.0,,2600.0,,2600.0,,True,True,True,False,False,True,False,True,False,True
cmp_9ebe2620a7a5ddcd,gt_34ebd8dbd9566ac9,ADRA2C,Pan-UKB,Pan-UKB::continuous|4080|both_sexes||irnt,"Systolic blood pressure, automated reading",CSA,PRIMARY,False,True,0.01,5e-08,3,50,2560,2560,2560.0,0,2560,0,2560,2560,2450,1634,1634,1634,887,1338,835,,0,0,,,True,False,,,,,continuous,quant,,,,,True,continuous,quant,,,,,True,False,fewer_than_3_qualified_EUR_GWS_variants,True,,False,intermediate/15b4/comparisons/cmp_9ebe2620a7a5ddcd.parquet,intermediate/15b4/comparisons/cmp_9ebe2620a7a5ddcd.json,PROCESSED_NOW,396663.0,,396663.0,,8641.0,,8641.0,,True,True,True,False,False,True,False,True,False,True
cmp_b505091a89419c69,gt_34ebd8dbd9566ac9,ADRA2C,Pan-UKB,Pan-UKB::continuous|4080|both_sexes||irnt,"Systolic blood pressure, automated reading",EAS,PRIMARY,False,True,0.01,5e-08,3,50,2560,2560,2560.0,0,2560,0,2560,2560,2450,1003,1003,1003,803,964,755,,0,0,,,True,False,,,,,continuous,quant,,,,,True,continuous,quant,,,,,True,False,fewer_than_3_qualified_EUR_GWS_variants,True,,False,intermediate/15b4/comparisons/cmp_b505091a89419c69.parquet,intermediate/15b4/comparisons/cmp_b505091a89419c69.json,PROCESSED_NOW,396663.0,,396663.0,,2600.0,,2600.0,,True,True,True,False,False,True,False,True,False,True
cmp_09103f39122355d4,gt_bc3d66c41e611627,ADRB1,Pan-UKB,Pan-UKB::continuous|4080|both_sexes||irnt,"Systolic blood pressure, automated reading",CSA,PRIMARY,False,True,0.01,5e-08,3,50,1975,1975,1975.0,0,1975,0,1975,1975,1845,1050,1050,1050,564,899,494,,42,0,,,True,False,,,,,continuous,quant,,,,,True,continuous,quant,,,,,True,True,,True,,False,intermediate/15b4/comparisons/cmp_09103f39122355d4.parquet,intermediate/15b4/comparisons/cmp_09103f39122355d4.json,PROCESSED_NOW,396663.0,,396663.0,,8641.0,,8641.0,,True,True,True,True,True,True,False,True,False,True
cmp_85dc45cb0e4ef696,gt_bc3d66c41e611627,ADRB1,Pan-UKB,Pan-UKB::continuous|4080|both_sexes||irnt,"Systolic blood pressure, automated reading",EAS,PRIMARY,False,True,0.01,5e-08,3,50,1975,1975,1975.0,0,1975,0,1975,1975,1845,694,694,694,503,599,441,,39,0,,,True,False,,,,,continuous,quant,,,,,True,continuous,quant,,,,,True,True,,True,,False,intermediate/15b4/comparisons/cmp_85dc45cb0e4ef696.parquet,intermediate/15b4/comparisons/cmp_85dc45cb0e4ef696.json,PROCESSED_NOW,396663.0,,396663.0,,2600.0,,2600.0,,True,True,True,True,True,True,False,True,False,True
cmp_25209c8791e72f54,gt_dd51df2eca6324d1,ADRB2,Pan-UKB,Pan-UKB::continuous|4080|both_sexes||irnt,"Systolic blood pressure, automated reading",CSA,PRIMARY,False,True,0.01,5e-08,3,50,1759,1759,1759.0,0,1759,0,1759,1759,1654,1225,1225,1225,629,1066,571,,0,0,,,True,False,,,,,continuous,quant,,,,,True,continuous,quant,,,,,True,False,fewer_than_3_qualified_EUR_GWS_variants,True,,False,intermediate/15b4/comparisons/cmp_25209c8791e72f54.parquet,intermediate/15b4/comparisons/cmp_25209c8791e72f54.json,PROCESSED_NOW,396663.0,,396663.0,,8641.0,,8641.0,,True,True,True,False,False,True,False,True,False,True
cmp_56f6aed3310d1b39,gt_dd51df2eca6324d1,ADRB2,Pan-UKB,Pan-UKB::continuous|4080|both_sexes||irnt,"Systolic blood pressure, automated reading",EAS,PRIMARY,False,True,0.01,5e-08,3,50,1759,1759,1759.0,0,1759,0,1759,1759,1654,876,876,876,571,807,518,,0,0,,,True,False,,,,,continuous,quant,,,,,True,continuous,quant,,,,,True,False,fewer_than_3_qualified_EUR_GWS_variants,True,,False,intermediate/15b4/comparisons/cmp_56f6aed3310d1b39.parquet,intermediate/15b4/comparisons/cmp_56f6aed3310d1b39.json,PROCESSED_NOW,396663.0,,396663.0,,2600.0,,2600.0,,True,True,True,False,False,True,False,True,False,True
cmp_a71751d3a9a8568a,gt_61f02eac2207e85d,AGT,Pan-UKB,Pan-UKB::continuous|4080|both_sexes||irnt,"Systolic blood pressure, automated reading",CSA,PRIMARY,False,True,0.01,5e-08,3,50,2630,2630,2630.0,0,2630,0,2630,2630,2460,1481,1481,1481,938,1319,849,,87,0,,,True,False,,,,,continuous,quant,,,,,True,continuous,quant,,,,,True,True,,True,,False,intermediate/15b4/comparisons/cmp_a71751d3a9a8568a.parquet,intermediate/15b4/comparisons/cmp_a71751d3a9a8568a.json,PROCESSED_NOW,396663.0,,396663.0,,8641.0,,8641.0,,True,True,True,True,True,True,False,True,False,True
cmp_7e1bb91784daf874,gt_61f02eac2207e85d,AGT,Pan-UKB,Pan-UKB::continuous|4080|both_sexes||irnt,"Systolic blood pressure, automated reading",EAS,PRIMARY,False,True,0.01,5e-08,3,50,2630,2630,2630.0,0,2630,0,2630,2630,2460,1012,1012,1012,846,985,760,,87,0,,,True,False,,,,,continuous,quant,,,,,True,continuous,quant,,,,,True,True,,True,,False,intermediate/15b4/comparisons/cmp_7e1bb91784daf874.parquet,intermediate/15b4/comparisons/cmp_7e1bb91784daf874.json,PROCESSED_NOW,396663.0,,396663.0,,2600.0,,2600.0,,True,True,True,True,True,True,False,True,False,True
cmp_a73ebd971255b53d,gt_7713a7fc071de19e,CACNA1C,Pan-UKB,Pan-UKB::continuous|4080|both_sexes||irnt,"Systolic blood pressure, automated reading",CSA,PRIMARY,False,True,0.01,5e-08,3,50,8452,8452,8452.0,0,8452,0,8452,8452,7940,4804,4804,4802,2778,4237,2510,,0,0,,,True,False,,,,,continuous,quant,,,,,True,continuous,quant,,,,,True,False,fewer_than_3_qualified_EUR_GWS_variants,True,,False,intermediate/15b4/comparisons/cmp_a73ebd971255b53d.parquet,intermediate/15b4/comparisons/cmp_a73ebd971255b53d.json,PROCESSED_NOW,396663.0,,396663.0,,8641.0,,8641.0,,True,True,True,False,False,True,False,True,False,True
cmp_0b8353e0ef24feca,gt_7713a7fc071de19e,CACNA1C,Pan-UKB,Pan-UKB::continuous|4080|both_sexes||irnt,"Systolic blood pressure, automated reading",EAS,PRIMARY,False,True,0.01,5e-08,3,50,8452,8452,8452.0,0,8452,0,8452,8452,7940,3090,3090,3089,2096,2891,1872,,0,0,,,True,False,,,,,continuous,quant,,,,,True,continuous,quant,,,,,True,False,fewer_than_3_qualified_EUR_GWS_variants,True,,False,intermediate/15b4/comparisons/cmp_0b8353e0ef24feca.parquet,intermediate/15b4/comparisons/cmp_0b8353e0ef24feca.json,PROCESSED_NOW,396663.0,,396663.0,,2600.0,,2600.0,,True,True,True,False,False,True,False,True,False,True
cmp_be14aa1d87690f1d,gt_13201a039725c0a0,CHRNB4,Pan-UKB,Pan-UKB::continuous|4080|both_sexes||irnt,"Systolic blood pressure, automated reading",CSA,PRIMARY,False,True,0.01,5e-08,3,50,3888,3888,3888.0,0,3888,0,3888,3888,3607,1980,1980,1979,1049,1740,937,,0,0,,,True,False,,,,,continuous,quant,,,,,True,continuous,quant,,,,,True,False,fewer_than_3_qualified_EUR_GWS_variants,True,,False,intermediate/15b4/comparisons/cmp_be14aa1d87690f1d.parquet,intermediate/15b4/comparisons/cmp_be14aa1d87690f1d.json,PROCESSED_NOW,396663.0,,396663.0,,8641.0,,8641.0,,True,True,True,False,False,True,False,True,False,True
cmp_b8b0225d1c9890a2,gt_13201a039725c0a0,CHRNB4,Pan-UKB,Pan-UKB::continuous|4080|both_sexes||irnt,"Systolic blood pressure, automated reading",EAS,PRIMARY,False,True,0.01,5e-08,3,50,3888,3888,3888.0,0,3888,0,3888,3888,3607,1421,1421,1420,968,1357,863,,0,0,,,True,False,,,,,continuous,quant,,,,,True,continuous,quant,,,,,True,False,fewer_than_3_qualified_EUR_GWS_variants,True,,False,intermediate/15b4/comparisons/cmp_b8b0225d1c9890a2.parquet,intermediate/15b4/comparisons/cmp_b8b0225d1c9890a2.json,PROCESSED_NOW,396663.0,,396663.0,,2600.0,,2600.0,,True,True,True,False,False,True,False,True,False,True
cmp_454a04f6c939f398,gt_3c1943ce7336242c,CYP11B1,Pan-UKB,Pan-UKB::continuous|4080|both_sexes||irnt,"Systolic blood pressure, automated reading",CSA,PRIMARY,False,True,0.01,5e-08,3,50,2880,2880,2880.0,0,2880,0,2880,2880,2688,1579,1579,1577,1032,1411,923,,98,0,,,True,False,,,,,continuous,quant,,,,,True,continuous,quant,,,,,True,True,,True,,False,intermediate/15b4/comparisons/cmp_454a04f6c939f398.parquet,intermediate/15b4/comparisons/cmp_454a04f6c939f398.json,PROCESSED_NOW,396663.0,,396663.0,,8641.0,,8641.0,,True,True,True,True,True,True,False,True,False,True
cmp_d0eae1c3d6328e31,gt_3c1943ce7336242c,CYP11B1,Pan-UKB,Pan-UKB::continuous|4080|both_sexes||irnt,"Systolic blood pressure, automated reading",EAS,PRIMARY,False,True,0.01,5e-08,3,50,2880,2880,2880.0,0,2880,0,2880,2880,2688,1159,1159,1158,820,1082,733,,98,0,,,True,False,,,,,continuous,quant,,,,,True,continuous,quant,,,,,True,True,,True,,False,intermediate/15b4/comparisons/cmp_d0eae1c3d6328e31.parquet,intermediate/15b4/comparisons/cmp_d0eae1c3d6328e31.json,PROCESSED_NOW,396663.0,,396663.0,,2600.0,,2600.0,,True,True,True,True,True,True,False,True,False,True
cmp_5d17c0529b2b7df9,gt_3530535fddf90eba,CYP11B2,Pan-UKB,Pan-UKB::continuous|4080|both_sexes||irnt,"Systolic blood pressure, automated reading",CSA,PRIMARY,False,True,0.01,5e-08,3,50,2772,2772,2772.0,0,2772,0,2772,2772,2579,1529,1529,1528,986,1383,874,,100,0,,,True,False,,,,,continuous,quant,,,,,True,continuous,quant,,,,,True,True,,True,,False,intermediate/15b4/comparisons/cmp_5d17c0529b2b7df9.parquet,intermediate/15b4/comparisons/cmp_5d17c0529b2b7df9.json,PROCESSED_NOW,396663.0,,396663.0,,8641.0,,8641.0,,True,True,True,True,True,True,False,True,False,True
cmp_29b2c4ab14aed1a5,gt_3530535fddf90eba,CYP11B2,Pan-UKB,Pan-UKB::continuous|4080|both_sexes||irnt,"Systolic blood pressure, automated reading",EAS,PRIMARY,False,True,0.01,5e-08,3,50,2772,2772,2772.0,0,2772,0,2772,2772,2579,1133,1133,1133,768,1075,678,,100,0,,,True,False,,,,,continuous,quant,,,,,True,continuous,quant,,,,,True,True,,True,,False,intermediate/15b4/comparisons/cmp_29b2c4ab14aed1a5.parquet,intermediate/15b4/comparisons/cmp_29b2c4ab14aed1a5.json,PROCESSED_NOW,396663.0,,396663.0,,2600.0,,2600.0,,True,True,True,True,True,True,False,True,False,True
cmp_c3d72cc117775048,gt_6afbe24c58790493,EDNRA,Pan-UKB,Pan-UKB::continuous|4080|both_sexes||irnt,"Systolic blood pressure, automated reading",CSA,PRIMARY,False,True,0.01,5e-08,3,50,2579,2579,2579.0,0,2579,0,2579,2579,2405,1517,1517,1517,784,1273,695,,0,0,,,True,False,,,,,continuous,quant,,,,,True,continuous,quant,,,,,True,False,fewer_than_3_qualified_EUR_GWS_variants,True,,False,intermediate/15b4/comparisons/cmp_c3d72cc117775048.parquet,intermediate/15b4/comparisons/cmp_c3d72cc117775048.json,PROCESSED_NOW,396663.0,,396663.0,,8641.0,,8641.0,,True,True,True,False,False,True,False,True,False,True
cmp_8287430549ba3f6f,gt_6afbe24c58790493,EDNRA,Pan-UKB,Pan-UKB::continuous|4080|both_sexes||irnt,"Systolic blood pressure, automated reading",EAS,PRIMARY,False,True,0.01,5e-08,3,50,2579,2579,2579.0,0,2579,0,2579,2579,2405,883,883,883,747,840,659,,0,0,,,True,False,,,,,continuous,quant,,,,,True,continuous,quant,,,,,True,False,fewer_than_3_qualified_EUR_GWS_variants,True,,False,intermediate/15b4/comparisons/cmp_8287430549ba3f6f.parquet,intermediate/15b4/comparisons/cmp_8287430549ba3f6f.json,PROCESSED_NOW,396663.0,,396663.0,,2600.0,,2600.0,,True,True,True,False,False,True,False,True,False,True
cmp_78733159446ee1c5,gt_43ad728cfa624725,MME,Pan-UKB,Pan-UKB::continuous|4080|both_sexes||irnt,"Systolic blood pressure, automated reading",CSA,PRIMARY,False,True,0.01,5e-08,3,50,2696,2696,2696.0,0,2696,0,2696,2696,2503,1738,1738,1738,940,1547,828,,0,0,,,True,False,,,,,continuous,quant,,,,,True,continuous,quant,,,,,True,False,fewer_than_3_qualified_EUR_GWS_variants,True,,False,intermediate/15b4/comparisons/cmp_78733159446ee1c5.parquet,intermediate/15b4/comparisons/cmp_78733159446ee1c5.json,PROCESSED_NOW,396663.0,,396663.0,,8641.0,,8641.0,,True,True,True,False,False,True,False,True,False,True
cmp_aeab0c904bc9969c,gt_43ad728cfa624725,MME,Pan-UKB,Pan-UKB::continuous|4080|both_sexes||irnt,"Systolic blood pressure, automated reading",EAS,PRIMARY,False,True,0.01,5e-08,3,50,2696,2696,2696.0,0,2696,0,2696,2696,2503,1199,1199,1199,725,1070,631,,0,0,,,True,False,,,,,continuous,quant,,,,,True,continuous,quant,,,,,True,False,fewer_than_3_qualified_EUR_GWS_variants,True,,False,intermediate/15b4/comparisons/cmp_aeab0c904bc9969c.parquet,intermediate/15b4/comparisons/cmp_aeab0c904bc9969c.json,PROCESSED_NOW,396663.0,,396663.0,,2600.0,,2600.0,,True,True,True,False,False,True,False,True,False,True
cmp_8b7c116033df75f8,gt_22ad0384b0265c27,NPR1,Pan-UKB,Pan-UKB::continuous|4080|both_sexes||irnt,"Systolic blood pressure, automated reading",CSA,PRIMARY,False,True,0.01,5e-08,3,50,1741,1741,1741.0,0,1741,0,1741,1741,1583,884,884,884,454,731,351,,0,0,,,True,False,,,,,continuous,quant,,,,,True,continuous,quant,,,,,True,False,fewer_than_3_qualified_EUR_GWS_variants,True,,False,intermediate/15b4/comparisons/cmp_8b7c116033df75f8.parquet,intermediate/15b4/comparisons/cmp_8b7c116033df75f8.json,PROCESSED_NOW,396663.0,,396663.0,,8641.0,,8641.0,,True,True,True,False,False,True,False,True,False,True
cmp_808eea98958b88ae,gt_22ad0384b0265c27,NPR1,Pan-UKB,Pan-UKB::continuous|4080|both_sexes||irnt,"Systolic blood pressure, automated reading",EAS,PRIMARY,False,True,0.01,5e-08,3,50,1741,1741,1741.0,0,1741,0,1741,1741,1583,510,510,510,318,478,235,,0,0,,,True,False,,,,,continuous,quant,,,,,True,continuous,quant,,,,,True,False,fewer_than_3_qualified_EUR_GWS_variants,True,,False,intermediate/15b4/comparisons/cmp_808eea98958b88ae.parquet,intermediate/15b4/comparisons/cmp_808eea98958b88ae.json,PROCESSED_NOW,396663.0,,396663.0,,2600.0,,2600.0,,True,True,True,False,False,True,False,True,False,True
cmp_d78e3ded7cd1e1cc,gt_76b6b2db2844ebcd,OPRL1,Pan-UKB,Pan-UKB::continuous|4080|both_sexes||irnt,"Systolic blood pressure, automated reading",CSA,PRIMARY,False,True,0.01,5e-08,3,50,2030,2030,2030.0,0,2030,0,2030,2030,1886,1103,1103,1103,555,978,481,,24,0,,,True,False,,,,,continuous,quant,,,,,True,continuous,quant,,,,,True,True,,True,,False,intermediate/15b4/comparisons/cmp_d78e3ded7cd1e1cc.parquet,intermediate/15b4/comparisons/cmp_d78e3ded7cd1e1cc.json,PROCESSED_NOW,396663.0,,396663.0,,8641.0,,8641.0,,True,True,True,True,True,True,False,True,False,True
cmp_a4a6c8c04a2615d6,gt_76b6b2db2844ebcd,OPRL1,Pan-UKB,Pan-UKB::continuous|4080|both_sexes||irnt,"Systolic blood pressure, automated reading",EAS,PRIMARY,False,True,0.01,5e-08,3,50,2030,2030,2030.0,0,2030,0,2030,2030,1886,643,643,643,412,591,353,,24,0,,,True,False,,,,,continuous,quant,,,,,True,continuous,quant,,,,,True,True,,True,,False,intermediate/15b4/comparisons/cmp_a4a6c8c04a2615d6.parquet,intermediate/15b4/comparisons/cmp_a4a6c8c04a2615d6.json,PROCESSED_NOW,396663.0,,396663.0,,2600.0,,2600.0,,True,True,True,True,True,True,False,True,False,True
cmp_c49e59890b6661ec,gt_314ec6244a757331,PDE5A,Pan-UKB,Pan-UKB::continuous|4080|both_sexes||irnt,"Systolic blood pressure, automated reading",CSA,PRIMARY,False,True,0.01,5e-08,3,50,4132,4132,4132.0,0,4132,0,4132,4132,3784,1954,1954,1954,1334,1777,1163,,0,0,,,True,False,,,,,continuous,quant,,,,,True,continuous,quant,,,,,True,False,fewer_than_3_qualified_EUR_GWS_variants,True,,False,intermediate/15b4/comparisons/cmp_c49e59890b6661ec.parquet,intermediate/15b4/comparisons/cmp_c49e59890b6661ec.json,PROCESSED_NOW,396663.0,,396663.0,,8641.0,,8641.0,,True,True,True,False,False,True,False,True,False,True
cmp_8ee817355bbb2bbf,gt_314ec6244a757331,PDE5A,Pan-UKB,Pan-UKB::continuous|4080|both_sexes||irnt,"Systolic blood pressure, automated reading",EAS,PRIMARY,False,True,0.01,5e-08,3,50,4132,4132,4132.0,0,4132,0,4132,4132,3784,1499,1499,1499,1210,1431,1050,,0,0,,,True,False,,,,,continuous,quant,,,,,True,continuous,quant,,,,,True,False,fewer_than_3_qualified_EUR_GWS_variants,True,,False,intermediate/15b4/comparisons/cmp_8ee817355bbb2bbf.parquet,intermediate/15b4/comparisons/cmp_8ee817355bbb2bbf.json,PROCESSED_NOW,396663.0,,396663.0,,2600.0,,2600.0,,True,True,True,False,False,True,False,True,False,True
cmp_ab04299a68fabf68,gt_b47ca6ecb9b21bb9,REN,Pan-UKB,Pan-UKB::continuous|4080|both_sexes||irnt,"Systolic blood pressure, automated reading",CSA,PRIMARY,False,True,0.01,5e-08,3,50,2004,2004,2004.0,0,2004,0,2004,2004,1878,1120,1120,1120,628,964,559,,3,0,,,True,False,,,,,continuous,quant,,,,,True,continuous,quant,,,,,True,True,,True,,False,intermediate/15b4/comparisons/cmp_ab04299a68fabf68.parquet,intermediate/15b4/comparisons/cmp_ab04299a68fabf68.json,PROCESSED_NOW,396663.0,,396663.0,,8641.0,,8641.0,,True,True,True,True,True,True,False,True,False,True
cmp_e6a4ccbeffb610bc,gt_b47ca6ecb9b21bb9,REN,Pan-UKB,Pan-UKB::continuous|4080|both_sexes||irnt,"Systolic blood pressure, automated reading",EAS,PRIMARY,False,True,0.01,5e-08,3,50,2004,2004,2004.0,0,2004,0,2004,2004,1878,704,704,704,495,670,434,,3,0,,,True,False,,,,,continuous,quant,,,,,True,continuous,quant,,,,,True,True,,True,,False,intermediate/15b4/comparisons/cmp_e6a4ccbeffb610bc.parquet,intermediate/15b4/comparisons/cmp_e6a4ccbeffb610bc.json,PROCESSED_NOW,396663.0,,396663.0,,2600.0,,2600.0,,True,True,True,True,True,True,False,True,False,True
cmp_4a83e585c686b53b,gt_f2aa2535296b990b,SLC12A2,Pan-UKB,Pan-UKB::continuous|4080|both_sexes||irnt,"Systolic blood pressure, automated reading",CSA,PRIMARY,False,True,0.01,5e-08,3,50,2726,2726,2726.0,0,2726,0,2726,2726,2520,1210,1210,1210,521,953,452,,0,0,,,True,False,,,,,continuous,quant,,,,,True,continuous,quant,,,,,True,False,fewer_than_3_qualified_EUR_GWS_variants,True,,False,intermediate/15b4/comparisons/cmp_4a83e585c686b53b.parquet,intermediate/15b4/comparisons/cmp_4a83e585c686b53b.json,PROCESSED_NOW,396663.0,,396663.0,,8641.0,,8641.0,,True,True,True,False,False,True,False,True,False,True
cmp_4748ded11908badf,gt_f2aa2535296b990b,SLC12A2,Pan-UKB,Pan-UKB::continuous|4080|both_sexes||irnt,"Systolic blood pressure, automated reading",EAS,PRIMARY,False,True,0.01,5e-08,3,50,2726,2726,2726.0,0,2726,0,2726,2726,2520,564,564,564,446,531,389,,0,0,,,True,False,,,,,continuous,quant,,,,,True,continuous,quant,,,,,True,False,fewer_than_3_qualified_EUR_GWS_variants,True,,False,intermediate/15b4/comparisons/cmp_4748ded11908badf.parquet,intermediate/15b4/comparisons/cmp_4748ded11908badf.json,PROCESSED_NOW,396663.0,,396663.0,,2600.0,,2600.0,,True,True,True,False,False,True,False,True,False,True
cmp_a06fa49218dbd2d7,gt_f2d33ec15e3abce2,VDR,Pan-UKB,Pan-UKB::continuous|4080|both_sexes||irnt,"Systolic blood pressure, automated reading",CSA,PRIMARY,False,True,0.01,5e-08,3,50,3134,3134,3134.0,0,3134,0,3134,3134,2949,1750,1750,1750,1014,1518,911,,17,0,,,True,False,,,,,continuous,quant,,,,,True,continuous,quant,,,,,True,True,,True,,False,intermediate/15b4/comparisons/cmp_a06fa49218dbd2d7.parquet,intermediate/15b4/comparisons/cmp_a06fa49218dbd2d7.json,PROCESSED_NOW,396663.0,,396663.0,,8641.0,,8641.0,,True,True,True,True,True,True,False,True,False,True
cmp_e07d4854fed91dc1,gt_f2d33ec15e3abce2,VDR,Pan-UKB,Pan-UKB::continuous|4080|both_sexes||irnt,"Systolic blood pressure, automated reading",EAS,PRIMARY,False,True,0.01,5e-08,3,50,3134,3134,3134.0,0,3134,0,3134,3134,2949,1178,1178,1178,863,1138,767,,17,0,,,True,False,,,,,continuous,quant,,,,,True,continuous,quant,,,,,True,True,,True,,False,intermediate/15b4/comparisons/cmp_e07d4854fed91dc1.parquet,intermediate/15b4/comparisons/cmp_e07d4854fed91dc1.json,PROCESSED_NOW,396663.0,,396663.0,,2600.0,,2600.0,,True,True,True,True,True,True,False,True,False,True
cmp_38f6078f8c287863,gt_ff22c9719815d876,ALOX5,Pan-UKB,Pan-UKB::biomarkers|30870|both_sexes||irnt,Triglycerides,AFR,PRIMARY,False,True,0.01,5e-08,3,50,3627,3627,3627.0,0,3627,0,3627,3627,3387,2058,2058,2058,922,1781,823,,0,0,,,True,False,,,,,biomarkers,quant,,,,,True,biomarkers,quant,,,,,True,False,fewer_than_3_qualified_EUR_GWS_variants,True,,False,intermediate/15b4/comparisons/cmp_38f6078f8c287863.parquet,intermediate/15b4/comparisons/cmp_38f6078f8c287863.json,PROCESSED_NOW,400639.0,,400639.0,,6211.0,,6211.0,,True,True,True,False,False,True,False,True,False,True
cmp_f963e229e26ef254,gt_ff22c9719815d876,ALOX5,Pan-UKB,Pan-UKB::biomarkers|30870|both_sexes||irnt,Triglycerides,CSA,PRIMARY,False,True,0.01,5e-08,3,50,3627,3627,3627.0,0,3627,0,3627,3627,3387,1761,1761,1761,1015,1585,911,,0,0,,,True,False,,,,,biomarkers,quant,,,,,True,biomarkers,quant,,,,,True,False,fewer_than_3_qualified_EUR_GWS_variants,True,,False,intermediate/15b4/comparisons/cmp_f963e229e26ef254.parquet,intermediate/15b4/comparisons/cmp_f963e229e26ef254.json,PROCESSED_NOW,400639.0,,400639.0,,8415.0,,8415.0,,True,True,True,False,False,True,False,True,False,True
cmp_3cd145a306cb6a70,gt_ff22c9719815d876,ALOX5,Pan-UKB,Pan-UKB::biomarkers|30870|both_sexes||irnt,Triglycerides,MID,PRIMARY,False,True,0.01,5e-08,3,50,3627,3627,3627.0,0,3627,0,3627,3627,3387,1598,1598,1598,1091,1546,977,,0,0,,,True,False,,,,,biomarkers,quant,,,,,True,biomarkers,quant,,,,,True,False,fewer_than_3_qualified_EUR_GWS_variants,True,,False,intermediate/15b4/comparisons/cmp_3cd145a306cb6a70.parquet,intermediate/15b4/comparisons/cmp_3cd145a306cb6a70.json,PROCESSED_NOW,400639.0,,400639.0,,1499.0,,1499.0,,True,True,True,False,False,True,False,True,False,True
cmp_29230f9b79750967,gt_b328521a0423f5c5,ANGPTL3,Pan-UKB,Pan-UKB::biomarkers|30870|both_sexes||irnt,Triglycerides,AFR,PRIMARY,False,True,0.01,5e-08,3,50,1298,1298,1298.0,0,1298,0,1298,1298,1173,801,801,760,258,715,208,,204,0,,,True,False,,,,,biomarkers,quant,,,,,True,biomarkers,quant,,,,,True,True,,True,,False,intermediate/15b4/comparisons/cmp_29230f9b79750967.parquet,intermediate/15b4/comparisons/cmp_29230f9b79750967.json,PROCESSED_NOW,400639.0,,400639.0,,6211.0,,6211.0,,True,True,True,True,True,True,False,True,False,True
cmp_f0cf4964e6b5f030,gt_b328521a0423f5c5,ANGPTL3,Pan-UKB,Pan-UKB::biomarkers|30870|both_sexes||irnt,Triglycerides,CSA,PRIMARY,False,True,0.01,5e-08,3,50,1298,1298,1298.0,0,1298,0,1298,1298,1173,642,642,602,295,530,242,,234,120,,,True,False,,,,,biomarkers,quant,,,,,True,biomarkers,quant,,,,,True,True,,True,,True,intermediate/15b4/comparisons/cmp_f0cf4964e6b5f030.parquet,intermediate/15b4/comparisons/cmp_f0cf4964e6b5f030.json,PROCESSED_NOW,400639.0,,400639.0,,8415.0,,8415.0,,True,True,True,True,True,True,True,True,True,True
cmp_1d49c7f6775630d1,gt_b328521a0423f5c5,ANGPTL3,Pan-UKB,Pan-UKB::biomarkers|30870|both_sexes||irnt,Triglycerides,MID,PRIMARY,False,True,0.01,5e-08,3,50,1298,1298,1298.0,0,1298,0,1298,1298,1173,572,572,531,308,514,255,,235,0,,,True,False,,,,,biomarkers,quant,,,,,True,biomarkers,quant,,,,,True,True,,True,,False,intermediate/15b4/comparisons/cmp_1d49c7f6775630d1.parquet,intermediate/15b4/comparisons/cmp_1d49c7f6775630d1.json,PROCESSED_NOW,400639.0,,400639.0,,1499.0,,1499.0,,True,True,True,True,True,True,False,True,False,True
cmp_44f6beefa09c6ba0,gt_37bb10a4689a1bb1,ANGPTL4,Pan-UKB,Pan-UKB::biomarkers|30870|both_sexes||irnt,Triglycerides,AFR,PRIMARY,False,True,0.01,5e-08,3,50,1992,1992,1992.0,0,1992,0,1992,1992,1850,1283,1283,1283,723,1137,632,,143,0,,,True,False,,,,,biomarkers,quant,,,,,True,biomarkers,quant,,,,,True,True,,True,,False,intermediate/15b4/comparisons/cmp_44f6beefa09c6ba0.parquet,intermediate/15b4/comparisons/cmp_44f6beefa09c6ba0.json,PROCESSED_NOW,400639.0,,400639.0,,6211.0,,6211.0,,True,True,True,True,True,True,False,True,False,True
cmp_96ce964d4704c481,gt_37bb10a4689a1bb1,ANGPTL4,Pan-UKB,Pan-UKB::biomarkers|30870|both_sexes||irnt,Triglycerides,CSA,PRIMARY,False,True,0.01,5e-08,3,50,1992,1992,1992.0,0,1992,0,1992,1992,1850,1186,1186,1186,783,1037,690,,146,0,,,True,False,,,,,biomarkers,quant,,,,,True,biomarkers,quant,,,,,True,True,,True,,False,intermediate/15b4/comparisons/cmp_96ce964d4704c481.parquet,intermediate/15b4/comparisons/cmp_96ce964d4704c481.json,PROCESSED_NOW,400639.0,,400639.0,,8415.0,,8415.0,,True,True,True,True,True,True,False,True,False,True
cmp_327b1ec26d6eee5c,gt_37bb10a4689a1bb1,ANGPTL4,Pan-UKB,Pan-UKB::biomarkers|30870|both_sexes||irnt,Triglycerides,MID,PRIMARY,False,True,0.01,5e-08,3,50,1992,1992,1992.0,0,1992,0,1992,1992,1850,1084,1084,1084,790,1023,694,,146,0,,,True,False,,,,,biomarkers,quant,,,,,True,biomarkers,quant,,,,,True,True,,True,,False,intermediate/15b4/comparisons/cmp_327b1ec26d6eee5c.parquet,intermediate/15b4/comparisons/cmp_327b1ec26d6eee5c.json,PROCESSED_NOW,400639.0,,400639.0,,1499.0,,1499.0,,True,True,True,True,True,True,False,True,False,True
cmp_c46c48b6b8c8c0da,gt_e89d07b40f69aeb9,APOB,Pan-UKB,Pan-UKB::biomarkers|30870|both_sexes||irnt,Triglycerides,AFR,PRIMARY,False,True,0.01,5e-08,3,50,2630,2630,2630.0,0,2630,0,2630,2630,2491,1323,1323,1323,443,1158,389,,273,0,,,True,False,,,,,biomarkers,quant,,,,,True,biomarkers,quant,,,,,True,True,,True,,False,intermediate/15b4/comparisons/cmp_c46c48b6b8c8c0da.parquet,intermediate/15b4/comparisons/cmp_c46c48b6b8c8c0da.json,PROCESSED_NOW,400639.0,,400639.0,,6211.0,,6211.0,,True,True,True,True,True,True,False,True,False,True
cmp_cf4e49ee6917e9e7,gt_e89d07b40f69aeb9,APOB,Pan-UKB,Pan-UKB::biomarkers|30870|both_sexes||irnt,Triglycerides,CSA,PRIMARY,False,True,0.01,5e-08,3,50,2630,2630,2630.0,0,2630,0,2630,2630,2491,1191,1191,1191,483,938,427,,280,15,,,True,False,,,,,biomarkers,quant,,,,,True,biomarkers,quant,,,,,True,True,,True,,True,intermediate/15b4/comparisons/cmp_cf4e49ee6917e9e7.parquet,intermediate/15b4/comparisons/cmp_cf4e49ee6917e9e7.json,PROCESSED_NOW,400639.0,,400639.0,,8415.0,,8415.0,,True,True,True,True,True,True,True,True,True,True
cmp_55e72b65deff56f6,gt_e89d07b40f69aeb9,APOB,Pan-UKB,Pan-UKB::biomarkers|30870|both_sexes||irnt,Triglycerides,MID,PRIMARY,False,True,0.01,5e-08,3,50,2630,2630,2630.0,0,2630,0,2630,2630,2491,967,967,967,525,929,466,,286,0,,,True,False,,,,,biomarkers,quant,,,,,True,biomarkers,quant,,,,,True,True,,True,,False,intermediate/15b4/comparisons/cmp_55e72b65deff56f6.parquet,intermediate/15b4/comparisons/cmp_55e72b65deff56f6.json,PROCESSED_NOW,400639.0,,400639.0,,1499.0,,1499.0,,True,True,True,True,True,True,False,True,False,True
cmp_c19fd6087066e5ad,gt_f57de0955fec90d0,APOC3,Pan-UKB,Pan-UKB::biomarkers|30870|both_sexes||irnt,Triglycerides,AFR,PRIMARY,False,True,0.01,5e-08,3,50,2333,2333,2333.0,0,2333,0,2333,2333,2197,1245,1245,1245,569,1122,501,,453,1,,,True,False,,,,,biomarkers,quant,,,,,True,biomarkers,quant,,,,,True,True,,True,,True,intermediate/15b4/comparisons/cmp_c19fd6087066e5ad.parquet,intermediate/15b4/comparisons/cmp_c19fd6087066e5ad.json,PROCESSED_NOW,400639.0,,400639.0,,6211.0,,6211.0,,True,True,True,True,True,True,True,True,True,True
cmp_58feb2f9cd1731f6,gt_f57de0955fec90d0,APOC3,Pan-UKB,Pan-UKB::biomarkers|30870|both_sexes||irnt,Triglycerides,CSA,PRIMARY,False,True,0.01,5e-08,3,50,2333,2333,2333.0,0,2333,0,2333,2333,2197,1137,1137,1137,673,974,599,,516,149,,,True,False,,,,,biomarkers,quant,,,,,True,biomarkers,quant,,,,,True,True,,True,,True,intermediate/15b4/comparisons/cmp_58feb2f9cd1731f6.parquet,intermediate/15b4/comparisons/cmp_58feb2f9cd1731f6.json,PROCESSED_NOW,400639.0,,400639.0,,8415.0,,8415.0,,True,True,True,True,True,True,True,True,True,True
cmp_dfe8569d96c5c6ef,gt_f57de0955fec90d0,APOC3,Pan-UKB,Pan-UKB::biomarkers|30870|both_sexes||irnt,Triglycerides,MID,PRIMARY,False,True,0.01,5e-08,3,50,2333,2333,2333.0,0,2333,0,2333,2333,2197,1082,1082,1082,694,1043,619,,533,0,,,True,False,,,,,biomarkers,quant,,,,,True,biomarkers,quant,,,,,True,True,,True,,False,intermediate/15b4/comparisons/cmp_dfe8569d96c5c6ef.parquet,intermediate/15b4/comparisons/cmp_dfe8569d96c5c6ef.json,PROCESSED_NOW,400639.0,,400639.0,,1499.0,,1499.0,,True,True,True,True,True,True,False,True,False,True
cmp_e54439ed586b3a5c,gt_3de9daa3443abcc6,FGF21,Pan-UKB,Pan-UKB::biomarkers|30870|both_sexes||irnt,Triglycerides,AFR,PRIMARY,False,True,0.01,5e-08,3,50,1914,1914,1914.0,0,1914,0,1914,1914,1785,1259,1259,1259,657,1141,576,,147,0,,,True,False,,,,,biomarkers,quant,,,,,True,biomarkers,quant,,,,,True,True,,True,,False,intermediate/15b4/comparisons/cmp_e54439ed586b3a5c.parquet,intermediate/15b4/comparisons/cmp_e54439ed586b3a5c.json,PROCESSED_NOW,400639.0,,400639.0,,6211.0,,6211.0,,True,True,True,True,True,True,False,True,False,True
cmp_6d7ba361d906c9f1,gt_3de9daa3443abcc6,FGF21,Pan-UKB,Pan-UKB::biomarkers|30870|both_sexes||irnt,Triglycerides,CSA,PRIMARY,False,True,0.01,5e-08,3,50,1914,1914,1914.0,0,1914,0,1914,1914,1785,1158,1158,1158,713,1039,631,,147,0,,,True,False,,,,,biomarkers,quant,,,,,True,biomarkers,quant,,,,,True,True,,True,,False,intermediate/15b4/comparisons/cmp_6d7ba361d906c9f1.parquet,intermediate/15b4/comparisons/cmp_6d7ba361d906c9f1.json,PROCESSED_NOW,400639.0,,400639.0,,8415.0,,8415.0,,True,True,True,True,True,True,False,True,False,True
cmp_c80e5bff31014a68,gt_3de9daa3443abcc6,FGF21,Pan-UKB,Pan-UKB::biomarkers|30870|both_sexes||irnt,Triglycerides,MID,PRIMARY,False,True,0.01,5e-08,3,50,1914,1914,1914.0,0,1914,0,1914,1914,1785,1065,1065,1065,717,1028,636,,147,0,,,True,False,,,,,biomarkers,quant,,,,,True,biomarkers,quant,,,,,True,True,,True,,False,intermediate/15b4/comparisons/cmp_c80e5bff31014a68.parquet,intermediate/15b4/comparisons/cmp_c80e5bff31014a68.json,PROCESSED_NOW,400639.0,,400639.0,,1499.0,,1499.0,,True,True,True,True,True,True,False,True,False,True
cmp_eafab6e5a8a920a4,gt_93b3040bef26dfa3,LPL,Pan-UKB,Pan-UKB::biomarkers|30870|both_sexes||irnt,Triglycerides,AFR,PRIMARY,False,True,0.01,5e-08,3,50,3869,3869,3869.0,0,3869,0,3869,3869,3655,2205,2205,2205,1041,1988,946,,750,1,,,True,False,,,,,biomarkers,quant,,,,,True,biomarkers,quant,,,,,True,True,,True,,True,intermediate/15b4/comparisons/cmp_eafab6e5a8a920a4.parquet,intermediate/15b4/comparisons/cmp_eafab6e5a8a920a4.json,PROCESSED_NOW,400639.0,,400639.0,,6211.0,,6211.0,,True,True,True,True,True,True,True,True,True,True
cmp_9de93e69fed596e7,gt_93b3040bef26dfa3,LPL,Pan-UKB,Pan-UKB::biomarkers|30870|both_sexes||irnt,Triglycerides,CSA,PRIMARY,False,True,0.01,5e-08,3,50,3869,3869,3869.0,0,3869,0,3869,3869,3655,1927,1927,1927,1158,1630,1056,,815,186,,,True,False,,,,,biomarkers,quant,,,,,True,biomarkers,quant,,,,,True,True,,True,,True,intermediate/15b4/comparisons/cmp_9de93e69fed596e7.parquet,intermediate/15b4/comparisons/cmp_9de93e69fed596e7.json,PROCESSED_NOW,400639.0,,400639.0,,8415.0,,8415.0,,True,True,True,True,True,True,True,True,True,True
cmp_4cecb255412bf289,gt_93b3040bef26dfa3,LPL,Pan-UKB,Pan-UKB::biomarkers|30870|both_sexes||irnt,Triglycerides,MID,PRIMARY,False,True,0.01,5e-08,3,50,3869,3869,3869.0,0,3869,0,3869,3869,3655,1715,1715,1715,1169,1618,1067,,819,0,,,True,False,,,,,biomarkers,quant,,,,,True,biomarkers,quant,,,,,True,True,,True,,False,intermediate/15b4/comparisons/cmp_4cecb255412bf289.parquet,intermediate/15b4/comparisons/cmp_4cecb255412bf289.json,PROCESSED_NOW,400639.0,,400639.0,,1499.0,,1499.0,,True,True,True,True,True,True,False,True,False,True
cmp_4d779dc51a2509f0,gt_92c32a34aa51727f,NR1H4,Pan-UKB,Pan-UKB::biomarkers|30870|both_sexes||irnt,Triglycerides,AFR,PRIMARY,False,True,0.01,5e-08,3,50,2683,2683,2683.0,0,2683,0,2683,2683,2521,1451,1451,1451,492,1266,426,,0,0,,,True,False,,,,,biomarkers,quant,,,,,True,biomarkers,quant,,,,,True,False,fewer_than_3_qualified_EUR_GWS_variants,True,,False,intermediate/15b4/comparisons/cmp_4d779dc51a2509f0.parquet,intermediate/15b4/comparisons/cmp_4d779dc51a2509f0.json,PROCESSED_NOW,400639.0,,400639.0,,6211.0,,6211.0,,True,True,True,False,False,True,False,True,False,True
cmp_817e77ccfe88b655,gt_92c32a34aa51727f,NR1H4,Pan-UKB,Pan-UKB::biomarkers|30870|both_sexes||irnt,Triglycerides,CSA,PRIMARY,False,True,0.01,5e-08,3,50,2683,2683,2683.0,0,2683,0,2683,2683,2521,1368,1368,1368,568,1165,497,,0,0,,,True,False,,,,,biomarkers,quant,,,,,True,biomarkers,quant,,,,,True,False,fewer_than_3_qualified_EUR_GWS_variants,True,,False,intermediate/15b4/comparisons/cmp_817e77ccfe88b655.parquet,intermediate/15b4/comparisons/cmp_817e77ccfe88b655.json,PROCESSED_NOW,400639.0,,400639.0,,8415.0,,8415.0,,True,True,True,False,False,True,False,True,False,True
cmp_d5510796e99a279b,gt_92c32a34aa51727f,NR1H4,Pan-UKB,Pan-UKB::biomarkers|30870|both_sexes||irnt,Triglycerides,MID,PRIMARY,False,True,0.01,5e-08,3,50,2683,2683,2683.0,0,2683,0,2683,2683,2521,1086,1086,1086,617,1039,541,,0,0,,,True,False,,,,,biomarkers,quant,,,,,True,biomarkers,quant,,,,,True,False,fewer_than_3_qualified_EUR_GWS_variants,True,,False,intermediate/15b4/comparisons/cmp_d5510796e99a279b.parquet,intermediate/15b4/comparisons/cmp_d5510796e99a279b.json,PROCESSED_NOW,400639.0,,400639.0,,1499.0,,1499.0,,True,True,True,False,False,True,False,True,False,True
cmp_1a57dfd16a3ff231,gt_46f21fc6b2b38cba,PDE3A,Pan-UKB,Pan-UKB::biomarkers|30870|both_sexes||irnt,Triglycerides,AFR,PRIMARY,False,True,0.01,5e-08,3,50,5097,5097,5097.0,0,5097,0,5097,5097,4719,3496,3496,3490,1767,3211,1571,,19,0,,,True,False,,,,,biomarkers,quant,,,,,True,biomarkers,quant,,,,,True,True,,True,,False,intermediate/15b4/comparisons/cmp_1a57dfd16a3ff231.parquet,intermediate/15b4/comparisons/cmp_1a57dfd16a3ff231.json,PROCESSED_NOW,400639.0,,400639.0,,6211.0,,6211.0,,True,True,True,True,True,True,False,True,False,True
cmp_cdad6fec0a6c282b,gt_46f21fc6b2b38cba,PDE3A,Pan-UKB,Pan-UKB::biomarkers|30870|both_sexes||irnt,Triglycerides,CSA,PRIMARY,False,True,0.01,5e-08,3,50,5097,5097,5097.0,0,5097,0,5097,5097,4719,3252,3252,3251,2069,2865,1839,,19,0,,,True,False,,,,,biomarkers,quant,,,,,True,biomarkers,quant,,,,,True,True,,True,,False,intermediate/15b4/comparisons/cmp_cdad6fec0a6c282b.parquet,intermediate/15b4/comparisons/cmp_cdad6fec0a6c282b.json,PROCESSED_NOW,400639.0,,400639.0,,8415.0,,8415.0,,True,True,True,True,True,True,False,True,False,True
cmp_61eb1426b5acf70c,gt_46f21fc6b2b38cba,PDE3A,Pan-UKB,Pan-UKB::biomarkers|30870|both_sexes||irnt,Triglycerides,MID,PRIMARY,False,True,0.01,5e-08,3,50,5097,5097,5097.0,0,5097,0,5097,5097,4719,2857,2857,2851,2078,2756,1847,,19,0,,,True,False,,,,,biomarkers,quant,,,,,True,biomarkers,quant,,,,,True,True,,True,,False,intermediate/15b4/comparisons/cmp_61eb1426b5acf70c.parquet,intermediate/15b4/comparisons/cmp_61eb1426b5acf70c.json,PROCESSED_NOW,400639.0,,400639.0,,1499.0,,1499.0,,True,True,True,True,True,True,False,True,False,True
cmp_98c28405614ba81d,gt_82f82416b351979f,PDE4A,Pan-UKB,Pan-UKB::biomarkers|30870|both_sexes||irnt,Triglycerides,AFR,PRIMARY,False,True,0.01,5e-08,3,50,2878,2878,2878.0,0,2878,0,2878,2878,2635,1506,1506,1506,672,1349,551,,0,0,,,True,False,,,,,biomarkers,quant,,,,,True,biomarkers,quant,,,,,True,False,fewer_than_3_qualified_EUR_GWS_variants,True,,False,intermediate/15b4/comparisons/cmp_98c28405614ba81d.parquet,intermediate/15b4/comparisons/cmp_98c28405614ba81d.json,PROCESSED_NOW,400639.0,,400639.0,,6211.0,,6211.0,,True,True,True,False,False,True,False,True,False,True
cmp_7cda2348ac1402ce,gt_82f82416b351979f,PDE4A,Pan-UKB,Pan-UKB::biomarkers|30870|both_sexes||irnt,Triglycerides,CSA,PRIMARY,False,True,0.01,5e-08,3,50,2878,2878,2878.0,0,2878,0,2878,2878,2635,1472,1472,1472,797,1245,672,,0,0,,,True,False,,,,,biomarkers,quant,,,,,True,biomarkers,quant,,,,,True,False,fewer_than_3_qualified_EUR_GWS_variants,True,,False,intermediate/15b4/comparisons/cmp_7cda2348ac1402ce.parquet,intermediate/15b4/comparisons/cmp_7cda2348ac1402ce.json,PROCESSED_NOW,400639.0,,400639.0,,8415.0,,8415.0,,True,True,True,False,False,True,False,True,False,True
cmp_9715fd6d74c7f0b1,gt_82f82416b351979f,PDE4A,Pan-UKB,Pan-UKB::biomarkers|30870|both_sexes||irnt,Triglycerides,MID,PRIMARY,False,True,0.01,5e-08,3,50,2878,2878,2878.0,0,2878,0,2878,2878,2635,1209,1209,1209,804,1139,677,,0,0,,,True,False,,,,,biomarkers,quant,,,,,True,biomarkers,quant,,,,,True,False,fewer_than_3_qualified_EUR_GWS_variants,True,,False,intermediate/15b4/comparisons/cmp_9715fd6d74c7f0b1.parquet,intermediate/15b4/comparisons/cmp_9715fd6d74c7f0b1.json,PROCESSED_NOW,400639.0,,400639.0,,1499.0,,1499.0,,True,True,True,False,False,True,False,True,False,True
cmp_fec2972dccc6591e,gt_ef9194fedfad3efd,PDE4B,Pan-UKB,Pan-UKB::biomarkers|30870|both_sexes||irnt,Triglycerides,AFR,PRIMARY,False,True,0.01,5e-08,3,50,7264,7264,7264.0,0,7264,0,7264,7264,6794,4331,4331,4281,2019,3942,1796,,0,0,,,True,False,,,,,biomarkers,quant,,,,,True,biomarkers,quant,,,,,True,False,fewer_than_3_qualified_EUR_GWS_variants,True,,False,intermediate/15b4/comparisons/cmp_fec2972dccc6591e.parquet,intermediate/15b4/comparisons/cmp_fec2972dccc6591e.json,PROCESSED_NOW,400639.0,,400639.0,,6211.0,,6211.0,,True,True,True,False,False,True,False,True,False,True
cmp_f7e5de3a947334ca,gt_ef9194fedfad3efd,PDE4B,Pan-UKB,Pan-UKB::biomarkers|30870|both_sexes||irnt,Triglycerides,CSA,PRIMARY,False,True,0.01,5e-08,3,50,7264,7264,7264.0,0,7264,0,7264,7264,6794,3956,3956,3914,2155,3250,1920,,0,0,,,True,False,,,,,biomarkers,quant,,,,,True,biomarkers,quant,,,,,True,False,fewer_than_3_qualified_EUR_GWS_variants,True,,False,intermediate/15b4/comparisons/cmp_f7e5de3a947334ca.parquet,intermediate/15b4/comparisons/cmp_f7e5de3a947334ca.json,PROCESSED_NOW,400639.0,,400639.0,,8415.0,,8415.0,,True,True,True,False,False,True,False,True,False,True
cmp_49e7143e7f8d9dbc,gt_ef9194fedfad3efd,PDE4B,Pan-UKB,Pan-UKB::biomarkers|30870|both_sexes||irnt,Triglycerides,MID,PRIMARY,False,True,0.01,5e-08,3,50,7264,7264,7264.0,0,7264,0,7264,7264,6794,3487,3487,3437,2288,3291,2041,,0,0,,,True,False,,,,,biomarkers,quant,,,,,True,biomarkers,quant,,,,,True,False,fewer_than_3_qualified_EUR_GWS_variants,True,,False,intermediate/15b4/comparisons/cmp_49e7143e7f8d9dbc.parquet,intermediate/15b4/comparisons/cmp_49e7143e7f8d9dbc.json,PROCESSED_NOW,400639.0,,400639.0,,1499.0,,1499.0,,True,True,True,False,False,True,False,True,False,True
cmp_e332121c7099d932,gt_f4a47c2532951932,PDE4C,Pan-UKB,Pan-UKB::biomarkers|30870|both_sexes||irnt,Triglycerides,AFR,PRIMARY,False,True,0.01,5e-08,3,50,2430,2430,2430.0,0,2430,0,2430,2430,2216,1545,1545,1545,804,1408,676,,21,0,,,True,False,,,,,biomarkers,quant,,,,,True,biomarkers,quant,,,,,True,True,,True,,False,intermediate/15b4/comparisons/cmp_e332121c7099d932.parquet,intermediate/15b4/comparisons/cmp_e332121c7099d932.json,PROCESSED_NOW,400639.0,,400639.0,,6211.0,,6211.0,,True,True,True,True,True,True,False,True,False,True
cmp_d3557144640dfefd,gt_f4a47c2532951932,PDE4C,Pan-UKB,Pan-UKB::biomarkers|30870|both_sexes||irnt,Triglycerides,CSA,PRIMARY,False,True,0.01,5e-08,3,50,2430,2430,2430.0,0,2430,0,2430,2430,2216,1347,1347,1347,860,1174,731,,21,0,,,True,False,,,,,biomarkers,quant,,,,,True,biomarkers,quant,,,,,True,True,,True,,False,intermediate/15b4/comparisons/cmp_d3557144640dfefd.parquet,intermediate/15b4/comparisons/cmp_d3557144640dfefd.json,PROCESSED_NOW,400639.0,,400639.0,,8415.0,,8415.0,,True,True,True,True,True,True,False,True,False,True
cmp_dcdb5a56195717e1,gt_f4a47c2532951932,PDE4C,Pan-UKB,Pan-UKB::biomarkers|30870|both_sexes||irnt,Triglycerides,MID,PRIMARY,False,True,0.01,5e-08,3,50,2430,2430,2430.0,0,2430,0,2430,2430,2216,1237,1237,1237,898,1190,766,,21,0,,,True,False,,,,,biomarkers,quant,,,,,True,biomarkers,quant,,,,,True,True,,True,,False,intermediate/15b4/comparisons/cmp_dcdb5a56195717e1.parquet,intermediate/15b4/comparisons/cmp_dcdb5a56195717e1.json,PROCESSED_NOW,400639.0,,400639.0,,1499.0,,1499.0,,True,True,True,True,True,True,False,True,False,True
cmp_953452341267199d,gt_2ac1949db32bd35d,PPARA,Pan-UKB,Pan-UKB::biomarkers|30870|both_sexes||irnt,Triglycerides,AFR,PRIMARY,False,True,0.01,5e-08,3,50,2277,2277,2277.0,0,2277,0,2277,2277,2136,1592,1592,1591,739,1419,665,,217,0,,,True,False,,,,,biomarkers,quant,,,,,True,biomarkers,quant,,,,,True,True,,True,,False,intermediate/15b4/comparisons/cmp_953452341267199d.parquet,intermediate/15b4/comparisons/cmp_953452341267199d.json,PROCESSED_NOW,400639.0,,400639.0,,6211.0,,6211.0,,True,True,True,True,True,True,False,True,False,True
cmp_93ce22fec7c85bd8,gt_2ac1949db32bd35d,PPARA,Pan-UKB,Pan-UKB::biomarkers|30870|both_sexes||irnt,Triglycerides,CSA,PRIMARY,False,True,0.01,5e-08,3,50,2277,2277,2277.0,0,2277,0,2277,2277,2136,1393,1393,1393,830,1178,752,,238,0,,,True,False,,,,,biomarkers,quant,,,,,True,biomarkers,quant,,,,,True,True,,True,,False,intermediate/15b4/comparisons/cmp_93ce22fec7c85bd8.parquet,intermediate/15b4/comparisons/cmp_93ce22fec7c85bd8.json,PROCESSED_NOW,400639.0,,400639.0,,8415.0,,8415.0,,True,True,True,True,True,True,False,True,False,True
cmp_865bbb5c349bf4f3,gt_2ac1949db32bd35d,PPARA,Pan-UKB,Pan-UKB::biomarkers|30870|both_sexes||irnt,Triglycerides,MID,PRIMARY,False,True,0.01,5e-08,3,50,2277,2277,2277.0,0,2277,0,2277,2277,2136,1334,1334,1334,877,1306,799,,239,0,,,True,False,,,,,biomarkers,quant,,,,,True,biomarkers,quant,,,,,True,True,,True,,False,intermediate/15b4/comparisons/cmp_865bbb5c349bf4f3.parquet,intermediate/15b4/comparisons/cmp_865bbb5c349bf4f3.json,PROCESSED_NOW,400639.0,,400639.0,,1499.0,,1499.0,,True,True,True,True,True,True,False,True,False,True
cmp_112d8ff54d63db77,gt_44be73ebd0d0a1ce,PPARG,Pan-UKB,Pan-UKB::biomarkers|30870|both_sexes||irnt,Triglycerides,AFR,PRIMARY,False,True,0.01,5e-08,3,50,3838,3838,3838.0,0,3838,0,3838,3838,3561,2131,2131,2131,866,1870,731,,163,0,,,True,False,,,,,biomarkers,quant,,,,,True,biomarkers,quant,,,,,True,True,,True,,False,intermediate/15b4/comparisons/cmp_112d8ff54d63db77.parquet,intermediate/15b4/comparisons/cmp_112d8ff54d63db77.json,PROCESSED_NOW,400639.0,,400639.0,,6211.0,,6211.0,,True,True,True,True,True,True,False,True,False,True
cmp_d046571b4d69c0ca,gt_44be73ebd0d0a1ce,PPARG,Pan-UKB,Pan-UKB::biomarkers|30870|both_sexes||irnt,Triglycerides,CSA,PRIMARY,False,True,0.01,5e-08,3,50,3838,3838,3838.0,0,3838,0,3838,3838,3561,1841,1841,1841,1031,1500,879,,183,0,,,True,False,,,,,biomarkers,quant,,,,,True,biomarkers,quant,,,,,True,True,,True,,False,intermediate/15b4/comparisons/cmp_d046571b4d69c0ca.parquet,intermediate/15b4/comparisons/cmp_d046571b4d69c0ca.json,PROCESSED_NOW,400639.0,,400639.0,,8415.0,,8415.0,,True,True,True,True,True,True,False,True,False,True
cmp_f27a27d52a7eddbe,gt_44be73ebd0d0a1ce,PPARG,Pan-UKB,Pan-UKB::biomarkers|30870|both_sexes||irnt,Triglycerides,MID,PRIMARY,False,True,0.01,5e-08,3,50,3838,3838,3838.0,0,3838,0,3838,3838,3561,1683,1683,1683,1069,1611,915,,183,0,,,True,False,,,,,biomarkers,quant,,,,,True,biomarkers,quant,,,,,True,True,,True,,False,intermediate/15b4/comparisons/cmp_f27a27d52a7eddbe.parquet,intermediate/15b4/comparisons/cmp_f27a27d52a7eddbe.json,PROCESSED_NOW,400639.0,,400639.0,,1499.0,,1499.0,,True,True,True,True,True,True,False,True,False,True
cmp_8a50a9834b33764d,gt_e879daaa8470efb6,CSF3R,Pan-UKB,Pan-UKB::continuous|30000|both_sexes||irnt,White blood cell (leukocyte) count,CSA,PRIMARY,False,True,0.01,5e-08,3,50,2160,2160,2160.0,0,2160,0,2160,2160,2024,1241,1241,1241,745,1069,664,,90,0,,,True,False,,,,,continuous,quant,,,,,True,continuous,quant,,,,,True,True,,True,,False,intermediate/15b4/comparisons/cmp_8a50a9834b33764d.parquet,intermediate/15b4/comparisons/cmp_8a50a9834b33764d.json,PROCESSED_NOW,407990.0,,407990.0,,8532.0,,8532.0,,True,True,True,True,True,True,False,True,False,True
