gene,candidate_source,candidate_trait_key,candidate_trait_name,phenotype_id,genome_build,canonical_group,gene_trait_uid,unit_analysis_role,locked_mapping_tier,mapping_tiers_contributing,roles_contributing,n_pair_trait_rows,n_target_indication_pairs,n_indications,indication_mesh_ids,indications,pools,n_A_pairs,n_B_pairs,mixed_pool,primary_approval_eligible,sensitivity_pool_assignment,pops_available,non_eur_pops_available,mapping_uids
ADORA1,GBMI,GBMI::Asthma,Asthma,Asthma,GRCh38,Asthma,gt_24b34ddef722adb5,PRIMARY,Direct disease,Direct disease,PRIMARY,1,1,1,D001249,Asthma,B,0,1,False,True,B,"AFR,AMR,CSA,EAS,EUR","AFR,AMR,CSA,EAS",map_142944bd2f968395
ADORA2B,GBMI,GBMI::Asthma,Asthma,Asthma,GRCh38,Asthma,gt_d1a63f782d9591b6,PRIMARY,Direct disease,Direct disease,PRIMARY,1,1,1,D001249,Asthma,B,0,1,False,True,B,"AFR,AMR,CSA,EAS,EUR","AFR,AMR,CSA,EAS",map_142944bd2f968395
ADRB2,GBMI,GBMI::Asthma,Asthma,Asthma,GRCh38,Asthma,gt_d9617b3ca0a01afd,PRIMARY,Direct disease,Direct disease,PRIMARY,1,1,1,D001249,Asthma,A,1,0,False,True,A,"AFR,AMR,CSA,EAS,EUR","AFR,AMR,CSA,EAS",map_142944bd2f968395
CHRM3,GBMI,GBMI::Asthma,Asthma,Asthma,GRCh38,Asthma,gt_17737ee47ab15a2c,PRIMARY,Direct disease,Direct disease,PRIMARY,1,1,1,D001249,Asthma,B,0,1,False,True,B,"AFR,AMR,CSA,EAS,EUR","AFR,AMR,CSA,EAS",map_142944bd2f968395
CSF2,GBMI,GBMI::Asthma,Asthma,Asthma,GRCh38,Asthma,gt_8ec8b2adc38392c6,PRIMARY,Direct disease,Direct disease,PRIMARY,1,1,1,D001249,Asthma,B,0,1,False,True,B,"AFR,AMR,CSA,EAS,EUR","AFR,AMR,CSA,EAS",map_142944bd2f968395
FGFR3,GBMI,GBMI::Asthma,Asthma,Asthma,GRCh38,Asthma,gt_5a1238ab72b04b53,PRIMARY,Direct disease,Direct disease,PRIMARY,1,1,1,D001249,Asthma,B,0,1,False,True,B,"AFR,AMR,CSA,EAS,EUR","AFR,AMR,CSA,EAS",map_142944bd2f968395
GATA3,GBMI,GBMI::Asthma,Asthma,Asthma,GRCh38,Asthma,gt_519bb947b499daff,PRIMARY,Direct disease,Direct disease,PRIMARY,1,1,1,D001249,Asthma,B,0,1,False,True,B,"AFR,AMR,CSA,EAS,EUR","AFR,AMR,CSA,EAS",map_142944bd2f968395
HRH4,GBMI,GBMI::Asthma,Asthma,Asthma,GRCh38,Asthma,gt_9e0993252b567190,PRIMARY,Direct disease,Direct disease,PRIMARY,1,1,1,D001249,Asthma,B,0,1,False,True,B,"AFR,AMR,CSA,EAS,EUR","AFR,AMR,CSA,EAS",map_142944bd2f968395
IL13,GBMI,GBMI::Asthma,Asthma,Asthma,GRCh38,Asthma,gt_b5915a3fe7e0c8ef,PRIMARY,Direct disease,Direct disease,PRIMARY,1,1,1,D001249,Asthma,B,0,1,False,True,B,"AFR,AMR,CSA,EAS,EUR","AFR,AMR,CSA,EAS",map_142944bd2f968395
IL17RB,GBMI,GBMI::Asthma,Asthma,Asthma,GRCh38,Asthma,gt_643969c79b356830,PRIMARY,Direct disease,Direct disease,PRIMARY,1,1,1,D001249,Asthma,B,0,1,False,True,B,"AFR,AMR,CSA,EAS,EUR","AFR,AMR,CSA,EAS",map_142944bd2f968395
IL1RL1,GBMI,GBMI::Asthma,Asthma,Asthma,GRCh38,Asthma,gt_e0253f9da76890c4,PRIMARY,Direct disease,Direct disease,PRIMARY,1,1,1,D001249,Asthma,B,0,1,False,True,B,"AFR,AMR,CSA,EAS,EUR","AFR,AMR,CSA,EAS",map_142944bd2f968395
IL3,GBMI,GBMI::Asthma,Asthma,Asthma,GRCh38,Asthma,gt_ceb57718dd9864a2,PRIMARY,Direct disease,Direct disease,PRIMARY,1,1,1,D001249,Asthma,B,0,1,False,True,B,"AFR,AMR,CSA,EAS,EUR","AFR,AMR,CSA,EAS",map_142944bd2f968395
IL33,GBMI,GBMI::Asthma,Asthma,Asthma,GRCh38,Asthma,gt_62933438673c2307,PRIMARY,Direct disease,Direct disease,PRIMARY,1,1,1,D001249,Asthma,B,0,1,False,True,B,"AFR,AMR,CSA,EAS,EUR","AFR,AMR,CSA,EAS",map_142944bd2f968395
IL4R,GBMI,GBMI::Asthma,Asthma,Asthma,GRCh38,Asthma,gt_aff18fde645e6a6f,PRIMARY,Direct disease,Direct disease,PRIMARY,1,1,1,D001249,Asthma,A,1,0,False,True,A,"AFR,AMR,CSA,EAS,EUR","AFR,AMR,CSA,EAS",map_142944bd2f968395
IL5,GBMI,GBMI::Asthma,Asthma,Asthma,GRCh38,Asthma,gt_8eacc233dce7b2c8,PRIMARY,Direct disease,Direct disease,PRIMARY,1,1,1,D001249,Asthma,B,0,1,False,True,B,"AFR,AMR,CSA,EAS,EUR","AFR,AMR,CSA,EAS",map_142944bd2f968395
IL6,GBMI,GBMI::Asthma,Asthma,Asthma,GRCh38,Asthma,gt_d2fd12497bba2d5c,PRIMARY,Direct disease,Direct disease,PRIMARY,1,1,1,D001249,Asthma,B,0,1,False,True,B,"AFR,AMR,CSA,EAS,EUR","AFR,AMR,CSA,EAS",map_142944bd2f968395
ITGB7,GBMI,GBMI::Asthma,Asthma,Asthma,GRCh38,Asthma,gt_c0bc9d12d330abef,PRIMARY,Direct disease,Direct disease,PRIMARY,1,1,1,D001249,Asthma,B,0,1,False,True,B,"AFR,AMR,CSA,EAS,EUR","AFR,AMR,CSA,EAS",map_142944bd2f968395
KIT,GBMI,GBMI::Asthma,Asthma,Asthma,GRCh38,Asthma,gt_de7ac7df0be895e9,PRIMARY,Direct disease,Direct disease,PRIMARY,1,1,1,D001249,Asthma,B,0,1,False,True,B,"AFR,AMR,CSA,EAS,EUR","AFR,AMR,CSA,EAS",map_142944bd2f968395
MMP12,GBMI,GBMI::Asthma,Asthma,Asthma,GRCh38,Asthma,gt_db502e5251084f6d,PRIMARY,Direct disease,Direct disease,PRIMARY,1,1,1,D001249,Asthma,B,0,1,False,True,B,"AFR,AMR,CSA,EAS,EUR","AFR,AMR,CSA,EAS",map_142944bd2f968395
NFKB1,GBMI,GBMI::Asthma,Asthma,Asthma,GRCh38,Asthma,gt_e5f710ae8311d02e,PRIMARY,Direct disease,Direct disease,PRIMARY,1,1,1,D001249,Asthma,B,0,1,False,True,B,"AFR,AMR,CSA,EAS,EUR","AFR,AMR,CSA,EAS",map_142944bd2f968395
NR3C1,GBMI,GBMI::Asthma,Asthma,Asthma,GRCh38,Asthma,gt_ae042213ac6b4336,PRIMARY,Direct disease,Direct disease,PRIMARY,1,1,1,D001249,Asthma,A,1,0,False,True,A,"AFR,AMR,CSA,EAS,EUR","AFR,AMR,CSA,EAS",map_142944bd2f968395
P2RY2,GBMI,GBMI::Asthma,Asthma,Asthma,GRCh38,Asthma,gt_b2f382990ec4dea4,PRIMARY,Direct disease,Direct disease,PRIMARY,1,1,1,D001249,Asthma,B,0,1,False,True,B,"AFR,AMR,CSA,EAS,EUR","AFR,AMR,CSA,EAS",map_142944bd2f968395
PDE3A,GBMI,GBMI::Asthma,Asthma,Asthma,GRCh38,Asthma,gt_365c91e7f793fde3,PRIMARY,Direct disease,Direct disease,PRIMARY,1,1,1,D001249,Asthma,B,0,1,False,True,B,"AFR,AMR,CSA,EAS,EUR","AFR,AMR,CSA,EAS",map_142944bd2f968395
PDE4B,GBMI,GBMI::Asthma,Asthma,Asthma,GRCh38,Asthma,gt_9d4cf5ee28185b3f,PRIMARY,Direct disease,Direct disease,PRIMARY,1,1,1,D001249,Asthma,B,0,1,False,True,B,"AFR,AMR,CSA,EAS,EUR","AFR,AMR,CSA,EAS",map_142944bd2f968395
PDE4D,GBMI,GBMI::Asthma,Asthma,Asthma,GRCh38,Asthma,gt_70efb959c61a6093,PRIMARY,Direct disease,Direct disease,PRIMARY,1,1,1,D001249,Asthma,B,0,1,False,True,B,"AFR,AMR,CSA,EAS,EUR","AFR,AMR,CSA,EAS",map_142944bd2f968395
TNFSF15,GBMI,GBMI::Asthma,Asthma,Asthma,GRCh38,Asthma,gt_7f50a9fa80553ca7,PRIMARY,Direct disease,Direct disease,PRIMARY,1,1,1,D001249,Asthma,B,0,1,False,True,B,"AFR,AMR,CSA,EAS,EUR","AFR,AMR,CSA,EAS",map_142944bd2f968395
TNFSF4,GBMI,GBMI::Asthma,Asthma,Asthma,GRCh38,Asthma,gt_a1149966f4c395a3,PRIMARY,Direct disease,Direct disease,PRIMARY,1,1,1,D001249,Asthma,B,0,1,False,True,B,"AFR,AMR,CSA,EAS,EUR","AFR,AMR,CSA,EAS",map_142944bd2f968395
TSLP,GBMI,GBMI::Asthma,Asthma,Asthma,GRCh38,Asthma,gt_9974caf98cb25074,PRIMARY,Direct disease,Direct disease,PRIMARY,1,1,1,D001249,Asthma,A,1,0,False,True,A,"AFR,AMR,CSA,EAS,EUR","AFR,AMR,CSA,EAS",map_142944bd2f968395
TYK2,GBMI,GBMI::Asthma,Asthma,Asthma,GRCh38,Asthma,gt_03d37cdcec9e6d39,PRIMARY,Direct disease,Direct disease,PRIMARY,1,1,1,D001249,Asthma,B,0,1,False,True,B,"AFR,AMR,CSA,EAS,EUR","AFR,AMR,CSA,EAS",map_142944bd2f968395
ADORA1,GBMI,GBMI::COPD,Chronic obstructive pulmonary disease,COPD,GRCh38,COPD,gt_9881a68950024bfa,PRIMARY,Direct disease,Direct disease,PRIMARY,1,1,1,D029424,"Pulmonary Disease, Chronic Obstructive",B,0,1,False,True,B,"AFR,AMR,EAS,EUR","AFR,AMR,EAS",map_c342a950924fe3b4
ADRB2,GBMI,GBMI::COPD,Chronic obstructive pulmonary disease,COPD,GRCh38,COPD,gt_4fb43f1edb670fad,PRIMARY,Direct disease,Direct disease,PRIMARY,1,1,1,D029424,"Pulmonary Disease, Chronic Obstructive",A,1,0,False,True,A,"AFR,AMR,EAS,EUR","AFR,AMR,EAS",map_c342a950924fe3b4
CHRM3,GBMI,GBMI::COPD,Chronic obstructive pulmonary disease,COPD,GRCh38,COPD,gt_8517bb33d43dbd6b,PRIMARY,Direct disease,Direct disease,PRIMARY,1,1,1,D029424,"Pulmonary Disease, Chronic Obstructive",A,1,0,False,True,A,"AFR,AMR,EAS,EUR","AFR,AMR,EAS",map_c342a950924fe3b4
CSF2,GBMI,GBMI::COPD,Chronic obstructive pulmonary disease,COPD,GRCh38,COPD,gt_516ff4c0d959d8ab,PRIMARY,Direct disease,Direct disease,PRIMARY,1,1,1,D029424,"Pulmonary Disease, Chronic Obstructive",B,0,1,False,True,B,"AFR,AMR,EAS,EUR","AFR,AMR,EAS",map_c342a950924fe3b4
EPHX2,GBMI,GBMI::COPD,Chronic obstructive pulmonary disease,COPD,GRCh38,COPD,gt_d84fcd64ca861af7,PRIMARY,Direct disease,Direct disease,PRIMARY,1,1,1,D029424,"Pulmonary Disease, Chronic Obstructive",B,0,1,False,True,B,"AFR,AMR,EAS,EUR","AFR,AMR,EAS",map_c342a950924fe3b4
GATA3,GBMI,GBMI::COPD,Chronic obstructive pulmonary disease,COPD,GRCh38,COPD,gt_9c552df762f04c46,PRIMARY,Direct disease,Direct disease,PRIMARY,1,1,1,D029424,"Pulmonary Disease, Chronic Obstructive",B,0,1,False,True,B,"AFR,AMR,EAS,EUR","AFR,AMR,EAS",map_c342a950924fe3b4
HCRTR1,GBMI,GBMI::COPD,Chronic obstructive pulmonary disease,COPD,GRCh38,COPD,gt_51f32a4cc0304948,PRIMARY,Direct disease,Direct disease,PRIMARY,1,1,1,D029424,"Pulmonary Disease, Chronic Obstructive",B,0,1,False,True,B,"AFR,AMR,EAS,EUR","AFR,AMR,EAS",map_c342a950924fe3b4
HRH4,GBMI,GBMI::COPD,Chronic obstructive pulmonary disease,COPD,GRCh38,COPD,gt_c155d3285e50020d,PRIMARY,Direct disease,Direct disease,PRIMARY,1,1,1,D029424,"Pulmonary Disease, Chronic Obstructive",B,0,1,False,True,B,"AFR,AMR,EAS,EUR","AFR,AMR,EAS",map_c342a950924fe3b4
IL13,GBMI,GBMI::COPD,Chronic obstructive pulmonary disease,COPD,GRCh38,COPD,gt_7f0a185215562536,PRIMARY,Direct disease,Direct disease,PRIMARY,1,1,1,D029424,"Pulmonary Disease, Chronic Obstructive",B,0,1,False,True,B,"AFR,AMR,EAS,EUR","AFR,AMR,EAS",map_c342a950924fe3b4
IL1R1,GBMI,GBMI::COPD,Chronic obstructive pulmonary disease,COPD,GRCh38,COPD,gt_75373d2e995e29c7,PRIMARY,Direct disease,Direct disease,PRIMARY,1,1,1,D029424,"Pulmonary Disease, Chronic Obstructive",B,0,1,False,True,B,"AFR,AMR,EAS,EUR","AFR,AMR,EAS",map_c342a950924fe3b4
IL1RL1,GBMI,GBMI::COPD,Chronic obstructive pulmonary disease,COPD,GRCh38,COPD,gt_04df48c5ba39ad54,PRIMARY,Direct disease,Direct disease,PRIMARY,1,1,1,D029424,"Pulmonary Disease, Chronic Obstructive",B,0,1,False,True,B,"AFR,AMR,EAS,EUR","AFR,AMR,EAS",map_c342a950924fe3b4
IL33,GBMI,GBMI::COPD,Chronic obstructive pulmonary disease,COPD,GRCh38,COPD,gt_06e6ca91a1d5c2c3,PRIMARY,Direct disease,Direct disease,PRIMARY,1,1,1,D029424,"Pulmonary Disease, Chronic Obstructive",B,0,1,False,True,B,"AFR,AMR,EAS,EUR","AFR,AMR,EAS",map_c342a950924fe3b4
IL4R,GBMI,GBMI::COPD,Chronic obstructive pulmonary disease,COPD,GRCh38,COPD,gt_6f6609fa8e0d87fe,PRIMARY,Direct disease,Direct disease,PRIMARY,1,1,1,D029424,"Pulmonary Disease, Chronic Obstructive",B,0,1,False,True,B,"AFR,AMR,EAS,EUR","AFR,AMR,EAS",map_c342a950924fe3b4
NR3C1,GBMI,GBMI::COPD,Chronic obstructive pulmonary disease,COPD,GRCh38,COPD,gt_f34cd2ca051e960b,PRIMARY,Direct disease,Direct disease,PRIMARY,1,1,1,D029424,"Pulmonary Disease, Chronic Obstructive",A,1,0,False,True,A,"AFR,AMR,EAS,EUR","AFR,AMR,EAS",map_c342a950924fe3b4
PDE3A,GBMI,GBMI::COPD,Chronic obstructive pulmonary disease,COPD,GRCh38,COPD,gt_f3dc92ab28823f74,PRIMARY,Direct disease,Direct disease,PRIMARY,1,1,1,D029424,"Pulmonary Disease, Chronic Obstructive",B,0,1,False,True,B,"AFR,AMR,EAS,EUR","AFR,AMR,EAS",map_c342a950924fe3b4
PDE4B,GBMI,GBMI::COPD,Chronic obstructive pulmonary disease,COPD,GRCh38,COPD,gt_d6af00b513deb475,PRIMARY,Direct disease,Direct disease,PRIMARY,1,1,1,D029424,"Pulmonary Disease, Chronic Obstructive",B,0,1,False,True,B,"AFR,AMR,EAS,EUR","AFR,AMR,EAS",map_c342a950924fe3b4
PDE4D,GBMI,GBMI::COPD,Chronic obstructive pulmonary disease,COPD,GRCh38,COPD,gt_67779b85c25ee171,PRIMARY,Direct disease,Direct disease,PRIMARY,1,1,1,D029424,"Pulmonary Disease, Chronic Obstructive",B,0,1,False,True,B,"AFR,AMR,EAS,EUR","AFR,AMR,EAS",map_c342a950924fe3b4
RARG,GBMI,GBMI::COPD,Chronic obstructive pulmonary disease,COPD,GRCh38,COPD,gt_1c362988229c8005,PRIMARY,Direct disease,Direct disease,PRIMARY,1,1,1,D029424,"Pulmonary Disease, Chronic Obstructive",B,0,1,False,True,B,"AFR,AMR,EAS,EUR","AFR,AMR,EAS",map_c342a950924fe3b4
SERPINA1,GBMI,GBMI::COPD,Chronic obstructive pulmonary disease,COPD,GRCh38,COPD,gt_3ff7791c43db60b1,PRIMARY,Direct disease,Direct disease,PRIMARY,1,1,1,D029424,"Pulmonary Disease, Chronic Obstructive",B,0,1,False,True,B,"AFR,AMR,EAS,EUR","AFR,AMR,EAS",map_c342a950924fe3b4
TSLP,GBMI,GBMI::COPD,Chronic obstructive pulmonary disease,COPD,GRCh38,COPD,gt_44622dded6eb753b,PRIMARY,Direct disease,Direct disease,PRIMARY,1,1,1,D029424,"Pulmonary Disease, Chronic Obstructive",B,0,1,False,True,B,"AFR,AMR,EAS,EUR","AFR,AMR,EAS",map_c342a950924fe3b4
PPARG,GBMI,GBMI::Gout,Gout,Gout,GRCh38,Gout,gt_e905fdaa484f8536,PRIMARY,Direct disease,Direct disease,PRIMARY,1,1,1,D006073,Gout,B,0,1,False,True,B,"AFR,AMR,EAS,EUR","AFR,AMR,EAS",map_71ba0e23fe68c32e
SLC22A12,GBMI,GBMI::Gout,Gout,Gout,GRCh38,Gout,gt_2a7e2fce1378c79e,PRIMARY,Direct disease,Direct disease,PRIMARY,1,1,1,D006073,Gout,A,1,0,False,True,A,"AFR,AMR,EAS,EUR","AFR,AMR,EAS",map_71ba0e23fe68c32e
ENPEP,GBMI,GBMI::HF,Heart failure,HF,GRCh38,HF,gt_a079fbca689ff34a,PRIMARY,Direct disease,Direct disease,PRIMARY,1,1,1,D006333,Heart Failure,B,0,1,False,True,B,"AFR,AMR,EAS,EUR","AFR,AMR,EAS",map_f40814641878ba92
GRM7,GBMI,GBMI::Stroke,Stroke,Stroke,GRCh38,Stroke,gt_03254368f30b6f1a,PRIMARY,Direct disease,Direct disease,PRIMARY,1,1,1,D020521,Stroke,B,0,1,False,True,B,"AFR,AMR,EAS,EUR","AFR,AMR,EAS",map_7b641e2a7a1f97d7
NOS3,GBMI,GBMI::Stroke,Stroke,Stroke,GRCh38,Stroke,gt_df4ae7bd29d46c68,PRIMARY,Direct disease,Direct disease,PRIMARY,1,1,1,D020521,Stroke,B,0,1,False,True,B,"AFR,AMR,EAS,EUR","AFR,AMR,EAS",map_7b641e2a7a1f97d7
PDE3A,GBMI,GBMI::Stroke,Stroke,Stroke,GRCh38,Stroke,gt_7833a3b8c0f390b0,PRIMARY,Direct disease,Direct disease,PRIMARY,1,1,1,D020521,Stroke,B,0,1,False,True,B,"AFR,AMR,EAS,EUR","AFR,AMR,EAS",map_7b641e2a7a1f97d7
F10,GBMI,GBMI::VTE,Venous thromboembolism,VTE,GRCh38,VTE,gt_9ef583411089c1bf,PRIMARY,Direct disease,Direct disease,PRIMARY,1,1,1,D020246,Venous Thrombosis,A,1,0,False,True,A,"AFR,AMR,EAS,EUR","AFR,AMR,EAS",map_ec3d332f75944823
F11,GBMI,GBMI::VTE,Venous thromboembolism,VTE,GRCh38,VTE,gt_fd539737d1f5d9cb,PRIMARY,Direct disease,Direct disease,PRIMARY,1,1,1,D020246,Venous Thrombosis,B,0,1,False,True,B,"AFR,AMR,EAS,EUR","AFR,AMR,EAS",map_ec3d332f75944823
F2,GBMI,GBMI::VTE,Venous thromboembolism,VTE,GRCh38,VTE,gt_698ec9454245813e,PRIMARY,Direct disease,Direct disease,PRIMARY,2,2,2,D011655 || D020246,Pulmonary Embolism || Venous Thrombosis,A,2,0,False,True,A,"AFR,AMR,EAS,EUR","AFR,AMR,EAS",map_31a87e71c50f515c || map_ec3d332f75944823
VWF,GBMI,GBMI::VTE,Venous thromboembolism,VTE,GRCh38,VTE,gt_eb75fbbeba239dab,PRIMARY,Direct disease,Direct disease,PRIMARY,1,1,1,D020246,Venous Thrombosis,B,0,1,False,True,B,"AFR,AMR,EAS,EUR","AFR,AMR,EAS",map_ec3d332f75944823
PNPLA3,Pan-UKB,Pan-UKB::biomarkers|30620|both_sexes||irnt,Alanine aminotransferase,biomarkers|30620|both_sexes||irnt,GRCh37,alanine_aminotransferase,gt_c2f3696fd5d03431,PRIMARY,Proxy biomarker,Proxy biomarker,PRIMARY,1,1,1,D065626,Non-alcoholic Fatty Liver Disease,B,0,1,False,True,B,"AFR,CSA,EUR","AFR,CSA",map_3f38f5939ec50566
TNFRSF1A,Pan-UKB,Pan-UKB::biomarkers|30600|both_sexes||irnt,Albumin,biomarkers|30600|both_sexes||irnt,GRCh37,albumin,gt_e2a7ed2a815c1261,PRIMARY,Proxy biomarker,Proxy biomarker,PRIMARY,1,1,1,D008103,Liver Cirrhosis,B,0,1,False,True,B,"AFR,CSA,EUR","AFR,CSA",map_d804ea212772b9fa
IL12B,Pan-UKB,Pan-UKB::biomarkers|30610|both_sexes||irnt,Alkaline phosphatase,biomarkers|30610|both_sexes||irnt,GRCh37,alkaline_phosphatase,gt_0c5a522d1cea1ece,PRIMARY,Proxy biomarker,Proxy biomarker,PRIMARY,1,1,1,D008105,"Liver Cirrhosis, Biliary",B,0,1,False,True,B,"CSA,EUR,MID","CSA,MID",map_3a1f8d4da4a835e2
ADIPOR2,Pan-UKB,Pan-UKB::continuous|21001|both_sexes||irnt,Body mass index (BMI),continuous|21001|both_sexes||irnt,GRCh37,body_mass_index,gt_1ee1da015e26f543,PRIMARY,Direct quantitative readout,Direct quantitative readout,PRIMARY,1,1,1,D009765,Obesity,B,0,1,False,True,B,"AFR,CSA,EUR,MID","AFR,CSA,MID",map_0b18d3fa6d5f91c0
CALCA,Pan-UKB,Pan-UKB::continuous|21001|both_sexes||irnt,Body mass index (BMI),continuous|21001|both_sexes||irnt,GRCh37,body_mass_index,gt_a3ed78d49b0c5aac,PRIMARY,Direct quantitative readout,Direct quantitative readout,PRIMARY,1,1,1,D009765,Obesity,B,0,1,False,True,B,"AFR,CSA,EUR,MID","AFR,CSA,MID",map_0b18d3fa6d5f91c0
CALCR,Pan-UKB,Pan-UKB::continuous|21001|both_sexes||irnt,Body mass index (BMI),continuous|21001|both_sexes||irnt,GRCh37,body_mass_index,gt_a0bbc31bfcb23525,PRIMARY,Direct quantitative readout,Direct quantitative readout,PRIMARY,1,1,1,D009765,Obesity,B,0,1,False,True,B,"AFR,CSA,EUR,MID","AFR,CSA,MID",map_0b18d3fa6d5f91c0
DPP4,Pan-UKB,Pan-UKB::continuous|21001|both_sexes||irnt,Body mass index (BMI),continuous|21001|both_sexes||irnt,GRCh37,body_mass_index,gt_7ef45295ac72754b,PRIMARY,Direct quantitative readout,Direct quantitative readout,PRIMARY,1,1,1,D009765,Obesity,B,0,1,False,True,B,"AFR,CSA,EUR,MID","AFR,CSA,MID",map_0b18d3fa6d5f91c0
FGFR1,Pan-UKB,Pan-UKB::continuous|21001|both_sexes||irnt,Body mass index (BMI),continuous|21001|both_sexes||irnt,GRCh37,body_mass_index,gt_07bc6b913823d770,PRIMARY,Direct quantitative readout,Direct quantitative readout,PRIMARY,1,1,1,D009765,Obesity,B,0,1,False,True,B,"AFR,CSA,EUR,MID","AFR,CSA,MID",map_0b18d3fa6d5f91c0
FGFR4,Pan-UKB,Pan-UKB::continuous|21001|both_sexes||irnt,Body mass index (BMI),continuous|21001|both_sexes||irnt,GRCh37,body_mass_index,gt_5aa064f396f10864,PRIMARY,Direct quantitative readout,Direct quantitative readout,PRIMARY,1,1,1,D009765,Obesity,B,0,1,False,True,B,"AFR,CSA,EUR,MID","AFR,CSA,MID",map_0b18d3fa6d5f91c0
GDF15,Pan-UKB,Pan-UKB::continuous|21001|both_sexes||irnt,Body mass index (BMI),continuous|21001|both_sexes||irnt,GRCh37,body_mass_index,gt_d79e322e54d14839,PRIMARY,Direct quantitative readout,Direct quantitative readout,PRIMARY,1,1,1,D009765,Obesity,B,0,1,False,True,B,"AFR,CSA,EUR,MID","AFR,CSA,MID",map_0b18d3fa6d5f91c0
GFRAL,Pan-UKB,Pan-UKB::continuous|21001|both_sexes||irnt,Body mass index (BMI),continuous|21001|both_sexes||irnt,GRCh37,body_mass_index,gt_a4b99530ba80c8ab,PRIMARY,Direct quantitative readout,Direct quantitative readout,PRIMARY,1,1,1,D009765,Obesity,B,0,1,False,True,B,"AFR,CSA,EUR,MID","AFR,CSA,MID",map_0b18d3fa6d5f91c0
GHR,Pan-UKB,Pan-UKB::continuous|21001|both_sexes||irnt,Body mass index (BMI),continuous|21001|both_sexes||irnt,GRCh37,body_mass_index,gt_d815e2aa4bbcd69a,PRIMARY,Direct quantitative readout,Direct quantitative readout,PRIMARY,1,1,1,D009765,Obesity,B,0,1,False,True,B,"AFR,CSA,EUR,MID","AFR,CSA,MID",map_0b18d3fa6d5f91c0
GIPR,Pan-UKB,Pan-UKB::continuous|21001|both_sexes||irnt,Body mass index (BMI),continuous|21001|both_sexes||irnt,GRCh37,body_mass_index,gt_e8a2392ea6c7a9e1,PRIMARY,Direct quantitative readout,Direct quantitative readout,PRIMARY,1,1,1,D009765,Obesity,B,0,1,False,True,B,"AFR,CSA,EUR,MID","AFR,CSA,MID",map_0b18d3fa6d5f91c0
GLP1R,Pan-UKB,Pan-UKB::continuous|21001|both_sexes||irnt,Body mass index (BMI),continuous|21001|both_sexes||irnt,GRCh37,body_mass_index,gt_25ecabe6d3e507e8,PRIMARY,Direct quantitative readout,Direct quantitative readout,PRIMARY,1,1,1,D009765,Obesity,A,1,0,False,True,A,"AFR,CSA,EUR,MID","AFR,CSA,MID",map_0b18d3fa6d5f91c0
HSD11B1,Pan-UKB,Pan-UKB::continuous|21001|both_sexes||irnt,Body mass index (BMI),continuous|21001|both_sexes||irnt,GRCh37,body_mass_index,gt_c3e1332e6c837d81,PRIMARY,Direct quantitative readout,Direct quantitative readout,PRIMARY,1,1,1,D009765,Obesity,B,0,1,False,True,B,"AFR,CSA,EUR,MID","AFR,CSA,MID",map_0b18d3fa6d5f91c0
HTR1A,Pan-UKB,Pan-UKB::continuous|21001|both_sexes||irnt,Body mass index (BMI),continuous|21001|both_sexes||irnt,GRCh37,body_mass_index,gt_c1f964477a2c60d2,PRIMARY,Direct quantitative readout,Direct quantitative readout,PRIMARY,1,1,1,D009765,Obesity,B,0,1,False,True,B,"AFR,CSA,EUR,MID","AFR,CSA,MID",map_0b18d3fa6d5f91c0
IAPP,Pan-UKB,Pan-UKB::continuous|21001|both_sexes||irnt,Body mass index (BMI),continuous|21001|both_sexes||irnt,GRCh37,body_mass_index,gt_c613c2c57d405093,PRIMARY,Direct quantitative readout,Direct quantitative readout,PRIMARY,1,1,1,D009765,Obesity,B,0,1,False,True,B,"AFR,CSA,EUR,MID","AFR,CSA,MID",map_0b18d3fa6d5f91c0
INSR,Pan-UKB,Pan-UKB::continuous|21001|both_sexes||irnt,Body mass index (BMI),continuous|21001|both_sexes||irnt,GRCh37,body_mass_index,gt_3118096966414b21,PRIMARY,Direct quantitative readout,Direct quantitative readout,PRIMARY,1,1,1,D009765,Obesity,B,0,1,False,True,B,"AFR,CSA,EUR,MID","AFR,CSA,MID",map_0b18d3fa6d5f91c0
LEPR,Pan-UKB,Pan-UKB::continuous|21001|both_sexes||irnt,Body mass index (BMI),continuous|21001|both_sexes||irnt,GRCh37,body_mass_index,gt_46885db53b6cf531,PRIMARY,Direct quantitative readout,Direct quantitative readout,PRIMARY,1,1,1,D009765,Obesity,B,0,1,False,True,B,"AFR,CSA,EUR,MID","AFR,CSA,MID",map_0b18d3fa6d5f91c0
MAPK1,Pan-UKB,Pan-UKB::continuous|21001|both_sexes||irnt,Body mass index (BMI),continuous|21001|both_sexes||irnt,GRCh37,body_mass_index,gt_61df4e5e9ce876ed,PRIMARY,Direct quantitative readout,Direct quantitative readout,PRIMARY,1,1,1,D009765,Obesity,B,0,1,False,True,B,"AFR,CSA,EUR,MID","AFR,CSA,MID",map_0b18d3fa6d5f91c0
MAPK3,Pan-UKB,Pan-UKB::continuous|21001|both_sexes||irnt,Body mass index (BMI),continuous|21001|both_sexes||irnt,GRCh37,body_mass_index,gt_6925bb9b57369884,PRIMARY,Direct quantitative readout,Direct quantitative readout,PRIMARY,1,1,1,D009765,Obesity,B,0,1,False,True,B,"AFR,CSA,EUR,MID","AFR,CSA,MID",map_0b18d3fa6d5f91c0
MC1R,Pan-UKB,Pan-UKB::continuous|21001|both_sexes||irnt,Body mass index (BMI),continuous|21001|both_sexes||irnt,GRCh37,body_mass_index,gt_6514a4bcc5411b53,PRIMARY,Direct quantitative readout,Direct quantitative readout,PRIMARY,1,1,1,D009765,Obesity,B,0,1,False,True,B,"AFR,CSA,EUR,MID","AFR,CSA,MID",map_0b18d3fa6d5f91c0
MC4R,Pan-UKB,Pan-UKB::continuous|21001|both_sexes||irnt,Body mass index (BMI),continuous|21001|both_sexes||irnt,GRCh37,body_mass_index,gt_e31188cc7b292717,PRIMARY,Direct quantitative readout,Direct quantitative readout,PRIMARY,1,1,1,D009765,Obesity,A,1,0,False,True,A,"AFR,CSA,EUR,MID","AFR,CSA,MID",map_0b18d3fa6d5f91c0
MTTP,Pan-UKB,Pan-UKB::continuous|21001|both_sexes||irnt,Body mass index (BMI),continuous|21001|both_sexes||irnt,GRCh37,body_mass_index,gt_d14085384e769d40,PRIMARY,Direct quantitative readout,Direct quantitative readout,PRIMARY,1,1,1,D009765,Obesity,B,0,1,False,True,B,"AFR,CSA,EUR,MID","AFR,CSA,MID",map_0b18d3fa6d5f91c0
NPY,Pan-UKB,Pan-UKB::continuous|21001|both_sexes||irnt,Body mass index (BMI),continuous|21001|both_sexes||irnt,GRCh37,body_mass_index,gt_9e59531911456d7e,PRIMARY,Direct quantitative readout,Direct quantitative readout,PRIMARY,1,1,1,D009765,Obesity,B,0,1,False,True,B,"AFR,CSA,EUR,MID","AFR,CSA,MID",map_0b18d3fa6d5f91c0
NPY5R,Pan-UKB,Pan-UKB::continuous|21001|both_sexes||irnt,Body mass index (BMI),continuous|21001|both_sexes||irnt,GRCh37,body_mass_index,gt_a0df6f80874b8d26,PRIMARY,Direct quantitative readout,Direct quantitative readout,PRIMARY,1,1,1,D009765,Obesity,B,0,1,False,True,B,"AFR,CSA,EUR,MID","AFR,CSA,MID",map_0b18d3fa6d5f91c0
NR3C1,Pan-UKB,Pan-UKB::continuous|21001|both_sexes||irnt,Body mass index (BMI),continuous|21001|both_sexes||irnt,GRCh37,body_mass_index,gt_1fa305cc7cba8ae9,PRIMARY,Direct quantitative readout,Direct quantitative readout,PRIMARY,1,1,1,D009765,Obesity,B,0,1,False,True,B,"AFR,CSA,EUR,MID","AFR,CSA,MID",map_0b18d3fa6d5f91c0
OPRM1,Pan-UKB,Pan-UKB::continuous|21001|both_sexes||irnt,Body mass index (BMI),continuous|21001|both_sexes||irnt,GRCh37,body_mass_index,gt_9b4c668b144beda2,PRIMARY,Direct quantitative readout,Direct quantitative readout,PRIMARY,1,1,1,D009765,Obesity,B,0,1,False,True,B,"AFR,CSA,EUR,MID","AFR,CSA,MID",map_0b18d3fa6d5f91c0
PPARA,Pan-UKB,Pan-UKB::continuous|21001|both_sexes||irnt,Body mass index (BMI),continuous|21001|both_sexes||irnt,GRCh37,body_mass_index,gt_7f572da2369e3b76,PRIMARY,Direct quantitative readout,Direct quantitative readout,PRIMARY,1,1,1,D009765,Obesity,A,1,0,False,True,A,"AFR,CSA,EUR,MID","AFR,CSA,MID",map_0b18d3fa6d5f91c0
PPARD,Pan-UKB,Pan-UKB::continuous|21001|both_sexes||irnt,Body mass index (BMI),continuous|21001|both_sexes||irnt,GRCh37,body_mass_index,gt_4129badd0cfdf3a3,PRIMARY,Direct quantitative readout,Direct quantitative readout,PRIMARY,1,1,1,D009765,Obesity,B,0,1,False,True,B,"AFR,CSA,EUR,MID","AFR,CSA,MID",map_0b18d3fa6d5f91c0
PPARG,Pan-UKB,Pan-UKB::continuous|21001|both_sexes||irnt,Body mass index (BMI),continuous|21001|both_sexes||irnt,GRCh37,body_mass_index,gt_00419bc476176825,PRIMARY,Direct quantitative readout,Direct quantitative readout,PRIMARY,1,1,1,D009765,Obesity,A,1,0,False,True,A,"AFR,CSA,EUR,MID","AFR,CSA,MID",map_0b18d3fa6d5f91c0
SLC6A4,Pan-UKB,Pan-UKB::continuous|21001|both_sexes||irnt,Body mass index (BMI),continuous|21001|both_sexes||irnt,GRCh37,body_mass_index,gt_5d3db36ffbf5ebc1,PRIMARY,Direct quantitative readout,Direct quantitative readout,PRIMARY,1,1,1,D009765,Obesity,B,0,1,False,True,B,"AFR,CSA,EUR,MID","AFR,CSA,MID",map_0b18d3fa6d5f91c0
SREBF1,Pan-UKB,Pan-UKB::continuous|21001|both_sexes||irnt,Body mass index (BMI),continuous|21001|both_sexes||irnt,GRCh37,body_mass_index,gt_3bedb9eda24a2e46,PRIMARY,Direct quantitative readout,Direct quantitative readout,PRIMARY,1,1,1,D009765,Obesity,B,0,1,False,True,B,"AFR,CSA,EUR,MID","AFR,CSA,MID",map_0b18d3fa6d5f91c0
SREBF2,Pan-UKB,Pan-UKB::continuous|21001|both_sexes||irnt,Body mass index (BMI),continuous|21001|both_sexes||irnt,GRCh37,body_mass_index,gt_86b456c209fcf4df,PRIMARY,Direct quantitative readout,Direct quantitative readout,PRIMARY,1,1,1,D009765,Obesity,B,0,1,False,True,B,"AFR,CSA,EUR,MID","AFR,CSA,MID",map_0b18d3fa6d5f91c0
CASR,Pan-UKB,Pan-UKB::biomarkers|30680|both_sexes||irnt,Calcium,biomarkers|30680|both_sexes||irnt,GRCh37,calcium,gt_94eb695ffab3980d,PRIMARY,Direct quantitative readout,Direct quantitative readout,PRIMARY,2,2,2,D006934 || D006996,Hypercalcemia || Hypocalcemia,"A,B",1,1,True,False,A,"CSA,EUR",CSA,map_1486c473da98bf83 || map_db7b3c370acd17a2
ALDH2,Pan-UKB,Pan-UKB::continuous|eGFR|both_sexes||irnt,"Estimated glomerular filtration rate, serum creatinine",continuous|eGFR|both_sexes||irnt,GRCh37,egfr_creatinine,gt_fa7c0f92ccea41a7,PRIMARY,Proxy biomarker,Proxy biomarker,PRIMARY,1,1,1,D051437,Renal Insufficiency,B,0,1,False,True,B,"CSA,EUR,MID","CSA,MID",map_75832887e4c759b7
APOL1,Pan-UKB,Pan-UKB::continuous|eGFR|both_sexes||irnt,"Estimated glomerular filtration rate, serum creatinine",continuous|eGFR|both_sexes||irnt,GRCh37,egfr_creatinine,gt_2f8ebd8b90936da0,PRIMARY,Proxy biomarker,Proxy biomarker,PRIMARY,2,2,2,D005923 || D051437,"Glomerulosclerosis, Focal Segmental || Renal Insufficiency",B,0,2,False,True,B,"CSA,EUR,MID","CSA,MID",map_38adf62f96fee1d4 || map_75832887e4c759b7
AXL,Pan-UKB,Pan-UKB::continuous|eGFR|both_sexes||irnt,"Estimated glomerular filtration rate, serum creatinine",continuous|eGFR|both_sexes||irnt,GRCh37,egfr_creatinine,gt_37da45aa8547319c,PRIMARY,Proxy biomarker,Proxy biomarker,PRIMARY,1,1,1,D005922,"Glomerulonephritis, IGA",B,0,1,False,True,B,"CSA,EUR,MID","CSA,MID",map_8b0167f355767b4c
GLP1R,Pan-UKB,Pan-UKB::continuous|eGFR|both_sexes||irnt,"Estimated glomerular filtration rate, serum creatinine",continuous|eGFR|both_sexes||irnt,GRCh37,egfr_creatinine,gt_815416408d11e054,PRIMARY,Proxy biomarker,Proxy biomarker,PRIMARY,1,1,1,D051437,Renal Insufficiency,B,0,1,False,True,B,"CSA,EUR,MID","CSA,MID",map_75832887e4c759b7
KCNJ1,Pan-UKB,Pan-UKB::continuous|eGFR|both_sexes||irnt,"Estimated glomerular filtration rate, serum creatinine",continuous|eGFR|both_sexes||irnt,GRCh37,egfr_creatinine,gt_72ede56b8ff4d0df,PRIMARY,Proxy biomarker,Proxy biomarker,PRIMARY,1,1,1,D051437,Renal Insufficiency,B,0,1,False,True,B,"CSA,EUR,MID","CSA,MID",map_75832887e4c759b7
NFE2L2,Pan-UKB,Pan-UKB::continuous|eGFR|both_sexes||irnt,"Estimated glomerular filtration rate, serum creatinine",continuous|eGFR|both_sexes||irnt,GRCh37,egfr_creatinine,gt_68fc6cde9a15be10,PRIMARY,Proxy biomarker,Proxy biomarker,PRIMARY,1,1,1,D051437,Renal Insufficiency,B,0,1,False,True,B,"CSA,EUR,MID","CSA,MID",map_75832887e4c759b7
NFKB1,Pan-UKB,Pan-UKB::continuous|eGFR|both_sexes||irnt,"Estimated glomerular filtration rate, serum creatinine",continuous|eGFR|both_sexes||irnt,GRCh37,egfr_creatinine,gt_5e2273bff10e0a9d,PRIMARY,Proxy biomarker,Proxy biomarker,PRIMARY,1,1,1,D005923,"Glomerulosclerosis, Focal Segmental",B,0,1,False,True,B,"CSA,EUR,MID","CSA,MID",map_38adf62f96fee1d4
NOX4,Pan-UKB,Pan-UKB::continuous|eGFR|both_sexes||irnt,"Estimated glomerular filtration rate, serum creatinine",continuous|eGFR|both_sexes||irnt,GRCh37,egfr_creatinine,gt_f8e7f75de5131a7d,PRIMARY,Proxy biomarker,Proxy biomarker,PRIMARY,1,1,1,D003928,Diabetic Nephropathies,B,0,1,False,True,B,"CSA,EUR,MID","CSA,MID",map_b559a03b2194c750
TGFB1,Pan-UKB,Pan-UKB::continuous|eGFR|both_sexes||irnt,"Estimated glomerular filtration rate, serum creatinine",continuous|eGFR|both_sexes||irnt,GRCh37,egfr_creatinine,gt_a74f9281d228a219,PRIMARY,Proxy biomarker,Proxy biomarker,PRIMARY,1,1,1,D005923,"Glomerulosclerosis, Focal Segmental",B,0,1,False,True,B,"CSA,EUR,MID","CSA,MID",map_38adf62f96fee1d4
TNFSF13,Pan-UKB,Pan-UKB::continuous|eGFR|both_sexes||irnt,"Estimated glomerular filtration rate, serum creatinine",continuous|eGFR|both_sexes||irnt,GRCh37,egfr_creatinine,gt_9539f4bd41078be3,PRIMARY,Proxy biomarker,Proxy biomarker,PRIMARY,1,1,1,D005922,"Glomerulonephritis, IGA",B,0,1,False,True,B,"CSA,EUR,MID","CSA,MID",map_8b0167f355767b4c
ABCC8,Pan-UKB,Pan-UKB::biomarkers|30750|both_sexes||irnt,Glycated haemoglobin (HbA1c),biomarkers|30750|both_sexes||irnt,GRCh37,hba1c,gt_f8d54415d6cc1cc4,PRIMARY,Direct quantitative readout,Direct quantitative readout,PRIMARY,2,2,2,D003920 || D003924,"Diabetes Mellitus || Diabetes Mellitus, Type 2",A,2,0,False,True,A,"CSA,EUR,MID","CSA,MID",map_0c8c975606285aeb || map_ae8d9a8f89a7795e
CALCR,Pan-UKB,Pan-UKB::biomarkers|30750|both_sexes||irnt,Glycated haemoglobin (HbA1c),biomarkers|30750|both_sexes||irnt,GRCh37,hba1c,gt_269d8238b469e256,PRIMARY,Direct quantitative readout,Direct quantitative readout,PRIMARY,2,2,2,D003920 || D003924,"Diabetes Mellitus || Diabetes Mellitus, Type 2",B,0,2,False,True,B,"CSA,EUR,MID","CSA,MID",map_0c8c975606285aeb || map_ae8d9a8f89a7795e
DGAT1,Pan-UKB,Pan-UKB::biomarkers|30750|both_sexes||irnt,Glycated haemoglobin (HbA1c),biomarkers|30750|both_sexes||irnt,GRCh37,hba1c,gt_8af78a546ba0cf73,PRIMARY,Direct quantitative readout,Direct quantitative readout,PRIMARY,2,2,2,D003920 || D003924,"Diabetes Mellitus || Diabetes Mellitus, Type 2",B,0,2,False,True,B,"CSA,EUR,MID","CSA,MID",map_0c8c975606285aeb || map_ae8d9a8f89a7795e
FBP1,Pan-UKB,Pan-UKB::biomarkers|30750|both_sexes||irnt,Glycated haemoglobin (HbA1c),biomarkers|30750|both_sexes||irnt,GRCh37,hba1c,gt_58d110934e76bc52,PRIMARY,Direct quantitative readout,Direct quantitative readout,PRIMARY,1,1,1,D003924,"Diabetes Mellitus, Type 2",B,0,1,False,True,B,"CSA,EUR,MID","CSA,MID",map_ae8d9a8f89a7795e
FGFR1,Pan-UKB,Pan-UKB::biomarkers|30750|both_sexes||irnt,Glycated haemoglobin (HbA1c),biomarkers|30750|both_sexes||irnt,GRCh37,hba1c,gt_ba7da04bd46d78cc,PRIMARY,Direct quantitative readout,Direct quantitative readout,PRIMARY,1,1,1,D003924,"Diabetes Mellitus, Type 2",B,0,1,False,True,B,"CSA,EUR,MID","CSA,MID",map_ae8d9a8f89a7795e
FGFR4,Pan-UKB,Pan-UKB::biomarkers|30750|both_sexes||irnt,Glycated haemoglobin (HbA1c),biomarkers|30750|both_sexes||irnt,GRCh37,hba1c,gt_7fda23242315d7cb,PRIMARY,Direct quantitative readout,Direct quantitative readout,PRIMARY,1,1,1,D003924,"Diabetes Mellitus, Type 2",B,0,1,False,True,B,"CSA,EUR,MID","CSA,MID",map_ae8d9a8f89a7795e
GCK,Pan-UKB,Pan-UKB::biomarkers|30750|both_sexes||irnt,Glycated haemoglobin (HbA1c),biomarkers|30750|both_sexes||irnt,GRCh37,hba1c,gt_e4ce2895dd27f904,PRIMARY,Direct quantitative readout,Direct quantitative readout,PRIMARY,2,2,2,D003920 || D003924,"Diabetes Mellitus || Diabetes Mellitus, Type 2","A,B",1,1,True,False,A,"CSA,EUR,MID","CSA,MID",map_0c8c975606285aeb || map_ae8d9a8f89a7795e
GDF15,Pan-UKB,Pan-UKB::biomarkers|30750|both_sexes||irnt,Glycated haemoglobin (HbA1c),biomarkers|30750|both_sexes||irnt,GRCh37,hba1c,gt_0f50d04f150328dc,PRIMARY,Direct quantitative readout,Direct quantitative readout,PRIMARY,1,1,1,D003920,Diabetes Mellitus,B,0,1,False,True,B,"CSA,EUR,MID","CSA,MID",map_0c8c975606285aeb
GIPR,Pan-UKB,Pan-UKB::biomarkers|30750|both_sexes||irnt,Glycated haemoglobin (HbA1c),biomarkers|30750|both_sexes||irnt,GRCh37,hba1c,gt_08f7168b97dea82d,PRIMARY,Direct quantitative readout,Direct quantitative readout,PRIMARY,1,1,1,D003924,"Diabetes Mellitus, Type 2",A,1,0,False,True,A,"CSA,EUR,MID","CSA,MID",map_ae8d9a8f89a7795e
GLP1R,Pan-UKB,Pan-UKB::biomarkers|30750|both_sexes||irnt,Glycated haemoglobin (HbA1c),biomarkers|30750|both_sexes||irnt,GRCh37,hba1c,gt_2b5ece6077c646df,PRIMARY,Direct quantitative readout,Direct quantitative readout,PRIMARY,2,2,2,D003920 || D003924,"Diabetes Mellitus || Diabetes Mellitus, Type 2","A,B",1,1,True,False,A,"CSA,EUR,MID","CSA,MID",map_0c8c975606285aeb || map_ae8d9a8f89a7795e
GLP2R,Pan-UKB,Pan-UKB::biomarkers|30750|both_sexes||irnt,Glycated haemoglobin (HbA1c),biomarkers|30750|both_sexes||irnt,GRCh37,hba1c,gt_9c96bb01f3b324b3,PRIMARY,Direct quantitative readout,Direct quantitative readout,PRIMARY,1,1,1,D003924,"Diabetes Mellitus, Type 2",B,0,1,False,True,B,"CSA,EUR,MID","CSA,MID",map_ae8d9a8f89a7795e
INS,Pan-UKB,Pan-UKB::biomarkers|30750|both_sexes||irnt,Glycated haemoglobin (HbA1c),biomarkers|30750|both_sexes||irnt,GRCh37,hba1c,gt_e0b77e59a1b3311a,PRIMARY,Direct quantitative readout,Direct quantitative readout || Proxy biomarker,"PRIMARY,SENSITIVITY",3,3,3,D003920 || D003922 || D003924,"Diabetes Mellitus || Diabetes Mellitus, Type 1 || Diabetes Mellitus, Type 2","A,B",1,2,True,False,A,"CSA,EUR,MID","CSA,MID",map_0c8c975606285aeb || map_ae8d9a8f89a7795e || map_b5a360540448779a
INSR,Pan-UKB,Pan-UKB::biomarkers|30750|both_sexes||irnt,Glycated haemoglobin (HbA1c),biomarkers|30750|both_sexes||irnt,GRCh37,hba1c,gt_1985dd04cf146f6a,PRIMARY,Direct quantitative readout,Direct quantitative readout,PRIMARY,1,1,1,D003924,"Diabetes Mellitus, Type 2",A,1,0,False,True,A,"CSA,EUR,MID","CSA,MID",map_ae8d9a8f89a7795e
KCNJ11,Pan-UKB,Pan-UKB::biomarkers|30750|both_sexes||irnt,Glycated haemoglobin (HbA1c),biomarkers|30750|both_sexes||irnt,GRCh37,hba1c,gt_9a354430dddcf5b3,PRIMARY,Direct quantitative readout,Direct quantitative readout,PRIMARY,2,2,2,D003920 || D003924,"Diabetes Mellitus || Diabetes Mellitus, Type 2",A,2,0,False,True,A,"CSA,EUR,MID","CSA,MID",map_0c8c975606285aeb || map_ae8d9a8f89a7795e
MC4R,Pan-UKB,Pan-UKB::biomarkers|30750|both_sexes||irnt,Glycated haemoglobin (HbA1c),biomarkers|30750|both_sexes||irnt,GRCh37,hba1c,gt_a9cf0a1ee71d1417,PRIMARY,Direct quantitative readout,Direct quantitative readout,PRIMARY,2,2,2,D003920 || D003924,"Diabetes Mellitus || Diabetes Mellitus, Type 2",B,0,2,False,True,B,"CSA,EUR,MID","CSA,MID",map_0c8c975606285aeb || map_ae8d9a8f89a7795e
METAP2,Pan-UKB,Pan-UKB::biomarkers|30750|both_sexes||irnt,Glycated haemoglobin (HbA1c),biomarkers|30750|both_sexes||irnt,GRCh37,hba1c,gt_049926198a583d6a,PRIMARY,Direct quantitative readout,Direct quantitative readout,PRIMARY,1,1,1,D003924,"Diabetes Mellitus, Type 2",B,0,1,False,True,B,"CSA,EUR,MID","CSA,MID",map_ae8d9a8f89a7795e
PPARG,Pan-UKB,Pan-UKB::biomarkers|30750|both_sexes||irnt,Glycated haemoglobin (HbA1c),biomarkers|30750|both_sexes||irnt,GRCh37,hba1c,gt_5b728915d445b416,PRIMARY,Direct quantitative readout,Direct quantitative readout,PRIMARY,1,1,1,D003924,"Diabetes Mellitus, Type 2",A,1,0,False,True,A,"CSA,EUR,MID","CSA,MID",map_ae8d9a8f89a7795e
SELE,Pan-UKB,Pan-UKB::biomarkers|30750|both_sexes||irnt,Glycated haemoglobin (HbA1c),biomarkers|30750|both_sexes||irnt,GRCh37,hba1c,gt_3d30f4f9e51c0032,PRIMARY,Direct quantitative readout,Direct quantitative readout,PRIMARY,1,1,1,D003920,Diabetes Mellitus,B,0,1,False,True,B,"CSA,EUR,MID","CSA,MID",map_0c8c975606285aeb
SLC5A1,Pan-UKB,Pan-UKB::biomarkers|30750|both_sexes||irnt,Glycated haemoglobin (HbA1c),biomarkers|30750|both_sexes||irnt,GRCh37,hba1c,gt_2b081cc8074fcb3d,PRIMARY,Direct quantitative readout,Direct quantitative readout,PRIMARY,2,2,2,D003920 || D003924,"Diabetes Mellitus || Diabetes Mellitus, Type 2","A,B",1,1,True,False,A,"CSA,EUR,MID","CSA,MID",map_0c8c975606285aeb || map_ae8d9a8f89a7795e
SREBF1,Pan-UKB,Pan-UKB::biomarkers|30750|both_sexes||irnt,Glycated haemoglobin (HbA1c),biomarkers|30750|both_sexes||irnt,GRCh37,hba1c,gt_f49766f3ae4b8a2f,PRIMARY,Direct quantitative readout,Direct quantitative readout,PRIMARY,1,1,1,D003920,Diabetes Mellitus,B,0,1,False,True,B,"CSA,EUR,MID","CSA,MID",map_0c8c975606285aeb
TP53,Pan-UKB,Pan-UKB::biomarkers|30750|both_sexes||irnt,Glycated haemoglobin (HbA1c),biomarkers|30750|both_sexes||irnt,GRCh37,hba1c,gt_f9d79082a44b2223,PRIMARY,Direct quantitative readout,Direct quantitative readout,PRIMARY,1,1,1,D003920,Diabetes Mellitus,B,0,1,False,True,B,"CSA,EUR,MID","CSA,MID",map_0c8c975606285aeb
VEGFA,Pan-UKB,Pan-UKB::biomarkers|30750|both_sexes||irnt,Glycated haemoglobin (HbA1c),biomarkers|30750|both_sexes||irnt,GRCh37,hba1c,gt_dab1180e9c6840b2,PRIMARY,Direct quantitative readout,Direct quantitative readout,PRIMARY,1,1,1,D003924,"Diabetes Mellitus, Type 2",B,0,1,False,True,B,"CSA,EUR,MID","CSA,MID",map_ae8d9a8f89a7795e
JAK2,Pan-UKB,Pan-UKB::continuous|30030|both_sexes||irnt,Haematocrit percentage,continuous|30030|both_sexes||irnt,GRCh37,haematocrit,gt_26e68f63f1f17429,PRIMARY,Direct quantitative readout,Direct quantitative readout,PRIMARY,1,1,1,D011087,Polycythemia Vera,A,1,0,False,True,A,"CSA,EUR",CSA,map_19b3731bad31a1f7
ACVRL1,Pan-UKB,Pan-UKB::continuous|30020|both_sexes||irnt,Haemoglobin concentration,continuous|30020|both_sexes||irnt,GRCh37,haemoglobin,gt_df32c27b840a5558,PRIMARY,Direct quantitative readout,Direct quantitative readout,PRIMARY,1,1,1,D000740,Anemia,B,0,1,False,True,B,"CSA,EUR",CSA,map_e6f7fc7e1a195345
BCL2,Pan-UKB,Pan-UKB::continuous|30020|both_sexes||irnt,Haemoglobin concentration,continuous|30020|both_sexes||irnt,GRCh37,haemoglobin,gt_27028081fffa2432,PRIMARY,Direct quantitative readout,Direct quantitative readout,PRIMARY,1,1,1,D000740,Anemia,B,0,1,False,True,B,"CSA,EUR",CSA,map_e6f7fc7e1a195345
DYRK3,Pan-UKB,Pan-UKB::continuous|30020|both_sexes||irnt,Haemoglobin concentration,continuous|30020|both_sexes||irnt,GRCh37,haemoglobin,gt_6d527f983ded21ce,PRIMARY,Direct quantitative readout,Direct quantitative readout,PRIMARY,1,1,1,D000740,Anemia,B,0,1,False,True,B,"CSA,EUR",CSA,map_e6f7fc7e1a195345
EGLN1,Pan-UKB,Pan-UKB::continuous|30020|both_sexes||irnt,Haemoglobin concentration,continuous|30020|both_sexes||irnt,GRCh37,haemoglobin,gt_6543c2a00ddc02f5,PRIMARY,Direct quantitative readout,Direct quantitative readout,PRIMARY,1,1,1,D000740,Anemia,A,1,0,False,True,A,"CSA,EUR",CSA,map_e6f7fc7e1a195345
EGLN2,Pan-UKB,Pan-UKB::continuous|30020|both_sexes||irnt,Haemoglobin concentration,continuous|30020|both_sexes||irnt,GRCh37,haemoglobin,gt_6100c7305905baed,PRIMARY,Direct quantitative readout,Direct quantitative readout,PRIMARY,1,1,1,D000740,Anemia,A,1,0,False,True,A,"CSA,EUR",CSA,map_e6f7fc7e1a195345
EGLN3,Pan-UKB,Pan-UKB::continuous|30020|both_sexes||irnt,Haemoglobin concentration,continuous|30020|both_sexes||irnt,GRCh37,haemoglobin,gt_e581489a9e9ecfc2,PRIMARY,Direct quantitative readout,Direct quantitative readout,PRIMARY,1,1,1,D000740,Anemia,A,1,0,False,True,A,"CSA,EUR",CSA,map_e6f7fc7e1a195345
EPOR,Pan-UKB,Pan-UKB::continuous|30020|both_sexes||irnt,Haemoglobin concentration,continuous|30020|both_sexes||irnt,GRCh37,haemoglobin,gt_357a52ecdb682313,PRIMARY,Direct quantitative readout,Direct quantitative readout,PRIMARY,1,1,1,D000740,Anemia,A,1,0,False,True,A,"CSA,EUR",CSA,map_e6f7fc7e1a195345
HAMP,Pan-UKB,Pan-UKB::continuous|30020|both_sexes||irnt,Haemoglobin concentration,continuous|30020|both_sexes||irnt,GRCh37,haemoglobin,gt_71c56e5a21360fea,PRIMARY,Direct quantitative readout,Direct quantitative readout,PRIMARY,1,1,1,D000740,Anemia,B,0,1,False,True,B,"CSA,EUR",CSA,map_e6f7fc7e1a195345
IL6,Pan-UKB,Pan-UKB::continuous|30020|both_sexes||irnt,Haemoglobin concentration,continuous|30020|both_sexes||irnt,GRCh37,haemoglobin,gt_4d13eda51c3b314b,PRIMARY,Direct quantitative readout,Direct quantitative readout,PRIMARY,1,1,1,D000740,Anemia,B,0,1,False,True,B,"CSA,EUR",CSA,map_e6f7fc7e1a195345
PKLR,Pan-UKB,Pan-UKB::continuous|30020|both_sexes||irnt,Haemoglobin concentration,continuous|30020|both_sexes||irnt,GRCh37,haemoglobin,gt_75fe57ef3df525f5,PRIMARY,Direct quantitative readout,Direct quantitative readout,PRIMARY,1,1,1,D000740,Anemia,B,0,1,False,True,B,"CSA,EUR",CSA,map_e6f7fc7e1a195345
SLC40A1,Pan-UKB,Pan-UKB::continuous|30020|both_sexes||irnt,Haemoglobin concentration,continuous|30020|both_sexes||irnt,GRCh37,haemoglobin,gt_aa37c9461d658ae6,PRIMARY,Direct quantitative readout,Direct quantitative readout,PRIMARY,1,1,1,D000740,Anemia,B,0,1,False,True,B,"CSA,EUR",CSA,map_e6f7fc7e1a195345
ESR1,Pan-UKB,Pan-UKB::continuous|3148|both_sexes||irnt,Heel bone mineral density (BMD),continuous|3148|both_sexes||irnt,GRCh37,heel_bone_mineral_density,gt_709069d1feb6b869,PRIMARY,Direct quantitative readout,Direct quantitative readout,PRIMARY,1,1,1,D010024,Osteoporosis,A,1,0,False,True,A,"CSA,EUR",CSA,map_12f03918e0d13cd5
GHRHR,Pan-UKB,Pan-UKB::continuous|3148|both_sexes||irnt,Heel bone mineral density (BMD),continuous|3148|both_sexes||irnt,GRCh37,heel_bone_mineral_density,gt_49fc2519dd5d448f,PRIMARY,Direct quantitative readout,Direct quantitative readout,PRIMARY,1,1,1,D010024,Osteoporosis,B,0,1,False,True,B,"CSA,EUR",CSA,map_12f03918e0d13cd5
SOST,Pan-UKB,Pan-UKB::continuous|3148|both_sexes||irnt,Heel bone mineral density (BMD),continuous|3148|both_sexes||irnt,GRCh37,heel_bone_mineral_density,gt_1a54193972b2aa21,PRIMARY,Direct quantitative readout,Direct quantitative readout,PRIMARY,1,1,1,D010024,Osteoporosis,B,0,1,False,True,B,"CSA,EUR",CSA,map_12f03918e0d13cd5
ABCA1,Pan-UKB,Pan-UKB::biomarkers|30780|both_sexes||irnt,LDL direct,biomarkers|30780|both_sexes||irnt,GRCh37,ldl_cholesterol,gt_95af7ca2e8a7e102,PRIMARY,Direct quantitative readout,Direct quantitative readout,PRIMARY,1,1,1,D006949,Hyperlipidemias,B,0,1,False,True,B,"CSA,EUR",CSA,map_8442195d65e17d61
ADRB1,Pan-UKB,Pan-UKB::biomarkers|30780|both_sexes||irnt,LDL direct,biomarkers|30780|both_sexes||irnt,GRCh37,ldl_cholesterol,gt_bbdbb86b1024cfac,PRIMARY,Direct quantitative readout,Direct quantitative readout,PRIMARY,1,1,1,D006949,Hyperlipidemias,B,0,1,False,True,B,"CSA,EUR",CSA,map_8442195d65e17d61
ADRB2,Pan-UKB,Pan-UKB::biomarkers|30780|both_sexes||irnt,LDL direct,biomarkers|30780|both_sexes||irnt,GRCh37,ldl_cholesterol,gt_d6604f91c9b9bd68,PRIMARY,Direct quantitative readout,Direct quantitative readout,PRIMARY,1,1,1,D006949,Hyperlipidemias,B,0,1,False,True,B,"CSA,EUR",CSA,map_8442195d65e17d61
ANGPTL3,Pan-UKB,Pan-UKB::biomarkers|30780|both_sexes||irnt,LDL direct,biomarkers|30780|both_sexes||irnt,GRCh37,ldl_cholesterol,gt_1d807595f65d990d,PRIMARY,Direct quantitative readout,Direct quantitative readout,PRIMARY,4,4,4,D006937 || D006938 || D006949 || D050171,Dyslipidemias || Hypercholesterolemia || Hyperlipidemias || Hyperlipoproteinemia Type II,"A,B",1,3,True,False,A,"CSA,EUR",CSA,map_32cf8d557f57383c || map_50cd2496568d9c63 || map_8442195d65e17d61 || map_e773da18247036fb
ANGPTL8,Pan-UKB,Pan-UKB::biomarkers|30780|both_sexes||irnt,LDL direct,biomarkers|30780|both_sexes||irnt,GRCh37,ldl_cholesterol,gt_1c018fe9f451c0ea,PRIMARY,Direct quantitative readout,Direct quantitative readout,PRIMARY,1,1,1,D006949,Hyperlipidemias,B,0,1,False,True,B,"CSA,EUR",CSA,map_8442195d65e17d61
APOA1,Pan-UKB,Pan-UKB::biomarkers|30780|both_sexes||irnt,LDL direct,biomarkers|30780|both_sexes||irnt,GRCh37,ldl_cholesterol,gt_25de020ab85c0f34,PRIMARY,Direct quantitative readout,Direct quantitative readout,PRIMARY,3,3,3,D006937 || D006938 || D006949,Hypercholesterolemia || Hyperlipidemias || Hyperlipoproteinemia Type II,B,0,3,False,True,B,"CSA,EUR",CSA,map_50cd2496568d9c63 || map_8442195d65e17d61 || map_e773da18247036fb
APOB,Pan-UKB,Pan-UKB::biomarkers|30780|both_sexes||irnt,LDL direct,biomarkers|30780|both_sexes||irnt,GRCh37,ldl_cholesterol,gt_65aa7546aeba1725,PRIMARY,Direct quantitative readout,Direct quantitative readout,PRIMARY,3,3,3,D006937 || D006938 || D006949,Hypercholesterolemia || Hyperlipidemias || Hyperlipoproteinemia Type II,"A,B",1,2,True,False,A,"CSA,EUR",CSA,map_50cd2496568d9c63 || map_8442195d65e17d61 || map_e773da18247036fb
APOC3,Pan-UKB,Pan-UKB::biomarkers|30780|both_sexes||irnt,LDL direct,biomarkers|30780|both_sexes||irnt,GRCh37,ldl_cholesterol,gt_e4eae46191577e93,PRIMARY,Direct quantitative readout,Direct quantitative readout,PRIMARY,3,3,3,D006937 || D006949 || D050171,Dyslipidemias || Hypercholesterolemia || Hyperlipidemias,B,0,3,False,True,B,"CSA,EUR",CSA,map_32cf8d557f57383c || map_50cd2496568d9c63 || map_8442195d65e17d61
APOE,Pan-UKB,Pan-UKB::biomarkers|30780|both_sexes||irnt,LDL direct,biomarkers|30780|both_sexes||irnt,GRCh37,ldl_cholesterol,gt_0b0678ba83486ccf,PRIMARY,Direct quantitative readout,Direct quantitative readout,PRIMARY,1,1,1,D006938,Hyperlipoproteinemia Type II,B,0,1,False,True,B,"CSA,EUR",CSA,map_e773da18247036fb
CETP,Pan-UKB,Pan-UKB::biomarkers|30780|both_sexes||irnt,LDL direct,biomarkers|30780|both_sexes||irnt,GRCh37,ldl_cholesterol,gt_cbb5ddcaa2f8a827,PRIMARY,Direct quantitative readout,Direct quantitative readout,PRIMARY,3,3,3,D006937 || D006938 || D006949,Hypercholesterolemia || Hyperlipidemias || Hyperlipoproteinemia Type II,B,0,3,False,True,B,"CSA,EUR",CSA,map_50cd2496568d9c63 || map_8442195d65e17d61 || map_e773da18247036fb
DGAT2,Pan-UKB,Pan-UKB::biomarkers|30780|both_sexes||irnt,LDL direct,biomarkers|30780|both_sexes||irnt,GRCh37,ldl_cholesterol,gt_af31839ea5782bf6,PRIMARY,Direct quantitative readout,Direct quantitative readout,PRIMARY,1,1,1,D006949,Hyperlipidemias,B,0,1,False,True,B,"CSA,EUR",CSA,map_8442195d65e17d61
FDFT1,Pan-UKB,Pan-UKB::biomarkers|30780|both_sexes||irnt,LDL direct,biomarkers|30780|both_sexes||irnt,GRCh37,ldl_cholesterol,gt_c737d88261852ece,PRIMARY,Direct quantitative readout,Direct quantitative readout,PRIMARY,1,1,1,D006949,Hyperlipidemias,B,0,1,False,True,B,"CSA,EUR",CSA,map_8442195d65e17d61
HCAR2,Pan-UKB,Pan-UKB::biomarkers|30780|both_sexes||irnt,LDL direct,biomarkers|30780|both_sexes||irnt,GRCh37,ldl_cholesterol,gt_478ff02cdcfc6a99,PRIMARY,Direct quantitative readout,Direct quantitative readout,PRIMARY,2,2,2,D006937 || D006949,Hypercholesterolemia || Hyperlipidemias,B,0,2,False,True,B,"CSA,EUR",CSA,map_50cd2496568d9c63 || map_8442195d65e17d61
HCAR3,Pan-UKB,Pan-UKB::biomarkers|30780|both_sexes||irnt,LDL direct,biomarkers|30780|both_sexes||irnt,GRCh37,ldl_cholesterol,gt_d02d21f4deeb3658,PRIMARY,Direct quantitative readout,Direct quantitative readout,PRIMARY,2,2,2,D006937 || D006949,Hypercholesterolemia || Hyperlipidemias,B,0,2,False,True,B,"CSA,EUR",CSA,map_50cd2496568d9c63 || map_8442195d65e17d61
HMGCR,Pan-UKB,Pan-UKB::biomarkers|30780|both_sexes||irnt,LDL direct,biomarkers|30780|both_sexes||irnt,GRCh37,ldl_cholesterol,gt_fdbaedc51aaa106f,PRIMARY,Direct quantitative readout,Direct quantitative readout,PRIMARY,3,3,3,D006937 || D006949 || D050171,Dyslipidemias || Hypercholesterolemia || Hyperlipidemias,A,3,0,False,True,A,"CSA,EUR",CSA,map_32cf8d557f57383c || map_50cd2496568d9c63 || map_8442195d65e17d61
LPA,Pan-UKB,Pan-UKB::biomarkers|30780|both_sexes||irnt,LDL direct,biomarkers|30780|both_sexes||irnt,GRCh37,ldl_cholesterol,gt_5da1ad3edfdad65e,PRIMARY,Direct quantitative readout,Direct quantitative readout,PRIMARY,1,1,1,D006949,Hyperlipidemias,B,0,1,False,True,B,"CSA,EUR",CSA,map_8442195d65e17d61
MTTP,Pan-UKB,Pan-UKB::biomarkers|30780|both_sexes||irnt,LDL direct,biomarkers|30780|both_sexes||irnt,GRCh37,ldl_cholesterol,gt_ad816587eda5b569,PRIMARY,Direct quantitative readout,Direct quantitative readout,PRIMARY,1,1,1,D006949,Hyperlipidemias,B,0,1,False,True,B,"CSA,EUR",CSA,map_8442195d65e17d61
NPC1L1,Pan-UKB,Pan-UKB::biomarkers|30780|both_sexes||irnt,LDL direct,biomarkers|30780|both_sexes||irnt,GRCh37,ldl_cholesterol,gt_e0d231bc78a0b903,PRIMARY,Direct quantitative readout,Direct quantitative readout,PRIMARY,2,2,2,D006949 || D050171,Dyslipidemias || Hyperlipidemias,"A,B",1,1,True,False,A,"CSA,EUR",CSA,map_32cf8d557f57383c || map_8442195d65e17d61
NR1H3,Pan-UKB,Pan-UKB::biomarkers|30780|both_sexes||irnt,LDL direct,biomarkers|30780|both_sexes||irnt,GRCh37,ldl_cholesterol,gt_c0dccd327bd42d57,PRIMARY,Direct quantitative readout,Direct quantitative readout,PRIMARY,1,1,1,D006937,Hypercholesterolemia,B,0,1,False,True,B,"CSA,EUR",CSA,map_50cd2496568d9c63
NR1H4,Pan-UKB,Pan-UKB::biomarkers|30780|both_sexes||irnt,LDL direct,biomarkers|30780|both_sexes||irnt,GRCh37,ldl_cholesterol,gt_b8759ac053b783c0,PRIMARY,Direct quantitative readout,Direct quantitative readout,PRIMARY,2,2,2,D006937 || D006949,Hypercholesterolemia || Hyperlipidemias,B,0,2,False,True,B,"CSA,EUR",CSA,map_50cd2496568d9c63 || map_8442195d65e17d61
PCSK9,Pan-UKB,Pan-UKB::biomarkers|30780|both_sexes||irnt,LDL direct,biomarkers|30780|both_sexes||irnt,GRCh37,ldl_cholesterol,gt_d690685489730e56,PRIMARY,Direct quantitative readout,Direct quantitative readout,PRIMARY,3,3,3,D006937 || D006938 || D006949,Hypercholesterolemia || Hyperlipidemias || Hyperlipoproteinemia Type II,A,3,0,False,True,A,"CSA,EUR",CSA,map_50cd2496568d9c63 || map_8442195d65e17d61 || map_e773da18247036fb
PPARA,Pan-UKB,Pan-UKB::biomarkers|30780|both_sexes||irnt,LDL direct,biomarkers|30780|both_sexes||irnt,GRCh37,ldl_cholesterol,gt_73254ff7b0091f43,PRIMARY,Direct quantitative readout,Direct quantitative readout,PRIMARY,4,4,4,D006937 || D006938 || D006949 || D050171,Dyslipidemias || Hypercholesterolemia || Hyperlipidemias || Hyperlipoproteinemia Type II,"A,B",3,1,True,False,A,"CSA,EUR",CSA,map_32cf8d557f57383c || map_50cd2496568d9c63 || map_8442195d65e17d61 || map_e773da18247036fb
PPARG,Pan-UKB,Pan-UKB::biomarkers|30780|both_sexes||irnt,LDL direct,biomarkers|30780|both_sexes||irnt,GRCh37,ldl_cholesterol,gt_3b78c5d3b48b82a8,PRIMARY,Direct quantitative readout,Direct quantitative readout,PRIMARY,1,1,1,D006949,Hyperlipidemias,A,1,0,False,True,A,"CSA,EUR",CSA,map_8442195d65e17d61
SLC10A2,Pan-UKB,Pan-UKB::biomarkers|30780|both_sexes||irnt,LDL direct,biomarkers|30780|both_sexes||irnt,GRCh37,ldl_cholesterol,gt_bb8ad900243245bb,PRIMARY,Direct quantitative readout,Direct quantitative readout,PRIMARY,2,2,2,D006937 || D006949,Hypercholesterolemia || Hyperlipidemias,B,0,2,False,True,B,"CSA,EUR",CSA,map_50cd2496568d9c63 || map_8442195d65e17d61
THRB,Pan-UKB,Pan-UKB::biomarkers|30780|both_sexes||irnt,LDL direct,biomarkers|30780|both_sexes||irnt,GRCh37,ldl_cholesterol,gt_a9a80c5c767d754d,PRIMARY,Direct quantitative readout,Direct quantitative readout,PRIMARY,2,2,2,D006937 || D006938,Hypercholesterolemia || Hyperlipoproteinemia Type II,B,0,2,False,True,B,"CSA,EUR",CSA,map_50cd2496568d9c63 || map_e773da18247036fb
CSF3,Pan-UKB,Pan-UKB::continuous|30140|both_sexes||irnt,Neutrophill count,continuous|30140|both_sexes||irnt,GRCh37,neutrophil_count,gt_38057e29398d09a6,PRIMARY,Direct quantitative readout,Direct quantitative readout,PRIMARY,1,1,1,D009503,Neutropenia,A,1,0,False,True,A,"CSA,EUR,MID","CSA,MID",map_8b53a7b4081fa0ab
CSF3R,Pan-UKB,Pan-UKB::continuous|30140|both_sexes||irnt,Neutrophill count,continuous|30140|both_sexes||irnt,GRCh37,neutrophil_count,gt_128ad7c7ffd40309,PRIMARY,Direct quantitative readout,Direct quantitative readout,PRIMARY,1,1,1,D009503,Neutropenia,A,1,0,False,True,A,"CSA,EUR,MID","CSA,MID",map_8b53a7b4081fa0ab
CXCR4,Pan-UKB,Pan-UKB::continuous|30140|both_sexes||irnt,Neutrophill count,continuous|30140|both_sexes||irnt,GRCh37,neutrophil_count,gt_575fb984fe133eec,PRIMARY,Direct quantitative readout,Direct quantitative readout,PRIMARY,1,1,1,D009503,Neutropenia,B,0,1,False,True,B,"CSA,EUR,MID","CSA,MID",map_8b53a7b4081fa0ab
FAP,Pan-UKB,Pan-UKB::continuous|30140|both_sexes||irnt,Neutrophill count,continuous|30140|both_sexes||irnt,GRCh37,neutrophil_count,gt_7139353b566f0bd6,PRIMARY,Direct quantitative readout,Direct quantitative readout,PRIMARY,1,1,1,D009503,Neutropenia,B,0,1,False,True,B,"CSA,EUR,MID","CSA,MID",map_8b53a7b4081fa0ab
ENPP1,Pan-UKB,Pan-UKB::biomarkers|30810|both_sexes||irnt,Phosphate,biomarkers|30810|both_sexes||irnt,GRCh37,phosphate,gt_0c426abe19a96c54,PRIMARY,Direct quantitative readout,Direct quantitative readout,PRIMARY,1,1,1,D017674,Hypophosphatemia,B,0,1,False,True,B,"CSA,EUR",CSA,map_cc39e4e4907a27bd
ACVR2A,Pan-UKB,Pan-UKB::continuous|30080|both_sexes||irnt,Platelet count,continuous|30080|both_sexes||irnt,GRCh37,platelet_count,gt_d019bda2659bf3ff,PRIMARY,Direct quantitative readout,Direct quantitative readout,PRIMARY,1,1,1,D013921,Thrombocytopenia,B,0,1,False,True,B,"AFR,CSA,EAS,EUR","AFR,CSA,EAS",map_9fca929f0496a5a9
ALOX12,Pan-UKB,Pan-UKB::continuous|30080|both_sexes||irnt,Platelet count,continuous|30080|both_sexes||irnt,GRCh37,platelet_count,gt_88273410ebd1ce63,PRIMARY,Direct quantitative readout,Direct quantitative readout,PRIMARY,1,1,1,D013921,Thrombocytopenia,B,0,1,False,True,B,"AFR,CSA,EAS,EUR","AFR,CSA,EAS",map_9fca929f0496a5a9
FCGRT,Pan-UKB,Pan-UKB::continuous|30080|both_sexes||irnt,Platelet count,continuous|30080|both_sexes||irnt,GRCh37,platelet_count,gt_4463afbdc4dbc11f,PRIMARY,Direct quantitative readout,Direct quantitative readout,PRIMARY,1,1,1,D013921,Thrombocytopenia,B,0,1,False,True,B,"AFR,CSA,EAS,EUR","AFR,CSA,EAS",map_9fca929f0496a5a9
FLT3,Pan-UKB,Pan-UKB::continuous|30080|both_sexes||irnt,Platelet count,continuous|30080|both_sexes||irnt,GRCh37,platelet_count,gt_7e1d4c422ada3030,PRIMARY,Direct quantitative readout,Direct quantitative readout,PRIMARY,2,2,2,D013921 || D013922,Thrombocytopenia || Thrombocytosis,A,2,0,False,True,A,"AFR,CSA,EAS,EUR","AFR,CSA,EAS",map_0d3ac6c3d9993bb6 || map_9fca929f0496a5a9
IFNGR1,Pan-UKB,Pan-UKB::continuous|30080|both_sexes||irnt,Platelet count,continuous|30080|both_sexes||irnt,GRCh37,platelet_count,gt_e5330af70b68c87c,PRIMARY,Direct quantitative readout,Direct quantitative readout,PRIMARY,1,1,1,D013922,Thrombocytosis,B,0,1,False,True,B,"AFR,CSA,EAS,EUR","AFR,CSA,EAS",map_0d3ac6c3d9993bb6
IL12A,Pan-UKB,Pan-UKB::continuous|30080|both_sexes||irnt,Platelet count,continuous|30080|both_sexes||irnt,GRCh37,platelet_count,gt_551bca4b69208db4,PRIMARY,Direct quantitative readout,Direct quantitative readout,PRIMARY,1,1,1,D013921,Thrombocytopenia,B,0,1,False,True,B,"AFR,CSA,EAS,EUR","AFR,CSA,EAS",map_9fca929f0496a5a9
IL12B,Pan-UKB,Pan-UKB::continuous|30080|both_sexes||irnt,Platelet count,continuous|30080|both_sexes||irnt,GRCh37,platelet_count,gt_3ef75cbdd99b6f07,PRIMARY,Direct quantitative readout,Direct quantitative readout,PRIMARY,1,1,1,D013921,Thrombocytopenia,B,0,1,False,True,B,"AFR,CSA,EAS,EUR","AFR,CSA,EAS",map_9fca929f0496a5a9
JAK1,Pan-UKB,Pan-UKB::continuous|30080|both_sexes||irnt,Platelet count,continuous|30080|both_sexes||irnt,GRCh37,platelet_count,gt_54755b381baac1e7,PRIMARY,Direct quantitative readout,Direct quantitative readout,PRIMARY,1,1,1,D013922,Thrombocytosis,B,0,1,False,True,B,"AFR,CSA,EAS,EUR","AFR,CSA,EAS",map_0d3ac6c3d9993bb6
JAK2,Pan-UKB,Pan-UKB::continuous|30080|both_sexes||irnt,Platelet count,continuous|30080|both_sexes||irnt,GRCh37,platelet_count,gt_2fdb14cf300437e0,PRIMARY,Direct quantitative readout,Direct quantitative readout,PRIMARY,2,2,2,D013921 || D013922,Thrombocytopenia || Thrombocytosis,A,2,0,False,True,A,"AFR,CSA,EAS,EUR","AFR,CSA,EAS",map_0d3ac6c3d9993bb6 || map_9fca929f0496a5a9
KDM1A,Pan-UKB,Pan-UKB::continuous|30080|both_sexes||irnt,Platelet count,continuous|30080|both_sexes||irnt,GRCh37,platelet_count,gt_3e77fef73aae3ddd,PRIMARY,Direct quantitative readout,Direct quantitative readout,PRIMARY,1,1,1,D013922,Thrombocytosis,B,0,1,False,True,B,"AFR,CSA,EAS,EUR","AFR,CSA,EAS",map_0d3ac6c3d9993bb6
KIT,Pan-UKB,Pan-UKB::continuous|30080|both_sexes||irnt,Platelet count,continuous|30080|both_sexes||irnt,GRCh37,platelet_count,gt_15ac10d89616dccb,PRIMARY,Direct quantitative readout,Direct quantitative readout,PRIMARY,1,1,1,D013921,Thrombocytopenia,A,1,0,False,True,A,"AFR,CSA,EAS,EUR","AFR,CSA,EAS",map_9fca929f0496a5a9
MPL,Pan-UKB,Pan-UKB::continuous|30080|both_sexes||irnt,Platelet count,continuous|30080|both_sexes||irnt,GRCh37,platelet_count,gt_c1c146b54614cb80,PRIMARY,Direct quantitative readout,Direct quantitative readout,PRIMARY,1,1,1,D013921,Thrombocytopenia,A,1,0,False,True,A,"AFR,CSA,EAS,EUR","AFR,CSA,EAS",map_9fca929f0496a5a9
PIK3CA,Pan-UKB,Pan-UKB::continuous|30080|both_sexes||irnt,Platelet count,continuous|30080|both_sexes||irnt,GRCh37,platelet_count,gt_d1d00e9dc71a2499,PRIMARY,Direct quantitative readout,Direct quantitative readout,PRIMARY,1,1,1,D013922,Thrombocytosis,B,0,1,False,True,B,"AFR,CSA,EAS,EUR","AFR,CSA,EAS",map_0d3ac6c3d9993bb6
PIK3CB,Pan-UKB,Pan-UKB::continuous|30080|both_sexes||irnt,Platelet count,continuous|30080|both_sexes||irnt,GRCh37,platelet_count,gt_50240b5be2101e2e,PRIMARY,Direct quantitative readout,Direct quantitative readout,PRIMARY,1,1,1,D013922,Thrombocytosis,B,0,1,False,True,B,"AFR,CSA,EAS,EUR","AFR,CSA,EAS",map_0d3ac6c3d9993bb6
PIK3CD,Pan-UKB,Pan-UKB::continuous|30080|both_sexes||irnt,Platelet count,continuous|30080|both_sexes||irnt,GRCh37,platelet_count,gt_c3ed739628d10066,PRIMARY,Direct quantitative readout,Direct quantitative readout,PRIMARY,1,1,1,D013922,Thrombocytosis,B,0,1,False,True,B,"AFR,CSA,EAS,EUR","AFR,CSA,EAS",map_0d3ac6c3d9993bb6
PIK3CG,Pan-UKB,Pan-UKB::continuous|30080|both_sexes||irnt,Platelet count,continuous|30080|both_sexes||irnt,GRCh37,platelet_count,gt_2b861b21b2545ae4,PRIMARY,Direct quantitative readout,Direct quantitative readout,PRIMARY,1,1,1,D013922,Thrombocytosis,B,0,1,False,True,B,"AFR,CSA,EAS,EUR","AFR,CSA,EAS",map_0d3ac6c3d9993bb6
THPO,Pan-UKB,Pan-UKB::continuous|30080|both_sexes||irnt,Platelet count,continuous|30080|both_sexes||irnt,GRCh37,platelet_count,gt_5a525d6a0e697a02,PRIMARY,Direct quantitative readout,Direct quantitative readout,PRIMARY,2,2,2,D013921 || D013922,Thrombocytopenia || Thrombocytosis,B,0,2,False,True,B,"AFR,CSA,EAS,EUR","AFR,CSA,EAS",map_0d3ac6c3d9993bb6 || map_9fca929f0496a5a9
ACE,Pan-UKB,Pan-UKB::continuous|4080|both_sexes||irnt,"Systolic blood pressure, automated reading",continuous|4080|both_sexes||irnt,GRCh37,systolic_blood_pressure,gt_935c33c43285e1f1,PRIMARY,Direct quantitative readout,Direct quantitative readout,PRIMARY,1,1,1,D006973,Hypertension,A,1,0,False,True,A,"CSA,EAS,EUR","CSA,EAS",map_51438025f9ca1f25
ADRA1A,Pan-UKB,Pan-UKB::continuous|4080|both_sexes||irnt,"Systolic blood pressure, automated reading",continuous|4080|both_sexes||irnt,GRCh37,systolic_blood_pressure,gt_778e5c879251c610,PRIMARY,Direct quantitative readout,Direct quantitative readout,PRIMARY,1,1,1,D006973,Hypertension,B,0,1,False,True,B,"CSA,EAS,EUR","CSA,EAS",map_51438025f9ca1f25
ADRA2B,Pan-UKB,Pan-UKB::continuous|4080|both_sexes||irnt,"Systolic blood pressure, automated reading",continuous|4080|both_sexes||irnt,GRCh37,systolic_blood_pressure,gt_80dcf53b73f82abf,PRIMARY,Direct quantitative readout,Direct quantitative readout,PRIMARY,1,1,1,D006973,Hypertension,A,1,0,False,True,A,"CSA,EAS,EUR","CSA,EAS",map_51438025f9ca1f25
ADRA2C,Pan-UKB,Pan-UKB::continuous|4080|both_sexes||irnt,"Systolic blood pressure, automated reading",continuous|4080|both_sexes||irnt,GRCh37,systolic_blood_pressure,gt_34ebd8dbd9566ac9,PRIMARY,Direct quantitative readout,Direct quantitative readout,PRIMARY,1,1,1,D006973,Hypertension,A,1,0,False,True,A,"CSA,EAS,EUR","CSA,EAS",map_51438025f9ca1f25
ADRB1,Pan-UKB,Pan-UKB::continuous|4080|both_sexes||irnt,"Systolic blood pressure, automated reading",continuous|4080|both_sexes||irnt,GRCh37,systolic_blood_pressure,gt_bc3d66c41e611627,PRIMARY,Direct quantitative readout,Direct quantitative readout,PRIMARY,1,1,1,D006973,Hypertension,A,1,0,False,True,A,"CSA,EAS,EUR","CSA,EAS",map_51438025f9ca1f25
ADRB2,Pan-UKB,Pan-UKB::continuous|4080|both_sexes||irnt,"Systolic blood pressure, automated reading",continuous|4080|both_sexes||irnt,GRCh37,systolic_blood_pressure,gt_dd51df2eca6324d1,PRIMARY,Direct quantitative readout,Direct quantitative readout,PRIMARY,1,1,1,D006973,Hypertension,A,1,0,False,True,A,"CSA,EAS,EUR","CSA,EAS",map_51438025f9ca1f25
AGT,Pan-UKB,Pan-UKB::continuous|4080|both_sexes||irnt,"Systolic blood pressure, automated reading",continuous|4080|both_sexes||irnt,GRCh37,systolic_blood_pressure,gt_61f02eac2207e85d,PRIMARY,Direct quantitative readout,Direct quantitative readout,PRIMARY,1,1,1,D006973,Hypertension,A,1,0,False,True,A,"CSA,EAS,EUR","CSA,EAS",map_51438025f9ca1f25
CACNA1C,Pan-UKB,Pan-UKB::continuous|4080|both_sexes||irnt,"Systolic blood pressure, automated reading",continuous|4080|both_sexes||irnt,GRCh37,systolic_blood_pressure,gt_7713a7fc071de19e,PRIMARY,Direct quantitative readout,Direct quantitative readout,PRIMARY,1,1,1,D006973,Hypertension,A,1,0,False,True,A,"CSA,EAS,EUR","CSA,EAS",map_51438025f9ca1f25
CHRNB4,Pan-UKB,Pan-UKB::continuous|4080|both_sexes||irnt,"Systolic blood pressure, automated reading",continuous|4080|both_sexes||irnt,GRCh37,systolic_blood_pressure,gt_13201a039725c0a0,PRIMARY,Direct quantitative readout,Direct quantitative readout,PRIMARY,1,1,1,D006973,Hypertension,B,0,1,False,True,B,"CSA,EAS,EUR","CSA,EAS",map_51438025f9ca1f25
CYP11B1,Pan-UKB,Pan-UKB::continuous|4080|both_sexes||irnt,"Systolic blood pressure, automated reading",continuous|4080|both_sexes||irnt,GRCh37,systolic_blood_pressure,gt_3c1943ce7336242c,PRIMARY,Direct quantitative readout,Direct quantitative readout,PRIMARY,1,1,1,D006973,Hypertension,B,0,1,False,True,B,"CSA,EAS,EUR","CSA,EAS",map_51438025f9ca1f25
CYP11B2,Pan-UKB,Pan-UKB::continuous|4080|both_sexes||irnt,"Systolic blood pressure, automated reading",continuous|4080|both_sexes||irnt,GRCh37,systolic_blood_pressure,gt_3530535fddf90eba,PRIMARY,Direct quantitative readout,Direct quantitative readout,PRIMARY,1,1,1,D006973,Hypertension,B,0,1,False,True,B,"CSA,EAS,EUR","CSA,EAS",map_51438025f9ca1f25
EDNRA,Pan-UKB,Pan-UKB::continuous|4080|both_sexes||irnt,"Systolic blood pressure, automated reading",continuous|4080|both_sexes||irnt,GRCh37,systolic_blood_pressure,gt_6afbe24c58790493,PRIMARY,Direct quantitative readout,Direct quantitative readout,PRIMARY,1,1,1,D006973,Hypertension,B,0,1,False,True,B,"CSA,EAS,EUR","CSA,EAS",map_51438025f9ca1f25
MME,Pan-UKB,Pan-UKB::continuous|4080|both_sexes||irnt,"Systolic blood pressure, automated reading",continuous|4080|both_sexes||irnt,GRCh37,systolic_blood_pressure,gt_43ad728cfa624725,PRIMARY,Direct quantitative readout,Direct quantitative readout,PRIMARY,1,1,1,D006973,Hypertension,B,0,1,False,True,B,"CSA,EAS,EUR","CSA,EAS",map_51438025f9ca1f25
NPR1,Pan-UKB,Pan-UKB::continuous|4080|both_sexes||irnt,"Systolic blood pressure, automated reading",continuous|4080|both_sexes||irnt,GRCh37,systolic_blood_pressure,gt_22ad0384b0265c27,PRIMARY,Direct quantitative readout,Direct quantitative readout,PRIMARY,1,1,1,D006973,Hypertension,B,0,1,False,True,B,"CSA,EAS,EUR","CSA,EAS",map_51438025f9ca1f25
OPRL1,Pan-UKB,Pan-UKB::continuous|4080|both_sexes||irnt,"Systolic blood pressure, automated reading",continuous|4080|both_sexes||irnt,GRCh37,systolic_blood_pressure,gt_76b6b2db2844ebcd,PRIMARY,Direct quantitative readout,Direct quantitative readout,PRIMARY,1,1,1,D006973,Hypertension,B,0,1,False,True,B,"CSA,EAS,EUR","CSA,EAS",map_51438025f9ca1f25
PDE5A,Pan-UKB,Pan-UKB::continuous|4080|both_sexes||irnt,"Systolic blood pressure, automated reading",continuous|4080|both_sexes||irnt,GRCh37,systolic_blood_pressure,gt_314ec6244a757331,PRIMARY,Direct quantitative readout,Direct quantitative readout,PRIMARY,1,1,1,D006973,Hypertension,B,0,1,False,True,B,"CSA,EAS,EUR","CSA,EAS",map_51438025f9ca1f25
REN,Pan-UKB,Pan-UKB::continuous|4080|both_sexes||irnt,"Systolic blood pressure, automated reading",continuous|4080|both_sexes||irnt,GRCh37,systolic_blood_pressure,gt_b47ca6ecb9b21bb9,PRIMARY,Direct quantitative readout,Direct quantitative readout,PRIMARY,1,1,1,D006973,Hypertension,A,1,0,False,True,A,"CSA,EAS,EUR","CSA,EAS",map_51438025f9ca1f25
SLC12A2,Pan-UKB,Pan-UKB::continuous|4080|both_sexes||irnt,"Systolic blood pressure, automated reading",continuous|4080|both_sexes||irnt,GRCh37,systolic_blood_pressure,gt_f2aa2535296b990b,PRIMARY,Direct quantitative readout,Direct quantitative readout,PRIMARY,1,1,1,D006973,Hypertension,B,0,1,False,True,B,"CSA,EAS,EUR","CSA,EAS",map_51438025f9ca1f25
VDR,Pan-UKB,Pan-UKB::continuous|4080|both_sexes||irnt,"Systolic blood pressure, automated reading",continuous|4080|both_sexes||irnt,GRCh37,systolic_blood_pressure,gt_f2d33ec15e3abce2,PRIMARY,Direct quantitative readout,Direct quantitative readout,PRIMARY,1,1,1,D006973,Hypertension,B,0,1,False,True,B,"CSA,EAS,EUR","CSA,EAS",map_51438025f9ca1f25
ALOX5,Pan-UKB,Pan-UKB::biomarkers|30870|both_sexes||irnt,Triglycerides,biomarkers|30870|both_sexes||irnt,GRCh37,triglycerides,gt_ff22c9719815d876,PRIMARY,Direct quantitative readout,Direct quantitative readout,PRIMARY,1,1,1,D015228,Hypertriglyceridemia,B,0,1,False,True,B,"AFR,CSA,EUR,MID","AFR,CSA,MID",map_e34c5f2ec9867915
ANGPTL3,Pan-UKB,Pan-UKB::biomarkers|30870|both_sexes||irnt,Triglycerides,biomarkers|30870|both_sexes||irnt,GRCh37,triglycerides,gt_b328521a0423f5c5,PRIMARY,Direct quantitative readout,Direct quantitative readout,PRIMARY,1,1,1,D015228,Hypertriglyceridemia,B,0,1,False,True,B,"AFR,CSA,EUR,MID","AFR,CSA,MID",map_e34c5f2ec9867915
ANGPTL4,Pan-UKB,Pan-UKB::biomarkers|30870|both_sexes||irnt,Triglycerides,biomarkers|30870|both_sexes||irnt,GRCh37,triglycerides,gt_37bb10a4689a1bb1,PRIMARY,Direct quantitative readout,Direct quantitative readout,PRIMARY,1,1,1,D015228,Hypertriglyceridemia,B,0,1,False,True,B,"AFR,CSA,EUR,MID","AFR,CSA,MID",map_e34c5f2ec9867915
APOB,Pan-UKB,Pan-UKB::biomarkers|30870|both_sexes||irnt,Triglycerides,biomarkers|30870|both_sexes||irnt,GRCh37,triglycerides,gt_e89d07b40f69aeb9,PRIMARY,Direct quantitative readout,Direct quantitative readout,PRIMARY,1,1,1,D015228,Hypertriglyceridemia,B,0,1,False,True,B,"AFR,CSA,EUR,MID","AFR,CSA,MID",map_e34c5f2ec9867915
APOC3,Pan-UKB,Pan-UKB::biomarkers|30870|both_sexes||irnt,Triglycerides,biomarkers|30870|both_sexes||irnt,GRCh37,triglycerides,gt_f57de0955fec90d0,PRIMARY,Direct quantitative readout,Direct quantitative readout,PRIMARY,1,1,1,D015228,Hypertriglyceridemia,A,1,0,False,True,A,"AFR,CSA,EUR,MID","AFR,CSA,MID",map_e34c5f2ec9867915
FGF21,Pan-UKB,Pan-UKB::biomarkers|30870|both_sexes||irnt,Triglycerides,biomarkers|30870|both_sexes||irnt,GRCh37,triglycerides,gt_3de9daa3443abcc6,PRIMARY,Direct quantitative readout,Direct quantitative readout,PRIMARY,1,1,1,D015228,Hypertriglyceridemia,B,0,1,False,True,B,"AFR,CSA,EUR,MID","AFR,CSA,MID",map_e34c5f2ec9867915
LPL,Pan-UKB,Pan-UKB::biomarkers|30870|both_sexes||irnt,Triglycerides,biomarkers|30870|both_sexes||irnt,GRCh37,triglycerides,gt_93b3040bef26dfa3,PRIMARY,Direct quantitative readout,Direct quantitative readout,PRIMARY,1,1,1,D015228,Hypertriglyceridemia,B,0,1,False,True,B,"AFR,CSA,EUR,MID","AFR,CSA,MID",map_e34c5f2ec9867915
NR1H4,Pan-UKB,Pan-UKB::biomarkers|30870|both_sexes||irnt,Triglycerides,biomarkers|30870|both_sexes||irnt,GRCh37,triglycerides,gt_92c32a34aa51727f,PRIMARY,Direct quantitative readout,Direct quantitative readout,PRIMARY,1,1,1,D015228,Hypertriglyceridemia,B,0,1,False,True,B,"AFR,CSA,EUR,MID","AFR,CSA,MID",map_e34c5f2ec9867915
PDE3A,Pan-UKB,Pan-UKB::biomarkers|30870|both_sexes||irnt,Triglycerides,biomarkers|30870|both_sexes||irnt,GRCh37,triglycerides,gt_46f21fc6b2b38cba,PRIMARY,Direct quantitative readout,Direct quantitative readout,PRIMARY,1,1,1,D015228,Hypertriglyceridemia,B,0,1,False,True,B,"AFR,CSA,EUR,MID","AFR,CSA,MID",map_e34c5f2ec9867915
PDE4A,Pan-UKB,Pan-UKB::biomarkers|30870|both_sexes||irnt,Triglycerides,biomarkers|30870|both_sexes||irnt,GRCh37,triglycerides,gt_82f82416b351979f,PRIMARY,Direct quantitative readout,Direct quantitative readout,PRIMARY,1,1,1,D015228,Hypertriglyceridemia,B,0,1,False,True,B,"AFR,CSA,EUR,MID","AFR,CSA,MID",map_e34c5f2ec9867915
PDE4B,Pan-UKB,Pan-UKB::biomarkers|30870|both_sexes||irnt,Triglycerides,biomarkers|30870|both_sexes||irnt,GRCh37,triglycerides,gt_ef9194fedfad3efd,PRIMARY,Direct quantitative readout,Direct quantitative readout,PRIMARY,1,1,1,D015228,Hypertriglyceridemia,B,0,1,False,True,B,"AFR,CSA,EUR,MID","AFR,CSA,MID",map_e34c5f2ec9867915
PDE4C,Pan-UKB,Pan-UKB::biomarkers|30870|both_sexes||irnt,Triglycerides,biomarkers|30870|both_sexes||irnt,GRCh37,triglycerides,gt_f4a47c2532951932,PRIMARY,Direct quantitative readout,Direct quantitative readout,PRIMARY,1,1,1,D015228,Hypertriglyceridemia,B,0,1,False,True,B,"AFR,CSA,EUR,MID","AFR,CSA,MID",map_e34c5f2ec9867915
PPARA,Pan-UKB,Pan-UKB::biomarkers|30870|both_sexes||irnt,Triglycerides,biomarkers|30870|both_sexes||irnt,GRCh37,triglycerides,gt_2ac1949db32bd35d,PRIMARY,Direct quantitative readout,Direct quantitative readout,PRIMARY,1,1,1,D015228,Hypertriglyceridemia,A,1,0,False,True,A,"AFR,CSA,EUR,MID","AFR,CSA,MID",map_e34c5f2ec9867915
PPARG,Pan-UKB,Pan-UKB::biomarkers|30870|both_sexes||irnt,Triglycerides,biomarkers|30870|both_sexes||irnt,GRCh37,triglycerides,gt_44be73ebd0d0a1ce,PRIMARY,Direct quantitative readout,Direct quantitative readout,PRIMARY,1,1,1,D015228,Hypertriglyceridemia,A,1,0,False,True,A,"AFR,CSA,EUR,MID","AFR,CSA,MID",map_e34c5f2ec9867915
CSF3R,Pan-UKB,Pan-UKB::continuous|30000|both_sexes||irnt,White blood cell (leukocyte) count,continuous|30000|both_sexes||irnt,GRCh37,white_blood_cell_count,gt_e879daaa8470efb6,PRIMARY,Direct quantitative readout,Direct quantitative readout,PRIMARY,1,1,1,D007970,Leukopenia,A,1,0,False,True,A,"CSA,EUR",CSA,map_2e60e69f7f61359d
IL12B,Pan-UKB,Pan-UKB::biomarkers|30620|both_sexes||irnt,Alanine aminotransferase,biomarkers|30620|both_sexes||irnt,GRCh37,alanine_aminotransferase,gt_35a39ec308ee87fc,SENSITIVITY,Proxy biomarker,Proxy biomarker,SENSITIVITY,1,1,1,D008105,"Liver Cirrhosis, Biliary",B,0,1,False,False,B,"AFR,CSA,EUR","AFR,CSA",map_4b6884cf0ea1e824
TNFRSF1A,Pan-UKB,Pan-UKB::biomarkers|30620|both_sexes||irnt,Alanine aminotransferase,biomarkers|30620|both_sexes||irnt,GRCh37,alanine_aminotransferase,gt_1532a9ca07d456ce,SENSITIVITY,Proxy biomarker,Proxy biomarker,SENSITIVITY,1,1,1,D008103,Liver Cirrhosis,B,0,1,False,False,B,"AFR,CSA,EUR","AFR,CSA",map_f067dbb6f8c37ca3
IL12B,Pan-UKB,Pan-UKB::biomarkers|30600|both_sexes||irnt,Albumin,biomarkers|30600|both_sexes||irnt,GRCh37,albumin,gt_d5f1eb0727f1fc8c,SENSITIVITY,Proxy biomarker,Proxy biomarker,SENSITIVITY,1,1,1,D008105,"Liver Cirrhosis, Biliary",B,0,1,False,False,B,"AFR,CSA,EUR","AFR,CSA",map_0b9f9d3bae4b9355
TNFRSF1A,Pan-UKB,Pan-UKB::biomarkers|30610|both_sexes||irnt,Alkaline phosphatase,biomarkers|30610|both_sexes||irnt,GRCh37,alkaline_phosphatase,gt_9a0a8eb6c834f627,SENSITIVITY,Proxy biomarker,Proxy biomarker,SENSITIVITY,1,1,1,D008103,Liver Cirrhosis,B,0,1,False,False,B,"CSA,EUR,MID","CSA,MID",map_4301372338ca851e
ABCA1,Pan-UKB,Pan-UKB::biomarkers|30640|both_sexes||irnt,Apolipoprotein B,biomarkers|30640|both_sexes||irnt,GRCh37,apolipoprotein_b,gt_880c09aa6e82a823,SENSITIVITY,Direct quantitative readout,Direct quantitative readout,SENSITIVITY,1,1,1,D006949,Hyperlipidemias,B,0,1,False,False,B,"CSA,EUR",CSA,map_431e4b5a762bae69
ADRB1,Pan-UKB,Pan-UKB::biomarkers|30640|both_sexes||irnt,Apolipoprotein B,biomarkers|30640|both_sexes||irnt,GRCh37,apolipoprotein_b,gt_aeeeee5ba6d1cdd4,SENSITIVITY,Direct quantitative readout,Direct quantitative readout,SENSITIVITY,1,1,1,D006949,Hyperlipidemias,B,0,1,False,False,B,"CSA,EUR",CSA,map_431e4b5a762bae69
ADRB2,Pan-UKB,Pan-UKB::biomarkers|30640|both_sexes||irnt,Apolipoprotein B,biomarkers|30640|both_sexes||irnt,GRCh37,apolipoprotein_b,gt_3aaa98b315ec15ca,SENSITIVITY,Direct quantitative readout,Direct quantitative readout,SENSITIVITY,1,1,1,D006949,Hyperlipidemias,B,0,1,False,False,B,"CSA,EUR",CSA,map_431e4b5a762bae69
ANGPTL3,Pan-UKB,Pan-UKB::biomarkers|30640|both_sexes||irnt,Apolipoprotein B,biomarkers|30640|both_sexes||irnt,GRCh37,apolipoprotein_b,gt_d9cb93951608efa4,SENSITIVITY,Direct quantitative readout,Direct quantitative readout,SENSITIVITY,4,4,4,D006937 || D006938 || D006949 || D050171,Dyslipidemias || Hypercholesterolemia || Hyperlipidemias || Hyperlipoproteinemia Type II,"A,B",1,3,True,False,A,"CSA,EUR",CSA,map_431e4b5a762bae69 || map_505723e622d14ef9 || map_6d9fe13af554c236 || map_cfd704321ca3eaef
ANGPTL8,Pan-UKB,Pan-UKB::biomarkers|30640|both_sexes||irnt,Apolipoprotein B,biomarkers|30640|both_sexes||irnt,GRCh37,apolipoprotein_b,gt_2a3973930dfa8079,SENSITIVITY,Direct quantitative readout,Direct quantitative readout,SENSITIVITY,1,1,1,D006949,Hyperlipidemias,B,0,1,False,False,B,"CSA,EUR",CSA,map_431e4b5a762bae69
APOA1,Pan-UKB,Pan-UKB::biomarkers|30640|both_sexes||irnt,Apolipoprotein B,biomarkers|30640|both_sexes||irnt,GRCh37,apolipoprotein_b,gt_e472a4b9838e4efd,SENSITIVITY,Direct quantitative readout,Direct quantitative readout,SENSITIVITY,3,3,3,D006937 || D006938 || D006949,Hypercholesterolemia || Hyperlipidemias || Hyperlipoproteinemia Type II,B,0,3,False,False,B,"CSA,EUR",CSA,map_431e4b5a762bae69 || map_505723e622d14ef9 || map_cfd704321ca3eaef
APOB,Pan-UKB,Pan-UKB::biomarkers|30640|both_sexes||irnt,Apolipoprotein B,biomarkers|30640|both_sexes||irnt,GRCh37,apolipoprotein_b,gt_638010dd904ff52a,SENSITIVITY,Direct quantitative readout,Direct quantitative readout,SENSITIVITY,3,3,3,D006937 || D006938 || D006949,Hypercholesterolemia || Hyperlipidemias || Hyperlipoproteinemia Type II,"A,B",1,2,True,False,A,"CSA,EUR",CSA,map_431e4b5a762bae69 || map_505723e622d14ef9 || map_cfd704321ca3eaef
APOC3,Pan-UKB,Pan-UKB::biomarkers|30640|both_sexes||irnt,Apolipoprotein B,biomarkers|30640|both_sexes||irnt,GRCh37,apolipoprotein_b,gt_8710f4213a54e500,SENSITIVITY,Direct quantitative readout,Direct quantitative readout,SENSITIVITY,3,3,3,D006937 || D006949 || D050171,Dyslipidemias || Hypercholesterolemia || Hyperlipidemias,B,0,3,False,False,B,"CSA,EUR",CSA,map_431e4b5a762bae69 || map_505723e622d14ef9 || map_6d9fe13af554c236
APOE,Pan-UKB,Pan-UKB::biomarkers|30640|both_sexes||irnt,Apolipoprotein B,biomarkers|30640|both_sexes||irnt,GRCh37,apolipoprotein_b,gt_7e022850efc1272a,SENSITIVITY,Direct quantitative readout,Direct quantitative readout,SENSITIVITY,1,1,1,D006938,Hyperlipoproteinemia Type II,B,0,1,False,False,B,"CSA,EUR",CSA,map_cfd704321ca3eaef
CETP,Pan-UKB,Pan-UKB::biomarkers|30640|both_sexes||irnt,Apolipoprotein B,biomarkers|30640|both_sexes||irnt,GRCh37,apolipoprotein_b,gt_911740b41c241344,SENSITIVITY,Direct quantitative readout,Direct quantitative readout,SENSITIVITY,3,3,3,D006937 || D006938 || D006949,Hypercholesterolemia || Hyperlipidemias || Hyperlipoproteinemia Type II,B,0,3,False,False,B,"CSA,EUR",CSA,map_431e4b5a762bae69 || map_505723e622d14ef9 || map_cfd704321ca3eaef
DGAT2,Pan-UKB,Pan-UKB::biomarkers|30640|both_sexes||irnt,Apolipoprotein B,biomarkers|30640|both_sexes||irnt,GRCh37,apolipoprotein_b,gt_63507162bcaa3920,SENSITIVITY,Direct quantitative readout,Direct quantitative readout,SENSITIVITY,1,1,1,D006949,Hyperlipidemias,B,0,1,False,False,B,"CSA,EUR",CSA,map_431e4b5a762bae69
FDFT1,Pan-UKB,Pan-UKB::biomarkers|30640|both_sexes||irnt,Apolipoprotein B,biomarkers|30640|both_sexes||irnt,GRCh37,apolipoprotein_b,gt_40a892854f5916e0,SENSITIVITY,Direct quantitative readout,Direct quantitative readout,SENSITIVITY,1,1,1,D006949,Hyperlipidemias,B,0,1,False,False,B,"CSA,EUR",CSA,map_431e4b5a762bae69
HCAR2,Pan-UKB,Pan-UKB::biomarkers|30640|both_sexes||irnt,Apolipoprotein B,biomarkers|30640|both_sexes||irnt,GRCh37,apolipoprotein_b,gt_db347719699507ec,SENSITIVITY,Direct quantitative readout,Direct quantitative readout,SENSITIVITY,2,2,2,D006937 || D006949,Hypercholesterolemia || Hyperlipidemias,B,0,2,False,False,B,"CSA,EUR",CSA,map_431e4b5a762bae69 || map_505723e622d14ef9
HCAR3,Pan-UKB,Pan-UKB::biomarkers|30640|both_sexes||irnt,Apolipoprotein B,biomarkers|30640|both_sexes||irnt,GRCh37,apolipoprotein_b,gt_789afc52cefd4f2d,SENSITIVITY,Direct quantitative readout,Direct quantitative readout,SENSITIVITY,2,2,2,D006937 || D006949,Hypercholesterolemia || Hyperlipidemias,B,0,2,False,False,B,"CSA,EUR",CSA,map_431e4b5a762bae69 || map_505723e622d14ef9
HMGCR,Pan-UKB,Pan-UKB::biomarkers|30640|both_sexes||irnt,Apolipoprotein B,biomarkers|30640|both_sexes||irnt,GRCh37,apolipoprotein_b,gt_a2fbc60777f1e768,SENSITIVITY,Direct quantitative readout,Direct quantitative readout,SENSITIVITY,3,3,3,D006937 || D006949 || D050171,Dyslipidemias || Hypercholesterolemia || Hyperlipidemias,A,3,0,False,False,A,"CSA,EUR",CSA,map_431e4b5a762bae69 || map_505723e622d14ef9 || map_6d9fe13af554c236
LPA,Pan-UKB,Pan-UKB::biomarkers|30640|both_sexes||irnt,Apolipoprotein B,biomarkers|30640|both_sexes||irnt,GRCh37,apolipoprotein_b,gt_fd898132e38f7788,SENSITIVITY,Direct quantitative readout,Direct quantitative readout,SENSITIVITY,1,1,1,D006949,Hyperlipidemias,B,0,1,False,False,B,"CSA,EUR",CSA,map_431e4b5a762bae69
MTTP,Pan-UKB,Pan-UKB::biomarkers|30640|both_sexes||irnt,Apolipoprotein B,biomarkers|30640|both_sexes||irnt,GRCh37,apolipoprotein_b,gt_6b7b6bd038da9052,SENSITIVITY,Direct quantitative readout,Direct quantitative readout,SENSITIVITY,1,1,1,D006949,Hyperlipidemias,B,0,1,False,False,B,"CSA,EUR",CSA,map_431e4b5a762bae69
NPC1L1,Pan-UKB,Pan-UKB::biomarkers|30640|both_sexes||irnt,Apolipoprotein B,biomarkers|30640|both_sexes||irnt,GRCh37,apolipoprotein_b,gt_c6647379089cd913,SENSITIVITY,Direct quantitative readout,Direct quantitative readout,SENSITIVITY,2,2,2,D006949 || D050171,Dyslipidemias || Hyperlipidemias,"A,B",1,1,True,False,A,"CSA,EUR",CSA,map_431e4b5a762bae69 || map_6d9fe13af554c236
NR1H3,Pan-UKB,Pan-UKB::biomarkers|30640|both_sexes||irnt,Apolipoprotein B,biomarkers|30640|both_sexes||irnt,GRCh37,apolipoprotein_b,gt_1b1f490edcf0cd67,SENSITIVITY,Direct quantitative readout,Direct quantitative readout,SENSITIVITY,1,1,1,D006937,Hypercholesterolemia,B,0,1,False,False,B,"CSA,EUR",CSA,map_505723e622d14ef9
NR1H4,Pan-UKB,Pan-UKB::biomarkers|30640|both_sexes||irnt,Apolipoprotein B,biomarkers|30640|both_sexes||irnt,GRCh37,apolipoprotein_b,gt_5e044fcde2890531,SENSITIVITY,Direct quantitative readout,Direct quantitative readout,SENSITIVITY,2,2,2,D006937 || D006949,Hypercholesterolemia || Hyperlipidemias,B,0,2,False,False,B,"CSA,EUR",CSA,map_431e4b5a762bae69 || map_505723e622d14ef9
PCSK9,Pan-UKB,Pan-UKB::biomarkers|30640|both_sexes||irnt,Apolipoprotein B,biomarkers|30640|both_sexes||irnt,GRCh37,apolipoprotein_b,gt_5546449a60969756,SENSITIVITY,Direct quantitative readout,Direct quantitative readout,SENSITIVITY,3,3,3,D006937 || D006938 || D006949,Hypercholesterolemia || Hyperlipidemias || Hyperlipoproteinemia Type II,A,3,0,False,False,A,"CSA,EUR",CSA,map_431e4b5a762bae69 || map_505723e622d14ef9 || map_cfd704321ca3eaef
PPARA,Pan-UKB,Pan-UKB::biomarkers|30640|both_sexes||irnt,Apolipoprotein B,biomarkers|30640|both_sexes||irnt,GRCh37,apolipoprotein_b,gt_a720a56d887401e7,SENSITIVITY,Direct quantitative readout,Direct quantitative readout,SENSITIVITY,4,4,4,D006937 || D006938 || D006949 || D050171,Dyslipidemias || Hypercholesterolemia || Hyperlipidemias || Hyperlipoproteinemia Type II,"A,B",3,1,True,False,A,"CSA,EUR",CSA,map_431e4b5a762bae69 || map_505723e622d14ef9 || map_6d9fe13af554c236 || map_cfd704321ca3eaef
PPARG,Pan-UKB,Pan-UKB::biomarkers|30640|both_sexes||irnt,Apolipoprotein B,biomarkers|30640|both_sexes||irnt,GRCh37,apolipoprotein_b,gt_a771e8ce8bd5d5d6,SENSITIVITY,Direct quantitative readout,Direct quantitative readout,SENSITIVITY,1,1,1,D006949,Hyperlipidemias,A,1,0,False,False,A,"CSA,EUR",CSA,map_431e4b5a762bae69
SLC10A2,Pan-UKB,Pan-UKB::biomarkers|30640|both_sexes||irnt,Apolipoprotein B,biomarkers|30640|both_sexes||irnt,GRCh37,apolipoprotein_b,gt_0e169e1a379505e6,SENSITIVITY,Direct quantitative readout,Direct quantitative readout,SENSITIVITY,2,2,2,D006937 || D006949,Hypercholesterolemia || Hyperlipidemias,B,0,2,False,False,B,"CSA,EUR",CSA,map_431e4b5a762bae69 || map_505723e622d14ef9
THRB,Pan-UKB,Pan-UKB::biomarkers|30640|both_sexes||irnt,Apolipoprotein B,biomarkers|30640|both_sexes||irnt,GRCh37,apolipoprotein_b,gt_9332f01cb4a157fe,SENSITIVITY,Direct quantitative readout,Direct quantitative readout,SENSITIVITY,2,2,2,D006937 || D006938,Hypercholesterolemia || Hyperlipoproteinemia Type II,B,0,2,False,False,B,"CSA,EUR",CSA,map_505723e622d14ef9 || map_cfd704321ca3eaef
ABCA1,Pan-UKB,Pan-UKB::biomarkers|30690|both_sexes||irnt,Cholesterol,biomarkers|30690|both_sexes||irnt,GRCh37,total_cholesterol,gt_48233b9c2eb59a1f,SENSITIVITY,Direct quantitative readout,Direct quantitative readout,SENSITIVITY,1,1,1,D006949,Hyperlipidemias,B,0,1,False,False,B,"CSA,EUR",CSA,map_c7d4a03a9508b750
ADRB1,Pan-UKB,Pan-UKB::biomarkers|30690|both_sexes||irnt,Cholesterol,biomarkers|30690|both_sexes||irnt,GRCh37,total_cholesterol,gt_c98636246f1eeeb1,SENSITIVITY,Direct quantitative readout,Direct quantitative readout,SENSITIVITY,1,1,1,D006949,Hyperlipidemias,B,0,1,False,False,B,"CSA,EUR",CSA,map_c7d4a03a9508b750
ADRB2,Pan-UKB,Pan-UKB::biomarkers|30690|both_sexes||irnt,Cholesterol,biomarkers|30690|both_sexes||irnt,GRCh37,total_cholesterol,gt_dfad32820104eef9,SENSITIVITY,Direct quantitative readout,Direct quantitative readout,SENSITIVITY,1,1,1,D006949,Hyperlipidemias,B,0,1,False,False,B,"CSA,EUR",CSA,map_c7d4a03a9508b750
ANGPTL3,Pan-UKB,Pan-UKB::biomarkers|30690|both_sexes||irnt,Cholesterol,biomarkers|30690|both_sexes||irnt,GRCh37,total_cholesterol,gt_901e56afccee7ba0,SENSITIVITY,Direct quantitative readout,Direct quantitative readout,SENSITIVITY,4,4,4,D006937 || D006938 || D006949 || D050171,Dyslipidemias || Hypercholesterolemia || Hyperlipidemias || Hyperlipoproteinemia Type II,"A,B",1,3,True,False,A,"CSA,EUR",CSA,map_20c7523ee78dfeaf || map_53025b2483451588 || map_a36004652f6c76ab || map_c7d4a03a9508b750
ANGPTL8,Pan-UKB,Pan-UKB::biomarkers|30690|both_sexes||irnt,Cholesterol,biomarkers|30690|both_sexes||irnt,GRCh37,total_cholesterol,gt_75c73f4df9d630bb,SENSITIVITY,Direct quantitative readout,Direct quantitative readout,SENSITIVITY,1,1,1,D006949,Hyperlipidemias,B,0,1,False,False,B,"CSA,EUR",CSA,map_c7d4a03a9508b750
APOA1,Pan-UKB,Pan-UKB::biomarkers|30690|both_sexes||irnt,Cholesterol,biomarkers|30690|both_sexes||irnt,GRCh37,total_cholesterol,gt_842d84e72602329f,SENSITIVITY,Direct quantitative readout,Direct quantitative readout,SENSITIVITY,3,3,3,D006937 || D006938 || D006949,Hypercholesterolemia || Hyperlipidemias || Hyperlipoproteinemia Type II,B,0,3,False,False,B,"CSA,EUR",CSA,map_20c7523ee78dfeaf || map_53025b2483451588 || map_c7d4a03a9508b750
APOB,Pan-UKB,Pan-UKB::biomarkers|30690|both_sexes||irnt,Cholesterol,biomarkers|30690|both_sexes||irnt,GRCh37,total_cholesterol,gt_f155046fff0f537f,SENSITIVITY,Direct quantitative readout,Direct quantitative readout,SENSITIVITY,3,3,3,D006937 || D006938 || D006949,Hypercholesterolemia || Hyperlipidemias || Hyperlipoproteinemia Type II,"A,B",1,2,True,False,A,"CSA,EUR",CSA,map_20c7523ee78dfeaf || map_53025b2483451588 || map_c7d4a03a9508b750
APOC3,Pan-UKB,Pan-UKB::biomarkers|30690|both_sexes||irnt,Cholesterol,biomarkers|30690|both_sexes||irnt,GRCh37,total_cholesterol,gt_77d8eec661a05c8a,SENSITIVITY,Direct quantitative readout,Direct quantitative readout,SENSITIVITY,3,3,3,D006937 || D006949 || D050171,Dyslipidemias || Hypercholesterolemia || Hyperlipidemias,B,0,3,False,False,B,"CSA,EUR",CSA,map_53025b2483451588 || map_a36004652f6c76ab || map_c7d4a03a9508b750
APOE,Pan-UKB,Pan-UKB::biomarkers|30690|both_sexes||irnt,Cholesterol,biomarkers|30690|both_sexes||irnt,GRCh37,total_cholesterol,gt_2e2fabfb37d2fd13,SENSITIVITY,Direct quantitative readout,Direct quantitative readout,SENSITIVITY,1,1,1,D006938,Hyperlipoproteinemia Type II,B,0,1,False,False,B,"CSA,EUR",CSA,map_20c7523ee78dfeaf
CETP,Pan-UKB,Pan-UKB::biomarkers|30690|both_sexes||irnt,Cholesterol,biomarkers|30690|both_sexes||irnt,GRCh37,total_cholesterol,gt_11d0e900063cba82,SENSITIVITY,Direct quantitative readout,Direct quantitative readout,SENSITIVITY,3,3,3,D006937 || D006938 || D006949,Hypercholesterolemia || Hyperlipidemias || Hyperlipoproteinemia Type II,B,0,3,False,False,B,"CSA,EUR",CSA,map_20c7523ee78dfeaf || map_53025b2483451588 || map_c7d4a03a9508b750
DGAT2,Pan-UKB,Pan-UKB::biomarkers|30690|both_sexes||irnt,Cholesterol,biomarkers|30690|both_sexes||irnt,GRCh37,total_cholesterol,gt_1b3cc0c3770349a3,SENSITIVITY,Direct quantitative readout,Direct quantitative readout,SENSITIVITY,1,1,1,D006949,Hyperlipidemias,B,0,1,False,False,B,"CSA,EUR",CSA,map_c7d4a03a9508b750
FDFT1,Pan-UKB,Pan-UKB::biomarkers|30690|both_sexes||irnt,Cholesterol,biomarkers|30690|both_sexes||irnt,GRCh37,total_cholesterol,gt_f8d0b486ca5700c2,SENSITIVITY,Direct quantitative readout,Direct quantitative readout,SENSITIVITY,1,1,1,D006949,Hyperlipidemias,B,0,1,False,False,B,"CSA,EUR",CSA,map_c7d4a03a9508b750
HCAR2,Pan-UKB,Pan-UKB::biomarkers|30690|both_sexes||irnt,Cholesterol,biomarkers|30690|both_sexes||irnt,GRCh37,total_cholesterol,gt_e34f0267f225cb41,SENSITIVITY,Direct quantitative readout,Direct quantitative readout,SENSITIVITY,2,2,2,D006937 || D006949,Hypercholesterolemia || Hyperlipidemias,B,0,2,False,False,B,"CSA,EUR",CSA,map_53025b2483451588 || map_c7d4a03a9508b750
HCAR3,Pan-UKB,Pan-UKB::biomarkers|30690|both_sexes||irnt,Cholesterol,biomarkers|30690|both_sexes||irnt,GRCh37,total_cholesterol,gt_2b73bfee6ac3018f,SENSITIVITY,Direct quantitative readout,Direct quantitative readout,SENSITIVITY,2,2,2,D006937 || D006949,Hypercholesterolemia || Hyperlipidemias,B,0,2,False,False,B,"CSA,EUR",CSA,map_53025b2483451588 || map_c7d4a03a9508b750
HMGCR,Pan-UKB,Pan-UKB::biomarkers|30690|both_sexes||irnt,Cholesterol,biomarkers|30690|both_sexes||irnt,GRCh37,total_cholesterol,gt_0769e67324e03350,SENSITIVITY,Direct quantitative readout,Direct quantitative readout,SENSITIVITY,3,3,3,D006937 || D006949 || D050171,Dyslipidemias || Hypercholesterolemia || Hyperlipidemias,A,3,0,False,False,A,"CSA,EUR",CSA,map_53025b2483451588 || map_a36004652f6c76ab || map_c7d4a03a9508b750
LPA,Pan-UKB,Pan-UKB::biomarkers|30690|both_sexes||irnt,Cholesterol,biomarkers|30690|both_sexes||irnt,GRCh37,total_cholesterol,gt_5b0a1801dd50c6d3,SENSITIVITY,Direct quantitative readout,Direct quantitative readout,SENSITIVITY,1,1,1,D006949,Hyperlipidemias,B,0,1,False,False,B,"CSA,EUR",CSA,map_c7d4a03a9508b750
MTTP,Pan-UKB,Pan-UKB::biomarkers|30690|both_sexes||irnt,Cholesterol,biomarkers|30690|both_sexes||irnt,GRCh37,total_cholesterol,gt_dbc4dcc72156089f,SENSITIVITY,Direct quantitative readout,Direct quantitative readout,SENSITIVITY,1,1,1,D006949,Hyperlipidemias,B,0,1,False,False,B,"CSA,EUR",CSA,map_c7d4a03a9508b750
NPC1L1,Pan-UKB,Pan-UKB::biomarkers|30690|both_sexes||irnt,Cholesterol,biomarkers|30690|both_sexes||irnt,GRCh37,total_cholesterol,gt_c4fd94d57b8f4d7f,SENSITIVITY,Direct quantitative readout,Direct quantitative readout,SENSITIVITY,2,2,2,D006949 || D050171,Dyslipidemias || Hyperlipidemias,"A,B",1,1,True,False,A,"CSA,EUR",CSA,map_a36004652f6c76ab || map_c7d4a03a9508b750
NR1H3,Pan-UKB,Pan-UKB::biomarkers|30690|both_sexes||irnt,Cholesterol,biomarkers|30690|both_sexes||irnt,GRCh37,total_cholesterol,gt_7f25d94ab554eb4a,SENSITIVITY,Direct quantitative readout,Direct quantitative readout,SENSITIVITY,1,1,1,D006937,Hypercholesterolemia,B,0,1,False,False,B,"CSA,EUR",CSA,map_53025b2483451588
NR1H4,Pan-UKB,Pan-UKB::biomarkers|30690|both_sexes||irnt,Cholesterol,biomarkers|30690|both_sexes||irnt,GRCh37,total_cholesterol,gt_3250bccb7378380b,SENSITIVITY,Direct quantitative readout,Direct quantitative readout,SENSITIVITY,2,2,2,D006937 || D006949,Hypercholesterolemia || Hyperlipidemias,B,0,2,False,False,B,"CSA,EUR",CSA,map_53025b2483451588 || map_c7d4a03a9508b750
PCSK9,Pan-UKB,Pan-UKB::biomarkers|30690|both_sexes||irnt,Cholesterol,biomarkers|30690|both_sexes||irnt,GRCh37,total_cholesterol,gt_d080bdfc867f9b96,SENSITIVITY,Direct quantitative readout,Direct quantitative readout,SENSITIVITY,3,3,3,D006937 || D006938 || D006949,Hypercholesterolemia || Hyperlipidemias || Hyperlipoproteinemia Type II,A,3,0,False,False,A,"CSA,EUR",CSA,map_20c7523ee78dfeaf || map_53025b2483451588 || map_c7d4a03a9508b750
PPARA,Pan-UKB,Pan-UKB::biomarkers|30690|both_sexes||irnt,Cholesterol,biomarkers|30690|both_sexes||irnt,GRCh37,total_cholesterol,gt_7bd5897de9b20223,SENSITIVITY,Direct quantitative readout,Direct quantitative readout,SENSITIVITY,4,4,4,D006937 || D006938 || D006949 || D050171,Dyslipidemias || Hypercholesterolemia || Hyperlipidemias || Hyperlipoproteinemia Type II,"A,B",3,1,True,False,A,"CSA,EUR",CSA,map_20c7523ee78dfeaf || map_53025b2483451588 || map_a36004652f6c76ab || map_c7d4a03a9508b750
PPARG,Pan-UKB,Pan-UKB::biomarkers|30690|both_sexes||irnt,Cholesterol,biomarkers|30690|both_sexes||irnt,GRCh37,total_cholesterol,gt_42aa1475c810dd57,SENSITIVITY,Direct quantitative readout,Direct quantitative readout,SENSITIVITY,1,1,1,D006949,Hyperlipidemias,A,1,0,False,False,A,"CSA,EUR",CSA,map_c7d4a03a9508b750
SLC10A2,Pan-UKB,Pan-UKB::biomarkers|30690|both_sexes||irnt,Cholesterol,biomarkers|30690|both_sexes||irnt,GRCh37,total_cholesterol,gt_75c041c5d0b7a2d3,SENSITIVITY,Direct quantitative readout,Direct quantitative readout,SENSITIVITY,2,2,2,D006937 || D006949,Hypercholesterolemia || Hyperlipidemias,B,0,2,False,False,B,"CSA,EUR",CSA,map_53025b2483451588 || map_c7d4a03a9508b750
THRB,Pan-UKB,Pan-UKB::biomarkers|30690|both_sexes||irnt,Cholesterol,biomarkers|30690|both_sexes||irnt,GRCh37,total_cholesterol,gt_dd7b39061603b8b0,SENSITIVITY,Direct quantitative readout,Direct quantitative readout,SENSITIVITY,2,2,2,D006937 || D006938,Hypercholesterolemia || Hyperlipoproteinemia Type II,B,0,2,False,False,B,"CSA,EUR",CSA,map_20c7523ee78dfeaf || map_53025b2483451588
ALDH2,Pan-UKB,Pan-UKB::biomarkers|30700|both_sexes||irnt,Creatinine,biomarkers|30700|both_sexes||irnt,GRCh37,serum_creatinine,gt_3e7953949fc0c721,SENSITIVITY,Proxy biomarker,Proxy biomarker,SENSITIVITY,1,1,1,D051437,Renal Insufficiency,B,0,1,False,False,B,"CSA,EUR,MID","CSA,MID",map_41141be048611074
APOL1,Pan-UKB,Pan-UKB::biomarkers|30700|both_sexes||irnt,Creatinine,biomarkers|30700|both_sexes||irnt,GRCh37,serum_creatinine,gt_325033a32bbc2883,SENSITIVITY,Proxy biomarker,Proxy biomarker,SENSITIVITY,2,2,2,D005923 || D051437,"Glomerulosclerosis, Focal Segmental || Renal Insufficiency",B,0,2,False,False,B,"CSA,EUR,MID","CSA,MID",map_1528a1dc096b9a36 || map_41141be048611074
AXL,Pan-UKB,Pan-UKB::biomarkers|30700|both_sexes||irnt,Creatinine,biomarkers|30700|both_sexes||irnt,GRCh37,serum_creatinine,gt_b49594ef46ff78ee,SENSITIVITY,Proxy biomarker,Proxy biomarker,SENSITIVITY,1,1,1,D005922,"Glomerulonephritis, IGA",B,0,1,False,False,B,"CSA,EUR,MID","CSA,MID",map_4bff57d6c1e71213
GLP1R,Pan-UKB,Pan-UKB::biomarkers|30700|both_sexes||irnt,Creatinine,biomarkers|30700|both_sexes||irnt,GRCh37,serum_creatinine,gt_22feb333ba387f56,SENSITIVITY,Proxy biomarker,Proxy biomarker,SENSITIVITY,1,1,1,D051437,Renal Insufficiency,B,0,1,False,False,B,"CSA,EUR,MID","CSA,MID",map_41141be048611074
KCNJ1,Pan-UKB,Pan-UKB::biomarkers|30700|both_sexes||irnt,Creatinine,biomarkers|30700|both_sexes||irnt,GRCh37,serum_creatinine,gt_9da327b0c3bc5136,SENSITIVITY,Proxy biomarker,Proxy biomarker,SENSITIVITY,1,1,1,D051437,Renal Insufficiency,B,0,1,False,False,B,"CSA,EUR,MID","CSA,MID",map_41141be048611074
NFE2L2,Pan-UKB,Pan-UKB::biomarkers|30700|both_sexes||irnt,Creatinine,biomarkers|30700|both_sexes||irnt,GRCh37,serum_creatinine,gt_928455e475f5f661,SENSITIVITY,Proxy biomarker,Proxy biomarker,SENSITIVITY,1,1,1,D051437,Renal Insufficiency,B,0,1,False,False,B,"CSA,EUR,MID","CSA,MID",map_41141be048611074
NFKB1,Pan-UKB,Pan-UKB::biomarkers|30700|both_sexes||irnt,Creatinine,biomarkers|30700|both_sexes||irnt,GRCh37,serum_creatinine,gt_304e050b3ab30a01,SENSITIVITY,Proxy biomarker,Proxy biomarker,SENSITIVITY,1,1,1,D005923,"Glomerulosclerosis, Focal Segmental",B,0,1,False,False,B,"CSA,EUR,MID","CSA,MID",map_1528a1dc096b9a36
NOX4,Pan-UKB,Pan-UKB::biomarkers|30700|both_sexes||irnt,Creatinine,biomarkers|30700|both_sexes||irnt,GRCh37,serum_creatinine,gt_a75009f66717b029,SENSITIVITY,Proxy biomarker,Proxy biomarker,SENSITIVITY,1,1,1,D003928,Diabetic Nephropathies,B,0,1,False,False,B,"CSA,EUR,MID","CSA,MID",map_5a173a0626cfd370
TGFB1,Pan-UKB,Pan-UKB::biomarkers|30700|both_sexes||irnt,Creatinine,biomarkers|30700|both_sexes||irnt,GRCh37,serum_creatinine,gt_0e5609fe04f54e81,SENSITIVITY,Proxy biomarker,Proxy biomarker,SENSITIVITY,1,1,1,D005923,"Glomerulosclerosis, Focal Segmental",B,0,1,False,False,B,"CSA,EUR,MID","CSA,MID",map_1528a1dc096b9a36
TNFSF13,Pan-UKB,Pan-UKB::biomarkers|30700|both_sexes||irnt,Creatinine,biomarkers|30700|both_sexes||irnt,GRCh37,serum_creatinine,gt_b7e33f1646515e6a,SENSITIVITY,Proxy biomarker,Proxy biomarker,SENSITIVITY,1,1,1,D005922,"Glomerulonephritis, IGA",B,0,1,False,False,B,"CSA,EUR,MID","CSA,MID",map_4bff57d6c1e71213
ALDH2,Pan-UKB,Pan-UKB::biomarkers|30720|both_sexes||irnt,Cystatin C,biomarkers|30720|both_sexes||irnt,GRCh37,cystatin_c,gt_b8825d29f00de363,SENSITIVITY,Proxy biomarker,Proxy biomarker,SENSITIVITY,1,1,1,D051437,Renal Insufficiency,B,0,1,False,False,B,"CSA,EUR,MID","CSA,MID",map_f1dd1f3e7799acd4
APOL1,Pan-UKB,Pan-UKB::biomarkers|30720|both_sexes||irnt,Cystatin C,biomarkers|30720|both_sexes||irnt,GRCh37,cystatin_c,gt_f44b838abb593b40,SENSITIVITY,Proxy biomarker,Proxy biomarker,SENSITIVITY,2,2,2,D005923 || D051437,"Glomerulosclerosis, Focal Segmental || Renal Insufficiency",B,0,2,False,False,B,"CSA,EUR,MID","CSA,MID",map_039454a9bb2903dd || map_f1dd1f3e7799acd4
AXL,Pan-UKB,Pan-UKB::biomarkers|30720|both_sexes||irnt,Cystatin C,biomarkers|30720|both_sexes||irnt,GRCh37,cystatin_c,gt_6b7062b71b8804b2,SENSITIVITY,Proxy biomarker,Proxy biomarker,SENSITIVITY,1,1,1,D005922,"Glomerulonephritis, IGA",B,0,1,False,False,B,"CSA,EUR,MID","CSA,MID",map_a8c38ba818e38365
GLP1R,Pan-UKB,Pan-UKB::biomarkers|30720|both_sexes||irnt,Cystatin C,biomarkers|30720|both_sexes||irnt,GRCh37,cystatin_c,gt_15f0931f643db407,SENSITIVITY,Proxy biomarker,Proxy biomarker,SENSITIVITY,1,1,1,D051437,Renal Insufficiency,B,0,1,False,False,B,"CSA,EUR,MID","CSA,MID",map_f1dd1f3e7799acd4
KCNJ1,Pan-UKB,Pan-UKB::biomarkers|30720|both_sexes||irnt,Cystatin C,biomarkers|30720|both_sexes||irnt,GRCh37,cystatin_c,gt_79589bc1696ec35d,SENSITIVITY,Proxy biomarker,Proxy biomarker,SENSITIVITY,1,1,1,D051437,Renal Insufficiency,B,0,1,False,False,B,"CSA,EUR,MID","CSA,MID",map_f1dd1f3e7799acd4
NFE2L2,Pan-UKB,Pan-UKB::biomarkers|30720|both_sexes||irnt,Cystatin C,biomarkers|30720|both_sexes||irnt,GRCh37,cystatin_c,gt_08923c27f7914e93,SENSITIVITY,Proxy biomarker,Proxy biomarker,SENSITIVITY,1,1,1,D051437,Renal Insufficiency,B,0,1,False,False,B,"CSA,EUR,MID","CSA,MID",map_f1dd1f3e7799acd4
NFKB1,Pan-UKB,Pan-UKB::biomarkers|30720|both_sexes||irnt,Cystatin C,biomarkers|30720|both_sexes||irnt,GRCh37,cystatin_c,gt_08361c84d47be2b6,SENSITIVITY,Proxy biomarker,Proxy biomarker,SENSITIVITY,1,1,1,D005923,"Glomerulosclerosis, Focal Segmental",B,0,1,False,False,B,"CSA,EUR,MID","CSA,MID",map_039454a9bb2903dd
NOX4,Pan-UKB,Pan-UKB::biomarkers|30720|both_sexes||irnt,Cystatin C,biomarkers|30720|both_sexes||irnt,GRCh37,cystatin_c,gt_81f076e7673f616f,SENSITIVITY,Proxy biomarker,Proxy biomarker,SENSITIVITY,1,1,1,D003928,Diabetic Nephropathies,B,0,1,False,False,B,"CSA,EUR,MID","CSA,MID",map_2ec37ff17e576812
TGFB1,Pan-UKB,Pan-UKB::biomarkers|30720|both_sexes||irnt,Cystatin C,biomarkers|30720|both_sexes||irnt,GRCh37,cystatin_c,gt_b4759703808d205c,SENSITIVITY,Proxy biomarker,Proxy biomarker,SENSITIVITY,1,1,1,D005923,"Glomerulosclerosis, Focal Segmental",B,0,1,False,False,B,"CSA,EUR,MID","CSA,MID",map_039454a9bb2903dd
TNFSF13,Pan-UKB,Pan-UKB::biomarkers|30720|both_sexes||irnt,Cystatin C,biomarkers|30720|both_sexes||irnt,GRCh37,cystatin_c,gt_f7ef35f18ecb6a41,SENSITIVITY,Proxy biomarker,Proxy biomarker,SENSITIVITY,1,1,1,D005922,"Glomerulonephritis, IGA",B,0,1,False,False,B,"CSA,EUR,MID","CSA,MID",map_a8c38ba818e38365
ACE,Pan-UKB,Pan-UKB::continuous|4079|both_sexes||irnt,"Diastolic blood pressure, automated reading",continuous|4079|both_sexes||irnt,GRCh37,diastolic_blood_pressure,gt_629a16ff96b0488e,SENSITIVITY,Direct quantitative readout,Direct quantitative readout,SENSITIVITY,1,1,1,D006973,Hypertension,A,1,0,False,False,A,"CSA,EUR",CSA,map_a10198eb08d8bca6
ADRA1A,Pan-UKB,Pan-UKB::continuous|4079|both_sexes||irnt,"Diastolic blood pressure, automated reading",continuous|4079|both_sexes||irnt,GRCh37,diastolic_blood_pressure,gt_bdf86b1be3705ee2,SENSITIVITY,Direct quantitative readout,Direct quantitative readout,SENSITIVITY,1,1,1,D006973,Hypertension,B,0,1,False,False,B,"CSA,EUR",CSA,map_a10198eb08d8bca6
ADRA2B,Pan-UKB,Pan-UKB::continuous|4079|both_sexes||irnt,"Diastolic blood pressure, automated reading",continuous|4079|both_sexes||irnt,GRCh37,diastolic_blood_pressure,gt_ca860418aa6f2049,SENSITIVITY,Direct quantitative readout,Direct quantitative readout,SENSITIVITY,1,1,1,D006973,Hypertension,A,1,0,False,False,A,"CSA,EUR",CSA,map_a10198eb08d8bca6
ADRA2C,Pan-UKB,Pan-UKB::continuous|4079|both_sexes||irnt,"Diastolic blood pressure, automated reading",continuous|4079|both_sexes||irnt,GRCh37,diastolic_blood_pressure,gt_78c675e0c6b2123a,SENSITIVITY,Direct quantitative readout,Direct quantitative readout,SENSITIVITY,1,1,1,D006973,Hypertension,A,1,0,False,False,A,"CSA,EUR",CSA,map_a10198eb08d8bca6
ADRB1,Pan-UKB,Pan-UKB::continuous|4079|both_sexes||irnt,"Diastolic blood pressure, automated reading",continuous|4079|both_sexes||irnt,GRCh37,diastolic_blood_pressure,gt_64d260049b72399e,SENSITIVITY,Direct quantitative readout,Direct quantitative readout,SENSITIVITY,1,1,1,D006973,Hypertension,A,1,0,False,False,A,"CSA,EUR",CSA,map_a10198eb08d8bca6
ADRB2,Pan-UKB,Pan-UKB::continuous|4079|both_sexes||irnt,"Diastolic blood pressure, automated reading",continuous|4079|both_sexes||irnt,GRCh37,diastolic_blood_pressure,gt_3968036e95be378a,SENSITIVITY,Direct quantitative readout,Direct quantitative readout,SENSITIVITY,1,1,1,D006973,Hypertension,A,1,0,False,False,A,"CSA,EUR",CSA,map_a10198eb08d8bca6
AGT,Pan-UKB,Pan-UKB::continuous|4079|both_sexes||irnt,"Diastolic blood pressure, automated reading",continuous|4079|both_sexes||irnt,GRCh37,diastolic_blood_pressure,gt_91653389a708ea02,SENSITIVITY,Direct quantitative readout,Direct quantitative readout,SENSITIVITY,1,1,1,D006973,Hypertension,A,1,0,False,False,A,"CSA,EUR",CSA,map_a10198eb08d8bca6
CACNA1C,Pan-UKB,Pan-UKB::continuous|4079|both_sexes||irnt,"Diastolic blood pressure, automated reading",continuous|4079|both_sexes||irnt,GRCh37,diastolic_blood_pressure,gt_d00fe93361a2e4f3,SENSITIVITY,Direct quantitative readout,Direct quantitative readout,SENSITIVITY,1,1,1,D006973,Hypertension,A,1,0,False,False,A,"CSA,EUR",CSA,map_a10198eb08d8bca6
CHRNB4,Pan-UKB,Pan-UKB::continuous|4079|both_sexes||irnt,"Diastolic blood pressure, automated reading",continuous|4079|both_sexes||irnt,GRCh37,diastolic_blood_pressure,gt_4ef6440060024516,SENSITIVITY,Direct quantitative readout,Direct quantitative readout,SENSITIVITY,1,1,1,D006973,Hypertension,B,0,1,False,False,B,"CSA,EUR",CSA,map_a10198eb08d8bca6
CYP11B1,Pan-UKB,Pan-UKB::continuous|4079|both_sexes||irnt,"Diastolic blood pressure, automated reading",continuous|4079|both_sexes||irnt,GRCh37,diastolic_blood_pressure,gt_a3952d3997113985,SENSITIVITY,Direct quantitative readout,Direct quantitative readout,SENSITIVITY,1,1,1,D006973,Hypertension,B,0,1,False,False,B,"CSA,EUR",CSA,map_a10198eb08d8bca6
CYP11B2,Pan-UKB,Pan-UKB::continuous|4079|both_sexes||irnt,"Diastolic blood pressure, automated reading",continuous|4079|both_sexes||irnt,GRCh37,diastolic_blood_pressure,gt_debf2c8fb659fb36,SENSITIVITY,Direct quantitative readout,Direct quantitative readout,SENSITIVITY,1,1,1,D006973,Hypertension,B,0,1,False,False,B,"CSA,EUR",CSA,map_a10198eb08d8bca6
EDNRA,Pan-UKB,Pan-UKB::continuous|4079|both_sexes||irnt,"Diastolic blood pressure, automated reading",continuous|4079|both_sexes||irnt,GRCh37,diastolic_blood_pressure,gt_94450f63b774eba3,SENSITIVITY,Direct quantitative readout,Direct quantitative readout,SENSITIVITY,1,1,1,D006973,Hypertension,B,0,1,False,False,B,"CSA,EUR",CSA,map_a10198eb08d8bca6
MME,Pan-UKB,Pan-UKB::continuous|4079|both_sexes||irnt,"Diastolic blood pressure, automated reading",continuous|4079|both_sexes||irnt,GRCh37,diastolic_blood_pressure,gt_03d77cf9c47d0d51,SENSITIVITY,Direct quantitative readout,Direct quantitative readout,SENSITIVITY,1,1,1,D006973,Hypertension,B,0,1,False,False,B,"CSA,EUR",CSA,map_a10198eb08d8bca6
NPR1,Pan-UKB,Pan-UKB::continuous|4079|both_sexes||irnt,"Diastolic blood pressure, automated reading",continuous|4079|both_sexes||irnt,GRCh37,diastolic_blood_pressure,gt_c213469ce64521e3,SENSITIVITY,Direct quantitative readout,Direct quantitative readout,SENSITIVITY,1,1,1,D006973,Hypertension,B,0,1,False,False,B,"CSA,EUR",CSA,map_a10198eb08d8bca6
OPRL1,Pan-UKB,Pan-UKB::continuous|4079|both_sexes||irnt,"Diastolic blood pressure, automated reading",continuous|4079|both_sexes||irnt,GRCh37,diastolic_blood_pressure,gt_17d819fc7e3439da,SENSITIVITY,Direct quantitative readout,Direct quantitative readout,SENSITIVITY,1,1,1,D006973,Hypertension,B,0,1,False,False,B,"CSA,EUR",CSA,map_a10198eb08d8bca6
PDE5A,Pan-UKB,Pan-UKB::continuous|4079|both_sexes||irnt,"Diastolic blood pressure, automated reading",continuous|4079|both_sexes||irnt,GRCh37,diastolic_blood_pressure,gt_02ee4f471df88a8e,SENSITIVITY,Direct quantitative readout,Direct quantitative readout,SENSITIVITY,1,1,1,D006973,Hypertension,B,0,1,False,False,B,"CSA,EUR",CSA,map_a10198eb08d8bca6
REN,Pan-UKB,Pan-UKB::continuous|4079|both_sexes||irnt,"Diastolic blood pressure, automated reading",continuous|4079|both_sexes||irnt,GRCh37,diastolic_blood_pressure,gt_1b545e8df9ae76d3,SENSITIVITY,Direct quantitative readout,Direct quantitative readout,SENSITIVITY,1,1,1,D006973,Hypertension,A,1,0,False,False,A,"CSA,EUR",CSA,map_a10198eb08d8bca6
SLC12A2,Pan-UKB,Pan-UKB::continuous|4079|both_sexes||irnt,"Diastolic blood pressure, automated reading",continuous|4079|both_sexes||irnt,GRCh37,diastolic_blood_pressure,gt_376e244fe5e8026e,SENSITIVITY,Direct quantitative readout,Direct quantitative readout,SENSITIVITY,1,1,1,D006973,Hypertension,B,0,1,False,False,B,"CSA,EUR",CSA,map_a10198eb08d8bca6
VDR,Pan-UKB,Pan-UKB::continuous|4079|both_sexes||irnt,"Diastolic blood pressure, automated reading",continuous|4079|both_sexes||irnt,GRCh37,diastolic_blood_pressure,gt_2ee3381ab44e0920,SENSITIVITY,Direct quantitative readout,Direct quantitative readout,SENSITIVITY,1,1,1,D006973,Hypertension,B,0,1,False,False,B,"CSA,EUR",CSA,map_a10198eb08d8bca6
ADAMTS4,Pan-UKB,Pan-UKB::continuous|30150|both_sexes||irnt,Eosinophill count,continuous|30150|both_sexes||irnt,GRCh37,eosinophil_count,gt_789423e76503228b,SENSITIVITY,Proxy biomarker,Proxy biomarker,SENSITIVITY,1,1,1,D065631,"Rhinitis, Allergic",B,0,1,False,False,B,"CSA,EUR",CSA,map_fef4e0642fc76154
ADORA1,Pan-UKB,Pan-UKB::continuous|30150|both_sexes||irnt,Eosinophill count,continuous|30150|both_sexes||irnt,GRCh37,eosinophil_count,gt_f4dfe1f1acd9db8b,SENSITIVITY,Proxy biomarker,Proxy biomarker,SENSITIVITY,1,1,1,D001249,Asthma,B,0,1,False,False,B,"CSA,EUR",CSA,map_cb8244ded7498122
ADORA2B,Pan-UKB,Pan-UKB::continuous|30150|both_sexes||irnt,Eosinophill count,continuous|30150|both_sexes||irnt,GRCh37,eosinophil_count,gt_130424f34f5bb175,SENSITIVITY,Proxy biomarker,Proxy biomarker,SENSITIVITY,1,1,1,D001249,Asthma,B,0,1,False,False,B,"CSA,EUR",CSA,map_cb8244ded7498122
ADRB2,Pan-UKB,Pan-UKB::continuous|30150|both_sexes||irnt,Eosinophill count,continuous|30150|both_sexes||irnt,GRCh37,eosinophil_count,gt_223416cb2c561aa7,SENSITIVITY,Proxy biomarker,Proxy biomarker,SENSITIVITY,1,1,1,D001249,Asthma,A,1,0,False,False,A,"CSA,EUR",CSA,map_cb8244ded7498122
CCR4,Pan-UKB,Pan-UKB::continuous|30150|both_sexes||irnt,Eosinophill count,continuous|30150|both_sexes||irnt,GRCh37,eosinophil_count,gt_dd18083854e1c995,SENSITIVITY,Proxy biomarker,Proxy biomarker,SENSITIVITY,2,2,2,D003876 || D065631,"Dermatitis, Atopic || Rhinitis, Allergic",B,0,2,False,False,B,"CSA,EUR",CSA,map_5870426bd34a44e7 || map_fef4e0642fc76154
CD200R1,Pan-UKB,Pan-UKB::continuous|30150|both_sexes||irnt,Eosinophill count,continuous|30150|both_sexes||irnt,GRCh37,eosinophil_count,gt_36f98e6136a1b48a,SENSITIVITY,Proxy biomarker,Proxy biomarker,SENSITIVITY,1,1,1,D003876,"Dermatitis, Atopic",B,0,1,False,False,B,"CSA,EUR",CSA,map_5870426bd34a44e7
CHRM3,Pan-UKB,Pan-UKB::continuous|30150|both_sexes||irnt,Eosinophill count,continuous|30150|both_sexes||irnt,GRCh37,eosinophil_count,gt_98c8e276ad7437cd,SENSITIVITY,Proxy biomarker,Proxy biomarker,SENSITIVITY,2,2,2,D001249 || D065631,"Asthma || Rhinitis, Allergic","A,B",1,1,True,False,A,"CSA,EUR",CSA,map_cb8244ded7498122 || map_fef4e0642fc76154
CSF2,Pan-UKB,Pan-UKB::continuous|30150|both_sexes||irnt,Eosinophill count,continuous|30150|both_sexes||irnt,GRCh37,eosinophil_count,gt_7ee3b9713ae4766a,SENSITIVITY,Proxy biomarker,Proxy biomarker,SENSITIVITY,1,1,1,D001249,Asthma,B,0,1,False,False,B,"CSA,EUR",CSA,map_cb8244ded7498122
FGFR3,Pan-UKB,Pan-UKB::continuous|30150|both_sexes||irnt,Eosinophill count,continuous|30150|both_sexes||irnt,GRCh37,eosinophil_count,gt_73b858e87bdad0ab,SENSITIVITY,Proxy biomarker,Proxy biomarker,SENSITIVITY,1,1,1,D001249,Asthma,B,0,1,False,False,B,"CSA,EUR",CSA,map_cb8244ded7498122
GATA3,Pan-UKB,Pan-UKB::continuous|30150|both_sexes||irnt,Eosinophill count,continuous|30150|both_sexes||irnt,GRCh37,eosinophil_count,gt_7d630716c81b47c7,SENSITIVITY,Proxy biomarker,Proxy biomarker,SENSITIVITY,2,2,2,D001249 || D003876,"Asthma || Dermatitis, Atopic",B,0,2,False,False,B,"CSA,EUR",CSA,map_5870426bd34a44e7 || map_cb8244ded7498122
HRH4,Pan-UKB,Pan-UKB::continuous|30150|both_sexes||irnt,Eosinophill count,continuous|30150|both_sexes||irnt,GRCh37,eosinophil_count,gt_fe09ffb658631c13,SENSITIVITY,Proxy biomarker,Proxy biomarker,SENSITIVITY,2,2,2,D001249 || D065631,"Asthma || Rhinitis, Allergic",B,0,2,False,False,B,"CSA,EUR",CSA,map_cb8244ded7498122 || map_fef4e0642fc76154
IL13,Pan-UKB,Pan-UKB::continuous|30150|both_sexes||irnt,Eosinophill count,continuous|30150|both_sexes||irnt,GRCh37,eosinophil_count,gt_9ef8bed2b6aa5f66,SENSITIVITY,Proxy biomarker,Proxy biomarker,SENSITIVITY,3,3,3,D001249 || D003876 || D006255,"Asthma || Dermatitis, Atopic || Rhinitis, Allergic, Seasonal","A,B",1,2,True,False,A,"CSA,EUR",CSA,map_5870426bd34a44e7 || map_68fe0b2b5bd7b2d4 || map_cb8244ded7498122
IL17RB,Pan-UKB,Pan-UKB::continuous|30150|both_sexes||irnt,Eosinophill count,continuous|30150|both_sexes||irnt,GRCh37,eosinophil_count,gt_82ec9db2d44db292,SENSITIVITY,Proxy biomarker,Proxy biomarker,SENSITIVITY,1,1,1,D001249,Asthma,B,0,1,False,False,B,"CSA,EUR",CSA,map_cb8244ded7498122
IL1RL1,Pan-UKB,Pan-UKB::continuous|30150|both_sexes||irnt,Eosinophill count,continuous|30150|both_sexes||irnt,GRCh37,eosinophil_count,gt_e8365a8543bc86e5,SENSITIVITY,Proxy biomarker,Proxy biomarker,SENSITIVITY,2,2,2,D001249 || D003876,"Asthma || Dermatitis, Atopic",B,0,2,False,False,B,"CSA,EUR",CSA,map_5870426bd34a44e7 || map_cb8244ded7498122
IL2RA,Pan-UKB,Pan-UKB::continuous|30150|both_sexes||irnt,Eosinophill count,continuous|30150|both_sexes||irnt,GRCh37,eosinophil_count,gt_3b7ad0c4881d6132,SENSITIVITY,Proxy biomarker,Proxy biomarker,SENSITIVITY,1,1,1,D003876,"Dermatitis, Atopic",B,0,1,False,False,B,"CSA,EUR",CSA,map_5870426bd34a44e7
IL3,Pan-UKB,Pan-UKB::continuous|30150|both_sexes||irnt,Eosinophill count,continuous|30150|both_sexes||irnt,GRCh37,eosinophil_count,gt_afccfe95344ecc86,SENSITIVITY,Proxy biomarker,Proxy biomarker,SENSITIVITY,1,1,1,D001249,Asthma,B,0,1,False,False,B,"CSA,EUR",CSA,map_cb8244ded7498122
IL33,Pan-UKB,Pan-UKB::continuous|30150|both_sexes||irnt,Eosinophill count,continuous|30150|both_sexes||irnt,GRCh37,eosinophil_count,gt_5eb37492fa4b017f,SENSITIVITY,Proxy biomarker,Proxy biomarker,SENSITIVITY,4,4,4,D001249 || D003876 || D006255 || D065631,"Asthma || Dermatitis, Atopic || Rhinitis, Allergic || Rhinitis, Allergic, Seasonal",B,0,4,False,False,B,"CSA,EUR",CSA,map_5870426bd34a44e7 || map_68fe0b2b5bd7b2d4 || map_cb8244ded7498122 || map_fef4e0642fc76154
IL4R,Pan-UKB,Pan-UKB::continuous|30150|both_sexes||irnt,Eosinophill count,continuous|30150|both_sexes||irnt,GRCh37,eosinophil_count,gt_71a1f98792f51649,SENSITIVITY,Proxy biomarker,Proxy biomarker,SENSITIVITY,3,3,3,D001249 || D003876 || D065631,"Asthma || Dermatitis, Atopic || Rhinitis, Allergic","A,B",2,1,True,False,A,"CSA,EUR",CSA,map_5870426bd34a44e7 || map_cb8244ded7498122 || map_fef4e0642fc76154
IL5,Pan-UKB,Pan-UKB::continuous|30150|both_sexes||irnt,Eosinophill count,continuous|30150|both_sexes||irnt,GRCh37,eosinophil_count,gt_8afc4516c7c6fc93,SENSITIVITY,Proxy biomarker,Proxy biomarker,SENSITIVITY,1,1,1,D001249,Asthma,B,0,1,False,False,B,"CSA,EUR",CSA,map_cb8244ded7498122
IL6,Pan-UKB,Pan-UKB::continuous|30150|both_sexes||irnt,Eosinophill count,continuous|30150|both_sexes||irnt,GRCh37,eosinophil_count,gt_bcc3afe4dbdbc212,SENSITIVITY,Proxy biomarker,Proxy biomarker,SENSITIVITY,1,1,1,D001249,Asthma,B,0,1,False,False,B,"CSA,EUR",CSA,map_cb8244ded7498122
INPP5D,Pan-UKB,Pan-UKB::continuous|30150|both_sexes||irnt,Eosinophill count,continuous|30150|both_sexes||irnt,GRCh37,eosinophil_count,gt_dadb7ceeabdc9773,SENSITIVITY,Proxy biomarker,Proxy biomarker,SENSITIVITY,1,1,1,D003876,"Dermatitis, Atopic",B,0,1,False,False,B,"CSA,EUR",CSA,map_5870426bd34a44e7
ITGB7,Pan-UKB,Pan-UKB::continuous|30150|both_sexes||irnt,Eosinophill count,continuous|30150|both_sexes||irnt,GRCh37,eosinophil_count,gt_8805f6b96b374c75,SENSITIVITY,Proxy biomarker,Proxy biomarker,SENSITIVITY,1,1,1,D001249,Asthma,B,0,1,False,False,B,"CSA,EUR",CSA,map_cb8244ded7498122
KIT,Pan-UKB,Pan-UKB::continuous|30150|both_sexes||irnt,Eosinophill count,continuous|30150|both_sexes||irnt,GRCh37,eosinophil_count,gt_bbc6733dac188dc0,SENSITIVITY,Proxy biomarker,Proxy biomarker,SENSITIVITY,1,1,1,D001249,Asthma,B,0,1,False,False,B,"CSA,EUR",CSA,map_cb8244ded7498122
MMP12,Pan-UKB,Pan-UKB::continuous|30150|both_sexes||irnt,Eosinophill count,continuous|30150|both_sexes||irnt,GRCh37,eosinophil_count,gt_709ce05cb4e068a8,SENSITIVITY,Proxy biomarker,Proxy biomarker,SENSITIVITY,1,1,1,D001249,Asthma,B,0,1,False,False,B,"CSA,EUR",CSA,map_cb8244ded7498122
NFKB1,Pan-UKB,Pan-UKB::continuous|30150|both_sexes||irnt,Eosinophill count,continuous|30150|both_sexes||irnt,GRCh37,eosinophil_count,gt_2cdeedd0ea0be7bb,SENSITIVITY,Proxy biomarker,Proxy biomarker,SENSITIVITY,2,2,2,D001249 || D003876,"Asthma || Dermatitis, Atopic",B,0,2,False,False,B,"CSA,EUR",CSA,map_5870426bd34a44e7 || map_cb8244ded7498122
NR3C1,Pan-UKB,Pan-UKB::continuous|30150|both_sexes||irnt,Eosinophill count,continuous|30150|both_sexes||irnt,GRCh37,eosinophil_count,gt_3cb4f26d277eeed1,SENSITIVITY,Proxy biomarker,Proxy biomarker,SENSITIVITY,2,2,2,D001249 || D065631,"Asthma || Rhinitis, Allergic","A,B",1,1,True,False,A,"CSA,EUR",CSA,map_cb8244ded7498122 || map_fef4e0642fc76154
P2RY2,Pan-UKB,Pan-UKB::continuous|30150|both_sexes||irnt,Eosinophill count,continuous|30150|both_sexes||irnt,GRCh37,eosinophil_count,gt_c224aad859abb156,SENSITIVITY,Proxy biomarker,Proxy biomarker,SENSITIVITY,1,1,1,D001249,Asthma,B,0,1,False,False,B,"CSA,EUR",CSA,map_cb8244ded7498122
PDE3A,Pan-UKB,Pan-UKB::continuous|30150|both_sexes||irnt,Eosinophill count,continuous|30150|both_sexes||irnt,GRCh37,eosinophil_count,gt_155a98bdfae6de5e,SENSITIVITY,Proxy biomarker,Proxy biomarker,SENSITIVITY,1,1,1,D001249,Asthma,B,0,1,False,False,B,"CSA,EUR",CSA,map_cb8244ded7498122
PDE4B,Pan-UKB,Pan-UKB::continuous|30150|both_sexes||irnt,Eosinophill count,continuous|30150|both_sexes||irnt,GRCh37,eosinophil_count,gt_6ffc43d8ccc9627c,SENSITIVITY,Proxy biomarker,Proxy biomarker,SENSITIVITY,1,1,1,D001249,Asthma,B,0,1,False,False,B,"CSA,EUR",CSA,map_cb8244ded7498122
PDE4D,Pan-UKB,Pan-UKB::continuous|30150|both_sexes||irnt,Eosinophill count,continuous|30150|both_sexes||irnt,GRCh37,eosinophil_count,gt_e0a3b9e35aef01f9,SENSITIVITY,Proxy biomarker,Proxy biomarker,SENSITIVITY,2,2,2,D001249 || D065631,"Asthma || Rhinitis, Allergic",B,0,2,False,False,B,"CSA,EUR",CSA,map_cb8244ded7498122 || map_fef4e0642fc76154
TNFSF15,Pan-UKB,Pan-UKB::continuous|30150|both_sexes||irnt,Eosinophill count,continuous|30150|both_sexes||irnt,GRCh37,eosinophil_count,gt_9460eacf6b5cec6c,SENSITIVITY,Proxy biomarker,Proxy biomarker,SENSITIVITY,1,1,1,D001249,Asthma,B,0,1,False,False,B,"CSA,EUR",CSA,map_cb8244ded7498122
TNFSF4,Pan-UKB,Pan-UKB::continuous|30150|both_sexes||irnt,Eosinophill count,continuous|30150|both_sexes||irnt,GRCh37,eosinophil_count,gt_0d8fbcfc9b467ae1,SENSITIVITY,Proxy biomarker,Proxy biomarker,SENSITIVITY,3,3,3,D001249 || D003876 || D065631,"Asthma || Dermatitis, Atopic || Rhinitis, Allergic",B,0,3,False,False,B,"CSA,EUR",CSA,map_5870426bd34a44e7 || map_cb8244ded7498122 || map_fef4e0642fc76154
TSLP,Pan-UKB,Pan-UKB::continuous|30150|both_sexes||irnt,Eosinophill count,continuous|30150|both_sexes||irnt,GRCh37,eosinophil_count,gt_68a29f695b22e937,SENSITIVITY,Proxy biomarker,Proxy biomarker,SENSITIVITY,2,2,2,D001249 || D003876,"Asthma || Dermatitis, Atopic","A,B",1,1,True,False,A,"CSA,EUR",CSA,map_5870426bd34a44e7 || map_cb8244ded7498122
TYK2,Pan-UKB,Pan-UKB::continuous|30150|both_sexes||irnt,Eosinophill count,continuous|30150|both_sexes||irnt,GRCh37,eosinophil_count,gt_8eb26b68c77fb2cf,SENSITIVITY,Proxy biomarker,Proxy biomarker,SENSITIVITY,1,1,1,D001249,Asthma,B,0,1,False,False,B,"CSA,EUR",CSA,map_cb8244ded7498122
ALDH2,Pan-UKB,Pan-UKB::continuous|eGFRcreacys|both_sexes||irnt,"Estimated glomerular filtration rate, cystain C",continuous|eGFRcreacys|both_sexes||irnt,GRCh37,egfr_cystatin_c,gt_49592188ab978b80,SENSITIVITY,Proxy biomarker,Proxy biomarker,SENSITIVITY,1,1,1,D051437,Renal Insufficiency,B,0,1,False,False,B,"CSA,EUR",CSA,map_60a0dd903780e9d1
APOL1,Pan-UKB,Pan-UKB::continuous|eGFRcreacys|both_sexes||irnt,"Estimated glomerular filtration rate, cystain C",continuous|eGFRcreacys|both_sexes||irnt,GRCh37,egfr_cystatin_c,gt_37e472a0f64504bd,SENSITIVITY,Proxy biomarker,Proxy biomarker,SENSITIVITY,2,2,2,D005923 || D051437,"Glomerulosclerosis, Focal Segmental || Renal Insufficiency",B,0,2,False,False,B,"CSA,EUR",CSA,map_60a0dd903780e9d1 || map_a4cf271bf01d2d4b
AXL,Pan-UKB,Pan-UKB::continuous|eGFRcreacys|both_sexes||irnt,"Estimated glomerular filtration rate, cystain C",continuous|eGFRcreacys|both_sexes||irnt,GRCh37,egfr_cystatin_c,gt_899bad0c2759607f,SENSITIVITY,Proxy biomarker,Proxy biomarker,SENSITIVITY,1,1,1,D005922,"Glomerulonephritis, IGA",B,0,1,False,False,B,"CSA,EUR",CSA,map_988bfdeb00c80053
GLP1R,Pan-UKB,Pan-UKB::continuous|eGFRcreacys|both_sexes||irnt,"Estimated glomerular filtration rate, cystain C",continuous|eGFRcreacys|both_sexes||irnt,GRCh37,egfr_cystatin_c,gt_9e8f8486a39d8061,SENSITIVITY,Proxy biomarker,Proxy biomarker,SENSITIVITY,1,1,1,D051437,Renal Insufficiency,B,0,1,False,False,B,"CSA,EUR",CSA,map_60a0dd903780e9d1
KCNJ1,Pan-UKB,Pan-UKB::continuous|eGFRcreacys|both_sexes||irnt,"Estimated glomerular filtration rate, cystain C",continuous|eGFRcreacys|both_sexes||irnt,GRCh37,egfr_cystatin_c,gt_cb1935f132a80e7e,SENSITIVITY,Proxy biomarker,Proxy biomarker,SENSITIVITY,1,1,1,D051437,Renal Insufficiency,B,0,1,False,False,B,"CSA,EUR",CSA,map_60a0dd903780e9d1
NFE2L2,Pan-UKB,Pan-UKB::continuous|eGFRcreacys|both_sexes||irnt,"Estimated glomerular filtration rate, cystain C",continuous|eGFRcreacys|both_sexes||irnt,GRCh37,egfr_cystatin_c,gt_1c7d432c69e1619f,SENSITIVITY,Proxy biomarker,Proxy biomarker,SENSITIVITY,1,1,1,D051437,Renal Insufficiency,B,0,1,False,False,B,"CSA,EUR",CSA,map_60a0dd903780e9d1
NFKB1,Pan-UKB,Pan-UKB::continuous|eGFRcreacys|both_sexes||irnt,"Estimated glomerular filtration rate, cystain C",continuous|eGFRcreacys|both_sexes||irnt,GRCh37,egfr_cystatin_c,gt_f158807cbd1ff8b0,SENSITIVITY,Proxy biomarker,Proxy biomarker,SENSITIVITY,1,1,1,D005923,"Glomerulosclerosis, Focal Segmental",B,0,1,False,False,B,"CSA,EUR",CSA,map_a4cf271bf01d2d4b
NOX4,Pan-UKB,Pan-UKB::continuous|eGFRcreacys|both_sexes||irnt,"Estimated glomerular filtration rate, cystain C",continuous|eGFRcreacys|both_sexes||irnt,GRCh37,egfr_cystatin_c,gt_611ebc5c523a0335,SENSITIVITY,Proxy biomarker,Proxy biomarker,SENSITIVITY,1,1,1,D003928,Diabetic Nephropathies,B,0,1,False,False,B,"CSA,EUR",CSA,map_237af7c6f0e79465
TGFB1,Pan-UKB,Pan-UKB::continuous|eGFRcreacys|both_sexes||irnt,"Estimated glomerular filtration rate, cystain C",continuous|eGFRcreacys|both_sexes||irnt,GRCh37,egfr_cystatin_c,gt_67fafbc34fad5769,SENSITIVITY,Proxy biomarker,Proxy biomarker,SENSITIVITY,1,1,1,D005923,"Glomerulosclerosis, Focal Segmental",B,0,1,False,False,B,"CSA,EUR",CSA,map_a4cf271bf01d2d4b
TNFSF13,Pan-UKB,Pan-UKB::continuous|eGFRcreacys|both_sexes||irnt,"Estimated glomerular filtration rate, cystain C",continuous|eGFRcreacys|both_sexes||irnt,GRCh37,egfr_cystatin_c,gt_2a1141a538a5d8da,SENSITIVITY,Proxy biomarker,Proxy biomarker,SENSITIVITY,1,1,1,D005922,"Glomerulonephritis, IGA",B,0,1,False,False,B,"CSA,EUR",CSA,map_988bfdeb00c80053
ALDH2,Pan-UKB,Pan-UKB::continuous|eGFRcys|both_sexes||irnt,"Estimated glomerular filtration rate, serum creatinine + cystain C",continuous|eGFRcys|both_sexes||irnt,GRCh37,egfr_creatinine_cystatin_c,gt_d2741a54561a8897,SENSITIVITY,Proxy biomarker,Proxy biomarker,SENSITIVITY,1,1,1,D051437,Renal Insufficiency,B,0,1,False,False,B,"CSA,EUR",CSA,map_595de43d458884cd
APOL1,Pan-UKB,Pan-UKB::continuous|eGFRcys|both_sexes||irnt,"Estimated glomerular filtration rate, serum creatinine + cystain C",continuous|eGFRcys|both_sexes||irnt,GRCh37,egfr_creatinine_cystatin_c,gt_726d8669541e423b,SENSITIVITY,Proxy biomarker,Proxy biomarker,SENSITIVITY,2,2,2,D005923 || D051437,"Glomerulosclerosis, Focal Segmental || Renal Insufficiency",B,0,2,False,False,B,"CSA,EUR",CSA,map_595de43d458884cd || map_b636365ec4af96d0
AXL,Pan-UKB,Pan-UKB::continuous|eGFRcys|both_sexes||irnt,"Estimated glomerular filtration rate, serum creatinine + cystain C",continuous|eGFRcys|both_sexes||irnt,GRCh37,egfr_creatinine_cystatin_c,gt_e7ef4b7ebf566d2c,SENSITIVITY,Proxy biomarker,Proxy biomarker,SENSITIVITY,1,1,1,D005922,"Glomerulonephritis, IGA",B,0,1,False,False,B,"CSA,EUR",CSA,map_b769d2557192a963
GLP1R,Pan-UKB,Pan-UKB::continuous|eGFRcys|both_sexes||irnt,"Estimated glomerular filtration rate, serum creatinine + cystain C",continuous|eGFRcys|both_sexes||irnt,GRCh37,egfr_creatinine_cystatin_c,gt_f94da670fe45d073,SENSITIVITY,Proxy biomarker,Proxy biomarker,SENSITIVITY,1,1,1,D051437,Renal Insufficiency,B,0,1,False,False,B,"CSA,EUR",CSA,map_595de43d458884cd
KCNJ1,Pan-UKB,Pan-UKB::continuous|eGFRcys|both_sexes||irnt,"Estimated glomerular filtration rate, serum creatinine + cystain C",continuous|eGFRcys|both_sexes||irnt,GRCh37,egfr_creatinine_cystatin_c,gt_e302145f95c19917,SENSITIVITY,Proxy biomarker,Proxy biomarker,SENSITIVITY,1,1,1,D051437,Renal Insufficiency,B,0,1,False,False,B,"CSA,EUR",CSA,map_595de43d458884cd
NFE2L2,Pan-UKB,Pan-UKB::continuous|eGFRcys|both_sexes||irnt,"Estimated glomerular filtration rate, serum creatinine + cystain C",continuous|eGFRcys|both_sexes||irnt,GRCh37,egfr_creatinine_cystatin_c,gt_9fd89b9a06bf3d21,SENSITIVITY,Proxy biomarker,Proxy biomarker,SENSITIVITY,1,1,1,D051437,Renal Insufficiency,B,0,1,False,False,B,"CSA,EUR",CSA,map_595de43d458884cd
NFKB1,Pan-UKB,Pan-UKB::continuous|eGFRcys|both_sexes||irnt,"Estimated glomerular filtration rate, serum creatinine + cystain C",continuous|eGFRcys|both_sexes||irnt,GRCh37,egfr_creatinine_cystatin_c,gt_5cfdcb953dd2daa1,SENSITIVITY,Proxy biomarker,Proxy biomarker,SENSITIVITY,1,1,1,D005923,"Glomerulosclerosis, Focal Segmental",B,0,1,False,False,B,"CSA,EUR",CSA,map_b636365ec4af96d0
NOX4,Pan-UKB,Pan-UKB::continuous|eGFRcys|both_sexes||irnt,"Estimated glomerular filtration rate, serum creatinine + cystain C",continuous|eGFRcys|both_sexes||irnt,GRCh37,egfr_creatinine_cystatin_c,gt_035225972671d0e8,SENSITIVITY,Proxy biomarker,Proxy biomarker,SENSITIVITY,1,1,1,D003928,Diabetic Nephropathies,B,0,1,False,False,B,"CSA,EUR",CSA,map_9eebacb52f0633f9
TGFB1,Pan-UKB,Pan-UKB::continuous|eGFRcys|both_sexes||irnt,"Estimated glomerular filtration rate, serum creatinine + cystain C",continuous|eGFRcys|both_sexes||irnt,GRCh37,egfr_creatinine_cystatin_c,gt_811c6788417a2e37,SENSITIVITY,Proxy biomarker,Proxy biomarker,SENSITIVITY,1,1,1,D005923,"Glomerulosclerosis, Focal Segmental",B,0,1,False,False,B,"CSA,EUR",CSA,map_b636365ec4af96d0
TNFSF13,Pan-UKB,Pan-UKB::continuous|eGFRcys|both_sexes||irnt,"Estimated glomerular filtration rate, serum creatinine + cystain C",continuous|eGFRcys|both_sexes||irnt,GRCh37,egfr_creatinine_cystatin_c,gt_237a604cf389b322,SENSITIVITY,Proxy biomarker,Proxy biomarker,SENSITIVITY,1,1,1,D005922,"Glomerulonephritis, IGA",B,0,1,False,False,B,"CSA,EUR",CSA,map_b769d2557192a963
ADORA1,Pan-UKB,Pan-UKB::continuous|3063|both_sexes||irnt,Forced expiratory volume in 1-second (FEV1),continuous|3063|both_sexes||irnt,GRCh37,fev1,gt_8ae1111e40e959b8,SENSITIVITY,Closely related phenotype,Closely related phenotype || Proxy biomarker,SENSITIVITY,2,2,2,D001249 || D029424,"Asthma || Pulmonary Disease, Chronic Obstructive",B,0,2,False,False,B,"AFR,CSA,EUR,MID","AFR,CSA,MID",map_3b5ef0a073ff5fa0 || map_59356df4843aaef1
ADORA2B,Pan-UKB,Pan-UKB::continuous|3063|both_sexes||irnt,Forced expiratory volume in 1-second (FEV1),continuous|3063|both_sexes||irnt,GRCh37,fev1,gt_8a1e23cc998cbb64,SENSITIVITY,Proxy biomarker,Proxy biomarker,SENSITIVITY,1,1,1,D001249,Asthma,B,0,1,False,False,B,"AFR,CSA,EUR,MID","AFR,CSA,MID",map_59356df4843aaef1
ADRB2,Pan-UKB,Pan-UKB::continuous|3063|both_sexes||irnt,Forced expiratory volume in 1-second (FEV1),continuous|3063|both_sexes||irnt,GRCh37,fev1,gt_495f677728f16ec2,SENSITIVITY,Closely related phenotype,Closely related phenotype || Proxy biomarker,SENSITIVITY,2,2,2,D001249 || D029424,"Asthma || Pulmonary Disease, Chronic Obstructive",A,2,0,False,False,A,"AFR,CSA,EUR,MID","AFR,CSA,MID",map_3b5ef0a073ff5fa0 || map_59356df4843aaef1
CHRM3,Pan-UKB,Pan-UKB::continuous|3063|both_sexes||irnt,Forced expiratory volume in 1-second (FEV1),continuous|3063|both_sexes||irnt,GRCh37,fev1,gt_eaad0d6b2891c9d2,SENSITIVITY,Closely related phenotype,Closely related phenotype || Proxy biomarker,SENSITIVITY,2,2,2,D001249 || D029424,"Asthma || Pulmonary Disease, Chronic Obstructive","A,B",1,1,True,False,A,"AFR,CSA,EUR,MID","AFR,CSA,MID",map_3b5ef0a073ff5fa0 || map_59356df4843aaef1
CSF2,Pan-UKB,Pan-UKB::continuous|3063|both_sexes||irnt,Forced expiratory volume in 1-second (FEV1),continuous|3063|both_sexes||irnt,GRCh37,fev1,gt_4f85f19a487f8fd2,SENSITIVITY,Closely related phenotype,Closely related phenotype || Proxy biomarker,SENSITIVITY,2,2,2,D001249 || D029424,"Asthma || Pulmonary Disease, Chronic Obstructive",B,0,2,False,False,B,"AFR,CSA,EUR,MID","AFR,CSA,MID",map_3b5ef0a073ff5fa0 || map_59356df4843aaef1
EPHX2,Pan-UKB,Pan-UKB::continuous|3063|both_sexes||irnt,Forced expiratory volume in 1-second (FEV1),continuous|3063|both_sexes||irnt,GRCh37,fev1,gt_688797756517cedf,SENSITIVITY,Closely related phenotype,Closely related phenotype,SENSITIVITY,1,1,1,D029424,"Pulmonary Disease, Chronic Obstructive",B,0,1,False,False,B,"AFR,CSA,EUR,MID","AFR,CSA,MID",map_3b5ef0a073ff5fa0
FGFR3,Pan-UKB,Pan-UKB::continuous|3063|both_sexes||irnt,Forced expiratory volume in 1-second (FEV1),continuous|3063|both_sexes||irnt,GRCh37,fev1,gt_013512b566d19bdd,SENSITIVITY,Proxy biomarker,Proxy biomarker,SENSITIVITY,1,1,1,D001249,Asthma,B,0,1,False,False,B,"AFR,CSA,EUR,MID","AFR,CSA,MID",map_59356df4843aaef1
GATA3,Pan-UKB,Pan-UKB::continuous|3063|both_sexes||irnt,Forced expiratory volume in 1-second (FEV1),continuous|3063|both_sexes||irnt,GRCh37,fev1,gt_156175cb277f8eb1,SENSITIVITY,Closely related phenotype,Closely related phenotype || Proxy biomarker,SENSITIVITY,2,2,2,D001249 || D029424,"Asthma || Pulmonary Disease, Chronic Obstructive",B,0,2,False,False,B,"AFR,CSA,EUR,MID","AFR,CSA,MID",map_3b5ef0a073ff5fa0 || map_59356df4843aaef1
HCRTR1,Pan-UKB,Pan-UKB::continuous|3063|both_sexes||irnt,Forced expiratory volume in 1-second (FEV1),continuous|3063|both_sexes||irnt,GRCh37,fev1,gt_cb34eb2d840eca86,SENSITIVITY,Closely related phenotype,Closely related phenotype,SENSITIVITY,1,1,1,D029424,"Pulmonary Disease, Chronic Obstructive",B,0,1,False,False,B,"AFR,CSA,EUR,MID","AFR,CSA,MID",map_3b5ef0a073ff5fa0
HRH4,Pan-UKB,Pan-UKB::continuous|3063|both_sexes||irnt,Forced expiratory volume in 1-second (FEV1),continuous|3063|both_sexes||irnt,GRCh37,fev1,gt_a146c9afef699a4a,SENSITIVITY,Closely related phenotype,Closely related phenotype || Proxy biomarker,SENSITIVITY,2,2,2,D001249 || D029424,"Asthma || Pulmonary Disease, Chronic Obstructive",B,0,2,False,False,B,"AFR,CSA,EUR,MID","AFR,CSA,MID",map_3b5ef0a073ff5fa0 || map_59356df4843aaef1
IL13,Pan-UKB,Pan-UKB::continuous|3063|both_sexes||irnt,Forced expiratory volume in 1-second (FEV1),continuous|3063|both_sexes||irnt,GRCh37,fev1,gt_f39647351d388081,SENSITIVITY,Closely related phenotype,Closely related phenotype || Proxy biomarker,SENSITIVITY,2,2,2,D001249 || D029424,"Asthma || Pulmonary Disease, Chronic Obstructive",B,0,2,False,False,B,"AFR,CSA,EUR,MID","AFR,CSA,MID",map_3b5ef0a073ff5fa0 || map_59356df4843aaef1
IL17RB,Pan-UKB,Pan-UKB::continuous|3063|both_sexes||irnt,Forced expiratory volume in 1-second (FEV1),continuous|3063|both_sexes||irnt,GRCh37,fev1,gt_a9888937e4480c97,SENSITIVITY,Proxy biomarker,Proxy biomarker,SENSITIVITY,1,1,1,D001249,Asthma,B,0,1,False,False,B,"AFR,CSA,EUR,MID","AFR,CSA,MID",map_59356df4843aaef1
IL1R1,Pan-UKB,Pan-UKB::continuous|3063|both_sexes||irnt,Forced expiratory volume in 1-second (FEV1),continuous|3063|both_sexes||irnt,GRCh37,fev1,gt_5d68fa6326a39614,SENSITIVITY,Closely related phenotype,Closely related phenotype,SENSITIVITY,1,1,1,D029424,"Pulmonary Disease, Chronic Obstructive",B,0,1,False,False,B,"AFR,CSA,EUR,MID","AFR,CSA,MID",map_3b5ef0a073ff5fa0
IL1RL1,Pan-UKB,Pan-UKB::continuous|3063|both_sexes||irnt,Forced expiratory volume in 1-second (FEV1),continuous|3063|both_sexes||irnt,GRCh37,fev1,gt_16bad9e5717c24d3,SENSITIVITY,Closely related phenotype,Closely related phenotype || Proxy biomarker,SENSITIVITY,2,2,2,D001249 || D029424,"Asthma || Pulmonary Disease, Chronic Obstructive",B,0,2,False,False,B,"AFR,CSA,EUR,MID","AFR,CSA,MID",map_3b5ef0a073ff5fa0 || map_59356df4843aaef1
IL3,Pan-UKB,Pan-UKB::continuous|3063|both_sexes||irnt,Forced expiratory volume in 1-second (FEV1),continuous|3063|both_sexes||irnt,GRCh37,fev1,gt_4d0c1be02c7c96b1,SENSITIVITY,Proxy biomarker,Proxy biomarker,SENSITIVITY,1,1,1,D001249,Asthma,B,0,1,False,False,B,"AFR,CSA,EUR,MID","AFR,CSA,MID",map_59356df4843aaef1
IL33,Pan-UKB,Pan-UKB::continuous|3063|both_sexes||irnt,Forced expiratory volume in 1-second (FEV1),continuous|3063|both_sexes||irnt,GRCh37,fev1,gt_7d25e615646c0be9,SENSITIVITY,Closely related phenotype,Closely related phenotype || Proxy biomarker,SENSITIVITY,2,2,2,D001249 || D029424,"Asthma || Pulmonary Disease, Chronic Obstructive",B,0,2,False,False,B,"AFR,CSA,EUR,MID","AFR,CSA,MID",map_3b5ef0a073ff5fa0 || map_59356df4843aaef1
IL4R,Pan-UKB,Pan-UKB::continuous|3063|both_sexes||irnt,Forced expiratory volume in 1-second (FEV1),continuous|3063|both_sexes||irnt,GRCh37,fev1,gt_ecb0c0d407fda9fb,SENSITIVITY,Closely related phenotype,Closely related phenotype || Proxy biomarker,SENSITIVITY,2,2,2,D001249 || D029424,"Asthma || Pulmonary Disease, Chronic Obstructive","A,B",1,1,True,False,A,"AFR,CSA,EUR,MID","AFR,CSA,MID",map_3b5ef0a073ff5fa0 || map_59356df4843aaef1
IL5,Pan-UKB,Pan-UKB::continuous|3063|both_sexes||irnt,Forced expiratory volume in 1-second (FEV1),continuous|3063|both_sexes||irnt,GRCh37,fev1,gt_bfd5545a5a2876bf,SENSITIVITY,Proxy biomarker,Proxy biomarker,SENSITIVITY,1,1,1,D001249,Asthma,B,0,1,False,False,B,"AFR,CSA,EUR,MID","AFR,CSA,MID",map_59356df4843aaef1
IL6,Pan-UKB,Pan-UKB::continuous|3063|both_sexes||irnt,Forced expiratory volume in 1-second (FEV1),continuous|3063|both_sexes||irnt,GRCh37,fev1,gt_f6175b0342fb5780,SENSITIVITY,Proxy biomarker,Proxy biomarker,SENSITIVITY,1,1,1,D001249,Asthma,B,0,1,False,False,B,"AFR,CSA,EUR,MID","AFR,CSA,MID",map_59356df4843aaef1
ITGB7,Pan-UKB,Pan-UKB::continuous|3063|both_sexes||irnt,Forced expiratory volume in 1-second (FEV1),continuous|3063|both_sexes||irnt,GRCh37,fev1,gt_b1ae3eb539c385dd,SENSITIVITY,Proxy biomarker,Proxy biomarker,SENSITIVITY,1,1,1,D001249,Asthma,B,0,1,False,False,B,"AFR,CSA,EUR,MID","AFR,CSA,MID",map_59356df4843aaef1
KIT,Pan-UKB,Pan-UKB::continuous|3063|both_sexes||irnt,Forced expiratory volume in 1-second (FEV1),continuous|3063|both_sexes||irnt,GRCh37,fev1,gt_7f724afe00ec49cb,SENSITIVITY,Proxy biomarker,Proxy biomarker,SENSITIVITY,1,1,1,D001249,Asthma,B,0,1,False,False,B,"AFR,CSA,EUR,MID","AFR,CSA,MID",map_59356df4843aaef1
MMP12,Pan-UKB,Pan-UKB::continuous|3063|both_sexes||irnt,Forced expiratory volume in 1-second (FEV1),continuous|3063|both_sexes||irnt,GRCh37,fev1,gt_b13b0fea4588063b,SENSITIVITY,Proxy biomarker,Proxy biomarker,SENSITIVITY,1,1,1,D001249,Asthma,B,0,1,False,False,B,"AFR,CSA,EUR,MID","AFR,CSA,MID",map_59356df4843aaef1
NFKB1,Pan-UKB,Pan-UKB::continuous|3063|both_sexes||irnt,Forced expiratory volume in 1-second (FEV1),continuous|3063|both_sexes||irnt,GRCh37,fev1,gt_9d644cbd7bb53f54,SENSITIVITY,Proxy biomarker,Proxy biomarker,SENSITIVITY,1,1,1,D001249,Asthma,B,0,1,False,False,B,"AFR,CSA,EUR,MID","AFR,CSA,MID",map_59356df4843aaef1
NR3C1,Pan-UKB,Pan-UKB::continuous|3063|both_sexes||irnt,Forced expiratory volume in 1-second (FEV1),continuous|3063|both_sexes||irnt,GRCh37,fev1,gt_453814eeb960a8fd,SENSITIVITY,Closely related phenotype,Closely related phenotype || Proxy biomarker,SENSITIVITY,2,2,2,D001249 || D029424,"Asthma || Pulmonary Disease, Chronic Obstructive",A,2,0,False,False,A,"AFR,CSA,EUR,MID","AFR,CSA,MID",map_3b5ef0a073ff5fa0 || map_59356df4843aaef1
P2RY2,Pan-UKB,Pan-UKB::continuous|3063|both_sexes||irnt,Forced expiratory volume in 1-second (FEV1),continuous|3063|both_sexes||irnt,GRCh37,fev1,gt_67618c459284880c,SENSITIVITY,Proxy biomarker,Proxy biomarker,SENSITIVITY,1,1,1,D001249,Asthma,B,0,1,False,False,B,"AFR,CSA,EUR,MID","AFR,CSA,MID",map_59356df4843aaef1
PDE3A,Pan-UKB,Pan-UKB::continuous|3063|both_sexes||irnt,Forced expiratory volume in 1-second (FEV1),continuous|3063|both_sexes||irnt,GRCh37,fev1,gt_0ef8cbb6ba3f7abe,SENSITIVITY,Closely related phenotype,Closely related phenotype || Proxy biomarker,SENSITIVITY,2,2,2,D001249 || D029424,"Asthma || Pulmonary Disease, Chronic Obstructive",B,0,2,False,False,B,"AFR,CSA,EUR,MID","AFR,CSA,MID",map_3b5ef0a073ff5fa0 || map_59356df4843aaef1
PDE4B,Pan-UKB,Pan-UKB::continuous|3063|both_sexes||irnt,Forced expiratory volume in 1-second (FEV1),continuous|3063|both_sexes||irnt,GRCh37,fev1,gt_ce15e9abcabbebe4,SENSITIVITY,Closely related phenotype,Closely related phenotype || Proxy biomarker,SENSITIVITY,2,2,2,D001249 || D029424,"Asthma || Pulmonary Disease, Chronic Obstructive",B,0,2,False,False,B,"AFR,CSA,EUR,MID","AFR,CSA,MID",map_3b5ef0a073ff5fa0 || map_59356df4843aaef1
PDE4D,Pan-UKB,Pan-UKB::continuous|3063|both_sexes||irnt,Forced expiratory volume in 1-second (FEV1),continuous|3063|both_sexes||irnt,GRCh37,fev1,gt_45bc82dccf3c01ab,SENSITIVITY,Closely related phenotype,Closely related phenotype || Proxy biomarker,SENSITIVITY,2,2,2,D001249 || D029424,"Asthma || Pulmonary Disease, Chronic Obstructive",B,0,2,False,False,B,"AFR,CSA,EUR,MID","AFR,CSA,MID",map_3b5ef0a073ff5fa0 || map_59356df4843aaef1
RARG,Pan-UKB,Pan-UKB::continuous|3063|both_sexes||irnt,Forced expiratory volume in 1-second (FEV1),continuous|3063|both_sexes||irnt,GRCh37,fev1,gt_634e01c40ac909ce,SENSITIVITY,Closely related phenotype,Closely related phenotype,SENSITIVITY,1,1,1,D029424,"Pulmonary Disease, Chronic Obstructive",B,0,1,False,False,B,"AFR,CSA,EUR,MID","AFR,CSA,MID",map_3b5ef0a073ff5fa0
SERPINA1,Pan-UKB,Pan-UKB::continuous|3063|both_sexes||irnt,Forced expiratory volume in 1-second (FEV1),continuous|3063|both_sexes||irnt,GRCh37,fev1,gt_029961e460d086f0,SENSITIVITY,Closely related phenotype,Closely related phenotype,SENSITIVITY,1,1,1,D029424,"Pulmonary Disease, Chronic Obstructive",B,0,1,False,False,B,"AFR,CSA,EUR,MID","AFR,CSA,MID",map_3b5ef0a073ff5fa0
TNFSF15,Pan-UKB,Pan-UKB::continuous|3063|both_sexes||irnt,Forced expiratory volume in 1-second (FEV1),continuous|3063|both_sexes||irnt,GRCh37,fev1,gt_b8bfd54f2cf1a119,SENSITIVITY,Proxy biomarker,Proxy biomarker,SENSITIVITY,1,1,1,D001249,Asthma,B,0,1,False,False,B,"AFR,CSA,EUR,MID","AFR,CSA,MID",map_59356df4843aaef1
TNFSF4,Pan-UKB,Pan-UKB::continuous|3063|both_sexes||irnt,Forced expiratory volume in 1-second (FEV1),continuous|3063|both_sexes||irnt,GRCh37,fev1,gt_351f098f1d4785d1,SENSITIVITY,Proxy biomarker,Proxy biomarker,SENSITIVITY,1,1,1,D001249,Asthma,B,0,1,False,False,B,"AFR,CSA,EUR,MID","AFR,CSA,MID",map_59356df4843aaef1
TSLP,Pan-UKB,Pan-UKB::continuous|3063|both_sexes||irnt,Forced expiratory volume in 1-second (FEV1),continuous|3063|both_sexes||irnt,GRCh37,fev1,gt_f74f9b66526dece0,SENSITIVITY,Closely related phenotype,Closely related phenotype || Proxy biomarker,SENSITIVITY,2,2,2,D001249 || D029424,"Asthma || Pulmonary Disease, Chronic Obstructive","A,B",1,1,True,False,A,"AFR,CSA,EUR,MID","AFR,CSA,MID",map_3b5ef0a073ff5fa0 || map_59356df4843aaef1
TYK2,Pan-UKB,Pan-UKB::continuous|3063|both_sexes||irnt,Forced expiratory volume in 1-second (FEV1),continuous|3063|both_sexes||irnt,GRCh37,fev1,gt_e16801af4d34b8d6,SENSITIVITY,Proxy biomarker,Proxy biomarker,SENSITIVITY,1,1,1,D001249,Asthma,B,0,1,False,False,B,"AFR,CSA,EUR,MID","AFR,CSA,MID",map_59356df4843aaef1
ADORA1,Pan-UKB,Pan-UKB::continuous|3062|both_sexes||irnt,Forced vital capacity (FVC),continuous|3062|both_sexes||irnt,GRCh37,fvc,gt_48d9393562b5ff50,SENSITIVITY,Closely related phenotype,Closely related phenotype || Proxy biomarker,SENSITIVITY,2,2,2,D001249 || D029424,"Asthma || Pulmonary Disease, Chronic Obstructive",B,0,2,False,False,B,"AFR,CSA,EUR,MID","AFR,CSA,MID",map_16d098169734a13c || map_8f3487c5d3ef8b41
ADORA2B,Pan-UKB,Pan-UKB::continuous|3062|both_sexes||irnt,Forced vital capacity (FVC),continuous|3062|both_sexes||irnt,GRCh37,fvc,gt_d4809ae97a28786d,SENSITIVITY,Proxy biomarker,Proxy biomarker,SENSITIVITY,1,1,1,D001249,Asthma,B,0,1,False,False,B,"AFR,CSA,EUR,MID","AFR,CSA,MID",map_8f3487c5d3ef8b41
ADRB2,Pan-UKB,Pan-UKB::continuous|3062|both_sexes||irnt,Forced vital capacity (FVC),continuous|3062|both_sexes||irnt,GRCh37,fvc,gt_df7e9a1eb48a6586,SENSITIVITY,Closely related phenotype,Closely related phenotype || Proxy biomarker,SENSITIVITY,2,2,2,D001249 || D029424,"Asthma || Pulmonary Disease, Chronic Obstructive",A,2,0,False,False,A,"AFR,CSA,EUR,MID","AFR,CSA,MID",map_16d098169734a13c || map_8f3487c5d3ef8b41
CHRM3,Pan-UKB,Pan-UKB::continuous|3062|both_sexes||irnt,Forced vital capacity (FVC),continuous|3062|both_sexes||irnt,GRCh37,fvc,gt_46d69d85fe63ef90,SENSITIVITY,Closely related phenotype,Closely related phenotype || Proxy biomarker,SENSITIVITY,2,2,2,D001249 || D029424,"Asthma || Pulmonary Disease, Chronic Obstructive","A,B",1,1,True,False,A,"AFR,CSA,EUR,MID","AFR,CSA,MID",map_16d098169734a13c || map_8f3487c5d3ef8b41
CSF2,Pan-UKB,Pan-UKB::continuous|3062|both_sexes||irnt,Forced vital capacity (FVC),continuous|3062|both_sexes||irnt,GRCh37,fvc,gt_b8100d18ea6533d9,SENSITIVITY,Closely related phenotype,Closely related phenotype || Proxy biomarker,SENSITIVITY,2,2,2,D001249 || D029424,"Asthma || Pulmonary Disease, Chronic Obstructive",B,0,2,False,False,B,"AFR,CSA,EUR,MID","AFR,CSA,MID",map_16d098169734a13c || map_8f3487c5d3ef8b41
EPHX2,Pan-UKB,Pan-UKB::continuous|3062|both_sexes||irnt,Forced vital capacity (FVC),continuous|3062|both_sexes||irnt,GRCh37,fvc,gt_627ba7f7d193b4f0,SENSITIVITY,Closely related phenotype,Closely related phenotype,SENSITIVITY,1,1,1,D029424,"Pulmonary Disease, Chronic Obstructive",B,0,1,False,False,B,"AFR,CSA,EUR,MID","AFR,CSA,MID",map_16d098169734a13c
FGFR3,Pan-UKB,Pan-UKB::continuous|3062|both_sexes||irnt,Forced vital capacity (FVC),continuous|3062|both_sexes||irnt,GRCh37,fvc,gt_1eeb6fa62227d107,SENSITIVITY,Proxy biomarker,Proxy biomarker,SENSITIVITY,1,1,1,D001249,Asthma,B,0,1,False,False,B,"AFR,CSA,EUR,MID","AFR,CSA,MID",map_8f3487c5d3ef8b41
GATA3,Pan-UKB,Pan-UKB::continuous|3062|both_sexes||irnt,Forced vital capacity (FVC),continuous|3062|both_sexes||irnt,GRCh37,fvc,gt_7f8c25bf2fa7f05c,SENSITIVITY,Closely related phenotype,Closely related phenotype || Proxy biomarker,SENSITIVITY,2,2,2,D001249 || D029424,"Asthma || Pulmonary Disease, Chronic Obstructive",B,0,2,False,False,B,"AFR,CSA,EUR,MID","AFR,CSA,MID",map_16d098169734a13c || map_8f3487c5d3ef8b41
HCRTR1,Pan-UKB,Pan-UKB::continuous|3062|both_sexes||irnt,Forced vital capacity (FVC),continuous|3062|both_sexes||irnt,GRCh37,fvc,gt_80ed0a36710016a5,SENSITIVITY,Closely related phenotype,Closely related phenotype,SENSITIVITY,1,1,1,D029424,"Pulmonary Disease, Chronic Obstructive",B,0,1,False,False,B,"AFR,CSA,EUR,MID","AFR,CSA,MID",map_16d098169734a13c
HRH4,Pan-UKB,Pan-UKB::continuous|3062|both_sexes||irnt,Forced vital capacity (FVC),continuous|3062|both_sexes||irnt,GRCh37,fvc,gt_7572aa2bb0914ab1,SENSITIVITY,Closely related phenotype,Closely related phenotype || Proxy biomarker,SENSITIVITY,2,2,2,D001249 || D029424,"Asthma || Pulmonary Disease, Chronic Obstructive",B,0,2,False,False,B,"AFR,CSA,EUR,MID","AFR,CSA,MID",map_16d098169734a13c || map_8f3487c5d3ef8b41
IL13,Pan-UKB,Pan-UKB::continuous|3062|both_sexes||irnt,Forced vital capacity (FVC),continuous|3062|both_sexes||irnt,GRCh37,fvc,gt_3a823a51b7fd931e,SENSITIVITY,Closely related phenotype,Closely related phenotype || Proxy biomarker,SENSITIVITY,2,2,2,D001249 || D029424,"Asthma || Pulmonary Disease, Chronic Obstructive",B,0,2,False,False,B,"AFR,CSA,EUR,MID","AFR,CSA,MID",map_16d098169734a13c || map_8f3487c5d3ef8b41
IL17RB,Pan-UKB,Pan-UKB::continuous|3062|both_sexes||irnt,Forced vital capacity (FVC),continuous|3062|both_sexes||irnt,GRCh37,fvc,gt_84525d9b3679984a,SENSITIVITY,Proxy biomarker,Proxy biomarker,SENSITIVITY,1,1,1,D001249,Asthma,B,0,1,False,False,B,"AFR,CSA,EUR,MID","AFR,CSA,MID",map_8f3487c5d3ef8b41
IL1R1,Pan-UKB,Pan-UKB::continuous|3062|both_sexes||irnt,Forced vital capacity (FVC),continuous|3062|both_sexes||irnt,GRCh37,fvc,gt_07be8437e4fb75bf,SENSITIVITY,Closely related phenotype,Closely related phenotype,SENSITIVITY,1,1,1,D029424,"Pulmonary Disease, Chronic Obstructive",B,0,1,False,False,B,"AFR,CSA,EUR,MID","AFR,CSA,MID",map_16d098169734a13c
IL1RL1,Pan-UKB,Pan-UKB::continuous|3062|both_sexes||irnt,Forced vital capacity (FVC),continuous|3062|both_sexes||irnt,GRCh37,fvc,gt_c073758027a17aa2,SENSITIVITY,Closely related phenotype,Closely related phenotype || Proxy biomarker,SENSITIVITY,2,2,2,D001249 || D029424,"Asthma || Pulmonary Disease, Chronic Obstructive",B,0,2,False,False,B,"AFR,CSA,EUR,MID","AFR,CSA,MID",map_16d098169734a13c || map_8f3487c5d3ef8b41
IL3,Pan-UKB,Pan-UKB::continuous|3062|both_sexes||irnt,Forced vital capacity (FVC),continuous|3062|both_sexes||irnt,GRCh37,fvc,gt_0f3c648c57772115,SENSITIVITY,Proxy biomarker,Proxy biomarker,SENSITIVITY,1,1,1,D001249,Asthma,B,0,1,False,False,B,"AFR,CSA,EUR,MID","AFR,CSA,MID",map_8f3487c5d3ef8b41
IL33,Pan-UKB,Pan-UKB::continuous|3062|both_sexes||irnt,Forced vital capacity (FVC),continuous|3062|both_sexes||irnt,GRCh37,fvc,gt_18d41ae065e330d7,SENSITIVITY,Closely related phenotype,Closely related phenotype || Proxy biomarker,SENSITIVITY,2,2,2,D001249 || D029424,"Asthma || Pulmonary Disease, Chronic Obstructive",B,0,2,False,False,B,"AFR,CSA,EUR,MID","AFR,CSA,MID",map_16d098169734a13c || map_8f3487c5d3ef8b41
IL4R,Pan-UKB,Pan-UKB::continuous|3062|both_sexes||irnt,Forced vital capacity (FVC),continuous|3062|both_sexes||irnt,GRCh37,fvc,gt_08e785ae6efb3f9a,SENSITIVITY,Closely related phenotype,Closely related phenotype || Proxy biomarker,SENSITIVITY,2,2,2,D001249 || D029424,"Asthma || Pulmonary Disease, Chronic Obstructive","A,B",1,1,True,False,A,"AFR,CSA,EUR,MID","AFR,CSA,MID",map_16d098169734a13c || map_8f3487c5d3ef8b41
IL5,Pan-UKB,Pan-UKB::continuous|3062|both_sexes||irnt,Forced vital capacity (FVC),continuous|3062|both_sexes||irnt,GRCh37,fvc,gt_02cc00fae6333219,SENSITIVITY,Proxy biomarker,Proxy biomarker,SENSITIVITY,1,1,1,D001249,Asthma,B,0,1,False,False,B,"AFR,CSA,EUR,MID","AFR,CSA,MID",map_8f3487c5d3ef8b41
IL6,Pan-UKB,Pan-UKB::continuous|3062|both_sexes||irnt,Forced vital capacity (FVC),continuous|3062|both_sexes||irnt,GRCh37,fvc,gt_fc6dc0881ba598e4,SENSITIVITY,Proxy biomarker,Proxy biomarker,SENSITIVITY,1,1,1,D001249,Asthma,B,0,1,False,False,B,"AFR,CSA,EUR,MID","AFR,CSA,MID",map_8f3487c5d3ef8b41
ITGB7,Pan-UKB,Pan-UKB::continuous|3062|both_sexes||irnt,Forced vital capacity (FVC),continuous|3062|both_sexes||irnt,GRCh37,fvc,gt_58869ee37c53092a,SENSITIVITY,Proxy biomarker,Proxy biomarker,SENSITIVITY,1,1,1,D001249,Asthma,B,0,1,False,False,B,"AFR,CSA,EUR,MID","AFR,CSA,MID",map_8f3487c5d3ef8b41
KIT,Pan-UKB,Pan-UKB::continuous|3062|both_sexes||irnt,Forced vital capacity (FVC),continuous|3062|both_sexes||irnt,GRCh37,fvc,gt_a92d4e31f988cf77,SENSITIVITY,Proxy biomarker,Proxy biomarker,SENSITIVITY,1,1,1,D001249,Asthma,B,0,1,False,False,B,"AFR,CSA,EUR,MID","AFR,CSA,MID",map_8f3487c5d3ef8b41
MMP12,Pan-UKB,Pan-UKB::continuous|3062|both_sexes||irnt,Forced vital capacity (FVC),continuous|3062|both_sexes||irnt,GRCh37,fvc,gt_70a0768822a3785b,SENSITIVITY,Proxy biomarker,Proxy biomarker,SENSITIVITY,1,1,1,D001249,Asthma,B,0,1,False,False,B,"AFR,CSA,EUR,MID","AFR,CSA,MID",map_8f3487c5d3ef8b41
NFKB1,Pan-UKB,Pan-UKB::continuous|3062|both_sexes||irnt,Forced vital capacity (FVC),continuous|3062|both_sexes||irnt,GRCh37,fvc,gt_218837e157532d38,SENSITIVITY,Proxy biomarker,Proxy biomarker,SENSITIVITY,1,1,1,D001249,Asthma,B,0,1,False,False,B,"AFR,CSA,EUR,MID","AFR,CSA,MID",map_8f3487c5d3ef8b41
NR3C1,Pan-UKB,Pan-UKB::continuous|3062|both_sexes||irnt,Forced vital capacity (FVC),continuous|3062|both_sexes||irnt,GRCh37,fvc,gt_8a08c40baf7205b2,SENSITIVITY,Closely related phenotype,Closely related phenotype || Proxy biomarker,SENSITIVITY,2,2,2,D001249 || D029424,"Asthma || Pulmonary Disease, Chronic Obstructive",A,2,0,False,False,A,"AFR,CSA,EUR,MID","AFR,CSA,MID",map_16d098169734a13c || map_8f3487c5d3ef8b41
P2RY2,Pan-UKB,Pan-UKB::continuous|3062|both_sexes||irnt,Forced vital capacity (FVC),continuous|3062|both_sexes||irnt,GRCh37,fvc,gt_fed4b73e6a6fedab,SENSITIVITY,Proxy biomarker,Proxy biomarker,SENSITIVITY,1,1,1,D001249,Asthma,B,0,1,False,False,B,"AFR,CSA,EUR,MID","AFR,CSA,MID",map_8f3487c5d3ef8b41
PDE3A,Pan-UKB,Pan-UKB::continuous|3062|both_sexes||irnt,Forced vital capacity (FVC),continuous|3062|both_sexes||irnt,GRCh37,fvc,gt_4433b8c42ab32b16,SENSITIVITY,Closely related phenotype,Closely related phenotype || Proxy biomarker,SENSITIVITY,2,2,2,D001249 || D029424,"Asthma || Pulmonary Disease, Chronic Obstructive",B,0,2,False,False,B,"AFR,CSA,EUR,MID","AFR,CSA,MID",map_16d098169734a13c || map_8f3487c5d3ef8b41
PDE4B,Pan-UKB,Pan-UKB::continuous|3062|both_sexes||irnt,Forced vital capacity (FVC),continuous|3062|both_sexes||irnt,GRCh37,fvc,gt_3cbdb72396898287,SENSITIVITY,Closely related phenotype,Closely related phenotype || Proxy biomarker,SENSITIVITY,2,2,2,D001249 || D029424,"Asthma || Pulmonary Disease, Chronic Obstructive",B,0,2,False,False,B,"AFR,CSA,EUR,MID","AFR,CSA,MID",map_16d098169734a13c || map_8f3487c5d3ef8b41
PDE4D,Pan-UKB,Pan-UKB::continuous|3062|both_sexes||irnt,Forced vital capacity (FVC),continuous|3062|both_sexes||irnt,GRCh37,fvc,gt_19268749086c88b4,SENSITIVITY,Closely related phenotype,Closely related phenotype || Proxy biomarker,SENSITIVITY,2,2,2,D001249 || D029424,"Asthma || Pulmonary Disease, Chronic Obstructive",B,0,2,False,False,B,"AFR,CSA,EUR,MID","AFR,CSA,MID",map_16d098169734a13c || map_8f3487c5d3ef8b41
RARG,Pan-UKB,Pan-UKB::continuous|3062|both_sexes||irnt,Forced vital capacity (FVC),continuous|3062|both_sexes||irnt,GRCh37,fvc,gt_52de2e02c710dc7c,SENSITIVITY,Closely related phenotype,Closely related phenotype,SENSITIVITY,1,1,1,D029424,"Pulmonary Disease, Chronic Obstructive",B,0,1,False,False,B,"AFR,CSA,EUR,MID","AFR,CSA,MID",map_16d098169734a13c
SERPINA1,Pan-UKB,Pan-UKB::continuous|3062|both_sexes||irnt,Forced vital capacity (FVC),continuous|3062|both_sexes||irnt,GRCh37,fvc,gt_f0050408ec3edabb,SENSITIVITY,Closely related phenotype,Closely related phenotype,SENSITIVITY,1,1,1,D029424,"Pulmonary Disease, Chronic Obstructive",B,0,1,False,False,B,"AFR,CSA,EUR,MID","AFR,CSA,MID",map_16d098169734a13c
TNFSF15,Pan-UKB,Pan-UKB::continuous|3062|both_sexes||irnt,Forced vital capacity (FVC),continuous|3062|both_sexes||irnt,GRCh37,fvc,gt_4b3518f6b9c4e3b8,SENSITIVITY,Proxy biomarker,Proxy biomarker,SENSITIVITY,1,1,1,D001249,Asthma,B,0,1,False,False,B,"AFR,CSA,EUR,MID","AFR,CSA,MID",map_8f3487c5d3ef8b41
TNFSF4,Pan-UKB,Pan-UKB::continuous|3062|both_sexes||irnt,Forced vital capacity (FVC),continuous|3062|both_sexes||irnt,GRCh37,fvc,gt_db571222a2439bb6,SENSITIVITY,Proxy biomarker,Proxy biomarker,SENSITIVITY,1,1,1,D001249,Asthma,B,0,1,False,False,B,"AFR,CSA,EUR,MID","AFR,CSA,MID",map_8f3487c5d3ef8b41
TSLP,Pan-UKB,Pan-UKB::continuous|3062|both_sexes||irnt,Forced vital capacity (FVC),continuous|3062|both_sexes||irnt,GRCh37,fvc,gt_c0814c5b09a35cf4,SENSITIVITY,Closely related phenotype,Closely related phenotype || Proxy biomarker,SENSITIVITY,2,2,2,D001249 || D029424,"Asthma || Pulmonary Disease, Chronic Obstructive","A,B",1,1,True,False,A,"AFR,CSA,EUR,MID","AFR,CSA,MID",map_16d098169734a13c || map_8f3487c5d3ef8b41
TYK2,Pan-UKB,Pan-UKB::continuous|3062|both_sexes||irnt,Forced vital capacity (FVC),continuous|3062|both_sexes||irnt,GRCh37,fvc,gt_9759197a48ba10b7,SENSITIVITY,Proxy biomarker,Proxy biomarker,SENSITIVITY,1,1,1,D001249,Asthma,B,0,1,False,False,B,"AFR,CSA,EUR,MID","AFR,CSA,MID",map_8f3487c5d3ef8b41
IL12B,Pan-UKB,Pan-UKB::biomarkers|30730|both_sexes||irnt,Gamma glutamyltransferase,biomarkers|30730|both_sexes||irnt,GRCh37,gamma_glutamyltransferase,gt_d3606f7377753961,SENSITIVITY,Proxy biomarker,Proxy biomarker,SENSITIVITY,1,1,1,D008105,"Liver Cirrhosis, Biliary",B,0,1,False,False,B,"CSA,EAS,EUR","CSA,EAS",map_d72d7ea4c45787f6
PNPLA3,Pan-UKB,Pan-UKB::biomarkers|30730|both_sexes||irnt,Gamma glutamyltransferase,biomarkers|30730|both_sexes||irnt,GRCh37,gamma_glutamyltransferase,gt_3b5fc5b375fad1ca,SENSITIVITY,Proxy biomarker,Proxy biomarker,SENSITIVITY,1,1,1,D065626,Non-alcoholic Fatty Liver Disease,B,0,1,False,False,B,"CSA,EAS,EUR","CSA,EAS",map_685d9805d9aa2d85
TNFRSF1A,Pan-UKB,Pan-UKB::biomarkers|30730|both_sexes||irnt,Gamma glutamyltransferase,biomarkers|30730|both_sexes||irnt,GRCh37,gamma_glutamyltransferase,gt_ae985589e3b67771,SENSITIVITY,Proxy biomarker,Proxy biomarker,SENSITIVITY,1,1,1,D008103,Liver Cirrhosis,B,0,1,False,False,B,"CSA,EAS,EUR","CSA,EAS",map_902df7f778ec918a
IL2,Pan-UKB,Pan-UKB::biomarkers|30750|both_sexes||irnt,Glycated haemoglobin (HbA1c),biomarkers|30750|both_sexes||irnt,GRCh37,hba1c,gt_74265ed9146327fb,SENSITIVITY,Proxy biomarker,Proxy biomarker,SENSITIVITY,1,1,1,D003922,"Diabetes Mellitus, Type 1",B,0,1,False,False,B,"CSA,EUR,MID","CSA,MID",map_b5a360540448779a
IL2RA,Pan-UKB,Pan-UKB::biomarkers|30750|both_sexes||irnt,Glycated haemoglobin (HbA1c),biomarkers|30750|both_sexes||irnt,GRCh37,hba1c,gt_58e8480922b3a0a2,SENSITIVITY,Proxy biomarker,Proxy biomarker,SENSITIVITY,1,1,1,D003922,"Diabetes Mellitus, Type 1",B,0,1,False,False,B,"CSA,EUR,MID","CSA,MID",map_b5a360540448779a
IL7R,Pan-UKB,Pan-UKB::biomarkers|30750|both_sexes||irnt,Glycated haemoglobin (HbA1c),biomarkers|30750|both_sexes||irnt,GRCh37,hba1c,gt_3f9a2ee8d840a17a,SENSITIVITY,Proxy biomarker,Proxy biomarker,SENSITIVITY,1,1,1,D003922,"Diabetes Mellitus, Type 1",B,0,1,False,False,B,"CSA,EUR,MID","CSA,MID",map_b5a360540448779a
ACVRL1,Pan-UKB,Pan-UKB::continuous|30030|both_sexes||irnt,Haematocrit percentage,continuous|30030|both_sexes||irnt,GRCh37,haematocrit,gt_67c54d9791524a5b,SENSITIVITY,Direct quantitative readout,Direct quantitative readout,SENSITIVITY,1,1,1,D000740,Anemia,B,0,1,False,False,B,"CSA,EUR",CSA,map_97b816746f065ca0
BCL11A,Pan-UKB,Pan-UKB::continuous|30030|both_sexes||irnt,Haematocrit percentage,continuous|30030|both_sexes||irnt,GRCh37,haematocrit,gt_0f0a6425c6b4403c,SENSITIVITY,Proxy biomarker,Proxy biomarker,SENSITIVITY,1,1,1,D000755,"Anemia, Sickle Cell",B,0,1,False,False,B,"CSA,EUR",CSA,map_e62e8686e808e1de
BCL2,Pan-UKB,Pan-UKB::continuous|30030|both_sexes||irnt,Haematocrit percentage,continuous|30030|both_sexes||irnt,GRCh37,haematocrit,gt_0c3c603f8b577864,SENSITIVITY,Direct quantitative readout,Direct quantitative readout,SENSITIVITY,1,1,1,D000740,Anemia,B,0,1,False,False,B,"CSA,EUR",CSA,map_97b816746f065ca0
DYRK3,Pan-UKB,Pan-UKB::continuous|30030|both_sexes||irnt,Haematocrit percentage,continuous|30030|both_sexes||irnt,GRCh37,haematocrit,gt_7b4582d3f70c8637,SENSITIVITY,Direct quantitative readout,Direct quantitative readout,SENSITIVITY,1,1,1,D000740,Anemia,B,0,1,False,False,B,"CSA,EUR",CSA,map_97b816746f065ca0
EGLN1,Pan-UKB,Pan-UKB::continuous|30030|both_sexes||irnt,Haematocrit percentage,continuous|30030|both_sexes||irnt,GRCh37,haematocrit,gt_96b2ddeb85d9edbd,SENSITIVITY,Direct quantitative readout,Direct quantitative readout,SENSITIVITY,1,1,1,D000740,Anemia,A,1,0,False,False,A,"CSA,EUR",CSA,map_97b816746f065ca0
EGLN2,Pan-UKB,Pan-UKB::continuous|30030|both_sexes||irnt,Haematocrit percentage,continuous|30030|both_sexes||irnt,GRCh37,haematocrit,gt_9f9d9a8f3eb4fe90,SENSITIVITY,Direct quantitative readout,Direct quantitative readout,SENSITIVITY,1,1,1,D000740,Anemia,A,1,0,False,False,A,"CSA,EUR",CSA,map_97b816746f065ca0
EGLN3,Pan-UKB,Pan-UKB::continuous|30030|both_sexes||irnt,Haematocrit percentage,continuous|30030|both_sexes||irnt,GRCh37,haematocrit,gt_66b062a2cbe3e941,SENSITIVITY,Direct quantitative readout,Direct quantitative readout,SENSITIVITY,1,1,1,D000740,Anemia,A,1,0,False,False,A,"CSA,EUR",CSA,map_97b816746f065ca0
EPOR,Pan-UKB,Pan-UKB::continuous|30030|both_sexes||irnt,Haematocrit percentage,continuous|30030|both_sexes||irnt,GRCh37,haematocrit,gt_7ae5be7834d91f7b,SENSITIVITY,Direct quantitative readout,Direct quantitative readout,SENSITIVITY,1,1,1,D000740,Anemia,A,1,0,False,False,A,"CSA,EUR",CSA,map_97b816746f065ca0
HAMP,Pan-UKB,Pan-UKB::continuous|30030|both_sexes||irnt,Haematocrit percentage,continuous|30030|both_sexes||irnt,GRCh37,haematocrit,gt_9d916cc71cbd9929,SENSITIVITY,Direct quantitative readout,Direct quantitative readout,SENSITIVITY,1,1,1,D000740,Anemia,B,0,1,False,False,B,"CSA,EUR",CSA,map_97b816746f065ca0
HBG1,Pan-UKB,Pan-UKB::continuous|30030|both_sexes||irnt,Haematocrit percentage,continuous|30030|both_sexes||irnt,GRCh37,haematocrit,gt_e2b9d18ccdcdc08d,SENSITIVITY,Proxy biomarker,Proxy biomarker,SENSITIVITY,1,1,1,D000755,"Anemia, Sickle Cell",B,0,1,False,False,B,"CSA,EUR",CSA,map_e62e8686e808e1de
IL6,Pan-UKB,Pan-UKB::continuous|30030|both_sexes||irnt,Haematocrit percentage,continuous|30030|both_sexes||irnt,GRCh37,haematocrit,gt_fb481c095df557c6,SENSITIVITY,Direct quantitative readout,Direct quantitative readout,SENSITIVITY,1,1,1,D000740,Anemia,B,0,1,False,False,B,"CSA,EUR",CSA,map_97b816746f065ca0
PKLR,Pan-UKB,Pan-UKB::continuous|30030|both_sexes||irnt,Haematocrit percentage,continuous|30030|both_sexes||irnt,GRCh37,haematocrit,gt_dc4d847f4c3509f6,SENSITIVITY,Direct quantitative readout,Direct quantitative readout,SENSITIVITY,1,1,1,D000740,Anemia,B,0,1,False,False,B,"CSA,EUR",CSA,map_97b816746f065ca0
SLC40A1,Pan-UKB,Pan-UKB::continuous|30030|both_sexes||irnt,Haematocrit percentage,continuous|30030|both_sexes||irnt,GRCh37,haematocrit,gt_be73a29381d60813,SENSITIVITY,Direct quantitative readout,Direct quantitative readout,SENSITIVITY,1,1,1,D000740,Anemia,B,0,1,False,False,B,"CSA,EUR",CSA,map_97b816746f065ca0
BCL11A,Pan-UKB,Pan-UKB::continuous|30020|both_sexes||irnt,Haemoglobin concentration,continuous|30020|both_sexes||irnt,GRCh37,haemoglobin,gt_c19c98b54e6718ee,SENSITIVITY,Proxy biomarker,Proxy biomarker,SENSITIVITY,1,1,1,D000755,"Anemia, Sickle Cell",B,0,1,False,False,B,"CSA,EUR",CSA,map_a5dde82e629cdd69
HBG1,Pan-UKB,Pan-UKB::continuous|30020|both_sexes||irnt,Haemoglobin concentration,continuous|30020|both_sexes||irnt,GRCh37,haemoglobin,gt_5987f2d6993fa9d0,SENSITIVITY,Proxy biomarker,Proxy biomarker,SENSITIVITY,1,1,1,D000755,"Anemia, Sickle Cell",B,0,1,False,False,B,"CSA,EUR",CSA,map_a5dde82e629cdd69
JAK2,Pan-UKB,Pan-UKB::continuous|30020|both_sexes||irnt,Haemoglobin concentration,continuous|30020|both_sexes||irnt,GRCh37,haemoglobin,gt_159a6541799e74e2,SENSITIVITY,Direct quantitative readout,Direct quantitative readout,SENSITIVITY,1,1,1,D011087,Polycythemia Vera,A,1,0,False,False,A,"CSA,EUR",CSA,map_e230885214cbbb00
ACVRL1,Pan-UKB,Pan-UKB::continuous|30040|both_sexes||irnt,Mean corpuscular volume,continuous|30040|both_sexes||irnt,GRCh37,mean_corpuscular_volume,gt_155dae93dd1434a9,SENSITIVITY,Direct quantitative readout,Direct quantitative readout,SENSITIVITY,1,1,1,D000740,Anemia,B,0,1,False,False,B,"CSA,EUR",CSA,map_69f44c24155f039a
BCL11A,Pan-UKB,Pan-UKB::continuous|30040|both_sexes||irnt,Mean corpuscular volume,continuous|30040|both_sexes||irnt,GRCh37,mean_corpuscular_volume,gt_dd9f4fe0c23e938f,SENSITIVITY,Proxy biomarker,Proxy biomarker,SENSITIVITY,1,1,1,D000755,"Anemia, Sickle Cell",B,0,1,False,False,B,"CSA,EUR",CSA,map_f6136af0565dc93f
BCL2,Pan-UKB,Pan-UKB::continuous|30040|both_sexes||irnt,Mean corpuscular volume,continuous|30040|both_sexes||irnt,GRCh37,mean_corpuscular_volume,gt_05f8bac9dea5ae35,SENSITIVITY,Direct quantitative readout,Direct quantitative readout,SENSITIVITY,1,1,1,D000740,Anemia,B,0,1,False,False,B,"CSA,EUR",CSA,map_69f44c24155f039a
DYRK3,Pan-UKB,Pan-UKB::continuous|30040|both_sexes||irnt,Mean corpuscular volume,continuous|30040|both_sexes||irnt,GRCh37,mean_corpuscular_volume,gt_5505327134397a27,SENSITIVITY,Direct quantitative readout,Direct quantitative readout,SENSITIVITY,1,1,1,D000740,Anemia,B,0,1,False,False,B,"CSA,EUR",CSA,map_69f44c24155f039a
EGLN1,Pan-UKB,Pan-UKB::continuous|30040|both_sexes||irnt,Mean corpuscular volume,continuous|30040|both_sexes||irnt,GRCh37,mean_corpuscular_volume,gt_066545273a7ccaa6,SENSITIVITY,Direct quantitative readout,Direct quantitative readout,SENSITIVITY,1,1,1,D000740,Anemia,A,1,0,False,False,A,"CSA,EUR",CSA,map_69f44c24155f039a
EGLN2,Pan-UKB,Pan-UKB::continuous|30040|both_sexes||irnt,Mean corpuscular volume,continuous|30040|both_sexes||irnt,GRCh37,mean_corpuscular_volume,gt_e62033aef1ef1332,SENSITIVITY,Direct quantitative readout,Direct quantitative readout,SENSITIVITY,1,1,1,D000740,Anemia,A,1,0,False,False,A,"CSA,EUR",CSA,map_69f44c24155f039a
EGLN3,Pan-UKB,Pan-UKB::continuous|30040|both_sexes||irnt,Mean corpuscular volume,continuous|30040|both_sexes||irnt,GRCh37,mean_corpuscular_volume,gt_3671d46e17b82f0c,SENSITIVITY,Direct quantitative readout,Direct quantitative readout,SENSITIVITY,1,1,1,D000740,Anemia,A,1,0,False,False,A,"CSA,EUR",CSA,map_69f44c24155f039a
EPOR,Pan-UKB,Pan-UKB::continuous|30040|both_sexes||irnt,Mean corpuscular volume,continuous|30040|both_sexes||irnt,GRCh37,mean_corpuscular_volume,gt_21973df8b3e37a4d,SENSITIVITY,Direct quantitative readout,Direct quantitative readout,SENSITIVITY,1,1,1,D000740,Anemia,A,1,0,False,False,A,"CSA,EUR",CSA,map_69f44c24155f039a
HAMP,Pan-UKB,Pan-UKB::continuous|30040|both_sexes||irnt,Mean corpuscular volume,continuous|30040|both_sexes||irnt,GRCh37,mean_corpuscular_volume,gt_780290772563eda3,SENSITIVITY,Direct quantitative readout,Direct quantitative readout,SENSITIVITY,1,1,1,D000740,Anemia,B,0,1,False,False,B,"CSA,EUR",CSA,map_69f44c24155f039a
HBG1,Pan-UKB,Pan-UKB::continuous|30040|both_sexes||irnt,Mean corpuscular volume,continuous|30040|both_sexes||irnt,GRCh37,mean_corpuscular_volume,gt_d6350dbe046b3ee8,SENSITIVITY,Proxy biomarker,Proxy biomarker,SENSITIVITY,1,1,1,D000755,"Anemia, Sickle Cell",B,0,1,False,False,B,"CSA,EUR",CSA,map_f6136af0565dc93f
IL6,Pan-UKB,Pan-UKB::continuous|30040|both_sexes||irnt,Mean corpuscular volume,continuous|30040|both_sexes||irnt,GRCh37,mean_corpuscular_volume,gt_6017c847a917cc44,SENSITIVITY,Direct quantitative readout,Direct quantitative readout,SENSITIVITY,1,1,1,D000740,Anemia,B,0,1,False,False,B,"CSA,EUR",CSA,map_69f44c24155f039a
PKLR,Pan-UKB,Pan-UKB::continuous|30040|both_sexes||irnt,Mean corpuscular volume,continuous|30040|both_sexes||irnt,GRCh37,mean_corpuscular_volume,gt_bdc40f9987946f1b,SENSITIVITY,Direct quantitative readout,Direct quantitative readout,SENSITIVITY,1,1,1,D000740,Anemia,B,0,1,False,False,B,"CSA,EUR",CSA,map_69f44c24155f039a
SLC40A1,Pan-UKB,Pan-UKB::continuous|30040|both_sexes||irnt,Mean corpuscular volume,continuous|30040|both_sexes||irnt,GRCh37,mean_corpuscular_volume,gt_8bf123ea23ab1ff1,SENSITIVITY,Direct quantitative readout,Direct quantitative readout,SENSITIVITY,1,1,1,D000740,Anemia,B,0,1,False,False,B,"CSA,EUR",CSA,map_69f44c24155f039a
JAK2,Pan-UKB,Pan-UKB::continuous|30010|both_sexes||irnt,Red blood cell (erythrocyte) count,continuous|30010|both_sexes||irnt,GRCh37,red_blood_cell_count,gt_5835b6b48a34e28c,SENSITIVITY,Direct quantitative readout,Direct quantitative readout,SENSITIVITY,1,1,1,D011087,Polycythemia Vera,A,1,0,False,False,A,"CSA,EUR,MID","CSA,MID",map_a0aa5ed837a48aeb
ADIPOR2,Pan-UKB,Pan-UKB::continuous|48|both_sexes||irnt,Waist circumference,continuous|48|both_sexes||irnt,GRCh37,waist_circumference,gt_c5f1d3c378cceb8c,SENSITIVITY,Direct quantitative readout,Direct quantitative readout,SENSITIVITY,1,1,1,D009765,Obesity,B,0,1,False,False,B,"AFR,CSA,EUR,MID","AFR,CSA,MID",map_89b2b7c6b871d268
CALCA,Pan-UKB,Pan-UKB::continuous|48|both_sexes||irnt,Waist circumference,continuous|48|both_sexes||irnt,GRCh37,waist_circumference,gt_799b4a02b7cf57d9,SENSITIVITY,Direct quantitative readout,Direct quantitative readout,SENSITIVITY,1,1,1,D009765,Obesity,B,0,1,False,False,B,"AFR,CSA,EUR,MID","AFR,CSA,MID",map_89b2b7c6b871d268
CALCR,Pan-UKB,Pan-UKB::continuous|48|both_sexes||irnt,Waist circumference,continuous|48|both_sexes||irnt,GRCh37,waist_circumference,gt_ebba1e27f4c8f908,SENSITIVITY,Direct quantitative readout,Direct quantitative readout,SENSITIVITY,1,1,1,D009765,Obesity,B,0,1,False,False,B,"AFR,CSA,EUR,MID","AFR,CSA,MID",map_89b2b7c6b871d268
DPP4,Pan-UKB,Pan-UKB::continuous|48|both_sexes||irnt,Waist circumference,continuous|48|both_sexes||irnt,GRCh37,waist_circumference,gt_3242a00e75f0acd7,SENSITIVITY,Direct quantitative readout,Direct quantitative readout,SENSITIVITY,1,1,1,D009765,Obesity,B,0,1,False,False,B,"AFR,CSA,EUR,MID","AFR,CSA,MID",map_89b2b7c6b871d268
FGFR1,Pan-UKB,Pan-UKB::continuous|48|both_sexes||irnt,Waist circumference,continuous|48|both_sexes||irnt,GRCh37,waist_circumference,gt_6b9e02a118c66008,SENSITIVITY,Direct quantitative readout,Direct quantitative readout,SENSITIVITY,1,1,1,D009765,Obesity,B,0,1,False,False,B,"AFR,CSA,EUR,MID","AFR,CSA,MID",map_89b2b7c6b871d268
FGFR4,Pan-UKB,Pan-UKB::continuous|48|both_sexes||irnt,Waist circumference,continuous|48|both_sexes||irnt,GRCh37,waist_circumference,gt_fb427ce5e9efd207,SENSITIVITY,Direct quantitative readout,Direct quantitative readout,SENSITIVITY,1,1,1,D009765,Obesity,B,0,1,False,False,B,"AFR,CSA,EUR,MID","AFR,CSA,MID",map_89b2b7c6b871d268
GDF15,Pan-UKB,Pan-UKB::continuous|48|both_sexes||irnt,Waist circumference,continuous|48|both_sexes||irnt,GRCh37,waist_circumference,gt_edbc51ba42ad24be,SENSITIVITY,Direct quantitative readout,Direct quantitative readout,SENSITIVITY,1,1,1,D009765,Obesity,B,0,1,False,False,B,"AFR,CSA,EUR,MID","AFR,CSA,MID",map_89b2b7c6b871d268
GFRAL,Pan-UKB,Pan-UKB::continuous|48|both_sexes||irnt,Waist circumference,continuous|48|both_sexes||irnt,GRCh37,waist_circumference,gt_8d19765e00916f04,SENSITIVITY,Direct quantitative readout,Direct quantitative readout,SENSITIVITY,1,1,1,D009765,Obesity,B,0,1,False,False,B,"AFR,CSA,EUR,MID","AFR,CSA,MID",map_89b2b7c6b871d268
GHR,Pan-UKB,Pan-UKB::continuous|48|both_sexes||irnt,Waist circumference,continuous|48|both_sexes||irnt,GRCh37,waist_circumference,gt_21e33c82929b6cea,SENSITIVITY,Direct quantitative readout,Direct quantitative readout,SENSITIVITY,1,1,1,D009765,Obesity,B,0,1,False,False,B,"AFR,CSA,EUR,MID","AFR,CSA,MID",map_89b2b7c6b871d268
GIPR,Pan-UKB,Pan-UKB::continuous|48|both_sexes||irnt,Waist circumference,continuous|48|both_sexes||irnt,GRCh37,waist_circumference,gt_22081cdb2a28ec68,SENSITIVITY,Direct quantitative readout,Direct quantitative readout,SENSITIVITY,1,1,1,D009765,Obesity,B,0,1,False,False,B,"AFR,CSA,EUR,MID","AFR,CSA,MID",map_89b2b7c6b871d268
GLP1R,Pan-UKB,Pan-UKB::continuous|48|both_sexes||irnt,Waist circumference,continuous|48|both_sexes||irnt,GRCh37,waist_circumference,gt_54646208802949cb,SENSITIVITY,Direct quantitative readout,Direct quantitative readout,SENSITIVITY,1,1,1,D009765,Obesity,A,1,0,False,False,A,"AFR,CSA,EUR,MID","AFR,CSA,MID",map_89b2b7c6b871d268
HSD11B1,Pan-UKB,Pan-UKB::continuous|48|both_sexes||irnt,Waist circumference,continuous|48|both_sexes||irnt,GRCh37,waist_circumference,gt_5682eaebbf7cbd8e,SENSITIVITY,Direct quantitative readout,Direct quantitative readout,SENSITIVITY,1,1,1,D009765,Obesity,B,0,1,False,False,B,"AFR,CSA,EUR,MID","AFR,CSA,MID",map_89b2b7c6b871d268
HTR1A,Pan-UKB,Pan-UKB::continuous|48|both_sexes||irnt,Waist circumference,continuous|48|both_sexes||irnt,GRCh37,waist_circumference,gt_045a00715f4bf02d,SENSITIVITY,Direct quantitative readout,Direct quantitative readout,SENSITIVITY,1,1,1,D009765,Obesity,B,0,1,False,False,B,"AFR,CSA,EUR,MID","AFR,CSA,MID",map_89b2b7c6b871d268
IAPP,Pan-UKB,Pan-UKB::continuous|48|both_sexes||irnt,Waist circumference,continuous|48|both_sexes||irnt,GRCh37,waist_circumference,gt_f93f94de7ba027dd,SENSITIVITY,Direct quantitative readout,Direct quantitative readout,SENSITIVITY,1,1,1,D009765,Obesity,B,0,1,False,False,B,"AFR,CSA,EUR,MID","AFR,CSA,MID",map_89b2b7c6b871d268
INSR,Pan-UKB,Pan-UKB::continuous|48|both_sexes||irnt,Waist circumference,continuous|48|both_sexes||irnt,GRCh37,waist_circumference,gt_0af6753fda7c87c2,SENSITIVITY,Direct quantitative readout,Direct quantitative readout,SENSITIVITY,1,1,1,D009765,Obesity,B,0,1,False,False,B,"AFR,CSA,EUR,MID","AFR,CSA,MID",map_89b2b7c6b871d268
LEPR,Pan-UKB,Pan-UKB::continuous|48|both_sexes||irnt,Waist circumference,continuous|48|both_sexes||irnt,GRCh37,waist_circumference,gt_ae553badecd70994,SENSITIVITY,Direct quantitative readout,Direct quantitative readout,SENSITIVITY,1,1,1,D009765,Obesity,B,0,1,False,False,B,"AFR,CSA,EUR,MID","AFR,CSA,MID",map_89b2b7c6b871d268
MAPK1,Pan-UKB,Pan-UKB::continuous|48|both_sexes||irnt,Waist circumference,continuous|48|both_sexes||irnt,GRCh37,waist_circumference,gt_b3d5fe1d028af577,SENSITIVITY,Direct quantitative readout,Direct quantitative readout,SENSITIVITY,1,1,1,D009765,Obesity,B,0,1,False,False,B,"AFR,CSA,EUR,MID","AFR,CSA,MID",map_89b2b7c6b871d268
MAPK3,Pan-UKB,Pan-UKB::continuous|48|both_sexes||irnt,Waist circumference,continuous|48|both_sexes||irnt,GRCh37,waist_circumference,gt_8976a55d7f38f14b,SENSITIVITY,Direct quantitative readout,Direct quantitative readout,SENSITIVITY,1,1,1,D009765,Obesity,B,0,1,False,False,B,"AFR,CSA,EUR,MID","AFR,CSA,MID",map_89b2b7c6b871d268
MC1R,Pan-UKB,Pan-UKB::continuous|48|both_sexes||irnt,Waist circumference,continuous|48|both_sexes||irnt,GRCh37,waist_circumference,gt_6e5a0945e724d510,SENSITIVITY,Direct quantitative readout,Direct quantitative readout,SENSITIVITY,1,1,1,D009765,Obesity,B,0,1,False,False,B,"AFR,CSA,EUR,MID","AFR,CSA,MID",map_89b2b7c6b871d268
MC4R,Pan-UKB,Pan-UKB::continuous|48|both_sexes||irnt,Waist circumference,continuous|48|both_sexes||irnt,GRCh37,waist_circumference,gt_6b56a43632e5452f,SENSITIVITY,Direct quantitative readout,Direct quantitative readout,SENSITIVITY,1,1,1,D009765,Obesity,A,1,0,False,False,A,"AFR,CSA,EUR,MID","AFR,CSA,MID",map_89b2b7c6b871d268
MTTP,Pan-UKB,Pan-UKB::continuous|48|both_sexes||irnt,Waist circumference,continuous|48|both_sexes||irnt,GRCh37,waist_circumference,gt_1d267c50a84beea4,SENSITIVITY,Direct quantitative readout,Direct quantitative readout,SENSITIVITY,1,1,1,D009765,Obesity,B,0,1,False,False,B,"AFR,CSA,EUR,MID","AFR,CSA,MID",map_89b2b7c6b871d268
NPY,Pan-UKB,Pan-UKB::continuous|48|both_sexes||irnt,Waist circumference,continuous|48|both_sexes||irnt,GRCh37,waist_circumference,gt_abe2850ab7b06f8e,SENSITIVITY,Direct quantitative readout,Direct quantitative readout,SENSITIVITY,1,1,1,D009765,Obesity,B,0,1,False,False,B,"AFR,CSA,EUR,MID","AFR,CSA,MID",map_89b2b7c6b871d268
NPY5R,Pan-UKB,Pan-UKB::continuous|48|both_sexes||irnt,Waist circumference,continuous|48|both_sexes||irnt,GRCh37,waist_circumference,gt_b8c7e9b4163e32c0,SENSITIVITY,Direct quantitative readout,Direct quantitative readout,SENSITIVITY,1,1,1,D009765,Obesity,B,0,1,False,False,B,"AFR,CSA,EUR,MID","AFR,CSA,MID",map_89b2b7c6b871d268
NR3C1,Pan-UKB,Pan-UKB::continuous|48|both_sexes||irnt,Waist circumference,continuous|48|both_sexes||irnt,GRCh37,waist_circumference,gt_9f4388b02206b57b,SENSITIVITY,Direct quantitative readout,Direct quantitative readout,SENSITIVITY,1,1,1,D009765,Obesity,B,0,1,False,False,B,"AFR,CSA,EUR,MID","AFR,CSA,MID",map_89b2b7c6b871d268
OPRM1,Pan-UKB,Pan-UKB::continuous|48|both_sexes||irnt,Waist circumference,continuous|48|both_sexes||irnt,GRCh37,waist_circumference,gt_c2406a776d170133,SENSITIVITY,Direct quantitative readout,Direct quantitative readout,SENSITIVITY,1,1,1,D009765,Obesity,B,0,1,False,False,B,"AFR,CSA,EUR,MID","AFR,CSA,MID",map_89b2b7c6b871d268
PPARA,Pan-UKB,Pan-UKB::continuous|48|both_sexes||irnt,Waist circumference,continuous|48|both_sexes||irnt,GRCh37,waist_circumference,gt_68eb030239b9ad27,SENSITIVITY,Direct quantitative readout,Direct quantitative readout,SENSITIVITY,1,1,1,D009765,Obesity,A,1,0,False,False,A,"AFR,CSA,EUR,MID","AFR,CSA,MID",map_89b2b7c6b871d268
PPARD,Pan-UKB,Pan-UKB::continuous|48|both_sexes||irnt,Waist circumference,continuous|48|both_sexes||irnt,GRCh37,waist_circumference,gt_c2318cac682fe017,SENSITIVITY,Direct quantitative readout,Direct quantitative readout,SENSITIVITY,1,1,1,D009765,Obesity,B,0,1,False,False,B,"AFR,CSA,EUR,MID","AFR,CSA,MID",map_89b2b7c6b871d268
PPARG,Pan-UKB,Pan-UKB::continuous|48|both_sexes||irnt,Waist circumference,continuous|48|both_sexes||irnt,GRCh37,waist_circumference,gt_1d049491385481d3,SENSITIVITY,Direct quantitative readout,Direct quantitative readout,SENSITIVITY,1,1,1,D009765,Obesity,A,1,0,False,False,A,"AFR,CSA,EUR,MID","AFR,CSA,MID",map_89b2b7c6b871d268
SLC6A4,Pan-UKB,Pan-UKB::continuous|48|both_sexes||irnt,Waist circumference,continuous|48|both_sexes||irnt,GRCh37,waist_circumference,gt_9b281bcdad313ba0,SENSITIVITY,Direct quantitative readout,Direct quantitative readout,SENSITIVITY,1,1,1,D009765,Obesity,B,0,1,False,False,B,"AFR,CSA,EUR,MID","AFR,CSA,MID",map_89b2b7c6b871d268
SREBF1,Pan-UKB,Pan-UKB::continuous|48|both_sexes||irnt,Waist circumference,continuous|48|both_sexes||irnt,GRCh37,waist_circumference,gt_e79f28efd5fac653,SENSITIVITY,Direct quantitative readout,Direct quantitative readout,SENSITIVITY,1,1,1,D009765,Obesity,B,0,1,False,False,B,"AFR,CSA,EUR,MID","AFR,CSA,MID",map_89b2b7c6b871d268
SREBF2,Pan-UKB,Pan-UKB::continuous|48|both_sexes||irnt,Waist circumference,continuous|48|both_sexes||irnt,GRCh37,waist_circumference,gt_7e127226e05ee5bf,SENSITIVITY,Direct quantitative readout,Direct quantitative readout,SENSITIVITY,1,1,1,D009765,Obesity,B,0,1,False,False,B,"AFR,CSA,EUR,MID","AFR,CSA,MID",map_89b2b7c6b871d268
