pair_trait_uid,ti_uid,gene,pool,indication_mesh_id,indication_mesh_term,analysis_role,locked_mapping_tier,candidate_source,candidate_trait_key,candidate_trait_name,phenotype_id,genome_build,canonical_group,pops_available,non_eur_pops_available,mapping_uid,mapping_rationale,locking_reason,indication_mesh_term_pair,ccat,year_launch,supported,initial_set,replication_set,all_set,n_studies_total,n_studies_initial,n_studies_replication,n_ancestries_initial,n_ancestries_replication,n_ancestries_all,has_replication,indication_mesh_term_mapping,mesh2026_preferred_term,n_pairs,n_genes,n_A,n_B,mapping_tier,clinical_domain,source_verified,candidate_status,reviewer_decision,reviewer_notes
pt_c1b15018069c5663,ABCA1-D006949,ABCA1,B,D006949,Hyperlipidemias,SENSITIVITY,Direct quantitative readout,Pan-UKB,Pan-UKB::biomarkers|30640|both_sexes||irnt,Apolipoprotein B,biomarkers|30640|both_sexes||irnt,GRCh37,apolipoprotein_b,"CSA,EUR",CSA,map_431e4b5a762bae69,Circulating lipid measure directly represents the indication construct.,Retained only for prespecified sensitivity analysis.,Hyperlipidemias,Phase I,,True,"['African' 'East Asian' 'European' 'Hispanic/Latin American' 'NR'
 'South Asian']",['East Asian' 'European' 'NR'],"['African' 'East Asian' 'European' 'Hispanic/Latin American' 'NR'
 'South Asian']",31,31,8,5,2,5,True,Hyperlipidemias,Hyperlipidemias,22,22,4,18,Direct quantitative readout,lipids,True,REVIEW,,
pt_dcaf9fb8ec820471,ABCA1-D006949,ABCA1,B,D006949,Hyperlipidemias,SENSITIVITY,Direct quantitative readout,Pan-UKB,Pan-UKB::biomarkers|30690|both_sexes||irnt,Cholesterol,biomarkers|30690|both_sexes||irnt,GRCh37,total_cholesterol,"CSA,EUR",CSA,map_c7d4a03a9508b750,Circulating lipid measure directly represents the indication construct.,Retained only for prespecified sensitivity analysis.,Hyperlipidemias,Phase I,,True,"['African' 'East Asian' 'European' 'Hispanic/Latin American' 'NR'
 'South Asian']",['East Asian' 'European' 'NR'],"['African' 'East Asian' 'European' 'Hispanic/Latin American' 'NR'
 'South Asian']",31,31,8,5,2,5,True,Hyperlipidemias,Hyperlipidemias,22,22,4,18,Direct quantitative readout,lipids,True,REVIEW,,
pt_1875f3e441880e05,ABCA1-D006949,ABCA1,B,D006949,Hyperlipidemias,PRIMARY,Direct quantitative readout,Pan-UKB,Pan-UKB::biomarkers|30780|both_sexes||irnt,LDL direct,biomarkers|30780|both_sexes||irnt,GRCh37,ldl_cholesterol,"CSA,EUR",CSA,map_8442195d65e17d61,Circulating lipid measure directly represents the indication construct.,Locked as the single primary representation of this indication.,Hyperlipidemias,Phase I,,True,"['African' 'East Asian' 'European' 'Hispanic/Latin American' 'NR'
 'South Asian']",['East Asian' 'European' 'NR'],"['African' 'East Asian' 'European' 'Hispanic/Latin American' 'NR'
 'South Asian']",31,31,8,5,2,5,True,Hyperlipidemias,Hyperlipidemias,22,22,4,18,Direct quantitative readout,lipids,True,REVIEW,,
pt_ce2a97344ead232f,ABCC8-D003920,ABCC8,A,D003920,Diabetes Mellitus,PRIMARY,Direct quantitative readout,Pan-UKB,Pan-UKB::biomarkers|30750|both_sexes||irnt,Glycated haemoglobin (HbA1c),biomarkers|30750|both_sexes||irnt,GRCh37,hba1c,"CSA,EUR,MID","CSA,MID",map_0c8c975606285aeb,HbA1c is a standard quantitative measure of chronic glycemia.,Locked as the single primary representation of this indication.,Diabetes Mellitus,Launched,2019.0,True,['African' 'East Asian' 'European' 'South Asian'],[],['African' 'East Asian' 'European' 'South Asian'],6,6,0,4,0,4,False,Diabetes Mellitus,Diabetes Mellitus,13,13,2,11,Direct quantitative readout,glycemia,True,REVIEW,,
pt_bba238e778d723bf,ABCC8-D003924,ABCC8,A,D003924,"Diabetes Mellitus, Type 2",PRIMARY,Direct quantitative readout,Pan-UKB,Pan-UKB::biomarkers|30750|both_sexes||irnt,Glycated haemoglobin (HbA1c),biomarkers|30750|both_sexes||irnt,GRCh37,hba1c,"CSA,EUR,MID","CSA,MID",map_ae8d9a8f89a7795e,HbA1c is a standard quantitative measure of chronic glycemia.,Locked as the single primary representation of this indication.,"Diabetes Mellitus, Type 2",Launched,,True,"['African' 'East Asian' 'European' 'Hispanic/Latin American' 'NR'
 'South Asian']",['East Asian' 'European' 'NR' 'South Asian'],"['African' 'East Asian' 'European' 'Hispanic/Latin American' 'NR'
 'South Asian']",16,16,6,5,3,5,True,"Diabetes Mellitus, Type 2","Diabetes Mellitus, Type 2",18,18,9,9,Direct quantitative readout,glycemia,True,REVIEW,,
pt_911d5cc6cbc2b166,ACE-D006973,ACE,A,D006973,Hypertension,SENSITIVITY,Direct quantitative readout,Pan-UKB,Pan-UKB::continuous|4079|both_sexes||irnt,"Diastolic blood pressure, automated reading",continuous|4079|both_sexes||irnt,GRCh37,diastolic_blood_pressure,"CSA,EUR",CSA,map_a10198eb08d8bca6,Blood pressure is the defining quantitative phenotype.,Retained only for prespecified sensitivity analysis.,Hypertension,Launched,2013.0,True,"['African' 'East Asian' 'European' 'Hispanic/Latin American' 'NR'
 'Native American' 'Other' 'Other Asian' 'South Asian']",['East Asian' 'European' 'NR'],"['African' 'East Asian' 'European' 'Hispanic/Latin American' 'NR'
 'Native American' 'Other' 'Other Asian' 'South Asian']",14,14,4,8,2,8,True,Hypertension,Hypertension,19,19,8,11,Direct quantitative readout,blood_pressure,True,REVIEW,,
pt_95c2094488145c4d,ACE-D006973,ACE,A,D006973,Hypertension,PRIMARY,Direct quantitative readout,Pan-UKB,Pan-UKB::continuous|4080|both_sexes||irnt,"Systolic blood pressure, automated reading",continuous|4080|both_sexes||irnt,GRCh37,systolic_blood_pressure,"CSA,EAS,EUR","CSA,EAS",map_51438025f9ca1f25,Blood pressure is the defining quantitative phenotype.,Locked as the single primary representation of this indication.,Hypertension,Launched,2013.0,True,"['African' 'East Asian' 'European' 'Hispanic/Latin American' 'NR'
 'Native American' 'Other' 'Other Asian' 'South Asian']",['East Asian' 'European' 'NR'],"['African' 'East Asian' 'European' 'Hispanic/Latin American' 'NR'
 'Native American' 'Other' 'Other Asian' 'South Asian']",14,14,4,8,2,8,True,Hypertension,Hypertension,19,19,8,11,Direct quantitative readout,blood_pressure,True,REVIEW,,
pt_2b06be5e5f294a3c,ACVR2A-D013921,ACVR2A,B,D013921,Thrombocytopenia,PRIMARY,Direct quantitative readout,Pan-UKB,Pan-UKB::continuous|30080|both_sexes||irnt,Platelet count,continuous|30080|both_sexes||irnt,GRCh37,platelet_count,"AFR,CSA,EAS,EUR","AFR,CSA,EAS",map_9fca929f0496a5a9,Platelet count directly represents the indication.,Locked as the single primary representation of this indication.,Thrombocytopenia,Phase II,,True,['European'],[],['European'],1,1,0,1,0,1,False,Thrombocytopenia,Thrombocytopenia,10,10,4,6,Direct quantitative readout,hematology,True,REVIEW,,
pt_e8ee1e18feec8ee3,ACVRL1-D000740,ACVRL1,B,D000740,Anemia,SENSITIVITY,Direct quantitative readout,Pan-UKB,Pan-UKB::continuous|30030|both_sexes||irnt,Haematocrit percentage,continuous|30030|both_sexes||irnt,GRCh37,haematocrit,"CSA,EUR",CSA,map_97b816746f065ca0,Standard red-cell measures characterize anemia and major subtypes.,Retained only for prespecified sensitivity analysis.,Anemia,Phase II,,True,['African' 'East Asian' 'European' 'Hispanic/Latin American' 'South Asian'],[],['African' 'East Asian' 'European' 'Hispanic/Latin American' 'South Asian'],7,7,0,5,0,5,False,Anemia,Anemia,11,11,4,7,Direct quantitative readout,hematology,True,REVIEW,,
pt_f7f755f53df9b9be,ACVRL1-D000740,ACVRL1,B,D000740,Anemia,PRIMARY,Direct quantitative readout,Pan-UKB,Pan-UKB::continuous|30020|both_sexes||irnt,Haemoglobin concentration,continuous|30020|both_sexes||irnt,GRCh37,haemoglobin,"CSA,EUR",CSA,map_e6f7fc7e1a195345,Standard red-cell measures characterize anemia and major subtypes.,Locked as the single primary representation of this indication.,Anemia,Phase II,,True,['African' 'East Asian' 'European' 'Hispanic/Latin American' 'South Asian'],[],['African' 'East Asian' 'European' 'Hispanic/Latin American' 'South Asian'],7,7,0,5,0,5,False,Anemia,Anemia,11,11,4,7,Direct quantitative readout,hematology,True,REVIEW,,
pt_a2a92c16e1400a8d,ACVRL1-D000740,ACVRL1,B,D000740,Anemia,SENSITIVITY,Direct quantitative readout,Pan-UKB,Pan-UKB::continuous|30040|both_sexes||irnt,Mean corpuscular volume,continuous|30040|both_sexes||irnt,GRCh37,mean_corpuscular_volume,"CSA,EUR",CSA,map_69f44c24155f039a,Standard red-cell measures characterize anemia and major subtypes.,Retained only for prespecified sensitivity analysis.,Anemia,Phase II,,True,['African' 'East Asian' 'European' 'Hispanic/Latin American' 'South Asian'],[],['African' 'East Asian' 'European' 'Hispanic/Latin American' 'South Asian'],7,7,0,5,0,5,False,Anemia,Anemia,11,11,4,7,Direct quantitative readout,hematology,True,REVIEW,,
pt_adf2eebfe54928cb,ADAMTS4-D065631,ADAMTS4,B,D065631,"Rhinitis, Allergic",SENSITIVITY,Proxy biomarker,Pan-UKB,Pan-UKB::continuous|30150|both_sexes||irnt,Eosinophill count,continuous|30150|both_sexes||irnt,GRCh37,eosinophil_count,"CSA,EUR",CSA,map_fef4e0642fc76154,Eosinophil count is an allergic-inflammatory biomarker rather than the disease endpoint.,Retained only for prespecified sensitivity analysis.,"Rhinitis, Allergic",Phase II,,True,['African' 'East Asian' 'European' 'Hispanic/Latin American' 'NR'],['European' 'NR'],['African' 'East Asian' 'European' 'Hispanic/Latin American' 'NR'],14,14,4,4,1,4,True,"Rhinitis, Allergic","Rhinitis, Allergic",9,9,1,8,Proxy biomarker,hematology_allergy,True,REVIEW,,
pt_0799282b9bfe360e,ADIPOR2-D009765,ADIPOR2,B,D009765,Obesity,PRIMARY,Direct quantitative readout,Pan-UKB,Pan-UKB::continuous|21001|both_sexes||irnt,Body mass index (BMI),continuous|21001|both_sexes||irnt,GRCh37,body_mass_index,"AFR,CSA,EUR,MID","AFR,CSA,MID",map_0b18d3fa6d5f91c0,BMI and waist circumference directly measure adiposity.,Locked as the single primary representation of this indication.,Obesity,Phase I,,True,['European'],[],['European'],1,1,0,1,0,1,False,Obesity,Obesity,31,31,4,27,Direct quantitative readout,anthropometry,True,REVIEW,,
pt_aacf1b0e92c86727,ADIPOR2-D009765,ADIPOR2,B,D009765,Obesity,SENSITIVITY,Direct quantitative readout,Pan-UKB,Pan-UKB::continuous|48|both_sexes||irnt,Waist circumference,continuous|48|both_sexes||irnt,GRCh37,waist_circumference,"AFR,CSA,EUR,MID","AFR,CSA,MID",map_89b2b7c6b871d268,BMI and waist circumference directly measure adiposity.,Retained only for prespecified sensitivity analysis.,Obesity,Phase I,,True,['European'],[],['European'],1,1,0,1,0,1,False,Obesity,Obesity,31,31,4,27,Direct quantitative readout,anthropometry,True,REVIEW,,
pt_7a0ded7a5c154f9d,ADORA1-D001249,ADORA1,B,D001249,Asthma,PRIMARY,Direct disease,GBMI,GBMI::Asthma,Asthma,Asthma,GRCh38,Asthma,"AFR,AMR,CSA,EAS,EUR","AFR,AMR,CSA,EAS",map_142944bd2f968395,The GBMI endpoint is an exact or clinically equivalent disease endpoint.,Locked as the single primary representation of this indication.,Asthma,Phase II,,True,['African' 'East Asian' 'European' 'Hispanic/Latin American' 'NR'],['European' 'NR'],['African' 'East Asian' 'European' 'Hispanic/Latin American' 'NR'],13,13,3,4,1,4,True,Asthma,Asthma,29,29,4,25,Direct disease,direct_disease,True,REVIEW,,
pt_26fa18dcaafe66c8,ADORA1-D001249,ADORA1,B,D001249,Asthma,SENSITIVITY,Proxy biomarker,Pan-UKB,Pan-UKB::continuous|30150|both_sexes||irnt,Eosinophill count,continuous|30150|both_sexes||irnt,GRCh37,eosinophil_count,"CSA,EUR",CSA,map_cb8244ded7498122,"Eosinophils and spirometry measure allergic inflammation or airway physiology, not asthma diagnosis itself.",Retained only for prespecified sensitivity analysis.,Asthma,Phase II,,True,['African' 'East Asian' 'European' 'Hispanic/Latin American' 'NR'],['European' 'NR'],['African' 'East Asian' 'European' 'Hispanic/Latin American' 'NR'],13,13,3,4,1,4,True,Asthma,Asthma,29,29,4,25,Proxy biomarker,hematology_allergy,True,REVIEW,,
pt_f629ea4469f07405,ADORA1-D001249,ADORA1,B,D001249,Asthma,SENSITIVITY,Proxy biomarker,Pan-UKB,Pan-UKB::continuous|3063|both_sexes||irnt,Forced expiratory volume in 1-second (FEV1),continuous|3063|both_sexes||irnt,GRCh37,fev1,"AFR,CSA,EUR,MID","AFR,CSA,MID",map_59356df4843aaef1,"Eosinophils and spirometry measure allergic inflammation or airway physiology, not asthma diagnosis itself.",Retained only for prespecified sensitivity analysis.,Asthma,Phase II,,True,['African' 'East Asian' 'European' 'Hispanic/Latin American' 'NR'],['European' 'NR'],['African' 'East Asian' 'European' 'Hispanic/Latin American' 'NR'],13,13,3,4,1,4,True,Asthma,Asthma,29,29,4,25,Proxy biomarker,pulmonary,True,REVIEW,,
pt_a4092bf8cdc3636a,ADORA1-D001249,ADORA1,B,D001249,Asthma,SENSITIVITY,Proxy biomarker,Pan-UKB,Pan-UKB::continuous|3062|both_sexes||irnt,Forced vital capacity (FVC),continuous|3062|both_sexes||irnt,GRCh37,fvc,"AFR,CSA,EUR,MID","AFR,CSA,MID",map_8f3487c5d3ef8b41,"Eosinophils and spirometry measure allergic inflammation or airway physiology, not asthma diagnosis itself.",Retained only for prespecified sensitivity analysis.,Asthma,Phase II,,True,['African' 'East Asian' 'European' 'Hispanic/Latin American' 'NR'],['European' 'NR'],['African' 'East Asian' 'European' 'Hispanic/Latin American' 'NR'],13,13,3,4,1,4,True,Asthma,Asthma,29,29,4,25,Proxy biomarker,pulmonary,True,REVIEW,,
pt_c10106e52371d2ab,ADORA1-D029424,ADORA1,B,D029424,"Pulmonary Disease, Chronic Obstructive",PRIMARY,Direct disease,GBMI,GBMI::COPD,Chronic obstructive pulmonary disease,COPD,GRCh38,COPD,"AFR,AMR,EAS,EUR","AFR,AMR,EAS",map_c342a950924fe3b4,The GBMI endpoint is an exact or clinically equivalent disease endpoint.,Locked as the single primary representation of this indication.,"Pulmonary Disease, Chronic Obstructive",Phase II,,True,['African' 'East Asian' 'European' 'Hispanic/Latin American' 'NR'],['European' 'NR'],['African' 'East Asian' 'European' 'Hispanic/Latin American' 'NR'],13,13,3,4,1,4,True,"Pulmonary Disease, Chronic Obstructive","Pulmonary Disease, Chronic Obstructive",20,20,3,17,Direct disease,direct_disease,True,REVIEW,,
pt_bc838f9ad2eae7ed,ADORA1-D029424,ADORA1,B,D029424,"Pulmonary Disease, Chronic Obstructive",SENSITIVITY,Closely related phenotype,Pan-UKB,Pan-UKB::continuous|3063|both_sexes||irnt,Forced expiratory volume in 1-second (FEV1),continuous|3063|both_sexes||irnt,GRCh37,fev1,"AFR,CSA,EUR,MID","AFR,CSA,MID",map_3b5ef0a073ff5fa0,Spirometry measures airflow limitation central to COPD but is not the disease endpoint.,Retained only for prespecified sensitivity analysis.,"Pulmonary Disease, Chronic Obstructive",Phase II,,True,['African' 'East Asian' 'European' 'Hispanic/Latin American' 'NR'],['European' 'NR'],['African' 'East Asian' 'European' 'Hispanic/Latin American' 'NR'],13,13,3,4,1,4,True,"Pulmonary Disease, Chronic Obstructive","Pulmonary Disease, Chronic Obstructive",20,20,3,17,Closely related phenotype,pulmonary,True,REVIEW,,
pt_bcdc713f6b3838e4,ADORA1-D029424,ADORA1,B,D029424,"Pulmonary Disease, Chronic Obstructive",SENSITIVITY,Closely related phenotype,Pan-UKB,Pan-UKB::continuous|3062|both_sexes||irnt,Forced vital capacity (FVC),continuous|3062|both_sexes||irnt,GRCh37,fvc,"AFR,CSA,EUR,MID","AFR,CSA,MID",map_16d098169734a13c,Spirometry measures airflow limitation central to COPD but is not the disease endpoint.,Retained only for prespecified sensitivity analysis.,"Pulmonary Disease, Chronic Obstructive",Phase II,,True,['African' 'East Asian' 'European' 'Hispanic/Latin American' 'NR'],['European' 'NR'],['African' 'East Asian' 'European' 'Hispanic/Latin American' 'NR'],13,13,3,4,1,4,True,"Pulmonary Disease, Chronic Obstructive","Pulmonary Disease, Chronic Obstructive",20,20,3,17,Closely related phenotype,pulmonary,True,REVIEW,,
pt_4e403988566c8fab,ADORA2B-D001249,ADORA2B,B,D001249,Asthma,PRIMARY,Direct disease,GBMI,GBMI::Asthma,Asthma,Asthma,GRCh38,Asthma,"AFR,AMR,CSA,EAS,EUR","AFR,AMR,CSA,EAS",map_142944bd2f968395,The GBMI endpoint is an exact or clinically equivalent disease endpoint.,Locked as the single primary representation of this indication.,Asthma,Phase I,,True,['European'],[],['European'],1,1,0,1,0,1,False,Asthma,Asthma,29,29,4,25,Direct disease,direct_disease,True,REVIEW,,
pt_eea2d1328879ed1d,ADORA2B-D001249,ADORA2B,B,D001249,Asthma,SENSITIVITY,Proxy biomarker,Pan-UKB,Pan-UKB::continuous|30150|both_sexes||irnt,Eosinophill count,continuous|30150|both_sexes||irnt,GRCh37,eosinophil_count,"CSA,EUR",CSA,map_cb8244ded7498122,"Eosinophils and spirometry measure allergic inflammation or airway physiology, not asthma diagnosis itself.",Retained only for prespecified sensitivity analysis.,Asthma,Phase I,,True,['European'],[],['European'],1,1,0,1,0,1,False,Asthma,Asthma,29,29,4,25,Proxy biomarker,hematology_allergy,True,REVIEW,,
pt_433edf9a9cc4b94a,ADORA2B-D001249,ADORA2B,B,D001249,Asthma,SENSITIVITY,Proxy biomarker,Pan-UKB,Pan-UKB::continuous|3063|both_sexes||irnt,Forced expiratory volume in 1-second (FEV1),continuous|3063|both_sexes||irnt,GRCh37,fev1,"AFR,CSA,EUR,MID","AFR,CSA,MID",map_59356df4843aaef1,"Eosinophils and spirometry measure allergic inflammation or airway physiology, not asthma diagnosis itself.",Retained only for prespecified sensitivity analysis.,Asthma,Phase I,,True,['European'],[],['European'],1,1,0,1,0,1,False,Asthma,Asthma,29,29,4,25,Proxy biomarker,pulmonary,True,REVIEW,,
pt_80460f4fa8402b68,ADORA2B-D001249,ADORA2B,B,D001249,Asthma,SENSITIVITY,Proxy biomarker,Pan-UKB,Pan-UKB::continuous|3062|both_sexes||irnt,Forced vital capacity (FVC),continuous|3062|both_sexes||irnt,GRCh37,fvc,"AFR,CSA,EUR,MID","AFR,CSA,MID",map_8f3487c5d3ef8b41,"Eosinophils and spirometry measure allergic inflammation or airway physiology, not asthma diagnosis itself.",Retained only for prespecified sensitivity analysis.,Asthma,Phase I,,True,['European'],[],['European'],1,1,0,1,0,1,False,Asthma,Asthma,29,29,4,25,Proxy biomarker,pulmonary,True,REVIEW,,
pt_09a31e36e6addf26,ADRA1A-D006973,ADRA1A,B,D006973,Hypertension,SENSITIVITY,Direct quantitative readout,Pan-UKB,Pan-UKB::continuous|4079|both_sexes||irnt,"Diastolic blood pressure, automated reading",continuous|4079|both_sexes||irnt,GRCh37,diastolic_blood_pressure,"CSA,EUR",CSA,map_a10198eb08d8bca6,Blood pressure is the defining quantitative phenotype.,Retained only for prespecified sensitivity analysis.,Hypertension,Phase III,,True,['European'],[],['European'],1,1,0,1,0,1,False,Hypertension,Hypertension,19,19,8,11,Direct quantitative readout,blood_pressure,True,REVIEW,,
pt_c4cc2f49ba74b6c3,ADRA1A-D006973,ADRA1A,B,D006973,Hypertension,PRIMARY,Direct quantitative readout,Pan-UKB,Pan-UKB::continuous|4080|both_sexes||irnt,"Systolic blood pressure, automated reading",continuous|4080|both_sexes||irnt,GRCh37,systolic_blood_pressure,"CSA,EAS,EUR","CSA,EAS",map_51438025f9ca1f25,Blood pressure is the defining quantitative phenotype.,Locked as the single primary representation of this indication.,Hypertension,Phase III,,True,['European'],[],['European'],1,1,0,1,0,1,False,Hypertension,Hypertension,19,19,8,11,Direct quantitative readout,blood_pressure,True,REVIEW,,
pt_cd20c478515996f2,ADRA2B-D006973,ADRA2B,A,D006973,Hypertension,SENSITIVITY,Direct quantitative readout,Pan-UKB,Pan-UKB::continuous|4079|both_sexes||irnt,"Diastolic blood pressure, automated reading",continuous|4079|both_sexes||irnt,GRCh37,diastolic_blood_pressure,"CSA,EUR",CSA,map_a10198eb08d8bca6,Blood pressure is the defining quantitative phenotype.,Retained only for prespecified sensitivity analysis.,Hypertension,Launched,,True,['East Asian' 'European'],['European'],['East Asian' 'European'],5,5,3,2,1,2,True,Hypertension,Hypertension,19,19,8,11,Direct quantitative readout,blood_pressure,True,REVIEW,,
pt_2d8c089f79d8232e,ADRA2B-D006973,ADRA2B,A,D006973,Hypertension,PRIMARY,Direct quantitative readout,Pan-UKB,Pan-UKB::continuous|4080|both_sexes||irnt,"Systolic blood pressure, automated reading",continuous|4080|both_sexes||irnt,GRCh37,systolic_blood_pressure,"CSA,EAS,EUR","CSA,EAS",map_51438025f9ca1f25,Blood pressure is the defining quantitative phenotype.,Locked as the single primary representation of this indication.,Hypertension,Launched,,True,['East Asian' 'European'],['European'],['East Asian' 'European'],5,5,3,2,1,2,True,Hypertension,Hypertension,19,19,8,11,Direct quantitative readout,blood_pressure,True,REVIEW,,
pt_747b4001af8054cf,ADRA2C-D006973,ADRA2C,A,D006973,Hypertension,SENSITIVITY,Direct quantitative readout,Pan-UKB,Pan-UKB::continuous|4079|both_sexes||irnt,"Diastolic blood pressure, automated reading",continuous|4079|both_sexes||irnt,GRCh37,diastolic_blood_pressure,"CSA,EUR",CSA,map_a10198eb08d8bca6,Blood pressure is the defining quantitative phenotype.,Retained only for prespecified sensitivity analysis.,Hypertension,Launched,,True,['European'],[],['European'],2,2,0,1,0,1,False,Hypertension,Hypertension,19,19,8,11,Direct quantitative readout,blood_pressure,True,REVIEW,,
pt_e3dc23758504dfe1,ADRA2C-D006973,ADRA2C,A,D006973,Hypertension,PRIMARY,Direct quantitative readout,Pan-UKB,Pan-UKB::continuous|4080|both_sexes||irnt,"Systolic blood pressure, automated reading",continuous|4080|both_sexes||irnt,GRCh37,systolic_blood_pressure,"CSA,EAS,EUR","CSA,EAS",map_51438025f9ca1f25,Blood pressure is the defining quantitative phenotype.,Locked as the single primary representation of this indication.,Hypertension,Launched,,True,['European'],[],['European'],2,2,0,1,0,1,False,Hypertension,Hypertension,19,19,8,11,Direct quantitative readout,blood_pressure,True,REVIEW,,
pt_e35e0ebb6ef6ff18,ADRB1-D006949,ADRB1,B,D006949,Hyperlipidemias,SENSITIVITY,Direct quantitative readout,Pan-UKB,Pan-UKB::biomarkers|30640|both_sexes||irnt,Apolipoprotein B,biomarkers|30640|both_sexes||irnt,GRCh37,apolipoprotein_b,"CSA,EUR",CSA,map_431e4b5a762bae69,Circulating lipid measure directly represents the indication construct.,Retained only for prespecified sensitivity analysis.,Hyperlipidemias,Phase I,,True,['East Asian' 'European'],[],['East Asian' 'European'],5,5,0,2,0,2,False,Hyperlipidemias,Hyperlipidemias,22,22,4,18,Direct quantitative readout,lipids,True,REVIEW,,
pt_61c893bf629db641,ADRB1-D006949,ADRB1,B,D006949,Hyperlipidemias,SENSITIVITY,Direct quantitative readout,Pan-UKB,Pan-UKB::biomarkers|30690|both_sexes||irnt,Cholesterol,biomarkers|30690|both_sexes||irnt,GRCh37,total_cholesterol,"CSA,EUR",CSA,map_c7d4a03a9508b750,Circulating lipid measure directly represents the indication construct.,Retained only for prespecified sensitivity analysis.,Hyperlipidemias,Phase I,,True,['East Asian' 'European'],[],['East Asian' 'European'],5,5,0,2,0,2,False,Hyperlipidemias,Hyperlipidemias,22,22,4,18,Direct quantitative readout,lipids,True,REVIEW,,
pt_488513db10fd496f,ADRB1-D006949,ADRB1,B,D006949,Hyperlipidemias,PRIMARY,Direct quantitative readout,Pan-UKB,Pan-UKB::biomarkers|30780|both_sexes||irnt,LDL direct,biomarkers|30780|both_sexes||irnt,GRCh37,ldl_cholesterol,"CSA,EUR",CSA,map_8442195d65e17d61,Circulating lipid measure directly represents the indication construct.,Locked as the single primary representation of this indication.,Hyperlipidemias,Phase I,,True,['East Asian' 'European'],[],['East Asian' 'European'],5,5,0,2,0,2,False,Hyperlipidemias,Hyperlipidemias,22,22,4,18,Direct quantitative readout,lipids,True,REVIEW,,
pt_ca3f4496fb4f55af,ADRB1-D006973,ADRB1,A,D006973,Hypertension,SENSITIVITY,Direct quantitative readout,Pan-UKB,Pan-UKB::continuous|4079|both_sexes||irnt,"Diastolic blood pressure, automated reading",continuous|4079|both_sexes||irnt,GRCh37,diastolic_blood_pressure,"CSA,EUR",CSA,map_a10198eb08d8bca6,Blood pressure is the defining quantitative phenotype.,Retained only for prespecified sensitivity analysis.,Hypertension,Launched,,True,"['African' 'East Asian' 'European' 'Hispanic/Latin American' 'NR'
 'Native American' 'Other' 'Other Asian' 'South Asian']","['African' 'East Asian' 'European' 'Hispanic/Latin American' 'NR'
 'South Asian']","['African' 'East Asian' 'European' 'Hispanic/Latin American' 'NR'
 'Native American' 'Other' 'Other Asian' 'South Asian']",27,27,10,8,5,8,True,Hypertension,Hypertension,19,19,8,11,Direct quantitative readout,blood_pressure,True,REVIEW,,
pt_15e34dc66578ee8d,ADRB1-D006973,ADRB1,A,D006973,Hypertension,PRIMARY,Direct quantitative readout,Pan-UKB,Pan-UKB::continuous|4080|both_sexes||irnt,"Systolic blood pressure, automated reading",continuous|4080|both_sexes||irnt,GRCh37,systolic_blood_pressure,"CSA,EAS,EUR","CSA,EAS",map_51438025f9ca1f25,Blood pressure is the defining quantitative phenotype.,Locked as the single primary representation of this indication.,Hypertension,Launched,,True,"['African' 'East Asian' 'European' 'Hispanic/Latin American' 'NR'
 'Native American' 'Other' 'Other Asian' 'South Asian']","['African' 'East Asian' 'European' 'Hispanic/Latin American' 'NR'
 'South Asian']","['African' 'East Asian' 'European' 'Hispanic/Latin American' 'NR'
 'Native American' 'Other' 'Other Asian' 'South Asian']",27,27,10,8,5,8,True,Hypertension,Hypertension,19,19,8,11,Direct quantitative readout,blood_pressure,True,REVIEW,,
pt_24879cb29c659ec7,ADRB2-D001249,ADRB2,A,D001249,Asthma,PRIMARY,Direct disease,GBMI,GBMI::Asthma,Asthma,Asthma,GRCh38,Asthma,"AFR,AMR,CSA,EAS,EUR","AFR,AMR,CSA,EAS",map_142944bd2f968395,The GBMI endpoint is an exact or clinically equivalent disease endpoint.,Locked as the single primary representation of this indication.,Asthma,Launched,2004.0,True,['European'],['European'],['European'],2,2,1,1,1,1,True,Asthma,Asthma,29,29,4,25,Direct disease,direct_disease,True,REVIEW,,
pt_08a0fc19d6afe200,ADRB2-D001249,ADRB2,A,D001249,Asthma,SENSITIVITY,Proxy biomarker,Pan-UKB,Pan-UKB::continuous|30150|both_sexes||irnt,Eosinophill count,continuous|30150|both_sexes||irnt,GRCh37,eosinophil_count,"CSA,EUR",CSA,map_cb8244ded7498122,"Eosinophils and spirometry measure allergic inflammation or airway physiology, not asthma diagnosis itself.",Retained only for prespecified sensitivity analysis.,Asthma,Launched,2004.0,True,['European'],['European'],['European'],2,2,1,1,1,1,True,Asthma,Asthma,29,29,4,25,Proxy biomarker,hematology_allergy,True,REVIEW,,
pt_ddbc8390f184236c,ADRB2-D001249,ADRB2,A,D001249,Asthma,SENSITIVITY,Proxy biomarker,Pan-UKB,Pan-UKB::continuous|3063|both_sexes||irnt,Forced expiratory volume in 1-second (FEV1),continuous|3063|both_sexes||irnt,GRCh37,fev1,"AFR,CSA,EUR,MID","AFR,CSA,MID",map_59356df4843aaef1,"Eosinophils and spirometry measure allergic inflammation or airway physiology, not asthma diagnosis itself.",Retained only for prespecified sensitivity analysis.,Asthma,Launched,2004.0,True,['European'],['European'],['European'],2,2,1,1,1,1,True,Asthma,Asthma,29,29,4,25,Proxy biomarker,pulmonary,True,REVIEW,,
pt_c50f4f90317154a3,ADRB2-D001249,ADRB2,A,D001249,Asthma,SENSITIVITY,Proxy biomarker,Pan-UKB,Pan-UKB::continuous|3062|both_sexes||irnt,Forced vital capacity (FVC),continuous|3062|both_sexes||irnt,GRCh37,fvc,"AFR,CSA,EUR,MID","AFR,CSA,MID",map_8f3487c5d3ef8b41,"Eosinophils and spirometry measure allergic inflammation or airway physiology, not asthma diagnosis itself.",Retained only for prespecified sensitivity analysis.,Asthma,Launched,2004.0,True,['European'],['European'],['European'],2,2,1,1,1,1,True,Asthma,Asthma,29,29,4,25,Proxy biomarker,pulmonary,True,REVIEW,,
pt_ff88660ee774c318,ADRB2-D006949,ADRB2,B,D006949,Hyperlipidemias,SENSITIVITY,Direct quantitative readout,Pan-UKB,Pan-UKB::biomarkers|30640|both_sexes||irnt,Apolipoprotein B,biomarkers|30640|both_sexes||irnt,GRCh37,apolipoprotein_b,"CSA,EUR",CSA,map_431e4b5a762bae69,Circulating lipid measure directly represents the indication construct.,Retained only for prespecified sensitivity analysis.,Hyperlipidemias,Phase I,,True,['European'],[],['European'],1,1,0,1,0,1,False,Hyperlipidemias,Hyperlipidemias,22,22,4,18,Direct quantitative readout,lipids,True,REVIEW,,
pt_1a24e344ba18c396,ADRB2-D006949,ADRB2,B,D006949,Hyperlipidemias,SENSITIVITY,Direct quantitative readout,Pan-UKB,Pan-UKB::biomarkers|30690|both_sexes||irnt,Cholesterol,biomarkers|30690|both_sexes||irnt,GRCh37,total_cholesterol,"CSA,EUR",CSA,map_c7d4a03a9508b750,Circulating lipid measure directly represents the indication construct.,Retained only for prespecified sensitivity analysis.,Hyperlipidemias,Phase I,,True,['European'],[],['European'],1,1,0,1,0,1,False,Hyperlipidemias,Hyperlipidemias,22,22,4,18,Direct quantitative readout,lipids,True,REVIEW,,
pt_7045f2a99b33401a,ADRB2-D006949,ADRB2,B,D006949,Hyperlipidemias,PRIMARY,Direct quantitative readout,Pan-UKB,Pan-UKB::biomarkers|30780|both_sexes||irnt,LDL direct,biomarkers|30780|both_sexes||irnt,GRCh37,ldl_cholesterol,"CSA,EUR",CSA,map_8442195d65e17d61,Circulating lipid measure directly represents the indication construct.,Locked as the single primary representation of this indication.,Hyperlipidemias,Phase I,,True,['European'],[],['European'],1,1,0,1,0,1,False,Hyperlipidemias,Hyperlipidemias,22,22,4,18,Direct quantitative readout,lipids,True,REVIEW,,
pt_663ec2f70ee94941,ADRB2-D006973,ADRB2,A,D006973,Hypertension,SENSITIVITY,Direct quantitative readout,Pan-UKB,Pan-UKB::continuous|4079|both_sexes||irnt,"Diastolic blood pressure, automated reading",continuous|4079|both_sexes||irnt,GRCh37,diastolic_blood_pressure,"CSA,EUR",CSA,map_a10198eb08d8bca6,Blood pressure is the defining quantitative phenotype.,Retained only for prespecified sensitivity analysis.,Hypertension,Launched,2007.0,True,['European'],['European'],['European'],2,2,1,1,1,1,True,Hypertension,Hypertension,19,19,8,11,Direct quantitative readout,blood_pressure,True,REVIEW,,
pt_fbd75a0526023208,ADRB2-D006973,ADRB2,A,D006973,Hypertension,PRIMARY,Direct quantitative readout,Pan-UKB,Pan-UKB::continuous|4080|both_sexes||irnt,"Systolic blood pressure, automated reading",continuous|4080|both_sexes||irnt,GRCh37,systolic_blood_pressure,"CSA,EAS,EUR","CSA,EAS",map_51438025f9ca1f25,Blood pressure is the defining quantitative phenotype.,Locked as the single primary representation of this indication.,Hypertension,Launched,2007.0,True,['European'],['European'],['European'],2,2,1,1,1,1,True,Hypertension,Hypertension,19,19,8,11,Direct quantitative readout,blood_pressure,True,REVIEW,,
pt_000683226a6c3b00,ADRB2-D029424,ADRB2,A,D029424,"Pulmonary Disease, Chronic Obstructive",PRIMARY,Direct disease,GBMI,GBMI::COPD,Chronic obstructive pulmonary disease,COPD,GRCh38,COPD,"AFR,AMR,EAS,EUR","AFR,AMR,EAS",map_c342a950924fe3b4,The GBMI endpoint is an exact or clinically equivalent disease endpoint.,Locked as the single primary representation of this indication.,"Pulmonary Disease, Chronic Obstructive",Launched,2009.0,True,['European'],['European'],['European'],2,2,1,1,1,1,True,"Pulmonary Disease, Chronic Obstructive","Pulmonary Disease, Chronic Obstructive",20,20,3,17,Direct disease,direct_disease,True,REVIEW,,
pt_bc1c63538538dbdb,ADRB2-D029424,ADRB2,A,D029424,"Pulmonary Disease, Chronic Obstructive",SENSITIVITY,Closely related phenotype,Pan-UKB,Pan-UKB::continuous|3063|both_sexes||irnt,Forced expiratory volume in 1-second (FEV1),continuous|3063|both_sexes||irnt,GRCh37,fev1,"AFR,CSA,EUR,MID","AFR,CSA,MID",map_3b5ef0a073ff5fa0,Spirometry measures airflow limitation central to COPD but is not the disease endpoint.,Retained only for prespecified sensitivity analysis.,"Pulmonary Disease, Chronic Obstructive",Launched,2009.0,True,['European'],['European'],['European'],2,2,1,1,1,1,True,"Pulmonary Disease, Chronic Obstructive","Pulmonary Disease, Chronic Obstructive",20,20,3,17,Closely related phenotype,pulmonary,True,REVIEW,,
pt_fe332da53f44b65d,ADRB2-D029424,ADRB2,A,D029424,"Pulmonary Disease, Chronic Obstructive",SENSITIVITY,Closely related phenotype,Pan-UKB,Pan-UKB::continuous|3062|both_sexes||irnt,Forced vital capacity (FVC),continuous|3062|both_sexes||irnt,GRCh37,fvc,"AFR,CSA,EUR,MID","AFR,CSA,MID",map_16d098169734a13c,Spirometry measures airflow limitation central to COPD but is not the disease endpoint.,Retained only for prespecified sensitivity analysis.,"Pulmonary Disease, Chronic Obstructive",Launched,2009.0,True,['European'],['European'],['European'],2,2,1,1,1,1,True,"Pulmonary Disease, Chronic Obstructive","Pulmonary Disease, Chronic Obstructive",20,20,3,17,Closely related phenotype,pulmonary,True,REVIEW,,
pt_78960f1e6242669b,AGT-D006973,AGT,A,D006973,Hypertension,SENSITIVITY,Direct quantitative readout,Pan-UKB,Pan-UKB::continuous|4079|both_sexes||irnt,"Diastolic blood pressure, automated reading",continuous|4079|both_sexes||irnt,GRCh37,diastolic_blood_pressure,"CSA,EUR",CSA,map_a10198eb08d8bca6,Blood pressure is the defining quantitative phenotype.,Retained only for prespecified sensitivity analysis.,Hypertension,Launched,,True,"['African' 'East Asian' 'European' 'Hispanic/Latin American' 'NR'
 'Native American' 'Other' 'Other Asian' 'South Asian']",['European' 'NR'],"['African' 'East Asian' 'European' 'Hispanic/Latin American' 'NR'
 'Native American' 'Other' 'Other Asian' 'South Asian']",19,19,6,8,1,8,True,Hypertension,Hypertension,19,19,8,11,Direct quantitative readout,blood_pressure,True,REVIEW,,
pt_17c8beccd13942da,AGT-D006973,AGT,A,D006973,Hypertension,PRIMARY,Direct quantitative readout,Pan-UKB,Pan-UKB::continuous|4080|both_sexes||irnt,"Systolic blood pressure, automated reading",continuous|4080|both_sexes||irnt,GRCh37,systolic_blood_pressure,"CSA,EAS,EUR","CSA,EAS",map_51438025f9ca1f25,Blood pressure is the defining quantitative phenotype.,Locked as the single primary representation of this indication.,Hypertension,Launched,,True,"['African' 'East Asian' 'European' 'Hispanic/Latin American' 'NR'
 'Native American' 'Other' 'Other Asian' 'South Asian']",['European' 'NR'],"['African' 'East Asian' 'European' 'Hispanic/Latin American' 'NR'
 'Native American' 'Other' 'Other Asian' 'South Asian']",19,19,6,8,1,8,True,Hypertension,Hypertension,19,19,8,11,Direct quantitative readout,blood_pressure,True,REVIEW,,
pt_db58d2a1b8c0cfb6,ALDH2-D051437,ALDH2,B,D051437,Renal Insufficiency,SENSITIVITY,Proxy biomarker,Pan-UKB,Pan-UKB::biomarkers|30700|both_sexes||irnt,Creatinine,biomarkers|30700|both_sexes||irnt,GRCh37,serum_creatinine,"CSA,EUR,MID","CSA,MID",map_41141be048611074,eGFR and renal filtration biomarkers measure kidney function but are not the disease endpoint.,Retained only for prespecified sensitivity analysis.,Renal Insufficiency,Phase I,,True,['East Asian' 'European' 'South Asian'],['East Asian'],['East Asian' 'European' 'South Asian'],3,3,1,3,1,3,True,Renal Insufficiency,Renal Insufficiency,5,5,0,5,Proxy biomarker,renal,True,REVIEW,,
pt_cc3df9c23698c7d7,ALDH2-D051437,ALDH2,B,D051437,Renal Insufficiency,SENSITIVITY,Proxy biomarker,Pan-UKB,Pan-UKB::biomarkers|30720|both_sexes||irnt,Cystatin C,biomarkers|30720|both_sexes||irnt,GRCh37,cystatin_c,"CSA,EUR,MID","CSA,MID",map_f1dd1f3e7799acd4,eGFR and renal filtration biomarkers measure kidney function but are not the disease endpoint.,Retained only for prespecified sensitivity analysis.,Renal Insufficiency,Phase I,,True,['East Asian' 'European' 'South Asian'],['East Asian'],['East Asian' 'European' 'South Asian'],3,3,1,3,1,3,True,Renal Insufficiency,Renal Insufficiency,5,5,0,5,Proxy biomarker,renal,True,REVIEW,,
pt_fb92edf75ee1aba2,ALDH2-D051437,ALDH2,B,D051437,Renal Insufficiency,SENSITIVITY,Proxy biomarker,Pan-UKB,Pan-UKB::continuous|eGFRcreacys|both_sexes||irnt,"Estimated glomerular filtration rate, cystain C",continuous|eGFRcreacys|both_sexes||irnt,GRCh37,egfr_cystatin_c,"CSA,EUR",CSA,map_60a0dd903780e9d1,eGFR and renal filtration biomarkers measure kidney function but are not the disease endpoint.,Retained only for prespecified sensitivity analysis.,Renal Insufficiency,Phase I,,True,['East Asian' 'European' 'South Asian'],['East Asian'],['East Asian' 'European' 'South Asian'],3,3,1,3,1,3,True,Renal Insufficiency,Renal Insufficiency,5,5,0,5,Proxy biomarker,renal,True,REVIEW,,
pt_b6c29c901105be21,ALDH2-D051437,ALDH2,B,D051437,Renal Insufficiency,PRIMARY,Proxy biomarker,Pan-UKB,Pan-UKB::continuous|eGFR|both_sexes||irnt,"Estimated glomerular filtration rate, serum creatinine",continuous|eGFR|both_sexes||irnt,GRCh37,egfr_creatinine,"CSA,EUR,MID","CSA,MID",map_75832887e4c759b7,eGFR and renal filtration biomarkers measure kidney function but are not the disease endpoint.,Locked as the single primary representation of this indication.,Renal Insufficiency,Phase I,,True,['East Asian' 'European' 'South Asian'],['East Asian'],['East Asian' 'European' 'South Asian'],3,3,1,3,1,3,True,Renal Insufficiency,Renal Insufficiency,5,5,0,5,Proxy biomarker,renal,True,REVIEW,,
pt_5fa8664ae80b9016,ALDH2-D051437,ALDH2,B,D051437,Renal Insufficiency,SENSITIVITY,Proxy biomarker,Pan-UKB,Pan-UKB::continuous|eGFRcys|both_sexes||irnt,"Estimated glomerular filtration rate, serum creatinine + cystain C",continuous|eGFRcys|both_sexes||irnt,GRCh37,egfr_creatinine_cystatin_c,"CSA,EUR",CSA,map_595de43d458884cd,eGFR and renal filtration biomarkers measure kidney function but are not the disease endpoint.,Retained only for prespecified sensitivity analysis.,Renal Insufficiency,Phase I,,True,['East Asian' 'European' 'South Asian'],['East Asian'],['East Asian' 'European' 'South Asian'],3,3,1,3,1,3,True,Renal Insufficiency,Renal Insufficiency,5,5,0,5,Proxy biomarker,renal,True,REVIEW,,
pt_a879d9c5c682b953,ALOX12-D013921,ALOX12,B,D013921,Thrombocytopenia,PRIMARY,Direct quantitative readout,Pan-UKB,Pan-UKB::continuous|30080|both_sexes||irnt,Platelet count,continuous|30080|both_sexes||irnt,GRCh37,platelet_count,"AFR,CSA,EAS,EUR","AFR,CSA,EAS",map_9fca929f0496a5a9,Platelet count directly represents the indication.,Locked as the single primary representation of this indication.,Thrombocytopenia,Phase I,,True,['European'],[],['European'],1,1,0,1,0,1,False,Thrombocytopenia,Thrombocytopenia,10,10,4,6,Direct quantitative readout,hematology,True,REVIEW,,
pt_b6d8ace7b3f8564a,ALOX5-D015228,ALOX5,B,D015228,Hypertriglyceridemia,PRIMARY,Direct quantitative readout,Pan-UKB,Pan-UKB::biomarkers|30870|both_sexes||irnt,Triglycerides,biomarkers|30870|both_sexes||irnt,GRCh37,triglycerides,"AFR,CSA,EUR,MID","AFR,CSA,MID",map_e34c5f2ec9867915,Triglyceride concentration directly represents hypertriglyceridemia.,Locked as the single primary representation of this indication.,Hypertriglyceridemia,Phase II,,True,['European'],[],['European'],2,2,0,1,0,1,False,Hypertriglyceridemia,Hypertriglyceridemia,14,14,3,11,Direct quantitative readout,lipids,True,REVIEW,,
pt_f3f706efaa74fe1b,ANGPTL3-D006937,ANGPTL3,B,D006937,Hypercholesterolemia,SENSITIVITY,Direct quantitative readout,Pan-UKB,Pan-UKB::biomarkers|30640|both_sexes||irnt,Apolipoprotein B,biomarkers|30640|both_sexes||irnt,GRCh37,apolipoprotein_b,"CSA,EUR",CSA,map_505723e622d14ef9,Circulating lipid measure directly represents the indication construct.,Retained only for prespecified sensitivity analysis.,Hypercholesterolemia,Phase II,,True,"['African' 'East Asian' 'European' 'Hispanic/Latin American' 'NR'
 'Native American' 'Oceanian' 'Other Asian' 'South Asian']","['African' 'East Asian' 'European' 'Hispanic/Latin American' 'NR'
 'Other Asian' 'South Asian']","['African' 'East Asian' 'European' 'Hispanic/Latin American' 'NR'
 'Native American' 'Oceanian' 'Other Asian' 'South Asian']",54,54,15,8,6,8,True,Hypercholesterolemia,Hypercholesterolemia,14,14,3,11,Direct quantitative readout,lipids,True,REVIEW,,
pt_f034da339058e7ef,ANGPTL3-D006937,ANGPTL3,B,D006937,Hypercholesterolemia,SENSITIVITY,Direct quantitative readout,Pan-UKB,Pan-UKB::biomarkers|30690|both_sexes||irnt,Cholesterol,biomarkers|30690|both_sexes||irnt,GRCh37,total_cholesterol,"CSA,EUR",CSA,map_53025b2483451588,Circulating lipid measure directly represents the indication construct.,Retained only for prespecified sensitivity analysis.,Hypercholesterolemia,Phase II,,True,"['African' 'East Asian' 'European' 'Hispanic/Latin American' 'NR'
 'Native American' 'Oceanian' 'Other Asian' 'South Asian']","['African' 'East Asian' 'European' 'Hispanic/Latin American' 'NR'
 'Other Asian' 'South Asian']","['African' 'East Asian' 'European' 'Hispanic/Latin American' 'NR'
 'Native American' 'Oceanian' 'Other Asian' 'South Asian']",54,54,15,8,6,8,True,Hypercholesterolemia,Hypercholesterolemia,14,14,3,11,Direct quantitative readout,lipids,True,REVIEW,,
pt_d6e2ae5b4ee92a9f,ANGPTL3-D006937,ANGPTL3,B,D006937,Hypercholesterolemia,PRIMARY,Direct quantitative readout,Pan-UKB,Pan-UKB::biomarkers|30780|both_sexes||irnt,LDL direct,biomarkers|30780|both_sexes||irnt,GRCh37,ldl_cholesterol,"CSA,EUR",CSA,map_50cd2496568d9c63,Circulating lipid measure directly represents the indication construct.,Locked as the single primary representation of this indication.,Hypercholesterolemia,Phase II,,True,"['African' 'East Asian' 'European' 'Hispanic/Latin American' 'NR'
 'Native American' 'Oceanian' 'Other Asian' 'South Asian']","['African' 'East Asian' 'European' 'Hispanic/Latin American' 'NR'
 'Other Asian' 'South Asian']","['African' 'East Asian' 'European' 'Hispanic/Latin American' 'NR'
 'Native American' 'Oceanian' 'Other Asian' 'South Asian']",54,54,15,8,6,8,True,Hypercholesterolemia,Hypercholesterolemia,14,14,3,11,Direct quantitative readout,lipids,True,REVIEW,,
pt_03a370e92e2b0ca9,ANGPTL3-D006938,ANGPTL3,A,D006938,Hyperlipoproteinemia Type II,SENSITIVITY,Direct quantitative readout,Pan-UKB,Pan-UKB::biomarkers|30640|both_sexes||irnt,Apolipoprotein B,biomarkers|30640|both_sexes||irnt,GRCh37,apolipoprotein_b,"CSA,EUR",CSA,map_cfd704321ca3eaef,Circulating lipid measure directly represents the indication construct.,Retained only for prespecified sensitivity analysis.,Hyperlipoproteinemia Type II,Launched,2021.0,True,"['African' 'East Asian' 'European' 'Hispanic/Latin American' 'NR'
 'Native American' 'Oceanian' 'Other Asian' 'South Asian']","['African' 'East Asian' 'European' 'Hispanic/Latin American' 'NR'
 'Other Asian' 'South Asian']","['African' 'East Asian' 'European' 'Hispanic/Latin American' 'NR'
 'Native American' 'Oceanian' 'Other Asian' 'South Asian']",54,54,15,8,6,8,True,Hyperlipoproteinemia Type II,Hyperlipoproteinemia Type II,8,8,3,5,Direct quantitative readout,lipids,True,REVIEW,,
pt_3e44361aaba020b3,ANGPTL3-D006938,ANGPTL3,A,D006938,Hyperlipoproteinemia Type II,SENSITIVITY,Direct quantitative readout,Pan-UKB,Pan-UKB::biomarkers|30690|both_sexes||irnt,Cholesterol,biomarkers|30690|both_sexes||irnt,GRCh37,total_cholesterol,"CSA,EUR",CSA,map_20c7523ee78dfeaf,Circulating lipid measure directly represents the indication construct.,Retained only for prespecified sensitivity analysis.,Hyperlipoproteinemia Type II,Launched,2021.0,True,"['African' 'East Asian' 'European' 'Hispanic/Latin American' 'NR'
 'Native American' 'Oceanian' 'Other Asian' 'South Asian']","['African' 'East Asian' 'European' 'Hispanic/Latin American' 'NR'
 'Other Asian' 'South Asian']","['African' 'East Asian' 'European' 'Hispanic/Latin American' 'NR'
 'Native American' 'Oceanian' 'Other Asian' 'South Asian']",54,54,15,8,6,8,True,Hyperlipoproteinemia Type II,Hyperlipoproteinemia Type II,8,8,3,5,Direct quantitative readout,lipids,True,REVIEW,,
pt_b59a6b650b3ac079,ANGPTL3-D006938,ANGPTL3,A,D006938,Hyperlipoproteinemia Type II,PRIMARY,Direct quantitative readout,Pan-UKB,Pan-UKB::biomarkers|30780|both_sexes||irnt,LDL direct,biomarkers|30780|both_sexes||irnt,GRCh37,ldl_cholesterol,"CSA,EUR",CSA,map_e773da18247036fb,Circulating lipid measure directly represents the indication construct.,Locked as the single primary representation of this indication.,Hyperlipoproteinemia Type II,Launched,2021.0,True,"['African' 'East Asian' 'European' 'Hispanic/Latin American' 'NR'
 'Native American' 'Oceanian' 'Other Asian' 'South Asian']","['African' 'East Asian' 'European' 'Hispanic/Latin American' 'NR'
 'Other Asian' 'South Asian']","['African' 'East Asian' 'European' 'Hispanic/Latin American' 'NR'
 'Native American' 'Oceanian' 'Other Asian' 'South Asian']",54,54,15,8,6,8,True,Hyperlipoproteinemia Type II,Hyperlipoproteinemia Type II,8,8,3,5,Direct quantitative readout,lipids,True,REVIEW,,
pt_768a546e9e46129a,ANGPTL3-D006949,ANGPTL3,B,D006949,Hyperlipidemias,SENSITIVITY,Direct quantitative readout,Pan-UKB,Pan-UKB::biomarkers|30640|both_sexes||irnt,Apolipoprotein B,biomarkers|30640|both_sexes||irnt,GRCh37,apolipoprotein_b,"CSA,EUR",CSA,map_431e4b5a762bae69,Circulating lipid measure directly represents the indication construct.,Retained only for prespecified sensitivity analysis.,Hyperlipidemias,Phase II,,True,"['African' 'East Asian' 'European' 'Hispanic/Latin American' 'NR'
 'Native American' 'Oceanian' 'Other Asian' 'South Asian']","['African' 'East Asian' 'European' 'Hispanic/Latin American' 'NR'
 'Other Asian' 'South Asian']","['African' 'East Asian' 'European' 'Hispanic/Latin American' 'NR'
 'Native American' 'Oceanian' 'Other Asian' 'South Asian']",54,54,15,8,6,8,True,Hyperlipidemias,Hyperlipidemias,22,22,4,18,Direct quantitative readout,lipids,True,REVIEW,,
pt_465145d4a1bbcc93,ANGPTL3-D006949,ANGPTL3,B,D006949,Hyperlipidemias,SENSITIVITY,Direct quantitative readout,Pan-UKB,Pan-UKB::biomarkers|30690|both_sexes||irnt,Cholesterol,biomarkers|30690|both_sexes||irnt,GRCh37,total_cholesterol,"CSA,EUR",CSA,map_c7d4a03a9508b750,Circulating lipid measure directly represents the indication construct.,Retained only for prespecified sensitivity analysis.,Hyperlipidemias,Phase II,,True,"['African' 'East Asian' 'European' 'Hispanic/Latin American' 'NR'
 'Native American' 'Oceanian' 'Other Asian' 'South Asian']","['African' 'East Asian' 'European' 'Hispanic/Latin American' 'NR'
 'Other Asian' 'South Asian']","['African' 'East Asian' 'European' 'Hispanic/Latin American' 'NR'
 'Native American' 'Oceanian' 'Other Asian' 'South Asian']",54,54,15,8,6,8,True,Hyperlipidemias,Hyperlipidemias,22,22,4,18,Direct quantitative readout,lipids,True,REVIEW,,
pt_73fa21ca7c523190,ANGPTL3-D006949,ANGPTL3,B,D006949,Hyperlipidemias,PRIMARY,Direct quantitative readout,Pan-UKB,Pan-UKB::biomarkers|30780|both_sexes||irnt,LDL direct,biomarkers|30780|both_sexes||irnt,GRCh37,ldl_cholesterol,"CSA,EUR",CSA,map_8442195d65e17d61,Circulating lipid measure directly represents the indication construct.,Locked as the single primary representation of this indication.,Hyperlipidemias,Phase II,,True,"['African' 'East Asian' 'European' 'Hispanic/Latin American' 'NR'
 'Native American' 'Oceanian' 'Other Asian' 'South Asian']","['African' 'East Asian' 'European' 'Hispanic/Latin American' 'NR'
 'Other Asian' 'South Asian']","['African' 'East Asian' 'European' 'Hispanic/Latin American' 'NR'
 'Native American' 'Oceanian' 'Other Asian' 'South Asian']",54,54,15,8,6,8,True,Hyperlipidemias,Hyperlipidemias,22,22,4,18,Direct quantitative readout,lipids,True,REVIEW,,
pt_c1d29ce1c8ae8f12,ANGPTL3-D015228,ANGPTL3,B,D015228,Hypertriglyceridemia,PRIMARY,Direct quantitative readout,Pan-UKB,Pan-UKB::biomarkers|30870|both_sexes||irnt,Triglycerides,biomarkers|30870|both_sexes||irnt,GRCh37,triglycerides,"AFR,CSA,EUR,MID","AFR,CSA,MID",map_e34c5f2ec9867915,Triglyceride concentration directly represents hypertriglyceridemia.,Locked as the single primary representation of this indication.,Hypertriglyceridemia,Phase III,,True,"['African' 'East Asian' 'European' 'Hispanic/Latin American' 'NR'
 'Native American' 'Oceanian' 'Other Asian' 'South Asian']","['African' 'East Asian' 'European' 'Hispanic/Latin American' 'NR'
 'Other Asian' 'South Asian']","['African' 'East Asian' 'European' 'Hispanic/Latin American' 'NR'
 'Native American' 'Oceanian' 'Other Asian' 'South Asian']",54,54,15,8,6,8,True,Hypertriglyceridemia,Hypertriglyceridemia,14,14,3,11,Direct quantitative readout,lipids,True,REVIEW,,
pt_0798e8b274fe0265,ANGPTL3-D050171,ANGPTL3,B,D050171,Dyslipidemias,SENSITIVITY,Direct quantitative readout,Pan-UKB,Pan-UKB::biomarkers|30640|both_sexes||irnt,Apolipoprotein B,biomarkers|30640|both_sexes||irnt,GRCh37,apolipoprotein_b,"CSA,EUR",CSA,map_6d9fe13af554c236,Circulating lipid measure directly represents the indication construct.,Retained only for prespecified sensitivity analysis.,Dyslipidemias,Phase II,,True,"['African' 'East Asian' 'European' 'Hispanic/Latin American' 'NR'
 'Native American' 'Oceanian' 'Other Asian' 'South Asian']","['African' 'East Asian' 'European' 'Hispanic/Latin American' 'NR'
 'Other Asian' 'South Asian']","['African' 'East Asian' 'European' 'Hispanic/Latin American' 'NR'
 'Native American' 'Oceanian' 'Other Asian' 'South Asian']",56,56,15,8,6,8,True,Dyslipidemias,Dyslipidemias,5,5,3,2,Direct quantitative readout,lipids,True,REVIEW,,
pt_529b9eb7c0150e1f,ANGPTL3-D050171,ANGPTL3,B,D050171,Dyslipidemias,SENSITIVITY,Direct quantitative readout,Pan-UKB,Pan-UKB::biomarkers|30690|both_sexes||irnt,Cholesterol,biomarkers|30690|both_sexes||irnt,GRCh37,total_cholesterol,"CSA,EUR",CSA,map_a36004652f6c76ab,Circulating lipid measure directly represents the indication construct.,Retained only for prespecified sensitivity analysis.,Dyslipidemias,Phase II,,True,"['African' 'East Asian' 'European' 'Hispanic/Latin American' 'NR'
 'Native American' 'Oceanian' 'Other Asian' 'South Asian']","['African' 'East Asian' 'European' 'Hispanic/Latin American' 'NR'
 'Other Asian' 'South Asian']","['African' 'East Asian' 'European' 'Hispanic/Latin American' 'NR'
 'Native American' 'Oceanian' 'Other Asian' 'South Asian']",56,56,15,8,6,8,True,Dyslipidemias,Dyslipidemias,5,5,3,2,Direct quantitative readout,lipids,True,REVIEW,,
pt_3b8b4c7ced1db723,ANGPTL3-D050171,ANGPTL3,B,D050171,Dyslipidemias,PRIMARY,Direct quantitative readout,Pan-UKB,Pan-UKB::biomarkers|30780|both_sexes||irnt,LDL direct,biomarkers|30780|both_sexes||irnt,GRCh37,ldl_cholesterol,"CSA,EUR",CSA,map_32cf8d557f57383c,Circulating lipid measure directly represents the indication construct.,Locked as the single primary representation of this indication.,Dyslipidemias,Phase II,,True,"['African' 'East Asian' 'European' 'Hispanic/Latin American' 'NR'
 'Native American' 'Oceanian' 'Other Asian' 'South Asian']","['African' 'East Asian' 'European' 'Hispanic/Latin American' 'NR'
 'Other Asian' 'South Asian']","['African' 'East Asian' 'European' 'Hispanic/Latin American' 'NR'
 'Native American' 'Oceanian' 'Other Asian' 'South Asian']",56,56,15,8,6,8,True,Dyslipidemias,Dyslipidemias,5,5,3,2,Direct quantitative readout,lipids,True,REVIEW,,
pt_49915eb017189bcc,ANGPTL4-D015228,ANGPTL4,B,D015228,Hypertriglyceridemia,PRIMARY,Direct quantitative readout,Pan-UKB,Pan-UKB::biomarkers|30870|both_sexes||irnt,Triglycerides,biomarkers|30870|both_sexes||irnt,GRCh37,triglycerides,"AFR,CSA,EUR,MID","AFR,CSA,MID",map_e34c5f2ec9867915,Triglyceride concentration directly represents hypertriglyceridemia.,Locked as the single primary representation of this indication.,Hypertriglyceridemia,Phase I,,True,['East Asian' 'European' 'NR'],[],['East Asian' 'European' 'NR'],6,6,0,2,0,2,False,Hypertriglyceridemia,Hypertriglyceridemia,14,14,3,11,Direct quantitative readout,lipids,True,REVIEW,,
pt_57ecc8001466165b,ANGPTL8-D006949,ANGPTL8,B,D006949,Hyperlipidemias,SENSITIVITY,Direct quantitative readout,Pan-UKB,Pan-UKB::biomarkers|30640|both_sexes||irnt,Apolipoprotein B,biomarkers|30640|both_sexes||irnt,GRCh37,apolipoprotein_b,"CSA,EUR",CSA,map_431e4b5a762bae69,Circulating lipid measure directly represents the indication construct.,Retained only for prespecified sensitivity analysis.,Hyperlipidemias,Phase I,,True,['African' 'East Asian' 'European' 'Hispanic/Latin American' 'South Asian'],['East Asian' 'NR'],"['African' 'East Asian' 'European' 'Hispanic/Latin American' 'NR'
 'South Asian']",17,17,4,5,1,5,True,Hyperlipidemias,Hyperlipidemias,22,22,4,18,Direct quantitative readout,lipids,True,REVIEW,,
pt_75233a540c42217a,ANGPTL8-D006949,ANGPTL8,B,D006949,Hyperlipidemias,SENSITIVITY,Direct quantitative readout,Pan-UKB,Pan-UKB::biomarkers|30690|both_sexes||irnt,Cholesterol,biomarkers|30690|both_sexes||irnt,GRCh37,total_cholesterol,"CSA,EUR",CSA,map_c7d4a03a9508b750,Circulating lipid measure directly represents the indication construct.,Retained only for prespecified sensitivity analysis.,Hyperlipidemias,Phase I,,True,['African' 'East Asian' 'European' 'Hispanic/Latin American' 'South Asian'],['East Asian' 'NR'],"['African' 'East Asian' 'European' 'Hispanic/Latin American' 'NR'
 'South Asian']",17,17,4,5,1,5,True,Hyperlipidemias,Hyperlipidemias,22,22,4,18,Direct quantitative readout,lipids,True,REVIEW,,
pt_c34155964e6dc4fc,ANGPTL8-D006949,ANGPTL8,B,D006949,Hyperlipidemias,PRIMARY,Direct quantitative readout,Pan-UKB,Pan-UKB::biomarkers|30780|both_sexes||irnt,LDL direct,biomarkers|30780|both_sexes||irnt,GRCh37,ldl_cholesterol,"CSA,EUR",CSA,map_8442195d65e17d61,Circulating lipid measure directly represents the indication construct.,Locked as the single primary representation of this indication.,Hyperlipidemias,Phase I,,True,['African' 'East Asian' 'European' 'Hispanic/Latin American' 'South Asian'],['East Asian' 'NR'],"['African' 'East Asian' 'European' 'Hispanic/Latin American' 'NR'
 'South Asian']",17,17,4,5,1,5,True,Hyperlipidemias,Hyperlipidemias,22,22,4,18,Direct quantitative readout,lipids,True,REVIEW,,
pt_84ffa2c0e650de0c,APOA1-D006937,APOA1,B,D006937,Hypercholesterolemia,SENSITIVITY,Direct quantitative readout,Pan-UKB,Pan-UKB::biomarkers|30640|both_sexes||irnt,Apolipoprotein B,biomarkers|30640|both_sexes||irnt,GRCh37,apolipoprotein_b,"CSA,EUR",CSA,map_505723e622d14ef9,Circulating lipid measure directly represents the indication construct.,Retained only for prespecified sensitivity analysis.,Hypercholesterolemia,Phase II,,True,['East Asian' 'European'],['European'],['East Asian' 'European'],8,8,2,2,1,2,True,Hypercholesterolemia,Hypercholesterolemia,14,14,3,11,Direct quantitative readout,lipids,True,REVIEW,,
pt_b4010d6557c700ee,APOA1-D006937,APOA1,B,D006937,Hypercholesterolemia,SENSITIVITY,Direct quantitative readout,Pan-UKB,Pan-UKB::biomarkers|30690|both_sexes||irnt,Cholesterol,biomarkers|30690|both_sexes||irnt,GRCh37,total_cholesterol,"CSA,EUR",CSA,map_53025b2483451588,Circulating lipid measure directly represents the indication construct.,Retained only for prespecified sensitivity analysis.,Hypercholesterolemia,Phase II,,True,['East Asian' 'European'],['European'],['East Asian' 'European'],8,8,2,2,1,2,True,Hypercholesterolemia,Hypercholesterolemia,14,14,3,11,Direct quantitative readout,lipids,True,REVIEW,,
pt_d3c0338e6a94f2dd,APOA1-D006937,APOA1,B,D006937,Hypercholesterolemia,PRIMARY,Direct quantitative readout,Pan-UKB,Pan-UKB::biomarkers|30780|both_sexes||irnt,LDL direct,biomarkers|30780|both_sexes||irnt,GRCh37,ldl_cholesterol,"CSA,EUR",CSA,map_50cd2496568d9c63,Circulating lipid measure directly represents the indication construct.,Locked as the single primary representation of this indication.,Hypercholesterolemia,Phase II,,True,['East Asian' 'European'],['European'],['East Asian' 'European'],8,8,2,2,1,2,True,Hypercholesterolemia,Hypercholesterolemia,14,14,3,11,Direct quantitative readout,lipids,True,REVIEW,,
pt_1f76a6fc38b8fc4f,APOA1-D006938,APOA1,B,D006938,Hyperlipoproteinemia Type II,SENSITIVITY,Direct quantitative readout,Pan-UKB,Pan-UKB::biomarkers|30640|both_sexes||irnt,Apolipoprotein B,biomarkers|30640|both_sexes||irnt,GRCh37,apolipoprotein_b,"CSA,EUR",CSA,map_cfd704321ca3eaef,Circulating lipid measure directly represents the indication construct.,Retained only for prespecified sensitivity analysis.,Hyperlipoproteinemia Type II,Phase II,,True,['East Asian' 'European'],['European'],['East Asian' 'European'],8,8,2,2,1,2,True,Hyperlipoproteinemia Type II,Hyperlipoproteinemia Type II,8,8,3,5,Direct quantitative readout,lipids,True,REVIEW,,
pt_2cde9205dd19208d,APOA1-D006938,APOA1,B,D006938,Hyperlipoproteinemia Type II,SENSITIVITY,Direct quantitative readout,Pan-UKB,Pan-UKB::biomarkers|30690|both_sexes||irnt,Cholesterol,biomarkers|30690|both_sexes||irnt,GRCh37,total_cholesterol,"CSA,EUR",CSA,map_20c7523ee78dfeaf,Circulating lipid measure directly represents the indication construct.,Retained only for prespecified sensitivity analysis.,Hyperlipoproteinemia Type II,Phase II,,True,['East Asian' 'European'],['European'],['East Asian' 'European'],8,8,2,2,1,2,True,Hyperlipoproteinemia Type II,Hyperlipoproteinemia Type II,8,8,3,5,Direct quantitative readout,lipids,True,REVIEW,,
pt_22995917e1306d73,APOA1-D006938,APOA1,B,D006938,Hyperlipoproteinemia Type II,PRIMARY,Direct quantitative readout,Pan-UKB,Pan-UKB::biomarkers|30780|both_sexes||irnt,LDL direct,biomarkers|30780|both_sexes||irnt,GRCh37,ldl_cholesterol,"CSA,EUR",CSA,map_e773da18247036fb,Circulating lipid measure directly represents the indication construct.,Locked as the single primary representation of this indication.,Hyperlipoproteinemia Type II,Phase II,,True,['East Asian' 'European'],['European'],['East Asian' 'European'],8,8,2,2,1,2,True,Hyperlipoproteinemia Type II,Hyperlipoproteinemia Type II,8,8,3,5,Direct quantitative readout,lipids,True,REVIEW,,
pt_fc70b89a93b5793c,APOA1-D006949,APOA1,B,D006949,Hyperlipidemias,SENSITIVITY,Direct quantitative readout,Pan-UKB,Pan-UKB::biomarkers|30640|both_sexes||irnt,Apolipoprotein B,biomarkers|30640|both_sexes||irnt,GRCh37,apolipoprotein_b,"CSA,EUR",CSA,map_431e4b5a762bae69,Circulating lipid measure directly represents the indication construct.,Retained only for prespecified sensitivity analysis.,Hyperlipidemias,Phase II,,True,['East Asian' 'European'],['European'],['East Asian' 'European'],8,8,2,2,1,2,True,Hyperlipidemias,Hyperlipidemias,22,22,4,18,Direct quantitative readout,lipids,True,REVIEW,,
pt_07318c860783e7b4,APOA1-D006949,APOA1,B,D006949,Hyperlipidemias,SENSITIVITY,Direct quantitative readout,Pan-UKB,Pan-UKB::biomarkers|30690|both_sexes||irnt,Cholesterol,biomarkers|30690|both_sexes||irnt,GRCh37,total_cholesterol,"CSA,EUR",CSA,map_c7d4a03a9508b750,Circulating lipid measure directly represents the indication construct.,Retained only for prespecified sensitivity analysis.,Hyperlipidemias,Phase II,,True,['East Asian' 'European'],['European'],['East Asian' 'European'],8,8,2,2,1,2,True,Hyperlipidemias,Hyperlipidemias,22,22,4,18,Direct quantitative readout,lipids,True,REVIEW,,
pt_f8b030f93ae0a176,APOA1-D006949,APOA1,B,D006949,Hyperlipidemias,PRIMARY,Direct quantitative readout,Pan-UKB,Pan-UKB::biomarkers|30780|both_sexes||irnt,LDL direct,biomarkers|30780|both_sexes||irnt,GRCh37,ldl_cholesterol,"CSA,EUR",CSA,map_8442195d65e17d61,Circulating lipid measure directly represents the indication construct.,Locked as the single primary representation of this indication.,Hyperlipidemias,Phase II,,True,['East Asian' 'European'],['European'],['East Asian' 'European'],8,8,2,2,1,2,True,Hyperlipidemias,Hyperlipidemias,22,22,4,18,Direct quantitative readout,lipids,True,REVIEW,,
pt_7a2c10196475eb8b,APOB-D006937,APOB,B,D006937,Hypercholesterolemia,SENSITIVITY,Direct quantitative readout,Pan-UKB,Pan-UKB::biomarkers|30640|both_sexes||irnt,Apolipoprotein B,biomarkers|30640|both_sexes||irnt,GRCh37,apolipoprotein_b,"CSA,EUR",CSA,map_505723e622d14ef9,Circulating lipid measure directly represents the indication construct.,Retained only for prespecified sensitivity analysis.,Hypercholesterolemia,Phase III,,True,"['African' 'East Asian' 'European' 'Hispanic/Latin American' 'NR'
 'Native American' 'Oceanian' 'Other Asian' 'South Asian']","['African' 'East Asian' 'European' 'Hispanic/Latin American' 'NR'
 'Other Asian' 'South Asian']","['African' 'East Asian' 'European' 'Hispanic/Latin American' 'NR'
 'Native American' 'Oceanian' 'Other Asian' 'South Asian']",68,68,23,8,6,8,True,Hypercholesterolemia,Hypercholesterolemia,14,14,3,11,Direct quantitative readout,lipids,True,REVIEW,,
pt_ff5179106a504e7d,APOB-D006937,APOB,B,D006937,Hypercholesterolemia,SENSITIVITY,Direct quantitative readout,Pan-UKB,Pan-UKB::biomarkers|30690|both_sexes||irnt,Cholesterol,biomarkers|30690|both_sexes||irnt,GRCh37,total_cholesterol,"CSA,EUR",CSA,map_53025b2483451588,Circulating lipid measure directly represents the indication construct.,Retained only for prespecified sensitivity analysis.,Hypercholesterolemia,Phase III,,True,"['African' 'East Asian' 'European' 'Hispanic/Latin American' 'NR'
 'Native American' 'Oceanian' 'Other Asian' 'South Asian']","['African' 'East Asian' 'European' 'Hispanic/Latin American' 'NR'
 'Other Asian' 'South Asian']","['African' 'East Asian' 'European' 'Hispanic/Latin American' 'NR'
 'Native American' 'Oceanian' 'Other Asian' 'South Asian']",68,68,23,8,6,8,True,Hypercholesterolemia,Hypercholesterolemia,14,14,3,11,Direct quantitative readout,lipids,True,REVIEW,,
pt_f9e1f8e8234a9793,APOB-D006937,APOB,B,D006937,Hypercholesterolemia,PRIMARY,Direct quantitative readout,Pan-UKB,Pan-UKB::biomarkers|30780|both_sexes||irnt,LDL direct,biomarkers|30780|both_sexes||irnt,GRCh37,ldl_cholesterol,"CSA,EUR",CSA,map_50cd2496568d9c63,Circulating lipid measure directly represents the indication construct.,Locked as the single primary representation of this indication.,Hypercholesterolemia,Phase III,,True,"['African' 'East Asian' 'European' 'Hispanic/Latin American' 'NR'
 'Native American' 'Oceanian' 'Other Asian' 'South Asian']","['African' 'East Asian' 'European' 'Hispanic/Latin American' 'NR'
 'Other Asian' 'South Asian']","['African' 'East Asian' 'European' 'Hispanic/Latin American' 'NR'
 'Native American' 'Oceanian' 'Other Asian' 'South Asian']",68,68,23,8,6,8,True,Hypercholesterolemia,Hypercholesterolemia,14,14,3,11,Direct quantitative readout,lipids,True,REVIEW,,
pt_23fb076f8d48d2df,APOB-D006938,APOB,A,D006938,Hyperlipoproteinemia Type II,SENSITIVITY,Direct quantitative readout,Pan-UKB,Pan-UKB::biomarkers|30640|both_sexes||irnt,Apolipoprotein B,biomarkers|30640|both_sexes||irnt,GRCh37,apolipoprotein_b,"CSA,EUR",CSA,map_cfd704321ca3eaef,Circulating lipid measure directly represents the indication construct.,Retained only for prespecified sensitivity analysis.,Hyperlipoproteinemia Type II,Launched,,True,"['African' 'East Asian' 'European' 'Hispanic/Latin American' 'NR'
 'Native American' 'Oceanian' 'Other Asian' 'South Asian']","['African' 'East Asian' 'European' 'Hispanic/Latin American' 'NR'
 'Other Asian' 'South Asian']","['African' 'East Asian' 'European' 'Hispanic/Latin American' 'NR'
 'Native American' 'Oceanian' 'Other Asian' 'South Asian']",68,68,23,8,6,8,True,Hyperlipoproteinemia Type II,Hyperlipoproteinemia Type II,8,8,3,5,Direct quantitative readout,lipids,True,REVIEW,,
pt_51edab7ac87aa13f,APOB-D006938,APOB,A,D006938,Hyperlipoproteinemia Type II,SENSITIVITY,Direct quantitative readout,Pan-UKB,Pan-UKB::biomarkers|30690|both_sexes||irnt,Cholesterol,biomarkers|30690|both_sexes||irnt,GRCh37,total_cholesterol,"CSA,EUR",CSA,map_20c7523ee78dfeaf,Circulating lipid measure directly represents the indication construct.,Retained only for prespecified sensitivity analysis.,Hyperlipoproteinemia Type II,Launched,,True,"['African' 'East Asian' 'European' 'Hispanic/Latin American' 'NR'
 'Native American' 'Oceanian' 'Other Asian' 'South Asian']","['African' 'East Asian' 'European' 'Hispanic/Latin American' 'NR'
 'Other Asian' 'South Asian']","['African' 'East Asian' 'European' 'Hispanic/Latin American' 'NR'
 'Native American' 'Oceanian' 'Other Asian' 'South Asian']",68,68,23,8,6,8,True,Hyperlipoproteinemia Type II,Hyperlipoproteinemia Type II,8,8,3,5,Direct quantitative readout,lipids,True,REVIEW,,
pt_570cf6d2f3fee76a,APOB-D006938,APOB,A,D006938,Hyperlipoproteinemia Type II,PRIMARY,Direct quantitative readout,Pan-UKB,Pan-UKB::biomarkers|30780|both_sexes||irnt,LDL direct,biomarkers|30780|both_sexes||irnt,GRCh37,ldl_cholesterol,"CSA,EUR",CSA,map_e773da18247036fb,Circulating lipid measure directly represents the indication construct.,Locked as the single primary representation of this indication.,Hyperlipoproteinemia Type II,Launched,,True,"['African' 'East Asian' 'European' 'Hispanic/Latin American' 'NR'
 'Native American' 'Oceanian' 'Other Asian' 'South Asian']","['African' 'East Asian' 'European' 'Hispanic/Latin American' 'NR'
 'Other Asian' 'South Asian']","['African' 'East Asian' 'European' 'Hispanic/Latin American' 'NR'
 'Native American' 'Oceanian' 'Other Asian' 'South Asian']",68,68,23,8,6,8,True,Hyperlipoproteinemia Type II,Hyperlipoproteinemia Type II,8,8,3,5,Direct quantitative readout,lipids,True,REVIEW,,
pt_dcd25c8d59d6932c,APOB-D006949,APOB,B,D006949,Hyperlipidemias,SENSITIVITY,Direct quantitative readout,Pan-UKB,Pan-UKB::biomarkers|30640|both_sexes||irnt,Apolipoprotein B,biomarkers|30640|both_sexes||irnt,GRCh37,apolipoprotein_b,"CSA,EUR",CSA,map_431e4b5a762bae69,Circulating lipid measure directly represents the indication construct.,Retained only for prespecified sensitivity analysis.,Hyperlipidemias,Phase III,,True,"['African' 'East Asian' 'European' 'Hispanic/Latin American' 'NR'
 'Native American' 'Oceanian' 'Other Asian' 'South Asian']","['African' 'East Asian' 'European' 'Hispanic/Latin American' 'NR'
 'Other Asian' 'South Asian']","['African' 'East Asian' 'European' 'Hispanic/Latin American' 'NR'
 'Native American' 'Oceanian' 'Other Asian' 'South Asian']",68,68,23,8,6,8,True,Hyperlipidemias,Hyperlipidemias,22,22,4,18,Direct quantitative readout,lipids,True,REVIEW,,
pt_b0d65707fcbadba1,APOB-D006949,APOB,B,D006949,Hyperlipidemias,SENSITIVITY,Direct quantitative readout,Pan-UKB,Pan-UKB::biomarkers|30690|both_sexes||irnt,Cholesterol,biomarkers|30690|both_sexes||irnt,GRCh37,total_cholesterol,"CSA,EUR",CSA,map_c7d4a03a9508b750,Circulating lipid measure directly represents the indication construct.,Retained only for prespecified sensitivity analysis.,Hyperlipidemias,Phase III,,True,"['African' 'East Asian' 'European' 'Hispanic/Latin American' 'NR'
 'Native American' 'Oceanian' 'Other Asian' 'South Asian']","['African' 'East Asian' 'European' 'Hispanic/Latin American' 'NR'
 'Other Asian' 'South Asian']","['African' 'East Asian' 'European' 'Hispanic/Latin American' 'NR'
 'Native American' 'Oceanian' 'Other Asian' 'South Asian']",68,68,23,8,6,8,True,Hyperlipidemias,Hyperlipidemias,22,22,4,18,Direct quantitative readout,lipids,True,REVIEW,,
pt_8462bbd654adca68,APOB-D006949,APOB,B,D006949,Hyperlipidemias,PRIMARY,Direct quantitative readout,Pan-UKB,Pan-UKB::biomarkers|30780|both_sexes||irnt,LDL direct,biomarkers|30780|both_sexes||irnt,GRCh37,ldl_cholesterol,"CSA,EUR",CSA,map_8442195d65e17d61,Circulating lipid measure directly represents the indication construct.,Locked as the single primary representation of this indication.,Hyperlipidemias,Phase III,,True,"['African' 'East Asian' 'European' 'Hispanic/Latin American' 'NR'
 'Native American' 'Oceanian' 'Other Asian' 'South Asian']","['African' 'East Asian' 'European' 'Hispanic/Latin American' 'NR'
 'Other Asian' 'South Asian']","['African' 'East Asian' 'European' 'Hispanic/Latin American' 'NR'
 'Native American' 'Oceanian' 'Other Asian' 'South Asian']",68,68,23,8,6,8,True,Hyperlipidemias,Hyperlipidemias,22,22,4,18,Direct quantitative readout,lipids,True,REVIEW,,
pt_b77f49bc6b51d032,APOB-D015228,APOB,B,D015228,Hypertriglyceridemia,PRIMARY,Direct quantitative readout,Pan-UKB,Pan-UKB::biomarkers|30870|both_sexes||irnt,Triglycerides,biomarkers|30870|both_sexes||irnt,GRCh37,triglycerides,"AFR,CSA,EUR,MID","AFR,CSA,MID",map_e34c5f2ec9867915,Triglyceride concentration directly represents hypertriglyceridemia.,Locked as the single primary representation of this indication.,Hypertriglyceridemia,Phase II,,True,"['African' 'East Asian' 'European' 'Hispanic/Latin American' 'NR'
 'Native American' 'Oceanian' 'Other Asian' 'South Asian']","['African' 'East Asian' 'European' 'Hispanic/Latin American' 'NR'
 'Other Asian' 'South Asian']","['African' 'East Asian' 'European' 'Hispanic/Latin American' 'NR'
 'Native American' 'Oceanian' 'Other Asian' 'South Asian']",68,68,23,8,6,8,True,Hypertriglyceridemia,Hypertriglyceridemia,14,14,3,11,Direct quantitative readout,lipids,True,REVIEW,,
pt_33cab28246bbc702,APOC3-D006937,APOC3,B,D006937,Hypercholesterolemia,SENSITIVITY,Direct quantitative readout,Pan-UKB,Pan-UKB::biomarkers|30640|both_sexes||irnt,Apolipoprotein B,biomarkers|30640|both_sexes||irnt,GRCh37,apolipoprotein_b,"CSA,EUR",CSA,map_505723e622d14ef9,Circulating lipid measure directly represents the indication construct.,Retained only for prespecified sensitivity analysis.,Hypercholesterolemia,Phase I,,True,"['African' 'East Asian' 'European' 'Hispanic/Latin American' 'Other Asian'
 'South Asian']","['African' 'East Asian' 'European' 'Hispanic/Latin American' 'NR'
 'Other Asian' 'South Asian']","['African' 'East Asian' 'European' 'Hispanic/Latin American' 'NR'
 'Other Asian' 'South Asian']",11,11,2,6,6,6,True,Hypercholesterolemia,Hypercholesterolemia,14,14,3,11,Direct quantitative readout,lipids,True,REVIEW,,
pt_453dc3cb454f1b2a,APOC3-D006937,APOC3,B,D006937,Hypercholesterolemia,SENSITIVITY,Direct quantitative readout,Pan-UKB,Pan-UKB::biomarkers|30690|both_sexes||irnt,Cholesterol,biomarkers|30690|both_sexes||irnt,GRCh37,total_cholesterol,"CSA,EUR",CSA,map_53025b2483451588,Circulating lipid measure directly represents the indication construct.,Retained only for prespecified sensitivity analysis.,Hypercholesterolemia,Phase I,,True,"['African' 'East Asian' 'European' 'Hispanic/Latin American' 'Other Asian'
 'South Asian']","['African' 'East Asian' 'European' 'Hispanic/Latin American' 'NR'
 'Other Asian' 'South Asian']","['African' 'East Asian' 'European' 'Hispanic/Latin American' 'NR'
 'Other Asian' 'South Asian']",11,11,2,6,6,6,True,Hypercholesterolemia,Hypercholesterolemia,14,14,3,11,Direct quantitative readout,lipids,True,REVIEW,,
pt_72cd247c56e394f8,APOC3-D006937,APOC3,B,D006937,Hypercholesterolemia,PRIMARY,Direct quantitative readout,Pan-UKB,Pan-UKB::biomarkers|30780|both_sexes||irnt,LDL direct,biomarkers|30780|both_sexes||irnt,GRCh37,ldl_cholesterol,"CSA,EUR",CSA,map_50cd2496568d9c63,Circulating lipid measure directly represents the indication construct.,Locked as the single primary representation of this indication.,Hypercholesterolemia,Phase I,,True,"['African' 'East Asian' 'European' 'Hispanic/Latin American' 'Other Asian'
 'South Asian']","['African' 'East Asian' 'European' 'Hispanic/Latin American' 'NR'
 'Other Asian' 'South Asian']","['African' 'East Asian' 'European' 'Hispanic/Latin American' 'NR'
 'Other Asian' 'South Asian']",11,11,2,6,6,6,True,Hypercholesterolemia,Hypercholesterolemia,14,14,3,11,Direct quantitative readout,lipids,True,REVIEW,,
pt_1d8fb2bc52f357f7,APOC3-D006949,APOC3,B,D006949,Hyperlipidemias,SENSITIVITY,Direct quantitative readout,Pan-UKB,Pan-UKB::biomarkers|30640|both_sexes||irnt,Apolipoprotein B,biomarkers|30640|both_sexes||irnt,GRCh37,apolipoprotein_b,"CSA,EUR",CSA,map_431e4b5a762bae69,Circulating lipid measure directly represents the indication construct.,Retained only for prespecified sensitivity analysis.,Hyperlipidemias,Phase I,,True,"['African' 'East Asian' 'European' 'Hispanic/Latin American' 'Other Asian'
 'South Asian']","['African' 'East Asian' 'European' 'Hispanic/Latin American' 'NR'
 'Other Asian' 'South Asian']","['African' 'East Asian' 'European' 'Hispanic/Latin American' 'NR'
 'Other Asian' 'South Asian']",11,11,2,6,6,6,True,Hyperlipidemias,Hyperlipidemias,22,22,4,18,Direct quantitative readout,lipids,True,REVIEW,,
pt_55c2af215c98094f,APOC3-D006949,APOC3,B,D006949,Hyperlipidemias,SENSITIVITY,Direct quantitative readout,Pan-UKB,Pan-UKB::biomarkers|30690|both_sexes||irnt,Cholesterol,biomarkers|30690|both_sexes||irnt,GRCh37,total_cholesterol,"CSA,EUR",CSA,map_c7d4a03a9508b750,Circulating lipid measure directly represents the indication construct.,Retained only for prespecified sensitivity analysis.,Hyperlipidemias,Phase I,,True,"['African' 'East Asian' 'European' 'Hispanic/Latin American' 'Other Asian'
 'South Asian']","['African' 'East Asian' 'European' 'Hispanic/Latin American' 'NR'
 'Other Asian' 'South Asian']","['African' 'East Asian' 'European' 'Hispanic/Latin American' 'NR'
 'Other Asian' 'South Asian']",11,11,2,6,6,6,True,Hyperlipidemias,Hyperlipidemias,22,22,4,18,Direct quantitative readout,lipids,True,REVIEW,,
pt_6016af40598f0a1e,APOC3-D006949,APOC3,B,D006949,Hyperlipidemias,PRIMARY,Direct quantitative readout,Pan-UKB,Pan-UKB::biomarkers|30780|both_sexes||irnt,LDL direct,biomarkers|30780|both_sexes||irnt,GRCh37,ldl_cholesterol,"CSA,EUR",CSA,map_8442195d65e17d61,Circulating lipid measure directly represents the indication construct.,Locked as the single primary representation of this indication.,Hyperlipidemias,Phase I,,True,"['African' 'East Asian' 'European' 'Hispanic/Latin American' 'Other Asian'
 'South Asian']","['African' 'East Asian' 'European' 'Hispanic/Latin American' 'NR'
 'Other Asian' 'South Asian']","['African' 'East Asian' 'European' 'Hispanic/Latin American' 'NR'
 'Other Asian' 'South Asian']",11,11,2,6,6,6,True,Hyperlipidemias,Hyperlipidemias,22,22,4,18,Direct quantitative readout,lipids,True,REVIEW,,
pt_38638a11737c63ae,APOC3-D015228,APOC3,A,D015228,Hypertriglyceridemia,PRIMARY,Direct quantitative readout,Pan-UKB,Pan-UKB::biomarkers|30870|both_sexes||irnt,Triglycerides,biomarkers|30870|both_sexes||irnt,GRCh37,triglycerides,"AFR,CSA,EUR,MID","AFR,CSA,MID",map_e34c5f2ec9867915,Triglyceride concentration directly represents hypertriglyceridemia.,Locked as the single primary representation of this indication.,Hypertriglyceridemia,Launched,,True,"['African' 'East Asian' 'European' 'Hispanic/Latin American' 'Other Asian'
 'South Asian']","['African' 'East Asian' 'European' 'Hispanic/Latin American' 'NR'
 'Other Asian' 'South Asian']","['African' 'East Asian' 'European' 'Hispanic/Latin American' 'NR'
 'Other Asian' 'South Asian']",11,11,2,6,6,6,True,Hypertriglyceridemia,Hypertriglyceridemia,14,14,3,11,Direct quantitative readout,lipids,True,REVIEW,,
pt_2c947f03530a4170,APOC3-D050171,APOC3,B,D050171,Dyslipidemias,SENSITIVITY,Direct quantitative readout,Pan-UKB,Pan-UKB::biomarkers|30640|both_sexes||irnt,Apolipoprotein B,biomarkers|30640|both_sexes||irnt,GRCh37,apolipoprotein_b,"CSA,EUR",CSA,map_6d9fe13af554c236,Circulating lipid measure directly represents the indication construct.,Retained only for prespecified sensitivity analysis.,Dyslipidemias,Phase II,,True,"['African' 'East Asian' 'European' 'Hispanic/Latin American' 'Other Asian'
 'South Asian']","['African' 'East Asian' 'European' 'Hispanic/Latin American' 'NR'
 'Other Asian' 'South Asian']","['African' 'East Asian' 'European' 'Hispanic/Latin American' 'NR'
 'Other Asian' 'South Asian']",16,16,5,6,6,6,True,Dyslipidemias,Dyslipidemias,5,5,3,2,Direct quantitative readout,lipids,True,REVIEW,,
pt_d9c1c5698cf035f6,APOC3-D050171,APOC3,B,D050171,Dyslipidemias,SENSITIVITY,Direct quantitative readout,Pan-UKB,Pan-UKB::biomarkers|30690|both_sexes||irnt,Cholesterol,biomarkers|30690|both_sexes||irnt,GRCh37,total_cholesterol,"CSA,EUR",CSA,map_a36004652f6c76ab,Circulating lipid measure directly represents the indication construct.,Retained only for prespecified sensitivity analysis.,Dyslipidemias,Phase II,,True,"['African' 'East Asian' 'European' 'Hispanic/Latin American' 'Other Asian'
 'South Asian']","['African' 'East Asian' 'European' 'Hispanic/Latin American' 'NR'
 'Other Asian' 'South Asian']","['African' 'East Asian' 'European' 'Hispanic/Latin American' 'NR'
 'Other Asian' 'South Asian']",16,16,5,6,6,6,True,Dyslipidemias,Dyslipidemias,5,5,3,2,Direct quantitative readout,lipids,True,REVIEW,,
pt_1a87c3a0686ec059,APOC3-D050171,APOC3,B,D050171,Dyslipidemias,PRIMARY,Direct quantitative readout,Pan-UKB,Pan-UKB::biomarkers|30780|both_sexes||irnt,LDL direct,biomarkers|30780|both_sexes||irnt,GRCh37,ldl_cholesterol,"CSA,EUR",CSA,map_32cf8d557f57383c,Circulating lipid measure directly represents the indication construct.,Locked as the single primary representation of this indication.,Dyslipidemias,Phase II,,True,"['African' 'East Asian' 'European' 'Hispanic/Latin American' 'Other Asian'
 'South Asian']","['African' 'East Asian' 'European' 'Hispanic/Latin American' 'NR'
 'Other Asian' 'South Asian']","['African' 'East Asian' 'European' 'Hispanic/Latin American' 'NR'
 'Other Asian' 'South Asian']",16,16,5,6,6,6,True,Dyslipidemias,Dyslipidemias,5,5,3,2,Direct quantitative readout,lipids,True,REVIEW,,
pt_70ebbba705fa27a2,APOE-D006938,APOE,B,D006938,Hyperlipoproteinemia Type II,SENSITIVITY,Direct quantitative readout,Pan-UKB,Pan-UKB::biomarkers|30640|both_sexes||irnt,Apolipoprotein B,biomarkers|30640|both_sexes||irnt,GRCh37,apolipoprotein_b,"CSA,EUR",CSA,map_cfd704321ca3eaef,Circulating lipid measure directly represents the indication construct.,Retained only for prespecified sensitivity analysis.,Hyperlipoproteinemia Type II,Phase II,,True,"['African' 'East Asian' 'European' 'Hispanic/Latin American' 'NR'
 'Native American' 'Oceanian' 'Other Asian' 'South Asian']","['African' 'East Asian' 'European' 'Hispanic/Latin American' 'NR'
 'Oceanian' 'Other Asian' 'South Asian']","['African' 'East Asian' 'European' 'Hispanic/Latin American' 'NR'
 'Native American' 'Oceanian' 'Other Asian' 'South Asian']",62,62,19,8,7,8,True,Hyperlipoproteinemia Type II,Hyperlipoproteinemia Type II,8,8,3,5,Direct quantitative readout,lipids,True,REVIEW,,
pt_2584035015f00cf1,APOE-D006938,APOE,B,D006938,Hyperlipoproteinemia Type II,SENSITIVITY,Direct quantitative readout,Pan-UKB,Pan-UKB::biomarkers|30690|both_sexes||irnt,Cholesterol,biomarkers|30690|both_sexes||irnt,GRCh37,total_cholesterol,"CSA,EUR",CSA,map_20c7523ee78dfeaf,Circulating lipid measure directly represents the indication construct.,Retained only for prespecified sensitivity analysis.,Hyperlipoproteinemia Type II,Phase II,,True,"['African' 'East Asian' 'European' 'Hispanic/Latin American' 'NR'
 'Native American' 'Oceanian' 'Other Asian' 'South Asian']","['African' 'East Asian' 'European' 'Hispanic/Latin American' 'NR'
 'Oceanian' 'Other Asian' 'South Asian']","['African' 'East Asian' 'European' 'Hispanic/Latin American' 'NR'
 'Native American' 'Oceanian' 'Other Asian' 'South Asian']",62,62,19,8,7,8,True,Hyperlipoproteinemia Type II,Hyperlipoproteinemia Type II,8,8,3,5,Direct quantitative readout,lipids,True,REVIEW,,
pt_e0193fd258f17731,APOE-D006938,APOE,B,D006938,Hyperlipoproteinemia Type II,PRIMARY,Direct quantitative readout,Pan-UKB,Pan-UKB::biomarkers|30780|both_sexes||irnt,LDL direct,biomarkers|30780|both_sexes||irnt,GRCh37,ldl_cholesterol,"CSA,EUR",CSA,map_e773da18247036fb,Circulating lipid measure directly represents the indication construct.,Locked as the single primary representation of this indication.,Hyperlipoproteinemia Type II,Phase II,,True,"['African' 'East Asian' 'European' 'Hispanic/Latin American' 'NR'
 'Native American' 'Oceanian' 'Other Asian' 'South Asian']","['African' 'East Asian' 'European' 'Hispanic/Latin American' 'NR'
 'Oceanian' 'Other Asian' 'South Asian']","['African' 'East Asian' 'European' 'Hispanic/Latin American' 'NR'
 'Native American' 'Oceanian' 'Other Asian' 'South Asian']",62,62,19,8,7,8,True,Hyperlipoproteinemia Type II,Hyperlipoproteinemia Type II,8,8,3,5,Direct quantitative readout,lipids,True,REVIEW,,
pt_e6f2e3cc4df9520b,APOL1-D005923,APOL1,B,D005923,"Glomerulosclerosis, Focal Segmental",SENSITIVITY,Proxy biomarker,Pan-UKB,Pan-UKB::biomarkers|30700|both_sexes||irnt,Creatinine,biomarkers|30700|both_sexes||irnt,GRCh37,serum_creatinine,"CSA,EUR,MID","CSA,MID",map_1528a1dc096b9a36,eGFR and renal filtration biomarkers measure kidney function but are not the disease endpoint.,Retained only for prespecified sensitivity analysis.,"Glomerulosclerosis, Focal Segmental",Phase III,,True,['African' 'European'],['European'],['African' 'European'],1,1,1,2,1,2,True,"Glomerulosclerosis, Focal Segmental","Glomerulosclerosis, Focal Segmental",3,3,0,3,Proxy biomarker,renal,True,REVIEW,,
pt_e64ade73c8e045d3,APOL1-D005923,APOL1,B,D005923,"Glomerulosclerosis, Focal Segmental",SENSITIVITY,Proxy biomarker,Pan-UKB,Pan-UKB::biomarkers|30720|both_sexes||irnt,Cystatin C,biomarkers|30720|both_sexes||irnt,GRCh37,cystatin_c,"CSA,EUR,MID","CSA,MID",map_039454a9bb2903dd,eGFR and renal filtration biomarkers measure kidney function but are not the disease endpoint.,Retained only for prespecified sensitivity analysis.,"Glomerulosclerosis, Focal Segmental",Phase III,,True,['African' 'European'],['European'],['African' 'European'],1,1,1,2,1,2,True,"Glomerulosclerosis, Focal Segmental","Glomerulosclerosis, Focal Segmental",3,3,0,3,Proxy biomarker,renal,True,REVIEW,,
pt_704d1fefdb56e988,APOL1-D005923,APOL1,B,D005923,"Glomerulosclerosis, Focal Segmental",SENSITIVITY,Proxy biomarker,Pan-UKB,Pan-UKB::continuous|eGFRcreacys|both_sexes||irnt,"Estimated glomerular filtration rate, cystain C",continuous|eGFRcreacys|both_sexes||irnt,GRCh37,egfr_cystatin_c,"CSA,EUR",CSA,map_a4cf271bf01d2d4b,eGFR and renal filtration biomarkers measure kidney function but are not the disease endpoint.,Retained only for prespecified sensitivity analysis.,"Glomerulosclerosis, Focal Segmental",Phase III,,True,['African' 'European'],['European'],['African' 'European'],1,1,1,2,1,2,True,"Glomerulosclerosis, Focal Segmental","Glomerulosclerosis, Focal Segmental",3,3,0,3,Proxy biomarker,renal,True,REVIEW,,
pt_516e609cf6b22e78,APOL1-D005923,APOL1,B,D005923,"Glomerulosclerosis, Focal Segmental",PRIMARY,Proxy biomarker,Pan-UKB,Pan-UKB::continuous|eGFR|both_sexes||irnt,"Estimated glomerular filtration rate, serum creatinine",continuous|eGFR|both_sexes||irnt,GRCh37,egfr_creatinine,"CSA,EUR,MID","CSA,MID",map_38adf62f96fee1d4,eGFR and renal filtration biomarkers measure kidney function but are not the disease endpoint.,Locked as the single primary representation of this indication.,"Glomerulosclerosis, Focal Segmental",Phase III,,True,['African' 'European'],['European'],['African' 'European'],1,1,1,2,1,2,True,"Glomerulosclerosis, Focal Segmental","Glomerulosclerosis, Focal Segmental",3,3,0,3,Proxy biomarker,renal,True,REVIEW,,
pt_515c8edfee2bdbb1,APOL1-D005923,APOL1,B,D005923,"Glomerulosclerosis, Focal Segmental",SENSITIVITY,Proxy biomarker,Pan-UKB,Pan-UKB::continuous|eGFRcys|both_sexes||irnt,"Estimated glomerular filtration rate, serum creatinine + cystain C",continuous|eGFRcys|both_sexes||irnt,GRCh37,egfr_creatinine_cystatin_c,"CSA,EUR",CSA,map_b636365ec4af96d0,eGFR and renal filtration biomarkers measure kidney function but are not the disease endpoint.,Retained only for prespecified sensitivity analysis.,"Glomerulosclerosis, Focal Segmental",Phase III,,True,['African' 'European'],['European'],['African' 'European'],1,1,1,2,1,2,True,"Glomerulosclerosis, Focal Segmental","Glomerulosclerosis, Focal Segmental",3,3,0,3,Proxy biomarker,renal,True,REVIEW,,
pt_b7a5230654785e48,APOL1-D051437,APOL1,B,D051437,Renal Insufficiency,SENSITIVITY,Proxy biomarker,Pan-UKB,Pan-UKB::biomarkers|30700|both_sexes||irnt,Creatinine,biomarkers|30700|both_sexes||irnt,GRCh37,serum_creatinine,"CSA,EUR,MID","CSA,MID",map_41141be048611074,eGFR and renal filtration biomarkers measure kidney function but are not the disease endpoint.,Retained only for prespecified sensitivity analysis.,Renal Insufficiency,Phase I,,True,"['African' 'East Asian' 'Hispanic/Latin American' 'Native American'
 'Oceanian' 'Other']",[],"['African' 'East Asian' 'Hispanic/Latin American' 'Native American'
 'Oceanian' 'Other']",1,1,0,6,0,6,False,Renal Insufficiency,Renal Insufficiency,5,5,0,5,Proxy biomarker,renal,True,REVIEW,,
pt_18e53e1265f1ae97,APOL1-D051437,APOL1,B,D051437,Renal Insufficiency,SENSITIVITY,Proxy biomarker,Pan-UKB,Pan-UKB::biomarkers|30720|both_sexes||irnt,Cystatin C,biomarkers|30720|both_sexes||irnt,GRCh37,cystatin_c,"CSA,EUR,MID","CSA,MID",map_f1dd1f3e7799acd4,eGFR and renal filtration biomarkers measure kidney function but are not the disease endpoint.,Retained only for prespecified sensitivity analysis.,Renal Insufficiency,Phase I,,True,"['African' 'East Asian' 'Hispanic/Latin American' 'Native American'
 'Oceanian' 'Other']",[],"['African' 'East Asian' 'Hispanic/Latin American' 'Native American'
 'Oceanian' 'Other']",1,1,0,6,0,6,False,Renal Insufficiency,Renal Insufficiency,5,5,0,5,Proxy biomarker,renal,True,REVIEW,,
pt_bd566418146e2e48,APOL1-D051437,APOL1,B,D051437,Renal Insufficiency,SENSITIVITY,Proxy biomarker,Pan-UKB,Pan-UKB::continuous|eGFRcreacys|both_sexes||irnt,"Estimated glomerular filtration rate, cystain C",continuous|eGFRcreacys|both_sexes||irnt,GRCh37,egfr_cystatin_c,"CSA,EUR",CSA,map_60a0dd903780e9d1,eGFR and renal filtration biomarkers measure kidney function but are not the disease endpoint.,Retained only for prespecified sensitivity analysis.,Renal Insufficiency,Phase I,,True,"['African' 'East Asian' 'Hispanic/Latin American' 'Native American'
 'Oceanian' 'Other']",[],"['African' 'East Asian' 'Hispanic/Latin American' 'Native American'
 'Oceanian' 'Other']",1,1,0,6,0,6,False,Renal Insufficiency,Renal Insufficiency,5,5,0,5,Proxy biomarker,renal,True,REVIEW,,
pt_735e20171bb6e44e,APOL1-D051437,APOL1,B,D051437,Renal Insufficiency,PRIMARY,Proxy biomarker,Pan-UKB,Pan-UKB::continuous|eGFR|both_sexes||irnt,"Estimated glomerular filtration rate, serum creatinine",continuous|eGFR|both_sexes||irnt,GRCh37,egfr_creatinine,"CSA,EUR,MID","CSA,MID",map_75832887e4c759b7,eGFR and renal filtration biomarkers measure kidney function but are not the disease endpoint.,Locked as the single primary representation of this indication.,Renal Insufficiency,Phase I,,True,"['African' 'East Asian' 'Hispanic/Latin American' 'Native American'
 'Oceanian' 'Other']",[],"['African' 'East Asian' 'Hispanic/Latin American' 'Native American'
 'Oceanian' 'Other']",1,1,0,6,0,6,False,Renal Insufficiency,Renal Insufficiency,5,5,0,5,Proxy biomarker,renal,True,REVIEW,,
pt_2b0b85c3272d0928,APOL1-D051437,APOL1,B,D051437,Renal Insufficiency,SENSITIVITY,Proxy biomarker,Pan-UKB,Pan-UKB::continuous|eGFRcys|both_sexes||irnt,"Estimated glomerular filtration rate, serum creatinine + cystain C",continuous|eGFRcys|both_sexes||irnt,GRCh37,egfr_creatinine_cystatin_c,"CSA,EUR",CSA,map_595de43d458884cd,eGFR and renal filtration biomarkers measure kidney function but are not the disease endpoint.,Retained only for prespecified sensitivity analysis.,Renal Insufficiency,Phase I,,True,"['African' 'East Asian' 'Hispanic/Latin American' 'Native American'
 'Oceanian' 'Other']",[],"['African' 'East Asian' 'Hispanic/Latin American' 'Native American'
 'Oceanian' 'Other']",1,1,0,6,0,6,False,Renal Insufficiency,Renal Insufficiency,5,5,0,5,Proxy biomarker,renal,True,REVIEW,,
pt_4b0860956ee9e9c1,AXL-D005922,AXL,B,D005922,"Glomerulonephritis, IGA",SENSITIVITY,Proxy biomarker,Pan-UKB,Pan-UKB::biomarkers|30700|both_sexes||irnt,Creatinine,biomarkers|30700|both_sexes||irnt,GRCh37,serum_creatinine,"CSA,EUR,MID","CSA,MID",map_4bff57d6c1e71213,eGFR and renal filtration biomarkers measure kidney function but are not the disease endpoint.,Retained only for prespecified sensitivity analysis.,"Glomerulonephritis, IGA",Phase II,,True,['East Asian' 'European'],[],['East Asian' 'European'],1,1,0,2,0,2,False,"Glomerulonephritis, IGA","Glomerulonephritis, IGA",2,2,0,2,Proxy biomarker,renal,True,REVIEW,,
pt_53a57685ea1d9eb2,AXL-D005922,AXL,B,D005922,"Glomerulonephritis, IGA",SENSITIVITY,Proxy biomarker,Pan-UKB,Pan-UKB::biomarkers|30720|both_sexes||irnt,Cystatin C,biomarkers|30720|both_sexes||irnt,GRCh37,cystatin_c,"CSA,EUR,MID","CSA,MID",map_a8c38ba818e38365,eGFR and renal filtration biomarkers measure kidney function but are not the disease endpoint.,Retained only for prespecified sensitivity analysis.,"Glomerulonephritis, IGA",Phase II,,True,['East Asian' 'European'],[],['East Asian' 'European'],1,1,0,2,0,2,False,"Glomerulonephritis, IGA","Glomerulonephritis, IGA",2,2,0,2,Proxy biomarker,renal,True,REVIEW,,
pt_5b7738f30e5614f0,AXL-D005922,AXL,B,D005922,"Glomerulonephritis, IGA",SENSITIVITY,Proxy biomarker,Pan-UKB,Pan-UKB::continuous|eGFRcreacys|both_sexes||irnt,"Estimated glomerular filtration rate, cystain C",continuous|eGFRcreacys|both_sexes||irnt,GRCh37,egfr_cystatin_c,"CSA,EUR",CSA,map_988bfdeb00c80053,eGFR and renal filtration biomarkers measure kidney function but are not the disease endpoint.,Retained only for prespecified sensitivity analysis.,"Glomerulonephritis, IGA",Phase II,,True,['East Asian' 'European'],[],['East Asian' 'European'],1,1,0,2,0,2,False,"Glomerulonephritis, IGA","Glomerulonephritis, IGA",2,2,0,2,Proxy biomarker,renal,True,REVIEW,,
pt_309820cacc752e8b,AXL-D005922,AXL,B,D005922,"Glomerulonephritis, IGA",PRIMARY,Proxy biomarker,Pan-UKB,Pan-UKB::continuous|eGFR|both_sexes||irnt,"Estimated glomerular filtration rate, serum creatinine",continuous|eGFR|both_sexes||irnt,GRCh37,egfr_creatinine,"CSA,EUR,MID","CSA,MID",map_8b0167f355767b4c,eGFR and renal filtration biomarkers measure kidney function but are not the disease endpoint.,Locked as the single primary representation of this indication.,"Glomerulonephritis, IGA",Phase II,,True,['East Asian' 'European'],[],['East Asian' 'European'],1,1,0,2,0,2,False,"Glomerulonephritis, IGA","Glomerulonephritis, IGA",2,2,0,2,Proxy biomarker,renal,True,REVIEW,,
pt_5c096952ffda1875,AXL-D005922,AXL,B,D005922,"Glomerulonephritis, IGA",SENSITIVITY,Proxy biomarker,Pan-UKB,Pan-UKB::continuous|eGFRcys|both_sexes||irnt,"Estimated glomerular filtration rate, serum creatinine + cystain C",continuous|eGFRcys|both_sexes||irnt,GRCh37,egfr_creatinine_cystatin_c,"CSA,EUR",CSA,map_b769d2557192a963,eGFR and renal filtration biomarkers measure kidney function but are not the disease endpoint.,Retained only for prespecified sensitivity analysis.,"Glomerulonephritis, IGA",Phase II,,True,['East Asian' 'European'],[],['East Asian' 'European'],1,1,0,2,0,2,False,"Glomerulonephritis, IGA","Glomerulonephritis, IGA",2,2,0,2,Proxy biomarker,renal,True,REVIEW,,
pt_5f6f2b82a6395b6c,BCL11A-D000755,BCL11A,B,D000755,"Anemia, Sickle Cell",SENSITIVITY,Proxy biomarker,Pan-UKB,Pan-UKB::continuous|30030|both_sexes||irnt,Haematocrit percentage,continuous|30030|both_sexes||irnt,GRCh37,haematocrit,"CSA,EUR",CSA,map_e62e8686e808e1de,Standard red-cell measures characterize anemia and major subtypes.,Retained only for prespecified sensitivity analysis.,"Anemia, Sickle Cell",Phase I,,True,['South Asian'],['South Asian'],['South Asian'],1,1,1,1,1,1,True,"Anemia, Sickle Cell","Anemia, Sickle Cell",2,2,0,2,Direct quantitative readout,hematology,True,REVIEW,,
pt_7d2bf45653e23bca,BCL11A-D000755,BCL11A,B,D000755,"Anemia, Sickle Cell",SENSITIVITY,Proxy biomarker,Pan-UKB,Pan-UKB::continuous|30020|both_sexes||irnt,Haemoglobin concentration,continuous|30020|both_sexes||irnt,GRCh37,haemoglobin,"CSA,EUR",CSA,map_a5dde82e629cdd69,Standard red-cell measures characterize anemia and major subtypes.,Retained only for prespecified sensitivity analysis.,"Anemia, Sickle Cell",Phase I,,True,['South Asian'],['South Asian'],['South Asian'],1,1,1,1,1,1,True,"Anemia, Sickle Cell","Anemia, Sickle Cell",2,2,0,2,Direct quantitative readout,hematology,True,REVIEW,,
pt_0332f33a9f7c71c6,BCL11A-D000755,BCL11A,B,D000755,"Anemia, Sickle Cell",SENSITIVITY,Proxy biomarker,Pan-UKB,Pan-UKB::continuous|30040|both_sexes||irnt,Mean corpuscular volume,continuous|30040|both_sexes||irnt,GRCh37,mean_corpuscular_volume,"CSA,EUR",CSA,map_f6136af0565dc93f,Standard red-cell measures characterize anemia and major subtypes.,Retained only for prespecified sensitivity analysis.,"Anemia, Sickle Cell",Phase I,,True,['South Asian'],['South Asian'],['South Asian'],1,1,1,1,1,1,True,"Anemia, Sickle Cell","Anemia, Sickle Cell",2,2,0,2,Direct quantitative readout,hematology,True,REVIEW,,
pt_4e67b8a78d34558d,BCL2-D000740,BCL2,B,D000740,Anemia,SENSITIVITY,Direct quantitative readout,Pan-UKB,Pan-UKB::continuous|30030|both_sexes||irnt,Haematocrit percentage,continuous|30030|both_sexes||irnt,GRCh37,haematocrit,"CSA,EUR",CSA,map_97b816746f065ca0,Standard red-cell measures characterize anemia and major subtypes.,Retained only for prespecified sensitivity analysis.,Anemia,Phase II,,True,['European'],[],['European'],11,11,0,1,0,1,False,Anemia,Anemia,11,11,4,7,Direct quantitative readout,hematology,True,REVIEW,,
pt_4aec57e2f24ef359,BCL2-D000740,BCL2,B,D000740,Anemia,PRIMARY,Direct quantitative readout,Pan-UKB,Pan-UKB::continuous|30020|both_sexes||irnt,Haemoglobin concentration,continuous|30020|both_sexes||irnt,GRCh37,haemoglobin,"CSA,EUR",CSA,map_e6f7fc7e1a195345,Standard red-cell measures characterize anemia and major subtypes.,Locked as the single primary representation of this indication.,Anemia,Phase II,,True,['European'],[],['European'],11,11,0,1,0,1,False,Anemia,Anemia,11,11,4,7,Direct quantitative readout,hematology,True,REVIEW,,
pt_23255f2f554234a3,BCL2-D000740,BCL2,B,D000740,Anemia,SENSITIVITY,Direct quantitative readout,Pan-UKB,Pan-UKB::continuous|30040|both_sexes||irnt,Mean corpuscular volume,continuous|30040|both_sexes||irnt,GRCh37,mean_corpuscular_volume,"CSA,EUR",CSA,map_69f44c24155f039a,Standard red-cell measures characterize anemia and major subtypes.,Retained only for prespecified sensitivity analysis.,Anemia,Phase II,,True,['European'],[],['European'],11,11,0,1,0,1,False,Anemia,Anemia,11,11,4,7,Direct quantitative readout,hematology,True,REVIEW,,
pt_aeecc16e420d9eec,CACNA1C-D006973,CACNA1C,A,D006973,Hypertension,SENSITIVITY,Direct quantitative readout,Pan-UKB,Pan-UKB::continuous|4079|both_sexes||irnt,"Diastolic blood pressure, automated reading",continuous|4079|both_sexes||irnt,GRCh37,diastolic_blood_pressure,"CSA,EUR",CSA,map_a10198eb08d8bca6,Blood pressure is the defining quantitative phenotype.,Retained only for prespecified sensitivity analysis.,Hypertension,Launched,,True,['European'],[],['European'],1,1,0,1,0,1,False,Hypertension,Hypertension,19,19,8,11,Direct quantitative readout,blood_pressure,True,REVIEW,,
pt_4422c6315698ad65,CACNA1C-D006973,CACNA1C,A,D006973,Hypertension,PRIMARY,Direct quantitative readout,Pan-UKB,Pan-UKB::continuous|4080|both_sexes||irnt,"Systolic blood pressure, automated reading",continuous|4080|both_sexes||irnt,GRCh37,systolic_blood_pressure,"CSA,EAS,EUR","CSA,EAS",map_51438025f9ca1f25,Blood pressure is the defining quantitative phenotype.,Locked as the single primary representation of this indication.,Hypertension,Launched,,True,['European'],[],['European'],1,1,0,1,0,1,False,Hypertension,Hypertension,19,19,8,11,Direct quantitative readout,blood_pressure,True,REVIEW,,
pt_606523ddde2f4f0f,CALCA-D009765,CALCA,B,D009765,Obesity,PRIMARY,Direct quantitative readout,Pan-UKB,Pan-UKB::continuous|21001|both_sexes||irnt,Body mass index (BMI),continuous|21001|both_sexes||irnt,GRCh37,body_mass_index,"AFR,CSA,EUR,MID","AFR,CSA,MID",map_0b18d3fa6d5f91c0,BMI and waist circumference directly measure adiposity.,Locked as the single primary representation of this indication.,Obesity,Phase I,,True,['European'],[],['European'],2,2,0,1,0,1,False,Obesity,Obesity,31,31,4,27,Direct quantitative readout,anthropometry,True,REVIEW,,
pt_3e365343e9c40986,CALCA-D009765,CALCA,B,D009765,Obesity,SENSITIVITY,Direct quantitative readout,Pan-UKB,Pan-UKB::continuous|48|both_sexes||irnt,Waist circumference,continuous|48|both_sexes||irnt,GRCh37,waist_circumference,"AFR,CSA,EUR,MID","AFR,CSA,MID",map_89b2b7c6b871d268,BMI and waist circumference directly measure adiposity.,Retained only for prespecified sensitivity analysis.,Obesity,Phase I,,True,['European'],[],['European'],2,2,0,1,0,1,False,Obesity,Obesity,31,31,4,27,Direct quantitative readout,anthropometry,True,REVIEW,,
pt_f4e30c148f386c0d,CALCR-D003920,CALCR,B,D003920,Diabetes Mellitus,PRIMARY,Direct quantitative readout,Pan-UKB,Pan-UKB::biomarkers|30750|both_sexes||irnt,Glycated haemoglobin (HbA1c),biomarkers|30750|both_sexes||irnt,GRCh37,hba1c,"CSA,EUR,MID","CSA,MID",map_0c8c975606285aeb,HbA1c is a standard quantitative measure of chronic glycemia.,Locked as the single primary representation of this indication.,Diabetes Mellitus,Phase II,,True,['European'],[],['European'],1,1,0,1,0,1,False,Diabetes Mellitus,Diabetes Mellitus,13,13,2,11,Direct quantitative readout,glycemia,True,REVIEW,,
pt_e7f0ba5d0c920166,CALCR-D003924,CALCR,B,D003924,"Diabetes Mellitus, Type 2",PRIMARY,Direct quantitative readout,Pan-UKB,Pan-UKB::biomarkers|30750|both_sexes||irnt,Glycated haemoglobin (HbA1c),biomarkers|30750|both_sexes||irnt,GRCh37,hba1c,"CSA,EUR,MID","CSA,MID",map_ae8d9a8f89a7795e,HbA1c is a standard quantitative measure of chronic glycemia.,Locked as the single primary representation of this indication.,"Diabetes Mellitus, Type 2",Phase II,,True,['African' 'East Asian' 'European' 'Hispanic/Latin American' 'South Asian'],[],['African' 'East Asian' 'European' 'Hispanic/Latin American' 'South Asian'],2,2,0,5,0,5,False,"Diabetes Mellitus, Type 2","Diabetes Mellitus, Type 2",18,18,9,9,Direct quantitative readout,glycemia,True,REVIEW,,
pt_3699cd58a554f53e,CALCR-D009765,CALCR,B,D009765,Obesity,PRIMARY,Direct quantitative readout,Pan-UKB,Pan-UKB::continuous|21001|both_sexes||irnt,Body mass index (BMI),continuous|21001|both_sexes||irnt,GRCh37,body_mass_index,"AFR,CSA,EUR,MID","AFR,CSA,MID",map_0b18d3fa6d5f91c0,BMI and waist circumference directly measure adiposity.,Locked as the single primary representation of this indication.,Obesity,Phase II,,True,['African' 'East Asian' 'European' 'Hispanic/Latin American' 'South Asian'],['African' 'East Asian' 'European' 'NR' 'Other Asian' 'South Asian'],"['African' 'East Asian' 'European' 'Hispanic/Latin American' 'NR'
 'Other Asian' 'South Asian']",16,16,5,5,5,6,True,Obesity,Obesity,31,31,4,27,Direct quantitative readout,anthropometry,True,REVIEW,,
pt_c51a9127b6eb4dd0,CALCR-D009765,CALCR,B,D009765,Obesity,SENSITIVITY,Direct quantitative readout,Pan-UKB,Pan-UKB::continuous|48|both_sexes||irnt,Waist circumference,continuous|48|both_sexes||irnt,GRCh37,waist_circumference,"AFR,CSA,EUR,MID","AFR,CSA,MID",map_89b2b7c6b871d268,BMI and waist circumference directly measure adiposity.,Retained only for prespecified sensitivity analysis.,Obesity,Phase II,,True,['African' 'East Asian' 'European' 'Hispanic/Latin American' 'South Asian'],['African' 'East Asian' 'European' 'NR' 'Other Asian' 'South Asian'],"['African' 'East Asian' 'European' 'Hispanic/Latin American' 'NR'
 'Other Asian' 'South Asian']",16,16,5,5,5,6,True,Obesity,Obesity,31,31,4,27,Direct quantitative readout,anthropometry,True,REVIEW,,
pt_1121ba1a2cbbeade,CASR-D006996,CASR,B,D006996,Hypocalcemia,PRIMARY,Direct quantitative readout,Pan-UKB,Pan-UKB::biomarkers|30680|both_sexes||irnt,Calcium,biomarkers|30680|both_sexes||irnt,GRCh37,calcium,"CSA,EUR",CSA,map_1486c473da98bf83,Serum calcium directly represents the indication.,Locked as the single primary representation of this indication.,Hypocalcemia,Phase II,,True,['African' 'East Asian' 'European' 'South Asian'],['European'],['African' 'East Asian' 'European' 'South Asian'],9,9,2,4,1,4,True,Hypocalcemia,Hypocalcemia,1,1,0,1,Direct quantitative readout,mineral,True,REVIEW,,
pt_8d4a7bf3d95a42db,CASR-D006934,CASR,A,D006934,Hypercalcemia,PRIMARY,Direct quantitative readout,Pan-UKB,Pan-UKB::biomarkers|30680|both_sexes||irnt,Calcium,biomarkers|30680|both_sexes||irnt,GRCh37,calcium,"CSA,EUR",CSA,map_db7b3c370acd17a2,Serum calcium directly represents the indication.,Locked as the single primary representation of this indication.,Hypercalcemia,Launched,2019.0,True,['African' 'East Asian' 'European' 'South Asian'],['European'],['African' 'East Asian' 'European' 'South Asian'],9,9,2,4,1,4,True,Hypercalcemia,Hypercalcemia,1,1,1,0,Direct quantitative readout,mineral,True,REVIEW,,
pt_53582155bc843363,CCR4-D003876,CCR4,B,D003876,"Dermatitis, Atopic",SENSITIVITY,Proxy biomarker,Pan-UKB,Pan-UKB::continuous|30150|both_sexes||irnt,Eosinophill count,continuous|30150|both_sexes||irnt,GRCh37,eosinophil_count,"CSA,EUR",CSA,map_5870426bd34a44e7,Eosinophil count is an allergic-inflammatory biomarker rather than the disease endpoint.,Retained only for prespecified sensitivity analysis.,"Dermatitis, Atopic",Phase II,,True,['East Asian' 'European'],['East Asian'],['East Asian' 'European'],4,4,1,2,1,2,True,"Dermatitis, Atopic","Dermatitis, Atopic",12,12,2,10,Proxy biomarker,hematology_allergy,True,REVIEW,,
pt_20db6dd11485e13e,CCR4-D065631,CCR4,B,D065631,"Rhinitis, Allergic",SENSITIVITY,Proxy biomarker,Pan-UKB,Pan-UKB::continuous|30150|both_sexes||irnt,Eosinophill count,continuous|30150|both_sexes||irnt,GRCh37,eosinophil_count,"CSA,EUR",CSA,map_fef4e0642fc76154,Eosinophil count is an allergic-inflammatory biomarker rather than the disease endpoint.,Retained only for prespecified sensitivity analysis.,"Rhinitis, Allergic",Phase I,,True,['African' 'East Asian' 'European' 'Hispanic/Latin American' 'NR'],['European' 'NR'],['African' 'East Asian' 'European' 'Hispanic/Latin American' 'NR'],22,22,5,4,1,4,True,"Rhinitis, Allergic","Rhinitis, Allergic",9,9,1,8,Proxy biomarker,hematology_allergy,True,REVIEW,,
pt_f618e75fb66f9857,CD200R1-D003876,CD200R1,B,D003876,"Dermatitis, Atopic",SENSITIVITY,Proxy biomarker,Pan-UKB,Pan-UKB::continuous|30150|both_sexes||irnt,Eosinophill count,continuous|30150|both_sexes||irnt,GRCh37,eosinophil_count,"CSA,EUR",CSA,map_5870426bd34a44e7,Eosinophil count is an allergic-inflammatory biomarker rather than the disease endpoint.,Retained only for prespecified sensitivity analysis.,"Dermatitis, Atopic",Phase I,,True,['European'],[],['European'],2,2,0,1,0,1,False,"Dermatitis, Atopic","Dermatitis, Atopic",12,12,2,10,Proxy biomarker,hematology_allergy,True,REVIEW,,
pt_52c8733745aae8e4,CETP-D006937,CETP,B,D006937,Hypercholesterolemia,SENSITIVITY,Direct quantitative readout,Pan-UKB,Pan-UKB::biomarkers|30640|both_sexes||irnt,Apolipoprotein B,biomarkers|30640|both_sexes||irnt,GRCh37,apolipoprotein_b,"CSA,EUR",CSA,map_505723e622d14ef9,Circulating lipid measure directly represents the indication construct.,Retained only for prespecified sensitivity analysis.,Hypercholesterolemia,Phase III,,True,"['African' 'East Asian' 'European' 'Hispanic/Latin American' 'NR'
 'Native American' 'Oceanian' 'Other Asian' 'South Asian']",['East Asian' 'European' 'Hispanic/Latin American' 'NR' 'Other Asian'],"['African' 'East Asian' 'European' 'Hispanic/Latin American' 'NR'
 'Native American' 'Oceanian' 'Other Asian' 'South Asian']",44,44,16,8,4,8,True,Hypercholesterolemia,Hypercholesterolemia,14,14,3,11,Direct quantitative readout,lipids,True,REVIEW,,
pt_0529a262b1ed98d9,CETP-D006937,CETP,B,D006937,Hypercholesterolemia,SENSITIVITY,Direct quantitative readout,Pan-UKB,Pan-UKB::biomarkers|30690|both_sexes||irnt,Cholesterol,biomarkers|30690|both_sexes||irnt,GRCh37,total_cholesterol,"CSA,EUR",CSA,map_53025b2483451588,Circulating lipid measure directly represents the indication construct.,Retained only for prespecified sensitivity analysis.,Hypercholesterolemia,Phase III,,True,"['African' 'East Asian' 'European' 'Hispanic/Latin American' 'NR'
 'Native American' 'Oceanian' 'Other Asian' 'South Asian']",['East Asian' 'European' 'Hispanic/Latin American' 'NR' 'Other Asian'],"['African' 'East Asian' 'European' 'Hispanic/Latin American' 'NR'
 'Native American' 'Oceanian' 'Other Asian' 'South Asian']",44,44,16,8,4,8,True,Hypercholesterolemia,Hypercholesterolemia,14,14,3,11,Direct quantitative readout,lipids,True,REVIEW,,
pt_d742d1418888413a,CETP-D006937,CETP,B,D006937,Hypercholesterolemia,PRIMARY,Direct quantitative readout,Pan-UKB,Pan-UKB::biomarkers|30780|both_sexes||irnt,LDL direct,biomarkers|30780|both_sexes||irnt,GRCh37,ldl_cholesterol,"CSA,EUR",CSA,map_50cd2496568d9c63,Circulating lipid measure directly represents the indication construct.,Locked as the single primary representation of this indication.,Hypercholesterolemia,Phase III,,True,"['African' 'East Asian' 'European' 'Hispanic/Latin American' 'NR'
 'Native American' 'Oceanian' 'Other Asian' 'South Asian']",['East Asian' 'European' 'Hispanic/Latin American' 'NR' 'Other Asian'],"['African' 'East Asian' 'European' 'Hispanic/Latin American' 'NR'
 'Native American' 'Oceanian' 'Other Asian' 'South Asian']",44,44,16,8,4,8,True,Hypercholesterolemia,Hypercholesterolemia,14,14,3,11,Direct quantitative readout,lipids,True,REVIEW,,
pt_a40e445280d5c99a,CETP-D006938,CETP,B,D006938,Hyperlipoproteinemia Type II,SENSITIVITY,Direct quantitative readout,Pan-UKB,Pan-UKB::biomarkers|30640|both_sexes||irnt,Apolipoprotein B,biomarkers|30640|both_sexes||irnt,GRCh37,apolipoprotein_b,"CSA,EUR",CSA,map_cfd704321ca3eaef,Circulating lipid measure directly represents the indication construct.,Retained only for prespecified sensitivity analysis.,Hyperlipoproteinemia Type II,Phase III,,True,"['African' 'East Asian' 'European' 'Hispanic/Latin American' 'NR'
 'Native American' 'Oceanian' 'Other Asian' 'South Asian']",['East Asian' 'European' 'Hispanic/Latin American' 'NR' 'Other Asian'],"['African' 'East Asian' 'European' 'Hispanic/Latin American' 'NR'
 'Native American' 'Oceanian' 'Other Asian' 'South Asian']",44,44,16,8,4,8,True,Hyperlipoproteinemia Type II,Hyperlipoproteinemia Type II,8,8,3,5,Direct quantitative readout,lipids,True,REVIEW,,
pt_c0ae836af82e8935,CETP-D006938,CETP,B,D006938,Hyperlipoproteinemia Type II,SENSITIVITY,Direct quantitative readout,Pan-UKB,Pan-UKB::biomarkers|30690|both_sexes||irnt,Cholesterol,biomarkers|30690|both_sexes||irnt,GRCh37,total_cholesterol,"CSA,EUR",CSA,map_20c7523ee78dfeaf,Circulating lipid measure directly represents the indication construct.,Retained only for prespecified sensitivity analysis.,Hyperlipoproteinemia Type II,Phase III,,True,"['African' 'East Asian' 'European' 'Hispanic/Latin American' 'NR'
 'Native American' 'Oceanian' 'Other Asian' 'South Asian']",['East Asian' 'European' 'Hispanic/Latin American' 'NR' 'Other Asian'],"['African' 'East Asian' 'European' 'Hispanic/Latin American' 'NR'
 'Native American' 'Oceanian' 'Other Asian' 'South Asian']",44,44,16,8,4,8,True,Hyperlipoproteinemia Type II,Hyperlipoproteinemia Type II,8,8,3,5,Direct quantitative readout,lipids,True,REVIEW,,
pt_c07fa2d72be6f239,CETP-D006938,CETP,B,D006938,Hyperlipoproteinemia Type II,PRIMARY,Direct quantitative readout,Pan-UKB,Pan-UKB::biomarkers|30780|both_sexes||irnt,LDL direct,biomarkers|30780|both_sexes||irnt,GRCh37,ldl_cholesterol,"CSA,EUR",CSA,map_e773da18247036fb,Circulating lipid measure directly represents the indication construct.,Locked as the single primary representation of this indication.,Hyperlipoproteinemia Type II,Phase III,,True,"['African' 'East Asian' 'European' 'Hispanic/Latin American' 'NR'
 'Native American' 'Oceanian' 'Other Asian' 'South Asian']",['East Asian' 'European' 'Hispanic/Latin American' 'NR' 'Other Asian'],"['African' 'East Asian' 'European' 'Hispanic/Latin American' 'NR'
 'Native American' 'Oceanian' 'Other Asian' 'South Asian']",44,44,16,8,4,8,True,Hyperlipoproteinemia Type II,Hyperlipoproteinemia Type II,8,8,3,5,Direct quantitative readout,lipids,True,REVIEW,,
pt_52a1671cd5587ec2,CETP-D006949,CETP,B,D006949,Hyperlipidemias,SENSITIVITY,Direct quantitative readout,Pan-UKB,Pan-UKB::biomarkers|30640|both_sexes||irnt,Apolipoprotein B,biomarkers|30640|both_sexes||irnt,GRCh37,apolipoprotein_b,"CSA,EUR",CSA,map_431e4b5a762bae69,Circulating lipid measure directly represents the indication construct.,Retained only for prespecified sensitivity analysis.,Hyperlipidemias,Phase III,,True,"['African' 'East Asian' 'European' 'Hispanic/Latin American' 'NR'
 'Native American' 'Oceanian' 'Other Asian' 'South Asian']",['East Asian' 'European' 'Hispanic/Latin American' 'NR' 'Other Asian'],"['African' 'East Asian' 'European' 'Hispanic/Latin American' 'NR'
 'Native American' 'Oceanian' 'Other Asian' 'South Asian']",44,44,16,8,4,8,True,Hyperlipidemias,Hyperlipidemias,22,22,4,18,Direct quantitative readout,lipids,True,REVIEW,,
pt_9dfb4c92bb3e298f,CETP-D006949,CETP,B,D006949,Hyperlipidemias,SENSITIVITY,Direct quantitative readout,Pan-UKB,Pan-UKB::biomarkers|30690|both_sexes||irnt,Cholesterol,biomarkers|30690|both_sexes||irnt,GRCh37,total_cholesterol,"CSA,EUR",CSA,map_c7d4a03a9508b750,Circulating lipid measure directly represents the indication construct.,Retained only for prespecified sensitivity analysis.,Hyperlipidemias,Phase III,,True,"['African' 'East Asian' 'European' 'Hispanic/Latin American' 'NR'
 'Native American' 'Oceanian' 'Other Asian' 'South Asian']",['East Asian' 'European' 'Hispanic/Latin American' 'NR' 'Other Asian'],"['African' 'East Asian' 'European' 'Hispanic/Latin American' 'NR'
 'Native American' 'Oceanian' 'Other Asian' 'South Asian']",44,44,16,8,4,8,True,Hyperlipidemias,Hyperlipidemias,22,22,4,18,Direct quantitative readout,lipids,True,REVIEW,,
pt_d4a295cb85891cd1,CETP-D006949,CETP,B,D006949,Hyperlipidemias,PRIMARY,Direct quantitative readout,Pan-UKB,Pan-UKB::biomarkers|30780|both_sexes||irnt,LDL direct,biomarkers|30780|both_sexes||irnt,GRCh37,ldl_cholesterol,"CSA,EUR",CSA,map_8442195d65e17d61,Circulating lipid measure directly represents the indication construct.,Locked as the single primary representation of this indication.,Hyperlipidemias,Phase III,,True,"['African' 'East Asian' 'European' 'Hispanic/Latin American' 'NR'
 'Native American' 'Oceanian' 'Other Asian' 'South Asian']",['East Asian' 'European' 'Hispanic/Latin American' 'NR' 'Other Asian'],"['African' 'East Asian' 'European' 'Hispanic/Latin American' 'NR'
 'Native American' 'Oceanian' 'Other Asian' 'South Asian']",44,44,16,8,4,8,True,Hyperlipidemias,Hyperlipidemias,22,22,4,18,Direct quantitative readout,lipids,True,REVIEW,,
pt_22e7424e163ef110,CHRM3-D001249,CHRM3,B,D001249,Asthma,PRIMARY,Direct disease,GBMI,GBMI::Asthma,Asthma,Asthma,GRCh38,Asthma,"AFR,AMR,CSA,EAS,EUR","AFR,AMR,CSA,EAS",map_142944bd2f968395,The GBMI endpoint is an exact or clinically equivalent disease endpoint.,Locked as the single primary representation of this indication.,Asthma,Phase I,,True,['African' 'East Asian' 'European' 'Hispanic/Latin American' 'NR'],['European' 'NR'],['African' 'East Asian' 'European' 'Hispanic/Latin American' 'NR'],5,5,2,4,1,4,True,Asthma,Asthma,29,29,4,25,Direct disease,direct_disease,True,REVIEW,,
pt_8ad5635d19814e53,CHRM3-D001249,CHRM3,B,D001249,Asthma,SENSITIVITY,Proxy biomarker,Pan-UKB,Pan-UKB::continuous|30150|both_sexes||irnt,Eosinophill count,continuous|30150|both_sexes||irnt,GRCh37,eosinophil_count,"CSA,EUR",CSA,map_cb8244ded7498122,"Eosinophils and spirometry measure allergic inflammation or airway physiology, not asthma diagnosis itself.",Retained only for prespecified sensitivity analysis.,Asthma,Phase I,,True,['African' 'East Asian' 'European' 'Hispanic/Latin American' 'NR'],['European' 'NR'],['African' 'East Asian' 'European' 'Hispanic/Latin American' 'NR'],5,5,2,4,1,4,True,Asthma,Asthma,29,29,4,25,Proxy biomarker,hematology_allergy,True,REVIEW,,
pt_7d1de8fe8786af0e,CHRM3-D001249,CHRM3,B,D001249,Asthma,SENSITIVITY,Proxy biomarker,Pan-UKB,Pan-UKB::continuous|3063|both_sexes||irnt,Forced expiratory volume in 1-second (FEV1),continuous|3063|both_sexes||irnt,GRCh37,fev1,"AFR,CSA,EUR,MID","AFR,CSA,MID",map_59356df4843aaef1,"Eosinophils and spirometry measure allergic inflammation or airway physiology, not asthma diagnosis itself.",Retained only for prespecified sensitivity analysis.,Asthma,Phase I,,True,['African' 'East Asian' 'European' 'Hispanic/Latin American' 'NR'],['European' 'NR'],['African' 'East Asian' 'European' 'Hispanic/Latin American' 'NR'],5,5,2,4,1,4,True,Asthma,Asthma,29,29,4,25,Proxy biomarker,pulmonary,True,REVIEW,,
pt_68a10f4c9219e3b8,CHRM3-D001249,CHRM3,B,D001249,Asthma,SENSITIVITY,Proxy biomarker,Pan-UKB,Pan-UKB::continuous|3062|both_sexes||irnt,Forced vital capacity (FVC),continuous|3062|both_sexes||irnt,GRCh37,fvc,"AFR,CSA,EUR,MID","AFR,CSA,MID",map_8f3487c5d3ef8b41,"Eosinophils and spirometry measure allergic inflammation or airway physiology, not asthma diagnosis itself.",Retained only for prespecified sensitivity analysis.,Asthma,Phase I,,True,['African' 'East Asian' 'European' 'Hispanic/Latin American' 'NR'],['European' 'NR'],['African' 'East Asian' 'European' 'Hispanic/Latin American' 'NR'],5,5,2,4,1,4,True,Asthma,Asthma,29,29,4,25,Proxy biomarker,pulmonary,True,REVIEW,,
pt_755713705b6582d3,CHRM3-D029424,CHRM3,A,D029424,"Pulmonary Disease, Chronic Obstructive",PRIMARY,Direct disease,GBMI,GBMI::COPD,Chronic obstructive pulmonary disease,COPD,GRCh38,COPD,"AFR,AMR,EAS,EUR","AFR,AMR,EAS",map_c342a950924fe3b4,The GBMI endpoint is an exact or clinically equivalent disease endpoint.,Locked as the single primary representation of this indication.,"Pulmonary Disease, Chronic Obstructive",Launched,2012.0,True,['African' 'East Asian' 'European' 'Hispanic/Latin American' 'NR'],['European' 'NR'],['African' 'East Asian' 'European' 'Hispanic/Latin American' 'NR'],5,5,2,4,1,4,True,"Pulmonary Disease, Chronic Obstructive","Pulmonary Disease, Chronic Obstructive",20,20,3,17,Direct disease,direct_disease,True,REVIEW,,
pt_e8a693c4a13d6359,CHRM3-D029424,CHRM3,A,D029424,"Pulmonary Disease, Chronic Obstructive",SENSITIVITY,Closely related phenotype,Pan-UKB,Pan-UKB::continuous|3063|both_sexes||irnt,Forced expiratory volume in 1-second (FEV1),continuous|3063|both_sexes||irnt,GRCh37,fev1,"AFR,CSA,EUR,MID","AFR,CSA,MID",map_3b5ef0a073ff5fa0,Spirometry measures airflow limitation central to COPD but is not the disease endpoint.,Retained only for prespecified sensitivity analysis.,"Pulmonary Disease, Chronic Obstructive",Launched,2012.0,True,['African' 'East Asian' 'European' 'Hispanic/Latin American' 'NR'],['European' 'NR'],['African' 'East Asian' 'European' 'Hispanic/Latin American' 'NR'],5,5,2,4,1,4,True,"Pulmonary Disease, Chronic Obstructive","Pulmonary Disease, Chronic Obstructive",20,20,3,17,Closely related phenotype,pulmonary,True,REVIEW,,
pt_c5384ed5549f4f28,CHRM3-D029424,CHRM3,A,D029424,"Pulmonary Disease, Chronic Obstructive",SENSITIVITY,Closely related phenotype,Pan-UKB,Pan-UKB::continuous|3062|both_sexes||irnt,Forced vital capacity (FVC),continuous|3062|both_sexes||irnt,GRCh37,fvc,"AFR,CSA,EUR,MID","AFR,CSA,MID",map_16d098169734a13c,Spirometry measures airflow limitation central to COPD but is not the disease endpoint.,Retained only for prespecified sensitivity analysis.,"Pulmonary Disease, Chronic Obstructive",Launched,2012.0,True,['African' 'East Asian' 'European' 'Hispanic/Latin American' 'NR'],['European' 'NR'],['African' 'East Asian' 'European' 'Hispanic/Latin American' 'NR'],5,5,2,4,1,4,True,"Pulmonary Disease, Chronic Obstructive","Pulmonary Disease, Chronic Obstructive",20,20,3,17,Closely related phenotype,pulmonary,True,REVIEW,,
pt_01627d4d8c2b4069,CHRM3-D065631,CHRM3,A,D065631,"Rhinitis, Allergic",SENSITIVITY,Proxy biomarker,Pan-UKB,Pan-UKB::continuous|30150|both_sexes||irnt,Eosinophill count,continuous|30150|both_sexes||irnt,GRCh37,eosinophil_count,"CSA,EUR",CSA,map_fef4e0642fc76154,Eosinophil count is an allergic-inflammatory biomarker rather than the disease endpoint.,Retained only for prespecified sensitivity analysis.,"Rhinitis, Allergic",Launched,2021.0,True,['European'],['European' 'NR'],['European' 'NR'],4,4,2,1,1,1,True,"Rhinitis, Allergic","Rhinitis, Allergic",9,9,1,8,Proxy biomarker,hematology_allergy,True,REVIEW,,
pt_bdf362582e10f6e6,CHRNB4-D006973,CHRNB4,B,D006973,Hypertension,SENSITIVITY,Direct quantitative readout,Pan-UKB,Pan-UKB::continuous|4079|both_sexes||irnt,"Diastolic blood pressure, automated reading",continuous|4079|both_sexes||irnt,GRCh37,diastolic_blood_pressure,"CSA,EUR",CSA,map_a10198eb08d8bca6,Blood pressure is the defining quantitative phenotype.,Retained only for prespecified sensitivity analysis.,Hypertension,Phase II,,True,['European'],['European'],['European'],1,1,1,1,1,1,True,Hypertension,Hypertension,19,19,8,11,Direct quantitative readout,blood_pressure,True,REVIEW,,
pt_56886b598b7e8042,CHRNB4-D006973,CHRNB4,B,D006973,Hypertension,PRIMARY,Direct quantitative readout,Pan-UKB,Pan-UKB::continuous|4080|both_sexes||irnt,"Systolic blood pressure, automated reading",continuous|4080|both_sexes||irnt,GRCh37,systolic_blood_pressure,"CSA,EAS,EUR","CSA,EAS",map_51438025f9ca1f25,Blood pressure is the defining quantitative phenotype.,Locked as the single primary representation of this indication.,Hypertension,Phase II,,True,['European'],['European'],['European'],1,1,1,1,1,1,True,Hypertension,Hypertension,19,19,8,11,Direct quantitative readout,blood_pressure,True,REVIEW,,
pt_ea63c91b2ee7f151,CSF2-D001249,CSF2,B,D001249,Asthma,PRIMARY,Direct disease,GBMI,GBMI::Asthma,Asthma,Asthma,GRCh38,Asthma,"AFR,AMR,CSA,EAS,EUR","AFR,AMR,CSA,EAS",map_142944bd2f968395,The GBMI endpoint is an exact or clinically equivalent disease endpoint.,Locked as the single primary representation of this indication.,Asthma,Phase II,,True,['African' 'East Asian' 'European' 'Hispanic/Latin American'],['European'],['African' 'East Asian' 'European' 'Hispanic/Latin American'],4,4,1,4,1,4,True,Asthma,Asthma,29,29,4,25,Direct disease,direct_disease,True,REVIEW,,
pt_460f8ed29d945ba2,CSF2-D001249,CSF2,B,D001249,Asthma,SENSITIVITY,Proxy biomarker,Pan-UKB,Pan-UKB::continuous|30150|both_sexes||irnt,Eosinophill count,continuous|30150|both_sexes||irnt,GRCh37,eosinophil_count,"CSA,EUR",CSA,map_cb8244ded7498122,"Eosinophils and spirometry measure allergic inflammation or airway physiology, not asthma diagnosis itself.",Retained only for prespecified sensitivity analysis.,Asthma,Phase II,,True,['African' 'East Asian' 'European' 'Hispanic/Latin American'],['European'],['African' 'East Asian' 'European' 'Hispanic/Latin American'],4,4,1,4,1,4,True,Asthma,Asthma,29,29,4,25,Proxy biomarker,hematology_allergy,True,REVIEW,,
pt_f8759cf7bea309c2,CSF2-D001249,CSF2,B,D001249,Asthma,SENSITIVITY,Proxy biomarker,Pan-UKB,Pan-UKB::continuous|3063|both_sexes||irnt,Forced expiratory volume in 1-second (FEV1),continuous|3063|both_sexes||irnt,GRCh37,fev1,"AFR,CSA,EUR,MID","AFR,CSA,MID",map_59356df4843aaef1,"Eosinophils and spirometry measure allergic inflammation or airway physiology, not asthma diagnosis itself.",Retained only for prespecified sensitivity analysis.,Asthma,Phase II,,True,['African' 'East Asian' 'European' 'Hispanic/Latin American'],['European'],['African' 'East Asian' 'European' 'Hispanic/Latin American'],4,4,1,4,1,4,True,Asthma,Asthma,29,29,4,25,Proxy biomarker,pulmonary,True,REVIEW,,
pt_6766995260a93c62,CSF2-D001249,CSF2,B,D001249,Asthma,SENSITIVITY,Proxy biomarker,Pan-UKB,Pan-UKB::continuous|3062|both_sexes||irnt,Forced vital capacity (FVC),continuous|3062|both_sexes||irnt,GRCh37,fvc,"AFR,CSA,EUR,MID","AFR,CSA,MID",map_8f3487c5d3ef8b41,"Eosinophils and spirometry measure allergic inflammation or airway physiology, not asthma diagnosis itself.",Retained only for prespecified sensitivity analysis.,Asthma,Phase II,,True,['African' 'East Asian' 'European' 'Hispanic/Latin American'],['European'],['African' 'East Asian' 'European' 'Hispanic/Latin American'],4,4,1,4,1,4,True,Asthma,Asthma,29,29,4,25,Proxy biomarker,pulmonary,True,REVIEW,,
pt_e7c1843f385e49c6,CSF2-D029424,CSF2,B,D029424,"Pulmonary Disease, Chronic Obstructive",PRIMARY,Direct disease,GBMI,GBMI::COPD,Chronic obstructive pulmonary disease,COPD,GRCh38,COPD,"AFR,AMR,EAS,EUR","AFR,AMR,EAS",map_c342a950924fe3b4,The GBMI endpoint is an exact or clinically equivalent disease endpoint.,Locked as the single primary representation of this indication.,"Pulmonary Disease, Chronic Obstructive",Phase I,,True,['African' 'East Asian' 'European' 'Hispanic/Latin American'],['European'],['African' 'East Asian' 'European' 'Hispanic/Latin American'],4,4,1,4,1,4,True,"Pulmonary Disease, Chronic Obstructive","Pulmonary Disease, Chronic Obstructive",20,20,3,17,Direct disease,direct_disease,True,REVIEW,,
pt_8baae3e34c272554,CSF2-D029424,CSF2,B,D029424,"Pulmonary Disease, Chronic Obstructive",SENSITIVITY,Closely related phenotype,Pan-UKB,Pan-UKB::continuous|3063|both_sexes||irnt,Forced expiratory volume in 1-second (FEV1),continuous|3063|both_sexes||irnt,GRCh37,fev1,"AFR,CSA,EUR,MID","AFR,CSA,MID",map_3b5ef0a073ff5fa0,Spirometry measures airflow limitation central to COPD but is not the disease endpoint.,Retained only for prespecified sensitivity analysis.,"Pulmonary Disease, Chronic Obstructive",Phase I,,True,['African' 'East Asian' 'European' 'Hispanic/Latin American'],['European'],['African' 'East Asian' 'European' 'Hispanic/Latin American'],4,4,1,4,1,4,True,"Pulmonary Disease, Chronic Obstructive","Pulmonary Disease, Chronic Obstructive",20,20,3,17,Closely related phenotype,pulmonary,True,REVIEW,,
pt_61a78bc559ded401,CSF2-D029424,CSF2,B,D029424,"Pulmonary Disease, Chronic Obstructive",SENSITIVITY,Closely related phenotype,Pan-UKB,Pan-UKB::continuous|3062|both_sexes||irnt,Forced vital capacity (FVC),continuous|3062|both_sexes||irnt,GRCh37,fvc,"AFR,CSA,EUR,MID","AFR,CSA,MID",map_16d098169734a13c,Spirometry measures airflow limitation central to COPD but is not the disease endpoint.,Retained only for prespecified sensitivity analysis.,"Pulmonary Disease, Chronic Obstructive",Phase I,,True,['African' 'East Asian' 'European' 'Hispanic/Latin American'],['European'],['African' 'East Asian' 'European' 'Hispanic/Latin American'],4,4,1,4,1,4,True,"Pulmonary Disease, Chronic Obstructive","Pulmonary Disease, Chronic Obstructive",20,20,3,17,Closely related phenotype,pulmonary,True,REVIEW,,
pt_225ccd26bbf5fe4c,CSF3-D009503,CSF3,A,D009503,Neutropenia,PRIMARY,Direct quantitative readout,Pan-UKB,Pan-UKB::continuous|30140|both_sexes||irnt,Neutrophill count,continuous|30140|both_sexes||irnt,GRCh37,neutrophil_count,"CSA,EUR,MID","CSA,MID",map_8b53a7b4081fa0ab,Neutrophil count directly represents the indication.,Locked as the single primary representation of this indication.,Neutropenia,Launched,2021.0,True,['African' 'East Asian' 'European'],['East Asian' 'European' 'NR'],['African' 'East Asian' 'European' 'NR'],11,11,3,3,2,3,True,Neutropenia,Neutropenia,4,4,2,2,Direct quantitative readout,hematology,True,REVIEW,,
pt_eb5a230b54c462a9,CSF3R-D007970,CSF3R,A,D007970,Leukopenia,PRIMARY,Direct quantitative readout,Pan-UKB,Pan-UKB::continuous|30000|both_sexes||irnt,White blood cell (leukocyte) count,continuous|30000|both_sexes||irnt,GRCh37,white_blood_cell_count,"CSA,EUR",CSA,map_2e60e69f7f61359d,White blood cell count directly represents the indication.,Locked as the single primary representation of this indication.,Leukopenia,Launched,,True,['African' 'East Asian' 'European' 'Hispanic/Latin American' 'South Asian'],[],['African' 'East Asian' 'European' 'Hispanic/Latin American' 'South Asian'],8,8,0,5,0,5,False,Leukopenia,Leukopenia,1,1,1,0,Direct quantitative readout,hematology,True,REVIEW,,
pt_fdd0006eb3989deb,CSF3R-D009503,CSF3R,A,D009503,Neutropenia,PRIMARY,Direct quantitative readout,Pan-UKB,Pan-UKB::continuous|30140|both_sexes||irnt,Neutrophill count,continuous|30140|both_sexes||irnt,GRCh37,neutrophil_count,"CSA,EUR,MID","CSA,MID",map_8b53a7b4081fa0ab,Neutrophil count directly represents the indication.,Locked as the single primary representation of this indication.,Neutropenia,Launched,2016.0,True,['African' 'East Asian' 'European' 'Hispanic/Latin American' 'South Asian'],['European'],['African' 'East Asian' 'European' 'Hispanic/Latin American' 'South Asian'],7,7,1,5,1,5,True,Neutropenia,Neutropenia,4,4,2,2,Direct quantitative readout,hematology,True,REVIEW,,
pt_2e77647f361f98ad,CXCR4-D009503,CXCR4,B,D009503,Neutropenia,PRIMARY,Direct quantitative readout,Pan-UKB,Pan-UKB::continuous|30140|both_sexes||irnt,Neutrophill count,continuous|30140|both_sexes||irnt,GRCh37,neutrophil_count,"CSA,EUR,MID","CSA,MID",map_8b53a7b4081fa0ab,Neutrophil count directly represents the indication.,Locked as the single primary representation of this indication.,Neutropenia,Phase I,,True,['African'],[],['African'],1,1,0,1,0,1,False,Neutropenia,Neutropenia,4,4,2,2,Direct quantitative readout,hematology,True,REVIEW,,
pt_4d431293eca04057,CYP11B1-D006973,CYP11B1,B,D006973,Hypertension,SENSITIVITY,Direct quantitative readout,Pan-UKB,Pan-UKB::continuous|4079|both_sexes||irnt,"Diastolic blood pressure, automated reading",continuous|4079|both_sexes||irnt,GRCh37,diastolic_blood_pressure,"CSA,EUR",CSA,map_a10198eb08d8bca6,Blood pressure is the defining quantitative phenotype.,Retained only for prespecified sensitivity analysis.,Hypertension,Phase II,,True,"['African' 'East Asian' 'European' 'Hispanic/Latin American' 'NR' 'Other'
 'South Asian']",['East Asian' 'European'],"['African' 'East Asian' 'European' 'Hispanic/Latin American' 'NR' 'Other'
 'South Asian']",14,14,5,6,2,6,True,Hypertension,Hypertension,19,19,8,11,Direct quantitative readout,blood_pressure,True,REVIEW,,
pt_4966374c8f7bf96b,CYP11B1-D006973,CYP11B1,B,D006973,Hypertension,PRIMARY,Direct quantitative readout,Pan-UKB,Pan-UKB::continuous|4080|both_sexes||irnt,"Systolic blood pressure, automated reading",continuous|4080|both_sexes||irnt,GRCh37,systolic_blood_pressure,"CSA,EAS,EUR","CSA,EAS",map_51438025f9ca1f25,Blood pressure is the defining quantitative phenotype.,Locked as the single primary representation of this indication.,Hypertension,Phase II,,True,"['African' 'East Asian' 'European' 'Hispanic/Latin American' 'NR' 'Other'
 'South Asian']",['East Asian' 'European'],"['African' 'East Asian' 'European' 'Hispanic/Latin American' 'NR' 'Other'
 'South Asian']",14,14,5,6,2,6,True,Hypertension,Hypertension,19,19,8,11,Direct quantitative readout,blood_pressure,True,REVIEW,,
pt_e03ec695cb45ac27,CYP11B2-D006973,CYP11B2,B,D006973,Hypertension,SENSITIVITY,Direct quantitative readout,Pan-UKB,Pan-UKB::continuous|4079|both_sexes||irnt,"Diastolic blood pressure, automated reading",continuous|4079|both_sexes||irnt,GRCh37,diastolic_blood_pressure,"CSA,EUR",CSA,map_a10198eb08d8bca6,Blood pressure is the defining quantitative phenotype.,Retained only for prespecified sensitivity analysis.,Hypertension,Phase II,,True,"['African' 'East Asian' 'European' 'Hispanic/Latin American' 'NR'
 'Native American' 'Other' 'Other Asian' 'South Asian']",['East Asian' 'European' 'NR'],"['African' 'East Asian' 'European' 'Hispanic/Latin American' 'NR'
 'Native American' 'Other' 'Other Asian' 'South Asian']",24,24,6,8,2,8,True,Hypertension,Hypertension,19,19,8,11,Direct quantitative readout,blood_pressure,True,REVIEW,,
pt_40ca841ae8cc6e62,CYP11B2-D006973,CYP11B2,B,D006973,Hypertension,PRIMARY,Direct quantitative readout,Pan-UKB,Pan-UKB::continuous|4080|both_sexes||irnt,"Systolic blood pressure, automated reading",continuous|4080|both_sexes||irnt,GRCh37,systolic_blood_pressure,"CSA,EAS,EUR","CSA,EAS",map_51438025f9ca1f25,Blood pressure is the defining quantitative phenotype.,Locked as the single primary representation of this indication.,Hypertension,Phase II,,True,"['African' 'East Asian' 'European' 'Hispanic/Latin American' 'NR'
 'Native American' 'Other' 'Other Asian' 'South Asian']",['East Asian' 'European' 'NR'],"['African' 'East Asian' 'European' 'Hispanic/Latin American' 'NR'
 'Native American' 'Other' 'Other Asian' 'South Asian']",24,24,6,8,2,8,True,Hypertension,Hypertension,19,19,8,11,Direct quantitative readout,blood_pressure,True,REVIEW,,
pt_836e7d683d9e4562,DGAT1-D003920,DGAT1,B,D003920,Diabetes Mellitus,PRIMARY,Direct quantitative readout,Pan-UKB,Pan-UKB::biomarkers|30750|both_sexes||irnt,Glycated haemoglobin (HbA1c),biomarkers|30750|both_sexes||irnt,GRCh37,hba1c,"CSA,EUR,MID","CSA,MID",map_0c8c975606285aeb,HbA1c is a standard quantitative measure of chronic glycemia.,Locked as the single primary representation of this indication.,Diabetes Mellitus,Phase I,,True,['African' 'East Asian' 'European' 'NR' 'South Asian'],[],['African' 'East Asian' 'European' 'NR' 'South Asian'],4,4,0,4,0,4,False,Diabetes Mellitus,Diabetes Mellitus,13,13,2,11,Direct quantitative readout,glycemia,True,REVIEW,,
pt_127e9fb9267e0029,DGAT1-D003924,DGAT1,B,D003924,"Diabetes Mellitus, Type 2",PRIMARY,Direct quantitative readout,Pan-UKB,Pan-UKB::biomarkers|30750|both_sexes||irnt,Glycated haemoglobin (HbA1c),biomarkers|30750|both_sexes||irnt,GRCh37,hba1c,"CSA,EUR,MID","CSA,MID",map_ae8d9a8f89a7795e,HbA1c is a standard quantitative measure of chronic glycemia.,Locked as the single primary representation of this indication.,"Diabetes Mellitus, Type 2",Phase II,,True,['African' 'East Asian' 'European' 'Hispanic/Latin American' 'South Asian'],[],['African' 'East Asian' 'European' 'Hispanic/Latin American' 'South Asian'],3,3,0,5,0,5,False,"Diabetes Mellitus, Type 2","Diabetes Mellitus, Type 2",18,18,9,9,Direct quantitative readout,glycemia,True,REVIEW,,
pt_488e53499daa2a73,DGAT2-D006949,DGAT2,B,D006949,Hyperlipidemias,SENSITIVITY,Direct quantitative readout,Pan-UKB,Pan-UKB::biomarkers|30640|both_sexes||irnt,Apolipoprotein B,biomarkers|30640|both_sexes||irnt,GRCh37,apolipoprotein_b,"CSA,EUR",CSA,map_431e4b5a762bae69,Circulating lipid measure directly represents the indication construct.,Retained only for prespecified sensitivity analysis.,Hyperlipidemias,Phase I,,True,['African' 'East Asian' 'European' 'Hispanic/Latin American' 'South Asian'],['NR'],"['African' 'East Asian' 'European' 'Hispanic/Latin American' 'NR'
 'South Asian']",7,7,1,5,0,5,True,Hyperlipidemias,Hyperlipidemias,22,22,4,18,Direct quantitative readout,lipids,True,REVIEW,,
pt_a2106210f4569ac6,DGAT2-D006949,DGAT2,B,D006949,Hyperlipidemias,SENSITIVITY,Direct quantitative readout,Pan-UKB,Pan-UKB::biomarkers|30690|both_sexes||irnt,Cholesterol,biomarkers|30690|both_sexes||irnt,GRCh37,total_cholesterol,"CSA,EUR",CSA,map_c7d4a03a9508b750,Circulating lipid measure directly represents the indication construct.,Retained only for prespecified sensitivity analysis.,Hyperlipidemias,Phase I,,True,['African' 'East Asian' 'European' 'Hispanic/Latin American' 'South Asian'],['NR'],"['African' 'East Asian' 'European' 'Hispanic/Latin American' 'NR'
 'South Asian']",7,7,1,5,0,5,True,Hyperlipidemias,Hyperlipidemias,22,22,4,18,Direct quantitative readout,lipids,True,REVIEW,,
pt_20e9c433cc5c9c31,DGAT2-D006949,DGAT2,B,D006949,Hyperlipidemias,PRIMARY,Direct quantitative readout,Pan-UKB,Pan-UKB::biomarkers|30780|both_sexes||irnt,LDL direct,biomarkers|30780|both_sexes||irnt,GRCh37,ldl_cholesterol,"CSA,EUR",CSA,map_8442195d65e17d61,Circulating lipid measure directly represents the indication construct.,Locked as the single primary representation of this indication.,Hyperlipidemias,Phase I,,True,['African' 'East Asian' 'European' 'Hispanic/Latin American' 'South Asian'],['NR'],"['African' 'East Asian' 'European' 'Hispanic/Latin American' 'NR'
 'South Asian']",7,7,1,5,0,5,True,Hyperlipidemias,Hyperlipidemias,22,22,4,18,Direct quantitative readout,lipids,True,REVIEW,,
pt_f4da73191036e47b,DPP4-D009765,DPP4,B,D009765,Obesity,PRIMARY,Direct quantitative readout,Pan-UKB,Pan-UKB::continuous|21001|both_sexes||irnt,Body mass index (BMI),continuous|21001|both_sexes||irnt,GRCh37,body_mass_index,"AFR,CSA,EUR,MID","AFR,CSA,MID",map_0b18d3fa6d5f91c0,BMI and waist circumference directly measure adiposity.,Locked as the single primary representation of this indication.,Obesity,Phase I,,True,['European'],[],['European'],3,3,0,1,0,1,False,Obesity,Obesity,31,31,4,27,Direct quantitative readout,anthropometry,True,REVIEW,,
pt_9b039f15b4102021,DPP4-D009765,DPP4,B,D009765,Obesity,SENSITIVITY,Direct quantitative readout,Pan-UKB,Pan-UKB::continuous|48|both_sexes||irnt,Waist circumference,continuous|48|both_sexes||irnt,GRCh37,waist_circumference,"AFR,CSA,EUR,MID","AFR,CSA,MID",map_89b2b7c6b871d268,BMI and waist circumference directly measure adiposity.,Retained only for prespecified sensitivity analysis.,Obesity,Phase I,,True,['European'],[],['European'],3,3,0,1,0,1,False,Obesity,Obesity,31,31,4,27,Direct quantitative readout,anthropometry,True,REVIEW,,
pt_6f2301d3afd3b15a,DYRK3-D000740,DYRK3,B,D000740,Anemia,SENSITIVITY,Direct quantitative readout,Pan-UKB,Pan-UKB::continuous|30030|both_sexes||irnt,Haematocrit percentage,continuous|30030|both_sexes||irnt,GRCh37,haematocrit,"CSA,EUR",CSA,map_97b816746f065ca0,Standard red-cell measures characterize anemia and major subtypes.,Retained only for prespecified sensitivity analysis.,Anemia,Phase I,,True,['African' 'East Asian' 'European' 'Hispanic/Latin American' 'South Asian'],[],['African' 'East Asian' 'European' 'Hispanic/Latin American' 'South Asian'],9,9,0,5,0,5,False,Anemia,Anemia,11,11,4,7,Direct quantitative readout,hematology,True,REVIEW,,
pt_00bd665904d65284,DYRK3-D000740,DYRK3,B,D000740,Anemia,PRIMARY,Direct quantitative readout,Pan-UKB,Pan-UKB::continuous|30020|both_sexes||irnt,Haemoglobin concentration,continuous|30020|both_sexes||irnt,GRCh37,haemoglobin,"CSA,EUR",CSA,map_e6f7fc7e1a195345,Standard red-cell measures characterize anemia and major subtypes.,Locked as the single primary representation of this indication.,Anemia,Phase I,,True,['African' 'East Asian' 'European' 'Hispanic/Latin American' 'South Asian'],[],['African' 'East Asian' 'European' 'Hispanic/Latin American' 'South Asian'],9,9,0,5,0,5,False,Anemia,Anemia,11,11,4,7,Direct quantitative readout,hematology,True,REVIEW,,
pt_f830007e56366cea,DYRK3-D000740,DYRK3,B,D000740,Anemia,SENSITIVITY,Direct quantitative readout,Pan-UKB,Pan-UKB::continuous|30040|both_sexes||irnt,Mean corpuscular volume,continuous|30040|both_sexes||irnt,GRCh37,mean_corpuscular_volume,"CSA,EUR",CSA,map_69f44c24155f039a,Standard red-cell measures characterize anemia and major subtypes.,Retained only for prespecified sensitivity analysis.,Anemia,Phase I,,True,['African' 'East Asian' 'European' 'Hispanic/Latin American' 'South Asian'],[],['African' 'East Asian' 'European' 'Hispanic/Latin American' 'South Asian'],9,9,0,5,0,5,False,Anemia,Anemia,11,11,4,7,Direct quantitative readout,hematology,True,REVIEW,,
pt_70259b502a95933a,EDNRA-D006973,EDNRA,B,D006973,Hypertension,SENSITIVITY,Direct quantitative readout,Pan-UKB,Pan-UKB::continuous|4079|both_sexes||irnt,"Diastolic blood pressure, automated reading",continuous|4079|both_sexes||irnt,GRCh37,diastolic_blood_pressure,"CSA,EUR",CSA,map_a10198eb08d8bca6,Blood pressure is the defining quantitative phenotype.,Retained only for prespecified sensitivity analysis.,Hypertension,Phase III,,True,"['African' 'East Asian' 'European' 'Hispanic/Latin American' 'NR'
 'Native American' 'Other Asian']",['European' 'NR'],"['African' 'East Asian' 'European' 'Hispanic/Latin American' 'NR'
 'Native American' 'Other Asian']",8,8,3,6,1,6,True,Hypertension,Hypertension,19,19,8,11,Direct quantitative readout,blood_pressure,True,REVIEW,,
pt_a73e60b2c2ea3ec7,EDNRA-D006973,EDNRA,B,D006973,Hypertension,PRIMARY,Direct quantitative readout,Pan-UKB,Pan-UKB::continuous|4080|both_sexes||irnt,"Systolic blood pressure, automated reading",continuous|4080|both_sexes||irnt,GRCh37,systolic_blood_pressure,"CSA,EAS,EUR","CSA,EAS",map_51438025f9ca1f25,Blood pressure is the defining quantitative phenotype.,Locked as the single primary representation of this indication.,Hypertension,Phase III,,True,"['African' 'East Asian' 'European' 'Hispanic/Latin American' 'NR'
 'Native American' 'Other Asian']",['European' 'NR'],"['African' 'East Asian' 'European' 'Hispanic/Latin American' 'NR'
 'Native American' 'Other Asian']",8,8,3,6,1,6,True,Hypertension,Hypertension,19,19,8,11,Direct quantitative readout,blood_pressure,True,REVIEW,,
pt_cbfd0dfbb5857dc0,EGLN1-D000740,EGLN1,A,D000740,Anemia,SENSITIVITY,Direct quantitative readout,Pan-UKB,Pan-UKB::continuous|30030|both_sexes||irnt,Haematocrit percentage,continuous|30030|both_sexes||irnt,GRCh37,haematocrit,"CSA,EUR",CSA,map_97b816746f065ca0,Standard red-cell measures characterize anemia and major subtypes.,Retained only for prespecified sensitivity analysis.,Anemia,Launched,,True,['African' 'East Asian' 'European' 'Hispanic/Latin American' 'South Asian'],[],['African' 'East Asian' 'European' 'Hispanic/Latin American' 'South Asian'],6,6,0,5,0,5,False,Anemia,Anemia,11,11,4,7,Direct quantitative readout,hematology,True,REVIEW,,
pt_70db25b235391fa4,EGLN1-D000740,EGLN1,A,D000740,Anemia,PRIMARY,Direct quantitative readout,Pan-UKB,Pan-UKB::continuous|30020|both_sexes||irnt,Haemoglobin concentration,continuous|30020|both_sexes||irnt,GRCh37,haemoglobin,"CSA,EUR",CSA,map_e6f7fc7e1a195345,Standard red-cell measures characterize anemia and major subtypes.,Locked as the single primary representation of this indication.,Anemia,Launched,,True,['African' 'East Asian' 'European' 'Hispanic/Latin American' 'South Asian'],[],['African' 'East Asian' 'European' 'Hispanic/Latin American' 'South Asian'],6,6,0,5,0,5,False,Anemia,Anemia,11,11,4,7,Direct quantitative readout,hematology,True,REVIEW,,
pt_3c3e760033f9a71a,EGLN1-D000740,EGLN1,A,D000740,Anemia,SENSITIVITY,Direct quantitative readout,Pan-UKB,Pan-UKB::continuous|30040|both_sexes||irnt,Mean corpuscular volume,continuous|30040|both_sexes||irnt,GRCh37,mean_corpuscular_volume,"CSA,EUR",CSA,map_69f44c24155f039a,Standard red-cell measures characterize anemia and major subtypes.,Retained only for prespecified sensitivity analysis.,Anemia,Launched,,True,['African' 'East Asian' 'European' 'Hispanic/Latin American' 'South Asian'],[],['African' 'East Asian' 'European' 'Hispanic/Latin American' 'South Asian'],6,6,0,5,0,5,False,Anemia,Anemia,11,11,4,7,Direct quantitative readout,hematology,True,REVIEW,,
pt_51835a80da151811,EGLN2-D000740,EGLN2,A,D000740,Anemia,SENSITIVITY,Direct quantitative readout,Pan-UKB,Pan-UKB::continuous|30030|both_sexes||irnt,Haematocrit percentage,continuous|30030|both_sexes||irnt,GRCh37,haematocrit,"CSA,EUR",CSA,map_97b816746f065ca0,Standard red-cell measures characterize anemia and major subtypes.,Retained only for prespecified sensitivity analysis.,Anemia,Launched,,True,['European'],[],['European'],3,3,0,1,0,1,False,Anemia,Anemia,11,11,4,7,Direct quantitative readout,hematology,True,REVIEW,,
pt_abaac797f21fcad0,EGLN2-D000740,EGLN2,A,D000740,Anemia,PRIMARY,Direct quantitative readout,Pan-UKB,Pan-UKB::continuous|30020|both_sexes||irnt,Haemoglobin concentration,continuous|30020|both_sexes||irnt,GRCh37,haemoglobin,"CSA,EUR",CSA,map_e6f7fc7e1a195345,Standard red-cell measures characterize anemia and major subtypes.,Locked as the single primary representation of this indication.,Anemia,Launched,,True,['European'],[],['European'],3,3,0,1,0,1,False,Anemia,Anemia,11,11,4,7,Direct quantitative readout,hematology,True,REVIEW,,
pt_fd6b1bdba7713cbc,EGLN2-D000740,EGLN2,A,D000740,Anemia,SENSITIVITY,Direct quantitative readout,Pan-UKB,Pan-UKB::continuous|30040|both_sexes||irnt,Mean corpuscular volume,continuous|30040|both_sexes||irnt,GRCh37,mean_corpuscular_volume,"CSA,EUR",CSA,map_69f44c24155f039a,Standard red-cell measures characterize anemia and major subtypes.,Retained only for prespecified sensitivity analysis.,Anemia,Launched,,True,['European'],[],['European'],3,3,0,1,0,1,False,Anemia,Anemia,11,11,4,7,Direct quantitative readout,hematology,True,REVIEW,,
pt_53d1bb37b3de7775,EGLN3-D000740,EGLN3,A,D000740,Anemia,SENSITIVITY,Direct quantitative readout,Pan-UKB,Pan-UKB::continuous|30030|both_sexes||irnt,Haematocrit percentage,continuous|30030|both_sexes||irnt,GRCh37,haematocrit,"CSA,EUR",CSA,map_97b816746f065ca0,Standard red-cell measures characterize anemia and major subtypes.,Retained only for prespecified sensitivity analysis.,Anemia,Launched,,True,['African' 'East Asian' 'European' 'Hispanic/Latin American' 'South Asian'],[],['African' 'East Asian' 'European' 'Hispanic/Latin American' 'South Asian'],4,4,0,5,0,5,False,Anemia,Anemia,11,11,4,7,Direct quantitative readout,hematology,True,REVIEW,,
pt_4a60b59bf6f01ab3,EGLN3-D000740,EGLN3,A,D000740,Anemia,PRIMARY,Direct quantitative readout,Pan-UKB,Pan-UKB::continuous|30020|both_sexes||irnt,Haemoglobin concentration,continuous|30020|both_sexes||irnt,GRCh37,haemoglobin,"CSA,EUR",CSA,map_e6f7fc7e1a195345,Standard red-cell measures characterize anemia and major subtypes.,Locked as the single primary representation of this indication.,Anemia,Launched,,True,['African' 'East Asian' 'European' 'Hispanic/Latin American' 'South Asian'],[],['African' 'East Asian' 'European' 'Hispanic/Latin American' 'South Asian'],4,4,0,5,0,5,False,Anemia,Anemia,11,11,4,7,Direct quantitative readout,hematology,True,REVIEW,,
pt_78be190594bc93c5,EGLN3-D000740,EGLN3,A,D000740,Anemia,SENSITIVITY,Direct quantitative readout,Pan-UKB,Pan-UKB::continuous|30040|both_sexes||irnt,Mean corpuscular volume,continuous|30040|both_sexes||irnt,GRCh37,mean_corpuscular_volume,"CSA,EUR",CSA,map_69f44c24155f039a,Standard red-cell measures characterize anemia and major subtypes.,Retained only for prespecified sensitivity analysis.,Anemia,Launched,,True,['African' 'East Asian' 'European' 'Hispanic/Latin American' 'South Asian'],[],['African' 'East Asian' 'European' 'Hispanic/Latin American' 'South Asian'],4,4,0,5,0,5,False,Anemia,Anemia,11,11,4,7,Direct quantitative readout,hematology,True,REVIEW,,
pt_a24718d742164053,ENPEP-D006333,ENPEP,B,D006333,Heart Failure,PRIMARY,Direct disease,GBMI,GBMI::HF,Heart failure,HF,GRCh38,HF,"AFR,AMR,EAS,EUR","AFR,AMR,EAS",map_f40814641878ba92,The GBMI endpoint is an exact or clinically equivalent disease endpoint.,Locked as the single primary representation of this indication.,Heart Failure,Phase II,,True,['East Asian' 'European'],[],['East Asian' 'European'],4,4,0,2,0,2,False,Heart Failure,Heart Failure,1,1,0,1,Direct disease,direct_disease,True,REVIEW,,
pt_4993d4eadc892c1e,ENPP1-D017674,ENPP1,B,D017674,Hypophosphatemia,PRIMARY,Direct quantitative readout,Pan-UKB,Pan-UKB::biomarkers|30810|both_sexes||irnt,Phosphate,biomarkers|30810|both_sexes||irnt,GRCh37,phosphate,"CSA,EUR",CSA,map_cc39e4e4907a27bd,Serum phosphate directly represents the indication.,Locked as the single primary representation of this indication.,Hypophosphatemia,Phase II,,True,['East Asian'],[],['East Asian'],1,1,0,1,0,1,False,Hypophosphatemia,Hypophosphatemia,1,1,0,1,Direct quantitative readout,mineral,True,REVIEW,,
pt_e4cde192d116f66f,EPHX2-D029424,EPHX2,B,D029424,"Pulmonary Disease, Chronic Obstructive",PRIMARY,Direct disease,GBMI,GBMI::COPD,Chronic obstructive pulmonary disease,COPD,GRCh38,COPD,"AFR,AMR,EAS,EUR","AFR,AMR,EAS",map_c342a950924fe3b4,The GBMI endpoint is an exact or clinically equivalent disease endpoint.,Locked as the single primary representation of this indication.,"Pulmonary Disease, Chronic Obstructive",Phase I,,True,['European'],[],['European'],3,3,0,1,0,1,False,"Pulmonary Disease, Chronic Obstructive","Pulmonary Disease, Chronic Obstructive",20,20,3,17,Direct disease,direct_disease,True,REVIEW,,
pt_5b7572dcf77e5b96,EPHX2-D029424,EPHX2,B,D029424,"Pulmonary Disease, Chronic Obstructive",SENSITIVITY,Closely related phenotype,Pan-UKB,Pan-UKB::continuous|3063|both_sexes||irnt,Forced expiratory volume in 1-second (FEV1),continuous|3063|both_sexes||irnt,GRCh37,fev1,"AFR,CSA,EUR,MID","AFR,CSA,MID",map_3b5ef0a073ff5fa0,Spirometry measures airflow limitation central to COPD but is not the disease endpoint.,Retained only for prespecified sensitivity analysis.,"Pulmonary Disease, Chronic Obstructive",Phase I,,True,['European'],[],['European'],3,3,0,1,0,1,False,"Pulmonary Disease, Chronic Obstructive","Pulmonary Disease, Chronic Obstructive",20,20,3,17,Closely related phenotype,pulmonary,True,REVIEW,,
pt_6466871a3a9deb37,EPHX2-D029424,EPHX2,B,D029424,"Pulmonary Disease, Chronic Obstructive",SENSITIVITY,Closely related phenotype,Pan-UKB,Pan-UKB::continuous|3062|both_sexes||irnt,Forced vital capacity (FVC),continuous|3062|both_sexes||irnt,GRCh37,fvc,"AFR,CSA,EUR,MID","AFR,CSA,MID",map_16d098169734a13c,Spirometry measures airflow limitation central to COPD but is not the disease endpoint.,Retained only for prespecified sensitivity analysis.,"Pulmonary Disease, Chronic Obstructive",Phase I,,True,['European'],[],['European'],3,3,0,1,0,1,False,"Pulmonary Disease, Chronic Obstructive","Pulmonary Disease, Chronic Obstructive",20,20,3,17,Closely related phenotype,pulmonary,True,REVIEW,,
pt_f871716c92412605,EPOR-D000740,EPOR,A,D000740,Anemia,SENSITIVITY,Direct quantitative readout,Pan-UKB,Pan-UKB::continuous|30030|both_sexes||irnt,Haematocrit percentage,continuous|30030|both_sexes||irnt,GRCh37,haematocrit,"CSA,EUR",CSA,map_97b816746f065ca0,Standard red-cell measures characterize anemia and major subtypes.,Retained only for prespecified sensitivity analysis.,Anemia,Launched,,True,['European'],[],['European'],7,7,0,1,0,1,False,Anemia,Anemia,11,11,4,7,Direct quantitative readout,hematology,True,REVIEW,,
pt_e8fcbbad63c9aa05,EPOR-D000740,EPOR,A,D000740,Anemia,PRIMARY,Direct quantitative readout,Pan-UKB,Pan-UKB::continuous|30020|both_sexes||irnt,Haemoglobin concentration,continuous|30020|both_sexes||irnt,GRCh37,haemoglobin,"CSA,EUR",CSA,map_e6f7fc7e1a195345,Standard red-cell measures characterize anemia and major subtypes.,Locked as the single primary representation of this indication.,Anemia,Launched,,True,['European'],[],['European'],7,7,0,1,0,1,False,Anemia,Anemia,11,11,4,7,Direct quantitative readout,hematology,True,REVIEW,,
pt_62b1ecd7b01c4a8c,EPOR-D000740,EPOR,A,D000740,Anemia,SENSITIVITY,Direct quantitative readout,Pan-UKB,Pan-UKB::continuous|30040|both_sexes||irnt,Mean corpuscular volume,continuous|30040|both_sexes||irnt,GRCh37,mean_corpuscular_volume,"CSA,EUR",CSA,map_69f44c24155f039a,Standard red-cell measures characterize anemia and major subtypes.,Retained only for prespecified sensitivity analysis.,Anemia,Launched,,True,['European'],[],['European'],7,7,0,1,0,1,False,Anemia,Anemia,11,11,4,7,Direct quantitative readout,hematology,True,REVIEW,,
pt_2ff6867b27ca6656,ESR1-D010024,ESR1,A,D010024,Osteoporosis,PRIMARY,Direct quantitative readout,Pan-UKB,Pan-UKB::continuous|3148|both_sexes||irnt,Heel bone mineral density (BMD),continuous|3148|both_sexes||irnt,GRCh37,heel_bone_mineral_density,"CSA,EUR",CSA,map_12f03918e0d13cd5,Bone mineral density is the defining quantitative measure.,Locked as the single primary representation of this indication.,Osteoporosis,Launched,,True,['African' 'East Asian' 'European' 'Hispanic/Latin American' 'NR'],['East Asian' 'European' 'NR'],['African' 'East Asian' 'European' 'Hispanic/Latin American' 'NR'],15,15,8,4,2,4,True,Osteoporosis,Osteoporosis,3,3,1,2,Direct quantitative readout,bone,True,REVIEW,,
pt_14ea18744db9828c,F10-D020246,F10,A,D020246,Venous Thrombosis,PRIMARY,Direct disease,GBMI,GBMI::VTE,Venous thromboembolism,VTE,GRCh38,VTE,"AFR,AMR,EAS,EUR","AFR,AMR,EAS",map_ec3d332f75944823,The GBMI endpoint is an exact or clinically equivalent disease endpoint.,Locked as the single primary representation of this indication.,Venous Thrombosis,Launched,2011.0,True,['European'],[],['European'],1,1,0,1,0,1,False,Venous Thrombosis,Venous Thrombosis,4,4,2,2,Direct disease,direct_disease,True,REVIEW,,
pt_2672d028e30de803,F11-D020246,F11,B,D020246,Venous Thrombosis,PRIMARY,Direct disease,GBMI,GBMI::VTE,Venous thromboembolism,VTE,GRCh38,VTE,"AFR,AMR,EAS,EUR","AFR,AMR,EAS",map_ec3d332f75944823,The GBMI endpoint is an exact or clinically equivalent disease endpoint.,Locked as the single primary representation of this indication.,Venous Thrombosis,Phase II,,True,['European' 'NR'],[],['European' 'NR'],5,5,0,1,0,1,False,Venous Thrombosis,Venous Thrombosis,4,4,2,2,Direct disease,direct_disease,True,REVIEW,,
pt_8f933093adb5080e,F2-D011655,F2,A,D011655,Pulmonary Embolism,PRIMARY,Direct disease,GBMI,GBMI::VTE,Venous thromboembolism,VTE,GRCh38,VTE,"AFR,AMR,EAS,EUR","AFR,AMR,EAS",map_31a87e71c50f515c,The GBMI endpoint is an exact or clinically equivalent disease endpoint.,Locked as the single primary representation of this indication.,Pulmonary Embolism,Launched,2021.0,True,['European' 'NR'],[],['European' 'NR'],3,3,0,1,0,1,False,Pulmonary Embolism,Pulmonary Embolism,1,1,1,0,Direct disease,direct_disease,True,REVIEW,,
pt_b4ed1f1e382b0509,F2-D020246,F2,A,D020246,Venous Thrombosis,PRIMARY,Direct disease,GBMI,GBMI::VTE,Venous thromboembolism,VTE,GRCh38,VTE,"AFR,AMR,EAS,EUR","AFR,AMR,EAS",map_ec3d332f75944823,The GBMI endpoint is an exact or clinically equivalent disease endpoint.,Locked as the single primary representation of this indication.,Venous Thrombosis,Launched,,True,['European' 'NR'],[],['European' 'NR'],4,4,0,1,0,1,False,Venous Thrombosis,Venous Thrombosis,4,4,2,2,Direct disease,direct_disease,True,REVIEW,,
pt_61a89681c68fc462,FAP-D009503,FAP,B,D009503,Neutropenia,PRIMARY,Direct quantitative readout,Pan-UKB,Pan-UKB::continuous|30140|both_sexes||irnt,Neutrophill count,continuous|30140|both_sexes||irnt,GRCh37,neutrophil_count,"CSA,EUR,MID","CSA,MID",map_8b53a7b4081fa0ab,Neutrophil count directly represents the indication.,Locked as the single primary representation of this indication.,Neutropenia,Phase III,,True,['African' 'East Asian' 'European' 'Hispanic/Latin American' 'South Asian'],[],['African' 'East Asian' 'European' 'Hispanic/Latin American' 'South Asian'],5,5,0,5,0,5,False,Neutropenia,Neutropenia,4,4,2,2,Direct quantitative readout,hematology,True,REVIEW,,
pt_56b10f129c3ba627,FBP1-D003924,FBP1,B,D003924,"Diabetes Mellitus, Type 2",PRIMARY,Direct quantitative readout,Pan-UKB,Pan-UKB::biomarkers|30750|both_sexes||irnt,Glycated haemoglobin (HbA1c),biomarkers|30750|both_sexes||irnt,GRCh37,hba1c,"CSA,EUR,MID","CSA,MID",map_ae8d9a8f89a7795e,HbA1c is a standard quantitative measure of chronic glycemia.,Locked as the single primary representation of this indication.,"Diabetes Mellitus, Type 2",Phase II,,True,['European'],[],['European'],1,1,0,1,0,1,False,"Diabetes Mellitus, Type 2","Diabetes Mellitus, Type 2",18,18,9,9,Direct quantitative readout,glycemia,True,REVIEW,,
pt_36bf419a1b6968db,FCGRT-D013921,FCGRT,B,D013921,Thrombocytopenia,PRIMARY,Direct quantitative readout,Pan-UKB,Pan-UKB::continuous|30080|both_sexes||irnt,Platelet count,continuous|30080|both_sexes||irnt,GRCh37,platelet_count,"AFR,CSA,EAS,EUR","AFR,CSA,EAS",map_9fca929f0496a5a9,Platelet count directly represents the indication.,Locked as the single primary representation of this indication.,Thrombocytopenia,Phase III,,True,['East Asian' 'European'],[],['East Asian' 'European'],6,6,0,2,0,2,False,Thrombocytopenia,Thrombocytopenia,10,10,4,6,Direct quantitative readout,hematology,True,REVIEW,,
pt_29dc2d48bcfb41cd,FDFT1-D006949,FDFT1,B,D006949,Hyperlipidemias,SENSITIVITY,Direct quantitative readout,Pan-UKB,Pan-UKB::biomarkers|30640|both_sexes||irnt,Apolipoprotein B,biomarkers|30640|both_sexes||irnt,GRCh37,apolipoprotein_b,"CSA,EUR",CSA,map_431e4b5a762bae69,Circulating lipid measure directly represents the indication construct.,Retained only for prespecified sensitivity analysis.,Hyperlipidemias,Phase III,,True,['African' 'East Asian' 'European' 'Hispanic/Latin American' 'South Asian'],['European' 'NR'],"['African' 'East Asian' 'European' 'Hispanic/Latin American' 'NR'
 'South Asian']",8,8,3,5,1,5,True,Hyperlipidemias,Hyperlipidemias,22,22,4,18,Direct quantitative readout,lipids,True,REVIEW,,
pt_fa534d20c058ca7b,FDFT1-D006949,FDFT1,B,D006949,Hyperlipidemias,SENSITIVITY,Direct quantitative readout,Pan-UKB,Pan-UKB::biomarkers|30690|both_sexes||irnt,Cholesterol,biomarkers|30690|both_sexes||irnt,GRCh37,total_cholesterol,"CSA,EUR",CSA,map_c7d4a03a9508b750,Circulating lipid measure directly represents the indication construct.,Retained only for prespecified sensitivity analysis.,Hyperlipidemias,Phase III,,True,['African' 'East Asian' 'European' 'Hispanic/Latin American' 'South Asian'],['European' 'NR'],"['African' 'East Asian' 'European' 'Hispanic/Latin American' 'NR'
 'South Asian']",8,8,3,5,1,5,True,Hyperlipidemias,Hyperlipidemias,22,22,4,18,Direct quantitative readout,lipids,True,REVIEW,,
pt_859fcd18c054396a,FDFT1-D006949,FDFT1,B,D006949,Hyperlipidemias,PRIMARY,Direct quantitative readout,Pan-UKB,Pan-UKB::biomarkers|30780|both_sexes||irnt,LDL direct,biomarkers|30780|both_sexes||irnt,GRCh37,ldl_cholesterol,"CSA,EUR",CSA,map_8442195d65e17d61,Circulating lipid measure directly represents the indication construct.,Locked as the single primary representation of this indication.,Hyperlipidemias,Phase III,,True,['African' 'East Asian' 'European' 'Hispanic/Latin American' 'South Asian'],['European' 'NR'],"['African' 'East Asian' 'European' 'Hispanic/Latin American' 'NR'
 'South Asian']",8,8,3,5,1,5,True,Hyperlipidemias,Hyperlipidemias,22,22,4,18,Direct quantitative readout,lipids,True,REVIEW,,
pt_d4f473282cc7550a,FGF21-D015228,FGF21,B,D015228,Hypertriglyceridemia,PRIMARY,Direct quantitative readout,Pan-UKB,Pan-UKB::biomarkers|30870|both_sexes||irnt,Triglycerides,biomarkers|30870|both_sexes||irnt,GRCh37,triglycerides,"AFR,CSA,EUR,MID","AFR,CSA,MID",map_e34c5f2ec9867915,Triglyceride concentration directly represents hypertriglyceridemia.,Locked as the single primary representation of this indication.,Hypertriglyceridemia,Phase II,,True,['African' 'East Asian' 'European' 'Hispanic/Latin American' 'South Asian'],['NR'],"['African' 'East Asian' 'European' 'Hispanic/Latin American' 'NR'
 'South Asian']",6,6,1,5,0,5,True,Hypertriglyceridemia,Hypertriglyceridemia,14,14,3,11,Direct quantitative readout,lipids,True,REVIEW,,
pt_e5ed0da43ef0e00b,FGFR1-D003924,FGFR1,B,D003924,"Diabetes Mellitus, Type 2",PRIMARY,Direct quantitative readout,Pan-UKB,Pan-UKB::biomarkers|30750|both_sexes||irnt,Glycated haemoglobin (HbA1c),biomarkers|30750|both_sexes||irnt,GRCh37,hba1c,"CSA,EUR,MID","CSA,MID",map_ae8d9a8f89a7795e,HbA1c is a standard quantitative measure of chronic glycemia.,Locked as the single primary representation of this indication.,"Diabetes Mellitus, Type 2",Phase I,,True,['East Asian'],[],['East Asian'],1,1,0,1,0,1,False,"Diabetes Mellitus, Type 2","Diabetes Mellitus, Type 2",18,18,9,9,Direct quantitative readout,glycemia,True,REVIEW,,
pt_55d13cd9c4edbb4a,FGFR1-D009765,FGFR1,B,D009765,Obesity,PRIMARY,Direct quantitative readout,Pan-UKB,Pan-UKB::continuous|21001|both_sexes||irnt,Body mass index (BMI),continuous|21001|both_sexes||irnt,GRCh37,body_mass_index,"AFR,CSA,EUR,MID","AFR,CSA,MID",map_0b18d3fa6d5f91c0,BMI and waist circumference directly measure adiposity.,Locked as the single primary representation of this indication.,Obesity,Phase I,,True,['European'],[],['European'],5,5,0,1,0,1,False,Obesity,Obesity,31,31,4,27,Direct quantitative readout,anthropometry,True,REVIEW,,
pt_6610d1a6f390501f,FGFR1-D009765,FGFR1,B,D009765,Obesity,SENSITIVITY,Direct quantitative readout,Pan-UKB,Pan-UKB::continuous|48|both_sexes||irnt,Waist circumference,continuous|48|both_sexes||irnt,GRCh37,waist_circumference,"AFR,CSA,EUR,MID","AFR,CSA,MID",map_89b2b7c6b871d268,BMI and waist circumference directly measure adiposity.,Retained only for prespecified sensitivity analysis.,Obesity,Phase I,,True,['European'],[],['European'],5,5,0,1,0,1,False,Obesity,Obesity,31,31,4,27,Direct quantitative readout,anthropometry,True,REVIEW,,
pt_ace63a3c880fb84d,FGFR3-D001249,FGFR3,B,D001249,Asthma,PRIMARY,Direct disease,GBMI,GBMI::Asthma,Asthma,Asthma,GRCh38,Asthma,"AFR,AMR,CSA,EAS,EUR","AFR,AMR,CSA,EAS",map_142944bd2f968395,The GBMI endpoint is an exact or clinically equivalent disease endpoint.,Locked as the single primary representation of this indication.,Asthma,Phase III,,True,['European'],['European'],['European'],2,2,1,1,1,1,True,Asthma,Asthma,29,29,4,25,Direct disease,direct_disease,True,REVIEW,,
pt_d4f6500cc385f7de,FGFR3-D001249,FGFR3,B,D001249,Asthma,SENSITIVITY,Proxy biomarker,Pan-UKB,Pan-UKB::continuous|30150|both_sexes||irnt,Eosinophill count,continuous|30150|both_sexes||irnt,GRCh37,eosinophil_count,"CSA,EUR",CSA,map_cb8244ded7498122,"Eosinophils and spirometry measure allergic inflammation or airway physiology, not asthma diagnosis itself.",Retained only for prespecified sensitivity analysis.,Asthma,Phase III,,True,['European'],['European'],['European'],2,2,1,1,1,1,True,Asthma,Asthma,29,29,4,25,Proxy biomarker,hematology_allergy,True,REVIEW,,
pt_3b3c9b5f2d68a24f,FGFR3-D001249,FGFR3,B,D001249,Asthma,SENSITIVITY,Proxy biomarker,Pan-UKB,Pan-UKB::continuous|3063|both_sexes||irnt,Forced expiratory volume in 1-second (FEV1),continuous|3063|both_sexes||irnt,GRCh37,fev1,"AFR,CSA,EUR,MID","AFR,CSA,MID",map_59356df4843aaef1,"Eosinophils and spirometry measure allergic inflammation or airway physiology, not asthma diagnosis itself.",Retained only for prespecified sensitivity analysis.,Asthma,Phase III,,True,['European'],['European'],['European'],2,2,1,1,1,1,True,Asthma,Asthma,29,29,4,25,Proxy biomarker,pulmonary,True,REVIEW,,
pt_7b8f5c7ccd4952ce,FGFR3-D001249,FGFR3,B,D001249,Asthma,SENSITIVITY,Proxy biomarker,Pan-UKB,Pan-UKB::continuous|3062|both_sexes||irnt,Forced vital capacity (FVC),continuous|3062|both_sexes||irnt,GRCh37,fvc,"AFR,CSA,EUR,MID","AFR,CSA,MID",map_8f3487c5d3ef8b41,"Eosinophils and spirometry measure allergic inflammation or airway physiology, not asthma diagnosis itself.",Retained only for prespecified sensitivity analysis.,Asthma,Phase III,,True,['European'],['European'],['European'],2,2,1,1,1,1,True,Asthma,Asthma,29,29,4,25,Proxy biomarker,pulmonary,True,REVIEW,,
pt_ae7b9a4c9fd0375d,FGFR4-D003924,FGFR4,B,D003924,"Diabetes Mellitus, Type 2",PRIMARY,Direct quantitative readout,Pan-UKB,Pan-UKB::biomarkers|30750|both_sexes||irnt,Glycated haemoglobin (HbA1c),biomarkers|30750|both_sexes||irnt,GRCh37,hba1c,"CSA,EUR,MID","CSA,MID",map_ae8d9a8f89a7795e,HbA1c is a standard quantitative measure of chronic glycemia.,Locked as the single primary representation of this indication.,"Diabetes Mellitus, Type 2",Phase II,,True,['East Asian' 'European' 'South Asian'],[],['East Asian' 'European' 'South Asian'],6,6,0,3,0,3,False,"Diabetes Mellitus, Type 2","Diabetes Mellitus, Type 2",18,18,9,9,Direct quantitative readout,glycemia,True,REVIEW,,
pt_97751f3cea11e3e7,FGFR4-D009765,FGFR4,B,D009765,Obesity,PRIMARY,Direct quantitative readout,Pan-UKB,Pan-UKB::continuous|21001|both_sexes||irnt,Body mass index (BMI),continuous|21001|both_sexes||irnt,GRCh37,body_mass_index,"AFR,CSA,EUR,MID","AFR,CSA,MID",map_0b18d3fa6d5f91c0,BMI and waist circumference directly measure adiposity.,Locked as the single primary representation of this indication.,Obesity,Phase II,,True,['East Asian' 'European'],[],['East Asian' 'European'],6,6,0,2,0,2,False,Obesity,Obesity,31,31,4,27,Direct quantitative readout,anthropometry,True,REVIEW,,
pt_9e3022c6916671e1,FGFR4-D009765,FGFR4,B,D009765,Obesity,SENSITIVITY,Direct quantitative readout,Pan-UKB,Pan-UKB::continuous|48|both_sexes||irnt,Waist circumference,continuous|48|both_sexes||irnt,GRCh37,waist_circumference,"AFR,CSA,EUR,MID","AFR,CSA,MID",map_89b2b7c6b871d268,BMI and waist circumference directly measure adiposity.,Retained only for prespecified sensitivity analysis.,Obesity,Phase II,,True,['East Asian' 'European'],[],['East Asian' 'European'],6,6,0,2,0,2,False,Obesity,Obesity,31,31,4,27,Direct quantitative readout,anthropometry,True,REVIEW,,
pt_2e463479f3c3c1fe,FLT3-D013921,FLT3,A,D013921,Thrombocytopenia,PRIMARY,Direct quantitative readout,Pan-UKB,Pan-UKB::continuous|30080|both_sexes||irnt,Platelet count,continuous|30080|both_sexes||irnt,GRCh37,platelet_count,"AFR,CSA,EAS,EUR","AFR,CSA,EAS",map_9fca929f0496a5a9,Platelet count directly represents the indication.,Locked as the single primary representation of this indication.,Thrombocytopenia,Launched,,True,['European'],[],['European'],3,3,0,1,0,1,False,Thrombocytopenia,Thrombocytopenia,10,10,4,6,Direct quantitative readout,hematology,True,REVIEW,,
pt_968301f071a70744,FLT3-D013922,FLT3,A,D013922,Thrombocytosis,PRIMARY,Direct quantitative readout,Pan-UKB,Pan-UKB::continuous|30080|both_sexes||irnt,Platelet count,continuous|30080|both_sexes||irnt,GRCh37,platelet_count,"AFR,CSA,EAS,EUR","AFR,CSA,EAS",map_0d3ac6c3d9993bb6,Platelet count directly represents the indication.,Locked as the single primary representation of this indication.,Thrombocytosis,Launched,,True,['European'],[],['European'],3,3,0,1,0,1,False,Thrombocytosis,Thrombocytosis,10,10,2,8,Direct quantitative readout,hematology,True,REVIEW,,
pt_bd9d4a7db48b6b03,GATA3-D001249,GATA3,B,D001249,Asthma,PRIMARY,Direct disease,GBMI,GBMI::Asthma,Asthma,Asthma,GRCh38,Asthma,"AFR,AMR,CSA,EAS,EUR","AFR,AMR,CSA,EAS",map_142944bd2f968395,The GBMI endpoint is an exact or clinically equivalent disease endpoint.,Locked as the single primary representation of this indication.,Asthma,Phase II,,True,['East Asian' 'European' 'NR'],['European' 'NR'],['East Asian' 'European' 'NR'],16,16,5,2,1,2,True,Asthma,Asthma,29,29,4,25,Direct disease,direct_disease,True,REVIEW,,
pt_7b10e69900b3a7b1,GATA3-D001249,GATA3,B,D001249,Asthma,SENSITIVITY,Proxy biomarker,Pan-UKB,Pan-UKB::continuous|30150|both_sexes||irnt,Eosinophill count,continuous|30150|both_sexes||irnt,GRCh37,eosinophil_count,"CSA,EUR",CSA,map_cb8244ded7498122,"Eosinophils and spirometry measure allergic inflammation or airway physiology, not asthma diagnosis itself.",Retained only for prespecified sensitivity analysis.,Asthma,Phase II,,True,['East Asian' 'European' 'NR'],['European' 'NR'],['East Asian' 'European' 'NR'],16,16,5,2,1,2,True,Asthma,Asthma,29,29,4,25,Proxy biomarker,hematology_allergy,True,REVIEW,,
pt_e1c0f99fc624ae35,GATA3-D001249,GATA3,B,D001249,Asthma,SENSITIVITY,Proxy biomarker,Pan-UKB,Pan-UKB::continuous|3063|both_sexes||irnt,Forced expiratory volume in 1-second (FEV1),continuous|3063|both_sexes||irnt,GRCh37,fev1,"AFR,CSA,EUR,MID","AFR,CSA,MID",map_59356df4843aaef1,"Eosinophils and spirometry measure allergic inflammation or airway physiology, not asthma diagnosis itself.",Retained only for prespecified sensitivity analysis.,Asthma,Phase II,,True,['East Asian' 'European' 'NR'],['European' 'NR'],['East Asian' 'European' 'NR'],16,16,5,2,1,2,True,Asthma,Asthma,29,29,4,25,Proxy biomarker,pulmonary,True,REVIEW,,
pt_105c2b6937cb44e1,GATA3-D001249,GATA3,B,D001249,Asthma,SENSITIVITY,Proxy biomarker,Pan-UKB,Pan-UKB::continuous|3062|both_sexes||irnt,Forced vital capacity (FVC),continuous|3062|both_sexes||irnt,GRCh37,fvc,"AFR,CSA,EUR,MID","AFR,CSA,MID",map_8f3487c5d3ef8b41,"Eosinophils and spirometry measure allergic inflammation or airway physiology, not asthma diagnosis itself.",Retained only for prespecified sensitivity analysis.,Asthma,Phase II,,True,['East Asian' 'European' 'NR'],['European' 'NR'],['East Asian' 'European' 'NR'],16,16,5,2,1,2,True,Asthma,Asthma,29,29,4,25,Proxy biomarker,pulmonary,True,REVIEW,,
pt_848b134692952f36,GATA3-D003876,GATA3,B,D003876,"Dermatitis, Atopic",SENSITIVITY,Proxy biomarker,Pan-UKB,Pan-UKB::continuous|30150|both_sexes||irnt,Eosinophill count,continuous|30150|both_sexes||irnt,GRCh37,eosinophil_count,"CSA,EUR",CSA,map_5870426bd34a44e7,Eosinophil count is an allergic-inflammatory biomarker rather than the disease endpoint.,Retained only for prespecified sensitivity analysis.,"Dermatitis, Atopic",Phase II,,True,['East Asian' 'European'],[],['East Asian' 'European'],2,2,0,2,0,2,False,"Dermatitis, Atopic","Dermatitis, Atopic",12,12,2,10,Proxy biomarker,hematology_allergy,True,REVIEW,,
pt_8708e14825673f46,GATA3-D029424,GATA3,B,D029424,"Pulmonary Disease, Chronic Obstructive",PRIMARY,Direct disease,GBMI,GBMI::COPD,Chronic obstructive pulmonary disease,COPD,GRCh38,COPD,"AFR,AMR,EAS,EUR","AFR,AMR,EAS",map_c342a950924fe3b4,The GBMI endpoint is an exact or clinically equivalent disease endpoint.,Locked as the single primary representation of this indication.,"Pulmonary Disease, Chronic Obstructive",Phase II,,True,['East Asian' 'European' 'NR'],['European' 'NR'],['East Asian' 'European' 'NR'],16,16,5,2,1,2,True,"Pulmonary Disease, Chronic Obstructive","Pulmonary Disease, Chronic Obstructive",20,20,3,17,Direct disease,direct_disease,True,REVIEW,,
pt_a6f2b9c58e5ca97f,GATA3-D029424,GATA3,B,D029424,"Pulmonary Disease, Chronic Obstructive",SENSITIVITY,Closely related phenotype,Pan-UKB,Pan-UKB::continuous|3063|both_sexes||irnt,Forced expiratory volume in 1-second (FEV1),continuous|3063|both_sexes||irnt,GRCh37,fev1,"AFR,CSA,EUR,MID","AFR,CSA,MID",map_3b5ef0a073ff5fa0,Spirometry measures airflow limitation central to COPD but is not the disease endpoint.,Retained only for prespecified sensitivity analysis.,"Pulmonary Disease, Chronic Obstructive",Phase II,,True,['East Asian' 'European' 'NR'],['European' 'NR'],['East Asian' 'European' 'NR'],16,16,5,2,1,2,True,"Pulmonary Disease, Chronic Obstructive","Pulmonary Disease, Chronic Obstructive",20,20,3,17,Closely related phenotype,pulmonary,True,REVIEW,,
pt_7b99cef171b16b90,GATA3-D029424,GATA3,B,D029424,"Pulmonary Disease, Chronic Obstructive",SENSITIVITY,Closely related phenotype,Pan-UKB,Pan-UKB::continuous|3062|both_sexes||irnt,Forced vital capacity (FVC),continuous|3062|both_sexes||irnt,GRCh37,fvc,"AFR,CSA,EUR,MID","AFR,CSA,MID",map_16d098169734a13c,Spirometry measures airflow limitation central to COPD but is not the disease endpoint.,Retained only for prespecified sensitivity analysis.,"Pulmonary Disease, Chronic Obstructive",Phase II,,True,['East Asian' 'European' 'NR'],['European' 'NR'],['East Asian' 'European' 'NR'],16,16,5,2,1,2,True,"Pulmonary Disease, Chronic Obstructive","Pulmonary Disease, Chronic Obstructive",20,20,3,17,Closely related phenotype,pulmonary,True,REVIEW,,
pt_982d90f913239d84,GCK-D003920,GCK,B,D003920,Diabetes Mellitus,PRIMARY,Direct quantitative readout,Pan-UKB,Pan-UKB::biomarkers|30750|both_sexes||irnt,Glycated haemoglobin (HbA1c),biomarkers|30750|both_sexes||irnt,GRCh37,hba1c,"CSA,EUR,MID","CSA,MID",map_0c8c975606285aeb,HbA1c is a standard quantitative measure of chronic glycemia.,Locked as the single primary representation of this indication.,Diabetes Mellitus,Phase I,,True,"['African' 'East Asian' 'European' 'Hispanic/Latin American' 'NR'
 'Native American' 'Other Asian' 'South Asian']",['East Asian' 'European' 'Hispanic/Latin American'],"['African' 'East Asian' 'European' 'Hispanic/Latin American' 'NR'
 'Native American' 'Other Asian' 'South Asian']",17,17,4,7,3,7,True,Diabetes Mellitus,Diabetes Mellitus,13,13,2,11,Direct quantitative readout,glycemia,True,REVIEW,,
pt_9b8d18291ce157f8,GCK-D003924,GCK,A,D003924,"Diabetes Mellitus, Type 2",PRIMARY,Direct quantitative readout,Pan-UKB,Pan-UKB::biomarkers|30750|both_sexes||irnt,Glycated haemoglobin (HbA1c),biomarkers|30750|both_sexes||irnt,GRCh37,hba1c,"CSA,EUR,MID","CSA,MID",map_ae8d9a8f89a7795e,HbA1c is a standard quantitative measure of chronic glycemia.,Locked as the single primary representation of this indication.,"Diabetes Mellitus, Type 2",Launched,,True,['African' 'East Asian' 'European' 'Hispanic/Latin American' 'South Asian'],[],['African' 'East Asian' 'European' 'Hispanic/Latin American' 'South Asian'],13,13,0,5,0,5,False,"Diabetes Mellitus, Type 2","Diabetes Mellitus, Type 2",18,18,9,9,Direct quantitative readout,glycemia,True,REVIEW,,
pt_6f6828609e789cf8,GDF15-D003920,GDF15,B,D003920,Diabetes Mellitus,PRIMARY,Direct quantitative readout,Pan-UKB,Pan-UKB::biomarkers|30750|both_sexes||irnt,Glycated haemoglobin (HbA1c),biomarkers|30750|both_sexes||irnt,GRCh37,hba1c,"CSA,EUR,MID","CSA,MID",map_0c8c975606285aeb,HbA1c is a standard quantitative measure of chronic glycemia.,Locked as the single primary representation of this indication.,Diabetes Mellitus,Phase I,,True,['East Asian' 'European'],[],['East Asian' 'European'],1,1,0,2,0,2,False,Diabetes Mellitus,Diabetes Mellitus,13,13,2,11,Direct quantitative readout,glycemia,True,REVIEW,,
pt_a5add0ece00b739d,GDF15-D009765,GDF15,B,D009765,Obesity,PRIMARY,Direct quantitative readout,Pan-UKB,Pan-UKB::continuous|21001|both_sexes||irnt,Body mass index (BMI),continuous|21001|both_sexes||irnt,GRCh37,body_mass_index,"AFR,CSA,EUR,MID","AFR,CSA,MID",map_0b18d3fa6d5f91c0,BMI and waist circumference directly measure adiposity.,Locked as the single primary representation of this indication.,Obesity,Phase I,,True,['European'],[],['European'],5,5,0,1,0,1,False,Obesity,Obesity,31,31,4,27,Direct quantitative readout,anthropometry,True,REVIEW,,
pt_44e77fdd76d26aca,GDF15-D009765,GDF15,B,D009765,Obesity,SENSITIVITY,Direct quantitative readout,Pan-UKB,Pan-UKB::continuous|48|both_sexes||irnt,Waist circumference,continuous|48|both_sexes||irnt,GRCh37,waist_circumference,"AFR,CSA,EUR,MID","AFR,CSA,MID",map_89b2b7c6b871d268,BMI and waist circumference directly measure adiposity.,Retained only for prespecified sensitivity analysis.,Obesity,Phase I,,True,['European'],[],['European'],5,5,0,1,0,1,False,Obesity,Obesity,31,31,4,27,Direct quantitative readout,anthropometry,True,REVIEW,,
pt_b6b18bd48a0e5eba,GFRAL-D009765,GFRAL,B,D009765,Obesity,PRIMARY,Direct quantitative readout,Pan-UKB,Pan-UKB::continuous|21001|both_sexes||irnt,Body mass index (BMI),continuous|21001|both_sexes||irnt,GRCh37,body_mass_index,"AFR,CSA,EUR,MID","AFR,CSA,MID",map_0b18d3fa6d5f91c0,BMI and waist circumference directly measure adiposity.,Locked as the single primary representation of this indication.,Obesity,Phase I,,True,['African' 'East Asian' 'European' 'Hispanic/Latin American' 'South Asian'],['European'],['African' 'East Asian' 'European' 'Hispanic/Latin American' 'South Asian'],3,3,1,5,1,5,True,Obesity,Obesity,31,31,4,27,Direct quantitative readout,anthropometry,True,REVIEW,,
pt_1948b1937f1e18eb,GFRAL-D009765,GFRAL,B,D009765,Obesity,SENSITIVITY,Direct quantitative readout,Pan-UKB,Pan-UKB::continuous|48|both_sexes||irnt,Waist circumference,continuous|48|both_sexes||irnt,GRCh37,waist_circumference,"AFR,CSA,EUR,MID","AFR,CSA,MID",map_89b2b7c6b871d268,BMI and waist circumference directly measure adiposity.,Retained only for prespecified sensitivity analysis.,Obesity,Phase I,,True,['African' 'East Asian' 'European' 'Hispanic/Latin American' 'South Asian'],['European'],['African' 'East Asian' 'European' 'Hispanic/Latin American' 'South Asian'],3,3,1,5,1,5,True,Obesity,Obesity,31,31,4,27,Direct quantitative readout,anthropometry,True,REVIEW,,
pt_093db631728afc52,GHR-D009765,GHR,B,D009765,Obesity,PRIMARY,Direct quantitative readout,Pan-UKB,Pan-UKB::continuous|21001|both_sexes||irnt,Body mass index (BMI),continuous|21001|both_sexes||irnt,GRCh37,body_mass_index,"AFR,CSA,EUR,MID","AFR,CSA,MID",map_0b18d3fa6d5f91c0,BMI and waist circumference directly measure adiposity.,Locked as the single primary representation of this indication.,Obesity,Phase II,,True,['East Asian' 'European'],[],['East Asian' 'European'],5,5,0,2,0,2,False,Obesity,Obesity,31,31,4,27,Direct quantitative readout,anthropometry,True,REVIEW,,
pt_1b0d30b0a5f7a71f,GHR-D009765,GHR,B,D009765,Obesity,SENSITIVITY,Direct quantitative readout,Pan-UKB,Pan-UKB::continuous|48|both_sexes||irnt,Waist circumference,continuous|48|both_sexes||irnt,GRCh37,waist_circumference,"AFR,CSA,EUR,MID","AFR,CSA,MID",map_89b2b7c6b871d268,BMI and waist circumference directly measure adiposity.,Retained only for prespecified sensitivity analysis.,Obesity,Phase II,,True,['East Asian' 'European'],[],['East Asian' 'European'],5,5,0,2,0,2,False,Obesity,Obesity,31,31,4,27,Direct quantitative readout,anthropometry,True,REVIEW,,
pt_fd46318deaa5f1e2,GHRHR-D010024,GHRHR,B,D010024,Osteoporosis,PRIMARY,Direct quantitative readout,Pan-UKB,Pan-UKB::continuous|3148|both_sexes||irnt,Heel bone mineral density (BMD),continuous|3148|both_sexes||irnt,GRCh37,heel_bone_mineral_density,"CSA,EUR",CSA,map_12f03918e0d13cd5,Bone mineral density is the defining quantitative measure.,Locked as the single primary representation of this indication.,Osteoporosis,Phase II,,True,['NR'],[],['NR'],1,1,0,0,0,0,False,Osteoporosis,Osteoporosis,3,3,1,2,Direct quantitative readout,bone,True,REVIEW,,
pt_643bb3a9e4ce125d,GIPR-D003924,GIPR,A,D003924,"Diabetes Mellitus, Type 2",PRIMARY,Direct quantitative readout,Pan-UKB,Pan-UKB::biomarkers|30750|both_sexes||irnt,Glycated haemoglobin (HbA1c),biomarkers|30750|both_sexes||irnt,GRCh37,hba1c,"CSA,EUR,MID","CSA,MID",map_ae8d9a8f89a7795e,HbA1c is a standard quantitative measure of chronic glycemia.,Locked as the single primary representation of this indication.,"Diabetes Mellitus, Type 2",Launched,,True,"['African' 'East Asian' 'European' 'Hispanic/Latin American' 'NR'
 'South Asian']",['East Asian' 'European' 'South Asian'],"['African' 'East Asian' 'European' 'Hispanic/Latin American' 'NR'
 'South Asian']",10,10,1,5,3,5,True,"Diabetes Mellitus, Type 2","Diabetes Mellitus, Type 2",18,18,9,9,Direct quantitative readout,glycemia,True,REVIEW,,
pt_a9659599fb38be03,GIPR-D009765,GIPR,B,D009765,Obesity,PRIMARY,Direct quantitative readout,Pan-UKB,Pan-UKB::continuous|21001|both_sexes||irnt,Body mass index (BMI),continuous|21001|both_sexes||irnt,GRCh37,body_mass_index,"AFR,CSA,EUR,MID","AFR,CSA,MID",map_0b18d3fa6d5f91c0,BMI and waist circumference directly measure adiposity.,Locked as the single primary representation of this indication.,Obesity,Phase III,,True,"['African' 'East Asian' 'European' 'Hispanic/Latin American'
 'Native American' 'Oceanian' 'Other Asian' 'South Asian']",['African' 'East Asian' 'European' 'NR' 'Other Asian' 'South Asian'],"['African' 'East Asian' 'European' 'Hispanic/Latin American' 'NR'
 'Native American' 'Oceanian' 'Other Asian' 'South Asian']",36,36,11,8,5,8,True,Obesity,Obesity,31,31,4,27,Direct quantitative readout,anthropometry,True,REVIEW,,
pt_34e67122aadad065,GIPR-D009765,GIPR,B,D009765,Obesity,SENSITIVITY,Direct quantitative readout,Pan-UKB,Pan-UKB::continuous|48|both_sexes||irnt,Waist circumference,continuous|48|both_sexes||irnt,GRCh37,waist_circumference,"AFR,CSA,EUR,MID","AFR,CSA,MID",map_89b2b7c6b871d268,BMI and waist circumference directly measure adiposity.,Retained only for prespecified sensitivity analysis.,Obesity,Phase III,,True,"['African' 'East Asian' 'European' 'Hispanic/Latin American'
 'Native American' 'Oceanian' 'Other Asian' 'South Asian']",['African' 'East Asian' 'European' 'NR' 'Other Asian' 'South Asian'],"['African' 'East Asian' 'European' 'Hispanic/Latin American' 'NR'
 'Native American' 'Oceanian' 'Other Asian' 'South Asian']",36,36,11,8,5,8,True,Obesity,Obesity,31,31,4,27,Direct quantitative readout,anthropometry,True,REVIEW,,
pt_ff37c26b3ae2f75b,GLP1R-D003920,GLP1R,B,D003920,Diabetes Mellitus,PRIMARY,Direct quantitative readout,Pan-UKB,Pan-UKB::biomarkers|30750|both_sexes||irnt,Glycated haemoglobin (HbA1c),biomarkers|30750|both_sexes||irnt,GRCh37,hba1c,"CSA,EUR,MID","CSA,MID",map_0c8c975606285aeb,HbA1c is a standard quantitative measure of chronic glycemia.,Locked as the single primary representation of this indication.,Diabetes Mellitus,Phase I,,True,['European'],[],['European'],2,2,0,1,0,1,False,Diabetes Mellitus,Diabetes Mellitus,13,13,2,11,Direct quantitative readout,glycemia,True,REVIEW,,
pt_0e3ecf0637c90471,GLP1R-D003924,GLP1R,A,D003924,"Diabetes Mellitus, Type 2",PRIMARY,Direct quantitative readout,Pan-UKB,Pan-UKB::biomarkers|30750|both_sexes||irnt,Glycated haemoglobin (HbA1c),biomarkers|30750|both_sexes||irnt,GRCh37,hba1c,"CSA,EUR,MID","CSA,MID",map_ae8d9a8f89a7795e,HbA1c is a standard quantitative measure of chronic glycemia.,Locked as the single primary representation of this indication.,"Diabetes Mellitus, Type 2",Launched,,True,['African' 'East Asian' 'European' 'South Asian'],[],['African' 'East Asian' 'European' 'South Asian'],8,8,0,4,0,4,False,"Diabetes Mellitus, Type 2","Diabetes Mellitus, Type 2",18,18,9,9,Direct quantitative readout,glycemia,True,REVIEW,,
pt_6013419d18ed374a,GLP1R-D009765,GLP1R,A,D009765,Obesity,PRIMARY,Direct quantitative readout,Pan-UKB,Pan-UKB::continuous|21001|both_sexes||irnt,Body mass index (BMI),continuous|21001|both_sexes||irnt,GRCh37,body_mass_index,"AFR,CSA,EUR,MID","AFR,CSA,MID",map_0b18d3fa6d5f91c0,BMI and waist circumference directly measure adiposity.,Locked as the single primary representation of this indication.,Obesity,Launched,,True,['East Asian' 'European'],[],['East Asian' 'European'],1,1,0,2,0,2,False,Obesity,Obesity,31,31,4,27,Direct quantitative readout,anthropometry,True,REVIEW,,
pt_47ea72e483fcd9aa,GLP1R-D009765,GLP1R,A,D009765,Obesity,SENSITIVITY,Direct quantitative readout,Pan-UKB,Pan-UKB::continuous|48|both_sexes||irnt,Waist circumference,continuous|48|both_sexes||irnt,GRCh37,waist_circumference,"AFR,CSA,EUR,MID","AFR,CSA,MID",map_89b2b7c6b871d268,BMI and waist circumference directly measure adiposity.,Retained only for prespecified sensitivity analysis.,Obesity,Launched,,True,['East Asian' 'European'],[],['East Asian' 'European'],1,1,0,2,0,2,False,Obesity,Obesity,31,31,4,27,Direct quantitative readout,anthropometry,True,REVIEW,,
pt_b0e57648b2296841,GLP1R-D051437,GLP1R,B,D051437,Renal Insufficiency,SENSITIVITY,Proxy biomarker,Pan-UKB,Pan-UKB::biomarkers|30700|both_sexes||irnt,Creatinine,biomarkers|30700|both_sexes||irnt,GRCh37,serum_creatinine,"CSA,EUR,MID","CSA,MID",map_41141be048611074,eGFR and renal filtration biomarkers measure kidney function but are not the disease endpoint.,Retained only for prespecified sensitivity analysis.,Renal Insufficiency,Phase II,,True,['European'],[],['European'],1,1,0,1,0,1,False,Renal Insufficiency,Renal Insufficiency,5,5,0,5,Proxy biomarker,renal,True,REVIEW,,
pt_846ac790dbe2801e,GLP1R-D051437,GLP1R,B,D051437,Renal Insufficiency,SENSITIVITY,Proxy biomarker,Pan-UKB,Pan-UKB::biomarkers|30720|both_sexes||irnt,Cystatin C,biomarkers|30720|both_sexes||irnt,GRCh37,cystatin_c,"CSA,EUR,MID","CSA,MID",map_f1dd1f3e7799acd4,eGFR and renal filtration biomarkers measure kidney function but are not the disease endpoint.,Retained only for prespecified sensitivity analysis.,Renal Insufficiency,Phase II,,True,['European'],[],['European'],1,1,0,1,0,1,False,Renal Insufficiency,Renal Insufficiency,5,5,0,5,Proxy biomarker,renal,True,REVIEW,,
pt_90ab40404ad47556,GLP1R-D051437,GLP1R,B,D051437,Renal Insufficiency,SENSITIVITY,Proxy biomarker,Pan-UKB,Pan-UKB::continuous|eGFRcreacys|both_sexes||irnt,"Estimated glomerular filtration rate, cystain C",continuous|eGFRcreacys|both_sexes||irnt,GRCh37,egfr_cystatin_c,"CSA,EUR",CSA,map_60a0dd903780e9d1,eGFR and renal filtration biomarkers measure kidney function but are not the disease endpoint.,Retained only for prespecified sensitivity analysis.,Renal Insufficiency,Phase II,,True,['European'],[],['European'],1,1,0,1,0,1,False,Renal Insufficiency,Renal Insufficiency,5,5,0,5,Proxy biomarker,renal,True,REVIEW,,
pt_4feb8b8377a6094a,GLP1R-D051437,GLP1R,B,D051437,Renal Insufficiency,PRIMARY,Proxy biomarker,Pan-UKB,Pan-UKB::continuous|eGFR|both_sexes||irnt,"Estimated glomerular filtration rate, serum creatinine",continuous|eGFR|both_sexes||irnt,GRCh37,egfr_creatinine,"CSA,EUR,MID","CSA,MID",map_75832887e4c759b7,eGFR and renal filtration biomarkers measure kidney function but are not the disease endpoint.,Locked as the single primary representation of this indication.,Renal Insufficiency,Phase II,,True,['European'],[],['European'],1,1,0,1,0,1,False,Renal Insufficiency,Renal Insufficiency,5,5,0,5,Proxy biomarker,renal,True,REVIEW,,
pt_cf3de875c9c6de2a,GLP1R-D051437,GLP1R,B,D051437,Renal Insufficiency,SENSITIVITY,Proxy biomarker,Pan-UKB,Pan-UKB::continuous|eGFRcys|both_sexes||irnt,"Estimated glomerular filtration rate, serum creatinine + cystain C",continuous|eGFRcys|both_sexes||irnt,GRCh37,egfr_creatinine_cystatin_c,"CSA,EUR",CSA,map_595de43d458884cd,eGFR and renal filtration biomarkers measure kidney function but are not the disease endpoint.,Retained only for prespecified sensitivity analysis.,Renal Insufficiency,Phase II,,True,['European'],[],['European'],1,1,0,1,0,1,False,Renal Insufficiency,Renal Insufficiency,5,5,0,5,Proxy biomarker,renal,True,REVIEW,,
pt_abb48aa632d37537,GLP2R-D003924,GLP2R,B,D003924,"Diabetes Mellitus, Type 2",PRIMARY,Direct quantitative readout,Pan-UKB,Pan-UKB::biomarkers|30750|both_sexes||irnt,Glycated haemoglobin (HbA1c),biomarkers|30750|both_sexes||irnt,GRCh37,hba1c,"CSA,EUR,MID","CSA,MID",map_ae8d9a8f89a7795e,HbA1c is a standard quantitative measure of chronic glycemia.,Locked as the single primary representation of this indication.,"Diabetes Mellitus, Type 2",Phase I,,True,['African' 'East Asian' 'European' 'Hispanic/Latin American' 'South Asian'],['European'],['African' 'East Asian' 'European' 'Hispanic/Latin American' 'South Asian'],4,4,1,5,1,5,True,"Diabetes Mellitus, Type 2","Diabetes Mellitus, Type 2",18,18,9,9,Direct quantitative readout,glycemia,True,REVIEW,,
pt_0c3ea07786b0d67d,GRM7-D020521,GRM7,B,D020521,Stroke,PRIMARY,Direct disease,GBMI,GBMI::Stroke,Stroke,Stroke,GRCh38,Stroke,"AFR,AMR,EAS,EUR","AFR,AMR,EAS",map_7b641e2a7a1f97d7,The GBMI endpoint is an exact or clinically equivalent disease endpoint.,Locked as the single primary representation of this indication.,Stroke,Phase I,,True,['European'],[],['European'],1,1,0,1,0,1,False,Stroke,Stroke,3,3,0,3,Direct disease,direct_disease,True,REVIEW,,
pt_ab799fd097910409,HAMP-D000740,HAMP,B,D000740,Anemia,SENSITIVITY,Direct quantitative readout,Pan-UKB,Pan-UKB::continuous|30030|both_sexes||irnt,Haematocrit percentage,continuous|30030|both_sexes||irnt,GRCh37,haematocrit,"CSA,EUR",CSA,map_97b816746f065ca0,Standard red-cell measures characterize anemia and major subtypes.,Retained only for prespecified sensitivity analysis.,Anemia,Phase II,,True,['African' 'East Asian' 'European' 'Hispanic/Latin American' 'South Asian'],[],['African' 'East Asian' 'European' 'Hispanic/Latin American' 'South Asian'],17,17,0,5,0,5,False,Anemia,Anemia,11,11,4,7,Direct quantitative readout,hematology,True,REVIEW,,
pt_7aa85f05fdf2cc90,HAMP-D000740,HAMP,B,D000740,Anemia,PRIMARY,Direct quantitative readout,Pan-UKB,Pan-UKB::continuous|30020|both_sexes||irnt,Haemoglobin concentration,continuous|30020|both_sexes||irnt,GRCh37,haemoglobin,"CSA,EUR",CSA,map_e6f7fc7e1a195345,Standard red-cell measures characterize anemia and major subtypes.,Locked as the single primary representation of this indication.,Anemia,Phase II,,True,['African' 'East Asian' 'European' 'Hispanic/Latin American' 'South Asian'],[],['African' 'East Asian' 'European' 'Hispanic/Latin American' 'South Asian'],17,17,0,5,0,5,False,Anemia,Anemia,11,11,4,7,Direct quantitative readout,hematology,True,REVIEW,,
pt_1cee7ecbf66a5bde,HAMP-D000740,HAMP,B,D000740,Anemia,SENSITIVITY,Direct quantitative readout,Pan-UKB,Pan-UKB::continuous|30040|both_sexes||irnt,Mean corpuscular volume,continuous|30040|both_sexes||irnt,GRCh37,mean_corpuscular_volume,"CSA,EUR",CSA,map_69f44c24155f039a,Standard red-cell measures characterize anemia and major subtypes.,Retained only for prespecified sensitivity analysis.,Anemia,Phase II,,True,['African' 'East Asian' 'European' 'Hispanic/Latin American' 'South Asian'],[],['African' 'East Asian' 'European' 'Hispanic/Latin American' 'South Asian'],17,17,0,5,0,5,False,Anemia,Anemia,11,11,4,7,Direct quantitative readout,hematology,True,REVIEW,,
pt_03984aa733132cb6,HBG1-D000755,HBG1,B,D000755,"Anemia, Sickle Cell",SENSITIVITY,Proxy biomarker,Pan-UKB,Pan-UKB::continuous|30030|both_sexes||irnt,Haematocrit percentage,continuous|30030|both_sexes||irnt,GRCh37,haematocrit,"CSA,EUR",CSA,map_e62e8686e808e1de,Standard red-cell measures characterize anemia and major subtypes.,Retained only for prespecified sensitivity analysis.,"Anemia, Sickle Cell",Phase I,,True,['South Asian'],['South Asian'],['South Asian'],1,1,1,1,1,1,True,"Anemia, Sickle Cell","Anemia, Sickle Cell",2,2,0,2,Direct quantitative readout,hematology,True,REVIEW,,
pt_18b4d4b0ba6ff16a,HBG1-D000755,HBG1,B,D000755,"Anemia, Sickle Cell",SENSITIVITY,Proxy biomarker,Pan-UKB,Pan-UKB::continuous|30020|both_sexes||irnt,Haemoglobin concentration,continuous|30020|both_sexes||irnt,GRCh37,haemoglobin,"CSA,EUR",CSA,map_a5dde82e629cdd69,Standard red-cell measures characterize anemia and major subtypes.,Retained only for prespecified sensitivity analysis.,"Anemia, Sickle Cell",Phase I,,True,['South Asian'],['South Asian'],['South Asian'],1,1,1,1,1,1,True,"Anemia, Sickle Cell","Anemia, Sickle Cell",2,2,0,2,Direct quantitative readout,hematology,True,REVIEW,,
pt_dbc67e876f0441b2,HBG1-D000755,HBG1,B,D000755,"Anemia, Sickle Cell",SENSITIVITY,Proxy biomarker,Pan-UKB,Pan-UKB::continuous|30040|both_sexes||irnt,Mean corpuscular volume,continuous|30040|both_sexes||irnt,GRCh37,mean_corpuscular_volume,"CSA,EUR",CSA,map_f6136af0565dc93f,Standard red-cell measures characterize anemia and major subtypes.,Retained only for prespecified sensitivity analysis.,"Anemia, Sickle Cell",Phase I,,True,['South Asian'],['South Asian'],['South Asian'],1,1,1,1,1,1,True,"Anemia, Sickle Cell","Anemia, Sickle Cell",2,2,0,2,Direct quantitative readout,hematology,True,REVIEW,,
pt_3adb8f51970bcc65,HCAR2-D006937,HCAR2,B,D006937,Hypercholesterolemia,SENSITIVITY,Direct quantitative readout,Pan-UKB,Pan-UKB::biomarkers|30640|both_sexes||irnt,Apolipoprotein B,biomarkers|30640|both_sexes||irnt,GRCh37,apolipoprotein_b,"CSA,EUR",CSA,map_505723e622d14ef9,Circulating lipid measure directly represents the indication construct.,Retained only for prespecified sensitivity analysis.,Hypercholesterolemia,Phase II,,True,['African' 'European' 'South Asian'],[],['African' 'European' 'South Asian'],5,5,0,3,0,3,False,Hypercholesterolemia,Hypercholesterolemia,14,14,3,11,Direct quantitative readout,lipids,True,REVIEW,,
pt_15231187fd705327,HCAR2-D006937,HCAR2,B,D006937,Hypercholesterolemia,SENSITIVITY,Direct quantitative readout,Pan-UKB,Pan-UKB::biomarkers|30690|both_sexes||irnt,Cholesterol,biomarkers|30690|both_sexes||irnt,GRCh37,total_cholesterol,"CSA,EUR",CSA,map_53025b2483451588,Circulating lipid measure directly represents the indication construct.,Retained only for prespecified sensitivity analysis.,Hypercholesterolemia,Phase II,,True,['African' 'European' 'South Asian'],[],['African' 'European' 'South Asian'],5,5,0,3,0,3,False,Hypercholesterolemia,Hypercholesterolemia,14,14,3,11,Direct quantitative readout,lipids,True,REVIEW,,
pt_85f97900191a1f58,HCAR2-D006937,HCAR2,B,D006937,Hypercholesterolemia,PRIMARY,Direct quantitative readout,Pan-UKB,Pan-UKB::biomarkers|30780|both_sexes||irnt,LDL direct,biomarkers|30780|both_sexes||irnt,GRCh37,ldl_cholesterol,"CSA,EUR",CSA,map_50cd2496568d9c63,Circulating lipid measure directly represents the indication construct.,Locked as the single primary representation of this indication.,Hypercholesterolemia,Phase II,,True,['African' 'European' 'South Asian'],[],['African' 'European' 'South Asian'],5,5,0,3,0,3,False,Hypercholesterolemia,Hypercholesterolemia,14,14,3,11,Direct quantitative readout,lipids,True,REVIEW,,
pt_27148150847abc3b,HCAR2-D006949,HCAR2,B,D006949,Hyperlipidemias,SENSITIVITY,Direct quantitative readout,Pan-UKB,Pan-UKB::biomarkers|30640|both_sexes||irnt,Apolipoprotein B,biomarkers|30640|both_sexes||irnt,GRCh37,apolipoprotein_b,"CSA,EUR",CSA,map_431e4b5a762bae69,Circulating lipid measure directly represents the indication construct.,Retained only for prespecified sensitivity analysis.,Hyperlipidemias,Phase II,,True,['African' 'European' 'South Asian'],[],['African' 'European' 'South Asian'],5,5,0,3,0,3,False,Hyperlipidemias,Hyperlipidemias,22,22,4,18,Direct quantitative readout,lipids,True,REVIEW,,
pt_dadf23d02d3dd390,HCAR2-D006949,HCAR2,B,D006949,Hyperlipidemias,SENSITIVITY,Direct quantitative readout,Pan-UKB,Pan-UKB::biomarkers|30690|both_sexes||irnt,Cholesterol,biomarkers|30690|both_sexes||irnt,GRCh37,total_cholesterol,"CSA,EUR",CSA,map_c7d4a03a9508b750,Circulating lipid measure directly represents the indication construct.,Retained only for prespecified sensitivity analysis.,Hyperlipidemias,Phase II,,True,['African' 'European' 'South Asian'],[],['African' 'European' 'South Asian'],5,5,0,3,0,3,False,Hyperlipidemias,Hyperlipidemias,22,22,4,18,Direct quantitative readout,lipids,True,REVIEW,,
pt_90073e04a81965d1,HCAR2-D006949,HCAR2,B,D006949,Hyperlipidemias,PRIMARY,Direct quantitative readout,Pan-UKB,Pan-UKB::biomarkers|30780|both_sexes||irnt,LDL direct,biomarkers|30780|both_sexes||irnt,GRCh37,ldl_cholesterol,"CSA,EUR",CSA,map_8442195d65e17d61,Circulating lipid measure directly represents the indication construct.,Locked as the single primary representation of this indication.,Hyperlipidemias,Phase II,,True,['African' 'European' 'South Asian'],[],['African' 'European' 'South Asian'],5,5,0,3,0,3,False,Hyperlipidemias,Hyperlipidemias,22,22,4,18,Direct quantitative readout,lipids,True,REVIEW,,
pt_d16512d8a7e5db4a,HCAR3-D006937,HCAR3,B,D006937,Hypercholesterolemia,SENSITIVITY,Direct quantitative readout,Pan-UKB,Pan-UKB::biomarkers|30640|both_sexes||irnt,Apolipoprotein B,biomarkers|30640|both_sexes||irnt,GRCh37,apolipoprotein_b,"CSA,EUR",CSA,map_505723e622d14ef9,Circulating lipid measure directly represents the indication construct.,Retained only for prespecified sensitivity analysis.,Hypercholesterolemia,Phase II,,True,['African' 'European' 'South Asian'],[],['African' 'European' 'South Asian'],5,5,0,3,0,3,False,Hypercholesterolemia,Hypercholesterolemia,14,14,3,11,Direct quantitative readout,lipids,True,REVIEW,,
pt_d0071c8a22c66dfa,HCAR3-D006937,HCAR3,B,D006937,Hypercholesterolemia,SENSITIVITY,Direct quantitative readout,Pan-UKB,Pan-UKB::biomarkers|30690|both_sexes||irnt,Cholesterol,biomarkers|30690|both_sexes||irnt,GRCh37,total_cholesterol,"CSA,EUR",CSA,map_53025b2483451588,Circulating lipid measure directly represents the indication construct.,Retained only for prespecified sensitivity analysis.,Hypercholesterolemia,Phase II,,True,['African' 'European' 'South Asian'],[],['African' 'European' 'South Asian'],5,5,0,3,0,3,False,Hypercholesterolemia,Hypercholesterolemia,14,14,3,11,Direct quantitative readout,lipids,True,REVIEW,,
pt_ba7eeeb7e7652755,HCAR3-D006937,HCAR3,B,D006937,Hypercholesterolemia,PRIMARY,Direct quantitative readout,Pan-UKB,Pan-UKB::biomarkers|30780|both_sexes||irnt,LDL direct,biomarkers|30780|both_sexes||irnt,GRCh37,ldl_cholesterol,"CSA,EUR",CSA,map_50cd2496568d9c63,Circulating lipid measure directly represents the indication construct.,Locked as the single primary representation of this indication.,Hypercholesterolemia,Phase II,,True,['African' 'European' 'South Asian'],[],['African' 'European' 'South Asian'],5,5,0,3,0,3,False,Hypercholesterolemia,Hypercholesterolemia,14,14,3,11,Direct quantitative readout,lipids,True,REVIEW,,
pt_bdd9d93163690e51,HCAR3-D006949,HCAR3,B,D006949,Hyperlipidemias,SENSITIVITY,Direct quantitative readout,Pan-UKB,Pan-UKB::biomarkers|30640|both_sexes||irnt,Apolipoprotein B,biomarkers|30640|both_sexes||irnt,GRCh37,apolipoprotein_b,"CSA,EUR",CSA,map_431e4b5a762bae69,Circulating lipid measure directly represents the indication construct.,Retained only for prespecified sensitivity analysis.,Hyperlipidemias,Phase II,,True,['African' 'European' 'South Asian'],[],['African' 'European' 'South Asian'],5,5,0,3,0,3,False,Hyperlipidemias,Hyperlipidemias,22,22,4,18,Direct quantitative readout,lipids,True,REVIEW,,
pt_aa7037322f076c36,HCAR3-D006949,HCAR3,B,D006949,Hyperlipidemias,SENSITIVITY,Direct quantitative readout,Pan-UKB,Pan-UKB::biomarkers|30690|both_sexes||irnt,Cholesterol,biomarkers|30690|both_sexes||irnt,GRCh37,total_cholesterol,"CSA,EUR",CSA,map_c7d4a03a9508b750,Circulating lipid measure directly represents the indication construct.,Retained only for prespecified sensitivity analysis.,Hyperlipidemias,Phase II,,True,['African' 'European' 'South Asian'],[],['African' 'European' 'South Asian'],5,5,0,3,0,3,False,Hyperlipidemias,Hyperlipidemias,22,22,4,18,Direct quantitative readout,lipids,True,REVIEW,,
pt_294f9d807649f3e8,HCAR3-D006949,HCAR3,B,D006949,Hyperlipidemias,PRIMARY,Direct quantitative readout,Pan-UKB,Pan-UKB::biomarkers|30780|both_sexes||irnt,LDL direct,biomarkers|30780|both_sexes||irnt,GRCh37,ldl_cholesterol,"CSA,EUR",CSA,map_8442195d65e17d61,Circulating lipid measure directly represents the indication construct.,Locked as the single primary representation of this indication.,Hyperlipidemias,Phase II,,True,['African' 'European' 'South Asian'],[],['African' 'European' 'South Asian'],5,5,0,3,0,3,False,Hyperlipidemias,Hyperlipidemias,22,22,4,18,Direct quantitative readout,lipids,True,REVIEW,,
pt_de34b6a5c46b1964,HCRTR1-D029424,HCRTR1,B,D029424,"Pulmonary Disease, Chronic Obstructive",PRIMARY,Direct disease,GBMI,GBMI::COPD,Chronic obstructive pulmonary disease,COPD,GRCh38,COPD,"AFR,AMR,EAS,EUR","AFR,AMR,EAS",map_c342a950924fe3b4,The GBMI endpoint is an exact or clinically equivalent disease endpoint.,Locked as the single primary representation of this indication.,"Pulmonary Disease, Chronic Obstructive",Phase I,,True,['European'],[],['European'],2,2,0,1,0,1,False,"Pulmonary Disease, Chronic Obstructive","Pulmonary Disease, Chronic Obstructive",20,20,3,17,Direct disease,direct_disease,True,REVIEW,,
pt_22501badec84c524,HCRTR1-D029424,HCRTR1,B,D029424,"Pulmonary Disease, Chronic Obstructive",SENSITIVITY,Closely related phenotype,Pan-UKB,Pan-UKB::continuous|3063|both_sexes||irnt,Forced expiratory volume in 1-second (FEV1),continuous|3063|both_sexes||irnt,GRCh37,fev1,"AFR,CSA,EUR,MID","AFR,CSA,MID",map_3b5ef0a073ff5fa0,Spirometry measures airflow limitation central to COPD but is not the disease endpoint.,Retained only for prespecified sensitivity analysis.,"Pulmonary Disease, Chronic Obstructive",Phase I,,True,['European'],[],['European'],2,2,0,1,0,1,False,"Pulmonary Disease, Chronic Obstructive","Pulmonary Disease, Chronic Obstructive",20,20,3,17,Closely related phenotype,pulmonary,True,REVIEW,,
pt_c55db0ac4de2aba2,HCRTR1-D029424,HCRTR1,B,D029424,"Pulmonary Disease, Chronic Obstructive",SENSITIVITY,Closely related phenotype,Pan-UKB,Pan-UKB::continuous|3062|both_sexes||irnt,Forced vital capacity (FVC),continuous|3062|both_sexes||irnt,GRCh37,fvc,"AFR,CSA,EUR,MID","AFR,CSA,MID",map_16d098169734a13c,Spirometry measures airflow limitation central to COPD but is not the disease endpoint.,Retained only for prespecified sensitivity analysis.,"Pulmonary Disease, Chronic Obstructive",Phase I,,True,['European'],[],['European'],2,2,0,1,0,1,False,"Pulmonary Disease, Chronic Obstructive","Pulmonary Disease, Chronic Obstructive",20,20,3,17,Closely related phenotype,pulmonary,True,REVIEW,,
pt_e1817713ecd34945,HMGCR-D006937,HMGCR,A,D006937,Hypercholesterolemia,SENSITIVITY,Direct quantitative readout,Pan-UKB,Pan-UKB::biomarkers|30640|both_sexes||irnt,Apolipoprotein B,biomarkers|30640|both_sexes||irnt,GRCh37,apolipoprotein_b,"CSA,EUR",CSA,map_505723e622d14ef9,Circulating lipid measure directly represents the indication construct.,Retained only for prespecified sensitivity analysis.,Hypercholesterolemia,Launched,,True,"['African' 'East Asian' 'European' 'Hispanic/Latin American' 'NR'
 'Native American' 'Oceanian' 'Other Asian' 'South Asian']",['East Asian' 'European' 'NR' 'South Asian'],"['African' 'East Asian' 'European' 'Hispanic/Latin American' 'NR'
 'Native American' 'Oceanian' 'Other Asian' 'South Asian']",41,41,13,8,3,8,True,Hypercholesterolemia,Hypercholesterolemia,14,14,3,11,Direct quantitative readout,lipids,True,REVIEW,,
pt_59531d88d398b7d3,HMGCR-D006937,HMGCR,A,D006937,Hypercholesterolemia,SENSITIVITY,Direct quantitative readout,Pan-UKB,Pan-UKB::biomarkers|30690|both_sexes||irnt,Cholesterol,biomarkers|30690|both_sexes||irnt,GRCh37,total_cholesterol,"CSA,EUR",CSA,map_53025b2483451588,Circulating lipid measure directly represents the indication construct.,Retained only for prespecified sensitivity analysis.,Hypercholesterolemia,Launched,,True,"['African' 'East Asian' 'European' 'Hispanic/Latin American' 'NR'
 'Native American' 'Oceanian' 'Other Asian' 'South Asian']",['East Asian' 'European' 'NR' 'South Asian'],"['African' 'East Asian' 'European' 'Hispanic/Latin American' 'NR'
 'Native American' 'Oceanian' 'Other Asian' 'South Asian']",41,41,13,8,3,8,True,Hypercholesterolemia,Hypercholesterolemia,14,14,3,11,Direct quantitative readout,lipids,True,REVIEW,,
pt_c9368ebbf50cb40e,HMGCR-D006937,HMGCR,A,D006937,Hypercholesterolemia,PRIMARY,Direct quantitative readout,Pan-UKB,Pan-UKB::biomarkers|30780|both_sexes||irnt,LDL direct,biomarkers|30780|both_sexes||irnt,GRCh37,ldl_cholesterol,"CSA,EUR",CSA,map_50cd2496568d9c63,Circulating lipid measure directly represents the indication construct.,Locked as the single primary representation of this indication.,Hypercholesterolemia,Launched,,True,"['African' 'East Asian' 'European' 'Hispanic/Latin American' 'NR'
 'Native American' 'Oceanian' 'Other Asian' 'South Asian']",['East Asian' 'European' 'NR' 'South Asian'],"['African' 'East Asian' 'European' 'Hispanic/Latin American' 'NR'
 'Native American' 'Oceanian' 'Other Asian' 'South Asian']",41,41,13,8,3,8,True,Hypercholesterolemia,Hypercholesterolemia,14,14,3,11,Direct quantitative readout,lipids,True,REVIEW,,
pt_ac37e8535d7bc1d7,HMGCR-D006949,HMGCR,A,D006949,Hyperlipidemias,SENSITIVITY,Direct quantitative readout,Pan-UKB,Pan-UKB::biomarkers|30640|both_sexes||irnt,Apolipoprotein B,biomarkers|30640|both_sexes||irnt,GRCh37,apolipoprotein_b,"CSA,EUR",CSA,map_431e4b5a762bae69,Circulating lipid measure directly represents the indication construct.,Retained only for prespecified sensitivity analysis.,Hyperlipidemias,Launched,,True,"['African' 'East Asian' 'European' 'Hispanic/Latin American' 'NR'
 'Native American' 'Oceanian' 'Other Asian' 'South Asian']",['East Asian' 'European' 'NR' 'South Asian'],"['African' 'East Asian' 'European' 'Hispanic/Latin American' 'NR'
 'Native American' 'Oceanian' 'Other Asian' 'South Asian']",41,41,13,8,3,8,True,Hyperlipidemias,Hyperlipidemias,22,22,4,18,Direct quantitative readout,lipids,True,REVIEW,,
pt_d8bb431185e84f94,HMGCR-D006949,HMGCR,A,D006949,Hyperlipidemias,SENSITIVITY,Direct quantitative readout,Pan-UKB,Pan-UKB::biomarkers|30690|both_sexes||irnt,Cholesterol,biomarkers|30690|both_sexes||irnt,GRCh37,total_cholesterol,"CSA,EUR",CSA,map_c7d4a03a9508b750,Circulating lipid measure directly represents the indication construct.,Retained only for prespecified sensitivity analysis.,Hyperlipidemias,Launched,,True,"['African' 'East Asian' 'European' 'Hispanic/Latin American' 'NR'
 'Native American' 'Oceanian' 'Other Asian' 'South Asian']",['East Asian' 'European' 'NR' 'South Asian'],"['African' 'East Asian' 'European' 'Hispanic/Latin American' 'NR'
 'Native American' 'Oceanian' 'Other Asian' 'South Asian']",41,41,13,8,3,8,True,Hyperlipidemias,Hyperlipidemias,22,22,4,18,Direct quantitative readout,lipids,True,REVIEW,,
pt_5e7037a513753609,HMGCR-D006949,HMGCR,A,D006949,Hyperlipidemias,PRIMARY,Direct quantitative readout,Pan-UKB,Pan-UKB::biomarkers|30780|both_sexes||irnt,LDL direct,biomarkers|30780|both_sexes||irnt,GRCh37,ldl_cholesterol,"CSA,EUR",CSA,map_8442195d65e17d61,Circulating lipid measure directly represents the indication construct.,Locked as the single primary representation of this indication.,Hyperlipidemias,Launched,,True,"['African' 'East Asian' 'European' 'Hispanic/Latin American' 'NR'
 'Native American' 'Oceanian' 'Other Asian' 'South Asian']",['East Asian' 'European' 'NR' 'South Asian'],"['African' 'East Asian' 'European' 'Hispanic/Latin American' 'NR'
 'Native American' 'Oceanian' 'Other Asian' 'South Asian']",41,41,13,8,3,8,True,Hyperlipidemias,Hyperlipidemias,22,22,4,18,Direct quantitative readout,lipids,True,REVIEW,,
pt_b86c548b7e54e656,HMGCR-D050171,HMGCR,A,D050171,Dyslipidemias,SENSITIVITY,Direct quantitative readout,Pan-UKB,Pan-UKB::biomarkers|30640|both_sexes||irnt,Apolipoprotein B,biomarkers|30640|both_sexes||irnt,GRCh37,apolipoprotein_b,"CSA,EUR",CSA,map_6d9fe13af554c236,Circulating lipid measure directly represents the indication construct.,Retained only for prespecified sensitivity analysis.,Dyslipidemias,Launched,,True,"['African' 'East Asian' 'European' 'Hispanic/Latin American' 'NR'
 'Native American' 'Oceanian' 'Other Asian' 'South Asian']",['East Asian' 'European' 'NR' 'South Asian'],"['African' 'East Asian' 'European' 'Hispanic/Latin American' 'NR'
 'Native American' 'Oceanian' 'Other Asian' 'South Asian']",41,41,13,8,3,8,True,Dyslipidemias,Dyslipidemias,5,5,3,2,Direct quantitative readout,lipids,True,REVIEW,,
pt_f14596fb29d7ee5a,HMGCR-D050171,HMGCR,A,D050171,Dyslipidemias,SENSITIVITY,Direct quantitative readout,Pan-UKB,Pan-UKB::biomarkers|30690|both_sexes||irnt,Cholesterol,biomarkers|30690|both_sexes||irnt,GRCh37,total_cholesterol,"CSA,EUR",CSA,map_a36004652f6c76ab,Circulating lipid measure directly represents the indication construct.,Retained only for prespecified sensitivity analysis.,Dyslipidemias,Launched,,True,"['African' 'East Asian' 'European' 'Hispanic/Latin American' 'NR'
 'Native American' 'Oceanian' 'Other Asian' 'South Asian']",['East Asian' 'European' 'NR' 'South Asian'],"['African' 'East Asian' 'European' 'Hispanic/Latin American' 'NR'
 'Native American' 'Oceanian' 'Other Asian' 'South Asian']",41,41,13,8,3,8,True,Dyslipidemias,Dyslipidemias,5,5,3,2,Direct quantitative readout,lipids,True,REVIEW,,
pt_e52e8fd20d910404,HMGCR-D050171,HMGCR,A,D050171,Dyslipidemias,PRIMARY,Direct quantitative readout,Pan-UKB,Pan-UKB::biomarkers|30780|both_sexes||irnt,LDL direct,biomarkers|30780|both_sexes||irnt,GRCh37,ldl_cholesterol,"CSA,EUR",CSA,map_32cf8d557f57383c,Circulating lipid measure directly represents the indication construct.,Locked as the single primary representation of this indication.,Dyslipidemias,Launched,,True,"['African' 'East Asian' 'European' 'Hispanic/Latin American' 'NR'
 'Native American' 'Oceanian' 'Other Asian' 'South Asian']",['East Asian' 'European' 'NR' 'South Asian'],"['African' 'East Asian' 'European' 'Hispanic/Latin American' 'NR'
 'Native American' 'Oceanian' 'Other Asian' 'South Asian']",41,41,13,8,3,8,True,Dyslipidemias,Dyslipidemias,5,5,3,2,Direct quantitative readout,lipids,True,REVIEW,,
pt_df1a4f4501f2def2,HRH4-D001249,HRH4,B,D001249,Asthma,PRIMARY,Direct disease,GBMI,GBMI::Asthma,Asthma,Asthma,GRCh38,Asthma,"AFR,AMR,CSA,EAS,EUR","AFR,AMR,CSA,EAS",map_142944bd2f968395,The GBMI endpoint is an exact or clinically equivalent disease endpoint.,Locked as the single primary representation of this indication.,Asthma,Phase II,,True,['European'],['European'],['European'],3,3,1,1,1,1,True,Asthma,Asthma,29,29,4,25,Direct disease,direct_disease,True,REVIEW,,
pt_1f1398a09b0c7d60,HRH4-D001249,HRH4,B,D001249,Asthma,SENSITIVITY,Proxy biomarker,Pan-UKB,Pan-UKB::continuous|30150|both_sexes||irnt,Eosinophill count,continuous|30150|both_sexes||irnt,GRCh37,eosinophil_count,"CSA,EUR",CSA,map_cb8244ded7498122,"Eosinophils and spirometry measure allergic inflammation or airway physiology, not asthma diagnosis itself.",Retained only for prespecified sensitivity analysis.,Asthma,Phase II,,True,['European'],['European'],['European'],3,3,1,1,1,1,True,Asthma,Asthma,29,29,4,25,Proxy biomarker,hematology_allergy,True,REVIEW,,
pt_01e95ba986d246a8,HRH4-D001249,HRH4,B,D001249,Asthma,SENSITIVITY,Proxy biomarker,Pan-UKB,Pan-UKB::continuous|3063|both_sexes||irnt,Forced expiratory volume in 1-second (FEV1),continuous|3063|both_sexes||irnt,GRCh37,fev1,"AFR,CSA,EUR,MID","AFR,CSA,MID",map_59356df4843aaef1,"Eosinophils and spirometry measure allergic inflammation or airway physiology, not asthma diagnosis itself.",Retained only for prespecified sensitivity analysis.,Asthma,Phase II,,True,['European'],['European'],['European'],3,3,1,1,1,1,True,Asthma,Asthma,29,29,4,25,Proxy biomarker,pulmonary,True,REVIEW,,
pt_c9e183d974fde595,HRH4-D001249,HRH4,B,D001249,Asthma,SENSITIVITY,Proxy biomarker,Pan-UKB,Pan-UKB::continuous|3062|both_sexes||irnt,Forced vital capacity (FVC),continuous|3062|both_sexes||irnt,GRCh37,fvc,"AFR,CSA,EUR,MID","AFR,CSA,MID",map_8f3487c5d3ef8b41,"Eosinophils and spirometry measure allergic inflammation or airway physiology, not asthma diagnosis itself.",Retained only for prespecified sensitivity analysis.,Asthma,Phase II,,True,['European'],['European'],['European'],3,3,1,1,1,1,True,Asthma,Asthma,29,29,4,25,Proxy biomarker,pulmonary,True,REVIEW,,
pt_053be69c75a0f162,HRH4-D029424,HRH4,B,D029424,"Pulmonary Disease, Chronic Obstructive",PRIMARY,Direct disease,GBMI,GBMI::COPD,Chronic obstructive pulmonary disease,COPD,GRCh38,COPD,"AFR,AMR,EAS,EUR","AFR,AMR,EAS",map_c342a950924fe3b4,The GBMI endpoint is an exact or clinically equivalent disease endpoint.,Locked as the single primary representation of this indication.,"Pulmonary Disease, Chronic Obstructive",Phase II,,True,['European'],['European'],['European'],3,3,1,1,1,1,True,"Pulmonary Disease, Chronic Obstructive","Pulmonary Disease, Chronic Obstructive",20,20,3,17,Direct disease,direct_disease,True,REVIEW,,
pt_85be4323325ba8cf,HRH4-D029424,HRH4,B,D029424,"Pulmonary Disease, Chronic Obstructive",SENSITIVITY,Closely related phenotype,Pan-UKB,Pan-UKB::continuous|3063|both_sexes||irnt,Forced expiratory volume in 1-second (FEV1),continuous|3063|both_sexes||irnt,GRCh37,fev1,"AFR,CSA,EUR,MID","AFR,CSA,MID",map_3b5ef0a073ff5fa0,Spirometry measures airflow limitation central to COPD but is not the disease endpoint.,Retained only for prespecified sensitivity analysis.,"Pulmonary Disease, Chronic Obstructive",Phase II,,True,['European'],['European'],['European'],3,3,1,1,1,1,True,"Pulmonary Disease, Chronic Obstructive","Pulmonary Disease, Chronic Obstructive",20,20,3,17,Closely related phenotype,pulmonary,True,REVIEW,,
pt_a3515f68be088141,HRH4-D029424,HRH4,B,D029424,"Pulmonary Disease, Chronic Obstructive",SENSITIVITY,Closely related phenotype,Pan-UKB,Pan-UKB::continuous|3062|both_sexes||irnt,Forced vital capacity (FVC),continuous|3062|both_sexes||irnt,GRCh37,fvc,"AFR,CSA,EUR,MID","AFR,CSA,MID",map_16d098169734a13c,Spirometry measures airflow limitation central to COPD but is not the disease endpoint.,Retained only for prespecified sensitivity analysis.,"Pulmonary Disease, Chronic Obstructive",Phase II,,True,['European'],['European'],['European'],3,3,1,1,1,1,True,"Pulmonary Disease, Chronic Obstructive","Pulmonary Disease, Chronic Obstructive",20,20,3,17,Closely related phenotype,pulmonary,True,REVIEW,,
pt_2c4180e6aae7fdd7,HRH4-D065631,HRH4,B,D065631,"Rhinitis, Allergic",SENSITIVITY,Proxy biomarker,Pan-UKB,Pan-UKB::continuous|30150|both_sexes||irnt,Eosinophill count,continuous|30150|both_sexes||irnt,GRCh37,eosinophil_count,"CSA,EUR",CSA,map_fef4e0642fc76154,Eosinophil count is an allergic-inflammatory biomarker rather than the disease endpoint.,Retained only for prespecified sensitivity analysis.,"Rhinitis, Allergic",Phase II,,True,['European'],['European'],['European'],3,3,1,1,1,1,True,"Rhinitis, Allergic","Rhinitis, Allergic",9,9,1,8,Proxy biomarker,hematology_allergy,True,REVIEW,,
pt_3bb9f031ab232c02,HSD11B1-D009765,HSD11B1,B,D009765,Obesity,PRIMARY,Direct quantitative readout,Pan-UKB,Pan-UKB::continuous|21001|both_sexes||irnt,Body mass index (BMI),continuous|21001|both_sexes||irnt,GRCh37,body_mass_index,"AFR,CSA,EUR,MID","AFR,CSA,MID",map_0b18d3fa6d5f91c0,BMI and waist circumference directly measure adiposity.,Locked as the single primary representation of this indication.,Obesity,Phase II,,True,['European'],[],['European'],9,9,0,1,0,1,False,Obesity,Obesity,31,31,4,27,Direct quantitative readout,anthropometry,True,REVIEW,,
pt_bb96c12a13568cbc,HSD11B1-D009765,HSD11B1,B,D009765,Obesity,SENSITIVITY,Direct quantitative readout,Pan-UKB,Pan-UKB::continuous|48|both_sexes||irnt,Waist circumference,continuous|48|both_sexes||irnt,GRCh37,waist_circumference,"AFR,CSA,EUR,MID","AFR,CSA,MID",map_89b2b7c6b871d268,BMI and waist circumference directly measure adiposity.,Retained only for prespecified sensitivity analysis.,Obesity,Phase II,,True,['European'],[],['European'],9,9,0,1,0,1,False,Obesity,Obesity,31,31,4,27,Direct quantitative readout,anthropometry,True,REVIEW,,
pt_355d376f5beb9246,HTR1A-D009765,HTR1A,B,D009765,Obesity,PRIMARY,Direct quantitative readout,Pan-UKB,Pan-UKB::continuous|21001|both_sexes||irnt,Body mass index (BMI),continuous|21001|both_sexes||irnt,GRCh37,body_mass_index,"AFR,CSA,EUR,MID","AFR,CSA,MID",map_0b18d3fa6d5f91c0,BMI and waist circumference directly measure adiposity.,Locked as the single primary representation of this indication.,Obesity,Phase I,,True,['European'],[],['European'],12,12,0,1,0,1,False,Obesity,Obesity,31,31,4,27,Direct quantitative readout,anthropometry,True,REVIEW,,
pt_1e5cd822f05f4ff9,HTR1A-D009765,HTR1A,B,D009765,Obesity,SENSITIVITY,Direct quantitative readout,Pan-UKB,Pan-UKB::continuous|48|both_sexes||irnt,Waist circumference,continuous|48|both_sexes||irnt,GRCh37,waist_circumference,"AFR,CSA,EUR,MID","AFR,CSA,MID",map_89b2b7c6b871d268,BMI and waist circumference directly measure adiposity.,Retained only for prespecified sensitivity analysis.,Obesity,Phase I,,True,['European'],[],['European'],12,12,0,1,0,1,False,Obesity,Obesity,31,31,4,27,Direct quantitative readout,anthropometry,True,REVIEW,,
pt_b26fc971c0bf532c,IAPP-D009765,IAPP,B,D009765,Obesity,PRIMARY,Direct quantitative readout,Pan-UKB,Pan-UKB::continuous|21001|both_sexes||irnt,Body mass index (BMI),continuous|21001|both_sexes||irnt,GRCh37,body_mass_index,"AFR,CSA,EUR,MID","AFR,CSA,MID",map_0b18d3fa6d5f91c0,BMI and waist circumference directly measure adiposity.,Locked as the single primary representation of this indication.,Obesity,Phase I,,True,['European'],[],['European'],2,2,0,1,0,1,False,Obesity,Obesity,31,31,4,27,Direct quantitative readout,anthropometry,True,REVIEW,,
pt_4fdf010d495ecdc2,IAPP-D009765,IAPP,B,D009765,Obesity,SENSITIVITY,Direct quantitative readout,Pan-UKB,Pan-UKB::continuous|48|both_sexes||irnt,Waist circumference,continuous|48|both_sexes||irnt,GRCh37,waist_circumference,"AFR,CSA,EUR,MID","AFR,CSA,MID",map_89b2b7c6b871d268,BMI and waist circumference directly measure adiposity.,Retained only for prespecified sensitivity analysis.,Obesity,Phase I,,True,['European'],[],['European'],2,2,0,1,0,1,False,Obesity,Obesity,31,31,4,27,Direct quantitative readout,anthropometry,True,REVIEW,,
pt_7abf950b0647bce7,IFNGR1-D013922,IFNGR1,B,D013922,Thrombocytosis,PRIMARY,Direct quantitative readout,Pan-UKB,Pan-UKB::continuous|30080|both_sexes||irnt,Platelet count,continuous|30080|both_sexes||irnt,GRCh37,platelet_count,"AFR,CSA,EAS,EUR","AFR,CSA,EAS",map_0d3ac6c3d9993bb6,Platelet count directly represents the indication.,Locked as the single primary representation of this indication.,Thrombocytosis,Phase I,,True,['European'],[],['European'],1,1,0,1,0,1,False,Thrombocytosis,Thrombocytosis,10,10,2,8,Direct quantitative readout,hematology,True,REVIEW,,
pt_273f9694db5922ca,IL12A-D013921,IL12A,B,D013921,Thrombocytopenia,PRIMARY,Direct quantitative readout,Pan-UKB,Pan-UKB::continuous|30080|both_sexes||irnt,Platelet count,continuous|30080|both_sexes||irnt,GRCh37,platelet_count,"AFR,CSA,EAS,EUR","AFR,CSA,EAS",map_9fca929f0496a5a9,Platelet count directly represents the indication.,Locked as the single primary representation of this indication.,Thrombocytopenia,Phase I,,True,['European'],[],['European'],2,2,0,1,0,1,False,Thrombocytopenia,Thrombocytopenia,10,10,4,6,Direct quantitative readout,hematology,True,REVIEW,,
pt_a983e4a8a4fd659b,IL12B-D008105,IL12B,B,D008105,"Liver Cirrhosis, Biliary",SENSITIVITY,Proxy biomarker,Pan-UKB,Pan-UKB::biomarkers|30620|both_sexes||irnt,Alanine aminotransferase,biomarkers|30620|both_sexes||irnt,GRCh37,alanine_aminotransferase,"AFR,CSA,EUR","AFR,CSA",map_4b6884cf0ea1e824,Liver enzymes and albumin measure hepatic injury or function rather than a specific liver diagnosis.,Retained only for prespecified sensitivity analysis.,"Liver Cirrhosis, Biliary",Phase II,,True,['East Asian' 'European'],[],['East Asian' 'European'],2,2,0,2,0,2,False,"Liver Cirrhosis, Biliary","Liver Cirrhosis, Biliary",1,1,0,1,Proxy biomarker,hepatic,True,REVIEW,,
pt_fb31ab88f2996a50,IL12B-D008105,IL12B,B,D008105,"Liver Cirrhosis, Biliary",SENSITIVITY,Proxy biomarker,Pan-UKB,Pan-UKB::biomarkers|30600|both_sexes||irnt,Albumin,biomarkers|30600|both_sexes||irnt,GRCh37,albumin,"AFR,CSA,EUR","AFR,CSA",map_0b9f9d3bae4b9355,Liver enzymes and albumin measure hepatic injury or function rather than a specific liver diagnosis.,Retained only for prespecified sensitivity analysis.,"Liver Cirrhosis, Biliary",Phase II,,True,['East Asian' 'European'],[],['East Asian' 'European'],2,2,0,2,0,2,False,"Liver Cirrhosis, Biliary","Liver Cirrhosis, Biliary",1,1,0,1,Proxy biomarker,hepatic,True,REVIEW,,
pt_96bcc6f2f909e4d7,IL12B-D008105,IL12B,B,D008105,"Liver Cirrhosis, Biliary",PRIMARY,Proxy biomarker,Pan-UKB,Pan-UKB::biomarkers|30610|both_sexes||irnt,Alkaline phosphatase,biomarkers|30610|both_sexes||irnt,GRCh37,alkaline_phosphatase,"CSA,EUR,MID","CSA,MID",map_3a1f8d4da4a835e2,Liver enzymes and albumin measure hepatic injury or function rather than a specific liver diagnosis.,Locked as the single primary representation of this indication.,"Liver Cirrhosis, Biliary",Phase II,,True,['East Asian' 'European'],[],['East Asian' 'European'],2,2,0,2,0,2,False,"Liver Cirrhosis, Biliary","Liver Cirrhosis, Biliary",1,1,0,1,Proxy biomarker,hepatic_bone,True,REVIEW,,
pt_0b5e7bb1a1a8db02,IL12B-D008105,IL12B,B,D008105,"Liver Cirrhosis, Biliary",SENSITIVITY,Proxy biomarker,Pan-UKB,Pan-UKB::biomarkers|30730|both_sexes||irnt,Gamma glutamyltransferase,biomarkers|30730|both_sexes||irnt,GRCh37,gamma_glutamyltransferase,"CSA,EAS,EUR","CSA,EAS",map_d72d7ea4c45787f6,Liver enzymes and albumin measure hepatic injury or function rather than a specific liver diagnosis.,Retained only for prespecified sensitivity analysis.,"Liver Cirrhosis, Biliary",Phase II,,True,['East Asian' 'European'],[],['East Asian' 'European'],2,2,0,2,0,2,False,"Liver Cirrhosis, Biliary","Liver Cirrhosis, Biliary",1,1,0,1,Proxy biomarker,hepatic,True,REVIEW,,
pt_997416942e0ffbda,IL12B-D013921,IL12B,B,D013921,Thrombocytopenia,PRIMARY,Direct quantitative readout,Pan-UKB,Pan-UKB::continuous|30080|both_sexes||irnt,Platelet count,continuous|30080|both_sexes||irnt,GRCh37,platelet_count,"AFR,CSA,EAS,EUR","AFR,CSA,EAS",map_9fca929f0496a5a9,Platelet count directly represents the indication.,Locked as the single primary representation of this indication.,Thrombocytopenia,Phase I,,True,['European'],[],['European'],1,1,0,1,0,1,False,Thrombocytopenia,Thrombocytopenia,10,10,4,6,Direct quantitative readout,hematology,True,REVIEW,,
pt_db2c9ae6c6b7a042,IL13-D001249,IL13,B,D001249,Asthma,PRIMARY,Direct disease,GBMI,GBMI::Asthma,Asthma,Asthma,GRCh38,Asthma,"AFR,AMR,CSA,EAS,EUR","AFR,AMR,CSA,EAS",map_142944bd2f968395,The GBMI endpoint is an exact or clinically equivalent disease endpoint.,Locked as the single primary representation of this indication.,Asthma,Phase I,,True,['African' 'East Asian' 'European' 'Hispanic/Latin American' 'NR'],['European' 'NR'],['African' 'East Asian' 'European' 'Hispanic/Latin American' 'NR'],26,26,8,4,1,4,True,Asthma,Asthma,29,29,4,25,Direct disease,direct_disease,True,REVIEW,,
pt_a105990b30307576,IL13-D001249,IL13,B,D001249,Asthma,SENSITIVITY,Proxy biomarker,Pan-UKB,Pan-UKB::continuous|30150|both_sexes||irnt,Eosinophill count,continuous|30150|both_sexes||irnt,GRCh37,eosinophil_count,"CSA,EUR",CSA,map_cb8244ded7498122,"Eosinophils and spirometry measure allergic inflammation or airway physiology, not asthma diagnosis itself.",Retained only for prespecified sensitivity analysis.,Asthma,Phase I,,True,['African' 'East Asian' 'European' 'Hispanic/Latin American' 'NR'],['European' 'NR'],['African' 'East Asian' 'European' 'Hispanic/Latin American' 'NR'],26,26,8,4,1,4,True,Asthma,Asthma,29,29,4,25,Proxy biomarker,hematology_allergy,True,REVIEW,,
pt_f827cf6f4468ac8d,IL13-D001249,IL13,B,D001249,Asthma,SENSITIVITY,Proxy biomarker,Pan-UKB,Pan-UKB::continuous|3063|both_sexes||irnt,Forced expiratory volume in 1-second (FEV1),continuous|3063|both_sexes||irnt,GRCh37,fev1,"AFR,CSA,EUR,MID","AFR,CSA,MID",map_59356df4843aaef1,"Eosinophils and spirometry measure allergic inflammation or airway physiology, not asthma diagnosis itself.",Retained only for prespecified sensitivity analysis.,Asthma,Phase I,,True,['African' 'East Asian' 'European' 'Hispanic/Latin American' 'NR'],['European' 'NR'],['African' 'East Asian' 'European' 'Hispanic/Latin American' 'NR'],26,26,8,4,1,4,True,Asthma,Asthma,29,29,4,25,Proxy biomarker,pulmonary,True,REVIEW,,
pt_b50f34b3a90e5f12,IL13-D001249,IL13,B,D001249,Asthma,SENSITIVITY,Proxy biomarker,Pan-UKB,Pan-UKB::continuous|3062|both_sexes||irnt,Forced vital capacity (FVC),continuous|3062|both_sexes||irnt,GRCh37,fvc,"AFR,CSA,EUR,MID","AFR,CSA,MID",map_8f3487c5d3ef8b41,"Eosinophils and spirometry measure allergic inflammation or airway physiology, not asthma diagnosis itself.",Retained only for prespecified sensitivity analysis.,Asthma,Phase I,,True,['African' 'East Asian' 'European' 'Hispanic/Latin American' 'NR'],['European' 'NR'],['African' 'East Asian' 'European' 'Hispanic/Latin American' 'NR'],26,26,8,4,1,4,True,Asthma,Asthma,29,29,4,25,Proxy biomarker,pulmonary,True,REVIEW,,
pt_2ad131b4a4edb9cc,IL13-D003876,IL13,A,D003876,"Dermatitis, Atopic",SENSITIVITY,Proxy biomarker,Pan-UKB,Pan-UKB::continuous|30150|both_sexes||irnt,Eosinophill count,continuous|30150|both_sexes||irnt,GRCh37,eosinophil_count,"CSA,EUR",CSA,map_5870426bd34a44e7,Eosinophil count is an allergic-inflammatory biomarker rather than the disease endpoint.,Retained only for prespecified sensitivity analysis.,"Dermatitis, Atopic",Launched,,True,['African' 'East Asian' 'European' 'Hispanic/Latin American' 'NR'],['African' 'East Asian' 'European' 'NR'],['African' 'East Asian' 'European' 'Hispanic/Latin American' 'NR'],15,15,3,4,3,4,True,"Dermatitis, Atopic","Dermatitis, Atopic",12,12,2,10,Proxy biomarker,hematology_allergy,True,REVIEW,,
pt_4baf4d9363dad161,IL13-D006255,IL13,B,D006255,"Rhinitis, Allergic, Seasonal",SENSITIVITY,Proxy biomarker,Pan-UKB,Pan-UKB::continuous|30150|both_sexes||irnt,Eosinophill count,continuous|30150|both_sexes||irnt,GRCh37,eosinophil_count,"CSA,EUR",CSA,map_68fe0b2b5bd7b2d4,Eosinophil count is an allergic-inflammatory biomarker rather than the disease endpoint.,Retained only for prespecified sensitivity analysis.,"Rhinitis, Allergic, Seasonal",Phase II,,True,['European'],[],['European'],1,1,0,1,0,1,False,"Rhinitis, Allergic, Seasonal","Rhinitis, Allergic, Seasonal",2,2,0,2,Proxy biomarker,hematology_allergy,True,REVIEW,,
pt_4959636f4132b0e1,IL13-D029424,IL13,B,D029424,"Pulmonary Disease, Chronic Obstructive",PRIMARY,Direct disease,GBMI,GBMI::COPD,Chronic obstructive pulmonary disease,COPD,GRCh38,COPD,"AFR,AMR,EAS,EUR","AFR,AMR,EAS",map_c342a950924fe3b4,The GBMI endpoint is an exact or clinically equivalent disease endpoint.,Locked as the single primary representation of this indication.,"Pulmonary Disease, Chronic Obstructive",Phase II,,True,['African' 'East Asian' 'European' 'Hispanic/Latin American' 'NR'],['European' 'NR'],['African' 'East Asian' 'European' 'Hispanic/Latin American' 'NR'],22,22,5,4,1,4,True,"Pulmonary Disease, Chronic Obstructive","Pulmonary Disease, Chronic Obstructive",20,20,3,17,Direct disease,direct_disease,True,REVIEW,,
pt_fd815063752637b9,IL13-D029424,IL13,B,D029424,"Pulmonary Disease, Chronic Obstructive",SENSITIVITY,Closely related phenotype,Pan-UKB,Pan-UKB::continuous|3063|both_sexes||irnt,Forced expiratory volume in 1-second (FEV1),continuous|3063|both_sexes||irnt,GRCh37,fev1,"AFR,CSA,EUR,MID","AFR,CSA,MID",map_3b5ef0a073ff5fa0,Spirometry measures airflow limitation central to COPD but is not the disease endpoint.,Retained only for prespecified sensitivity analysis.,"Pulmonary Disease, Chronic Obstructive",Phase II,,True,['African' 'East Asian' 'European' 'Hispanic/Latin American' 'NR'],['European' 'NR'],['African' 'East Asian' 'European' 'Hispanic/Latin American' 'NR'],22,22,5,4,1,4,True,"Pulmonary Disease, Chronic Obstructive","Pulmonary Disease, Chronic Obstructive",20,20,3,17,Closely related phenotype,pulmonary,True,REVIEW,,
pt_7978a4a7c170b7cb,IL13-D029424,IL13,B,D029424,"Pulmonary Disease, Chronic Obstructive",SENSITIVITY,Closely related phenotype,Pan-UKB,Pan-UKB::continuous|3062|both_sexes||irnt,Forced vital capacity (FVC),continuous|3062|both_sexes||irnt,GRCh37,fvc,"AFR,CSA,EUR,MID","AFR,CSA,MID",map_16d098169734a13c,Spirometry measures airflow limitation central to COPD but is not the disease endpoint.,Retained only for prespecified sensitivity analysis.,"Pulmonary Disease, Chronic Obstructive",Phase II,,True,['African' 'East Asian' 'European' 'Hispanic/Latin American' 'NR'],['European' 'NR'],['African' 'East Asian' 'European' 'Hispanic/Latin American' 'NR'],22,22,5,4,1,4,True,"Pulmonary Disease, Chronic Obstructive","Pulmonary Disease, Chronic Obstructive",20,20,3,17,Closely related phenotype,pulmonary,True,REVIEW,,
pt_d2b02ecfa5e0eab8,IL17RB-D001249,IL17RB,B,D001249,Asthma,PRIMARY,Direct disease,GBMI,GBMI::Asthma,Asthma,Asthma,GRCh38,Asthma,"AFR,AMR,CSA,EAS,EUR","AFR,AMR,CSA,EAS",map_142944bd2f968395,The GBMI endpoint is an exact or clinically equivalent disease endpoint.,Locked as the single primary representation of this indication.,Asthma,Phase I,,True,['European'],['European'],['European'],3,3,1,1,1,1,True,Asthma,Asthma,29,29,4,25,Direct disease,direct_disease,True,REVIEW,,
pt_581ee6320912f84f,IL17RB-D001249,IL17RB,B,D001249,Asthma,SENSITIVITY,Proxy biomarker,Pan-UKB,Pan-UKB::continuous|30150|both_sexes||irnt,Eosinophill count,continuous|30150|both_sexes||irnt,GRCh37,eosinophil_count,"CSA,EUR",CSA,map_cb8244ded7498122,"Eosinophils and spirometry measure allergic inflammation or airway physiology, not asthma diagnosis itself.",Retained only for prespecified sensitivity analysis.,Asthma,Phase I,,True,['European'],['European'],['European'],3,3,1,1,1,1,True,Asthma,Asthma,29,29,4,25,Proxy biomarker,hematology_allergy,True,REVIEW,,
pt_cf07ed940cc2d4bd,IL17RB-D001249,IL17RB,B,D001249,Asthma,SENSITIVITY,Proxy biomarker,Pan-UKB,Pan-UKB::continuous|3063|both_sexes||irnt,Forced expiratory volume in 1-second (FEV1),continuous|3063|both_sexes||irnt,GRCh37,fev1,"AFR,CSA,EUR,MID","AFR,CSA,MID",map_59356df4843aaef1,"Eosinophils and spirometry measure allergic inflammation or airway physiology, not asthma diagnosis itself.",Retained only for prespecified sensitivity analysis.,Asthma,Phase I,,True,['European'],['European'],['European'],3,3,1,1,1,1,True,Asthma,Asthma,29,29,4,25,Proxy biomarker,pulmonary,True,REVIEW,,
pt_26fe4e4896bd85aa,IL17RB-D001249,IL17RB,B,D001249,Asthma,SENSITIVITY,Proxy biomarker,Pan-UKB,Pan-UKB::continuous|3062|both_sexes||irnt,Forced vital capacity (FVC),continuous|3062|both_sexes||irnt,GRCh37,fvc,"AFR,CSA,EUR,MID","AFR,CSA,MID",map_8f3487c5d3ef8b41,"Eosinophils and spirometry measure allergic inflammation or airway physiology, not asthma diagnosis itself.",Retained only for prespecified sensitivity analysis.,Asthma,Phase I,,True,['European'],['European'],['European'],3,3,1,1,1,1,True,Asthma,Asthma,29,29,4,25,Proxy biomarker,pulmonary,True,REVIEW,,
pt_536cdbfa39e75129,IL1R1-D029424,IL1R1,B,D029424,"Pulmonary Disease, Chronic Obstructive",PRIMARY,Direct disease,GBMI,GBMI::COPD,Chronic obstructive pulmonary disease,COPD,GRCh38,COPD,"AFR,AMR,EAS,EUR","AFR,AMR,EAS",map_c342a950924fe3b4,The GBMI endpoint is an exact or clinically equivalent disease endpoint.,Locked as the single primary representation of this indication.,"Pulmonary Disease, Chronic Obstructive",Phase II,,True,['European'],[],['European'],6,6,0,1,0,1,False,"Pulmonary Disease, Chronic Obstructive","Pulmonary Disease, Chronic Obstructive",20,20,3,17,Direct disease,direct_disease,True,REVIEW,,
pt_ce7a38740971b820,IL1R1-D029424,IL1R1,B,D029424,"Pulmonary Disease, Chronic Obstructive",SENSITIVITY,Closely related phenotype,Pan-UKB,Pan-UKB::continuous|3063|both_sexes||irnt,Forced expiratory volume in 1-second (FEV1),continuous|3063|both_sexes||irnt,GRCh37,fev1,"AFR,CSA,EUR,MID","AFR,CSA,MID",map_3b5ef0a073ff5fa0,Spirometry measures airflow limitation central to COPD but is not the disease endpoint.,Retained only for prespecified sensitivity analysis.,"Pulmonary Disease, Chronic Obstructive",Phase II,,True,['European'],[],['European'],6,6,0,1,0,1,False,"Pulmonary Disease, Chronic Obstructive","Pulmonary Disease, Chronic Obstructive",20,20,3,17,Closely related phenotype,pulmonary,True,REVIEW,,
pt_56be5f95ee8eb4a0,IL1R1-D029424,IL1R1,B,D029424,"Pulmonary Disease, Chronic Obstructive",SENSITIVITY,Closely related phenotype,Pan-UKB,Pan-UKB::continuous|3062|both_sexes||irnt,Forced vital capacity (FVC),continuous|3062|both_sexes||irnt,GRCh37,fvc,"AFR,CSA,EUR,MID","AFR,CSA,MID",map_16d098169734a13c,Spirometry measures airflow limitation central to COPD but is not the disease endpoint.,Retained only for prespecified sensitivity analysis.,"Pulmonary Disease, Chronic Obstructive",Phase II,,True,['European'],[],['European'],6,6,0,1,0,1,False,"Pulmonary Disease, Chronic Obstructive","Pulmonary Disease, Chronic Obstructive",20,20,3,17,Closely related phenotype,pulmonary,True,REVIEW,,
pt_2b8fe4d14abb888c,IL1RL1-D001249,IL1RL1,B,D001249,Asthma,PRIMARY,Direct disease,GBMI,GBMI::Asthma,Asthma,Asthma,GRCh38,Asthma,"AFR,AMR,CSA,EAS,EUR","AFR,AMR,CSA,EAS",map_142944bd2f968395,The GBMI endpoint is an exact or clinically equivalent disease endpoint.,Locked as the single primary representation of this indication.,Asthma,Phase II,,True,['African' 'East Asian' 'European' 'Hispanic/Latin American' 'NR' 'Other'],['African' 'European' 'Hispanic/Latin American' 'NR'],['African' 'East Asian' 'European' 'Hispanic/Latin American' 'NR' 'Other'],48,48,10,5,3,5,True,Asthma,Asthma,29,29,4,25,Direct disease,direct_disease,True,REVIEW,,
pt_7062fb13ed780199,IL1RL1-D001249,IL1RL1,B,D001249,Asthma,SENSITIVITY,Proxy biomarker,Pan-UKB,Pan-UKB::continuous|30150|both_sexes||irnt,Eosinophill count,continuous|30150|both_sexes||irnt,GRCh37,eosinophil_count,"CSA,EUR",CSA,map_cb8244ded7498122,"Eosinophils and spirometry measure allergic inflammation or airway physiology, not asthma diagnosis itself.",Retained only for prespecified sensitivity analysis.,Asthma,Phase II,,True,['African' 'East Asian' 'European' 'Hispanic/Latin American' 'NR' 'Other'],['African' 'European' 'Hispanic/Latin American' 'NR'],['African' 'East Asian' 'European' 'Hispanic/Latin American' 'NR' 'Other'],48,48,10,5,3,5,True,Asthma,Asthma,29,29,4,25,Proxy biomarker,hematology_allergy,True,REVIEW,,
pt_a2eab396fb548fe0,IL1RL1-D001249,IL1RL1,B,D001249,Asthma,SENSITIVITY,Proxy biomarker,Pan-UKB,Pan-UKB::continuous|3063|both_sexes||irnt,Forced expiratory volume in 1-second (FEV1),continuous|3063|both_sexes||irnt,GRCh37,fev1,"AFR,CSA,EUR,MID","AFR,CSA,MID",map_59356df4843aaef1,"Eosinophils and spirometry measure allergic inflammation or airway physiology, not asthma diagnosis itself.",Retained only for prespecified sensitivity analysis.,Asthma,Phase II,,True,['African' 'East Asian' 'European' 'Hispanic/Latin American' 'NR' 'Other'],['African' 'European' 'Hispanic/Latin American' 'NR'],['African' 'East Asian' 'European' 'Hispanic/Latin American' 'NR' 'Other'],48,48,10,5,3,5,True,Asthma,Asthma,29,29,4,25,Proxy biomarker,pulmonary,True,REVIEW,,
pt_5dfaa2d4d47fc9ce,IL1RL1-D001249,IL1RL1,B,D001249,Asthma,SENSITIVITY,Proxy biomarker,Pan-UKB,Pan-UKB::continuous|3062|both_sexes||irnt,Forced vital capacity (FVC),continuous|3062|both_sexes||irnt,GRCh37,fvc,"AFR,CSA,EUR,MID","AFR,CSA,MID",map_8f3487c5d3ef8b41,"Eosinophils and spirometry measure allergic inflammation or airway physiology, not asthma diagnosis itself.",Retained only for prespecified sensitivity analysis.,Asthma,Phase II,,True,['African' 'East Asian' 'European' 'Hispanic/Latin American' 'NR' 'Other'],['African' 'European' 'Hispanic/Latin American' 'NR'],['African' 'East Asian' 'European' 'Hispanic/Latin American' 'NR' 'Other'],48,48,10,5,3,5,True,Asthma,Asthma,29,29,4,25,Proxy biomarker,pulmonary,True,REVIEW,,
pt_1255f1d3900bd8bc,IL1RL1-D003876,IL1RL1,B,D003876,"Dermatitis, Atopic",SENSITIVITY,Proxy biomarker,Pan-UKB,Pan-UKB::continuous|30150|both_sexes||irnt,Eosinophill count,continuous|30150|both_sexes||irnt,GRCh37,eosinophil_count,"CSA,EUR",CSA,map_5870426bd34a44e7,Eosinophil count is an allergic-inflammatory biomarker rather than the disease endpoint.,Retained only for prespecified sensitivity analysis.,"Dermatitis, Atopic",Phase II,,True,['African' 'East Asian' 'European' 'Hispanic/Latin American' 'NR'],['African' 'East Asian' 'European' 'NR'],['African' 'East Asian' 'European' 'Hispanic/Latin American' 'NR'],9,9,3,4,3,4,True,"Dermatitis, Atopic","Dermatitis, Atopic",12,12,2,10,Proxy biomarker,hematology_allergy,True,REVIEW,,
pt_f8db159dd103704d,IL1RL1-D029424,IL1RL1,B,D029424,"Pulmonary Disease, Chronic Obstructive",PRIMARY,Direct disease,GBMI,GBMI::COPD,Chronic obstructive pulmonary disease,COPD,GRCh38,COPD,"AFR,AMR,EAS,EUR","AFR,AMR,EAS",map_c342a950924fe3b4,The GBMI endpoint is an exact or clinically equivalent disease endpoint.,Locked as the single primary representation of this indication.,"Pulmonary Disease, Chronic Obstructive",Phase II,,True,['African' 'East Asian' 'European' 'Hispanic/Latin American' 'NR' 'Other'],['African' 'European' 'Hispanic/Latin American' 'NR'],['African' 'East Asian' 'European' 'Hispanic/Latin American' 'NR' 'Other'],42,42,9,5,3,5,True,"Pulmonary Disease, Chronic Obstructive","Pulmonary Disease, Chronic Obstructive",20,20,3,17,Direct disease,direct_disease,True,REVIEW,,
pt_b161da3df06071f3,IL1RL1-D029424,IL1RL1,B,D029424,"Pulmonary Disease, Chronic Obstructive",SENSITIVITY,Closely related phenotype,Pan-UKB,Pan-UKB::continuous|3063|both_sexes||irnt,Forced expiratory volume in 1-second (FEV1),continuous|3063|both_sexes||irnt,GRCh37,fev1,"AFR,CSA,EUR,MID","AFR,CSA,MID",map_3b5ef0a073ff5fa0,Spirometry measures airflow limitation central to COPD but is not the disease endpoint.,Retained only for prespecified sensitivity analysis.,"Pulmonary Disease, Chronic Obstructive",Phase II,,True,['African' 'East Asian' 'European' 'Hispanic/Latin American' 'NR' 'Other'],['African' 'European' 'Hispanic/Latin American' 'NR'],['African' 'East Asian' 'European' 'Hispanic/Latin American' 'NR' 'Other'],42,42,9,5,3,5,True,"Pulmonary Disease, Chronic Obstructive","Pulmonary Disease, Chronic Obstructive",20,20,3,17,Closely related phenotype,pulmonary,True,REVIEW,,
pt_907e0b9848a7f584,IL1RL1-D029424,IL1RL1,B,D029424,"Pulmonary Disease, Chronic Obstructive",SENSITIVITY,Closely related phenotype,Pan-UKB,Pan-UKB::continuous|3062|both_sexes||irnt,Forced vital capacity (FVC),continuous|3062|both_sexes||irnt,GRCh37,fvc,"AFR,CSA,EUR,MID","AFR,CSA,MID",map_16d098169734a13c,Spirometry measures airflow limitation central to COPD but is not the disease endpoint.,Retained only for prespecified sensitivity analysis.,"Pulmonary Disease, Chronic Obstructive",Phase II,,True,['African' 'East Asian' 'European' 'Hispanic/Latin American' 'NR' 'Other'],['African' 'European' 'Hispanic/Latin American' 'NR'],['African' 'East Asian' 'European' 'Hispanic/Latin American' 'NR' 'Other'],42,42,9,5,3,5,True,"Pulmonary Disease, Chronic Obstructive","Pulmonary Disease, Chronic Obstructive",20,20,3,17,Closely related phenotype,pulmonary,True,REVIEW,,
pt_0ad03283e9e0c0fe,IL2-D003922,IL2,B,D003922,"Diabetes Mellitus, Type 1",SENSITIVITY,Proxy biomarker,Pan-UKB,Pan-UKB::biomarkers|30750|both_sexes||irnt,Glycated haemoglobin (HbA1c),biomarkers|30750|both_sexes||irnt,GRCh37,hba1c,"CSA,EUR,MID","CSA,MID",map_b5a360540448779a,HbA1c is a standard quantitative measure of chronic glycemia.,Retained only for prespecified sensitivity analysis.,"Diabetes Mellitus, Type 1",Phase II,,True,['European'],['European'],['European'],4,4,1,1,1,1,True,"Diabetes Mellitus, Type 1","Diabetes Mellitus, Type 1",4,4,0,4,Direct quantitative readout,glycemia,True,REVIEW,,
pt_761bc5d14448593a,IL2RA-D003876,IL2RA,B,D003876,"Dermatitis, Atopic",SENSITIVITY,Proxy biomarker,Pan-UKB,Pan-UKB::continuous|30150|both_sexes||irnt,Eosinophill count,continuous|30150|both_sexes||irnt,GRCh37,eosinophil_count,"CSA,EUR",CSA,map_5870426bd34a44e7,Eosinophil count is an allergic-inflammatory biomarker rather than the disease endpoint.,Retained only for prespecified sensitivity analysis.,"Dermatitis, Atopic",Phase I,,True,['African' 'East Asian' 'European' 'Hispanic/Latin American' 'NR'],['African' 'East Asian' 'European' 'NR'],['African' 'East Asian' 'European' 'Hispanic/Latin American' 'NR'],6,6,2,4,3,4,True,"Dermatitis, Atopic","Dermatitis, Atopic",12,12,2,10,Proxy biomarker,hematology_allergy,True,REVIEW,,
pt_e6a1c7aa0d7e2db8,IL2RA-D003922,IL2RA,B,D003922,"Diabetes Mellitus, Type 1",SENSITIVITY,Proxy biomarker,Pan-UKB,Pan-UKB::biomarkers|30750|both_sexes||irnt,Glycated haemoglobin (HbA1c),biomarkers|30750|both_sexes||irnt,GRCh37,hba1c,"CSA,EUR,MID","CSA,MID",map_b5a360540448779a,HbA1c is a standard quantitative measure of chronic glycemia.,Retained only for prespecified sensitivity analysis.,"Diabetes Mellitus, Type 1",Phase I,,True,['East Asian' 'European'],['European'],['East Asian' 'European'],11,11,2,2,1,2,True,"Diabetes Mellitus, Type 1","Diabetes Mellitus, Type 1",4,4,0,4,Direct quantitative readout,glycemia,True,REVIEW,,
pt_ff2dac4cc24aa8f8,IL3-D001249,IL3,B,D001249,Asthma,PRIMARY,Direct disease,GBMI,GBMI::Asthma,Asthma,Asthma,GRCh38,Asthma,"AFR,AMR,CSA,EAS,EUR","AFR,AMR,CSA,EAS",map_142944bd2f968395,The GBMI endpoint is an exact or clinically equivalent disease endpoint.,Locked as the single primary representation of this indication.,Asthma,Phase I,,True,['European'],[],['European'],1,1,0,1,0,1,False,Asthma,Asthma,29,29,4,25,Direct disease,direct_disease,True,REVIEW,,
pt_c33b15e1c7fda0b5,IL3-D001249,IL3,B,D001249,Asthma,SENSITIVITY,Proxy biomarker,Pan-UKB,Pan-UKB::continuous|30150|both_sexes||irnt,Eosinophill count,continuous|30150|both_sexes||irnt,GRCh37,eosinophil_count,"CSA,EUR",CSA,map_cb8244ded7498122,"Eosinophils and spirometry measure allergic inflammation or airway physiology, not asthma diagnosis itself.",Retained only for prespecified sensitivity analysis.,Asthma,Phase I,,True,['European'],[],['European'],1,1,0,1,0,1,False,Asthma,Asthma,29,29,4,25,Proxy biomarker,hematology_allergy,True,REVIEW,,
pt_db84ffae88aea4b2,IL3-D001249,IL3,B,D001249,Asthma,SENSITIVITY,Proxy biomarker,Pan-UKB,Pan-UKB::continuous|3063|both_sexes||irnt,Forced expiratory volume in 1-second (FEV1),continuous|3063|both_sexes||irnt,GRCh37,fev1,"AFR,CSA,EUR,MID","AFR,CSA,MID",map_59356df4843aaef1,"Eosinophils and spirometry measure allergic inflammation or airway physiology, not asthma diagnosis itself.",Retained only for prespecified sensitivity analysis.,Asthma,Phase I,,True,['European'],[],['European'],1,1,0,1,0,1,False,Asthma,Asthma,29,29,4,25,Proxy biomarker,pulmonary,True,REVIEW,,
pt_782b2aba13929cd5,IL3-D001249,IL3,B,D001249,Asthma,SENSITIVITY,Proxy biomarker,Pan-UKB,Pan-UKB::continuous|3062|both_sexes||irnt,Forced vital capacity (FVC),continuous|3062|both_sexes||irnt,GRCh37,fvc,"AFR,CSA,EUR,MID","AFR,CSA,MID",map_8f3487c5d3ef8b41,"Eosinophils and spirometry measure allergic inflammation or airway physiology, not asthma diagnosis itself.",Retained only for prespecified sensitivity analysis.,Asthma,Phase I,,True,['European'],[],['European'],1,1,0,1,0,1,False,Asthma,Asthma,29,29,4,25,Proxy biomarker,pulmonary,True,REVIEW,,
pt_33c423d712eb45de,IL33-D001249,IL33,B,D001249,Asthma,PRIMARY,Direct disease,GBMI,GBMI::Asthma,Asthma,Asthma,GRCh38,Asthma,"AFR,AMR,CSA,EAS,EUR","AFR,AMR,CSA,EAS",map_142944bd2f968395,The GBMI endpoint is an exact or clinically equivalent disease endpoint.,Locked as the single primary representation of this indication.,Asthma,Phase II,,True,['African' 'East Asian' 'European' 'Hispanic/Latin American' 'NR' 'Other'],"['African' 'European' 'Hispanic/Latin American' 'Middle Eastern' 'NR'
 'Other']","['African' 'East Asian' 'European' 'Hispanic/Latin American'
 'Middle Eastern' 'NR' 'Other']",48,48,9,5,5,6,True,Asthma,Asthma,29,29,4,25,Direct disease,direct_disease,True,REVIEW,,
pt_1c12402dc5242693,IL33-D001249,IL33,B,D001249,Asthma,SENSITIVITY,Proxy biomarker,Pan-UKB,Pan-UKB::continuous|30150|both_sexes||irnt,Eosinophill count,continuous|30150|both_sexes||irnt,GRCh37,eosinophil_count,"CSA,EUR",CSA,map_cb8244ded7498122,"Eosinophils and spirometry measure allergic inflammation or airway physiology, not asthma diagnosis itself.",Retained only for prespecified sensitivity analysis.,Asthma,Phase II,,True,['African' 'East Asian' 'European' 'Hispanic/Latin American' 'NR' 'Other'],"['African' 'European' 'Hispanic/Latin American' 'Middle Eastern' 'NR'
 'Other']","['African' 'East Asian' 'European' 'Hispanic/Latin American'
 'Middle Eastern' 'NR' 'Other']",48,48,9,5,5,6,True,Asthma,Asthma,29,29,4,25,Proxy biomarker,hematology_allergy,True,REVIEW,,
pt_87e0f0a41f8d30b8,IL33-D001249,IL33,B,D001249,Asthma,SENSITIVITY,Proxy biomarker,Pan-UKB,Pan-UKB::continuous|3063|both_sexes||irnt,Forced expiratory volume in 1-second (FEV1),continuous|3063|both_sexes||irnt,GRCh37,fev1,"AFR,CSA,EUR,MID","AFR,CSA,MID",map_59356df4843aaef1,"Eosinophils and spirometry measure allergic inflammation or airway physiology, not asthma diagnosis itself.",Retained only for prespecified sensitivity analysis.,Asthma,Phase II,,True,['African' 'East Asian' 'European' 'Hispanic/Latin American' 'NR' 'Other'],"['African' 'European' 'Hispanic/Latin American' 'Middle Eastern' 'NR'
 'Other']","['African' 'East Asian' 'European' 'Hispanic/Latin American'
 'Middle Eastern' 'NR' 'Other']",48,48,9,5,5,6,True,Asthma,Asthma,29,29,4,25,Proxy biomarker,pulmonary,True,REVIEW,,
pt_f272f077c1801e1a,IL33-D001249,IL33,B,D001249,Asthma,SENSITIVITY,Proxy biomarker,Pan-UKB,Pan-UKB::continuous|3062|both_sexes||irnt,Forced vital capacity (FVC),continuous|3062|both_sexes||irnt,GRCh37,fvc,"AFR,CSA,EUR,MID","AFR,CSA,MID",map_8f3487c5d3ef8b41,"Eosinophils and spirometry measure allergic inflammation or airway physiology, not asthma diagnosis itself.",Retained only for prespecified sensitivity analysis.,Asthma,Phase II,,True,['African' 'East Asian' 'European' 'Hispanic/Latin American' 'NR' 'Other'],"['African' 'European' 'Hispanic/Latin American' 'Middle Eastern' 'NR'
 'Other']","['African' 'East Asian' 'European' 'Hispanic/Latin American'
 'Middle Eastern' 'NR' 'Other']",48,48,9,5,5,6,True,Asthma,Asthma,29,29,4,25,Proxy biomarker,pulmonary,True,REVIEW,,
pt_a2fdc8b0e419e14b,IL33-D003876,IL33,B,D003876,"Dermatitis, Atopic",SENSITIVITY,Proxy biomarker,Pan-UKB,Pan-UKB::continuous|30150|both_sexes||irnt,Eosinophill count,continuous|30150|both_sexes||irnt,GRCh37,eosinophil_count,"CSA,EUR",CSA,map_5870426bd34a44e7,Eosinophil count is an allergic-inflammatory biomarker rather than the disease endpoint.,Retained only for prespecified sensitivity analysis.,"Dermatitis, Atopic",Phase II,,True,['European'],[],['European'],1,1,0,1,0,1,False,"Dermatitis, Atopic","Dermatitis, Atopic",12,12,2,10,Proxy biomarker,hematology_allergy,True,REVIEW,,
pt_7e20b5ff22ebad4b,IL33-D006255,IL33,B,D006255,"Rhinitis, Allergic, Seasonal",SENSITIVITY,Proxy biomarker,Pan-UKB,Pan-UKB::continuous|30150|both_sexes||irnt,Eosinophill count,continuous|30150|both_sexes||irnt,GRCh37,eosinophil_count,"CSA,EUR",CSA,map_68fe0b2b5bd7b2d4,Eosinophil count is an allergic-inflammatory biomarker rather than the disease endpoint.,Retained only for prespecified sensitivity analysis.,"Rhinitis, Allergic, Seasonal",Phase I,,True,['European'],[],['European'],3,3,0,1,0,1,False,"Rhinitis, Allergic, Seasonal","Rhinitis, Allergic, Seasonal",2,2,0,2,Proxy biomarker,hematology_allergy,True,REVIEW,,
pt_ff331d54c54cfe0a,IL33-D029424,IL33,B,D029424,"Pulmonary Disease, Chronic Obstructive",PRIMARY,Direct disease,GBMI,GBMI::COPD,Chronic obstructive pulmonary disease,COPD,GRCh38,COPD,"AFR,AMR,EAS,EUR","AFR,AMR,EAS",map_c342a950924fe3b4,The GBMI endpoint is an exact or clinically equivalent disease endpoint.,Locked as the single primary representation of this indication.,"Pulmonary Disease, Chronic Obstructive",Phase III,,True,['African' 'East Asian' 'European' 'Hispanic/Latin American' 'NR' 'Other'],"['African' 'European' 'Hispanic/Latin American' 'Middle Eastern' 'NR'
 'Other']","['African' 'East Asian' 'European' 'Hispanic/Latin American'
 'Middle Eastern' 'NR' 'Other']",44,44,8,5,5,6,True,"Pulmonary Disease, Chronic Obstructive","Pulmonary Disease, Chronic Obstructive",20,20,3,17,Direct disease,direct_disease,True,REVIEW,,
pt_64926ed307b995c1,IL33-D029424,IL33,B,D029424,"Pulmonary Disease, Chronic Obstructive",SENSITIVITY,Closely related phenotype,Pan-UKB,Pan-UKB::continuous|3063|both_sexes||irnt,Forced expiratory volume in 1-second (FEV1),continuous|3063|both_sexes||irnt,GRCh37,fev1,"AFR,CSA,EUR,MID","AFR,CSA,MID",map_3b5ef0a073ff5fa0,Spirometry measures airflow limitation central to COPD but is not the disease endpoint.,Retained only for prespecified sensitivity analysis.,"Pulmonary Disease, Chronic Obstructive",Phase III,,True,['African' 'East Asian' 'European' 'Hispanic/Latin American' 'NR' 'Other'],"['African' 'European' 'Hispanic/Latin American' 'Middle Eastern' 'NR'
 'Other']","['African' 'East Asian' 'European' 'Hispanic/Latin American'
 'Middle Eastern' 'NR' 'Other']",44,44,8,5,5,6,True,"Pulmonary Disease, Chronic Obstructive","Pulmonary Disease, Chronic Obstructive",20,20,3,17,Closely related phenotype,pulmonary,True,REVIEW,,
pt_d265022dec1aa251,IL33-D029424,IL33,B,D029424,"Pulmonary Disease, Chronic Obstructive",SENSITIVITY,Closely related phenotype,Pan-UKB,Pan-UKB::continuous|3062|both_sexes||irnt,Forced vital capacity (FVC),continuous|3062|both_sexes||irnt,GRCh37,fvc,"AFR,CSA,EUR,MID","AFR,CSA,MID",map_16d098169734a13c,Spirometry measures airflow limitation central to COPD but is not the disease endpoint.,Retained only for prespecified sensitivity analysis.,"Pulmonary Disease, Chronic Obstructive",Phase III,,True,['African' 'East Asian' 'European' 'Hispanic/Latin American' 'NR' 'Other'],"['African' 'European' 'Hispanic/Latin American' 'Middle Eastern' 'NR'
 'Other']","['African' 'East Asian' 'European' 'Hispanic/Latin American'
 'Middle Eastern' 'NR' 'Other']",44,44,8,5,5,6,True,"Pulmonary Disease, Chronic Obstructive","Pulmonary Disease, Chronic Obstructive",20,20,3,17,Closely related phenotype,pulmonary,True,REVIEW,,
pt_f1bc23e6cc96ed7a,IL33-D065631,IL33,B,D065631,"Rhinitis, Allergic",SENSITIVITY,Proxy biomarker,Pan-UKB,Pan-UKB::continuous|30150|both_sexes||irnt,Eosinophill count,continuous|30150|both_sexes||irnt,GRCh37,eosinophil_count,"CSA,EUR",CSA,map_fef4e0642fc76154,Eosinophil count is an allergic-inflammatory biomarker rather than the disease endpoint.,Retained only for prespecified sensitivity analysis.,"Rhinitis, Allergic",Phase I,,True,['African' 'East Asian' 'European' 'Hispanic/Latin American' 'NR' 'Other'],"['African' 'European' 'Hispanic/Latin American' 'Middle Eastern' 'NR'
 'Other']","['African' 'East Asian' 'European' 'Hispanic/Latin American'
 'Middle Eastern' 'NR' 'Other']",50,50,9,5,5,6,True,"Rhinitis, Allergic","Rhinitis, Allergic",9,9,1,8,Proxy biomarker,hematology_allergy,True,REVIEW,,
pt_b04658428954f406,IL4R-D001249,IL4R,A,D001249,Asthma,PRIMARY,Direct disease,GBMI,GBMI::Asthma,Asthma,Asthma,GRCh38,Asthma,"AFR,AMR,CSA,EAS,EUR","AFR,AMR,CSA,EAS",map_142944bd2f968395,The GBMI endpoint is an exact or clinically equivalent disease endpoint.,Locked as the single primary representation of this indication.,Asthma,Launched,2021.0,True,['African' 'East Asian' 'European' 'Hispanic/Latin American' 'NR'],['European' 'NR'],['African' 'East Asian' 'European' 'Hispanic/Latin American' 'NR'],28,28,4,4,1,4,True,Asthma,Asthma,29,29,4,25,Direct disease,direct_disease,True,REVIEW,,
pt_62ab0cb8e22fc1fc,IL4R-D001249,IL4R,A,D001249,Asthma,SENSITIVITY,Proxy biomarker,Pan-UKB,Pan-UKB::continuous|30150|both_sexes||irnt,Eosinophill count,continuous|30150|both_sexes||irnt,GRCh37,eosinophil_count,"CSA,EUR",CSA,map_cb8244ded7498122,"Eosinophils and spirometry measure allergic inflammation or airway physiology, not asthma diagnosis itself.",Retained only for prespecified sensitivity analysis.,Asthma,Launched,2021.0,True,['African' 'East Asian' 'European' 'Hispanic/Latin American' 'NR'],['European' 'NR'],['African' 'East Asian' 'European' 'Hispanic/Latin American' 'NR'],28,28,4,4,1,4,True,Asthma,Asthma,29,29,4,25,Proxy biomarker,hematology_allergy,True,REVIEW,,
pt_f8f12770220601b2,IL4R-D001249,IL4R,A,D001249,Asthma,SENSITIVITY,Proxy biomarker,Pan-UKB,Pan-UKB::continuous|3063|both_sexes||irnt,Forced expiratory volume in 1-second (FEV1),continuous|3063|both_sexes||irnt,GRCh37,fev1,"AFR,CSA,EUR,MID","AFR,CSA,MID",map_59356df4843aaef1,"Eosinophils and spirometry measure allergic inflammation or airway physiology, not asthma diagnosis itself.",Retained only for prespecified sensitivity analysis.,Asthma,Launched,2021.0,True,['African' 'East Asian' 'European' 'Hispanic/Latin American' 'NR'],['European' 'NR'],['African' 'East Asian' 'European' 'Hispanic/Latin American' 'NR'],28,28,4,4,1,4,True,Asthma,Asthma,29,29,4,25,Proxy biomarker,pulmonary,True,REVIEW,,
pt_062ab23250bb27fd,IL4R-D001249,IL4R,A,D001249,Asthma,SENSITIVITY,Proxy biomarker,Pan-UKB,Pan-UKB::continuous|3062|both_sexes||irnt,Forced vital capacity (FVC),continuous|3062|both_sexes||irnt,GRCh37,fvc,"AFR,CSA,EUR,MID","AFR,CSA,MID",map_8f3487c5d3ef8b41,"Eosinophils and spirometry measure allergic inflammation or airway physiology, not asthma diagnosis itself.",Retained only for prespecified sensitivity analysis.,Asthma,Launched,2021.0,True,['African' 'East Asian' 'European' 'Hispanic/Latin American' 'NR'],['European' 'NR'],['African' 'East Asian' 'European' 'Hispanic/Latin American' 'NR'],28,28,4,4,1,4,True,Asthma,Asthma,29,29,4,25,Proxy biomarker,pulmonary,True,REVIEW,,
pt_d3ced7e47805ec3e,IL4R-D003876,IL4R,A,D003876,"Dermatitis, Atopic",SENSITIVITY,Proxy biomarker,Pan-UKB,Pan-UKB::continuous|30150|both_sexes||irnt,Eosinophill count,continuous|30150|both_sexes||irnt,GRCh37,eosinophil_count,"CSA,EUR",CSA,map_5870426bd34a44e7,Eosinophil count is an allergic-inflammatory biomarker rather than the disease endpoint.,Retained only for prespecified sensitivity analysis.,"Dermatitis, Atopic",Launched,,True,['European'],[],['European'],1,1,0,1,0,1,False,"Dermatitis, Atopic","Dermatitis, Atopic",12,12,2,10,Proxy biomarker,hematology_allergy,True,REVIEW,,
pt_253a846e52ca5748,IL4R-D029424,IL4R,B,D029424,"Pulmonary Disease, Chronic Obstructive",PRIMARY,Direct disease,GBMI,GBMI::COPD,Chronic obstructive pulmonary disease,COPD,GRCh38,COPD,"AFR,AMR,EAS,EUR","AFR,AMR,EAS",map_c342a950924fe3b4,The GBMI endpoint is an exact or clinically equivalent disease endpoint.,Locked as the single primary representation of this indication.,"Pulmonary Disease, Chronic Obstructive",Phase III,,True,['African' 'East Asian' 'European' 'Hispanic/Latin American' 'NR'],['European' 'NR'],['African' 'East Asian' 'European' 'Hispanic/Latin American' 'NR'],28,28,4,4,1,4,True,"Pulmonary Disease, Chronic Obstructive","Pulmonary Disease, Chronic Obstructive",20,20,3,17,Direct disease,direct_disease,True,REVIEW,,
pt_3740c9363af8174f,IL4R-D029424,IL4R,B,D029424,"Pulmonary Disease, Chronic Obstructive",SENSITIVITY,Closely related phenotype,Pan-UKB,Pan-UKB::continuous|3063|both_sexes||irnt,Forced expiratory volume in 1-second (FEV1),continuous|3063|both_sexes||irnt,GRCh37,fev1,"AFR,CSA,EUR,MID","AFR,CSA,MID",map_3b5ef0a073ff5fa0,Spirometry measures airflow limitation central to COPD but is not the disease endpoint.,Retained only for prespecified sensitivity analysis.,"Pulmonary Disease, Chronic Obstructive",Phase III,,True,['African' 'East Asian' 'European' 'Hispanic/Latin American' 'NR'],['European' 'NR'],['African' 'East Asian' 'European' 'Hispanic/Latin American' 'NR'],28,28,4,4,1,4,True,"Pulmonary Disease, Chronic Obstructive","Pulmonary Disease, Chronic Obstructive",20,20,3,17,Closely related phenotype,pulmonary,True,REVIEW,,
pt_e516b956dde77718,IL4R-D029424,IL4R,B,D029424,"Pulmonary Disease, Chronic Obstructive",SENSITIVITY,Closely related phenotype,Pan-UKB,Pan-UKB::continuous|3062|both_sexes||irnt,Forced vital capacity (FVC),continuous|3062|both_sexes||irnt,GRCh37,fvc,"AFR,CSA,EUR,MID","AFR,CSA,MID",map_16d098169734a13c,Spirometry measures airflow limitation central to COPD but is not the disease endpoint.,Retained only for prespecified sensitivity analysis.,"Pulmonary Disease, Chronic Obstructive",Phase III,,True,['African' 'East Asian' 'European' 'Hispanic/Latin American' 'NR'],['European' 'NR'],['African' 'East Asian' 'European' 'Hispanic/Latin American' 'NR'],28,28,4,4,1,4,True,"Pulmonary Disease, Chronic Obstructive","Pulmonary Disease, Chronic Obstructive",20,20,3,17,Closely related phenotype,pulmonary,True,REVIEW,,
pt_872b5b00e3a8e6d1,IL4R-D065631,IL4R,B,D065631,"Rhinitis, Allergic",SENSITIVITY,Proxy biomarker,Pan-UKB,Pan-UKB::continuous|30150|both_sexes||irnt,Eosinophill count,continuous|30150|both_sexes||irnt,GRCh37,eosinophil_count,"CSA,EUR",CSA,map_fef4e0642fc76154,Eosinophil count is an allergic-inflammatory biomarker rather than the disease endpoint.,Retained only for prespecified sensitivity analysis.,"Rhinitis, Allergic",Phase I,,True,['African' 'East Asian' 'European' 'Hispanic/Latin American' 'NR'],['European' 'NR'],['African' 'East Asian' 'European' 'Hispanic/Latin American' 'NR'],28,28,4,4,1,4,True,"Rhinitis, Allergic","Rhinitis, Allergic",9,9,1,8,Proxy biomarker,hematology_allergy,True,REVIEW,,
pt_31809ebe96a8e086,IL5-D001249,IL5,B,D001249,Asthma,PRIMARY,Direct disease,GBMI,GBMI::Asthma,Asthma,Asthma,GRCh38,Asthma,"AFR,AMR,CSA,EAS,EUR","AFR,AMR,CSA,EAS",map_142944bd2f968395,The GBMI endpoint is an exact or clinically equivalent disease endpoint.,Locked as the single primary representation of this indication.,Asthma,Phase I,,True,['European'],['European' 'NR'],['European' 'NR'],11,11,6,1,1,1,True,Asthma,Asthma,29,29,4,25,Direct disease,direct_disease,True,REVIEW,,
pt_a4511b2be72cdebb,IL5-D001249,IL5,B,D001249,Asthma,SENSITIVITY,Proxy biomarker,Pan-UKB,Pan-UKB::continuous|30150|both_sexes||irnt,Eosinophill count,continuous|30150|both_sexes||irnt,GRCh37,eosinophil_count,"CSA,EUR",CSA,map_cb8244ded7498122,"Eosinophils and spirometry measure allergic inflammation or airway physiology, not asthma diagnosis itself.",Retained only for prespecified sensitivity analysis.,Asthma,Phase I,,True,['European'],['European' 'NR'],['European' 'NR'],11,11,6,1,1,1,True,Asthma,Asthma,29,29,4,25,Proxy biomarker,hematology_allergy,True,REVIEW,,
pt_551fe09b587366a3,IL5-D001249,IL5,B,D001249,Asthma,SENSITIVITY,Proxy biomarker,Pan-UKB,Pan-UKB::continuous|3063|both_sexes||irnt,Forced expiratory volume in 1-second (FEV1),continuous|3063|both_sexes||irnt,GRCh37,fev1,"AFR,CSA,EUR,MID","AFR,CSA,MID",map_59356df4843aaef1,"Eosinophils and spirometry measure allergic inflammation or airway physiology, not asthma diagnosis itself.",Retained only for prespecified sensitivity analysis.,Asthma,Phase I,,True,['European'],['European' 'NR'],['European' 'NR'],11,11,6,1,1,1,True,Asthma,Asthma,29,29,4,25,Proxy biomarker,pulmonary,True,REVIEW,,
pt_f2c15bf080077754,IL5-D001249,IL5,B,D001249,Asthma,SENSITIVITY,Proxy biomarker,Pan-UKB,Pan-UKB::continuous|3062|both_sexes||irnt,Forced vital capacity (FVC),continuous|3062|both_sexes||irnt,GRCh37,fvc,"AFR,CSA,EUR,MID","AFR,CSA,MID",map_8f3487c5d3ef8b41,"Eosinophils and spirometry measure allergic inflammation or airway physiology, not asthma diagnosis itself.",Retained only for prespecified sensitivity analysis.,Asthma,Phase I,,True,['European'],['European' 'NR'],['European' 'NR'],11,11,6,1,1,1,True,Asthma,Asthma,29,29,4,25,Proxy biomarker,pulmonary,True,REVIEW,,
pt_1a2766b1a9d3da50,IL6-D000740,IL6,B,D000740,Anemia,SENSITIVITY,Direct quantitative readout,Pan-UKB,Pan-UKB::continuous|30030|both_sexes||irnt,Haematocrit percentage,continuous|30030|both_sexes||irnt,GRCh37,haematocrit,"CSA,EUR",CSA,map_97b816746f065ca0,Standard red-cell measures characterize anemia and major subtypes.,Retained only for prespecified sensitivity analysis.,Anemia,Phase II,,True,['East Asian'],[],['East Asian'],2,2,0,1,0,1,False,Anemia,Anemia,11,11,4,7,Direct quantitative readout,hematology,True,REVIEW,,
pt_f247d0cf58aeee71,IL6-D000740,IL6,B,D000740,Anemia,PRIMARY,Direct quantitative readout,Pan-UKB,Pan-UKB::continuous|30020|both_sexes||irnt,Haemoglobin concentration,continuous|30020|both_sexes||irnt,GRCh37,haemoglobin,"CSA,EUR",CSA,map_e6f7fc7e1a195345,Standard red-cell measures characterize anemia and major subtypes.,Locked as the single primary representation of this indication.,Anemia,Phase II,,True,['East Asian'],[],['East Asian'],2,2,0,1,0,1,False,Anemia,Anemia,11,11,4,7,Direct quantitative readout,hematology,True,REVIEW,,
pt_c0ee68775c569257,IL6-D000740,IL6,B,D000740,Anemia,SENSITIVITY,Direct quantitative readout,Pan-UKB,Pan-UKB::continuous|30040|both_sexes||irnt,Mean corpuscular volume,continuous|30040|both_sexes||irnt,GRCh37,mean_corpuscular_volume,"CSA,EUR",CSA,map_69f44c24155f039a,Standard red-cell measures characterize anemia and major subtypes.,Retained only for prespecified sensitivity analysis.,Anemia,Phase II,,True,['East Asian'],[],['East Asian'],2,2,0,1,0,1,False,Anemia,Anemia,11,11,4,7,Direct quantitative readout,hematology,True,REVIEW,,
pt_962851cf87a4b044,IL6-D001249,IL6,B,D001249,Asthma,PRIMARY,Direct disease,GBMI,GBMI::Asthma,Asthma,Asthma,GRCh38,Asthma,"AFR,AMR,CSA,EAS,EUR","AFR,AMR,CSA,EAS",map_142944bd2f968395,The GBMI endpoint is an exact or clinically equivalent disease endpoint.,Locked as the single primary representation of this indication.,Asthma,Phase II,,True,['African' 'East Asian' 'European' 'Hispanic/Latin American' 'NR'],['European' 'NR'],['African' 'East Asian' 'European' 'Hispanic/Latin American' 'NR'],12,12,2,4,1,4,True,Asthma,Asthma,29,29,4,25,Direct disease,direct_disease,True,REVIEW,,
pt_5478abd0655d6528,IL6-D001249,IL6,B,D001249,Asthma,SENSITIVITY,Proxy biomarker,Pan-UKB,Pan-UKB::continuous|30150|both_sexes||irnt,Eosinophill count,continuous|30150|both_sexes||irnt,GRCh37,eosinophil_count,"CSA,EUR",CSA,map_cb8244ded7498122,"Eosinophils and spirometry measure allergic inflammation or airway physiology, not asthma diagnosis itself.",Retained only for prespecified sensitivity analysis.,Asthma,Phase II,,True,['African' 'East Asian' 'European' 'Hispanic/Latin American' 'NR'],['European' 'NR'],['African' 'East Asian' 'European' 'Hispanic/Latin American' 'NR'],12,12,2,4,1,4,True,Asthma,Asthma,29,29,4,25,Proxy biomarker,hematology_allergy,True,REVIEW,,
pt_b8ee9ba7d533db93,IL6-D001249,IL6,B,D001249,Asthma,SENSITIVITY,Proxy biomarker,Pan-UKB,Pan-UKB::continuous|3063|both_sexes||irnt,Forced expiratory volume in 1-second (FEV1),continuous|3063|both_sexes||irnt,GRCh37,fev1,"AFR,CSA,EUR,MID","AFR,CSA,MID",map_59356df4843aaef1,"Eosinophils and spirometry measure allergic inflammation or airway physiology, not asthma diagnosis itself.",Retained only for prespecified sensitivity analysis.,Asthma,Phase II,,True,['African' 'East Asian' 'European' 'Hispanic/Latin American' 'NR'],['European' 'NR'],['African' 'East Asian' 'European' 'Hispanic/Latin American' 'NR'],12,12,2,4,1,4,True,Asthma,Asthma,29,29,4,25,Proxy biomarker,pulmonary,True,REVIEW,,
pt_d6ac3fe334c40da7,IL6-D001249,IL6,B,D001249,Asthma,SENSITIVITY,Proxy biomarker,Pan-UKB,Pan-UKB::continuous|3062|both_sexes||irnt,Forced vital capacity (FVC),continuous|3062|both_sexes||irnt,GRCh37,fvc,"AFR,CSA,EUR,MID","AFR,CSA,MID",map_8f3487c5d3ef8b41,"Eosinophils and spirometry measure allergic inflammation or airway physiology, not asthma diagnosis itself.",Retained only for prespecified sensitivity analysis.,Asthma,Phase II,,True,['African' 'East Asian' 'European' 'Hispanic/Latin American' 'NR'],['European' 'NR'],['African' 'East Asian' 'European' 'Hispanic/Latin American' 'NR'],12,12,2,4,1,4,True,Asthma,Asthma,29,29,4,25,Proxy biomarker,pulmonary,True,REVIEW,,
pt_456b4891824a4843,IL7R-D003922,IL7R,B,D003922,"Diabetes Mellitus, Type 1",SENSITIVITY,Proxy biomarker,Pan-UKB,Pan-UKB::biomarkers|30750|both_sexes||irnt,Glycated haemoglobin (HbA1c),biomarkers|30750|both_sexes||irnt,GRCh37,hba1c,"CSA,EUR,MID","CSA,MID",map_b5a360540448779a,HbA1c is a standard quantitative measure of chronic glycemia.,Retained only for prespecified sensitivity analysis.,"Diabetes Mellitus, Type 1",Phase I,,True,['European'],[],['European'],1,1,0,1,0,1,False,"Diabetes Mellitus, Type 1","Diabetes Mellitus, Type 1",4,4,0,4,Direct quantitative readout,glycemia,True,REVIEW,,
pt_017d2af036f44332,INPP5D-D003876,INPP5D,B,D003876,"Dermatitis, Atopic",SENSITIVITY,Proxy biomarker,Pan-UKB,Pan-UKB::continuous|30150|both_sexes||irnt,Eosinophill count,continuous|30150|both_sexes||irnt,GRCh37,eosinophil_count,"CSA,EUR",CSA,map_5870426bd34a44e7,Eosinophil count is an allergic-inflammatory biomarker rather than the disease endpoint.,Retained only for prespecified sensitivity analysis.,"Dermatitis, Atopic",Phase III,,True,['East Asian' 'European'],[],['East Asian' 'European'],2,2,0,2,0,2,False,"Dermatitis, Atopic","Dermatitis, Atopic",12,12,2,10,Proxy biomarker,hematology_allergy,True,REVIEW,,
pt_7e76a104f976a00a,INS-D003920,INS,B,D003920,Diabetes Mellitus,PRIMARY,Direct quantitative readout,Pan-UKB,Pan-UKB::biomarkers|30750|both_sexes||irnt,Glycated haemoglobin (HbA1c),biomarkers|30750|both_sexes||irnt,GRCh37,hba1c,"CSA,EUR,MID","CSA,MID",map_0c8c975606285aeb,HbA1c is a standard quantitative measure of chronic glycemia.,Locked as the single primary representation of this indication.,Diabetes Mellitus,Phase II,,True,['African' 'European' 'South Asian'],[],['African' 'European' 'South Asian'],5,5,0,3,0,3,False,Diabetes Mellitus,Diabetes Mellitus,13,13,2,11,Direct quantitative readout,glycemia,True,REVIEW,,
pt_79b775a002f01182,INS-D003922,INS,B,D003922,"Diabetes Mellitus, Type 1",SENSITIVITY,Proxy biomarker,Pan-UKB,Pan-UKB::biomarkers|30750|both_sexes||irnt,Glycated haemoglobin (HbA1c),biomarkers|30750|both_sexes||irnt,GRCh37,hba1c,"CSA,EUR,MID","CSA,MID",map_b5a360540448779a,HbA1c is a standard quantitative measure of chronic glycemia.,Retained only for prespecified sensitivity analysis.,"Diabetes Mellitus, Type 1",Phase I,,True,['African' 'East Asian' 'European'],['European'],['African' 'East Asian' 'European'],13,13,2,3,1,3,True,"Diabetes Mellitus, Type 1","Diabetes Mellitus, Type 1",4,4,0,4,Direct quantitative readout,glycemia,True,REVIEW,,
pt_b4551849eb3cc6bb,INS-D003924,INS,A,D003924,"Diabetes Mellitus, Type 2",PRIMARY,Direct quantitative readout,Pan-UKB,Pan-UKB::biomarkers|30750|both_sexes||irnt,Glycated haemoglobin (HbA1c),biomarkers|30750|both_sexes||irnt,GRCh37,hba1c,"CSA,EUR,MID","CSA,MID",map_ae8d9a8f89a7795e,HbA1c is a standard quantitative measure of chronic glycemia.,Locked as the single primary representation of this indication.,"Diabetes Mellitus, Type 2",Launched,,True,['East Asian' 'European' 'NR' 'South Asian'],['East Asian' 'European' 'Hispanic/Latin American' 'South Asian'],['East Asian' 'European' 'Hispanic/Latin American' 'NR' 'South Asian'],2,2,2,3,4,4,True,"Diabetes Mellitus, Type 2","Diabetes Mellitus, Type 2",18,18,9,9,Direct quantitative readout,glycemia,True,REVIEW,,
pt_382f7aba99eb93a1,INSR-D003924,INSR,A,D003924,"Diabetes Mellitus, Type 2",PRIMARY,Direct quantitative readout,Pan-UKB,Pan-UKB::biomarkers|30750|both_sexes||irnt,Glycated haemoglobin (HbA1c),biomarkers|30750|both_sexes||irnt,GRCh37,hba1c,"CSA,EUR,MID","CSA,MID",map_ae8d9a8f89a7795e,HbA1c is a standard quantitative measure of chronic glycemia.,Locked as the single primary representation of this indication.,"Diabetes Mellitus, Type 2",Launched,2008.0,True,['African' 'East Asian' 'European' 'Hispanic/Latin American' 'South Asian'],[],['African' 'East Asian' 'European' 'Hispanic/Latin American' 'South Asian'],5,5,0,5,0,5,False,"Diabetes Mellitus, Type 2","Diabetes Mellitus, Type 2",18,18,9,9,Direct quantitative readout,glycemia,True,REVIEW,,
pt_55d659898ba11c71,INSR-D009765,INSR,B,D009765,Obesity,PRIMARY,Direct quantitative readout,Pan-UKB,Pan-UKB::continuous|21001|both_sexes||irnt,Body mass index (BMI),continuous|21001|both_sexes||irnt,GRCh37,body_mass_index,"AFR,CSA,EUR,MID","AFR,CSA,MID",map_0b18d3fa6d5f91c0,BMI and waist circumference directly measure adiposity.,Locked as the single primary representation of this indication.,Obesity,Phase II,,True,['East Asian' 'European'],['African' 'European' 'Other Asian' 'South Asian'],['African' 'East Asian' 'European' 'Other Asian' 'South Asian'],6,6,1,2,4,5,True,Obesity,Obesity,31,31,4,27,Direct quantitative readout,anthropometry,True,REVIEW,,
pt_23c80888c8c8e586,INSR-D009765,INSR,B,D009765,Obesity,SENSITIVITY,Direct quantitative readout,Pan-UKB,Pan-UKB::continuous|48|both_sexes||irnt,Waist circumference,continuous|48|both_sexes||irnt,GRCh37,waist_circumference,"AFR,CSA,EUR,MID","AFR,CSA,MID",map_89b2b7c6b871d268,BMI and waist circumference directly measure adiposity.,Retained only for prespecified sensitivity analysis.,Obesity,Phase II,,True,['East Asian' 'European'],['African' 'European' 'Other Asian' 'South Asian'],['African' 'East Asian' 'European' 'Other Asian' 'South Asian'],6,6,1,2,4,5,True,Obesity,Obesity,31,31,4,27,Direct quantitative readout,anthropometry,True,REVIEW,,
pt_4bba456549a54674,ITGB7-D001249,ITGB7,B,D001249,Asthma,PRIMARY,Direct disease,GBMI,GBMI::Asthma,Asthma,Asthma,GRCh38,Asthma,"AFR,AMR,CSA,EAS,EUR","AFR,AMR,CSA,EAS",map_142944bd2f968395,The GBMI endpoint is an exact or clinically equivalent disease endpoint.,Locked as the single primary representation of this indication.,Asthma,Phase II,,True,['European'],[],['European'],2,2,0,1,0,1,False,Asthma,Asthma,29,29,4,25,Direct disease,direct_disease,True,REVIEW,,
pt_3e5b7520330f8bd6,ITGB7-D001249,ITGB7,B,D001249,Asthma,SENSITIVITY,Proxy biomarker,Pan-UKB,Pan-UKB::continuous|30150|both_sexes||irnt,Eosinophill count,continuous|30150|both_sexes||irnt,GRCh37,eosinophil_count,"CSA,EUR",CSA,map_cb8244ded7498122,"Eosinophils and spirometry measure allergic inflammation or airway physiology, not asthma diagnosis itself.",Retained only for prespecified sensitivity analysis.,Asthma,Phase II,,True,['European'],[],['European'],2,2,0,1,0,1,False,Asthma,Asthma,29,29,4,25,Proxy biomarker,hematology_allergy,True,REVIEW,,
pt_31bf2e0dd8cfb5e2,ITGB7-D001249,ITGB7,B,D001249,Asthma,SENSITIVITY,Proxy biomarker,Pan-UKB,Pan-UKB::continuous|3063|both_sexes||irnt,Forced expiratory volume in 1-second (FEV1),continuous|3063|both_sexes||irnt,GRCh37,fev1,"AFR,CSA,EUR,MID","AFR,CSA,MID",map_59356df4843aaef1,"Eosinophils and spirometry measure allergic inflammation or airway physiology, not asthma diagnosis itself.",Retained only for prespecified sensitivity analysis.,Asthma,Phase II,,True,['European'],[],['European'],2,2,0,1,0,1,False,Asthma,Asthma,29,29,4,25,Proxy biomarker,pulmonary,True,REVIEW,,
pt_fe7f8b3019a47069,ITGB7-D001249,ITGB7,B,D001249,Asthma,SENSITIVITY,Proxy biomarker,Pan-UKB,Pan-UKB::continuous|3062|both_sexes||irnt,Forced vital capacity (FVC),continuous|3062|both_sexes||irnt,GRCh37,fvc,"AFR,CSA,EUR,MID","AFR,CSA,MID",map_8f3487c5d3ef8b41,"Eosinophils and spirometry measure allergic inflammation or airway physiology, not asthma diagnosis itself.",Retained only for prespecified sensitivity analysis.,Asthma,Phase II,,True,['European'],[],['European'],2,2,0,1,0,1,False,Asthma,Asthma,29,29,4,25,Proxy biomarker,pulmonary,True,REVIEW,,
pt_1add5134736d4e27,JAK1-D013922,JAK1,B,D013922,Thrombocytosis,PRIMARY,Direct quantitative readout,Pan-UKB,Pan-UKB::continuous|30080|both_sexes||irnt,Platelet count,continuous|30080|both_sexes||irnt,GRCh37,platelet_count,"AFR,CSA,EAS,EUR","AFR,CSA,EAS",map_0d3ac6c3d9993bb6,Platelet count directly represents the indication.,Locked as the single primary representation of this indication.,Thrombocytosis,Phase III,,True,['European'],[],['European'],5,5,0,1,0,1,False,Thrombocytosis,Thrombocytosis,10,10,2,8,Direct quantitative readout,hematology,True,REVIEW,,
pt_4134acbeebf26e90,JAK2-D011087,JAK2,A,D011087,Polycythemia Vera,PRIMARY,Direct quantitative readout,Pan-UKB,Pan-UKB::continuous|30030|both_sexes||irnt,Haematocrit percentage,continuous|30030|both_sexes||irnt,GRCh37,haematocrit,"CSA,EUR",CSA,map_19b3731bad31a1f7,Red-cell concentration measures directly represent erythrocytosis.,Locked as the single primary representation of this indication.,Polycythemia Vera,Launched,,True,['European'],['European' 'NR'],['European' 'NR'],4,4,1,1,1,1,True,Polycythemia Vera,Polycythemia Vera,1,1,1,0,Direct quantitative readout,hematology,True,REVIEW,,
pt_69e84ac2002aa367,JAK2-D011087,JAK2,A,D011087,Polycythemia Vera,SENSITIVITY,Direct quantitative readout,Pan-UKB,Pan-UKB::continuous|30020|both_sexes||irnt,Haemoglobin concentration,continuous|30020|both_sexes||irnt,GRCh37,haemoglobin,"CSA,EUR",CSA,map_e230885214cbbb00,Red-cell concentration measures directly represent erythrocytosis.,Retained only for prespecified sensitivity analysis.,Polycythemia Vera,Launched,,True,['European'],['European' 'NR'],['European' 'NR'],4,4,1,1,1,1,True,Polycythemia Vera,Polycythemia Vera,1,1,1,0,Direct quantitative readout,hematology,True,REVIEW,,
pt_2fc5b1bdc3dacf1e,JAK2-D011087,JAK2,A,D011087,Polycythemia Vera,SENSITIVITY,Direct quantitative readout,Pan-UKB,Pan-UKB::continuous|30010|both_sexes||irnt,Red blood cell (erythrocyte) count,continuous|30010|both_sexes||irnt,GRCh37,red_blood_cell_count,"CSA,EUR,MID","CSA,MID",map_a0aa5ed837a48aeb,Red-cell concentration measures directly represent erythrocytosis.,Retained only for prespecified sensitivity analysis.,Polycythemia Vera,Launched,,True,['European'],['European' 'NR'],['European' 'NR'],4,4,1,1,1,1,True,Polycythemia Vera,Polycythemia Vera,1,1,1,0,Direct quantitative readout,hematology,True,REVIEW,,
pt_b55c8a80904f1728,JAK2-D013921,JAK2,A,D013921,Thrombocytopenia,PRIMARY,Direct quantitative readout,Pan-UKB,Pan-UKB::continuous|30080|both_sexes||irnt,Platelet count,continuous|30080|both_sexes||irnt,GRCh37,platelet_count,"AFR,CSA,EAS,EUR","AFR,CSA,EAS",map_9fca929f0496a5a9,Platelet count directly represents the indication.,Locked as the single primary representation of this indication.,Thrombocytopenia,Launched,,True,['East Asian' 'European'],[],['East Asian' 'European'],16,16,0,2,0,2,False,Thrombocytopenia,Thrombocytopenia,10,10,4,6,Direct quantitative readout,hematology,True,REVIEW,,
pt_134dbf9f95b33af1,JAK2-D013922,JAK2,A,D013922,Thrombocytosis,PRIMARY,Direct quantitative readout,Pan-UKB,Pan-UKB::continuous|30080|both_sexes||irnt,Platelet count,continuous|30080|both_sexes||irnt,GRCh37,platelet_count,"AFR,CSA,EAS,EUR","AFR,CSA,EAS",map_0d3ac6c3d9993bb6,Platelet count directly represents the indication.,Locked as the single primary representation of this indication.,Thrombocytosis,Launched,,True,['East Asian' 'European'],['European' 'NR'],['East Asian' 'European' 'NR'],20,20,1,2,1,2,True,Thrombocytosis,Thrombocytosis,10,10,2,8,Direct quantitative readout,hematology,True,REVIEW,,
pt_1fa4f196c5948927,KCNJ1-D051437,KCNJ1,B,D051437,Renal Insufficiency,SENSITIVITY,Proxy biomarker,Pan-UKB,Pan-UKB::biomarkers|30700|both_sexes||irnt,Creatinine,biomarkers|30700|both_sexes||irnt,GRCh37,serum_creatinine,"CSA,EUR,MID","CSA,MID",map_41141be048611074,eGFR and renal filtration biomarkers measure kidney function but are not the disease endpoint.,Retained only for prespecified sensitivity analysis.,Renal Insufficiency,Phase I,,True,['European'],[],['European'],2,2,0,1,0,1,False,Renal Insufficiency,Renal Insufficiency,5,5,0,5,Proxy biomarker,renal,True,REVIEW,,
pt_b7af14a2e3e0e4c7,KCNJ1-D051437,KCNJ1,B,D051437,Renal Insufficiency,SENSITIVITY,Proxy biomarker,Pan-UKB,Pan-UKB::biomarkers|30720|both_sexes||irnt,Cystatin C,biomarkers|30720|both_sexes||irnt,GRCh37,cystatin_c,"CSA,EUR,MID","CSA,MID",map_f1dd1f3e7799acd4,eGFR and renal filtration biomarkers measure kidney function but are not the disease endpoint.,Retained only for prespecified sensitivity analysis.,Renal Insufficiency,Phase I,,True,['European'],[],['European'],2,2,0,1,0,1,False,Renal Insufficiency,Renal Insufficiency,5,5,0,5,Proxy biomarker,renal,True,REVIEW,,
pt_4f5bc1eabb7106de,KCNJ1-D051437,KCNJ1,B,D051437,Renal Insufficiency,SENSITIVITY,Proxy biomarker,Pan-UKB,Pan-UKB::continuous|eGFRcreacys|both_sexes||irnt,"Estimated glomerular filtration rate, cystain C",continuous|eGFRcreacys|both_sexes||irnt,GRCh37,egfr_cystatin_c,"CSA,EUR",CSA,map_60a0dd903780e9d1,eGFR and renal filtration biomarkers measure kidney function but are not the disease endpoint.,Retained only for prespecified sensitivity analysis.,Renal Insufficiency,Phase I,,True,['European'],[],['European'],2,2,0,1,0,1,False,Renal Insufficiency,Renal Insufficiency,5,5,0,5,Proxy biomarker,renal,True,REVIEW,,
pt_ff34ad69c01b9a4b,KCNJ1-D051437,KCNJ1,B,D051437,Renal Insufficiency,PRIMARY,Proxy biomarker,Pan-UKB,Pan-UKB::continuous|eGFR|both_sexes||irnt,"Estimated glomerular filtration rate, serum creatinine",continuous|eGFR|both_sexes||irnt,GRCh37,egfr_creatinine,"CSA,EUR,MID","CSA,MID",map_75832887e4c759b7,eGFR and renal filtration biomarkers measure kidney function but are not the disease endpoint.,Locked as the single primary representation of this indication.,Renal Insufficiency,Phase I,,True,['European'],[],['European'],2,2,0,1,0,1,False,Renal Insufficiency,Renal Insufficiency,5,5,0,5,Proxy biomarker,renal,True,REVIEW,,
pt_aef5fafac4fb61f9,KCNJ1-D051437,KCNJ1,B,D051437,Renal Insufficiency,SENSITIVITY,Proxy biomarker,Pan-UKB,Pan-UKB::continuous|eGFRcys|both_sexes||irnt,"Estimated glomerular filtration rate, serum creatinine + cystain C",continuous|eGFRcys|both_sexes||irnt,GRCh37,egfr_creatinine_cystatin_c,"CSA,EUR",CSA,map_595de43d458884cd,eGFR and renal filtration biomarkers measure kidney function but are not the disease endpoint.,Retained only for prespecified sensitivity analysis.,Renal Insufficiency,Phase I,,True,['European'],[],['European'],2,2,0,1,0,1,False,Renal Insufficiency,Renal Insufficiency,5,5,0,5,Proxy biomarker,renal,True,REVIEW,,
pt_6b836363d6e5d90f,KCNJ11-D003920,KCNJ11,A,D003920,Diabetes Mellitus,PRIMARY,Direct quantitative readout,Pan-UKB,Pan-UKB::biomarkers|30750|both_sexes||irnt,Glycated haemoglobin (HbA1c),biomarkers|30750|both_sexes||irnt,GRCh37,hba1c,"CSA,EUR,MID","CSA,MID",map_0c8c975606285aeb,HbA1c is a standard quantitative measure of chronic glycemia.,Locked as the single primary representation of this indication.,Diabetes Mellitus,Launched,2019.0,True,['African' 'East Asian' 'European' 'NR' 'South Asian'],[],['African' 'East Asian' 'European' 'NR' 'South Asian'],8,8,0,4,0,4,False,Diabetes Mellitus,Diabetes Mellitus,13,13,2,11,Direct quantitative readout,glycemia,True,REVIEW,,
pt_8dc8582f74368e4b,KCNJ11-D003924,KCNJ11,A,D003924,"Diabetes Mellitus, Type 2",PRIMARY,Direct quantitative readout,Pan-UKB,Pan-UKB::biomarkers|30750|both_sexes||irnt,Glycated haemoglobin (HbA1c),biomarkers|30750|both_sexes||irnt,GRCh37,hba1c,"CSA,EUR,MID","CSA,MID",map_ae8d9a8f89a7795e,HbA1c is a standard quantitative measure of chronic glycemia.,Locked as the single primary representation of this indication.,"Diabetes Mellitus, Type 2",Launched,,True,"['African' 'East Asian' 'European' 'Hispanic/Latin American' 'NR'
 'South Asian']",['East Asian' 'European' 'NR' 'South Asian'],"['African' 'East Asian' 'European' 'Hispanic/Latin American' 'NR'
 'South Asian']",22,22,7,5,3,5,True,"Diabetes Mellitus, Type 2","Diabetes Mellitus, Type 2",18,18,9,9,Direct quantitative readout,glycemia,True,REVIEW,,
pt_afbb58679a27aa42,KDM1A-D013922,KDM1A,B,D013922,Thrombocytosis,PRIMARY,Direct quantitative readout,Pan-UKB,Pan-UKB::continuous|30080|both_sexes||irnt,Platelet count,continuous|30080|both_sexes||irnt,GRCh37,platelet_count,"AFR,CSA,EAS,EUR","AFR,CSA,EAS",map_0d3ac6c3d9993bb6,Platelet count directly represents the indication.,Locked as the single primary representation of this indication.,Thrombocytosis,Phase II,,True,['European'],[],['European'],2,2,0,1,0,1,False,Thrombocytosis,Thrombocytosis,10,10,2,8,Direct quantitative readout,hematology,True,REVIEW,,
pt_fe6792914f432f9e,KIT-D001249,KIT,B,D001249,Asthma,PRIMARY,Direct disease,GBMI,GBMI::Asthma,Asthma,Asthma,GRCh38,Asthma,"AFR,AMR,CSA,EAS,EUR","AFR,AMR,CSA,EAS",map_142944bd2f968395,The GBMI endpoint is an exact or clinically equivalent disease endpoint.,Locked as the single primary representation of this indication.,Asthma,Phase III,,True,['European'],[],['European'],1,1,0,1,0,1,False,Asthma,Asthma,29,29,4,25,Direct disease,direct_disease,True,REVIEW,,
pt_39df0e06d68546b9,KIT-D001249,KIT,B,D001249,Asthma,SENSITIVITY,Proxy biomarker,Pan-UKB,Pan-UKB::continuous|30150|both_sexes||irnt,Eosinophill count,continuous|30150|both_sexes||irnt,GRCh37,eosinophil_count,"CSA,EUR",CSA,map_cb8244ded7498122,"Eosinophils and spirometry measure allergic inflammation or airway physiology, not asthma diagnosis itself.",Retained only for prespecified sensitivity analysis.,Asthma,Phase III,,True,['European'],[],['European'],1,1,0,1,0,1,False,Asthma,Asthma,29,29,4,25,Proxy biomarker,hematology_allergy,True,REVIEW,,
pt_1f23cf2766fb7ad0,KIT-D001249,KIT,B,D001249,Asthma,SENSITIVITY,Proxy biomarker,Pan-UKB,Pan-UKB::continuous|3063|both_sexes||irnt,Forced expiratory volume in 1-second (FEV1),continuous|3063|both_sexes||irnt,GRCh37,fev1,"AFR,CSA,EUR,MID","AFR,CSA,MID",map_59356df4843aaef1,"Eosinophils and spirometry measure allergic inflammation or airway physiology, not asthma diagnosis itself.",Retained only for prespecified sensitivity analysis.,Asthma,Phase III,,True,['European'],[],['European'],1,1,0,1,0,1,False,Asthma,Asthma,29,29,4,25,Proxy biomarker,pulmonary,True,REVIEW,,
pt_c042bb7dca5dcd23,KIT-D001249,KIT,B,D001249,Asthma,SENSITIVITY,Proxy biomarker,Pan-UKB,Pan-UKB::continuous|3062|both_sexes||irnt,Forced vital capacity (FVC),continuous|3062|both_sexes||irnt,GRCh37,fvc,"AFR,CSA,EUR,MID","AFR,CSA,MID",map_8f3487c5d3ef8b41,"Eosinophils and spirometry measure allergic inflammation or airway physiology, not asthma diagnosis itself.",Retained only for prespecified sensitivity analysis.,Asthma,Phase III,,True,['European'],[],['European'],1,1,0,1,0,1,False,Asthma,Asthma,29,29,4,25,Proxy biomarker,pulmonary,True,REVIEW,,
pt_0c506c3a7e590540,KIT-D013921,KIT,A,D013921,Thrombocytopenia,PRIMARY,Direct quantitative readout,Pan-UKB,Pan-UKB::continuous|30080|both_sexes||irnt,Platelet count,continuous|30080|both_sexes||irnt,GRCh37,platelet_count,"AFR,CSA,EAS,EUR","AFR,CSA,EAS",map_9fca929f0496a5a9,Platelet count directly represents the indication.,Locked as the single primary representation of this indication.,Thrombocytopenia,Launched,,True,"['African' 'East Asian' 'European' 'Hispanic/Latin American' 'NR'
 'Native American' 'Other Asian' 'South Asian']",['African' 'European' 'Hispanic/Latin American'],"['African' 'East Asian' 'European' 'Hispanic/Latin American' 'NR'
 'Native American' 'Other Asian' 'South Asian']",30,30,3,7,3,7,True,Thrombocytopenia,Thrombocytopenia,10,10,4,6,Direct quantitative readout,hematology,True,REVIEW,,
pt_17de7a041acc0169,LEPR-D009765,LEPR,B,D009765,Obesity,PRIMARY,Direct quantitative readout,Pan-UKB,Pan-UKB::continuous|21001|both_sexes||irnt,Body mass index (BMI),continuous|21001|both_sexes||irnt,GRCh37,body_mass_index,"AFR,CSA,EUR,MID","AFR,CSA,MID",map_0b18d3fa6d5f91c0,BMI and waist circumference directly measure adiposity.,Locked as the single primary representation of this indication.,Obesity,Phase I,,True,['European'],['European'],['European'],3,3,2,1,1,1,True,Obesity,Obesity,31,31,4,27,Direct quantitative readout,anthropometry,True,REVIEW,,
pt_38b1ee39593605dd,LEPR-D009765,LEPR,B,D009765,Obesity,SENSITIVITY,Direct quantitative readout,Pan-UKB,Pan-UKB::continuous|48|both_sexes||irnt,Waist circumference,continuous|48|both_sexes||irnt,GRCh37,waist_circumference,"AFR,CSA,EUR,MID","AFR,CSA,MID",map_89b2b7c6b871d268,BMI and waist circumference directly measure adiposity.,Retained only for prespecified sensitivity analysis.,Obesity,Phase I,,True,['European'],['European'],['European'],3,3,2,1,1,1,True,Obesity,Obesity,31,31,4,27,Direct quantitative readout,anthropometry,True,REVIEW,,
pt_4b01bffd52e2798a,LPA-D006949,LPA,B,D006949,Hyperlipidemias,SENSITIVITY,Direct quantitative readout,Pan-UKB,Pan-UKB::biomarkers|30640|both_sexes||irnt,Apolipoprotein B,biomarkers|30640|both_sexes||irnt,GRCh37,apolipoprotein_b,"CSA,EUR",CSA,map_431e4b5a762bae69,Circulating lipid measure directly represents the indication construct.,Retained only for prespecified sensitivity analysis.,Hyperlipidemias,Phase III,,True,"['African' 'East Asian' 'European' 'Hispanic/Latin American' 'NR'
 'Native American' 'Oceanian' 'Other' 'Other Asian' 'South Asian']","['African' 'East Asian' 'European' 'Hispanic/Latin American' 'NR'
 'Other Asian' 'South Asian']","['African' 'East Asian' 'European' 'Hispanic/Latin American' 'NR'
 'Native American' 'Oceanian' 'Other' 'Other Asian' 'South Asian']",32,32,7,9,6,9,True,Hyperlipidemias,Hyperlipidemias,22,22,4,18,Direct quantitative readout,lipids,True,REVIEW,,
pt_daa2105b4e6f63e8,LPA-D006949,LPA,B,D006949,Hyperlipidemias,SENSITIVITY,Direct quantitative readout,Pan-UKB,Pan-UKB::biomarkers|30690|both_sexes||irnt,Cholesterol,biomarkers|30690|both_sexes||irnt,GRCh37,total_cholesterol,"CSA,EUR",CSA,map_c7d4a03a9508b750,Circulating lipid measure directly represents the indication construct.,Retained only for prespecified sensitivity analysis.,Hyperlipidemias,Phase III,,True,"['African' 'East Asian' 'European' 'Hispanic/Latin American' 'NR'
 'Native American' 'Oceanian' 'Other' 'Other Asian' 'South Asian']","['African' 'East Asian' 'European' 'Hispanic/Latin American' 'NR'
 'Other Asian' 'South Asian']","['African' 'East Asian' 'European' 'Hispanic/Latin American' 'NR'
 'Native American' 'Oceanian' 'Other' 'Other Asian' 'South Asian']",32,32,7,9,6,9,True,Hyperlipidemias,Hyperlipidemias,22,22,4,18,Direct quantitative readout,lipids,True,REVIEW,,
pt_212f157ed19887a0,LPA-D006949,LPA,B,D006949,Hyperlipidemias,PRIMARY,Direct quantitative readout,Pan-UKB,Pan-UKB::biomarkers|30780|both_sexes||irnt,LDL direct,biomarkers|30780|both_sexes||irnt,GRCh37,ldl_cholesterol,"CSA,EUR",CSA,map_8442195d65e17d61,Circulating lipid measure directly represents the indication construct.,Locked as the single primary representation of this indication.,Hyperlipidemias,Phase III,,True,"['African' 'East Asian' 'European' 'Hispanic/Latin American' 'NR'
 'Native American' 'Oceanian' 'Other' 'Other Asian' 'South Asian']","['African' 'East Asian' 'European' 'Hispanic/Latin American' 'NR'
 'Other Asian' 'South Asian']","['African' 'East Asian' 'European' 'Hispanic/Latin American' 'NR'
 'Native American' 'Oceanian' 'Other' 'Other Asian' 'South Asian']",32,32,7,9,6,9,True,Hyperlipidemias,Hyperlipidemias,22,22,4,18,Direct quantitative readout,lipids,True,REVIEW,,
pt_5956c34df661ca02,LPL-D015228,LPL,B,D015228,Hypertriglyceridemia,PRIMARY,Direct quantitative readout,Pan-UKB,Pan-UKB::biomarkers|30870|both_sexes||irnt,Triglycerides,biomarkers|30870|both_sexes||irnt,GRCh37,triglycerides,"AFR,CSA,EUR,MID","AFR,CSA,MID",map_e34c5f2ec9867915,Triglyceride concentration directly represents hypertriglyceridemia.,Locked as the single primary representation of this indication.,Hypertriglyceridemia,Phase I,,True,"['African' 'East Asian' 'European' 'Hispanic/Latin American' 'NR'
 'Native American' 'Oceanian' 'Other Asian' 'South Asian']","['African' 'East Asian' 'European' 'Hispanic/Latin American' 'NR' 'Other'
 'Other Asian' 'South Asian']","['African' 'East Asian' 'European' 'Hispanic/Latin American' 'NR'
 'Native American' 'Oceanian' 'Other' 'Other Asian' 'South Asian']",53,53,25,8,7,9,True,Hypertriglyceridemia,Hypertriglyceridemia,14,14,3,11,Direct quantitative readout,lipids,True,REVIEW,,
pt_15f746ace977d8ca,MAPK1-D009765,MAPK1,B,D009765,Obesity,PRIMARY,Direct quantitative readout,Pan-UKB,Pan-UKB::continuous|21001|both_sexes||irnt,Body mass index (BMI),continuous|21001|both_sexes||irnt,GRCh37,body_mass_index,"AFR,CSA,EUR,MID","AFR,CSA,MID",map_0b18d3fa6d5f91c0,BMI and waist circumference directly measure adiposity.,Locked as the single primary representation of this indication.,Obesity,Phase II,,True,['African' 'East Asian' 'European' 'Hispanic/Latin American' 'South Asian'],['African' 'East Asian' 'European' 'NR' 'South Asian'],"['African' 'East Asian' 'European' 'Hispanic/Latin American' 'NR'
 'South Asian']",1,1,1,5,4,5,True,Obesity,Obesity,31,31,4,27,Direct quantitative readout,anthropometry,True,REVIEW,,
pt_794c946e9f64847c,MAPK1-D009765,MAPK1,B,D009765,Obesity,SENSITIVITY,Direct quantitative readout,Pan-UKB,Pan-UKB::continuous|48|both_sexes||irnt,Waist circumference,continuous|48|both_sexes||irnt,GRCh37,waist_circumference,"AFR,CSA,EUR,MID","AFR,CSA,MID",map_89b2b7c6b871d268,BMI and waist circumference directly measure adiposity.,Retained only for prespecified sensitivity analysis.,Obesity,Phase II,,True,['African' 'East Asian' 'European' 'Hispanic/Latin American' 'South Asian'],['African' 'East Asian' 'European' 'NR' 'South Asian'],"['African' 'East Asian' 'European' 'Hispanic/Latin American' 'NR'
 'South Asian']",1,1,1,5,4,5,True,Obesity,Obesity,31,31,4,27,Direct quantitative readout,anthropometry,True,REVIEW,,
pt_c67e1d9e676a9c48,MAPK3-D009765,MAPK3,B,D009765,Obesity,PRIMARY,Direct quantitative readout,Pan-UKB,Pan-UKB::continuous|21001|both_sexes||irnt,Body mass index (BMI),continuous|21001|both_sexes||irnt,GRCh37,body_mass_index,"AFR,CSA,EUR,MID","AFR,CSA,MID",map_0b18d3fa6d5f91c0,BMI and waist circumference directly measure adiposity.,Locked as the single primary representation of this indication.,Obesity,Phase II,,True,['European'],[],['European'],1,1,0,1,0,1,False,Obesity,Obesity,31,31,4,27,Direct quantitative readout,anthropometry,True,REVIEW,,
pt_131359178e7242ab,MAPK3-D009765,MAPK3,B,D009765,Obesity,SENSITIVITY,Direct quantitative readout,Pan-UKB,Pan-UKB::continuous|48|both_sexes||irnt,Waist circumference,continuous|48|both_sexes||irnt,GRCh37,waist_circumference,"AFR,CSA,EUR,MID","AFR,CSA,MID",map_89b2b7c6b871d268,BMI and waist circumference directly measure adiposity.,Retained only for prespecified sensitivity analysis.,Obesity,Phase II,,True,['European'],[],['European'],1,1,0,1,0,1,False,Obesity,Obesity,31,31,4,27,Direct quantitative readout,anthropometry,True,REVIEW,,
pt_ddf526388aaf959c,MC1R-D009765,MC1R,B,D009765,Obesity,PRIMARY,Direct quantitative readout,Pan-UKB,Pan-UKB::continuous|21001|both_sexes||irnt,Body mass index (BMI),continuous|21001|both_sexes||irnt,GRCh37,body_mass_index,"AFR,CSA,EUR,MID","AFR,CSA,MID",map_0b18d3fa6d5f91c0,BMI and waist circumference directly measure adiposity.,Locked as the single primary representation of this indication.,Obesity,Phase I,,True,['European'],[],['European'],4,4,0,1,0,1,False,Obesity,Obesity,31,31,4,27,Direct quantitative readout,anthropometry,True,REVIEW,,
pt_ec8d8294d0fc3772,MC1R-D009765,MC1R,B,D009765,Obesity,SENSITIVITY,Direct quantitative readout,Pan-UKB,Pan-UKB::continuous|48|both_sexes||irnt,Waist circumference,continuous|48|both_sexes||irnt,GRCh37,waist_circumference,"AFR,CSA,EUR,MID","AFR,CSA,MID",map_89b2b7c6b871d268,BMI and waist circumference directly measure adiposity.,Retained only for prespecified sensitivity analysis.,Obesity,Phase I,,True,['European'],[],['European'],4,4,0,1,0,1,False,Obesity,Obesity,31,31,4,27,Direct quantitative readout,anthropometry,True,REVIEW,,
pt_786fdbd0ea45cb0e,MC4R-D003920,MC4R,B,D003920,Diabetes Mellitus,PRIMARY,Direct quantitative readout,Pan-UKB,Pan-UKB::biomarkers|30750|both_sexes||irnt,Glycated haemoglobin (HbA1c),biomarkers|30750|both_sexes||irnt,GRCh37,hba1c,"CSA,EUR,MID","CSA,MID",map_0c8c975606285aeb,HbA1c is a standard quantitative measure of chronic glycemia.,Locked as the single primary representation of this indication.,Diabetes Mellitus,Phase I,,True,['East Asian' 'European'],[],['East Asian' 'European'],3,3,0,2,0,2,False,Diabetes Mellitus,Diabetes Mellitus,13,13,2,11,Direct quantitative readout,glycemia,True,REVIEW,,
pt_edb0970ddcd3e925,MC4R-D003924,MC4R,B,D003924,"Diabetes Mellitus, Type 2",PRIMARY,Direct quantitative readout,Pan-UKB,Pan-UKB::biomarkers|30750|both_sexes||irnt,Glycated haemoglobin (HbA1c),biomarkers|30750|both_sexes||irnt,GRCh37,hba1c,"CSA,EUR,MID","CSA,MID",map_ae8d9a8f89a7795e,HbA1c is a standard quantitative measure of chronic glycemia.,Locked as the single primary representation of this indication.,"Diabetes Mellitus, Type 2",Phase I,,True,"['African' 'East Asian' 'European' 'Hispanic/Latin American' 'NR'
 'South Asian']",['East Asian' 'European' 'South Asian'],"['African' 'East Asian' 'European' 'Hispanic/Latin American' 'NR'
 'South Asian']",15,15,2,5,3,5,True,"Diabetes Mellitus, Type 2","Diabetes Mellitus, Type 2",18,18,9,9,Direct quantitative readout,glycemia,True,REVIEW,,
pt_a0ff305bc64b21a1,MC4R-D009765,MC4R,A,D009765,Obesity,PRIMARY,Direct quantitative readout,Pan-UKB,Pan-UKB::continuous|21001|both_sexes||irnt,Body mass index (BMI),continuous|21001|both_sexes||irnt,GRCh37,body_mass_index,"AFR,CSA,EUR,MID","AFR,CSA,MID",map_0b18d3fa6d5f91c0,BMI and waist circumference directly measure adiposity.,Locked as the single primary representation of this indication.,Obesity,Launched,2022.0,True,"['African' 'East Asian' 'European' 'Hispanic/Latin American' 'NR'
 'Native American' 'Oceanian' 'Other Asian' 'South Asian']",['African' 'East Asian' 'European' 'NR' 'Other Asian' 'South Asian'],"['African' 'East Asian' 'European' 'Hispanic/Latin American' 'NR'
 'Native American' 'Oceanian' 'Other Asian' 'South Asian']",60,60,31,8,5,8,True,Obesity,Obesity,31,31,4,27,Direct quantitative readout,anthropometry,True,REVIEW,,
pt_ed84ab24c0bce8d7,MC4R-D009765,MC4R,A,D009765,Obesity,SENSITIVITY,Direct quantitative readout,Pan-UKB,Pan-UKB::continuous|48|both_sexes||irnt,Waist circumference,continuous|48|both_sexes||irnt,GRCh37,waist_circumference,"AFR,CSA,EUR,MID","AFR,CSA,MID",map_89b2b7c6b871d268,BMI and waist circumference directly measure adiposity.,Retained only for prespecified sensitivity analysis.,Obesity,Launched,2022.0,True,"['African' 'East Asian' 'European' 'Hispanic/Latin American' 'NR'
 'Native American' 'Oceanian' 'Other Asian' 'South Asian']",['African' 'East Asian' 'European' 'NR' 'Other Asian' 'South Asian'],"['African' 'East Asian' 'European' 'Hispanic/Latin American' 'NR'
 'Native American' 'Oceanian' 'Other Asian' 'South Asian']",60,60,31,8,5,8,True,Obesity,Obesity,31,31,4,27,Direct quantitative readout,anthropometry,True,REVIEW,,
pt_b51ddc4d024cce38,METAP2-D003924,METAP2,B,D003924,"Diabetes Mellitus, Type 2",PRIMARY,Direct quantitative readout,Pan-UKB,Pan-UKB::biomarkers|30750|both_sexes||irnt,Glycated haemoglobin (HbA1c),biomarkers|30750|both_sexes||irnt,GRCh37,hba1c,"CSA,EUR,MID","CSA,MID",map_ae8d9a8f89a7795e,HbA1c is a standard quantitative measure of chronic glycemia.,Locked as the single primary representation of this indication.,"Diabetes Mellitus, Type 2",Phase II,,True,['African' 'East Asian' 'European' 'Hispanic/Latin American' 'South Asian'],[],['African' 'East Asian' 'European' 'Hispanic/Latin American' 'South Asian'],3,3,0,5,0,5,False,"Diabetes Mellitus, Type 2","Diabetes Mellitus, Type 2",18,18,9,9,Direct quantitative readout,glycemia,True,REVIEW,,
pt_03c94cd5d3c7a517,MME-D006973,MME,B,D006973,Hypertension,SENSITIVITY,Direct quantitative readout,Pan-UKB,Pan-UKB::continuous|4079|both_sexes||irnt,"Diastolic blood pressure, automated reading",continuous|4079|both_sexes||irnt,GRCh37,diastolic_blood_pressure,"CSA,EUR",CSA,map_a10198eb08d8bca6,Blood pressure is the defining quantitative phenotype.,Retained only for prespecified sensitivity analysis.,Hypertension,Phase II,,True,"['African' 'East Asian' 'European' 'Hispanic/Latin American' 'NR'
 'Native American' 'Other' 'Other Asian' 'South Asian']",['European' 'NR'],"['African' 'East Asian' 'European' 'Hispanic/Latin American' 'NR'
 'Native American' 'Other' 'Other Asian' 'South Asian']",7,7,2,8,1,8,True,Hypertension,Hypertension,19,19,8,11,Direct quantitative readout,blood_pressure,True,REVIEW,,
pt_a4acd280d9c216f8,MME-D006973,MME,B,D006973,Hypertension,PRIMARY,Direct quantitative readout,Pan-UKB,Pan-UKB::continuous|4080|both_sexes||irnt,"Systolic blood pressure, automated reading",continuous|4080|both_sexes||irnt,GRCh37,systolic_blood_pressure,"CSA,EAS,EUR","CSA,EAS",map_51438025f9ca1f25,Blood pressure is the defining quantitative phenotype.,Locked as the single primary representation of this indication.,Hypertension,Phase II,,True,"['African' 'East Asian' 'European' 'Hispanic/Latin American' 'NR'
 'Native American' 'Other' 'Other Asian' 'South Asian']",['European' 'NR'],"['African' 'East Asian' 'European' 'Hispanic/Latin American' 'NR'
 'Native American' 'Other' 'Other Asian' 'South Asian']",7,7,2,8,1,8,True,Hypertension,Hypertension,19,19,8,11,Direct quantitative readout,blood_pressure,True,REVIEW,,
pt_8a57c9685c5bcefe,MMP12-D001249,MMP12,B,D001249,Asthma,PRIMARY,Direct disease,GBMI,GBMI::Asthma,Asthma,Asthma,GRCh38,Asthma,"AFR,AMR,CSA,EAS,EUR","AFR,AMR,CSA,EAS",map_142944bd2f968395,The GBMI endpoint is an exact or clinically equivalent disease endpoint.,Locked as the single primary representation of this indication.,Asthma,Phase II,,True,['African' 'European'],['NR'],['African' 'European' 'NR'],1,1,1,2,0,2,True,Asthma,Asthma,29,29,4,25,Direct disease,direct_disease,True,REVIEW,,
pt_75fa7d6947995746,MMP12-D001249,MMP12,B,D001249,Asthma,SENSITIVITY,Proxy biomarker,Pan-UKB,Pan-UKB::continuous|30150|both_sexes||irnt,Eosinophill count,continuous|30150|both_sexes||irnt,GRCh37,eosinophil_count,"CSA,EUR",CSA,map_cb8244ded7498122,"Eosinophils and spirometry measure allergic inflammation or airway physiology, not asthma diagnosis itself.",Retained only for prespecified sensitivity analysis.,Asthma,Phase II,,True,['African' 'European'],['NR'],['African' 'European' 'NR'],1,1,1,2,0,2,True,Asthma,Asthma,29,29,4,25,Proxy biomarker,hematology_allergy,True,REVIEW,,
pt_f470423f5b770439,MMP12-D001249,MMP12,B,D001249,Asthma,SENSITIVITY,Proxy biomarker,Pan-UKB,Pan-UKB::continuous|3063|both_sexes||irnt,Forced expiratory volume in 1-second (FEV1),continuous|3063|both_sexes||irnt,GRCh37,fev1,"AFR,CSA,EUR,MID","AFR,CSA,MID",map_59356df4843aaef1,"Eosinophils and spirometry measure allergic inflammation or airway physiology, not asthma diagnosis itself.",Retained only for prespecified sensitivity analysis.,Asthma,Phase II,,True,['African' 'European'],['NR'],['African' 'European' 'NR'],1,1,1,2,0,2,True,Asthma,Asthma,29,29,4,25,Proxy biomarker,pulmonary,True,REVIEW,,
pt_002cf5fbbc7465b6,MMP12-D001249,MMP12,B,D001249,Asthma,SENSITIVITY,Proxy biomarker,Pan-UKB,Pan-UKB::continuous|3062|both_sexes||irnt,Forced vital capacity (FVC),continuous|3062|both_sexes||irnt,GRCh37,fvc,"AFR,CSA,EUR,MID","AFR,CSA,MID",map_8f3487c5d3ef8b41,"Eosinophils and spirometry measure allergic inflammation or airway physiology, not asthma diagnosis itself.",Retained only for prespecified sensitivity analysis.,Asthma,Phase II,,True,['African' 'European'],['NR'],['African' 'European' 'NR'],1,1,1,2,0,2,True,Asthma,Asthma,29,29,4,25,Proxy biomarker,pulmonary,True,REVIEW,,
pt_448b399f5d381d0f,MPL-D013921,MPL,A,D013921,Thrombocytopenia,PRIMARY,Direct quantitative readout,Pan-UKB,Pan-UKB::continuous|30080|both_sexes||irnt,Platelet count,continuous|30080|both_sexes||irnt,GRCh37,platelet_count,"AFR,CSA,EAS,EUR","AFR,CSA,EAS",map_9fca929f0496a5a9,Platelet count directly represents the indication.,Locked as the single primary representation of this indication.,Thrombocytopenia,Launched,2018.0,True,['African' 'East Asian' 'European' 'Hispanic/Latin American' 'South Asian'],[],['African' 'East Asian' 'European' 'Hispanic/Latin American' 'South Asian'],3,3,0,5,0,5,False,Thrombocytopenia,Thrombocytopenia,10,10,4,6,Direct quantitative readout,hematology,True,REVIEW,,
pt_4ddc8bfc685885bb,MTTP-D006949,MTTP,B,D006949,Hyperlipidemias,SENSITIVITY,Direct quantitative readout,Pan-UKB,Pan-UKB::biomarkers|30640|both_sexes||irnt,Apolipoprotein B,biomarkers|30640|both_sexes||irnt,GRCh37,apolipoprotein_b,"CSA,EUR",CSA,map_431e4b5a762bae69,Circulating lipid measure directly represents the indication construct.,Retained only for prespecified sensitivity analysis.,Hyperlipidemias,Phase II,,True,['East Asian' 'European'],[],['East Asian' 'European'],4,4,0,2,0,2,False,Hyperlipidemias,Hyperlipidemias,22,22,4,18,Direct quantitative readout,lipids,True,REVIEW,,
pt_b3876754077261b0,MTTP-D006949,MTTP,B,D006949,Hyperlipidemias,SENSITIVITY,Direct quantitative readout,Pan-UKB,Pan-UKB::biomarkers|30690|both_sexes||irnt,Cholesterol,biomarkers|30690|both_sexes||irnt,GRCh37,total_cholesterol,"CSA,EUR",CSA,map_c7d4a03a9508b750,Circulating lipid measure directly represents the indication construct.,Retained only for prespecified sensitivity analysis.,Hyperlipidemias,Phase II,,True,['East Asian' 'European'],[],['East Asian' 'European'],4,4,0,2,0,2,False,Hyperlipidemias,Hyperlipidemias,22,22,4,18,Direct quantitative readout,lipids,True,REVIEW,,
pt_b9bcd6ea8ad1d3c5,MTTP-D006949,MTTP,B,D006949,Hyperlipidemias,PRIMARY,Direct quantitative readout,Pan-UKB,Pan-UKB::biomarkers|30780|both_sexes||irnt,LDL direct,biomarkers|30780|both_sexes||irnt,GRCh37,ldl_cholesterol,"CSA,EUR",CSA,map_8442195d65e17d61,Circulating lipid measure directly represents the indication construct.,Locked as the single primary representation of this indication.,Hyperlipidemias,Phase II,,True,['East Asian' 'European'],[],['East Asian' 'European'],4,4,0,2,0,2,False,Hyperlipidemias,Hyperlipidemias,22,22,4,18,Direct quantitative readout,lipids,True,REVIEW,,
pt_7785a235ea7f9d51,MTTP-D009765,MTTP,B,D009765,Obesity,PRIMARY,Direct quantitative readout,Pan-UKB,Pan-UKB::continuous|21001|both_sexes||irnt,Body mass index (BMI),continuous|21001|both_sexes||irnt,GRCh37,body_mass_index,"AFR,CSA,EUR,MID","AFR,CSA,MID",map_0b18d3fa6d5f91c0,BMI and waist circumference directly measure adiposity.,Locked as the single primary representation of this indication.,Obesity,Phase II,,True,['European'],[],['European'],1,1,0,1,0,1,False,Obesity,Obesity,31,31,4,27,Direct quantitative readout,anthropometry,True,REVIEW,,
pt_2fe7787ceb395259,MTTP-D009765,MTTP,B,D009765,Obesity,SENSITIVITY,Direct quantitative readout,Pan-UKB,Pan-UKB::continuous|48|both_sexes||irnt,Waist circumference,continuous|48|both_sexes||irnt,GRCh37,waist_circumference,"AFR,CSA,EUR,MID","AFR,CSA,MID",map_89b2b7c6b871d268,BMI and waist circumference directly measure adiposity.,Retained only for prespecified sensitivity analysis.,Obesity,Phase II,,True,['European'],[],['European'],1,1,0,1,0,1,False,Obesity,Obesity,31,31,4,27,Direct quantitative readout,anthropometry,True,REVIEW,,
pt_68bad3bcfdf57863,NFE2L2-D051437,NFE2L2,B,D051437,Renal Insufficiency,SENSITIVITY,Proxy biomarker,Pan-UKB,Pan-UKB::biomarkers|30700|both_sexes||irnt,Creatinine,biomarkers|30700|both_sexes||irnt,GRCh37,serum_creatinine,"CSA,EUR,MID","CSA,MID",map_41141be048611074,eGFR and renal filtration biomarkers measure kidney function but are not the disease endpoint.,Retained only for prespecified sensitivity analysis.,Renal Insufficiency,Phase III,,True,['African' 'European' 'South Asian'],[],['African' 'European' 'South Asian'],2,2,0,3,0,3,False,Renal Insufficiency,Renal Insufficiency,5,5,0,5,Proxy biomarker,renal,True,REVIEW,,
pt_e670b9e1a949acda,NFE2L2-D051437,NFE2L2,B,D051437,Renal Insufficiency,SENSITIVITY,Proxy biomarker,Pan-UKB,Pan-UKB::biomarkers|30720|both_sexes||irnt,Cystatin C,biomarkers|30720|both_sexes||irnt,GRCh37,cystatin_c,"CSA,EUR,MID","CSA,MID",map_f1dd1f3e7799acd4,eGFR and renal filtration biomarkers measure kidney function but are not the disease endpoint.,Retained only for prespecified sensitivity analysis.,Renal Insufficiency,Phase III,,True,['African' 'European' 'South Asian'],[],['African' 'European' 'South Asian'],2,2,0,3,0,3,False,Renal Insufficiency,Renal Insufficiency,5,5,0,5,Proxy biomarker,renal,True,REVIEW,,
pt_dc386cd3f1eaabb8,NFE2L2-D051437,NFE2L2,B,D051437,Renal Insufficiency,SENSITIVITY,Proxy biomarker,Pan-UKB,Pan-UKB::continuous|eGFRcreacys|both_sexes||irnt,"Estimated glomerular filtration rate, cystain C",continuous|eGFRcreacys|both_sexes||irnt,GRCh37,egfr_cystatin_c,"CSA,EUR",CSA,map_60a0dd903780e9d1,eGFR and renal filtration biomarkers measure kidney function but are not the disease endpoint.,Retained only for prespecified sensitivity analysis.,Renal Insufficiency,Phase III,,True,['African' 'European' 'South Asian'],[],['African' 'European' 'South Asian'],2,2,0,3,0,3,False,Renal Insufficiency,Renal Insufficiency,5,5,0,5,Proxy biomarker,renal,True,REVIEW,,
pt_f4c7f81db8d32089,NFE2L2-D051437,NFE2L2,B,D051437,Renal Insufficiency,PRIMARY,Proxy biomarker,Pan-UKB,Pan-UKB::continuous|eGFR|both_sexes||irnt,"Estimated glomerular filtration rate, serum creatinine",continuous|eGFR|both_sexes||irnt,GRCh37,egfr_creatinine,"CSA,EUR,MID","CSA,MID",map_75832887e4c759b7,eGFR and renal filtration biomarkers measure kidney function but are not the disease endpoint.,Locked as the single primary representation of this indication.,Renal Insufficiency,Phase III,,True,['African' 'European' 'South Asian'],[],['African' 'European' 'South Asian'],2,2,0,3,0,3,False,Renal Insufficiency,Renal Insufficiency,5,5,0,5,Proxy biomarker,renal,True,REVIEW,,
pt_d11f3258077ac60c,NFE2L2-D051437,NFE2L2,B,D051437,Renal Insufficiency,SENSITIVITY,Proxy biomarker,Pan-UKB,Pan-UKB::continuous|eGFRcys|both_sexes||irnt,"Estimated glomerular filtration rate, serum creatinine + cystain C",continuous|eGFRcys|both_sexes||irnt,GRCh37,egfr_creatinine_cystatin_c,"CSA,EUR",CSA,map_595de43d458884cd,eGFR and renal filtration biomarkers measure kidney function but are not the disease endpoint.,Retained only for prespecified sensitivity analysis.,Renal Insufficiency,Phase III,,True,['African' 'European' 'South Asian'],[],['African' 'European' 'South Asian'],2,2,0,3,0,3,False,Renal Insufficiency,Renal Insufficiency,5,5,0,5,Proxy biomarker,renal,True,REVIEW,,
pt_5af114171f5ebcbb,NFKB1-D001249,NFKB1,B,D001249,Asthma,PRIMARY,Direct disease,GBMI,GBMI::Asthma,Asthma,Asthma,GRCh38,Asthma,"AFR,AMR,CSA,EAS,EUR","AFR,AMR,CSA,EAS",map_142944bd2f968395,The GBMI endpoint is an exact or clinically equivalent disease endpoint.,Locked as the single primary representation of this indication.,Asthma,Phase II,,True,['European' 'NR'],['European' 'NR'],['European' 'NR'],1,1,1,1,1,1,True,Asthma,Asthma,29,29,4,25,Direct disease,direct_disease,True,REVIEW,,
pt_aebedc56feef8908,NFKB1-D001249,NFKB1,B,D001249,Asthma,SENSITIVITY,Proxy biomarker,Pan-UKB,Pan-UKB::continuous|30150|both_sexes||irnt,Eosinophill count,continuous|30150|both_sexes||irnt,GRCh37,eosinophil_count,"CSA,EUR",CSA,map_cb8244ded7498122,"Eosinophils and spirometry measure allergic inflammation or airway physiology, not asthma diagnosis itself.",Retained only for prespecified sensitivity analysis.,Asthma,Phase II,,True,['European' 'NR'],['European' 'NR'],['European' 'NR'],1,1,1,1,1,1,True,Asthma,Asthma,29,29,4,25,Proxy biomarker,hematology_allergy,True,REVIEW,,
pt_f4d37ae74fdd66af,NFKB1-D001249,NFKB1,B,D001249,Asthma,SENSITIVITY,Proxy biomarker,Pan-UKB,Pan-UKB::continuous|3063|both_sexes||irnt,Forced expiratory volume in 1-second (FEV1),continuous|3063|both_sexes||irnt,GRCh37,fev1,"AFR,CSA,EUR,MID","AFR,CSA,MID",map_59356df4843aaef1,"Eosinophils and spirometry measure allergic inflammation or airway physiology, not asthma diagnosis itself.",Retained only for prespecified sensitivity analysis.,Asthma,Phase II,,True,['European' 'NR'],['European' 'NR'],['European' 'NR'],1,1,1,1,1,1,True,Asthma,Asthma,29,29,4,25,Proxy biomarker,pulmonary,True,REVIEW,,
pt_139ec5d40a85c710,NFKB1-D001249,NFKB1,B,D001249,Asthma,SENSITIVITY,Proxy biomarker,Pan-UKB,Pan-UKB::continuous|3062|both_sexes||irnt,Forced vital capacity (FVC),continuous|3062|both_sexes||irnt,GRCh37,fvc,"AFR,CSA,EUR,MID","AFR,CSA,MID",map_8f3487c5d3ef8b41,"Eosinophils and spirometry measure allergic inflammation or airway physiology, not asthma diagnosis itself.",Retained only for prespecified sensitivity analysis.,Asthma,Phase II,,True,['European' 'NR'],['European' 'NR'],['European' 'NR'],1,1,1,1,1,1,True,Asthma,Asthma,29,29,4,25,Proxy biomarker,pulmonary,True,REVIEW,,
pt_0d94caedd3d3eed9,NFKB1-D003876,NFKB1,B,D003876,"Dermatitis, Atopic",SENSITIVITY,Proxy biomarker,Pan-UKB,Pan-UKB::continuous|30150|both_sexes||irnt,Eosinophill count,continuous|30150|both_sexes||irnt,GRCh37,eosinophil_count,"CSA,EUR",CSA,map_5870426bd34a44e7,Eosinophil count is an allergic-inflammatory biomarker rather than the disease endpoint.,Retained only for prespecified sensitivity analysis.,"Dermatitis, Atopic",Phase III,,True,['European'],[],['European'],1,1,0,1,0,1,False,"Dermatitis, Atopic","Dermatitis, Atopic",12,12,2,10,Proxy biomarker,hematology_allergy,True,REVIEW,,
pt_f692377a4b328305,NFKB1-D005923,NFKB1,B,D005923,"Glomerulosclerosis, Focal Segmental",SENSITIVITY,Proxy biomarker,Pan-UKB,Pan-UKB::biomarkers|30700|both_sexes||irnt,Creatinine,biomarkers|30700|both_sexes||irnt,GRCh37,serum_creatinine,"CSA,EUR,MID","CSA,MID",map_1528a1dc096b9a36,eGFR and renal filtration biomarkers measure kidney function but are not the disease endpoint.,Retained only for prespecified sensitivity analysis.,"Glomerulosclerosis, Focal Segmental",Phase II,,True,['East Asian' 'European'],['East Asian'],['East Asian' 'European'],2,2,1,2,1,2,True,"Glomerulosclerosis, Focal Segmental","Glomerulosclerosis, Focal Segmental",3,3,0,3,Proxy biomarker,renal,True,REVIEW,,
pt_f4d96a02f0c8d55b,NFKB1-D005923,NFKB1,B,D005923,"Glomerulosclerosis, Focal Segmental",SENSITIVITY,Proxy biomarker,Pan-UKB,Pan-UKB::biomarkers|30720|both_sexes||irnt,Cystatin C,biomarkers|30720|both_sexes||irnt,GRCh37,cystatin_c,"CSA,EUR,MID","CSA,MID",map_039454a9bb2903dd,eGFR and renal filtration biomarkers measure kidney function but are not the disease endpoint.,Retained only for prespecified sensitivity analysis.,"Glomerulosclerosis, Focal Segmental",Phase II,,True,['East Asian' 'European'],['East Asian'],['East Asian' 'European'],2,2,1,2,1,2,True,"Glomerulosclerosis, Focal Segmental","Glomerulosclerosis, Focal Segmental",3,3,0,3,Proxy biomarker,renal,True,REVIEW,,
pt_d9a5332aca56141e,NFKB1-D005923,NFKB1,B,D005923,"Glomerulosclerosis, Focal Segmental",SENSITIVITY,Proxy biomarker,Pan-UKB,Pan-UKB::continuous|eGFRcreacys|both_sexes||irnt,"Estimated glomerular filtration rate, cystain C",continuous|eGFRcreacys|both_sexes||irnt,GRCh37,egfr_cystatin_c,"CSA,EUR",CSA,map_a4cf271bf01d2d4b,eGFR and renal filtration biomarkers measure kidney function but are not the disease endpoint.,Retained only for prespecified sensitivity analysis.,"Glomerulosclerosis, Focal Segmental",Phase II,,True,['East Asian' 'European'],['East Asian'],['East Asian' 'European'],2,2,1,2,1,2,True,"Glomerulosclerosis, Focal Segmental","Glomerulosclerosis, Focal Segmental",3,3,0,3,Proxy biomarker,renal,True,REVIEW,,
pt_999dd6f7fadac8c6,NFKB1-D005923,NFKB1,B,D005923,"Glomerulosclerosis, Focal Segmental",PRIMARY,Proxy biomarker,Pan-UKB,Pan-UKB::continuous|eGFR|both_sexes||irnt,"Estimated glomerular filtration rate, serum creatinine",continuous|eGFR|both_sexes||irnt,GRCh37,egfr_creatinine,"CSA,EUR,MID","CSA,MID",map_38adf62f96fee1d4,eGFR and renal filtration biomarkers measure kidney function but are not the disease endpoint.,Locked as the single primary representation of this indication.,"Glomerulosclerosis, Focal Segmental",Phase II,,True,['East Asian' 'European'],['East Asian'],['East Asian' 'European'],2,2,1,2,1,2,True,"Glomerulosclerosis, Focal Segmental","Glomerulosclerosis, Focal Segmental",3,3,0,3,Proxy biomarker,renal,True,REVIEW,,
pt_bb51a0b3bfd9de23,NFKB1-D005923,NFKB1,B,D005923,"Glomerulosclerosis, Focal Segmental",SENSITIVITY,Proxy biomarker,Pan-UKB,Pan-UKB::continuous|eGFRcys|both_sexes||irnt,"Estimated glomerular filtration rate, serum creatinine + cystain C",continuous|eGFRcys|both_sexes||irnt,GRCh37,egfr_creatinine_cystatin_c,"CSA,EUR",CSA,map_b636365ec4af96d0,eGFR and renal filtration biomarkers measure kidney function but are not the disease endpoint.,Retained only for prespecified sensitivity analysis.,"Glomerulosclerosis, Focal Segmental",Phase II,,True,['East Asian' 'European'],['East Asian'],['East Asian' 'European'],2,2,1,2,1,2,True,"Glomerulosclerosis, Focal Segmental","Glomerulosclerosis, Focal Segmental",3,3,0,3,Proxy biomarker,renal,True,REVIEW,,
pt_596f6cf420db522a,NOS3-D020521,NOS3,B,D020521,Stroke,PRIMARY,Direct disease,GBMI,GBMI::Stroke,Stroke,Stroke,GRCh38,Stroke,"AFR,AMR,EAS,EUR","AFR,AMR,EAS",map_7b641e2a7a1f97d7,The GBMI endpoint is an exact or clinically equivalent disease endpoint.,Locked as the single primary representation of this indication.,Stroke,Phase II,,True,"['African' 'East Asian' 'European' 'Hispanic/Latin American' 'Other Asian'
 'South Asian']",[],"['African' 'East Asian' 'European' 'Hispanic/Latin American' 'Other Asian'
 'South Asian']",2,2,0,6,0,6,False,Stroke,Stroke,3,3,0,3,Direct disease,direct_disease,True,REVIEW,,
pt_0524a17adf5a82bc,NOX4-D003928,NOX4,B,D003928,Diabetic Nephropathies,SENSITIVITY,Proxy biomarker,Pan-UKB,Pan-UKB::biomarkers|30700|both_sexes||irnt,Creatinine,biomarkers|30700|both_sexes||irnt,GRCh37,serum_creatinine,"CSA,EUR,MID","CSA,MID",map_5a173a0626cfd370,eGFR and renal filtration biomarkers measure kidney function but are not the disease endpoint.,Retained only for prespecified sensitivity analysis.,Diabetic Nephropathies,Phase II,,True,['European'],[],['European'],1,1,0,1,0,1,False,Diabetic Nephropathies,Diabetic Nephropathies,1,1,0,1,Proxy biomarker,renal,True,REVIEW,,
pt_cd4ee19b3f30e19e,NOX4-D003928,NOX4,B,D003928,Diabetic Nephropathies,SENSITIVITY,Proxy biomarker,Pan-UKB,Pan-UKB::biomarkers|30720|both_sexes||irnt,Cystatin C,biomarkers|30720|both_sexes||irnt,GRCh37,cystatin_c,"CSA,EUR,MID","CSA,MID",map_2ec37ff17e576812,eGFR and renal filtration biomarkers measure kidney function but are not the disease endpoint.,Retained only for prespecified sensitivity analysis.,Diabetic Nephropathies,Phase II,,True,['European'],[],['European'],1,1,0,1,0,1,False,Diabetic Nephropathies,Diabetic Nephropathies,1,1,0,1,Proxy biomarker,renal,True,REVIEW,,
pt_015d2f117d872e92,NOX4-D003928,NOX4,B,D003928,Diabetic Nephropathies,SENSITIVITY,Proxy biomarker,Pan-UKB,Pan-UKB::continuous|eGFRcreacys|both_sexes||irnt,"Estimated glomerular filtration rate, cystain C",continuous|eGFRcreacys|both_sexes||irnt,GRCh37,egfr_cystatin_c,"CSA,EUR",CSA,map_237af7c6f0e79465,eGFR and renal filtration biomarkers measure kidney function but are not the disease endpoint.,Retained only for prespecified sensitivity analysis.,Diabetic Nephropathies,Phase II,,True,['European'],[],['European'],1,1,0,1,0,1,False,Diabetic Nephropathies,Diabetic Nephropathies,1,1,0,1,Proxy biomarker,renal,True,REVIEW,,
pt_03b3648d98046393,NOX4-D003928,NOX4,B,D003928,Diabetic Nephropathies,PRIMARY,Proxy biomarker,Pan-UKB,Pan-UKB::continuous|eGFR|both_sexes||irnt,"Estimated glomerular filtration rate, serum creatinine",continuous|eGFR|both_sexes||irnt,GRCh37,egfr_creatinine,"CSA,EUR,MID","CSA,MID",map_b559a03b2194c750,eGFR and renal filtration biomarkers measure kidney function but are not the disease endpoint.,Locked as the single primary representation of this indication.,Diabetic Nephropathies,Phase II,,True,['European'],[],['European'],1,1,0,1,0,1,False,Diabetic Nephropathies,Diabetic Nephropathies,1,1,0,1,Proxy biomarker,renal,True,REVIEW,,
pt_cdfadf094d062358,NOX4-D003928,NOX4,B,D003928,Diabetic Nephropathies,SENSITIVITY,Proxy biomarker,Pan-UKB,Pan-UKB::continuous|eGFRcys|both_sexes||irnt,"Estimated glomerular filtration rate, serum creatinine + cystain C",continuous|eGFRcys|both_sexes||irnt,GRCh37,egfr_creatinine_cystatin_c,"CSA,EUR",CSA,map_9eebacb52f0633f9,eGFR and renal filtration biomarkers measure kidney function but are not the disease endpoint.,Retained only for prespecified sensitivity analysis.,Diabetic Nephropathies,Phase II,,True,['European'],[],['European'],1,1,0,1,0,1,False,Diabetic Nephropathies,Diabetic Nephropathies,1,1,0,1,Proxy biomarker,renal,True,REVIEW,,
pt_fe8aec92c802dc1d,NPC1L1-D006949,NPC1L1,B,D006949,Hyperlipidemias,SENSITIVITY,Direct quantitative readout,Pan-UKB,Pan-UKB::biomarkers|30640|both_sexes||irnt,Apolipoprotein B,biomarkers|30640|both_sexes||irnt,GRCh37,apolipoprotein_b,"CSA,EUR",CSA,map_431e4b5a762bae69,Circulating lipid measure directly represents the indication construct.,Retained only for prespecified sensitivity analysis.,Hyperlipidemias,Phase II,,True,"['African' 'East Asian' 'European' 'Hispanic/Latin American' 'NR'
 'South Asian']",['East Asian' 'European' 'NR'],"['African' 'East Asian' 'European' 'Hispanic/Latin American' 'NR'
 'South Asian']",19,19,6,5,2,5,True,Hyperlipidemias,Hyperlipidemias,22,22,4,18,Direct quantitative readout,lipids,True,REVIEW,,
pt_a132c0287eb52124,NPC1L1-D006949,NPC1L1,B,D006949,Hyperlipidemias,SENSITIVITY,Direct quantitative readout,Pan-UKB,Pan-UKB::biomarkers|30690|both_sexes||irnt,Cholesterol,biomarkers|30690|both_sexes||irnt,GRCh37,total_cholesterol,"CSA,EUR",CSA,map_c7d4a03a9508b750,Circulating lipid measure directly represents the indication construct.,Retained only for prespecified sensitivity analysis.,Hyperlipidemias,Phase II,,True,"['African' 'East Asian' 'European' 'Hispanic/Latin American' 'NR'
 'South Asian']",['East Asian' 'European' 'NR'],"['African' 'East Asian' 'European' 'Hispanic/Latin American' 'NR'
 'South Asian']",19,19,6,5,2,5,True,Hyperlipidemias,Hyperlipidemias,22,22,4,18,Direct quantitative readout,lipids,True,REVIEW,,
pt_e715080aae2a52e7,NPC1L1-D006949,NPC1L1,B,D006949,Hyperlipidemias,PRIMARY,Direct quantitative readout,Pan-UKB,Pan-UKB::biomarkers|30780|both_sexes||irnt,LDL direct,biomarkers|30780|both_sexes||irnt,GRCh37,ldl_cholesterol,"CSA,EUR",CSA,map_8442195d65e17d61,Circulating lipid measure directly represents the indication construct.,Locked as the single primary representation of this indication.,Hyperlipidemias,Phase II,,True,"['African' 'East Asian' 'European' 'Hispanic/Latin American' 'NR'
 'South Asian']",['East Asian' 'European' 'NR'],"['African' 'East Asian' 'European' 'Hispanic/Latin American' 'NR'
 'South Asian']",19,19,6,5,2,5,True,Hyperlipidemias,Hyperlipidemias,22,22,4,18,Direct quantitative readout,lipids,True,REVIEW,,
pt_b1799ab29dbf2120,NPC1L1-D050171,NPC1L1,A,D050171,Dyslipidemias,SENSITIVITY,Direct quantitative readout,Pan-UKB,Pan-UKB::biomarkers|30640|both_sexes||irnt,Apolipoprotein B,biomarkers|30640|both_sexes||irnt,GRCh37,apolipoprotein_b,"CSA,EUR",CSA,map_6d9fe13af554c236,Circulating lipid measure directly represents the indication construct.,Retained only for prespecified sensitivity analysis.,Dyslipidemias,Launched,,True,"['African' 'East Asian' 'European' 'Hispanic/Latin American' 'NR'
 'South Asian']",['East Asian' 'European' 'NR'],"['African' 'East Asian' 'European' 'Hispanic/Latin American' 'NR'
 'South Asian']",19,19,6,5,2,5,True,Dyslipidemias,Dyslipidemias,5,5,3,2,Direct quantitative readout,lipids,True,REVIEW,,
pt_320556a945b0e25e,NPC1L1-D050171,NPC1L1,A,D050171,Dyslipidemias,SENSITIVITY,Direct quantitative readout,Pan-UKB,Pan-UKB::biomarkers|30690|both_sexes||irnt,Cholesterol,biomarkers|30690|both_sexes||irnt,GRCh37,total_cholesterol,"CSA,EUR",CSA,map_a36004652f6c76ab,Circulating lipid measure directly represents the indication construct.,Retained only for prespecified sensitivity analysis.,Dyslipidemias,Launched,,True,"['African' 'East Asian' 'European' 'Hispanic/Latin American' 'NR'
 'South Asian']",['East Asian' 'European' 'NR'],"['African' 'East Asian' 'European' 'Hispanic/Latin American' 'NR'
 'South Asian']",19,19,6,5,2,5,True,Dyslipidemias,Dyslipidemias,5,5,3,2,Direct quantitative readout,lipids,True,REVIEW,,
pt_f05a7edf416fd3a5,NPC1L1-D050171,NPC1L1,A,D050171,Dyslipidemias,PRIMARY,Direct quantitative readout,Pan-UKB,Pan-UKB::biomarkers|30780|both_sexes||irnt,LDL direct,biomarkers|30780|both_sexes||irnt,GRCh37,ldl_cholesterol,"CSA,EUR",CSA,map_32cf8d557f57383c,Circulating lipid measure directly represents the indication construct.,Locked as the single primary representation of this indication.,Dyslipidemias,Launched,,True,"['African' 'East Asian' 'European' 'Hispanic/Latin American' 'NR'
 'South Asian']",['East Asian' 'European' 'NR'],"['African' 'East Asian' 'European' 'Hispanic/Latin American' 'NR'
 'South Asian']",19,19,6,5,2,5,True,Dyslipidemias,Dyslipidemias,5,5,3,2,Direct quantitative readout,lipids,True,REVIEW,,
pt_89a9b6db2733cce1,NPR1-D006973,NPR1,B,D006973,Hypertension,SENSITIVITY,Direct quantitative readout,Pan-UKB,Pan-UKB::continuous|4079|both_sexes||irnt,"Diastolic blood pressure, automated reading",continuous|4079|both_sexes||irnt,GRCh37,diastolic_blood_pressure,"CSA,EUR",CSA,map_a10198eb08d8bca6,Blood pressure is the defining quantitative phenotype.,Retained only for prespecified sensitivity analysis.,Hypertension,Phase I,,True,['European' 'NR'],['European'],['European' 'NR'],7,7,3,1,1,1,True,Hypertension,Hypertension,19,19,8,11,Direct quantitative readout,blood_pressure,True,REVIEW,,
pt_3d0835aaa4694c2c,NPR1-D006973,NPR1,B,D006973,Hypertension,PRIMARY,Direct quantitative readout,Pan-UKB,Pan-UKB::continuous|4080|both_sexes||irnt,"Systolic blood pressure, automated reading",continuous|4080|both_sexes||irnt,GRCh37,systolic_blood_pressure,"CSA,EAS,EUR","CSA,EAS",map_51438025f9ca1f25,Blood pressure is the defining quantitative phenotype.,Locked as the single primary representation of this indication.,Hypertension,Phase I,,True,['European' 'NR'],['European'],['European' 'NR'],7,7,3,1,1,1,True,Hypertension,Hypertension,19,19,8,11,Direct quantitative readout,blood_pressure,True,REVIEW,,
pt_1c51eb5c01f3662f,NPY-D009765,NPY,B,D009765,Obesity,PRIMARY,Direct quantitative readout,Pan-UKB,Pan-UKB::continuous|21001|both_sexes||irnt,Body mass index (BMI),continuous|21001|both_sexes||irnt,GRCh37,body_mass_index,"AFR,CSA,EUR,MID","AFR,CSA,MID",map_0b18d3fa6d5f91c0,BMI and waist circumference directly measure adiposity.,Locked as the single primary representation of this indication.,Obesity,Phase II,,True,['European'],[],['European'],5,5,0,1,0,1,False,Obesity,Obesity,31,31,4,27,Direct quantitative readout,anthropometry,True,REVIEW,,
pt_90d60adf81c7b013,NPY-D009765,NPY,B,D009765,Obesity,SENSITIVITY,Direct quantitative readout,Pan-UKB,Pan-UKB::continuous|48|both_sexes||irnt,Waist circumference,continuous|48|both_sexes||irnt,GRCh37,waist_circumference,"AFR,CSA,EUR,MID","AFR,CSA,MID",map_89b2b7c6b871d268,BMI and waist circumference directly measure adiposity.,Retained only for prespecified sensitivity analysis.,Obesity,Phase II,,True,['European'],[],['European'],5,5,0,1,0,1,False,Obesity,Obesity,31,31,4,27,Direct quantitative readout,anthropometry,True,REVIEW,,
pt_2eff5bb03f2437fb,NPY5R-D009765,NPY5R,B,D009765,Obesity,PRIMARY,Direct quantitative readout,Pan-UKB,Pan-UKB::continuous|21001|both_sexes||irnt,Body mass index (BMI),continuous|21001|both_sexes||irnt,GRCh37,body_mass_index,"AFR,CSA,EUR,MID","AFR,CSA,MID",map_0b18d3fa6d5f91c0,BMI and waist circumference directly measure adiposity.,Locked as the single primary representation of this indication.,Obesity,Phase II,,True,['European'],[],['European'],2,2,0,1,0,1,False,Obesity,Obesity,31,31,4,27,Direct quantitative readout,anthropometry,True,REVIEW,,
pt_5cb1acd92896b85b,NPY5R-D009765,NPY5R,B,D009765,Obesity,SENSITIVITY,Direct quantitative readout,Pan-UKB,Pan-UKB::continuous|48|both_sexes||irnt,Waist circumference,continuous|48|both_sexes||irnt,GRCh37,waist_circumference,"AFR,CSA,EUR,MID","AFR,CSA,MID",map_89b2b7c6b871d268,BMI and waist circumference directly measure adiposity.,Retained only for prespecified sensitivity analysis.,Obesity,Phase II,,True,['European'],[],['European'],2,2,0,1,0,1,False,Obesity,Obesity,31,31,4,27,Direct quantitative readout,anthropometry,True,REVIEW,,
pt_b503abecaf9b9bea,NR1H3-D006937,NR1H3,B,D006937,Hypercholesterolemia,SENSITIVITY,Direct quantitative readout,Pan-UKB,Pan-UKB::biomarkers|30640|both_sexes||irnt,Apolipoprotein B,biomarkers|30640|both_sexes||irnt,GRCh37,apolipoprotein_b,"CSA,EUR",CSA,map_505723e622d14ef9,Circulating lipid measure directly represents the indication construct.,Retained only for prespecified sensitivity analysis.,Hypercholesterolemia,Phase I,,True,['African' 'East Asian' 'European' 'Hispanic/Latin American'],['NR'],['African' 'East Asian' 'European' 'Hispanic/Latin American' 'NR'],6,6,1,4,0,4,True,Hypercholesterolemia,Hypercholesterolemia,14,14,3,11,Direct quantitative readout,lipids,True,REVIEW,,
pt_4f39a30b11529f89,NR1H3-D006937,NR1H3,B,D006937,Hypercholesterolemia,SENSITIVITY,Direct quantitative readout,Pan-UKB,Pan-UKB::biomarkers|30690|both_sexes||irnt,Cholesterol,biomarkers|30690|both_sexes||irnt,GRCh37,total_cholesterol,"CSA,EUR",CSA,map_53025b2483451588,Circulating lipid measure directly represents the indication construct.,Retained only for prespecified sensitivity analysis.,Hypercholesterolemia,Phase I,,True,['African' 'East Asian' 'European' 'Hispanic/Latin American'],['NR'],['African' 'East Asian' 'European' 'Hispanic/Latin American' 'NR'],6,6,1,4,0,4,True,Hypercholesterolemia,Hypercholesterolemia,14,14,3,11,Direct quantitative readout,lipids,True,REVIEW,,
pt_4ebe954a72e61c88,NR1H3-D006937,NR1H3,B,D006937,Hypercholesterolemia,PRIMARY,Direct quantitative readout,Pan-UKB,Pan-UKB::biomarkers|30780|both_sexes||irnt,LDL direct,biomarkers|30780|both_sexes||irnt,GRCh37,ldl_cholesterol,"CSA,EUR",CSA,map_50cd2496568d9c63,Circulating lipid measure directly represents the indication construct.,Locked as the single primary representation of this indication.,Hypercholesterolemia,Phase I,,True,['African' 'East Asian' 'European' 'Hispanic/Latin American'],['NR'],['African' 'East Asian' 'European' 'Hispanic/Latin American' 'NR'],6,6,1,4,0,4,True,Hypercholesterolemia,Hypercholesterolemia,14,14,3,11,Direct quantitative readout,lipids,True,REVIEW,,
pt_17f7e993045bf77c,NR1H4-D006937,NR1H4,B,D006937,Hypercholesterolemia,SENSITIVITY,Direct quantitative readout,Pan-UKB,Pan-UKB::biomarkers|30640|both_sexes||irnt,Apolipoprotein B,biomarkers|30640|both_sexes||irnt,GRCh37,apolipoprotein_b,"CSA,EUR",CSA,map_505723e622d14ef9,Circulating lipid measure directly represents the indication construct.,Retained only for prespecified sensitivity analysis.,Hypercholesterolemia,Phase II,,True,['African' 'East Asian' 'European' 'Hispanic/Latin American' 'South Asian'],[],['African' 'East Asian' 'European' 'Hispanic/Latin American' 'South Asian'],3,3,0,5,0,5,False,Hypercholesterolemia,Hypercholesterolemia,14,14,3,11,Direct quantitative readout,lipids,True,REVIEW,,
pt_b0edc6f3c41595d2,NR1H4-D006937,NR1H4,B,D006937,Hypercholesterolemia,SENSITIVITY,Direct quantitative readout,Pan-UKB,Pan-UKB::biomarkers|30690|both_sexes||irnt,Cholesterol,biomarkers|30690|both_sexes||irnt,GRCh37,total_cholesterol,"CSA,EUR",CSA,map_53025b2483451588,Circulating lipid measure directly represents the indication construct.,Retained only for prespecified sensitivity analysis.,Hypercholesterolemia,Phase II,,True,['African' 'East Asian' 'European' 'Hispanic/Latin American' 'South Asian'],[],['African' 'East Asian' 'European' 'Hispanic/Latin American' 'South Asian'],3,3,0,5,0,5,False,Hypercholesterolemia,Hypercholesterolemia,14,14,3,11,Direct quantitative readout,lipids,True,REVIEW,,
pt_2092ae1a0cea1cc5,NR1H4-D006937,NR1H4,B,D006937,Hypercholesterolemia,PRIMARY,Direct quantitative readout,Pan-UKB,Pan-UKB::biomarkers|30780|both_sexes||irnt,LDL direct,biomarkers|30780|both_sexes||irnt,GRCh37,ldl_cholesterol,"CSA,EUR",CSA,map_50cd2496568d9c63,Circulating lipid measure directly represents the indication construct.,Locked as the single primary representation of this indication.,Hypercholesterolemia,Phase II,,True,['African' 'East Asian' 'European' 'Hispanic/Latin American' 'South Asian'],[],['African' 'East Asian' 'European' 'Hispanic/Latin American' 'South Asian'],3,3,0,5,0,5,False,Hypercholesterolemia,Hypercholesterolemia,14,14,3,11,Direct quantitative readout,lipids,True,REVIEW,,
pt_84a3adc3186482a8,NR1H4-D006949,NR1H4,B,D006949,Hyperlipidemias,SENSITIVITY,Direct quantitative readout,Pan-UKB,Pan-UKB::biomarkers|30640|both_sexes||irnt,Apolipoprotein B,biomarkers|30640|both_sexes||irnt,GRCh37,apolipoprotein_b,"CSA,EUR",CSA,map_431e4b5a762bae69,Circulating lipid measure directly represents the indication construct.,Retained only for prespecified sensitivity analysis.,Hyperlipidemias,Phase I,,True,['African' 'East Asian' 'European' 'Hispanic/Latin American' 'South Asian'],[],['African' 'East Asian' 'European' 'Hispanic/Latin American' 'South Asian'],3,3,0,5,0,5,False,Hyperlipidemias,Hyperlipidemias,22,22,4,18,Direct quantitative readout,lipids,True,REVIEW,,
pt_962c3010164df935,NR1H4-D006949,NR1H4,B,D006949,Hyperlipidemias,SENSITIVITY,Direct quantitative readout,Pan-UKB,Pan-UKB::biomarkers|30690|both_sexes||irnt,Cholesterol,biomarkers|30690|both_sexes||irnt,GRCh37,total_cholesterol,"CSA,EUR",CSA,map_c7d4a03a9508b750,Circulating lipid measure directly represents the indication construct.,Retained only for prespecified sensitivity analysis.,Hyperlipidemias,Phase I,,True,['African' 'East Asian' 'European' 'Hispanic/Latin American' 'South Asian'],[],['African' 'East Asian' 'European' 'Hispanic/Latin American' 'South Asian'],3,3,0,5,0,5,False,Hyperlipidemias,Hyperlipidemias,22,22,4,18,Direct quantitative readout,lipids,True,REVIEW,,
pt_b98386585453c21d,NR1H4-D006949,NR1H4,B,D006949,Hyperlipidemias,PRIMARY,Direct quantitative readout,Pan-UKB,Pan-UKB::biomarkers|30780|both_sexes||irnt,LDL direct,biomarkers|30780|both_sexes||irnt,GRCh37,ldl_cholesterol,"CSA,EUR",CSA,map_8442195d65e17d61,Circulating lipid measure directly represents the indication construct.,Locked as the single primary representation of this indication.,Hyperlipidemias,Phase I,,True,['African' 'East Asian' 'European' 'Hispanic/Latin American' 'South Asian'],[],['African' 'East Asian' 'European' 'Hispanic/Latin American' 'South Asian'],3,3,0,5,0,5,False,Hyperlipidemias,Hyperlipidemias,22,22,4,18,Direct quantitative readout,lipids,True,REVIEW,,
pt_67a78382e10cca18,NR1H4-D015228,NR1H4,B,D015228,Hypertriglyceridemia,PRIMARY,Direct quantitative readout,Pan-UKB,Pan-UKB::biomarkers|30870|both_sexes||irnt,Triglycerides,biomarkers|30870|both_sexes||irnt,GRCh37,triglycerides,"AFR,CSA,EUR,MID","AFR,CSA,MID",map_e34c5f2ec9867915,Triglyceride concentration directly represents hypertriglyceridemia.,Locked as the single primary representation of this indication.,Hypertriglyceridemia,Phase I,,True,['African' 'East Asian' 'European' 'Hispanic/Latin American' 'South Asian'],[],['African' 'East Asian' 'European' 'Hispanic/Latin American' 'South Asian'],3,3,0,5,0,5,False,Hypertriglyceridemia,Hypertriglyceridemia,14,14,3,11,Direct quantitative readout,lipids,True,REVIEW,,
pt_cf9c909288f79450,NR3C1-D001249,NR3C1,A,D001249,Asthma,PRIMARY,Direct disease,GBMI,GBMI::Asthma,Asthma,Asthma,GRCh38,Asthma,"AFR,AMR,CSA,EAS,EUR","AFR,AMR,CSA,EAS",map_142944bd2f968395,The GBMI endpoint is an exact or clinically equivalent disease endpoint.,Locked as the single primary representation of this indication.,Asthma,Launched,2001.0,True,['European'],['European'],['European'],6,6,2,1,1,1,True,Asthma,Asthma,29,29,4,25,Direct disease,direct_disease,True,REVIEW,,
pt_cebca380446778fb,NR3C1-D001249,NR3C1,A,D001249,Asthma,SENSITIVITY,Proxy biomarker,Pan-UKB,Pan-UKB::continuous|30150|both_sexes||irnt,Eosinophill count,continuous|30150|both_sexes||irnt,GRCh37,eosinophil_count,"CSA,EUR",CSA,map_cb8244ded7498122,"Eosinophils and spirometry measure allergic inflammation or airway physiology, not asthma diagnosis itself.",Retained only for prespecified sensitivity analysis.,Asthma,Launched,2001.0,True,['European'],['European'],['European'],6,6,2,1,1,1,True,Asthma,Asthma,29,29,4,25,Proxy biomarker,hematology_allergy,True,REVIEW,,
pt_7701060d5ffa2e2d,NR3C1-D001249,NR3C1,A,D001249,Asthma,SENSITIVITY,Proxy biomarker,Pan-UKB,Pan-UKB::continuous|3063|both_sexes||irnt,Forced expiratory volume in 1-second (FEV1),continuous|3063|both_sexes||irnt,GRCh37,fev1,"AFR,CSA,EUR,MID","AFR,CSA,MID",map_59356df4843aaef1,"Eosinophils and spirometry measure allergic inflammation or airway physiology, not asthma diagnosis itself.",Retained only for prespecified sensitivity analysis.,Asthma,Launched,2001.0,True,['European'],['European'],['European'],6,6,2,1,1,1,True,Asthma,Asthma,29,29,4,25,Proxy biomarker,pulmonary,True,REVIEW,,
pt_5fa24dcd107372f2,NR3C1-D001249,NR3C1,A,D001249,Asthma,SENSITIVITY,Proxy biomarker,Pan-UKB,Pan-UKB::continuous|3062|both_sexes||irnt,Forced vital capacity (FVC),continuous|3062|both_sexes||irnt,GRCh37,fvc,"AFR,CSA,EUR,MID","AFR,CSA,MID",map_8f3487c5d3ef8b41,"Eosinophils and spirometry measure allergic inflammation or airway physiology, not asthma diagnosis itself.",Retained only for prespecified sensitivity analysis.,Asthma,Launched,2001.0,True,['European'],['European'],['European'],6,6,2,1,1,1,True,Asthma,Asthma,29,29,4,25,Proxy biomarker,pulmonary,True,REVIEW,,
pt_50b281e44f1273a7,NR3C1-D009765,NR3C1,B,D009765,Obesity,PRIMARY,Direct quantitative readout,Pan-UKB,Pan-UKB::continuous|21001|both_sexes||irnt,Body mass index (BMI),continuous|21001|both_sexes||irnt,GRCh37,body_mass_index,"AFR,CSA,EUR,MID","AFR,CSA,MID",map_0b18d3fa6d5f91c0,BMI and waist circumference directly measure adiposity.,Locked as the single primary representation of this indication.,Obesity,Phase II,,True,['European'],[],['European'],4,4,0,1,0,1,False,Obesity,Obesity,31,31,4,27,Direct quantitative readout,anthropometry,True,REVIEW,,
pt_67f0fdea7e76d593,NR3C1-D009765,NR3C1,B,D009765,Obesity,SENSITIVITY,Direct quantitative readout,Pan-UKB,Pan-UKB::continuous|48|both_sexes||irnt,Waist circumference,continuous|48|both_sexes||irnt,GRCh37,waist_circumference,"AFR,CSA,EUR,MID","AFR,CSA,MID",map_89b2b7c6b871d268,BMI and waist circumference directly measure adiposity.,Retained only for prespecified sensitivity analysis.,Obesity,Phase II,,True,['European'],[],['European'],4,4,0,1,0,1,False,Obesity,Obesity,31,31,4,27,Direct quantitative readout,anthropometry,True,REVIEW,,
pt_ad6fe779ce0f8050,NR3C1-D029424,NR3C1,A,D029424,"Pulmonary Disease, Chronic Obstructive",PRIMARY,Direct disease,GBMI,GBMI::COPD,Chronic obstructive pulmonary disease,COPD,GRCh38,COPD,"AFR,AMR,EAS,EUR","AFR,AMR,EAS",map_c342a950924fe3b4,The GBMI endpoint is an exact or clinically equivalent disease endpoint.,Locked as the single primary representation of this indication.,"Pulmonary Disease, Chronic Obstructive",Launched,2012.0,True,['European'],['European'],['European'],6,6,2,1,1,1,True,"Pulmonary Disease, Chronic Obstructive","Pulmonary Disease, Chronic Obstructive",20,20,3,17,Direct disease,direct_disease,True,REVIEW,,
pt_4ae75dd25963ff10,NR3C1-D029424,NR3C1,A,D029424,"Pulmonary Disease, Chronic Obstructive",SENSITIVITY,Closely related phenotype,Pan-UKB,Pan-UKB::continuous|3063|both_sexes||irnt,Forced expiratory volume in 1-second (FEV1),continuous|3063|both_sexes||irnt,GRCh37,fev1,"AFR,CSA,EUR,MID","AFR,CSA,MID",map_3b5ef0a073ff5fa0,Spirometry measures airflow limitation central to COPD but is not the disease endpoint.,Retained only for prespecified sensitivity analysis.,"Pulmonary Disease, Chronic Obstructive",Launched,2012.0,True,['European'],['European'],['European'],6,6,2,1,1,1,True,"Pulmonary Disease, Chronic Obstructive","Pulmonary Disease, Chronic Obstructive",20,20,3,17,Closely related phenotype,pulmonary,True,REVIEW,,
pt_143ff8820d85c570,NR3C1-D029424,NR3C1,A,D029424,"Pulmonary Disease, Chronic Obstructive",SENSITIVITY,Closely related phenotype,Pan-UKB,Pan-UKB::continuous|3062|both_sexes||irnt,Forced vital capacity (FVC),continuous|3062|both_sexes||irnt,GRCh37,fvc,"AFR,CSA,EUR,MID","AFR,CSA,MID",map_16d098169734a13c,Spirometry measures airflow limitation central to COPD but is not the disease endpoint.,Retained only for prespecified sensitivity analysis.,"Pulmonary Disease, Chronic Obstructive",Launched,2012.0,True,['European'],['European'],['European'],6,6,2,1,1,1,True,"Pulmonary Disease, Chronic Obstructive","Pulmonary Disease, Chronic Obstructive",20,20,3,17,Closely related phenotype,pulmonary,True,REVIEW,,
pt_b7c897eecdf5db35,NR3C1-D065631,NR3C1,B,D065631,"Rhinitis, Allergic",SENSITIVITY,Proxy biomarker,Pan-UKB,Pan-UKB::continuous|30150|both_sexes||irnt,Eosinophill count,continuous|30150|both_sexes||irnt,GRCh37,eosinophil_count,"CSA,EUR",CSA,map_fef4e0642fc76154,Eosinophil count is an allergic-inflammatory biomarker rather than the disease endpoint.,Retained only for prespecified sensitivity analysis.,"Rhinitis, Allergic",Phase II,,True,['European'],['European'],['European'],6,6,2,1,1,1,True,"Rhinitis, Allergic","Rhinitis, Allergic",9,9,1,8,Proxy biomarker,hematology_allergy,True,REVIEW,,
pt_b311e0056b68cdfe,OPRL1-D006973,OPRL1,B,D006973,Hypertension,SENSITIVITY,Direct quantitative readout,Pan-UKB,Pan-UKB::continuous|4079|both_sexes||irnt,"Diastolic blood pressure, automated reading",continuous|4079|both_sexes||irnt,GRCh37,diastolic_blood_pressure,"CSA,EUR",CSA,map_a10198eb08d8bca6,Blood pressure is the defining quantitative phenotype.,Retained only for prespecified sensitivity analysis.,Hypertension,Phase II,,True,"['African' 'East Asian' 'European' 'Hispanic/Latin American' 'NR'
 'Native American' 'Other' 'Other Asian' 'South Asian']",['European' 'NR'],"['African' 'East Asian' 'European' 'Hispanic/Latin American' 'NR'
 'Native American' 'Other' 'Other Asian' 'South Asian']",6,6,3,8,1,8,True,Hypertension,Hypertension,19,19,8,11,Direct quantitative readout,blood_pressure,True,REVIEW,,
pt_4fc418f3b29d1861,OPRL1-D006973,OPRL1,B,D006973,Hypertension,PRIMARY,Direct quantitative readout,Pan-UKB,Pan-UKB::continuous|4080|both_sexes||irnt,"Systolic blood pressure, automated reading",continuous|4080|both_sexes||irnt,GRCh37,systolic_blood_pressure,"CSA,EAS,EUR","CSA,EAS",map_51438025f9ca1f25,Blood pressure is the defining quantitative phenotype.,Locked as the single primary representation of this indication.,Hypertension,Phase II,,True,"['African' 'East Asian' 'European' 'Hispanic/Latin American' 'NR'
 'Native American' 'Other' 'Other Asian' 'South Asian']",['European' 'NR'],"['African' 'East Asian' 'European' 'Hispanic/Latin American' 'NR'
 'Native American' 'Other' 'Other Asian' 'South Asian']",6,6,3,8,1,8,True,Hypertension,Hypertension,19,19,8,11,Direct quantitative readout,blood_pressure,True,REVIEW,,
pt_bc18f87cfafb256b,OPRM1-D009765,OPRM1,B,D009765,Obesity,PRIMARY,Direct quantitative readout,Pan-UKB,Pan-UKB::continuous|21001|both_sexes||irnt,Body mass index (BMI),continuous|21001|both_sexes||irnt,GRCh37,body_mass_index,"AFR,CSA,EUR,MID","AFR,CSA,MID",map_0b18d3fa6d5f91c0,BMI and waist circumference directly measure adiposity.,Locked as the single primary representation of this indication.,Obesity,Phase II,,True,['East Asian' 'European'],[],['East Asian' 'European'],12,12,0,2,0,2,False,Obesity,Obesity,31,31,4,27,Direct quantitative readout,anthropometry,True,REVIEW,,
pt_d080fad683febd41,OPRM1-D009765,OPRM1,B,D009765,Obesity,SENSITIVITY,Direct quantitative readout,Pan-UKB,Pan-UKB::continuous|48|both_sexes||irnt,Waist circumference,continuous|48|both_sexes||irnt,GRCh37,waist_circumference,"AFR,CSA,EUR,MID","AFR,CSA,MID",map_89b2b7c6b871d268,BMI and waist circumference directly measure adiposity.,Retained only for prespecified sensitivity analysis.,Obesity,Phase II,,True,['East Asian' 'European'],[],['East Asian' 'European'],12,12,0,2,0,2,False,Obesity,Obesity,31,31,4,27,Direct quantitative readout,anthropometry,True,REVIEW,,
pt_31cc48a75fd7fb84,P2RY2-D001249,P2RY2,B,D001249,Asthma,PRIMARY,Direct disease,GBMI,GBMI::Asthma,Asthma,Asthma,GRCh38,Asthma,"AFR,AMR,CSA,EAS,EUR","AFR,AMR,CSA,EAS",map_142944bd2f968395,The GBMI endpoint is an exact or clinically equivalent disease endpoint.,Locked as the single primary representation of this indication.,Asthma,Phase I,,True,['European'],[],['European'],1,1,0,1,0,1,False,Asthma,Asthma,29,29,4,25,Direct disease,direct_disease,True,REVIEW,,
pt_a032020eb7bb04b3,P2RY2-D001249,P2RY2,B,D001249,Asthma,SENSITIVITY,Proxy biomarker,Pan-UKB,Pan-UKB::continuous|30150|both_sexes||irnt,Eosinophill count,continuous|30150|both_sexes||irnt,GRCh37,eosinophil_count,"CSA,EUR",CSA,map_cb8244ded7498122,"Eosinophils and spirometry measure allergic inflammation or airway physiology, not asthma diagnosis itself.",Retained only for prespecified sensitivity analysis.,Asthma,Phase I,,True,['European'],[],['European'],1,1,0,1,0,1,False,Asthma,Asthma,29,29,4,25,Proxy biomarker,hematology_allergy,True,REVIEW,,
pt_525de0d79bde8906,P2RY2-D001249,P2RY2,B,D001249,Asthma,SENSITIVITY,Proxy biomarker,Pan-UKB,Pan-UKB::continuous|3063|both_sexes||irnt,Forced expiratory volume in 1-second (FEV1),continuous|3063|both_sexes||irnt,GRCh37,fev1,"AFR,CSA,EUR,MID","AFR,CSA,MID",map_59356df4843aaef1,"Eosinophils and spirometry measure allergic inflammation or airway physiology, not asthma diagnosis itself.",Retained only for prespecified sensitivity analysis.,Asthma,Phase I,,True,['European'],[],['European'],1,1,0,1,0,1,False,Asthma,Asthma,29,29,4,25,Proxy biomarker,pulmonary,True,REVIEW,,
pt_ea291117876db194,P2RY2-D001249,P2RY2,B,D001249,Asthma,SENSITIVITY,Proxy biomarker,Pan-UKB,Pan-UKB::continuous|3062|both_sexes||irnt,Forced vital capacity (FVC),continuous|3062|both_sexes||irnt,GRCh37,fvc,"AFR,CSA,EUR,MID","AFR,CSA,MID",map_8f3487c5d3ef8b41,"Eosinophils and spirometry measure allergic inflammation or airway physiology, not asthma diagnosis itself.",Retained only for prespecified sensitivity analysis.,Asthma,Phase I,,True,['European'],[],['European'],1,1,0,1,0,1,False,Asthma,Asthma,29,29,4,25,Proxy biomarker,pulmonary,True,REVIEW,,
pt_36566dbad7b8e73e,PCSK9-D006937,PCSK9,A,D006937,Hypercholesterolemia,SENSITIVITY,Direct quantitative readout,Pan-UKB,Pan-UKB::biomarkers|30640|both_sexes||irnt,Apolipoprotein B,biomarkers|30640|both_sexes||irnt,GRCh37,apolipoprotein_b,"CSA,EUR",CSA,map_505723e622d14ef9,Circulating lipid measure directly represents the indication construct.,Retained only for prespecified sensitivity analysis.,Hypercholesterolemia,Launched,2018.0,True,"['African' 'East Asian' 'European' 'Hispanic/Latin American' 'NR'
 'Other Asian']",['East Asian' 'European' 'NR' 'South Asian'],"['African' 'East Asian' 'European' 'Hispanic/Latin American' 'NR'
 'Other Asian' 'South Asian']",23,23,11,5,3,6,True,Hypercholesterolemia,Hypercholesterolemia,14,14,3,11,Direct quantitative readout,lipids,True,REVIEW,,
pt_97f046bd30bac8ff,PCSK9-D006937,PCSK9,A,D006937,Hypercholesterolemia,SENSITIVITY,Direct quantitative readout,Pan-UKB,Pan-UKB::biomarkers|30690|both_sexes||irnt,Cholesterol,biomarkers|30690|both_sexes||irnt,GRCh37,total_cholesterol,"CSA,EUR",CSA,map_53025b2483451588,Circulating lipid measure directly represents the indication construct.,Retained only for prespecified sensitivity analysis.,Hypercholesterolemia,Launched,2018.0,True,"['African' 'East Asian' 'European' 'Hispanic/Latin American' 'NR'
 'Other Asian']",['East Asian' 'European' 'NR' 'South Asian'],"['African' 'East Asian' 'European' 'Hispanic/Latin American' 'NR'
 'Other Asian' 'South Asian']",23,23,11,5,3,6,True,Hypercholesterolemia,Hypercholesterolemia,14,14,3,11,Direct quantitative readout,lipids,True,REVIEW,,
pt_2b3737f2ee58f257,PCSK9-D006937,PCSK9,A,D006937,Hypercholesterolemia,PRIMARY,Direct quantitative readout,Pan-UKB,Pan-UKB::biomarkers|30780|both_sexes||irnt,LDL direct,biomarkers|30780|both_sexes||irnt,GRCh37,ldl_cholesterol,"CSA,EUR",CSA,map_50cd2496568d9c63,Circulating lipid measure directly represents the indication construct.,Locked as the single primary representation of this indication.,Hypercholesterolemia,Launched,2018.0,True,"['African' 'East Asian' 'European' 'Hispanic/Latin American' 'NR'
 'Other Asian']",['East Asian' 'European' 'NR' 'South Asian'],"['African' 'East Asian' 'European' 'Hispanic/Latin American' 'NR'
 'Other Asian' 'South Asian']",23,23,11,5,3,6,True,Hypercholesterolemia,Hypercholesterolemia,14,14,3,11,Direct quantitative readout,lipids,True,REVIEW,,
pt_79f25710caff861e,PCSK9-D006938,PCSK9,A,D006938,Hyperlipoproteinemia Type II,SENSITIVITY,Direct quantitative readout,Pan-UKB,Pan-UKB::biomarkers|30640|both_sexes||irnt,Apolipoprotein B,biomarkers|30640|both_sexes||irnt,GRCh37,apolipoprotein_b,"CSA,EUR",CSA,map_cfd704321ca3eaef,Circulating lipid measure directly represents the indication construct.,Retained only for prespecified sensitivity analysis.,Hyperlipoproteinemia Type II,Launched,,True,"['African' 'East Asian' 'European' 'Hispanic/Latin American' 'NR'
 'Other Asian']",['East Asian' 'European' 'NR' 'South Asian'],"['African' 'East Asian' 'European' 'Hispanic/Latin American' 'NR'
 'Other Asian' 'South Asian']",23,23,11,5,3,6,True,Hyperlipoproteinemia Type II,Hyperlipoproteinemia Type II,8,8,3,5,Direct quantitative readout,lipids,True,REVIEW,,
pt_51885c57bce9af8e,PCSK9-D006938,PCSK9,A,D006938,Hyperlipoproteinemia Type II,SENSITIVITY,Direct quantitative readout,Pan-UKB,Pan-UKB::biomarkers|30690|both_sexes||irnt,Cholesterol,biomarkers|30690|both_sexes||irnt,GRCh37,total_cholesterol,"CSA,EUR",CSA,map_20c7523ee78dfeaf,Circulating lipid measure directly represents the indication construct.,Retained only for prespecified sensitivity analysis.,Hyperlipoproteinemia Type II,Launched,,True,"['African' 'East Asian' 'European' 'Hispanic/Latin American' 'NR'
 'Other Asian']",['East Asian' 'European' 'NR' 'South Asian'],"['African' 'East Asian' 'European' 'Hispanic/Latin American' 'NR'
 'Other Asian' 'South Asian']",23,23,11,5,3,6,True,Hyperlipoproteinemia Type II,Hyperlipoproteinemia Type II,8,8,3,5,Direct quantitative readout,lipids,True,REVIEW,,
pt_97c48b94f2f62774,PCSK9-D006938,PCSK9,A,D006938,Hyperlipoproteinemia Type II,PRIMARY,Direct quantitative readout,Pan-UKB,Pan-UKB::biomarkers|30780|both_sexes||irnt,LDL direct,biomarkers|30780|both_sexes||irnt,GRCh37,ldl_cholesterol,"CSA,EUR",CSA,map_e773da18247036fb,Circulating lipid measure directly represents the indication construct.,Locked as the single primary representation of this indication.,Hyperlipoproteinemia Type II,Launched,,True,"['African' 'East Asian' 'European' 'Hispanic/Latin American' 'NR'
 'Other Asian']",['East Asian' 'European' 'NR' 'South Asian'],"['African' 'East Asian' 'European' 'Hispanic/Latin American' 'NR'
 'Other Asian' 'South Asian']",23,23,11,5,3,6,True,Hyperlipoproteinemia Type II,Hyperlipoproteinemia Type II,8,8,3,5,Direct quantitative readout,lipids,True,REVIEW,,
pt_080235e4143a91df,PCSK9-D006949,PCSK9,A,D006949,Hyperlipidemias,SENSITIVITY,Direct quantitative readout,Pan-UKB,Pan-UKB::biomarkers|30640|both_sexes||irnt,Apolipoprotein B,biomarkers|30640|both_sexes||irnt,GRCh37,apolipoprotein_b,"CSA,EUR",CSA,map_431e4b5a762bae69,Circulating lipid measure directly represents the indication construct.,Retained only for prespecified sensitivity analysis.,Hyperlipidemias,Launched,2019.0,True,"['African' 'East Asian' 'European' 'Hispanic/Latin American' 'NR'
 'Other Asian']",['East Asian' 'European' 'NR' 'South Asian'],"['African' 'East Asian' 'European' 'Hispanic/Latin American' 'NR'
 'Other Asian' 'South Asian']",23,23,11,5,3,6,True,Hyperlipidemias,Hyperlipidemias,22,22,4,18,Direct quantitative readout,lipids,True,REVIEW,,
pt_66bea8c4101a1ad1,PCSK9-D006949,PCSK9,A,D006949,Hyperlipidemias,SENSITIVITY,Direct quantitative readout,Pan-UKB,Pan-UKB::biomarkers|30690|both_sexes||irnt,Cholesterol,biomarkers|30690|both_sexes||irnt,GRCh37,total_cholesterol,"CSA,EUR",CSA,map_c7d4a03a9508b750,Circulating lipid measure directly represents the indication construct.,Retained only for prespecified sensitivity analysis.,Hyperlipidemias,Launched,2019.0,True,"['African' 'East Asian' 'European' 'Hispanic/Latin American' 'NR'
 'Other Asian']",['East Asian' 'European' 'NR' 'South Asian'],"['African' 'East Asian' 'European' 'Hispanic/Latin American' 'NR'
 'Other Asian' 'South Asian']",23,23,11,5,3,6,True,Hyperlipidemias,Hyperlipidemias,22,22,4,18,Direct quantitative readout,lipids,True,REVIEW,,
pt_0675b918977a457d,PCSK9-D006949,PCSK9,A,D006949,Hyperlipidemias,PRIMARY,Direct quantitative readout,Pan-UKB,Pan-UKB::biomarkers|30780|both_sexes||irnt,LDL direct,biomarkers|30780|both_sexes||irnt,GRCh37,ldl_cholesterol,"CSA,EUR",CSA,map_8442195d65e17d61,Circulating lipid measure directly represents the indication construct.,Locked as the single primary representation of this indication.,Hyperlipidemias,Launched,2019.0,True,"['African' 'East Asian' 'European' 'Hispanic/Latin American' 'NR'
 'Other Asian']",['East Asian' 'European' 'NR' 'South Asian'],"['African' 'East Asian' 'European' 'Hispanic/Latin American' 'NR'
 'Other Asian' 'South Asian']",23,23,11,5,3,6,True,Hyperlipidemias,Hyperlipidemias,22,22,4,18,Direct quantitative readout,lipids,True,REVIEW,,
pt_dea6ed38b134aaf3,PDE3A-D001249,PDE3A,B,D001249,Asthma,PRIMARY,Direct disease,GBMI,GBMI::Asthma,Asthma,Asthma,GRCh38,Asthma,"AFR,AMR,CSA,EAS,EUR","AFR,AMR,CSA,EAS",map_142944bd2f968395,The GBMI endpoint is an exact or clinically equivalent disease endpoint.,Locked as the single primary representation of this indication.,Asthma,Phase II,,True,['European'],['European'],['European'],3,3,1,1,1,1,True,Asthma,Asthma,29,29,4,25,Direct disease,direct_disease,True,REVIEW,,
pt_b73afa5c92b64dbe,PDE3A-D001249,PDE3A,B,D001249,Asthma,SENSITIVITY,Proxy biomarker,Pan-UKB,Pan-UKB::continuous|30150|both_sexes||irnt,Eosinophill count,continuous|30150|both_sexes||irnt,GRCh37,eosinophil_count,"CSA,EUR",CSA,map_cb8244ded7498122,"Eosinophils and spirometry measure allergic inflammation or airway physiology, not asthma diagnosis itself.",Retained only for prespecified sensitivity analysis.,Asthma,Phase II,,True,['European'],['European'],['European'],3,3,1,1,1,1,True,Asthma,Asthma,29,29,4,25,Proxy biomarker,hematology_allergy,True,REVIEW,,
pt_65711c539c97665b,PDE3A-D001249,PDE3A,B,D001249,Asthma,SENSITIVITY,Proxy biomarker,Pan-UKB,Pan-UKB::continuous|3063|both_sexes||irnt,Forced expiratory volume in 1-second (FEV1),continuous|3063|both_sexes||irnt,GRCh37,fev1,"AFR,CSA,EUR,MID","AFR,CSA,MID",map_59356df4843aaef1,"Eosinophils and spirometry measure allergic inflammation or airway physiology, not asthma diagnosis itself.",Retained only for prespecified sensitivity analysis.,Asthma,Phase II,,True,['European'],['European'],['European'],3,3,1,1,1,1,True,Asthma,Asthma,29,29,4,25,Proxy biomarker,pulmonary,True,REVIEW,,
pt_12f5459dec000a61,PDE3A-D001249,PDE3A,B,D001249,Asthma,SENSITIVITY,Proxy biomarker,Pan-UKB,Pan-UKB::continuous|3062|both_sexes||irnt,Forced vital capacity (FVC),continuous|3062|both_sexes||irnt,GRCh37,fvc,"AFR,CSA,EUR,MID","AFR,CSA,MID",map_8f3487c5d3ef8b41,"Eosinophils and spirometry measure allergic inflammation or airway physiology, not asthma diagnosis itself.",Retained only for prespecified sensitivity analysis.,Asthma,Phase II,,True,['European'],['European'],['European'],3,3,1,1,1,1,True,Asthma,Asthma,29,29,4,25,Proxy biomarker,pulmonary,True,REVIEW,,
pt_33845a7653bf95a9,PDE3A-D015228,PDE3A,B,D015228,Hypertriglyceridemia,PRIMARY,Direct quantitative readout,Pan-UKB,Pan-UKB::biomarkers|30870|both_sexes||irnt,Triglycerides,biomarkers|30870|both_sexes||irnt,GRCh37,triglycerides,"AFR,CSA,EUR,MID","AFR,CSA,MID",map_e34c5f2ec9867915,Triglyceride concentration directly represents hypertriglyceridemia.,Locked as the single primary representation of this indication.,Hypertriglyceridemia,Phase II,,True,['African' 'East Asian' 'European' 'Hispanic/Latin American' 'South Asian'],[],['African' 'East Asian' 'European' 'Hispanic/Latin American' 'South Asian'],7,7,0,5,0,5,False,Hypertriglyceridemia,Hypertriglyceridemia,14,14,3,11,Direct quantitative readout,lipids,True,REVIEW,,
pt_43f9d8d8844337ac,PDE3A-D020521,PDE3A,B,D020521,Stroke,PRIMARY,Direct disease,GBMI,GBMI::Stroke,Stroke,Stroke,GRCh38,Stroke,"AFR,AMR,EAS,EUR","AFR,AMR,EAS",map_7b641e2a7a1f97d7,The GBMI endpoint is an exact or clinically equivalent disease endpoint.,Locked as the single primary representation of this indication.,Stroke,Phase III,,True,['East Asian' 'European'],[],['East Asian' 'European'],2,2,0,2,0,2,False,Stroke,Stroke,3,3,0,3,Direct disease,direct_disease,True,REVIEW,,
pt_f8cbb22c938ac737,PDE3A-D029424,PDE3A,B,D029424,"Pulmonary Disease, Chronic Obstructive",PRIMARY,Direct disease,GBMI,GBMI::COPD,Chronic obstructive pulmonary disease,COPD,GRCh38,COPD,"AFR,AMR,EAS,EUR","AFR,AMR,EAS",map_c342a950924fe3b4,The GBMI endpoint is an exact or clinically equivalent disease endpoint.,Locked as the single primary representation of this indication.,"Pulmonary Disease, Chronic Obstructive",Phase III,,True,['European'],['European'],['European'],3,3,1,1,1,1,True,"Pulmonary Disease, Chronic Obstructive","Pulmonary Disease, Chronic Obstructive",20,20,3,17,Direct disease,direct_disease,True,REVIEW,,
pt_3dff83cc031bb432,PDE3A-D029424,PDE3A,B,D029424,"Pulmonary Disease, Chronic Obstructive",SENSITIVITY,Closely related phenotype,Pan-UKB,Pan-UKB::continuous|3063|both_sexes||irnt,Forced expiratory volume in 1-second (FEV1),continuous|3063|both_sexes||irnt,GRCh37,fev1,"AFR,CSA,EUR,MID","AFR,CSA,MID",map_3b5ef0a073ff5fa0,Spirometry measures airflow limitation central to COPD but is not the disease endpoint.,Retained only for prespecified sensitivity analysis.,"Pulmonary Disease, Chronic Obstructive",Phase III,,True,['European'],['European'],['European'],3,3,1,1,1,1,True,"Pulmonary Disease, Chronic Obstructive","Pulmonary Disease, Chronic Obstructive",20,20,3,17,Closely related phenotype,pulmonary,True,REVIEW,,
pt_462220f1ac3747ee,PDE3A-D029424,PDE3A,B,D029424,"Pulmonary Disease, Chronic Obstructive",SENSITIVITY,Closely related phenotype,Pan-UKB,Pan-UKB::continuous|3062|both_sexes||irnt,Forced vital capacity (FVC),continuous|3062|both_sexes||irnt,GRCh37,fvc,"AFR,CSA,EUR,MID","AFR,CSA,MID",map_16d098169734a13c,Spirometry measures airflow limitation central to COPD but is not the disease endpoint.,Retained only for prespecified sensitivity analysis.,"Pulmonary Disease, Chronic Obstructive",Phase III,,True,['European'],['European'],['European'],3,3,1,1,1,1,True,"Pulmonary Disease, Chronic Obstructive","Pulmonary Disease, Chronic Obstructive",20,20,3,17,Closely related phenotype,pulmonary,True,REVIEW,,
pt_457c89f1dc7ffbeb,PDE4A-D015228,PDE4A,B,D015228,Hypertriglyceridemia,PRIMARY,Direct quantitative readout,Pan-UKB,Pan-UKB::biomarkers|30870|both_sexes||irnt,Triglycerides,biomarkers|30870|both_sexes||irnt,GRCh37,triglycerides,"AFR,CSA,EUR,MID","AFR,CSA,MID",map_e34c5f2ec9867915,Triglyceride concentration directly represents hypertriglyceridemia.,Locked as the single primary representation of this indication.,Hypertriglyceridemia,Phase II,,True,['European'],[],['European'],1,1,0,1,0,1,False,Hypertriglyceridemia,Hypertriglyceridemia,14,14,3,11,Direct quantitative readout,lipids,True,REVIEW,,
pt_80461b80b7e24ce2,PDE4B-D001249,PDE4B,B,D001249,Asthma,PRIMARY,Direct disease,GBMI,GBMI::Asthma,Asthma,Asthma,GRCh38,Asthma,"AFR,AMR,CSA,EAS,EUR","AFR,AMR,CSA,EAS",map_142944bd2f968395,The GBMI endpoint is an exact or clinically equivalent disease endpoint.,Locked as the single primary representation of this indication.,Asthma,Phase II,,True,['European'],[],['European'],3,3,0,1,0,1,False,Asthma,Asthma,29,29,4,25,Direct disease,direct_disease,True,REVIEW,,
pt_87be58c27310abe4,PDE4B-D001249,PDE4B,B,D001249,Asthma,SENSITIVITY,Proxy biomarker,Pan-UKB,Pan-UKB::continuous|30150|both_sexes||irnt,Eosinophill count,continuous|30150|both_sexes||irnt,GRCh37,eosinophil_count,"CSA,EUR",CSA,map_cb8244ded7498122,"Eosinophils and spirometry measure allergic inflammation or airway physiology, not asthma diagnosis itself.",Retained only for prespecified sensitivity analysis.,Asthma,Phase II,,True,['European'],[],['European'],3,3,0,1,0,1,False,Asthma,Asthma,29,29,4,25,Proxy biomarker,hematology_allergy,True,REVIEW,,
pt_34df36ff375258c0,PDE4B-D001249,PDE4B,B,D001249,Asthma,SENSITIVITY,Proxy biomarker,Pan-UKB,Pan-UKB::continuous|3063|both_sexes||irnt,Forced expiratory volume in 1-second (FEV1),continuous|3063|both_sexes||irnt,GRCh37,fev1,"AFR,CSA,EUR,MID","AFR,CSA,MID",map_59356df4843aaef1,"Eosinophils and spirometry measure allergic inflammation or airway physiology, not asthma diagnosis itself.",Retained only for prespecified sensitivity analysis.,Asthma,Phase II,,True,['European'],[],['European'],3,3,0,1,0,1,False,Asthma,Asthma,29,29,4,25,Proxy biomarker,pulmonary,True,REVIEW,,
pt_aca65975d70ca175,PDE4B-D001249,PDE4B,B,D001249,Asthma,SENSITIVITY,Proxy biomarker,Pan-UKB,Pan-UKB::continuous|3062|both_sexes||irnt,Forced vital capacity (FVC),continuous|3062|both_sexes||irnt,GRCh37,fvc,"AFR,CSA,EUR,MID","AFR,CSA,MID",map_8f3487c5d3ef8b41,"Eosinophils and spirometry measure allergic inflammation or airway physiology, not asthma diagnosis itself.",Retained only for prespecified sensitivity analysis.,Asthma,Phase II,,True,['European'],[],['European'],3,3,0,1,0,1,False,Asthma,Asthma,29,29,4,25,Proxy biomarker,pulmonary,True,REVIEW,,
pt_0d6dabebf770ecbf,PDE4B-D015228,PDE4B,B,D015228,Hypertriglyceridemia,PRIMARY,Direct quantitative readout,Pan-UKB,Pan-UKB::biomarkers|30870|both_sexes||irnt,Triglycerides,biomarkers|30870|both_sexes||irnt,GRCh37,triglycerides,"AFR,CSA,EUR,MID","AFR,CSA,MID",map_e34c5f2ec9867915,Triglyceride concentration directly represents hypertriglyceridemia.,Locked as the single primary representation of this indication.,Hypertriglyceridemia,Phase II,,True,['African' 'European' 'South Asian'],[],['African' 'European' 'South Asian'],4,4,0,3,0,3,False,Hypertriglyceridemia,Hypertriglyceridemia,14,14,3,11,Direct quantitative readout,lipids,True,REVIEW,,
pt_d5cde6585f2ee9eb,PDE4B-D029424,PDE4B,B,D029424,"Pulmonary Disease, Chronic Obstructive",PRIMARY,Direct disease,GBMI,GBMI::COPD,Chronic obstructive pulmonary disease,COPD,GRCh38,COPD,"AFR,AMR,EAS,EUR","AFR,AMR,EAS",map_c342a950924fe3b4,The GBMI endpoint is an exact or clinically equivalent disease endpoint.,Locked as the single primary representation of this indication.,"Pulmonary Disease, Chronic Obstructive",Phase III,,True,['European'],[],['European'],3,3,0,1,0,1,False,"Pulmonary Disease, Chronic Obstructive","Pulmonary Disease, Chronic Obstructive",20,20,3,17,Direct disease,direct_disease,True,REVIEW,,
pt_603b6207010d8b27,PDE4B-D029424,PDE4B,B,D029424,"Pulmonary Disease, Chronic Obstructive",SENSITIVITY,Closely related phenotype,Pan-UKB,Pan-UKB::continuous|3063|both_sexes||irnt,Forced expiratory volume in 1-second (FEV1),continuous|3063|both_sexes||irnt,GRCh37,fev1,"AFR,CSA,EUR,MID","AFR,CSA,MID",map_3b5ef0a073ff5fa0,Spirometry measures airflow limitation central to COPD but is not the disease endpoint.,Retained only for prespecified sensitivity analysis.,"Pulmonary Disease, Chronic Obstructive",Phase III,,True,['European'],[],['European'],3,3,0,1,0,1,False,"Pulmonary Disease, Chronic Obstructive","Pulmonary Disease, Chronic Obstructive",20,20,3,17,Closely related phenotype,pulmonary,True,REVIEW,,
pt_4234a4a0ff6d0c24,PDE4B-D029424,PDE4B,B,D029424,"Pulmonary Disease, Chronic Obstructive",SENSITIVITY,Closely related phenotype,Pan-UKB,Pan-UKB::continuous|3062|both_sexes||irnt,Forced vital capacity (FVC),continuous|3062|both_sexes||irnt,GRCh37,fvc,"AFR,CSA,EUR,MID","AFR,CSA,MID",map_16d098169734a13c,Spirometry measures airflow limitation central to COPD but is not the disease endpoint.,Retained only for prespecified sensitivity analysis.,"Pulmonary Disease, Chronic Obstructive",Phase III,,True,['European'],[],['European'],3,3,0,1,0,1,False,"Pulmonary Disease, Chronic Obstructive","Pulmonary Disease, Chronic Obstructive",20,20,3,17,Closely related phenotype,pulmonary,True,REVIEW,,
pt_6f7e94029cabde17,PDE4C-D015228,PDE4C,B,D015228,Hypertriglyceridemia,PRIMARY,Direct quantitative readout,Pan-UKB,Pan-UKB::biomarkers|30870|both_sexes||irnt,Triglycerides,biomarkers|30870|both_sexes||irnt,GRCh37,triglycerides,"AFR,CSA,EUR,MID","AFR,CSA,MID",map_e34c5f2ec9867915,Triglyceride concentration directly represents hypertriglyceridemia.,Locked as the single primary representation of this indication.,Hypertriglyceridemia,Phase II,,True,['African' 'East Asian' 'European' 'South Asian'],[],['African' 'East Asian' 'European' 'South Asian'],5,5,0,4,0,4,False,Hypertriglyceridemia,Hypertriglyceridemia,14,14,3,11,Direct quantitative readout,lipids,True,REVIEW,,
pt_da0901a962aa6f65,PDE4D-D001249,PDE4D,B,D001249,Asthma,PRIMARY,Direct disease,GBMI,GBMI::Asthma,Asthma,Asthma,GRCh38,Asthma,"AFR,AMR,CSA,EAS,EUR","AFR,AMR,CSA,EAS",map_142944bd2f968395,The GBMI endpoint is an exact or clinically equivalent disease endpoint.,Locked as the single primary representation of this indication.,Asthma,Phase II,,True,['European'],['African' 'European' 'Hispanic/Latin American'],['African' 'European' 'Hispanic/Latin American'],2,2,2,1,3,3,True,Asthma,Asthma,29,29,4,25,Direct disease,direct_disease,True,REVIEW,,
pt_58f9bada6dec561f,PDE4D-D001249,PDE4D,B,D001249,Asthma,SENSITIVITY,Proxy biomarker,Pan-UKB,Pan-UKB::continuous|30150|both_sexes||irnt,Eosinophill count,continuous|30150|both_sexes||irnt,GRCh37,eosinophil_count,"CSA,EUR",CSA,map_cb8244ded7498122,"Eosinophils and spirometry measure allergic inflammation or airway physiology, not asthma diagnosis itself.",Retained only for prespecified sensitivity analysis.,Asthma,Phase II,,True,['European'],['African' 'European' 'Hispanic/Latin American'],['African' 'European' 'Hispanic/Latin American'],2,2,2,1,3,3,True,Asthma,Asthma,29,29,4,25,Proxy biomarker,hematology_allergy,True,REVIEW,,
pt_926e9c72ccbd6537,PDE4D-D001249,PDE4D,B,D001249,Asthma,SENSITIVITY,Proxy biomarker,Pan-UKB,Pan-UKB::continuous|3063|both_sexes||irnt,Forced expiratory volume in 1-second (FEV1),continuous|3063|both_sexes||irnt,GRCh37,fev1,"AFR,CSA,EUR,MID","AFR,CSA,MID",map_59356df4843aaef1,"Eosinophils and spirometry measure allergic inflammation or airway physiology, not asthma diagnosis itself.",Retained only for prespecified sensitivity analysis.,Asthma,Phase II,,True,['European'],['African' 'European' 'Hispanic/Latin American'],['African' 'European' 'Hispanic/Latin American'],2,2,2,1,3,3,True,Asthma,Asthma,29,29,4,25,Proxy biomarker,pulmonary,True,REVIEW,,
pt_a0b6f7723aa36e9f,PDE4D-D001249,PDE4D,B,D001249,Asthma,SENSITIVITY,Proxy biomarker,Pan-UKB,Pan-UKB::continuous|3062|both_sexes||irnt,Forced vital capacity (FVC),continuous|3062|both_sexes||irnt,GRCh37,fvc,"AFR,CSA,EUR,MID","AFR,CSA,MID",map_8f3487c5d3ef8b41,"Eosinophils and spirometry measure allergic inflammation or airway physiology, not asthma diagnosis itself.",Retained only for prespecified sensitivity analysis.,Asthma,Phase II,,True,['European'],['African' 'European' 'Hispanic/Latin American'],['African' 'European' 'Hispanic/Latin American'],2,2,2,1,3,3,True,Asthma,Asthma,29,29,4,25,Proxy biomarker,pulmonary,True,REVIEW,,
pt_94d1ff5c41d2c8f8,PDE4D-D029424,PDE4D,B,D029424,"Pulmonary Disease, Chronic Obstructive",PRIMARY,Direct disease,GBMI,GBMI::COPD,Chronic obstructive pulmonary disease,COPD,GRCh38,COPD,"AFR,AMR,EAS,EUR","AFR,AMR,EAS",map_c342a950924fe3b4,The GBMI endpoint is an exact or clinically equivalent disease endpoint.,Locked as the single primary representation of this indication.,"Pulmonary Disease, Chronic Obstructive",Phase III,,True,['European'],['African' 'European' 'Hispanic/Latin American'],['African' 'European' 'Hispanic/Latin American'],2,2,2,1,3,3,True,"Pulmonary Disease, Chronic Obstructive","Pulmonary Disease, Chronic Obstructive",20,20,3,17,Direct disease,direct_disease,True,REVIEW,,
pt_d9f90925b84ba5d0,PDE4D-D029424,PDE4D,B,D029424,"Pulmonary Disease, Chronic Obstructive",SENSITIVITY,Closely related phenotype,Pan-UKB,Pan-UKB::continuous|3063|both_sexes||irnt,Forced expiratory volume in 1-second (FEV1),continuous|3063|both_sexes||irnt,GRCh37,fev1,"AFR,CSA,EUR,MID","AFR,CSA,MID",map_3b5ef0a073ff5fa0,Spirometry measures airflow limitation central to COPD but is not the disease endpoint.,Retained only for prespecified sensitivity analysis.,"Pulmonary Disease, Chronic Obstructive",Phase III,,True,['European'],['African' 'European' 'Hispanic/Latin American'],['African' 'European' 'Hispanic/Latin American'],2,2,2,1,3,3,True,"Pulmonary Disease, Chronic Obstructive","Pulmonary Disease, Chronic Obstructive",20,20,3,17,Closely related phenotype,pulmonary,True,REVIEW,,
pt_b30661de647e02d0,PDE4D-D029424,PDE4D,B,D029424,"Pulmonary Disease, Chronic Obstructive",SENSITIVITY,Closely related phenotype,Pan-UKB,Pan-UKB::continuous|3062|both_sexes||irnt,Forced vital capacity (FVC),continuous|3062|both_sexes||irnt,GRCh37,fvc,"AFR,CSA,EUR,MID","AFR,CSA,MID",map_16d098169734a13c,Spirometry measures airflow limitation central to COPD but is not the disease endpoint.,Retained only for prespecified sensitivity analysis.,"Pulmonary Disease, Chronic Obstructive",Phase III,,True,['European'],['African' 'European' 'Hispanic/Latin American'],['African' 'European' 'Hispanic/Latin American'],2,2,2,1,3,3,True,"Pulmonary Disease, Chronic Obstructive","Pulmonary Disease, Chronic Obstructive",20,20,3,17,Closely related phenotype,pulmonary,True,REVIEW,,
pt_87abf99b2ff3f2b7,PDE4D-D065631,PDE4D,B,D065631,"Rhinitis, Allergic",SENSITIVITY,Proxy biomarker,Pan-UKB,Pan-UKB::continuous|30150|both_sexes||irnt,Eosinophill count,continuous|30150|both_sexes||irnt,GRCh37,eosinophil_count,"CSA,EUR",CSA,map_fef4e0642fc76154,Eosinophil count is an allergic-inflammatory biomarker rather than the disease endpoint.,Retained only for prespecified sensitivity analysis.,"Rhinitis, Allergic",Phase II,,True,['European'],['African' 'European' 'Hispanic/Latin American'],['African' 'European' 'Hispanic/Latin American'],2,2,2,1,3,3,True,"Rhinitis, Allergic","Rhinitis, Allergic",9,9,1,8,Proxy biomarker,hematology_allergy,True,REVIEW,,
pt_513ec70752c91454,PDE5A-D006973,PDE5A,B,D006973,Hypertension,SENSITIVITY,Direct quantitative readout,Pan-UKB,Pan-UKB::continuous|4079|both_sexes||irnt,"Diastolic blood pressure, automated reading",continuous|4079|both_sexes||irnt,GRCh37,diastolic_blood_pressure,"CSA,EUR",CSA,map_a10198eb08d8bca6,Blood pressure is the defining quantitative phenotype.,Retained only for prespecified sensitivity analysis.,Hypertension,Phase II,,True,"['African' 'East Asian' 'European' 'Hispanic/Latin American' 'NR' 'Other'
 'South Asian']",['European'],"['African' 'East Asian' 'European' 'Hispanic/Latin American' 'NR' 'Other'
 'South Asian']",7,7,1,6,1,6,True,Hypertension,Hypertension,19,19,8,11,Direct quantitative readout,blood_pressure,True,REVIEW,,
pt_a614e21a3e71d41d,PDE5A-D006973,PDE5A,B,D006973,Hypertension,PRIMARY,Direct quantitative readout,Pan-UKB,Pan-UKB::continuous|4080|both_sexes||irnt,"Systolic blood pressure, automated reading",continuous|4080|both_sexes||irnt,GRCh37,systolic_blood_pressure,"CSA,EAS,EUR","CSA,EAS",map_51438025f9ca1f25,Blood pressure is the defining quantitative phenotype.,Locked as the single primary representation of this indication.,Hypertension,Phase II,,True,"['African' 'East Asian' 'European' 'Hispanic/Latin American' 'NR' 'Other'
 'South Asian']",['European'],"['African' 'East Asian' 'European' 'Hispanic/Latin American' 'NR' 'Other'
 'South Asian']",7,7,1,6,1,6,True,Hypertension,Hypertension,19,19,8,11,Direct quantitative readout,blood_pressure,True,REVIEW,,
pt_b7fa642b45532a18,PIK3CA-D013922,PIK3CA,B,D013922,Thrombocytosis,PRIMARY,Direct quantitative readout,Pan-UKB,Pan-UKB::continuous|30080|both_sexes||irnt,Platelet count,continuous|30080|both_sexes||irnt,GRCh37,platelet_count,"AFR,CSA,EAS,EUR","AFR,CSA,EAS",map_0d3ac6c3d9993bb6,Platelet count directly represents the indication.,Locked as the single primary representation of this indication.,Thrombocytosis,Phase I,,True,['European'],[],['European'],3,3,0,1,0,1,False,Thrombocytosis,Thrombocytosis,10,10,2,8,Direct quantitative readout,hematology,True,REVIEW,,
pt_6353175318cb329e,PIK3CB-D013922,PIK3CB,B,D013922,Thrombocytosis,PRIMARY,Direct quantitative readout,Pan-UKB,Pan-UKB::continuous|30080|both_sexes||irnt,Platelet count,continuous|30080|both_sexes||irnt,GRCh37,platelet_count,"AFR,CSA,EAS,EUR","AFR,CSA,EAS",map_0d3ac6c3d9993bb6,Platelet count directly represents the indication.,Locked as the single primary representation of this indication.,Thrombocytosis,Phase I,,True,['African' 'East Asian' 'European' 'Hispanic/Latin American' 'South Asian'],[],['African' 'East Asian' 'European' 'Hispanic/Latin American' 'South Asian'],9,9,0,5,0,5,False,Thrombocytosis,Thrombocytosis,10,10,2,8,Direct quantitative readout,hematology,True,REVIEW,,
pt_c9e1eacf970a5805,PIK3CD-D013922,PIK3CD,B,D013922,Thrombocytosis,PRIMARY,Direct quantitative readout,Pan-UKB,Pan-UKB::continuous|30080|both_sexes||irnt,Platelet count,continuous|30080|both_sexes||irnt,GRCh37,platelet_count,"AFR,CSA,EAS,EUR","AFR,CSA,EAS",map_0d3ac6c3d9993bb6,Platelet count directly represents the indication.,Locked as the single primary representation of this indication.,Thrombocytosis,Phase I,,True,['European'],[],['European'],1,1,0,1,0,1,False,Thrombocytosis,Thrombocytosis,10,10,2,8,Direct quantitative readout,hematology,True,REVIEW,,
pt_3ebf1eb1a967b6b1,PIK3CG-D013922,PIK3CG,B,D013922,Thrombocytosis,PRIMARY,Direct quantitative readout,Pan-UKB,Pan-UKB::continuous|30080|both_sexes||irnt,Platelet count,continuous|30080|both_sexes||irnt,GRCh37,platelet_count,"AFR,CSA,EAS,EUR","AFR,CSA,EAS",map_0d3ac6c3d9993bb6,Platelet count directly represents the indication.,Locked as the single primary representation of this indication.,Thrombocytosis,Phase I,,True,"['African' 'East Asian' 'European' 'Hispanic/Latin American' 'NR'
 'Native American' 'Other Asian' 'South Asian']",['European'],"['African' 'East Asian' 'European' 'Hispanic/Latin American' 'NR'
 'Native American' 'Other Asian' 'South Asian']",15,15,1,7,1,7,True,Thrombocytosis,Thrombocytosis,10,10,2,8,Direct quantitative readout,hematology,True,REVIEW,,
pt_3e44fefba707a2ca,PKLR-D000740,PKLR,B,D000740,Anemia,SENSITIVITY,Direct quantitative readout,Pan-UKB,Pan-UKB::continuous|30030|both_sexes||irnt,Haematocrit percentage,continuous|30030|both_sexes||irnt,GRCh37,haematocrit,"CSA,EUR",CSA,map_97b816746f065ca0,Standard red-cell measures characterize anemia and major subtypes.,Retained only for prespecified sensitivity analysis.,Anemia,Phase I,,True,['European'],[],['European'],4,4,0,1,0,1,False,Anemia,Anemia,11,11,4,7,Direct quantitative readout,hematology,True,REVIEW,,
pt_107c16a292770d35,PKLR-D000740,PKLR,B,D000740,Anemia,PRIMARY,Direct quantitative readout,Pan-UKB,Pan-UKB::continuous|30020|both_sexes||irnt,Haemoglobin concentration,continuous|30020|both_sexes||irnt,GRCh37,haemoglobin,"CSA,EUR",CSA,map_e6f7fc7e1a195345,Standard red-cell measures characterize anemia and major subtypes.,Locked as the single primary representation of this indication.,Anemia,Phase I,,True,['European'],[],['European'],4,4,0,1,0,1,False,Anemia,Anemia,11,11,4,7,Direct quantitative readout,hematology,True,REVIEW,,
pt_28894ed980f4169e,PKLR-D000740,PKLR,B,D000740,Anemia,SENSITIVITY,Direct quantitative readout,Pan-UKB,Pan-UKB::continuous|30040|both_sexes||irnt,Mean corpuscular volume,continuous|30040|both_sexes||irnt,GRCh37,mean_corpuscular_volume,"CSA,EUR",CSA,map_69f44c24155f039a,Standard red-cell measures characterize anemia and major subtypes.,Retained only for prespecified sensitivity analysis.,Anemia,Phase I,,True,['European'],[],['European'],4,4,0,1,0,1,False,Anemia,Anemia,11,11,4,7,Direct quantitative readout,hematology,True,REVIEW,,
pt_f80c47f883dbd751,PNPLA3-D065626,PNPLA3,B,D065626,Non-alcoholic Fatty Liver Disease,PRIMARY,Proxy biomarker,Pan-UKB,Pan-UKB::biomarkers|30620|both_sexes||irnt,Alanine aminotransferase,biomarkers|30620|both_sexes||irnt,GRCh37,alanine_aminotransferase,"AFR,CSA,EUR","AFR,CSA",map_3f38f5939ec50566,Liver enzymes and albumin measure hepatic injury or function rather than a specific liver diagnosis.,Locked as the single primary representation of this indication.,Non-alcoholic Fatty Liver Disease,Phase I,,True,['African' 'East Asian' 'European' 'Hispanic/Latin American' 'NR'],['East Asian' 'European'],['African' 'East Asian' 'European' 'Hispanic/Latin American' 'NR'],13,13,4,4,2,4,True,Non-alcoholic Fatty Liver Disease,Non-alcoholic Fatty Liver Disease,1,1,0,1,Proxy biomarker,hepatic,True,REVIEW,,
pt_6a3b3a037511f7f3,PNPLA3-D065626,PNPLA3,B,D065626,Non-alcoholic Fatty Liver Disease,SENSITIVITY,Proxy biomarker,Pan-UKB,Pan-UKB::biomarkers|30730|both_sexes||irnt,Gamma glutamyltransferase,biomarkers|30730|both_sexes||irnt,GRCh37,gamma_glutamyltransferase,"CSA,EAS,EUR","CSA,EAS",map_685d9805d9aa2d85,Liver enzymes and albumin measure hepatic injury or function rather than a specific liver diagnosis.,Retained only for prespecified sensitivity analysis.,Non-alcoholic Fatty Liver Disease,Phase I,,True,['African' 'East Asian' 'European' 'Hispanic/Latin American' 'NR'],['East Asian' 'European'],['African' 'East Asian' 'European' 'Hispanic/Latin American' 'NR'],13,13,4,4,2,4,True,Non-alcoholic Fatty Liver Disease,Non-alcoholic Fatty Liver Disease,1,1,0,1,Proxy biomarker,hepatic,True,REVIEW,,
pt_6b794b9c468db916,PPARA-D006937,PPARA,A,D006937,Hypercholesterolemia,SENSITIVITY,Direct quantitative readout,Pan-UKB,Pan-UKB::biomarkers|30640|both_sexes||irnt,Apolipoprotein B,biomarkers|30640|both_sexes||irnt,GRCh37,apolipoprotein_b,"CSA,EUR",CSA,map_505723e622d14ef9,Circulating lipid measure directly represents the indication construct.,Retained only for prespecified sensitivity analysis.,Hypercholesterolemia,Launched,,True,['European'],['European'],['European'],3,3,1,1,1,1,True,Hypercholesterolemia,Hypercholesterolemia,14,14,3,11,Direct quantitative readout,lipids,True,REVIEW,,
pt_30dd559d6b2ff02a,PPARA-D006937,PPARA,A,D006937,Hypercholesterolemia,SENSITIVITY,Direct quantitative readout,Pan-UKB,Pan-UKB::biomarkers|30690|both_sexes||irnt,Cholesterol,biomarkers|30690|both_sexes||irnt,GRCh37,total_cholesterol,"CSA,EUR",CSA,map_53025b2483451588,Circulating lipid measure directly represents the indication construct.,Retained only for prespecified sensitivity analysis.,Hypercholesterolemia,Launched,,True,['European'],['European'],['European'],3,3,1,1,1,1,True,Hypercholesterolemia,Hypercholesterolemia,14,14,3,11,Direct quantitative readout,lipids,True,REVIEW,,
pt_af16a8e624ca2dad,PPARA-D006937,PPARA,A,D006937,Hypercholesterolemia,PRIMARY,Direct quantitative readout,Pan-UKB,Pan-UKB::biomarkers|30780|both_sexes||irnt,LDL direct,biomarkers|30780|both_sexes||irnt,GRCh37,ldl_cholesterol,"CSA,EUR",CSA,map_50cd2496568d9c63,Circulating lipid measure directly represents the indication construct.,Locked as the single primary representation of this indication.,Hypercholesterolemia,Launched,,True,['European'],['European'],['European'],3,3,1,1,1,1,True,Hypercholesterolemia,Hypercholesterolemia,14,14,3,11,Direct quantitative readout,lipids,True,REVIEW,,
pt_593f6b8b8b5186f0,PPARA-D006938,PPARA,B,D006938,Hyperlipoproteinemia Type II,SENSITIVITY,Direct quantitative readout,Pan-UKB,Pan-UKB::biomarkers|30640|both_sexes||irnt,Apolipoprotein B,biomarkers|30640|both_sexes||irnt,GRCh37,apolipoprotein_b,"CSA,EUR",CSA,map_cfd704321ca3eaef,Circulating lipid measure directly represents the indication construct.,Retained only for prespecified sensitivity analysis.,Hyperlipoproteinemia Type II,Phase II,,True,['European'],['European'],['European'],3,3,1,1,1,1,True,Hyperlipoproteinemia Type II,Hyperlipoproteinemia Type II,8,8,3,5,Direct quantitative readout,lipids,True,REVIEW,,
pt_4e4a4a6031c43812,PPARA-D006938,PPARA,B,D006938,Hyperlipoproteinemia Type II,SENSITIVITY,Direct quantitative readout,Pan-UKB,Pan-UKB::biomarkers|30690|both_sexes||irnt,Cholesterol,biomarkers|30690|both_sexes||irnt,GRCh37,total_cholesterol,"CSA,EUR",CSA,map_20c7523ee78dfeaf,Circulating lipid measure directly represents the indication construct.,Retained only for prespecified sensitivity analysis.,Hyperlipoproteinemia Type II,Phase II,,True,['European'],['European'],['European'],3,3,1,1,1,1,True,Hyperlipoproteinemia Type II,Hyperlipoproteinemia Type II,8,8,3,5,Direct quantitative readout,lipids,True,REVIEW,,
pt_bc91123fb6df84b9,PPARA-D006938,PPARA,B,D006938,Hyperlipoproteinemia Type II,PRIMARY,Direct quantitative readout,Pan-UKB,Pan-UKB::biomarkers|30780|both_sexes||irnt,LDL direct,biomarkers|30780|both_sexes||irnt,GRCh37,ldl_cholesterol,"CSA,EUR",CSA,map_e773da18247036fb,Circulating lipid measure directly represents the indication construct.,Locked as the single primary representation of this indication.,Hyperlipoproteinemia Type II,Phase II,,True,['European'],['European'],['European'],3,3,1,1,1,1,True,Hyperlipoproteinemia Type II,Hyperlipoproteinemia Type II,8,8,3,5,Direct quantitative readout,lipids,True,REVIEW,,
pt_b6bea03b152677f2,PPARA-D006949,PPARA,A,D006949,Hyperlipidemias,SENSITIVITY,Direct quantitative readout,Pan-UKB,Pan-UKB::biomarkers|30640|both_sexes||irnt,Apolipoprotein B,biomarkers|30640|both_sexes||irnt,GRCh37,apolipoprotein_b,"CSA,EUR",CSA,map_431e4b5a762bae69,Circulating lipid measure directly represents the indication construct.,Retained only for prespecified sensitivity analysis.,Hyperlipidemias,Launched,2008.0,True,['European'],['European'],['European'],3,3,1,1,1,1,True,Hyperlipidemias,Hyperlipidemias,22,22,4,18,Direct quantitative readout,lipids,True,REVIEW,,
pt_45ba0d4f2d456e39,PPARA-D006949,PPARA,A,D006949,Hyperlipidemias,SENSITIVITY,Direct quantitative readout,Pan-UKB,Pan-UKB::biomarkers|30690|both_sexes||irnt,Cholesterol,biomarkers|30690|both_sexes||irnt,GRCh37,total_cholesterol,"CSA,EUR",CSA,map_c7d4a03a9508b750,Circulating lipid measure directly represents the indication construct.,Retained only for prespecified sensitivity analysis.,Hyperlipidemias,Launched,2008.0,True,['European'],['European'],['European'],3,3,1,1,1,1,True,Hyperlipidemias,Hyperlipidemias,22,22,4,18,Direct quantitative readout,lipids,True,REVIEW,,
pt_1dd72c7990ce21cc,PPARA-D006949,PPARA,A,D006949,Hyperlipidemias,PRIMARY,Direct quantitative readout,Pan-UKB,Pan-UKB::biomarkers|30780|both_sexes||irnt,LDL direct,biomarkers|30780|both_sexes||irnt,GRCh37,ldl_cholesterol,"CSA,EUR",CSA,map_8442195d65e17d61,Circulating lipid measure directly represents the indication construct.,Locked as the single primary representation of this indication.,Hyperlipidemias,Launched,2008.0,True,['European'],['European'],['European'],3,3,1,1,1,1,True,Hyperlipidemias,Hyperlipidemias,22,22,4,18,Direct quantitative readout,lipids,True,REVIEW,,
pt_8fcd1e249aab04ed,PPARA-D009765,PPARA,A,D009765,Obesity,PRIMARY,Direct quantitative readout,Pan-UKB,Pan-UKB::continuous|21001|both_sexes||irnt,Body mass index (BMI),continuous|21001|both_sexes||irnt,GRCh37,body_mass_index,"AFR,CSA,EUR,MID","AFR,CSA,MID",map_0b18d3fa6d5f91c0,BMI and waist circumference directly measure adiposity.,Locked as the single primary representation of this indication.,Obesity,Launched,,True,['East Asian' 'European'],[],['East Asian' 'European'],8,8,0,2,0,2,False,Obesity,Obesity,31,31,4,27,Direct quantitative readout,anthropometry,True,REVIEW,,
pt_4752715c702c7153,PPARA-D009765,PPARA,A,D009765,Obesity,SENSITIVITY,Direct quantitative readout,Pan-UKB,Pan-UKB::continuous|48|both_sexes||irnt,Waist circumference,continuous|48|both_sexes||irnt,GRCh37,waist_circumference,"AFR,CSA,EUR,MID","AFR,CSA,MID",map_89b2b7c6b871d268,BMI and waist circumference directly measure adiposity.,Retained only for prespecified sensitivity analysis.,Obesity,Launched,,True,['East Asian' 'European'],[],['East Asian' 'European'],8,8,0,2,0,2,False,Obesity,Obesity,31,31,4,27,Direct quantitative readout,anthropometry,True,REVIEW,,
pt_b418d93a09550a18,PPARA-D015228,PPARA,A,D015228,Hypertriglyceridemia,PRIMARY,Direct quantitative readout,Pan-UKB,Pan-UKB::biomarkers|30870|both_sexes||irnt,Triglycerides,biomarkers|30870|both_sexes||irnt,GRCh37,triglycerides,"AFR,CSA,EUR,MID","AFR,CSA,MID",map_e34c5f2ec9867915,Triglyceride concentration directly represents hypertriglyceridemia.,Locked as the single primary representation of this indication.,Hypertriglyceridemia,Launched,,True,['European'],['European'],['European'],3,3,1,1,1,1,True,Hypertriglyceridemia,Hypertriglyceridemia,14,14,3,11,Direct quantitative readout,lipids,True,REVIEW,,
pt_15bf3485ebdde08e,PPARA-D050171,PPARA,A,D050171,Dyslipidemias,SENSITIVITY,Direct quantitative readout,Pan-UKB,Pan-UKB::biomarkers|30640|both_sexes||irnt,Apolipoprotein B,biomarkers|30640|both_sexes||irnt,GRCh37,apolipoprotein_b,"CSA,EUR",CSA,map_6d9fe13af554c236,Circulating lipid measure directly represents the indication construct.,Retained only for prespecified sensitivity analysis.,Dyslipidemias,Launched,,True,['European'],['European'],['European'],3,3,1,1,1,1,True,Dyslipidemias,Dyslipidemias,5,5,3,2,Direct quantitative readout,lipids,True,REVIEW,,
pt_72ed679c0a95227c,PPARA-D050171,PPARA,A,D050171,Dyslipidemias,SENSITIVITY,Direct quantitative readout,Pan-UKB,Pan-UKB::biomarkers|30690|both_sexes||irnt,Cholesterol,biomarkers|30690|both_sexes||irnt,GRCh37,total_cholesterol,"CSA,EUR",CSA,map_a36004652f6c76ab,Circulating lipid measure directly represents the indication construct.,Retained only for prespecified sensitivity analysis.,Dyslipidemias,Launched,,True,['European'],['European'],['European'],3,3,1,1,1,1,True,Dyslipidemias,Dyslipidemias,5,5,3,2,Direct quantitative readout,lipids,True,REVIEW,,
pt_ebe4fc82b2a55ca4,PPARA-D050171,PPARA,A,D050171,Dyslipidemias,PRIMARY,Direct quantitative readout,Pan-UKB,Pan-UKB::biomarkers|30780|both_sexes||irnt,LDL direct,biomarkers|30780|both_sexes||irnt,GRCh37,ldl_cholesterol,"CSA,EUR",CSA,map_32cf8d557f57383c,Circulating lipid measure directly represents the indication construct.,Locked as the single primary representation of this indication.,Dyslipidemias,Launched,,True,['European'],['European'],['European'],3,3,1,1,1,1,True,Dyslipidemias,Dyslipidemias,5,5,3,2,Direct quantitative readout,lipids,True,REVIEW,,
pt_4f665ece7bea30e9,PPARD-D009765,PPARD,B,D009765,Obesity,PRIMARY,Direct quantitative readout,Pan-UKB,Pan-UKB::continuous|21001|both_sexes||irnt,Body mass index (BMI),continuous|21001|both_sexes||irnt,GRCh37,body_mass_index,"AFR,CSA,EUR,MID","AFR,CSA,MID",map_0b18d3fa6d5f91c0,BMI and waist circumference directly measure adiposity.,Locked as the single primary representation of this indication.,Obesity,Phase I,,True,['European'],[],['European'],3,3,0,1,0,1,False,Obesity,Obesity,31,31,4,27,Direct quantitative readout,anthropometry,True,REVIEW,,
pt_0dbb22d61a45413a,PPARD-D009765,PPARD,B,D009765,Obesity,SENSITIVITY,Direct quantitative readout,Pan-UKB,Pan-UKB::continuous|48|both_sexes||irnt,Waist circumference,continuous|48|both_sexes||irnt,GRCh37,waist_circumference,"AFR,CSA,EUR,MID","AFR,CSA,MID",map_89b2b7c6b871d268,BMI and waist circumference directly measure adiposity.,Retained only for prespecified sensitivity analysis.,Obesity,Phase I,,True,['European'],[],['European'],3,3,0,1,0,1,False,Obesity,Obesity,31,31,4,27,Direct quantitative readout,anthropometry,True,REVIEW,,
pt_130ebac662364a10,PPARG-D003924,PPARG,A,D003924,"Diabetes Mellitus, Type 2",PRIMARY,Direct quantitative readout,Pan-UKB,Pan-UKB::biomarkers|30750|both_sexes||irnt,Glycated haemoglobin (HbA1c),biomarkers|30750|both_sexes||irnt,GRCh37,hba1c,"CSA,EUR,MID","CSA,MID",map_ae8d9a8f89a7795e,HbA1c is a standard quantitative measure of chronic glycemia.,Locked as the single primary representation of this indication.,"Diabetes Mellitus, Type 2",Launched,,True,"['African' 'East Asian' 'European' 'Hispanic/Latin American' 'NR'
 'South Asian']",['East Asian' 'European' 'South Asian'],"['African' 'East Asian' 'European' 'Hispanic/Latin American' 'NR'
 'South Asian']",17,17,3,5,3,5,True,"Diabetes Mellitus, Type 2","Diabetes Mellitus, Type 2",18,18,9,9,Direct quantitative readout,glycemia,True,REVIEW,,
pt_b65000da5fe4f15f,PPARG-D006073,PPARG,B,D006073,Gout,PRIMARY,Direct disease,GBMI,GBMI::Gout,Gout,Gout,GRCh38,Gout,"AFR,AMR,EAS,EUR","AFR,AMR,EAS",map_71ba0e23fe68c32e,The GBMI endpoint is an exact or clinically equivalent disease endpoint.,Locked as the single primary representation of this indication.,Gout,Phase II,,True,['East Asian' 'European'],[],['East Asian' 'European'],4,4,0,2,0,2,False,Gout,Gout,2,2,1,1,Direct disease,direct_disease,True,REVIEW,,
pt_be1b070e5132c83a,PPARG-D006949,PPARG,A,D006949,Hyperlipidemias,SENSITIVITY,Direct quantitative readout,Pan-UKB,Pan-UKB::biomarkers|30640|both_sexes||irnt,Apolipoprotein B,biomarkers|30640|both_sexes||irnt,GRCh37,apolipoprotein_b,"CSA,EUR",CSA,map_431e4b5a762bae69,Circulating lipid measure directly represents the indication construct.,Retained only for prespecified sensitivity analysis.,Hyperlipidemias,Launched,2013.0,True,"['African' 'East Asian' 'European' 'Hispanic/Latin American' 'NR'
 'Other Asian' 'South Asian']","['African' 'East Asian' 'European' 'Hispanic/Latin American' 'NR'
 'Other Asian' 'South Asian']","['African' 'East Asian' 'European' 'Hispanic/Latin American' 'NR'
 'Other Asian' 'South Asian']",24,24,7,6,6,6,True,Hyperlipidemias,Hyperlipidemias,22,22,4,18,Direct quantitative readout,lipids,True,REVIEW,,
pt_d6054e12ed81b2d0,PPARG-D006949,PPARG,A,D006949,Hyperlipidemias,SENSITIVITY,Direct quantitative readout,Pan-UKB,Pan-UKB::biomarkers|30690|both_sexes||irnt,Cholesterol,biomarkers|30690|both_sexes||irnt,GRCh37,total_cholesterol,"CSA,EUR",CSA,map_c7d4a03a9508b750,Circulating lipid measure directly represents the indication construct.,Retained only for prespecified sensitivity analysis.,Hyperlipidemias,Launched,2013.0,True,"['African' 'East Asian' 'European' 'Hispanic/Latin American' 'NR'
 'Other Asian' 'South Asian']","['African' 'East Asian' 'European' 'Hispanic/Latin American' 'NR'
 'Other Asian' 'South Asian']","['African' 'East Asian' 'European' 'Hispanic/Latin American' 'NR'
 'Other Asian' 'South Asian']",24,24,7,6,6,6,True,Hyperlipidemias,Hyperlipidemias,22,22,4,18,Direct quantitative readout,lipids,True,REVIEW,,
pt_ef19a8a2869c54aa,PPARG-D006949,PPARG,A,D006949,Hyperlipidemias,PRIMARY,Direct quantitative readout,Pan-UKB,Pan-UKB::biomarkers|30780|both_sexes||irnt,LDL direct,biomarkers|30780|both_sexes||irnt,GRCh37,ldl_cholesterol,"CSA,EUR",CSA,map_8442195d65e17d61,Circulating lipid measure directly represents the indication construct.,Locked as the single primary representation of this indication.,Hyperlipidemias,Launched,2013.0,True,"['African' 'East Asian' 'European' 'Hispanic/Latin American' 'NR'
 'Other Asian' 'South Asian']","['African' 'East Asian' 'European' 'Hispanic/Latin American' 'NR'
 'Other Asian' 'South Asian']","['African' 'East Asian' 'European' 'Hispanic/Latin American' 'NR'
 'Other Asian' 'South Asian']",24,24,7,6,6,6,True,Hyperlipidemias,Hyperlipidemias,22,22,4,18,Direct quantitative readout,lipids,True,REVIEW,,
pt_03bea208a89b64bc,PPARG-D009765,PPARG,A,D009765,Obesity,PRIMARY,Direct quantitative readout,Pan-UKB,Pan-UKB::continuous|21001|both_sexes||irnt,Body mass index (BMI),continuous|21001|both_sexes||irnt,GRCh37,body_mass_index,"AFR,CSA,EUR,MID","AFR,CSA,MID",map_0b18d3fa6d5f91c0,BMI and waist circumference directly measure adiposity.,Locked as the single primary representation of this indication.,Obesity,Launched,,True,['African' 'East Asian' 'European' 'Hispanic/Latin American' 'South Asian'],['African' 'East Asian' 'European' 'NR' 'Other Asian' 'South Asian'],"['African' 'East Asian' 'European' 'Hispanic/Latin American' 'NR'
 'Other Asian' 'South Asian']",13,13,4,5,5,6,True,Obesity,Obesity,31,31,4,27,Direct quantitative readout,anthropometry,True,REVIEW,,
pt_21dd80aab471062e,PPARG-D009765,PPARG,A,D009765,Obesity,SENSITIVITY,Direct quantitative readout,Pan-UKB,Pan-UKB::continuous|48|both_sexes||irnt,Waist circumference,continuous|48|both_sexes||irnt,GRCh37,waist_circumference,"AFR,CSA,EUR,MID","AFR,CSA,MID",map_89b2b7c6b871d268,BMI and waist circumference directly measure adiposity.,Retained only for prespecified sensitivity analysis.,Obesity,Launched,,True,['African' 'East Asian' 'European' 'Hispanic/Latin American' 'South Asian'],['African' 'East Asian' 'European' 'NR' 'Other Asian' 'South Asian'],"['African' 'East Asian' 'European' 'Hispanic/Latin American' 'NR'
 'Other Asian' 'South Asian']",13,13,4,5,5,6,True,Obesity,Obesity,31,31,4,27,Direct quantitative readout,anthropometry,True,REVIEW,,
pt_38fd03d2c2364659,PPARG-D015228,PPARG,A,D015228,Hypertriglyceridemia,PRIMARY,Direct quantitative readout,Pan-UKB,Pan-UKB::biomarkers|30870|both_sexes||irnt,Triglycerides,biomarkers|30870|both_sexes||irnt,GRCh37,triglycerides,"AFR,CSA,EUR,MID","AFR,CSA,MID",map_e34c5f2ec9867915,Triglyceride concentration directly represents hypertriglyceridemia.,Locked as the single primary representation of this indication.,Hypertriglyceridemia,Launched,2013.0,True,"['African' 'East Asian' 'European' 'Hispanic/Latin American' 'NR'
 'Other Asian' 'South Asian']","['African' 'East Asian' 'European' 'Hispanic/Latin American' 'NR'
 'Other Asian' 'South Asian']","['African' 'East Asian' 'European' 'Hispanic/Latin American' 'NR'
 'Other Asian' 'South Asian']",24,24,7,6,6,6,True,Hypertriglyceridemia,Hypertriglyceridemia,14,14,3,11,Direct quantitative readout,lipids,True,REVIEW,,
pt_d71e9b6b61bc5551,RARG-D029424,RARG,B,D029424,"Pulmonary Disease, Chronic Obstructive",PRIMARY,Direct disease,GBMI,GBMI::COPD,Chronic obstructive pulmonary disease,COPD,GRCh38,COPD,"AFR,AMR,EAS,EUR","AFR,AMR,EAS",map_c342a950924fe3b4,The GBMI endpoint is an exact or clinically equivalent disease endpoint.,Locked as the single primary representation of this indication.,"Pulmonary Disease, Chronic Obstructive",Phase I,,True,['European'],[],['European'],2,2,0,1,0,1,False,"Pulmonary Disease, Chronic Obstructive","Pulmonary Disease, Chronic Obstructive",20,20,3,17,Direct disease,direct_disease,True,REVIEW,,
pt_5dad5ca10441cf1b,RARG-D029424,RARG,B,D029424,"Pulmonary Disease, Chronic Obstructive",SENSITIVITY,Closely related phenotype,Pan-UKB,Pan-UKB::continuous|3063|both_sexes||irnt,Forced expiratory volume in 1-second (FEV1),continuous|3063|both_sexes||irnt,GRCh37,fev1,"AFR,CSA,EUR,MID","AFR,CSA,MID",map_3b5ef0a073ff5fa0,Spirometry measures airflow limitation central to COPD but is not the disease endpoint.,Retained only for prespecified sensitivity analysis.,"Pulmonary Disease, Chronic Obstructive",Phase I,,True,['European'],[],['European'],2,2,0,1,0,1,False,"Pulmonary Disease, Chronic Obstructive","Pulmonary Disease, Chronic Obstructive",20,20,3,17,Closely related phenotype,pulmonary,True,REVIEW,,
pt_8ff01cefa3dcdf5a,RARG-D029424,RARG,B,D029424,"Pulmonary Disease, Chronic Obstructive",SENSITIVITY,Closely related phenotype,Pan-UKB,Pan-UKB::continuous|3062|both_sexes||irnt,Forced vital capacity (FVC),continuous|3062|both_sexes||irnt,GRCh37,fvc,"AFR,CSA,EUR,MID","AFR,CSA,MID",map_16d098169734a13c,Spirometry measures airflow limitation central to COPD but is not the disease endpoint.,Retained only for prespecified sensitivity analysis.,"Pulmonary Disease, Chronic Obstructive",Phase I,,True,['European'],[],['European'],2,2,0,1,0,1,False,"Pulmonary Disease, Chronic Obstructive","Pulmonary Disease, Chronic Obstructive",20,20,3,17,Closely related phenotype,pulmonary,True,REVIEW,,
pt_2b4410bf8d4c4858,REN-D006973,REN,A,D006973,Hypertension,SENSITIVITY,Direct quantitative readout,Pan-UKB,Pan-UKB::continuous|4079|both_sexes||irnt,"Diastolic blood pressure, automated reading",continuous|4079|both_sexes||irnt,GRCh37,diastolic_blood_pressure,"CSA,EUR",CSA,map_a10198eb08d8bca6,Blood pressure is the defining quantitative phenotype.,Retained only for prespecified sensitivity analysis.,Hypertension,Launched,,True,['European'],[],['European'],1,1,0,1,0,1,False,Hypertension,Hypertension,19,19,8,11,Direct quantitative readout,blood_pressure,True,REVIEW,,
pt_b6ca541d890c866a,REN-D006973,REN,A,D006973,Hypertension,PRIMARY,Direct quantitative readout,Pan-UKB,Pan-UKB::continuous|4080|both_sexes||irnt,"Systolic blood pressure, automated reading",continuous|4080|both_sexes||irnt,GRCh37,systolic_blood_pressure,"CSA,EAS,EUR","CSA,EAS",map_51438025f9ca1f25,Blood pressure is the defining quantitative phenotype.,Locked as the single primary representation of this indication.,Hypertension,Launched,,True,['European'],[],['European'],1,1,0,1,0,1,False,Hypertension,Hypertension,19,19,8,11,Direct quantitative readout,blood_pressure,True,REVIEW,,
pt_2737ec625ba89c96,SELE-D003920,SELE,B,D003920,Diabetes Mellitus,PRIMARY,Direct quantitative readout,Pan-UKB,Pan-UKB::biomarkers|30750|both_sexes||irnt,Glycated haemoglobin (HbA1c),biomarkers|30750|both_sexes||irnt,GRCh37,hba1c,"CSA,EUR,MID","CSA,MID",map_0c8c975606285aeb,HbA1c is a standard quantitative measure of chronic glycemia.,Locked as the single primary representation of this indication.,Diabetes Mellitus,Phase I,,True,['East Asian'],[],['East Asian'],1,1,0,1,0,1,False,Diabetes Mellitus,Diabetes Mellitus,13,13,2,11,Direct quantitative readout,glycemia,True,REVIEW,,
pt_a58585c272c12402,SERPINA1-D029424,SERPINA1,B,D029424,"Pulmonary Disease, Chronic Obstructive",PRIMARY,Direct disease,GBMI,GBMI::COPD,Chronic obstructive pulmonary disease,COPD,GRCh38,COPD,"AFR,AMR,EAS,EUR","AFR,AMR,EAS",map_c342a950924fe3b4,The GBMI endpoint is an exact or clinically equivalent disease endpoint.,Locked as the single primary representation of this indication.,"Pulmonary Disease, Chronic Obstructive",Phase I,,True,['European'],[],['European'],4,4,0,1,0,1,False,"Pulmonary Disease, Chronic Obstructive","Pulmonary Disease, Chronic Obstructive",20,20,3,17,Direct disease,direct_disease,True,REVIEW,,
pt_0209d75860639ea8,SERPINA1-D029424,SERPINA1,B,D029424,"Pulmonary Disease, Chronic Obstructive",SENSITIVITY,Closely related phenotype,Pan-UKB,Pan-UKB::continuous|3063|both_sexes||irnt,Forced expiratory volume in 1-second (FEV1),continuous|3063|both_sexes||irnt,GRCh37,fev1,"AFR,CSA,EUR,MID","AFR,CSA,MID",map_3b5ef0a073ff5fa0,Spirometry measures airflow limitation central to COPD but is not the disease endpoint.,Retained only for prespecified sensitivity analysis.,"Pulmonary Disease, Chronic Obstructive",Phase I,,True,['European'],[],['European'],4,4,0,1,0,1,False,"Pulmonary Disease, Chronic Obstructive","Pulmonary Disease, Chronic Obstructive",20,20,3,17,Closely related phenotype,pulmonary,True,REVIEW,,
pt_df9c333a7bf10365,SERPINA1-D029424,SERPINA1,B,D029424,"Pulmonary Disease, Chronic Obstructive",SENSITIVITY,Closely related phenotype,Pan-UKB,Pan-UKB::continuous|3062|both_sexes||irnt,Forced vital capacity (FVC),continuous|3062|both_sexes||irnt,GRCh37,fvc,"AFR,CSA,EUR,MID","AFR,CSA,MID",map_16d098169734a13c,Spirometry measures airflow limitation central to COPD but is not the disease endpoint.,Retained only for prespecified sensitivity analysis.,"Pulmonary Disease, Chronic Obstructive",Phase I,,True,['European'],[],['European'],4,4,0,1,0,1,False,"Pulmonary Disease, Chronic Obstructive","Pulmonary Disease, Chronic Obstructive",20,20,3,17,Closely related phenotype,pulmonary,True,REVIEW,,
pt_3f92c0e27782183a,SLC10A2-D006937,SLC10A2,B,D006937,Hypercholesterolemia,SENSITIVITY,Direct quantitative readout,Pan-UKB,Pan-UKB::biomarkers|30640|both_sexes||irnt,Apolipoprotein B,biomarkers|30640|both_sexes||irnt,GRCh37,apolipoprotein_b,"CSA,EUR",CSA,map_505723e622d14ef9,Circulating lipid measure directly represents the indication construct.,Retained only for prespecified sensitivity analysis.,Hypercholesterolemia,Phase II,,True,['European'],[],['European'],1,1,0,1,0,1,False,Hypercholesterolemia,Hypercholesterolemia,14,14,3,11,Direct quantitative readout,lipids,True,REVIEW,,
pt_76a9bc58612fa3f2,SLC10A2-D006937,SLC10A2,B,D006937,Hypercholesterolemia,SENSITIVITY,Direct quantitative readout,Pan-UKB,Pan-UKB::biomarkers|30690|both_sexes||irnt,Cholesterol,biomarkers|30690|both_sexes||irnt,GRCh37,total_cholesterol,"CSA,EUR",CSA,map_53025b2483451588,Circulating lipid measure directly represents the indication construct.,Retained only for prespecified sensitivity analysis.,Hypercholesterolemia,Phase II,,True,['European'],[],['European'],1,1,0,1,0,1,False,Hypercholesterolemia,Hypercholesterolemia,14,14,3,11,Direct quantitative readout,lipids,True,REVIEW,,
pt_aaaff1c227865c79,SLC10A2-D006937,SLC10A2,B,D006937,Hypercholesterolemia,PRIMARY,Direct quantitative readout,Pan-UKB,Pan-UKB::biomarkers|30780|both_sexes||irnt,LDL direct,biomarkers|30780|both_sexes||irnt,GRCh37,ldl_cholesterol,"CSA,EUR",CSA,map_50cd2496568d9c63,Circulating lipid measure directly represents the indication construct.,Locked as the single primary representation of this indication.,Hypercholesterolemia,Phase II,,True,['European'],[],['European'],1,1,0,1,0,1,False,Hypercholesterolemia,Hypercholesterolemia,14,14,3,11,Direct quantitative readout,lipids,True,REVIEW,,
pt_8e0f86b76811d42b,SLC10A2-D006949,SLC10A2,B,D006949,Hyperlipidemias,SENSITIVITY,Direct quantitative readout,Pan-UKB,Pan-UKB::biomarkers|30640|both_sexes||irnt,Apolipoprotein B,biomarkers|30640|both_sexes||irnt,GRCh37,apolipoprotein_b,"CSA,EUR",CSA,map_431e4b5a762bae69,Circulating lipid measure directly represents the indication construct.,Retained only for prespecified sensitivity analysis.,Hyperlipidemias,Phase II,,True,['European'],[],['European'],1,1,0,1,0,1,False,Hyperlipidemias,Hyperlipidemias,22,22,4,18,Direct quantitative readout,lipids,True,REVIEW,,
pt_155e8ed15201b5f8,SLC10A2-D006949,SLC10A2,B,D006949,Hyperlipidemias,SENSITIVITY,Direct quantitative readout,Pan-UKB,Pan-UKB::biomarkers|30690|both_sexes||irnt,Cholesterol,biomarkers|30690|both_sexes||irnt,GRCh37,total_cholesterol,"CSA,EUR",CSA,map_c7d4a03a9508b750,Circulating lipid measure directly represents the indication construct.,Retained only for prespecified sensitivity analysis.,Hyperlipidemias,Phase II,,True,['European'],[],['European'],1,1,0,1,0,1,False,Hyperlipidemias,Hyperlipidemias,22,22,4,18,Direct quantitative readout,lipids,True,REVIEW,,
pt_f556deff3a022733,SLC10A2-D006949,SLC10A2,B,D006949,Hyperlipidemias,PRIMARY,Direct quantitative readout,Pan-UKB,Pan-UKB::biomarkers|30780|both_sexes||irnt,LDL direct,biomarkers|30780|both_sexes||irnt,GRCh37,ldl_cholesterol,"CSA,EUR",CSA,map_8442195d65e17d61,Circulating lipid measure directly represents the indication construct.,Locked as the single primary representation of this indication.,Hyperlipidemias,Phase II,,True,['European'],[],['European'],1,1,0,1,0,1,False,Hyperlipidemias,Hyperlipidemias,22,22,4,18,Direct quantitative readout,lipids,True,REVIEW,,
pt_b467d06215cd5a90,SLC12A2-D006973,SLC12A2,B,D006973,Hypertension,SENSITIVITY,Direct quantitative readout,Pan-UKB,Pan-UKB::continuous|4079|both_sexes||irnt,"Diastolic blood pressure, automated reading",continuous|4079|both_sexes||irnt,GRCh37,diastolic_blood_pressure,"CSA,EUR",CSA,map_a10198eb08d8bca6,Blood pressure is the defining quantitative phenotype.,Retained only for prespecified sensitivity analysis.,Hypertension,Phase II,,True,"['African' 'European' 'Hispanic/Latin American' 'Native American'
 'Other Asian']",['European' 'NR'],"['African' 'European' 'Hispanic/Latin American' 'NR' 'Native American'
 'Other Asian']",3,3,3,5,1,5,True,Hypertension,Hypertension,19,19,8,11,Direct quantitative readout,blood_pressure,True,REVIEW,,
pt_2fc485520e5e6319,SLC12A2-D006973,SLC12A2,B,D006973,Hypertension,PRIMARY,Direct quantitative readout,Pan-UKB,Pan-UKB::continuous|4080|both_sexes||irnt,"Systolic blood pressure, automated reading",continuous|4080|both_sexes||irnt,GRCh37,systolic_blood_pressure,"CSA,EAS,EUR","CSA,EAS",map_51438025f9ca1f25,Blood pressure is the defining quantitative phenotype.,Locked as the single primary representation of this indication.,Hypertension,Phase II,,True,"['African' 'European' 'Hispanic/Latin American' 'Native American'
 'Other Asian']",['European' 'NR'],"['African' 'European' 'Hispanic/Latin American' 'NR' 'Native American'
 'Other Asian']",3,3,3,5,1,5,True,Hypertension,Hypertension,19,19,8,11,Direct quantitative readout,blood_pressure,True,REVIEW,,
pt_458bfcb72e8665a0,SLC22A12-D006073,SLC22A12,A,D006073,Gout,PRIMARY,Direct disease,GBMI,GBMI::Gout,Gout,Gout,GRCh38,Gout,"AFR,AMR,EAS,EUR","AFR,AMR,EAS",map_71ba0e23fe68c32e,The GBMI endpoint is an exact or clinically equivalent disease endpoint.,Locked as the single primary representation of this indication.,Gout,Launched,,True,"['African' 'East Asian' 'European' 'Hispanic/Latin American' 'NR'
 'South Asian']",['East Asian' 'European' 'Oceanian'],"['African' 'East Asian' 'European' 'Hispanic/Latin American' 'NR'
 'Oceanian' 'South Asian']",18,18,4,5,3,6,True,Gout,Gout,2,2,1,1,Direct disease,direct_disease,True,REVIEW,,
pt_661c44bbd82f7282,SLC40A1-D000740,SLC40A1,B,D000740,Anemia,SENSITIVITY,Direct quantitative readout,Pan-UKB,Pan-UKB::continuous|30030|both_sexes||irnt,Haematocrit percentage,continuous|30030|both_sexes||irnt,GRCh37,haematocrit,"CSA,EUR",CSA,map_97b816746f065ca0,Standard red-cell measures characterize anemia and major subtypes.,Retained only for prespecified sensitivity analysis.,Anemia,Phase II,,True,['African' 'East Asian' 'European' 'Hispanic/Latin American' 'South Asian'],[],['African' 'East Asian' 'European' 'Hispanic/Latin American' 'South Asian'],16,16,0,5,0,5,False,Anemia,Anemia,11,11,4,7,Direct quantitative readout,hematology,True,REVIEW,,
pt_c85cb2e38f113fd2,SLC40A1-D000740,SLC40A1,B,D000740,Anemia,PRIMARY,Direct quantitative readout,Pan-UKB,Pan-UKB::continuous|30020|both_sexes||irnt,Haemoglobin concentration,continuous|30020|both_sexes||irnt,GRCh37,haemoglobin,"CSA,EUR",CSA,map_e6f7fc7e1a195345,Standard red-cell measures characterize anemia and major subtypes.,Locked as the single primary representation of this indication.,Anemia,Phase II,,True,['African' 'East Asian' 'European' 'Hispanic/Latin American' 'South Asian'],[],['African' 'East Asian' 'European' 'Hispanic/Latin American' 'South Asian'],16,16,0,5,0,5,False,Anemia,Anemia,11,11,4,7,Direct quantitative readout,hematology,True,REVIEW,,
pt_bc2e6c0a96d29313,SLC40A1-D000740,SLC40A1,B,D000740,Anemia,SENSITIVITY,Direct quantitative readout,Pan-UKB,Pan-UKB::continuous|30040|both_sexes||irnt,Mean corpuscular volume,continuous|30040|both_sexes||irnt,GRCh37,mean_corpuscular_volume,"CSA,EUR",CSA,map_69f44c24155f039a,Standard red-cell measures characterize anemia and major subtypes.,Retained only for prespecified sensitivity analysis.,Anemia,Phase II,,True,['African' 'East Asian' 'European' 'Hispanic/Latin American' 'South Asian'],[],['African' 'East Asian' 'European' 'Hispanic/Latin American' 'South Asian'],16,16,0,5,0,5,False,Anemia,Anemia,11,11,4,7,Direct quantitative readout,hematology,True,REVIEW,,
pt_d13b8286ba606455,SLC5A1-D003920,SLC5A1,B,D003920,Diabetes Mellitus,PRIMARY,Direct quantitative readout,Pan-UKB,Pan-UKB::biomarkers|30750|both_sexes||irnt,Glycated haemoglobin (HbA1c),biomarkers|30750|both_sexes||irnt,GRCh37,hba1c,"CSA,EUR,MID","CSA,MID",map_0c8c975606285aeb,HbA1c is a standard quantitative measure of chronic glycemia.,Locked as the single primary representation of this indication.,Diabetes Mellitus,Phase I,,True,['African' 'East Asian' 'European' 'South Asian'],[],['African' 'East Asian' 'European' 'South Asian'],3,3,0,4,0,4,False,Diabetes Mellitus,Diabetes Mellitus,13,13,2,11,Direct quantitative readout,glycemia,True,REVIEW,,
pt_ef2bb8663a1e9366,SLC5A1-D003924,SLC5A1,A,D003924,"Diabetes Mellitus, Type 2",PRIMARY,Direct quantitative readout,Pan-UKB,Pan-UKB::biomarkers|30750|both_sexes||irnt,Glycated haemoglobin (HbA1c),biomarkers|30750|both_sexes||irnt,GRCh37,hba1c,"CSA,EUR,MID","CSA,MID",map_ae8d9a8f89a7795e,HbA1c is a standard quantitative measure of chronic glycemia.,Locked as the single primary representation of this indication.,"Diabetes Mellitus, Type 2",Launched,,True,['European'],[],['European'],2,2,0,1,0,1,False,"Diabetes Mellitus, Type 2","Diabetes Mellitus, Type 2",18,18,9,9,Direct quantitative readout,glycemia,True,REVIEW,,
pt_68dfe1ba9b7155a6,SLC6A4-D009765,SLC6A4,B,D009765,Obesity,PRIMARY,Direct quantitative readout,Pan-UKB,Pan-UKB::continuous|21001|both_sexes||irnt,Body mass index (BMI),continuous|21001|both_sexes||irnt,GRCh37,body_mass_index,"AFR,CSA,EUR,MID","AFR,CSA,MID",map_0b18d3fa6d5f91c0,BMI and waist circumference directly measure adiposity.,Locked as the single primary representation of this indication.,Obesity,Phase III,,True,['European'],[],['European'],3,3,0,1,0,1,False,Obesity,Obesity,31,31,4,27,Direct quantitative readout,anthropometry,True,REVIEW,,
pt_430d730b07a22fd2,SLC6A4-D009765,SLC6A4,B,D009765,Obesity,SENSITIVITY,Direct quantitative readout,Pan-UKB,Pan-UKB::continuous|48|both_sexes||irnt,Waist circumference,continuous|48|both_sexes||irnt,GRCh37,waist_circumference,"AFR,CSA,EUR,MID","AFR,CSA,MID",map_89b2b7c6b871d268,BMI and waist circumference directly measure adiposity.,Retained only for prespecified sensitivity analysis.,Obesity,Phase III,,True,['European'],[],['European'],3,3,0,1,0,1,False,Obesity,Obesity,31,31,4,27,Direct quantitative readout,anthropometry,True,REVIEW,,
pt_cc058dabb3d41304,SOST-D010024,SOST,B,D010024,Osteoporosis,PRIMARY,Direct quantitative readout,Pan-UKB,Pan-UKB::continuous|3148|both_sexes||irnt,Heel bone mineral density (BMD),continuous|3148|both_sexes||irnt,GRCh37,heel_bone_mineral_density,"CSA,EUR",CSA,map_12f03918e0d13cd5,Bone mineral density is the defining quantitative measure.,Locked as the single primary representation of this indication.,Osteoporosis,Phase I,,True,['East Asian' 'European' 'NR'],['East Asian' 'European'],['East Asian' 'European' 'NR'],4,4,3,2,2,2,True,Osteoporosis,Osteoporosis,3,3,1,2,Direct quantitative readout,bone,True,REVIEW,,
pt_aa08dd6caafd22da,SREBF1-D003920,SREBF1,B,D003920,Diabetes Mellitus,PRIMARY,Direct quantitative readout,Pan-UKB,Pan-UKB::biomarkers|30750|both_sexes||irnt,Glycated haemoglobin (HbA1c),biomarkers|30750|both_sexes||irnt,GRCh37,hba1c,"CSA,EUR,MID","CSA,MID",map_0c8c975606285aeb,HbA1c is a standard quantitative measure of chronic glycemia.,Locked as the single primary representation of this indication.,Diabetes Mellitus,Phase I,,True,['East Asian' 'European'],[],['East Asian' 'European'],2,2,0,2,0,2,False,Diabetes Mellitus,Diabetes Mellitus,13,13,2,11,Direct quantitative readout,glycemia,True,REVIEW,,
pt_d6446d3a797e3797,SREBF1-D009765,SREBF1,B,D009765,Obesity,PRIMARY,Direct quantitative readout,Pan-UKB,Pan-UKB::continuous|21001|both_sexes||irnt,Body mass index (BMI),continuous|21001|both_sexes||irnt,GRCh37,body_mass_index,"AFR,CSA,EUR,MID","AFR,CSA,MID",map_0b18d3fa6d5f91c0,BMI and waist circumference directly measure adiposity.,Locked as the single primary representation of this indication.,Obesity,Phase I,,True,['East Asian'],['East Asian' 'European'],['East Asian' 'European'],1,1,1,1,2,2,True,Obesity,Obesity,31,31,4,27,Direct quantitative readout,anthropometry,True,REVIEW,,
pt_d57ddacf1121139a,SREBF1-D009765,SREBF1,B,D009765,Obesity,SENSITIVITY,Direct quantitative readout,Pan-UKB,Pan-UKB::continuous|48|both_sexes||irnt,Waist circumference,continuous|48|both_sexes||irnt,GRCh37,waist_circumference,"AFR,CSA,EUR,MID","AFR,CSA,MID",map_89b2b7c6b871d268,BMI and waist circumference directly measure adiposity.,Retained only for prespecified sensitivity analysis.,Obesity,Phase I,,True,['East Asian'],['East Asian' 'European'],['East Asian' 'European'],1,1,1,1,2,2,True,Obesity,Obesity,31,31,4,27,Direct quantitative readout,anthropometry,True,REVIEW,,
pt_d67693be2d98b25e,SREBF2-D009765,SREBF2,B,D009765,Obesity,PRIMARY,Direct quantitative readout,Pan-UKB,Pan-UKB::continuous|21001|both_sexes||irnt,Body mass index (BMI),continuous|21001|both_sexes||irnt,GRCh37,body_mass_index,"AFR,CSA,EUR,MID","AFR,CSA,MID",map_0b18d3fa6d5f91c0,BMI and waist circumference directly measure adiposity.,Locked as the single primary representation of this indication.,Obesity,Phase I,,True,['European'],[],['European'],2,2,0,1,0,1,False,Obesity,Obesity,31,31,4,27,Direct quantitative readout,anthropometry,True,REVIEW,,
pt_2c994c0a6b30e29a,SREBF2-D009765,SREBF2,B,D009765,Obesity,SENSITIVITY,Direct quantitative readout,Pan-UKB,Pan-UKB::continuous|48|both_sexes||irnt,Waist circumference,continuous|48|both_sexes||irnt,GRCh37,waist_circumference,"AFR,CSA,EUR,MID","AFR,CSA,MID",map_89b2b7c6b871d268,BMI and waist circumference directly measure adiposity.,Retained only for prespecified sensitivity analysis.,Obesity,Phase I,,True,['European'],[],['European'],2,2,0,1,0,1,False,Obesity,Obesity,31,31,4,27,Direct quantitative readout,anthropometry,True,REVIEW,,
pt_00bbdc930a940226,TGFB1-D005923,TGFB1,B,D005923,"Glomerulosclerosis, Focal Segmental",SENSITIVITY,Proxy biomarker,Pan-UKB,Pan-UKB::biomarkers|30700|both_sexes||irnt,Creatinine,biomarkers|30700|both_sexes||irnt,GRCh37,serum_creatinine,"CSA,EUR,MID","CSA,MID",map_1528a1dc096b9a36,eGFR and renal filtration biomarkers measure kidney function but are not the disease endpoint.,Retained only for prespecified sensitivity analysis.,"Glomerulosclerosis, Focal Segmental",Phase II,,True,['East Asian' 'European'],[],['East Asian' 'European'],1,1,0,2,0,2,False,"Glomerulosclerosis, Focal Segmental","Glomerulosclerosis, Focal Segmental",3,3,0,3,Proxy biomarker,renal,True,REVIEW,,
pt_40fa2ca4d425e33d,TGFB1-D005923,TGFB1,B,D005923,"Glomerulosclerosis, Focal Segmental",SENSITIVITY,Proxy biomarker,Pan-UKB,Pan-UKB::biomarkers|30720|both_sexes||irnt,Cystatin C,biomarkers|30720|both_sexes||irnt,GRCh37,cystatin_c,"CSA,EUR,MID","CSA,MID",map_039454a9bb2903dd,eGFR and renal filtration biomarkers measure kidney function but are not the disease endpoint.,Retained only for prespecified sensitivity analysis.,"Glomerulosclerosis, Focal Segmental",Phase II,,True,['East Asian' 'European'],[],['East Asian' 'European'],1,1,0,2,0,2,False,"Glomerulosclerosis, Focal Segmental","Glomerulosclerosis, Focal Segmental",3,3,0,3,Proxy biomarker,renal,True,REVIEW,,
pt_40fcd398529e9e97,TGFB1-D005923,TGFB1,B,D005923,"Glomerulosclerosis, Focal Segmental",SENSITIVITY,Proxy biomarker,Pan-UKB,Pan-UKB::continuous|eGFRcreacys|both_sexes||irnt,"Estimated glomerular filtration rate, cystain C",continuous|eGFRcreacys|both_sexes||irnt,GRCh37,egfr_cystatin_c,"CSA,EUR",CSA,map_a4cf271bf01d2d4b,eGFR and renal filtration biomarkers measure kidney function but are not the disease endpoint.,Retained only for prespecified sensitivity analysis.,"Glomerulosclerosis, Focal Segmental",Phase II,,True,['East Asian' 'European'],[],['East Asian' 'European'],1,1,0,2,0,2,False,"Glomerulosclerosis, Focal Segmental","Glomerulosclerosis, Focal Segmental",3,3,0,3,Proxy biomarker,renal,True,REVIEW,,
pt_0659ab0140befd2c,TGFB1-D005923,TGFB1,B,D005923,"Glomerulosclerosis, Focal Segmental",PRIMARY,Proxy biomarker,Pan-UKB,Pan-UKB::continuous|eGFR|both_sexes||irnt,"Estimated glomerular filtration rate, serum creatinine",continuous|eGFR|both_sexes||irnt,GRCh37,egfr_creatinine,"CSA,EUR,MID","CSA,MID",map_38adf62f96fee1d4,eGFR and renal filtration biomarkers measure kidney function but are not the disease endpoint.,Locked as the single primary representation of this indication.,"Glomerulosclerosis, Focal Segmental",Phase II,,True,['East Asian' 'European'],[],['East Asian' 'European'],1,1,0,2,0,2,False,"Glomerulosclerosis, Focal Segmental","Glomerulosclerosis, Focal Segmental",3,3,0,3,Proxy biomarker,renal,True,REVIEW,,
pt_8cb1004bbab8bbf5,TGFB1-D005923,TGFB1,B,D005923,"Glomerulosclerosis, Focal Segmental",SENSITIVITY,Proxy biomarker,Pan-UKB,Pan-UKB::continuous|eGFRcys|both_sexes||irnt,"Estimated glomerular filtration rate, serum creatinine + cystain C",continuous|eGFRcys|both_sexes||irnt,GRCh37,egfr_creatinine_cystatin_c,"CSA,EUR",CSA,map_b636365ec4af96d0,eGFR and renal filtration biomarkers measure kidney function but are not the disease endpoint.,Retained only for prespecified sensitivity analysis.,"Glomerulosclerosis, Focal Segmental",Phase II,,True,['East Asian' 'European'],[],['East Asian' 'European'],1,1,0,2,0,2,False,"Glomerulosclerosis, Focal Segmental","Glomerulosclerosis, Focal Segmental",3,3,0,3,Proxy biomarker,renal,True,REVIEW,,
pt_b461bc12b15e3ebb,THPO-D013921,THPO,B,D013921,Thrombocytopenia,PRIMARY,Direct quantitative readout,Pan-UKB,Pan-UKB::continuous|30080|both_sexes||irnt,Platelet count,continuous|30080|both_sexes||irnt,GRCh37,platelet_count,"AFR,CSA,EAS,EUR","AFR,CSA,EAS",map_9fca929f0496a5a9,Platelet count directly represents the indication.,Locked as the single primary representation of this indication.,Thrombocytopenia,Phase I,,True,['African' 'East Asian' 'European' 'Hispanic/Latin American' 'South Asian'],['European'],['African' 'East Asian' 'European' 'Hispanic/Latin American' 'South Asian'],14,14,1,5,1,5,True,Thrombocytopenia,Thrombocytopenia,10,10,4,6,Direct quantitative readout,hematology,True,REVIEW,,
pt_ae109d582f5b1059,THPO-D013922,THPO,B,D013922,Thrombocytosis,PRIMARY,Direct quantitative readout,Pan-UKB,Pan-UKB::continuous|30080|both_sexes||irnt,Platelet count,continuous|30080|both_sexes||irnt,GRCh37,platelet_count,"AFR,CSA,EAS,EUR","AFR,CSA,EAS",map_0d3ac6c3d9993bb6,Platelet count directly represents the indication.,Locked as the single primary representation of this indication.,Thrombocytosis,Phase I,,True,['African' 'East Asian' 'European' 'Hispanic/Latin American' 'South Asian'],['European'],['African' 'East Asian' 'European' 'Hispanic/Latin American' 'South Asian'],14,14,1,5,1,5,True,Thrombocytosis,Thrombocytosis,10,10,2,8,Direct quantitative readout,hematology,True,REVIEW,,
pt_a3d5b41477d0da38,THRB-D006937,THRB,B,D006937,Hypercholesterolemia,SENSITIVITY,Direct quantitative readout,Pan-UKB,Pan-UKB::biomarkers|30640|both_sexes||irnt,Apolipoprotein B,biomarkers|30640|both_sexes||irnt,GRCh37,apolipoprotein_b,"CSA,EUR",CSA,map_505723e622d14ef9,Circulating lipid measure directly represents the indication construct.,Retained only for prespecified sensitivity analysis.,Hypercholesterolemia,Phase II,,True,['African' 'East Asian' 'European' 'Hispanic/Latin American' 'South Asian'],[],['African' 'East Asian' 'European' 'Hispanic/Latin American' 'South Asian'],5,5,0,5,0,5,False,Hypercholesterolemia,Hypercholesterolemia,14,14,3,11,Direct quantitative readout,lipids,True,REVIEW,,
pt_5bd3b2e5df58fe53,THRB-D006937,THRB,B,D006937,Hypercholesterolemia,SENSITIVITY,Direct quantitative readout,Pan-UKB,Pan-UKB::biomarkers|30690|both_sexes||irnt,Cholesterol,biomarkers|30690|both_sexes||irnt,GRCh37,total_cholesterol,"CSA,EUR",CSA,map_53025b2483451588,Circulating lipid measure directly represents the indication construct.,Retained only for prespecified sensitivity analysis.,Hypercholesterolemia,Phase II,,True,['African' 'East Asian' 'European' 'Hispanic/Latin American' 'South Asian'],[],['African' 'East Asian' 'European' 'Hispanic/Latin American' 'South Asian'],5,5,0,5,0,5,False,Hypercholesterolemia,Hypercholesterolemia,14,14,3,11,Direct quantitative readout,lipids,True,REVIEW,,
pt_0c5d7d228fbb588e,THRB-D006937,THRB,B,D006937,Hypercholesterolemia,PRIMARY,Direct quantitative readout,Pan-UKB,Pan-UKB::biomarkers|30780|both_sexes||irnt,LDL direct,biomarkers|30780|both_sexes||irnt,GRCh37,ldl_cholesterol,"CSA,EUR",CSA,map_50cd2496568d9c63,Circulating lipid measure directly represents the indication construct.,Locked as the single primary representation of this indication.,Hypercholesterolemia,Phase II,,True,['African' 'East Asian' 'European' 'Hispanic/Latin American' 'South Asian'],[],['African' 'East Asian' 'European' 'Hispanic/Latin American' 'South Asian'],5,5,0,5,0,5,False,Hypercholesterolemia,Hypercholesterolemia,14,14,3,11,Direct quantitative readout,lipids,True,REVIEW,,
pt_9cd68bdcd1b822b1,THRB-D006938,THRB,B,D006938,Hyperlipoproteinemia Type II,SENSITIVITY,Direct quantitative readout,Pan-UKB,Pan-UKB::biomarkers|30640|both_sexes||irnt,Apolipoprotein B,biomarkers|30640|both_sexes||irnt,GRCh37,apolipoprotein_b,"CSA,EUR",CSA,map_cfd704321ca3eaef,Circulating lipid measure directly represents the indication construct.,Retained only for prespecified sensitivity analysis.,Hyperlipoproteinemia Type II,Phase II,,True,['African' 'East Asian' 'European' 'Hispanic/Latin American' 'South Asian'],[],['African' 'East Asian' 'European' 'Hispanic/Latin American' 'South Asian'],5,5,0,5,0,5,False,Hyperlipoproteinemia Type II,Hyperlipoproteinemia Type II,8,8,3,5,Direct quantitative readout,lipids,True,REVIEW,,
pt_84704726f2ead7b5,THRB-D006938,THRB,B,D006938,Hyperlipoproteinemia Type II,SENSITIVITY,Direct quantitative readout,Pan-UKB,Pan-UKB::biomarkers|30690|both_sexes||irnt,Cholesterol,biomarkers|30690|both_sexes||irnt,GRCh37,total_cholesterol,"CSA,EUR",CSA,map_20c7523ee78dfeaf,Circulating lipid measure directly represents the indication construct.,Retained only for prespecified sensitivity analysis.,Hyperlipoproteinemia Type II,Phase II,,True,['African' 'East Asian' 'European' 'Hispanic/Latin American' 'South Asian'],[],['African' 'East Asian' 'European' 'Hispanic/Latin American' 'South Asian'],5,5,0,5,0,5,False,Hyperlipoproteinemia Type II,Hyperlipoproteinemia Type II,8,8,3,5,Direct quantitative readout,lipids,True,REVIEW,,
pt_fe046693ee3af185,THRB-D006938,THRB,B,D006938,Hyperlipoproteinemia Type II,PRIMARY,Direct quantitative readout,Pan-UKB,Pan-UKB::biomarkers|30780|both_sexes||irnt,LDL direct,biomarkers|30780|both_sexes||irnt,GRCh37,ldl_cholesterol,"CSA,EUR",CSA,map_e773da18247036fb,Circulating lipid measure directly represents the indication construct.,Locked as the single primary representation of this indication.,Hyperlipoproteinemia Type II,Phase II,,True,['African' 'East Asian' 'European' 'Hispanic/Latin American' 'South Asian'],[],['African' 'East Asian' 'European' 'Hispanic/Latin American' 'South Asian'],5,5,0,5,0,5,False,Hyperlipoproteinemia Type II,Hyperlipoproteinemia Type II,8,8,3,5,Direct quantitative readout,lipids,True,REVIEW,,
pt_4a947f0be225c39e,TNFRSF1A-D008103,TNFRSF1A,B,D008103,Liver Cirrhosis,SENSITIVITY,Proxy biomarker,Pan-UKB,Pan-UKB::biomarkers|30620|both_sexes||irnt,Alanine aminotransferase,biomarkers|30620|both_sexes||irnt,GRCh37,alanine_aminotransferase,"AFR,CSA,EUR","AFR,CSA",map_f067dbb6f8c37ca3,Liver enzymes and albumin measure hepatic injury or function rather than a specific liver diagnosis.,Retained only for prespecified sensitivity analysis.,Liver Cirrhosis,Phase I,,True,['European'],[],['European'],1,1,0,1,0,1,False,Liver Cirrhosis,Liver Cirrhosis,1,1,0,1,Proxy biomarker,hepatic,True,REVIEW,,
pt_64ee38fc8e5e9638,TNFRSF1A-D008103,TNFRSF1A,B,D008103,Liver Cirrhosis,PRIMARY,Proxy biomarker,Pan-UKB,Pan-UKB::biomarkers|30600|both_sexes||irnt,Albumin,biomarkers|30600|both_sexes||irnt,GRCh37,albumin,"AFR,CSA,EUR","AFR,CSA",map_d804ea212772b9fa,Liver enzymes and albumin measure hepatic injury or function rather than a specific liver diagnosis.,Locked as the single primary representation of this indication.,Liver Cirrhosis,Phase I,,True,['European'],[],['European'],1,1,0,1,0,1,False,Liver Cirrhosis,Liver Cirrhosis,1,1,0,1,Proxy biomarker,hepatic,True,REVIEW,,
pt_a211e0703fe02085,TNFRSF1A-D008103,TNFRSF1A,B,D008103,Liver Cirrhosis,SENSITIVITY,Proxy biomarker,Pan-UKB,Pan-UKB::biomarkers|30610|both_sexes||irnt,Alkaline phosphatase,biomarkers|30610|both_sexes||irnt,GRCh37,alkaline_phosphatase,"CSA,EUR,MID","CSA,MID",map_4301372338ca851e,Liver enzymes and albumin measure hepatic injury or function rather than a specific liver diagnosis.,Retained only for prespecified sensitivity analysis.,Liver Cirrhosis,Phase I,,True,['European'],[],['European'],1,1,0,1,0,1,False,Liver Cirrhosis,Liver Cirrhosis,1,1,0,1,Proxy biomarker,hepatic_bone,True,REVIEW,,
pt_3761c951c02c855c,TNFRSF1A-D008103,TNFRSF1A,B,D008103,Liver Cirrhosis,SENSITIVITY,Proxy biomarker,Pan-UKB,Pan-UKB::biomarkers|30730|both_sexes||irnt,Gamma glutamyltransferase,biomarkers|30730|both_sexes||irnt,GRCh37,gamma_glutamyltransferase,"CSA,EAS,EUR","CSA,EAS",map_902df7f778ec918a,Liver enzymes and albumin measure hepatic injury or function rather than a specific liver diagnosis.,Retained only for prespecified sensitivity analysis.,Liver Cirrhosis,Phase I,,True,['European'],[],['European'],1,1,0,1,0,1,False,Liver Cirrhosis,Liver Cirrhosis,1,1,0,1,Proxy biomarker,hepatic,True,REVIEW,,
pt_640c861f7ec5d3b8,TNFSF13-D005922,TNFSF13,B,D005922,"Glomerulonephritis, IGA",SENSITIVITY,Proxy biomarker,Pan-UKB,Pan-UKB::biomarkers|30700|both_sexes||irnt,Creatinine,biomarkers|30700|both_sexes||irnt,GRCh37,serum_creatinine,"CSA,EUR,MID","CSA,MID",map_4bff57d6c1e71213,eGFR and renal filtration biomarkers measure kidney function but are not the disease endpoint.,Retained only for prespecified sensitivity analysis.,"Glomerulonephritis, IGA",Phase III,,True,['East Asian'],['East Asian'],['East Asian'],1,1,1,1,1,1,True,"Glomerulonephritis, IGA","Glomerulonephritis, IGA",2,2,0,2,Proxy biomarker,renal,True,REVIEW,,
pt_8d9ac794d06503f8,TNFSF13-D005922,TNFSF13,B,D005922,"Glomerulonephritis, IGA",SENSITIVITY,Proxy biomarker,Pan-UKB,Pan-UKB::biomarkers|30720|both_sexes||irnt,Cystatin C,biomarkers|30720|both_sexes||irnt,GRCh37,cystatin_c,"CSA,EUR,MID","CSA,MID",map_a8c38ba818e38365,eGFR and renal filtration biomarkers measure kidney function but are not the disease endpoint.,Retained only for prespecified sensitivity analysis.,"Glomerulonephritis, IGA",Phase III,,True,['East Asian'],['East Asian'],['East Asian'],1,1,1,1,1,1,True,"Glomerulonephritis, IGA","Glomerulonephritis, IGA",2,2,0,2,Proxy biomarker,renal,True,REVIEW,,
pt_94e482a58db0a945,TNFSF13-D005922,TNFSF13,B,D005922,"Glomerulonephritis, IGA",SENSITIVITY,Proxy biomarker,Pan-UKB,Pan-UKB::continuous|eGFRcreacys|both_sexes||irnt,"Estimated glomerular filtration rate, cystain C",continuous|eGFRcreacys|both_sexes||irnt,GRCh37,egfr_cystatin_c,"CSA,EUR",CSA,map_988bfdeb00c80053,eGFR and renal filtration biomarkers measure kidney function but are not the disease endpoint.,Retained only for prespecified sensitivity analysis.,"Glomerulonephritis, IGA",Phase III,,True,['East Asian'],['East Asian'],['East Asian'],1,1,1,1,1,1,True,"Glomerulonephritis, IGA","Glomerulonephritis, IGA",2,2,0,2,Proxy biomarker,renal,True,REVIEW,,
pt_5d268a6f3970a5aa,TNFSF13-D005922,TNFSF13,B,D005922,"Glomerulonephritis, IGA",PRIMARY,Proxy biomarker,Pan-UKB,Pan-UKB::continuous|eGFR|both_sexes||irnt,"Estimated glomerular filtration rate, serum creatinine",continuous|eGFR|both_sexes||irnt,GRCh37,egfr_creatinine,"CSA,EUR,MID","CSA,MID",map_8b0167f355767b4c,eGFR and renal filtration biomarkers measure kidney function but are not the disease endpoint.,Locked as the single primary representation of this indication.,"Glomerulonephritis, IGA",Phase III,,True,['East Asian'],['East Asian'],['East Asian'],1,1,1,1,1,1,True,"Glomerulonephritis, IGA","Glomerulonephritis, IGA",2,2,0,2,Proxy biomarker,renal,True,REVIEW,,
pt_d8861a7f2bdd4e6c,TNFSF13-D005922,TNFSF13,B,D005922,"Glomerulonephritis, IGA",SENSITIVITY,Proxy biomarker,Pan-UKB,Pan-UKB::continuous|eGFRcys|both_sexes||irnt,"Estimated glomerular filtration rate, serum creatinine + cystain C",continuous|eGFRcys|both_sexes||irnt,GRCh37,egfr_creatinine_cystatin_c,"CSA,EUR",CSA,map_b769d2557192a963,eGFR and renal filtration biomarkers measure kidney function but are not the disease endpoint.,Retained only for prespecified sensitivity analysis.,"Glomerulonephritis, IGA",Phase III,,True,['East Asian'],['East Asian'],['East Asian'],1,1,1,1,1,1,True,"Glomerulonephritis, IGA","Glomerulonephritis, IGA",2,2,0,2,Proxy biomarker,renal,True,REVIEW,,
pt_ca0a70a97c725269,TNFSF15-D001249,TNFSF15,B,D001249,Asthma,PRIMARY,Direct disease,GBMI,GBMI::Asthma,Asthma,Asthma,GRCh38,Asthma,"AFR,AMR,CSA,EAS,EUR","AFR,AMR,CSA,EAS",map_142944bd2f968395,The GBMI endpoint is an exact or clinically equivalent disease endpoint.,Locked as the single primary representation of this indication.,Asthma,Phase II,,True,['East Asian' 'European'],[],['East Asian' 'European'],2,2,0,2,0,2,False,Asthma,Asthma,29,29,4,25,Direct disease,direct_disease,True,REVIEW,,
pt_ee9d60e5e47cc115,TNFSF15-D001249,TNFSF15,B,D001249,Asthma,SENSITIVITY,Proxy biomarker,Pan-UKB,Pan-UKB::continuous|30150|both_sexes||irnt,Eosinophill count,continuous|30150|both_sexes||irnt,GRCh37,eosinophil_count,"CSA,EUR",CSA,map_cb8244ded7498122,"Eosinophils and spirometry measure allergic inflammation or airway physiology, not asthma diagnosis itself.",Retained only for prespecified sensitivity analysis.,Asthma,Phase II,,True,['East Asian' 'European'],[],['East Asian' 'European'],2,2,0,2,0,2,False,Asthma,Asthma,29,29,4,25,Proxy biomarker,hematology_allergy,True,REVIEW,,
pt_6579bc48625a197b,TNFSF15-D001249,TNFSF15,B,D001249,Asthma,SENSITIVITY,Proxy biomarker,Pan-UKB,Pan-UKB::continuous|3063|both_sexes||irnt,Forced expiratory volume in 1-second (FEV1),continuous|3063|both_sexes||irnt,GRCh37,fev1,"AFR,CSA,EUR,MID","AFR,CSA,MID",map_59356df4843aaef1,"Eosinophils and spirometry measure allergic inflammation or airway physiology, not asthma diagnosis itself.",Retained only for prespecified sensitivity analysis.,Asthma,Phase II,,True,['East Asian' 'European'],[],['East Asian' 'European'],2,2,0,2,0,2,False,Asthma,Asthma,29,29,4,25,Proxy biomarker,pulmonary,True,REVIEW,,
pt_9fb70e27b33a9a92,TNFSF15-D001249,TNFSF15,B,D001249,Asthma,SENSITIVITY,Proxy biomarker,Pan-UKB,Pan-UKB::continuous|3062|both_sexes||irnt,Forced vital capacity (FVC),continuous|3062|both_sexes||irnt,GRCh37,fvc,"AFR,CSA,EUR,MID","AFR,CSA,MID",map_8f3487c5d3ef8b41,"Eosinophils and spirometry measure allergic inflammation or airway physiology, not asthma diagnosis itself.",Retained only for prespecified sensitivity analysis.,Asthma,Phase II,,True,['East Asian' 'European'],[],['East Asian' 'European'],2,2,0,2,0,2,False,Asthma,Asthma,29,29,4,25,Proxy biomarker,pulmonary,True,REVIEW,,
pt_d857adcc2f901d82,TNFSF4-D001249,TNFSF4,B,D001249,Asthma,PRIMARY,Direct disease,GBMI,GBMI::Asthma,Asthma,Asthma,GRCh38,Asthma,"AFR,AMR,CSA,EAS,EUR","AFR,AMR,CSA,EAS",map_142944bd2f968395,The GBMI endpoint is an exact or clinically equivalent disease endpoint.,Locked as the single primary representation of this indication.,Asthma,Phase II,,True,['African' 'East Asian' 'European' 'Hispanic/Latin American' 'NR'],['European' 'NR'],['African' 'East Asian' 'European' 'Hispanic/Latin American' 'NR'],14,14,2,4,1,4,True,Asthma,Asthma,29,29,4,25,Direct disease,direct_disease,True,REVIEW,,
pt_589026be2e55eca7,TNFSF4-D001249,TNFSF4,B,D001249,Asthma,SENSITIVITY,Proxy biomarker,Pan-UKB,Pan-UKB::continuous|30150|both_sexes||irnt,Eosinophill count,continuous|30150|both_sexes||irnt,GRCh37,eosinophil_count,"CSA,EUR",CSA,map_cb8244ded7498122,"Eosinophils and spirometry measure allergic inflammation or airway physiology, not asthma diagnosis itself.",Retained only for prespecified sensitivity analysis.,Asthma,Phase II,,True,['African' 'East Asian' 'European' 'Hispanic/Latin American' 'NR'],['European' 'NR'],['African' 'East Asian' 'European' 'Hispanic/Latin American' 'NR'],14,14,2,4,1,4,True,Asthma,Asthma,29,29,4,25,Proxy biomarker,hematology_allergy,True,REVIEW,,
pt_b382f5aebe9f7b2a,TNFSF4-D001249,TNFSF4,B,D001249,Asthma,SENSITIVITY,Proxy biomarker,Pan-UKB,Pan-UKB::continuous|3063|both_sexes||irnt,Forced expiratory volume in 1-second (FEV1),continuous|3063|both_sexes||irnt,GRCh37,fev1,"AFR,CSA,EUR,MID","AFR,CSA,MID",map_59356df4843aaef1,"Eosinophils and spirometry measure allergic inflammation or airway physiology, not asthma diagnosis itself.",Retained only for prespecified sensitivity analysis.,Asthma,Phase II,,True,['African' 'East Asian' 'European' 'Hispanic/Latin American' 'NR'],['European' 'NR'],['African' 'East Asian' 'European' 'Hispanic/Latin American' 'NR'],14,14,2,4,1,4,True,Asthma,Asthma,29,29,4,25,Proxy biomarker,pulmonary,True,REVIEW,,
pt_9c52e041fdfcccdf,TNFSF4-D001249,TNFSF4,B,D001249,Asthma,SENSITIVITY,Proxy biomarker,Pan-UKB,Pan-UKB::continuous|3062|both_sexes||irnt,Forced vital capacity (FVC),continuous|3062|both_sexes||irnt,GRCh37,fvc,"AFR,CSA,EUR,MID","AFR,CSA,MID",map_8f3487c5d3ef8b41,"Eosinophils and spirometry measure allergic inflammation or airway physiology, not asthma diagnosis itself.",Retained only for prespecified sensitivity analysis.,Asthma,Phase II,,True,['African' 'East Asian' 'European' 'Hispanic/Latin American' 'NR'],['European' 'NR'],['African' 'East Asian' 'European' 'Hispanic/Latin American' 'NR'],14,14,2,4,1,4,True,Asthma,Asthma,29,29,4,25,Proxy biomarker,pulmonary,True,REVIEW,,
pt_71a35ca60eb7cbef,TNFSF4-D003876,TNFSF4,B,D003876,"Dermatitis, Atopic",SENSITIVITY,Proxy biomarker,Pan-UKB,Pan-UKB::continuous|30150|both_sexes||irnt,Eosinophill count,continuous|30150|both_sexes||irnt,GRCh37,eosinophil_count,"CSA,EUR",CSA,map_5870426bd34a44e7,Eosinophil count is an allergic-inflammatory biomarker rather than the disease endpoint.,Retained only for prespecified sensitivity analysis.,"Dermatitis, Atopic",Phase II,,True,['European'],[],['European'],3,3,0,1,0,1,False,"Dermatitis, Atopic","Dermatitis, Atopic",12,12,2,10,Proxy biomarker,hematology_allergy,True,REVIEW,,
pt_8fbcc2df9328e4fe,TNFSF4-D065631,TNFSF4,B,D065631,"Rhinitis, Allergic",SENSITIVITY,Proxy biomarker,Pan-UKB,Pan-UKB::continuous|30150|both_sexes||irnt,Eosinophill count,continuous|30150|both_sexes||irnt,GRCh37,eosinophil_count,"CSA,EUR",CSA,map_fef4e0642fc76154,Eosinophil count is an allergic-inflammatory biomarker rather than the disease endpoint.,Retained only for prespecified sensitivity analysis.,"Rhinitis, Allergic",Phase II,,True,['African' 'East Asian' 'European' 'Hispanic/Latin American' 'NR'],['European' 'NR'],['African' 'East Asian' 'European' 'Hispanic/Latin American' 'NR'],15,15,2,4,1,4,True,"Rhinitis, Allergic","Rhinitis, Allergic",9,9,1,8,Proxy biomarker,hematology_allergy,True,REVIEW,,
pt_f4607a6b0ab89b61,TP53-D003920,TP53,B,D003920,Diabetes Mellitus,PRIMARY,Direct quantitative readout,Pan-UKB,Pan-UKB::biomarkers|30750|both_sexes||irnt,Glycated haemoglobin (HbA1c),biomarkers|30750|both_sexes||irnt,GRCh37,hba1c,"CSA,EUR,MID","CSA,MID",map_0c8c975606285aeb,HbA1c is a standard quantitative measure of chronic glycemia.,Locked as the single primary representation of this indication.,Diabetes Mellitus,Phase II,,True,['African' 'European' 'South Asian'],[],['African' 'European' 'South Asian'],2,2,0,3,0,3,False,Diabetes Mellitus,Diabetes Mellitus,13,13,2,11,Direct quantitative readout,glycemia,True,REVIEW,,
pt_a68f37df7fbb7110,TSLP-D001249,TSLP,A,D001249,Asthma,PRIMARY,Direct disease,GBMI,GBMI::Asthma,Asthma,Asthma,GRCh38,Asthma,"AFR,AMR,CSA,EAS,EUR","AFR,AMR,CSA,EAS",map_142944bd2f968395,The GBMI endpoint is an exact or clinically equivalent disease endpoint.,Locked as the single primary representation of this indication.,Asthma,Launched,,True,['African' 'East Asian' 'European' 'Hispanic/Latin American' 'NR'],['African' 'East Asian' 'European' 'Hispanic/Latin American' 'NR'],['African' 'East Asian' 'European' 'Hispanic/Latin American' 'NR'],45,45,9,4,4,4,True,Asthma,Asthma,29,29,4,25,Direct disease,direct_disease,True,REVIEW,,
pt_3c5ea304a3266a35,TSLP-D001249,TSLP,A,D001249,Asthma,SENSITIVITY,Proxy biomarker,Pan-UKB,Pan-UKB::continuous|30150|both_sexes||irnt,Eosinophill count,continuous|30150|both_sexes||irnt,GRCh37,eosinophil_count,"CSA,EUR",CSA,map_cb8244ded7498122,"Eosinophils and spirometry measure allergic inflammation or airway physiology, not asthma diagnosis itself.",Retained only for prespecified sensitivity analysis.,Asthma,Launched,,True,['African' 'East Asian' 'European' 'Hispanic/Latin American' 'NR'],['African' 'East Asian' 'European' 'Hispanic/Latin American' 'NR'],['African' 'East Asian' 'European' 'Hispanic/Latin American' 'NR'],45,45,9,4,4,4,True,Asthma,Asthma,29,29,4,25,Proxy biomarker,hematology_allergy,True,REVIEW,,
pt_f8478761a263d760,TSLP-D001249,TSLP,A,D001249,Asthma,SENSITIVITY,Proxy biomarker,Pan-UKB,Pan-UKB::continuous|3063|both_sexes||irnt,Forced expiratory volume in 1-second (FEV1),continuous|3063|both_sexes||irnt,GRCh37,fev1,"AFR,CSA,EUR,MID","AFR,CSA,MID",map_59356df4843aaef1,"Eosinophils and spirometry measure allergic inflammation or airway physiology, not asthma diagnosis itself.",Retained only for prespecified sensitivity analysis.,Asthma,Launched,,True,['African' 'East Asian' 'European' 'Hispanic/Latin American' 'NR'],['African' 'East Asian' 'European' 'Hispanic/Latin American' 'NR'],['African' 'East Asian' 'European' 'Hispanic/Latin American' 'NR'],45,45,9,4,4,4,True,Asthma,Asthma,29,29,4,25,Proxy biomarker,pulmonary,True,REVIEW,,
pt_d1ce49dddeb139c3,TSLP-D001249,TSLP,A,D001249,Asthma,SENSITIVITY,Proxy biomarker,Pan-UKB,Pan-UKB::continuous|3062|both_sexes||irnt,Forced vital capacity (FVC),continuous|3062|both_sexes||irnt,GRCh37,fvc,"AFR,CSA,EUR,MID","AFR,CSA,MID",map_8f3487c5d3ef8b41,"Eosinophils and spirometry measure allergic inflammation or airway physiology, not asthma diagnosis itself.",Retained only for prespecified sensitivity analysis.,Asthma,Launched,,True,['African' 'East Asian' 'European' 'Hispanic/Latin American' 'NR'],['African' 'East Asian' 'European' 'Hispanic/Latin American' 'NR'],['African' 'East Asian' 'European' 'Hispanic/Latin American' 'NR'],45,45,9,4,4,4,True,Asthma,Asthma,29,29,4,25,Proxy biomarker,pulmonary,True,REVIEW,,
pt_0affe3a684ffcbd8,TSLP-D003876,TSLP,B,D003876,"Dermatitis, Atopic",SENSITIVITY,Proxy biomarker,Pan-UKB,Pan-UKB::continuous|30150|both_sexes||irnt,Eosinophill count,continuous|30150|both_sexes||irnt,GRCh37,eosinophil_count,"CSA,EUR",CSA,map_5870426bd34a44e7,Eosinophil count is an allergic-inflammatory biomarker rather than the disease endpoint.,Retained only for prespecified sensitivity analysis.,"Dermatitis, Atopic",Phase II,,True,['East Asian' 'European'],[],['East Asian' 'European'],2,2,0,2,0,2,False,"Dermatitis, Atopic","Dermatitis, Atopic",12,12,2,10,Proxy biomarker,hematology_allergy,True,REVIEW,,
pt_6fbd807653ec64b3,TSLP-D029424,TSLP,B,D029424,"Pulmonary Disease, Chronic Obstructive",PRIMARY,Direct disease,GBMI,GBMI::COPD,Chronic obstructive pulmonary disease,COPD,GRCh38,COPD,"AFR,AMR,EAS,EUR","AFR,AMR,EAS",map_c342a950924fe3b4,The GBMI endpoint is an exact or clinically equivalent disease endpoint.,Locked as the single primary representation of this indication.,"Pulmonary Disease, Chronic Obstructive",Phase II,,True,['African' 'East Asian' 'European' 'Hispanic/Latin American' 'NR'],['African' 'East Asian' 'European' 'Hispanic/Latin American' 'NR'],['African' 'East Asian' 'European' 'Hispanic/Latin American' 'NR'],41,41,8,4,4,4,True,"Pulmonary Disease, Chronic Obstructive","Pulmonary Disease, Chronic Obstructive",20,20,3,17,Direct disease,direct_disease,True,REVIEW,,
pt_02c944045860b60d,TSLP-D029424,TSLP,B,D029424,"Pulmonary Disease, Chronic Obstructive",SENSITIVITY,Closely related phenotype,Pan-UKB,Pan-UKB::continuous|3063|both_sexes||irnt,Forced expiratory volume in 1-second (FEV1),continuous|3063|both_sexes||irnt,GRCh37,fev1,"AFR,CSA,EUR,MID","AFR,CSA,MID",map_3b5ef0a073ff5fa0,Spirometry measures airflow limitation central to COPD but is not the disease endpoint.,Retained only for prespecified sensitivity analysis.,"Pulmonary Disease, Chronic Obstructive",Phase II,,True,['African' 'East Asian' 'European' 'Hispanic/Latin American' 'NR'],['African' 'East Asian' 'European' 'Hispanic/Latin American' 'NR'],['African' 'East Asian' 'European' 'Hispanic/Latin American' 'NR'],41,41,8,4,4,4,True,"Pulmonary Disease, Chronic Obstructive","Pulmonary Disease, Chronic Obstructive",20,20,3,17,Closely related phenotype,pulmonary,True,REVIEW,,
pt_4af3e5879d84dad7,TSLP-D029424,TSLP,B,D029424,"Pulmonary Disease, Chronic Obstructive",SENSITIVITY,Closely related phenotype,Pan-UKB,Pan-UKB::continuous|3062|both_sexes||irnt,Forced vital capacity (FVC),continuous|3062|both_sexes||irnt,GRCh37,fvc,"AFR,CSA,EUR,MID","AFR,CSA,MID",map_16d098169734a13c,Spirometry measures airflow limitation central to COPD but is not the disease endpoint.,Retained only for prespecified sensitivity analysis.,"Pulmonary Disease, Chronic Obstructive",Phase II,,True,['African' 'East Asian' 'European' 'Hispanic/Latin American' 'NR'],['African' 'East Asian' 'European' 'Hispanic/Latin American' 'NR'],['African' 'East Asian' 'European' 'Hispanic/Latin American' 'NR'],41,41,8,4,4,4,True,"Pulmonary Disease, Chronic Obstructive","Pulmonary Disease, Chronic Obstructive",20,20,3,17,Closely related phenotype,pulmonary,True,REVIEW,,
pt_73a2e398b8f2094d,TYK2-D001249,TYK2,B,D001249,Asthma,PRIMARY,Direct disease,GBMI,GBMI::Asthma,Asthma,Asthma,GRCh38,Asthma,"AFR,AMR,CSA,EAS,EUR","AFR,AMR,CSA,EAS",map_142944bd2f968395,The GBMI endpoint is an exact or clinically equivalent disease endpoint.,Locked as the single primary representation of this indication.,Asthma,Phase I,,True,['European'],[],['European'],1,1,0,1,0,1,False,Asthma,Asthma,29,29,4,25,Direct disease,direct_disease,True,REVIEW,,
pt_2cacafc4716b556f,TYK2-D001249,TYK2,B,D001249,Asthma,SENSITIVITY,Proxy biomarker,Pan-UKB,Pan-UKB::continuous|30150|both_sexes||irnt,Eosinophill count,continuous|30150|both_sexes||irnt,GRCh37,eosinophil_count,"CSA,EUR",CSA,map_cb8244ded7498122,"Eosinophils and spirometry measure allergic inflammation or airway physiology, not asthma diagnosis itself.",Retained only for prespecified sensitivity analysis.,Asthma,Phase I,,True,['European'],[],['European'],1,1,0,1,0,1,False,Asthma,Asthma,29,29,4,25,Proxy biomarker,hematology_allergy,True,REVIEW,,
pt_58af00ec67e8e146,TYK2-D001249,TYK2,B,D001249,Asthma,SENSITIVITY,Proxy biomarker,Pan-UKB,Pan-UKB::continuous|3063|both_sexes||irnt,Forced expiratory volume in 1-second (FEV1),continuous|3063|both_sexes||irnt,GRCh37,fev1,"AFR,CSA,EUR,MID","AFR,CSA,MID",map_59356df4843aaef1,"Eosinophils and spirometry measure allergic inflammation or airway physiology, not asthma diagnosis itself.",Retained only for prespecified sensitivity analysis.,Asthma,Phase I,,True,['European'],[],['European'],1,1,0,1,0,1,False,Asthma,Asthma,29,29,4,25,Proxy biomarker,pulmonary,True,REVIEW,,
pt_39bb2fbf49d59b8d,TYK2-D001249,TYK2,B,D001249,Asthma,SENSITIVITY,Proxy biomarker,Pan-UKB,Pan-UKB::continuous|3062|both_sexes||irnt,Forced vital capacity (FVC),continuous|3062|both_sexes||irnt,GRCh37,fvc,"AFR,CSA,EUR,MID","AFR,CSA,MID",map_8f3487c5d3ef8b41,"Eosinophils and spirometry measure allergic inflammation or airway physiology, not asthma diagnosis itself.",Retained only for prespecified sensitivity analysis.,Asthma,Phase I,,True,['European'],[],['European'],1,1,0,1,0,1,False,Asthma,Asthma,29,29,4,25,Proxy biomarker,pulmonary,True,REVIEW,,
pt_d81e42f03d1b90d2,VDR-D006973,VDR,B,D006973,Hypertension,SENSITIVITY,Direct quantitative readout,Pan-UKB,Pan-UKB::continuous|4079|both_sexes||irnt,"Diastolic blood pressure, automated reading",continuous|4079|both_sexes||irnt,GRCh37,diastolic_blood_pressure,"CSA,EUR",CSA,map_a10198eb08d8bca6,Blood pressure is the defining quantitative phenotype.,Retained only for prespecified sensitivity analysis.,Hypertension,Phase I,,True,['European' 'NR'],[],['European' 'NR'],3,3,0,1,0,1,False,Hypertension,Hypertension,19,19,8,11,Direct quantitative readout,blood_pressure,True,REVIEW,,
pt_87b66938e76e560f,VDR-D006973,VDR,B,D006973,Hypertension,PRIMARY,Direct quantitative readout,Pan-UKB,Pan-UKB::continuous|4080|both_sexes||irnt,"Systolic blood pressure, automated reading",continuous|4080|both_sexes||irnt,GRCh37,systolic_blood_pressure,"CSA,EAS,EUR","CSA,EAS",map_51438025f9ca1f25,Blood pressure is the defining quantitative phenotype.,Locked as the single primary representation of this indication.,Hypertension,Phase I,,True,['European' 'NR'],[],['European' 'NR'],3,3,0,1,0,1,False,Hypertension,Hypertension,19,19,8,11,Direct quantitative readout,blood_pressure,True,REVIEW,,
pt_6e450cca7bce9193,VEGFA-D003924,VEGFA,B,D003924,"Diabetes Mellitus, Type 2",PRIMARY,Direct quantitative readout,Pan-UKB,Pan-UKB::biomarkers|30750|both_sexes||irnt,Glycated haemoglobin (HbA1c),biomarkers|30750|both_sexes||irnt,GRCh37,hba1c,"CSA,EUR,MID","CSA,MID",map_ae8d9a8f89a7795e,HbA1c is a standard quantitative measure of chronic glycemia.,Locked as the single primary representation of this indication.,"Diabetes Mellitus, Type 2",Phase I,,True,['African' 'East Asian' 'European' 'Hispanic/Latin American' 'South Asian'],[],['African' 'East Asian' 'European' 'Hispanic/Latin American' 'South Asian'],6,6,0,5,0,5,False,"Diabetes Mellitus, Type 2","Diabetes Mellitus, Type 2",18,18,9,9,Direct quantitative readout,glycemia,True,REVIEW,,
pt_63f8bda62c5b8385,VWF-D020246,VWF,B,D020246,Venous Thrombosis,PRIMARY,Direct disease,GBMI,GBMI::VTE,Venous thromboembolism,VTE,GRCh38,VTE,"AFR,AMR,EAS,EUR","AFR,AMR,EAS",map_ec3d332f75944823,The GBMI endpoint is an exact or clinically equivalent disease endpoint.,Locked as the single primary representation of this indication.,Venous Thrombosis,Phase II,,True,['NR'],[],['NR'],1,1,0,0,0,0,False,Venous Thrombosis,Venous Thrombosis,4,4,2,2,Direct disease,direct_disease,True,REVIEW,,
