comparison_uid,gene_trait_uid,gene,candidate_source,candidate_trait_key,candidate_trait_name,comparison_population,unit_analysis_role,mixed_pool,primary_approval_eligible,maf_threshold,gws_p_threshold,min_portability_variants_pre_ld,min_coloc_variants,n_raw_eur_variants,n_raw_comparison_variants,n_raw_shared_rows,n_duplicate_key_rows_excluded,n_harmonized_exact,n_harmonized_swapped,n_harmonized_primary,n_harmonized_sensitivity,n_valid_biallelic_snp,n_valid_beta_se,n_valid_p,n_valid_af,n_maf_pass,n_quality_pass,n_qc_qualified,n_qc_qualified_sensitivity,n_eur_gws_qc,n_comparison_gws_qc,n_eur_gws_qc_sensitivity,n_comparison_gws_qc_sensitivity,sample_metadata_usable,gbmi_swapped_sensitivity_only,n_eur_strand_flip_flagged,n_comparison_strand_flip_flagged,n_eur_diff_af_gnomad_flagged,n_comparison_diff_af_gnomad_flagged,eur_trait_type,eur_coloc_type,eur_n_cases_median,eur_n_controls_median,eur_n_total_median,eur_case_fraction_median,eur_usable,comparison_trait_type,comparison_coloc_type,comparison_n_cases_median,comparison_n_controls_median,comparison_n_total_median,comparison_case_fraction_median,comparison_usable,portability_pre_ld_eligible,portability_failure_reason,coloc_input_eligible,coloc_failure_reason,coloc_powered_both_ancestries,harmonized_parquet,harmonized_sidecar,cache_action,eur_n_cases,eur_n_controls,eur_n_total,eur_case_fraction,comparison_n_cases,comparison_n_controls,comparison_n_total,comparison_case_fraction,is_primary_mapping,is_nonmixed,primary_mechanistic_universe,portability_primary_locked,portability_sensitivity_locked,coloc_primary_locked,coloc_powered_primary_locked,coloc_sensitivity_locked,coloc_powered_sensitivity_locked,approval_analysis_eligible
cmp_90ebb269ca08e668,gt_24b34ddef722adb5,ADORA1,GBMI,GBMI::Asthma,Asthma,AFR,PRIMARY,False,True,0.01,5e-08,3,50,2584,1797,,0,1132,1,1132,1133,1067,1133,1133,1133,649,1127,606,606.0,44,0,44.0,0.0,True,True,0.0,0.0,5.0,4.0,binary,cc,121940.0,1254131.0,1376071.0,0.08861461363548828,True,binary,cc,5051.0,27607.0,32658.0,0.15466348214832507,True,True,,True,,False,intermediate/15b4/comparisons/cmp_90ebb269ca08e668.parquet,intermediate/15b4/comparisons/cmp_90ebb269ca08e668.json,PROCESSED_NOW,,,,,,,,,True,True,True,True,True,True,False,True,False,True
cmp_3ba52eabf3056c1c,gt_24b34ddef722adb5,ADORA1,GBMI,GBMI::Asthma,Asthma,AMR,PRIMARY,False,True,0.01,5e-08,3,50,2584,1043,,0,1039,0,1039,1039,985,1039,1039,1039,764,1036,719,719.0,44,0,44.0,0.0,True,True,0.0,0.0,3.0,2.0,binary,cc,121940.0,1254131.0,1376071.0,0.08861461363548828,True,binary,cc,4069.0,14104.0,18173.0,0.22390359324272271,True,True,,True,,False,intermediate/15b4/comparisons/cmp_3ba52eabf3056c1c.parquet,intermediate/15b4/comparisons/cmp_3ba52eabf3056c1c.json,PROCESSED_NOW,,,,,,,,,True,True,True,True,True,True,False,True,False,True
cmp_26e44c681a21da82,gt_24b34ddef722adb5,ADORA1,GBMI,GBMI::Asthma,Asthma,CSA,PRIMARY,False,True,0.01,5e-08,3,50,2584,873,,0,846,0,846,846,846,846,846,846,671,844,669,669.0,44,0,44.0,0.0,True,True,0.0,0.0,2.0,1.0,binary,cc,121940.0,1254131.0,1376071.0,0.08861461363548828,True,binary,cc,4015.0,27091.0,31106.0,0.12907477657043656,True,True,,True,,False,intermediate/15b4/comparisons/cmp_26e44c681a21da82.parquet,intermediate/15b4/comparisons/cmp_26e44c681a21da82.json,PROCESSED_NOW,,,,,,,,,True,True,True,True,True,True,False,True,False,True
cmp_882aa5528898efd7,gt_24b34ddef722adb5,ADORA1,GBMI,GBMI::Asthma,Asthma,EAS,PRIMARY,False,True,0.01,5e-08,3,50,2584,1548,,0,916,1,916,917,848,917,917,917,687,911,628,628.0,44,0,44.0,0.0,True,True,0.0,0.0,6.0,2.0,binary,cc,121940.0,1254131.0,1376071.0,0.08861461363548828,True,binary,cc,18549.0,322655.0,341204.0,0.05436337205894421,True,True,,True,,False,intermediate/15b4/comparisons/cmp_882aa5528898efd7.parquet,intermediate/15b4/comparisons/cmp_882aa5528898efd7.json,PROCESSED_NOW,,,,,,,,,True,True,True,True,True,True,False,True,False,True
cmp_1879bacc3f143d63,gt_d1a63f782d9591b6,ADORA2B,GBMI,GBMI::Asthma,Asthma,AFR,PRIMARY,False,True,0.01,5e-08,3,50,2166,1799,,0,1029,0,1029,1029,940,1029,1029,1029,407,1028,362,362.0,99,0,99.0,0.0,True,True,0.0,0.0,1.0,1.0,binary,cc,121940.0,1254131.0,1376071.0,0.08861461363548828,True,binary,cc,5051.0,27607.0,32658.0,0.15466348214832507,True,True,,True,,False,intermediate/15b4/comparisons/cmp_1879bacc3f143d63.parquet,intermediate/15b4/comparisons/cmp_1879bacc3f143d63.json,PROCESSED_NOW,,,,,,,,,True,True,True,True,True,True,False,True,False,True
cmp_3fbdc821bc212f87,gt_d1a63f782d9591b6,ADORA2B,GBMI,GBMI::Asthma,Asthma,AMR,PRIMARY,False,True,0.01,5e-08,3,50,2166,903,,0,895,0,895,895,821,895,895,895,464,894,415,415.0,99,0,99.0,0.0,True,True,0.0,0.0,1.0,0.0,binary,cc,121940.0,1254131.0,1376071.0,0.08861461363548828,True,binary,cc,4069.0,14104.0,18173.0,0.22390359324272271,True,True,,True,,False,intermediate/15b4/comparisons/cmp_3fbdc821bc212f87.parquet,intermediate/15b4/comparisons/cmp_3fbdc821bc212f87.json,PROCESSED_NOW,,,,,,,,,True,True,True,True,True,True,False,True,False,True
cmp_a918f142c50e9c1b,gt_d1a63f782d9591b6,ADORA2B,GBMI,GBMI::Asthma,Asthma,CSA,PRIMARY,False,True,0.01,5e-08,3,50,2166,476,,0,464,0,464,464,464,464,464,464,344,464,344,344.0,99,0,99.0,0.0,True,True,0.0,0.0,0.0,0.0,binary,cc,121940.0,1254131.0,1376071.0,0.08861461363548828,True,binary,cc,4015.0,27091.0,31106.0,0.12907477657043656,True,True,,True,,False,intermediate/15b4/comparisons/cmp_a918f142c50e9c1b.parquet,intermediate/15b4/comparisons/cmp_a918f142c50e9c1b.json,PROCESSED_NOW,,,,,,,,,True,True,True,True,True,True,False,True,False,True
cmp_d4512f391230ce00,gt_d1a63f782d9591b6,ADORA2B,GBMI,GBMI::Asthma,Asthma,EAS,PRIMARY,False,True,0.01,5e-08,3,50,2166,805,,0,633,0,633,633,566,633,633,633,430,632,373,373.0,99,0,99.0,0.0,True,True,0.0,0.0,1.0,0.0,binary,cc,121940.0,1254131.0,1376071.0,0.08861461363548828,True,binary,cc,18549.0,322655.0,341204.0,0.05436337205894421,True,True,,True,,False,intermediate/15b4/comparisons/cmp_d4512f391230ce00.parquet,intermediate/15b4/comparisons/cmp_d4512f391230ce00.json,PROCESSED_NOW,,,,,,,,,True,True,True,True,True,True,False,True,False,True
cmp_b4fc8783bf50b0f8,gt_8ec8b2adc38392c6,CSF2,GBMI,GBMI::Asthma,Asthma,AFR,PRIMARY,False,True,0.01,5e-08,3,50,1868,1497,,0,883,1,883,884,837,884,884,884,345,884,329,329.0,51,0,51.0,0.0,True,True,0.0,0.0,0.0,0.0,binary,cc,121940.0,1254131.0,1376071.0,0.08861461363548828,True,binary,cc,5051.0,27607.0,32658.0,0.15466348214832507,True,True,,True,,False,intermediate/15b4/comparisons/cmp_b4fc8783bf50b0f8.parquet,intermediate/15b4/comparisons/cmp_b4fc8783bf50b0f8.json,PROCESSED_NOW,,,,,,,,,True,True,True,True,True,True,False,True,False,True
cmp_900aed83a970be9e,gt_8ec8b2adc38392c6,CSF2,GBMI,GBMI::Asthma,Asthma,AMR,PRIMARY,False,True,0.01,5e-08,3,50,1868,555,,0,553,0,553,553,531,553,553,553,380,553,362,362.0,51,0,51.0,0.0,True,True,0.0,0.0,0.0,0.0,binary,cc,121940.0,1254131.0,1376071.0,0.08861461363548828,True,binary,cc,4069.0,14104.0,18173.0,0.22390359324272271,True,True,,True,,False,intermediate/15b4/comparisons/cmp_900aed83a970be9e.parquet,intermediate/15b4/comparisons/cmp_900aed83a970be9e.json,PROCESSED_NOW,,,,,,,,,True,True,True,True,True,True,False,True,False,True
cmp_872016488aceb283,gt_8ec8b2adc38392c6,CSF2,GBMI,GBMI::Asthma,Asthma,CSA,PRIMARY,False,True,0.01,5e-08,3,50,1868,552,,0,497,0,497,497,497,497,497,497,343,497,343,343.0,50,0,50.0,0.0,True,True,0.0,0.0,0.0,0.0,binary,cc,121940.0,1254131.0,1376071.0,0.08861461363548828,True,binary,cc,4015.0,27091.0,31106.0,0.12907477657043656,True,True,,True,,False,intermediate/15b4/comparisons/cmp_872016488aceb283.parquet,intermediate/15b4/comparisons/cmp_872016488aceb283.json,PROCESSED_NOW,,,,,,,,,True,True,True,True,True,True,False,True,False,True
cmp_d8dd6ef7088ffba2,gt_8ec8b2adc38392c6,CSF2,GBMI,GBMI::Asthma,Asthma,EAS,PRIMARY,False,True,0.01,5e-08,3,50,1868,762,,0,428,0,428,428,405,428,428,428,315,428,295,295.0,24,0,24.0,0.0,True,True,0.0,0.0,0.0,0.0,binary,cc,121940.0,1254131.0,1376071.0,0.08861461363548828,True,binary,cc,18549.0,322655.0,341204.0,0.05436337205894421,True,True,,True,,False,intermediate/15b4/comparisons/cmp_d8dd6ef7088ffba2.parquet,intermediate/15b4/comparisons/cmp_d8dd6ef7088ffba2.json,PROCESSED_NOW,,,,,,,,,True,True,True,True,True,True,False,True,False,True
cmp_dc17746c43ba008b,gt_519bb947b499daff,GATA3,GBMI,GBMI::Asthma,Asthma,AFR,PRIMARY,False,True,0.01,5e-08,3,50,2668,1878,,0,1354,2,1354,1356,1278,1356,1356,1356,737,1355,696,696.0,19,0,19.0,0.0,True,True,1.0,0.0,1.0,0.0,binary,cc,118889.0,1240541.0,1359430.0,0.08861461363548828,True,binary,cc,4762.0,26670.0,31432.0,0.15466348214832507,True,True,,True,,False,intermediate/15b4/comparisons/cmp_dc17746c43ba008b.parquet,intermediate/15b4/comparisons/cmp_dc17746c43ba008b.json,PROCESSED_NOW,,,,,,,,,True,True,True,True,True,True,False,True,False,True
cmp_9d824417fe65d822,gt_519bb947b499daff,GATA3,GBMI,GBMI::Asthma,Asthma,AMR,PRIMARY,False,True,0.01,5e-08,3,50,2668,1105,,0,1098,1,1098,1099,1044,1099,1099,1099,882,1098,835,835.0,19,0,19.0,0.0,True,True,1.0,0.0,0.0,1.0,binary,cc,118889.0,1240541.0,1359430.0,0.08861461363548828,True,binary,cc,4069.0,14104.0,18173.0,0.22390359324272271,True,True,,True,,False,intermediate/15b4/comparisons/cmp_9d824417fe65d822.parquet,intermediate/15b4/comparisons/cmp_9d824417fe65d822.json,PROCESSED_NOW,,,,,,,,,True,True,True,True,True,True,False,True,False,True
cmp_6fac66445dcff4c0,gt_519bb947b499daff,GATA3,GBMI,GBMI::Asthma,Asthma,CSA,PRIMARY,False,True,0.01,5e-08,3,50,2668,943,,0,900,0,900,900,900,900,900,900,762,900,762,762.0,19,0,19.0,0.0,True,True,1.0,0.0,0.0,0.0,binary,cc,121940.0,1254131.0,1376071.0,0.08861461363548828,True,binary,cc,4015.0,27091.0,31106.0,0.12907477657043656,True,True,,True,,False,intermediate/15b4/comparisons/cmp_6fac66445dcff4c0.parquet,intermediate/15b4/comparisons/cmp_6fac66445dcff4c0.json,PROCESSED_NOW,,,,,,,,,True,True,True,True,True,True,False,True,False,True
cmp_ba664b37fee5bc19,gt_519bb947b499daff,GATA3,GBMI,GBMI::Asthma,Asthma,EAS,PRIMARY,False,True,0.01,5e-08,3,50,2668,1302,,0,951,2,951,953,885,953,953,953,626,946,576,577.0,19,1,19.0,1.0,True,True,1.0,0.0,7.0,2.0,binary,cc,117670.0,1198773.0,1316443.0,0.08861461363548828,True,binary,cc,18549.0,322655.0,341204.0,0.05436337205894421,True,True,,True,,True,intermediate/15b4/comparisons/cmp_ba664b37fee5bc19.parquet,intermediate/15b4/comparisons/cmp_ba664b37fee5bc19.json,PROCESSED_NOW,,,,,,,,,True,True,True,True,True,True,True,True,True,True
cmp_ab8ccf0cc0913f47,gt_b5915a3fe7e0c8ef,IL13,GBMI,GBMI::Asthma,Asthma,AFR,PRIMARY,False,True,0.01,5e-08,3,50,1807,1300,,0,860,1,860,861,797,861,861,861,289,860,264,264.0,223,0,223.0,0.0,True,True,0.0,0.0,1.0,1.0,binary,cc,117670.0,1198773.0,1316443.0,0.08938480435537277,True,binary,cc,3603.0,15575.0,19178.0,0.18787151944936906,True,True,,True,,False,intermediate/15b4/comparisons/cmp_ab8ccf0cc0913f47.parquet,intermediate/15b4/comparisons/cmp_ab8ccf0cc0913f47.json,PROCESSED_NOW,,,,,,,,,True,True,True,True,True,True,False,True,False,True
cmp_d6a94e5b9cd24b66,gt_b5915a3fe7e0c8ef,IL13,GBMI,GBMI::Asthma,Asthma,AMR,PRIMARY,False,True,0.01,5e-08,3,50,1807,667,,0,666,1,666,667,615,667,667,667,317,666,292,292.0,229,0,229.0,0.0,True,True,0.0,0.0,1.0,1.0,binary,cc,117670.0,1198773.0,1316443.0,0.08938480435537277,True,binary,cc,4069.0,14104.0,18173.0,0.22390359324272271,True,True,,True,,False,intermediate/15b4/comparisons/cmp_d6a94e5b9cd24b66.parquet,intermediate/15b4/comparisons/cmp_d6a94e5b9cd24b66.json,PROCESSED_NOW,,,,,,,,,True,True,True,True,True,True,False,True,False,True
cmp_36a279eb7569f6dc,gt_b5915a3fe7e0c8ef,IL13,GBMI,GBMI::Asthma,Asthma,CSA,PRIMARY,False,True,0.01,5e-08,3,50,1807,436,,0,425,0,425,425,425,425,425,425,286,424,285,285.0,226,0,226.0,0.0,True,True,0.0,0.0,1.0,1.0,binary,cc,117670.0,1198773.0,1316443.0,0.08938480435537277,True,binary,cc,4015.0,27091.0,31106.0,0.12907477657043656,True,True,,True,,False,intermediate/15b4/comparisons/cmp_36a279eb7569f6dc.parquet,intermediate/15b4/comparisons/cmp_36a279eb7569f6dc.json,PROCESSED_NOW,,,,,,,,,True,True,True,True,True,True,False,True,False,True
cmp_a76b488e4d6fc321,gt_b5915a3fe7e0c8ef,IL13,GBMI,GBMI::Asthma,Asthma,EAS,PRIMARY,False,True,0.01,5e-08,3,50,1807,576,,0,346,0,346,346,316,346,346,346,286,345,260,260.0,225,81,225.0,81.0,True,True,0.0,0.0,1.0,1.0,binary,cc,117670.0,1198773.0,1316443.0,0.08938480435537277,True,binary,cc,18549.0,322655.0,341204.0,0.05436337205894421,True,True,,True,,True,intermediate/15b4/comparisons/cmp_a76b488e4d6fc321.parquet,intermediate/15b4/comparisons/cmp_a76b488e4d6fc321.json,PROCESSED_NOW,,,,,,,,,True,True,True,True,True,True,True,True,True,True
cmp_50dfe6ec581edb6f,gt_e0253f9da76890c4,IL1RL1,GBMI,GBMI::Asthma,Asthma,AFR,PRIMARY,False,True,0.01,5e-08,3,50,2435,1825,,0,1163,1,1163,1164,1093,1164,1164,1164,826,1157,775,775.0,398,0,398.0,0.0,True,True,1.0,0.0,7.0,2.0,binary,cc,121940.0,1254131.0,1376071.0,0.08861461363548828,True,binary,cc,5051.0,27607.0,32658.0,0.15466348214832507,True,True,,True,,False,intermediate/15b4/comparisons/cmp_50dfe6ec581edb6f.parquet,intermediate/15b4/comparisons/cmp_50dfe6ec581edb6f.json,PROCESSED_NOW,,,,,,,,,True,True,True,True,True,True,False,True,False,True
cmp_1113c8b20072258e,gt_e0253f9da76890c4,IL1RL1,GBMI,GBMI::Asthma,Asthma,AMR,PRIMARY,False,True,0.01,5e-08,3,50,2435,1023,,0,1020,1,1020,1021,954,1021,1021,1021,874,1015,820,820.0,398,0,398.0,0.0,True,True,1.0,0.0,6.0,0.0,binary,cc,121940.0,1254131.0,1376071.0,0.08861461363548828,True,binary,cc,4069.0,14104.0,18173.0,0.22390359324272271,True,True,,True,,False,intermediate/15b4/comparisons/cmp_1113c8b20072258e.parquet,intermediate/15b4/comparisons/cmp_1113c8b20072258e.json,PROCESSED_NOW,,,,,,,,,True,True,True,True,True,True,False,True,False,True
cmp_4af752414605f4d3,gt_e0253f9da76890c4,IL1RL1,GBMI,GBMI::Asthma,Asthma,CSA,PRIMARY,False,True,0.01,5e-08,3,50,2435,959,,0,931,0,931,931,931,931,931,931,783,927,779,779.0,397,21,397.0,21.0,True,True,0.0,0.0,4.0,0.0,binary,cc,121940.0,1254131.0,1376071.0,0.08861461363548828,True,binary,cc,4015.0,27091.0,31106.0,0.12907477657043656,True,True,,True,,True,intermediate/15b4/comparisons/cmp_4af752414605f4d3.parquet,intermediate/15b4/comparisons/cmp_4af752414605f4d3.json,PROCESSED_NOW,,,,,,,,,True,True,True,True,True,True,True,True,True,True
cmp_17d744d1985fa469,gt_e0253f9da76890c4,IL1RL1,GBMI,GBMI::Asthma,Asthma,EAS,PRIMARY,False,True,0.01,5e-08,3,50,2435,1206,,0,849,0,849,849,782,849,849,849,720,839,656,656.0,392,92,392.0,92.0,True,True,1.0,0.0,9.0,2.0,binary,cc,121940.0,1254131.0,1376071.0,0.08861461363548828,True,binary,cc,18549.0,322655.0,341204.0,0.05436337205894421,True,True,,True,,True,intermediate/15b4/comparisons/cmp_17d744d1985fa469.parquet,intermediate/15b4/comparisons/cmp_17d744d1985fa469.json,PROCESSED_NOW,,,,,,,,,True,True,True,True,True,True,True,True,True,True
cmp_2fa1f1babb57f737,gt_ceb57718dd9864a2,IL3,GBMI,GBMI::Asthma,Asthma,AFR,PRIMARY,False,True,0.01,5e-08,3,50,1837,1485,,0,869,1,869,870,825,870,870,870,334,870,319,319.0,50,0,50.0,0.0,True,True,0.0,0.0,0.0,0.0,binary,cc,121940.0,1254131.0,1376071.0,0.08861461363548828,True,binary,cc,5051.0,27607.0,32658.0,0.15466348214832507,True,True,,True,,False,intermediate/15b4/comparisons/cmp_2fa1f1babb57f737.parquet,intermediate/15b4/comparisons/cmp_2fa1f1babb57f737.json,PROCESSED_NOW,,,,,,,,,True,True,True,True,True,True,False,True,False,True
cmp_c7a26102b9b160c3,gt_ceb57718dd9864a2,IL3,GBMI,GBMI::Asthma,Asthma,AMR,PRIMARY,False,True,0.01,5e-08,3,50,1837,540,,0,537,0,537,537,517,537,537,537,369,537,352,352.0,50,0,50.0,0.0,True,True,0.0,0.0,0.0,0.0,binary,cc,121940.0,1254131.0,1376071.0,0.08861461363548828,True,binary,cc,4069.0,14104.0,18173.0,0.22390359324272271,True,True,,True,,False,intermediate/15b4/comparisons/cmp_c7a26102b9b160c3.parquet,intermediate/15b4/comparisons/cmp_c7a26102b9b160c3.json,PROCESSED_NOW,,,,,,,,,True,True,True,True,True,True,False,True,False,True
cmp_4aca20d855ce9b3c,gt_ceb57718dd9864a2,IL3,GBMI,GBMI::Asthma,Asthma,CSA,PRIMARY,False,True,0.01,5e-08,3,50,1837,536,,0,478,0,478,478,478,478,478,478,332,478,332,332.0,49,0,49.0,0.0,True,True,0.0,0.0,0.0,0.0,binary,cc,121940.0,1254131.0,1376071.0,0.08861461363548828,True,binary,cc,4015.0,27091.0,31106.0,0.12907477657043656,True,True,,True,,False,intermediate/15b4/comparisons/cmp_4aca20d855ce9b3c.parquet,intermediate/15b4/comparisons/cmp_4aca20d855ce9b3c.json,PROCESSED_NOW,,,,,,,,,True,True,True,True,True,True,False,True,False,True
cmp_82190d5c3cce51fe,gt_ceb57718dd9864a2,IL3,GBMI,GBMI::Asthma,Asthma,EAS,PRIMARY,False,True,0.01,5e-08,3,50,1837,724,,0,402,0,402,402,384,402,402,402,299,402,283,283.0,23,0,23.0,0.0,True,True,0.0,0.0,0.0,0.0,binary,cc,121940.0,1254131.0,1376071.0,0.08861461363548828,True,binary,cc,18549.0,322655.0,341204.0,0.05436337205894421,True,True,,True,,False,intermediate/15b4/comparisons/cmp_82190d5c3cce51fe.parquet,intermediate/15b4/comparisons/cmp_82190d5c3cce51fe.json,PROCESSED_NOW,,,,,,,,,True,True,True,True,True,True,False,True,False,True
cmp_2bc6da7bd58f8b90,gt_62933438673c2307,IL33,GBMI,GBMI::Asthma,Asthma,AFR,PRIMARY,False,True,0.01,5e-08,3,50,2619,1796,,0,1133,0,1133,1133,1080,1133,1133,1133,627,1131,602,602.0,215,0,215.0,0.0,True,True,1.0,1.0,2.0,1.0,binary,cc,118889.0,1240541.0,1359430.0,0.08861461363548828,True,binary,cc,4762.0,26670.0,31432.0,0.15466348214832507,True,True,,True,,False,intermediate/15b4/comparisons/cmp_2bc6da7bd58f8b90.parquet,intermediate/15b4/comparisons/cmp_2bc6da7bd58f8b90.json,PROCESSED_NOW,,,,,,,,,True,True,True,True,True,True,False,True,False,True
cmp_11df635d08e72758,gt_62933438673c2307,IL33,GBMI,GBMI::Asthma,Asthma,AMR,PRIMARY,False,True,0.01,5e-08,3,50,2619,928,,0,916,0,916,916,877,916,916,916,706,913,675,675.0,222,0,222.0,0.0,True,True,1.0,1.0,2.0,2.0,binary,cc,118889.0,1240541.0,1359430.0,0.08861461363548828,True,binary,cc,4069.0,14104.0,18173.0,0.22390359324272271,True,True,,True,,False,intermediate/15b4/comparisons/cmp_11df635d08e72758.parquet,intermediate/15b4/comparisons/cmp_11df635d08e72758.json,PROCESSED_NOW,,,,,,,,,True,True,True,True,True,True,False,True,False,True
cmp_a0dab9d33f7b3552,gt_62933438673c2307,IL33,GBMI,GBMI::Asthma,Asthma,CSA,PRIMARY,False,True,0.01,5e-08,3,50,2619,739,,0,713,0,713,713,713,713,713,713,559,713,559,559.0,210,0,210.0,0.0,True,True,0.0,0.0,0.0,0.0,binary,cc,121940.0,1254131.0,1376071.0,0.08861461363548828,True,binary,cc,4015.0,27091.0,31106.0,0.12907477657043656,True,True,,True,,False,intermediate/15b4/comparisons/cmp_a0dab9d33f7b3552.parquet,intermediate/15b4/comparisons/cmp_a0dab9d33f7b3552.json,PROCESSED_NOW,,,,,,,,,True,True,True,True,True,True,False,True,False,True
cmp_af469cf6305c50e3,gt_62933438673c2307,IL33,GBMI,GBMI::Asthma,Asthma,EAS,PRIMARY,False,True,0.01,5e-08,3,50,2619,1085,,0,713,0,713,713,678,713,713,713,339,710,315,315.0,154,0,154.0,0.0,True,True,1.0,0.0,3.0,0.0,binary,cc,121940.0,1254131.0,1376071.0,0.08861461363548828,True,binary,cc,18549.0,322655.0,341204.0,0.05436337205894421,True,True,,True,,False,intermediate/15b4/comparisons/cmp_af469cf6305c50e3.parquet,intermediate/15b4/comparisons/cmp_af469cf6305c50e3.json,PROCESSED_NOW,,,,,,,,,True,True,True,True,True,True,False,True,False,True
cmp_812c7bbd23890504,gt_aff18fde645e6a6f,IL4R,GBMI,GBMI::Asthma,Asthma,AFR,PRIMARY,False,True,0.01,5e-08,3,50,2598,1717,,0,1166,0,1166,1166,1094,1166,1166,1166,627,1162,579,579.0,156,0,156.0,0.0,True,True,0.0,0.0,3.0,2.0,binary,cc,117670.0,1198773.0,1316443.0,0.08861461363548828,True,binary,cc,3603.0,21028.0,24154.0,0.15466348214832507,True,True,,True,,False,intermediate/15b4/comparisons/cmp_812c7bbd23890504.parquet,intermediate/15b4/comparisons/cmp_812c7bbd23890504.json,PROCESSED_NOW,,,,,,,,,True,True,True,True,True,True,False,True,False,True
cmp_5235bc263b35ea04,gt_aff18fde645e6a6f,IL4R,GBMI,GBMI::Asthma,Asthma,AMR,PRIMARY,False,True,0.01,5e-08,3,50,2598,1034,,0,1018,0,1018,1018,951,1018,1018,1018,715,1015,660,660.0,157,0,157.0,0.0,True,True,0.0,0.0,3.0,1.0,binary,cc,117670.0,1232343.0,1349938.0,0.08861461363548828,True,binary,cc,4069.0,14104.0,18173.0,0.22390359324272271,True,True,,True,,False,intermediate/15b4/comparisons/cmp_5235bc263b35ea04.parquet,intermediate/15b4/comparisons/cmp_5235bc263b35ea04.json,PROCESSED_NOW,,,,,,,,,True,True,True,True,True,True,False,True,False,True
cmp_7aa41dc81cd9b3ff,gt_aff18fde645e6a6f,IL4R,GBMI,GBMI::Asthma,Asthma,CSA,PRIMARY,False,True,0.01,5e-08,3,50,2598,663,,0,653,0,653,653,653,653,653,653,540,652,539,539.0,156,0,156.0,0.0,True,True,0.0,0.0,1.0,0.0,binary,cc,117670.0,1198773.0,1316443.0,0.08861461363548828,True,binary,cc,4015.0,27091.0,31106.0,0.12907477657043656,True,True,,True,,False,intermediate/15b4/comparisons/cmp_7aa41dc81cd9b3ff.parquet,intermediate/15b4/comparisons/cmp_7aa41dc81cd9b3ff.json,PROCESSED_NOW,,,,,,,,,True,True,True,True,True,True,False,True,False,True
cmp_2565e0e2adfe1275,gt_aff18fde645e6a6f,IL4R,GBMI,GBMI::Asthma,Asthma,EAS,PRIMARY,False,True,0.01,5e-08,3,50,2598,923,,0,654,0,654,654,607,654,654,654,481,648,437,437.0,163,105,163.0,105.0,True,True,0.0,0.0,6.0,4.0,binary,cc,117670.0,1198773.0,1316443.0,0.08861461363548828,True,binary,cc,18549.0,322655.0,341204.0,0.05436337205894421,True,True,,True,,True,intermediate/15b4/comparisons/cmp_2565e0e2adfe1275.parquet,intermediate/15b4/comparisons/cmp_2565e0e2adfe1275.json,PROCESSED_NOW,,,,,,,,,True,True,True,True,True,True,True,True,True,True
cmp_3618bc9e13b64408,gt_8eacc233dce7b2c8,IL5,GBMI,GBMI::Asthma,Asthma,AFR,PRIMARY,False,True,0.01,5e-08,3,50,1826,1344,,0,887,0,887,887,814,887,887,887,403,884,366,366.0,229,0,229.0,0.0,True,True,0.0,0.0,3.0,2.0,binary,cc,121940.0,1254131.0,1376071.0,0.08861461363548828,True,binary,cc,5051.0,27607.0,32658.0,0.15466348214832507,True,True,,True,,False,intermediate/15b4/comparisons/cmp_3618bc9e13b64408.parquet,intermediate/15b4/comparisons/cmp_3618bc9e13b64408.json,PROCESSED_NOW,,,,,,,,,True,True,True,True,True,True,False,True,False,True
cmp_562bf6b74a067fe1,gt_8eacc233dce7b2c8,IL5,GBMI,GBMI::Asthma,Asthma,AMR,PRIMARY,False,True,0.01,5e-08,3,50,1826,734,,0,732,0,732,732,676,732,732,732,436,729,399,399.0,234,0,234.0,0.0,True,True,0.0,0.0,3.0,3.0,binary,cc,121940.0,1254131.0,1376071.0,0.08861461363548828,True,binary,cc,4069.0,14104.0,18173.0,0.22390359324272271,True,True,,True,,False,intermediate/15b4/comparisons/cmp_562bf6b74a067fe1.parquet,intermediate/15b4/comparisons/cmp_562bf6b74a067fe1.json,PROCESSED_NOW,,,,,,,,,True,True,True,True,True,True,False,True,False,True
cmp_596f61a009141a06,gt_8eacc233dce7b2c8,IL5,GBMI,GBMI::Asthma,Asthma,CSA,PRIMARY,False,True,0.01,5e-08,3,50,1826,591,,0,569,0,569,569,569,569,569,569,382,568,381,381.0,229,0,229.0,0.0,True,True,0.0,0.0,1.0,0.0,binary,cc,121940.0,1254131.0,1376071.0,0.08861461363548828,True,binary,cc,4015.0,27091.0,31106.0,0.12907477657043656,True,True,,True,,False,intermediate/15b4/comparisons/cmp_596f61a009141a06.parquet,intermediate/15b4/comparisons/cmp_596f61a009141a06.json,PROCESSED_NOW,,,,,,,,,True,True,True,True,True,True,False,True,False,True
cmp_297fbf716b9104dc,gt_8eacc233dce7b2c8,IL5,GBMI,GBMI::Asthma,Asthma,EAS,PRIMARY,False,True,0.01,5e-08,3,50,1826,716,,0,450,0,450,450,406,450,450,450,383,450,345,345.0,224,84,224.0,84.0,True,True,0.0,0.0,0.0,0.0,binary,cc,121940.0,1254131.0,1376071.0,0.08861461363548828,True,binary,cc,18549.0,322655.0,341204.0,0.05436337205894421,True,True,,True,,True,intermediate/15b4/comparisons/cmp_297fbf716b9104dc.parquet,intermediate/15b4/comparisons/cmp_297fbf716b9104dc.json,PROCESSED_NOW,,,,,,,,,True,True,True,True,True,True,True,True,True,True
cmp_377f011c20740fe6,gt_d2fd12497bba2d5c,IL6,GBMI,GBMI::Asthma,Asthma,AFR,PRIMARY,False,True,0.01,5e-08,3,50,2123,1720,,0,1066,0,1066,1066,1014,1066,1066,1066,735,1064,700,700.0,79,0,79.0,0.0,True,True,0.0,0.0,1.0,2.0,binary,cc,121940.0,1254131.0,1376071.0,0.08861461363548828,True,binary,cc,5051.0,27607.0,32658.0,0.15466348214832507,True,True,,True,,False,intermediate/15b4/comparisons/cmp_377f011c20740fe6.parquet,intermediate/15b4/comparisons/cmp_377f011c20740fe6.json,PROCESSED_NOW,,,,,,,,,True,True,True,True,True,True,False,True,False,True
cmp_df338e515712a29b,gt_d2fd12497bba2d5c,IL6,GBMI,GBMI::Asthma,Asthma,AMR,PRIMARY,False,True,0.01,5e-08,3,50,2123,945,,0,939,0,939,939,895,939,939,939,800,939,763,763.0,79,0,79.0,0.0,True,True,0.0,0.0,0.0,0.0,binary,cc,121940.0,1254131.0,1376071.0,0.08861461363548828,True,binary,cc,4069.0,14104.0,18173.0,0.22390359324272271,True,True,,True,,False,intermediate/15b4/comparisons/cmp_df338e515712a29b.parquet,intermediate/15b4/comparisons/cmp_df338e515712a29b.json,PROCESSED_NOW,,,,,,,,,True,True,True,True,True,True,False,True,False,True
cmp_01c999296b50331d,gt_d2fd12497bba2d5c,IL6,GBMI,GBMI::Asthma,Asthma,CSA,PRIMARY,False,True,0.01,5e-08,3,50,2123,971,,0,853,0,853,853,853,853,853,853,735,853,735,735.0,79,0,79.0,0.0,True,True,0.0,0.0,0.0,0.0,binary,cc,121940.0,1254131.0,1376071.0,0.08861461363548828,True,binary,cc,4015.0,27091.0,31106.0,0.12907477657043656,True,True,,True,,False,intermediate/15b4/comparisons/cmp_01c999296b50331d.parquet,intermediate/15b4/comparisons/cmp_01c999296b50331d.json,PROCESSED_NOW,,,,,,,,,True,True,True,True,True,True,False,True,False,True
cmp_81b7013723919858,gt_d2fd12497bba2d5c,IL6,GBMI,GBMI::Asthma,Asthma,EAS,PRIMARY,False,True,0.01,5e-08,3,50,2123,1315,,0,832,0,832,832,788,832,832,832,658,824,615,615.0,51,0,51.0,0.0,True,True,0.0,0.0,6.0,3.0,binary,cc,121940.0,1254131.0,1376071.0,0.08861461363548828,True,binary,cc,18549.0,322655.0,341204.0,0.05436337205894421,True,True,,True,,False,intermediate/15b4/comparisons/cmp_81b7013723919858.parquet,intermediate/15b4/comparisons/cmp_81b7013723919858.json,PROCESSED_NOW,,,,,,,,,True,True,True,True,True,True,False,True,False,True
cmp_0774efc1872e713e,gt_7f50a9fa80553ca7,TNFSF15,GBMI,GBMI::Asthma,Asthma,AFR,PRIMARY,False,True,0.01,5e-08,3,50,2004,1227,,0,778,1,778,779,718,779,779,779,479,777,439,439.0,3,0,3.0,0.0,True,True,0.0,0.0,0.0,2.0,binary,cc,120646.0,1245933.0,1366579.0,0.08828322402144333,True,binary,cc,5051.0,27607.0,32658.0,0.15466348214832507,True,True,,True,,False,intermediate/15b4/comparisons/cmp_0774efc1872e713e.parquet,intermediate/15b4/comparisons/cmp_0774efc1872e713e.json,PROCESSED_NOW,,,,,,,,,True,True,True,True,True,True,False,True,False,True
cmp_66091c879cda73f3,gt_7f50a9fa80553ca7,TNFSF15,GBMI,GBMI::Asthma,Asthma,AMR,PRIMARY,False,True,0.01,5e-08,3,50,2004,703,,0,696,0,696,696,644,696,696,696,557,695,514,514.0,3,0,3.0,0.0,True,True,0.0,0.0,0.0,1.0,binary,cc,120646.0,1245933.0,1366579.0,0.08828322402144333,True,binary,cc,4069.0,14104.0,18173.0,0.22390359324272271,True,True,,True,,False,intermediate/15b4/comparisons/cmp_66091c879cda73f3.parquet,intermediate/15b4/comparisons/cmp_66091c879cda73f3.json,PROCESSED_NOW,,,,,,,,,True,True,True,True,True,True,False,True,False,True
cmp_f5f9d92e52842a63,gt_7f50a9fa80553ca7,TNFSF15,GBMI,GBMI::Asthma,Asthma,CSA,PRIMARY,False,True,0.01,5e-08,3,50,2004,583,,0,581,0,581,581,581,581,581,581,483,581,483,483.0,3,0,3.0,0.0,True,True,0.0,0.0,0.0,0.0,binary,cc,120646.0,1245933.0,1366579.0,0.08828322402144333,True,binary,cc,4015.0,27091.0,31106.0,0.12907477657043656,True,True,,True,,False,intermediate/15b4/comparisons/cmp_f5f9d92e52842a63.parquet,intermediate/15b4/comparisons/cmp_f5f9d92e52842a63.json,PROCESSED_NOW,,,,,,,,,True,True,True,True,True,True,False,True,False,True
cmp_e854c14fa9f40a21,gt_9974caf98cb25074,TSLP,GBMI,GBMI::Asthma,Asthma,AFR,PRIMARY,False,True,0.01,5e-08,3,50,2432,1985,,0,1189,1,1189,1190,1126,1190,1190,1190,478,1189,455,455.0,201,0,201.0,0.0,True,True,0.0,0.0,0.0,1.0,binary,cc,121940.0,1254131.0,1376071.0,0.08861461363548828,True,binary,cc,5051.0,27607.0,32658.0,0.15466348214832507,True,True,,True,,False,intermediate/15b4/comparisons/cmp_e854c14fa9f40a21.parquet,intermediate/15b4/comparisons/cmp_e854c14fa9f40a21.json,PROCESSED_NOW,,,,,,,,,True,True,True,True,True,True,False,True,False,True
cmp_ebe379c15a6da6e9,gt_9974caf98cb25074,TSLP,GBMI,GBMI::Asthma,Asthma,AMR,PRIMARY,False,True,0.01,5e-08,3,50,2432,1074,,0,1035,0,1035,1035,994,1035,1035,1035,542,1035,516,516.0,214,0,214.0,0.0,True,True,0.0,0.0,0.0,0.0,binary,cc,121940.0,1254131.0,1376071.0,0.08861461363548828,True,binary,cc,4069.0,14104.0,18173.0,0.22390359324272271,True,True,,True,,False,intermediate/15b4/comparisons/cmp_ebe379c15a6da6e9.parquet,intermediate/15b4/comparisons/cmp_ebe379c15a6da6e9.json,PROCESSED_NOW,,,,,,,,,True,True,True,True,True,True,False,True,False,True
cmp_381d86345f6977a1,gt_9974caf98cb25074,TSLP,GBMI,GBMI::Asthma,Asthma,CSA,PRIMARY,False,True,0.01,5e-08,3,50,2432,626,,0,609,0,609,609,609,609,609,609,448,609,448,448.0,201,0,201.0,0.0,True,True,0.0,0.0,0.0,0.0,binary,cc,121940.0,1254131.0,1376071.0,0.08861461363548828,True,binary,cc,4015.0,27091.0,31106.0,0.12907477657043656,True,True,,True,,False,intermediate/15b4/comparisons/cmp_381d86345f6977a1.parquet,intermediate/15b4/comparisons/cmp_381d86345f6977a1.json,PROCESSED_NOW,,,,,,,,,True,True,True,True,True,True,False,True,False,True
cmp_a54e8bec4ce3739c,gt_9974caf98cb25074,TSLP,GBMI,GBMI::Asthma,Asthma,EAS,PRIMARY,False,True,0.01,5e-08,3,50,2432,1026,,0,688,2,688,690,653,690,690,690,469,686,439,439.0,198,40,198.0,40.0,True,True,0.0,0.0,4.0,0.0,binary,cc,121940.0,1254131.0,1376071.0,0.08861461363548828,True,binary,cc,18549.0,322655.0,341204.0,0.05436337205894421,True,True,,True,,True,intermediate/15b4/comparisons/cmp_a54e8bec4ce3739c.parquet,intermediate/15b4/comparisons/cmp_a54e8bec4ce3739c.json,PROCESSED_NOW,,,,,,,,,True,True,True,True,True,True,True,True,True,True
cmp_e83cc1f827b5754c,gt_d84fcd64ca861af7,EPHX2,GBMI,GBMI::COPD,Chronic obstructive pulmonary disease,AFR,PRIMARY,False,True,0.01,5e-08,3,50,2535,1980,,0,1238,0,1238,1238,1165,1238,1238,1238,780,1235,730,730.0,27,0,27.0,0.0,True,True,0.0,0.0,3.0,2.0,binary,cc,58559.0,937358.0,995917.0,0.0587990766298798,True,binary,cc,1978.0,27704.0,29682.0,0.06663971430496597,True,True,,True,,False,intermediate/15b4/comparisons/cmp_e83cc1f827b5754c.parquet,intermediate/15b4/comparisons/cmp_e83cc1f827b5754c.json,PROCESSED_NOW,,,,,,,,,True,True,True,True,True,True,False,True,False,True
cmp_3a2a97dcf17ee031,gt_d84fcd64ca861af7,EPHX2,GBMI,GBMI::COPD,Chronic obstructive pulmonary disease,AMR,PRIMARY,False,True,0.01,5e-08,3,50,2535,1093,,0,1088,0,1088,1088,1041,1088,1088,1088,814,1086,774,774.0,26,0,26.0,0.0,True,True,0.0,0.0,2.0,1.0,binary,cc,58559.0,937358.0,995917.0,0.0587990766298798,True,binary,cc,1503.0,13583.0,15086.0,0.09962879490918733,True,True,,True,,False,intermediate/15b4/comparisons/cmp_3a2a97dcf17ee031.parquet,intermediate/15b4/comparisons/cmp_3a2a97dcf17ee031.json,PROCESSED_NOW,,,,,,,,,True,True,True,True,True,True,False,True,False,True
cmp_f22a7cef0aba19fb,gt_d84fcd64ca861af7,EPHX2,GBMI,GBMI::COPD,Chronic obstructive pulmonary disease,EAS,PRIMARY,False,True,0.01,5e-08,3,50,2535,1026,,0,721,0,721,721,681,721,721,721,622,718,584,584.0,9,0,9.0,0.0,True,True,0.0,0.0,3.0,0.0,binary,cc,58559.0,937358.0,995917.0,0.0587990766298798,True,binary,cc,19044.0,310689.0,329733.0,0.057755820618500424,True,True,,True,,False,intermediate/15b4/comparisons/cmp_f22a7cef0aba19fb.parquet,intermediate/15b4/comparisons/cmp_f22a7cef0aba19fb.json,PROCESSED_NOW,,,,,,,,,True,True,True,True,True,True,False,True,False,True
cmp_f6c8d3d544ec5e35,gt_2a7e2fce1378c79e,SLC22A12,GBMI,GBMI::Gout,Gout,AFR,PRIMARY,False,True,0.01,5e-08,3,50,1710,1184,,0,710,0,710,710,675,710,710,710,258,707,243,243.0,146,0,146.0,0.0,True,True,0.0,0.0,3.0,0.0,binary,cc,24278.0,1027375.0,1051653.0,0.023085561492241263,True,binary,cc,1312.0,33902.0,35214.0,0.03725790878627819,True,True,,True,,False,intermediate/15b4/comparisons/cmp_f6c8d3d544ec5e35.parquet,intermediate/15b4/comparisons/cmp_f6c8d3d544ec5e35.json,PROCESSED_NOW,,,,,,,,,True,True,True,True,True,True,False,True,False,True
cmp_463c53e9f46e30d8,gt_2a7e2fce1378c79e,SLC22A12,GBMI,GBMI::Gout,Gout,AMR,PRIMARY,False,True,0.01,5e-08,3,50,1710,596,,0,594,1,594,595,567,595,595,595,303,593,287,287.0,151,0,151.0,0.0,True,True,0.0,0.0,2.0,0.0,binary,cc,24278.0,1027375.0,1051653.0,0.023085561492241263,True,binary,cc,557.0,17629.0,18186.0,0.03062795557021885,True,True,,True,,False,intermediate/15b4/comparisons/cmp_463c53e9f46e30d8.parquet,intermediate/15b4/comparisons/cmp_463c53e9f46e30d8.json,PROCESSED_NOW,,,,,,,,,True,True,True,True,True,True,False,True,False,True
cmp_ed5bdc4e95af264b,gt_2a7e2fce1378c79e,SLC22A12,GBMI,GBMI::Gout,Gout,EAS,PRIMARY,False,True,0.01,5e-08,3,50,1710,662,,0,370,0,370,370,349,370,370,370,254,367,236,236.0,146,99,146.0,99.0,True,True,0.0,0.0,3.0,0.0,binary,cc,24278.0,1027375.0,1051653.0,0.023085561492241263,True,binary,cc,10425.0,338934.0,349359.0,0.029840364782358547,True,True,,True,,True,intermediate/15b4/comparisons/cmp_ed5bdc4e95af264b.parquet,intermediate/15b4/comparisons/cmp_ed5bdc4e95af264b.json,PROCESSED_NOW,,,,,,,,,True,True,True,True,True,True,True,True,True,True
cmp_a6275c7613e223b1,gt_fd539737d1f5d9cb,F11,GBMI,GBMI::VTE,Venous thromboembolism,AFR,PRIMARY,False,True,0.01,5e-08,3,50,2195,1828,,0,1235,0,1235,1235,1157,1235,1235,1235,749,1228,689,689.0,225,0,225.0,0.0,True,True,0.0,0.0,4.0,7.0,binary,cc,25146.0,890722.0,915868.0,0.02745592159568846,True,binary,cc,1466.0,31042.0,32508.0,0.045096591608219515,True,True,,True,,False,intermediate/15b4/comparisons/cmp_a6275c7613e223b1.parquet,intermediate/15b4/comparisons/cmp_a6275c7613e223b1.json,PROCESSED_NOW,,,,,,,,,True,True,True,True,True,True,False,True,False,True
cmp_f1d366955c52855b,gt_fd539737d1f5d9cb,F11,GBMI,GBMI::VTE,Venous thromboembolism,AMR,PRIMARY,False,True,0.01,5e-08,3,50,2195,733,,0,733,0,733,733,733,733,733,733,688,730,686,686.0,214,0,214.0,0.0,True,True,0.0,0.0,2.0,3.0,binary,cc,25146.0,890722.0,915868.0,0.02745592159568846,True,binary,cc,1037.0,12479.0,13516.0,0.07672388280556378,True,True,,True,,False,intermediate/15b4/comparisons/cmp_f1d366955c52855b.parquet,intermediate/15b4/comparisons/cmp_f1d366955c52855b.json,PROCESSED_NOW,,,,,,,,,True,True,True,True,True,True,False,True,False,True
cmp_add0fff00fe30c88,gt_fd539737d1f5d9cb,F11,GBMI,GBMI::VTE,Venous thromboembolism,EAS,PRIMARY,False,True,0.01,5e-08,3,50,2195,598,,0,598,0,598,598,598,598,598,598,590,597,589,589.0,212,0,212.0,0.0,True,True,0.0,0.0,1.0,0.0,binary,cc,25146.0,890722.0,915868.0,0.02745592159568846,True,binary,cc,193.0,77462.0,77655.0,0.0024853518768913787,True,True,,True,,False,intermediate/15b4/comparisons/cmp_add0fff00fe30c88.parquet,intermediate/15b4/comparisons/cmp_add0fff00fe30c88.json,PROCESSED_NOW,,,,,,,,,True,True,True,True,True,True,False,True,False,True
cmp_a948136728fe0452,gt_698ec9454245813e,F2,GBMI,GBMI::VTE,Venous thromboembolism,AFR,PRIMARY,False,True,0.01,5e-08,3,50,1188,1131,,0,483,0,483,483,444,483,483,483,248,482,227,227.0,45,0,45.0,0.0,True,True,0.0,0.0,0.0,1.0,binary,cc,25146.0,890722.0,915868.0,0.02745592159568846,True,binary,cc,1466.0,31042.0,32508.0,0.045096591608219515,True,True,,True,,False,intermediate/15b4/comparisons/cmp_a948136728fe0452.parquet,intermediate/15b4/comparisons/cmp_a948136728fe0452.json,PROCESSED_NOW,,,,,,,,,True,True,True,True,True,True,False,True,False,True
cmp_71589a44d3743513,gt_698ec9454245813e,F2,GBMI,GBMI::VTE,Venous thromboembolism,AMR,PRIMARY,False,True,0.01,5e-08,3,50,1188,292,,0,292,0,292,292,292,292,292,292,260,292,260,260.0,45,0,45.0,0.0,True,True,0.0,0.0,0.0,0.0,binary,cc,25146.0,890722.0,915868.0,0.02745592159568846,True,binary,cc,1037.0,12479.0,13516.0,0.07672388280556378,True,True,,True,,False,intermediate/15b4/comparisons/cmp_71589a44d3743513.parquet,intermediate/15b4/comparisons/cmp_71589a44d3743513.json,PROCESSED_NOW,,,,,,,,,True,True,True,True,True,True,False,True,False,True
cmp_b65743ed0dbea3ab,gt_698ec9454245813e,F2,GBMI,GBMI::VTE,Venous thromboembolism,EAS,PRIMARY,False,True,0.01,5e-08,3,50,1188,157,,0,157,0,157,157,157,157,157,157,149,157,149,149.0,44,0,44.0,0.0,True,True,0.0,0.0,0.0,0.0,binary,cc,25146.0,890722.0,915868.0,0.02745592159568846,True,binary,cc,193.0,77462.0,77655.0,0.0024853518768913787,True,True,,True,,False,intermediate/15b4/comparisons/cmp_b65743ed0dbea3ab.parquet,intermediate/15b4/comparisons/cmp_b65743ed0dbea3ab.json,PROCESSED_NOW,,,,,,,,,True,True,True,True,True,True,False,True,False,True
cmp_a6be1a7fe0f56ba2,gt_eb75fbbeba239dab,VWF,GBMI,GBMI::VTE,Venous thromboembolism,AFR,PRIMARY,False,True,0.01,5e-08,3,50,3580,3311,,0,2158,0,2158,2158,2062,2158,2158,2158,1225,2155,1166,1166.0,36,0,36.0,0.0,True,True,0.0,0.0,2.0,2.0,binary,cc,23643.0,875584.0,899227.0,0.02745592159568846,True,binary,cc,1271.0,30011.0,31282.0,0.045096591608219515,True,True,,True,,False,intermediate/15b4/comparisons/cmp_a6be1a7fe0f56ba2.parquet,intermediate/15b4/comparisons/cmp_a6be1a7fe0f56ba2.json,PROCESSED_NOW,,,,,,,,,True,True,True,True,True,True,False,True,False,True
cmp_9e43be5ec3a7c37f,gt_eb75fbbeba239dab,VWF,GBMI,GBMI::VTE,Venous thromboembolism,AMR,PRIMARY,False,True,0.01,5e-08,3,50,3580,1065,,0,1065,0,1065,1065,1065,1065,1065,1065,968,1063,966,966.0,13,0,13.0,0.0,True,True,0.0,0.0,1.0,1.0,binary,cc,25146.0,890722.0,915868.0,0.02745592159568846,True,binary,cc,1037.0,12479.0,13516.0,0.07672388280556378,True,True,,True,,False,intermediate/15b4/comparisons/cmp_9e43be5ec3a7c37f.parquet,intermediate/15b4/comparisons/cmp_9e43be5ec3a7c37f.json,PROCESSED_NOW,,,,,,,,,True,True,True,True,True,True,False,True,False,True
cmp_1da2477066b379c3,gt_eb75fbbeba239dab,VWF,GBMI,GBMI::VTE,Venous thromboembolism,EAS,PRIMARY,False,True,0.01,5e-08,3,50,3580,689,,0,689,0,689,689,689,689,689,689,660,688,659,659.0,13,0,13.0,0.0,True,True,0.0,0.0,1.0,0.0,binary,cc,25146.0,890722.0,915868.0,0.02745592159568846,True,binary,cc,193.0,77462.0,77655.0,0.0024853518768913787,True,True,,True,,False,intermediate/15b4/comparisons/cmp_1da2477066b379c3.parquet,intermediate/15b4/comparisons/cmp_1da2477066b379c3.json,PROCESSED_NOW,,,,,,,,,True,True,True,True,True,True,False,True,False,True
cmp_9d8c13f3b6460d45,gt_c2f3696fd5d03431,PNPLA3,Pan-UKB,Pan-UKB::biomarkers|30620|both_sexes||irnt,Alanine aminotransferase,AFR,PRIMARY,False,True,0.01,5e-08,3,50,2102,2102,2102.0,0,2102,0,2102,2102,1973,1478,1478,1478,900,1344,818,,228,0,,,True,False,,,,,biomarkers,quant,,,,,True,biomarkers,quant,,,,,True,True,,True,,False,intermediate/15b4/comparisons/cmp_9d8c13f3b6460d45.parquet,intermediate/15b4/comparisons/cmp_9d8c13f3b6460d45.json,PROCESSED_NOW,400822.0,,400822.0,,6214.0,,6214.0,,True,True,True,True,True,True,False,True,False,True
cmp_5181e0eccfa7681d,gt_c2f3696fd5d03431,PNPLA3,Pan-UKB,Pan-UKB::biomarkers|30620|both_sexes||irnt,Alanine aminotransferase,CSA,PRIMARY,False,True,0.01,5e-08,3,50,2102,2102,2102.0,0,2102,0,2102,2102,1973,1352,1352,1352,979,1258,896,,239,0,,,True,False,,,,,biomarkers,quant,,,,,True,biomarkers,quant,,,,,True,True,,True,,False,intermediate/15b4/comparisons/cmp_5181e0eccfa7681d.parquet,intermediate/15b4/comparisons/cmp_5181e0eccfa7681d.json,PROCESSED_NOW,400822.0,,400822.0,,8407.0,,8407.0,,True,True,True,True,True,True,False,True,False,True
cmp_d54a40e6cf16218c,gt_aeeeee5ba6d1cdd4,ADRB1,Pan-UKB,Pan-UKB::biomarkers|30640|both_sexes||irnt,Apolipoprotein B,CSA,SENSITIVITY,False,False,0.01,5e-08,3,50,1975,1975,1975.0,0,1975,0,1975,1975,1845,1050,1050,1050,570,892,499,,15,0,,,True,False,,,,,biomarkers,quant,,,,,True,biomarkers,quant,,,,,True,True,,True,,False,intermediate/15b4/comparisons/cmp_d54a40e6cf16218c.parquet,intermediate/15b4/comparisons/cmp_d54a40e6cf16218c.json,PROCESSED_NOW,399003.0,,399003.0,,8352.0,,8352.0,,False,True,False,False,True,False,False,True,False,False
cmp_7ab7ecbd6dedb632,gt_d9cb93951608efa4,ANGPTL3,Pan-UKB,Pan-UKB::biomarkers|30640|both_sexes||irnt,Apolipoprotein B,CSA,SENSITIVITY,True,False,0.01,5e-08,3,50,1298,1298,1298.0,0,1298,0,1298,1298,1173,641,641,602,295,530,242,,192,0,,,True,False,,,,,biomarkers,quant,,,,,True,biomarkers,quant,,,,,True,True,,True,,False,intermediate/15b4/comparisons/cmp_7ab7ecbd6dedb632.parquet,intermediate/15b4/comparisons/cmp_7ab7ecbd6dedb632.json,PROCESSED_NOW,399003.0,,399003.0,,8352.0,,8352.0,,False,False,False,False,True,False,False,True,False,False
cmp_e423440085884f5d,gt_2a3973930dfa8079,ANGPTL8,Pan-UKB,Pan-UKB::biomarkers|30640|both_sexes||irnt,Apolipoprotein B,CSA,SENSITIVITY,False,False,0.01,5e-08,3,50,2184,2184,2184.0,0,2184,0,2184,2184,2005,1334,1334,1334,779,1092,664,,150,0,,,True,False,,,,,biomarkers,quant,,,,,True,biomarkers,quant,,,,,True,True,,True,,False,intermediate/15b4/comparisons/cmp_e423440085884f5d.parquet,intermediate/15b4/comparisons/cmp_e423440085884f5d.json,PROCESSED_NOW,399003.0,,399003.0,,8352.0,,8352.0,,False,True,False,False,True,False,False,True,False,False
cmp_d980e0c61201f1e2,gt_e472a4b9838e4efd,APOA1,Pan-UKB,Pan-UKB::biomarkers|30640|both_sexes||irnt,Apolipoprotein B,CSA,SENSITIVITY,False,False,0.01,5e-08,3,50,2325,2325,2325.0,0,2325,0,2325,2325,2189,1129,1129,1129,678,966,605,,290,0,,,True,False,,,,,biomarkers,quant,,,,,True,biomarkers,quant,,,,,True,True,,True,,False,intermediate/15b4/comparisons/cmp_d980e0c61201f1e2.parquet,intermediate/15b4/comparisons/cmp_d980e0c61201f1e2.json,PROCESSED_NOW,399003.0,,399003.0,,8352.0,,8352.0,,False,True,False,False,True,False,False,True,False,False
cmp_8ea6bd70ef7deb11,gt_638010dd904ff52a,APOB,Pan-UKB,Pan-UKB::biomarkers|30640|both_sexes||irnt,Apolipoprotein B,CSA,SENSITIVITY,True,False,0.01,5e-08,3,50,2630,2630,2630.0,0,2630,0,2630,2630,2491,1191,1191,1191,482,936,426,,308,0,,,True,False,,,,,biomarkers,quant,,,,,True,biomarkers,quant,,,,,True,True,,True,,False,intermediate/15b4/comparisons/cmp_8ea6bd70ef7deb11.parquet,intermediate/15b4/comparisons/cmp_8ea6bd70ef7deb11.json,PROCESSED_NOW,399003.0,,399003.0,,8352.0,,8352.0,,False,False,False,False,True,False,False,True,False,False
cmp_049db12e6e9d0ad5,gt_8710f4213a54e500,APOC3,Pan-UKB,Pan-UKB::biomarkers|30640|both_sexes||irnt,Apolipoprotein B,CSA,SENSITIVITY,False,False,0.01,5e-08,3,50,2333,2333,2333.0,0,2333,0,2333,2333,2197,1137,1137,1137,673,974,599,,292,0,,,True,False,,,,,biomarkers,quant,,,,,True,biomarkers,quant,,,,,True,True,,True,,False,intermediate/15b4/comparisons/cmp_049db12e6e9d0ad5.parquet,intermediate/15b4/comparisons/cmp_049db12e6e9d0ad5.json,PROCESSED_NOW,399003.0,,399003.0,,8352.0,,8352.0,,False,True,False,False,True,False,False,True,False,False
cmp_934a6d93c5b0ee20,gt_7e022850efc1272a,APOE,Pan-UKB,Pan-UKB::biomarkers|30640|both_sexes||irnt,Apolipoprotein B,CSA,SENSITIVITY,False,False,0.01,5e-08,3,50,1735,1735,1735.0,0,1735,0,1735,1735,1600,1095,1095,1095,699,992,612,,466,34,,,True,False,,,,,biomarkers,quant,,,,,True,biomarkers,quant,,,,,True,True,,True,,True,intermediate/15b4/comparisons/cmp_934a6d93c5b0ee20.parquet,intermediate/15b4/comparisons/cmp_934a6d93c5b0ee20.json,PROCESSED_NOW,399003.0,,399003.0,,8352.0,,8352.0,,False,True,False,False,True,False,False,True,True,False
cmp_fdecc0121c6842d9,gt_911740b41c241344,CETP,Pan-UKB,Pan-UKB::biomarkers|30640|both_sexes||irnt,Apolipoprotein B,CSA,SENSITIVITY,False,False,0.01,5e-08,3,50,2629,2629,2629.0,0,2629,0,2629,2629,2453,1566,1566,1566,916,1391,805,,85,0,,,True,False,,,,,biomarkers,quant,,,,,True,biomarkers,quant,,,,,True,True,,True,,False,intermediate/15b4/comparisons/cmp_fdecc0121c6842d9.parquet,intermediate/15b4/comparisons/cmp_fdecc0121c6842d9.json,PROCESSED_NOW,399003.0,,399003.0,,8352.0,,8352.0,,False,True,False,False,True,False,False,True,False,False
cmp_9d101cf21b1d54b0,gt_40a892854f5916e0,FDFT1,Pan-UKB,Pan-UKB::biomarkers|30640|both_sexes||irnt,Apolipoprotein B,CSA,SENSITIVITY,False,False,0.01,5e-08,3,50,4665,4665,4665.0,0,4665,0,4665,4665,4442,2491,2491,2483,1457,2118,1343,,3,0,,,True,False,,,,,biomarkers,quant,,,,,True,biomarkers,quant,,,,,True,True,,True,,False,intermediate/15b4/comparisons/cmp_9d101cf21b1d54b0.parquet,intermediate/15b4/comparisons/cmp_9d101cf21b1d54b0.json,PROCESSED_NOW,399003.0,,399003.0,,8352.0,,8352.0,,False,True,False,False,True,False,False,True,False,False
cmp_ad432fa8da06a521,gt_a2fbc60777f1e768,HMGCR,Pan-UKB,Pan-UKB::biomarkers|30640|both_sexes||irnt,Apolipoprotein B,CSA,SENSITIVITY,False,False,0.01,5e-08,3,50,2438,2438,2438.0,0,2438,0,2438,2438,2231,1030,1030,1030,555,891,474,,323,0,,,True,False,,,,,biomarkers,quant,,,,,True,biomarkers,quant,,,,,True,True,,True,,False,intermediate/15b4/comparisons/cmp_ad432fa8da06a521.parquet,intermediate/15b4/comparisons/cmp_ad432fa8da06a521.json,PROCESSED_NOW,399003.0,,399003.0,,8352.0,,8352.0,,False,True,False,False,True,False,False,True,False,False
cmp_f0f29abb59b9d257,gt_fd898132e38f7788,LPA,Pan-UKB,Pan-UKB::biomarkers|30640|both_sexes||irnt,Apolipoprotein B,CSA,SENSITIVITY,False,False,0.01,5e-08,3,50,3752,3752,3752.0,0,3752,0,3752,3752,3522,1640,1640,1640,718,1225,641,,244,0,,,True,False,,,,,biomarkers,quant,,,,,True,biomarkers,quant,,,,,True,True,,True,,False,intermediate/15b4/comparisons/cmp_f0f29abb59b9d257.parquet,intermediate/15b4/comparisons/cmp_f0f29abb59b9d257.json,PROCESSED_NOW,399003.0,,399003.0,,8352.0,,8352.0,,False,True,False,False,True,False,False,True,False,False
cmp_85eb1208bd6067d0,gt_c6647379089cd913,NPC1L1,Pan-UKB,Pan-UKB::biomarkers|30640|both_sexes||irnt,Apolipoprotein B,CSA,SENSITIVITY,True,False,0.01,5e-08,3,50,2265,2265,2265.0,0,2265,0,2265,2265,2101,919,919,919,569,822,492,,96,0,,,True,False,,,,,biomarkers,quant,,,,,True,biomarkers,quant,,,,,True,True,,True,,False,intermediate/15b4/comparisons/cmp_85eb1208bd6067d0.parquet,intermediate/15b4/comparisons/cmp_85eb1208bd6067d0.json,PROCESSED_NOW,399003.0,,399003.0,,8352.0,,8352.0,,False,False,False,False,True,False,False,True,False,False
cmp_30515c33d724a244,gt_5546449a60969756,PCSK9,Pan-UKB,Pan-UKB::biomarkers|30640|both_sexes||irnt,Apolipoprotein B,CSA,SENSITIVITY,False,False,0.01,5e-08,3,50,2499,2499,2499.0,0,2499,0,2499,2499,2359,1399,1399,1397,727,1209,674,,187,0,,,True,False,,,,,biomarkers,quant,,,,,True,biomarkers,quant,,,,,True,True,,True,,False,intermediate/15b4/comparisons/cmp_30515c33d724a244.parquet,intermediate/15b4/comparisons/cmp_30515c33d724a244.json,PROCESSED_NOW,399003.0,,399003.0,,8352.0,,8352.0,,False,True,False,False,True,False,False,True,False,False
cmp_1d83b5a66060b474,gt_a771e8ce8bd5d5d6,PPARG,Pan-UKB,Pan-UKB::biomarkers|30640|both_sexes||irnt,Apolipoprotein B,CSA,SENSITIVITY,False,False,0.01,5e-08,3,50,3838,3838,3838.0,0,3838,0,3838,3838,3561,1841,1841,1841,1029,1498,877,,20,0,,,True,False,,,,,biomarkers,quant,,,,,True,biomarkers,quant,,,,,True,True,,True,,False,intermediate/15b4/comparisons/cmp_1d83b5a66060b474.parquet,intermediate/15b4/comparisons/cmp_1d83b5a66060b474.json,PROCESSED_NOW,399003.0,,399003.0,,8352.0,,8352.0,,False,True,False,False,True,False,False,True,False,False
cmp_079478dee00a071e,gt_07bc6b913823d770,FGFR1,Pan-UKB,Pan-UKB::continuous|21001|both_sexes||irnt,Body mass index (BMI),AFR,PRIMARY,False,True,0.01,5e-08,3,50,2214,2214,2214.0,0,2214,0,2214,2214,2039,1119,1119,1106,468,957,373,,15,0,,,True,False,,,,,continuous,quant,,,,,True,continuous,quant,,,,,True,True,,True,,False,intermediate/15b4/comparisons/cmp_079478dee00a071e.parquet,intermediate/15b4/comparisons/cmp_079478dee00a071e.json,PROCESSED_NOW,419163.0,,419163.0,,6545.0,,6545.0,,True,True,True,True,True,True,False,True,False,True
cmp_5b22527d173ee7fa,gt_07bc6b913823d770,FGFR1,Pan-UKB,Pan-UKB::continuous|21001|both_sexes||irnt,Body mass index (BMI),CSA,PRIMARY,False,True,0.01,5e-08,3,50,2214,2214,2214.0,0,2214,0,2214,2214,2039,1053,1053,1045,545,914,442,,15,0,,,True,False,,,,,continuous,quant,,,,,True,continuous,quant,,,,,True,True,,True,,False,intermediate/15b4/comparisons/cmp_5b22527d173ee7fa.parquet,intermediate/15b4/comparisons/cmp_5b22527d173ee7fa.json,PROCESSED_NOW,419163.0,,419163.0,,8646.0,,8646.0,,True,True,True,True,True,True,False,True,False,True
cmp_bad094ab84784157,gt_07bc6b913823d770,FGFR1,Pan-UKB,Pan-UKB::continuous|21001|both_sexes||irnt,Body mass index (BMI),MID,PRIMARY,False,True,0.01,5e-08,3,50,2214,2214,2214.0,0,2214,0,2214,2214,2039,885,885,872,570,834,466,,15,0,,,True,False,,,,,continuous,quant,,,,,True,continuous,quant,,,,,True,True,,True,,False,intermediate/15b4/comparisons/cmp_bad094ab84784157.parquet,intermediate/15b4/comparisons/cmp_bad094ab84784157.json,PROCESSED_NOW,419163.0,,419163.0,,1572.0,,1572.0,,True,True,True,True,True,True,False,True,False,True
cmp_2578fe8a5e432812,gt_5aa064f396f10864,FGFR4,Pan-UKB,Pan-UKB::continuous|21001|both_sexes||irnt,Body mass index (BMI),AFR,PRIMARY,False,True,0.01,5e-08,3,50,2050,2050,2050.0,0,2050,0,2050,2050,1860,1254,1254,1254,561,1127,454,,4,0,,,True,False,,,,,continuous,quant,,,,,True,continuous,quant,,,,,True,True,,True,,False,intermediate/15b4/comparisons/cmp_2578fe8a5e432812.parquet,intermediate/15b4/comparisons/cmp_2578fe8a5e432812.json,PROCESSED_NOW,419163.0,,419163.0,,6545.0,,6545.0,,True,True,True,True,True,True,False,True,False,True
cmp_cf79a21217ebfd45,gt_5aa064f396f10864,FGFR4,Pan-UKB,Pan-UKB::continuous|21001|both_sexes||irnt,Body mass index (BMI),CSA,PRIMARY,False,True,0.01,5e-08,3,50,2050,2050,2050.0,0,2050,0,2050,2050,1860,1101,1101,1101,788,1041,662,,4,0,,,True,False,,,,,continuous,quant,,,,,True,continuous,quant,,,,,True,True,,True,,False,intermediate/15b4/comparisons/cmp_cf79a21217ebfd45.parquet,intermediate/15b4/comparisons/cmp_cf79a21217ebfd45.json,PROCESSED_NOW,419163.0,,419163.0,,8646.0,,8646.0,,True,True,True,True,True,True,False,True,False,True
cmp_2278a2ee61e3c94f,gt_5aa064f396f10864,FGFR4,Pan-UKB,Pan-UKB::continuous|21001|both_sexes||irnt,Body mass index (BMI),MID,PRIMARY,False,True,0.01,5e-08,3,50,2050,2050,2050.0,0,2050,0,2050,2050,1860,1011,1011,1011,778,986,653,,4,0,,,True,False,,,,,continuous,quant,,,,,True,continuous,quant,,,,,True,True,,True,,False,intermediate/15b4/comparisons/cmp_2278a2ee61e3c94f.parquet,intermediate/15b4/comparisons/cmp_2278a2ee61e3c94f.json,PROCESSED_NOW,419163.0,,419163.0,,1572.0,,1572.0,,True,True,True,True,True,True,False,True,False,True
cmp_a65923a60135b609,gt_d79e322e54d14839,GDF15,Pan-UKB,Pan-UKB::continuous|21001|both_sexes||irnt,Body mass index (BMI),AFR,PRIMARY,False,True,0.01,5e-08,3,50,1816,1816,1816.0,0,1816,0,1816,1816,1655,1211,1211,1211,583,1126,485,,36,0,,,True,False,,,,,continuous,quant,,,,,True,continuous,quant,,,,,True,True,,True,,False,intermediate/15b4/comparisons/cmp_a65923a60135b609.parquet,intermediate/15b4/comparisons/cmp_a65923a60135b609.json,PROCESSED_NOW,419163.0,,419163.0,,6545.0,,6545.0,,True,True,True,True,True,True,False,True,False,True
cmp_c93179e9cff3fff4,gt_d79e322e54d14839,GDF15,Pan-UKB,Pan-UKB::continuous|21001|both_sexes||irnt,Body mass index (BMI),CSA,PRIMARY,False,True,0.01,5e-08,3,50,1816,1816,1816.0,0,1816,0,1816,1816,1655,1040,1040,1040,639,876,534,,36,0,,,True,False,,,,,continuous,quant,,,,,True,continuous,quant,,,,,True,True,,True,,False,intermediate/15b4/comparisons/cmp_c93179e9cff3fff4.parquet,intermediate/15b4/comparisons/cmp_c93179e9cff3fff4.json,PROCESSED_NOW,419163.0,,419163.0,,8646.0,,8646.0,,True,True,True,True,True,True,False,True,False,True
cmp_06c4746c5e993d05,gt_d79e322e54d14839,GDF15,Pan-UKB,Pan-UKB::continuous|21001|both_sexes||irnt,Body mass index (BMI),MID,PRIMARY,False,True,0.01,5e-08,3,50,1816,1816,1816.0,0,1816,0,1816,1816,1655,941,941,941,661,931,554,,36,0,,,True,False,,,,,continuous,quant,,,,,True,continuous,quant,,,,,True,True,,True,,False,intermediate/15b4/comparisons/cmp_06c4746c5e993d05.parquet,intermediate/15b4/comparisons/cmp_06c4746c5e993d05.json,PROCESSED_NOW,419163.0,,419163.0,,1572.0,,1572.0,,True,True,True,True,True,True,False,True,False,True
cmp_ce5e345eb69043ef,gt_e8a2392ea6c7a9e1,GIPR,Pan-UKB,Pan-UKB::continuous|21001|both_sexes||irnt,Body mass index (BMI),AFR,PRIMARY,False,True,0.01,5e-08,3,50,2363,2363,2363.0,0,2363,0,2363,2363,2226,1168,1168,1168,580,1030,489,,24,0,,,True,False,,,,,continuous,quant,,,,,True,continuous,quant,,,,,True,True,,True,,False,intermediate/15b4/comparisons/cmp_ce5e345eb69043ef.parquet,intermediate/15b4/comparisons/cmp_ce5e345eb69043ef.json,PROCESSED_NOW,419163.0,,419163.0,,6545.0,,6545.0,,True,True,True,True,True,True,False,True,False,True
cmp_0f677d3a2cec3d16,gt_e8a2392ea6c7a9e1,GIPR,Pan-UKB,Pan-UKB::continuous|21001|both_sexes||irnt,Body mass index (BMI),CSA,PRIMARY,False,True,0.01,5e-08,3,50,2363,2363,2363.0,0,2363,0,2363,2363,2226,1074,1074,1074,630,933,534,,26,0,,,True,False,,,,,continuous,quant,,,,,True,continuous,quant,,,,,True,True,,True,,False,intermediate/15b4/comparisons/cmp_0f677d3a2cec3d16.parquet,intermediate/15b4/comparisons/cmp_0f677d3a2cec3d16.json,PROCESSED_NOW,419163.0,,419163.0,,8646.0,,8646.0,,True,True,True,True,True,True,False,True,False,True
cmp_a38cb42e3379daab,gt_e8a2392ea6c7a9e1,GIPR,Pan-UKB,Pan-UKB::continuous|21001|both_sexes||irnt,Body mass index (BMI),MID,PRIMARY,False,True,0.01,5e-08,3,50,2363,2363,2363.0,0,2363,0,2363,2363,2226,925,925,925,647,888,550,,26,0,,,True,False,,,,,continuous,quant,,,,,True,continuous,quant,,,,,True,True,,True,,False,intermediate/15b4/comparisons/cmp_a38cb42e3379daab.parquet,intermediate/15b4/comparisons/cmp_a38cb42e3379daab.json,PROCESSED_NOW,419163.0,,419163.0,,1572.0,,1572.0,,True,True,True,True,True,True,False,True,False,True
cmp_04802c9d74f9e732,gt_46885db53b6cf531,LEPR,Pan-UKB,Pan-UKB::continuous|21001|both_sexes||irnt,Body mass index (BMI),AFR,PRIMARY,False,True,0.01,5e-08,3,50,3528,3528,3528.0,0,3528,0,3528,3528,3272,2141,2141,2141,1415,1967,1257,,34,0,,,True,False,,,,,continuous,quant,,,,,True,continuous,quant,,,,,True,True,,True,,False,intermediate/15b4/comparisons/cmp_04802c9d74f9e732.parquet,intermediate/15b4/comparisons/cmp_04802c9d74f9e732.json,PROCESSED_NOW,419163.0,,419163.0,,6545.0,,6545.0,,True,True,True,True,True,True,False,True,False,True
cmp_fd7bee0b4f0c8705,gt_46885db53b6cf531,LEPR,Pan-UKB,Pan-UKB::continuous|21001|both_sexes||irnt,Body mass index (BMI),CSA,PRIMARY,False,True,0.01,5e-08,3,50,3528,3528,3528.0,0,3528,0,3528,3528,3272,2050,2050,2050,1515,1893,1346,,34,0,,,True,False,,,,,continuous,quant,,,,,True,continuous,quant,,,,,True,True,,True,,False,intermediate/15b4/comparisons/cmp_fd7bee0b4f0c8705.parquet,intermediate/15b4/comparisons/cmp_fd7bee0b4f0c8705.json,PROCESSED_NOW,419163.0,,419163.0,,8646.0,,8646.0,,True,True,True,True,True,True,False,True,False,True
cmp_e3f2f647f7cf5c3c,gt_46885db53b6cf531,LEPR,Pan-UKB,Pan-UKB::continuous|21001|both_sexes||irnt,Body mass index (BMI),MID,PRIMARY,False,True,0.01,5e-08,3,50,3528,3528,3528.0,0,3528,0,3528,3528,3272,1824,1824,1824,1535,1796,1362,,35,0,,,True,False,,,,,continuous,quant,,,,,True,continuous,quant,,,,,True,True,,True,,False,intermediate/15b4/comparisons/cmp_e3f2f647f7cf5c3c.parquet,intermediate/15b4/comparisons/cmp_e3f2f647f7cf5c3c.json,PROCESSED_NOW,419163.0,,419163.0,,1572.0,,1572.0,,True,True,True,True,True,True,False,True,False,True
cmp_d952477127ee7ec7,gt_6925bb9b57369884,MAPK3,Pan-UKB,Pan-UKB::continuous|21001|both_sexes||irnt,Body mass index (BMI),AFR,PRIMARY,False,True,0.01,5e-08,3,50,1252,1252,1252.0,0,1252,0,1252,1252,1131,601,601,600,224,479,172,,110,0,,,True,False,,,,,continuous,quant,,,,,True,continuous,quant,,,,,True,True,,True,,False,intermediate/15b4/comparisons/cmp_d952477127ee7ec7.parquet,intermediate/15b4/comparisons/cmp_d952477127ee7ec7.json,PROCESSED_NOW,419163.0,,419163.0,,6545.0,,6545.0,,True,True,True,True,True,True,False,True,False,True
cmp_5d9692961eceee6a,gt_6925bb9b57369884,MAPK3,Pan-UKB,Pan-UKB::continuous|21001|both_sexes||irnt,Body mass index (BMI),CSA,PRIMARY,False,True,0.01,5e-08,3,50,1252,1252,1252.0,0,1252,0,1252,1252,1131,476,476,475,249,402,197,,110,0,,,True,False,,,,,continuous,quant,,,,,True,continuous,quant,,,,,True,True,,True,,False,intermediate/15b4/comparisons/cmp_5d9692961eceee6a.parquet,intermediate/15b4/comparisons/cmp_5d9692961eceee6a.json,PROCESSED_NOW,419163.0,,419163.0,,8646.0,,8646.0,,True,True,True,True,True,True,False,True,False,True
cmp_516979e63b81199e,gt_6925bb9b57369884,MAPK3,Pan-UKB,Pan-UKB::continuous|21001|both_sexes||irnt,Body mass index (BMI),MID,PRIMARY,False,True,0.01,5e-08,3,50,1252,1252,1252.0,0,1252,0,1252,1252,1131,450,450,450,269,420,216,,111,0,,,True,False,,,,,continuous,quant,,,,,True,continuous,quant,,,,,True,True,,True,,False,intermediate/15b4/comparisons/cmp_516979e63b81199e.parquet,intermediate/15b4/comparisons/cmp_516979e63b81199e.json,PROCESSED_NOW,419163.0,,419163.0,,1572.0,,1572.0,,True,True,True,True,True,True,False,True,False,True
cmp_d9f3563910f04212,gt_e31188cc7b292717,MC4R,Pan-UKB,Pan-UKB::continuous|21001|both_sexes||irnt,Body mass index (BMI),AFR,PRIMARY,False,True,0.01,5e-08,3,50,2221,2221,2221.0,0,2221,0,2221,2221,2081,1353,1353,1353,591,1209,531,,166,0,,,True,False,,,,,continuous,quant,,,,,True,continuous,quant,,,,,True,True,,True,,False,intermediate/15b4/comparisons/cmp_d9f3563910f04212.parquet,intermediate/15b4/comparisons/cmp_d9f3563910f04212.json,PROCESSED_NOW,419163.0,,419163.0,,6545.0,,6545.0,,True,True,True,True,True,True,False,True,False,True
cmp_91602ff38973e5c1,gt_e31188cc7b292717,MC4R,Pan-UKB,Pan-UKB::continuous|21001|both_sexes||irnt,Body mass index (BMI),CSA,PRIMARY,False,True,0.01,5e-08,3,50,2221,2221,2221.0,0,2221,0,2221,2221,2081,1148,1148,1148,625,1021,565,,193,0,,,True,False,,,,,continuous,quant,,,,,True,continuous,quant,,,,,True,True,,True,,False,intermediate/15b4/comparisons/cmp_91602ff38973e5c1.parquet,intermediate/15b4/comparisons/cmp_91602ff38973e5c1.json,PROCESSED_NOW,419163.0,,419163.0,,8646.0,,8646.0,,True,True,True,True,True,True,False,True,False,True
cmp_795667e1dbbc5ad6,gt_e31188cc7b292717,MC4R,Pan-UKB,Pan-UKB::continuous|21001|both_sexes||irnt,Body mass index (BMI),MID,PRIMARY,False,True,0.01,5e-08,3,50,2221,2221,2221.0,0,2221,0,2221,2221,2081,1033,1033,1033,684,967,615,,195,0,,,True,False,,,,,continuous,quant,,,,,True,continuous,quant,,,,,True,True,,True,,False,intermediate/15b4/comparisons/cmp_795667e1dbbc5ad6.parquet,intermediate/15b4/comparisons/cmp_795667e1dbbc5ad6.json,PROCESSED_NOW,419163.0,,419163.0,,1572.0,,1572.0,,True,True,True,True,True,True,False,True,False,True
cmp_fac134fd4c5e31de,gt_9b4c668b144beda2,OPRM1,Pan-UKB,Pan-UKB::continuous|21001|both_sexes||irnt,Body mass index (BMI),AFR,PRIMARY,False,True,0.01,5e-08,3,50,5035,5035,5035.0,0,5035,0,5035,5035,4654,3010,3010,3010,1484,2770,1296,,53,0,,,True,False,,,,,continuous,quant,,,,,True,continuous,quant,,,,,True,True,,True,,False,intermediate/15b4/comparisons/cmp_fac134fd4c5e31de.parquet,intermediate/15b4/comparisons/cmp_fac134fd4c5e31de.json,PROCESSED_NOW,419163.0,,419163.0,,6545.0,,6545.0,,True,True,True,True,True,True,False,True,False,True
cmp_e1ec75f35a1f5325,gt_9b4c668b144beda2,OPRM1,Pan-UKB,Pan-UKB::continuous|21001|both_sexes||irnt,Body mass index (BMI),CSA,PRIMARY,False,True,0.01,5e-08,3,50,5035,5035,5035.0,0,5035,0,5035,5035,4654,2461,2461,2461,1626,2155,1419,,53,0,,,True,False,,,,,continuous,quant,,,,,True,continuous,quant,,,,,True,True,,True,,False,intermediate/15b4/comparisons/cmp_e1ec75f35a1f5325.parquet,intermediate/15b4/comparisons/cmp_e1ec75f35a1f5325.json,PROCESSED_NOW,419163.0,,419163.0,,8646.0,,8646.0,,True,True,True,True,True,True,False,True,False,True
cmp_41bfc0bfca8c4bb6,gt_9b4c668b144beda2,OPRM1,Pan-UKB,Pan-UKB::continuous|21001|both_sexes||irnt,Body mass index (BMI),MID,PRIMARY,False,True,0.01,5e-08,3,50,5035,5035,5035.0,0,5035,0,5035,5035,4654,2500,2500,2500,1706,2431,1496,,53,0,,,True,False,,,,,continuous,quant,,,,,True,continuous,quant,,,,,True,True,,True,,False,intermediate/15b4/comparisons/cmp_41bfc0bfca8c4bb6.parquet,intermediate/15b4/comparisons/cmp_41bfc0bfca8c4bb6.json,PROCESSED_NOW,419163.0,,419163.0,,1572.0,,1572.0,,True,True,True,True,True,True,False,True,False,True
cmp_b983f121e89ab0c9,gt_4129badd0cfdf3a3,PPARD,Pan-UKB,Pan-UKB::continuous|21001|both_sexes||irnt,Body mass index (BMI),AFR,PRIMARY,False,True,0.01,5e-08,3,50,3251,3251,3251.0,0,3251,0,3251,3251,3035,1729,1729,1729,669,1541,575,,84,0,,,True,False,,,,,continuous,quant,,,,,True,continuous,quant,,,,,True,True,,True,,False,intermediate/15b4/comparisons/cmp_b983f121e89ab0c9.parquet,intermediate/15b4/comparisons/cmp_b983f121e89ab0c9.json,PROCESSED_NOW,419163.0,,419163.0,,6545.0,,6545.0,,True,True,True,True,True,True,False,True,False,True
cmp_c466933c6cddc2c2,gt_4129badd0cfdf3a3,PPARD,Pan-UKB,Pan-UKB::continuous|21001|both_sexes||irnt,Body mass index (BMI),CSA,PRIMARY,False,True,0.01,5e-08,3,50,3251,3251,3251.0,0,3251,0,3251,3251,3035,1576,1576,1576,595,1291,519,,70,0,,,True,False,,,,,continuous,quant,,,,,True,continuous,quant,,,,,True,True,,True,,False,intermediate/15b4/comparisons/cmp_c466933c6cddc2c2.parquet,intermediate/15b4/comparisons/cmp_c466933c6cddc2c2.json,PROCESSED_NOW,419163.0,,419163.0,,8646.0,,8646.0,,True,True,True,True,True,True,False,True,False,True
cmp_3d5d09a2a4352628,gt_4129badd0cfdf3a3,PPARD,Pan-UKB,Pan-UKB::continuous|21001|both_sexes||irnt,Body mass index (BMI),MID,PRIMARY,False,True,0.01,5e-08,3,50,3251,3251,3251.0,0,3251,0,3251,3251,3035,1329,1329,1329,783,1305,687,,85,0,,,True,False,,,,,continuous,quant,,,,,True,continuous,quant,,,,,True,True,,True,,False,intermediate/15b4/comparisons/cmp_3d5d09a2a4352628.parquet,intermediate/15b4/comparisons/cmp_3d5d09a2a4352628.json,PROCESSED_NOW,419163.0,,419163.0,,1572.0,,1572.0,,True,True,True,True,True,True,False,True,False,True
cmp_0c1699071ec567b1,gt_00419bc476176825,PPARG,Pan-UKB,Pan-UKB::continuous|21001|both_sexes||irnt,Body mass index (BMI),AFR,PRIMARY,False,True,0.01,5e-08,3,50,3838,3838,3838.0,0,3838,0,3838,3838,3561,2131,2131,2131,866,1885,731,,3,0,,,True,False,,,,,continuous,quant,,,,,True,continuous,quant,,,,,True,True,,True,,False,intermediate/15b4/comparisons/cmp_0c1699071ec567b1.parquet,intermediate/15b4/comparisons/cmp_0c1699071ec567b1.json,PROCESSED_NOW,419163.0,,419163.0,,6545.0,,6545.0,,True,True,True,True,True,True,False,True,False,True
cmp_c0ad4f2be6c24974,gt_00419bc476176825,PPARG,Pan-UKB,Pan-UKB::continuous|21001|both_sexes||irnt,Body mass index (BMI),CSA,PRIMARY,False,True,0.01,5e-08,3,50,3838,3838,3838.0,0,3838,0,3838,3838,3561,1841,1841,1841,1030,1505,879,,3,0,,,True,False,,,,,continuous,quant,,,,,True,continuous,quant,,,,,True,True,,True,,False,intermediate/15b4/comparisons/cmp_c0ad4f2be6c24974.parquet,intermediate/15b4/comparisons/cmp_c0ad4f2be6c24974.json,PROCESSED_NOW,419163.0,,419163.0,,8646.0,,8646.0,,True,True,True,True,True,True,False,True,False,True
cmp_9067bcfec8b6f08a,gt_00419bc476176825,PPARG,Pan-UKB,Pan-UKB::continuous|21001|both_sexes||irnt,Body mass index (BMI),MID,PRIMARY,False,True,0.01,5e-08,3,50,3838,3838,3838.0,0,3838,0,3838,3838,3561,1683,1683,1683,1068,1631,914,,3,0,,,True,False,,,,,continuous,quant,,,,,True,continuous,quant,,,,,True,True,,True,,False,intermediate/15b4/comparisons/cmp_9067bcfec8b6f08a.parquet,intermediate/15b4/comparisons/cmp_9067bcfec8b6f08a.json,PROCESSED_NOW,419163.0,,419163.0,,1572.0,,1572.0,,True,True,True,True,True,True,False,True,False,True
cmp_584606d70b84e3c1,gt_5d3db36ffbf5ebc1,SLC6A4,Pan-UKB,Pan-UKB::continuous|21001|both_sexes||irnt,Body mass index (BMI),AFR,PRIMARY,False,True,0.01,5e-08,3,50,2161,2161,2161.0,0,2161,0,2161,2161,1988,1137,1137,1137,355,931,290,,5,0,,,True,False,,,,,continuous,quant,,,,,True,continuous,quant,,,,,True,True,,True,,False,intermediate/15b4/comparisons/cmp_584606d70b84e3c1.parquet,intermediate/15b4/comparisons/cmp_584606d70b84e3c1.json,PROCESSED_NOW,419163.0,,419163.0,,6545.0,,6545.0,,True,True,True,True,True,True,False,True,False,True
cmp_358a19866909a106,gt_5d3db36ffbf5ebc1,SLC6A4,Pan-UKB,Pan-UKB::continuous|21001|both_sexes||irnt,Body mass index (BMI),CSA,PRIMARY,False,True,0.01,5e-08,3,50,2161,2161,2161.0,0,2161,0,2161,2161,1988,928,928,928,416,715,341,,5,0,,,True,False,,,,,continuous,quant,,,,,True,continuous,quant,,,,,True,True,,True,,False,intermediate/15b4/comparisons/cmp_358a19866909a106.parquet,intermediate/15b4/comparisons/cmp_358a19866909a106.json,PROCESSED_NOW,419163.0,,419163.0,,8646.0,,8646.0,,True,True,True,True,True,True,False,True,False,True
cmp_13a764bb2f83bff9,gt_5d3db36ffbf5ebc1,SLC6A4,Pan-UKB,Pan-UKB::continuous|21001|both_sexes||irnt,Body mass index (BMI),MID,PRIMARY,False,True,0.01,5e-08,3,50,2161,2161,2161.0,0,2161,0,2161,2161,1988,894,894,894,437,846,359,,5,0,,,True,False,,,,,continuous,quant,,,,,True,continuous,quant,,,,,True,True,,True,,False,intermediate/15b4/comparisons/cmp_13a764bb2f83bff9.parquet,intermediate/15b4/comparisons/cmp_13a764bb2f83bff9.json,PROCESSED_NOW,419163.0,,419163.0,,1572.0,,1572.0,,True,True,True,True,True,True,False,True,False,True
cmp_bb725845cca6f024,gt_94eb695ffab3980d,CASR,Pan-UKB,Pan-UKB::biomarkers|30680|both_sexes||irnt,Calcium,CSA,PRIMARY,True,False,0.01,5e-08,3,50,2995,2995,2995.0,0,2995,0,2995,2995,2783,1600,1600,1598,1027,1400,919,,685,37,,,True,False,,,,,biomarkers,quant,,,,,True,biomarkers,quant,,,,,True,True,,True,,True,intermediate/15b4/comparisons/cmp_bb725845cca6f024.parquet,intermediate/15b4/comparisons/cmp_bb725845cca6f024.json,PROCESSED_NOW,367050.0,,367050.0,,7697.0,,7697.0,,True,False,False,False,True,False,False,True,True,False
cmp_5a33809c9a767c6c,gt_48233b9c2eb59a1f,ABCA1,Pan-UKB,Pan-UKB::biomarkers|30690|both_sexes||irnt,Cholesterol,CSA,SENSITIVITY,False,False,0.01,5e-08,3,50,4170,4170,4170.0,0,4170,0,4170,4170,3803,2450,2450,2450,1486,2059,1286,,213,0,,,True,False,,,,,biomarkers,quant,,,,,True,biomarkers,quant,,,,,True,True,,True,,False,intermediate/15b4/comparisons/cmp_5a33809c9a767c6c.parquet,intermediate/15b4/comparisons/cmp_5a33809c9a767c6c.json,PROCESSED_NOW,400963.0,,400963.0,,8422.0,,8422.0,,False,True,False,False,True,False,False,True,False,False
cmp_7bfbcd456087ab80,gt_901e56afccee7ba0,ANGPTL3,Pan-UKB,Pan-UKB::biomarkers|30690|both_sexes||irnt,Cholesterol,CSA,SENSITIVITY,True,False,0.01,5e-08,3,50,1298,1298,1298.0,0,1298,0,1298,1298,1173,642,642,602,295,530,242,,214,0,,,True,False,,,,,biomarkers,quant,,,,,True,biomarkers,quant,,,,,True,True,,True,,False,intermediate/15b4/comparisons/cmp_7bfbcd456087ab80.parquet,intermediate/15b4/comparisons/cmp_7bfbcd456087ab80.json,PROCESSED_NOW,400963.0,,400963.0,,8422.0,,8422.0,,False,False,False,False,True,False,False,True,False,False
cmp_29d8e89ffd8b7085,gt_75c73f4df9d630bb,ANGPTL8,Pan-UKB,Pan-UKB::biomarkers|30690|both_sexes||irnt,Cholesterol,CSA,SENSITIVITY,False,False,0.01,5e-08,3,50,2184,2184,2184.0,0,2184,0,2184,2184,2005,1334,1334,1334,778,1094,663,,215,0,,,True,False,,,,,biomarkers,quant,,,,,True,biomarkers,quant,,,,,True,True,,True,,False,intermediate/15b4/comparisons/cmp_29d8e89ffd8b7085.parquet,intermediate/15b4/comparisons/cmp_29d8e89ffd8b7085.json,PROCESSED_NOW,400963.0,,400963.0,,8422.0,,8422.0,,False,True,False,False,True,False,False,True,False,False
cmp_82c60bdd64d4b4fc,gt_842d84e72602329f,APOA1,Pan-UKB,Pan-UKB::biomarkers|30690|both_sexes||irnt,Cholesterol,CSA,SENSITIVITY,False,False,0.01,5e-08,3,50,2325,2325,2325.0,0,2325,0,2325,2325,2189,1129,1129,1129,678,966,605,,357,0,,,True,False,,,,,biomarkers,quant,,,,,True,biomarkers,quant,,,,,True,True,,True,,False,intermediate/15b4/comparisons/cmp_82c60bdd64d4b4fc.parquet,intermediate/15b4/comparisons/cmp_82c60bdd64d4b4fc.json,PROCESSED_NOW,400963.0,,400963.0,,8422.0,,8422.0,,False,True,False,False,True,False,False,True,False,False
cmp_47d5a0b77ac145cc,gt_f155046fff0f537f,APOB,Pan-UKB,Pan-UKB::biomarkers|30690|both_sexes||irnt,Cholesterol,CSA,SENSITIVITY,True,False,0.01,5e-08,3,50,2630,2630,2630.0,0,2630,0,2630,2630,2491,1191,1191,1191,483,939,427,,287,0,,,True,False,,,,,biomarkers,quant,,,,,True,biomarkers,quant,,,,,True,True,,True,,False,intermediate/15b4/comparisons/cmp_47d5a0b77ac145cc.parquet,intermediate/15b4/comparisons/cmp_47d5a0b77ac145cc.json,PROCESSED_NOW,400963.0,,400963.0,,8422.0,,8422.0,,False,False,False,False,True,False,False,True,False,False
cmp_5e3108abc6e60f9c,gt_77d8eec661a05c8a,APOC3,Pan-UKB,Pan-UKB::biomarkers|30690|both_sexes||irnt,Cholesterol,CSA,SENSITIVITY,False,False,0.01,5e-08,3,50,2333,2333,2333.0,0,2333,0,2333,2333,2197,1137,1137,1137,673,974,599,,349,0,,,True,False,,,,,biomarkers,quant,,,,,True,biomarkers,quant,,,,,True,True,,True,,False,intermediate/15b4/comparisons/cmp_5e3108abc6e60f9c.parquet,intermediate/15b4/comparisons/cmp_5e3108abc6e60f9c.json,PROCESSED_NOW,400963.0,,400963.0,,8422.0,,8422.0,,False,True,False,False,True,False,False,True,False,False
cmp_e6f54408debb560f,gt_2e2fabfb37d2fd13,APOE,Pan-UKB,Pan-UKB::biomarkers|30690|both_sexes||irnt,Cholesterol,CSA,SENSITIVITY,False,False,0.01,5e-08,3,50,1735,1735,1735.0,0,1735,0,1735,1735,1600,1095,1095,1095,699,992,612,,332,5,,,True,False,,,,,biomarkers,quant,,,,,True,biomarkers,quant,,,,,True,True,,True,,True,intermediate/15b4/comparisons/cmp_e6f54408debb560f.parquet,intermediate/15b4/comparisons/cmp_e6f54408debb560f.json,PROCESSED_NOW,400963.0,,400963.0,,8422.0,,8422.0,,False,True,False,False,True,False,False,True,True,False
cmp_0fefc0ae3fa271e3,gt_11d0e900063cba82,CETP,Pan-UKB,Pan-UKB::biomarkers|30690|both_sexes||irnt,Cholesterol,CSA,SENSITIVITY,False,False,0.01,5e-08,3,50,2629,2629,2629.0,0,2629,0,2629,2629,2453,1566,1566,1566,916,1391,805,,123,0,,,True,False,,,,,biomarkers,quant,,,,,True,biomarkers,quant,,,,,True,True,,True,,False,intermediate/15b4/comparisons/cmp_0fefc0ae3fa271e3.parquet,intermediate/15b4/comparisons/cmp_0fefc0ae3fa271e3.json,PROCESSED_NOW,400963.0,,400963.0,,8422.0,,8422.0,,False,True,False,False,True,False,False,True,False,False
cmp_1bd114dbbdb318d7,gt_1b3cc0c3770349a3,DGAT2,Pan-UKB,Pan-UKB::biomarkers|30690|both_sexes||irnt,Cholesterol,CSA,SENSITIVITY,False,False,0.01,5e-08,3,50,2693,2693,2693.0,0,2693,0,2693,2693,2511,1254,1254,1254,526,1002,450,,158,0,,,True,False,,,,,biomarkers,quant,,,,,True,biomarkers,quant,,,,,True,True,,True,,False,intermediate/15b4/comparisons/cmp_1bd114dbbdb318d7.parquet,intermediate/15b4/comparisons/cmp_1bd114dbbdb318d7.json,PROCESSED_NOW,400963.0,,400963.0,,8422.0,,8422.0,,False,True,False,False,True,False,False,True,False,False
cmp_b3ed68c1af2b9b5b,gt_0769e67324e03350,HMGCR,Pan-UKB,Pan-UKB::biomarkers|30690|both_sexes||irnt,Cholesterol,CSA,SENSITIVITY,False,False,0.01,5e-08,3,50,2438,2438,2438.0,0,2438,0,2438,2438,2231,1030,1030,1030,556,893,474,,381,0,,,True,False,,,,,biomarkers,quant,,,,,True,biomarkers,quant,,,,,True,True,,True,,False,intermediate/15b4/comparisons/cmp_b3ed68c1af2b9b5b.parquet,intermediate/15b4/comparisons/cmp_b3ed68c1af2b9b5b.json,PROCESSED_NOW,400963.0,,400963.0,,8422.0,,8422.0,,False,True,False,False,True,False,False,True,False,False
cmp_d88327b460146ca6,gt_5b0a1801dd50c6d3,LPA,Pan-UKB,Pan-UKB::biomarkers|30690|both_sexes||irnt,Cholesterol,CSA,SENSITIVITY,False,False,0.01,5e-08,3,50,3752,3752,3752.0,0,3752,0,3752,3752,3522,1640,1640,1640,719,1225,642,,241,0,,,True,False,,,,,biomarkers,quant,,,,,True,biomarkers,quant,,,,,True,True,,True,,False,intermediate/15b4/comparisons/cmp_d88327b460146ca6.parquet,intermediate/15b4/comparisons/cmp_d88327b460146ca6.json,PROCESSED_NOW,400963.0,,400963.0,,8422.0,,8422.0,,False,True,False,False,True,False,False,True,False,False
cmp_cfe34b655a575375,gt_c4fd94d57b8f4d7f,NPC1L1,Pan-UKB,Pan-UKB::biomarkers|30690|both_sexes||irnt,Cholesterol,CSA,SENSITIVITY,True,False,0.01,5e-08,3,50,2265,2265,2265.0,0,2265,0,2265,2265,2101,919,919,919,569,825,492,,100,0,,,True,False,,,,,biomarkers,quant,,,,,True,biomarkers,quant,,,,,True,True,,True,,False,intermediate/15b4/comparisons/cmp_cfe34b655a575375.parquet,intermediate/15b4/comparisons/cmp_cfe34b655a575375.json,PROCESSED_NOW,400963.0,,400963.0,,8422.0,,8422.0,,False,False,False,False,True,False,False,True,False,False
cmp_734f61fa7e50aa61,gt_7f25d94ab554eb4a,NR1H3,Pan-UKB,Pan-UKB::biomarkers|30690|both_sexes||irnt,Cholesterol,CSA,SENSITIVITY,False,False,0.01,5e-08,3,50,2029,2029,2029.0,0,2029,0,2029,2029,1844,896,896,895,515,776,424,,23,0,,,True,False,,,,,biomarkers,quant,,,,,True,biomarkers,quant,,,,,True,True,,True,,False,intermediate/15b4/comparisons/cmp_734f61fa7e50aa61.parquet,intermediate/15b4/comparisons/cmp_734f61fa7e50aa61.json,PROCESSED_NOW,400963.0,,400963.0,,8422.0,,8422.0,,False,True,False,False,True,False,False,True,False,False
cmp_1603e36b0b5dd9b3,gt_d080bdfc867f9b96,PCSK9,Pan-UKB,Pan-UKB::biomarkers|30690|both_sexes||irnt,Cholesterol,CSA,SENSITIVITY,False,False,0.01,5e-08,3,50,2499,2499,2499.0,0,2499,0,2499,2499,2359,1412,1412,1398,727,1212,674,,192,0,,,True,False,,,,,biomarkers,quant,,,,,True,biomarkers,quant,,,,,True,True,,True,,False,intermediate/15b4/comparisons/cmp_1603e36b0b5dd9b3.parquet,intermediate/15b4/comparisons/cmp_1603e36b0b5dd9b3.json,PROCESSED_NOW,400963.0,,400963.0,,8422.0,,8422.0,,False,True,False,False,True,False,False,True,False,False
cmp_b24e41a0325bb599,gt_42aa1475c810dd57,PPARG,Pan-UKB,Pan-UKB::biomarkers|30690|both_sexes||irnt,Cholesterol,CSA,SENSITIVITY,False,False,0.01,5e-08,3,50,3838,3838,3838.0,0,3838,0,3838,3838,3561,1841,1841,1841,1031,1501,879,,191,0,,,True,False,,,,,biomarkers,quant,,,,,True,biomarkers,quant,,,,,True,True,,True,,False,intermediate/15b4/comparisons/cmp_b24e41a0325bb599.parquet,intermediate/15b4/comparisons/cmp_b24e41a0325bb599.json,PROCESSED_NOW,400963.0,,400963.0,,8422.0,,8422.0,,False,True,False,False,True,False,False,True,False,False
cmp_d75ef1d27be893af,gt_3e7953949fc0c721,ALDH2,Pan-UKB,Pan-UKB::biomarkers|30700|both_sexes||irnt,Creatinine,CSA,SENSITIVITY,False,False,0.01,5e-08,3,50,2104,2104,2104.0,0,2104,0,2104,2104,1947,799,799,799,368,726,304,,10,0,,,True,False,,,,,biomarkers,quant,,,,,True,biomarkers,quant,,,,,True,True,,True,,False,intermediate/15b4/comparisons/cmp_d75ef1d27be893af.parquet,intermediate/15b4/comparisons/cmp_d75ef1d27be893af.json,PROCESSED_NOW,400761.0,,400761.0,,8422.0,,8422.0,,False,True,False,False,True,False,False,True,False,False
cmp_17174b7419a9e12f,gt_3e7953949fc0c721,ALDH2,Pan-UKB,Pan-UKB::biomarkers|30700|both_sexes||irnt,Creatinine,MID,SENSITIVITY,False,False,0.01,5e-08,3,50,2104,2104,2104.0,0,2104,0,2104,2104,1947,873,873,873,378,851,314,,10,0,,,True,False,,,,,biomarkers,quant,,,,,True,biomarkers,quant,,,,,True,True,,True,,False,intermediate/15b4/comparisons/cmp_17174b7419a9e12f.parquet,intermediate/15b4/comparisons/cmp_17174b7419a9e12f.json,PROCESSED_NOW,400761.0,,400761.0,,1498.0,,1498.0,,False,True,False,False,True,False,False,True,False,False
cmp_9681093975aebdb6,gt_325033a32bbc2883,APOL1,Pan-UKB,Pan-UKB::biomarkers|30700|both_sexes||irnt,Creatinine,CSA,SENSITIVITY,False,False,0.01,5e-08,3,50,2520,2520,2520.0,0,2520,0,2520,2520,2373,1638,1638,1638,853,1452,773,,10,0,,,True,False,,,,,biomarkers,quant,,,,,True,biomarkers,quant,,,,,True,True,,True,,False,intermediate/15b4/comparisons/cmp_9681093975aebdb6.parquet,intermediate/15b4/comparisons/cmp_9681093975aebdb6.json,PROCESSED_NOW,400761.0,,400761.0,,8422.0,,8422.0,,False,True,False,False,True,False,False,True,False,False
cmp_d55682864293d6bd,gt_325033a32bbc2883,APOL1,Pan-UKB,Pan-UKB::biomarkers|30700|both_sexes||irnt,Creatinine,MID,SENSITIVITY,False,False,0.01,5e-08,3,50,2520,2520,2520.0,0,2520,0,2520,2520,2373,1497,1497,1497,895,1454,814,,10,0,,,True,False,,,,,biomarkers,quant,,,,,True,biomarkers,quant,,,,,True,True,,True,,False,intermediate/15b4/comparisons/cmp_d55682864293d6bd.parquet,intermediate/15b4/comparisons/cmp_d55682864293d6bd.json,PROCESSED_NOW,400761.0,,400761.0,,1498.0,,1498.0,,False,True,False,False,True,False,False,True,False,False
cmp_3313bfbd6571fdc2,gt_22feb333ba387f56,GLP1R,Pan-UKB,Pan-UKB::biomarkers|30700|both_sexes||irnt,Creatinine,CSA,SENSITIVITY,False,False,0.01,5e-08,3,50,3121,3121,3121.0,0,3121,0,3121,3121,2910,1474,1474,1474,899,1298,798,,30,0,,,True,False,,,,,biomarkers,quant,,,,,True,biomarkers,quant,,,,,True,True,,True,,False,intermediate/15b4/comparisons/cmp_3313bfbd6571fdc2.parquet,intermediate/15b4/comparisons/cmp_3313bfbd6571fdc2.json,PROCESSED_NOW,400761.0,,400761.0,,8422.0,,8422.0,,False,True,False,False,True,False,False,True,False,False
cmp_2c63300a216284bb,gt_22feb333ba387f56,GLP1R,Pan-UKB,Pan-UKB::biomarkers|30700|both_sexes||irnt,Creatinine,MID,SENSITIVITY,False,False,0.01,5e-08,3,50,3121,3121,3121.0,0,3121,0,3121,3121,2910,1357,1357,1345,929,1286,828,,30,0,,,True,False,,,,,biomarkers,quant,,,,,True,biomarkers,quant,,,,,True,True,,True,,False,intermediate/15b4/comparisons/cmp_2c63300a216284bb.parquet,intermediate/15b4/comparisons/cmp_2c63300a216284bb.json,PROCESSED_NOW,400761.0,,400761.0,,1498.0,,1498.0,,False,True,False,False,True,False,False,True,False,False
cmp_5330bd6723b7845f,gt_9da327b0c3bc5136,KCNJ1,Pan-UKB,Pan-UKB::biomarkers|30700|both_sexes||irnt,Creatinine,CSA,SENSITIVITY,False,False,0.01,5e-08,3,50,2419,2419,2419.0,0,2419,0,2419,2419,2278,1412,1412,1412,862,1232,785,,34,0,,,True,False,,,,,biomarkers,quant,,,,,True,biomarkers,quant,,,,,True,True,,True,,False,intermediate/15b4/comparisons/cmp_5330bd6723b7845f.parquet,intermediate/15b4/comparisons/cmp_5330bd6723b7845f.json,PROCESSED_NOW,400761.0,,400761.0,,8422.0,,8422.0,,False,True,False,False,True,False,False,True,False,False
cmp_4159eaf67ead0224,gt_9da327b0c3bc5136,KCNJ1,Pan-UKB,Pan-UKB::biomarkers|30700|both_sexes||irnt,Creatinine,MID,SENSITIVITY,False,False,0.01,5e-08,3,50,2419,2419,2419.0,0,2419,0,2419,2419,2278,1246,1246,1246,881,1203,804,,34,0,,,True,False,,,,,biomarkers,quant,,,,,True,biomarkers,quant,,,,,True,True,,True,,False,intermediate/15b4/comparisons/cmp_4159eaf67ead0224.parquet,intermediate/15b4/comparisons/cmp_4159eaf67ead0224.json,PROCESSED_NOW,400761.0,,400761.0,,1498.0,,1498.0,,False,True,False,False,True,False,False,True,False,False
cmp_375ebdd3318b4e4a,gt_928455e475f5f661,NFE2L2,Pan-UKB,Pan-UKB::biomarkers|30700|both_sexes||irnt,Creatinine,CSA,SENSITIVITY,False,False,0.01,5e-08,3,50,3610,3610,3610.0,0,3610,0,3610,3610,3319,1737,1737,1735,743,1430,638,,58,0,,,True,False,,,,,biomarkers,quant,,,,,True,biomarkers,quant,,,,,True,True,,True,,False,intermediate/15b4/comparisons/cmp_375ebdd3318b4e4a.parquet,intermediate/15b4/comparisons/cmp_375ebdd3318b4e4a.json,PROCESSED_NOW,400761.0,,400761.0,,8422.0,,8422.0,,False,True,False,False,True,False,False,True,False,False
cmp_f91111aef41e7c90,gt_928455e475f5f661,NFE2L2,Pan-UKB,Pan-UKB::biomarkers|30700|both_sexes||irnt,Creatinine,MID,SENSITIVITY,False,False,0.01,5e-08,3,50,3610,3610,3610.0,0,3610,0,3610,3610,3319,1497,1497,1495,765,1459,660,,58,0,,,True,False,,,,,biomarkers,quant,,,,,True,biomarkers,quant,,,,,True,True,,True,,False,intermediate/15b4/comparisons/cmp_f91111aef41e7c90.parquet,intermediate/15b4/comparisons/cmp_f91111aef41e7c90.json,PROCESSED_NOW,400761.0,,400761.0,,1498.0,,1498.0,,False,True,False,False,True,False,False,True,False,False
cmp_bbd06cc696afb4ae,gt_304e050b3ab30a01,NFKB1,Pan-UKB,Pan-UKB::biomarkers|30700|both_sexes||irnt,Creatinine,CSA,SENSITIVITY,False,False,0.01,5e-08,3,50,2980,2980,2980.0,0,2980,0,2980,2980,2777,1607,1607,1605,736,1373,652,,180,0,,,True,False,,,,,biomarkers,quant,,,,,True,biomarkers,quant,,,,,True,True,,True,,False,intermediate/15b4/comparisons/cmp_bbd06cc696afb4ae.parquet,intermediate/15b4/comparisons/cmp_bbd06cc696afb4ae.json,PROCESSED_NOW,400761.0,,400761.0,,8422.0,,8422.0,,False,True,False,False,True,False,False,True,False,False
cmp_3b131072bec37acb,gt_304e050b3ab30a01,NFKB1,Pan-UKB,Pan-UKB::biomarkers|30700|both_sexes||irnt,Creatinine,MID,SENSITIVITY,False,False,0.01,5e-08,3,50,2980,2980,2980.0,0,2980,0,2980,2980,2777,1454,1454,1452,808,1386,715,,181,0,,,True,False,,,,,biomarkers,quant,,,,,True,biomarkers,quant,,,,,True,True,,True,,False,intermediate/15b4/comparisons/cmp_3b131072bec37acb.parquet,intermediate/15b4/comparisons/cmp_3b131072bec37acb.json,PROCESSED_NOW,400761.0,,400761.0,,1498.0,,1498.0,,False,True,False,False,True,False,False,True,False,False
cmp_6a380e02cf8a660f,gt_b8825d29f00de363,ALDH2,Pan-UKB,Pan-UKB::biomarkers|30720|both_sexes||irnt,Cystatin C,CSA,SENSITIVITY,False,False,0.01,5e-08,3,50,2104,2104,2104.0,0,2104,0,2104,2104,1947,799,799,799,368,727,304,,239,0,,,True,False,,,,,biomarkers,quant,,,,,True,biomarkers,quant,,,,,True,True,,True,,False,intermediate/15b4/comparisons/cmp_6a380e02cf8a660f.parquet,intermediate/15b4/comparisons/cmp_6a380e02cf8a660f.json,PROCESSED_NOW,400940.0,,400940.0,,8422.0,,8422.0,,False,True,False,False,True,False,False,True,False,False
cmp_cddf2ace714db7dd,gt_b8825d29f00de363,ALDH2,Pan-UKB,Pan-UKB::biomarkers|30720|both_sexes||irnt,Cystatin C,MID,SENSITIVITY,False,False,0.01,5e-08,3,50,2104,2104,2104.0,0,2104,0,2104,2104,1947,873,873,873,375,851,311,,239,0,,,True,False,,,,,biomarkers,quant,,,,,True,biomarkers,quant,,,,,True,True,,True,,False,intermediate/15b4/comparisons/cmp_cddf2ace714db7dd.parquet,intermediate/15b4/comparisons/cmp_cddf2ace714db7dd.json,PROCESSED_NOW,400940.0,,400940.0,,1500.0,,1500.0,,False,True,False,False,True,False,False,True,False,False
cmp_1d8712f94038f663,gt_15f0931f643db407,GLP1R,Pan-UKB,Pan-UKB::biomarkers|30720|both_sexes||irnt,Cystatin C,CSA,SENSITIVITY,False,False,0.01,5e-08,3,50,3121,3121,3121.0,0,3121,0,3121,3121,2910,1474,1474,1474,899,1297,798,,29,0,,,True,False,,,,,biomarkers,quant,,,,,True,biomarkers,quant,,,,,True,True,,True,,False,intermediate/15b4/comparisons/cmp_1d8712f94038f663.parquet,intermediate/15b4/comparisons/cmp_1d8712f94038f663.json,PROCESSED_NOW,400940.0,,400940.0,,8422.0,,8422.0,,False,True,False,False,True,False,False,True,False,False
cmp_d6c72e9b870060a3,gt_15f0931f643db407,GLP1R,Pan-UKB,Pan-UKB::biomarkers|30720|both_sexes||irnt,Cystatin C,MID,SENSITIVITY,False,False,0.01,5e-08,3,50,3121,3121,3121.0,0,3121,0,3121,3121,2910,1357,1357,1345,929,1286,828,,29,0,,,True,False,,,,,biomarkers,quant,,,,,True,biomarkers,quant,,,,,True,True,,True,,False,intermediate/15b4/comparisons/cmp_d6c72e9b870060a3.parquet,intermediate/15b4/comparisons/cmp_d6c72e9b870060a3.json,PROCESSED_NOW,400940.0,,400940.0,,1500.0,,1500.0,,False,True,False,False,True,False,False,True,False,False
cmp_1603f5c37a1c47d7,gt_08361c84d47be2b6,NFKB1,Pan-UKB,Pan-UKB::biomarkers|30720|both_sexes||irnt,Cystatin C,CSA,SENSITIVITY,False,False,0.01,5e-08,3,50,2980,2980,2980.0,0,2980,0,2980,2980,2777,1607,1607,1605,736,1374,652,,191,0,,,True,False,,,,,biomarkers,quant,,,,,True,biomarkers,quant,,,,,True,True,,True,,False,intermediate/15b4/comparisons/cmp_1603f5c37a1c47d7.parquet,intermediate/15b4/comparisons/cmp_1603f5c37a1c47d7.json,PROCESSED_NOW,400940.0,,400940.0,,8422.0,,8422.0,,False,True,False,False,True,False,False,True,False,False
cmp_577d96ace53fdb52,gt_08361c84d47be2b6,NFKB1,Pan-UKB,Pan-UKB::biomarkers|30720|both_sexes||irnt,Cystatin C,MID,SENSITIVITY,False,False,0.01,5e-08,3,50,2980,2980,2980.0,0,2980,0,2980,2980,2777,1454,1454,1452,808,1386,715,,193,0,,,True,False,,,,,biomarkers,quant,,,,,True,biomarkers,quant,,,,,True,True,,True,,False,intermediate/15b4/comparisons/cmp_577d96ace53fdb52.parquet,intermediate/15b4/comparisons/cmp_577d96ace53fdb52.json,PROCESSED_NOW,400940.0,,400940.0,,1500.0,,1500.0,,False,True,False,False,True,False,False,True,False,False
cmp_faf69748c5e1cb2d,gt_f7ef35f18ecb6a41,TNFSF13,Pan-UKB,Pan-UKB::biomarkers|30720|both_sexes||irnt,Cystatin C,CSA,SENSITIVITY,False,False,0.01,5e-08,3,50,2241,2241,2241.0,0,2241,0,2241,2241,2052,1154,1154,1153,709,980,596,,172,0,,,True,False,,,,,biomarkers,quant,,,,,True,biomarkers,quant,,,,,True,True,,True,,False,intermediate/15b4/comparisons/cmp_faf69748c5e1cb2d.parquet,intermediate/15b4/comparisons/cmp_faf69748c5e1cb2d.json,PROCESSED_NOW,400940.0,,400940.0,,8422.0,,8422.0,,False,True,False,False,True,False,False,True,False,False
cmp_4cc7a4e66419573f,gt_f7ef35f18ecb6a41,TNFSF13,Pan-UKB,Pan-UKB::biomarkers|30720|both_sexes||irnt,Cystatin C,MID,SENSITIVITY,False,False,0.01,5e-08,3,50,2241,2241,2241.0,0,2241,0,2241,2241,2052,1048,1048,1047,742,1005,626,,175,0,,,True,False,,,,,biomarkers,quant,,,,,True,biomarkers,quant,,,,,True,True,,True,,False,intermediate/15b4/comparisons/cmp_4cc7a4e66419573f.parquet,intermediate/15b4/comparisons/cmp_4cc7a4e66419573f.json,PROCESSED_NOW,400940.0,,400940.0,,1500.0,,1500.0,,False,True,False,False,True,False,False,True,False,False
cmp_3eba08ccc40d8e30,gt_ca860418aa6f2049,ADRA2B,Pan-UKB,Pan-UKB::continuous|4079|both_sexes||irnt,"Diastolic blood pressure, automated reading",CSA,SENSITIVITY,False,False,0.01,5e-08,3,50,1162,1162,1162.0,0,1162,0,1162,1162,1098,464,464,464,216,401,192,,68,0,,,True,False,,,,,continuous,quant,,,,,True,continuous,quant,,,,,True,True,,True,,False,intermediate/15b4/comparisons/cmp_3eba08ccc40d8e30.parquet,intermediate/15b4/comparisons/cmp_3eba08ccc40d8e30.json,PROCESSED_NOW,396667.0,,396667.0,,8641.0,,8641.0,,False,True,False,False,True,False,False,True,False,False
cmp_c61f1c2b42fd8e4a,gt_64d260049b72399e,ADRB1,Pan-UKB,Pan-UKB::continuous|4079|both_sexes||irnt,"Diastolic blood pressure, automated reading",CSA,SENSITIVITY,False,False,0.01,5e-08,3,50,1975,1975,1975.0,0,1975,0,1975,1975,1845,1050,1050,1050,564,899,494,,80,0,,,True,False,,,,,continuous,quant,,,,,True,continuous,quant,,,,,True,True,,True,,False,intermediate/15b4/comparisons/cmp_c61f1c2b42fd8e4a.parquet,intermediate/15b4/comparisons/cmp_c61f1c2b42fd8e4a.json,PROCESSED_NOW,396667.0,,396667.0,,8641.0,,8641.0,,False,True,False,False,True,False,False,True,False,False
cmp_65ae4c35b4fbfcb4,gt_91653389a708ea02,AGT,Pan-UKB,Pan-UKB::continuous|4079|both_sexes||irnt,"Diastolic blood pressure, automated reading",CSA,SENSITIVITY,False,False,0.01,5e-08,3,50,2630,2630,2630.0,0,2630,0,2630,2630,2460,1481,1481,1481,938,1319,849,,78,0,,,True,False,,,,,continuous,quant,,,,,True,continuous,quant,,,,,True,True,,True,,False,intermediate/15b4/comparisons/cmp_65ae4c35b4fbfcb4.parquet,intermediate/15b4/comparisons/cmp_65ae4c35b4fbfcb4.json,PROCESSED_NOW,396667.0,,396667.0,,8641.0,,8641.0,,False,True,False,False,True,False,False,True,False,False
cmp_f5409ef32bbe5179,gt_d00fe93361a2e4f3,CACNA1C,Pan-UKB,Pan-UKB::continuous|4079|both_sexes||irnt,"Diastolic blood pressure, automated reading",CSA,SENSITIVITY,False,False,0.01,5e-08,3,50,8452,8452,8452.0,0,8452,0,8452,8452,7940,4804,4804,4802,2778,4237,2510,,29,0,,,True,False,,,,,continuous,quant,,,,,True,continuous,quant,,,,,True,True,,True,,False,intermediate/15b4/comparisons/cmp_f5409ef32bbe5179.parquet,intermediate/15b4/comparisons/cmp_f5409ef32bbe5179.json,PROCESSED_NOW,396667.0,,396667.0,,8641.0,,8641.0,,False,True,False,False,True,False,False,True,False,False
cmp_c110019384f6dd5b,gt_4ef6440060024516,CHRNB4,Pan-UKB,Pan-UKB::continuous|4079|both_sexes||irnt,"Diastolic blood pressure, automated reading",CSA,SENSITIVITY,False,False,0.01,5e-08,3,50,3888,3888,3888.0,0,3888,0,3888,3888,3607,1980,1980,1979,1049,1740,937,,227,0,,,True,False,,,,,continuous,quant,,,,,True,continuous,quant,,,,,True,True,,True,,False,intermediate/15b4/comparisons/cmp_c110019384f6dd5b.parquet,intermediate/15b4/comparisons/cmp_c110019384f6dd5b.json,PROCESSED_NOW,396667.0,,396667.0,,8641.0,,8641.0,,False,True,False,False,True,False,False,True,False,False
cmp_4a81590187870ff3,gt_a3952d3997113985,CYP11B1,Pan-UKB,Pan-UKB::continuous|4079|both_sexes||irnt,"Diastolic blood pressure, automated reading",CSA,SENSITIVITY,False,False,0.01,5e-08,3,50,2880,2880,2880.0,0,2880,0,2880,2880,2688,1579,1579,1577,1032,1411,923,,18,0,,,True,False,,,,,continuous,quant,,,,,True,continuous,quant,,,,,True,True,,True,,False,intermediate/15b4/comparisons/cmp_4a81590187870ff3.parquet,intermediate/15b4/comparisons/cmp_4a81590187870ff3.json,PROCESSED_NOW,396667.0,,396667.0,,8641.0,,8641.0,,False,True,False,False,True,False,False,True,False,False
cmp_be6ff51d932abd83,gt_debf2c8fb659fb36,CYP11B2,Pan-UKB,Pan-UKB::continuous|4079|both_sexes||irnt,"Diastolic blood pressure, automated reading",CSA,SENSITIVITY,False,False,0.01,5e-08,3,50,2772,2772,2772.0,0,2772,0,2772,2772,2579,1529,1529,1528,986,1383,874,,19,0,,,True,False,,,,,continuous,quant,,,,,True,continuous,quant,,,,,True,True,,True,,False,intermediate/15b4/comparisons/cmp_be6ff51d932abd83.parquet,intermediate/15b4/comparisons/cmp_be6ff51d932abd83.json,PROCESSED_NOW,396667.0,,396667.0,,8641.0,,8641.0,,False,True,False,False,True,False,False,True,False,False
cmp_186061ff676561d5,gt_17d819fc7e3439da,OPRL1,Pan-UKB,Pan-UKB::continuous|4079|both_sexes||irnt,"Diastolic blood pressure, automated reading",CSA,SENSITIVITY,False,False,0.01,5e-08,3,50,2030,2030,2030.0,0,2030,0,2030,2030,1886,1103,1103,1103,555,978,481,,32,0,,,True,False,,,,,continuous,quant,,,,,True,continuous,quant,,,,,True,True,,True,,False,intermediate/15b4/comparisons/cmp_186061ff676561d5.parquet,intermediate/15b4/comparisons/cmp_186061ff676561d5.json,PROCESSED_NOW,396667.0,,396667.0,,8641.0,,8641.0,,False,True,False,False,True,False,False,True,False,False
cmp_ca5e17923ad0337a,gt_02ee4f471df88a8e,PDE5A,Pan-UKB,Pan-UKB::continuous|4079|both_sexes||irnt,"Diastolic blood pressure, automated reading",CSA,SENSITIVITY,False,False,0.01,5e-08,3,50,4132,4132,4132.0,0,4132,0,4132,4132,3784,1954,1954,1954,1334,1777,1163,,48,0,,,True,False,,,,,continuous,quant,,,,,True,continuous,quant,,,,,True,True,,True,,False,intermediate/15b4/comparisons/cmp_ca5e17923ad0337a.parquet,intermediate/15b4/comparisons/cmp_ca5e17923ad0337a.json,PROCESSED_NOW,396667.0,,396667.0,,8641.0,,8641.0,,False,True,False,False,True,False,False,True,False,False
cmp_a3e4d31ca0c91d15,gt_2ee3381ab44e0920,VDR,Pan-UKB,Pan-UKB::continuous|4079|both_sexes||irnt,"Diastolic blood pressure, automated reading",CSA,SENSITIVITY,False,False,0.01,5e-08,3,50,3134,3134,3134.0,0,3134,0,3134,3134,2949,1750,1750,1750,1014,1518,911,,12,0,,,True,False,,,,,continuous,quant,,,,,True,continuous,quant,,,,,True,True,,True,,False,intermediate/15b4/comparisons/cmp_a3e4d31ca0c91d15.parquet,intermediate/15b4/comparisons/cmp_a3e4d31ca0c91d15.json,PROCESSED_NOW,396667.0,,396667.0,,8641.0,,8641.0,,False,True,False,False,True,False,False,True,False,False
cmp_990af17cec88f6e5,gt_789423e76503228b,ADAMTS4,Pan-UKB,Pan-UKB::continuous|30150|both_sexes||irnt,Eosinophill count,CSA,SENSITIVITY,False,False,0.01,5e-08,3,50,2013,2013,2013.0,0,2013,0,2013,2013,1883,996,996,996,538,894,461,,17,0,,,True,False,,,,,continuous,quant,,,,,True,continuous,quant,,,,,True,True,,True,,False,intermediate/15b4/comparisons/cmp_990af17cec88f6e5.parquet,intermediate/15b4/comparisons/cmp_990af17cec88f6e5.json,PROCESSED_NOW,407265.0,,407265.0,,8502.0,,8502.0,,False,True,False,False,True,False,False,True,False,False
cmp_6af8593afa532f9c,gt_223416cb2c561aa7,ADRB2,Pan-UKB,Pan-UKB::continuous|30150|both_sexes||irnt,Eosinophill count,CSA,SENSITIVITY,False,False,0.01,5e-08,3,50,1759,1759,1759.0,0,1759,0,1759,1759,1654,1225,1225,1225,629,1062,571,,53,0,,,True,False,,,,,continuous,quant,,,,,True,continuous,quant,,,,,True,True,,True,,False,intermediate/15b4/comparisons/cmp_6af8593afa532f9c.parquet,intermediate/15b4/comparisons/cmp_6af8593afa532f9c.json,PROCESSED_NOW,407265.0,,407265.0,,8502.0,,8502.0,,False,True,False,False,True,False,False,True,False,False
cmp_c033504ac7e6b2b6,gt_dd18083854e1c995,CCR4,Pan-UKB,Pan-UKB::continuous|30150|both_sexes||irnt,Eosinophill count,CSA,SENSITIVITY,False,False,0.01,5e-08,3,50,2303,2303,2303.0,0,2303,0,2303,2303,2148,1294,1294,1282,619,1135,548,,104,0,,,True,False,,,,,continuous,quant,,,,,True,continuous,quant,,,,,True,True,,True,,False,intermediate/15b4/comparisons/cmp_c033504ac7e6b2b6.parquet,intermediate/15b4/comparisons/cmp_c033504ac7e6b2b6.json,PROCESSED_NOW,407265.0,,407265.0,,8502.0,,8502.0,,False,True,False,False,True,False,False,True,False,False
cmp_5f40cae0e1096724,gt_36f98e6136a1b48a,CD200R1,Pan-UKB,Pan-UKB::continuous|30150|both_sexes||irnt,Eosinophill count,CSA,SENSITIVITY,False,False,0.01,5e-08,3,50,3005,3005,3005.0,0,3005,0,3005,3005,2790,1657,1657,1653,900,1446,808,,211,0,,,True,False,,,,,continuous,quant,,,,,True,continuous,quant,,,,,True,True,,True,,False,intermediate/15b4/comparisons/cmp_5f40cae0e1096724.parquet,intermediate/15b4/comparisons/cmp_5f40cae0e1096724.json,PROCESSED_NOW,407265.0,,407265.0,,8502.0,,8502.0,,False,True,False,False,True,False,False,True,False,False
cmp_58c9e69a8afd89f8,gt_7ee3b9713ae4766a,CSF2,Pan-UKB,Pan-UKB::continuous|30150|both_sexes||irnt,Eosinophill count,CSA,SENSITIVITY,False,False,0.01,5e-08,3,50,2080,2080,2080.0,0,2080,0,2080,2080,1948,837,837,837,405,718,365,,253,0,,,True,False,,,,,continuous,quant,,,,,True,continuous,quant,,,,,True,True,,True,,False,intermediate/15b4/comparisons/cmp_58c9e69a8afd89f8.parquet,intermediate/15b4/comparisons/cmp_58c9e69a8afd89f8.json,PROCESSED_NOW,407265.0,,407265.0,,8502.0,,8502.0,,False,True,False,False,True,False,False,True,False,False
cmp_baefc3504cd97cb3,gt_7d630716c81b47c7,GATA3,Pan-UKB,Pan-UKB::continuous|30150|both_sexes||irnt,Eosinophill count,CSA,SENSITIVITY,False,False,0.01,5e-08,3,50,2632,2632,2632.0,0,2632,0,2632,2632,2465,1564,1564,1561,944,1345,839,,58,0,,,True,False,,,,,continuous,quant,,,,,True,continuous,quant,,,,,True,True,,True,,False,intermediate/15b4/comparisons/cmp_baefc3504cd97cb3.parquet,intermediate/15b4/comparisons/cmp_baefc3504cd97cb3.json,PROCESSED_NOW,407265.0,,407265.0,,8502.0,,8502.0,,False,True,False,False,True,False,False,True,False,False
cmp_096a6dd8be6262ef,gt_9ef8bed2b6aa5f66,IL13,Pan-UKB,Pan-UKB::continuous|30150|both_sexes||irnt,Eosinophill count,CSA,SENSITIVITY,True,False,0.01,5e-08,3,50,1900,1900,1900.0,0,1900,0,1900,1900,1759,873,873,873,357,633,308,,155,1,,,True,False,,,,,continuous,quant,,,,,True,continuous,quant,,,,,True,True,,True,,True,intermediate/15b4/comparisons/cmp_096a6dd8be6262ef.parquet,intermediate/15b4/comparisons/cmp_096a6dd8be6262ef.json,PROCESSED_NOW,407265.0,,407265.0,,8502.0,,8502.0,,False,False,False,False,True,False,False,True,True,False
cmp_b334430107854f3e,gt_e8365a8543bc86e5,IL1RL1,Pan-UKB,Pan-UKB::continuous|30150|both_sexes||irnt,Eosinophill count,CSA,SENSITIVITY,False,False,0.01,5e-08,3,50,2637,2637,2637.0,0,2637,0,2637,2637,2469,1354,1354,1354,908,1232,815,,603,0,,,True,False,,,,,continuous,quant,,,,,True,continuous,quant,,,,,True,True,,True,,False,intermediate/15b4/comparisons/cmp_b334430107854f3e.parquet,intermediate/15b4/comparisons/cmp_b334430107854f3e.json,PROCESSED_NOW,407265.0,,407265.0,,8502.0,,8502.0,,False,True,False,False,True,False,False,True,False,False
cmp_b5f3eac4535b0b7d,gt_3b7ad0c4881d6132,IL2RA,Pan-UKB,Pan-UKB::continuous|30150|both_sexes||irnt,Eosinophill count,CSA,SENSITIVITY,False,False,0.01,5e-08,3,50,3200,3200,3200.0,0,3200,0,3200,3200,2993,1974,1974,1966,1152,1771,1029,,120,0,,,True,False,,,,,continuous,quant,,,,,True,continuous,quant,,,,,True,True,,True,,False,intermediate/15b4/comparisons/cmp_b5f3eac4535b0b7d.parquet,intermediate/15b4/comparisons/cmp_b5f3eac4535b0b7d.json,PROCESSED_NOW,407265.0,,407265.0,,8502.0,,8502.0,,False,True,False,False,True,False,False,True,False,False
cmp_3612c5d315cc738f,gt_afccfe95344ecc86,IL3,Pan-UKB,Pan-UKB::continuous|30150|both_sexes||irnt,Eosinophill count,CSA,SENSITIVITY,False,False,0.01,5e-08,3,50,2072,2072,2072.0,0,2072,0,2072,2072,1957,800,800,800,385,689,353,,242,0,,,True,False,,,,,continuous,quant,,,,,True,continuous,quant,,,,,True,True,,True,,False,intermediate/15b4/comparisons/cmp_3612c5d315cc738f.parquet,intermediate/15b4/comparisons/cmp_3612c5d315cc738f.json,PROCESSED_NOW,407265.0,,407265.0,,8502.0,,8502.0,,False,True,False,False,True,False,False,True,False,False
cmp_8dbb9b9e8a02a058,gt_5eb37492fa4b017f,IL33,Pan-UKB,Pan-UKB::continuous|30150|both_sexes||irnt,Eosinophill count,CSA,SENSITIVITY,False,False,0.01,5e-08,3,50,3067,3067,3067.0,0,3067,0,3067,3067,2925,1297,1297,1297,751,1103,683,,355,0,,,True,False,,,,,continuous,quant,,,,,True,continuous,quant,,,,,True,True,,True,,False,intermediate/15b4/comparisons/cmp_8dbb9b9e8a02a058.parquet,intermediate/15b4/comparisons/cmp_8dbb9b9e8a02a058.json,PROCESSED_NOW,407265.0,,407265.0,,8502.0,,8502.0,,False,True,False,False,True,False,False,True,False,False
cmp_d4e4c9fed7bc2d40,gt_71a1f98792f51649,IL4R,Pan-UKB,Pan-UKB::continuous|30150|both_sexes||irnt,Eosinophill count,CSA,SENSITIVITY,True,False,0.01,5e-08,3,50,2534,2534,2534.0,0,2534,0,2534,2534,2338,1307,1307,1307,694,1109,595,,222,0,,,True,False,,,,,continuous,quant,,,,,True,continuous,quant,,,,,True,True,,True,,False,intermediate/15b4/comparisons/cmp_d4e4c9fed7bc2d40.parquet,intermediate/15b4/comparisons/cmp_d4e4c9fed7bc2d40.json,PROCESSED_NOW,407265.0,,407265.0,,8502.0,,8502.0,,False,False,False,False,True,False,False,True,False,False
cmp_3f7f68480886e42a,gt_8afc4516c7c6fc93,IL5,Pan-UKB,Pan-UKB::continuous|30150|both_sexes||irnt,Eosinophill count,CSA,SENSITIVITY,False,False,0.01,5e-08,3,50,2029,2029,2029.0,0,2029,0,2029,2029,1864,1024,1024,1014,480,830,411,,347,1,,,True,False,,,,,continuous,quant,,,,,True,continuous,quant,,,,,True,True,,True,,True,intermediate/15b4/comparisons/cmp_3f7f68480886e42a.parquet,intermediate/15b4/comparisons/cmp_3f7f68480886e42a.json,PROCESSED_NOW,407265.0,,407265.0,,8502.0,,8502.0,,False,True,False,False,True,False,False,True,True,False
cmp_3490bf9340d42a18,gt_bcc3afe4dbdbc212,IL6,Pan-UKB,Pan-UKB::continuous|30150|both_sexes||irnt,Eosinophill count,CSA,SENSITIVITY,False,False,0.01,5e-08,3,50,2634,2634,2634.0,0,2634,0,2634,2634,2457,1270,1270,1270,854,1117,765,,164,0,,,True,False,,,,,continuous,quant,,,,,True,continuous,quant,,,,,True,True,,True,,False,intermediate/15b4/comparisons/cmp_3490bf9340d42a18.parquet,intermediate/15b4/comparisons/cmp_3490bf9340d42a18.json,PROCESSED_NOW,407265.0,,407265.0,,8502.0,,8502.0,,False,True,False,False,True,False,False,True,False,False
cmp_0a5eb5e15e61ec2d,gt_dadb7ceeabdc9773,INPP5D,Pan-UKB,Pan-UKB::continuous|30150|both_sexes||irnt,Eosinophill count,CSA,SENSITIVITY,False,False,0.01,5e-08,3,50,3561,3561,3561.0,0,3561,0,3561,3561,3283,2210,2210,2210,1417,1979,1239,,176,0,,,True,False,,,,,continuous,quant,,,,,True,continuous,quant,,,,,True,True,,True,,False,intermediate/15b4/comparisons/cmp_0a5eb5e15e61ec2d.parquet,intermediate/15b4/comparisons/cmp_0a5eb5e15e61ec2d.json,PROCESSED_NOW,407265.0,,407265.0,,8502.0,,8502.0,,False,True,False,False,True,False,False,True,False,False
cmp_b89b4f1e51197e9b,gt_bbc6733dac188dc0,KIT,Pan-UKB,Pan-UKB::continuous|30150|both_sexes||irnt,Eosinophill count,CSA,SENSITIVITY,False,False,0.01,5e-08,3,50,2932,2932,2932.0,0,2932,0,2932,2932,2727,1651,1651,1651,893,1334,785,,77,0,,,True,False,,,,,continuous,quant,,,,,True,continuous,quant,,,,,True,True,,True,,False,intermediate/15b4/comparisons/cmp_b89b4f1e51197e9b.parquet,intermediate/15b4/comparisons/cmp_b89b4f1e51197e9b.json,PROCESSED_NOW,407265.0,,407265.0,,8502.0,,8502.0,,False,True,False,False,True,False,False,True,False,False
cmp_c1eddcf2859bd775,gt_3cb4f26d277eeed1,NR3C1,Pan-UKB,Pan-UKB::continuous|30150|both_sexes||irnt,Eosinophill count,CSA,SENSITIVITY,True,False,0.01,5e-08,3,50,3068,3068,3068.0,0,3068,0,3068,3068,2876,1562,1562,1557,701,1375,621,,11,0,,,True,False,,,,,continuous,quant,,,,,True,continuous,quant,,,,,True,True,,True,,False,intermediate/15b4/comparisons/cmp_c1eddcf2859bd775.parquet,intermediate/15b4/comparisons/cmp_c1eddcf2859bd775.json,PROCESSED_NOW,407265.0,,407265.0,,8502.0,,8502.0,,False,False,False,False,True,False,False,True,False,False
cmp_611e15b0be24b981,gt_9460eacf6b5cec6c,TNFSF15,Pan-UKB,Pan-UKB::continuous|30150|both_sexes||irnt,Eosinophill count,CSA,SENSITIVITY,False,False,0.01,5e-08,3,50,1739,1739,1739.0,0,1739,0,1739,1739,1604,1054,1054,1054,557,878,472,,52,0,,,True,False,,,,,continuous,quant,,,,,True,continuous,quant,,,,,True,True,,True,,False,intermediate/15b4/comparisons/cmp_611e15b0be24b981.parquet,intermediate/15b4/comparisons/cmp_611e15b0be24b981.json,PROCESSED_NOW,407265.0,,407265.0,,8502.0,,8502.0,,False,True,False,False,True,False,False,True,False,False
cmp_f6a66c44a02f47db,gt_0d8fbcfc9b467ae1,TNFSF4,Pan-UKB,Pan-UKB::continuous|30150|both_sexes||irnt,Eosinophill count,CSA,SENSITIVITY,False,False,0.01,5e-08,3,50,1854,1854,1854.0,0,1854,0,1854,1854,1730,1025,1025,1025,556,837,492,,63,0,,,True,False,,,,,continuous,quant,,,,,True,continuous,quant,,,,,True,True,,True,,False,intermediate/15b4/comparisons/cmp_f6a66c44a02f47db.parquet,intermediate/15b4/comparisons/cmp_f6a66c44a02f47db.json,PROCESSED_NOW,407265.0,,407265.0,,8502.0,,8502.0,,False,True,False,False,True,False,False,True,False,False
cmp_558621f0fe553462,gt_68a29f695b22e937,TSLP,Pan-UKB,Pan-UKB::continuous|30150|both_sexes||irnt,Eosinophill count,CSA,SENSITIVITY,True,False,0.01,5e-08,3,50,2660,2660,2660.0,0,2660,0,2660,2660,2524,1329,1329,1328,550,1004,503,,221,0,,,True,False,,,,,continuous,quant,,,,,True,continuous,quant,,,,,True,True,,True,,False,intermediate/15b4/comparisons/cmp_558621f0fe553462.parquet,intermediate/15b4/comparisons/cmp_558621f0fe553462.json,PROCESSED_NOW,407265.0,,407265.0,,8502.0,,8502.0,,False,False,False,False,True,False,False,True,False,False
cmp_df35b8f6c89fa76f,gt_49592188ab978b80,ALDH2,Pan-UKB,Pan-UKB::continuous|eGFRcreacys|both_sexes||irnt,"Estimated glomerular filtration rate, cystain C",CSA,SENSITIVITY,False,False,0.01,5e-08,3,50,2104,2104,2104.0,0,2104,0,2104,2104,1947,799,799,799,368,726,304,,226,0,,,True,False,,,,,continuous,quant,,,,,True,continuous,quant,,,,,True,True,,True,,False,intermediate/15b4/comparisons/cmp_df35b8f6c89fa76f.parquet,intermediate/15b4/comparisons/cmp_df35b8f6c89fa76f.json,PROCESSED_NOW,401570.0,,401570.0,,8426.0,,8426.0,,False,True,False,False,True,False,False,True,False,False
cmp_8c7dbc4193a84d20,gt_37e472a0f64504bd,APOL1,Pan-UKB,Pan-UKB::continuous|eGFRcreacys|both_sexes||irnt,"Estimated glomerular filtration rate, cystain C",CSA,SENSITIVITY,False,False,0.01,5e-08,3,50,2520,2520,2520.0,0,2520,0,2520,2520,2373,1638,1638,1638,853,1453,773,,10,0,,,True,False,,,,,continuous,quant,,,,,True,continuous,quant,,,,,True,True,,True,,False,intermediate/15b4/comparisons/cmp_8c7dbc4193a84d20.parquet,intermediate/15b4/comparisons/cmp_8c7dbc4193a84d20.json,PROCESSED_NOW,401570.0,,401570.0,,8426.0,,8426.0,,False,True,False,False,True,False,False,True,False,False
cmp_77b232e3223dc3df,gt_9e8f8486a39d8061,GLP1R,Pan-UKB,Pan-UKB::continuous|eGFRcreacys|both_sexes||irnt,"Estimated glomerular filtration rate, cystain C",CSA,SENSITIVITY,False,False,0.01,5e-08,3,50,3121,3121,3121.0,0,3121,0,3121,3121,2910,1474,1474,1474,899,1297,798,,32,0,,,True,False,,,,,continuous,quant,,,,,True,continuous,quant,,,,,True,True,,True,,False,intermediate/15b4/comparisons/cmp_77b232e3223dc3df.parquet,intermediate/15b4/comparisons/cmp_77b232e3223dc3df.json,PROCESSED_NOW,401570.0,,401570.0,,8426.0,,8426.0,,False,True,False,False,True,False,False,True,False,False
cmp_f5603b761d0d9d9f,gt_cb1935f132a80e7e,KCNJ1,Pan-UKB,Pan-UKB::continuous|eGFRcreacys|both_sexes||irnt,"Estimated glomerular filtration rate, cystain C",CSA,SENSITIVITY,False,False,0.01,5e-08,3,50,2419,2419,2419.0,0,2419,0,2419,2419,2278,1412,1412,1412,861,1232,784,,72,0,,,True,False,,,,,continuous,quant,,,,,True,continuous,quant,,,,,True,True,,True,,False,intermediate/15b4/comparisons/cmp_f5603b761d0d9d9f.parquet,intermediate/15b4/comparisons/cmp_f5603b761d0d9d9f.json,PROCESSED_NOW,401570.0,,401570.0,,8426.0,,8426.0,,False,True,False,False,True,False,False,True,False,False
cmp_6d0d3a7339da8a40,gt_1c7d432c69e1619f,NFE2L2,Pan-UKB,Pan-UKB::continuous|eGFRcreacys|both_sexes||irnt,"Estimated glomerular filtration rate, cystain C",CSA,SENSITIVITY,False,False,0.01,5e-08,3,50,3610,3610,3610.0,0,3610,0,3610,3610,3319,1737,1737,1735,743,1430,638,,54,0,,,True,False,,,,,continuous,quant,,,,,True,continuous,quant,,,,,True,True,,True,,False,intermediate/15b4/comparisons/cmp_6d0d3a7339da8a40.parquet,intermediate/15b4/comparisons/cmp_6d0d3a7339da8a40.json,PROCESSED_NOW,401570.0,,401570.0,,8426.0,,8426.0,,False,True,False,False,True,False,False,True,False,False
cmp_e6bc260bdca8f5e1,gt_f158807cbd1ff8b0,NFKB1,Pan-UKB,Pan-UKB::continuous|eGFRcreacys|both_sexes||irnt,"Estimated glomerular filtration rate, cystain C",CSA,SENSITIVITY,False,False,0.01,5e-08,3,50,2980,2980,2980.0,0,2980,0,2980,2980,2777,1607,1607,1605,736,1373,652,,224,0,,,True,False,,,,,continuous,quant,,,,,True,continuous,quant,,,,,True,True,,True,,False,intermediate/15b4/comparisons/cmp_e6bc260bdca8f5e1.parquet,intermediate/15b4/comparisons/cmp_e6bc260bdca8f5e1.json,PROCESSED_NOW,401570.0,,401570.0,,8426.0,,8426.0,,False,True,False,False,True,False,False,True,False,False
cmp_c2200c96cb049be6,gt_2a1141a538a5d8da,TNFSF13,Pan-UKB,Pan-UKB::continuous|eGFRcreacys|both_sexes||irnt,"Estimated glomerular filtration rate, cystain C",CSA,SENSITIVITY,False,False,0.01,5e-08,3,50,2241,2241,2241.0,0,2241,0,2241,2241,2052,1154,1154,1153,708,980,596,,28,0,,,True,False,,,,,continuous,quant,,,,,True,continuous,quant,,,,,True,True,,True,,False,intermediate/15b4/comparisons/cmp_c2200c96cb049be6.parquet,intermediate/15b4/comparisons/cmp_c2200c96cb049be6.json,PROCESSED_NOW,401570.0,,401570.0,,8426.0,,8426.0,,False,True,False,False,True,False,False,True,False,False
cmp_b6d6dee5331ecf08,gt_fa7c0f92ccea41a7,ALDH2,Pan-UKB,Pan-UKB::continuous|eGFR|both_sexes||irnt,"Estimated glomerular filtration rate, serum creatinine",CSA,PRIMARY,False,True,0.01,5e-08,3,50,2104,2104,2104.0,0,2104,0,2104,2104,1947,799,799,799,368,726,304,,5,0,,,True,False,,,,,continuous,quant,,,,,True,continuous,quant,,,,,True,True,,True,,False,intermediate/15b4/comparisons/cmp_b6d6dee5331ecf08.parquet,intermediate/15b4/comparisons/cmp_b6d6dee5331ecf08.json,PROCESSED_NOW,401867.0,,401867.0,,8432.0,,8432.0,,True,True,True,True,True,True,False,True,False,True
cmp_d99728b014a8c751,gt_fa7c0f92ccea41a7,ALDH2,Pan-UKB,Pan-UKB::continuous|eGFR|both_sexes||irnt,"Estimated glomerular filtration rate, serum creatinine",MID,PRIMARY,False,True,0.01,5e-08,3,50,2104,2104,2104.0,0,2104,0,2104,2104,1947,873,873,873,375,851,311,,5,0,,,True,False,,,,,continuous,quant,,,,,True,continuous,quant,,,,,True,True,,True,,False,intermediate/15b4/comparisons/cmp_d99728b014a8c751.parquet,intermediate/15b4/comparisons/cmp_d99728b014a8c751.json,PROCESSED_NOW,401867.0,,401867.0,,1502.0,,1502.0,,True,True,True,True,True,True,False,True,False,True
cmp_5fd988295a9adf4c,gt_2f8ebd8b90936da0,APOL1,Pan-UKB,Pan-UKB::continuous|eGFR|both_sexes||irnt,"Estimated glomerular filtration rate, serum creatinine",CSA,PRIMARY,False,True,0.01,5e-08,3,50,2520,2520,2520.0,0,2520,0,2520,2520,2373,1638,1638,1638,853,1452,773,,10,0,,,True,False,,,,,continuous,quant,,,,,True,continuous,quant,,,,,True,True,,True,,False,intermediate/15b4/comparisons/cmp_5fd988295a9adf4c.parquet,intermediate/15b4/comparisons/cmp_5fd988295a9adf4c.json,PROCESSED_NOW,401867.0,,401867.0,,8432.0,,8432.0,,True,True,True,True,True,True,False,True,False,True
cmp_b5b4c386bad78c21,gt_2f8ebd8b90936da0,APOL1,Pan-UKB,Pan-UKB::continuous|eGFR|both_sexes||irnt,"Estimated glomerular filtration rate, serum creatinine",MID,PRIMARY,False,True,0.01,5e-08,3,50,2520,2520,2520.0,0,2520,0,2520,2520,2373,1497,1497,1497,895,1454,814,,10,0,,,True,False,,,,,continuous,quant,,,,,True,continuous,quant,,,,,True,True,,True,,False,intermediate/15b4/comparisons/cmp_b5b4c386bad78c21.parquet,intermediate/15b4/comparisons/cmp_b5b4c386bad78c21.json,PROCESSED_NOW,401867.0,,401867.0,,1502.0,,1502.0,,True,True,True,True,True,True,False,True,False,True
cmp_92781d6e4a2bbf69,gt_815416408d11e054,GLP1R,Pan-UKB,Pan-UKB::continuous|eGFR|both_sexes||irnt,"Estimated glomerular filtration rate, serum creatinine",CSA,PRIMARY,False,True,0.01,5e-08,3,50,3121,3121,3121.0,0,3121,0,3121,3121,2910,1474,1474,1474,899,1298,798,,16,0,,,True,False,,,,,continuous,quant,,,,,True,continuous,quant,,,,,True,True,,True,,False,intermediate/15b4/comparisons/cmp_92781d6e4a2bbf69.parquet,intermediate/15b4/comparisons/cmp_92781d6e4a2bbf69.json,PROCESSED_NOW,401867.0,,401867.0,,8432.0,,8432.0,,True,True,True,True,True,True,False,True,False,True
cmp_e4f3e7a3ffef3dee,gt_815416408d11e054,GLP1R,Pan-UKB,Pan-UKB::continuous|eGFR|both_sexes||irnt,"Estimated glomerular filtration rate, serum creatinine",MID,PRIMARY,False,True,0.01,5e-08,3,50,3121,3121,3121.0,0,3121,0,3121,3121,2910,1357,1357,1345,928,1287,827,,16,0,,,True,False,,,,,continuous,quant,,,,,True,continuous,quant,,,,,True,True,,True,,False,intermediate/15b4/comparisons/cmp_e4f3e7a3ffef3dee.parquet,intermediate/15b4/comparisons/cmp_e4f3e7a3ffef3dee.json,PROCESSED_NOW,401867.0,,401867.0,,1502.0,,1502.0,,True,True,True,True,True,True,False,True,False,True
cmp_ad635d062a0cb6f4,gt_72ede56b8ff4d0df,KCNJ1,Pan-UKB,Pan-UKB::continuous|eGFR|both_sexes||irnt,"Estimated glomerular filtration rate, serum creatinine",CSA,PRIMARY,False,True,0.01,5e-08,3,50,2419,2419,2419.0,0,2419,0,2419,2419,2278,1412,1412,1412,861,1232,784,,72,0,,,True,False,,,,,continuous,quant,,,,,True,continuous,quant,,,,,True,True,,True,,False,intermediate/15b4/comparisons/cmp_ad635d062a0cb6f4.parquet,intermediate/15b4/comparisons/cmp_ad635d062a0cb6f4.json,PROCESSED_NOW,401867.0,,401867.0,,8432.0,,8432.0,,True,True,True,True,True,True,False,True,False,True
cmp_a496afa2fb1d58f1,gt_72ede56b8ff4d0df,KCNJ1,Pan-UKB,Pan-UKB::continuous|eGFR|both_sexes||irnt,"Estimated glomerular filtration rate, serum creatinine",MID,PRIMARY,False,True,0.01,5e-08,3,50,2419,2419,2419.0,0,2419,0,2419,2419,2278,1246,1246,1246,880,1204,803,,72,0,,,True,False,,,,,continuous,quant,,,,,True,continuous,quant,,,,,True,True,,True,,False,intermediate/15b4/comparisons/cmp_a496afa2fb1d58f1.parquet,intermediate/15b4/comparisons/cmp_a496afa2fb1d58f1.json,PROCESSED_NOW,401867.0,,401867.0,,1502.0,,1502.0,,True,True,True,True,True,True,False,True,False,True
cmp_952f827b629defdc,gt_68fc6cde9a15be10,NFE2L2,Pan-UKB,Pan-UKB::continuous|eGFR|both_sexes||irnt,"Estimated glomerular filtration rate, serum creatinine",CSA,PRIMARY,False,True,0.01,5e-08,3,50,3610,3610,3610.0,0,3610,0,3610,3610,3319,1737,1737,1735,743,1430,638,,55,0,,,True,False,,,,,continuous,quant,,,,,True,continuous,quant,,,,,True,True,,True,,False,intermediate/15b4/comparisons/cmp_952f827b629defdc.parquet,intermediate/15b4/comparisons/cmp_952f827b629defdc.json,PROCESSED_NOW,401867.0,,401867.0,,8432.0,,8432.0,,True,True,True,True,True,True,False,True,False,True
cmp_bf3da3d8b265cacf,gt_68fc6cde9a15be10,NFE2L2,Pan-UKB,Pan-UKB::continuous|eGFR|both_sexes||irnt,"Estimated glomerular filtration rate, serum creatinine",MID,PRIMARY,False,True,0.01,5e-08,3,50,3610,3610,3610.0,0,3610,0,3610,3610,3319,1497,1497,1495,765,1459,660,,55,0,,,True,False,,,,,continuous,quant,,,,,True,continuous,quant,,,,,True,True,,True,,False,intermediate/15b4/comparisons/cmp_bf3da3d8b265cacf.parquet,intermediate/15b4/comparisons/cmp_bf3da3d8b265cacf.json,PROCESSED_NOW,401867.0,,401867.0,,1502.0,,1502.0,,True,True,True,True,True,True,False,True,False,True
cmp_ab310cba496101c9,gt_5e2273bff10e0a9d,NFKB1,Pan-UKB,Pan-UKB::continuous|eGFR|both_sexes||irnt,"Estimated glomerular filtration rate, serum creatinine",CSA,PRIMARY,False,True,0.01,5e-08,3,50,2980,2980,2980.0,0,2980,0,2980,2980,2777,1607,1607,1605,736,1373,652,,172,0,,,True,False,,,,,continuous,quant,,,,,True,continuous,quant,,,,,True,True,,True,,False,intermediate/15b4/comparisons/cmp_ab310cba496101c9.parquet,intermediate/15b4/comparisons/cmp_ab310cba496101c9.json,PROCESSED_NOW,401867.0,,401867.0,,8432.0,,8432.0,,True,True,True,True,True,True,False,True,False,True
cmp_4a7143548dc144b2,gt_5e2273bff10e0a9d,NFKB1,Pan-UKB,Pan-UKB::continuous|eGFR|both_sexes||irnt,"Estimated glomerular filtration rate, serum creatinine",MID,PRIMARY,False,True,0.01,5e-08,3,50,2980,2980,2980.0,0,2980,0,2980,2980,2777,1454,1454,1452,808,1387,715,,173,0,,,True,False,,,,,continuous,quant,,,,,True,continuous,quant,,,,,True,True,,True,,False,intermediate/15b4/comparisons/cmp_4a7143548dc144b2.parquet,intermediate/15b4/comparisons/cmp_4a7143548dc144b2.json,PROCESSED_NOW,401867.0,,401867.0,,1502.0,,1502.0,,True,True,True,True,True,True,False,True,False,True
cmp_dc63e9f3df458797,gt_d2741a54561a8897,ALDH2,Pan-UKB,Pan-UKB::continuous|eGFRcys|both_sexes||irnt,"Estimated glomerular filtration rate, serum creatinine + cystain C",CSA,SENSITIVITY,False,False,0.01,5e-08,3,50,2104,2104,2104.0,0,2104,0,2104,2104,1947,799,799,799,368,727,304,,240,0,,,True,False,,,,,continuous,quant,,,,,True,continuous,quant,,,,,True,True,,True,,False,intermediate/15b4/comparisons/cmp_dc63e9f3df458797.parquet,intermediate/15b4/comparisons/cmp_dc63e9f3df458797.json,PROCESSED_NOW,402031.0,,402031.0,,8431.0,,8431.0,,False,True,False,False,True,False,False,True,False,False
cmp_a70b7bcdea605e65,gt_f94da670fe45d073,GLP1R,Pan-UKB,Pan-UKB::continuous|eGFRcys|both_sexes||irnt,"Estimated glomerular filtration rate, serum creatinine + cystain C",CSA,SENSITIVITY,False,False,0.01,5e-08,3,50,3121,3121,3121.0,0,3121,0,3121,3121,2910,1474,1474,1474,900,1297,799,,13,0,,,True,False,,,,,continuous,quant,,,,,True,continuous,quant,,,,,True,True,,True,,False,intermediate/15b4/comparisons/cmp_a70b7bcdea605e65.parquet,intermediate/15b4/comparisons/cmp_a70b7bcdea605e65.json,PROCESSED_NOW,402031.0,,402031.0,,8431.0,,8431.0,,False,True,False,False,True,False,False,True,False,False
cmp_88310e25d5472c2f,gt_5cfdcb953dd2daa1,NFKB1,Pan-UKB,Pan-UKB::continuous|eGFRcys|both_sexes||irnt,"Estimated glomerular filtration rate, serum creatinine + cystain C",CSA,SENSITIVITY,False,False,0.01,5e-08,3,50,2980,2980,2980.0,0,2980,0,2980,2980,2777,1607,1607,1605,736,1374,652,,197,0,,,True,False,,,,,continuous,quant,,,,,True,continuous,quant,,,,,True,True,,True,,False,intermediate/15b4/comparisons/cmp_88310e25d5472c2f.parquet,intermediate/15b4/comparisons/cmp_88310e25d5472c2f.json,PROCESSED_NOW,402031.0,,402031.0,,8431.0,,8431.0,,False,True,False,False,True,False,False,True,False,False
cmp_07dcb18613ab35b7,gt_237a604cf389b322,TNFSF13,Pan-UKB,Pan-UKB::continuous|eGFRcys|both_sexes||irnt,"Estimated glomerular filtration rate, serum creatinine + cystain C",CSA,SENSITIVITY,False,False,0.01,5e-08,3,50,2241,2241,2241.0,0,2241,0,2241,2241,2052,1153,1153,1152,707,980,595,,93,0,,,True,False,,,,,continuous,quant,,,,,True,continuous,quant,,,,,True,True,,True,,False,intermediate/15b4/comparisons/cmp_07dcb18613ab35b7.parquet,intermediate/15b4/comparisons/cmp_07dcb18613ab35b7.json,PROCESSED_NOW,402031.0,,402031.0,,8431.0,,8431.0,,False,True,False,False,True,False,False,True,False,False
cmp_1b91d9f5e809b889,gt_eaad0d6b2891c9d2,CHRM3,Pan-UKB,Pan-UKB::continuous|3063|both_sexes||irnt,Forced expiratory volume in 1-second (FEV1),AFR,SENSITIVITY,True,False,0.01,5e-08,3,50,7549,7549,7549.0,0,7549,0,7549,7549,7047,4610,4610,4606,2048,4014,1819,,34,0,,,True,False,,,,,continuous,quant,,,,,True,continuous,quant,,,,,True,True,,True,,False,intermediate/15b4/comparisons/cmp_1b91d9f5e809b889.parquet,intermediate/15b4/comparisons/cmp_1b91d9f5e809b889.json,PROCESSED_NOW,383471.0,,383471.0,,5978.0,,5978.0,,False,False,False,False,True,False,False,True,False,False
cmp_c2ec12ce6aa962ff,gt_eaad0d6b2891c9d2,CHRM3,Pan-UKB,Pan-UKB::continuous|3063|both_sexes||irnt,Forced expiratory volume in 1-second (FEV1),CSA,SENSITIVITY,True,False,0.01,5e-08,3,50,7549,7549,7549.0,0,7549,0,7549,7549,7047,4288,4288,4284,2351,3620,2100,,34,0,,,True,False,,,,,continuous,quant,,,,,True,continuous,quant,,,,,True,True,,True,,False,intermediate/15b4/comparisons/cmp_c2ec12ce6aa962ff.parquet,intermediate/15b4/comparisons/cmp_c2ec12ce6aa962ff.json,PROCESSED_NOW,383471.0,,383471.0,,8080.0,,8080.0,,False,False,False,False,True,False,False,True,False,False
cmp_97ebcb16a1cafb0e,gt_eaad0d6b2891c9d2,CHRM3,Pan-UKB,Pan-UKB::continuous|3063|both_sexes||irnt,Forced expiratory volume in 1-second (FEV1),MID,SENSITIVITY,True,False,0.01,5e-08,3,50,7549,7549,7549.0,0,7549,0,7549,7549,7047,3671,3671,3667,2412,3487,2158,,34,0,,,True,False,,,,,continuous,quant,,,,,True,continuous,quant,,,,,True,True,,True,,False,intermediate/15b4/comparisons/cmp_97ebcb16a1cafb0e.parquet,intermediate/15b4/comparisons/cmp_97ebcb16a1cafb0e.json,PROCESSED_NOW,383471.0,,383471.0,,1432.0,,1432.0,,False,False,False,False,True,False,False,True,False,False
cmp_f5c59cf9d9fbd247,gt_013512b566d19bdd,FGFR3,Pan-UKB,Pan-UKB::continuous|3063|both_sexes||irnt,Forced expiratory volume in 1-second (FEV1),CSA,SENSITIVITY,False,False,0.01,5e-08,3,50,2348,2348,2348.0,0,2348,0,2348,2348,2214,1131,1131,1130,515,864,464,,3,0,,,True,False,,,,,continuous,quant,,,,,True,continuous,quant,,,,,True,True,,True,,False,intermediate/15b4/comparisons/cmp_f5c59cf9d9fbd247.parquet,intermediate/15b4/comparisons/cmp_f5c59cf9d9fbd247.json,PROCESSED_NOW,383471.0,,383471.0,,8080.0,,8080.0,,False,True,False,False,True,False,False,True,False,False
cmp_cf5ccf4ec6fdbebc,gt_013512b566d19bdd,FGFR3,Pan-UKB,Pan-UKB::continuous|3063|both_sexes||irnt,Forced expiratory volume in 1-second (FEV1),MID,SENSITIVITY,False,False,0.01,5e-08,3,50,2348,2348,2348.0,0,2348,0,2348,2348,2214,1007,1007,1004,536,947,484,,3,0,,,True,False,,,,,continuous,quant,,,,,True,continuous,quant,,,,,True,True,,True,,False,intermediate/15b4/comparisons/cmp_cf5ccf4ec6fdbebc.parquet,intermediate/15b4/comparisons/cmp_cf5ccf4ec6fdbebc.json,PROCESSED_NOW,383471.0,,383471.0,,1432.0,,1432.0,,False,True,False,False,True,False,False,True,False,False
cmp_71d51fd8220ecdd7,gt_67618c459284880c,P2RY2,Pan-UKB,Pan-UKB::continuous|3063|both_sexes||irnt,Forced expiratory volume in 1-second (FEV1),AFR,SENSITIVITY,False,False,0.01,5e-08,3,50,1691,1691,1691.0,0,1691,0,1691,1691,1601,1015,1015,999,381,857,335,,45,0,,,True,False,,,,,continuous,quant,,,,,True,continuous,quant,,,,,True,True,,True,,False,intermediate/15b4/comparisons/cmp_71d51fd8220ecdd7.parquet,intermediate/15b4/comparisons/cmp_71d51fd8220ecdd7.json,PROCESSED_NOW,383471.0,,383471.0,,5978.0,,5978.0,,False,True,False,False,True,False,False,True,False,False
cmp_ceb0320df06c9ef1,gt_67618c459284880c,P2RY2,Pan-UKB,Pan-UKB::continuous|3063|both_sexes||irnt,Forced expiratory volume in 1-second (FEV1),CSA,SENSITIVITY,False,False,0.01,5e-08,3,50,1691,1691,1691.0,0,1691,0,1691,1691,1601,913,913,906,452,711,402,,45,0,,,True,False,,,,,continuous,quant,,,,,True,continuous,quant,,,,,True,True,,True,,False,intermediate/15b4/comparisons/cmp_ceb0320df06c9ef1.parquet,intermediate/15b4/comparisons/cmp_ceb0320df06c9ef1.json,PROCESSED_NOW,383471.0,,383471.0,,8080.0,,8080.0,,False,True,False,False,True,False,False,True,False,False
cmp_92340126838632f5,gt_67618c459284880c,P2RY2,Pan-UKB,Pan-UKB::continuous|3063|both_sexes||irnt,Forced expiratory volume in 1-second (FEV1),MID,SENSITIVITY,False,False,0.01,5e-08,3,50,1691,1691,1691.0,0,1691,0,1691,1691,1601,839,839,823,471,753,421,,45,0,,,True,False,,,,,continuous,quant,,,,,True,continuous,quant,,,,,True,True,,True,,False,intermediate/15b4/comparisons/cmp_92340126838632f5.parquet,intermediate/15b4/comparisons/cmp_92340126838632f5.json,PROCESSED_NOW,383471.0,,383471.0,,1432.0,,1432.0,,False,True,False,False,True,False,False,True,False,False
cmp_350b5e0d60207f09,gt_0ef8cbb6ba3f7abe,PDE3A,Pan-UKB,Pan-UKB::continuous|3063|both_sexes||irnt,Forced expiratory volume in 1-second (FEV1),AFR,SENSITIVITY,False,False,0.01,5e-08,3,50,5097,5097,5097.0,0,5097,0,5097,5097,4719,3496,3496,3490,1767,3195,1571,,87,0,,,True,False,,,,,continuous,quant,,,,,True,continuous,quant,,,,,True,True,,True,,False,intermediate/15b4/comparisons/cmp_350b5e0d60207f09.parquet,intermediate/15b4/comparisons/cmp_350b5e0d60207f09.json,PROCESSED_NOW,383471.0,,383471.0,,5978.0,,5978.0,,False,True,False,False,True,False,False,True,False,False
cmp_b6cab8740f5a9c7b,gt_0ef8cbb6ba3f7abe,PDE3A,Pan-UKB,Pan-UKB::continuous|3063|both_sexes||irnt,Forced expiratory volume in 1-second (FEV1),CSA,SENSITIVITY,False,False,0.01,5e-08,3,50,5097,5097,5097.0,0,5097,0,5097,5097,4719,3252,3252,3251,2070,2857,1841,,87,0,,,True,False,,,,,continuous,quant,,,,,True,continuous,quant,,,,,True,True,,True,,False,intermediate/15b4/comparisons/cmp_b6cab8740f5a9c7b.parquet,intermediate/15b4/comparisons/cmp_b6cab8740f5a9c7b.json,PROCESSED_NOW,383471.0,,383471.0,,8080.0,,8080.0,,False,True,False,False,True,False,False,True,False,False
cmp_197aad6d12fe8c13,gt_0ef8cbb6ba3f7abe,PDE3A,Pan-UKB,Pan-UKB::continuous|3063|both_sexes||irnt,Forced expiratory volume in 1-second (FEV1),MID,SENSITIVITY,False,False,0.01,5e-08,3,50,5097,5097,5097.0,0,5097,0,5097,5097,4719,2857,2857,2851,2085,2726,1854,,87,0,,,True,False,,,,,continuous,quant,,,,,True,continuous,quant,,,,,True,True,,True,,False,intermediate/15b4/comparisons/cmp_197aad6d12fe8c13.parquet,intermediate/15b4/comparisons/cmp_197aad6d12fe8c13.json,PROCESSED_NOW,383471.0,,383471.0,,1432.0,,1432.0,,False,True,False,False,True,False,False,True,False,False
cmp_b389e63423459398,gt_029961e460d086f0,SERPINA1,Pan-UKB,Pan-UKB::continuous|3063|both_sexes||irnt,Forced expiratory volume in 1-second (FEV1),AFR,SENSITIVITY,False,False,0.01,5e-08,3,50,2493,2493,2493.0,0,2493,0,2493,2493,2337,1453,1453,1453,772,1294,698,,3,0,,,True,False,,,,,continuous,quant,,,,,True,continuous,quant,,,,,True,True,,True,,False,intermediate/15b4/comparisons/cmp_b389e63423459398.parquet,intermediate/15b4/comparisons/cmp_b389e63423459398.json,PROCESSED_NOW,383471.0,,383471.0,,5978.0,,5978.0,,False,True,False,False,True,False,False,True,False,False
cmp_91fbbe74acfb4987,gt_029961e460d086f0,SERPINA1,Pan-UKB,Pan-UKB::continuous|3063|both_sexes||irnt,Forced expiratory volume in 1-second (FEV1),CSA,SENSITIVITY,False,False,0.01,5e-08,3,50,2493,2493,2493.0,0,2493,0,2493,2493,2337,1369,1369,1369,855,1244,779,,4,0,,,True,False,,,,,continuous,quant,,,,,True,continuous,quant,,,,,True,True,,True,,False,intermediate/15b4/comparisons/cmp_91fbbe74acfb4987.parquet,intermediate/15b4/comparisons/cmp_91fbbe74acfb4987.json,PROCESSED_NOW,383471.0,,383471.0,,8080.0,,8080.0,,False,True,False,False,True,False,False,True,False,False
cmp_9146bc01f23009a1,gt_029961e460d086f0,SERPINA1,Pan-UKB,Pan-UKB::continuous|3063|both_sexes||irnt,Forced expiratory volume in 1-second (FEV1),MID,SENSITIVITY,False,False,0.01,5e-08,3,50,2493,2493,2493.0,0,2493,0,2493,2493,2337,1211,1211,1211,888,1148,806,,4,0,,,True,False,,,,,continuous,quant,,,,,True,continuous,quant,,,,,True,True,,True,,False,intermediate/15b4/comparisons/cmp_9146bc01f23009a1.parquet,intermediate/15b4/comparisons/cmp_9146bc01f23009a1.json,PROCESSED_NOW,383471.0,,383471.0,,1432.0,,1432.0,,False,True,False,False,True,False,False,True,False,False
cmp_13330754df9fa5f7,gt_7572aa2bb0914ab1,HRH4,Pan-UKB,Pan-UKB::continuous|3062|both_sexes||irnt,Forced vital capacity (FVC),AFR,SENSITIVITY,False,False,0.01,5e-08,3,50,2203,2203,2203.0,0,2203,0,2203,2203,2046,1418,1418,1418,757,1299,656,,7,0,,,True,False,,,,,continuous,quant,,,,,True,continuous,quant,,,,,True,True,,True,,False,intermediate/15b4/comparisons/cmp_13330754df9fa5f7.parquet,intermediate/15b4/comparisons/cmp_13330754df9fa5f7.json,PROCESSED_NOW,383471.0,,383471.0,,5978.0,,5978.0,,False,True,False,False,True,False,False,True,False,False
cmp_ac7c91f32cbdb7cd,gt_7572aa2bb0914ab1,HRH4,Pan-UKB,Pan-UKB::continuous|3062|both_sexes||irnt,Forced vital capacity (FVC),CSA,SENSITIVITY,False,False,0.01,5e-08,3,50,2203,2203,2203.0,0,2203,0,2203,2203,2046,1240,1240,1240,817,1044,711,,7,0,,,True,False,,,,,continuous,quant,,,,,True,continuous,quant,,,,,True,True,,True,,False,intermediate/15b4/comparisons/cmp_ac7c91f32cbdb7cd.parquet,intermediate/15b4/comparisons/cmp_ac7c91f32cbdb7cd.json,PROCESSED_NOW,383471.0,,383471.0,,8080.0,,8080.0,,False,True,False,False,True,False,False,True,False,False
cmp_087b0eafdfe68c20,gt_7572aa2bb0914ab1,HRH4,Pan-UKB,Pan-UKB::continuous|3062|both_sexes||irnt,Forced vital capacity (FVC),MID,SENSITIVITY,False,False,0.01,5e-08,3,50,2203,2203,2203.0,0,2203,0,2203,2203,2046,1187,1187,1187,830,1112,722,,7,0,,,True,False,,,,,continuous,quant,,,,,True,continuous,quant,,,,,True,True,,True,,False,intermediate/15b4/comparisons/cmp_087b0eafdfe68c20.parquet,intermediate/15b4/comparisons/cmp_087b0eafdfe68c20.json,PROCESSED_NOW,383471.0,,383471.0,,1432.0,,1432.0,,False,True,False,False,True,False,False,True,False,False
cmp_922343856f4c9d8e,gt_07be8437e4fb75bf,IL1R1,Pan-UKB,Pan-UKB::continuous|3062|both_sexes||irnt,Forced vital capacity (FVC),AFR,SENSITIVITY,False,False,0.01,5e-08,3,50,3760,3760,3760.0,0,3760,0,3760,3760,3540,2020,2020,2019,956,1741,859,,12,0,,,True,False,,,,,continuous,quant,,,,,True,continuous,quant,,,,,True,True,,True,,False,intermediate/15b4/comparisons/cmp_922343856f4c9d8e.parquet,intermediate/15b4/comparisons/cmp_922343856f4c9d8e.json,PROCESSED_NOW,383471.0,,383471.0,,5978.0,,5978.0,,False,True,False,False,True,False,False,True,False,False
cmp_0f62cc6a7c2edcc4,gt_07be8437e4fb75bf,IL1R1,Pan-UKB,Pan-UKB::continuous|3062|both_sexes||irnt,Forced vital capacity (FVC),CSA,SENSITIVITY,False,False,0.01,5e-08,3,50,3760,3760,3760.0,0,3760,0,3760,3760,3540,1828,1828,1828,1027,1580,924,,12,0,,,True,False,,,,,continuous,quant,,,,,True,continuous,quant,,,,,True,True,,True,,False,intermediate/15b4/comparisons/cmp_0f62cc6a7c2edcc4.parquet,intermediate/15b4/comparisons/cmp_0f62cc6a7c2edcc4.json,PROCESSED_NOW,383471.0,,383471.0,,8080.0,,8080.0,,False,True,False,False,True,False,False,True,False,False
cmp_31aa42c2f5c4dcb3,gt_07be8437e4fb75bf,IL1R1,Pan-UKB,Pan-UKB::continuous|3062|both_sexes||irnt,Forced vital capacity (FVC),MID,SENSITIVITY,False,False,0.01,5e-08,3,50,3760,3760,3760.0,0,3760,0,3760,3760,3540,1523,1523,1522,1033,1453,929,,12,0,,,True,False,,,,,continuous,quant,,,,,True,continuous,quant,,,,,True,True,,True,,False,intermediate/15b4/comparisons/cmp_31aa42c2f5c4dcb3.parquet,intermediate/15b4/comparisons/cmp_31aa42c2f5c4dcb3.json,PROCESSED_NOW,383471.0,,383471.0,,1432.0,,1432.0,,False,True,False,False,True,False,False,True,False,False
cmp_26b6cc2ed7bec0a6,gt_4433b8c42ab32b16,PDE3A,Pan-UKB,Pan-UKB::continuous|3062|both_sexes||irnt,Forced vital capacity (FVC),AFR,SENSITIVITY,False,False,0.01,5e-08,3,50,5097,5097,5097.0,0,5097,0,5097,5097,4719,3496,3496,3490,1767,3195,1571,,94,0,,,True,False,,,,,continuous,quant,,,,,True,continuous,quant,,,,,True,True,,True,,False,intermediate/15b4/comparisons/cmp_26b6cc2ed7bec0a6.parquet,intermediate/15b4/comparisons/cmp_26b6cc2ed7bec0a6.json,PROCESSED_NOW,383471.0,,383471.0,,5978.0,,5978.0,,False,True,False,False,True,False,False,True,False,False
cmp_9f98b783bdd2f23c,gt_4433b8c42ab32b16,PDE3A,Pan-UKB,Pan-UKB::continuous|3062|both_sexes||irnt,Forced vital capacity (FVC),CSA,SENSITIVITY,False,False,0.01,5e-08,3,50,5097,5097,5097.0,0,5097,0,5097,5097,4719,3252,3252,3251,2070,2857,1841,,94,0,,,True,False,,,,,continuous,quant,,,,,True,continuous,quant,,,,,True,True,,True,,False,intermediate/15b4/comparisons/cmp_9f98b783bdd2f23c.parquet,intermediate/15b4/comparisons/cmp_9f98b783bdd2f23c.json,PROCESSED_NOW,383471.0,,383471.0,,8080.0,,8080.0,,False,True,False,False,True,False,False,True,False,False
cmp_b98d1a6ea7b9f7d9,gt_4433b8c42ab32b16,PDE3A,Pan-UKB,Pan-UKB::continuous|3062|both_sexes||irnt,Forced vital capacity (FVC),MID,SENSITIVITY,False,False,0.01,5e-08,3,50,5097,5097,5097.0,0,5097,0,5097,5097,4719,2857,2857,2851,2085,2726,1854,,94,0,,,True,False,,,,,continuous,quant,,,,,True,continuous,quant,,,,,True,True,,True,,False,intermediate/15b4/comparisons/cmp_b98d1a6ea7b9f7d9.parquet,intermediate/15b4/comparisons/cmp_b98d1a6ea7b9f7d9.json,PROCESSED_NOW,383471.0,,383471.0,,1432.0,,1432.0,,False,True,False,False,True,False,False,True,False,False
cmp_9c556ffbacab722b,gt_f0050408ec3edabb,SERPINA1,Pan-UKB,Pan-UKB::continuous|3062|both_sexes||irnt,Forced vital capacity (FVC),AFR,SENSITIVITY,False,False,0.01,5e-08,3,50,2493,2493,2493.0,0,2493,0,2493,2493,2337,1453,1453,1453,772,1294,698,,3,0,,,True,False,,,,,continuous,quant,,,,,True,continuous,quant,,,,,True,True,,True,,False,intermediate/15b4/comparisons/cmp_9c556ffbacab722b.parquet,intermediate/15b4/comparisons/cmp_9c556ffbacab722b.json,PROCESSED_NOW,383471.0,,383471.0,,5978.0,,5978.0,,False,True,False,False,True,False,False,True,False,False
cmp_1d907855c37c5d9e,gt_f0050408ec3edabb,SERPINA1,Pan-UKB,Pan-UKB::continuous|3062|both_sexes||irnt,Forced vital capacity (FVC),CSA,SENSITIVITY,False,False,0.01,5e-08,3,50,2493,2493,2493.0,0,2493,0,2493,2493,2337,1369,1369,1369,855,1244,779,,5,0,,,True,False,,,,,continuous,quant,,,,,True,continuous,quant,,,,,True,True,,True,,False,intermediate/15b4/comparisons/cmp_1d907855c37c5d9e.parquet,intermediate/15b4/comparisons/cmp_1d907855c37c5d9e.json,PROCESSED_NOW,383471.0,,383471.0,,8080.0,,8080.0,,False,True,False,False,True,False,False,True,False,False
cmp_676911fb33bdb717,gt_f0050408ec3edabb,SERPINA1,Pan-UKB,Pan-UKB::continuous|3062|both_sexes||irnt,Forced vital capacity (FVC),MID,SENSITIVITY,False,False,0.01,5e-08,3,50,2493,2493,2493.0,0,2493,0,2493,2493,2337,1211,1211,1211,888,1148,806,,5,0,,,True,False,,,,,continuous,quant,,,,,True,continuous,quant,,,,,True,True,,True,,False,intermediate/15b4/comparisons/cmp_676911fb33bdb717.parquet,intermediate/15b4/comparisons/cmp_676911fb33bdb717.json,PROCESSED_NOW,383471.0,,383471.0,,1432.0,,1432.0,,False,True,False,False,True,False,False,True,False,False
cmp_1f6fdb329849310a,gt_3b5fc5b375fad1ca,PNPLA3,Pan-UKB,Pan-UKB::biomarkers|30730|both_sexes||irnt,Gamma glutamyltransferase,CSA,SENSITIVITY,False,False,0.01,5e-08,3,50,2102,2102,2102.0,0,2102,0,2102,2102,1973,1353,1353,1353,979,1258,896,,10,0,,,True,False,,,,,biomarkers,quant,,,,,True,biomarkers,quant,,,,,True,True,,True,,False,intermediate/15b4/comparisons/cmp_1f6fdb329849310a.parquet,intermediate/15b4/comparisons/cmp_1f6fdb329849310a.json,PROCESSED_NOW,400751.0,,400751.0,,8422.0,,8422.0,,False,True,False,False,True,False,False,True,False,False
cmp_582df3be14e0f426,gt_3b5fc5b375fad1ca,PNPLA3,Pan-UKB,Pan-UKB::biomarkers|30730|both_sexes||irnt,Gamma glutamyltransferase,EAS,SENSITIVITY,False,False,0.01,5e-08,3,50,2102,2102,2102.0,0,2102,0,2102,2102,1973,1012,1012,1012,829,986,749,,10,0,,,True,False,,,,,biomarkers,quant,,,,,True,biomarkers,quant,,,,,True,True,,True,,False,intermediate/15b4/comparisons/cmp_582df3be14e0f426.parquet,intermediate/15b4/comparisons/cmp_582df3be14e0f426.json,PROCESSED_NOW,400751.0,,400751.0,,2569.0,,2569.0,,False,True,False,False,True,False,False,True,False,False
cmp_701a7e61724fee24,gt_ae985589e3b67771,TNFRSF1A,Pan-UKB,Pan-UKB::biomarkers|30730|both_sexes||irnt,Gamma glutamyltransferase,CSA,SENSITIVITY,False,False,0.01,5e-08,3,50,1709,1709,1709.0,0,1709,0,1709,1709,1578,1220,1220,1220,656,1046,576,,19,0,,,True,False,,,,,biomarkers,quant,,,,,True,biomarkers,quant,,,,,True,True,,True,,False,intermediate/15b4/comparisons/cmp_701a7e61724fee24.parquet,intermediate/15b4/comparisons/cmp_701a7e61724fee24.json,PROCESSED_NOW,400751.0,,400751.0,,8422.0,,8422.0,,False,True,False,False,True,False,False,True,False,False
cmp_7a25d33f6efeabdd,gt_ae985589e3b67771,TNFRSF1A,Pan-UKB,Pan-UKB::biomarkers|30730|both_sexes||irnt,Gamma glutamyltransferase,EAS,SENSITIVITY,False,False,0.01,5e-08,3,50,1709,1709,1709.0,0,1709,0,1709,1709,1578,811,811,811,535,752,463,,19,0,,,True,False,,,,,biomarkers,quant,,,,,True,biomarkers,quant,,,,,True,True,,True,,False,intermediate/15b4/comparisons/cmp_7a25d33f6efeabdd.parquet,intermediate/15b4/comparisons/cmp_7a25d33f6efeabdd.json,PROCESSED_NOW,400751.0,,400751.0,,2569.0,,2569.0,,False,True,False,False,True,False,False,True,False,False
cmp_0b17ee7489ac54ca,gt_f8d54415d6cc1cc4,ABCC8,Pan-UKB,Pan-UKB::biomarkers|30750|both_sexes||irnt,Glycated haemoglobin (HbA1c),CSA,PRIMARY,False,True,0.01,5e-08,3,50,2741,2741,2741.0,0,2741,0,2741,2741,2573,1548,1548,1548,935,1333,839,,55,0,,,True,False,,,,,biomarkers,quant,,,,,True,biomarkers,quant,,,,,True,True,,True,,False,intermediate/15b4/comparisons/cmp_0b17ee7489ac54ca.parquet,intermediate/15b4/comparisons/cmp_0b17ee7489ac54ca.json,PROCESSED_NOW,400825.0,,400825.0,,8329.0,,8329.0,,True,True,True,True,True,True,False,True,False,True
cmp_223b568c06092c55,gt_f8d54415d6cc1cc4,ABCC8,Pan-UKB,Pan-UKB::biomarkers|30750|both_sexes||irnt,Glycated haemoglobin (HbA1c),MID,PRIMARY,False,True,0.01,5e-08,3,50,2741,2741,2741.0,0,2741,0,2741,2741,2573,1438,1438,1438,945,1370,848,,55,0,,,True,False,,,,,biomarkers,quant,,,,,True,biomarkers,quant,,,,,True,True,,True,,False,intermediate/15b4/comparisons/cmp_223b568c06092c55.parquet,intermediate/15b4/comparisons/cmp_223b568c06092c55.json,PROCESSED_NOW,400825.0,,400825.0,,1502.0,,1502.0,,True,True,True,True,True,True,False,True,False,True
cmp_6a904cea8c198f4a,gt_8af78a546ba0cf73,DGAT1,Pan-UKB,Pan-UKB::biomarkers|30750|both_sexes||irnt,Glycated haemoglobin (HbA1c),CSA,PRIMARY,False,True,0.01,5e-08,3,50,1166,1166,1166.0,0,1166,0,1166,1166,1086,545,545,545,295,451,266,,90,0,,,True,False,,,,,biomarkers,quant,,,,,True,biomarkers,quant,,,,,True,True,,True,,False,intermediate/15b4/comparisons/cmp_6a904cea8c198f4a.parquet,intermediate/15b4/comparisons/cmp_6a904cea8c198f4a.json,PROCESSED_NOW,400825.0,,400825.0,,8329.0,,8329.0,,True,True,True,True,True,True,False,True,False,True
cmp_306964470290b51d,gt_8af78a546ba0cf73,DGAT1,Pan-UKB,Pan-UKB::biomarkers|30750|both_sexes||irnt,Glycated haemoglobin (HbA1c),MID,PRIMARY,False,True,0.01,5e-08,3,50,1166,1166,1166.0,0,1166,0,1166,1166,1086,479,479,479,302,456,272,,88,0,,,True,False,,,,,biomarkers,quant,,,,,True,biomarkers,quant,,,,,True,True,,True,,False,intermediate/15b4/comparisons/cmp_306964470290b51d.parquet,intermediate/15b4/comparisons/cmp_306964470290b51d.json,PROCESSED_NOW,400825.0,,400825.0,,1502.0,,1502.0,,True,True,True,True,True,True,False,True,False,True
cmp_bab5bd13549c5f36,gt_58d110934e76bc52,FBP1,Pan-UKB,Pan-UKB::biomarkers|30750|both_sexes||irnt,Glycated haemoglobin (HbA1c),CSA,PRIMARY,False,True,0.01,5e-08,3,50,2974,2974,2974.0,0,2974,0,2974,2974,2730,1682,1682,1682,1027,1391,888,,6,0,,,True,False,,,,,biomarkers,quant,,,,,True,biomarkers,quant,,,,,True,True,,True,,False,intermediate/15b4/comparisons/cmp_bab5bd13549c5f36.parquet,intermediate/15b4/comparisons/cmp_bab5bd13549c5f36.json,PROCESSED_NOW,400825.0,,400825.0,,8329.0,,8329.0,,True,True,True,True,True,True,False,True,False,True
cmp_8f2a85acfe648bc5,gt_58d110934e76bc52,FBP1,Pan-UKB,Pan-UKB::biomarkers|30750|both_sexes||irnt,Glycated haemoglobin (HbA1c),MID,PRIMARY,False,True,0.01,5e-08,3,50,2974,2974,2974.0,0,2974,0,2974,2974,2730,1551,1551,1551,1041,1516,902,,6,0,,,True,False,,,,,biomarkers,quant,,,,,True,biomarkers,quant,,,,,True,True,,True,,False,intermediate/15b4/comparisons/cmp_8f2a85acfe648bc5.parquet,intermediate/15b4/comparisons/cmp_8f2a85acfe648bc5.json,PROCESSED_NOW,400825.0,,400825.0,,1502.0,,1502.0,,True,True,True,True,True,True,False,True,False,True
cmp_91c6871b7e12216c,gt_e4ce2895dd27f904,GCK,Pan-UKB,Pan-UKB::biomarkers|30750|both_sexes||irnt,Glycated haemoglobin (HbA1c),CSA,PRIMARY,True,False,0.01,5e-08,3,50,2539,2539,2539.0,0,2539,0,2539,2539,2403,1247,1247,1247,749,1087,670,,209,1,,,True,False,,,,,biomarkers,quant,,,,,True,biomarkers,quant,,,,,True,True,,True,,True,intermediate/15b4/comparisons/cmp_91c6871b7e12216c.parquet,intermediate/15b4/comparisons/cmp_91c6871b7e12216c.json,PROCESSED_NOW,400825.0,,400825.0,,8329.0,,8329.0,,True,False,False,False,True,False,False,True,True,False
cmp_55f446a25a655217,gt_e4ce2895dd27f904,GCK,Pan-UKB,Pan-UKB::biomarkers|30750|both_sexes||irnt,Glycated haemoglobin (HbA1c),MID,PRIMARY,True,False,0.01,5e-08,3,50,2539,2539,2539.0,0,2539,0,2539,2539,2403,1051,1051,1051,774,995,694,,212,0,,,True,False,,,,,biomarkers,quant,,,,,True,biomarkers,quant,,,,,True,True,,True,,False,intermediate/15b4/comparisons/cmp_55f446a25a655217.parquet,intermediate/15b4/comparisons/cmp_55f446a25a655217.json,PROCESSED_NOW,400825.0,,400825.0,,1502.0,,1502.0,,True,False,False,False,True,False,False,True,False,False
cmp_83160b2c36c5fa39,gt_0f50d04f150328dc,GDF15,Pan-UKB,Pan-UKB::biomarkers|30750|both_sexes||irnt,Glycated haemoglobin (HbA1c),CSA,PRIMARY,False,True,0.01,5e-08,3,50,1816,1816,1816.0,0,1816,0,1816,1816,1655,1040,1040,1040,639,872,534,,33,0,,,True,False,,,,,biomarkers,quant,,,,,True,biomarkers,quant,,,,,True,True,,True,,False,intermediate/15b4/comparisons/cmp_83160b2c36c5fa39.parquet,intermediate/15b4/comparisons/cmp_83160b2c36c5fa39.json,PROCESSED_NOW,400825.0,,400825.0,,8329.0,,8329.0,,True,True,True,True,True,True,False,True,False,True
cmp_e15f0ef829b34627,gt_0f50d04f150328dc,GDF15,Pan-UKB,Pan-UKB::biomarkers|30750|both_sexes||irnt,Glycated haemoglobin (HbA1c),MID,PRIMARY,False,True,0.01,5e-08,3,50,1816,1816,1816.0,0,1816,0,1816,1816,1655,941,941,941,663,921,555,,33,0,,,True,False,,,,,biomarkers,quant,,,,,True,biomarkers,quant,,,,,True,True,,True,,False,intermediate/15b4/comparisons/cmp_e15f0ef829b34627.parquet,intermediate/15b4/comparisons/cmp_e15f0ef829b34627.json,PROCESSED_NOW,400825.0,,400825.0,,1502.0,,1502.0,,True,True,True,True,True,True,False,True,False,True
cmp_b64efda1167deddf,gt_08f7168b97dea82d,GIPR,Pan-UKB,Pan-UKB::biomarkers|30750|both_sexes||irnt,Glycated haemoglobin (HbA1c),CSA,PRIMARY,False,True,0.01,5e-08,3,50,2363,2363,2363.0,0,2363,0,2363,2363,2226,1074,1074,1074,630,925,534,,193,0,,,True,False,,,,,biomarkers,quant,,,,,True,biomarkers,quant,,,,,True,True,,True,,False,intermediate/15b4/comparisons/cmp_b64efda1167deddf.parquet,intermediate/15b4/comparisons/cmp_b64efda1167deddf.json,PROCESSED_NOW,400825.0,,400825.0,,8329.0,,8329.0,,True,True,True,True,True,True,False,True,False,True
cmp_ee4314019136489d,gt_08f7168b97dea82d,GIPR,Pan-UKB,Pan-UKB::biomarkers|30750|both_sexes||irnt,Glycated haemoglobin (HbA1c),MID,PRIMARY,False,True,0.01,5e-08,3,50,2363,2363,2363.0,0,2363,0,2363,2363,2226,925,925,925,649,887,552,,194,0,,,True,False,,,,,biomarkers,quant,,,,,True,biomarkers,quant,,,,,True,True,,True,,False,intermediate/15b4/comparisons/cmp_ee4314019136489d.parquet,intermediate/15b4/comparisons/cmp_ee4314019136489d.json,PROCESSED_NOW,400825.0,,400825.0,,1502.0,,1502.0,,True,True,True,True,True,True,False,True,False,True
cmp_42caf741a7ae287e,gt_2b5ece6077c646df,GLP1R,Pan-UKB,Pan-UKB::biomarkers|30750|both_sexes||irnt,Glycated haemoglobin (HbA1c),CSA,PRIMARY,True,False,0.01,5e-08,3,50,3121,3121,3121.0,0,3121,0,3121,3121,2910,1472,1472,1472,901,1296,800,,17,0,,,True,False,,,,,biomarkers,quant,,,,,True,biomarkers,quant,,,,,True,True,,True,,False,intermediate/15b4/comparisons/cmp_42caf741a7ae287e.parquet,intermediate/15b4/comparisons/cmp_42caf741a7ae287e.json,PROCESSED_NOW,400825.0,,400825.0,,8329.0,,8329.0,,True,False,False,False,True,False,False,True,False,False
cmp_57a78986c9c36752,gt_2b5ece6077c646df,GLP1R,Pan-UKB,Pan-UKB::biomarkers|30750|both_sexes||irnt,Glycated haemoglobin (HbA1c),MID,PRIMARY,True,False,0.01,5e-08,3,50,3121,3121,3121.0,0,3121,0,3121,3121,2910,1357,1357,1345,929,1288,829,,18,0,,,True,False,,,,,biomarkers,quant,,,,,True,biomarkers,quant,,,,,True,True,,True,,False,intermediate/15b4/comparisons/cmp_57a78986c9c36752.parquet,intermediate/15b4/comparisons/cmp_57a78986c9c36752.json,PROCESSED_NOW,400825.0,,400825.0,,1502.0,,1502.0,,True,False,False,False,True,False,False,True,False,False
cmp_37db73ea4c934f3c,gt_9c96bb01f3b324b3,GLP2R,Pan-UKB,Pan-UKB::biomarkers|30750|both_sexes||irnt,Glycated haemoglobin (HbA1c),CSA,PRIMARY,False,True,0.01,5e-08,3,50,2301,2301,2301.0,0,2301,0,2301,2301,2126,1814,1814,1814,1230,1662,1096,,126,0,,,True,False,,,,,biomarkers,quant,,,,,True,biomarkers,quant,,,,,True,True,,True,,False,intermediate/15b4/comparisons/cmp_37db73ea4c934f3c.parquet,intermediate/15b4/comparisons/cmp_37db73ea4c934f3c.json,PROCESSED_NOW,400825.0,,400825.0,,8329.0,,8329.0,,True,True,True,True,True,True,False,True,False,True
cmp_72d107e6632670b8,gt_9c96bb01f3b324b3,GLP2R,Pan-UKB,Pan-UKB::biomarkers|30750|both_sexes||irnt,Glycated haemoglobin (HbA1c),MID,PRIMARY,False,True,0.01,5e-08,3,50,2301,2301,2301.0,0,2301,0,2301,2301,2126,1690,1690,1690,1233,1678,1099,,126,0,,,True,False,,,,,biomarkers,quant,,,,,True,biomarkers,quant,,,,,True,True,,True,,False,intermediate/15b4/comparisons/cmp_72d107e6632670b8.parquet,intermediate/15b4/comparisons/cmp_72d107e6632670b8.json,PROCESSED_NOW,400825.0,,400825.0,,1502.0,,1502.0,,True,True,True,True,True,True,False,True,False,True
cmp_74e178ae800d0bde,gt_e0b77e59a1b3311a,INS,Pan-UKB,Pan-UKB::biomarkers|30750|both_sexes||irnt,Glycated haemoglobin (HbA1c),CSA,PRIMARY,True,False,0.01,5e-08,3,50,2319,2319,2319.0,0,2319,0,2319,2319,2172,1346,1346,1337,774,1080,693,,31,0,,,True,False,,,,,biomarkers,quant,,,,,True,biomarkers,quant,,,,,True,True,,True,,False,intermediate/15b4/comparisons/cmp_74e178ae800d0bde.parquet,intermediate/15b4/comparisons/cmp_74e178ae800d0bde.json,PROCESSED_NOW,400825.0,,400825.0,,8329.0,,8329.0,,True,False,False,False,True,False,False,True,False,False
cmp_1f77910fca99a6e5,gt_e0b77e59a1b3311a,INS,Pan-UKB,Pan-UKB::biomarkers|30750|both_sexes||irnt,Glycated haemoglobin (HbA1c),MID,PRIMARY,True,False,0.01,5e-08,3,50,2319,2319,2319.0,0,2319,0,2319,2319,2172,1298,1298,1288,788,1235,706,,31,0,,,True,False,,,,,biomarkers,quant,,,,,True,biomarkers,quant,,,,,True,True,,True,,False,intermediate/15b4/comparisons/cmp_1f77910fca99a6e5.parquet,intermediate/15b4/comparisons/cmp_1f77910fca99a6e5.json,PROCESSED_NOW,400825.0,,400825.0,,1502.0,,1502.0,,True,False,False,False,True,False,False,True,False,False
cmp_68f8d41b84d58c8a,gt_9a354430dddcf5b3,KCNJ11,Pan-UKB,Pan-UKB::biomarkers|30750|both_sexes||irnt,Glycated haemoglobin (HbA1c),CSA,PRIMARY,False,True,0.01,5e-08,3,50,2078,2078,2078.0,0,2078,0,2078,2078,1943,1134,1134,1134,678,994,605,,55,0,,,True,False,,,,,biomarkers,quant,,,,,True,biomarkers,quant,,,,,True,True,,True,,False,intermediate/15b4/comparisons/cmp_68f8d41b84d58c8a.parquet,intermediate/15b4/comparisons/cmp_68f8d41b84d58c8a.json,PROCESSED_NOW,400825.0,,400825.0,,8329.0,,8329.0,,True,True,True,True,True,True,False,True,False,True
cmp_e380c446557d34be,gt_9a354430dddcf5b3,KCNJ11,Pan-UKB,Pan-UKB::biomarkers|30750|both_sexes||irnt,Glycated haemoglobin (HbA1c),MID,PRIMARY,False,True,0.01,5e-08,3,50,2078,2078,2078.0,0,2078,0,2078,2078,1943,1021,1021,1021,683,967,610,,55,0,,,True,False,,,,,biomarkers,quant,,,,,True,biomarkers,quant,,,,,True,True,,True,,False,intermediate/15b4/comparisons/cmp_e380c446557d34be.parquet,intermediate/15b4/comparisons/cmp_e380c446557d34be.json,PROCESSED_NOW,400825.0,,400825.0,,1502.0,,1502.0,,True,True,True,True,True,True,False,True,False,True
cmp_aaaa193eeac0390a,gt_049926198a583d6a,METAP2,Pan-UKB,Pan-UKB::biomarkers|30750|both_sexes||irnt,Glycated haemoglobin (HbA1c),CSA,PRIMARY,False,True,0.01,5e-08,3,50,3076,3076,3076.0,0,3076,0,3076,3076,2781,1773,1773,1773,1249,1520,1072,,35,0,,,True,False,,,,,biomarkers,quant,,,,,True,biomarkers,quant,,,,,True,True,,True,,False,intermediate/15b4/comparisons/cmp_aaaa193eeac0390a.parquet,intermediate/15b4/comparisons/cmp_aaaa193eeac0390a.json,PROCESSED_NOW,400825.0,,400825.0,,8329.0,,8329.0,,True,True,True,True,True,True,False,True,False,True
cmp_61439641aadb462c,gt_049926198a583d6a,METAP2,Pan-UKB,Pan-UKB::biomarkers|30750|both_sexes||irnt,Glycated haemoglobin (HbA1c),MID,PRIMARY,False,True,0.01,5e-08,3,50,3076,3076,3076.0,0,3076,0,3076,3076,2781,1630,1630,1630,1253,1565,1076,,35,0,,,True,False,,,,,biomarkers,quant,,,,,True,biomarkers,quant,,,,,True,True,,True,,False,intermediate/15b4/comparisons/cmp_61439641aadb462c.parquet,intermediate/15b4/comparisons/cmp_61439641aadb462c.json,PROCESSED_NOW,400825.0,,400825.0,,1502.0,,1502.0,,True,True,True,True,True,True,False,True,False,True
cmp_4ab05482f9c4b139,gt_5b728915d445b416,PPARG,Pan-UKB,Pan-UKB::biomarkers|30750|both_sexes||irnt,Glycated haemoglobin (HbA1c),CSA,PRIMARY,False,True,0.01,5e-08,3,50,3838,3838,3838.0,0,3838,0,3838,3838,3561,1841,1841,1841,1033,1494,881,,321,0,,,True,False,,,,,biomarkers,quant,,,,,True,biomarkers,quant,,,,,True,True,,True,,False,intermediate/15b4/comparisons/cmp_4ab05482f9c4b139.parquet,intermediate/15b4/comparisons/cmp_4ab05482f9c4b139.json,PROCESSED_NOW,400825.0,,400825.0,,8329.0,,8329.0,,True,True,True,True,True,True,False,True,False,True
cmp_d98864543ce360b3,gt_5b728915d445b416,PPARG,Pan-UKB,Pan-UKB::biomarkers|30750|both_sexes||irnt,Glycated haemoglobin (HbA1c),MID,PRIMARY,False,True,0.01,5e-08,3,50,3838,3838,3838.0,0,3838,0,3838,3838,3561,1683,1683,1683,1066,1608,912,,325,0,,,True,False,,,,,biomarkers,quant,,,,,True,biomarkers,quant,,,,,True,True,,True,,False,intermediate/15b4/comparisons/cmp_d98864543ce360b3.parquet,intermediate/15b4/comparisons/cmp_d98864543ce360b3.json,PROCESSED_NOW,400825.0,,400825.0,,1502.0,,1502.0,,True,True,True,True,True,True,False,True,False,True
cmp_2fe30194051594b9,gt_2b081cc8074fcb3d,SLC5A1,Pan-UKB,Pan-UKB::biomarkers|30750|both_sexes||irnt,Glycated haemoglobin (HbA1c),CSA,PRIMARY,True,False,0.01,5e-08,3,50,3311,3311,3311.0,0,3311,0,3311,3311,3048,1788,1788,1788,1112,1568,958,,456,0,,,True,False,,,,,biomarkers,quant,,,,,True,biomarkers,quant,,,,,True,True,,True,,False,intermediate/15b4/comparisons/cmp_2fe30194051594b9.parquet,intermediate/15b4/comparisons/cmp_2fe30194051594b9.json,PROCESSED_NOW,400825.0,,400825.0,,8329.0,,8329.0,,True,False,False,False,True,False,False,True,False,False
cmp_f9e567250c6c10bb,gt_2b081cc8074fcb3d,SLC5A1,Pan-UKB,Pan-UKB::biomarkers|30750|both_sexes||irnt,Glycated haemoglobin (HbA1c),MID,PRIMARY,True,False,0.01,5e-08,3,50,3311,3311,3311.0,0,3311,0,3311,3311,3048,1659,1659,1659,1125,1606,969,,456,0,,,True,False,,,,,biomarkers,quant,,,,,True,biomarkers,quant,,,,,True,True,,True,,False,intermediate/15b4/comparisons/cmp_f9e567250c6c10bb.parquet,intermediate/15b4/comparisons/cmp_f9e567250c6c10bb.json,PROCESSED_NOW,400825.0,,400825.0,,1502.0,,1502.0,,True,False,False,False,True,False,False,True,False,False
cmp_0c0089ac5cd5de30,gt_f49766f3ae4b8a2f,SREBF1,Pan-UKB,Pan-UKB::biomarkers|30750|both_sexes||irnt,Glycated haemoglobin (HbA1c),CSA,PRIMARY,False,True,0.01,5e-08,3,50,1956,1956,1956.0,0,1956,0,1956,1956,1817,814,814,814,310,655,274,,182,0,,,True,False,,,,,biomarkers,quant,,,,,True,biomarkers,quant,,,,,True,True,,True,,False,intermediate/15b4/comparisons/cmp_0c0089ac5cd5de30.parquet,intermediate/15b4/comparisons/cmp_0c0089ac5cd5de30.json,PROCESSED_NOW,400825.0,,400825.0,,8329.0,,8329.0,,True,True,True,True,True,True,False,True,False,True
cmp_58426512e8b1ab61,gt_f49766f3ae4b8a2f,SREBF1,Pan-UKB,Pan-UKB::biomarkers|30750|both_sexes||irnt,Glycated haemoglobin (HbA1c),MID,PRIMARY,False,True,0.01,5e-08,3,50,1956,1956,1956.0,0,1956,0,1956,1956,1817,824,824,824,324,760,285,,183,0,,,True,False,,,,,biomarkers,quant,,,,,True,biomarkers,quant,,,,,True,True,,True,,False,intermediate/15b4/comparisons/cmp_58426512e8b1ab61.parquet,intermediate/15b4/comparisons/cmp_58426512e8b1ab61.json,PROCESSED_NOW,400825.0,,400825.0,,1502.0,,1502.0,,True,True,True,True,True,True,False,True,False,True
cmp_ba35246f787ddd2f,gt_f9d79082a44b2223,TP53,Pan-UKB,Pan-UKB::biomarkers|30750|both_sexes||irnt,Glycated haemoglobin (HbA1c),CSA,PRIMARY,False,True,0.01,5e-08,3,50,2205,2205,2205.0,0,2205,0,2205,2205,2035,1165,1165,1164,666,1017,565,,118,0,,,True,False,,,,,biomarkers,quant,,,,,True,biomarkers,quant,,,,,True,True,,True,,False,intermediate/15b4/comparisons/cmp_ba35246f787ddd2f.parquet,intermediate/15b4/comparisons/cmp_ba35246f787ddd2f.json,PROCESSED_NOW,400825.0,,400825.0,,8329.0,,8329.0,,True,True,True,True,True,True,False,True,False,True
cmp_a3680a01bb140f75,gt_f9d79082a44b2223,TP53,Pan-UKB,Pan-UKB::biomarkers|30750|both_sexes||irnt,Glycated haemoglobin (HbA1c),MID,PRIMARY,False,True,0.01,5e-08,3,50,2205,2205,2205.0,0,2205,0,2205,2205,2035,996,996,995,698,948,595,,123,0,,,True,False,,,,,biomarkers,quant,,,,,True,biomarkers,quant,,,,,True,True,,True,,False,intermediate/15b4/comparisons/cmp_a3680a01bb140f75.parquet,intermediate/15b4/comparisons/cmp_a3680a01bb140f75.json,PROCESSED_NOW,400825.0,,400825.0,,1502.0,,1502.0,,True,True,True,True,True,True,False,True,False,True
cmp_593ae8985cf9fb81,gt_dab1180e9c6840b2,VEGFA,Pan-UKB,Pan-UKB::biomarkers|30750|both_sexes||irnt,Glycated haemoglobin (HbA1c),CSA,PRIMARY,False,True,0.01,5e-08,3,50,1955,1955,1955.0,0,1955,0,1955,1955,1830,1160,1160,1160,680,956,593,,28,0,,,True,False,,,,,biomarkers,quant,,,,,True,biomarkers,quant,,,,,True,True,,True,,False,intermediate/15b4/comparisons/cmp_593ae8985cf9fb81.parquet,intermediate/15b4/comparisons/cmp_593ae8985cf9fb81.json,PROCESSED_NOW,400825.0,,400825.0,,8329.0,,8329.0,,True,True,True,True,True,True,False,True,False,True
cmp_29a6d39cecffd0ba,gt_dab1180e9c6840b2,VEGFA,Pan-UKB,Pan-UKB::biomarkers|30750|both_sexes||irnt,Glycated haemoglobin (HbA1c),MID,PRIMARY,False,True,0.01,5e-08,3,50,1955,1955,1955.0,0,1955,0,1955,1955,1830,1078,1078,1078,691,1048,605,,28,0,,,True,False,,,,,biomarkers,quant,,,,,True,biomarkers,quant,,,,,True,True,,True,,False,intermediate/15b4/comparisons/cmp_29a6d39cecffd0ba.parquet,intermediate/15b4/comparisons/cmp_29a6d39cecffd0ba.json,PROCESSED_NOW,400825.0,,400825.0,,1502.0,,1502.0,,True,True,True,True,True,True,False,True,False,True
cmp_e888f5b6a5882a64,gt_67c54d9791524a5b,ACVRL1,Pan-UKB,Pan-UKB::continuous|30030|both_sexes||irnt,Haematocrit percentage,CSA,SENSITIVITY,False,False,0.01,5e-08,3,50,2027,2027,2027.0,0,2027,0,2027,2027,1876,1094,1094,1094,552,933,476,,23,0,,,True,False,,,,,continuous,quant,,,,,True,continuous,quant,,,,,True,True,,True,,False,intermediate/15b4/comparisons/cmp_e888f5b6a5882a64.parquet,intermediate/15b4/comparisons/cmp_e888f5b6a5882a64.json,PROCESSED_NOW,407995.0,,407995.0,,8532.0,,8532.0,,False,True,False,False,True,False,False,True,False,False
cmp_2306f4bf45b37d7c,gt_96b2ddeb85d9edbd,EGLN1,Pan-UKB,Pan-UKB::continuous|30030|both_sexes||irnt,Haematocrit percentage,CSA,SENSITIVITY,False,False,0.01,5e-08,3,50,2853,2853,2853.0,0,2853,0,2853,2853,2590,1295,1295,1295,776,1088,658,,331,0,,,True,False,,,,,continuous,quant,,,,,True,continuous,quant,,,,,True,True,,True,,False,intermediate/15b4/comparisons/cmp_2306f4bf45b37d7c.parquet,intermediate/15b4/comparisons/cmp_2306f4bf45b37d7c.json,PROCESSED_NOW,407995.0,,407995.0,,8532.0,,8532.0,,False,True,False,False,True,False,False,True,False,False
cmp_daa15ff91a07e91a,gt_9f9d9a8f3eb4fe90,EGLN2,Pan-UKB,Pan-UKB::continuous|30030|both_sexes||irnt,Haematocrit percentage,CSA,SENSITIVITY,False,False,0.01,5e-08,3,50,2713,2713,2713.0,0,2713,0,2713,2713,2507,1298,1298,1298,904,1186,805,,103,0,,,True,False,,,,,continuous,quant,,,,,True,continuous,quant,,,,,True,True,,True,,False,intermediate/15b4/comparisons/cmp_daa15ff91a07e91a.parquet,intermediate/15b4/comparisons/cmp_daa15ff91a07e91a.json,PROCESSED_NOW,407995.0,,407995.0,,8532.0,,8532.0,,False,True,False,False,True,False,False,True,False,False
cmp_aea0123847180897,gt_66b062a2cbe3e941,EGLN3,Pan-UKB,Pan-UKB::continuous|30030|both_sexes||irnt,Haematocrit percentage,CSA,SENSITIVITY,False,False,0.01,5e-08,3,50,6954,6954,6954.0,0,6954,0,6954,6954,6439,4445,4445,4444,2859,3867,2543,,117,0,,,True,False,,,,,continuous,quant,,,,,True,continuous,quant,,,,,True,True,,True,,False,intermediate/15b4/comparisons/cmp_aea0123847180897.parquet,intermediate/15b4/comparisons/cmp_aea0123847180897.json,PROCESSED_NOW,407995.0,,407995.0,,8532.0,,8532.0,,False,True,False,False,True,False,False,True,False,False
cmp_e00f54419dcb7e9d,gt_dc4d847f4c3509f6,PKLR,Pan-UKB,Pan-UKB::continuous|30030|both_sexes||irnt,Haematocrit percentage,CSA,SENSITIVITY,False,False,0.01,5e-08,3,50,1786,1786,1786.0,0,1786,0,1786,1786,1674,668,668,668,250,535,212,,32,0,,,True,False,,,,,continuous,quant,,,,,True,continuous,quant,,,,,True,True,,True,,False,intermediate/15b4/comparisons/cmp_e00f54419dcb7e9d.parquet,intermediate/15b4/comparisons/cmp_e00f54419dcb7e9d.json,PROCESSED_NOW,407995.0,,407995.0,,8532.0,,8532.0,,False,True,False,False,True,False,False,True,False,False
cmp_34b9528111678889,gt_df32c27b840a5558,ACVRL1,Pan-UKB,Pan-UKB::continuous|30020|both_sexes||irnt,Haemoglobin concentration,CSA,PRIMARY,False,True,0.01,5e-08,3,50,2027,2027,2027.0,0,2027,0,2027,2027,1876,1094,1094,1094,552,933,476,,19,0,,,True,False,,,,,continuous,quant,,,,,True,continuous,quant,,,,,True,True,,True,,False,intermediate/15b4/comparisons/cmp_34b9528111678889.parquet,intermediate/15b4/comparisons/cmp_34b9528111678889.json,PROCESSED_NOW,407994.0,,407994.0,,8532.0,,8532.0,,True,True,True,True,True,True,False,True,False,True
cmp_5636a0aa0df77617,gt_6543c2a00ddc02f5,EGLN1,Pan-UKB,Pan-UKB::continuous|30020|both_sexes||irnt,Haemoglobin concentration,CSA,PRIMARY,False,True,0.01,5e-08,3,50,2853,2853,2853.0,0,2853,0,2853,2853,2590,1295,1295,1295,776,1088,658,,255,0,,,True,False,,,,,continuous,quant,,,,,True,continuous,quant,,,,,True,True,,True,,False,intermediate/15b4/comparisons/cmp_5636a0aa0df77617.parquet,intermediate/15b4/comparisons/cmp_5636a0aa0df77617.json,PROCESSED_NOW,407994.0,,407994.0,,8532.0,,8532.0,,True,True,True,True,True,True,False,True,False,True
cmp_2c670ce121f4e2ed,gt_6100c7305905baed,EGLN2,Pan-UKB,Pan-UKB::continuous|30020|both_sexes||irnt,Haemoglobin concentration,CSA,PRIMARY,False,True,0.01,5e-08,3,50,2713,2713,2713.0,0,2713,0,2713,2713,2507,1298,1298,1298,904,1186,805,,109,0,,,True,False,,,,,continuous,quant,,,,,True,continuous,quant,,,,,True,True,,True,,False,intermediate/15b4/comparisons/cmp_2c670ce121f4e2ed.parquet,intermediate/15b4/comparisons/cmp_2c670ce121f4e2ed.json,PROCESSED_NOW,407994.0,,407994.0,,8532.0,,8532.0,,True,True,True,True,True,True,False,True,False,True
cmp_cdc7ff976577622c,gt_e581489a9e9ecfc2,EGLN3,Pan-UKB,Pan-UKB::continuous|30020|both_sexes||irnt,Haemoglobin concentration,CSA,PRIMARY,False,True,0.01,5e-08,3,50,6954,6954,6954.0,0,6954,0,6954,6954,6439,4445,4445,4444,2859,3867,2543,,33,0,,,True,False,,,,,continuous,quant,,,,,True,continuous,quant,,,,,True,True,,True,,False,intermediate/15b4/comparisons/cmp_cdc7ff976577622c.parquet,intermediate/15b4/comparisons/cmp_cdc7ff976577622c.json,PROCESSED_NOW,407994.0,,407994.0,,8532.0,,8532.0,,True,True,True,True,True,True,False,True,False,True
cmp_33e4f0a27f768357,gt_75fe57ef3df525f5,PKLR,Pan-UKB,Pan-UKB::continuous|30020|both_sexes||irnt,Haemoglobin concentration,CSA,PRIMARY,False,True,0.01,5e-08,3,50,1786,1786,1786.0,0,1786,0,1786,1786,1674,668,668,668,250,535,212,,30,0,,,True,False,,,,,continuous,quant,,,,,True,continuous,quant,,,,,True,True,,True,,False,intermediate/15b4/comparisons/cmp_33e4f0a27f768357.parquet,intermediate/15b4/comparisons/cmp_33e4f0a27f768357.json,PROCESSED_NOW,407994.0,,407994.0,,8532.0,,8532.0,,True,True,True,True,True,True,False,True,False,True
cmp_836c47786aded226,gt_709069d1feb6b869,ESR1,Pan-UKB,Pan-UKB::continuous|3148|both_sexes||irnt,Heel bone mineral density (BMD),CSA,PRIMARY,False,True,0.01,5e-08,3,50,7392,7392,7392.0,0,7392,0,7392,7392,6922,4016,4016,4016,2368,3020,2117,,480,0,,,True,False,,,,,continuous,quant,,,,,True,continuous,quant,,,,,True,True,,True,,False,intermediate/15b4/comparisons/cmp_836c47786aded226.parquet,intermediate/15b4/comparisons/cmp_836c47786aded226.json,PROCESSED_NOW,242809.0,,242809.0,,2633.0,,2633.0,,True,True,True,True,True,True,False,True,False,True
cmp_1c639976f96dce20,gt_49fc2519dd5d448f,GHRHR,Pan-UKB,Pan-UKB::continuous|3148|both_sexes||irnt,Heel bone mineral density (BMD),CSA,PRIMARY,False,True,0.01,5e-08,3,50,2279,2279,2279.0,0,2279,0,2279,2279,2133,1302,1302,1302,841,984,759,,58,0,,,True,False,,,,,continuous,quant,,,,,True,continuous,quant,,,,,True,True,,True,,False,intermediate/15b4/comparisons/cmp_1c639976f96dce20.parquet,intermediate/15b4/comparisons/cmp_1c639976f96dce20.json,PROCESSED_NOW,242809.0,,242809.0,,2633.0,,2633.0,,True,True,True,True,True,True,False,True,False,True
cmp_d642ad82b0d16e5e,gt_1a54193972b2aa21,SOST,Pan-UKB,Pan-UKB::continuous|3148|both_sexes||irnt,Heel bone mineral density (BMD),CSA,PRIMARY,False,True,0.01,5e-08,3,50,1736,1736,1736.0,0,1736,0,1736,1736,1614,816,816,816,456,541,390,,180,0,,,True,False,,,,,continuous,quant,,,,,True,continuous,quant,,,,,True,True,,True,,False,intermediate/15b4/comparisons/cmp_d642ad82b0d16e5e.parquet,intermediate/15b4/comparisons/cmp_d642ad82b0d16e5e.json,PROCESSED_NOW,242809.0,,242809.0,,2633.0,,2633.0,,True,True,True,True,True,True,False,True,False,True
cmp_dae661d54c93c969,gt_95af7ca2e8a7e102,ABCA1,Pan-UKB,Pan-UKB::biomarkers|30780|both_sexes||irnt,LDL direct,CSA,PRIMARY,False,True,0.01,5e-08,3,50,4170,4170,4170.0,0,4170,0,4170,4170,3803,2450,2450,2450,1486,2058,1286,,73,0,,,True,False,,,,,biomarkers,quant,,,,,True,biomarkers,quant,,,,,True,True,,True,,False,intermediate/15b4/comparisons/cmp_dae661d54c93c969.parquet,intermediate/15b4/comparisons/cmp_dae661d54c93c969.json,PROCESSED_NOW,400223.0,,400223.0,,8404.0,,8404.0,,True,True,True,True,True,True,False,True,False,True
cmp_ba79e47f387626ac,gt_bbdbb86b1024cfac,ADRB1,Pan-UKB,Pan-UKB::biomarkers|30780|both_sexes||irnt,LDL direct,CSA,PRIMARY,False,True,0.01,5e-08,3,50,1975,1975,1975.0,0,1975,0,1975,1975,1845,1050,1050,1050,568,892,497,,13,0,,,True,False,,,,,biomarkers,quant,,,,,True,biomarkers,quant,,,,,True,True,,True,,False,intermediate/15b4/comparisons/cmp_ba79e47f387626ac.parquet,intermediate/15b4/comparisons/cmp_ba79e47f387626ac.json,PROCESSED_NOW,400223.0,,400223.0,,8404.0,,8404.0,,True,True,True,True,True,True,False,True,False,True
cmp_d6e8f8c5619c62bc,gt_1d807595f65d990d,ANGPTL3,Pan-UKB,Pan-UKB::biomarkers|30780|both_sexes||irnt,LDL direct,CSA,PRIMARY,True,False,0.01,5e-08,3,50,1298,1298,1298.0,0,1298,0,1298,1298,1173,642,642,602,295,530,242,,202,0,,,True,False,,,,,biomarkers,quant,,,,,True,biomarkers,quant,,,,,True,True,,True,,False,intermediate/15b4/comparisons/cmp_d6e8f8c5619c62bc.parquet,intermediate/15b4/comparisons/cmp_d6e8f8c5619c62bc.json,PROCESSED_NOW,400223.0,,400223.0,,8404.0,,8404.0,,True,False,False,False,True,False,False,True,False,False
cmp_d763b6b831bf0c0e,gt_1c018fe9f451c0ea,ANGPTL8,Pan-UKB,Pan-UKB::biomarkers|30780|both_sexes||irnt,LDL direct,CSA,PRIMARY,False,True,0.01,5e-08,3,50,2184,2184,2184.0,0,2184,0,2184,2184,2005,1334,1334,1334,778,1093,663,,177,0,,,True,False,,,,,biomarkers,quant,,,,,True,biomarkers,quant,,,,,True,True,,True,,False,intermediate/15b4/comparisons/cmp_d763b6b831bf0c0e.parquet,intermediate/15b4/comparisons/cmp_d763b6b831bf0c0e.json,PROCESSED_NOW,400223.0,,400223.0,,8404.0,,8404.0,,True,True,True,True,True,True,False,True,False,True
cmp_d17bec475888ffb1,gt_25de020ab85c0f34,APOA1,Pan-UKB,Pan-UKB::biomarkers|30780|both_sexes||irnt,LDL direct,CSA,PRIMARY,False,True,0.01,5e-08,3,50,2325,2325,2325.0,0,2325,0,2325,2325,2189,1129,1129,1129,678,966,605,,250,0,,,True,False,,,,,biomarkers,quant,,,,,True,biomarkers,quant,,,,,True,True,,True,,False,intermediate/15b4/comparisons/cmp_d17bec475888ffb1.parquet,intermediate/15b4/comparisons/cmp_d17bec475888ffb1.json,PROCESSED_NOW,400223.0,,400223.0,,8404.0,,8404.0,,True,True,True,True,True,True,False,True,False,True
cmp_0eb599a4590e0b6e,gt_65aa7546aeba1725,APOB,Pan-UKB,Pan-UKB::biomarkers|30780|both_sexes||irnt,LDL direct,CSA,PRIMARY,True,False,0.01,5e-08,3,50,2630,2630,2630.0,0,2630,0,2630,2630,2491,1191,1191,1191,483,937,427,,310,0,,,True,False,,,,,biomarkers,quant,,,,,True,biomarkers,quant,,,,,True,True,,True,,False,intermediate/15b4/comparisons/cmp_0eb599a4590e0b6e.parquet,intermediate/15b4/comparisons/cmp_0eb599a4590e0b6e.json,PROCESSED_NOW,400223.0,,400223.0,,8404.0,,8404.0,,True,False,False,False,True,False,False,True,False,False
cmp_89cac3a7cbb61501,gt_e4eae46191577e93,APOC3,Pan-UKB,Pan-UKB::biomarkers|30780|both_sexes||irnt,LDL direct,CSA,PRIMARY,False,True,0.01,5e-08,3,50,2333,2333,2333.0,0,2333,0,2333,2333,2197,1137,1137,1137,673,974,599,,252,0,,,True,False,,,,,biomarkers,quant,,,,,True,biomarkers,quant,,,,,True,True,,True,,False,intermediate/15b4/comparisons/cmp_89cac3a7cbb61501.parquet,intermediate/15b4/comparisons/cmp_89cac3a7cbb61501.json,PROCESSED_NOW,400223.0,,400223.0,,8404.0,,8404.0,,True,True,True,True,True,True,False,True,False,True
cmp_23670cc5cddedef4,gt_0b0678ba83486ccf,APOE,Pan-UKB,Pan-UKB::biomarkers|30780|both_sexes||irnt,LDL direct,CSA,PRIMARY,False,True,0.01,5e-08,3,50,1735,1735,1735.0,0,1735,0,1735,1735,1600,1095,1095,1095,699,991,612,,403,11,,,True,False,,,,,biomarkers,quant,,,,,True,biomarkers,quant,,,,,True,True,,True,,True,intermediate/15b4/comparisons/cmp_23670cc5cddedef4.parquet,intermediate/15b4/comparisons/cmp_23670cc5cddedef4.json,PROCESSED_NOW,400223.0,,400223.0,,8404.0,,8404.0,,True,True,True,True,True,True,True,True,True,True
cmp_9d3113c9f8e31c30,gt_cbb5ddcaa2f8a827,CETP,Pan-UKB,Pan-UKB::biomarkers|30780|both_sexes||irnt,LDL direct,CSA,PRIMARY,False,True,0.01,5e-08,3,50,2629,2629,2629.0,0,2629,0,2629,2629,2453,1566,1566,1566,917,1391,805,,52,0,,,True,False,,,,,biomarkers,quant,,,,,True,biomarkers,quant,,,,,True,True,,True,,False,intermediate/15b4/comparisons/cmp_9d3113c9f8e31c30.parquet,intermediate/15b4/comparisons/cmp_9d3113c9f8e31c30.json,PROCESSED_NOW,400223.0,,400223.0,,8404.0,,8404.0,,True,True,True,True,True,True,False,True,False,True
cmp_f91dafdc919ddc0c,gt_fdbaedc51aaa106f,HMGCR,Pan-UKB,Pan-UKB::biomarkers|30780|both_sexes||irnt,LDL direct,CSA,PRIMARY,False,True,0.01,5e-08,3,50,2438,2438,2438.0,0,2438,0,2438,2438,2231,1030,1030,1030,556,893,474,,371,0,,,True,False,,,,,biomarkers,quant,,,,,True,biomarkers,quant,,,,,True,True,,True,,False,intermediate/15b4/comparisons/cmp_f91dafdc919ddc0c.parquet,intermediate/15b4/comparisons/cmp_f91dafdc919ddc0c.json,PROCESSED_NOW,400223.0,,400223.0,,8404.0,,8404.0,,True,True,True,True,True,True,False,True,False,True
cmp_c5f9b26ab4ae44ee,gt_5da1ad3edfdad65e,LPA,Pan-UKB,Pan-UKB::biomarkers|30780|both_sexes||irnt,LDL direct,CSA,PRIMARY,False,True,0.01,5e-08,3,50,3752,3752,3752.0,0,3752,0,3752,3752,3522,1640,1640,1640,719,1225,642,,230,0,,,True,False,,,,,biomarkers,quant,,,,,True,biomarkers,quant,,,,,True,True,,True,,False,intermediate/15b4/comparisons/cmp_c5f9b26ab4ae44ee.parquet,intermediate/15b4/comparisons/cmp_c5f9b26ab4ae44ee.json,PROCESSED_NOW,400223.0,,400223.0,,8404.0,,8404.0,,True,True,True,True,True,True,False,True,False,True
cmp_c9ca16446ae51c2f,gt_e0d231bc78a0b903,NPC1L1,Pan-UKB,Pan-UKB::biomarkers|30780|both_sexes||irnt,LDL direct,CSA,PRIMARY,True,False,0.01,5e-08,3,50,2265,2265,2265.0,0,2265,0,2265,2265,2101,919,919,919,569,825,492,,191,0,,,True,False,,,,,biomarkers,quant,,,,,True,biomarkers,quant,,,,,True,True,,True,,False,intermediate/15b4/comparisons/cmp_c9ca16446ae51c2f.parquet,intermediate/15b4/comparisons/cmp_c9ca16446ae51c2f.json,PROCESSED_NOW,400223.0,,400223.0,,8404.0,,8404.0,,True,False,False,False,True,False,False,True,False,False
cmp_7e3415964666180a,gt_d690685489730e56,PCSK9,Pan-UKB,Pan-UKB::biomarkers|30780|both_sexes||irnt,LDL direct,CSA,PRIMARY,False,True,0.01,5e-08,3,50,2499,2499,2499.0,0,2499,0,2499,2499,2359,1403,1403,1398,727,1212,674,,213,0,,,True,False,,,,,biomarkers,quant,,,,,True,biomarkers,quant,,,,,True,True,,True,,False,intermediate/15b4/comparisons/cmp_7e3415964666180a.parquet,intermediate/15b4/comparisons/cmp_7e3415964666180a.json,PROCESSED_NOW,400223.0,,400223.0,,8404.0,,8404.0,,True,True,True,True,True,True,False,True,False,True
cmp_697c494077f63f4a,gt_3b78c5d3b48b82a8,PPARG,Pan-UKB,Pan-UKB::biomarkers|30780|both_sexes||irnt,LDL direct,CSA,PRIMARY,False,True,0.01,5e-08,3,50,3838,3838,3838.0,0,3838,0,3838,3838,3561,1841,1841,1841,1031,1499,879,,62,0,,,True,False,,,,,biomarkers,quant,,,,,True,biomarkers,quant,,,,,True,True,,True,,False,intermediate/15b4/comparisons/cmp_697c494077f63f4a.parquet,intermediate/15b4/comparisons/cmp_697c494077f63f4a.json,PROCESSED_NOW,400223.0,,400223.0,,8404.0,,8404.0,,True,True,True,True,True,True,False,True,False,True
cmp_af8dc765866541cc,gt_dd9f4fe0c23e938f,BCL11A,Pan-UKB,Pan-UKB::continuous|30040|both_sexes||irnt,Mean corpuscular volume,CSA,SENSITIVITY,False,False,0.01,5e-08,3,50,2721,2721,2721.0,0,2721,0,2721,2721,2571,1316,1316,1316,795,1136,702,,305,0,,,True,False,,,,,continuous,quant,,,,,True,continuous,quant,,,,,True,True,,True,,False,intermediate/15b4/comparisons/cmp_af8dc765866541cc.parquet,intermediate/15b4/comparisons/cmp_af8dc765866541cc.json,PROCESSED_NOW,407993.0,,407993.0,,8532.0,,8532.0,,False,True,False,False,True,False,False,True,False,False
cmp_bb57965c2a392dfb,gt_5505327134397a27,DYRK3,Pan-UKB,Pan-UKB::continuous|30040|both_sexes||irnt,Mean corpuscular volume,CSA,SENSITIVITY,False,False,0.01,5e-08,3,50,2065,2065,2065.0,0,2065,0,2065,2065,1924,1172,1172,1170,663,1040,570,,28,0,,,True,False,,,,,continuous,quant,,,,,True,continuous,quant,,,,,True,True,,True,,False,intermediate/15b4/comparisons/cmp_bb57965c2a392dfb.parquet,intermediate/15b4/comparisons/cmp_bb57965c2a392dfb.json,PROCESSED_NOW,407993.0,,407993.0,,8532.0,,8532.0,,False,True,False,False,True,False,False,True,False,False
cmp_e72e5525efa44ae3,gt_21973df8b3e37a4d,EPOR,Pan-UKB,Pan-UKB::continuous|30040|both_sexes||irnt,Mean corpuscular volume,CSA,SENSITIVITY,False,False,0.01,5e-08,3,50,1725,1725,1725.0,0,1725,0,1725,1725,1584,1092,1092,1092,568,897,487,,15,0,,,True,False,,,,,continuous,quant,,,,,True,continuous,quant,,,,,True,True,,True,,False,intermediate/15b4/comparisons/cmp_e72e5525efa44ae3.parquet,intermediate/15b4/comparisons/cmp_e72e5525efa44ae3.json,PROCESSED_NOW,407993.0,,407993.0,,8532.0,,8532.0,,False,True,False,False,True,False,False,True,False,False
cmp_44264cabc8f7efe1,gt_780290772563eda3,HAMP,Pan-UKB,Pan-UKB::continuous|30040|both_sexes||irnt,Mean corpuscular volume,CSA,SENSITIVITY,False,False,0.01,5e-08,3,50,2039,2039,2039.0,0,2039,0,2039,2039,1911,1342,1342,1342,853,1224,764,,64,0,,,True,False,,,,,continuous,quant,,,,,True,continuous,quant,,,,,True,True,,True,,False,intermediate/15b4/comparisons/cmp_44264cabc8f7efe1.parquet,intermediate/15b4/comparisons/cmp_44264cabc8f7efe1.json,PROCESSED_NOW,407993.0,,407993.0,,8532.0,,8532.0,,False,True,False,False,True,False,False,True,False,False
cmp_899b25b2a6459d69,gt_38057e29398d09a6,CSF3,Pan-UKB,Pan-UKB::continuous|30140|both_sexes||irnt,Neutrophill count,CSA,PRIMARY,False,True,0.01,5e-08,3,50,2247,2247,2247.0,0,2247,0,2247,2247,2073,1020,1020,1020,597,886,502,,395,151,,,True,False,,,,,continuous,quant,,,,,True,continuous,quant,,,,,True,True,,True,,True,intermediate/15b4/comparisons/cmp_899b25b2a6459d69.parquet,intermediate/15b4/comparisons/cmp_899b25b2a6459d69.json,PROCESSED_NOW,407265.0,,407265.0,,8502.0,,8502.0,,True,True,True,True,True,True,True,True,True,True
cmp_a8cdbbc6ae7dad91,gt_38057e29398d09a6,CSF3,Pan-UKB,Pan-UKB::continuous|30140|both_sexes||irnt,Neutrophill count,MID,PRIMARY,False,True,0.01,5e-08,3,50,2247,2247,2247.0,0,2247,0,2247,2247,2073,968,968,968,635,948,536,,400,0,,,True,False,,,,,continuous,quant,,,,,True,continuous,quant,,,,,True,True,,True,,False,intermediate/15b4/comparisons/cmp_a8cdbbc6ae7dad91.parquet,intermediate/15b4/comparisons/cmp_a8cdbbc6ae7dad91.json,PROCESSED_NOW,407265.0,,407265.0,,1546.0,,1546.0,,True,True,True,True,True,True,False,True,False,True
cmp_08b22a91172968d8,gt_128ad7c7ffd40309,CSF3R,Pan-UKB,Pan-UKB::continuous|30140|both_sexes||irnt,Neutrophill count,CSA,PRIMARY,False,True,0.01,5e-08,3,50,2160,2160,2160.0,0,2160,0,2160,2160,2024,1241,1241,1241,745,1069,664,,127,0,,,True,False,,,,,continuous,quant,,,,,True,continuous,quant,,,,,True,True,,True,,False,intermediate/15b4/comparisons/cmp_08b22a91172968d8.parquet,intermediate/15b4/comparisons/cmp_08b22a91172968d8.json,PROCESSED_NOW,407265.0,,407265.0,,8502.0,,8502.0,,True,True,True,True,True,True,False,True,False,True
cmp_b2879043e48e8130,gt_128ad7c7ffd40309,CSF3R,Pan-UKB,Pan-UKB::continuous|30140|both_sexes||irnt,Neutrophill count,MID,PRIMARY,False,True,0.01,5e-08,3,50,2160,2160,2160.0,0,2160,0,2160,2160,2024,1183,1183,1183,811,1147,726,,171,0,,,True,False,,,,,continuous,quant,,,,,True,continuous,quant,,,,,True,True,,True,,False,intermediate/15b4/comparisons/cmp_b2879043e48e8130.parquet,intermediate/15b4/comparisons/cmp_b2879043e48e8130.json,PROCESSED_NOW,407265.0,,407265.0,,1546.0,,1546.0,,True,True,True,True,True,True,False,True,False,True
cmp_0348a847d71d7add,gt_7139353b566f0bd6,FAP,Pan-UKB,Pan-UKB::continuous|30140|both_sexes||irnt,Neutrophill count,CSA,PRIMARY,False,True,0.01,5e-08,3,50,1950,1950,1950.0,0,1950,0,1950,1950,1833,1093,1093,1093,477,845,412,,7,0,,,True,False,,,,,continuous,quant,,,,,True,continuous,quant,,,,,True,True,,True,,False,intermediate/15b4/comparisons/cmp_0348a847d71d7add.parquet,intermediate/15b4/comparisons/cmp_0348a847d71d7add.json,PROCESSED_NOW,407265.0,,407265.0,,8502.0,,8502.0,,True,True,True,True,True,True,False,True,False,True
cmp_f42d2adaebb6c058,gt_7139353b566f0bd6,FAP,Pan-UKB,Pan-UKB::continuous|30140|both_sexes||irnt,Neutrophill count,MID,PRIMARY,False,True,0.01,5e-08,3,50,1950,1950,1950.0,0,1950,0,1950,1950,1833,802,802,802,443,775,381,,6,0,,,True,False,,,,,continuous,quant,,,,,True,continuous,quant,,,,,True,True,,True,,False,intermediate/15b4/comparisons/cmp_f42d2adaebb6c058.parquet,intermediate/15b4/comparisons/cmp_f42d2adaebb6c058.json,PROCESSED_NOW,407265.0,,407265.0,,1546.0,,1546.0,,True,True,True,True,True,True,False,True,False,True
cmp_158459a232adb0d0,gt_0c426abe19a96c54,ENPP1,Pan-UKB,Pan-UKB::biomarkers|30810|both_sexes||irnt,Phosphate,CSA,PRIMARY,False,True,0.01,5e-08,3,50,2798,2798,2798.0,0,2798,0,2798,2798,2600,1654,1654,1654,914,1334,794,,345,0,,,True,False,,,,,biomarkers,quant,,,,,True,biomarkers,quant,,,,,True,True,,True,,False,intermediate/15b4/comparisons/cmp_158459a232adb0d0.parquet,intermediate/15b4/comparisons/cmp_158459a232adb0d0.json,PROCESSED_NOW,366484.0,,366484.0,,7685.0,,7685.0,,True,True,True,True,True,True,False,True,False,True
cmp_face308db9f33a70,gt_3ef75cbdd99b6f07,IL12B,Pan-UKB,Pan-UKB::continuous|30080|both_sexes||irnt,Platelet count,AFR,PRIMARY,False,True,0.01,5e-08,3,50,1878,1878,1878.0,0,1878,0,1878,1878,1751,1038,1038,1038,482,919,421,,48,0,,,True,False,,,,,continuous,quant,,,,,True,continuous,quant,,,,,True,True,,True,,False,intermediate/15b4/comparisons/cmp_face308db9f33a70.parquet,intermediate/15b4/comparisons/cmp_face308db9f33a70.json,PROCESSED_NOW,407992.0,,407992.0,,6281.0,,6281.0,,True,True,True,True,True,True,False,True,False,True
cmp_fed358ca805b3c3e,gt_3ef75cbdd99b6f07,IL12B,Pan-UKB,Pan-UKB::continuous|30080|both_sexes||irnt,Platelet count,CSA,PRIMARY,False,True,0.01,5e-08,3,50,1878,1878,1878.0,0,1878,0,1878,1878,1751,930,930,930,519,809,458,,49,0,,,True,False,,,,,continuous,quant,,,,,True,continuous,quant,,,,,True,True,,True,,False,intermediate/15b4/comparisons/cmp_fed358ca805b3c3e.parquet,intermediate/15b4/comparisons/cmp_fed358ca805b3c3e.json,PROCESSED_NOW,407992.0,,407992.0,,8532.0,,8532.0,,True,True,True,True,True,True,False,True,False,True
cmp_74eb5925c4626270,gt_3ef75cbdd99b6f07,IL12B,Pan-UKB,Pan-UKB::continuous|30080|both_sexes||irnt,Platelet count,EAS,PRIMARY,False,True,0.01,5e-08,3,50,1878,1878,1878.0,0,1878,0,1878,1878,1751,552,552,552,479,528,420,,47,0,,,True,False,,,,,continuous,quant,,,,,True,continuous,quant,,,,,True,True,,True,,False,intermediate/15b4/comparisons/cmp_74eb5925c4626270.parquet,intermediate/15b4/comparisons/cmp_74eb5925c4626270.json,PROCESSED_NOW,407992.0,,407992.0,,2632.0,,2632.0,,True,True,True,True,True,True,False,True,False,True
cmp_5c6e340a36104708,gt_54755b381baac1e7,JAK1,Pan-UKB,Pan-UKB::continuous|30080|both_sexes||irnt,Platelet count,AFR,PRIMARY,False,True,0.01,5e-08,3,50,2957,2957,2957.0,0,2957,0,2957,2957,2707,1626,1626,1621,730,1461,617,,62,0,,,True,False,,,,,continuous,quant,,,,,True,continuous,quant,,,,,True,True,,True,,False,intermediate/15b4/comparisons/cmp_5c6e340a36104708.parquet,intermediate/15b4/comparisons/cmp_5c6e340a36104708.json,PROCESSED_NOW,407992.0,,407992.0,,6281.0,,6281.0,,True,True,True,True,True,True,False,True,False,True
cmp_89640011637459ea,gt_54755b381baac1e7,JAK1,Pan-UKB,Pan-UKB::continuous|30080|both_sexes||irnt,Platelet count,CSA,PRIMARY,False,True,0.01,5e-08,3,50,2957,2957,2957.0,0,2957,0,2957,2957,2707,1454,1454,1449,875,1233,747,,65,0,,,True,False,,,,,continuous,quant,,,,,True,continuous,quant,,,,,True,True,,True,,False,intermediate/15b4/comparisons/cmp_89640011637459ea.parquet,intermediate/15b4/comparisons/cmp_89640011637459ea.json,PROCESSED_NOW,407992.0,,407992.0,,8532.0,,8532.0,,True,True,True,True,True,True,False,True,False,True
cmp_8c82bdade3034c3e,gt_54755b381baac1e7,JAK1,Pan-UKB,Pan-UKB::continuous|30080|both_sexes||irnt,Platelet count,EAS,PRIMARY,False,True,0.01,5e-08,3,50,2957,2957,2957.0,0,2957,0,2957,2957,2707,933,933,928,618,814,525,,48,0,,,True,False,,,,,continuous,quant,,,,,True,continuous,quant,,,,,True,True,,True,,False,intermediate/15b4/comparisons/cmp_8c82bdade3034c3e.parquet,intermediate/15b4/comparisons/cmp_8c82bdade3034c3e.json,PROCESSED_NOW,407992.0,,407992.0,,2632.0,,2632.0,,True,True,True,True,True,True,False,True,False,True
cmp_1e9ae074e40e398a,gt_2fdb14cf300437e0,JAK2,Pan-UKB,Pan-UKB::continuous|30080|both_sexes||irnt,Platelet count,AFR,PRIMARY,False,True,0.01,5e-08,3,50,4257,4257,4257.0,0,4257,0,4257,4257,4011,2326,2326,2326,841,2059,761,,409,0,,,True,False,,,,,continuous,quant,,,,,True,continuous,quant,,,,,True,True,,True,,False,intermediate/15b4/comparisons/cmp_1e9ae074e40e398a.parquet,intermediate/15b4/comparisons/cmp_1e9ae074e40e398a.json,PROCESSED_NOW,407992.0,,407992.0,,6281.0,,6281.0,,True,True,True,True,True,True,False,True,False,True
cmp_d8eb00402944028b,gt_2fdb14cf300437e0,JAK2,Pan-UKB,Pan-UKB::continuous|30080|both_sexes||irnt,Platelet count,CSA,PRIMARY,False,True,0.01,5e-08,3,50,4257,4257,4257.0,0,4257,0,4257,4257,4011,1949,1949,1949,973,1631,887,,434,0,,,True,False,,,,,continuous,quant,,,,,True,continuous,quant,,,,,True,True,,True,,False,intermediate/15b4/comparisons/cmp_d8eb00402944028b.parquet,intermediate/15b4/comparisons/cmp_d8eb00402944028b.json,PROCESSED_NOW,407992.0,,407992.0,,8532.0,,8532.0,,True,True,True,True,True,True,False,True,False,True
cmp_5b2b67e88398e55b,gt_2fdb14cf300437e0,JAK2,Pan-UKB,Pan-UKB::continuous|30080|both_sexes||irnt,Platelet count,EAS,PRIMARY,False,True,0.01,5e-08,3,50,4257,4257,4257.0,0,4257,0,4257,4257,4011,1310,1310,1310,863,1242,782,,407,0,,,True,False,,,,,continuous,quant,,,,,True,continuous,quant,,,,,True,True,,True,,False,intermediate/15b4/comparisons/cmp_5b2b67e88398e55b.parquet,intermediate/15b4/comparisons/cmp_5b2b67e88398e55b.json,PROCESSED_NOW,407992.0,,407992.0,,2632.0,,2632.0,,True,True,True,True,True,True,False,True,False,True
cmp_e9eaa046575337b9,gt_3e77fef73aae3ddd,KDM1A,Pan-UKB,Pan-UKB::continuous|30080|both_sexes||irnt,Platelet count,AFR,PRIMARY,False,True,0.01,5e-08,3,50,2158,2158,2158.0,0,2158,0,2158,2158,1974,1326,1326,1326,486,1198,403,,3,0,,,True,False,,,,,continuous,quant,,,,,True,continuous,quant,,,,,True,True,,True,,False,intermediate/15b4/comparisons/cmp_e9eaa046575337b9.parquet,intermediate/15b4/comparisons/cmp_e9eaa046575337b9.json,PROCESSED_NOW,407992.0,,407992.0,,6281.0,,6281.0,,True,True,True,True,True,True,False,True,False,True
cmp_0dc5f2945c2f21d1,gt_3e77fef73aae3ddd,KDM1A,Pan-UKB,Pan-UKB::continuous|30080|both_sexes||irnt,Platelet count,CSA,PRIMARY,False,True,0.01,5e-08,3,50,2158,2158,2158.0,0,2158,0,2158,2158,1974,978,978,978,541,791,455,,3,0,,,True,False,,,,,continuous,quant,,,,,True,continuous,quant,,,,,True,True,,True,,False,intermediate/15b4/comparisons/cmp_0dc5f2945c2f21d1.parquet,intermediate/15b4/comparisons/cmp_0dc5f2945c2f21d1.json,PROCESSED_NOW,407992.0,,407992.0,,8532.0,,8532.0,,True,True,True,True,True,True,False,True,False,True
cmp_8a0ec5e7ce7ddb07,gt_3e77fef73aae3ddd,KDM1A,Pan-UKB,Pan-UKB::continuous|30080|both_sexes||irnt,Platelet count,EAS,PRIMARY,False,True,0.01,5e-08,3,50,2158,2158,2158.0,0,2158,0,2158,2158,1974,612,612,612,495,589,410,,3,0,,,True,False,,,,,continuous,quant,,,,,True,continuous,quant,,,,,True,True,,True,,False,intermediate/15b4/comparisons/cmp_8a0ec5e7ce7ddb07.parquet,intermediate/15b4/comparisons/cmp_8a0ec5e7ce7ddb07.json,PROCESSED_NOW,407992.0,,407992.0,,2632.0,,2632.0,,True,True,True,True,True,True,False,True,False,True
cmp_bfc01b90f4d8df7f,gt_c1c146b54614cb80,MPL,Pan-UKB,Pan-UKB::continuous|30080|both_sexes||irnt,Platelet count,AFR,PRIMARY,False,True,0.01,5e-08,3,50,1863,1863,1863.0,0,1863,0,1863,1863,1775,813,813,812,289,669,254,,13,0,,,True,False,,,,,continuous,quant,,,,,True,continuous,quant,,,,,True,True,,True,,False,intermediate/15b4/comparisons/cmp_bfc01b90f4d8df7f.parquet,intermediate/15b4/comparisons/cmp_bfc01b90f4d8df7f.json,PROCESSED_NOW,407992.0,,407992.0,,6281.0,,6281.0,,True,True,True,True,True,True,False,True,False,True
cmp_8a08e1bad7c62995,gt_c1c146b54614cb80,MPL,Pan-UKB,Pan-UKB::continuous|30080|both_sexes||irnt,Platelet count,CSA,PRIMARY,False,True,0.01,5e-08,3,50,1863,1863,1863.0,0,1863,0,1863,1863,1775,771,771,771,341,661,305,,17,0,,,True,False,,,,,continuous,quant,,,,,True,continuous,quant,,,,,True,True,,True,,False,intermediate/15b4/comparisons/cmp_8a08e1bad7c62995.parquet,intermediate/15b4/comparisons/cmp_8a08e1bad7c62995.json,PROCESSED_NOW,407992.0,,407992.0,,8532.0,,8532.0,,True,True,True,True,True,True,False,True,False,True
cmp_c813a3a2004fb6bd,gt_c1c146b54614cb80,MPL,Pan-UKB,Pan-UKB::continuous|30080|both_sexes||irnt,Platelet count,EAS,PRIMARY,False,True,0.01,5e-08,3,50,1863,1863,1863.0,0,1863,0,1863,1863,1775,422,422,422,257,374,224,,12,0,,,True,False,,,,,continuous,quant,,,,,True,continuous,quant,,,,,True,True,,True,,False,intermediate/15b4/comparisons/cmp_c813a3a2004fb6bd.parquet,intermediate/15b4/comparisons/cmp_c813a3a2004fb6bd.json,PROCESSED_NOW,407992.0,,407992.0,,2632.0,,2632.0,,True,True,True,True,True,True,False,True,False,True
cmp_480d6daf54baee46,gt_d1d00e9dc71a2499,PIK3CA,Pan-UKB,Pan-UKB::continuous|30080|both_sexes||irnt,Platelet count,AFR,PRIMARY,False,True,0.01,5e-08,3,50,3057,3057,3057.0,0,3057,0,3057,3057,2760,1737,1737,1737,853,1517,708,,128,0,,,True,False,,,,,continuous,quant,,,,,True,continuous,quant,,,,,True,True,,True,,False,intermediate/15b4/comparisons/cmp_480d6daf54baee46.parquet,intermediate/15b4/comparisons/cmp_480d6daf54baee46.json,PROCESSED_NOW,407992.0,,407992.0,,6281.0,,6281.0,,True,True,True,True,True,True,False,True,False,True
cmp_090a8b2e128e603c,gt_d1d00e9dc71a2499,PIK3CA,Pan-UKB,Pan-UKB::continuous|30080|both_sexes||irnt,Platelet count,CSA,PRIMARY,False,True,0.01,5e-08,3,50,3057,3057,3057.0,0,3057,0,3057,3057,2760,1559,1559,1559,885,1369,734,,132,0,,,True,False,,,,,continuous,quant,,,,,True,continuous,quant,,,,,True,True,,True,,False,intermediate/15b4/comparisons/cmp_090a8b2e128e603c.parquet,intermediate/15b4/comparisons/cmp_090a8b2e128e603c.json,PROCESSED_NOW,407992.0,,407992.0,,8532.0,,8532.0,,True,True,True,True,True,True,False,True,False,True
cmp_fe5114e73f9be5e8,gt_d1d00e9dc71a2499,PIK3CA,Pan-UKB,Pan-UKB::continuous|30080|both_sexes||irnt,Platelet count,EAS,PRIMARY,False,True,0.01,5e-08,3,50,3057,3057,3057.0,0,3057,0,3057,3057,2760,1080,1080,1080,668,1038,550,,124,0,,,True,False,,,,,continuous,quant,,,,,True,continuous,quant,,,,,True,True,,True,,False,intermediate/15b4/comparisons/cmp_fe5114e73f9be5e8.parquet,intermediate/15b4/comparisons/cmp_fe5114e73f9be5e8.json,PROCESSED_NOW,407992.0,,407992.0,,2632.0,,2632.0,,True,True,True,True,True,True,False,True,False,True
cmp_d145e0dbaa19ce1a,gt_50240b5be2101e2e,PIK3CB,Pan-UKB,Pan-UKB::continuous|30080|both_sexes||irnt,Platelet count,AFR,PRIMARY,False,True,0.01,5e-08,3,50,3624,3624,3624.0,0,3624,0,3624,3624,3345,1852,1852,1847,657,1649,543,,247,0,,,True,False,,,,,continuous,quant,,,,,True,continuous,quant,,,,,True,True,,True,,False,intermediate/15b4/comparisons/cmp_d145e0dbaa19ce1a.parquet,intermediate/15b4/comparisons/cmp_d145e0dbaa19ce1a.json,PROCESSED_NOW,407992.0,,407992.0,,6281.0,,6281.0,,True,True,True,True,True,True,False,True,False,True
cmp_79511392eb1a415a,gt_50240b5be2101e2e,PIK3CB,Pan-UKB,Pan-UKB::continuous|30080|both_sexes||irnt,Platelet count,CSA,PRIMARY,False,True,0.01,5e-08,3,50,3624,3624,3624.0,0,3624,0,3624,3624,3345,1500,1500,1497,718,1130,597,,247,0,,,True,False,,,,,continuous,quant,,,,,True,continuous,quant,,,,,True,True,,True,,False,intermediate/15b4/comparisons/cmp_79511392eb1a415a.parquet,intermediate/15b4/comparisons/cmp_79511392eb1a415a.json,PROCESSED_NOW,407992.0,,407992.0,,8532.0,,8532.0,,True,True,True,True,True,True,False,True,False,True
cmp_4f5997f4be833364,gt_50240b5be2101e2e,PIK3CB,Pan-UKB,Pan-UKB::continuous|30080|both_sexes||irnt,Platelet count,EAS,PRIMARY,False,True,0.01,5e-08,3,50,3624,3624,3624.0,0,3624,0,3624,3624,3345,770,770,770,650,737,537,,247,0,,,True,False,,,,,continuous,quant,,,,,True,continuous,quant,,,,,True,True,,True,,False,intermediate/15b4/comparisons/cmp_4f5997f4be833364.parquet,intermediate/15b4/comparisons/cmp_4f5997f4be833364.json,PROCESSED_NOW,407992.0,,407992.0,,2632.0,,2632.0,,True,True,True,True,True,True,False,True,False,True
cmp_7906543c413eaa09,gt_2b861b21b2545ae4,PIK3CG,Pan-UKB,Pan-UKB::continuous|30080|both_sexes||irnt,Platelet count,AFR,PRIMARY,False,True,0.01,5e-08,3,50,1933,1933,1933.0,0,1933,0,1933,1933,1828,1244,1244,1244,652,1149,585,,6,0,,,True,False,,,,,continuous,quant,,,,,True,continuous,quant,,,,,True,True,,True,,False,intermediate/15b4/comparisons/cmp_7906543c413eaa09.parquet,intermediate/15b4/comparisons/cmp_7906543c413eaa09.json,PROCESSED_NOW,407992.0,,407992.0,,6281.0,,6281.0,,True,True,True,True,True,True,False,True,False,True
cmp_65b9e21f9ee56f62,gt_2b861b21b2545ae4,PIK3CG,Pan-UKB,Pan-UKB::continuous|30080|both_sexes||irnt,Platelet count,CSA,PRIMARY,False,True,0.01,5e-08,3,50,1933,1933,1933.0,0,1933,0,1933,1933,1828,1122,1122,1122,720,989,653,,8,0,,,True,False,,,,,continuous,quant,,,,,True,continuous,quant,,,,,True,True,,True,,False,intermediate/15b4/comparisons/cmp_65b9e21f9ee56f62.parquet,intermediate/15b4/comparisons/cmp_65b9e21f9ee56f62.json,PROCESSED_NOW,407992.0,,407992.0,,8532.0,,8532.0,,True,True,True,True,True,True,False,True,False,True
cmp_4aa64332dd92c267,gt_2b861b21b2545ae4,PIK3CG,Pan-UKB,Pan-UKB::continuous|30080|both_sexes||irnt,Platelet count,EAS,PRIMARY,False,True,0.01,5e-08,3,50,1933,1933,1933.0,0,1933,0,1933,1933,1828,743,743,743,592,676,534,,4,0,,,True,False,,,,,continuous,quant,,,,,True,continuous,quant,,,,,True,True,,True,,False,intermediate/15b4/comparisons/cmp_4aa64332dd92c267.parquet,intermediate/15b4/comparisons/cmp_4aa64332dd92c267.json,PROCESSED_NOW,407992.0,,407992.0,,2632.0,,2632.0,,True,True,True,True,True,True,False,True,False,True
cmp_88c6906de1ea612c,gt_5a525d6a0e697a02,THPO,Pan-UKB,Pan-UKB::continuous|30080|both_sexes||irnt,Platelet count,AFR,PRIMARY,False,True,0.01,5e-08,3,50,2098,2098,2098.0,0,2098,0,2098,2098,1934,1253,1253,1253,627,1110,542,,123,4,,,True,False,,,,,continuous,quant,,,,,True,continuous,quant,,,,,True,True,,True,,True,intermediate/15b4/comparisons/cmp_88c6906de1ea612c.parquet,intermediate/15b4/comparisons/cmp_88c6906de1ea612c.json,PROCESSED_NOW,407992.0,,407992.0,,6281.0,,6281.0,,True,True,True,True,True,True,True,True,True,True
cmp_00943344950234cb,gt_5a525d6a0e697a02,THPO,Pan-UKB,Pan-UKB::continuous|30080|both_sexes||irnt,Platelet count,CSA,PRIMARY,False,True,0.01,5e-08,3,50,2098,2098,2098.0,0,2098,0,2098,2098,1934,1159,1159,1159,706,997,613,,134,0,,,True,False,,,,,continuous,quant,,,,,True,continuous,quant,,,,,True,True,,True,,False,intermediate/15b4/comparisons/cmp_00943344950234cb.parquet,intermediate/15b4/comparisons/cmp_00943344950234cb.json,PROCESSED_NOW,407992.0,,407992.0,,8532.0,,8532.0,,True,True,True,True,True,True,False,True,False,True
cmp_753051b5ab931966,gt_5a525d6a0e697a02,THPO,Pan-UKB,Pan-UKB::continuous|30080|both_sexes||irnt,Platelet count,EAS,PRIMARY,False,True,0.01,5e-08,3,50,2098,2098,2098.0,0,2098,0,2098,2098,1934,742,742,742,595,685,514,,115,0,,,True,False,,,,,continuous,quant,,,,,True,continuous,quant,,,,,True,True,,True,,False,intermediate/15b4/comparisons/cmp_753051b5ab931966.parquet,intermediate/15b4/comparisons/cmp_753051b5ab931966.json,PROCESSED_NOW,407992.0,,407992.0,,2632.0,,2632.0,,True,True,True,True,True,True,False,True,False,True
cmp_09103f39122355d4,gt_bc3d66c41e611627,ADRB1,Pan-UKB,Pan-UKB::continuous|4080|both_sexes||irnt,"Systolic blood pressure, automated reading",CSA,PRIMARY,False,True,0.01,5e-08,3,50,1975,1975,1975.0,0,1975,0,1975,1975,1845,1050,1050,1050,564,899,494,,42,0,,,True,False,,,,,continuous,quant,,,,,True,continuous,quant,,,,,True,True,,True,,False,intermediate/15b4/comparisons/cmp_09103f39122355d4.parquet,intermediate/15b4/comparisons/cmp_09103f39122355d4.json,PROCESSED_NOW,396663.0,,396663.0,,8641.0,,8641.0,,True,True,True,True,True,True,False,True,False,True
cmp_85dc45cb0e4ef696,gt_bc3d66c41e611627,ADRB1,Pan-UKB,Pan-UKB::continuous|4080|both_sexes||irnt,"Systolic blood pressure, automated reading",EAS,PRIMARY,False,True,0.01,5e-08,3,50,1975,1975,1975.0,0,1975,0,1975,1975,1845,694,694,694,503,599,441,,39,0,,,True,False,,,,,continuous,quant,,,,,True,continuous,quant,,,,,True,True,,True,,False,intermediate/15b4/comparisons/cmp_85dc45cb0e4ef696.parquet,intermediate/15b4/comparisons/cmp_85dc45cb0e4ef696.json,PROCESSED_NOW,396663.0,,396663.0,,2600.0,,2600.0,,True,True,True,True,True,True,False,True,False,True
cmp_a71751d3a9a8568a,gt_61f02eac2207e85d,AGT,Pan-UKB,Pan-UKB::continuous|4080|both_sexes||irnt,"Systolic blood pressure, automated reading",CSA,PRIMARY,False,True,0.01,5e-08,3,50,2630,2630,2630.0,0,2630,0,2630,2630,2460,1481,1481,1481,938,1319,849,,87,0,,,True,False,,,,,continuous,quant,,,,,True,continuous,quant,,,,,True,True,,True,,False,intermediate/15b4/comparisons/cmp_a71751d3a9a8568a.parquet,intermediate/15b4/comparisons/cmp_a71751d3a9a8568a.json,PROCESSED_NOW,396663.0,,396663.0,,8641.0,,8641.0,,True,True,True,True,True,True,False,True,False,True
cmp_7e1bb91784daf874,gt_61f02eac2207e85d,AGT,Pan-UKB,Pan-UKB::continuous|4080|both_sexes||irnt,"Systolic blood pressure, automated reading",EAS,PRIMARY,False,True,0.01,5e-08,3,50,2630,2630,2630.0,0,2630,0,2630,2630,2460,1012,1012,1012,846,985,760,,87,0,,,True,False,,,,,continuous,quant,,,,,True,continuous,quant,,,,,True,True,,True,,False,intermediate/15b4/comparisons/cmp_7e1bb91784daf874.parquet,intermediate/15b4/comparisons/cmp_7e1bb91784daf874.json,PROCESSED_NOW,396663.0,,396663.0,,2600.0,,2600.0,,True,True,True,True,True,True,False,True,False,True
cmp_454a04f6c939f398,gt_3c1943ce7336242c,CYP11B1,Pan-UKB,Pan-UKB::continuous|4080|both_sexes||irnt,"Systolic blood pressure, automated reading",CSA,PRIMARY,False,True,0.01,5e-08,3,50,2880,2880,2880.0,0,2880,0,2880,2880,2688,1579,1579,1577,1032,1411,923,,98,0,,,True,False,,,,,continuous,quant,,,,,True,continuous,quant,,,,,True,True,,True,,False,intermediate/15b4/comparisons/cmp_454a04f6c939f398.parquet,intermediate/15b4/comparisons/cmp_454a04f6c939f398.json,PROCESSED_NOW,396663.0,,396663.0,,8641.0,,8641.0,,True,True,True,True,True,True,False,True,False,True
cmp_d0eae1c3d6328e31,gt_3c1943ce7336242c,CYP11B1,Pan-UKB,Pan-UKB::continuous|4080|both_sexes||irnt,"Systolic blood pressure, automated reading",EAS,PRIMARY,False,True,0.01,5e-08,3,50,2880,2880,2880.0,0,2880,0,2880,2880,2688,1159,1159,1158,820,1082,733,,98,0,,,True,False,,,,,continuous,quant,,,,,True,continuous,quant,,,,,True,True,,True,,False,intermediate/15b4/comparisons/cmp_d0eae1c3d6328e31.parquet,intermediate/15b4/comparisons/cmp_d0eae1c3d6328e31.json,PROCESSED_NOW,396663.0,,396663.0,,2600.0,,2600.0,,True,True,True,True,True,True,False,True,False,True
cmp_5d17c0529b2b7df9,gt_3530535fddf90eba,CYP11B2,Pan-UKB,Pan-UKB::continuous|4080|both_sexes||irnt,"Systolic blood pressure, automated reading",CSA,PRIMARY,False,True,0.01,5e-08,3,50,2772,2772,2772.0,0,2772,0,2772,2772,2579,1529,1529,1528,986,1383,874,,100,0,,,True,False,,,,,continuous,quant,,,,,True,continuous,quant,,,,,True,True,,True,,False,intermediate/15b4/comparisons/cmp_5d17c0529b2b7df9.parquet,intermediate/15b4/comparisons/cmp_5d17c0529b2b7df9.json,PROCESSED_NOW,396663.0,,396663.0,,8641.0,,8641.0,,True,True,True,True,True,True,False,True,False,True
cmp_29b2c4ab14aed1a5,gt_3530535fddf90eba,CYP11B2,Pan-UKB,Pan-UKB::continuous|4080|both_sexes||irnt,"Systolic blood pressure, automated reading",EAS,PRIMARY,False,True,0.01,5e-08,3,50,2772,2772,2772.0,0,2772,0,2772,2772,2579,1133,1133,1133,768,1075,678,,100,0,,,True,False,,,,,continuous,quant,,,,,True,continuous,quant,,,,,True,True,,True,,False,intermediate/15b4/comparisons/cmp_29b2c4ab14aed1a5.parquet,intermediate/15b4/comparisons/cmp_29b2c4ab14aed1a5.json,PROCESSED_NOW,396663.0,,396663.0,,2600.0,,2600.0,,True,True,True,True,True,True,False,True,False,True
cmp_d78e3ded7cd1e1cc,gt_76b6b2db2844ebcd,OPRL1,Pan-UKB,Pan-UKB::continuous|4080|both_sexes||irnt,"Systolic blood pressure, automated reading",CSA,PRIMARY,False,True,0.01,5e-08,3,50,2030,2030,2030.0,0,2030,0,2030,2030,1886,1103,1103,1103,555,978,481,,24,0,,,True,False,,,,,continuous,quant,,,,,True,continuous,quant,,,,,True,True,,True,,False,intermediate/15b4/comparisons/cmp_d78e3ded7cd1e1cc.parquet,intermediate/15b4/comparisons/cmp_d78e3ded7cd1e1cc.json,PROCESSED_NOW,396663.0,,396663.0,,8641.0,,8641.0,,True,True,True,True,True,True,False,True,False,True
cmp_a4a6c8c04a2615d6,gt_76b6b2db2844ebcd,OPRL1,Pan-UKB,Pan-UKB::continuous|4080|both_sexes||irnt,"Systolic blood pressure, automated reading",EAS,PRIMARY,False,True,0.01,5e-08,3,50,2030,2030,2030.0,0,2030,0,2030,2030,1886,643,643,643,412,591,353,,24,0,,,True,False,,,,,continuous,quant,,,,,True,continuous,quant,,,,,True,True,,True,,False,intermediate/15b4/comparisons/cmp_a4a6c8c04a2615d6.parquet,intermediate/15b4/comparisons/cmp_a4a6c8c04a2615d6.json,PROCESSED_NOW,396663.0,,396663.0,,2600.0,,2600.0,,True,True,True,True,True,True,False,True,False,True
cmp_ab04299a68fabf68,gt_b47ca6ecb9b21bb9,REN,Pan-UKB,Pan-UKB::continuous|4080|both_sexes||irnt,"Systolic blood pressure, automated reading",CSA,PRIMARY,False,True,0.01,5e-08,3,50,2004,2004,2004.0,0,2004,0,2004,2004,1878,1120,1120,1120,628,964,559,,3,0,,,True,False,,,,,continuous,quant,,,,,True,continuous,quant,,,,,True,True,,True,,False,intermediate/15b4/comparisons/cmp_ab04299a68fabf68.parquet,intermediate/15b4/comparisons/cmp_ab04299a68fabf68.json,PROCESSED_NOW,396663.0,,396663.0,,8641.0,,8641.0,,True,True,True,True,True,True,False,True,False,True
cmp_e6a4ccbeffb610bc,gt_b47ca6ecb9b21bb9,REN,Pan-UKB,Pan-UKB::continuous|4080|both_sexes||irnt,"Systolic blood pressure, automated reading",EAS,PRIMARY,False,True,0.01,5e-08,3,50,2004,2004,2004.0,0,2004,0,2004,2004,1878,704,704,704,495,670,434,,3,0,,,True,False,,,,,continuous,quant,,,,,True,continuous,quant,,,,,True,True,,True,,False,intermediate/15b4/comparisons/cmp_e6a4ccbeffb610bc.parquet,intermediate/15b4/comparisons/cmp_e6a4ccbeffb610bc.json,PROCESSED_NOW,396663.0,,396663.0,,2600.0,,2600.0,,True,True,True,True,True,True,False,True,False,True
cmp_a06fa49218dbd2d7,gt_f2d33ec15e3abce2,VDR,Pan-UKB,Pan-UKB::continuous|4080|both_sexes||irnt,"Systolic blood pressure, automated reading",CSA,PRIMARY,False,True,0.01,5e-08,3,50,3134,3134,3134.0,0,3134,0,3134,3134,2949,1750,1750,1750,1014,1518,911,,17,0,,,True,False,,,,,continuous,quant,,,,,True,continuous,quant,,,,,True,True,,True,,False,intermediate/15b4/comparisons/cmp_a06fa49218dbd2d7.parquet,intermediate/15b4/comparisons/cmp_a06fa49218dbd2d7.json,PROCESSED_NOW,396663.0,,396663.0,,8641.0,,8641.0,,True,True,True,True,True,True,False,True,False,True
cmp_e07d4854fed91dc1,gt_f2d33ec15e3abce2,VDR,Pan-UKB,Pan-UKB::continuous|4080|both_sexes||irnt,"Systolic blood pressure, automated reading",EAS,PRIMARY,False,True,0.01,5e-08,3,50,3134,3134,3134.0,0,3134,0,3134,3134,2949,1178,1178,1178,863,1138,767,,17,0,,,True,False,,,,,continuous,quant,,,,,True,continuous,quant,,,,,True,True,,True,,False,intermediate/15b4/comparisons/cmp_e07d4854fed91dc1.parquet,intermediate/15b4/comparisons/cmp_e07d4854fed91dc1.json,PROCESSED_NOW,396663.0,,396663.0,,2600.0,,2600.0,,True,True,True,True,True,True,False,True,False,True
cmp_29230f9b79750967,gt_b328521a0423f5c5,ANGPTL3,Pan-UKB,Pan-UKB::biomarkers|30870|both_sexes||irnt,Triglycerides,AFR,PRIMARY,False,True,0.01,5e-08,3,50,1298,1298,1298.0,0,1298,0,1298,1298,1173,801,801,760,258,715,208,,204,0,,,True,False,,,,,biomarkers,quant,,,,,True,biomarkers,quant,,,,,True,True,,True,,False,intermediate/15b4/comparisons/cmp_29230f9b79750967.parquet,intermediate/15b4/comparisons/cmp_29230f9b79750967.json,PROCESSED_NOW,400639.0,,400639.0,,6211.0,,6211.0,,True,True,True,True,True,True,False,True,False,True
cmp_f0cf4964e6b5f030,gt_b328521a0423f5c5,ANGPTL3,Pan-UKB,Pan-UKB::biomarkers|30870|both_sexes||irnt,Triglycerides,CSA,PRIMARY,False,True,0.01,5e-08,3,50,1298,1298,1298.0,0,1298,0,1298,1298,1173,642,642,602,295,530,242,,234,120,,,True,False,,,,,biomarkers,quant,,,,,True,biomarkers,quant,,,,,True,True,,True,,True,intermediate/15b4/comparisons/cmp_f0cf4964e6b5f030.parquet,intermediate/15b4/comparisons/cmp_f0cf4964e6b5f030.json,PROCESSED_NOW,400639.0,,400639.0,,8415.0,,8415.0,,True,True,True,True,True,True,True,True,True,True
cmp_1d49c7f6775630d1,gt_b328521a0423f5c5,ANGPTL3,Pan-UKB,Pan-UKB::biomarkers|30870|both_sexes||irnt,Triglycerides,MID,PRIMARY,False,True,0.01,5e-08,3,50,1298,1298,1298.0,0,1298,0,1298,1298,1173,572,572,531,308,514,255,,235,0,,,True,False,,,,,biomarkers,quant,,,,,True,biomarkers,quant,,,,,True,True,,True,,False,intermediate/15b4/comparisons/cmp_1d49c7f6775630d1.parquet,intermediate/15b4/comparisons/cmp_1d49c7f6775630d1.json,PROCESSED_NOW,400639.0,,400639.0,,1499.0,,1499.0,,True,True,True,True,True,True,False,True,False,True
cmp_44f6beefa09c6ba0,gt_37bb10a4689a1bb1,ANGPTL4,Pan-UKB,Pan-UKB::biomarkers|30870|both_sexes||irnt,Triglycerides,AFR,PRIMARY,False,True,0.01,5e-08,3,50,1992,1992,1992.0,0,1992,0,1992,1992,1850,1283,1283,1283,723,1137,632,,143,0,,,True,False,,,,,biomarkers,quant,,,,,True,biomarkers,quant,,,,,True,True,,True,,False,intermediate/15b4/comparisons/cmp_44f6beefa09c6ba0.parquet,intermediate/15b4/comparisons/cmp_44f6beefa09c6ba0.json,PROCESSED_NOW,400639.0,,400639.0,,6211.0,,6211.0,,True,True,True,True,True,True,False,True,False,True
cmp_96ce964d4704c481,gt_37bb10a4689a1bb1,ANGPTL4,Pan-UKB,Pan-UKB::biomarkers|30870|both_sexes||irnt,Triglycerides,CSA,PRIMARY,False,True,0.01,5e-08,3,50,1992,1992,1992.0,0,1992,0,1992,1992,1850,1186,1186,1186,783,1037,690,,146,0,,,True,False,,,,,biomarkers,quant,,,,,True,biomarkers,quant,,,,,True,True,,True,,False,intermediate/15b4/comparisons/cmp_96ce964d4704c481.parquet,intermediate/15b4/comparisons/cmp_96ce964d4704c481.json,PROCESSED_NOW,400639.0,,400639.0,,8415.0,,8415.0,,True,True,True,True,True,True,False,True,False,True
cmp_327b1ec26d6eee5c,gt_37bb10a4689a1bb1,ANGPTL4,Pan-UKB,Pan-UKB::biomarkers|30870|both_sexes||irnt,Triglycerides,MID,PRIMARY,False,True,0.01,5e-08,3,50,1992,1992,1992.0,0,1992,0,1992,1992,1850,1084,1084,1084,790,1023,694,,146,0,,,True,False,,,,,biomarkers,quant,,,,,True,biomarkers,quant,,,,,True,True,,True,,False,intermediate/15b4/comparisons/cmp_327b1ec26d6eee5c.parquet,intermediate/15b4/comparisons/cmp_327b1ec26d6eee5c.json,PROCESSED_NOW,400639.0,,400639.0,,1499.0,,1499.0,,True,True,True,True,True,True,False,True,False,True
cmp_c46c48b6b8c8c0da,gt_e89d07b40f69aeb9,APOB,Pan-UKB,Pan-UKB::biomarkers|30870|both_sexes||irnt,Triglycerides,AFR,PRIMARY,False,True,0.01,5e-08,3,50,2630,2630,2630.0,0,2630,0,2630,2630,2491,1323,1323,1323,443,1158,389,,273,0,,,True,False,,,,,biomarkers,quant,,,,,True,biomarkers,quant,,,,,True,True,,True,,False,intermediate/15b4/comparisons/cmp_c46c48b6b8c8c0da.parquet,intermediate/15b4/comparisons/cmp_c46c48b6b8c8c0da.json,PROCESSED_NOW,400639.0,,400639.0,,6211.0,,6211.0,,True,True,True,True,True,True,False,True,False,True
cmp_cf4e49ee6917e9e7,gt_e89d07b40f69aeb9,APOB,Pan-UKB,Pan-UKB::biomarkers|30870|both_sexes||irnt,Triglycerides,CSA,PRIMARY,False,True,0.01,5e-08,3,50,2630,2630,2630.0,0,2630,0,2630,2630,2491,1191,1191,1191,483,938,427,,280,15,,,True,False,,,,,biomarkers,quant,,,,,True,biomarkers,quant,,,,,True,True,,True,,True,intermediate/15b4/comparisons/cmp_cf4e49ee6917e9e7.parquet,intermediate/15b4/comparisons/cmp_cf4e49ee6917e9e7.json,PROCESSED_NOW,400639.0,,400639.0,,8415.0,,8415.0,,True,True,True,True,True,True,True,True,True,True
cmp_55e72b65deff56f6,gt_e89d07b40f69aeb9,APOB,Pan-UKB,Pan-UKB::biomarkers|30870|both_sexes||irnt,Triglycerides,MID,PRIMARY,False,True,0.01,5e-08,3,50,2630,2630,2630.0,0,2630,0,2630,2630,2491,967,967,967,525,929,466,,286,0,,,True,False,,,,,biomarkers,quant,,,,,True,biomarkers,quant,,,,,True,True,,True,,False,intermediate/15b4/comparisons/cmp_55e72b65deff56f6.parquet,intermediate/15b4/comparisons/cmp_55e72b65deff56f6.json,PROCESSED_NOW,400639.0,,400639.0,,1499.0,,1499.0,,True,True,True,True,True,True,False,True,False,True
cmp_c19fd6087066e5ad,gt_f57de0955fec90d0,APOC3,Pan-UKB,Pan-UKB::biomarkers|30870|both_sexes||irnt,Triglycerides,AFR,PRIMARY,False,True,0.01,5e-08,3,50,2333,2333,2333.0,0,2333,0,2333,2333,2197,1245,1245,1245,569,1122,501,,453,1,,,True,False,,,,,biomarkers,quant,,,,,True,biomarkers,quant,,,,,True,True,,True,,True,intermediate/15b4/comparisons/cmp_c19fd6087066e5ad.parquet,intermediate/15b4/comparisons/cmp_c19fd6087066e5ad.json,PROCESSED_NOW,400639.0,,400639.0,,6211.0,,6211.0,,True,True,True,True,True,True,True,True,True,True
cmp_58feb2f9cd1731f6,gt_f57de0955fec90d0,APOC3,Pan-UKB,Pan-UKB::biomarkers|30870|both_sexes||irnt,Triglycerides,CSA,PRIMARY,False,True,0.01,5e-08,3,50,2333,2333,2333.0,0,2333,0,2333,2333,2197,1137,1137,1137,673,974,599,,516,149,,,True,False,,,,,biomarkers,quant,,,,,True,biomarkers,quant,,,,,True,True,,True,,True,intermediate/15b4/comparisons/cmp_58feb2f9cd1731f6.parquet,intermediate/15b4/comparisons/cmp_58feb2f9cd1731f6.json,PROCESSED_NOW,400639.0,,400639.0,,8415.0,,8415.0,,True,True,True,True,True,True,True,True,True,True
cmp_dfe8569d96c5c6ef,gt_f57de0955fec90d0,APOC3,Pan-UKB,Pan-UKB::biomarkers|30870|both_sexes||irnt,Triglycerides,MID,PRIMARY,False,True,0.01,5e-08,3,50,2333,2333,2333.0,0,2333,0,2333,2333,2197,1082,1082,1082,694,1043,619,,533,0,,,True,False,,,,,biomarkers,quant,,,,,True,biomarkers,quant,,,,,True,True,,True,,False,intermediate/15b4/comparisons/cmp_dfe8569d96c5c6ef.parquet,intermediate/15b4/comparisons/cmp_dfe8569d96c5c6ef.json,PROCESSED_NOW,400639.0,,400639.0,,1499.0,,1499.0,,True,True,True,True,True,True,False,True,False,True
cmp_e54439ed586b3a5c,gt_3de9daa3443abcc6,FGF21,Pan-UKB,Pan-UKB::biomarkers|30870|both_sexes||irnt,Triglycerides,AFR,PRIMARY,False,True,0.01,5e-08,3,50,1914,1914,1914.0,0,1914,0,1914,1914,1785,1259,1259,1259,657,1141,576,,147,0,,,True,False,,,,,biomarkers,quant,,,,,True,biomarkers,quant,,,,,True,True,,True,,False,intermediate/15b4/comparisons/cmp_e54439ed586b3a5c.parquet,intermediate/15b4/comparisons/cmp_e54439ed586b3a5c.json,PROCESSED_NOW,400639.0,,400639.0,,6211.0,,6211.0,,True,True,True,True,True,True,False,True,False,True
cmp_6d7ba361d906c9f1,gt_3de9daa3443abcc6,FGF21,Pan-UKB,Pan-UKB::biomarkers|30870|both_sexes||irnt,Triglycerides,CSA,PRIMARY,False,True,0.01,5e-08,3,50,1914,1914,1914.0,0,1914,0,1914,1914,1785,1158,1158,1158,713,1039,631,,147,0,,,True,False,,,,,biomarkers,quant,,,,,True,biomarkers,quant,,,,,True,True,,True,,False,intermediate/15b4/comparisons/cmp_6d7ba361d906c9f1.parquet,intermediate/15b4/comparisons/cmp_6d7ba361d906c9f1.json,PROCESSED_NOW,400639.0,,400639.0,,8415.0,,8415.0,,True,True,True,True,True,True,False,True,False,True
cmp_c80e5bff31014a68,gt_3de9daa3443abcc6,FGF21,Pan-UKB,Pan-UKB::biomarkers|30870|both_sexes||irnt,Triglycerides,MID,PRIMARY,False,True,0.01,5e-08,3,50,1914,1914,1914.0,0,1914,0,1914,1914,1785,1065,1065,1065,717,1028,636,,147,0,,,True,False,,,,,biomarkers,quant,,,,,True,biomarkers,quant,,,,,True,True,,True,,False,intermediate/15b4/comparisons/cmp_c80e5bff31014a68.parquet,intermediate/15b4/comparisons/cmp_c80e5bff31014a68.json,PROCESSED_NOW,400639.0,,400639.0,,1499.0,,1499.0,,True,True,True,True,True,True,False,True,False,True
cmp_eafab6e5a8a920a4,gt_93b3040bef26dfa3,LPL,Pan-UKB,Pan-UKB::biomarkers|30870|both_sexes||irnt,Triglycerides,AFR,PRIMARY,False,True,0.01,5e-08,3,50,3869,3869,3869.0,0,3869,0,3869,3869,3655,2205,2205,2205,1041,1988,946,,750,1,,,True,False,,,,,biomarkers,quant,,,,,True,biomarkers,quant,,,,,True,True,,True,,True,intermediate/15b4/comparisons/cmp_eafab6e5a8a920a4.parquet,intermediate/15b4/comparisons/cmp_eafab6e5a8a920a4.json,PROCESSED_NOW,400639.0,,400639.0,,6211.0,,6211.0,,True,True,True,True,True,True,True,True,True,True
cmp_9de93e69fed596e7,gt_93b3040bef26dfa3,LPL,Pan-UKB,Pan-UKB::biomarkers|30870|both_sexes||irnt,Triglycerides,CSA,PRIMARY,False,True,0.01,5e-08,3,50,3869,3869,3869.0,0,3869,0,3869,3869,3655,1927,1927,1927,1158,1630,1056,,815,186,,,True,False,,,,,biomarkers,quant,,,,,True,biomarkers,quant,,,,,True,True,,True,,True,intermediate/15b4/comparisons/cmp_9de93e69fed596e7.parquet,intermediate/15b4/comparisons/cmp_9de93e69fed596e7.json,PROCESSED_NOW,400639.0,,400639.0,,8415.0,,8415.0,,True,True,True,True,True,True,True,True,True,True
cmp_4cecb255412bf289,gt_93b3040bef26dfa3,LPL,Pan-UKB,Pan-UKB::biomarkers|30870|both_sexes||irnt,Triglycerides,MID,PRIMARY,False,True,0.01,5e-08,3,50,3869,3869,3869.0,0,3869,0,3869,3869,3655,1715,1715,1715,1169,1618,1067,,819,0,,,True,False,,,,,biomarkers,quant,,,,,True,biomarkers,quant,,,,,True,True,,True,,False,intermediate/15b4/comparisons/cmp_4cecb255412bf289.parquet,intermediate/15b4/comparisons/cmp_4cecb255412bf289.json,PROCESSED_NOW,400639.0,,400639.0,,1499.0,,1499.0,,True,True,True,True,True,True,False,True,False,True
cmp_1a57dfd16a3ff231,gt_46f21fc6b2b38cba,PDE3A,Pan-UKB,Pan-UKB::biomarkers|30870|both_sexes||irnt,Triglycerides,AFR,PRIMARY,False,True,0.01,5e-08,3,50,5097,5097,5097.0,0,5097,0,5097,5097,4719,3496,3496,3490,1767,3211,1571,,19,0,,,True,False,,,,,biomarkers,quant,,,,,True,biomarkers,quant,,,,,True,True,,True,,False,intermediate/15b4/comparisons/cmp_1a57dfd16a3ff231.parquet,intermediate/15b4/comparisons/cmp_1a57dfd16a3ff231.json,PROCESSED_NOW,400639.0,,400639.0,,6211.0,,6211.0,,True,True,True,True,True,True,False,True,False,True
cmp_cdad6fec0a6c282b,gt_46f21fc6b2b38cba,PDE3A,Pan-UKB,Pan-UKB::biomarkers|30870|both_sexes||irnt,Triglycerides,CSA,PRIMARY,False,True,0.01,5e-08,3,50,5097,5097,5097.0,0,5097,0,5097,5097,4719,3252,3252,3251,2069,2865,1839,,19,0,,,True,False,,,,,biomarkers,quant,,,,,True,biomarkers,quant,,,,,True,True,,True,,False,intermediate/15b4/comparisons/cmp_cdad6fec0a6c282b.parquet,intermediate/15b4/comparisons/cmp_cdad6fec0a6c282b.json,PROCESSED_NOW,400639.0,,400639.0,,8415.0,,8415.0,,True,True,True,True,True,True,False,True,False,True
cmp_61eb1426b5acf70c,gt_46f21fc6b2b38cba,PDE3A,Pan-UKB,Pan-UKB::biomarkers|30870|both_sexes||irnt,Triglycerides,MID,PRIMARY,False,True,0.01,5e-08,3,50,5097,5097,5097.0,0,5097,0,5097,5097,4719,2857,2857,2851,2078,2756,1847,,19,0,,,True,False,,,,,biomarkers,quant,,,,,True,biomarkers,quant,,,,,True,True,,True,,False,intermediate/15b4/comparisons/cmp_61eb1426b5acf70c.parquet,intermediate/15b4/comparisons/cmp_61eb1426b5acf70c.json,PROCESSED_NOW,400639.0,,400639.0,,1499.0,,1499.0,,True,True,True,True,True,True,False,True,False,True
cmp_e332121c7099d932,gt_f4a47c2532951932,PDE4C,Pan-UKB,Pan-UKB::biomarkers|30870|both_sexes||irnt,Triglycerides,AFR,PRIMARY,False,True,0.01,5e-08,3,50,2430,2430,2430.0,0,2430,0,2430,2430,2216,1545,1545,1545,804,1408,676,,21,0,,,True,False,,,,,biomarkers,quant,,,,,True,biomarkers,quant,,,,,True,True,,True,,False,intermediate/15b4/comparisons/cmp_e332121c7099d932.parquet,intermediate/15b4/comparisons/cmp_e332121c7099d932.json,PROCESSED_NOW,400639.0,,400639.0,,6211.0,,6211.0,,True,True,True,True,True,True,False,True,False,True
cmp_d3557144640dfefd,gt_f4a47c2532951932,PDE4C,Pan-UKB,Pan-UKB::biomarkers|30870|both_sexes||irnt,Triglycerides,CSA,PRIMARY,False,True,0.01,5e-08,3,50,2430,2430,2430.0,0,2430,0,2430,2430,2216,1347,1347,1347,860,1174,731,,21,0,,,True,False,,,,,biomarkers,quant,,,,,True,biomarkers,quant,,,,,True,True,,True,,False,intermediate/15b4/comparisons/cmp_d3557144640dfefd.parquet,intermediate/15b4/comparisons/cmp_d3557144640dfefd.json,PROCESSED_NOW,400639.0,,400639.0,,8415.0,,8415.0,,True,True,True,True,True,True,False,True,False,True
cmp_dcdb5a56195717e1,gt_f4a47c2532951932,PDE4C,Pan-UKB,Pan-UKB::biomarkers|30870|both_sexes||irnt,Triglycerides,MID,PRIMARY,False,True,0.01,5e-08,3,50,2430,2430,2430.0,0,2430,0,2430,2430,2216,1237,1237,1237,898,1190,766,,21,0,,,True,False,,,,,biomarkers,quant,,,,,True,biomarkers,quant,,,,,True,True,,True,,False,intermediate/15b4/comparisons/cmp_dcdb5a56195717e1.parquet,intermediate/15b4/comparisons/cmp_dcdb5a56195717e1.json,PROCESSED_NOW,400639.0,,400639.0,,1499.0,,1499.0,,True,True,True,True,True,True,False,True,False,True
cmp_953452341267199d,gt_2ac1949db32bd35d,PPARA,Pan-UKB,Pan-UKB::biomarkers|30870|both_sexes||irnt,Triglycerides,AFR,PRIMARY,False,True,0.01,5e-08,3,50,2277,2277,2277.0,0,2277,0,2277,2277,2136,1592,1592,1591,739,1419,665,,217,0,,,True,False,,,,,biomarkers,quant,,,,,True,biomarkers,quant,,,,,True,True,,True,,False,intermediate/15b4/comparisons/cmp_953452341267199d.parquet,intermediate/15b4/comparisons/cmp_953452341267199d.json,PROCESSED_NOW,400639.0,,400639.0,,6211.0,,6211.0,,True,True,True,True,True,True,False,True,False,True
cmp_93ce22fec7c85bd8,gt_2ac1949db32bd35d,PPARA,Pan-UKB,Pan-UKB::biomarkers|30870|both_sexes||irnt,Triglycerides,CSA,PRIMARY,False,True,0.01,5e-08,3,50,2277,2277,2277.0,0,2277,0,2277,2277,2136,1393,1393,1393,830,1178,752,,238,0,,,True,False,,,,,biomarkers,quant,,,,,True,biomarkers,quant,,,,,True,True,,True,,False,intermediate/15b4/comparisons/cmp_93ce22fec7c85bd8.parquet,intermediate/15b4/comparisons/cmp_93ce22fec7c85bd8.json,PROCESSED_NOW,400639.0,,400639.0,,8415.0,,8415.0,,True,True,True,True,True,True,False,True,False,True
cmp_865bbb5c349bf4f3,gt_2ac1949db32bd35d,PPARA,Pan-UKB,Pan-UKB::biomarkers|30870|both_sexes||irnt,Triglycerides,MID,PRIMARY,False,True,0.01,5e-08,3,50,2277,2277,2277.0,0,2277,0,2277,2277,2136,1334,1334,1334,877,1306,799,,239,0,,,True,False,,,,,biomarkers,quant,,,,,True,biomarkers,quant,,,,,True,True,,True,,False,intermediate/15b4/comparisons/cmp_865bbb5c349bf4f3.parquet,intermediate/15b4/comparisons/cmp_865bbb5c349bf4f3.json,PROCESSED_NOW,400639.0,,400639.0,,1499.0,,1499.0,,True,True,True,True,True,True,False,True,False,True
cmp_112d8ff54d63db77,gt_44be73ebd0d0a1ce,PPARG,Pan-UKB,Pan-UKB::biomarkers|30870|both_sexes||irnt,Triglycerides,AFR,PRIMARY,False,True,0.01,5e-08,3,50,3838,3838,3838.0,0,3838,0,3838,3838,3561,2131,2131,2131,866,1870,731,,163,0,,,True,False,,,,,biomarkers,quant,,,,,True,biomarkers,quant,,,,,True,True,,True,,False,intermediate/15b4/comparisons/cmp_112d8ff54d63db77.parquet,intermediate/15b4/comparisons/cmp_112d8ff54d63db77.json,PROCESSED_NOW,400639.0,,400639.0,,6211.0,,6211.0,,True,True,True,True,True,True,False,True,False,True
cmp_d046571b4d69c0ca,gt_44be73ebd0d0a1ce,PPARG,Pan-UKB,Pan-UKB::biomarkers|30870|both_sexes||irnt,Triglycerides,CSA,PRIMARY,False,True,0.01,5e-08,3,50,3838,3838,3838.0,0,3838,0,3838,3838,3561,1841,1841,1841,1031,1500,879,,183,0,,,True,False,,,,,biomarkers,quant,,,,,True,biomarkers,quant,,,,,True,True,,True,,False,intermediate/15b4/comparisons/cmp_d046571b4d69c0ca.parquet,intermediate/15b4/comparisons/cmp_d046571b4d69c0ca.json,PROCESSED_NOW,400639.0,,400639.0,,8415.0,,8415.0,,True,True,True,True,True,True,False,True,False,True
cmp_f27a27d52a7eddbe,gt_44be73ebd0d0a1ce,PPARG,Pan-UKB,Pan-UKB::biomarkers|30870|both_sexes||irnt,Triglycerides,MID,PRIMARY,False,True,0.01,5e-08,3,50,3838,3838,3838.0,0,3838,0,3838,3838,3561,1683,1683,1683,1069,1611,915,,183,0,,,True,False,,,,,biomarkers,quant,,,,,True,biomarkers,quant,,,,,True,True,,True,,False,intermediate/15b4/comparisons/cmp_f27a27d52a7eddbe.parquet,intermediate/15b4/comparisons/cmp_f27a27d52a7eddbe.json,PROCESSED_NOW,400639.0,,400639.0,,1499.0,,1499.0,,True,True,True,True,True,True,False,True,False,True
cmp_48aeb31465b65eec,gt_3242a00e75f0acd7,DPP4,Pan-UKB,Pan-UKB::continuous|48|both_sexes||irnt,Waist circumference,MID,SENSITIVITY,False,False,0.01,5e-08,3,50,2256,2256,2256.0,0,2256,0,2256,2256,2116,910,910,904,707,889,622,,6,0,,,True,False,,,,,continuous,quant,,,,,True,continuous,quant,,,,,True,True,,True,,False,intermediate/15b4/comparisons/cmp_48aeb31465b65eec.parquet,intermediate/15b4/comparisons/cmp_48aeb31465b65eec.json,PROCESSED_NOW,419807.0,,419807.0,,1576.0,,1576.0,,False,True,False,False,True,False,False,True,False,False
cmp_589a7d49310d7685,gt_6b9e02a118c66008,FGFR1,Pan-UKB,Pan-UKB::continuous|48|both_sexes||irnt,Waist circumference,AFR,SENSITIVITY,False,False,0.01,5e-08,3,50,2214,2214,2214.0,0,2214,0,2214,2214,2039,1119,1119,1106,468,957,373,,14,0,,,True,False,,,,,continuous,quant,,,,,True,continuous,quant,,,,,True,True,,True,,False,intermediate/15b4/comparisons/cmp_589a7d49310d7685.parquet,intermediate/15b4/comparisons/cmp_589a7d49310d7685.json,PROCESSED_NOW,419807.0,,419807.0,,6570.0,,6570.0,,False,True,False,False,True,False,False,True,False,False
cmp_029d8319e09e6b04,gt_6b9e02a118c66008,FGFR1,Pan-UKB,Pan-UKB::continuous|48|both_sexes||irnt,Waist circumference,CSA,SENSITIVITY,False,False,0.01,5e-08,3,50,2214,2214,2214.0,0,2214,0,2214,2214,2039,1053,1053,1045,546,918,443,,14,0,,,True,False,,,,,continuous,quant,,,,,True,continuous,quant,,,,,True,True,,True,,False,intermediate/15b4/comparisons/cmp_029d8319e09e6b04.parquet,intermediate/15b4/comparisons/cmp_029d8319e09e6b04.json,PROCESSED_NOW,419807.0,,419807.0,,8783.0,,8783.0,,False,True,False,False,True,False,False,True,False,False
cmp_fe4367baf05d8bb4,gt_6b9e02a118c66008,FGFR1,Pan-UKB,Pan-UKB::continuous|48|both_sexes||irnt,Waist circumference,MID,SENSITIVITY,False,False,0.01,5e-08,3,50,2214,2214,2214.0,0,2214,0,2214,2214,2039,885,885,872,570,834,466,,14,0,,,True,False,,,,,continuous,quant,,,,,True,continuous,quant,,,,,True,True,,True,,False,intermediate/15b4/comparisons/cmp_fe4367baf05d8bb4.parquet,intermediate/15b4/comparisons/cmp_fe4367baf05d8bb4.json,PROCESSED_NOW,419807.0,,419807.0,,1576.0,,1576.0,,False,True,False,False,True,False,False,True,False,False
cmp_eb2f37107da592f2,gt_edbc51ba42ad24be,GDF15,Pan-UKB,Pan-UKB::continuous|48|both_sexes||irnt,Waist circumference,AFR,SENSITIVITY,False,False,0.01,5e-08,3,50,1816,1816,1816.0,0,1816,0,1816,1816,1655,1211,1211,1211,584,1126,486,,42,0,,,True,False,,,,,continuous,quant,,,,,True,continuous,quant,,,,,True,True,,True,,False,intermediate/15b4/comparisons/cmp_eb2f37107da592f2.parquet,intermediate/15b4/comparisons/cmp_eb2f37107da592f2.json,PROCESSED_NOW,419807.0,,419807.0,,6570.0,,6570.0,,False,True,False,False,True,False,False,True,False,False
cmp_4e07d09cde3f3fcf,gt_edbc51ba42ad24be,GDF15,Pan-UKB,Pan-UKB::continuous|48|both_sexes||irnt,Waist circumference,CSA,SENSITIVITY,False,False,0.01,5e-08,3,50,1816,1816,1816.0,0,1816,0,1816,1816,1655,1040,1040,1040,639,878,534,,42,0,,,True,False,,,,,continuous,quant,,,,,True,continuous,quant,,,,,True,True,,True,,False,intermediate/15b4/comparisons/cmp_4e07d09cde3f3fcf.parquet,intermediate/15b4/comparisons/cmp_4e07d09cde3f3fcf.json,PROCESSED_NOW,419807.0,,419807.0,,8783.0,,8783.0,,False,True,False,False,True,False,False,True,False,False
cmp_ca616b1111128a10,gt_edbc51ba42ad24be,GDF15,Pan-UKB,Pan-UKB::continuous|48|both_sexes||irnt,Waist circumference,MID,SENSITIVITY,False,False,0.01,5e-08,3,50,1816,1816,1816.0,0,1816,0,1816,1816,1655,941,941,941,661,931,554,,42,0,,,True,False,,,,,continuous,quant,,,,,True,continuous,quant,,,,,True,True,,True,,False,intermediate/15b4/comparisons/cmp_ca616b1111128a10.parquet,intermediate/15b4/comparisons/cmp_ca616b1111128a10.json,PROCESSED_NOW,419807.0,,419807.0,,1576.0,,1576.0,,False,True,False,False,True,False,False,True,False,False
cmp_27f111e1a86435fc,gt_22081cdb2a28ec68,GIPR,Pan-UKB,Pan-UKB::continuous|48|both_sexes||irnt,Waist circumference,AFR,SENSITIVITY,False,False,0.01,5e-08,3,50,2363,2363,2363.0,0,2363,0,2363,2363,2226,1168,1168,1168,580,1031,489,,21,0,,,True,False,,,,,continuous,quant,,,,,True,continuous,quant,,,,,True,True,,True,,False,intermediate/15b4/comparisons/cmp_27f111e1a86435fc.parquet,intermediate/15b4/comparisons/cmp_27f111e1a86435fc.json,PROCESSED_NOW,419807.0,,419807.0,,6570.0,,6570.0,,False,True,False,False,True,False,False,True,False,False
cmp_44221b3d7fc7282a,gt_22081cdb2a28ec68,GIPR,Pan-UKB,Pan-UKB::continuous|48|both_sexes||irnt,Waist circumference,CSA,SENSITIVITY,False,False,0.01,5e-08,3,50,2363,2363,2363.0,0,2363,0,2363,2363,2226,1074,1074,1074,630,935,534,,25,0,,,True,False,,,,,continuous,quant,,,,,True,continuous,quant,,,,,True,True,,True,,False,intermediate/15b4/comparisons/cmp_44221b3d7fc7282a.parquet,intermediate/15b4/comparisons/cmp_44221b3d7fc7282a.json,PROCESSED_NOW,419807.0,,419807.0,,8783.0,,8783.0,,False,True,False,False,True,False,False,True,False,False
cmp_496d1a3aa5702506,gt_22081cdb2a28ec68,GIPR,Pan-UKB,Pan-UKB::continuous|48|both_sexes||irnt,Waist circumference,MID,SENSITIVITY,False,False,0.01,5e-08,3,50,2363,2363,2363.0,0,2363,0,2363,2363,2226,925,925,925,647,891,550,,25,0,,,True,False,,,,,continuous,quant,,,,,True,continuous,quant,,,,,True,True,,True,,False,intermediate/15b4/comparisons/cmp_496d1a3aa5702506.parquet,intermediate/15b4/comparisons/cmp_496d1a3aa5702506.json,PROCESSED_NOW,419807.0,,419807.0,,1576.0,,1576.0,,False,True,False,False,True,False,False,True,False,False
cmp_08fc6aee3cfad80f,gt_ae553badecd70994,LEPR,Pan-UKB,Pan-UKB::continuous|48|both_sexes||irnt,Waist circumference,AFR,SENSITIVITY,False,False,0.01,5e-08,3,50,3528,3528,3528.0,0,3528,0,3528,3528,3272,2141,2141,2141,1414,1967,1256,,8,0,,,True,False,,,,,continuous,quant,,,,,True,continuous,quant,,,,,True,True,,True,,False,intermediate/15b4/comparisons/cmp_08fc6aee3cfad80f.parquet,intermediate/15b4/comparisons/cmp_08fc6aee3cfad80f.json,PROCESSED_NOW,419807.0,,419807.0,,6570.0,,6570.0,,False,True,False,False,True,False,False,True,False,False
cmp_069875e6b8b7063a,gt_ae553badecd70994,LEPR,Pan-UKB,Pan-UKB::continuous|48|both_sexes||irnt,Waist circumference,CSA,SENSITIVITY,False,False,0.01,5e-08,3,50,3528,3528,3528.0,0,3528,0,3528,3528,3272,2050,2050,2050,1514,1896,1345,,8,0,,,True,False,,,,,continuous,quant,,,,,True,continuous,quant,,,,,True,True,,True,,False,intermediate/15b4/comparisons/cmp_069875e6b8b7063a.parquet,intermediate/15b4/comparisons/cmp_069875e6b8b7063a.json,PROCESSED_NOW,419807.0,,419807.0,,8783.0,,8783.0,,False,True,False,False,True,False,False,True,False,False
cmp_3dcb544bcbea6416,gt_ae553badecd70994,LEPR,Pan-UKB,Pan-UKB::continuous|48|both_sexes||irnt,Waist circumference,MID,SENSITIVITY,False,False,0.01,5e-08,3,50,3528,3528,3528.0,0,3528,0,3528,3528,3272,1824,1824,1824,1536,1796,1363,,8,0,,,True,False,,,,,continuous,quant,,,,,True,continuous,quant,,,,,True,True,,True,,False,intermediate/15b4/comparisons/cmp_3dcb544bcbea6416.parquet,intermediate/15b4/comparisons/cmp_3dcb544bcbea6416.json,PROCESSED_NOW,419807.0,,419807.0,,1576.0,,1576.0,,False,True,False,False,True,False,False,True,False,False
cmp_a5dc65d29678ed04,gt_8976a55d7f38f14b,MAPK3,Pan-UKB,Pan-UKB::continuous|48|both_sexes||irnt,Waist circumference,AFR,SENSITIVITY,False,False,0.01,5e-08,3,50,1252,1252,1252.0,0,1252,0,1252,1252,1131,601,601,600,224,479,172,,132,0,,,True,False,,,,,continuous,quant,,,,,True,continuous,quant,,,,,True,True,,True,,False,intermediate/15b4/comparisons/cmp_a5dc65d29678ed04.parquet,intermediate/15b4/comparisons/cmp_a5dc65d29678ed04.json,PROCESSED_NOW,419807.0,,419807.0,,6570.0,,6570.0,,False,True,False,False,True,False,False,True,False,False
cmp_b9447a75589d9fd8,gt_8976a55d7f38f14b,MAPK3,Pan-UKB,Pan-UKB::continuous|48|both_sexes||irnt,Waist circumference,CSA,SENSITIVITY,False,False,0.01,5e-08,3,50,1252,1252,1252.0,0,1252,0,1252,1252,1131,476,476,475,249,404,197,,133,0,,,True,False,,,,,continuous,quant,,,,,True,continuous,quant,,,,,True,True,,True,,False,intermediate/15b4/comparisons/cmp_b9447a75589d9fd8.parquet,intermediate/15b4/comparisons/cmp_b9447a75589d9fd8.json,PROCESSED_NOW,419807.0,,419807.0,,8783.0,,8783.0,,False,True,False,False,True,False,False,True,False,False
cmp_3201e8daf890ffd3,gt_8976a55d7f38f14b,MAPK3,Pan-UKB,Pan-UKB::continuous|48|both_sexes||irnt,Waist circumference,MID,SENSITIVITY,False,False,0.01,5e-08,3,50,1252,1252,1252.0,0,1252,0,1252,1252,1131,450,450,450,269,420,216,,135,0,,,True,False,,,,,continuous,quant,,,,,True,continuous,quant,,,,,True,True,,True,,False,intermediate/15b4/comparisons/cmp_3201e8daf890ffd3.parquet,intermediate/15b4/comparisons/cmp_3201e8daf890ffd3.json,PROCESSED_NOW,419807.0,,419807.0,,1576.0,,1576.0,,False,True,False,False,True,False,False,True,False,False
cmp_1db7347f91430b8a,gt_6b56a43632e5452f,MC4R,Pan-UKB,Pan-UKB::continuous|48|both_sexes||irnt,Waist circumference,AFR,SENSITIVITY,False,False,0.01,5e-08,3,50,2221,2221,2221.0,0,2221,0,2221,2221,2081,1353,1353,1353,591,1210,531,,167,0,,,True,False,,,,,continuous,quant,,,,,True,continuous,quant,,,,,True,True,,True,,False,intermediate/15b4/comparisons/cmp_1db7347f91430b8a.parquet,intermediate/15b4/comparisons/cmp_1db7347f91430b8a.json,PROCESSED_NOW,419807.0,,419807.0,,6570.0,,6570.0,,False,True,False,False,True,False,False,True,False,False
cmp_4fa16f3701dc6edf,gt_6b56a43632e5452f,MC4R,Pan-UKB,Pan-UKB::continuous|48|both_sexes||irnt,Waist circumference,CSA,SENSITIVITY,False,False,0.01,5e-08,3,50,2221,2221,2221.0,0,2221,0,2221,2221,2081,1148,1148,1148,625,1022,565,,194,0,,,True,False,,,,,continuous,quant,,,,,True,continuous,quant,,,,,True,True,,True,,False,intermediate/15b4/comparisons/cmp_4fa16f3701dc6edf.parquet,intermediate/15b4/comparisons/cmp_4fa16f3701dc6edf.json,PROCESSED_NOW,419807.0,,419807.0,,8783.0,,8783.0,,False,True,False,False,True,False,False,True,False,False
cmp_c4da23082186a658,gt_6b56a43632e5452f,MC4R,Pan-UKB,Pan-UKB::continuous|48|both_sexes||irnt,Waist circumference,MID,SENSITIVITY,False,False,0.01,5e-08,3,50,2221,2221,2221.0,0,2221,0,2221,2221,2081,1033,1033,1033,684,970,615,,194,0,,,True,False,,,,,continuous,quant,,,,,True,continuous,quant,,,,,True,True,,True,,False,intermediate/15b4/comparisons/cmp_c4da23082186a658.parquet,intermediate/15b4/comparisons/cmp_c4da23082186a658.json,PROCESSED_NOW,419807.0,,419807.0,,1576.0,,1576.0,,False,True,False,False,True,False,False,True,False,False
cmp_6628e2cf3c9466d5,gt_9f4388b02206b57b,NR3C1,Pan-UKB,Pan-UKB::continuous|48|both_sexes||irnt,Waist circumference,AFR,SENSITIVITY,False,False,0.01,5e-08,3,50,3068,3068,3068.0,0,3068,0,3068,3068,2876,1490,1490,1483,662,1344,584,,12,0,,,True,False,,,,,continuous,quant,,,,,True,continuous,quant,,,,,True,True,,True,,False,intermediate/15b4/comparisons/cmp_6628e2cf3c9466d5.parquet,intermediate/15b4/comparisons/cmp_6628e2cf3c9466d5.json,PROCESSED_NOW,419807.0,,419807.0,,6570.0,,6570.0,,False,True,False,False,True,False,False,True,False,False
cmp_357cc0277ad52b7d,gt_9f4388b02206b57b,NR3C1,Pan-UKB,Pan-UKB::continuous|48|both_sexes||irnt,Waist circumference,CSA,SENSITIVITY,False,False,0.01,5e-08,3,50,3068,3068,3068.0,0,3068,0,3068,3068,2876,1562,1562,1557,700,1379,620,,12,0,,,True,False,,,,,continuous,quant,,,,,True,continuous,quant,,,,,True,True,,True,,False,intermediate/15b4/comparisons/cmp_357cc0277ad52b7d.parquet,intermediate/15b4/comparisons/cmp_357cc0277ad52b7d.json,PROCESSED_NOW,419807.0,,419807.0,,8783.0,,8783.0,,False,True,False,False,True,False,False,True,False,False
cmp_f23dcb06c598f785,gt_9f4388b02206b57b,NR3C1,Pan-UKB,Pan-UKB::continuous|48|both_sexes||irnt,Waist circumference,MID,SENSITIVITY,False,False,0.01,5e-08,3,50,3068,3068,3068.0,0,3068,0,3068,3068,2876,1222,1222,1215,736,1169,654,,12,0,,,True,False,,,,,continuous,quant,,,,,True,continuous,quant,,,,,True,True,,True,,False,intermediate/15b4/comparisons/cmp_f23dcb06c598f785.parquet,intermediate/15b4/comparisons/cmp_f23dcb06c598f785.json,PROCESSED_NOW,419807.0,,419807.0,,1576.0,,1576.0,,False,True,False,False,True,False,False,True,False,False
cmp_cccaa7b873b0d644,gt_c2406a776d170133,OPRM1,Pan-UKB,Pan-UKB::continuous|48|both_sexes||irnt,Waist circumference,AFR,SENSITIVITY,False,False,0.01,5e-08,3,50,5035,5035,5035.0,0,5035,0,5035,5035,4654,3010,3010,3010,1484,2773,1296,,92,0,,,True,False,,,,,continuous,quant,,,,,True,continuous,quant,,,,,True,True,,True,,False,intermediate/15b4/comparisons/cmp_cccaa7b873b0d644.parquet,intermediate/15b4/comparisons/cmp_cccaa7b873b0d644.json,PROCESSED_NOW,419807.0,,419807.0,,6570.0,,6570.0,,False,True,False,False,True,False,False,True,False,False
cmp_1cb43d8566924704,gt_c2406a776d170133,OPRM1,Pan-UKB,Pan-UKB::continuous|48|both_sexes||irnt,Waist circumference,CSA,SENSITIVITY,False,False,0.01,5e-08,3,50,5035,5035,5035.0,0,5035,0,5035,5035,4654,2461,2461,2461,1627,2157,1420,,92,0,,,True,False,,,,,continuous,quant,,,,,True,continuous,quant,,,,,True,True,,True,,False,intermediate/15b4/comparisons/cmp_1cb43d8566924704.parquet,intermediate/15b4/comparisons/cmp_1cb43d8566924704.json,PROCESSED_NOW,419807.0,,419807.0,,8783.0,,8783.0,,False,True,False,False,True,False,False,True,False,False
cmp_3c410f7c7561d694,gt_c2406a776d170133,OPRM1,Pan-UKB,Pan-UKB::continuous|48|both_sexes||irnt,Waist circumference,MID,SENSITIVITY,False,False,0.01,5e-08,3,50,5035,5035,5035.0,0,5035,0,5035,5035,4654,2500,2500,2500,1706,2428,1496,,92,0,,,True,False,,,,,continuous,quant,,,,,True,continuous,quant,,,,,True,True,,True,,False,intermediate/15b4/comparisons/cmp_3c410f7c7561d694.parquet,intermediate/15b4/comparisons/cmp_3c410f7c7561d694.json,PROCESSED_NOW,419807.0,,419807.0,,1576.0,,1576.0,,False,True,False,False,True,False,False,True,False,False
cmp_42c2de1301e7dcc3,gt_c2318cac682fe017,PPARD,Pan-UKB,Pan-UKB::continuous|48|both_sexes||irnt,Waist circumference,AFR,SENSITIVITY,False,False,0.01,5e-08,3,50,3251,3251,3251.0,0,3251,0,3251,3251,3035,1729,1729,1729,669,1544,575,,16,0,,,True,False,,,,,continuous,quant,,,,,True,continuous,quant,,,,,True,True,,True,,False,intermediate/15b4/comparisons/cmp_42c2de1301e7dcc3.parquet,intermediate/15b4/comparisons/cmp_42c2de1301e7dcc3.json,PROCESSED_NOW,419807.0,,419807.0,,6570.0,,6570.0,,False,True,False,False,True,False,False,True,False,False
cmp_190417ed5f92e757,gt_c2318cac682fe017,PPARD,Pan-UKB,Pan-UKB::continuous|48|both_sexes||irnt,Waist circumference,CSA,SENSITIVITY,False,False,0.01,5e-08,3,50,3251,3251,3251.0,0,3251,0,3251,3251,3035,1576,1576,1576,595,1298,519,,14,0,,,True,False,,,,,continuous,quant,,,,,True,continuous,quant,,,,,True,True,,True,,False,intermediate/15b4/comparisons/cmp_190417ed5f92e757.parquet,intermediate/15b4/comparisons/cmp_190417ed5f92e757.json,PROCESSED_NOW,419807.0,,419807.0,,8783.0,,8783.0,,False,True,False,False,True,False,False,True,False,False
cmp_5bbd3111ef91048d,gt_c2318cac682fe017,PPARD,Pan-UKB,Pan-UKB::continuous|48|both_sexes||irnt,Waist circumference,MID,SENSITIVITY,False,False,0.01,5e-08,3,50,3251,3251,3251.0,0,3251,0,3251,3251,3035,1329,1329,1329,783,1305,687,,19,0,,,True,False,,,,,continuous,quant,,,,,True,continuous,quant,,,,,True,True,,True,,False,intermediate/15b4/comparisons/cmp_5bbd3111ef91048d.parquet,intermediate/15b4/comparisons/cmp_5bbd3111ef91048d.json,PROCESSED_NOW,419807.0,,419807.0,,1576.0,,1576.0,,False,True,False,False,True,False,False,True,False,False
cmp_aba6919d6f94cd52,gt_1d049491385481d3,PPARG,Pan-UKB,Pan-UKB::continuous|48|both_sexes||irnt,Waist circumference,AFR,SENSITIVITY,False,False,0.01,5e-08,3,50,3838,3838,3838.0,0,3838,0,3838,3838,3561,2131,2131,2131,866,1885,731,,40,0,,,True,False,,,,,continuous,quant,,,,,True,continuous,quant,,,,,True,True,,True,,False,intermediate/15b4/comparisons/cmp_aba6919d6f94cd52.parquet,intermediate/15b4/comparisons/cmp_aba6919d6f94cd52.json,PROCESSED_NOW,419807.0,,419807.0,,6570.0,,6570.0,,False,True,False,False,True,False,False,True,False,False
cmp_1c3e638e6144d190,gt_1d049491385481d3,PPARG,Pan-UKB,Pan-UKB::continuous|48|both_sexes||irnt,Waist circumference,CSA,SENSITIVITY,False,False,0.01,5e-08,3,50,3838,3838,3838.0,0,3838,0,3838,3838,3561,1841,1841,1841,1032,1507,880,,45,0,,,True,False,,,,,continuous,quant,,,,,True,continuous,quant,,,,,True,True,,True,,False,intermediate/15b4/comparisons/cmp_1c3e638e6144d190.parquet,intermediate/15b4/comparisons/cmp_1c3e638e6144d190.json,PROCESSED_NOW,419807.0,,419807.0,,8783.0,,8783.0,,False,True,False,False,True,False,False,True,False,False
cmp_ddb0be2fff6bc19b,gt_1d049491385481d3,PPARG,Pan-UKB,Pan-UKB::continuous|48|both_sexes||irnt,Waist circumference,MID,SENSITIVITY,False,False,0.01,5e-08,3,50,3838,3838,3838.0,0,3838,0,3838,3838,3561,1683,1683,1683,1068,1631,914,,45,0,,,True,False,,,,,continuous,quant,,,,,True,continuous,quant,,,,,True,True,,True,,False,intermediate/15b4/comparisons/cmp_ddb0be2fff6bc19b.parquet,intermediate/15b4/comparisons/cmp_ddb0be2fff6bc19b.json,PROCESSED_NOW,419807.0,,419807.0,,1576.0,,1576.0,,False,True,False,False,True,False,False,True,False,False
cmp_dcd4ce4764b0ec27,gt_9b281bcdad313ba0,SLC6A4,Pan-UKB,Pan-UKB::continuous|48|both_sexes||irnt,Waist circumference,AFR,SENSITIVITY,False,False,0.01,5e-08,3,50,2161,2161,2161.0,0,2161,0,2161,2161,1988,1137,1137,1137,355,931,290,,4,0,,,True,False,,,,,continuous,quant,,,,,True,continuous,quant,,,,,True,True,,True,,False,intermediate/15b4/comparisons/cmp_dcd4ce4764b0ec27.parquet,intermediate/15b4/comparisons/cmp_dcd4ce4764b0ec27.json,PROCESSED_NOW,419807.0,,419807.0,,6570.0,,6570.0,,False,True,False,False,True,False,False,True,False,False
cmp_0b4b37bf31508110,gt_9b281bcdad313ba0,SLC6A4,Pan-UKB,Pan-UKB::continuous|48|both_sexes||irnt,Waist circumference,CSA,SENSITIVITY,False,False,0.01,5e-08,3,50,2161,2161,2161.0,0,2161,0,2161,2161,1988,928,928,928,416,718,341,,4,0,,,True,False,,,,,continuous,quant,,,,,True,continuous,quant,,,,,True,True,,True,,False,intermediate/15b4/comparisons/cmp_0b4b37bf31508110.parquet,intermediate/15b4/comparisons/cmp_0b4b37bf31508110.json,PROCESSED_NOW,419807.0,,419807.0,,8783.0,,8783.0,,False,True,False,False,True,False,False,True,False,False
cmp_d50a3e0e907f5768,gt_9b281bcdad313ba0,SLC6A4,Pan-UKB,Pan-UKB::continuous|48|both_sexes||irnt,Waist circumference,MID,SENSITIVITY,False,False,0.01,5e-08,3,50,2161,2161,2161.0,0,2161,0,2161,2161,1988,894,894,894,437,847,359,,4,0,,,True,False,,,,,continuous,quant,,,,,True,continuous,quant,,,,,True,True,,True,,False,intermediate/15b4/comparisons/cmp_d50a3e0e907f5768.parquet,intermediate/15b4/comparisons/cmp_d50a3e0e907f5768.json,PROCESSED_NOW,419807.0,,419807.0,,1576.0,,1576.0,,False,True,False,False,True,False,False,True,False,False
cmp_8a50a9834b33764d,gt_e879daaa8470efb6,CSF3R,Pan-UKB,Pan-UKB::continuous|30000|both_sexes||irnt,White blood cell (leukocyte) count,CSA,PRIMARY,False,True,0.01,5e-08,3,50,2160,2160,2160.0,0,2160,0,2160,2160,2024,1241,1241,1241,745,1069,664,,90,0,,,True,False,,,,,continuous,quant,,,,,True,continuous,quant,,,,,True,True,,True,,False,intermediate/15b4/comparisons/cmp_8a50a9834b33764d.parquet,intermediate/15b4/comparisons/cmp_8a50a9834b33764d.json,PROCESSED_NOW,407990.0,,407990.0,,8532.0,,8532.0,,True,True,True,True,True,True,False,True,False,True
