indication_mesh_id,indication_mesh_term,mesh2026_preferred_term,n_pairs,n_genes,n_A,n_B,direct_candidate_1_trait_key,direct_candidate_1_name,direct_candidate_1_source,direct_candidate_1_build,direct_candidate_1_pops,direct_candidate_1_score,direct_candidate_2_trait_key,direct_candidate_2_name,direct_candidate_2_source,direct_candidate_2_build,direct_candidate_2_pops,direct_candidate_2_score,direct_candidate_3_trait_key,direct_candidate_3_name,direct_candidate_3_source,direct_candidate_3_build,direct_candidate_3_pops,direct_candidate_3_score,direct_candidate_4_trait_key,direct_candidate_4_name,direct_candidate_4_source,direct_candidate_4_build,direct_candidate_4_pops,direct_candidate_4_score,direct_candidate_5_trait_key,direct_candidate_5_name,direct_candidate_5_source,direct_candidate_5_build,direct_candidate_5_pops,direct_candidate_5_score,selected_trait_key_1,mapping_tier_1,mapping_rationale_1,reviewer_notes_1,selected_trait_key_2,mapping_tier_2,mapping_rationale_2,reviewer_notes_2,selected_trait_key_3,mapping_tier_3,mapping_rationale_3,reviewer_notes_3,selected_trait_key_4,mapping_tier_4,mapping_rationale_4,reviewer_notes_4,selected_trait_key_5,mapping_tier_5,mapping_rationale_5,reviewer_notes_5,indication_review_status,exclude_reason,unmapped_reason
D007249,Inflammation,Inflammation,18,18,1,17,Pan-UKB::phecode|714|both_sexes||,Rheumatoid arthritis and other inflammatory polyarthropathies,Pan-UKB,GRCh37,"CSA,EUR",32.574906367041194,Pan-UKB::phecode|785|both_sexes||,Abdominal pain,Pan-UKB,GRCh37,"CSA,EUR",6.923076923076923,Pan-UKB::icd10|K44|both_sexes||,K44 Diaphragmatic hernia,Pan-UKB,GRCh37,"EUR,MID",6.5625,Pan-UKB::phecode|550.2|both_sexes||,Diaphragmatic hernia,Pan-UKB,GRCh37,"CSA,EUR,MID",6.5625,Pan-UKB::icd10|Z86|both_sexes||,Z86 Personal history of certain other diseases,Pan-UKB,GRCh37,"EUR,MID",6.338028169014084,,,,,,,,,,,,,,,,,,,,,UNREVIEWED,,"No prespecified high-confidence clinical, biomarker, or verified GBMI endpoint rule matched this indication."
D001943,Breast Neoplasms,Breast Neoplasms,16,16,2,14,GBMI::UtC,Uterine cancer,GBMI,GRCh38,,51.66666666666666,GBMI::ThC,Thyroid cancer,GBMI,GRCh38,,50.55555555555556,Pan-UKB::phecode|594|both_sexes||,Urinary calculus,Pan-UKB,GRCh37,"CSA,EUR",7.741935483870968,Pan-UKB::phecode|250|both_sexes||,Diabetes mellitus,Pan-UKB,GRCh37,"CSA,EUR",7.5,Pan-UKB::phecode|530|both_sexes||,Diseases of esophagus,Pan-UKB,GRCh37,"EUR,MID",7.5,,,,,,,,,,,,,,,,,,,,,UNREVIEWED,,"No prespecified high-confidence clinical, biomarker, or verified GBMI endpoint rule matched this indication."
D011471,Prostatic Neoplasms,Prostatic Neoplasms,16,16,1,15,GBMI::ThC,Thyroid cancer,GBMI,GRCh38,,51.66666666666666,GBMI::UtC,Uterine cancer,GBMI,GRCh38,,50.97701149425287,Pan-UKB::icd10|K44|both_sexes||,K44 Diaphragmatic hernia,Pan-UKB,GRCh37,"EUR,MID",7.5,Pan-UKB::phecode|550.2|both_sexes||,Diaphragmatic hernia,Pan-UKB,GRCh37,"CSA,EUR,MID",7.5,Pan-UKB::phecode|716.9|both_sexes||,Arthropathy NOS,Pan-UKB,GRCh37,"EAS,EUR",7.5,,,,,,,,,,,,,,,,,,,,,UNREVIEWED,,"No prespecified high-confidence clinical, biomarker, or verified GBMI endpoint rule matched this indication."
D015179,Colorectal Neoplasms,Colorectal Neoplasms,14,14,0,14,GBMI::UtC,Uterine cancer,GBMI,GRCh38,,50.376344086021504,GBMI::ThC,Thyroid cancer,GBMI,GRCh38,,49.40860215053763,Pan-UKB::phecode|306|both_sexes||,Other mental disorder,Pan-UKB,GRCh37,"EAS,EUR",7.297297297297297,Pan-UKB::phecode|454.1|both_sexes||,Varicose veins of lower extremity,Pan-UKB,GRCh37,"AFR,EUR",7.222222222222221,Pan-UKB::icd10|K80|both_sexes||,K80 Cholelithiasis,Pan-UKB,GRCh37,"EAS,EUR",7.0588235294117645,,,,,,,,,,,,,,,,,,,,,UNREVIEWED,,"No prespecified high-confidence clinical, biomarker, or verified GBMI endpoint rule matched this indication."
D000544,Alzheimer Disease,Alzheimer Disease,11,11,1,10,Pan-UKB::phecode|250.2|both_sexes||,Type 2 diabetes,Pan-UKB,GRCh37,"CSA,EUR",45.06578947368421,GBMI::AcApp,Acute appendicitis,GBMI,GRCh38,,44.05882352941177,GBMI::POAG,Primary open-angle glaucoma,GBMI,GRCh38,,28.09523809523809,Pan-UKB::phecode|411|both_sexes||,Ischemic Heart Disease,Pan-UKB,GRCh37,"CSA,EUR",10.0,Pan-UKB::phecode|411.4|both_sexes||,Coronary atherosclerosis,Pan-UKB,GRCh37,"CSA,EUR",9.069767441860463,,,,,,,,,,,,,,,,,,,,,UNREVIEWED,,"No prespecified high-confidence clinical, biomarker, or verified GBMI endpoint rule matched this indication."
D009369,Neoplasms,Neoplasms,11,11,1,10,GBMI::ThC,Thyroid cancer,GBMI,GRCh38,,131.5,GBMI::UtC,Uterine cancer,GBMI,GRCh38,,131.5,Pan-UKB::icd10|K80|both_sexes||,K80 Cholelithiasis,Pan-UKB,GRCh37,"EAS,EUR",7.5,Pan-UKB::phecode|574.1|both_sexes||,Cholelithiasis,Pan-UKB,GRCh37,"EAS,EUR",7.5,Pan-UKB::phecode|740|both_sexes||,Osteoarthrosis,Pan-UKB,GRCh37,"EUR,MID",7.5,,,,,,,,,,,,,,,,,,,,,UNREVIEWED,,"No prespecified high-confidence clinical, biomarker, or verified GBMI endpoint rule matched this indication."
D015535,"Arthritis, Psoriatic","Arthritis, Psoriatic",9,9,3,6,Pan-UKB::phecode|716|both_sexes||,Other arthropathies,Pan-UKB,GRCh37,"EAS,EUR",88.92857142857143,Pan-UKB::phecode|716.9|both_sexes||,Arthropathy NOS,Pan-UKB,GRCh37,"EAS,EUR",88.33333333333333,Pan-UKB::phecode|714|both_sexes||,Rheumatoid arthritis and other inflammatory polyarthropathies,Pan-UKB,GRCh37,"CSA,EUR",42.625,Pan-UKB::icd10|R07|both_sexes||,R07 Pain in throat and chest,Pan-UKB,GRCh37,"CSA,EUR",8.297872340425533,Pan-UKB::phecode|740|both_sexes||,Osteoarthrosis,Pan-UKB,GRCh37,"EUR,MID",8.181818181818182,,,,,,,,,,,,,,,,,,,,,UNREVIEWED,,"No prespecified high-confidence clinical, biomarker, or verified GBMI endpoint rule matched this indication."
D050197,Atherosclerosis,Atherosclerosis,9,9,1,8,Pan-UKB::phecode|411.4|both_sexes||,Coronary atherosclerosis,Pan-UKB,GRCh37,"CSA,EUR",134.03846153846155,Pan-UKB::phecode|740|both_sexes||,Osteoarthrosis,Pan-UKB,GRCh37,"EUR,MID",8.88888888888889,Pan-UKB::phecode|401|both_sexes||,Hypertension,Pan-UKB,GRCh37,"CSA,EUR",8.4,Pan-UKB::phecode|496.2|both_sexes||,Chronic bronchitis,Pan-UKB,GRCh37,"CSA,EUR",7.272727272727273,Pan-UKB::phecode|306|both_sexes||,Other mental disorder,Pan-UKB,GRCh37,"EAS,EUR",7.0588235294117645,,,,,,,,,,,,,,,,,,,,,UNREVIEWED,,"No prespecified high-confidence clinical, biomarker, or verified GBMI endpoint rule matched this indication."
D001008,Anxiety Disorders,Anxiety Disorders,7,7,1,6,Pan-UKB::icd10|G47|both_sexes||,G47 Sleep disorders,Pan-UKB,GRCh37,"CSA,EUR",10.3125,Pan-UKB::phecode|327|both_sexes||,Sleep disorders,Pan-UKB,GRCh37,"CSA,EUR",10.3125,Pan-UKB::phecode|317|both_sexes||,Alcohol-related disorders,Pan-UKB,GRCh37,"AFR,EUR",9.285714285714286,Pan-UKB::phecode|318|both_sexes||,Tobacco use disorder,Pan-UKB,GRCh37,"EAS,EUR",9.166666666666668,Pan-UKB::phecode|272|both_sexes||,Disorders of lipoid metabolism,Pan-UKB,GRCh37,"CSA,EUR",8.297872340425533,,,,,,,,,,,,,,,,,,,,,UNREVIEWED,,"No prespecified high-confidence clinical, biomarker, or verified GBMI endpoint rule matched this indication."
D009103,Multiple Sclerosis,Multiple Sclerosis,7,7,0,7,GBMI::AcApp,Acute appendicitis,GBMI,GRCh38,,42.0,Pan-UKB::phecode|411.4|both_sexes||,Coronary atherosclerosis,Pan-UKB,GRCh37,"CSA,EUR",8.478260869565217,GBMI::UtC,Uterine cancer,GBMI,GRCh38,,7.5,Pan-UKB::phecode|550|both_sexes||,Abdominal hernia,Pan-UKB,GRCh37,"EAS,EUR",7.105263157894736,Pan-UKB::icd10|K42|both_sexes||,K42 Umbilical hernia,Pan-UKB,GRCh37,"CSA,EUR",7.0588235294117645,,,,,,,,,,,,,,,,,,,,,UNREVIEWED,,"No prespecified high-confidence clinical, biomarker, or verified GBMI endpoint rule matched this indication."
D010051,Ovarian Neoplasms,Ovarian Neoplasms,7,7,0,7,GBMI::UtC,Uterine cancer,GBMI,GRCh38,,52.38095238095238,GBMI::ThC,Thyroid cancer,GBMI,GRCh38,,51.30952380952381,Pan-UKB::phecode|594|both_sexes||,Urinary calculus,Pan-UKB,GRCh37,"CSA,EUR",8.275862068965518,Pan-UKB::phecode|411.4|both_sexes||,Coronary atherosclerosis,Pan-UKB,GRCh37,"CSA,EUR",7.692307692307692,Pan-UKB::phecode|594.1|both_sexes||,Calculus of kidney,Pan-UKB,GRCh37,"CSA,EUR",7.297297297297297,,,,,,,,,,,,,,,,,,,,,UNREVIEWED,,"No prespecified high-confidence clinical, biomarker, or verified GBMI endpoint rule matched this indication."
D001281,Atrial Fibrillation,Atrial Fibrillation,6,6,2,4,Pan-UKB::phecode|401.1|both_sexes||,Essential hypertension,Pan-UKB,GRCh37,"CSA,EUR",8.653846153846153,GBMI::IPF,Idiopathic pulmonary fibrosis,GBMI,GRCh38,,8.076923076923077,Pan-UKB::phecode|496.2|both_sexes||,Chronic bronchitis,Pan-UKB,GRCh37,"CSA,EUR",7.317073170731707,Pan-UKB::phecode|459|both_sexes||,Other disorders of circulatory system,Pan-UKB,GRCh37,"CSA,EUR",7.164179104477612,GBMI::AAA,Abdominal aortic aneurysm,GBMI,GRCh38,,7.090909090909091,,,,,,,,,,,,,,,,,,,,,UNREVIEWED,,"No prespecified high-confidence clinical, biomarker, or verified GBMI endpoint rule matched this indication."
D057765,Eosinophilic Esophagitis,Eosinophilic Esophagitis,6,6,2,4,Pan-UKB::phecode|496.2|both_sexes||,Chronic bronchitis,Pan-UKB,GRCh37,"CSA,EUR",47.15,Pan-UKB::phecode|530.1|both_sexes||,"Esophagitis, GERD and related diseases",Pan-UKB,GRCh37,"EUR,MID",45.635245901639344,Pan-UKB::icd10|I25|both_sexes||,I25 Chronic ischaemic heart disease,Pan-UKB,GRCh37,"CSA,EUR",35.095238095238095,Pan-UKB::phecode|496.21|both_sexes||,Obstructive chronic bronchitis,Pan-UKB,GRCh37,"CSA,EUR",34.74193548387097,GBMI::COPD,Chronic obstructive pulmonary disease,GBMI,GRCh38,,33.33802816901408,,,,,,,,,,,,,,,,,,,,,UNREVIEWED,,"No prespecified high-confidence clinical, biomarker, or verified GBMI endpoint rule matched this indication."
D007676,"Kidney Failure, Chronic","Kidney Failure, Chronic",6,6,1,5,GBMI::HF,Heart failure,GBMI,GRCh38,,47.57352941176471,Pan-UKB::phecode|496.2|both_sexes||,Chronic bronchitis,Pan-UKB,GRCh37,"CSA,EUR",47.21153846153846,Pan-UKB::phecode|594.1|both_sexes||,Calculus of kidney,Pan-UKB,GRCh37,"CSA,EUR",45.5,Pan-UKB::icd10|N20|both_sexes||,N20 Calculus of kidney and ureter,Pan-UKB,GRCh37,"CSA,EUR",35.23529411764706,GBMI::COPD,Chronic obstructive pulmonary disease,GBMI,GRCh38,,34.758620689655174,,,,,,,,,,,,,,,,,,,,,UNREVIEWED,,"No prespecified high-confidence clinical, biomarker, or verified GBMI endpoint rule matched this indication."
D010300,Parkinson Disease,Parkinson Disease,6,6,0,6,GBMI::IPF,Idiopathic pulmonary fibrosis,GBMI,GRCh38,,48.22368421052632,GBMI::POAG,Primary open-angle glaucoma,GBMI,GRCh38,,45.297872340425535,Pan-UKB::phecode|411|both_sexes||,Ischemic Heart Disease,Pan-UKB,GRCh37,"CSA,EUR",9.0,Pan-UKB::icd10|K21|both_sexes||,K21 Gastro-oesophageal reflux disease,Pan-UKB,GRCh37,"EUR,MID",7.5,Pan-UKB::phecode|411.4|both_sexes||,Coronary atherosclerosis,Pan-UKB,GRCh37,"CSA,EUR",7.5,,,,,,,,,,,,,,,,,,,,,UNREVIEWED,,"No prespecified high-confidence clinical, biomarker, or verified GBMI endpoint rule matched this indication."
D012859,Sjogren's Syndrome,Sjogren's Syndrome,6,6,1,5,Pan-UKB::phecode|306|both_sexes||,Other mental disorder,Pan-UKB,GRCh37,"EAS,EUR",6.486486486486487,GBMI::ThC,Thyroid cancer,GBMI,GRCh38,,6.428571428571428,Pan-UKB::phecode|318|both_sexes||,Tobacco use disorder,Pan-UKB,GRCh37,"EAS,EUR",6.1764705882352935,GBMI::VTE,Venous thromboembolism,GBMI,GRCh38,,6.153846153846153,Pan-UKB::icd10|F32|both_sexes||,F32 Depressive episode,Pan-UKB,GRCh37,"CSA,EUR",6.0,,,,,,,,,,,,,,,,,,,,,UNREVIEWED,,"No prespecified high-confidence clinical, biomarker, or verified GBMI endpoint rule matched this indication."
D007319,Sleep Initiation and Maintenance Disorders,Sleep Initiation and Maintenance Disorders,6,6,3,3,Pan-UKB::icd10|G47|both_sexes||,G47 Sleep disorders,Pan-UKB,GRCh37,"CSA,EUR",79.56140350877193,Pan-UKB::phecode|327|both_sexes||,Sleep disorders,Pan-UKB,GRCh37,"CSA,EUR",79.56140350877193,Pan-UKB::phecode|496.2|both_sexes||,Chronic bronchitis,Pan-UKB,GRCh37,"CSA,EUR",50.49019607843137,Pan-UKB::icd10|I25|both_sexes||,I25 Chronic ischaemic heart disease,Pan-UKB,GRCh37,"CSA,EUR",47.047872340425535,GBMI::COPD,Chronic obstructive pulmonary disease,GBMI,GRCh38,,45.54245283018868,,,,,,,,,,,,,,,,,,,,,UNREVIEWED,,"No prespecified high-confidence clinical, biomarker, or verified GBMI endpoint rule matched this indication."
D001714,Bipolar Disorder,Bipolar Disorder,5,5,3,2,Pan-UKB::phecode|250.2|both_sexes||,Type 2 diabetes,Pan-UKB,GRCh37,"CSA,EUR",49.56140350877192,Pan-UKB::icd10|F32|both_sexes||,F32 Depressive episode,Pan-UKB,GRCh37,"CSA,EUR",48.29545454545455,Pan-UKB::icd10|G47|both_sexes||,G47 Sleep disorders,Pan-UKB,GRCh37,"CSA,EUR",10.3125,Pan-UKB::phecode|327|both_sexes||,Sleep disorders,Pan-UKB,GRCh37,"CSA,EUR",10.3125,Pan-UKB::phecode|318|both_sexes||,Tobacco use disorder,Pan-UKB,GRCh37,"EAS,EUR",9.705882352941178,,,,,,,,,,,,,,,,,,,,,UNREVIEWED,,"No prespecified high-confidence clinical, biomarker, or verified GBMI endpoint rule matched this indication."
D016553,"Purpura, Thrombocytopenic, Idiopathic","Purpura, Thrombocytopenic, Idiopathic",5,5,1,4,GBMI::IPF,Idiopathic pulmonary fibrosis,GBMI,GRCh38,,33.92307692307692,Pan-UKB::phecode|530|both_sexes||,Diseases of esophagus,Pan-UKB,GRCh37,"EUR,MID",9.473684210526317,Pan-UKB::phecode|411|both_sexes||,Ischemic Heart Disease,Pan-UKB,GRCh37,"CSA,EUR",8.108108108108109,GBMI::VTE,Venous thromboembolism,GBMI,GRCh38,,7.826086956521739,GBMI::HCM,Hypertrophic cardiomyopathy,GBMI,GRCh38,,7.741935483870968,,,,,,,,,,,,,,,,,,,,,UNREVIEWED,,"No prespecified high-confidence clinical, biomarker, or verified GBMI endpoint rule matched this indication."
D012893,Sleep Wake Disorders,Sleep Wake Disorders,5,5,1,4,Pan-UKB::icd10|G47|both_sexes||,G47 Sleep disorders,Pan-UKB,GRCh37,"CSA,EUR",275.0,Pan-UKB::phecode|327|both_sexes||,Sleep disorders,Pan-UKB,GRCh37,"CSA,EUR",275.0,Pan-UKB::phecode|327.3|both_sexes||,Sleep apnea,Pan-UKB,GRCh37,"CSA,EUR",85.9,Pan-UKB::phecode|317|both_sexes||,Alcohol-related disorders,Pan-UKB,GRCh37,"AFR,EUR",44.62711864406779,Pan-UKB::phecode|530.1|both_sexes||,"Esophagitis, GERD and related diseases",Pan-UKB,GRCh37,"EUR,MID",32.08333333333333,,,,,,,,,,,,,,,,,,,,,UNREVIEWED,,"No prespecified high-confidence clinical, biomarker, or verified GBMI endpoint rule matched this indication."
D013927,Thrombosis,Thrombosis,5,5,2,3,Pan-UKB::phecode|740|both_sexes||,Osteoarthrosis,Pan-UKB,GRCh37,"EUR,MID",9.0,GBMI::VTE,Venous thromboembolism,GBMI,GRCh38,,8.68421052631579,Pan-UKB::phecode|411.4|both_sexes||,Coronary atherosclerosis,Pan-UKB,GRCh37,"CSA,EUR",8.25,Pan-UKB::phecode|716.9|both_sexes||,Arthropathy NOS,Pan-UKB,GRCh37,"EAS,EUR",7.741935483870968,Pan-UKB::phecode|716|both_sexes||,Other arthropathies,Pan-UKB,GRCh37,"EAS,EUR",7.7142857142857135,,,,,,,,,,,,,,,,,,,,,UNREVIEWED,,"No prespecified high-confidence clinical, biomarker, or verified GBMI endpoint rule matched this indication."
D002318,Cardiovascular Diseases,Cardiovascular Diseases,4,4,0,4,Pan-UKB::icd10|Z95|both_sexes||,Z95 Presence of cardiac and vascular implants and grafts,Pan-UKB,GRCh37,"CSA,EUR",41.28787878787879,Pan-UKB::phecode|960.2|both_sexes||,Allergy/adverse effect of penicillin,Pan-UKB,GRCh37,"CSA,EUR",32.14912280701754,Pan-UKB::phecode|411|both_sexes||,Ischemic Heart Disease,Pan-UKB,GRCh37,"CSA,EUR",7.5,Pan-UKB::phecode|496.2|both_sexes||,Chronic bronchitis,Pan-UKB,GRCh37,"CSA,EUR",7.5,Pan-UKB::phecode|530.1|both_sexes||,"Esophagitis, GERD and related diseases",Pan-UKB,GRCh37,"EUR,MID",7.5,,,,,,,,,,,,,,,,,,,,,UNREVIEWED,,"No prespecified high-confidence clinical, biomarker, or verified GBMI endpoint rule matched this indication."
D006967,Hypersensitivity,Hypersensitivity,4,4,0,4,Pan-UKB::phecode|960.2|both_sexes||,Allergy/adverse effect of penicillin,Pan-UKB,GRCh37,"CSA,EUR",118.63372093023256,Pan-UKB::icd10|Z88|both_sexes||,"Z88 Personal history of allergy to drugs, medicaments and biologocal substances",Pan-UKB,GRCh37,"CSA,EUR",111.9675925925926,Pan-UKB::phecode|401|both_sexes||,Hypertension,Pan-UKB,GRCh37,"CSA,EUR",9.642857142857144,Pan-UKB::phecode|317|both_sexes||,Alcohol-related disorders,Pan-UKB,GRCh37,"AFR,EUR",7.674418604651163,Pan-UKB::phecode|496.2|both_sexes||,Chronic bronchitis,Pan-UKB,GRCh37,"CSA,EUR",7.5,,,,,,,,,,,,,,,,,,,,,UNREVIEWED,,"No prespecified high-confidence clinical, biomarker, or verified GBMI endpoint rule matched this indication."
D008181,Lupus Nephritis,Lupus Nephritis,4,4,0,4,Pan-UKB::phecode|716.2|both_sexes||,Unspecified monoarthritis,Pan-UKB,GRCh37,"CSA,EAS,EUR,MID",7.5,Pan-UKB::phecode|558|both_sexes||,Noninfectious gastroenteritis,Pan-UKB,GRCh37,"CSA,EUR",7.358490566037735,Pan-UKB::phecode|250|both_sexes||,Diabetes mellitus,Pan-UKB,GRCh37,"CSA,EUR",7.0588235294117645,Pan-UKB::icd10|R07|both_sexes||,R07 Pain in throat and chest,Pan-UKB,GRCh37,"CSA,EUR",6.585365853658536,Pan-UKB::icd10|G47|both_sexes||,G47 Sleep disorders,Pan-UKB,GRCh37,"CSA,EUR",6.5625,,,,,,,,,,,,,,,,,,,,,UNREVIEWED,,"No prespecified high-confidence clinical, biomarker, or verified GBMI endpoint rule matched this indication."
D008269,Macular Edema,Macular Edema,4,4,1,3,GBMI::UtC,Uterine cancer,GBMI,GRCh38,,7.0588235294117645,GBMI::ThC,Thyroid cancer,GBMI,GRCh38,,6.857142857142857,Pan-UKB::phecode|716.9|both_sexes||,Arthropathy NOS,Pan-UKB,GRCh37,"EAS,EUR",6.73469387755102,GBMI::HCM,Hypertrophic cardiomyopathy,GBMI,GRCh38,,6.393442622950819,GBMI::Appendectomy,Appendectomy,GBMI,GRCh38,,6.363636363636364,,,,,,,,,,,,,,,,,,,,,UNREVIEWED,,"No prespecified high-confidence clinical, biomarker, or verified GBMI endpoint rule matched this indication."
D008545,Melanoma,Melanoma,4,4,0,4,GBMI::POAG,Primary open-angle glaucoma,GBMI,GRCh38,,7.333333333333333,Pan-UKB::phecode|785|both_sexes||,Abdominal pain,Pan-UKB,GRCh37,"CSA,EUR",6.5625,Pan-UKB::icd10|J45|both_sexes||,J45 Asthma,Pan-UKB,GRCh37,"CSA,EUR,MID",6.428571428571428,GBMI::Asthma,Asthma,GBMI,GRCh38,,6.428571428571428,Pan-UKB::phecode|327.3|both_sexes||,Sleep apnea,Pan-UKB,GRCh37,"CSA,EUR",6.315789473684211,,,,,,,,,,,,,,,,,,,,,UNREVIEWED,,"No prespecified high-confidence clinical, biomarker, or verified GBMI endpoint rule matched this indication."
D012559,Schizophrenia,Schizophrenia,4,4,1,3,Pan-UKB::icd10|G47|both_sexes||,G47 Sleep disorders,Pan-UKB,GRCh37,"CSA,EUR",9.473684210526317,Pan-UKB::phecode|327|both_sexes||,Sleep disorders,Pan-UKB,GRCh37,"CSA,EUR",9.473684210526317,Pan-UKB::phecode|317|both_sexes||,Alcohol-related disorders,Pan-UKB,GRCh37,"AFR,EUR",9.375,Pan-UKB::phecode|306|both_sexes||,Other mental disorder,Pan-UKB,GRCh37,"EAS,EUR",9.069767441860463,Pan-UKB::phecode|401.1|both_sexes||,Essential hypertension,Pan-UKB,GRCh37,"CSA,EUR",8.68421052631579,,,,,,,,,,,,,,,,,,,,,UNREVIEWED,,"No prespecified high-confidence clinical, biomarker, or verified GBMI endpoint rule matched this indication."
D013167,"Spondylitis, Ankylosing","Spondylitis, Ankylosing",4,4,0,4,Pan-UKB::phecode|714|both_sexes||,Rheumatoid arthritis and other inflammatory polyarthropathies,Pan-UKB,GRCh37,"CSA,EUR",42.42168674698795,Pan-UKB::phecode|716.2|both_sexes||,Unspecified monoarthritis,Pan-UKB,GRCh37,"CSA,EAS,EUR,MID",8.49056603773585,Pan-UKB::phecode|411|both_sexes||,Ischemic Heart Disease,Pan-UKB,GRCh37,"CSA,EUR",8.461538461538462,GBMI::COPD,Chronic obstructive pulmonary disease,GBMI,GRCh38,,8.360655737704917,Pan-UKB::icd10|M17|both_sexes||,M17 Gonarthrosis [arthrosis of knee],Pan-UKB,GRCh37,"EUR,MID",7.894736842105263,,,,,,,,,,,,,,,,,,,,,UNREVIEWED,,"No prespecified high-confidence clinical, biomarker, or verified GBMI endpoint rule matched this indication."
D014029,Tobacco Use Disorder,Tobacco Use Disorder,4,4,1,3,Pan-UKB::phecode|318|both_sexes||,Tobacco use disorder,Pan-UKB,GRCh37,"EAS,EUR",275.0,Pan-UKB::icd10|F17|both_sexes||,F17 Mental and behavioural disorders due to use of tobacco,Pan-UKB,GRCh37,"EAS,EUR",78.15315315315316,Pan-UKB::icd10|G47|both_sexes||,G47 Sleep disorders,Pan-UKB,GRCh37,"CSA,EUR",10.0,Pan-UKB::phecode|327|both_sexes||,Sleep disorders,Pan-UKB,GRCh37,"CSA,EUR",10.0,Pan-UKB::phecode|317|both_sexes||,Alcohol-related disorders,Pan-UKB,GRCh37,"AFR,EUR",9.782608695652174,,,,,,,,,,,,,,,,,,,,,UNREVIEWED,,"No prespecified high-confidence clinical, biomarker, or verified GBMI endpoint rule matched this indication."
D058186,Acute Kidney Injury,Acute Kidney Injury,3,3,0,3,GBMI::HF,Heart failure,GBMI,GRCh38,,48.125,GBMI::AcApp,Acute appendicitis,GBMI,GRCh38,,47.43421052631579,Pan-UKB::phecode|594.1|both_sexes||,Calculus of kidney,Pan-UKB,GRCh37,"CSA,EUR",46.85810810810811,Pan-UKB::icd10|N20|both_sexes||,N20 Calculus of kidney and ureter,Pan-UKB,GRCh37,"CSA,EUR",36.18367346938776,Pan-UKB::phecode|306|both_sexes||,Other mental disorder,Pan-UKB,GRCh37,"EAS,EUR",8.25,,,,,,,,,,,,,,,,,,,,,UNREVIEWED,,"No prespecified high-confidence clinical, biomarker, or verified GBMI endpoint rule matched this indication."
D001778,Blood Coagulation Disorders,Blood Coagulation Disorders,3,3,0,3,Pan-UKB::phecode|317|both_sexes||,Alcohol-related disorders,Pan-UKB,GRCh37,"AFR,EUR",9.230769230769232,Pan-UKB::phecode|272|both_sexes||,Disorders of lipoid metabolism,Pan-UKB,GRCh37,"CSA,EUR",8.947368421052632,Pan-UKB::phecode|318|both_sexes||,Tobacco use disorder,Pan-UKB,GRCh37,"EAS,EUR",8.478260869565217,Pan-UKB::phecode|459|both_sexes||,Other disorders of circulatory system,Pan-UKB,GRCh37,"CSA,EUR",8.4375,Pan-UKB::icd10|G47|both_sexes||,G47 Sleep disorders,Pan-UKB,GRCh37,"CSA,EUR",7.857142857142858,,,,,,,,,,,,,,,,,,,,,UNREVIEWED,,"No prespecified high-confidence clinical, biomarker, or verified GBMI endpoint rule matched this indication."
D005901,Glaucoma,Glaucoma,3,3,0,3,GBMI::POAG,Primary open-angle glaucoma,GBMI,GRCh38,,120.60714285714286,Pan-UKB::icd10|J45|both_sexes||,J45 Asthma,Pan-UKB,GRCh37,"CSA,EUR,MID",6.428571428571428,GBMI::Asthma,Asthma,GBMI,GRCh38,,6.428571428571428,GBMI::Appendectomy,Appendectomy,GBMI,GRCh38,,6.0,Pan-UKB::phecode|785|both_sexes||,Abdominal pain,Pan-UKB,GRCh37,"CSA,EUR",5.454545454545455,,,,,,,,,,,,,,,,,,,,,UNREVIEWED,,"No prespecified high-confidence clinical, biomarker, or verified GBMI endpoint rule matched this indication."
D006467,Hemophilia A,Hemophilia A,3,3,3,0,Pan-UKB::phecode|550|both_sexes||,Abdominal hernia,Pan-UKB,GRCh37,"EAS,EUR",7.894736842105263,Pan-UKB::icd10|K42|both_sexes||,K42 Umbilical hernia,Pan-UKB,GRCh37,"CSA,EUR",7.692307692307692,Pan-UKB::phecode|550.4|both_sexes||,Umbilical hernia,Pan-UKB,GRCh37,"CSA,EUR",7.692307692307692,Pan-UKB::phecode|530|both_sexes||,Diseases of esophagus,Pan-UKB,GRCh37,"EUR,MID",7.5,Pan-UKB::phecode|496.2|both_sexes||,Chronic bronchitis,Pan-UKB,GRCh37,"CSA,EUR",7.297297297297297,,,,,,,,,,,,,,,,,,,,,UNREVIEWED,,"No prespecified high-confidence clinical, biomarker, or verified GBMI endpoint rule matched this indication."
D024821,Metabolic Syndrome,Metabolic Syndrome,3,3,0,3,Pan-UKB::icd10|E11|both_sexes||,E11 Non-insulin-dependent diabetes mellitus,Pan-UKB,GRCh37,"CSA,EUR",42.45098039215687,Pan-UKB::phecode|272|both_sexes||,Disorders of lipoid metabolism,Pan-UKB,GRCh37,"CSA,EUR",8.4,GBMI::VTE,Venous thromboembolism,GBMI,GRCh38,,7.5,Pan-UKB::icd10|Z95|both_sexes||,Z95 Presence of cardiac and vascular implants and grafts,Pan-UKB,GRCh37,"CSA,EUR",7.411764705882353,GBMI::HCM,Hypertrophic cardiomyopathy,GBMI,GRCh38,,7.0588235294117645,,,,,,,,,,,,,,,,,,,,,UNREVIEWED,,"No prespecified high-confidence clinical, biomarker, or verified GBMI endpoint rule matched this indication."
D008881,Migraine Disorders,Migraine Disorders,3,3,2,1,Pan-UKB::phecode|785|both_sexes||,Abdominal pain,Pan-UKB,GRCh37,"CSA,EUR",53.85416666666666,Pan-UKB::phecode|550|both_sexes||,Abdominal hernia,Pan-UKB,GRCh37,"EAS,EUR",52.25490196078431,GBMI::AAA,Abdominal aortic aneurysm,GBMI,GRCh38,,48.97727272727273,GBMI::AcApp,Acute appendicitis,GBMI,GRCh38,,44.20454545454545,Pan-UKB::icd10|G47|both_sexes||,G47 Sleep disorders,Pan-UKB,GRCh37,"CSA,EUR",10.0,,,,,,,,,,,,,,,,,,,,,UNREVIEWED,,"No prespecified high-confidence clinical, biomarker, or verified GBMI endpoint rule matched this indication."
D009298,Nasal Polyps,Nasal Polyps,3,3,0,3,Pan-UKB::phecode|327.3|both_sexes||,Sleep apnea,Pan-UKB,GRCh37,"CSA,EUR",6.818181818181818,Pan-UKB::phecode|594|both_sexes||,Urinary calculus,Pan-UKB,GRCh37,"CSA,EUR",6.428571428571428,Pan-UKB::phecode|401.1|both_sexes||,Essential hypertension,Pan-UKB,GRCh37,"CSA,EUR",6.1764705882352935,Pan-UKB::phecode|785|both_sexes||,Abdominal pain,Pan-UKB,GRCh37,"CSA,EUR",6.0,Pan-UKB::icd10|Z72|both_sexes||,Z72 Problems related to lifestyle,Pan-UKB,GRCh37,"AFR,EUR",5.853658536585366,,,,,,,,,,,,,,,,,,,,,UNREVIEWED,,"No prespecified high-confidence clinical, biomarker, or verified GBMI endpoint rule matched this indication."
D011618,Psychotic Disorders,Psychotic Disorders,3,3,1,2,Pan-UKB::icd10|G47|both_sexes||,G47 Sleep disorders,Pan-UKB,GRCh37,"CSA,EUR",9.75,Pan-UKB::phecode|327|both_sexes||,Sleep disorders,Pan-UKB,GRCh37,"CSA,EUR",9.75,Pan-UKB::phecode|317|both_sexes||,Alcohol-related disorders,Pan-UKB,GRCh37,"AFR,EUR",9.545454545454543,Pan-UKB::phecode|306|both_sexes||,Other mental disorder,Pan-UKB,GRCh37,"EAS,EUR",8.478260869565217,Pan-UKB::phecode|496.21|both_sexes||,Obstructive chronic bronchitis,Pan-UKB,GRCh37,"CSA,EUR",8.333333333333334,,,,,,,,,,,,,,,,,,,,,UNREVIEWED,,"No prespecified high-confidence clinical, biomarker, or verified GBMI endpoint rule matched this indication."
D018805,Sepsis,Sepsis,3,3,0,3,Pan-UKB::phecode|960|both_sexes||,Poisoning by antibiotics,Pan-UKB,GRCh37,"CSA,EUR",47.98076923076923,Pan-UKB::phecode|558|both_sexes||,Noninfectious gastroenteritis,Pan-UKB,GRCh37,"CSA,EUR",7.800000000000001,Pan-UKB::icd10|F32|both_sexes||,F32 Depressive episode,Pan-UKB,GRCh37,"CSA,EUR",7.741935483870968,Pan-UKB::icd10|G47|both_sexes||,G47 Sleep disorders,Pan-UKB,GRCh37,"CSA,EUR",7.5,Pan-UKB::icd10|J45|both_sexes||,J45 Asthma,Pan-UKB,GRCh37,"CSA,EUR,MID",7.5,,,,,,,,,,,,,,,,,,,,,UNREVIEWED,,"No prespecified high-confidence clinical, biomarker, or verified GBMI endpoint rule matched this indication."
D012852,Sinusitis,Sinusitis,3,3,0,3,Pan-UKB::phecode|558|both_sexes||,Noninfectious gastroenteritis,Pan-UKB,GRCh37,"CSA,EUR",8.666666666666666,Pan-UKB::phecode|250|both_sexes||,Diabetes mellitus,Pan-UKB,GRCh37,"CSA,EUR",7.272727272727273,Pan-UKB::icd10|G47|both_sexes||,G47 Sleep disorders,Pan-UKB,GRCh37,"CSA,EUR",6.923076923076923,Pan-UKB::phecode|327|both_sexes||,Sleep disorders,Pan-UKB,GRCh37,"CSA,EUR",6.923076923076923,Pan-UKB::phecode|960|both_sexes||,Poisoning by antibiotics,Pan-UKB,GRCh37,"CSA,EUR",6.75,,,,,,,,,,,,,,,,,,,,,UNREVIEWED,,"No prespecified high-confidence clinical, biomarker, or verified GBMI endpoint rule matched this indication."
D013274,Stomach Neoplasms,Stomach Neoplasms,3,3,0,3,GBMI::ThC,Thyroid cancer,GBMI,GRCh38,,52.38095238095238,GBMI::UtC,Uterine cancer,GBMI,GRCh38,,52.38095238095238,Pan-UKB::phecode|716.9|both_sexes||,Arthropathy NOS,Pan-UKB,GRCh37,"EAS,EUR",7.741935483870968,Pan-UKB::icd10|J45|both_sexes||,J45 Asthma,Pan-UKB,GRCh37,"CSA,EUR,MID",7.5,GBMI::AAA,Abdominal aortic aneurysm,GBMI,GRCh38,,7.5,,,,,,,,,,,,,,,,,,,,,UNREVIEWED,,"No prespecified high-confidence clinical, biomarker, or verified GBMI endpoint rule matched this indication."
D013494,"Supranuclear Palsy, Progressive","Supranuclear Palsy, Progressive",3,3,0,3,Pan-UKB::phecode|411|both_sexes||,Ischemic Heart Disease,Pan-UKB,GRCh37,"CSA,EUR",7.894736842105263,Pan-UKB::icd10|K21|both_sexes||,K21 Gastro-oesophageal reflux disease,Pan-UKB,GRCh37,"EUR,MID",7.0588235294117645,Pan-UKB::icd10|F32|both_sexes||,F32 Depressive episode,Pan-UKB,GRCh37,"CSA,EUR",6.875,GBMI::ThC,Thyroid cancer,GBMI,GRCh38,,6.818181818181818,Pan-UKB::icd10|Z86|both_sexes||,Z86 Personal history of certain other diseases,Pan-UKB,GRCh37,"EUR,MID",6.623376623376623,,,,,,,,,,,,,,,,,,,,,UNREVIEWED,,"No prespecified high-confidence clinical, biomarker, or verified GBMI endpoint rule matched this indication."
D013789,Thalassemia,Thalassemia,3,3,0,3,Pan-UKB::icd10|K80|both_sexes||,K80 Cholelithiasis,Pan-UKB,GRCh37,"EAS,EUR",6.0,Pan-UKB::phecode|574.1|both_sexes||,Cholelithiasis,Pan-UKB,GRCh37,"EAS,EUR",6.0,Pan-UKB::phecode|306|both_sexes||,Other mental disorder,Pan-UKB,GRCh37,"EAS,EUR",5.625,Pan-UKB::phecode|318|both_sexes||,Tobacco use disorder,Pan-UKB,GRCh37,"EAS,EUR",5.625,Pan-UKB::icd10|K42|both_sexes||,K42 Umbilical hernia,Pan-UKB,GRCh37,"CSA,EUR",5.555555555555555,,,,,,,,,,,,,,,,,,,,,UNREVIEWED,,"No prespecified high-confidence clinical, biomarker, or verified GBMI endpoint rule matched this indication."
D000437,Alcoholism,Alcoholism,2,2,0,2,Pan-UKB::phecode|317|both_sexes||,Alcohol-related disorders,Pan-UKB,GRCh37,"AFR,EUR",54.05797101449275,Pan-UKB::phecode|318|both_sexes||,Tobacco use disorder,Pan-UKB,GRCh37,"EAS,EUR",53.66666666666666,Pan-UKB::phecode|496.2|both_sexes||,Chronic bronchitis,Pan-UKB,GRCh37,"CSA,EUR",46.875,Pan-UKB::icd10|F17|both_sexes||,F17 Mental and behavioural disorders due to use of tobacco,Pan-UKB,GRCh37,"EAS,EUR",41.0,Pan-UKB::phecode|496.21|both_sexes||,Obstructive chronic bronchitis,Pan-UKB,GRCh37,"CSA,EUR",35.0,,,,,,,,,,,,,,,,,,,,,UNREVIEWED,,"No prespecified high-confidence clinical, biomarker, or verified GBMI endpoint rule matched this indication."
D002289,"Carcinoma, Non-Small-Cell Lung","Carcinoma, Non-Small-Cell Lung",2,2,1,1,GBMI::UtC,Uterine cancer,GBMI,GRCh38,,43.92307692307692,GBMI::ThC,Thyroid cancer,GBMI,GRCh38,,43.15384615384615,Pan-UKB::icd10|E11|both_sexes||,E11 Non-insulin-dependent diabetes mellitus,Pan-UKB,GRCh37,"CSA,EUR",20.671497584541065,Pan-UKB::phecode|418|both_sexes||,Nonspecific chest pain,Pan-UKB,GRCh37,"CSA,EUR",6.470588235294118,Pan-UKB::phecode|835|both_sexes||,Internal derangement of knee,Pan-UKB,GRCh37,"EUR,MID",6.226415094339623,,,,,,,,,,,,,,,,,,,,,UNREVIEWED,,"No prespecified high-confidence clinical, biomarker, or verified GBMI endpoint rule matched this indication."
D003863,Depression,Depression,2,2,1,1,Pan-UKB::icd10|F32|both_sexes||,F32 Depressive episode,Pan-UKB,GRCh37,"CSA,EUR",52.5,Pan-UKB::icd10|R19|both_sexes||,R19 Other symptoms and signs involving the digestive system and abdomen,Pan-UKB,GRCh37,"EUR,MID",39.94117647058823,Pan-UKB::phecode|401|both_sexes||,Hypertension,Pan-UKB,GRCh37,"CSA,EUR",9.545454545454543,Pan-UKB::phecode|401.1|both_sexes||,Essential hypertension,Pan-UKB,GRCh37,"CSA,EUR",9.285714285714286,Pan-UKB::phecode|785|both_sexes||,Abdominal pain,Pan-UKB,GRCh37,"CSA,EUR",7.9411764705882355,,,,,,,,,,,,,,,,,,,,,UNREVIEWED,,"No prespecified high-confidence clinical, biomarker, or verified GBMI endpoint rule matched this indication."
D003865,"Depressive Disorder, Major",Major Depressive Disorder,2,2,1,1,Pan-UKB::icd10|F32|both_sexes||,F32 Depressive episode,Pan-UKB,GRCh37,"CSA,EUR",52.82945736434108,Pan-UKB::phecode|317|both_sexes||,Alcohol-related disorders,Pan-UKB,GRCh37,"AFR,EUR",9.411764705882351,Pan-UKB::phecode|318|both_sexes||,Tobacco use disorder,Pan-UKB,GRCh37,"EAS,EUR",9.333333333333334,Pan-UKB::phecode|306|both_sexes||,Other mental disorder,Pan-UKB,GRCh37,"EAS,EUR",9.130434782608695,Pan-UKB::icd10|G47|both_sexes||,G47 Sleep disorders,Pan-UKB,GRCh37,"CSA,EUR",8.780487804878048,,,,,,,,,,,,,,,,,,,,,UNREVIEWED,,"No prespecified high-confidence clinical, biomarker, or verified GBMI endpoint rule matched this indication."
D017719,Diabetic Foot,Diabetic Foot,2,2,0,2,Pan-UKB::phecode|250.2|both_sexes||,Type 2 diabetes,Pan-UKB,GRCh37,"CSA,EUR",8.571428571428571,Pan-UKB::phecode|250|both_sexes||,Diabetes mellitus,Pan-UKB,GRCh37,"CSA,EUR",8.0,Pan-UKB::icd10|K44|both_sexes||,K44 Diaphragmatic hernia,Pan-UKB,GRCh37,"EUR,MID",7.272727272727273,Pan-UKB::phecode|550.2|both_sexes||,Diaphragmatic hernia,Pan-UKB,GRCh37,"CSA,EUR,MID",7.272727272727273,Pan-UKB::phecode|318|both_sexes||,Tobacco use disorder,Pan-UKB,GRCh37,"EAS,EUR",6.923076923076923,,,,,,,,,,,,,,,,,,,,,UNREVIEWED,,"No prespecified high-confidence clinical, biomarker, or verified GBMI endpoint rule matched this indication."
D004700,Endocrine System Diseases,Endocrine System Diseases,2,2,0,2,Pan-UKB::phecode|459|both_sexes||,Other disorders of circulatory system,Pan-UKB,GRCh37,"CSA,EUR",49.97435897435897,Pan-UKB::icd10|R19|both_sexes||,R19 Other symptoms and signs involving the digestive system and abdomen,Pan-UKB,GRCh37,"EUR,MID",40.27472527472528,Pan-UKB::phecode|530|both_sexes||,Diseases of esophagus,Pan-UKB,GRCh37,"EUR,MID",9.183673469387756,Pan-UKB::icd10|Z86|both_sexes||,Z86 Personal history of certain other diseases,Pan-UKB,GRCh37,"EUR,MID",8.5,Pan-UKB::phecode|411|both_sexes||,Ischemic Heart Disease,Pan-UKB,GRCh37,"CSA,EUR",8.461538461538462,,,,,,,,,,,,,,,,,,,,,UNREVIEWED,,"No prespecified high-confidence clinical, biomarker, or verified GBMI endpoint rule matched this indication."
D004827,Epilepsy,Epilepsy,2,2,2,0,Pan-UKB::icd10|G47|both_sexes||,G47 Sleep disorders,Pan-UKB,GRCh37,"CSA,EUR",12.1875,Pan-UKB::phecode|327|both_sexes||,Sleep disorders,Pan-UKB,GRCh37,"CSA,EUR",12.1875,Pan-UKB::phecode|306|both_sexes||,Other mental disorder,Pan-UKB,GRCh37,"EAS,EUR",9.72972972972973,Pan-UKB::phecode|318|both_sexes||,Tobacco use disorder,Pan-UKB,GRCh37,"EAS,EUR",9.166666666666668,Pan-UKB::phecode|317|both_sexes||,Alcohol-related disorders,Pan-UKB,GRCh37,"AFR,EUR",8.571428571428571,,,,,,,,,,,,,,,,,,,,,UNREVIEWED,,"No prespecified high-confidence clinical, biomarker, or verified GBMI endpoint rule matched this indication."
D004829,"Epilepsy, Generalized","Epilepsy, Generalized",2,2,2,0,Pan-UKB::icd10|G47|both_sexes||,G47 Sleep disorders,Pan-UKB,GRCh37,"CSA,EUR",8.863636363636363,Pan-UKB::phecode|327|both_sexes||,Sleep disorders,Pan-UKB,GRCh37,"CSA,EUR",8.863636363636363,Pan-UKB::icd10|M51|both_sexes||,M51 Other intervertebral disk disorders,Pan-UKB,GRCh37,"CSA,EUR",8.4375,Pan-UKB::phecode|318|both_sexes||,Tobacco use disorder,Pan-UKB,GRCh37,"EAS,EUR",8.125,Pan-UKB::phecode|306|both_sexes||,Other mental disorder,Pan-UKB,GRCh37,"EAS,EUR",8.0,,,,,,,,,,,,,,,,,,,,,UNREVIEWED,,"No prespecified high-confidence clinical, biomarker, or verified GBMI endpoint rule matched this indication."
D057180,Frontotemporal Dementia,Frontotemporal Dementia,2,2,0,2,Pan-UKB::phecode|317|both_sexes||,Alcohol-related disorders,Pan-UKB,GRCh37,"AFR,EUR",43.885245901639344,Pan-UKB::phecode|459|both_sexes||,Other disorders of circulatory system,Pan-UKB,GRCh37,"CSA,EUR",39.321705426356594,Pan-UKB::phecode|530.1|both_sexes||,"Esophagitis, GERD and related diseases",Pan-UKB,GRCh37,"EUR,MID",33.641552511415526,Pan-UKB::icd10|Z72|both_sexes||,Z72 Problems related to lifestyle,Pan-UKB,GRCh37,"AFR,EUR",27.384615384615387,Pan-UKB::icd10|R19|both_sexes||,R19 Other symptoms and signs involving the digestive system and abdomen,Pan-UKB,GRCh37,"EUR,MID",20.155172413793103,,,,,,,,,,,,,,,,,,,,,UNREVIEWED,,"No prespecified high-confidence clinical, biomarker, or verified GBMI endpoint rule matched this indication."
D005764,Gastroesophageal Reflux,Gastroesophageal Reflux,2,2,1,1,Pan-UKB::phecode|530.11|both_sexes||,GERD,Pan-UKB,GRCh37,"EUR,MID",275.0,Pan-UKB::icd10|K21|both_sexes||,K21 Gastro-oesophageal reflux disease,Pan-UKB,GRCh37,"EUR,MID",152.9310344827586,Pan-UKB::phecode|530.1|both_sexes||,"Esophagitis, GERD and related diseases",Pan-UKB,GRCh37,"EUR,MID",119.59349593495936,Pan-UKB::phecode|530|both_sexes||,Diseases of esophagus,Pan-UKB,GRCh37,"EUR,MID",9.62264150943396,Pan-UKB::phecode|411|both_sexes||,Ischemic Heart Disease,Pan-UKB,GRCh37,"CSA,EUR",8.571428571428571,,,,,,,,,,,,,,,,,,,,,UNREVIEWED,,"No prespecified high-confidence clinical, biomarker, or verified GBMI endpoint rule matched this indication."
D005770,Gastrointestinal Neoplasms,Gastrointestinal Neoplasms,2,2,0,2,GBMI::UtC,Uterine cancer,GBMI,GRCh38,,51.3963963963964,GBMI::ThC,Thyroid cancer,GBMI,GRCh38,,50.585585585585584,Pan-UKB::phecode|558|both_sexes||,Noninfectious gastroenteritis,Pan-UKB,GRCh37,"CSA,EUR",8.88888888888889,GBMI::AAA,Abdominal aortic aneurysm,GBMI,GRCh38,,8.181818181818182,Pan-UKB::icd10|K21|both_sexes||,K21 Gastro-oesophageal reflux disease,Pan-UKB,GRCh37,"EUR,MID",7.758620689655173,,,,,,,,,,,,,,,,,,,,,UNREVIEWED,,"No prespecified high-confidence clinical, biomarker, or verified GBMI endpoint rule matched this indication."
D006258,Head and Neck Neoplasms,Head and Neck Neoplasms,2,2,0,2,GBMI::ThC,Thyroid cancer,GBMI,GRCh38,,52.46666666666666,GBMI::UtC,Uterine cancer,GBMI,GRCh38,,52.46666666666666,Pan-UKB::phecode|594.1|both_sexes||,Calculus of kidney,Pan-UKB,GRCh37,"CSA,EUR",8.4375,Pan-UKB::icd10|N20|both_sexes||,N20 Calculus of kidney and ureter,Pan-UKB,GRCh37,"CSA,EUR",8.076923076923077,Pan-UKB::icd10|R07|both_sexes||,R07 Pain in throat and chest,Pan-UKB,GRCh37,"CSA,EUR",7.647058823529411,,,,,,,,,,,,,,,,,,,,,UNREVIEWED,,"No prespecified high-confidence clinical, biomarker, or verified GBMI endpoint rule matched this indication."
D006689,Hodgkin Disease,Hodgkin Disease,2,2,0,2,Pan-UKB::phecode|530|both_sexes||,Diseases of esophagus,Pan-UKB,GRCh37,"EUR,MID",8.91891891891892,Pan-UKB::phecode|411|both_sexes||,Ischemic Heart Disease,Pan-UKB,GRCh37,"CSA,EUR",8.461538461538462,Pan-UKB::icd10|I25|both_sexes||,I25 Chronic ischaemic heart disease,Pan-UKB,GRCh37,"CSA,EUR",8.125,GBMI::POAG,Primary open-angle glaucoma,GBMI,GRCh38,,7.826086956521739,GBMI::COPD,Chronic obstructive pulmonary disease,GBMI,GRCh38,,6.923076923076923,,,,,,,,,,,,,,,,,,,,,UNREVIEWED,,"No prespecified high-confidence clinical, biomarker, or verified GBMI endpoint rule matched this indication."
D017681,Hypereosinophilic Syndrome,Hypereosinophilic Syndrome,2,2,0,2,GBMI::IPF,Idiopathic pulmonary fibrosis,GBMI,GRCh38,,46.47727272727273,GBMI::HCM,Hypertrophic cardiomyopathy,GBMI,GRCh38,,8.90625,GBMI::AcApp,Acute appendicitis,GBMI,GRCh38,,7.692307692307692,Pan-UKB::phecode|401.1|both_sexes||,Essential hypertension,Pan-UKB,GRCh37,"CSA,EUR",7.5,Pan-UKB::phecode|306|both_sexes||,Other mental disorder,Pan-UKB,GRCh37,"EAS,EUR",7.142857142857142,,,,,,,,,,,,,,,,,,,,,UNREVIEWED,,"No prespecified high-confidence clinical, biomarker, or verified GBMI endpoint rule matched this indication."
D007680,Kidney Neoplasms,Kidney Neoplasms,2,2,2,0,Pan-UKB::phecode|594.1|both_sexes||,Calculus of kidney,Pan-UKB,GRCh37,"CSA,EUR",53.13725490196078,GBMI::UtC,Uterine cancer,GBMI,GRCh38,,52.77777777777777,GBMI::ThC,Thyroid cancer,GBMI,GRCh38,,51.66666666666666,Pan-UKB::icd10|N20|both_sexes||,N20 Calculus of kidney and ureter,Pan-UKB,GRCh37,"CSA,EUR",47.41666666666666,Pan-UKB::phecode|594|both_sexes||,Urinary calculus,Pan-UKB,GRCh37,"CSA,EUR",8.275862068965518,,,,,,,,,,,,,,,,,,,,,UNREVIEWED,,"No prespecified high-confidence clinical, biomarker, or verified GBMI endpoint rule matched this indication."
D008593,Menopause,Menopause,2,2,1,1,Pan-UKB::icd10|N20|both_sexes||,N20 Calculus of kidney and ureter,Pan-UKB,GRCh37,"CSA,EUR",6.6,Pan-UKB::icd10|Z72|both_sexes||,Z72 Problems related to lifestyle,Pan-UKB,GRCh37,"AFR,EUR",6.6,Pan-UKB::icd10|I83|both_sexes||,I83 Varicose veins of lower extremities,Pan-UKB,GRCh37,"AFR,EUR",6.428571428571428,Pan-UKB::phecode|594.1|both_sexes||,Calculus of kidney,Pan-UKB,GRCh37,"CSA,EUR",6.153846153846153,Pan-UKB::phecode|835|both_sexes||,Internal derangement of knee,Pan-UKB,GRCh37,"EUR,MID",6.122448979591837,,,,,,,,,,,,,,,,,,,,,UNREVIEWED,,"No prespecified high-confidence clinical, biomarker, or verified GBMI endpoint rule matched this indication."
D009101,Multiple Myeloma,Multiple Myeloma,2,2,0,2,Pan-UKB::phecode|740|both_sexes||,Osteoarthrosis,Pan-UKB,GRCh37,"EUR,MID",9.230769230769232,Pan-UKB::phecode|411|both_sexes||,Ischemic Heart Disease,Pan-UKB,GRCh37,"CSA,EUR",8.333333333333334,Pan-UKB::icd10|G47|both_sexes||,G47 Sleep disorders,Pan-UKB,GRCh37,"CSA,EUR",8.275862068965518,Pan-UKB::phecode|327|both_sexes||,Sleep disorders,Pan-UKB,GRCh37,"CSA,EUR",8.275862068965518,Pan-UKB::icd10|I25|both_sexes||,I25 Chronic ischaemic heart disease,Pan-UKB,GRCh37,"CSA,EUR",8.0,,,,,,,,,,,,,,,,,,,,,UNREVIEWED,,"No prespecified high-confidence clinical, biomarker, or verified GBMI endpoint rule matched this indication."
D019578,Multiple System Atrophy,Multiple System Atrophy,2,2,0,2,Pan-UKB::phecode|459|both_sexes||,Other disorders of circulatory system,Pan-UKB,GRCh37,"CSA,EUR",44.25,Pan-UKB::icd10|R19|both_sexes||,R19 Other symptoms and signs involving the digestive system and abdomen,Pan-UKB,GRCh37,"EUR,MID",30.13257575757576,Pan-UKB::phecode|716|both_sexes||,Other arthropathies,Pan-UKB,GRCh37,"EAS,EUR",9.0,Pan-UKB::phecode|411|both_sexes||,Ischemic Heart Disease,Pan-UKB,GRCh37,"CSA,EUR",8.0,Pan-UKB::phecode|716.9|both_sexes||,Arthropathy NOS,Pan-UKB,GRCh37,"EAS,EUR",7.9411764705882355,,,,,,,,,,,,,,,,,,,,,UNREVIEWED,,"No prespecified high-confidence clinical, biomarker, or verified GBMI endpoint rule matched this indication."
D009203,Myocardial Infarction,Myocardial Infarction,2,2,1,1,GBMI::Stroke,Stroke,GBMI,GRCh38,,129.16666666666666,GBMI::HF,Heart failure,GBMI,GRCh38,,50.06666666666666,Pan-UKB::phecode|411|both_sexes||,Ischemic Heart Disease,Pan-UKB,GRCh37,"CSA,EUR",48.52380952380952,Pan-UKB::icd10|I25|both_sexes||,I25 Chronic ischaemic heart disease,Pan-UKB,GRCh37,"CSA,EUR",44.20454545454545,Pan-UKB::phecode|411.8|both_sexes||,"Other chronic ischemic heart disease, unspecified",Pan-UKB,GRCh37,"CSA,EAS,EUR",42.75,,,,,,,,,,,,,,,,,,,,,UNREVIEWED,,"No prespecified high-confidence clinical, biomarker, or verified GBMI endpoint rule matched this indication."
D009216,Myopia,Myopia,2,2,2,0,Pan-UKB::phecode|250.2|both_sexes||,Type 2 diabetes,Pan-UKB,GRCh37,"CSA,EUR",6.818181818181818,Pan-UKB::icd10|E11|both_sexes||,E11 Non-insulin-dependent diabetes mellitus,Pan-UKB,GRCh37,"CSA,EUR",6.206896551724138,Pan-UKB::icd10|E66|both_sexes||,E66 Obesity,Pan-UKB,GRCh37,"EUR,MID",6.206896551724138,Pan-UKB::icd10|F17|both_sexes||,F17 Mental and behavioural disorders due to use of tobacco,Pan-UKB,GRCh37,"EAS,EUR",6.206896551724138,Pan-UKB::icd10|F32|both_sexes||,F32 Depressive episode,Pan-UKB,GRCh37,"CSA,EUR",6.206896551724138,,,,,,,,,,,,,,,,,,,,,UNREVIEWED,,"No prespecified high-confidence clinical, biomarker, or verified GBMI endpoint rule matched this indication."
D009290,Narcolepsy,Narcolepsy,2,2,1,1,Pan-UKB::icd10|G47|both_sexes||,G47 Sleep disorders,Pan-UKB,GRCh37,"CSA,EUR",85.24193548387098,Pan-UKB::phecode|327|both_sexes||,Sleep disorders,Pan-UKB,GRCh37,"CSA,EUR",85.24193548387098,Pan-UKB::phecode|327.3|both_sexes||,Sleep apnea,Pan-UKB,GRCh37,"CSA,EUR",50.55555555555556,Pan-UKB::phecode|250|both_sexes||,Diabetes mellitus,Pan-UKB,GRCh37,"CSA,EUR",7.297297297297297,Pan-UKB::phecode|317|both_sexes||,Alcohol-related disorders,Pan-UKB,GRCh37,"AFR,EUR",7.173913043478261,,,,,,,,,,,,,,,,,,,,,UNREVIEWED,,"No prespecified high-confidence clinical, biomarker, or verified GBMI endpoint rule matched this indication."
D009771,Obsessive-Compulsive Disorder,Obsessive-Compulsive Disorder,2,2,0,2,Pan-UKB::phecode|318|both_sexes||,Tobacco use disorder,Pan-UKB,GRCh37,"EAS,EUR",9.795918367346935,Pan-UKB::icd10|G47|both_sexes||,G47 Sleep disorders,Pan-UKB,GRCh37,"CSA,EUR",9.333333333333334,Pan-UKB::phecode|327|both_sexes||,Sleep disorders,Pan-UKB,GRCh37,"CSA,EUR",9.333333333333334,Pan-UKB::icd10|F32|both_sexes||,F32 Depressive episode,Pan-UKB,GRCh37,"CSA,EUR",8.297872340425533,Pan-UKB::icd10|K44|both_sexes||,K44 Diaphragmatic hernia,Pan-UKB,GRCh37,"EUR,MID",7.857142857142858,,,,,,,,,,,,,,,,,,,,,UNREVIEWED,,"No prespecified high-confidence clinical, biomarker, or verified GBMI endpoint rule matched this indication."
D010003,Osteoarthritis,Osteoarthritis,2,2,1,1,Pan-UKB::phecode|740|both_sexes||,Osteoarthrosis,Pan-UKB,GRCh37,"EUR,MID",275.0,Pan-UKB::icd10|M16|both_sexes||,M16 Coxarthrosis [arthrosis of hip],Pan-UKB,GRCh37,"CSA,EUR",123.7719298245614,Pan-UKB::icd10|M17|both_sexes||,M17 Gonarthrosis [arthrosis of knee],Pan-UKB,GRCh37,"EUR,MID",123.5897435897436,Pan-UKB::phecode|714|both_sexes||,Rheumatoid arthritis and other inflammatory polyarthropathies,Pan-UKB,GRCh37,"CSA,EUR",43.14457831325301,Pan-UKB::phecode|716|both_sexes||,Other arthropathies,Pan-UKB,GRCh37,"EAS,EUR",10.0,,,,,,,,,,,,,,,,,,,,,UNREVIEWED,,"No prespecified high-confidence clinical, biomarker, or verified GBMI endpoint rule matched this indication."
D012148,Restless Legs Syndrome,Restless Legs Syndrome,2,2,1,1,Pan-UKB::phecode|411|both_sexes||,Ischemic Heart Disease,Pan-UKB,GRCh37,"CSA,EUR",8.571428571428571,Pan-UKB::phecode|530|both_sexes||,Diseases of esophagus,Pan-UKB,GRCh37,"EUR,MID",8.048780487804878,Pan-UKB::icd10|I25|both_sexes||,I25 Chronic ischaemic heart disease,Pan-UKB,GRCh37,"CSA,EUR",7.647058823529411,Pan-UKB::icd10|G47|both_sexes||,G47 Sleep disorders,Pan-UKB,GRCh37,"CSA,EUR",6.857142857142857,Pan-UKB::phecode|327|both_sexes||,Sleep disorders,Pan-UKB,GRCh37,"CSA,EUR",6.857142857142857,,,,,,,,,,,,,,,,,,,,,UNREVIEWED,,"No prespecified high-confidence clinical, biomarker, or verified GBMI endpoint rule matched this indication."
D012174,Retinitis Pigmentosa,Retinitis Pigmentosa,2,2,0,2,Pan-UKB::phecode|716|both_sexes||,Other arthropathies,Pan-UKB,GRCh37,"EAS,EUR",8.372093023255815,Pan-UKB::phecode|401.1|both_sexes||,Essential hypertension,Pan-UKB,GRCh37,"CSA,EUR",8.125,Pan-UKB::phecode|716.9|both_sexes||,Arthropathy NOS,Pan-UKB,GRCh37,"EAS,EUR",8.108108108108109,GBMI::IPF,Idiopathic pulmonary fibrosis,GBMI,GRCh38,,7.924528301886792,Pan-UKB::phecode|306|both_sexes||,Other mental disorder,Pan-UKB,GRCh37,"EAS,EUR",7.333333333333333,,,,,,,,,,,,,,,,,,,,,UNREVIEWED,,"No prespecified high-confidence clinical, biomarker, or verified GBMI endpoint rule matched this indication."
D013736,Testicular Neoplasms,Testicular Neoplasms,2,2,0,2,GBMI::UtC,Uterine cancer,GBMI,GRCh38,,52.77777777777777,GBMI::ThC,Thyroid cancer,GBMI,GRCh38,,51.66666666666666,Pan-UKB::phecode|411.4|both_sexes||,Coronary atherosclerosis,Pan-UKB,GRCh37,"CSA,EUR",7.5,Pan-UKB::phecode|530|both_sexes||,Diseases of esophagus,Pan-UKB,GRCh37,"EUR,MID",7.297297297297297,Pan-UKB::icd10|G47|both_sexes||,G47 Sleep disorders,Pan-UKB,GRCh37,"CSA,EUR",7.272727272727273,,,,,,,,,,,,,,,,,,,,,UNREVIEWED,,"No prespecified high-confidence clinical, biomarker, or verified GBMI endpoint rule matched this indication."
D014523,Urethral Neoplasms,Urethral Neoplasms,2,2,0,2,GBMI::ThC,Thyroid cancer,GBMI,GRCh38,,52.38095238095238,GBMI::UtC,Uterine cancer,GBMI,GRCh38,,52.38095238095238,Pan-UKB::phecode|716.9|both_sexes||,Arthropathy NOS,Pan-UKB,GRCh37,"EAS,EUR",8.70967741935484,Pan-UKB::icd10|N20|both_sexes||,N20 Calculus of kidney and ureter,Pan-UKB,GRCh37,"CSA,EUR",8.4,Pan-UKB::phecode|594|both_sexes||,Urinary calculus,Pan-UKB,GRCh37,"CSA,EUR",7.741935483870968,,,,,,,,,,,,,,,,,,,,,UNREVIEWED,,"No prespecified high-confidence clinical, biomarker, or verified GBMI endpoint rule matched this indication."
D014565,Urogenital Neoplasms,Urogenital Neoplasms,2,2,0,2,GBMI::UtC,Uterine cancer,GBMI,GRCh38,,51.372549019607845,GBMI::ThC,Thyroid cancer,GBMI,GRCh38,,51.344086021505376,Pan-UKB::phecode|594|both_sexes||,Urinary calculus,Pan-UKB,GRCh37,"CSA,EUR",48.22368421052632,GBMI::AAA,Abdominal aortic aneurysm,GBMI,GRCh38,,7.674418604651163,Pan-UKB::phecode|411.4|both_sexes||,Coronary atherosclerosis,Pan-UKB,GRCh37,"CSA,EUR",7.659574468085106,,,,,,,,,,,,,,,,,,,,,UNREVIEWED,,"No prespecified high-confidence clinical, biomarker, or verified GBMI endpoint rule matched this indication."
D057135,Wet Macular Degeneration,Wet Macular Degeneration,2,2,0,2,Pan-UKB::icd10|E11|both_sexes||,E11 Non-insulin-dependent diabetes mellitus,Pan-UKB,GRCh37,"CSA,EUR",6.5625,GBMI::AcApp,Acute appendicitis,GBMI,GRCh38,,6.279069767441861,Pan-UKB::icd10|N20|both_sexes||,N20 Calculus of kidney and ureter,Pan-UKB,GRCh37,"CSA,EUR",6.226415094339623,Pan-UKB::phecode|716|both_sexes||,Other arthropathies,Pan-UKB,GRCh37,"EAS,EUR",6.136363636363637,Pan-UKB::phecode|306|both_sexes||,Other mental disorder,Pan-UKB,GRCh37,"EAS,EUR",6.0,,,,,,,,,,,,,,,,,,,,,UNREVIEWED,,"No prespecified high-confidence clinical, biomarker, or verified GBMI endpoint rule matched this indication."
D000417,Albinism,Albinism,1,1,0,1,Pan-UKB::icd10|J45|both_sexes||,J45 Asthma,Pan-UKB,GRCh37,"CSA,EUR,MID",6.428571428571428,GBMI::Asthma,Asthma,GBMI,GRCh38,,6.428571428571428,Pan-UKB::phecode|785|both_sexes||,Abdominal pain,Pan-UKB,GRCh37,"CSA,EUR",5.454545454545455,GBMI::AAA,Abdominal aortic aneurysm,GBMI,GRCh38,,5.454545454545455,Pan-UKB::phecode|760|both_sexes||,Back pain,Pan-UKB,GRCh37,"CSA,EUR",5.294117647058824,,,,,,,,,,,,,,,,,,,,,UNREVIEWED,,"No prespecified high-confidence clinical, biomarker, or verified GBMI endpoint rule matched this indication."
D019973,Alcohol-Related Disorders,Alcohol-Related Disorders,1,1,0,1,Pan-UKB::phecode|317|both_sexes||,Alcohol-related disorders,Pan-UKB,GRCh37,"AFR,EUR",275.0,Pan-UKB::phecode|530.1|both_sexes||,"Esophagitis, GERD and related diseases",Pan-UKB,GRCh37,"EUR,MID",46.00806451612903,Pan-UKB::icd10|Z72|both_sexes||,Z72 Problems related to lifestyle,Pan-UKB,GRCh37,"AFR,EUR",44.35849056603774,Pan-UKB::icd10|G47|both_sexes||,G47 Sleep disorders,Pan-UKB,GRCh37,"CSA,EUR",9.75,Pan-UKB::phecode|327|both_sexes||,Sleep disorders,Pan-UKB,GRCh37,"CSA,EUR",9.75,,,,,,,,,,,,,,,,,,,,,UNREVIEWED,,"No prespecified high-confidence clinical, biomarker, or verified GBMI endpoint rule matched this indication."
D000505,Alopecia,Alopecia,1,1,1,0,Pan-UKB::phecode|496.2|both_sexes||,Chronic bronchitis,Pan-UKB,GRCh37,"CSA,EUR",7.894736842105263,Pan-UKB::phecode|418|both_sexes||,Nonspecific chest pain,Pan-UKB,GRCh37,"CSA,EUR",7.674418604651163,Pan-UKB::phecode|327.3|both_sexes||,Sleep apnea,Pan-UKB,GRCh37,"CSA,EUR",7.5,Pan-UKB::icd10|K44|both_sexes||,K44 Diaphragmatic hernia,Pan-UKB,GRCh37,"EUR,MID",7.317073170731707,Pan-UKB::phecode|550.2|both_sexes||,Diaphragmatic hernia,Pan-UKB,GRCh37,"CSA,EUR,MID",7.317073170731707,,,,,,,,,,,,,,,,,,,,,UNREVIEWED,,"No prespecified high-confidence clinical, biomarker, or verified GBMI endpoint rule matched this indication."
D000690,Amyotrophic Lateral Sclerosis,Amyotrophic Lateral Sclerosis,1,1,0,1,Pan-UKB::phecode|411|both_sexes||,Ischemic Heart Disease,Pan-UKB,GRCh37,"CSA,EUR",10.54054054054054,Pan-UKB::phecode|411.4|both_sexes||,Coronary atherosclerosis,Pan-UKB,GRCh37,"CSA,EUR",9.62264150943396,Pan-UKB::phecode|530|both_sexes||,Diseases of esophagus,Pan-UKB,GRCh37,"EUR,MID",9.090909090909092,Pan-UKB::icd10|I25|both_sexes||,I25 Chronic ischaemic heart disease,Pan-UKB,GRCh37,"CSA,EUR",8.478260869565217,GBMI::IPF,Idiopathic pulmonary fibrosis,GBMI,GRCh38,,7.758620689655173,,,,,,,,,,,,,,,,,,,,,UNREVIEWED,,"No prespecified high-confidence clinical, biomarker, or verified GBMI endpoint rule matched this indication."
D001145,"Arrhythmias, Cardiac","Arrhythmias, Cardiac",1,1,0,1,Pan-UKB::icd10|Z95|both_sexes||,Z95 Presence of cardiac and vascular implants and grafts,Pan-UKB,GRCh37,"CSA,EUR",41.32629107981221,Pan-UKB::icd10|J45|both_sexes||,J45 Asthma,Pan-UKB,GRCh37,"CSA,EUR,MID",10.0,GBMI::Asthma,Asthma,GBMI,GRCh38,,10.0,Pan-UKB::phecode|496.2|both_sexes||,Chronic bronchitis,Pan-UKB,GRCh37,"CSA,EUR",8.108108108108109,GBMI::HCM,Hypertrophic cardiomyopathy,GBMI,GRCh38,,8.0,,,,,,,,,,,,,,,,,,,,,UNREVIEWED,,"No prespecified high-confidence clinical, biomarker, or verified GBMI endpoint rule matched this indication."
D001171,"Arthritis, Juvenile","Arthritis, Juvenile",1,1,1,0,Pan-UKB::phecode|714|both_sexes||,Rheumatoid arthritis and other inflammatory polyarthropathies,Pan-UKB,GRCh37,"CSA,EUR",62.333333333333336,Pan-UKB::phecode|496.2|both_sexes||,Chronic bronchitis,Pan-UKB,GRCh37,"CSA,EUR",48.29545454545455,Pan-UKB::phecode|317|both_sexes||,Alcohol-related disorders,Pan-UKB,GRCh37,"AFR,EUR",43.29032258064516,Pan-UKB::phecode|496.21|both_sexes||,Obstructive chronic bronchitis,Pan-UKB,GRCh37,"CSA,EUR",36.642857142857146,GBMI::IPF,Idiopathic pulmonary fibrosis,GBMI,GRCh38,,35.27586206896552,,,,,,,,,,,,,,,,,,,,,UNREVIEWED,,"No prespecified high-confidence clinical, biomarker, or verified GBMI endpoint rule matched this indication."
D001850,"Bone Diseases, Infectious","Bone Diseases, Infectious",1,1,0,1,Pan-UKB::phecode|530|both_sexes||,Diseases of esophagus,Pan-UKB,GRCh37,"EUR,MID",9.333333333333334,Pan-UKB::phecode|558|both_sexes||,Noninfectious gastroenteritis,Pan-UKB,GRCh37,"CSA,EUR",9.230769230769232,Pan-UKB::phecode|411|both_sexes||,Ischemic Heart Disease,Pan-UKB,GRCh37,"CSA,EUR",8.0,Pan-UKB::phecode|530.1|both_sexes||,"Esophagitis, GERD and related diseases",Pan-UKB,GRCh37,"EUR,MID",7.868852459016394,GBMI::COPD,Chronic obstructive pulmonary disease,GBMI,GRCh38,,7.5,,,,,,,,,,,,,,,,,,,,,UNREVIEWED,,"No prespecified high-confidence clinical, biomarker, or verified GBMI endpoint rule matched this indication."
D001851,"Bone Diseases, Metabolic","Bone Diseases, Metabolic",1,1,0,1,Pan-UKB::icd10|E66|both_sexes||,E66 Obesity,Pan-UKB,GRCh37,"EUR,MID",9.130434782608695,Pan-UKB::phecode|411|both_sexes||,Ischemic Heart Disease,Pan-UKB,GRCh37,"CSA,EUR",8.863636363636363,Pan-UKB::phecode|740|both_sexes||,Osteoarthrosis,Pan-UKB,GRCh37,"EUR,MID",8.4,Pan-UKB::phecode|272|both_sexes||,Disorders of lipoid metabolism,Pan-UKB,GRCh37,"CSA,EUR",8.076923076923077,GBMI::COPD,Chronic obstructive pulmonary disease,GBMI,GRCh38,,7.627118644067796,,,,,,,,,,,,,,,,,,,,,UNREVIEWED,,"No prespecified high-confidence clinical, biomarker, or verified GBMI endpoint rule matched this indication."
D029481,"Bronchitis, Chronic","Bronchitis, Chronic",1,1,1,0,Pan-UKB::phecode|496.2|both_sexes||,Chronic bronchitis,Pan-UKB,GRCh37,"CSA,EUR",275.0,Pan-UKB::phecode|496.21|both_sexes||,Obstructive chronic bronchitis,Pan-UKB,GRCh37,"CSA,EUR",139.58333333333334,Pan-UKB::icd10|I25|both_sexes||,I25 Chronic ischaemic heart disease,Pan-UKB,GRCh37,"CSA,EUR",47.32142857142857,GBMI::COPD,Chronic obstructive pulmonary disease,GBMI,GRCh38,,46.38636363636363,Pan-UKB::icd10|J44|both_sexes||,J44 Other chronic obstructive pulmonary disease,Pan-UKB,GRCh37,"CSA,EUR",45.635245901639344,,,,,,,,,,,,,,,,,,,,,UNREVIEWED,,"No prespecified high-confidence clinical, biomarker, or verified GBMI endpoint rule matched this indication."
D000086382,COVID-19,COVID-19,1,1,1,0,GBMI::AcApp,Acute appendicitis,GBMI,GRCh38,,41.03333333333334,Pan-UKB::phecode|530|both_sexes||,Diseases of esophagus,Pan-UKB,GRCh37,"EUR,MID",8.666666666666666,Pan-UKB::icd10|I25|both_sexes||,I25 Chronic ischaemic heart disease,Pan-UKB,GRCh37,"CSA,EUR",8.49056603773585,Pan-UKB::phecode|411|both_sexes||,Ischemic Heart Disease,Pan-UKB,GRCh37,"CSA,EUR",8.181818181818182,GBMI::COPD,Chronic obstructive pulmonary disease,GBMI,GRCh38,,7.627118644067796,,,,,,,,,,,,,,,,,,,,,UNREVIEWED,,"No prespecified high-confidence clinical, biomarker, or verified GBMI endpoint rule matched this indication."
D002446,Celiac Disease,Celiac Disease,1,1,0,1,Pan-UKB::phecode|411|both_sexes||,Ischemic Heart Disease,Pan-UKB,GRCh37,"CSA,EUR",10.0,Pan-UKB::phecode|716|both_sexes||,Other arthropathies,Pan-UKB,GRCh37,"EAS,EUR",10.0,Pan-UKB::phecode|716.9|both_sexes||,Arthropathy NOS,Pan-UKB,GRCh37,"EAS,EUR",9.090909090909092,Pan-UKB::phecode|530|both_sexes||,Diseases of esophagus,Pan-UKB,GRCh37,"EUR,MID",8.571428571428571,GBMI::Stroke,Stroke,GBMI,GRCh38,,8.181818181818182,,,,,,,,,,,,,,,,,,,,,UNREVIEWED,,"No prespecified high-confidence clinical, biomarker, or verified GBMI endpoint rule matched this indication."
D002761,Cholangitis,Cholangitis,1,1,0,1,Pan-UKB::icd10|K80|both_sexes||,K80 Cholelithiasis,Pan-UKB,GRCh37,"EAS,EUR",9.6,Pan-UKB::phecode|574.1|both_sexes||,Cholelithiasis,Pan-UKB,GRCh37,"EAS,EUR",9.6,Pan-UKB::phecode|496.2|both_sexes||,Chronic bronchitis,Pan-UKB,GRCh37,"CSA,EUR",8.275862068965518,GBMI::AcApp,Acute appendicitis,GBMI,GRCh38,,7.241379310344828,Pan-UKB::phecode|317|both_sexes||,Alcohol-related disorders,Pan-UKB,GRCh37,"AFR,EUR",7.105263157894736,,,,,,,,,,,,,,,,,,,,,UNREVIEWED,,"No prespecified high-confidence clinical, biomarker, or verified GBMI endpoint rule matched this indication."
D003414,Crigler-Najjar Syndrome,Crigler-Najjar Syndrome,1,1,0,1,Pan-UKB::phecode|250.2|both_sexes||,Type 2 diabetes,Pan-UKB,GRCh37,"CSA,EUR",42.75,Pan-UKB::phecode|411.8|both_sexes||,"Other chronic ischemic heart disease, unspecified",Pan-UKB,GRCh37,"CSA,EAS,EUR",7.0,Pan-UKB::icd10|E11|both_sexes||,E11 Non-insulin-dependent diabetes mellitus,Pan-UKB,GRCh37,"CSA,EUR",6.428571428571428,Pan-UKB::icd10|E66|both_sexes||,E66 Obesity,Pan-UKB,GRCh37,"EUR,MID",6.428571428571428,Pan-UKB::icd10|F17|both_sexes||,F17 Mental and behavioural disorders due to use of tobacco,Pan-UKB,GRCh37,"EAS,EUR",6.428571428571428,,,,,,,,,,,,,,,,,,,,,UNREVIEWED,,"No prespecified high-confidence clinical, biomarker, or verified GBMI endpoint rule matched this indication."
D003704,Dementia,Dementia,1,1,0,1,Pan-UKB::icd10|K42|both_sexes||,K42 Umbilical hernia,Pan-UKB,GRCh37,"CSA,EUR",10.0,Pan-UKB::phecode|550.4|both_sexes||,Umbilical hernia,Pan-UKB,GRCh37,"CSA,EUR",10.0,Pan-UKB::phecode|550|both_sexes||,Abdominal hernia,Pan-UKB,GRCh37,"EAS,EUR",9.090909090909092,Pan-UKB::phecode|272|both_sexes||,Disorders of lipoid metabolism,Pan-UKB,GRCh37,"CSA,EUR",7.090909090909091,Pan-UKB::phecode|401.1|both_sexes||,Essential hypertension,Pan-UKB,GRCh37,"CSA,EUR",7.0212765957446805,,,,,,,,,,,,,,,,,,,,,UNREVIEWED,,"No prespecified high-confidence clinical, biomarker, or verified GBMI endpoint rule matched this indication."
D003929,Diabetic Neuropathies,Diabetic Neuropathies,1,1,0,1,GBMI::AAA,Abdominal aortic aneurysm,GBMI,GRCh38,,8.653846153846153,Pan-UKB::phecode|250.2|both_sexes||,Type 2 diabetes,Pan-UKB,GRCh37,"CSA,EUR",8.333333333333334,Pan-UKB::phecode|716|both_sexes||,Other arthropathies,Pan-UKB,GRCh37,"EAS,EUR",8.25,Pan-UKB::phecode|716.9|both_sexes||,Arthropathy NOS,Pan-UKB,GRCh37,"EAS,EUR",7.9411764705882355,Pan-UKB::icd10|R07|both_sexes||,R07 Pain in throat and chest,Pan-UKB,GRCh37,"CSA,EUR",7.924528301886792,,,,,,,,,,,,,,,,,,,,,UNREVIEWED,,"No prespecified high-confidence clinical, biomarker, or verified GBMI endpoint rule matched this indication."
D004381,Duodenal Ulcer,Duodenal Ulcer,1,1,0,1,GBMI::UtC,Uterine cancer,GBMI,GRCh38,,8.88888888888889,Pan-UKB::phecode|550|both_sexes||,Abdominal hernia,Pan-UKB,GRCh37,"EAS,EUR",8.0,Pan-UKB::icd10|K42|both_sexes||,K42 Umbilical hernia,Pan-UKB,GRCh37,"CSA,EUR",7.0,Pan-UKB::phecode|550.4|both_sexes||,Umbilical hernia,Pan-UKB,GRCh37,"CSA,EUR",7.0,Pan-UKB::phecode|306|both_sexes||,Other mental disorder,Pan-UKB,GRCh37,"EAS,EUR",6.857142857142857,,,,,,,,,,,,,,,,,,,,,UNREVIEWED,,"No prespecified high-confidence clinical, biomarker, or verified GBMI endpoint rule matched this indication."
D020920,Dyssomnias,Dyssomnias,1,1,0,1,Pan-UKB::icd10|G47|both_sexes||,G47 Sleep disorders,Pan-UKB,GRCh37,"CSA,EUR",133.75,Pan-UKB::phecode|327|both_sexes||,Sleep disorders,Pan-UKB,GRCh37,"CSA,EUR",133.75,Pan-UKB::phecode|327.3|both_sexes||,Sleep apnea,Pan-UKB,GRCh37,"CSA,EUR",48.33333333333333,Pan-UKB::phecode|306|both_sexes||,Other mental disorder,Pan-UKB,GRCh37,"EAS,EUR",10.408163265306122,Pan-UKB::phecode|318|both_sexes||,Tobacco use disorder,Pan-UKB,GRCh37,"EAS,EUR",8.666666666666666,,,,,,,,,,,,,,,,,,,,,UNREVIEWED,,"No prespecified high-confidence clinical, biomarker, or verified GBMI endpoint rule matched this indication."
D004485,Eczema,Eczema,1,1,0,1,Pan-UKB::phecode|558|both_sexes||,Noninfectious gastroenteritis,Pan-UKB,GRCh37,"CSA,EUR",7.800000000000001,Pan-UKB::phecode|716.2|both_sexes||,Unspecified monoarthritis,Pan-UKB,GRCh37,"CSA,EAS,EUR,MID",7.173913043478261,Pan-UKB::phecode|411|both_sexes||,Ischemic Heart Disease,Pan-UKB,GRCh37,"CSA,EUR",6.279069767441861,GBMI::VTE,Venous thromboembolism,GBMI,GRCh38,,6.279069767441861,Pan-UKB::phecode|530.1|both_sexes||,"Esophagitis, GERD and related diseases",Pan-UKB,GRCh37,"EUR,MID",6.206896551724138,,,,,,,,,,,,,,,,,,,,,UNREVIEWED,,"No prespecified high-confidence clinical, biomarker, or verified GBMI endpoint rule matched this indication."
D004715,Endometriosis,Endometriosis,1,1,1,0,Pan-UKB::phecode|740|both_sexes||,Osteoarthrosis,Pan-UKB,GRCh37,"EUR,MID",8.88888888888889,Pan-UKB::phecode|550|both_sexes||,Abdominal hernia,Pan-UKB,GRCh37,"EAS,EUR",7.5,GBMI::VTE,Venous thromboembolism,GBMI,GRCh38,,6.857142857142857,Pan-UKB::icd10|K80|both_sexes||,K80 Cholelithiasis,Pan-UKB,GRCh37,"EAS,EUR",6.666666666666666,Pan-UKB::phecode|574.1|both_sexes||,Cholelithiasis,Pan-UKB,GRCh37,"EAS,EUR",6.666666666666666,,,,,,,,,,,,,,,,,,,,,UNREVIEWED,,"No prespecified high-confidence clinical, biomarker, or verified GBMI endpoint rule matched this indication."
D004828,"Epilepsies, Partial","Epilepsies, Partial",1,1,1,0,Pan-UKB::phecode|785|both_sexes||,Abdominal pain,Pan-UKB,GRCh37,"CSA,EUR",52.91666666666666,Pan-UKB::phecode|550|both_sexes||,Abdominal hernia,Pan-UKB,GRCh37,"EAS,EUR",52.25490196078431,GBMI::AAA,Abdominal aortic aneurysm,GBMI,GRCh38,,47.122093023255815,Pan-UKB::phecode|317|both_sexes||,Alcohol-related disorders,Pan-UKB,GRCh37,"AFR,EUR",46.52777777777778,Pan-UKB::icd10|R19|both_sexes||,R19 Other symptoms and signs involving the digestive system and abdomen,Pan-UKB,GRCh37,"EUR,MID",40.172413793103445,,,,,,,,,,,,,,,,,,,,,UNREVIEWED,,"No prespecified high-confidence clinical, biomarker, or verified GBMI endpoint rule matched this indication."
D004938,Esophageal Neoplasms,Esophageal Neoplasms,1,1,0,1,Pan-UKB::phecode|530|both_sexes||,Diseases of esophagus,Pan-UKB,GRCh37,"EUR,MID",88.75,GBMI::UtC,Uterine cancer,GBMI,GRCh38,,50.376344086021504,GBMI::ThC,Thyroid cancer,GBMI,GRCh38,,49.66666666666666,Pan-UKB::icd10|K21|both_sexes||,K21 Gastro-oesophageal reflux disease,Pan-UKB,GRCh37,"EUR,MID",8.653846153846153,Pan-UKB::phecode|530.1|both_sexes||,"Esophagitis, GERD and related diseases",Pan-UKB,GRCh37,"EUR,MID",8.035714285714285,,,,,,,,,,,,,,,,,,,,,UNREVIEWED,,"No prespecified high-confidence clinical, biomarker, or verified GBMI endpoint rule matched this indication."
D005168,Factor VII Deficiency,Factor VII Deficiency,1,1,0,1,GBMI::AcApp,Acute appendicitis,GBMI,GRCh38,,8.372093023255815,Pan-UKB::phecode|401|both_sexes||,Hypertension,Pan-UKB,GRCh37,"CSA,EUR",7.5,GBMI::ThC,Thyroid cancer,GBMI,GRCh38,,7.0588235294117645,Pan-UKB::phecode|496.2|both_sexes||,Chronic bronchitis,Pan-UKB,GRCh37,"CSA,EUR",6.923076923076923,Pan-UKB::icd10|I25|both_sexes||,I25 Chronic ischaemic heart disease,Pan-UKB,GRCh37,"CSA,EUR",6.666666666666666,,,,,,,,,,,,,,,,,,,,,UNREVIEWED,,"No prespecified high-confidence clinical, biomarker, or verified GBMI endpoint rule matched this indication."
D005173,Factor XI Deficiency,Factor XI Deficiency,1,1,1,0,GBMI::AcApp,Acute appendicitis,GBMI,GRCh38,,8.181818181818182,Pan-UKB::phecode|306|both_sexes||,Other mental disorder,Pan-UKB,GRCh37,"EAS,EUR",7.692307692307692,Pan-UKB::phecode|418|both_sexes||,Nonspecific chest pain,Pan-UKB,GRCh37,"CSA,EUR",6.818181818181818,Pan-UKB::phecode|401.1|both_sexes||,Essential hypertension,Pan-UKB,GRCh37,"CSA,EUR",6.75,GBMI::VTE,Venous thromboembolism,GBMI,GRCh38,,6.585365853658536,,,,,,,,,,,,,,,,,,,,,UNREVIEWED,,"No prespecified high-confidence clinical, biomarker, or verified GBMI endpoint rule matched this indication."
D042882,Gallstones,Gallstones,1,1,0,1,Pan-UKB::phecode|594|both_sexes||,Urinary calculus,Pan-UKB,GRCh37,"CSA,EUR",10.645161290322582,Pan-UKB::phecode|558|both_sexes||,Noninfectious gastroenteritis,Pan-UKB,GRCh37,"CSA,EUR",8.035714285714285,GBMI::Stroke,Stroke,GBMI,GRCh38,,8.0,Pan-UKB::phecode|594.1|both_sexes||,Calculus of kidney,Pan-UKB,GRCh37,"CSA,EUR",7.777777777777778,Pan-UKB::icd10|K42|both_sexes||,K42 Umbilical hernia,Pan-UKB,GRCh37,"CSA,EUR",7.741935483870968,,,,,,,,,,,,,,,,,,,,,UNREVIEWED,,"No prespecified high-confidence clinical, biomarker, or verified GBMI endpoint rule matched this indication."
D005909,Glioblastoma,Glioblastoma,1,1,0,1,Pan-UKB::icd10|J45|both_sexes||,J45 Asthma,Pan-UKB,GRCh37,"CSA,EUR,MID",8.333333333333334,GBMI::Asthma,Asthma,GBMI,GRCh38,,8.333333333333334,Pan-UKB::phecode|250|both_sexes||,Diabetes mellitus,Pan-UKB,GRCh37,"CSA,EUR",6.75,Pan-UKB::phecode|411.4|both_sexes||,Coronary atherosclerosis,Pan-UKB,GRCh37,"CSA,EUR",6.666666666666666,Pan-UKB::phecode|740|both_sexes||,Osteoarthrosis,Pan-UKB,GRCh37,"EUR,MID",6.666666666666666,,,,,,,,,,,,,,,,,,,,,UNREVIEWED,,"No prespecified high-confidence clinical, biomarker, or verified GBMI endpoint rule matched this indication."
D006177,Gynecomastia,Gynecomastia,1,1,0,1,Pan-UKB::phecode|835|both_sexes||,Internal derangement of knee,Pan-UKB,GRCh37,"EUR,MID",7.647058823529411,GBMI::HF,Heart failure,GBMI,GRCh38,,7.5,Pan-UKB::phecode|306|both_sexes||,Other mental disorder,Pan-UKB,GRCh37,"EAS,EUR",6.818181818181818,Pan-UKB::icd10|K44|both_sexes||,K44 Diaphragmatic hernia,Pan-UKB,GRCh37,"EUR,MID",6.75,Pan-UKB::phecode|550.2|both_sexes||,Diaphragmatic hernia,Pan-UKB,GRCh37,"CSA,EUR,MID",6.75,,,,,,,,,,,,,,,,,,,,,UNREVIEWED,,"No prespecified high-confidence clinical, biomarker, or verified GBMI endpoint rule matched this indication."
D019337,Hematologic Neoplasms,Hematologic Neoplasms,1,1,0,1,GBMI::ThC,Thyroid cancer,GBMI,GRCh38,,52.05128205128205,GBMI::UtC,Uterine cancer,GBMI,GRCh38,,49.74358974358974,Pan-UKB::icd10|K42|both_sexes||,K42 Umbilical hernia,Pan-UKB,GRCh37,"CSA,EUR",7.105263157894736,Pan-UKB::phecode|550.4|both_sexes||,Umbilical hernia,Pan-UKB,GRCh37,"CSA,EUR",7.105263157894736,GBMI::AAA,Abdominal aortic aneurysm,GBMI,GRCh38,,7.105263157894736,,,,,,,,,,,,,,,,,,,,,UNREVIEWED,,"No prespecified high-confidence clinical, biomarker, or verified GBMI endpoint rule matched this indication."
D006432,Hemochromatosis,Hemochromatosis,1,1,0,1,Pan-UKB::phecode|250.2|both_sexes||,Type 2 diabetes,Pan-UKB,GRCh37,"CSA,EUR",51.66666666666666,Pan-UKB::phecode|250|both_sexes||,Diabetes mellitus,Pan-UKB,GRCh37,"CSA,EUR",51.04166666666666,GBMI::POAG,Primary open-angle glaucoma,GBMI,GRCh38,,44.8,Pan-UKB::icd10|E11|both_sexes||,E11 Non-insulin-dependent diabetes mellitus,Pan-UKB,GRCh37,"CSA,EUR",42.5,Pan-UKB::icd10|G47|both_sexes||,G47 Sleep disorders,Pan-UKB,GRCh37,"CSA,EUR",9.72972972972973,,,,,,,,,,,,,,,,,,,,,UNREVIEWED,,"No prespecified high-confidence clinical, biomarker, or verified GBMI endpoint rule matched this indication."
D006712,Homocystinuria,Homocystinuria,1,1,0,1,Pan-UKB::icd10|I25|both_sexes||,I25 Chronic ischaemic heart disease,Pan-UKB,GRCh37,"CSA,EUR",8.181818181818182,Pan-UKB::icd10|K21|both_sexes||,K21 Gastro-oesophageal reflux disease,Pan-UKB,GRCh37,"EUR,MID",7.215189873417722,GBMI::AcApp,Acute appendicitis,GBMI,GRCh38,,7.0588235294117645,Pan-UKB::phecode|550|both_sexes||,Abdominal hernia,Pan-UKB,GRCh37,"EAS,EUR",7.0,Pan-UKB::phecode|411.8|both_sexes||,"Other chronic ischemic heart disease, unspecified",Pan-UKB,GRCh37,"CSA,EAS,EUR",6.627906976744186,,,,,,,,,,,,,,,,,,,,,UNREVIEWED,,"No prespecified high-confidence clinical, biomarker, or verified GBMI endpoint rule matched this indication."
D008072,Hyperlipoproteinemia Type I,Hyperlipoproteinemia Type I,1,1,1,0,Pan-UKB::phecode|250.2|both_sexes||,Type 2 diabetes,Pan-UKB,GRCh37,"CSA,EUR",48.64341085271317,Pan-UKB::phecode|401.1|both_sexes||,Essential hypertension,Pan-UKB,GRCh37,"CSA,EUR",47.8066037735849,GBMI::IPF,Idiopathic pulmonary fibrosis,GBMI,GRCh38,,30.57142857142857,Pan-UKB::icd10|K42|both_sexes||,K42 Umbilical hernia,Pan-UKB,GRCh37,"CSA,EUR",9.0,Pan-UKB::phecode|550.4|both_sexes||,Umbilical hernia,Pan-UKB,GRCh37,"CSA,EUR",9.0,,,,,,,,,,,,,,,,,,,,,UNREVIEWED,,"No prespecified high-confidence clinical, biomarker, or verified GBMI endpoint rule matched this indication."
D049950,"Hyperparathyroidism, Primary","Hyperparathyroidism, Primary",1,1,1,0,GBMI::POAG,Primary open-angle glaucoma,GBMI,GRCh38,,44.77777777777778,Pan-UKB::phecode|716.9|both_sexes||,Arthropathy NOS,Pan-UKB,GRCh37,"EAS,EUR",7.142857142857142,Pan-UKB::phecode|411.4|both_sexes||,Coronary atherosclerosis,Pan-UKB,GRCh37,"CSA,EUR",7.0588235294117645,Pan-UKB::icd10|Z86|both_sexes||,Z86 Personal history of certain other diseases,Pan-UKB,GRCh37,"EUR,MID",6.857142857142857,GBMI::HCM,Hypertrophic cardiomyopathy,GBMI,GRCh38,,6.666666666666666,,,,,,,,,,,,,,,,,,,,,UNREVIEWED,,"No prespecified high-confidence clinical, biomarker, or verified GBMI endpoint rule matched this indication."
D006962,"Hyperparathyroidism, Secondary","Hyperparathyroidism, Secondary",1,1,1,0,Pan-UKB::phecode|411.4|both_sexes||,Coronary atherosclerosis,Pan-UKB,GRCh37,"CSA,EUR",7.924528301886792,Pan-UKB::phecode|740|both_sexes||,Osteoarthrosis,Pan-UKB,GRCh37,"EUR,MID",7.674418604651163,Pan-UKB::phecode|716.2|both_sexes||,Unspecified monoarthritis,Pan-UKB,GRCh37,"CSA,EAS,EUR,MID",7.222222222222221,Pan-UKB::icd10|Z86|both_sexes||,Z86 Personal history of certain other diseases,Pan-UKB,GRCh37,"EUR,MID",7.083333333333333,Pan-UKB::phecode|401.1|both_sexes||,Essential hypertension,Pan-UKB,GRCh37,"CSA,EUR",7.0588235294117645,,,,,,,,,,,,,,,,,,,,,UNREVIEWED,,"No prespecified high-confidence clinical, biomarker, or verified GBMI endpoint rule matched this indication."
D006980,Hyperthyroidism,Hyperthyroidism,1,1,0,1,GBMI::POAG,Primary open-angle glaucoma,GBMI,GRCh38,,44.2,Pan-UKB::phecode|740|both_sexes||,Osteoarthrosis,Pan-UKB,GRCh37,"EUR,MID",8.88888888888889,Pan-UKB::phecode|401|both_sexes||,Hypertension,Pan-UKB,GRCh37,"CSA,EUR",8.75,Pan-UKB::phecode|716|both_sexes||,Other arthropathies,Pan-UKB,GRCh37,"EAS,EUR",8.4375,GBMI::ThC,Thyroid cancer,GBMI,GRCh38,,8.076923076923077,,,,,,,,,,,,,,,,,,,,,UNREVIEWED,,"No prespecified high-confidence clinical, biomarker, or verified GBMI endpoint rule matched this indication."
D052456,Hypoalphalipoproteinemias,Hypoalphalipoproteinemias,1,1,0,1,GBMI::POAG,Primary open-angle glaucoma,GBMI,GRCh38,,43.5,Pan-UKB::icd10|I25|both_sexes||,I25 Chronic ischaemic heart disease,Pan-UKB,GRCh37,"CSA,EUR",7.846153846153847,Pan-UKB::icd10|Z86|both_sexes||,Z86 Personal history of certain other diseases,Pan-UKB,GRCh37,"EUR,MID",7.659574468085106,GBMI::COPD,Chronic obstructive pulmonary disease,GBMI,GRCh38,,7.605633802816901,Pan-UKB::icd10|J44|both_sexes||,J44 Other chronic obstructive pulmonary disease,Pan-UKB,GRCh37,"CSA,EUR",7.402597402597403,,,,,,,,,,,,,,,,,,,,,UNREVIEWED,,"No prespecified high-confidence clinical, biomarker, or verified GBMI endpoint rule matched this indication."
D007014,Hypophosphatasia,Hypophosphatasia,1,1,1,0,GBMI::HCM,Hypertrophic cardiomyopathy,GBMI,GRCh38,,6.976744186046512,Pan-UKB::icd10|K80|both_sexes||,K80 Cholelithiasis,Pan-UKB,GRCh37,"EAS,EUR",6.774193548387097,Pan-UKB::phecode|574.1|both_sexes||,Cholelithiasis,Pan-UKB,GRCh37,"EAS,EUR",6.774193548387097,Pan-UKB::phecode|401|both_sexes||,Hypertension,Pan-UKB,GRCh37,"CSA,EUR",6.428571428571428,Pan-UKB::phecode|740|both_sexes||,Osteoarthrosis,Pan-UKB,GRCh37,"EUR,MID",5.806451612903226,,,,,,,,,,,,,,,,,,,,,UNREVIEWED,,"No prespecified high-confidence clinical, biomarker, or verified GBMI endpoint rule matched this indication."
D007037,Hypothyroidism,Hypothyroidism,1,1,1,0,GBMI::POAG,Primary open-angle glaucoma,GBMI,GRCh38,,43.734693877551024,GBMI::ThC,Thyroid cancer,GBMI,GRCh38,,43.66666666666666,Pan-UKB::phecode|740|both_sexes||,Osteoarthrosis,Pan-UKB,GRCh37,"EUR,MID",8.68421052631579,Pan-UKB::phecode|411.4|both_sexes||,Coronary atherosclerosis,Pan-UKB,GRCh37,"CSA,EUR",8.125,Pan-UKB::phecode|716.2|both_sexes||,Unspecified monoarthritis,Pan-UKB,GRCh37,"CSA,EAS,EUR,MID",7.959183673469388,,,,,,,,,,,,,,,,,,,,,UNREVIEWED,,"No prespecified high-confidence clinical, biomarker, or verified GBMI endpoint rule matched this indication."
D020177,Idiopathic Hypersomnia,Idiopathic Hypersomnia,1,1,0,1,Pan-UKB::icd10|G47|both_sexes||,G47 Sleep disorders,Pan-UKB,GRCh37,"CSA,EUR",87.84482758620689,Pan-UKB::phecode|327|both_sexes||,Sleep disorders,Pan-UKB,GRCh37,"CSA,EUR",87.84482758620689,Pan-UKB::phecode|327.3|both_sexes||,Sleep apnea,Pan-UKB,GRCh37,"CSA,EUR",52.91666666666666,GBMI::IPF,Idiopathic pulmonary fibrosis,GBMI,GRCh38,,47.98076923076923,Pan-UKB::phecode|459|both_sexes||,Other disorders of circulatory system,Pan-UKB,GRCh37,"CSA,EUR",40.36821705426357,,,,,,,,,,,,,,,,,,,,,UNREVIEWED,,"No prespecified high-confidence clinical, biomarker, or verified GBMI endpoint rule matched this indication."
D055623,"Keratosis, Actinic","Keratosis, Actinic",1,1,0,1,Pan-UKB::phecode|496.2|both_sexes||,Chronic bronchitis,Pan-UKB,GRCh37,"CSA,EUR",7.7142857142857135,Pan-UKB::phecode|411|both_sexes||,Ischemic Heart Disease,Pan-UKB,GRCh37,"CSA,EUR",7.692307692307692,Pan-UKB::icd10|R07|both_sexes||,R07 Pain in throat and chest,Pan-UKB,GRCh37,"CSA,EUR",7.317073170731707,Pan-UKB::icd10|M16|both_sexes||,M16 Coxarthrosis [arthrosis of hip],Pan-UKB,GRCh37,"CSA,EUR",7.173913043478261,Pan-UKB::icd10|M17|both_sexes||,M17 Gonarthrosis [arthrosis of knee],Pan-UKB,GRCh37,"EUR,MID",7.0212765957446805,,,,,,,,,,,,,,,,,,,,,UNREVIEWED,,"No prespecified high-confidence clinical, biomarker, or verified GBMI endpoint rule matched this indication."
D007863,Lecithin Cholesterol Acyltransferase Deficiency,Lecithin Cholesterol Acyltransferase Deficiency,1,1,0,1,Pan-UKB::phecode|411|both_sexes||,Ischemic Heart Disease,Pan-UKB,GRCh37,"CSA,EUR",10.263157894736842,Pan-UKB::icd10|G47|both_sexes||,G47 Sleep disorders,Pan-UKB,GRCh37,"CSA,EUR",8.70967741935484,Pan-UKB::phecode|327|both_sexes||,Sleep disorders,Pan-UKB,GRCh37,"CSA,EUR",8.70967741935484,Pan-UKB::icd10|I25|both_sexes||,I25 Chronic ischaemic heart disease,Pan-UKB,GRCh37,"CSA,EUR",8.297872340425533,GBMI::COPD,Chronic obstructive pulmonary disease,GBMI,GRCh38,,7.800000000000001,,,,,,,,,,,,,,,,,,,,,UNREVIEWED,,"No prespecified high-confidence clinical, biomarker, or verified GBMI endpoint rule matched this indication."
D007889,Leiomyoma,Leiomyoma,1,1,1,0,GBMI::UtC,Uterine cancer,GBMI,GRCh38,,50.97701149425287,GBMI::IPF,Idiopathic pulmonary fibrosis,GBMI,GRCh38,,8.571428571428571,Pan-UKB::phecode|550|both_sexes||,Abdominal hernia,Pan-UKB,GRCh37,"EAS,EUR",7.741935483870968,GBMI::ThC,Thyroid cancer,GBMI,GRCh38,,7.5,Pan-UKB::icd10|F32|both_sexes||,F32 Depressive episode,Pan-UKB,GRCh37,"CSA,EUR",7.272727272727273,,,,,,,,,,,,,,,,,,,,,UNREVIEWED,,"No prespecified high-confidence clinical, biomarker, or verified GBMI endpoint rule matched this indication."
D007890,Leiomyosarcoma,Leiomyosarcoma,1,1,0,1,GBMI::POAG,Primary open-angle glaucoma,GBMI,GRCh38,,6.875,GBMI::HCM,Hypertrophic cardiomyopathy,GBMI,GRCh38,,6.25,Pan-UKB::phecode|740|both_sexes||,Osteoarthrosis,Pan-UKB,GRCh37,"EUR,MID",6.206896551724138,Pan-UKB::phecode|411|both_sexes||,Ischemic Heart Disease,Pan-UKB,GRCh37,"CSA,EUR",6.122448979591837,Pan-UKB::phecode|411.4|both_sexes||,Coronary atherosclerosis,Pan-UKB,GRCh37,"CSA,EUR",6.0,,,,,,,,,,,,,,,,,,,,,UNREVIEWED,,"No prespecified high-confidence clinical, biomarker, or verified GBMI endpoint rule matched this indication."
D015451,"Leukemia, Lymphocytic, Chronic, B-Cell","Leukemia, Lymphocytic, Chronic, B-Cell",1,1,1,0,Pan-UKB::phecode|496.2|both_sexes||,Chronic bronchitis,Pan-UKB,GRCh37,"CSA,EUR",47.32142857142857,Pan-UKB::icd10|I25|both_sexes||,I25 Chronic ischaemic heart disease,Pan-UKB,GRCh37,"CSA,EUR",35.79310344827586,GBMI::COPD,Chronic obstructive pulmonary disease,GBMI,GRCh38,,34.72727272727273,Pan-UKB::icd10|J44|both_sexes||,J44 Other chronic obstructive pulmonary disease,Pan-UKB,GRCh37,"CSA,EUR",34.083333333333336,Pan-UKB::phecode|496.21|both_sexes||,Obstructive chronic bronchitis,Pan-UKB,GRCh37,"CSA,EUR",34.0,,,,,,,,,,,,,,,,,,,,,UNREVIEWED,,"No prespecified high-confidence clinical, biomarker, or verified GBMI endpoint rule matched this indication."
D015464,"Leukemia, Myelogenous, Chronic, BCR-ABL Positive","Leukemia, Myelogenous, Chronic, BCR-ABL Positive",1,1,0,1,Pan-UKB::phecode|496.2|both_sexes||,Chronic bronchitis,Pan-UKB,GRCh37,"CSA,EUR",47.5,Pan-UKB::icd10|I25|both_sexes||,I25 Chronic ischaemic heart disease,Pan-UKB,GRCh37,"CSA,EUR",35.13559322033898,GBMI::COPD,Chronic obstructive pulmonary disease,GBMI,GRCh38,,34.84615384615385,Pan-UKB::phecode|496.21|both_sexes||,Obstructive chronic bronchitis,Pan-UKB,GRCh37,"CSA,EUR",34.62711864406779,Pan-UKB::icd10|J44|both_sexes||,J44 Other chronic obstructive pulmonary disease,Pan-UKB,GRCh37,"CSA,EUR",34.183098591549296,,,,,,,,,,,,,,,,,,,,,UNREVIEWED,,"No prespecified high-confidence clinical, biomarker, or verified GBMI endpoint rule matched this indication."
D008175,Lung Neoplasms,Lung Neoplasms,1,1,0,1,GBMI::UtC,Uterine cancer,GBMI,GRCh38,,52.46666666666666,GBMI::ThC,Thyroid cancer,GBMI,GRCh38,,50.06666666666666,GBMI::IPF,Idiopathic pulmonary fibrosis,GBMI,GRCh38,,47.047872340425535,GBMI::COPD,Chronic obstructive pulmonary disease,GBMI,GRCh38,,46.6745283018868,Pan-UKB::icd10|J44|both_sexes||,J44 Other chronic obstructive pulmonary disease,Pan-UKB,GRCh37,"CSA,EUR",45.25,,,,,,,,,,,,,,,,,,,,,UNREVIEWED,,"No prespecified high-confidence clinical, biomarker, or verified GBMI endpoint rule matched this indication."
D008223,Lymphoma,Lymphoma,1,1,0,1,Pan-UKB::icd10|J45|both_sexes||,J45 Asthma,Pan-UKB,GRCh37,"CSA,EUR,MID",7.142857142857142,GBMI::Asthma,Asthma,GBMI,GRCh38,,7.142857142857142,GBMI::HCM,Hypertrophic cardiomyopathy,GBMI,GRCh38,,6.73469387755102,Pan-UKB::phecode|785|both_sexes||,Abdominal pain,Pan-UKB,GRCh37,"CSA,EUR",6.666666666666666,GBMI::POAG,Primary open-angle glaucoma,GBMI,GRCh38,,6.666666666666666,,,,,,,,,,,,,,,,,,,,,UNREVIEWED,,"No prespecified high-confidence clinical, biomarker, or verified GBMI endpoint rule matched this indication."
D008224,"Lymphoma, Follicular","Lymphoma, Follicular",1,1,0,1,Pan-UKB::icd10|I25|both_sexes||,I25 Chronic ischaemic heart disease,Pan-UKB,GRCh37,"CSA,EUR",8.653846153846153,Pan-UKB::phecode|530|both_sexes||,Diseases of esophagus,Pan-UKB,GRCh37,"EUR,MID",7.857142857142858,Pan-UKB::icd10|K42|both_sexes||,K42 Umbilical hernia,Pan-UKB,GRCh37,"CSA,EUR",7.297297297297297,Pan-UKB::phecode|550.4|both_sexes||,Umbilical hernia,Pan-UKB,GRCh37,"CSA,EUR",7.297297297297297,GBMI::AAA,Abdominal aortic aneurysm,GBMI,GRCh38,,6.79245283018868,,,,,,,,,,,,,,,,,,,,,UNREVIEWED,,"No prespecified high-confidence clinical, biomarker, or verified GBMI endpoint rule matched this indication."
D008527,Medulloblastoma,Medulloblastoma,1,1,0,1,GBMI::IPF,Idiopathic pulmonary fibrosis,GBMI,GRCh38,,7.241379310344828,Pan-UKB::icd10|J45|both_sexes||,J45 Asthma,Pan-UKB,GRCh37,"CSA,EUR,MID",7.142857142857142,GBMI::Asthma,Asthma,GBMI,GRCh38,,7.142857142857142,GBMI::VTE,Venous thromboembolism,GBMI,GRCh38,,6.75,Pan-UKB::phecode|530|both_sexes||,Diseases of esophagus,Pan-UKB,GRCh37,"EUR,MID",6.6,,,,,,,,,,,,,,,,,,,,,UNREVIEWED,,"No prespecified high-confidence clinical, biomarker, or verified GBMI endpoint rule matched this indication."
D008659,Metabolic Diseases,Metabolic Diseases,1,1,0,1,Pan-UKB::phecode|272|both_sexes||,Disorders of lipoid metabolism,Pan-UKB,GRCh37,"CSA,EUR",8.936170212765957,Pan-UKB::phecode|250|both_sexes||,Diabetes mellitus,Pan-UKB,GRCh37,"CSA,EUR",8.571428571428571,Pan-UKB::phecode|411|both_sexes||,Ischemic Heart Disease,Pan-UKB,GRCh37,"CSA,EUR",8.461538461538462,Pan-UKB::phecode|530|both_sexes||,Diseases of esophagus,Pan-UKB,GRCh37,"EUR,MID",8.461538461538462,Pan-UKB::phecode|306|both_sexes||,Other mental disorder,Pan-UKB,GRCh37,"EAS,EUR",7.894736842105263,,,,,,,,,,,,,,,,,,,,,UNREVIEWED,,"No prespecified high-confidence clinical, biomarker, or verified GBMI endpoint rule matched this indication."
D009196,Myeloproliferative Disorders,Myeloproliferative Disorders,1,1,0,1,Pan-UKB::icd10|F32|both_sexes||,F32 Depressive episode,Pan-UKB,GRCh37,"CSA,EUR",8.666666666666666,Pan-UKB::phecode|317|both_sexes||,Alcohol-related disorders,Pan-UKB,GRCh37,"AFR,EUR",8.49056603773585,Pan-UKB::icd10|G47|both_sexes||,G47 Sleep disorders,Pan-UKB,GRCh37,"CSA,EUR",8.372093023255815,Pan-UKB::phecode|327|both_sexes||,Sleep disorders,Pan-UKB,GRCh37,"CSA,EUR",8.372093023255815,Pan-UKB::phecode|306|both_sexes||,Other mental disorder,Pan-UKB,GRCh37,"EAS,EUR",8.125,,,,,,,,,,,,,,,,,,,,,UNREVIEWED,,"No prespecified high-confidence clinical, biomarker, or verified GBMI endpoint rule matched this indication."
D009223,Myotonic Dystrophy,Myotonic Dystrophy,1,1,0,1,Pan-UKB::phecode|411|both_sexes||,Ischemic Heart Disease,Pan-UKB,GRCh37,"CSA,EUR",11.052631578947368,Pan-UKB::icd10|I25|both_sexes||,I25 Chronic ischaemic heart disease,Pan-UKB,GRCh37,"CSA,EUR",8.936170212765957,Pan-UKB::icd10|G47|both_sexes||,G47 Sleep disorders,Pan-UKB,GRCh37,"CSA,EUR",8.70967741935484,Pan-UKB::phecode|327|both_sexes||,Sleep disorders,Pan-UKB,GRCh37,"CSA,EUR",8.70967741935484,Pan-UKB::phecode|716|both_sexes||,Other arthropathies,Pan-UKB,GRCh37,"EAS,EUR",8.68421052631579,,,,,,,,,,,,,,,,,,,,,UNREVIEWED,,"No prespecified high-confidence clinical, biomarker, or verified GBMI endpoint rule matched this indication."
D009303,Nasopharyngeal Neoplasms,Nasopharyngeal Neoplasms,1,1,0,1,GBMI::UtC,Uterine cancer,GBMI,GRCh38,,49.38095238095238,GBMI::ThC,Thyroid cancer,GBMI,GRCh38,,49.16666666666666,Pan-UKB::icd10|K21|both_sexes||,K21 Gastro-oesophageal reflux disease,Pan-UKB,GRCh37,"EUR,MID",8.035714285714285,Pan-UKB::phecode|530|both_sexes||,Diseases of esophagus,Pan-UKB,GRCh37,"EUR,MID",7.857142857142858,Pan-UKB::phecode|594|both_sexes||,Urinary calculus,Pan-UKB,GRCh37,"CSA,EUR",7.7142857142857135,,,,,,,,,,,,,,,,,,,,,UNREVIEWED,,"No prespecified high-confidence clinical, biomarker, or verified GBMI endpoint rule matched this indication."
D018307,"Neoplasms, Squamous Cell","Neoplasms, Squamous Cell",1,1,0,1,GBMI::UtC,Uterine cancer,GBMI,GRCh38,,46.69117647058823,GBMI::ThC,Thyroid cancer,GBMI,GRCh38,,45.80882352941177,GBMI::AAA,Abdominal aortic aneurysm,GBMI,GRCh38,,6.521739130434782,Pan-UKB::phecode|530|both_sexes||,Diseases of esophagus,Pan-UKB,GRCh37,"EUR,MID",6.428571428571428,Pan-UKB::phecode|250|both_sexes||,Diabetes mellitus,Pan-UKB,GRCh37,"CSA,EUR",6.315789473684211,,,,,,,,,,,,,,,,,,,,,UNREVIEWED,,"No prespecified high-confidence clinical, biomarker, or verified GBMI endpoint rule matched this indication."
D009437,Neuralgia,Neuralgia,1,1,0,1,Pan-UKB::phecode|760|both_sexes||,Back pain,Pan-UKB,GRCh37,"CSA,EUR",50.06666666666666,Pan-UKB::phecode|785|both_sexes||,Abdominal pain,Pan-UKB,GRCh37,"CSA,EUR",49.16666666666666,Pan-UKB::icd10|R07|both_sexes||,R07 Pain in throat and chest,Pan-UKB,GRCh37,"CSA,EUR",47.0,Pan-UKB::phecode|418|both_sexes||,Nonspecific chest pain,Pan-UKB,GRCh37,"CSA,EUR",46.25,Pan-UKB::phecode|716.9|both_sexes||,Arthropathy NOS,Pan-UKB,GRCh37,"EAS,EUR",8.4375,,,,,,,,,,,,,,,,,,,,,UNREVIEWED,,"No prespecified high-confidence clinical, biomarker, or verified GBMI endpoint rule matched this indication."
D018242,"Neuroectodermal Tumors, Primitive","Neuroectodermal Tumors, Primitive",1,1,0,1,GBMI::Appendectomy,Appendectomy,GBMI,GRCh38,,7.5,Pan-UKB::icd10|K80|both_sexes||,K80 Cholelithiasis,Pan-UKB,GRCh37,"EAS,EUR",7.272727272727273,Pan-UKB::phecode|574.1|both_sexes||,Cholelithiasis,Pan-UKB,GRCh37,"EAS,EUR",7.272727272727273,Pan-UKB::icd10|J45|both_sexes||,J45 Asthma,Pan-UKB,GRCh37,"CSA,EUR,MID",7.142857142857142,GBMI::Asthma,Asthma,GBMI,GRCh38,,7.142857142857142,,,,,,,,,,,,,,,,,,,,,UNREVIEWED,,"No prespecified high-confidence clinical, biomarker, or verified GBMI endpoint rule matched this indication."
D009293,Opioid-Related Disorders,Opioid-Related Disorders,1,1,1,0,Pan-UKB::phecode|317|both_sexes||,Alcohol-related disorders,Pan-UKB,GRCh37,"AFR,EUR",53.91156462585034,Pan-UKB::phecode|318|both_sexes||,Tobacco use disorder,Pan-UKB,GRCh37,"EAS,EUR",53.20512820512821,Pan-UKB::phecode|530.1|both_sexes||,"Esophagitis, GERD and related diseases",Pan-UKB,GRCh37,"EUR,MID",48.09426229508197,Pan-UKB::icd10|Z72|both_sexes||,Z72 Problems related to lifestyle,Pan-UKB,GRCh37,"AFR,EUR",44.5,Pan-UKB::icd10|F17|both_sexes||,F17 Mental and behavioural disorders due to use of tobacco,Pan-UKB,GRCh37,"EAS,EUR",40.75342465753425,,,,,,,,,,,,,,,,,,,,,UNREVIEWED,,"No prespecified high-confidence clinical, biomarker, or verified GBMI endpoint rule matched this indication."
D016584,Panic Disorder,Panic Disorder,1,1,0,1,Pan-UKB::icd10|G47|both_sexes||,G47 Sleep disorders,Pan-UKB,GRCh37,"CSA,EUR",11.0,Pan-UKB::phecode|327|both_sexes||,Sleep disorders,Pan-UKB,GRCh37,"CSA,EUR",11.0,Pan-UKB::phecode|760|both_sexes||,Back pain,Pan-UKB,GRCh37,"CSA,EUR",10.0,Pan-UKB::phecode|318|both_sexes||,Tobacco use disorder,Pan-UKB,GRCh37,"EAS,EUR",9.705882352941178,Pan-UKB::phecode|317|both_sexes||,Alcohol-related disorders,Pan-UKB,GRCh37,"AFR,EUR",9.0,,,,,,,,,,,,,,,,,,,,,UNREVIEWED,,"No prespecified high-confidence clinical, biomarker, or verified GBMI endpoint rule matched this indication."
D010493,Pericarditis,Pericarditis,1,1,0,1,Pan-UKB::phecode|496.2|both_sexes||,Chronic bronchitis,Pan-UKB,GRCh37,"CSA,EUR",8.0,GBMI::AcApp,Acute appendicitis,GBMI,GRCh38,,8.0,GBMI::HCM,Hypertrophic cardiomyopathy,GBMI,GRCh38,,8.0,Pan-UKB::phecode|716.2|both_sexes||,Unspecified monoarthritis,Pan-UKB,GRCh37,"CSA,EAS,EUR,MID",7.297297297297297,Pan-UKB::phecode|411|both_sexes||,Ischemic Heart Disease,Pan-UKB,GRCh37,"CSA,EUR",7.0588235294117645,,,,,,,,,,,,,,,,,,,,,UNREVIEWED,,"No prespecified high-confidence clinical, biomarker, or verified GBMI endpoint rule matched this indication."
D016491,Peripheral Vascular Diseases,Peripheral Vascular Diseases,1,1,0,1,Pan-UKB::icd10|Z95|both_sexes||,Z95 Presence of cardiac and vascular implants and grafts,Pan-UKB,GRCh37,"CSA,EUR",42.28902953586498,Pan-UKB::phecode|716|both_sexes||,Other arthropathies,Pan-UKB,GRCh37,"EAS,EUR",9.285714285714286,Pan-UKB::phecode|411|both_sexes||,Ischemic Heart Disease,Pan-UKB,GRCh37,"CSA,EUR",8.571428571428571,Pan-UKB::phecode|530|both_sexes||,Diseases of esophagus,Pan-UKB,GRCh37,"EUR,MID",8.571428571428571,GBMI::HCM,Hypertrophic cardiomyopathy,GBMI,GRCh38,,8.125,,,,,,,,,,,,,,,,,,,,,UNREVIEWED,,"No prespecified high-confidence clinical, biomarker, or verified GBMI endpoint rule matched this indication."
D000072861,"Phobia, Social","Phobia, Social",1,1,0,1,Pan-UKB::icd10|G47|both_sexes||,G47 Sleep disorders,Pan-UKB,GRCh37,"CSA,EUR",10.0,Pan-UKB::phecode|327|both_sexes||,Sleep disorders,Pan-UKB,GRCh37,"CSA,EUR",10.0,Pan-UKB::phecode|317|both_sexes||,Alcohol-related disorders,Pan-UKB,GRCh37,"AFR,EUR",9.183673469387756,Pan-UKB::phecode|550|both_sexes||,Abdominal hernia,Pan-UKB,GRCh37,"EAS,EUR",8.275862068965518,Pan-UKB::phecode|306|both_sexes||,Other mental disorder,Pan-UKB,GRCh37,"EAS,EUR",8.181818181818182,,,,,,,,,,,,,,,,,,,,,UNREVIEWED,,"No prespecified high-confidence clinical, biomarker, or verified GBMI endpoint rule matched this indication."
D010787,Photosensitivity Disorders,Photosensitivity Disorders,1,1,0,1,Pan-UKB::phecode|496.2|both_sexes||,Chronic bronchitis,Pan-UKB,GRCh37,"CSA,EUR",47.61363636363636,Pan-UKB::phecode|496.21|both_sexes||,Obstructive chronic bronchitis,Pan-UKB,GRCh37,"CSA,EUR",35.27586206896552,Pan-UKB::icd10|I25|both_sexes||,I25 Chronic ischaemic heart disease,Pan-UKB,GRCh37,"CSA,EUR",35.13559322033898,GBMI::COPD,Chronic obstructive pulmonary disease,GBMI,GRCh38,,34.84615384615385,Pan-UKB::icd10|J44|both_sexes||,J44 Other chronic obstructive pulmonary disease,Pan-UKB,GRCh37,"CSA,EUR",34.183098591549296,,,,,,,,,,,,,,,,,,,,,UNREVIEWED,,"No prespecified high-confidence clinical, biomarker, or verified GBMI endpoint rule matched this indication."
D010916,Pityriasis Rubra Pilaris,Pityriasis Rubra Pilaris,1,1,0,1,Pan-UKB::phecode|530.1|both_sexes||,"Esophagitis, GERD and related diseases",Pan-UKB,GRCh37,"EUR,MID",5.901639344262295,Pan-UKB::icd10|M16|both_sexes||,M16 Coxarthrosis [arthrosis of hip],Pan-UKB,GRCh37,"CSA,EUR",5.660377358490567,Pan-UKB::phecode|960|both_sexes||,Poisoning by antibiotics,Pan-UKB,GRCh37,"CSA,EUR",5.625,Pan-UKB::icd10|M17|both_sexes||,M17 Gonarthrosis [arthrosis of knee],Pan-UKB,GRCh37,"EUR,MID",5.555555555555555,Pan-UKB::icd10|K80|both_sexes||,K80 Cholelithiasis,Pan-UKB,GRCh37,"EAS,EUR",5.526315789473684,,,,,,,,,,,,,,,,,,,,,UNREVIEWED,,"No prespecified high-confidence clinical, biomarker, or verified GBMI endpoint rule matched this indication."
D011085,Polycystic Ovary Syndrome,Polycystic Ovary Syndrome,1,1,1,0,Pan-UKB::phecode|411.4|both_sexes||,Coronary atherosclerosis,Pan-UKB,GRCh37,"CSA,EUR",9.285714285714286,Pan-UKB::phecode|306|both_sexes||,Other mental disorder,Pan-UKB,GRCh37,"EAS,EUR",8.0,Pan-UKB::phecode|411|both_sexes||,Ischemic Heart Disease,Pan-UKB,GRCh37,"CSA,EUR",7.857142857142858,GBMI::AAA,Abdominal aortic aneurysm,GBMI,GRCh38,,7.199999999999999,Pan-UKB::phecode|496.2|both_sexes||,Chronic bronchitis,Pan-UKB,GRCh37,"CSA,EUR",7.105263157894736,,,,,,,,,,,,,,,,,,,,,UNREVIEWED,,"No prespecified high-confidence clinical, biomarker, or verified GBMI endpoint rule matched this indication."
D054198,Precursor Cell Lymphoblastic Leukemia-Lymphoma,Precursor Cell Lymphoblastic Leukemia-Lymphoma,1,1,0,1,GBMI::AcApp,Acute appendicitis,GBMI,GRCh38,,45.56818181818182,Pan-UKB::icd10|K44|both_sexes||,K44 Diaphragmatic hernia,Pan-UKB,GRCh37,"EUR,MID",7.142857142857142,Pan-UKB::phecode|550.2|both_sexes||,Diaphragmatic hernia,Pan-UKB,GRCh37,"CSA,EUR,MID",7.142857142857142,GBMI::ThC,Thyroid cancer,GBMI,GRCh38,,6.486486486486487,GBMI::AAA,Abdominal aortic aneurysm,GBMI,GRCh38,,6.470588235294118,,,,,,,,,,,,,,,,,,,,,UNREVIEWED,,"No prespecified high-confidence clinical, biomarker, or verified GBMI endpoint rule matched this indication."
D055728,Primary Myelofibrosis,Primary Myelofibrosis,1,1,1,0,GBMI::IPF,Idiopathic pulmonary fibrosis,GBMI,GRCh38,,50.63679245283019,Pan-UKB::phecode|496.2|both_sexes||,Chronic bronchitis,Pan-UKB,GRCh37,"CSA,EUR",46.55,GBMI::POAG,Primary open-angle glaucoma,GBMI,GRCh38,,42.625,Pan-UKB::icd10|I25|both_sexes||,I25 Chronic ischaemic heart disease,Pan-UKB,GRCh37,"CSA,EUR",35.095238095238095,Pan-UKB::phecode|496.21|both_sexes||,Obstructive chronic bronchitis,Pan-UKB,GRCh37,"CSA,EUR",33.29032258064516,,,,,,,,,,,,,,,,,,,,,UNREVIEWED,,"No prespecified high-confidence clinical, biomarker, or verified GBMI endpoint rule matched this indication."
D011470,Prostatic Hyperplasia,Prostatic Hyperplasia,1,1,1,0,Pan-UKB::phecode|716|both_sexes||,Other arthropathies,Pan-UKB,GRCh37,"EAS,EUR",9.285714285714286,GBMI::HCM,Hypertrophic cardiomyopathy,GBMI,GRCh38,,9.0,Pan-UKB::icd10|K44|both_sexes||,K44 Diaphragmatic hernia,Pan-UKB,GRCh37,"EUR,MID",8.780487804878048,Pan-UKB::phecode|550.2|both_sexes||,Diaphragmatic hernia,Pan-UKB,GRCh37,"CSA,EUR,MID",8.780487804878048,Pan-UKB::phecode|785|both_sexes||,Abdominal pain,Pan-UKB,GRCh37,"CSA,EUR",8.70967741935484,,,,,,,,,,,,,,,,,,,,,UNREVIEWED,,"No prespecified high-confidence clinical, biomarker, or verified GBMI endpoint rule matched this indication."
D011628,"Puberty, Delayed","Puberty, Delayed",1,1,1,0,Pan-UKB::phecode|411|both_sexes||,Ischemic Heart Disease,Pan-UKB,GRCh37,"CSA,EUR",6.486486486486487,Pan-UKB::icd10|E11|both_sexes||,E11 Non-insulin-dependent diabetes mellitus,Pan-UKB,GRCh37,"CSA,EUR",6.206896551724138,Pan-UKB::icd10|E66|both_sexes||,E66 Obesity,Pan-UKB,GRCh37,"EUR,MID",6.206896551724138,Pan-UKB::icd10|F17|both_sexes||,F17 Mental and behavioural disorders due to use of tobacco,Pan-UKB,GRCh37,"EAS,EUR",6.206896551724138,Pan-UKB::icd10|F32|both_sexes||,F32 Depressive episode,Pan-UKB,GRCh37,"CSA,EUR",6.206896551724138,,,,,,,,,,,,,,,,,,,,,UNREVIEWED,,"No prespecified high-confidence clinical, biomarker, or verified GBMI endpoint rule matched this indication."
D012164,Retinal Diseases,Retinal Diseases,1,1,0,1,Pan-UKB::phecode|530|both_sexes||,Diseases of esophagus,Pan-UKB,GRCh37,"EUR,MID",8.91891891891892,Pan-UKB::phecode|306|both_sexes||,Other mental disorder,Pan-UKB,GRCh37,"EAS,EUR",8.333333333333334,Pan-UKB::phecode|411|both_sexes||,Ischemic Heart Disease,Pan-UKB,GRCh37,"CSA,EUR",8.108108108108109,GBMI::COPD,Chronic obstructive pulmonary disease,GBMI,GRCh38,,7.5,Pan-UKB::phecode|250|both_sexes||,Diabetes mellitus,Pan-UKB,GRCh37,"CSA,EUR",7.272727272727273,,,,,,,,,,,,,,,,,,,,,UNREVIEWED,,"No prespecified high-confidence clinical, biomarker, or verified GBMI endpoint rule matched this indication."
D012170,Retinal Vein Occlusion,Retinal Vein Occlusion,1,1,0,1,Pan-UKB::icd10|I83|both_sexes||,I83 Varicose veins of lower extremities,Pan-UKB,GRCh37,"AFR,EUR",32.675438596491226,Pan-UKB::phecode|454.1|both_sexes||,Varicose veins of lower extremity,Pan-UKB,GRCh37,"AFR,EUR",32.378787878787875,GBMI::VTE,Venous thromboembolism,GBMI,GRCh38,,8.666666666666666,Pan-UKB::phecode|401.1|both_sexes||,Essential hypertension,Pan-UKB,GRCh37,"CSA,EUR",8.181818181818182,Pan-UKB::phecode|496.2|both_sexes||,Chronic bronchitis,Pan-UKB,GRCh37,"CSA,EUR",7.692307692307692,,,,,,,,,,,,,,,,,,,,,UNREVIEWED,,"No prespecified high-confidence clinical, biomarker, or verified GBMI endpoint rule matched this indication."
D012208,Rhabdomyosarcoma,Rhabdomyosarcoma,1,1,0,1,Pan-UKB::phecode|550|both_sexes||,Abdominal hernia,Pan-UKB,GRCh37,"EAS,EUR",7.5,Pan-UKB::phecode|785|both_sexes||,Abdominal pain,Pan-UKB,GRCh37,"CSA,EUR",7.0,GBMI::HCM,Hypertrophic cardiomyopathy,GBMI,GRCh38,,6.279069767441861,GBMI::AAA,Abdominal aortic aneurysm,GBMI,GRCh38,,5.853658536585366,Pan-UKB::phecode|716.9|both_sexes||,Arthropathy NOS,Pan-UKB,GRCh37,"EAS,EUR",5.806451612903226,,,,,,,,,,,,,,,,,,,,,UNREVIEWED,,"No prespecified high-confidence clinical, biomarker, or verified GBMI endpoint rule matched this indication."
D012220,Rhinitis,Rhinitis,1,1,0,1,Pan-UKB::phecode|496.2|both_sexes||,Chronic bronchitis,Pan-UKB,GRCh37,"CSA,EUR",6.923076923076923,Pan-UKB::phecode|716.9|both_sexes||,Arthropathy NOS,Pan-UKB,GRCh37,"EAS,EUR",6.428571428571428,Pan-UKB::phecode|740|both_sexes||,Osteoarthrosis,Pan-UKB,GRCh37,"EUR,MID",6.428571428571428,Pan-UKB::phecode|411.4|both_sexes||,Coronary atherosclerosis,Pan-UKB,GRCh37,"CSA,EUR",6.315789473684211,Pan-UKB::phecode|496.21|both_sexes||,Obstructive chronic bronchitis,Pan-UKB,GRCh37,"CSA,EUR",6.315789473684211,,,,,,,,,,,,,,,,,,,,,UNREVIEWED,,"No prespecified high-confidence clinical, biomarker, or verified GBMI endpoint rule matched this indication."
D012507,Sarcoidosis,Sarcoidosis,1,1,0,1,Pan-UKB::phecode|530|both_sexes||,Diseases of esophagus,Pan-UKB,GRCh37,"EUR,MID",9.473684210526317,Pan-UKB::phecode|411|both_sexes||,Ischemic Heart Disease,Pan-UKB,GRCh37,"CSA,EUR",9.230769230769232,Pan-UKB::icd10|I25|both_sexes||,I25 Chronic ischaemic heart disease,Pan-UKB,GRCh37,"CSA,EUR",8.75,Pan-UKB::phecode|740|both_sexes||,Osteoarthrosis,Pan-UKB,GRCh37,"EUR,MID",8.4,Pan-UKB::phecode|760|both_sexes||,Back pain,Pan-UKB,GRCh37,"CSA,EUR",8.181818181818182,,,,,,,,,,,,,,,,,,,,,UNREVIEWED,,"No prespecified high-confidence clinical, biomarker, or verified GBMI endpoint rule matched this indication."
D020178,"Sleep Disorders, Circadian Rhythm","Sleep Disorders, Circadian Rhythm",1,1,1,0,Pan-UKB::icd10|G47|both_sexes||,G47 Sleep disorders,Pan-UKB,GRCh37,"CSA,EUR",127.64227642276424,Pan-UKB::phecode|327|both_sexes||,Sleep disorders,Pan-UKB,GRCh37,"CSA,EUR",127.64227642276424,Pan-UKB::phecode|327.3|both_sexes||,Sleep apnea,Pan-UKB,GRCh37,"CSA,EUR",45.41666666666666,Pan-UKB::icd10|E11|both_sexes||,E11 Non-insulin-dependent diabetes mellitus,Pan-UKB,GRCh37,"CSA,EUR",21.460317460317462,Pan-UKB::phecode|459|both_sexes||,Other disorders of circulatory system,Pan-UKB,GRCh37,"CSA,EUR",9.130434782608695,,,,,,,,,,,,,,,,,,,,,UNREVIEWED,,"No prespecified high-confidence clinical, biomarker, or verified GBMI endpoint rule matched this indication."
D055752,Small Cell Lung Carcinoma,Small Cell Lung Carcinoma,1,1,0,1,GBMI::UtC,Uterine cancer,GBMI,GRCh38,,45.82352941176471,GBMI::ThC,Thyroid cancer,GBMI,GRCh38,,44.05882352941177,GBMI::POAG,Primary open-angle glaucoma,GBMI,GRCh38,,6.923076923076923,Pan-UKB::icd10|N20|both_sexes||,N20 Calculus of kidney and ureter,Pan-UKB,GRCh37,"CSA,EUR",6.470588235294118,Pan-UKB::phecode|835|both_sexes||,Internal derangement of knee,Pan-UKB,GRCh37,"EUR,MID",6.315789473684211,,,,,,,,,,,,,,,,,,,,,UNREVIEWED,,"No prespecified high-confidence clinical, biomarker, or verified GBMI endpoint rule matched this indication."
D058496,Smith-Magenis Syndrome,Smith-Magenis Syndrome,1,1,1,0,Pan-UKB::phecode|306|both_sexes||,Other mental disorder,Pan-UKB,GRCh37,"EAS,EUR",6.976744186046512,Pan-UKB::icd10|K80|both_sexes||,K80 Cholelithiasis,Pan-UKB,GRCh37,"EAS,EUR",6.666666666666666,Pan-UKB::phecode|574.1|both_sexes||,Cholelithiasis,Pan-UKB,GRCh37,"EAS,EUR",6.666666666666666,Pan-UKB::phecode|411|both_sexes||,Ischemic Heart Disease,Pan-UKB,GRCh37,"CSA,EUR",6.136363636363637,Pan-UKB::icd10|F32|both_sexes||,F32 Depressive episode,Pan-UKB,GRCh37,"CSA,EUR",6.0,,,,,,,,,,,,,,,,,,,,,UNREVIEWED,,"No prespecified high-confidence clinical, biomarker, or verified GBMI endpoint rule matched this indication."
D013276,Stomach Ulcer,Stomach Ulcer,1,1,0,1,GBMI::UtC,Uterine cancer,GBMI,GRCh38,,7.777777777777778,Pan-UKB::phecode|740|both_sexes||,Osteoarthrosis,Pan-UKB,GRCh37,"EUR,MID",7.5,Pan-UKB::icd10|K44|both_sexes||,K44 Diaphragmatic hernia,Pan-UKB,GRCh37,"EUR,MID",7.272727272727273,Pan-UKB::phecode|318|both_sexes||,Tobacco use disorder,Pan-UKB,GRCh37,"EAS,EUR",7.272727272727273,Pan-UKB::phecode|550.2|both_sexes||,Diaphragmatic hernia,Pan-UKB,GRCh37,"CSA,EUR,MID",7.272727272727273,,,,,,,,,,,,,,,,,,,,,UNREVIEWED,,"No prespecified high-confidence clinical, biomarker, or verified GBMI endpoint rule matched this indication."
D019966,Substance-Related Disorders,Substance-Related Disorders,1,1,0,1,Pan-UKB::phecode|306|both_sexes||,Other mental disorder,Pan-UKB,GRCh37,"EAS,EUR",77.32142857142857,Pan-UKB::phecode|317|both_sexes||,Alcohol-related disorders,Pan-UKB,GRCh37,"AFR,EUR",53.20512820512821,Pan-UKB::phecode|318|both_sexes||,Tobacco use disorder,Pan-UKB,GRCh37,"EAS,EUR",53.09523809523809,Pan-UKB::phecode|530.1|both_sexes||,"Esophagitis, GERD and related diseases",Pan-UKB,GRCh37,"EUR,MID",47.1875,Pan-UKB::icd10|Z72|both_sexes||,Z72 Problems related to lifestyle,Pan-UKB,GRCh37,"AFR,EUR",44.09090909090909,,,,,,,,,,,,,,,,,,,,,UNREVIEWED,,"No prespecified high-confidence clinical, biomarker, or verified GBMI endpoint rule matched this indication."
D017180,"Tachycardia, Ventricular","Tachycardia, Ventricular",1,1,1,0,GBMI::IPF,Idiopathic pulmonary fibrosis,GBMI,GRCh38,,35.90625,GBMI::HCM,Hypertrophic cardiomyopathy,GBMI,GRCh38,,7.868852459016394,Pan-UKB::phecode|716|both_sexes||,Other arthropathies,Pan-UKB,GRCh37,"EAS,EUR",7.358490566037735,Pan-UKB::icd10|K44|both_sexes||,K44 Diaphragmatic hernia,Pan-UKB,GRCh37,"EUR,MID",7.222222222222221,Pan-UKB::phecode|550.2|both_sexes||,Diaphragmatic hernia,Pan-UKB,GRCh37,"CSA,EUR,MID",7.222222222222221,,,,,,,,,,,,,,,,,,,,,UNREVIEWED,,"No prespecified high-confidence clinical, biomarker, or verified GBMI endpoint rule matched this indication."
D013625,Takayasu Arteritis,Takayasu Arteritis,1,1,0,1,Pan-UKB::phecode|411|both_sexes||,Ischemic Heart Disease,Pan-UKB,GRCh37,"CSA,EUR",8.461538461538462,Pan-UKB::icd10|G47|both_sexes||,G47 Sleep disorders,Pan-UKB,GRCh37,"CSA,EUR",8.4375,Pan-UKB::phecode|327|both_sexes||,Sleep disorders,Pan-UKB,GRCh37,"CSA,EUR",8.4375,Pan-UKB::phecode|558|both_sexes||,Noninfectious gastroenteritis,Pan-UKB,GRCh37,"CSA,EUR",8.125,Pan-UKB::phecode|530|both_sexes||,Diseases of esophagus,Pan-UKB,GRCh37,"EUR,MID",8.108108108108109,,,,,,,,,,,,,,,,,,,,,UNREVIEWED,,"No prespecified high-confidence clinical, biomarker, or verified GBMI endpoint rule matched this indication."
D013924,Thrombophlebitis,Thrombophlebitis,1,1,1,0,Pan-UKB::phecode|496.2|both_sexes||,Chronic bronchitis,Pan-UKB,GRCh37,"CSA,EUR",8.823529411764707,GBMI::VTE,Venous thromboembolism,GBMI,GRCh38,,7.894736842105263,Pan-UKB::phecode|716|both_sexes||,Other arthropathies,Pan-UKB,GRCh37,"EAS,EUR",7.297297297297297,Pan-UKB::phecode|496.21|both_sexes||,Obstructive chronic bronchitis,Pan-UKB,GRCh37,"CSA,EUR",7.173913043478261,GBMI::ThC,Thyroid cancer,GBMI,GRCh38,,6.5625,,,,,,,,,,,,,,,,,,,,,UNREVIEWED,,"No prespecified high-confidence clinical, biomarker, or verified GBMI endpoint rule matched this indication."
D001749,Urinary Bladder Neoplasms,Urinary Bladder Neoplasms,1,1,1,0,GBMI::UtC,Uterine cancer,GBMI,GRCh38,,51.30952380952381,GBMI::ThC,Thyroid cancer,GBMI,GRCh38,,50.238095238095234,Pan-UKB::phecode|594|both_sexes||,Urinary calculus,Pan-UKB,GRCh37,"CSA,EUR",47.43421052631579,Pan-UKB::phecode|411.4|both_sexes||,Coronary atherosclerosis,Pan-UKB,GRCh37,"CSA,EUR",7.959183673469388,Pan-UKB::phecode|594.1|both_sexes||,Calculus of kidney,Pan-UKB,GRCh37,"CSA,EUR",7.7142857142857135,,,,,,,,,,,,,,,,,,,,,UNREVIEWED,,"No prespecified high-confidence clinical, biomarker, or verified GBMI endpoint rule matched this indication."
D014647,Varicose Ulcer,Varicose Ulcer,1,1,0,1,Pan-UKB::phecode|401|both_sexes||,Hypertension,Pan-UKB,GRCh37,"CSA,EUR",126.3963963963964,GBMI::VTE,Venous thromboembolism,GBMI,GRCh38,,49.38095238095238,Pan-UKB::phecode|401.1|both_sexes||,Essential hypertension,Pan-UKB,GRCh37,"CSA,EUR",49.375,Pan-UKB::icd10|I83|both_sexes||,I83 Varicose veins of lower extremities,Pan-UKB,GRCh37,"AFR,EUR",44.8,Pan-UKB::phecode|454.1|both_sexes||,Varicose veins of lower extremity,Pan-UKB,GRCh37,"AFR,EUR",44.659574468085104,,,,,,,,,,,,,,,,,,,,,UNREVIEWED,,"No prespecified high-confidence clinical, biomarker, or verified GBMI endpoint rule matched this indication."
D014657,Vasculitis,Vasculitis,1,1,0,1,GBMI::AcApp,Acute appendicitis,GBMI,GRCh38,,8.076923076923077,Pan-UKB::icd10|K80|both_sexes||,K80 Cholelithiasis,Pan-UKB,GRCh37,"EAS,EUR",7.5,Pan-UKB::phecode|574.1|both_sexes||,Cholelithiasis,Pan-UKB,GRCh37,"EAS,EUR",7.5,Pan-UKB::phecode|594.1|both_sexes||,Calculus of kidney,Pan-UKB,GRCh37,"CSA,EUR",7.0,Pan-UKB::phecode|496.2|both_sexes||,Chronic bronchitis,Pan-UKB,GRCh37,"CSA,EUR",6.923076923076923,,,,,,,,,,,,,,,,,,,,,UNREVIEWED,,"No prespecified high-confidence clinical, biomarker, or verified GBMI endpoint rule matched this indication."
D014983,Xeroderma Pigmentosum,Xeroderma Pigmentosum,1,1,0,1,Pan-UKB::phecode|411|both_sexes||,Ischemic Heart Disease,Pan-UKB,GRCh37,"CSA,EUR",8.108108108108109,Pan-UKB::phecode|272|both_sexes||,Disorders of lipoid metabolism,Pan-UKB,GRCh37,"CSA,EUR",7.647058823529411,Pan-UKB::phecode|835|both_sexes||,Internal derangement of knee,Pan-UKB,GRCh37,"EUR,MID",7.346938775510204,Pan-UKB::icd10|G47|both_sexes||,G47 Sleep disorders,Pan-UKB,GRCh37,"CSA,EUR",7.241379310344828,Pan-UKB::phecode|327|both_sexes||,Sleep disorders,Pan-UKB,GRCh37,"CSA,EUR",7.241379310344828,,,,,,,,,,,,,,,,,,,,,UNREVIEWED,,"No prespecified high-confidence clinical, biomarker, or verified GBMI endpoint rule matched this indication."
D019896,alpha 1-Antitrypsin Deficiency,alpha 1-Antitrypsin Deficiency,1,1,1,0,Pan-UKB::phecode|785|both_sexes||,Abdominal pain,Pan-UKB,GRCh37,"CSA,EUR",6.136363636363637,Pan-UKB::phecode|418|both_sexes||,Nonspecific chest pain,Pan-UKB,GRCh37,"CSA,EUR",6.111111111111111,Pan-UKB::phecode|960|both_sexes||,Poisoning by antibiotics,Pan-UKB,GRCh37,"CSA,EUR",6.111111111111111,GBMI::AcApp,Acute appendicitis,GBMI,GRCh38,,6.0,Pan-UKB::phecode|960.2|both_sexes||,Allergy/adverse effect of penicillin,Pan-UKB,GRCh37,"CSA,EUR",5.909090909090909,,,,,,,,,,,,,,,,,,,,,UNREVIEWED,,"No prespecified high-confidence clinical, biomarker, or verified GBMI endpoint rule matched this indication."
D014842,von Willebrand Diseases,von Willebrand Diseases,1,1,1,0,Pan-UKB::icd10|Z95|both_sexes||,Z95 Presence of cardiac and vascular implants and grafts,Pan-UKB,GRCh37,"CSA,EUR",41.67748917748918,Pan-UKB::phecode|317|both_sexes||,Alcohol-related disorders,Pan-UKB,GRCh37,"AFR,EUR",8.75,Pan-UKB::icd10|G47|both_sexes||,G47 Sleep disorders,Pan-UKB,GRCh37,"CSA,EUR",8.68421052631579,Pan-UKB::phecode|327|both_sexes||,Sleep disorders,Pan-UKB,GRCh37,"CSA,EUR",8.68421052631579,Pan-UKB::phecode|318|both_sexes||,Tobacco use disorder,Pan-UKB,GRCh37,"EAS,EUR",8.372093023255815,,,,,,,,,,,,,,,,,,,,,UNREVIEWED,,"No prespecified high-confidence clinical, biomarker, or verified GBMI endpoint rule matched this indication."
