trait_key,source,genome_build,phenotype_id,published_endpoint_code,trait_type,phenocode,trait_name,description_more,coding_description,category,analysis_class,pops_pass_qc,non_eur_pops_pass_qc,num_non_eur_pops_pass_qc,ancestry_status,filename,filename_tabix,remote_data_path,remote_index_path,source_release,mapping_status,n_cases_AFR,n_controls_AFR,phenotype_qc_AFR,n_cases_AMR,n_controls_AMR,phenotype_qc_AMR,n_cases_CSA,n_controls_CSA,phenotype_qc_CSA,n_cases_EAS,n_controls_EAS,phenotype_qc_EAS,n_cases_EUR,n_controls_EUR,phenotype_qc_EUR,n_cases_MID,n_controls_MID,phenotype_qc_MID
Pan-UKB::biomarkers|30600|both_sexes||irnt,Pan-UKB,GRCh37,biomarkers|30600|both_sexes||irnt,,biomarkers,30600,Albumin,,,Biological samples > Assay results > Blood assays > Blood biochemistry,quantitative_or_biomarker_candidate,"AFR,CSA,EUR","AFR,CSA",2,verified_from_official_manifest,biomarkers-30600-both_sexes-irnt.tsv.bgz,biomarkers-30600-both_sexes-irnt.tsv.bgz.tbi,s3://pan-ukb-us-east-1/sumstats_flat_files/biomarkers-30600-both_sexes-irnt.tsv.bgz,s3://pan-ukb-us-east-1/sumstats_flat_files_tabix/biomarkers-30600-both_sexes-irnt.tsv.bgz.tbi,Pan-UKB official phenotype manifest,UNREVIEWED,5759.0,,PASS,856.0,,n_too_low,7694.0,,PASS,2340.0,,h2_z_insignificant,367192.0,,PASS,1364.0,,h2_z_insignificant
Pan-UKB::biomarkers|30610|both_sexes||irnt,Pan-UKB,GRCh37,biomarkers|30610|both_sexes||irnt,,biomarkers,30610,Alkaline phosphatase,,,Biological samples > Assay results > Blood assays > Blood biochemistry,quantitative_or_biomarker_candidate,"CSA,EUR,MID","CSA,MID",2,verified_from_official_manifest,biomarkers-30610-both_sexes-irnt.tsv.bgz,biomarkers-30610-both_sexes-irnt.tsv.bgz.tbi,s3://pan-ukb-us-east-1/sumstats_flat_files/biomarkers-30610-both_sexes-irnt.tsv.bgz,s3://pan-ukb-us-east-1/sumstats_flat_files_tabix/biomarkers-30610-both_sexes-irnt.tsv.bgz.tbi,Pan-UKB official phenotype manifest,UNREVIEWED,6216.0,,h2_z_insignificant,938.0,,n_too_low,8422.0,,PASS,2572.0,,h2_z_insignificant,400988.0,,PASS,1497.0,,PASS
Pan-UKB::biomarkers|30620|both_sexes||irnt,Pan-UKB,GRCh37,biomarkers|30620|both_sexes||irnt,,biomarkers,30620,Alanine aminotransferase,,,Biological samples > Assay results > Blood assays > Blood biochemistry,quantitative_or_biomarker_candidate,"AFR,CSA,EUR","AFR,CSA",2,verified_from_official_manifest,biomarkers-30620-both_sexes-irnt.tsv.bgz,biomarkers-30620-both_sexes-irnt.tsv.bgz.tbi,s3://pan-ukb-us-east-1/sumstats_flat_files/biomarkers-30620-both_sexes-irnt.tsv.bgz,s3://pan-ukb-us-east-1/sumstats_flat_files_tabix/biomarkers-30620-both_sexes-irnt.tsv.bgz.tbi,Pan-UKB official phenotype manifest,UNREVIEWED,6214.0,,PASS,937.0,,n_too_low,8407.0,,PASS,2570.0,,h2_z_insignificant,400822.0,,PASS,1499.0,,h2_z_insignificant
Pan-UKB::biomarkers|30630|both_sexes||irnt,Pan-UKB,GRCh37,biomarkers|30630|both_sexes||irnt,,biomarkers,30630,Apolipoprotein A,,,Biological samples > Assay results > Blood assays > Blood biochemistry,quantitative_or_biomarker_candidate,"CSA,EUR,MID","CSA,MID",2,verified_from_official_manifest,biomarkers-30630-both_sexes-irnt.tsv.bgz,biomarkers-30630-both_sexes-irnt.tsv.bgz.tbi,s3://pan-ukb-us-east-1/sumstats_flat_files/biomarkers-30630-both_sexes-irnt.tsv.bgz,s3://pan-ukb-us-east-1/sumstats_flat_files_tabix/biomarkers-30630-both_sexes-irnt.tsv.bgz.tbi,Pan-UKB official phenotype manifest,UNREVIEWED,5732.0,,h2_z_insignificant,846.0,,n_too_low,7679.0,,PASS,2325.0,,h2_z_insignificant,364987.0,,PASS,1360.0,,PASS
Pan-UKB::biomarkers|30640|both_sexes||irnt,Pan-UKB,GRCh37,biomarkers|30640|both_sexes||irnt,,biomarkers,30640,Apolipoprotein B,,,Biological samples > Assay results > Blood assays > Blood biochemistry,quantitative_or_biomarker_candidate,"CSA,EUR",CSA,1,verified_from_official_manifest,biomarkers-30640-both_sexes-irnt.tsv.bgz,biomarkers-30640-both_sexes-irnt.tsv.bgz.tbi,s3://pan-ukb-us-east-1/sumstats_flat_files/biomarkers-30640-both_sexes-irnt.tsv.bgz,s3://pan-ukb-us-east-1/sumstats_flat_files_tabix/biomarkers-30640-both_sexes-irnt.tsv.bgz.tbi,Pan-UKB official phenotype manifest,UNREVIEWED,6169.0,,h2_z_insignificant,932.0,,n_too_low,8352.0,,PASS,2553.0,,h2_z_insignificant,399003.0,,PASS,1496.0,,h2_z_insignificant
Pan-UKB::biomarkers|30670|both_sexes||irnt,Pan-UKB,GRCh37,biomarkers|30670|both_sexes||irnt,,biomarkers,30670,Urea,,,Biological samples > Assay results > Blood assays > Blood biochemistry,quantitative_or_biomarker_candidate,"CSA,EUR",CSA,1,verified_from_official_manifest,biomarkers-30670-both_sexes-irnt.tsv.bgz,biomarkers-30670-both_sexes-irnt.tsv.bgz.tbi,s3://pan-ukb-us-east-1/sumstats_flat_files/biomarkers-30670-both_sexes-irnt.tsv.bgz,s3://pan-ukb-us-east-1/sumstats_flat_files_tabix/biomarkers-30670-both_sexes-irnt.tsv.bgz.tbi,Pan-UKB official phenotype manifest,UNREVIEWED,6213.0,,h2_z_insignificant,938.0,,n_too_low,8422.0,,PASS,2569.0,,h2_z_insignificant,400687.0,,PASS,1497.0,,h2_z_insignificant
Pan-UKB::biomarkers|30680|both_sexes||irnt,Pan-UKB,GRCh37,biomarkers|30680|both_sexes||irnt,,biomarkers,30680,Calcium,,,Biological samples > Assay results > Blood assays > Blood biochemistry,quantitative_or_biomarker_candidate,"CSA,EUR",CSA,1,verified_from_official_manifest,biomarkers-30680-both_sexes-irnt.tsv.bgz,biomarkers-30680-both_sexes-irnt.tsv.bgz.tbi,s3://pan-ukb-us-east-1/sumstats_flat_files/biomarkers-30680-both_sexes-irnt.tsv.bgz,s3://pan-ukb-us-east-1/sumstats_flat_files_tabix/biomarkers-30680-both_sexes-irnt.tsv.bgz.tbi,Pan-UKB official phenotype manifest,UNREVIEWED,5758.0,,h2_z_insignificant,856.0,,n_too_low,7697.0,,PASS,2344.0,,h2_z_insignificant,367050.0,,PASS,1361.0,,h2_z_insignificant
Pan-UKB::biomarkers|30690|both_sexes||irnt,Pan-UKB,GRCh37,biomarkers|30690|both_sexes||irnt,,biomarkers,30690,Cholesterol,,,Biological samples > Assay results > Blood assays > Blood biochemistry,quantitative_or_biomarker_candidate,"CSA,EUR",CSA,1,verified_from_official_manifest,biomarkers-30690-both_sexes-irnt.tsv.bgz,biomarkers-30690-both_sexes-irnt.tsv.bgz.tbi,s3://pan-ukb-us-east-1/sumstats_flat_files/biomarkers-30690-both_sexes-irnt.tsv.bgz,s3://pan-ukb-us-east-1/sumstats_flat_files_tabix/biomarkers-30690-both_sexes-irnt.tsv.bgz.tbi,Pan-UKB official phenotype manifest,UNREVIEWED,6212.0,,h2_z_insignificant,938.0,,n_too_low,8422.0,,PASS,2572.0,,h2_z_insignificant,400963.0,,PASS,1500.0,,out_of_bounds_lambda
Pan-UKB::biomarkers|30700|both_sexes||irnt,Pan-UKB,GRCh37,biomarkers|30700|both_sexes||irnt,,biomarkers,30700,Creatinine,,,Biological samples > Assay results > Blood assays > Blood biochemistry,quantitative_or_biomarker_candidate,"CSA,EUR,MID","CSA,MID",2,verified_from_official_manifest,biomarkers-30700-both_sexes-irnt.tsv.bgz,biomarkers-30700-both_sexes-irnt.tsv.bgz.tbi,s3://pan-ukb-us-east-1/sumstats_flat_files/biomarkers-30700-both_sexes-irnt.tsv.bgz,s3://pan-ukb-us-east-1/sumstats_flat_files_tabix/biomarkers-30700-both_sexes-irnt.tsv.bgz.tbi,Pan-UKB official phenotype manifest,UNREVIEWED,6212.0,,h2_z_insignificant,937.0,,n_too_low,8422.0,,PASS,2571.0,,h2_z_insignificant,400761.0,,PASS,1498.0,,PASS
Pan-UKB::biomarkers|30710|both_sexes||irnt,Pan-UKB,GRCh37,biomarkers|30710|both_sexes||irnt,,biomarkers,30710,C-reactive protein,,,Biological samples > Assay results > Blood assays > Blood biochemistry,quantitative_or_biomarker_candidate,"CSA,EUR",CSA,1,verified_from_official_manifest,biomarkers-30710-both_sexes-irnt.tsv.bgz,biomarkers-30710-both_sexes-irnt.tsv.bgz.tbi,s3://pan-ukb-us-east-1/sumstats_flat_files/biomarkers-30710-both_sexes-irnt.tsv.bgz,s3://pan-ukb-us-east-1/sumstats_flat_files_tabix/biomarkers-30710-both_sexes-irnt.tsv.bgz.tbi,Pan-UKB official phenotype manifest,UNREVIEWED,6203.0,,h2_z_insignificant,937.0,,n_too_low,8397.0,,PASS,2564.0,,h2_z_insignificant,400094.0,,PASS,1498.0,,h2_z_insignificant
Pan-UKB::biomarkers|30720|both_sexes||irnt,Pan-UKB,GRCh37,biomarkers|30720|both_sexes||irnt,,biomarkers,30720,Cystatin C,,,Biological samples > Assay results > Blood assays > Blood biochemistry,quantitative_or_biomarker_candidate,"CSA,EUR,MID","CSA,MID",2,verified_from_official_manifest,biomarkers-30720-both_sexes-irnt.tsv.bgz,biomarkers-30720-both_sexes-irnt.tsv.bgz.tbi,s3://pan-ukb-us-east-1/sumstats_flat_files/biomarkers-30720-both_sexes-irnt.tsv.bgz,s3://pan-ukb-us-east-1/sumstats_flat_files_tabix/biomarkers-30720-both_sexes-irnt.tsv.bgz.tbi,Pan-UKB official phenotype manifest,UNREVIEWED,6213.0,,h2_z_insignificant,940.0,,n_too_low,8422.0,,PASS,2573.0,,h2_z_insignificant,400940.0,,PASS,1500.0,,PASS
Pan-UKB::biomarkers|30730|both_sexes||irnt,Pan-UKB,GRCh37,biomarkers|30730|both_sexes||irnt,,biomarkers,30730,Gamma glutamyltransferase,,,Biological samples > Assay results > Blood assays > Blood biochemistry,quantitative_or_biomarker_candidate,"CSA,EAS,EUR","CSA,EAS",2,verified_from_official_manifest,biomarkers-30730-both_sexes-irnt.tsv.bgz,biomarkers-30730-both_sexes-irnt.tsv.bgz.tbi,s3://pan-ukb-us-east-1/sumstats_flat_files/biomarkers-30730-both_sexes-irnt.tsv.bgz,s3://pan-ukb-us-east-1/sumstats_flat_files_tabix/biomarkers-30730-both_sexes-irnt.tsv.bgz.tbi,Pan-UKB official phenotype manifest,UNREVIEWED,6212.0,,h2_z_insignificant,938.0,,n_too_low,8422.0,,PASS,2569.0,,PASS,400751.0,,PASS,1498.0,,h2_z_insignificant
Pan-UKB::biomarkers|30750|both_sexes||irnt,Pan-UKB,GRCh37,biomarkers|30750|both_sexes||irnt,,biomarkers,30750,Glycated haemoglobin (HbA1c),,,Biological samples > Assay results > Blood assays > Blood biochemistry,quantitative_or_biomarker_candidate,"CSA,EUR,MID","CSA,MID",2,verified_from_official_manifest,biomarkers-30750-both_sexes-irnt.tsv.bgz,biomarkers-30750-both_sexes-irnt.tsv.bgz.tbi,s3://pan-ukb-us-east-1/sumstats_flat_files/biomarkers-30750-both_sexes-irnt.tsv.bgz,s3://pan-ukb-us-east-1/sumstats_flat_files_tabix/biomarkers-30750-both_sexes-irnt.tsv.bgz.tbi,Pan-UKB official phenotype manifest,UNREVIEWED,5290.0,,h2_z_insignificant,922.0,,n_too_low,8329.0,,PASS,2566.0,,h2_z_insignificant,400825.0,,PASS,1502.0,,PASS
Pan-UKB::biomarkers|30760|both_sexes||irnt,Pan-UKB,GRCh37,biomarkers|30760|both_sexes||irnt,,biomarkers,30760,HDL cholesterol,,,Biological samples > Assay results > Blood assays > Blood biochemistry,quantitative_or_biomarker_candidate,"CSA,EUR",CSA,1,verified_from_official_manifest,biomarkers-30760-both_sexes-irnt.tsv.bgz,biomarkers-30760-both_sexes-irnt.tsv.bgz.tbi,s3://pan-ukb-us-east-1/sumstats_flat_files/biomarkers-30760-both_sexes-irnt.tsv.bgz,s3://pan-ukb-us-east-1/sumstats_flat_files_tabix/biomarkers-30760-both_sexes-irnt.tsv.bgz.tbi,Pan-UKB official phenotype manifest,UNREVIEWED,5754.0,,h2_z_insignificant,854.0,,n_too_low,7688.0,,PASS,2342.0,,h2_z_insignificant,367021.0,,PASS,1364.0,,h2_z_insignificant
Pan-UKB::biomarkers|30770|both_sexes||irnt,Pan-UKB,GRCh37,biomarkers|30770|both_sexes||irnt,,biomarkers,30770,IGF-1,,,Biological samples > Assay results > Blood assays > Blood biochemistry,quantitative_or_biomarker_candidate,"CSA,EAS,EUR","CSA,EAS",2,verified_from_official_manifest,biomarkers-30770-both_sexes-irnt.tsv.bgz,biomarkers-30770-both_sexes-irnt.tsv.bgz.tbi,s3://pan-ukb-us-east-1/sumstats_flat_files/biomarkers-30770-both_sexes-irnt.tsv.bgz,s3://pan-ukb-us-east-1/sumstats_flat_files_tabix/biomarkers-30770-both_sexes-irnt.tsv.bgz.tbi,Pan-UKB official phenotype manifest,UNREVIEWED,6178.0,,h2_z_insignificant,934.0,,n_too_low,8364.0,,PASS,2560.0,,PASS,398797.0,,PASS,1493.0,,h2_z_insignificant
Pan-UKB::biomarkers|30780|both_sexes||irnt,Pan-UKB,GRCh37,biomarkers|30780|both_sexes||irnt,,biomarkers,30780,LDL direct,,,Biological samples > Assay results > Blood assays > Blood biochemistry,quantitative_or_biomarker_candidate,"CSA,EUR",CSA,1,verified_from_official_manifest,biomarkers-30780-both_sexes-irnt.tsv.bgz,biomarkers-30780-both_sexes-irnt.tsv.bgz.tbi,s3://pan-ukb-us-east-1/sumstats_flat_files/biomarkers-30780-both_sexes-irnt.tsv.bgz,s3://pan-ukb-us-east-1/sumstats_flat_files_tabix/biomarkers-30780-both_sexes-irnt.tsv.bgz.tbi,Pan-UKB official phenotype manifest,UNREVIEWED,6200.0,,h2_z_insignificant,938.0,,n_too_low,8404.0,,PASS,2568.0,,h2_z_insignificant,400223.0,,PASS,1498.0,,h2_z_insignificant
Pan-UKB::biomarkers|30810|both_sexes||irnt,Pan-UKB,GRCh37,biomarkers|30810|both_sexes||irnt,,biomarkers,30810,Phosphate,,,Biological samples > Assay results > Blood assays > Blood biochemistry,quantitative_or_biomarker_candidate,"CSA,EUR",CSA,1,verified_from_official_manifest,biomarkers-30810-both_sexes-irnt.tsv.bgz,biomarkers-30810-both_sexes-irnt.tsv.bgz.tbi,s3://pan-ukb-us-east-1/sumstats_flat_files/biomarkers-30810-both_sexes-irnt.tsv.bgz,s3://pan-ukb-us-east-1/sumstats_flat_files_tabix/biomarkers-30810-both_sexes-irnt.tsv.bgz.tbi,Pan-UKB official phenotype manifest,UNREVIEWED,5750.0,,h2_z_insignificant,854.0,,n_too_low,7685.0,,PASS,2342.0,,h2_z_insignificant,366484.0,,PASS,1360.0,,h2_z_insignificant
Pan-UKB::biomarkers|30830|both_sexes||irnt,Pan-UKB,GRCh37,biomarkers|30830|both_sexes||irnt,,biomarkers,30830,SHBG,,,Biological samples > Assay results > Blood assays > Blood biochemistry,quantitative_or_biomarker_candidate,"CSA,EUR",CSA,1,verified_from_official_manifest,biomarkers-30830-both_sexes-irnt.tsv.bgz,biomarkers-30830-both_sexes-irnt.tsv.bgz.tbi,s3://pan-ukb-us-east-1/sumstats_flat_files/biomarkers-30830-both_sexes-irnt.tsv.bgz,s3://pan-ukb-us-east-1/sumstats_flat_files_tabix/biomarkers-30830-both_sexes-irnt.tsv.bgz.tbi,Pan-UKB official phenotype manifest,UNREVIEWED,5709.0,,h2_z_insignificant,849.0,,n_too_low,7643.0,,PASS,2327.0,,h2_z_insignificant,363650.0,,PASS,1348.0,,h2_z_insignificant
Pan-UKB::biomarkers|30860|both_sexes||irnt,Pan-UKB,GRCh37,biomarkers|30860|both_sexes||irnt,,biomarkers,30860,Total protein,,,Biological samples > Assay results > Blood assays > Blood biochemistry,quantitative_or_biomarker_candidate,"CSA,EUR",CSA,1,verified_from_official_manifest,biomarkers-30860-both_sexes-irnt.tsv.bgz,biomarkers-30860-both_sexes-irnt.tsv.bgz.tbi,s3://pan-ukb-us-east-1/sumstats_flat_files/biomarkers-30860-both_sexes-irnt.tsv.bgz,s3://pan-ukb-us-east-1/sumstats_flat_files_tabix/biomarkers-30860-both_sexes-irnt.tsv.bgz.tbi,Pan-UKB official phenotype manifest,UNREVIEWED,5759.0,,h2_z_insignificant,856.0,,n_too_low,7696.0,,PASS,2342.0,,h2_z_insignificant,366758.0,,PASS,1362.0,,h2_z_insignificant
Pan-UKB::biomarkers|30870|both_sexes||irnt,Pan-UKB,GRCh37,biomarkers|30870|both_sexes||irnt,,biomarkers,30870,Triglycerides,,,Biological samples > Assay results > Blood assays > Blood biochemistry,quantitative_or_biomarker_candidate,"AFR,CSA,EUR,MID","AFR,CSA,MID",3,verified_from_official_manifest,biomarkers-30870-both_sexes-irnt.tsv.bgz,biomarkers-30870-both_sexes-irnt.tsv.bgz.tbi,s3://pan-ukb-us-east-1/sumstats_flat_files/biomarkers-30870-both_sexes-irnt.tsv.bgz,s3://pan-ukb-us-east-1/sumstats_flat_files_tabix/biomarkers-30870-both_sexes-irnt.tsv.bgz.tbi,Pan-UKB official phenotype manifest,UNREVIEWED,6211.0,,PASS,937.0,,n_too_low,8415.0,,PASS,2570.0,,h2_z_insignificant,400639.0,,PASS,1499.0,,PASS
Pan-UKB::biomarkers|30890|both_sexes||irnt,Pan-UKB,GRCh37,biomarkers|30890|both_sexes||irnt,,biomarkers,30890,Vitamin D,,,Biological samples > Assay results > Blood assays > Blood biochemistry,quantitative_or_biomarker_candidate,"AFR,CSA,EUR,MID","AFR,CSA,MID",3,verified_from_official_manifest,biomarkers-30890-both_sexes-irnt.tsv.bgz,biomarkers-30890-both_sexes-irnt.tsv.bgz.tbi,s3://pan-ukb-us-east-1/sumstats_flat_files/biomarkers-30890-both_sexes-irnt.tsv.bgz,s3://pan-ukb-us-east-1/sumstats_flat_files_tabix/biomarkers-30890-both_sexes-irnt.tsv.bgz.tbi,Pan-UKB official phenotype manifest,UNREVIEWED,6046.0,,PASS,892.0,,n_too_low,7380.0,,PASS,2484.0,,h2_z_insignificant,383324.0,,PASS,1390.0,,PASS
Pan-UKB::categorical|120|both_sexes|1|,Pan-UKB,GRCh37,categorical|120|both_sexes|1|,,categorical,120,Birth weight known,Birth weight known This question was dropped from the touchscreen protocol on 24/10/2016.,Yes - pounds and ounces,UK Biobank Assessment Centre > Verbal interview > Early life factors,other_candidate,"AFR,CSA,EAS,EUR","AFR,CSA,EAS",3,verified_from_official_manifest,categorical-120-both_sexes-1.tsv.bgz,categorical-120-both_sexes-1.tsv.bgz.tbi,s3://pan-ukb-us-east-1/sumstats_flat_files/categorical-120-both_sexes-1.tsv.bgz,s3://pan-ukb-us-east-1/sumstats_flat_files_tabix/categorical-120-both_sexes-1.tsv.bgz.tbi,Pan-UKB official phenotype manifest,UNREVIEWED,1715.0,4909.0,PASS,279.0,701.0,n_too_low,2005.0,6844.0,PASS,704.0,2003.0,PASS,238519.0,181954.0,PASS,322.0,1273.0,h2_z_insignificant
Pan-UKB::categorical|120|both_sexes|9|,Pan-UKB,GRCh37,categorical|120|both_sexes|9|,,categorical,120,Birth weight known,Birth weight known This question was dropped from the touchscreen protocol on 24/10/2016.,No,UK Biobank Assessment Centre > Verbal interview > Early life factors,other_candidate,"AFR,CSA,EUR","AFR,CSA",2,verified_from_official_manifest,categorical-120-both_sexes-9.tsv.bgz,categorical-120-both_sexes-9.tsv.bgz.tbi,s3://pan-ukb-us-east-1/sumstats_flat_files/categorical-120-both_sexes-9.tsv.bgz,s3://pan-ukb-us-east-1/sumstats_flat_files_tabix/categorical-120-both_sexes-9.tsv.bgz.tbi,Pan-UKB official phenotype manifest,UNREVIEWED,4844.0,1780.0,PASS,557.0,423.0,n_too_low,6672.0,2177.0,PASS,1704.0,1003.0,h2_z_insignificant,180757.0,239716.0,PASS,1130.0,465.0,h2_z_insignificant
Pan-UKB::categorical|1210|both_sexes|1210|,Pan-UKB,GRCh37,categorical|1210|both_sexes|1210|,,categorical,1210,Snoring,"ACE touchscreen question ""Does your partner or a close relative or friend complain about your snoring?"" If the participant activated the Help button they were shown the message: If you are unsure, please provide an estimate or select Do not know.",,UK Biobank Assessment Centre > Touchscreen > Lifestyle and environment > Sleep,other_candidate,"CSA,EUR",CSA,1,verified_from_official_manifest,categorical-1210-both_sexes-1210.tsv.bgz,categorical-1210-both_sexes-1210.tsv.bgz.tbi,s3://pan-ukb-us-east-1/sumstats_flat_files/categorical-1210-both_sexes-1210.tsv.bgz,s3://pan-ukb-us-east-1/sumstats_flat_files_tabix/categorical-1210-both_sexes-1210.tsv.bgz.tbi,Pan-UKB official phenotype manifest,UNREVIEWED,3790.0,2046.0,h2_z_insignificant,561.0,315.0,n_too_low,4634.0,3270.0,PASS,1511.0,837.0,h2_z_insignificant,245268.0,146263.0,PASS,854.0,536.0,h2_z_insignificant
Pan-UKB::categorical|1418|both_sexes|1|,Pan-UKB,GRCh37,categorical|1418|both_sexes|1|,,categorical,1418,Milk type used,"ACE touchscreen question ""What type of milk do you mainly use?"" If the participant activated the Help button they were shown the message: If you use more than one type of milk, please select the one that you drink the most. If you are unsure, select Do not know.",Full cream,UK Biobank Assessment Centre > Touchscreen > Lifestyle and environment > Diet,other_candidate,"EUR,MID",MID,1,verified_from_official_manifest,categorical-1418-both_sexes-1.tsv.bgz,categorical-1418-both_sexes-1.tsv.bgz.tbi,s3://pan-ukb-us-east-1/sumstats_flat_files/categorical-1418-both_sexes-1.tsv.bgz,s3://pan-ukb-us-east-1/sumstats_flat_files_tabix/categorical-1418-both_sexes-1.tsv.bgz.tbi,Pan-UKB official phenotype manifest,UNREVIEWED,926.0,5621.0,h2_z_insignificant,96.0,867.0,n_too_low,1593.0,7093.0,h2_z_insignificant,401.0,2251.0,h2_z_insignificant,26497.0,393593.0,PASS,242.0,1321.0,PASS
Pan-UKB::categorical|1428|both_sexes|0|,Pan-UKB,GRCh37,categorical|1428|both_sexes|0|,,categorical,1428,Spread type,"ACE touchscreen question ""What type of spread do you mainly use?"" If the participant activated the Help button they were shown the message: If you use more than one type of spread, please select the one that you use the most. If you are unsure, select Do not know.",Never/rarely use spread,UK Biobank Assessment Centre > Touchscreen > Lifestyle and environment > Diet,other_candidate,"CSA,EUR,MID","CSA,MID",2,verified_from_official_manifest,categorical-1428-both_sexes-0.tsv.bgz,categorical-1428-both_sexes-0.tsv.bgz.tbi,s3://pan-ukb-us-east-1/sumstats_flat_files/categorical-1428-both_sexes-0.tsv.bgz,s3://pan-ukb-us-east-1/sumstats_flat_files_tabix/categorical-1428-both_sexes-0.tsv.bgz.tbi,Pan-UKB official phenotype manifest,UNREVIEWED,1170.0,5324.0,h2_z_insignificant,188.0,770.0,n_too_low,1232.0,7351.0,PASS,564.0,2038.0,h2_z_insignificant,42617.0,376884.0,PASS,492.0,1032.0,PASS
Pan-UKB::categorical|1428|both_sexes|1|,Pan-UKB,GRCh37,categorical|1428|both_sexes|1|,,categorical,1428,Spread type,"ACE touchscreen question ""What type of spread do you mainly use?"" If the participant activated the Help button they were shown the message: If you use more than one type of spread, please select the one that you use the most. If you are unsure, select Do not know.",Butter/spreadable butter,UK Biobank Assessment Centre > Touchscreen > Lifestyle and environment > Diet,other_candidate,"EAS,EUR",EAS,1,verified_from_official_manifest,categorical-1428-both_sexes-1.tsv.bgz,categorical-1428-both_sexes-1.tsv.bgz.tbi,s3://pan-ukb-us-east-1/sumstats_flat_files/categorical-1428-both_sexes-1.tsv.bgz,s3://pan-ukb-us-east-1/sumstats_flat_files_tabix/categorical-1428-both_sexes-1.tsv.bgz.tbi,Pan-UKB official phenotype manifest,UNREVIEWED,2276.0,4218.0,h2_z_insignificant,392.0,566.0,n_too_low,2611.0,5972.0,h2_z_insignificant,984.0,1618.0,PASS,152410.0,267091.0,PASS,503.0,1021.0,h2_z_insignificant
Pan-UKB::categorical|1448|both_sexes|1|,Pan-UKB,GRCh37,categorical|1448|both_sexes|1|,,categorical,1448,Bread type,"ACE touchscreen question ""What type of bread do you mainly eat?"" If the participant activated the Help button they were shown the message: If you eat more than one type of bread, please select the one that you eat the most. If you are unsure, select Do not know. ~F1448~ was collected from all participants except those who indicated that they do not eat bread or less than one slice each week, as defined by their answers to ~F1438~",White,UK Biobank Assessment Centre > Touchscreen > Lifestyle and environment > Diet,other_candidate,"EUR,MID",MID,1,verified_from_official_manifest,categorical-1448-both_sexes-1.tsv.bgz,categorical-1448-both_sexes-1.tsv.bgz.tbi,s3://pan-ukb-us-east-1/sumstats_flat_files/categorical-1448-both_sexes-1.tsv.bgz,s3://pan-ukb-us-east-1/sumstats_flat_files_tabix/categorical-1448-both_sexes-1.tsv.bgz.tbi,Pan-UKB official phenotype manifest,UNREVIEWED,1820.0,4277.0,h2_z_insignificant,236.0,679.0,n_too_low,2440.0,5845.0,h2_z_insignificant,872.0,1552.0,h2_z_insignificant,107422.0,298285.0,PASS,386.0,1135.0,PASS
Pan-UKB::categorical|1468|both_sexes|2|,Pan-UKB,GRCh37,categorical|1468|both_sexes|2|,,categorical,1468,Cereal type,"ACE touchscreen question ""What type of cereal do you mainly eat?"" If the participant activated the Help button they were shown the message: If you eat more than one type of cereal, please select the one that you eat the most. If you are unsure, select Do not know. ~F1468~ was collected from all participants except those who indicated that they do not eat cereal or less than one bowl of cereal each week, as defined by their answers to ~F1458~",Biscuit cereal (e.g. Weetabix),UK Biobank Assessment Centre > Touchscreen > Lifestyle and environment > Diet,other_candidate,"EUR,MID",MID,1,verified_from_official_manifest,categorical-1468-both_sexes-2.tsv.bgz,categorical-1468-both_sexes-2.tsv.bgz.tbi,s3://pan-ukb-us-east-1/sumstats_flat_files/categorical-1468-both_sexes-2.tsv.bgz,s3://pan-ukb-us-east-1/sumstats_flat_files_tabix/categorical-1468-both_sexes-2.tsv.bgz.tbi,Pan-UKB official phenotype manifest,UNREVIEWED,749.0,4114.0,h2_z_insignificant,88.0,601.0,n_too_low,1365.0,5090.0,h2_z_insignificant,196.0,1432.0,h2_z_insignificant,62649.0,286878.0,PASS,171.0,886.0,PASS
Pan-UKB::categorical|1468|both_sexes|4|,Pan-UKB,GRCh37,categorical|1468|both_sexes|4|,,categorical,1468,Cereal type,"ACE touchscreen question ""What type of cereal do you mainly eat?"" If the participant activated the Help button they were shown the message: If you eat more than one type of cereal, please select the one that you eat the most. If you are unsure, select Do not know. ~F1468~ was collected from all participants except those who indicated that they do not eat cereal or less than one bowl of cereal each week, as defined by their answers to ~F1458~",Muesli,UK Biobank Assessment Centre > Touchscreen > Lifestyle and environment > Diet,other_candidate,"EUR,MID",MID,1,verified_from_official_manifest,categorical-1468-both_sexes-4.tsv.bgz,categorical-1468-both_sexes-4.tsv.bgz.tbi,s3://pan-ukb-us-east-1/sumstats_flat_files/categorical-1468-both_sexes-4.tsv.bgz,s3://pan-ukb-us-east-1/sumstats_flat_files_tabix/categorical-1468-both_sexes-4.tsv.bgz.tbi,Pan-UKB official phenotype manifest,UNREVIEWED,586.0,4277.0,h2_z_insignificant,138.0,551.0,n_too_low,866.0,5589.0,h2_z_insignificant,332.0,1296.0,h2_z_insignificant,70931.0,278596.0,PASS,213.0,844.0,PASS
Pan-UKB::categorical|1538|both_sexes|0|,Pan-UKB,GRCh37,categorical|1538|both_sexes|0|,,categorical,1538,Major dietary changes in the last 5 years,"ACE touchscreen question ""Have you made any major changes to your diet in the last 5 years?""",No,UK Biobank Assessment Centre > Touchscreen > Lifestyle and environment > Diet,other_candidate,"CSA,EUR",CSA,1,verified_from_official_manifest,categorical-1538-both_sexes-0.tsv.bgz,categorical-1538-both_sexes-0.tsv.bgz.tbi,s3://pan-ukb-us-east-1/sumstats_flat_files/categorical-1538-both_sexes-0.tsv.bgz,s3://pan-ukb-us-east-1/sumstats_flat_files_tabix/categorical-1538-both_sexes-0.tsv.bgz.tbi,Pan-UKB official phenotype manifest,UNREVIEWED,2892.0,3612.0,h2_z_insignificant,473.0,479.0,n_too_low,4511.0,4067.0,PASS,1726.0,891.0,h2_z_insignificant,257507.0,162002.0,PASS,855.0,708.0,h2_z_insignificant
Pan-UKB::categorical|1538|both_sexes|1|,Pan-UKB,GRCh37,categorical|1538|both_sexes|1|,,categorical,1538,Major dietary changes in the last 5 years,"ACE touchscreen question ""Have you made any major changes to your diet in the last 5 years?""","Yes, because of illness",UK Biobank Assessment Centre > Touchscreen > Lifestyle and environment > Diet,other_candidate,"CSA,EUR",CSA,1,verified_from_official_manifest,categorical-1538-both_sexes-1.tsv.bgz,categorical-1538-both_sexes-1.tsv.bgz.tbi,s3://pan-ukb-us-east-1/sumstats_flat_files/categorical-1538-both_sexes-1.tsv.bgz,s3://pan-ukb-us-east-1/sumstats_flat_files_tabix/categorical-1538-both_sexes-1.tsv.bgz.tbi,Pan-UKB official phenotype manifest,UNREVIEWED,1260.0,5244.0,h2_z_insignificant,114.0,838.0,n_too_low,1766.0,6812.0,PASS,236.0,2381.0,h2_z_insignificant,44564.0,374945.0,PASS,288.0,1275.0,h2_z_insignificant
Pan-UKB::categorical|1538|both_sexes|2|,Pan-UKB,GRCh37,categorical|1538|both_sexes|2|,,categorical,1538,Major dietary changes in the last 5 years,"ACE touchscreen question ""Have you made any major changes to your diet in the last 5 years?""","Yes, because of other reasons",UK Biobank Assessment Centre > Touchscreen > Lifestyle and environment > Diet,other_candidate,"EUR,MID",MID,1,verified_from_official_manifest,categorical-1538-both_sexes-2.tsv.bgz,categorical-1538-both_sexes-2.tsv.bgz.tbi,s3://pan-ukb-us-east-1/sumstats_flat_files/categorical-1538-both_sexes-2.tsv.bgz,s3://pan-ukb-us-east-1/sumstats_flat_files_tabix/categorical-1538-both_sexes-2.tsv.bgz.tbi,Pan-UKB official phenotype manifest,UNREVIEWED,2352.0,4152.0,h2_z_insignificant,365.0,587.0,n_too_low,2301.0,6277.0,h2_z_insignificant,655.0,1962.0,h2_z_insignificant,117438.0,302071.0,PASS,420.0,1143.0,PASS
Pan-UKB::categorical|1677|both_sexes|1677|,Pan-UKB,GRCh37,categorical|1677|both_sexes|1677|,,categorical,1677,Breastfed as a baby,"ACE touchscreen question ""Were you breastfed when you were a baby?"" This question was dropped from the touchscreen protocol on 24/10/2016.",,UK Biobank Assessment Centre > Touchscreen > Early life factors,other_candidate,"AFR,CSA,EUR,MID","AFR,CSA,MID",3,verified_from_official_manifest,categorical-1677-both_sexes-1677.tsv.bgz,categorical-1677-both_sexes-1677.tsv.bgz.tbi,s3://pan-ukb-us-east-1/sumstats_flat_files/categorical-1677-both_sexes-1677.tsv.bgz,s3://pan-ukb-us-east-1/sumstats_flat_files_tabix/categorical-1677-both_sexes-1677.tsv.bgz.tbi,Pan-UKB official phenotype manifest,UNREVIEWED,5371.0,256.0,PASS,653.0,150.0,n_too_low,7023.0,528.0,PASS,1769.0,430.0,h2_z_insignificant,227321.0,92087.0,PASS,1174.0,174.0,PASS
Pan-UKB::categorical|1707|both_sexes|1|,Pan-UKB,GRCh37,categorical|1707|both_sexes|1|,,categorical,1707,Handedness (chirality/laterality),"ACE touchscreen question ""Are you right or left handed?"" This question was dropped from the touchscreen protocol on 24/10/2016.",Right-handed,UK Biobank Assessment Centre > Touchscreen > Early life factors,other_candidate,"CSA,EUR",CSA,1,verified_from_official_manifest,categorical-1707-both_sexes-1.tsv.bgz,categorical-1707-both_sexes-1.tsv.bgz.tbi,s3://pan-ukb-us-east-1/sumstats_flat_files/categorical-1707-both_sexes-1.tsv.bgz,s3://pan-ukb-us-east-1/sumstats_flat_files_tabix/categorical-1707-both_sexes-1.tsv.bgz.tbi,Pan-UKB official phenotype manifest,UNREVIEWED,6038.0,531.0,h2_z_insignificant,880.0,85.0,n_too_low,7976.0,741.0,PASS,2450.0,207.0,h2_z_insignificant,373044.0,47166.0,PASS,1435.0,138.0,h2_z_insignificant
Pan-UKB::categorical|1707|both_sexes|2|,Pan-UKB,GRCh37,categorical|1707|both_sexes|2|,,categorical,1707,Handedness (chirality/laterality),"ACE touchscreen question ""Are you right or left handed?"" This question was dropped from the touchscreen protocol on 24/10/2016.",Left-handed,UK Biobank Assessment Centre > Touchscreen > Early life factors,other_candidate,"EAS,EUR,MID","EAS,MID",2,verified_from_official_manifest,categorical-1707-both_sexes-2.tsv.bgz,categorical-1707-both_sexes-2.tsv.bgz.tbi,s3://pan-ukb-us-east-1/sumstats_flat_files/categorical-1707-both_sexes-2.tsv.bgz,s3://pan-ukb-us-east-1/sumstats_flat_files_tabix/categorical-1707-both_sexes-2.tsv.bgz.tbi,Pan-UKB official phenotype manifest,UNREVIEWED,413.0,6156.0,h2_z_insignificant,63.0,902.0,n_too_low,509.0,8208.0,h2_z_insignificant,133.0,2524.0,PASS,40185.0,380025.0,PASS,108.0,1465.0,PASS
Pan-UKB::categorical|1747|both_sexes|4|,Pan-UKB,GRCh37,categorical|1747|both_sexes|4|,,categorical,1747,"Hair colour (natural, before greying)","ACE touchscreen question ""What best describes your natural hair colour? (If your hair colour is grey, the colour before you went grey)"" If the participant activated the Help button they were shown the message: If you are unsure, please select the colour closest to your natural adult hair colour or select Do not know. This question was dropped from the touchscreen protocol on 24/10/2016.",Dark brown,UK Biobank Assessment Centre > Touchscreen > Lifestyle and environment > Sun exposure,other_candidate,"EAS,EUR",EAS,1,verified_from_official_manifest,categorical-1747-both_sexes-4.tsv.bgz,categorical-1747-both_sexes-4.tsv.bgz.tbi,s3://pan-ukb-us-east-1/sumstats_flat_files/categorical-1747-both_sexes-4.tsv.bgz,s3://pan-ukb-us-east-1/sumstats_flat_files_tabix/categorical-1747-both_sexes-4.tsv.bgz.tbi,Pan-UKB official phenotype manifest,UNREVIEWED,797.0,5746.0,h2_z_insignificant,497.0,464.0,n_too_low,2141.0,6529.0,h2_z_insignificant,578.0,2081.0,PASS,156778.0,262691.0,PASS,627.0,936.0,h2_z_insignificant
Pan-UKB::categorical|1747|both_sexes|5|,Pan-UKB,GRCh37,categorical|1747|both_sexes|5|,,categorical,1747,"Hair colour (natural, before greying)","ACE touchscreen question ""What best describes your natural hair colour? (If your hair colour is grey, the colour before you went grey)"" If the participant activated the Help button they were shown the message: If you are unsure, please select the colour closest to your natural adult hair colour or select Do not know. This question was dropped from the touchscreen protocol on 24/10/2016.",Black,UK Biobank Assessment Centre > Touchscreen > Lifestyle and environment > Sun exposure,other_candidate,"EAS,EUR",EAS,1,verified_from_official_manifest,categorical-1747-both_sexes-5.tsv.bgz,categorical-1747-both_sexes-5.tsv.bgz.tbi,s3://pan-ukb-us-east-1/sumstats_flat_files/categorical-1747-both_sexes-5.tsv.bgz,s3://pan-ukb-us-east-1/sumstats_flat_files_tabix/categorical-1747-both_sexes-5.tsv.bgz.tbi,Pan-UKB official phenotype manifest,UNREVIEWED,5637.0,906.0,h2_z_insignificant,246.0,715.0,n_too_low,6193.0,2477.0,h2_z_insignificant,2040.0,619.0,PASS,18157.0,401312.0,PASS,708.0,855.0,h2_z_insignificant
Pan-UKB::categorical|1920|both_sexes|1920|,Pan-UKB,GRCh37,categorical|1920|both_sexes|1920|,,categorical,1920,Mood swings,"ACE touchscreen question ""Does your mood often go up and down?"" If the participant activated the Help button they were shown the message: Work through these questions quickly and do not think about the exact meaning of the question",,UK Biobank Assessment Centre > Touchscreen > Psychosocial factors > Mental health,other_candidate,"CSA,EUR,MID","CSA,MID",2,verified_from_official_manifest,categorical-1920-both_sexes-1920.tsv.bgz,categorical-1920-both_sexes-1920.tsv.bgz.tbi,s3://pan-ukb-us-east-1/sumstats_flat_files/categorical-1920-both_sexes-1920.tsv.bgz,s3://pan-ukb-us-east-1/sumstats_flat_files_tabix/categorical-1920-both_sexes-1920.tsv.bgz.tbi,Pan-UKB official phenotype manifest,UNREVIEWED,3195.0,2936.0,h2_z_insignificant,416.0,496.0,n_too_low,4200.0,3822.0,PASS,968.0,1488.0,h2_z_insignificant,185534.0,224986.0,PASS,877.0,590.0,PASS
Pan-UKB::categorical|1940|both_sexes|1940|,Pan-UKB,GRCh37,categorical|1940|both_sexes|1940|,,categorical,1940,Irritability,"ACE touchscreen question ""Are you an irritable person?"" If the participant activated the Help button they were shown the message: Work through these questions quickly and do not think about the exact meaning of the question",,UK Biobank Assessment Centre > Touchscreen > Psychosocial factors > Mental health,other_candidate,"CSA,EUR",CSA,1,verified_from_official_manifest,categorical-1940-both_sexes-1940.tsv.bgz,categorical-1940-both_sexes-1940.tsv.bgz.tbi,s3://pan-ukb-us-east-1/sumstats_flat_files/categorical-1940-both_sexes-1940.tsv.bgz,s3://pan-ukb-us-east-1/sumstats_flat_files_tabix/categorical-1940-both_sexes-1940.tsv.bgz.tbi,Pan-UKB official phenotype manifest,UNREVIEWED,1110.0,5045.0,h2_z_insignificant,270.0,646.0,n_too_low,1899.0,5861.0,PASS,558.0,1799.0,h2_z_insignificant,112713.0,289328.0,PASS,458.0,917.0,h2_z_insignificant
Pan-UKB::categorical|1950|both_sexes|1950|,Pan-UKB,GRCh37,categorical|1950|both_sexes|1950|,,categorical,1950,Sensitivity / hurt feelings,"ACE touchscreen question ""Are your feelings easily hurt?"" If the participant activated the Help button they were shown the message: Work through these questions quickly and do not think about the exact meaning of the question",,UK Biobank Assessment Centre > Touchscreen > Psychosocial factors > Mental health,other_candidate,"EUR,MID",MID,1,verified_from_official_manifest,categorical-1950-both_sexes-1950.tsv.bgz,categorical-1950-both_sexes-1950.tsv.bgz.tbi,s3://pan-ukb-us-east-1/sumstats_flat_files/categorical-1950-both_sexes-1950.tsv.bgz,s3://pan-ukb-us-east-1/sumstats_flat_files_tabix/categorical-1950-both_sexes-1950.tsv.bgz.tbi,Pan-UKB official phenotype manifest,UNREVIEWED,2669.0,3595.0,h2_z_insignificant,497.0,432.0,n_too_low,4901.0,3190.0,h2_z_insignificant,1142.0,1306.0,h2_z_insignificant,226844.0,181625.0,PASS,875.0,597.0,PASS
Pan-UKB::categorical|1970|both_sexes|1970|,Pan-UKB,GRCh37,categorical|1970|both_sexes|1970|,,categorical,1970,Nervous feelings,"ACE touchscreen question ""Would you call yourself a nervous person?"" If the participant activated the Help button they were shown the message: Work through these questions quickly and do not think about the exact meaning of the question",,UK Biobank Assessment Centre > Touchscreen > Psychosocial factors > Mental health,other_candidate,"CSA,EUR",CSA,1,verified_from_official_manifest,categorical-1970-both_sexes-1970.tsv.bgz,categorical-1970-both_sexes-1970.tsv.bgz.tbi,s3://pan-ukb-us-east-1/sumstats_flat_files/categorical-1970-both_sexes-1970.tsv.bgz,s3://pan-ukb-us-east-1/sumstats_flat_files_tabix/categorical-1970-both_sexes-1970.tsv.bgz.tbi,Pan-UKB official phenotype manifest,UNREVIEWED,1020.0,5276.0,h2_z_insignificant,264.0,662.0,n_too_low,1955.0,6154.0,PASS,568.0,1884.0,h2_z_insignificant,96438.0,313175.0,PASS,404.0,1076.0,h2_z_insignificant
Pan-UKB::categorical|1980|both_sexes|1980|,Pan-UKB,GRCh37,categorical|1980|both_sexes|1980|,,categorical,1980,Worrier / anxious feelings,"ACE touchscreen question ""Are you a worrier?"" If the participant activated the Help button they were shown the message: Work through these questions quickly and do not think about the exact meaning of the question",,UK Biobank Assessment Centre > Touchscreen > Psychosocial factors > Mental health,other_candidate,"CSA,EAS,EUR","CSA,EAS",2,verified_from_official_manifest,categorical-1980-both_sexes-1980.tsv.bgz,categorical-1980-both_sexes-1980.tsv.bgz.tbi,s3://pan-ukb-us-east-1/sumstats_flat_files/categorical-1980-both_sexes-1980.tsv.bgz,s3://pan-ukb-us-east-1/sumstats_flat_files_tabix/categorical-1980-both_sexes-1980.tsv.bgz.tbi,Pan-UKB official phenotype manifest,UNREVIEWED,2740.0,3493.0,h2_z_insignificant,508.0,421.0,n_too_low,4462.0,3649.0,PASS,1214.0,1261.0,PASS,231995.0,177677.0,PASS,914.0,560.0,h2_z_insignificant
Pan-UKB::categorical|20002|both_sexes|1065|,Pan-UKB,GRCh37,categorical|20002|both_sexes|1065|,,categorical,20002,"Non-cancer illness code, self-reported","Code for non-cancer illness. If the participant was uncertain of the type of illness they had had, then they described it to the interviewer (a trained nurse) who attempted to place it within the coding tree. If the illness could not be located in the coding tree then the interviewer entered a free-text description of it. These free-text descriptions were subsequently examined by a doctor and, where possible, matched to entries in the coding tree. Free-text descriptions which could not be matched with very high probability have been marked as ""unclassifiable"". Note that myasthenia gravis appears twice (under codes 1260 and 1437). Please ensure you use both codes to capture all relevant diagnoses.",hypertension,UK Biobank Assessment Centre > Verbal interview > Medical conditions,other_candidate,"CSA,EAS,EUR","CSA,EAS",2,verified_from_official_manifest,categorical-20002-both_sexes-1065.tsv.bgz,categorical-20002-both_sexes-1065.tsv.bgz.tbi,s3://pan-ukb-us-east-1/sumstats_flat_files/categorical-20002-both_sexes-1065.tsv.bgz,s3://pan-ukb-us-east-1/sumstats_flat_files_tabix/categorical-20002-both_sexes-1065.tsv.bgz.tbi,Pan-UKB official phenotype manifest,UNREVIEWED,2519.0,4105.0,h2_z_insignificant,203.0,777.0,n_too_low,2564.0,6285.0,PASS,563.0,2144.0,PASS,109307.0,311166.0,PASS,374.0,1221.0,h2_z_insignificant
Pan-UKB::categorical|20002|both_sexes|1074|,Pan-UKB,GRCh37,categorical|20002|both_sexes|1074|,,categorical,20002,"Non-cancer illness code, self-reported","Code for non-cancer illness. If the participant was uncertain of the type of illness they had had, then they described it to the interviewer (a trained nurse) who attempted to place it within the coding tree. If the illness could not be located in the coding tree then the interviewer entered a free-text description of it. These free-text descriptions were subsequently examined by a doctor and, where possible, matched to entries in the coding tree. Free-text descriptions which could not be matched with very high probability have been marked as ""unclassifiable"". Note that myasthenia gravis appears twice (under codes 1260 and 1437). Please ensure you use both codes to capture all relevant diagnoses.",angina,UK Biobank Assessment Centre > Verbal interview > Medical conditions,other_candidate,"CSA,EUR",CSA,1,verified_from_official_manifest,categorical-20002-both_sexes-1074.tsv.bgz,categorical-20002-both_sexes-1074.tsv.bgz.tbi,s3://pan-ukb-us-east-1/sumstats_flat_files/categorical-20002-both_sexes-1074.tsv.bgz,s3://pan-ukb-us-east-1/sumstats_flat_files_tabix/categorical-20002-both_sexes-1074.tsv.bgz.tbi,Pan-UKB official phenotype manifest,UNREVIEWED,150.0,6474.0,h2_z_insignificant,,,,494.0,8355.0,PASS,,,,13408.0,407065.0,PASS,72.0,1523.0,h2_z_insignificant
Pan-UKB::categorical|20002|both_sexes|1111|,Pan-UKB,GRCh37,categorical|20002|both_sexes|1111|,,categorical,20002,"Non-cancer illness code, self-reported","Code for non-cancer illness. If the participant was uncertain of the type of illness they had had, then they described it to the interviewer (a trained nurse) who attempted to place it within the coding tree. If the illness could not be located in the coding tree then the interviewer entered a free-text description of it. These free-text descriptions were subsequently examined by a doctor and, where possible, matched to entries in the coding tree. Free-text descriptions which could not be matched with very high probability have been marked as ""unclassifiable"". Note that myasthenia gravis appears twice (under codes 1260 and 1437). Please ensure you use both codes to capture all relevant diagnoses.",asthma,UK Biobank Assessment Centre > Verbal interview > Medical conditions,other_candidate,"CSA,EUR",CSA,1,verified_from_official_manifest,categorical-20002-both_sexes-1111.tsv.bgz,categorical-20002-both_sexes-1111.tsv.bgz.tbi,s3://pan-ukb-us-east-1/sumstats_flat_files/categorical-20002-both_sexes-1111.tsv.bgz,s3://pan-ukb-us-east-1/sumstats_flat_files_tabix/categorical-20002-both_sexes-1111.tsv.bgz.tbi,Pan-UKB official phenotype manifest,UNREVIEWED,795.0,5829.0,h2_z_insignificant,106.0,874.0,n_too_low,1083.0,7766.0,PASS,238.0,2469.0,h2_z_insignificant,48865.0,371608.0,PASS,176.0,1419.0,h2_z_insignificant
Pan-UKB::categorical|20002|both_sexes|1220|,Pan-UKB,GRCh37,categorical|20002|both_sexes|1220|,,categorical,20002,"Non-cancer illness code, self-reported","Code for non-cancer illness. If the participant was uncertain of the type of illness they had had, then they described it to the interviewer (a trained nurse) who attempted to place it within the coding tree. If the illness could not be located in the coding tree then the interviewer entered a free-text description of it. These free-text descriptions were subsequently examined by a doctor and, where possible, matched to entries in the coding tree. Free-text descriptions which could not be matched with very high probability have been marked as ""unclassifiable"". Note that myasthenia gravis appears twice (under codes 1260 and 1437). Please ensure you use both codes to capture all relevant diagnoses.",diabetes,UK Biobank Assessment Centre > Verbal interview > Medical conditions,other_candidate,"CSA,EUR,MID","CSA,MID",2,verified_from_official_manifest,categorical-20002-both_sexes-1220.tsv.bgz,categorical-20002-both_sexes-1220.tsv.bgz.tbi,s3://pan-ukb-us-east-1/sumstats_flat_files/categorical-20002-both_sexes-1220.tsv.bgz,s3://pan-ukb-us-east-1/sumstats_flat_files_tabix/categorical-20002-both_sexes-1220.tsv.bgz.tbi,Pan-UKB official phenotype manifest,UNREVIEWED,668.0,5956.0,h2_z_insignificant,,,,1372.0,7477.0,PASS,127.0,2580.0,h2_z_insignificant,16550.0,403923.0,PASS,140.0,1455.0,PASS
Pan-UKB::categorical|20002|both_sexes|1226|,Pan-UKB,GRCh37,categorical|20002|both_sexes|1226|,,categorical,20002,"Non-cancer illness code, self-reported","Code for non-cancer illness. If the participant was uncertain of the type of illness they had had, then they described it to the interviewer (a trained nurse) who attempted to place it within the coding tree. If the illness could not be located in the coding tree then the interviewer entered a free-text description of it. These free-text descriptions were subsequently examined by a doctor and, where possible, matched to entries in the coding tree. Free-text descriptions which could not be matched with very high probability have been marked as ""unclassifiable"". Note that myasthenia gravis appears twice (under codes 1260 and 1437). Please ensure you use both codes to capture all relevant diagnoses.",hypothyroidism/myxoedema,UK Biobank Assessment Centre > Verbal interview > Medical conditions,other_candidate,"AFR,CSA,EUR","AFR,CSA",2,verified_from_official_manifest,categorical-20002-both_sexes-1226.tsv.bgz,categorical-20002-both_sexes-1226.tsv.bgz.tbi,s3://pan-ukb-us-east-1/sumstats_flat_files/categorical-20002-both_sexes-1226.tsv.bgz,s3://pan-ukb-us-east-1/sumstats_flat_files_tabix/categorical-20002-both_sexes-1226.tsv.bgz.tbi,Pan-UKB official phenotype manifest,UNREVIEWED,135.0,6489.0,PASS,,,,543.0,8306.0,PASS,,,,20563.0,399910.0,PASS,,,
Pan-UKB::categorical|20002|both_sexes|1286|,Pan-UKB,GRCh37,categorical|20002|both_sexes|1286|,,categorical,20002,"Non-cancer illness code, self-reported","Code for non-cancer illness. If the participant was uncertain of the type of illness they had had, then they described it to the interviewer (a trained nurse) who attempted to place it within the coding tree. If the illness could not be located in the coding tree then the interviewer entered a free-text description of it. These free-text descriptions were subsequently examined by a doctor and, where possible, matched to entries in the coding tree. Free-text descriptions which could not be matched with very high probability have been marked as ""unclassifiable"". Note that myasthenia gravis appears twice (under codes 1260 and 1437). Please ensure you use both codes to capture all relevant diagnoses.",depression,UK Biobank Assessment Centre > Verbal interview > Medical conditions,other_candidate,"CSA,EUR",CSA,1,verified_from_official_manifest,categorical-20002-both_sexes-1286.tsv.bgz,categorical-20002-both_sexes-1286.tsv.bgz.tbi,s3://pan-ukb-us-east-1/sumstats_flat_files/categorical-20002-both_sexes-1286.tsv.bgz,s3://pan-ukb-us-east-1/sumstats_flat_files_tabix/categorical-20002-both_sexes-1286.tsv.bgz.tbi,Pan-UKB official phenotype manifest,UNREVIEWED,184.0,6440.0,h2_z_insignificant,55.0,925.0,n_too_low,335.0,8514.0,PASS,52.0,2655.0,h2_z_insignificant,24071.0,396402.0,PASS,114.0,1481.0,h2_z_insignificant
Pan-UKB::categorical|20002|both_sexes|1474|,Pan-UKB,GRCh37,categorical|20002|both_sexes|1474|,,categorical,20002,"Non-cancer illness code, self-reported","Code for non-cancer illness. If the participant was uncertain of the type of illness they had had, then they described it to the interviewer (a trained nurse) who attempted to place it within the coding tree. If the illness could not be located in the coding tree then the interviewer entered a free-text description of it. These free-text descriptions were subsequently examined by a doctor and, where possible, matched to entries in the coding tree. Free-text descriptions which could not be matched with very high probability have been marked as ""unclassifiable"". Note that myasthenia gravis appears twice (under codes 1260 and 1437). Please ensure you use both codes to capture all relevant diagnoses.",hiatus hernia,UK Biobank Assessment Centre > Verbal interview > Medical conditions,other_candidate,"CSA,EUR",CSA,1,verified_from_official_manifest,categorical-20002-both_sexes-1474.tsv.bgz,categorical-20002-both_sexes-1474.tsv.bgz.tbi,s3://pan-ukb-us-east-1/sumstats_flat_files/categorical-20002-both_sexes-1474.tsv.bgz,s3://pan-ukb-us-east-1/sumstats_flat_files_tabix/categorical-20002-both_sexes-1474.tsv.bgz.tbi,Pan-UKB official phenotype manifest,UNREVIEWED,59.0,6565.0,h2_z_insignificant,,,,57.0,8792.0,PASS,,,,9850.0,410623.0,PASS,,,
Pan-UKB::categorical|20003|both_sexes|1140865634|,Pan-UKB,GRCh37,categorical|20003|both_sexes|1140865634|,,categorical,20003,Treatment/medication code,Code for treatment Negative codes indicate free-text entry.,omeprazole,UK Biobank Assessment Centre > Verbal interview > Medications,other_candidate,"CSA,EUR",CSA,1,verified_from_official_manifest,categorical-20003-both_sexes-1140865634.tsv.bgz,categorical-20003-both_sexes-1140865634.tsv.bgz.tbi,s3://pan-ukb-us-east-1/sumstats_flat_files/categorical-20003-both_sexes-1140865634.tsv.bgz,s3://pan-ukb-us-east-1/sumstats_flat_files_tabix/categorical-20003-both_sexes-1140865634.tsv.bgz.tbi,Pan-UKB official phenotype manifest,UNREVIEWED,352.0,6272.0,h2_z_insignificant,77.0,903.0,n_too_low,636.0,8213.0,PASS,81.0,2626.0,h2_z_insignificant,24743.0,395730.0,PASS,119.0,1476.0,h2_z_insignificant
Pan-UKB::categorical|20003|both_sexes|1140866738|,Pan-UKB,GRCh37,categorical|20003|both_sexes|1140866738|,,categorical,20003,Treatment/medication code,Code for treatment Negative codes indicate free-text entry.,atenolol,UK Biobank Assessment Centre > Verbal interview > Medications,other_candidate,"CSA,EAS,EUR","CSA,EAS",2,verified_from_official_manifest,categorical-20003-both_sexes-1140866738.tsv.bgz,categorical-20003-both_sexes-1140866738.tsv.bgz.tbi,s3://pan-ukb-us-east-1/sumstats_flat_files/categorical-20003-both_sexes-1140866738.tsv.bgz,s3://pan-ukb-us-east-1/sumstats_flat_files_tabix/categorical-20003-both_sexes-1140866738.tsv.bgz.tbi,Pan-UKB official phenotype manifest,UNREVIEWED,227.0,6397.0,h2_z_insignificant,,,,341.0,8508.0,PASS,58.0,2649.0,PASS,16428.0,404045.0,PASS,59.0,1536.0,h2_z_insignificant
Pan-UKB::categorical|20003|both_sexes|1140871310|,Pan-UKB,GRCh37,categorical|20003|both_sexes|1140871310|,,categorical,20003,Treatment/medication code,Code for treatment Negative codes indicate free-text entry.,ibuprofen,UK Biobank Assessment Centre > Verbal interview > Medications,other_candidate,"CSA,EAS,EUR","CSA,EAS",2,verified_from_official_manifest,categorical-20003-both_sexes-1140871310.tsv.bgz,categorical-20003-both_sexes-1140871310.tsv.bgz.tbi,s3://pan-ukb-us-east-1/sumstats_flat_files/categorical-20003-both_sexes-1140871310.tsv.bgz,s3://pan-ukb-us-east-1/sumstats_flat_files_tabix/categorical-20003-both_sexes-1140871310.tsv.bgz.tbi,Pan-UKB official phenotype manifest,UNREVIEWED,918.0,5706.0,h2_z_insignificant,181.0,799.0,n_too_low,804.0,8045.0,PASS,208.0,2499.0,PASS,52343.0,368130.0,PASS,196.0,1399.0,h2_z_insignificant
Pan-UKB::categorical|20003|both_sexes|1140874420|,Pan-UKB,GRCh37,categorical|20003|both_sexes|1140874420|,,categorical,20003,Treatment/medication code,Code for treatment Negative codes indicate free-text entry.,quinine,UK Biobank Assessment Centre > Verbal interview > Medications,other_candidate,"CSA,EUR",CSA,1,verified_from_official_manifest,categorical-20003-both_sexes-1140874420.tsv.bgz,categorical-20003-both_sexes-1140874420.tsv.bgz.tbi,s3://pan-ukb-us-east-1/sumstats_flat_files/categorical-20003-both_sexes-1140874420.tsv.bgz,s3://pan-ukb-us-east-1/sumstats_flat_files_tabix/categorical-20003-both_sexes-1140874420.tsv.bgz.tbi,Pan-UKB official phenotype manifest,UNREVIEWED,,,,,,,55.0,8794.0,PASS,,,,2846.0,417627.0,PASS,,,
Pan-UKB::categorical|20003|both_sexes|1140879802|,Pan-UKB,GRCh37,categorical|20003|both_sexes|1140879802|,,categorical,20003,Treatment/medication code,Code for treatment Negative codes indicate free-text entry.,amlodipine,UK Biobank Assessment Centre > Verbal interview > Medications,other_candidate,"CSA,EUR",CSA,1,verified_from_official_manifest,categorical-20003-both_sexes-1140879802.tsv.bgz,categorical-20003-both_sexes-1140879802.tsv.bgz.tbi,s3://pan-ukb-us-east-1/sumstats_flat_files/categorical-20003-both_sexes-1140879802.tsv.bgz,s3://pan-ukb-us-east-1/sumstats_flat_files_tabix/categorical-20003-both_sexes-1140879802.tsv.bgz.tbi,Pan-UKB official phenotype manifest,UNREVIEWED,892.0,5732.0,h2_z_insignificant,,,,673.0,8176.0,PASS,117.0,2590.0,h2_z_insignificant,17099.0,403374.0,PASS,75.0,1520.0,h2_z_insignificant
Pan-UKB::categorical|20003|both_sexes|1140881856|,Pan-UKB,GRCh37,categorical|20003|both_sexes|1140881856|,,categorical,20003,Treatment/medication code,Code for treatment Negative codes indicate free-text entry.,salbutamol,UK Biobank Assessment Centre > Verbal interview > Medications,other_candidate,"CSA,EUR",CSA,1,verified_from_official_manifest,categorical-20003-both_sexes-1140881856.tsv.bgz,categorical-20003-both_sexes-1140881856.tsv.bgz.tbi,s3://pan-ukb-us-east-1/sumstats_flat_files/categorical-20003-both_sexes-1140881856.tsv.bgz,s3://pan-ukb-us-east-1/sumstats_flat_files_tabix/categorical-20003-both_sexes-1140881856.tsv.bgz.tbi,Pan-UKB official phenotype manifest,UNREVIEWED,71.0,6553.0,h2_z_insignificant,,,,121.0,8728.0,PASS,,,,5047.0,415426.0,PASS,,,
Pan-UKB::categorical|20003|both_sexes|1140884600|,Pan-UKB,GRCh37,categorical|20003|both_sexes|1140884600|,,categorical,20003,Treatment/medication code,Code for treatment Negative codes indicate free-text entry.,metformin,UK Biobank Assessment Centre > Verbal interview > Medications,other_candidate,"CSA,EUR",CSA,1,verified_from_official_manifest,categorical-20003-both_sexes-1140884600.tsv.bgz,categorical-20003-both_sexes-1140884600.tsv.bgz.tbi,s3://pan-ukb-us-east-1/sumstats_flat_files/categorical-20003-both_sexes-1140884600.tsv.bgz,s3://pan-ukb-us-east-1/sumstats_flat_files_tabix/categorical-20003-both_sexes-1140884600.tsv.bgz.tbi,Pan-UKB official phenotype manifest,UNREVIEWED,492.0,6132.0,h2_z_insignificant,,,,1031.0,7818.0,PASS,84.0,2623.0,h2_z_insignificant,10495.0,409978.0,PASS,101.0,1494.0,h2_z_insignificant
Pan-UKB::categorical|20003|both_sexes|1140923346|,Pan-UKB,GRCh37,categorical|20003|both_sexes|1140923346|,,categorical,20003,Treatment/medication code,Code for treatment Negative codes indicate free-text entry.,co-codamol,UK Biobank Assessment Centre > Verbal interview > Medications,other_candidate,"CSA,EUR",CSA,1,verified_from_official_manifest,categorical-20003-both_sexes-1140923346.tsv.bgz,categorical-20003-both_sexes-1140923346.tsv.bgz.tbi,s3://pan-ukb-us-east-1/sumstats_flat_files/categorical-20003-both_sexes-1140923346.tsv.bgz,s3://pan-ukb-us-east-1/sumstats_flat_files_tabix/categorical-20003-both_sexes-1140923346.tsv.bgz.tbi,Pan-UKB official phenotype manifest,UNREVIEWED,176.0,6448.0,h2_z_insignificant,,,,190.0,8659.0,PASS,,,,9925.0,410548.0,PASS,,,
Pan-UKB::categorical|20003|both_sexes|1141176832|,Pan-UKB,GRCh37,categorical|20003|both_sexes|1141176832|,,categorical,20003,Treatment/medication code,Code for treatment Negative codes indicate free-text entry.,seretide 50 evohaler,UK Biobank Assessment Centre > Verbal interview > Medications,other_candidate,"CSA,EUR",CSA,1,verified_from_official_manifest,categorical-20003-both_sexes-1141176832.tsv.bgz,categorical-20003-both_sexes-1141176832.tsv.bgz.tbi,s3://pan-ukb-us-east-1/sumstats_flat_files/categorical-20003-both_sexes-1141176832.tsv.bgz,s3://pan-ukb-us-east-1/sumstats_flat_files_tabix/categorical-20003-both_sexes-1141176832.tsv.bgz.tbi,Pan-UKB official phenotype manifest,UNREVIEWED,57.0,6567.0,h2_z_insignificant,,,,82.0,8767.0,PASS,,,,4973.0,415500.0,PASS,,,
Pan-UKB::categorical|20003|both_sexes|1141191044|,Pan-UKB,GRCh37,categorical|20003|both_sexes|1141191044|,,categorical,20003,Treatment/medication code,Code for treatment Negative codes indicate free-text entry.,levothyroxine sodium,UK Biobank Assessment Centre > Verbal interview > Medications,other_candidate,"CSA,EUR",CSA,1,verified_from_official_manifest,categorical-20003-both_sexes-1141191044.tsv.bgz,categorical-20003-both_sexes-1141191044.tsv.bgz.tbi,s3://pan-ukb-us-east-1/sumstats_flat_files/categorical-20003-both_sexes-1141191044.tsv.bgz,s3://pan-ukb-us-east-1/sumstats_flat_files_tabix/categorical-20003-both_sexes-1141191044.tsv.bgz.tbi,Pan-UKB official phenotype manifest,UNREVIEWED,131.0,6493.0,h2_z_insignificant,,,,441.0,8408.0,PASS,65.0,2642.0,h2_z_insignificant,17238.0,403235.0,PASS,,,
Pan-UKB::categorical|20003|both_sexes|1141194794|,Pan-UKB,GRCh37,categorical|20003|both_sexes|1141194794|,,categorical,20003,Treatment/medication code,Code for treatment Negative codes indicate free-text entry.,bendroflumethiazide,UK Biobank Assessment Centre > Verbal interview > Medications,other_candidate,"EUR,MID",MID,1,verified_from_official_manifest,categorical-20003-both_sexes-1141194794.tsv.bgz,categorical-20003-both_sexes-1141194794.tsv.bgz.tbi,s3://pan-ukb-us-east-1/sumstats_flat_files/categorical-20003-both_sexes-1141194794.tsv.bgz,s3://pan-ukb-us-east-1/sumstats_flat_files_tabix/categorical-20003-both_sexes-1141194794.tsv.bgz.tbi,Pan-UKB official phenotype manifest,UNREVIEWED,660.0,5964.0,h2_z_insignificant,,,,374.0,8475.0,h2_z_insignificant,73.0,2634.0,h2_z_insignificant,23682.0,396791.0,PASS,58.0,1537.0,PASS
Pan-UKB::categorical|20004|both_sexes|1477|,Pan-UKB,GRCh37,categorical|20004|both_sexes|1477|,,categorical,20004,Operation code,"Code for operation. If the participant was uncertain of the type of operation they had undergone, then they described it to the interviewer (a trained nurse) who attempted to place it within the coding tree. If the operation could not be located in the coding tree then the interviewer entered a free-text description of it. These free-text descriptions were subsequently examined by a doctor and, where possible, matched to entries in the coding tree. Free-text descriptions which could not be matched with very high probability have been marked as ""unclassifiable"".",caesarean section / caesarian section,UK Biobank Assessment Centre > Verbal interview > Operations,other_candidate,"EUR,MID",MID,1,verified_from_official_manifest,categorical-20004-both_sexes-1477.tsv.bgz,categorical-20004-both_sexes-1477.tsv.bgz.tbi,s3://pan-ukb-us-east-1/sumstats_flat_files/categorical-20004-both_sexes-1477.tsv.bgz,s3://pan-ukb-us-east-1/sumstats_flat_files_tabix/categorical-20004-both_sexes-1477.tsv.bgz.tbi,Pan-UKB official phenotype manifest,UNREVIEWED,557.0,6067.0,h2_z_insignificant,118.0,862.0,n_too_low,666.0,8183.0,h2_z_insignificant,254.0,2453.0,h2_z_insignificant,21130.0,399343.0,PASS,102.0,1493.0,PASS
Pan-UKB::categorical|20004|both_sexes|1478|,Pan-UKB,GRCh37,categorical|20004|both_sexes|1478|,,categorical,20004,Operation code,"Code for operation. If the participant was uncertain of the type of operation they had undergone, then they described it to the interviewer (a trained nurse) who attempted to place it within the coding tree. If the operation could not be located in the coding tree then the interviewer entered a free-text description of it. These free-text descriptions were subsequently examined by a doctor and, where possible, matched to entries in the coding tree. Free-text descriptions which could not be matched with very high probability have been marked as ""unclassifiable"".",tonsillectomy +/- adenoids,UK Biobank Assessment Centre > Verbal interview > Operations,other_candidate,"AFR,EUR",AFR,1,verified_from_official_manifest,categorical-20004-both_sexes-1478.tsv.bgz,categorical-20004-both_sexes-1478.tsv.bgz.tbi,s3://pan-ukb-us-east-1/sumstats_flat_files/categorical-20004-both_sexes-1478.tsv.bgz,s3://pan-ukb-us-east-1/sumstats_flat_files_tabix/categorical-20004-both_sexes-1478.tsv.bgz.tbi,Pan-UKB official phenotype manifest,UNREVIEWED,129.0,6495.0,PASS,101.0,879.0,n_too_low,233.0,8616.0,h2_z_insignificant,85.0,2622.0,h2_z_insignificant,65576.0,354897.0,PASS,112.0,1483.0,h2_z_insignificant
Pan-UKB::categorical|20004|both_sexes|1479|,Pan-UKB,GRCh37,categorical|20004|both_sexes|1479|,,categorical,20004,Operation code,"Code for operation. If the participant was uncertain of the type of operation they had undergone, then they described it to the interviewer (a trained nurse) who attempted to place it within the coding tree. If the operation could not be located in the coding tree then the interviewer entered a free-text description of it. These free-text descriptions were subsequently examined by a doctor and, where possible, matched to entries in the coding tree. Free-text descriptions which could not be matched with very high probability have been marked as ""unclassifiable"".",varicose vein surgery,UK Biobank Assessment Centre > Verbal interview > Operations,other_candidate,"AFR,EUR",AFR,1,verified_from_official_manifest,categorical-20004-both_sexes-1479.tsv.bgz,categorical-20004-both_sexes-1479.tsv.bgz.tbi,s3://pan-ukb-us-east-1/sumstats_flat_files/categorical-20004-both_sexes-1479.tsv.bgz,s3://pan-ukb-us-east-1/sumstats_flat_files_tabix/categorical-20004-both_sexes-1479.tsv.bgz.tbi,Pan-UKB official phenotype manifest,UNREVIEWED,66.0,6558.0,PASS,,,,150.0,8699.0,h2_z_insignificant,,,,17168.0,403305.0,PASS,,,
Pan-UKB::categorical|20004|both_sexes|1480|,Pan-UKB,GRCh37,categorical|20004|both_sexes|1480|,,categorical,20004,Operation code,"Code for operation. If the participant was uncertain of the type of operation they had undergone, then they described it to the interviewer (a trained nurse) who attempted to place it within the coding tree. If the operation could not be located in the coding tree then the interviewer entered a free-text description of it. These free-text descriptions were subsequently examined by a doctor and, where possible, matched to entries in the coding tree. Free-text descriptions which could not be matched with very high probability have been marked as ""unclassifiable"".",wisdom teeth surgery,UK Biobank Assessment Centre > Verbal interview > Operations,other_candidate,"AFR,EUR",AFR,1,verified_from_official_manifest,categorical-20004-both_sexes-1480.tsv.bgz,categorical-20004-both_sexes-1480.tsv.bgz.tbi,s3://pan-ukb-us-east-1/sumstats_flat_files/categorical-20004-both_sexes-1480.tsv.bgz,s3://pan-ukb-us-east-1/sumstats_flat_files_tabix/categorical-20004-both_sexes-1480.tsv.bgz.tbi,Pan-UKB official phenotype manifest,UNREVIEWED,124.0,6500.0,PASS,,,,132.0,8717.0,h2_z_insignificant,69.0,2638.0,h2_z_insignificant,16504.0,403969.0,PASS,,,
Pan-UKB::categorical|20004|both_sexes|1483|,Pan-UKB,GRCh37,categorical|20004|both_sexes|1483|,,categorical,20004,Operation code,"Code for operation. If the participant was uncertain of the type of operation they had undergone, then they described it to the interviewer (a trained nurse) who attempted to place it within the coding tree. If the operation could not be located in the coding tree then the interviewer entered a free-text description of it. These free-text descriptions were subsequently examined by a doctor and, where possible, matched to entries in the coding tree. Free-text descriptions which could not be matched with very high probability have been marked as ""unclassifiable"".",haemorroidectomy / piles surgery/ banding of piles,UK Biobank Assessment Centre > Verbal interview > Operations,other_candidate,"EUR,MID",MID,1,verified_from_official_manifest,categorical-20004-both_sexes-1483.tsv.bgz,categorical-20004-both_sexes-1483.tsv.bgz.tbi,s3://pan-ukb-us-east-1/sumstats_flat_files/categorical-20004-both_sexes-1483.tsv.bgz,s3://pan-ukb-us-east-1/sumstats_flat_files_tabix/categorical-20004-both_sexes-1483.tsv.bgz.tbi,Pan-UKB official phenotype manifest,UNREVIEWED,125.0,6499.0,h2_z_insignificant,,,,182.0,8667.0,h2_z_insignificant,62.0,2645.0,h2_z_insignificant,7412.0,413061.0,PASS,65.0,1530.0,PASS
Pan-UKB::categorical|2010|both_sexes|2010|,Pan-UKB,GRCh37,categorical|2010|both_sexes|2010|,,categorical,2010,Suffer from 'nerves',"ACE touchscreen question ""Do you suffer from 'nerves'?"" If the participant activated the Help button they were shown the message: Work through these questions quickly and do not think about the exact meaning of the question",,UK Biobank Assessment Centre > Touchscreen > Psychosocial factors > Mental health,other_candidate,"CSA,EUR,MID","CSA,MID",2,verified_from_official_manifest,categorical-2010-both_sexes-2010.tsv.bgz,categorical-2010-both_sexes-2010.tsv.bgz.tbi,s3://pan-ukb-us-east-1/sumstats_flat_files/categorical-2010-both_sexes-2010.tsv.bgz,s3://pan-ukb-us-east-1/sumstats_flat_files_tabix/categorical-2010-both_sexes-2010.tsv.bgz.tbi,Pan-UKB official phenotype manifest,UNREVIEWED,924.0,5215.0,h2_z_insignificant,186.0,724.0,n_too_low,1604.0,6260.0,PASS,446.0,1925.0,h2_z_insignificant,86065.0,319257.0,PASS,289.0,1153.0,PASS
Pan-UKB::categorical|20107|both_sexes|1|,Pan-UKB,GRCh37,categorical|20107|both_sexes|1|,,categorical,20107,Illnesses of father,"This field contains the combined results of 2 ACE touchscreen questions, both asked ""Has/did your father ever suffer from? (You can select more than one answer)"" for different sets of illnesses. For convenience, the illnesses were arbitrarily divided into two sets: Group 1 : Heart disease, Stroke, High blood pressure, Chronic bronchitis/emphysema, Alzheimer's disease/dementia, Diabetes. Group 2 : Parkinson's disease, Severe Depression, Lung cancer, Bowel cancer, Prostate cancer. If any of codes -11, -13 or -17 were selected then no additional Group 1 choices were allowed. If any of codes -21, -23 or -27 were selected then no additional Group 2 choices were allowed. If the participant activated the Help button they were shown the message: Answer this question for blood relations only. If you are not sure if your father suffered from any of the listed illnesses please select Do not know. If you know your father suffered from certain listed illnesses but are unsure about others, only select the ones you are sure about. The information was collected from participants who indicated they were not adopted as a child, as defined by their answers to ~F1767~ and who indicated whether their natural father was still alive or had died, as defined by their answers to ~F1797~. Note that although Breast cancer is present in ~C1010~, participants were not presented with this option when selecting Father illnesses.",Heart disease,UK Biobank Assessment Centre > Touchscreen > Family history,other_candidate,"AFR,CSA,EAS,EUR","AFR,CSA,EAS",3,verified_from_official_manifest,categorical-20107-both_sexes-1.tsv.bgz,categorical-20107-both_sexes-1.tsv.bgz.tbi,s3://pan-ukb-us-east-1/sumstats_flat_files/categorical-20107-both_sexes-1.tsv.bgz,s3://pan-ukb-us-east-1/sumstats_flat_files_tabix/categorical-20107-both_sexes-1.tsv.bgz.tbi,Pan-UKB official phenotype manifest,UNREVIEWED,490.0,4064.0,PASS,206.0,560.0,n_too_low,2401.0,4799.0,PASS,350.0,1739.0,PASS,121257.0,250086.0,PASS,295.0,952.0,h2_z_insignificant
Pan-UKB::categorical|20107|both_sexes|100|,Pan-UKB,GRCh37,categorical|20107|both_sexes|100|,,categorical,20107,Illnesses of father,"This field contains the combined results of 2 ACE touchscreen questions, both asked ""Has/did your father ever suffer from? (You can select more than one answer)"" for different sets of illnesses. For convenience, the illnesses were arbitrarily divided into two sets: Group 1 : Heart disease, Stroke, High blood pressure, Chronic bronchitis/emphysema, Alzheimer's disease/dementia, Diabetes. Group 2 : Parkinson's disease, Severe Depression, Lung cancer, Bowel cancer, Prostate cancer. If any of codes -11, -13 or -17 were selected then no additional Group 1 choices were allowed. If any of codes -21, -23 or -27 were selected then no additional Group 2 choices were allowed. If the participant activated the Help button they were shown the message: Answer this question for blood relations only. If you are not sure if your father suffered from any of the listed illnesses please select Do not know. If you know your father suffered from certain listed illnesses but are unsure about others, only select the ones you are sure about. The information was collected from participants who indicated they were not adopted as a child, as defined by their answers to ~F1767~ and who indicated whether their natural father was still alive or had died, as defined by their answers to ~F1797~. Note that although Breast cancer is present in ~C1010~, participants were not presented with this option when selecting Father illnesses.",None of the above (group 1),UK Biobank Assessment Centre > Touchscreen > Family history,other_candidate,"CSA,EUR",CSA,1,verified_from_official_manifest,categorical-20107-both_sexes-100.tsv.bgz,categorical-20107-both_sexes-100.tsv.bgz.tbi,s3://pan-ukb-us-east-1/sumstats_flat_files/categorical-20107-both_sexes-100.tsv.bgz,s3://pan-ukb-us-east-1/sumstats_flat_files_tabix/categorical-20107-both_sexes-100.tsv.bgz.tbi,Pan-UKB official phenotype manifest,UNREVIEWED,2089.0,2512.0,h2_z_insignificant,322.0,440.0,n_too_low,2434.0,4600.0,PASS,898.0,1201.0,h2_z_insignificant,136194.0,230673.0,PASS,537.0,697.0,h2_z_insignificant
Pan-UKB::categorical|20107|both_sexes|101|,Pan-UKB,GRCh37,categorical|20107|both_sexes|101|,,categorical,20107,Illnesses of father,"This field contains the combined results of 2 ACE touchscreen questions, both asked ""Has/did your father ever suffer from? (You can select more than one answer)"" for different sets of illnesses. For convenience, the illnesses were arbitrarily divided into two sets: Group 1 : Heart disease, Stroke, High blood pressure, Chronic bronchitis/emphysema, Alzheimer's disease/dementia, Diabetes. Group 2 : Parkinson's disease, Severe Depression, Lung cancer, Bowel cancer, Prostate cancer. If any of codes -11, -13 or -17 were selected then no additional Group 1 choices were allowed. If any of codes -21, -23 or -27 were selected then no additional Group 2 choices were allowed. If the participant activated the Help button they were shown the message: Answer this question for blood relations only. If you are not sure if your father suffered from any of the listed illnesses please select Do not know. If you know your father suffered from certain listed illnesses but are unsure about others, only select the ones you are sure about. The information was collected from participants who indicated they were not adopted as a child, as defined by their answers to ~F1767~ and who indicated whether their natural father was still alive or had died, as defined by their answers to ~F1797~. Note that although Breast cancer is present in ~C1010~, participants were not presented with this option when selecting Father illnesses.",None of the above (group 2),UK Biobank Assessment Centre > Touchscreen > Family history,other_candidate,"AFR,EUR",AFR,1,verified_from_official_manifest,categorical-20107-both_sexes-101.tsv.bgz,categorical-20107-both_sexes-101.tsv.bgz.tbi,s3://pan-ukb-us-east-1/sumstats_flat_files/categorical-20107-both_sexes-101.tsv.bgz,s3://pan-ukb-us-east-1/sumstats_flat_files_tabix/categorical-20107-both_sexes-101.tsv.bgz.tbi,Pan-UKB official phenotype manifest,UNREVIEWED,3868.0,839.0,PASS,585.0,179.0,n_too_low,6296.0,836.0,h2_z_insignificant,1797.0,352.0,h2_z_insignificant,276893.0,94340.0,PASS,1015.0,227.0,h2_z_insignificant
Pan-UKB::categorical|20107|both_sexes|3|,Pan-UKB,GRCh37,categorical|20107|both_sexes|3|,,categorical,20107,Illnesses of father,"This field contains the combined results of 2 ACE touchscreen questions, both asked ""Has/did your father ever suffer from? (You can select more than one answer)"" for different sets of illnesses. For convenience, the illnesses were arbitrarily divided into two sets: Group 1 : Heart disease, Stroke, High blood pressure, Chronic bronchitis/emphysema, Alzheimer's disease/dementia, Diabetes. Group 2 : Parkinson's disease, Severe Depression, Lung cancer, Bowel cancer, Prostate cancer. If any of codes -11, -13 or -17 were selected then no additional Group 1 choices were allowed. If any of codes -21, -23 or -27 were selected then no additional Group 2 choices were allowed. If the participant activated the Help button they were shown the message: Answer this question for blood relations only. If you are not sure if your father suffered from any of the listed illnesses please select Do not know. If you know your father suffered from certain listed illnesses but are unsure about others, only select the ones you are sure about. The information was collected from participants who indicated they were not adopted as a child, as defined by their answers to ~F1767~ and who indicated whether their natural father was still alive or had died, as defined by their answers to ~F1797~. Note that although Breast cancer is present in ~C1010~, participants were not presented with this option when selecting Father illnesses.",Lung cancer,UK Biobank Assessment Centre > Touchscreen > Family history,other_candidate,"AFR,CSA,EUR","AFR,CSA",2,verified_from_official_manifest,categorical-20107-both_sexes-3.tsv.bgz,categorical-20107-both_sexes-3.tsv.bgz.tbi,s3://pan-ukb-us-east-1/sumstats_flat_files/categorical-20107-both_sexes-3.tsv.bgz,s3://pan-ukb-us-east-1/sumstats_flat_files_tabix/categorical-20107-both_sexes-3.tsv.bgz.tbi,Pan-UKB official phenotype manifest,UNREVIEWED,116.0,4357.0,PASS,51.0,702.0,n_too_low,208.0,6690.0,PASS,158.0,1914.0,h2_z_insignificant,34416.0,331640.0,PASS,57.0,1150.0,h2_z_insignificant
Pan-UKB::categorical|20107|both_sexes|9|,Pan-UKB,GRCh37,categorical|20107|both_sexes|9|,,categorical,20107,Illnesses of father,"This field contains the combined results of 2 ACE touchscreen questions, both asked ""Has/did your father ever suffer from? (You can select more than one answer)"" for different sets of illnesses. For convenience, the illnesses were arbitrarily divided into two sets: Group 1 : Heart disease, Stroke, High blood pressure, Chronic bronchitis/emphysema, Alzheimer's disease/dementia, Diabetes. Group 2 : Parkinson's disease, Severe Depression, Lung cancer, Bowel cancer, Prostate cancer. If any of codes -11, -13 or -17 were selected then no additional Group 1 choices were allowed. If any of codes -21, -23 or -27 were selected then no additional Group 2 choices were allowed. If the participant activated the Help button they were shown the message: Answer this question for blood relations only. If you are not sure if your father suffered from any of the listed illnesses please select Do not know. If you know your father suffered from certain listed illnesses but are unsure about others, only select the ones you are sure about. The information was collected from participants who indicated they were not adopted as a child, as defined by their answers to ~F1767~ and who indicated whether their natural father was still alive or had died, as defined by their answers to ~F1797~. Note that although Breast cancer is present in ~C1010~, participants were not presented with this option when selecting Father illnesses.",Diabetes,UK Biobank Assessment Centre > Touchscreen > Family history,other_candidate,"CSA,EUR",CSA,1,verified_from_official_manifest,categorical-20107-both_sexes-9.tsv.bgz,categorical-20107-both_sexes-9.tsv.bgz.tbi,s3://pan-ukb-us-east-1/sumstats_flat_files/categorical-20107-both_sexes-9.tsv.bgz,s3://pan-ukb-us-east-1/sumstats_flat_files_tabix/categorical-20107-both_sexes-9.tsv.bgz.tbi,Pan-UKB official phenotype manifest,UNREVIEWED,1139.0,3478.0,h2_z_insignificant,111.0,649.0,n_too_low,2035.0,5093.0,PASS,384.0,1712.0,h2_z_insignificant,34887.0,330247.0,PASS,276.0,959.0,h2_z_insignificant
Pan-UKB::categorical|20110|both_sexes|100|,Pan-UKB,GRCh37,categorical|20110|both_sexes|100|,,categorical,20110,Illnesses of mother,"This field contains the combined results of 2 ACE touchscreen questions, both asked ""Has/did your mother ever suffer from? (You can select more than one answer)"" for different sets of illnesses. For convenience, the illnesses were arbitrarily divided into two sets: Group 1 : Heart disease, Stroke, High blood pressure, Chronic bronchitis/emphysema, Alzheimer's disease/dementia, Diabetes. Group 2 : Parkinson's disease, Severe Depression, Lung cancer, Bowel cancer, Breast cancer. If any of codes -11, -13 or -17 were selected then no additional Group 1 choices were allowed. If any of codes -21, -23 or -27 were selected then no additional Group 2 choices were allowed. If the participant activated the Help button they were shown the message: Answer this question for blood relations only. If you are not sure if your mother suffered from any of the listed illnesses please select Do not know. If you know your mother suffered from certain listed illnesses but are unsure about others, only select the ones you are sure about. The information was collected from participants who indicated they were not adopted as a child, as defined by their answers to ~F1767~ and who indicated whether their natural mother was still alive or had died, as defined by their answers to ~F1835~. Note that although Prostate cancer is present in ~C1010~, participants were not presented with this option when selecting Mother illnesses.",None of the above (group 1),UK Biobank Assessment Centre > Touchscreen > Family history,other_candidate,"AFR,CSA,EUR","AFR,CSA",2,verified_from_official_manifest,categorical-20110-both_sexes-100.tsv.bgz,categorical-20110-both_sexes-100.tsv.bgz.tbi,s3://pan-ukb-us-east-1/sumstats_flat_files/categorical-20110-both_sexes-100.tsv.bgz,s3://pan-ukb-us-east-1/sumstats_flat_files_tabix/categorical-20110-both_sexes-100.tsv.bgz.tbi,Pan-UKB official phenotype manifest,UNREVIEWED,1814.0,3667.0,PASS,365.0,482.0,n_too_low,2579.0,4781.0,PASS,922.0,1342.0,h2_z_insignificant,160672.0,226838.0,PASS,583.0,761.0,h2_z_insignificant
Pan-UKB::categorical|20110|both_sexes|8|,Pan-UKB,GRCh37,categorical|20110|both_sexes|8|,,categorical,20110,Illnesses of mother,"This field contains the combined results of 2 ACE touchscreen questions, both asked ""Has/did your mother ever suffer from? (You can select more than one answer)"" for different sets of illnesses. For convenience, the illnesses were arbitrarily divided into two sets: Group 1 : Heart disease, Stroke, High blood pressure, Chronic bronchitis/emphysema, Alzheimer's disease/dementia, Diabetes. Group 2 : Parkinson's disease, Severe Depression, Lung cancer, Bowel cancer, Breast cancer. If any of codes -11, -13 or -17 were selected then no additional Group 1 choices were allowed. If any of codes -21, -23 or -27 were selected then no additional Group 2 choices were allowed. If the participant activated the Help button they were shown the message: Answer this question for blood relations only. If you are not sure if your mother suffered from any of the listed illnesses please select Do not know. If you know your mother suffered from certain listed illnesses but are unsure about others, only select the ones you are sure about. The information was collected from participants who indicated they were not adopted as a child, as defined by their answers to ~F1767~ and who indicated whether their natural mother was still alive or had died, as defined by their answers to ~F1835~. Note that although Prostate cancer is present in ~C1010~, participants were not presented with this option when selecting Mother illnesses.",High blood pressure,UK Biobank Assessment Centre > Touchscreen > Family history,other_candidate,"AFR,EUR",AFR,1,verified_from_official_manifest,categorical-20110-both_sexes-8.tsv.bgz,categorical-20110-both_sexes-8.tsv.bgz.tbi,s3://pan-ukb-us-east-1/sumstats_flat_files/categorical-20110-both_sexes-8.tsv.bgz,s3://pan-ukb-us-east-1/sumstats_flat_files_tabix/categorical-20110-both_sexes-8.tsv.bgz.tbi,Pan-UKB official phenotype manifest,UNREVIEWED,3097.0,2555.0,PASS,310.0,539.0,n_too_low,3163.0,4330.0,h2_z_insignificant,966.0,1324.0,h2_z_insignificant,118286.0,269702.0,PASS,528.0,847.0,h2_z_insignificant
Pan-UKB::categorical|20110|both_sexes|9|,Pan-UKB,GRCh37,categorical|20110|both_sexes|9|,,categorical,20110,Illnesses of mother,"This field contains the combined results of 2 ACE touchscreen questions, both asked ""Has/did your mother ever suffer from? (You can select more than one answer)"" for different sets of illnesses. For convenience, the illnesses were arbitrarily divided into two sets: Group 1 : Heart disease, Stroke, High blood pressure, Chronic bronchitis/emphysema, Alzheimer's disease/dementia, Diabetes. Group 2 : Parkinson's disease, Severe Depression, Lung cancer, Bowel cancer, Breast cancer. If any of codes -11, -13 or -17 were selected then no additional Group 1 choices were allowed. If any of codes -21, -23 or -27 were selected then no additional Group 2 choices were allowed. If the participant activated the Help button they were shown the message: Answer this question for blood relations only. If you are not sure if your mother suffered from any of the listed illnesses please select Do not know. If you know your mother suffered from certain listed illnesses but are unsure about others, only select the ones you are sure about. The information was collected from participants who indicated they were not adopted as a child, as defined by their answers to ~F1767~ and who indicated whether their natural mother was still alive or had died, as defined by their answers to ~F1835~. Note that although Prostate cancer is present in ~C1010~, participants were not presented with this option when selecting Mother illnesses.",Diabetes,UK Biobank Assessment Centre > Touchscreen > Family history,other_candidate,"AFR,EUR",AFR,1,verified_from_official_manifest,categorical-20110-both_sexes-9.tsv.bgz,categorical-20110-both_sexes-9.tsv.bgz.tbi,s3://pan-ukb-us-east-1/sumstats_flat_files/categorical-20110-both_sexes-9.tsv.bgz,s3://pan-ukb-us-east-1/sumstats_flat_files_tabix/categorical-20110-both_sexes-9.tsv.bgz.tbi,Pan-UKB official phenotype manifest,UNREVIEWED,1556.0,3975.0,PASS,117.0,735.0,n_too_low,2418.0,5058.0,h2_z_insignificant,452.0,1811.0,h2_z_insignificant,36007.0,349784.0,PASS,267.0,1093.0,h2_z_insignificant
Pan-UKB::categorical|20111|both_sexes|1|,Pan-UKB,GRCh37,categorical|20111|both_sexes|1|,,categorical,20111,Illnesses of siblings,"This field contains the combined results of 2 ACE touchscreen questions, both asked ""Have any of your brothers or sisters suffered from any of the following diseases? (You can select more than one answer)"" for different sets of illnesses. For convenience, the illnesses were arbitrarily divided into two sets: Group 1 : Heart disease, Stroke, High blood pressure, Chronic bronchitis/emphysema, Alzheimer's disease/dementia, Diabetes. Group 2 : Parkinson's disease, Severe Depression, Lung cancer, Bowel cancer, Prostate cancer, Breast cancer. If any of codes -11, -13 or -17 were selected then no additional Group 1 choices were allowed. If any of codes -21, -23 or -27 were selected then no additional Group 2 choices were allowed. If the participant activated the Help button they were shown the message: Answer this question for blood relations only. Include any sisters or brothers who have died. If you are not sure if your sisters or brothers suffered from any of the listed illnesses please select Do not know. If more than one sister or brother has suffered from any of the listed illnesses, you only need to select the illness once. The information was collected from participants who indicated they were not adopted as a child, as defined by their answers to ~F1767~ and that they had at least one natural brother or sister, as defined by their answers to ~F1873~ and ~F1883~.",Heart disease,UK Biobank Assessment Centre > Touchscreen > Family history,other_candidate,"AFR,EUR",AFR,1,verified_from_official_manifest,categorical-20111-both_sexes-1.tsv.bgz,categorical-20111-both_sexes-1.tsv.bgz.tbi,s3://pan-ukb-us-east-1/sumstats_flat_files/categorical-20111-both_sexes-1.tsv.bgz,s3://pan-ukb-us-east-1/sumstats_flat_files_tabix/categorical-20111-both_sexes-1.tsv.bgz.tbi,Pan-UKB official phenotype manifest,UNREVIEWED,233.0,4754.0,PASS,57.0,690.0,n_too_low,1178.0,6124.0,h2_z_insignificant,191.0,1968.0,h2_z_insignificant,34434.0,295907.0,PASS,132.0,1130.0,h2_z_insignificant
Pan-UKB::categorical|20111|both_sexes|100|,Pan-UKB,GRCh37,categorical|20111|both_sexes|100|,,categorical,20111,Illnesses of siblings,"This field contains the combined results of 2 ACE touchscreen questions, both asked ""Have any of your brothers or sisters suffered from any of the following diseases? (You can select more than one answer)"" for different sets of illnesses. For convenience, the illnesses were arbitrarily divided into two sets: Group 1 : Heart disease, Stroke, High blood pressure, Chronic bronchitis/emphysema, Alzheimer's disease/dementia, Diabetes. Group 2 : Parkinson's disease, Severe Depression, Lung cancer, Bowel cancer, Prostate cancer, Breast cancer. If any of codes -11, -13 or -17 were selected then no additional Group 1 choices were allowed. If any of codes -21, -23 or -27 were selected then no additional Group 2 choices were allowed. If the participant activated the Help button they were shown the message: Answer this question for blood relations only. Include any sisters or brothers who have died. If you are not sure if your sisters or brothers suffered from any of the listed illnesses please select Do not know. If more than one sister or brother has suffered from any of the listed illnesses, you only need to select the illness once. The information was collected from participants who indicated they were not adopted as a child, as defined by their answers to ~F1767~ and that they had at least one natural brother or sister, as defined by their answers to ~F1873~ and ~F1883~.",None of the above (group 1),UK Biobank Assessment Centre > Touchscreen > Family history,other_candidate,"CSA,EUR",CSA,1,verified_from_official_manifest,categorical-20111-both_sexes-100.tsv.bgz,categorical-20111-both_sexes-100.tsv.bgz.tbi,s3://pan-ukb-us-east-1/sumstats_flat_files/categorical-20111-both_sexes-100.tsv.bgz,s3://pan-ukb-us-east-1/sumstats_flat_files_tabix/categorical-20111-both_sexes-100.tsv.bgz.tbi,Pan-UKB official phenotype manifest,UNREVIEWED,2911.0,2136.0,h2_z_insignificant,514.0,235.0,n_too_low,3631.0,3658.0,PASS,1325.0,844.0,h2_z_insignificant,223101.0,108548.0,PASS,767.0,499.0,h2_z_insignificant
Pan-UKB::categorical|20111|both_sexes|101|,Pan-UKB,GRCh37,categorical|20111|both_sexes|101|,,categorical,20111,Illnesses of siblings,"This field contains the combined results of 2 ACE touchscreen questions, both asked ""Have any of your brothers or sisters suffered from any of the following diseases? (You can select more than one answer)"" for different sets of illnesses. For convenience, the illnesses were arbitrarily divided into two sets: Group 1 : Heart disease, Stroke, High blood pressure, Chronic bronchitis/emphysema, Alzheimer's disease/dementia, Diabetes. Group 2 : Parkinson's disease, Severe Depression, Lung cancer, Bowel cancer, Prostate cancer, Breast cancer. If any of codes -11, -13 or -17 were selected then no additional Group 1 choices were allowed. If any of codes -21, -23 or -27 were selected then no additional Group 2 choices were allowed. If the participant activated the Help button they were shown the message: Answer this question for blood relations only. Include any sisters or brothers who have died. If you are not sure if your sisters or brothers suffered from any of the listed illnesses please select Do not know. If more than one sister or brother has suffered from any of the listed illnesses, you only need to select the illness once. The information was collected from participants who indicated they were not adopted as a child, as defined by their answers to ~F1767~ and that they had at least one natural brother or sister, as defined by their answers to ~F1873~ and ~F1883~.",None of the above (group 2),UK Biobank Assessment Centre > Touchscreen > Family history,other_candidate,"AFR,EUR",AFR,1,verified_from_official_manifest,categorical-20111-both_sexes-101.tsv.bgz,categorical-20111-both_sexes-101.tsv.bgz.tbi,s3://pan-ukb-us-east-1/sumstats_flat_files/categorical-20111-both_sexes-101.tsv.bgz,s3://pan-ukb-us-east-1/sumstats_flat_files_tabix/categorical-20111-both_sexes-101.tsv.bgz.tbi,Pan-UKB official phenotype manifest,UNREVIEWED,4471.0,630.0,PASS,635.0,120.0,n_too_low,6489.0,835.0,h2_z_insignificant,1930.0,263.0,h2_z_insignificant,281648.0,53410.0,PASS,1060.0,206.0,h2_z_insignificant
Pan-UKB::categorical|20111|both_sexes|9|,Pan-UKB,GRCh37,categorical|20111|both_sexes|9|,,categorical,20111,Illnesses of siblings,"This field contains the combined results of 2 ACE touchscreen questions, both asked ""Have any of your brothers or sisters suffered from any of the following diseases? (You can select more than one answer)"" for different sets of illnesses. For convenience, the illnesses were arbitrarily divided into two sets: Group 1 : Heart disease, Stroke, High blood pressure, Chronic bronchitis/emphysema, Alzheimer's disease/dementia, Diabetes. Group 2 : Parkinson's disease, Severe Depression, Lung cancer, Bowel cancer, Prostate cancer, Breast cancer. If any of codes -11, -13 or -17 were selected then no additional Group 1 choices were allowed. If any of codes -21, -23 or -27 were selected then no additional Group 2 choices were allowed. If the participant activated the Help button they were shown the message: Answer this question for blood relations only. Include any sisters or brothers who have died. If you are not sure if your sisters or brothers suffered from any of the listed illnesses please select Do not know. If more than one sister or brother has suffered from any of the listed illnesses, you only need to select the illness once. The information was collected from participants who indicated they were not adopted as a child, as defined by their answers to ~F1767~ and that they had at least one natural brother or sister, as defined by their answers to ~F1873~ and ~F1883~.",Diabetes,UK Biobank Assessment Centre > Touchscreen > Family history,other_candidate,"CSA,EUR",CSA,1,verified_from_official_manifest,categorical-20111-both_sexes-9.tsv.bgz,categorical-20111-both_sexes-9.tsv.bgz.tbi,s3://pan-ukb-us-east-1/sumstats_flat_files/categorical-20111-both_sexes-9.tsv.bgz,s3://pan-ukb-us-east-1/sumstats_flat_files_tabix/categorical-20111-both_sexes-9.tsv.bgz.tbi,Pan-UKB official phenotype manifest,UNREVIEWED,987.0,4085.0,h2_z_insignificant,79.0,670.0,n_too_low,2259.0,5142.0,PASS,371.0,1801.0,h2_z_insignificant,28107.0,301553.0,PASS,240.0,1033.0,h2_z_insignificant
Pan-UKB::categorical|20116|both_sexes|0|,Pan-UKB,GRCh37,categorical|20116|both_sexes|0|,,categorical,20116,Smoking status,This field summarises the current/past smoking status of the participant.,Never,UK Biobank Assessment Centre > Touchscreen > Lifestyle and environment > Smoking,other_candidate,"AFR,EAS,EUR","AFR,EAS",2,verified_from_official_manifest,categorical-20116-both_sexes-0.tsv.bgz,categorical-20116-both_sexes-0.tsv.bgz.tbi,s3://pan-ukb-us-east-1/sumstats_flat_files/categorical-20116-both_sexes-0.tsv.bgz,s3://pan-ukb-us-east-1/sumstats_flat_files_tabix/categorical-20116-both_sexes-0.tsv.bgz.tbi,Pan-UKB official phenotype manifest,UNREVIEWED,4595.0,1937.0,PASS,477.0,485.0,n_too_low,6777.0,1855.0,h2_z_insignificant,1970.0,679.0,PASS,227144.0,191673.0,PASS,802.0,761.0,h2_z_insignificant
Pan-UKB::categorical|20116|both_sexes|1|,Pan-UKB,GRCh37,categorical|20116|both_sexes|1|,,categorical,20116,Smoking status,This field summarises the current/past smoking status of the participant.,Previous,UK Biobank Assessment Centre > Touchscreen > Lifestyle and environment > Smoking,other_candidate,"AFR,EUR",AFR,1,verified_from_official_manifest,categorical-20116-both_sexes-1.tsv.bgz,categorical-20116-both_sexes-1.tsv.bgz.tbi,s3://pan-ukb-us-east-1/sumstats_flat_files/categorical-20116-both_sexes-1.tsv.bgz,s3://pan-ukb-us-east-1/sumstats_flat_files_tabix/categorical-20116-both_sexes-1.tsv.bgz.tbi,Pan-UKB official phenotype manifest,UNREVIEWED,1131.0,5401.0,PASS,341.0,621.0,n_too_low,1082.0,7550.0,h2_z_insignificant,454.0,2195.0,h2_z_insignificant,148481.0,270336.0,PASS,485.0,1078.0,h2_z_insignificant
Pan-UKB::categorical|20116|both_sexes|2|,Pan-UKB,GRCh37,categorical|20116|both_sexes|2|,,categorical,20116,Smoking status,This field summarises the current/past smoking status of the participant.,Current,UK Biobank Assessment Centre > Touchscreen > Lifestyle and environment > Smoking,other_candidate,"AFR,CSA,EUR,MID","AFR,CSA,MID",3,verified_from_official_manifest,categorical-20116-both_sexes-2.tsv.bgz,categorical-20116-both_sexes-2.tsv.bgz.tbi,s3://pan-ukb-us-east-1/sumstats_flat_files/categorical-20116-both_sexes-2.tsv.bgz,s3://pan-ukb-us-east-1/sumstats_flat_files_tabix/categorical-20116-both_sexes-2.tsv.bgz.tbi,Pan-UKB official phenotype manifest,UNREVIEWED,806.0,5726.0,PASS,144.0,818.0,n_too_low,773.0,7859.0,PASS,225.0,2424.0,h2_z_insignificant,43192.0,375625.0,PASS,276.0,1287.0,PASS
Pan-UKB::categorical|20117|both_sexes|0|,Pan-UKB,GRCh37,categorical|20117|both_sexes|0|,,categorical,20117,Alcohol drinker status,,Never,UK Biobank Assessment Centre > Touchscreen > Lifestyle and environment > Alcohol,other_candidate,"AFR,CSA,EUR,MID","AFR,CSA,MID",3,verified_from_official_manifest,categorical-20117-both_sexes-0.tsv.bgz,categorical-20117-both_sexes-0.tsv.bgz.tbi,s3://pan-ukb-us-east-1/sumstats_flat_files/categorical-20117-both_sexes-0.tsv.bgz,s3://pan-ukb-us-east-1/sumstats_flat_files_tabix/categorical-20117-both_sexes-0.tsv.bgz.tbi,Pan-UKB official phenotype manifest,UNREVIEWED,1011.0,5533.0,PASS,64.0,899.0,n_too_low,3558.0,5090.0,PASS,555.0,2101.0,h2_z_insignificant,13195.0,406741.0,PASS,469.0,1090.0,PASS
Pan-UKB::categorical|20117|both_sexes|1|,Pan-UKB,GRCh37,categorical|20117|both_sexes|1|,,categorical,20117,Alcohol drinker status,,Previous,UK Biobank Assessment Centre > Touchscreen > Lifestyle and environment > Alcohol,other_candidate,"EUR,MID",MID,1,verified_from_official_manifest,categorical-20117-both_sexes-1.tsv.bgz,categorical-20117-both_sexes-1.tsv.bgz.tbi,s3://pan-ukb-us-east-1/sumstats_flat_files/categorical-20117-both_sexes-1.tsv.bgz,s3://pan-ukb-us-east-1/sumstats_flat_files_tabix/categorical-20117-both_sexes-1.tsv.bgz.tbi,Pan-UKB official phenotype manifest,UNREVIEWED,344.0,6200.0,h2_z_insignificant,,,,472.0,8176.0,h2_z_insignificant,118.0,2538.0,h2_z_insignificant,14616.0,405320.0,PASS,111.0,1448.0,PASS
Pan-UKB::categorical|20117|both_sexes|2|,Pan-UKB,GRCh37,categorical|20117|both_sexes|2|,,categorical,20117,Alcohol drinker status,,Current,UK Biobank Assessment Centre > Touchscreen > Lifestyle and environment > Alcohol,other_candidate,"AFR,CSA,EUR,MID","AFR,CSA,MID",3,verified_from_official_manifest,categorical-20117-both_sexes-2.tsv.bgz,categorical-20117-both_sexes-2.tsv.bgz.tbi,s3://pan-ukb-us-east-1/sumstats_flat_files/categorical-20117-both_sexes-2.tsv.bgz,s3://pan-ukb-us-east-1/sumstats_flat_files_tabix/categorical-20117-both_sexes-2.tsv.bgz.tbi,Pan-UKB official phenotype manifest,UNREVIEWED,5189.0,1355.0,PASS,868.0,95.0,n_too_low,4618.0,4030.0,PASS,1983.0,673.0,h2_z_insignificant,392125.0,27811.0,PASS,979.0,580.0,PASS
Pan-UKB::categorical|20160|both_sexes|20160|,Pan-UKB,GRCh37,categorical|20160|both_sexes|20160|,,categorical,20160,Ever smoked,"Derived using variables ""Current tobacco smoking"" (~F1239~) and ""Past tobacco smoking"" (~F1249~). Individual classed as Eversmoker if Current tobacco smoking= most days (1) or occasionally (2) OR Past tobacco smoking= most days (1) or occasionally (2) or tried once or twice (3). Individual were classed as Neversmoker if Current tobacco smoking= no (0) AND Past tobacco smoking= never (4). Individuals who answered to either question ""Do not know"" (-1) ""Prefer not to answer"" (-3) and ""None of the above"" (-7) were not coded. This derived data field has come from Professor Martin Tobin at the University of Leicester.",,UK Biobank Assessment Centre > Touchscreen > Lifestyle and environment > Smoking,other_candidate,"AFR,CSA,EUR","AFR,CSA",2,verified_from_official_manifest,categorical-20160-both_sexes-20160.tsv.bgz,categorical-20160-both_sexes-20160.tsv.bgz.tbi,s3://pan-ukb-us-east-1/sumstats_flat_files/categorical-20160-both_sexes-20160.tsv.bgz,s3://pan-ukb-us-east-1/sumstats_flat_files_tabix/categorical-20160-both_sexes-20160.tsv.bgz.tbi,Pan-UKB official phenotype manifest,UNREVIEWED,2749.0,3783.0,PASS,602.0,361.0,n_too_low,2726.0,5909.0,PASS,1049.0,1600.0,h2_z_insignificant,253507.0,165353.0,PASS,930.0,634.0,h2_z_insignificant
Pan-UKB::categorical|2020|both_sexes|2020|,Pan-UKB,GRCh37,categorical|2020|both_sexes|2020|,,categorical,2020,"Loneliness, isolation","ACE touchscreen question ""Do you often feel lonely?"" If the participant activated the Help button they were shown the message: Work through these questions quickly and do not think about the exact meaning of the question",,UK Biobank Assessment Centre > Touchscreen > Psychosocial factors > Mental health,other_candidate,"AFR,EUR",AFR,1,verified_from_official_manifest,categorical-2020-both_sexes-2020.tsv.bgz,categorical-2020-both_sexes-2020.tsv.bgz.tbi,s3://pan-ukb-us-east-1/sumstats_flat_files/categorical-2020-both_sexes-2020.tsv.bgz,s3://pan-ukb-us-east-1/sumstats_flat_files_tabix/categorical-2020-both_sexes-2020.tsv.bgz.tbi,Pan-UKB official phenotype manifest,UNREVIEWED,1634.0,4686.0,PASS,241.0,695.0,n_too_low,2200.0,5991.0,h2_z_insignificant,461.0,2058.0,h2_z_insignificant,74098.0,339838.0,PASS,427.0,1067.0,h2_z_insignificant
Pan-UKB::categorical|2040|both_sexes|2040|,Pan-UKB,GRCh37,categorical|2040|both_sexes|2040|,,categorical,2040,Risk taking,"ACE touchscreen question ""Would you describe yourself as someone who takes risks?"" If the participant activated the Help button they were shown the message: Work through these questions quickly and do not think about the exact meaning of the question",,UK Biobank Assessment Centre > Touchscreen > Psychosocial factors > Mental health,other_candidate,"CSA,EUR",CSA,1,verified_from_official_manifest,categorical-2040-both_sexes-2040.tsv.bgz,categorical-2040-both_sexes-2040.tsv.bgz.tbi,s3://pan-ukb-us-east-1/sumstats_flat_files/categorical-2040-both_sexes-2040.tsv.bgz,s3://pan-ukb-us-east-1/sumstats_flat_files_tabix/categorical-2040-both_sexes-2040.tsv.bgz.tbi,Pan-UKB official phenotype manifest,UNREVIEWED,2523.0,3578.0,h2_z_insignificant,402.0,504.0,n_too_low,3058.0,4604.0,PASS,701.0,1618.0,h2_z_insignificant,104809.0,301022.0,PASS,564.0,847.0,h2_z_insignificant
Pan-UKB::categorical|2129|both_sexes|2129|,Pan-UKB,GRCh37,categorical|2129|both_sexes|2129|,,categorical,2129,Answered sexual history questions,"ACE touchscreen question ""The next section contains questions about your sexual history. If you feel that a question is too sensitive, you can skip the question or skip the entire section if you prefer.""",,UK Biobank Assessment Centre > Touchscreen > Lifestyle and environment > Sexual factors,other_candidate,"CSA,EUR,MID","CSA,MID",2,verified_from_official_manifest,categorical-2129-both_sexes-2129.tsv.bgz,categorical-2129-both_sexes-2129.tsv.bgz.tbi,s3://pan-ukb-us-east-1/sumstats_flat_files/categorical-2129-both_sexes-2129.tsv.bgz,s3://pan-ukb-us-east-1/sumstats_flat_files_tabix/categorical-2129-both_sexes-2129.tsv.bgz.tbi,Pan-UKB official phenotype manifest,UNREVIEWED,1063.0,5532.0,h2_z_insignificant,99.0,869.0,n_too_low,2782.0,5988.0,PASS,820.0,1849.0,h2_z_insignificant,34473.0,385854.0,PASS,396.0,1184.0,PASS
Pan-UKB::categorical|2188|both_sexes|2188|,Pan-UKB,GRCh37,categorical|2188|both_sexes|2188|,,categorical,2188,"Long-standing illness, disability or infirmity","ACE touchscreen question ""Do you have any long-standing illness, disability or infirmity?""",,UK Biobank Assessment Centre > Touchscreen > Health and medical history > General health,other_candidate,"CSA,EUR",CSA,1,verified_from_official_manifest,categorical-2188-both_sexes-2188.tsv.bgz,categorical-2188-both_sexes-2188.tsv.bgz.tbi,s3://pan-ukb-us-east-1/sumstats_flat_files/categorical-2188-both_sexes-2188.tsv.bgz,s3://pan-ukb-us-east-1/sumstats_flat_files_tabix/categorical-2188-both_sexes-2188.tsv.bgz.tbi,Pan-UKB official phenotype manifest,UNREVIEWED,2298.0,3999.0,h2_z_insignificant,268.0,672.0,n_too_low,2717.0,5603.0,PASS,513.0,2013.0,h2_z_insignificant,134075.0,276582.0,PASS,512.0,991.0,h2_z_insignificant
Pan-UKB::categorical|2207|both_sexes|2207|,Pan-UKB,GRCh37,categorical|2207|both_sexes|2207|,,categorical,2207,Wears glasses or contact lenses,"ACE touchscreen question ""Do you wear glasses or contact lenses to correct your vision?""",,UK Biobank Assessment Centre > Touchscreen > Health and medical history > Eyesight,other_candidate,"EUR,MID",MID,1,verified_from_official_manifest,categorical-2207-both_sexes-2207.tsv.bgz,categorical-2207-both_sexes-2207.tsv.bgz.tbi,s3://pan-ukb-us-east-1/sumstats_flat_files/categorical-2207-both_sexes-2207.tsv.bgz,s3://pan-ukb-us-east-1/sumstats_flat_files_tabix/categorical-2207-both_sexes-2207.tsv.bgz.tbi,Pan-UKB official phenotype manifest,UNREVIEWED,5147.0,1403.0,h2_z_insignificant,777.0,186.0,n_too_low,7039.0,1642.0,h2_z_insignificant,2180.0,475.0,h2_z_insignificant,374539.0,45399.0,PASS,1246.0,321.0,PASS
Pan-UKB::categorical|2257|both_sexes|2257|,Pan-UKB,GRCh37,categorical|2257|both_sexes|2257|,,categorical,2257,Hearing difficulty/problems with background noise,"ACE touchscreen question ""Do you find it difficult to follow a conversation if there is background noise (such as TV, radio, children playing)?"" ~F2257~ was collected from all participants except those who indicated they were completely deaf, as defined by their answers to ~F2247~",,UK Biobank Assessment Centre > Touchscreen > Health and medical history > Hearing,other_candidate,"CSA,EUR",CSA,1,verified_from_official_manifest,categorical-2257-both_sexes-2257.tsv.bgz,categorical-2257-both_sexes-2257.tsv.bgz.tbi,s3://pan-ukb-us-east-1/sumstats_flat_files/categorical-2257-both_sexes-2257.tsv.bgz,s3://pan-ukb-us-east-1/sumstats_flat_files_tabix/categorical-2257-both_sexes-2257.tsv.bgz.tbi,Pan-UKB official phenotype manifest,UNREVIEWED,1473.0,4911.0,h2_z_insignificant,305.0,625.0,n_too_low,3116.0,5129.0,PASS,878.0,1648.0,h2_z_insignificant,156336.0,255839.0,PASS,591.0,908.0,h2_z_insignificant
Pan-UKB::categorical|2316|both_sexes|2316|,Pan-UKB,GRCh37,categorical|2316|both_sexes|2316|,,categorical,2316,Wheeze or whistling in the chest in last year,"ACE touchscreen question ""In the last year have you ever had wheeze or whistling in the chest?""",,UK Biobank Assessment Centre > Touchscreen > Health and medical history > Breathing,other_candidate,"EUR,MID",MID,1,verified_from_official_manifest,categorical-2316-both_sexes-2316.tsv.bgz,categorical-2316-both_sexes-2316.tsv.bgz.tbi,s3://pan-ukb-us-east-1/sumstats_flat_files/categorical-2316-both_sexes-2316.tsv.bgz,s3://pan-ukb-us-east-1/sumstats_flat_files_tabix/categorical-2316-both_sexes-2316.tsv.bgz.tbi,Pan-UKB official phenotype manifest,UNREVIEWED,1359.0,4842.0,h2_z_insignificant,208.0,701.0,n_too_low,1780.0,6276.0,h2_z_insignificant,365.0,2056.0,h2_z_insignificant,86595.0,326158.0,PASS,353.0,1103.0,PASS
Pan-UKB::categorical|2335|both_sexes|2335|,Pan-UKB,GRCh37,categorical|2335|both_sexes|2335|,,categorical,2335,Chest pain or discomfort,"ACE touchscreen question ""Do you ever have any pain or discomfort in your chest?""",,UK Biobank Assessment Centre > Touchscreen > Health and medical history > Chest pain,other_candidate,"CSA,EUR",CSA,1,verified_from_official_manifest,categorical-2335-both_sexes-2335.tsv.bgz,categorical-2335-both_sexes-2335.tsv.bgz.tbi,s3://pan-ukb-us-east-1/sumstats_flat_files/categorical-2335-both_sexes-2335.tsv.bgz,s3://pan-ukb-us-east-1/sumstats_flat_files_tabix/categorical-2335-both_sexes-2335.tsv.bgz.tbi,Pan-UKB official phenotype manifest,UNREVIEWED,1620.0,4774.0,h2_z_insignificant,192.0,752.0,n_too_low,1865.0,6454.0,PASS,491.0,2056.0,h2_z_insignificant,65852.0,350420.0,PASS,363.0,1149.0,h2_z_insignificant
Pan-UKB::categorical|2443|both_sexes|2443|,Pan-UKB,GRCh37,categorical|2443|both_sexes|2443|,,categorical,2443,Diabetes diagnosed by doctor,"ACE touchscreen question ""Has a doctor ever told you that you have diabetes?"" If the participant activated the Help button they were shown the message: If you are unsure if you have been told you had diabetes, select Do not know and you will be asked about this by an interviewer later during this visit.",,UK Biobank Assessment Centre > Touchscreen > Health and medical history > Medical conditions,other_candidate,"CSA,EUR",CSA,1,verified_from_official_manifest,categorical-2443-both_sexes-2443.tsv.bgz,categorical-2443-both_sexes-2443.tsv.bgz.tbi,s3://pan-ukb-us-east-1/sumstats_flat_files/categorical-2443-both_sexes-2443.tsv.bgz,s3://pan-ukb-us-east-1/sumstats_flat_files_tabix/categorical-2443-both_sexes-2443.tsv.bgz.tbi,Pan-UKB official phenotype manifest,UNREVIEWED,777.0,5734.0,h2_z_insignificant,,,,1554.0,7009.0,PASS,159.0,2444.0,h2_z_insignificant,20294.0,399083.0,PASS,175.0,1371.0,h2_z_insignificant
Pan-UKB::categorical|2473|both_sexes|2473|,Pan-UKB,GRCh37,categorical|2473|both_sexes|2473|,,categorical,2473,Other serious medical condition/disability diagnosed by doctor,"ACE touchscreen question ""Has a doctor ever told you that you have had any other serious medical conditions or disabilities?"" If the participant activated the Help button they were shown the message: If you are not sure if you have a serious illness or you are not sure that you have had one of the conditions listed previously, enter Do not know and you will be asked about this by an interviewer later in this visit.",,UK Biobank Assessment Centre > Touchscreen > Health and medical history > Medical conditions,other_candidate,"EUR,MID",MID,1,verified_from_official_manifest,categorical-2473-both_sexes-2473.tsv.bgz,categorical-2473-both_sexes-2473.tsv.bgz.tbi,s3://pan-ukb-us-east-1/sumstats_flat_files/categorical-2473-both_sexes-2473.tsv.bgz,s3://pan-ukb-us-east-1/sumstats_flat_files_tabix/categorical-2473-both_sexes-2473.tsv.bgz.tbi,Pan-UKB official phenotype manifest,UNREVIEWED,975.0,5420.0,h2_z_insignificant,162.0,779.0,n_too_low,1220.0,7165.0,h2_z_insignificant,268.0,2320.0,h2_z_insignificant,84859.0,327885.0,PASS,268.0,1244.0,PASS
Pan-UKB::categorical|3393|both_sexes|3393|,Pan-UKB,GRCh37,categorical|3393|both_sexes|3393|,,categorical,3393,Hearing aid user,"ACE touchscreen question ""Do you use a hearing aid most of the time?"" Initially this information was collected from all participants answering Yes to either ~F2247~ (~F10793~ in the pilot) or ~F2257~. When the speech-in-noise hearing test was introduced (2009), program logic was altered so that the information was collected from all participants except those who indicated they were completely deaf, as defined by their answers to ~F2247~.",,UK Biobank Assessment Centre > Touchscreen > Health and medical history > Hearing,other_candidate,"CSA,EUR",CSA,1,verified_from_official_manifest,categorical-3393-both_sexes-3393.tsv.bgz,categorical-3393-both_sexes-3393.tsv.bgz.tbi,s3://pan-ukb-us-east-1/sumstats_flat_files/categorical-3393-both_sexes-3393.tsv.bgz,s3://pan-ukb-us-east-1/sumstats_flat_files_tabix/categorical-3393-both_sexes-3393.tsv.bgz.tbi,Pan-UKB official phenotype manifest,UNREVIEWED,62.0,4524.0,h2_z_insignificant,,,,217.0,6600.0,PASS,,,,12940.0,241643.0,PASS,,,
Pan-UKB::categorical|3571|both_sexes|3571|,Pan-UKB,GRCh37,categorical|3571|both_sexes|3571|,,categorical,3571,Back pain for 3+ months,"ACE touchscreen question ""Have you had back pains for more than 3 months?"" ~F3571~ was collected from participants who indicated that in the last month they experienced back pain that interfered with their usual activities, as defined by their answers to ~F6159~",,UK Biobank Assessment Centre > Touchscreen > Health and medical history > Pain,other_candidate,"EAS,EUR",EAS,1,verified_from_official_manifest,categorical-3571-both_sexes-3571.tsv.bgz,categorical-3571-both_sexes-3571.tsv.bgz.tbi,s3://pan-ukb-us-east-1/sumstats_flat_files/categorical-3571-both_sexes-3571.tsv.bgz,s3://pan-ukb-us-east-1/sumstats_flat_files_tabix/categorical-3571-both_sexes-3571.tsv.bgz.tbi,Pan-UKB official phenotype manifest,UNREVIEWED,1352.0,675.0,h2_z_insignificant,216.0,72.0,n_too_low,1883.0,916.0,h2_z_insignificant,412.0,276.0,PASS,72789.0,33207.0,PASS,406.0,169.0,h2_z_insignificant
Pan-UKB::categorical|3606|both_sexes|3606|,Pan-UKB,GRCh37,categorical|3606|both_sexes|3606|,,categorical,3606,Chest pain or discomfort walking normally,"ACE touchscreen question ""Do you get this pain or discomfort when you walk at an ordinary pace on the level?"" ~F3606~ was collected from participants who indicated that they get pain or discomfort in their chest, as defined by their answers to ~F2335~",,UK Biobank Assessment Centre > Touchscreen > Health and medical history > Chest pain,other_candidate,"CSA,EUR",CSA,1,verified_from_official_manifest,categorical-3606-both_sexes-3606.tsv.bgz,categorical-3606-both_sexes-3606.tsv.bgz.tbi,s3://pan-ukb-us-east-1/sumstats_flat_files/categorical-3606-both_sexes-3606.tsv.bgz,s3://pan-ukb-us-east-1/sumstats_flat_files_tabix/categorical-3606-both_sexes-3606.tsv.bgz.tbi,Pan-UKB official phenotype manifest,UNREVIEWED,413.0,1179.0,h2_z_insignificant,,,,587.0,1201.0,PASS,91.0,393.0,h2_z_insignificant,11416.0,53861.0,PASS,113.0,239.0,h2_z_insignificant
Pan-UKB::categorical|41200|both_sexes|J183|,Pan-UKB,GRCh37,categorical|41200|both_sexes|J183|,,categorical,41200,Operative procedures - main OPCS4,"This field is a summary of the main operation and procedure codes a participant has had recorded across all their hospital inpatient records. Operative procedures are coded according to the Office of Population Censuses and Surveys Classification of Interventions and Procedures, version 4 (OPCS-4). The corresponding date when each main procedure was first recorded in the inpatient data can be found in ~F41260~.",J18.3 Total cholecystectomy NEC,Health-related outcomes > Hospital inpatient > Summary Operations,other_candidate,"CSA,EUR",CSA,1,verified_from_official_manifest,categorical-41200-both_sexes-J183.tsv.bgz,categorical-41200-both_sexes-J183.tsv.bgz.tbi,s3://pan-ukb-us-east-1/sumstats_flat_files/categorical-41200-both_sexes-J183.tsv.bgz,s3://pan-ukb-us-east-1/sumstats_flat_files_tabix/categorical-41200-both_sexes-J183.tsv.bgz.tbi,Pan-UKB official phenotype manifest,UNREVIEWED,91.0,6545.0,h2_z_insignificant,,,,201.0,8675.0,PASS,54.0,2655.0,h2_z_insignificant,14065.0,406466.0,PASS,,,
Pan-UKB::categorical|41232|both_sexes|10|,Pan-UKB,GRCh37,categorical|41232|both_sexes|10|,,categorical,41232,Administrative and legal statuses,"This field is a summary of the distinct administrative and legal status codes a participant has had recorded in their hospital inpatient records. Administrative and legal status identifies whether a patient has been formally detained under the Mental Health Act or not. This information is not present in HES records dated after 2001. This field corresponds to the field CATEGORY on the HESIN table; see the Inpatient Data Dictionary (~R141140~) in ~L2000~ for information about the HESIN table. In order to conduct detailed analyses of this data using the source information, researchers will need to gain access to the HESIN table by adding ~F41259~ to their basket.",NHS patient: not formally detained,Health-related outcomes > Hospital inpatient > Summary Administration,other_candidate,"CSA,EUR",CSA,1,verified_from_official_manifest,categorical-41232-both_sexes-10.tsv.bgz,categorical-41232-both_sexes-10.tsv.bgz.tbi,s3://pan-ukb-us-east-1/sumstats_flat_files/categorical-41232-both_sexes-10.tsv.bgz,s3://pan-ukb-us-east-1/sumstats_flat_files_tabix/categorical-41232-both_sexes-10.tsv.bgz.tbi,Pan-UKB official phenotype manifest,UNREVIEWED,2080.0,4556.0,h2_z_insignificant,235.0,745.0,n_too_low,2655.0,6221.0,PASS,541.0,2168.0,h2_z_insignificant,121284.0,299247.0,PASS,405.0,1194.0,h2_z_insignificant
Pan-UKB::categorical|41244|both_sexes|100|,Pan-UKB,GRCh37,categorical|41244|both_sexes|100|,,categorical,41244,Intended management of patient (recoded),"This field is a summary of the distinct intended management codes a participant has had recorded in their hospital inpatient records. The intended management of a patient is their planned duration of hospital stay, i.e. whether an overnight stay was anticipated or not. Note that the original information was obtained from a variety of external sources, some of which used overlapping and contradictory coding schemes. This field has been re-coded to remove such data conflicts. This field corresponds to the field INTMANAG_UNI on the HESIN table; see the Inpatient Data Dictionary (~R141140~) in ~L2000~ for information about the HESIN table. In order to conduct detailed analyses of this data using the source information, researchers will need to gain access to the HESIN table by adding ~F41259~ to their basket.",One or more nights hospital stay,Health-related outcomes > Hospital inpatient > Summary Administration,other_candidate,"CSA,EUR",CSA,1,verified_from_official_manifest,categorical-41244-both_sexes-100.tsv.bgz,categorical-41244-both_sexes-100.tsv.bgz.tbi,s3://pan-ukb-us-east-1/sumstats_flat_files/categorical-41244-both_sexes-100.tsv.bgz,s3://pan-ukb-us-east-1/sumstats_flat_files_tabix/categorical-41244-both_sexes-100.tsv.bgz.tbi,Pan-UKB official phenotype manifest,UNREVIEWED,2532.0,3892.0,h2_z_insignificant,335.0,620.0,n_too_low,3054.0,5498.0,PASS,634.0,1998.0,h2_z_insignificant,151845.0,257942.0,PASS,516.0,1043.0,h2_z_insignificant
Pan-UKB::categorical|41245|both_sexes|1040|,Pan-UKB,GRCh37,categorical|41245|both_sexes|1040|,,categorical,41245,Main speciality of consultant (recoded),"This field is a summary of the distinct consultant speciality codes a participant has had recorded in their hospital inpatient records. The main speciality of the consultant is the specialism under which the consultant is contracted, e.g. cardiology or geriatric medicine, etc. Note that the original information was obtained from a variety of external sources, some of which used overlapping and contradictory coding schemes. This field has been re-coded to remove such data conflicts. This field corresponds to the field MAINSPEF_UNI on the HESIN table; see the Inpatient Data Dictionary (~R141140~) in ~L2000~ for information about the HESIN table. In order to conduct detailed analyses of this data using the source information, researchers will need to gain access to the HESIN table by adding ~F41259~ to their basket.",Anaesthetics,Health-related outcomes > Hospital inpatient > Summary Administration,other_candidate,"CSA,EUR",CSA,1,verified_from_official_manifest,categorical-41245-both_sexes-1040.tsv.bgz,categorical-41245-both_sexes-1040.tsv.bgz.tbi,s3://pan-ukb-us-east-1/sumstats_flat_files/categorical-41245-both_sexes-1040.tsv.bgz,s3://pan-ukb-us-east-1/sumstats_flat_files_tabix/categorical-41245-both_sexes-1040.tsv.bgz.tbi,Pan-UKB official phenotype manifest,UNREVIEWED,207.0,6397.0,h2_z_insignificant,,,,347.0,8500.0,PASS,,,,9732.0,409446.0,PASS,52.0,1543.0,h2_z_insignificant
Pan-UKB::categorical|41245|both_sexes|1070|,Pan-UKB,GRCh37,categorical|41245|both_sexes|1070|,,categorical,41245,Main speciality of consultant (recoded),"This field is a summary of the distinct consultant speciality codes a participant has had recorded in their hospital inpatient records. The main speciality of the consultant is the specialism under which the consultant is contracted, e.g. cardiology or geriatric medicine, etc. Note that the original information was obtained from a variety of external sources, some of which used overlapping and contradictory coding schemes. This field has been re-coded to remove such data conflicts. This field corresponds to the field MAINSPEF_UNI on the HESIN table; see the Inpatient Data Dictionary (~R141140~) in ~L2000~ for information about the HESIN table. In order to conduct detailed analyses of this data using the source information, researchers will need to gain access to the HESIN table by adding ~F41259~ to their basket.",Cardiology,Health-related outcomes > Hospital inpatient > Summary Administration,other_candidate,"CSA,EAS,EUR","CSA,EAS",2,verified_from_official_manifest,categorical-41245-both_sexes-1070.tsv.bgz,categorical-41245-both_sexes-1070.tsv.bgz.tbi,s3://pan-ukb-us-east-1/sumstats_flat_files/categorical-41245-both_sexes-1070.tsv.bgz,s3://pan-ukb-us-east-1/sumstats_flat_files_tabix/categorical-41245-both_sexes-1070.tsv.bgz.tbi,Pan-UKB official phenotype manifest,UNREVIEWED,587.0,6012.0,h2_z_insignificant,78.0,901.0,n_too_low,1410.0,7435.0,PASS,143.0,2558.0,PASS,41274.0,377866.0,PASS,171.0,1424.0,h2_z_insignificant
Pan-UKB::categorical|41245|both_sexes|1280|,Pan-UKB,GRCh37,categorical|41245|both_sexes|1280|,,categorical,41245,Main speciality of consultant (recoded),"This field is a summary of the distinct consultant speciality codes a participant has had recorded in their hospital inpatient records. The main speciality of the consultant is the specialism under which the consultant is contracted, e.g. cardiology or geriatric medicine, etc. Note that the original information was obtained from a variety of external sources, some of which used overlapping and contradictory coding schemes. This field has been re-coded to remove such data conflicts. This field corresponds to the field MAINSPEF_UNI on the HESIN table; see the Inpatient Data Dictionary (~R141140~) in ~L2000~ for information about the HESIN table. In order to conduct detailed analyses of this data using the source information, researchers will need to gain access to the HESIN table by adding ~F41259~ to their basket.",Gastroenterology,Health-related outcomes > Hospital inpatient > Summary Administration,other_candidate,"CSA,EUR",CSA,1,verified_from_official_manifest,categorical-41245-both_sexes-1280.tsv.bgz,categorical-41245-both_sexes-1280.tsv.bgz.tbi,s3://pan-ukb-us-east-1/sumstats_flat_files/categorical-41245-both_sexes-1280.tsv.bgz,s3://pan-ukb-us-east-1/sumstats_flat_files_tabix/categorical-41245-both_sexes-1280.tsv.bgz.tbi,Pan-UKB official phenotype manifest,UNREVIEWED,1401.0,5205.0,h2_z_insignificant,220.0,760.0,n_too_low,2043.0,6812.0,PASS,461.0,2245.0,h2_z_insignificant,75090.0,344294.0,PASS,388.0,1208.0,h2_z_insignificant
Pan-UKB::categorical|41246|both_sexes|1160|,Pan-UKB,GRCh37,categorical|41246|both_sexes|1160|,,categorical,41246,Treatment speciality of consultant (recoded),"This field is a summary of the distinct treatment speciality codes a participant has had recorded in their hospital inpatient records. The treatment speciality of the consultant is specialism under which the consultant was working, e.g. cardiology or geriatric medicine, etc. Note that the original information was obtained from a variety of external sources, some of which used overlapping and contradictory coding schemes. This field has been re-coded to remove such data conflicts. This field corresponds to the field TRETSPEF_UNI on the HESIN table; see the Inpatient Data Dictionary (~R141140~) in ~L2000~ for information about the HESIN table. In order to conduct detailed analyses of this data using the source information, researchers will need to gain access to the HESIN table by adding ~F41259~ to their basket.",Cardiology,Health-related outcomes > Hospital inpatient > Summary Administration,other_candidate,"EAS,EUR",EAS,1,verified_from_official_manifest,categorical-41246-both_sexes-1160.tsv.bgz,categorical-41246-both_sexes-1160.tsv.bgz.tbi,s3://pan-ukb-us-east-1/sumstats_flat_files/categorical-41246-both_sexes-1160.tsv.bgz,s3://pan-ukb-us-east-1/sumstats_flat_files_tabix/categorical-41246-both_sexes-1160.tsv.bgz.tbi,Pan-UKB official phenotype manifest,UNREVIEWED,574.0,5927.0,h2_z_insignificant,73.0,876.0,n_too_low,1445.0,7203.0,h2_z_insignificant,150.0,2477.0,PASS,44652.0,360858.0,PASS,185.0,1367.0,h2_z_insignificant
Pan-UKB::categorical|41246|both_sexes|1480|,Pan-UKB,GRCh37,categorical|41246|both_sexes|1480|,,categorical,41246,Treatment speciality of consultant (recoded),"This field is a summary of the distinct treatment speciality codes a participant has had recorded in their hospital inpatient records. The treatment speciality of the consultant is specialism under which the consultant was working, e.g. cardiology or geriatric medicine, etc. Note that the original information was obtained from a variety of external sources, some of which used overlapping and contradictory coding schemes. This field has been re-coded to remove such data conflicts. This field corresponds to the field TRETSPEF_UNI on the HESIN table; see the Inpatient Data Dictionary (~R141140~) in ~L2000~ for information about the HESIN table. In order to conduct detailed analyses of this data using the source information, researchers will need to gain access to the HESIN table by adding ~F41259~ to their basket.",Gastroenterology,Health-related outcomes > Hospital inpatient > Summary Administration,other_candidate,"CSA,EUR",CSA,1,verified_from_official_manifest,categorical-41246-both_sexes-1480.tsv.bgz,categorical-41246-both_sexes-1480.tsv.bgz.tbi,s3://pan-ukb-us-east-1/sumstats_flat_files/categorical-41246-both_sexes-1480.tsv.bgz,s3://pan-ukb-us-east-1/sumstats_flat_files_tabix/categorical-41246-both_sexes-1480.tsv.bgz.tbi,Pan-UKB official phenotype manifest,UNREVIEWED,1464.0,5069.0,h2_z_insignificant,242.0,712.0,n_too_low,2203.0,6492.0,PASS,520.0,2126.0,h2_z_insignificant,89582.0,318876.0,PASS,429.0,1140.0,h2_z_insignificant
Pan-UKB::categorical|41247|both_sexes|2000|,Pan-UKB,GRCh37,categorical|41247|both_sexes|2000|,,categorical,41247,Patient classification on admission (recoded),"This field is a summary of the distinct patient classification codes a participant has had recorded in their hospital inpatient records. Patient classification on admission identifies the type of patient, e.g. whether they are a regular attender or a maternity admission, etc. Note that the original information was obtained from a variety of external sources, some of which used overlapping and contradictory coding schemes. This field has been re-coded to remove such data conflicts. This field corresponds to the field CLASSPAT_UNI on the HESIN table; see the Inpatient Data Dictionary (~R141140~) in ~L2000~ for information about the HESIN table. In order to conduct detailed analyses of this data using the source information, researchers will need to gain access to the HESIN table by adding ~F41259~ to their basket.",Day case,Health-related outcomes > Hospital inpatient > Summary Administration,other_candidate,"EUR,MID",MID,1,verified_from_official_manifest,categorical-41247-both_sexes-2000.tsv.bgz,categorical-41247-both_sexes-2000.tsv.bgz.tbi,s3://pan-ukb-us-east-1/sumstats_flat_files/categorical-41247-both_sexes-2000.tsv.bgz,s3://pan-ukb-us-east-1/sumstats_flat_files_tabix/categorical-41247-both_sexes-2000.tsv.bgz.tbi,Pan-UKB official phenotype manifest,UNREVIEWED,4397.0,2239.0,h2_z_insignificant,639.0,341.0,n_too_low,5870.0,3006.0,h2_z_insignificant,1516.0,1193.0,h2_z_insignificant,269692.0,150839.0,PASS,1044.0,555.0,PASS
Pan-UKB::categorical|41248|both_sexes|1000|,Pan-UKB,GRCh37,categorical|41248|both_sexes|1000|,,categorical,41248,Destinations on discharge from hospital (recoded),"This field is a summary of the distinct destination on discharge codes a participant has had recorded in their hospital inpatient records. Destination on discharge identifies whether a patient was due to return to their usual place of residence on leaving hospital, or whether they were due to go elsewhere. Note that the original information was obtained from a variety of external sources, some of which used overlapping and contradictory coding schemes. This field has been re-coded to remove such data conflicts. This field corresponds to the field DISDEST_UNI on the HESIN table; see the Inpatient Data Dictionary (~R141140~) in ~L2000~ for information about the HESIN table. In order to conduct detailed analyses of this data using the source information, researchers will need to gain access to the HESIN table by adding ~F41259~ to their basket.",Usual Place of residence,Health-related outcomes > Hospital inpatient > Summary Administration,other_candidate,"CSA,EUR",CSA,1,verified_from_official_manifest,categorical-41248-both_sexes-1000.tsv.bgz,categorical-41248-both_sexes-1000.tsv.bgz.tbi,s3://pan-ukb-us-east-1/sumstats_flat_files/categorical-41248-both_sexes-1000.tsv.bgz,s3://pan-ukb-us-east-1/sumstats_flat_files_tabix/categorical-41248-both_sexes-1000.tsv.bgz.tbi,Pan-UKB official phenotype manifest,UNREVIEWED,5413.0,1219.0,h2_z_insignificant,784.0,196.0,n_too_low,7174.0,1694.0,PASS,1944.0,765.0,h2_z_insignificant,339751.0,80441.0,PASS,1277.0,321.0,h2_z_insignificant
Pan-UKB::categorical|41249|both_sexes|2002|,Pan-UKB,GRCh37,categorical|41249|both_sexes|2002|,,categorical,41249,Methods of admission to hospital (recoded),"This field is a summary of the distinct method of admission codes a participant has had recorded in their hospital inpatient records. Method of admission to hospital identifies how a patient was admitted, e.g. an elective admission from a waiting list or an emergency admission, etc. Note that the original information was obtained from a variety of external sources, some of which used overlapping and contradictory coding schemes. This field has been re-coded to remove such data conflicts. This field corresponds to the field ADMIMETH_UNI on the HESIN table; see the Inpatient Data Dictionary (~R141140~) in ~L2000~ for information about the HESIN table. In order to conduct detailed analyses of this data using the source information, researchers will need to gain access to the HESIN table by adding ~F41259~ to their basket.",Emergency admission: GP,Health-related outcomes > Hospital inpatient > Summary Administration,other_candidate,"EUR,MID",MID,1,verified_from_official_manifest,categorical-41249-both_sexes-2002.tsv.bgz,categorical-41249-both_sexes-2002.tsv.bgz.tbi,s3://pan-ukb-us-east-1/sumstats_flat_files/categorical-41249-both_sexes-2002.tsv.bgz,s3://pan-ukb-us-east-1/sumstats_flat_files_tabix/categorical-41249-both_sexes-2002.tsv.bgz.tbi,Pan-UKB official phenotype manifest,UNREVIEWED,579.0,6034.0,h2_z_insignificant,92.0,887.0,n_too_low,832.0,8027.0,h2_z_insignificant,172.0,2536.0,h2_z_insignificant,55889.0,364103.0,PASS,131.0,1465.0,PASS
Pan-UKB::categorical|41250|both_sexes|1000|,Pan-UKB,GRCh37,categorical|41250|both_sexes|1000|,,categorical,41250,Methods of discharge from hospital (recoded),"This field is a summary of the distinct method of discharge codes a participant has had recorded in their hospital inpatient records. Method of discharge from hospital identifies how a patient was discharged - i.e. whether this was on clinical advice, the patient died in hospital or the patient discharged themselves. Note that the original information was obtained from a variety of external sources, some of which used overlapping and contradictory coding schemes. This field has been re-coded to remove such data conflicts. This field corresponds to the field DISMETH_UNI on the HESIN table; see the Inpatient Data Dictionary (~R141140~) in ~L2000~ for information about the HESIN table. In order to conduct detailed analyses of this data using the source information, researchers will need to gain access to the HESIN table by adding ~F41259~ to their basket.",Discharged on clinical advice/consent,Health-related outcomes > Hospital inpatient > Summary Administration,other_candidate,"EUR,MID",MID,1,verified_from_official_manifest,categorical-41250-both_sexes-1000.tsv.bgz,categorical-41250-both_sexes-1000.tsv.bgz.tbi,s3://pan-ukb-us-east-1/sumstats_flat_files/categorical-41250-both_sexes-1000.tsv.bgz,s3://pan-ukb-us-east-1/sumstats_flat_files_tabix/categorical-41250-both_sexes-1000.tsv.bgz.tbi,Pan-UKB official phenotype manifest,UNREVIEWED,5408.0,1227.0,h2_z_insignificant,779.0,201.0,n_too_low,,,,1915.0,794.0,h2_z_insignificant,340967.0,79518.0,PASS,1264.0,335.0,PASS
Pan-UKB::categorical|41251|both_sexes|1000|,Pan-UKB,GRCh37,categorical|41251|both_sexes|1000|,,categorical,41251,Sources of admission to hospital (recoded),"This field is a summary of the distinct source of admission codes a participant has had recorded in their hospital inpatient records. Source of admission identifies whether a patient came to the hospital from their usual place of residence or elsewhere. Note that the original information was obtained from a variety of external sources, some of which used overlapping and contradictory coding schemes. This field has been re-coded to remove such data conflicts. This field corresponds to the field ADMISORC_UNI on the HESIN table; see the Inpatient Data Dictionary (~R141140~) in ~L2000~ for information about the HESIN table. In order to conduct detailed analyses of this data using the source information, researchers will need to gain access to the HESIN table by adding ~F41259~ to their basket.",Usual Place of residence,Health-related outcomes > Hospital inpatient > Summary Administration,other_candidate,"CSA,EUR",CSA,1,verified_from_official_manifest,categorical-41251-both_sexes-1000.tsv.bgz,categorical-41251-both_sexes-1000.tsv.bgz.tbi,s3://pan-ukb-us-east-1/sumstats_flat_files/categorical-41251-both_sexes-1000.tsv.bgz,s3://pan-ukb-us-east-1/sumstats_flat_files_tabix/categorical-41251-both_sexes-1000.tsv.bgz.tbi,Pan-UKB official phenotype manifest,UNREVIEWED,5399.0,1237.0,h2_z_insignificant,787.0,193.0,n_too_low,7190.0,1685.0,PASS,1951.0,758.0,h2_z_insignificant,344773.0,75633.0,PASS,1276.0,323.0,h2_z_insignificant
Pan-UKB::categorical|4293|both_sexes|3|,Pan-UKB,GRCh37,categorical|4293|both_sexes|3|,,categorical,4293,PM: final answer,Participants were allowed up to 2 attempts to correctly recall the colour/shape shown to them earlier in the touchscreen section. This is the final answer they gave - whether it is their first or second attempt can be gauged from ~F4291~.,Orange circle,UK Biobank Assessment Centre > Cognitive function > Prospective memory,other_candidate,"CSA,EUR",CSA,1,verified_from_official_manifest,categorical-4293-both_sexes-3.tsv.bgz,categorical-4293-both_sexes-3.tsv.bgz.tbi,s3://pan-ukb-us-east-1/sumstats_flat_files/categorical-4293-both_sexes-3.tsv.bgz,s3://pan-ukb-us-east-1/sumstats_flat_files_tabix/categorical-4293-both_sexes-3.tsv.bgz.tbi,Pan-UKB official phenotype manifest,UNREVIEWED,3230.0,541.0,h2_z_insignificant,374.0,61.0,n_too_low,4520.0,822.0,PASS,1009.0,166.0,h2_z_insignificant,132509.0,5328.0,PASS,591.0,110.0,h2_z_insignificant
Pan-UKB::categorical|4294|both_sexes|0|,Pan-UKB,GRCh37,categorical|4294|both_sexes|0|,,categorical,4294,Final attempt correct,True if final answer given was correct.,no,UK Biobank Assessment Centre > Cognitive function > Prospective memory,other_candidate,"CSA,EUR",CSA,1,verified_from_official_manifest,categorical-4294-both_sexes-0.tsv.bgz,categorical-4294-both_sexes-0.tsv.bgz.tbi,s3://pan-ukb-us-east-1/sumstats_flat_files/categorical-4294-both_sexes-0.tsv.bgz,s3://pan-ukb-us-east-1/sumstats_flat_files_tabix/categorical-4294-both_sexes-0.tsv.bgz.tbi,Pan-UKB official phenotype manifest,UNREVIEWED,541.0,3246.0,h2_z_insignificant,61.0,375.0,n_too_low,822.0,4549.0,PASS,166.0,1017.0,h2_z_insignificant,5328.0,132671.0,PASS,110.0,595.0,h2_z_insignificant
Pan-UKB::categorical|4957|both_sexes|4957|,Pan-UKB,GRCh37,categorical|4957|both_sexes|4957|,,categorical,4957,FI3 : word interpolation,"ACE touchscreen question ""Bud is to Flower as Child is to?"". Part 3 of Fluid Intelligence test. Offered choice from Grow, Develop, Improve, Adult and Old.",,UK Biobank Assessment Centre > Cognitive function > Fluid intelligence / reasoning,other_candidate,"CSA,EUR",CSA,1,verified_from_official_manifest,categorical-4957-both_sexes-4957.tsv.bgz,categorical-4957-both_sexes-4957.tsv.bgz.tbi,s3://pan-ukb-us-east-1/sumstats_flat_files/categorical-4957-both_sexes-4957.tsv.bgz,s3://pan-ukb-us-east-1/sumstats_flat_files_tabix/categorical-4957-both_sexes-4957.tsv.bgz.tbi,Pan-UKB official phenotype manifest,UNREVIEWED,1975.0,1263.0,h2_z_insignificant,229.0,158.0,n_too_low,2594.0,1543.0,PASS,656.0,369.0,h2_z_insignificant,113724.0,20993.0,PASS,302.0,273.0,h2_z_insignificant
Pan-UKB::categorical|5001|both_sexes|5001|,Pan-UKB,GRCh37,categorical|5001|both_sexes|5001|,,categorical,5001,FI7 : synonym,"ACE touchscreen question ""Stop means the same as?"". Part 7 of Fluid Intelligence test. Offered choice from Pause, Close, Cease, Break or Rest.",,UK Biobank Assessment Centre > Cognitive function > Fluid intelligence / reasoning,other_candidate,"CSA,EUR",CSA,1,verified_from_official_manifest,categorical-5001-both_sexes-5001.tsv.bgz,categorical-5001-both_sexes-5001.tsv.bgz.tbi,s3://pan-ukb-us-east-1/sumstats_flat_files/categorical-5001-both_sexes-5001.tsv.bgz,s3://pan-ukb-us-east-1/sumstats_flat_files_tabix/categorical-5001-both_sexes-5001.tsv.bgz.tbi,Pan-UKB official phenotype manifest,UNREVIEWED,744.0,471.0,h2_z_insignificant,100.0,31.0,n_too_low,838.0,669.0,PASS,189.0,118.0,h2_z_insignificant,85333.0,12267.0,PASS,152.0,69.0,h2_z_insignificant
Pan-UKB::categorical|5012|both_sexes|5012|,Pan-UKB,GRCh37,categorical|5012|both_sexes|5012|,,categorical,5012,FI8 : chained arithmetic,"ACE touchscreen question ""If David is twenty-one and Owen is nineteen and Daniel is nine years younger than David, what is half their combined age?"". Part 8 of Fluid Intelligence test. Offered choice from 25, 26, 27, 28 or 29.",,UK Biobank Assessment Centre > Cognitive function > Fluid intelligence / reasoning,other_candidate,"CSA,EUR",CSA,1,verified_from_official_manifest,categorical-5012-both_sexes-5012.tsv.bgz,categorical-5012-both_sexes-5012.tsv.bgz.tbi,s3://pan-ukb-us-east-1/sumstats_flat_files/categorical-5012-both_sexes-5012.tsv.bgz,s3://pan-ukb-us-east-1/sumstats_flat_files_tabix/categorical-5012-both_sexes-5012.tsv.bgz.tbi,Pan-UKB official phenotype manifest,UNREVIEWED,292.0,633.0,h2_z_insignificant,56.0,53.0,n_too_low,507.0,627.0,PASS,130.0,114.0,h2_z_insignificant,56623.0,30712.0,PASS,99.0,84.0,h2_z_insignificant
Pan-UKB::categorical|5556|both_sexes|5556|,Pan-UKB,GRCh37,categorical|5556|both_sexes|5556|,,categorical,5556,FI9 : concept interpolation,"ACE touchscreen question ""Age is to Years as Height is to?"". Part 9 of Fluid Intelligence test. Offered choice from Long, Deep, Top, Metres or Tall.",,UK Biobank Assessment Centre > Cognitive function > Fluid intelligence / reasoning,other_candidate,"AFR,EUR",AFR,1,verified_from_official_manifest,categorical-5556-both_sexes-5556.tsv.bgz,categorical-5556-both_sexes-5556.tsv.bgz.tbi,s3://pan-ukb-us-east-1/sumstats_flat_files/categorical-5556-both_sexes-5556.tsv.bgz,s3://pan-ukb-us-east-1/sumstats_flat_files_tabix/categorical-5556-both_sexes-5556.tsv.bgz.tbi,Pan-UKB official phenotype manifest,UNREVIEWED,84.0,241.0,PASS,,,,187.0,219.0,h2_z_insignificant,,,,22621.0,17944.0,PASS,,,
Pan-UKB::categorical|6138|both_sexes|100|,Pan-UKB,GRCh37,categorical|6138|both_sexes|100|,,categorical,6138,Qualifications,"ACE touchscreen question ""Which of the following qualifications do you have? (You can select more than one)"" The following checks were performed: If code -7 was selected, then no additional choices were allowed. If code -3 was selected, then no additional choices were allowed. If the participant activated the Help button they were shown the message: A levels/AS levels and equivalent includes the Higher School Certificate O levels/GCSEs and equivalent includes the School Certificate.",None of the above,UK Biobank Assessment Centre > Touchscreen > Sociodemographics > Education,other_candidate,"AFR,CSA,EAS,EUR,MID","AFR,CSA,EAS,MID",4,verified_from_official_manifest,categorical-6138-both_sexes-100.tsv.bgz,categorical-6138-both_sexes-100.tsv.bgz.tbi,s3://pan-ukb-us-east-1/sumstats_flat_files/categorical-6138-both_sexes-100.tsv.bgz,s3://pan-ukb-us-east-1/sumstats_flat_files_tabix/categorical-6138-both_sexes-100.tsv.bgz.tbi,Pan-UKB official phenotype manifest,UNREVIEWED,931.0,5422.0,PASS,130.0,811.0,n_too_low,1412.0,6847.0,PASS,358.0,2167.0,PASS,73293.0,343023.0,PASS,252.0,1274.0,PASS
Pan-UKB::categorical|6138|both_sexes|2|,Pan-UKB,GRCh37,categorical|6138|both_sexes|2|,,categorical,6138,Qualifications,"ACE touchscreen question ""Which of the following qualifications do you have? (You can select more than one)"" The following checks were performed: If code -7 was selected, then no additional choices were allowed. If code -3 was selected, then no additional choices were allowed. If the participant activated the Help button they were shown the message: A levels/AS levels and equivalent includes the Higher School Certificate O levels/GCSEs and equivalent includes the School Certificate.",A levels/AS levels or equivalent,UK Biobank Assessment Centre > Touchscreen > Sociodemographics > Education,other_candidate,"EAS,EUR",EAS,1,verified_from_official_manifest,categorical-6138-both_sexes-2.tsv.bgz,categorical-6138-both_sexes-2.tsv.bgz.tbi,s3://pan-ukb-us-east-1/sumstats_flat_files/categorical-6138-both_sexes-2.tsv.bgz,s3://pan-ukb-us-east-1/sumstats_flat_files_tabix/categorical-6138-both_sexes-2.tsv.bgz.tbi,Pan-UKB official phenotype manifest,UNREVIEWED,880.0,5473.0,h2_z_insignificant,177.0,764.0,n_too_low,1399.0,6860.0,h2_z_insignificant,416.0,2109.0,PASS,112131.0,304185.0,PASS,272.0,1254.0,h2_z_insignificant
Pan-UKB::categorical|6138|both_sexes|3|,Pan-UKB,GRCh37,categorical|6138|both_sexes|3|,,categorical,6138,Qualifications,"ACE touchscreen question ""Which of the following qualifications do you have? (You can select more than one)"" The following checks were performed: If code -7 was selected, then no additional choices were allowed. If code -3 was selected, then no additional choices were allowed. If the participant activated the Help button they were shown the message: A levels/AS levels and equivalent includes the Higher School Certificate O levels/GCSEs and equivalent includes the School Certificate.",O levels/GCSEs or equivalent,UK Biobank Assessment Centre > Touchscreen > Sociodemographics > Education,other_candidate,"CSA,EUR,MID","CSA,MID",2,verified_from_official_manifest,categorical-6138-both_sexes-3.tsv.bgz,categorical-6138-both_sexes-3.tsv.bgz.tbi,s3://pan-ukb-us-east-1/sumstats_flat_files/categorical-6138-both_sexes-3.tsv.bgz,s3://pan-ukb-us-east-1/sumstats_flat_files_tabix/categorical-6138-both_sexes-3.tsv.bgz.tbi,Pan-UKB official phenotype manifest,UNREVIEWED,2078.0,4275.0,h2_z_insignificant,250.0,691.0,n_too_low,2398.0,5861.0,PASS,574.0,1951.0,h2_z_insignificant,195589.0,220727.0,PASS,353.0,1173.0,PASS
Pan-UKB::categorical|6138|both_sexes|4|,Pan-UKB,GRCh37,categorical|6138|both_sexes|4|,,categorical,6138,Qualifications,"ACE touchscreen question ""Which of the following qualifications do you have? (You can select more than one)"" The following checks were performed: If code -7 was selected, then no additional choices were allowed. If code -3 was selected, then no additional choices were allowed. If the participant activated the Help button they were shown the message: A levels/AS levels and equivalent includes the Higher School Certificate O levels/GCSEs and equivalent includes the School Certificate.",CSEs or equivalent,UK Biobank Assessment Centre > Touchscreen > Sociodemographics > Education,other_candidate,"AFR,EUR,MID","AFR,MID",2,verified_from_official_manifest,categorical-6138-both_sexes-4.tsv.bgz,categorical-6138-both_sexes-4.tsv.bgz.tbi,s3://pan-ukb-us-east-1/sumstats_flat_files/categorical-6138-both_sexes-4.tsv.bgz,s3://pan-ukb-us-east-1/sumstats_flat_files_tabix/categorical-6138-both_sexes-4.tsv.bgz.tbi,Pan-UKB official phenotype manifest,UNREVIEWED,1179.0,5174.0,PASS,76.0,865.0,n_too_low,943.0,7316.0,h2_z_insignificant,134.0,2391.0,h2_z_insignificant,55317.0,360999.0,PASS,147.0,1379.0,PASS
Pan-UKB::categorical|6138|both_sexes|5|,Pan-UKB,GRCh37,categorical|6138|both_sexes|5|,,categorical,6138,Qualifications,"ACE touchscreen question ""Which of the following qualifications do you have? (You can select more than one)"" The following checks were performed: If code -7 was selected, then no additional choices were allowed. If code -3 was selected, then no additional choices were allowed. If the participant activated the Help button they were shown the message: A levels/AS levels and equivalent includes the Higher School Certificate O levels/GCSEs and equivalent includes the School Certificate.",NVQ or HND or HNC or equivalent,UK Biobank Assessment Centre > Touchscreen > Sociodemographics > Education,other_candidate,"EAS,EUR",EAS,1,verified_from_official_manifest,categorical-6138-both_sexes-5.tsv.bgz,categorical-6138-both_sexes-5.tsv.bgz.tbi,s3://pan-ukb-us-east-1/sumstats_flat_files/categorical-6138-both_sexes-5.tsv.bgz,s3://pan-ukb-us-east-1/sumstats_flat_files_tabix/categorical-6138-both_sexes-5.tsv.bgz.tbi,Pan-UKB official phenotype manifest,UNREVIEWED,1702.0,4651.0,h2_z_insignificant,141.0,800.0,n_too_low,1062.0,7197.0,h2_z_insignificant,279.0,2246.0,PASS,78286.0,338030.0,PASS,202.0,1324.0,h2_z_insignificant
Pan-UKB::categorical|6138|both_sexes|6|,Pan-UKB,GRCh37,categorical|6138|both_sexes|6|,,categorical,6138,Qualifications,"ACE touchscreen question ""Which of the following qualifications do you have? (You can select more than one)"" The following checks were performed: If code -7 was selected, then no additional choices were allowed. If code -3 was selected, then no additional choices were allowed. If the participant activated the Help button they were shown the message: A levels/AS levels and equivalent includes the Higher School Certificate O levels/GCSEs and equivalent includes the School Certificate.","Other professional qualifications eg: nursing, teaching",UK Biobank Assessment Centre > Touchscreen > Sociodemographics > Education,other_candidate,"CSA,EUR,MID","CSA,MID",2,verified_from_official_manifest,categorical-6138-both_sexes-6.tsv.bgz,categorical-6138-both_sexes-6.tsv.bgz.tbi,s3://pan-ukb-us-east-1/sumstats_flat_files/categorical-6138-both_sexes-6.tsv.bgz,s3://pan-ukb-us-east-1/sumstats_flat_files_tabix/categorical-6138-both_sexes-6.tsv.bgz.tbi,Pan-UKB official phenotype manifest,UNREVIEWED,1677.0,4676.0,h2_z_insignificant,189.0,752.0,n_too_low,1472.0,6787.0,PASS,582.0,1943.0,h2_z_insignificant,119849.0,296467.0,PASS,254.0,1272.0,PASS
Pan-UKB::categorical|6141|both_sexes|1|,Pan-UKB,GRCh37,categorical|6141|both_sexes|1|,,categorical,6141,How are people in household related to participant,"ACE touchscreen question ""How are the other people who live with you related to you? (You can select more than one answer)"" The following checks were performed: If code -3 was selected, then no additional choices were allowed. If the participant activated the Help button they were shown the message: Please select all the options that apply. Answer this question considering all the people who you counted in the household in response to the previous question. ~F6141~ was collected from all participants except those who indicated they were living in a sheltered accommodation or in a care home, as defined by their answers to ~F670~ and living alone, as defined by their answers to ~F670~","Husband, wife or partner",UK Biobank Assessment Centre > Touchscreen > Sociodemographics > Household,other_candidate,"CSA,EUR",CSA,1,verified_from_official_manifest,categorical-6141-both_sexes-1.tsv.bgz,categorical-6141-both_sexes-1.tsv.bgz.tbi,s3://pan-ukb-us-east-1/sumstats_flat_files/categorical-6141-both_sexes-1.tsv.bgz,s3://pan-ukb-us-east-1/sumstats_flat_files_tabix/categorical-6141-both_sexes-1.tsv.bgz.tbi,Pan-UKB official phenotype manifest,UNREVIEWED,2799.0,3555.0,h2_z_insignificant,629.0,321.0,n_too_low,6488.0,2017.0,PASS,1847.0,741.0,h2_z_insignificant,309041.0,108947.0,PASS,974.0,561.0,h2_z_insignificant
Pan-UKB::categorical|6141|both_sexes|2|,Pan-UKB,GRCh37,categorical|6141|both_sexes|2|,,categorical,6141,How are people in household related to participant,"ACE touchscreen question ""How are the other people who live with you related to you? (You can select more than one answer)"" The following checks were performed: If code -3 was selected, then no additional choices were allowed. If the participant activated the Help button they were shown the message: Please select all the options that apply. Answer this question considering all the people who you counted in the household in response to the previous question. ~F6141~ was collected from all participants except those who indicated they were living in a sheltered accommodation or in a care home, as defined by their answers to ~F670~ and living alone, as defined by their answers to ~F670~",Son and/or daughter (include step-children),UK Biobank Assessment Centre > Touchscreen > Sociodemographics > Household,other_candidate,"EUR,MID",MID,1,verified_from_official_manifest,categorical-6141-both_sexes-2.tsv.bgz,categorical-6141-both_sexes-2.tsv.bgz.tbi,s3://pan-ukb-us-east-1/sumstats_flat_files/categorical-6141-both_sexes-2.tsv.bgz,s3://pan-ukb-us-east-1/sumstats_flat_files_tabix/categorical-6141-both_sexes-2.tsv.bgz.tbi,Pan-UKB official phenotype manifest,UNREVIEWED,3310.0,3044.0,h2_z_insignificant,433.0,517.0,n_too_low,5573.0,2932.0,h2_z_insignificant,1349.0,1239.0,h2_z_insignificant,140386.0,277602.0,PASS,815.0,720.0,PASS
Pan-UKB::categorical|6142|both_sexes|4|,Pan-UKB,GRCh37,categorical|6142|both_sexes|4|,,categorical,6142,Current employment status,"ACE touchscreen question ""Which of the following describes your current situation? (You can select more than one answer)"" The following checks were performed: If code -7 was selected, then no additional choices were allowed. If code -3 was selected, then no additional choices were allowed. If the participant activated the Help button they were shown the message: If more than one situation applies, select all that are appropriate.",Unable to work because of sickness or disability,UK Biobank Assessment Centre > Touchscreen > Sociodemographics > Employment,other_candidate,"CSA,EUR,MID","CSA,MID",2,verified_from_official_manifest,categorical-6142-both_sexes-4.tsv.bgz,categorical-6142-both_sexes-4.tsv.bgz.tbi,s3://pan-ukb-us-east-1/sumstats_flat_files/categorical-6142-both_sexes-4.tsv.bgz,s3://pan-ukb-us-east-1/sumstats_flat_files_tabix/categorical-6142-both_sexes-4.tsv.bgz.tbi,Pan-UKB official phenotype manifest,UNREVIEWED,396.0,6090.0,h2_z_insignificant,,,,593.0,7969.0,PASS,,,,16107.0,403009.0,PASS,158.0,1391.0,PASS
Pan-UKB::categorical|6142|both_sexes|6|,Pan-UKB,GRCh37,categorical|6142|both_sexes|6|,,categorical,6142,Current employment status,"ACE touchscreen question ""Which of the following describes your current situation? (You can select more than one answer)"" The following checks were performed: If code -7 was selected, then no additional choices were allowed. If code -3 was selected, then no additional choices were allowed. If the participant activated the Help button they were shown the message: If more than one situation applies, select all that are appropriate.",Doing unpaid or voluntary work,UK Biobank Assessment Centre > Touchscreen > Sociodemographics > Employment,other_candidate,"CSA,EUR",CSA,1,verified_from_official_manifest,categorical-6142-both_sexes-6.tsv.bgz,categorical-6142-both_sexes-6.tsv.bgz.tbi,s3://pan-ukb-us-east-1/sumstats_flat_files/categorical-6142-both_sexes-6.tsv.bgz,s3://pan-ukb-us-east-1/sumstats_flat_files_tabix/categorical-6142-both_sexes-6.tsv.bgz.tbi,Pan-UKB official phenotype manifest,UNREVIEWED,216.0,6270.0,h2_z_insignificant,,,,205.0,8357.0,PASS,100.0,2511.0,h2_z_insignificant,15484.0,403632.0,PASS,62.0,1487.0,h2_z_insignificant
Pan-UKB::categorical|6143|both_sexes|3|,Pan-UKB,GRCh37,categorical|6143|both_sexes|3|,,categorical,6143,Transport type for commuting to job workplace,"ACE touchscreen question ""What types of transport do you use to get to and from work? (You can select more than one answer)"" The following checks were performed: If code -7 was selected, then no additional choices were allowed. If code -3 was selected, then no additional choices were allowed. If the participant activated the Help button they were shown the message: If you have more than one 'current job' then answer this question for your MAIN job only. If you use more than one form of transport then select all that apply ~F6143~ was collected from participants who indicated they were in paid employment or self-employed, as defined by their answers to ~F6142~ except those who indicated they always work from home, as defined by their answers to ~F6142~",Public transport,UK Biobank Assessment Centre > Touchscreen > Sociodemographics > Employment,other_candidate,"CSA,EUR",CSA,1,verified_from_official_manifest,categorical-6143-both_sexes-3.tsv.bgz,categorical-6143-both_sexes-3.tsv.bgz.tbi,s3://pan-ukb-us-east-1/sumstats_flat_files/categorical-6143-both_sexes-3.tsv.bgz,s3://pan-ukb-us-east-1/sumstats_flat_files_tabix/categorical-6143-both_sexes-3.tsv.bgz.tbi,Pan-UKB official phenotype manifest,UNREVIEWED,2051.0,2172.0,h2_z_insignificant,247.0,335.0,n_too_low,1371.0,3566.0,PASS,533.0,1052.0,h2_z_insignificant,45495.0,176125.0,PASS,270.0,527.0,h2_z_insignificant
Pan-UKB::categorical|6144|both_sexes|1|,Pan-UKB,GRCh37,categorical|6144|both_sexes|1|,,categorical,6144,"Never eat eggs, dairy, wheat, sugar","ACE touchscreen question ""Which of the following do you NEVER eat? (You can select more than one answer)"" The following checks were performed: If code 5 was selected, then no additional choices were allowed. If code -3 was selected, then no additional choices were allowed.",Eggs or foods containing eggs,UK Biobank Assessment Centre > Touchscreen > Lifestyle and environment > Diet,other_candidate,"CSA,EUR",CSA,1,verified_from_official_manifest,categorical-6144-both_sexes-1.tsv.bgz,categorical-6144-both_sexes-1.tsv.bgz.tbi,s3://pan-ukb-us-east-1/sumstats_flat_files/categorical-6144-both_sexes-1.tsv.bgz,s3://pan-ukb-us-east-1/sumstats_flat_files_tabix/categorical-6144-both_sexes-1.tsv.bgz.tbi,Pan-UKB official phenotype manifest,UNREVIEWED,469.0,6038.0,h2_z_insignificant,,,,979.0,7565.0,PASS,54.0,2579.0,h2_z_insignificant,10819.0,408078.0,PASS,83.0,1474.0,h2_z_insignificant
Pan-UKB::categorical|6144|both_sexes|5|,Pan-UKB,GRCh37,categorical|6144|both_sexes|5|,,categorical,6144,"Never eat eggs, dairy, wheat, sugar","ACE touchscreen question ""Which of the following do you NEVER eat? (You can select more than one answer)"" The following checks were performed: If code 5 was selected, then no additional choices were allowed. If code -3 was selected, then no additional choices were allowed.",I eat all of the above,UK Biobank Assessment Centre > Touchscreen > Lifestyle and environment > Diet,other_candidate,"CSA,EUR",CSA,1,verified_from_official_manifest,categorical-6144-both_sexes-5.tsv.bgz,categorical-6144-both_sexes-5.tsv.bgz.tbi,s3://pan-ukb-us-east-1/sumstats_flat_files/categorical-6144-both_sexes-5.tsv.bgz,s3://pan-ukb-us-east-1/sumstats_flat_files_tabix/categorical-6144-both_sexes-5.tsv.bgz.tbi,Pan-UKB official phenotype manifest,UNREVIEWED,4868.0,1639.0,h2_z_insignificant,731.0,220.0,n_too_low,6345.0,2199.0,PASS,2189.0,444.0,h2_z_insignificant,323510.0,95387.0,PASS,1178.0,379.0,h2_z_insignificant
Pan-UKB::categorical|6145|both_sexes|1|,Pan-UKB,GRCh37,categorical|6145|both_sexes|1|,,categorical,6145,"Illness, injury, bereavement, stress in last 2 years","ACE touchscreen question ""In the last 2 years have you experienced any of the following? (You can select more than one answer)"" The following checks were performed: If code -7 was selected, then no additional choices were allowed. If code -3 was selected, then no additional choices were allowed.","Serious illness, injury or assault to yourself",UK Biobank Assessment Centre > Touchscreen > Psychosocial factors > Mental health,other_candidate,"EUR,MID",MID,1,verified_from_official_manifest,categorical-6145-both_sexes-1.tsv.bgz,categorical-6145-both_sexes-1.tsv.bgz.tbi,s3://pan-ukb-us-east-1/sumstats_flat_files/categorical-6145-both_sexes-1.tsv.bgz,s3://pan-ukb-us-east-1/sumstats_flat_files_tabix/categorical-6145-both_sexes-1.tsv.bgz.tbi,Pan-UKB official phenotype manifest,UNREVIEWED,749.0,5668.0,h2_z_insignificant,107.0,845.0,n_too_low,974.0,7381.0,h2_z_insignificant,183.0,2393.0,h2_z_insignificant,38628.0,379157.0,PASS,187.0,1337.0,PASS
Pan-UKB::categorical|6145|both_sexes|6|,Pan-UKB,GRCh37,categorical|6145|both_sexes|6|,,categorical,6145,"Illness, injury, bereavement, stress in last 2 years","ACE touchscreen question ""In the last 2 years have you experienced any of the following? (You can select more than one answer)"" The following checks were performed: If code -7 was selected, then no additional choices were allowed. If code -3 was selected, then no additional choices were allowed.",Financial difficulties,UK Biobank Assessment Centre > Touchscreen > Psychosocial factors > Mental health,other_candidate,"CSA,EAS,EUR","CSA,EAS",2,verified_from_official_manifest,categorical-6145-both_sexes-6.tsv.bgz,categorical-6145-both_sexes-6.tsv.bgz.tbi,s3://pan-ukb-us-east-1/sumstats_flat_files/categorical-6145-both_sexes-6.tsv.bgz,s3://pan-ukb-us-east-1/sumstats_flat_files_tabix/categorical-6145-both_sexes-6.tsv.bgz.tbi,Pan-UKB official phenotype manifest,UNREVIEWED,2486.0,3931.0,h2_z_insignificant,243.0,709.0,n_too_low,1514.0,6841.0,PASS,410.0,2166.0,PASS,47588.0,370197.0,PASS,391.0,1133.0,h2_z_insignificant
Pan-UKB::categorical|6149|both_sexes|100|,Pan-UKB,GRCh37,categorical|6149|both_sexes|100|,,categorical,6149,Mouth/teeth dental problems,"ACE touchscreen question ""Do you have any of the following? (You can select more than one answer)"" The following checks were performed: If code -7 was selected, then no additional choices were allowed. If code -3 was selected, then no additional choices were allowed. If the participant activated the Help button they were shown the message: Answer this question thinking about the past year.",None of the above,UK Biobank Assessment Centre > Touchscreen > Health and medical history > Mouth,other_candidate,"CSA,EUR",CSA,1,verified_from_official_manifest,categorical-6149-both_sexes-100.tsv.bgz,categorical-6149-both_sexes-100.tsv.bgz.tbi,s3://pan-ukb-us-east-1/sumstats_flat_files/categorical-6149-both_sexes-100.tsv.bgz,s3://pan-ukb-us-east-1/sumstats_flat_files_tabix/categorical-6149-both_sexes-100.tsv.bgz.tbi,Pan-UKB official phenotype manifest,UNREVIEWED,3305.0,3188.0,h2_z_insignificant,544.0,413.0,n_too_low,4609.0,3916.0,PASS,1243.0,1371.0,h2_z_insignificant,253808.0,165170.0,PASS,856.0,687.0,h2_z_insignificant
Pan-UKB::categorical|6149|both_sexes|3|,Pan-UKB,GRCh37,categorical|6149|both_sexes|3|,,categorical,6149,Mouth/teeth dental problems,"ACE touchscreen question ""Do you have any of the following? (You can select more than one answer)"" The following checks were performed: If code -7 was selected, then no additional choices were allowed. If code -3 was selected, then no additional choices were allowed. If the participant activated the Help button they were shown the message: Answer this question thinking about the past year.",Bleeding gums,UK Biobank Assessment Centre > Touchscreen > Health and medical history > Mouth,other_candidate,"CSA,EUR",CSA,1,verified_from_official_manifest,categorical-6149-both_sexes-3.tsv.bgz,categorical-6149-both_sexes-3.tsv.bgz.tbi,s3://pan-ukb-us-east-1/sumstats_flat_files/categorical-6149-both_sexes-3.tsv.bgz,s3://pan-ukb-us-east-1/sumstats_flat_files_tabix/categorical-6149-both_sexes-3.tsv.bgz.tbi,Pan-UKB official phenotype manifest,UNREVIEWED,1360.0,5133.0,h2_z_insignificant,125.0,832.0,n_too_low,1634.0,6891.0,PASS,434.0,2180.0,h2_z_insignificant,54141.0,364837.0,PASS,262.0,1281.0,h2_z_insignificant
Pan-UKB::categorical|6149|both_sexes|4|,Pan-UKB,GRCh37,categorical|6149|both_sexes|4|,,categorical,6149,Mouth/teeth dental problems,"ACE touchscreen question ""Do you have any of the following? (You can select more than one answer)"" The following checks were performed: If code -7 was selected, then no additional choices were allowed. If code -3 was selected, then no additional choices were allowed. If the participant activated the Help button they were shown the message: Answer this question thinking about the past year.",Loose teeth,UK Biobank Assessment Centre > Touchscreen > Health and medical history > Mouth,other_candidate,"CSA,EUR,MID","CSA,MID",2,verified_from_official_manifest,categorical-6149-both_sexes-4.tsv.bgz,categorical-6149-both_sexes-4.tsv.bgz.tbi,s3://pan-ukb-us-east-1/sumstats_flat_files/categorical-6149-both_sexes-4.tsv.bgz,s3://pan-ukb-us-east-1/sumstats_flat_files_tabix/categorical-6149-both_sexes-4.tsv.bgz.tbi,Pan-UKB official phenotype manifest,UNREVIEWED,561.0,5932.0,h2_z_insignificant,98.0,859.0,n_too_low,767.0,7758.0,PASS,271.0,2343.0,h2_z_insignificant,16744.0,402234.0,PASS,168.0,1375.0,PASS
Pan-UKB::categorical|6149|both_sexes|6|,Pan-UKB,GRCh37,categorical|6149|both_sexes|6|,,categorical,6149,Mouth/teeth dental problems,"ACE touchscreen question ""Do you have any of the following? (You can select more than one answer)"" The following checks were performed: If code -7 was selected, then no additional choices were allowed. If code -3 was selected, then no additional choices were allowed. If the participant activated the Help button they were shown the message: Answer this question thinking about the past year.",Dentures,UK Biobank Assessment Centre > Touchscreen > Health and medical history > Mouth,other_candidate,"CSA,EUR",CSA,1,verified_from_official_manifest,categorical-6149-both_sexes-6.tsv.bgz,categorical-6149-both_sexes-6.tsv.bgz.tbi,s3://pan-ukb-us-east-1/sumstats_flat_files/categorical-6149-both_sexes-6.tsv.bgz,s3://pan-ukb-us-east-1/sumstats_flat_files_tabix/categorical-6149-both_sexes-6.tsv.bgz.tbi,Pan-UKB official phenotype manifest,UNREVIEWED,1146.0,5347.0,h2_z_insignificant,163.0,794.0,n_too_low,876.0,7649.0,PASS,502.0,2112.0,h2_z_insignificant,71479.0,347499.0,PASS,165.0,1378.0,h2_z_insignificant
Pan-UKB::categorical|6150|both_sexes|100|,Pan-UKB,GRCh37,categorical|6150|both_sexes|100|,,categorical,6150,Vascular/heart problems diagnosed by doctor,"ACE touchscreen question ""Has a doctor ever told you that you have had any of the following conditions? (You can select more than one answer)"" The following checks were performed: If code -7 was selected, then no additional choices were allowed. If code -3 was selected, then no additional choices were allowed. If the participant activated the Help button they were shown the message: If you do not know if you have had any of the listed conditions, enter None of the above. You can check this with an interviewer later in the visit.",None of the above,UK Biobank Assessment Centre > Touchscreen > Health and medical history > Medical conditions,other_candidate,"CSA,EAS,EUR","CSA,EAS",2,verified_from_official_manifest,categorical-6150-both_sexes-100.tsv.bgz,categorical-6150-both_sexes-100.tsv.bgz.tbi,s3://pan-ukb-us-east-1/sumstats_flat_files/categorical-6150-both_sexes-100.tsv.bgz,s3://pan-ukb-us-east-1/sumstats_flat_files_tabix/categorical-6150-both_sexes-100.tsv.bgz.tbi,Pan-UKB official phenotype manifest,UNREVIEWED,3865.0,2655.0,h2_z_insignificant,730.0,230.0,n_too_low,5703.0,2873.0,PASS,2023.0,607.0,PASS,294811.0,124813.0,PASS,1131.0,424.0,h2_z_insignificant
Pan-UKB::categorical|6150|both_sexes|2|,Pan-UKB,GRCh37,categorical|6150|both_sexes|2|,,categorical,6150,Vascular/heart problems diagnosed by doctor,"ACE touchscreen question ""Has a doctor ever told you that you have had any of the following conditions? (You can select more than one answer)"" The following checks were performed: If code -7 was selected, then no additional choices were allowed. If code -3 was selected, then no additional choices were allowed. If the participant activated the Help button they were shown the message: If you do not know if you have had any of the listed conditions, enter None of the above. You can check this with an interviewer later in the visit.",Angina,UK Biobank Assessment Centre > Touchscreen > Health and medical history > Medical conditions,other_candidate,"CSA,EUR",CSA,1,verified_from_official_manifest,categorical-6150-both_sexes-2.tsv.bgz,categorical-6150-both_sexes-2.tsv.bgz.tbi,s3://pan-ukb-us-east-1/sumstats_flat_files/categorical-6150-both_sexes-2.tsv.bgz,s3://pan-ukb-us-east-1/sumstats_flat_files_tabix/categorical-6150-both_sexes-2.tsv.bgz.tbi,Pan-UKB official phenotype manifest,UNREVIEWED,152.0,6368.0,h2_z_insignificant,,,,477.0,8099.0,PASS,,,,13411.0,406213.0,PASS,76.0,1479.0,h2_z_insignificant
Pan-UKB::categorical|6150|both_sexes|4|,Pan-UKB,GRCh37,categorical|6150|both_sexes|4|,,categorical,6150,Vascular/heart problems diagnosed by doctor,"ACE touchscreen question ""Has a doctor ever told you that you have had any of the following conditions? (You can select more than one answer)"" The following checks were performed: If code -7 was selected, then no additional choices were allowed. If code -3 was selected, then no additional choices were allowed. If the participant activated the Help button they were shown the message: If you do not know if you have had any of the listed conditions, enter None of the above. You can check this with an interviewer later in the visit.",High blood pressure,UK Biobank Assessment Centre > Touchscreen > Health and medical history > Medical conditions,other_candidate,"CSA,EUR",CSA,1,verified_from_official_manifest,categorical-6150-both_sexes-4.tsv.bgz,categorical-6150-both_sexes-4.tsv.bgz.tbi,s3://pan-ukb-us-east-1/sumstats_flat_files/categorical-6150-both_sexes-4.tsv.bgz,s3://pan-ukb-us-east-1/sumstats_flat_files_tabix/categorical-6150-both_sexes-4.tsv.bgz.tbi,Pan-UKB official phenotype manifest,UNREVIEWED,2541.0,3979.0,h2_z_insignificant,208.0,752.0,n_too_low,2553.0,6023.0,PASS,576.0,2054.0,h2_z_insignificant,113454.0,306170.0,PASS,373.0,1182.0,h2_z_insignificant
Pan-UKB::categorical|6151|both_sexes|7|,Pan-UKB,GRCh37,categorical|6151|both_sexes|7|,,categorical,6151,Fractured bone site(s),"ACE touchscreen question ""Which bones did you fracture/break? (You can select more than one answer)"" The following checks were performed: If code -1 was selected, then no additional choices were allowed. If code -3 was selected, then no additional choices were allowed. ~F6151~ was collected from participants who indicated they have had fractured/broken bones in the last 5 years, as defined by their answers to ~F2463~",Other bones,UK Biobank Assessment Centre > Touchscreen > Health and medical history > Medical conditions,other_candidate,"AFR,CSA,EAS,EUR","AFR,CSA,EAS",3,verified_from_official_manifest,categorical-6151-both_sexes-7.tsv.bgz,categorical-6151-both_sexes-7.tsv.bgz.tbi,s3://pan-ukb-us-east-1/sumstats_flat_files/categorical-6151-both_sexes-7.tsv.bgz,s3://pan-ukb-us-east-1/sumstats_flat_files_tabix/categorical-6151-both_sexes-7.tsv.bgz.tbi,Pan-UKB official phenotype manifest,UNREVIEWED,176.0,6306.0,PASS,,,,226.0,8372.0,PASS,64.0,2569.0,PASS,21833.0,396428.0,PASS,57.0,1497.0,h2_z_insignificant
Pan-UKB::categorical|6152|both_sexes|100|,Pan-UKB,GRCh37,categorical|6152|both_sexes|100|,,categorical,6152,"Blood clot, DVT, bronchitis, emphysema, asthma, rhinitis, eczema, allergy diagnosed by doctor","ACE touchscreen question ""Has a doctor ever told you that you have had any of the following conditions? (You can select more than one answer)"" The following checks were performed: If code -7 was selected, then no additional choices were allowed. If code -3 was selected, then no additional choices were allowed. If the participant activated the Help button they were shown the message: If you do not know if you have had any of the listed conditions, enter None of the above. You can check this with an interviewer later in the visit.",None of the above,UK Biobank Assessment Centre > Touchscreen > Health and medical history > Medical conditions,other_candidate,"CSA,EUR",CSA,1,verified_from_official_manifest,categorical-6152-both_sexes-100.tsv.bgz,categorical-6152-both_sexes-100.tsv.bgz.tbi,s3://pan-ukb-us-east-1/sumstats_flat_files/categorical-6152-both_sexes-100.tsv.bgz,s3://pan-ukb-us-east-1/sumstats_flat_files_tabix/categorical-6152-both_sexes-100.tsv.bgz.tbi,Pan-UKB official phenotype manifest,UNREVIEWED,4236.0,2263.0,h2_z_insignificant,627.0,331.0,n_too_low,5986.0,2576.0,PASS,1517.0,1101.0,h2_z_insignificant,285088.0,134680.0,PASS,1121.0,428.0,h2_z_insignificant
Pan-UKB::categorical|6152|both_sexes|8|,Pan-UKB,GRCh37,categorical|6152|both_sexes|8|,,categorical,6152,"Blood clot, DVT, bronchitis, emphysema, asthma, rhinitis, eczema, allergy diagnosed by doctor","ACE touchscreen question ""Has a doctor ever told you that you have had any of the following conditions? (You can select more than one answer)"" The following checks were performed: If code -7 was selected, then no additional choices were allowed. If code -3 was selected, then no additional choices were allowed. If the participant activated the Help button they were shown the message: If you do not know if you have had any of the listed conditions, enter None of the above. You can check this with an interviewer later in the visit.",Asthma,UK Biobank Assessment Centre > Touchscreen > Health and medical history > Medical conditions,other_candidate,"CSA,EUR",CSA,1,verified_from_official_manifest,categorical-6152-both_sexes-8.tsv.bgz,categorical-6152-both_sexes-8.tsv.bgz.tbi,s3://pan-ukb-us-east-1/sumstats_flat_files/categorical-6152-both_sexes-8.tsv.bgz,s3://pan-ukb-us-east-1/sumstats_flat_files_tabix/categorical-6152-both_sexes-8.tsv.bgz.tbi,Pan-UKB official phenotype manifest,UNREVIEWED,782.0,5717.0,h2_z_insignificant,103.0,855.0,n_too_low,1041.0,7521.0,PASS,232.0,2386.0,h2_z_insignificant,48560.0,371208.0,PASS,173.0,1376.0,h2_z_insignificant
Pan-UKB::categorical|6154|both_sexes|100|,Pan-UKB,GRCh37,categorical|6154|both_sexes|100|,,categorical,6154,"Medication for pain relief, constipation, heartburn","ACE touchscreen question ""Do you regularly take any of the following? (You can select more than one answer)"" The following checks were performed: If code -7 was selected, then no additional choices were allowed. If code -1 was selected, then no additional choices were allowed. If code -3 was selected, then no additional choices were allowed. If the participant activated the Help button they were shown the message: Some over the counter medicines are known by other names. Please enter the corresponding name if you take any of the following REGULARLY (that is, most days of the week for the last 4 weeks): Aspirin: Alka Rapid Crystals, Alka-Seltzer XS, Anadin Extra, Anadin Original, Askit powders, Aspro Clear, Codis 500, Disprin, Disprin Extra Ibuprofen: Anadin Ultra, Anadin Ibuprofen, Cuprofen Plus, Nurofen, Solpaflex, Ibuleve Paracetamol: Anadin Extra, Hedex Extra, Panadol, Paracodol, Paramol, Solpadeine, Syndol, Veganin, Feminax, Midrid, Migraleve Codeine: Codis 500, Cuprofen Plus, Nurofen Plus, Panadol Ultra, Paracodol, Paramol, Solpadeine Max, Sopadeine Plus, Solpafelx, Syndol, Veganin, Feminax, Migraleve",None of the above,UK Biobank Assessment Centre > Touchscreen > Health and medical history > Medication,other_candidate,"EUR,MID",MID,1,verified_from_official_manifest,categorical-6154-both_sexes-100.tsv.bgz,categorical-6154-both_sexes-100.tsv.bgz.tbi,s3://pan-ukb-us-east-1/sumstats_flat_files/categorical-6154-both_sexes-100.tsv.bgz,s3://pan-ukb-us-east-1/sumstats_flat_files_tabix/categorical-6154-both_sexes-100.tsv.bgz.tbi,Pan-UKB official phenotype manifest,UNREVIEWED,3059.0,3285.0,h2_z_insignificant,421.0,530.0,n_too_low,4308.0,4022.0,h2_z_insignificant,1711.0,830.0,h2_z_insignificant,229594.0,186179.0,PASS,703.0,810.0,PASS
Pan-UKB::categorical|6154|both_sexes|2|,Pan-UKB,GRCh37,categorical|6154|both_sexes|2|,,categorical,6154,"Medication for pain relief, constipation, heartburn","ACE touchscreen question ""Do you regularly take any of the following? (You can select more than one answer)"" The following checks were performed: If code -7 was selected, then no additional choices were allowed. If code -1 was selected, then no additional choices were allowed. If code -3 was selected, then no additional choices were allowed. If the participant activated the Help button they were shown the message: Some over the counter medicines are known by other names. Please enter the corresponding name if you take any of the following REGULARLY (that is, most days of the week for the last 4 weeks): Aspirin: Alka Rapid Crystals, Alka-Seltzer XS, Anadin Extra, Anadin Original, Askit powders, Aspro Clear, Codis 500, Disprin, Disprin Extra Ibuprofen: Anadin Ultra, Anadin Ibuprofen, Cuprofen Plus, Nurofen, Solpaflex, Ibuleve Paracetamol: Anadin Extra, Hedex Extra, Panadol, Paracodol, Paramol, Solpadeine, Syndol, Veganin, Feminax, Midrid, Migraleve Codeine: Codis 500, Cuprofen Plus, Nurofen Plus, Panadol Ultra, Paracodol, Paramol, Solpadeine Max, Sopadeine Plus, Solpafelx, Syndol, Veganin, Feminax, Migraleve",Ibuprofen (e.g. Nurofen),UK Biobank Assessment Centre > Touchscreen > Health and medical history > Medication,other_candidate,"CSA,EAS,EUR","CSA,EAS",2,verified_from_official_manifest,categorical-6154-both_sexes-2.tsv.bgz,categorical-6154-both_sexes-2.tsv.bgz.tbi,s3://pan-ukb-us-east-1/sumstats_flat_files/categorical-6154-both_sexes-2.tsv.bgz,s3://pan-ukb-us-east-1/sumstats_flat_files_tabix/categorical-6154-both_sexes-2.tsv.bgz.tbi,Pan-UKB official phenotype manifest,UNREVIEWED,1173.0,5171.0,h2_z_insignificant,223.0,728.0,n_too_low,919.0,7411.0,PASS,272.0,2269.0,PASS,61774.0,353999.0,PASS,252.0,1261.0,h2_z_insignificant
Pan-UKB::categorical|6154|both_sexes|3|,Pan-UKB,GRCh37,categorical|6154|both_sexes|3|,,categorical,6154,"Medication for pain relief, constipation, heartburn","ACE touchscreen question ""Do you regularly take any of the following? (You can select more than one answer)"" The following checks were performed: If code -7 was selected, then no additional choices were allowed. If code -1 was selected, then no additional choices were allowed. If code -3 was selected, then no additional choices were allowed. If the participant activated the Help button they were shown the message: Some over the counter medicines are known by other names. Please enter the corresponding name if you take any of the following REGULARLY (that is, most days of the week for the last 4 weeks): Aspirin: Alka Rapid Crystals, Alka-Seltzer XS, Anadin Extra, Anadin Original, Askit powders, Aspro Clear, Codis 500, Disprin, Disprin Extra Ibuprofen: Anadin Ultra, Anadin Ibuprofen, Cuprofen Plus, Nurofen, Solpaflex, Ibuleve Paracetamol: Anadin Extra, Hedex Extra, Panadol, Paracodol, Paramol, Solpadeine, Syndol, Veganin, Feminax, Midrid, Migraleve Codeine: Codis 500, Cuprofen Plus, Nurofen Plus, Panadol Ultra, Paracodol, Paramol, Solpadeine Max, Sopadeine Plus, Solpafelx, Syndol, Veganin, Feminax, Migraleve",Paracetamol,UK Biobank Assessment Centre > Touchscreen > Health and medical history > Medication,other_candidate,"CSA,EUR",CSA,1,verified_from_official_manifest,categorical-6154-both_sexes-3.tsv.bgz,categorical-6154-both_sexes-3.tsv.bgz.tbi,s3://pan-ukb-us-east-1/sumstats_flat_files/categorical-6154-both_sexes-3.tsv.bgz,s3://pan-ukb-us-east-1/sumstats_flat_files_tabix/categorical-6154-both_sexes-3.tsv.bgz.tbi,Pan-UKB official phenotype manifest,UNREVIEWED,2068.0,4276.0,h2_z_insignificant,303.0,648.0,n_too_low,2216.0,6114.0,PASS,490.0,2051.0,h2_z_insignificant,91666.0,324107.0,PASS,525.0,988.0,h2_z_insignificant
Pan-UKB::categorical|6154|both_sexes|5|,Pan-UKB,GRCh37,categorical|6154|both_sexes|5|,,categorical,6154,"Medication for pain relief, constipation, heartburn","ACE touchscreen question ""Do you regularly take any of the following? (You can select more than one answer)"" The following checks were performed: If code -7 was selected, then no additional choices were allowed. If code -1 was selected, then no additional choices were allowed. If code -3 was selected, then no additional choices were allowed. If the participant activated the Help button they were shown the message: Some over the counter medicines are known by other names. Please enter the corresponding name if you take any of the following REGULARLY (that is, most days of the week for the last 4 weeks): Aspirin: Alka Rapid Crystals, Alka-Seltzer XS, Anadin Extra, Anadin Original, Askit powders, Aspro Clear, Codis 500, Disprin, Disprin Extra Ibuprofen: Anadin Ultra, Anadin Ibuprofen, Cuprofen Plus, Nurofen, Solpaflex, Ibuleve Paracetamol: Anadin Extra, Hedex Extra, Panadol, Paracodol, Paramol, Solpadeine, Syndol, Veganin, Feminax, Midrid, Migraleve Codeine: Codis 500, Cuprofen Plus, Nurofen Plus, Panadol Ultra, Paracodol, Paramol, Solpadeine Max, Sopadeine Plus, Solpafelx, Syndol, Veganin, Feminax, Migraleve",Omeprazole (e.g. Zanprol),UK Biobank Assessment Centre > Touchscreen > Health and medical history > Medication,other_candidate,"CSA,EUR",CSA,1,verified_from_official_manifest,categorical-6154-both_sexes-5.tsv.bgz,categorical-6154-both_sexes-5.tsv.bgz.tbi,s3://pan-ukb-us-east-1/sumstats_flat_files/categorical-6154-both_sexes-5.tsv.bgz,s3://pan-ukb-us-east-1/sumstats_flat_files_tabix/categorical-6154-both_sexes-5.tsv.bgz.tbi,Pan-UKB official phenotype manifest,UNREVIEWED,340.0,6004.0,h2_z_insignificant,79.0,872.0,n_too_low,622.0,7708.0,PASS,79.0,2462.0,h2_z_insignificant,25219.0,390554.0,PASS,116.0,1397.0,h2_z_insignificant
Pan-UKB::categorical|6155|both_sexes|100|,Pan-UKB,GRCh37,categorical|6155|both_sexes|100|,,categorical,6155,Vitamin and mineral supplements,"ACE touchscreen question ""Do you regularly take any of the following? (You can select more than one answer)"" The following checks were performed: If code -7 was selected, then no additional choices were allowed. If code -3 was selected, then no additional choices were allowed.",None of the above,UK Biobank Assessment Centre > Touchscreen > Health and medical history > Medication,other_candidate,"CSA,EUR",CSA,1,verified_from_official_manifest,categorical-6155-both_sexes-100.tsv.bgz,categorical-6155-both_sexes-100.tsv.bgz.tbi,s3://pan-ukb-us-east-1/sumstats_flat_files/categorical-6155-both_sexes-100.tsv.bgz,s3://pan-ukb-us-east-1/sumstats_flat_files_tabix/categorical-6155-both_sexes-100.tsv.bgz.tbi,Pan-UKB official phenotype manifest,UNREVIEWED,3398.0,3066.0,h2_z_insignificant,548.0,412.0,n_too_low,5284.0,3210.0,PASS,1604.0,997.0,h2_z_insignificant,287888.0,130365.0,PASS,1066.0,484.0,h2_z_insignificant
Pan-UKB::categorical|6159|both_sexes|100|,Pan-UKB,GRCh37,categorical|6159|both_sexes|100|,,categorical,6159,Pain type(s) experienced in last month,"ACE touchscreen question ""In the last month have you experienced any of the following that interfered with your usual activites? (You can select more than one answer)"" The following checks were performed: If code 8 was selected, then no additional choices were allowed. If code -7 was selected, then no additional choices were allowed. If code -3 was selected, then no additional choices were allowed.",None of the above,UK Biobank Assessment Centre > Touchscreen > Health and medical history > Pain,other_candidate,"EAS,EUR",EAS,1,verified_from_official_manifest,categorical-6159-both_sexes-100.tsv.bgz,categorical-6159-both_sexes-100.tsv.bgz.tbi,s3://pan-ukb-us-east-1/sumstats_flat_files/categorical-6159-both_sexes-100.tsv.bgz,s3://pan-ukb-us-east-1/sumstats_flat_files_tabix/categorical-6159-both_sexes-100.tsv.bgz.tbi,Pan-UKB official phenotype manifest,UNREVIEWED,1883.0,4639.0,h2_z_insignificant,305.0,658.0,n_too_low,,,,970.0,1657.0,PASS,168397.0,251191.0,PASS,436.0,1120.0,h2_z_insignificant
Pan-UKB::categorical|6159|both_sexes|7|,Pan-UKB,GRCh37,categorical|6159|both_sexes|7|,,categorical,6159,Pain type(s) experienced in last month,"ACE touchscreen question ""In the last month have you experienced any of the following that interfered with your usual activites? (You can select more than one answer)"" The following checks were performed: If code 8 was selected, then no additional choices were allowed. If code -7 was selected, then no additional choices were allowed. If code -3 was selected, then no additional choices were allowed.",Knee pain,UK Biobank Assessment Centre > Touchscreen > Health and medical history > Pain,other_candidate,"EUR,MID",MID,1,verified_from_official_manifest,categorical-6159-both_sexes-7.tsv.bgz,categorical-6159-both_sexes-7.tsv.bgz.tbi,s3://pan-ukb-us-east-1/sumstats_flat_files/categorical-6159-both_sexes-7.tsv.bgz,s3://pan-ukb-us-east-1/sumstats_flat_files_tabix/categorical-6159-both_sexes-7.tsv.bgz.tbi,Pan-UKB official phenotype manifest,UNREVIEWED,1818.0,4704.0,h2_z_insignificant,223.0,740.0,n_too_low,2388.0,6224.0,h2_z_insignificant,503.0,2124.0,h2_z_insignificant,89827.0,329761.0,PASS,355.0,1201.0,PASS
Pan-UKB::categorical|6159|both_sexes|8|,Pan-UKB,GRCh37,categorical|6159|both_sexes|8|,,categorical,6159,Pain type(s) experienced in last month,"ACE touchscreen question ""In the last month have you experienced any of the following that interfered with your usual activites? (You can select more than one answer)"" The following checks were performed: If code 8 was selected, then no additional choices were allowed. If code -7 was selected, then no additional choices were allowed. If code -3 was selected, then no additional choices were allowed.",Pain all over the body,UK Biobank Assessment Centre > Touchscreen > Health and medical history > Pain,other_candidate,"CSA,EUR",CSA,1,verified_from_official_manifest,categorical-6159-both_sexes-8.tsv.bgz,categorical-6159-both_sexes-8.tsv.bgz.tbi,s3://pan-ukb-us-east-1/sumstats_flat_files/categorical-6159-both_sexes-8.tsv.bgz,s3://pan-ukb-us-east-1/sumstats_flat_files_tabix/categorical-6159-both_sexes-8.tsv.bgz.tbi,Pan-UKB official phenotype manifest,UNREVIEWED,327.0,6195.0,h2_z_insignificant,,,,484.0,8128.0,PASS,,,,6603.0,412985.0,PASS,70.0,1486.0,h2_z_insignificant
Pan-UKB::categorical|6160|both_sexes|1|,Pan-UKB,GRCh37,categorical|6160|both_sexes|1|,,categorical,6160,Leisure/social activities,"ACE touchscreen question ""Which of the following do you attend once a week or more often? (You can select more than one)"" The following checks were performed: If code -7 was selected, then no additional choices were allowed. If code -3 was selected, then no additional choices were allowed. If the participant activated the Help button they were shown the message: If this varies, please think about activities in the last year.",Sports club or gym,UK Biobank Assessment Centre > Touchscreen > Psychosocial factors > Social support,other_candidate,"AFR,CSA,EUR","AFR,CSA",2,verified_from_official_manifest,categorical-6160-both_sexes-1.tsv.bgz,categorical-6160-both_sexes-1.tsv.bgz.tbi,s3://pan-ukb-us-east-1/sumstats_flat_files/categorical-6160-both_sexes-1.tsv.bgz,s3://pan-ukb-us-east-1/sumstats_flat_files_tabix/categorical-6160-both_sexes-1.tsv.bgz.tbi,Pan-UKB official phenotype manifest,UNREVIEWED,1545.0,4975.0,PASS,256.0,701.0,n_too_low,1973.0,6505.0,PASS,711.0,1891.0,h2_z_insignificant,125667.0,293552.0,PASS,357.0,1193.0,h2_z_insignificant
Pan-UKB::categorical|6160|both_sexes|100|,Pan-UKB,GRCh37,categorical|6160|both_sexes|100|,,categorical,6160,Leisure/social activities,"ACE touchscreen question ""Which of the following do you attend once a week or more often? (You can select more than one)"" The following checks were performed: If code -7 was selected, then no additional choices were allowed. If code -3 was selected, then no additional choices were allowed. If the participant activated the Help button they were shown the message: If this varies, please think about activities in the last year.",None of the above,UK Biobank Assessment Centre > Touchscreen > Psychosocial factors > Social support,other_candidate,"AFR,CSA,EUR,MID","AFR,CSA,MID",3,verified_from_official_manifest,categorical-6160-both_sexes-100.tsv.bgz,categorical-6160-both_sexes-100.tsv.bgz.tbi,s3://pan-ukb-us-east-1/sumstats_flat_files/categorical-6160-both_sexes-100.tsv.bgz,s3://pan-ukb-us-east-1/sumstats_flat_files_tabix/categorical-6160-both_sexes-100.tsv.bgz.tbi,Pan-UKB official phenotype manifest,UNREVIEWED,1603.0,4917.0,PASS,290.0,667.0,n_too_low,3026.0,5452.0,PASS,962.0,1640.0,h2_z_insignificant,126966.0,292253.0,PASS,612.0,938.0,PASS
Pan-UKB::categorical|6160|both_sexes|4|,Pan-UKB,GRCh37,categorical|6160|both_sexes|4|,,categorical,6160,Leisure/social activities,"ACE touchscreen question ""Which of the following do you attend once a week or more often? (You can select more than one)"" The following checks were performed: If code -7 was selected, then no additional choices were allowed. If code -3 was selected, then no additional choices were allowed. If the participant activated the Help button they were shown the message: If this varies, please think about activities in the last year.",Adult education class,UK Biobank Assessment Centre > Touchscreen > Psychosocial factors > Social support,other_candidate,"CSA,EUR",CSA,1,verified_from_official_manifest,categorical-6160-both_sexes-4.tsv.bgz,categorical-6160-both_sexes-4.tsv.bgz.tbi,s3://pan-ukb-us-east-1/sumstats_flat_files/categorical-6160-both_sexes-4.tsv.bgz,s3://pan-ukb-us-east-1/sumstats_flat_files_tabix/categorical-6160-both_sexes-4.tsv.bgz.tbi,Pan-UKB official phenotype manifest,UNREVIEWED,509.0,6011.0,h2_z_insignificant,125.0,832.0,n_too_low,448.0,8030.0,PASS,222.0,2380.0,h2_z_insignificant,29885.0,389334.0,PASS,148.0,1402.0,h2_z_insignificant
Pan-UKB::categorical|6160|both_sexes|5|,Pan-UKB,GRCh37,categorical|6160|both_sexes|5|,,categorical,6160,Leisure/social activities,"ACE touchscreen question ""Which of the following do you attend once a week or more often? (You can select more than one)"" The following checks were performed: If code -7 was selected, then no additional choices were allowed. If code -3 was selected, then no additional choices were allowed. If the participant activated the Help button they were shown the message: If this varies, please think about activities in the last year.",Other group activity,UK Biobank Assessment Centre > Touchscreen > Psychosocial factors > Social support,other_candidate,"EUR,MID",MID,1,verified_from_official_manifest,categorical-6160-both_sexes-5.tsv.bgz,categorical-6160-both_sexes-5.tsv.bgz.tbi,s3://pan-ukb-us-east-1/sumstats_flat_files/categorical-6160-both_sexes-5.tsv.bgz,s3://pan-ukb-us-east-1/sumstats_flat_files_tabix/categorical-6160-both_sexes-5.tsv.bgz.tbi,Pan-UKB official phenotype manifest,UNREVIEWED,954.0,5566.0,h2_z_insignificant,178.0,779.0,n_too_low,1161.0,7317.0,h2_z_insignificant,505.0,2097.0,h2_z_insignificant,93258.0,325961.0,PASS,219.0,1331.0,PASS
Pan-UKB::categorical|6162|both_sexes|1|,Pan-UKB,GRCh37,categorical|6162|both_sexes|1|,,categorical,6162,Types of transport used (excluding work),"ACE touchscreen question ""In the last 4 weeks, which forms of transport have you used most often to get about? (Not including any journeys to and from work; you can select more than one answer)"" The following checks were performed: If code -7 was selected, then no additional choices were allowed. If code -3 was selected, then no additional choices were allowed. If the participant activated the Help button they were shown the message: Remember not to include journeys to and from work. ~F6162~ was collected from all participants except those who indicated they were unable to walk, as defined by their answers to ~F864~",Car/motor vehicle,UK Biobank Assessment Centre > Touchscreen > Lifestyle and environment > Physical activity,other_candidate,"EUR,MID",MID,1,verified_from_official_manifest,categorical-6162-both_sexes-1.tsv.bgz,categorical-6162-both_sexes-1.tsv.bgz.tbi,s3://pan-ukb-us-east-1/sumstats_flat_files/categorical-6162-both_sexes-1.tsv.bgz,s3://pan-ukb-us-east-1/sumstats_flat_files_tabix/categorical-6162-both_sexes-1.tsv.bgz.tbi,Pan-UKB official phenotype manifest,UNREVIEWED,3402.0,3143.0,h2_z_insignificant,528.0,430.0,n_too_low,6115.0,2472.0,h2_z_insignificant,1629.0,1022.0,h2_z_insignificant,332978.0,85353.0,PASS,942.0,621.0,PASS
Pan-UKB::categorical|6162|both_sexes|2|,Pan-UKB,GRCh37,categorical|6162|both_sexes|2|,,categorical,6162,Types of transport used (excluding work),"ACE touchscreen question ""In the last 4 weeks, which forms of transport have you used most often to get about? (Not including any journeys to and from work; you can select more than one answer)"" The following checks were performed: If code -7 was selected, then no additional choices were allowed. If code -3 was selected, then no additional choices were allowed. If the participant activated the Help button they were shown the message: Remember not to include journeys to and from work. ~F6162~ was collected from all participants except those who indicated they were unable to walk, as defined by their answers to ~F864~",Walk,UK Biobank Assessment Centre > Touchscreen > Lifestyle and environment > Physical activity,other_candidate,"CSA,EUR",CSA,1,verified_from_official_manifest,categorical-6162-both_sexes-2.tsv.bgz,categorical-6162-both_sexes-2.tsv.bgz.tbi,s3://pan-ukb-us-east-1/sumstats_flat_files/categorical-6162-both_sexes-2.tsv.bgz,s3://pan-ukb-us-east-1/sumstats_flat_files_tabix/categorical-6162-both_sexes-2.tsv.bgz.tbi,Pan-UKB official phenotype manifest,UNREVIEWED,2575.0,3970.0,h2_z_insignificant,444.0,514.0,n_too_low,3365.0,5222.0,PASS,1137.0,1514.0,h2_z_insignificant,205574.0,212757.0,PASS,633.0,930.0,h2_z_insignificant
Pan-UKB::categorical|6162|both_sexes|3|,Pan-UKB,GRCh37,categorical|6162|both_sexes|3|,,categorical,6162,Types of transport used (excluding work),"ACE touchscreen question ""In the last 4 weeks, which forms of transport have you used most often to get about? (Not including any journeys to and from work; you can select more than one answer)"" The following checks were performed: If code -7 was selected, then no additional choices were allowed. If code -3 was selected, then no additional choices were allowed. If the participant activated the Help button they were shown the message: Remember not to include journeys to and from work. ~F6162~ was collected from all participants except those who indicated they were unable to walk, as defined by their answers to ~F864~",Public transport,UK Biobank Assessment Centre > Touchscreen > Lifestyle and environment > Physical activity,other_candidate,"EUR,MID",MID,1,verified_from_official_manifest,categorical-6162-both_sexes-3.tsv.bgz,categorical-6162-both_sexes-3.tsv.bgz.tbi,s3://pan-ukb-us-east-1/sumstats_flat_files/categorical-6162-both_sexes-3.tsv.bgz,s3://pan-ukb-us-east-1/sumstats_flat_files_tabix/categorical-6162-both_sexes-3.tsv.bgz.tbi,Pan-UKB official phenotype manifest,UNREVIEWED,3557.0,2988.0,h2_z_insignificant,454.0,504.0,n_too_low,2886.0,5701.0,h2_z_insignificant,1004.0,1647.0,h2_z_insignificant,124892.0,293439.0,PASS,635.0,928.0,PASS
Pan-UKB::categorical|6164|both_sexes|100|,Pan-UKB,GRCh37,categorical|6164|both_sexes|100|,,categorical,6164,Types of physical activity in last 4 weeks,"ACE touchscreen question ""In the last 4 weeks did you spend any time doing the following? (You can select more than one answer)"" The following checks were performed: If code -7 was selected, then no additional choices were allowed. If code -3 was selected, then no additional choices were allowed. If the participant activated the Help button they were shown the message: Strenuous sports include sports that make you sweat or breathe hard. Heavy DIY includes chopping wood, home or car maintenance, lifting heavy objects or using heavy tools.",None of the above,UK Biobank Assessment Centre > Touchscreen > Lifestyle and environment > Physical activity,other_candidate,"CSA,EUR,MID","CSA,MID",2,verified_from_official_manifest,categorical-6164-both_sexes-100.tsv.bgz,categorical-6164-both_sexes-100.tsv.bgz.tbi,s3://pan-ukb-us-east-1/sumstats_flat_files/categorical-6164-both_sexes-100.tsv.bgz,s3://pan-ukb-us-east-1/sumstats_flat_files_tabix/categorical-6164-both_sexes-100.tsv.bgz.tbi,Pan-UKB official phenotype manifest,UNREVIEWED,1159.0,5369.0,h2_z_insignificant,138.0,819.0,n_too_low,1266.0,7238.0,PASS,309.0,2323.0,h2_z_insignificant,24889.0,393389.0,PASS,264.0,1283.0,PASS
Pan-UKB::categorical|6164|both_sexes|2|,Pan-UKB,GRCh37,categorical|6164|both_sexes|2|,,categorical,6164,Types of physical activity in last 4 weeks,"ACE touchscreen question ""In the last 4 weeks did you spend any time doing the following? (You can select more than one answer)"" The following checks were performed: If code -7 was selected, then no additional choices were allowed. If code -3 was selected, then no additional choices were allowed. If the participant activated the Help button they were shown the message: Strenuous sports include sports that make you sweat or breathe hard. Heavy DIY includes chopping wood, home or car maintenance, lifting heavy objects or using heavy tools.","Other exercises (eg: swimming, cycling, keep fit, bowling)",UK Biobank Assessment Centre > Touchscreen > Lifestyle and environment > Physical activity,other_candidate,"CSA,EUR",CSA,1,verified_from_official_manifest,categorical-6164-both_sexes-2.tsv.bgz,categorical-6164-both_sexes-2.tsv.bgz.tbi,s3://pan-ukb-us-east-1/sumstats_flat_files/categorical-6164-both_sexes-2.tsv.bgz,s3://pan-ukb-us-east-1/sumstats_flat_files_tabix/categorical-6164-both_sexes-2.tsv.bgz.tbi,Pan-UKB official phenotype manifest,UNREVIEWED,2358.0,4170.0,h2_z_insignificant,407.0,550.0,n_too_low,2904.0,5600.0,PASS,1140.0,1492.0,h2_z_insignificant,202295.0,215983.0,PASS,510.0,1037.0,h2_z_insignificant
Pan-UKB::categorical|6164|both_sexes|5|,Pan-UKB,GRCh37,categorical|6164|both_sexes|5|,,categorical,6164,Types of physical activity in last 4 weeks,"ACE touchscreen question ""In the last 4 weeks did you spend any time doing the following? (You can select more than one answer)"" The following checks were performed: If code -7 was selected, then no additional choices were allowed. If code -3 was selected, then no additional choices were allowed. If the participant activated the Help button they were shown the message: Strenuous sports include sports that make you sweat or breathe hard. Heavy DIY includes chopping wood, home or car maintenance, lifting heavy objects or using heavy tools.","Heavy DIY (eg: weeding, lawn mowing, carpentry, digging)",UK Biobank Assessment Centre > Touchscreen > Lifestyle and environment > Physical activity,other_candidate,"EAS,EUR",EAS,1,verified_from_official_manifest,categorical-6164-both_sexes-5.tsv.bgz,categorical-6164-both_sexes-5.tsv.bgz.tbi,s3://pan-ukb-us-east-1/sumstats_flat_files/categorical-6164-both_sexes-5.tsv.bgz,s3://pan-ukb-us-east-1/sumstats_flat_files_tabix/categorical-6164-both_sexes-5.tsv.bgz.tbi,Pan-UKB official phenotype manifest,UNREVIEWED,1211.0,5317.0,h2_z_insignificant,219.0,738.0,n_too_low,1651.0,6853.0,h2_z_insignificant,506.0,2126.0,PASS,182086.0,236192.0,PASS,268.0,1279.0,h2_z_insignificant
Pan-UKB::categorical|6179|both_sexes|1|,Pan-UKB,GRCh37,categorical|6179|both_sexes|1|,,categorical,6179,Mineral and other dietary supplements,"ACE touchscreen question ""Do you regularly take any of the following? (You can select more than one answer)"" The following checks were performed: If code -7 was selected, then no additional choices were allowed. If code -3 was selected, then no additional choices were allowed.",Fish oil (including cod liver oil),UK Biobank Assessment Centre > Touchscreen > Health and medical history > Medication,other_candidate,"EUR,MID",MID,1,verified_from_official_manifest,categorical-6179-both_sexes-1.tsv.bgz,categorical-6179-both_sexes-1.tsv.bgz.tbi,s3://pan-ukb-us-east-1/sumstats_flat_files/categorical-6179-both_sexes-1.tsv.bgz,s3://pan-ukb-us-east-1/sumstats_flat_files_tabix/categorical-6179-both_sexes-1.tsv.bgz.tbi,Pan-UKB official phenotype manifest,UNREVIEWED,2250.0,4230.0,h2_z_insignificant,292.0,668.0,n_too_low,1920.0,6612.0,h2_z_insignificant,828.0,1792.0,h2_z_insignificant,133111.0,286083.0,PASS,323.0,1226.0,PASS
Pan-UKB::categorical|6179|both_sexes|100|,Pan-UKB,GRCh37,categorical|6179|both_sexes|100|,,categorical,6179,Mineral and other dietary supplements,"ACE touchscreen question ""Do you regularly take any of the following? (You can select more than one answer)"" The following checks were performed: If code -7 was selected, then no additional choices were allowed. If code -3 was selected, then no additional choices were allowed.",None of the above,UK Biobank Assessment Centre > Touchscreen > Health and medical history > Medication,other_candidate,"EUR,MID",MID,1,verified_from_official_manifest,categorical-6179-both_sexes-100.tsv.bgz,categorical-6179-both_sexes-100.tsv.bgz.tbi,s3://pan-ukb-us-east-1/sumstats_flat_files/categorical-6179-both_sexes-100.tsv.bgz,s3://pan-ukb-us-east-1/sumstats_flat_files_tabix/categorical-6179-both_sexes-100.tsv.bgz.tbi,Pan-UKB official phenotype manifest,UNREVIEWED,3388.0,3092.0,h2_z_insignificant,504.0,456.0,n_too_low,5193.0,3339.0,h2_z_insignificant,1470.0,1150.0,h2_z_insignificant,238042.0,181152.0,PASS,1052.0,497.0,PASS
Pan-UKB::categorical|670|both_sexes|1|,Pan-UKB,GRCh37,categorical|670|both_sexes|1|,,categorical,670,Type of accommodation lived in,"ACE touchscreen question ""What type of accommodation do you live in?"" If the participant activated the Help button they were shown the message: Please select: A house or bungalow for any whole, detached, semi-detached or terraced (including end-terrace) house or bungalow. A flat, maisonette, or apartment for any purpose-built block of flats or tenement, part of a converted or shared house (including bed-sits) or within a commercial building (for example in an office building, or hotel, or over a shop). If none of the options apply, select None of the above.",A house or bungalow,UK Biobank Assessment Centre > Touchscreen > Sociodemographics > Household,other_candidate,"CSA,EUR,MID","CSA,MID",2,verified_from_official_manifest,categorical-670-both_sexes-1.tsv.bgz,categorical-670-both_sexes-1.tsv.bgz.tbi,s3://pan-ukb-us-east-1/sumstats_flat_files/categorical-670-both_sexes-1.tsv.bgz,s3://pan-ukb-us-east-1/sumstats_flat_files_tabix/categorical-670-both_sexes-1.tsv.bgz.tbi,Pan-UKB official phenotype manifest,UNREVIEWED,4236.0,2311.0,h2_z_insignificant,605.0,356.0,n_too_low,7542.0,1141.0,PASS,1991.0,660.0,h2_z_insignificant,381523.0,38580.0,PASS,1035.0,533.0,PASS
Pan-UKB::categorical|670|both_sexes|2|,Pan-UKB,GRCh37,categorical|670|both_sexes|2|,,categorical,670,Type of accommodation lived in,"ACE touchscreen question ""What type of accommodation do you live in?"" If the participant activated the Help button they were shown the message: Please select: A house or bungalow for any whole, detached, semi-detached or terraced (including end-terrace) house or bungalow. A flat, maisonette, or apartment for any purpose-built block of flats or tenement, part of a converted or shared house (including bed-sits) or within a commercial building (for example in an office building, or hotel, or over a shop). If none of the options apply, select None of the above.","A flat, maisonette or apartment",UK Biobank Assessment Centre > Touchscreen > Sociodemographics > Household,other_candidate,"CSA,EUR,MID","CSA,MID",2,verified_from_official_manifest,categorical-670-both_sexes-2.tsv.bgz,categorical-670-both_sexes-2.tsv.bgz.tbi,s3://pan-ukb-us-east-1/sumstats_flat_files/categorical-670-both_sexes-2.tsv.bgz,s3://pan-ukb-us-east-1/sumstats_flat_files_tabix/categorical-670-both_sexes-2.tsv.bgz.tbi,Pan-UKB official phenotype manifest,UNREVIEWED,2202.0,4345.0,h2_z_insignificant,341.0,620.0,n_too_low,1009.0,7674.0,PASS,605.0,2046.0,h2_z_insignificant,36119.0,383984.0,PASS,514.0,1054.0,PASS
Pan-UKB::categorical|680|both_sexes|3|,Pan-UKB,GRCh37,categorical|680|both_sexes|3|,,categorical,680,Own or rent accommodation lived in,"ACE touchscreen question ""Do you own or rent the accommodation that you live in?"" If the participant activated the Help button they were shown the message: Please select: - Own outright if you or someone in your household owns the accommodation that you live in. - Own with mortagage if you or someone in your household has a mortagage on the accommodation that you live in. ~F680~ was collected from participants except those who indicated they were living in a sheltered accommodation or in a care home, as defined by their answers to ~F670~","Rent - from local authority, local council, housing association",UK Biobank Assessment Centre > Touchscreen > Sociodemographics > Household,other_candidate,"CSA,EUR,MID","CSA,MID",2,verified_from_official_manifest,categorical-680-both_sexes-3.tsv.bgz,categorical-680-both_sexes-3.tsv.bgz.tbi,s3://pan-ukb-us-east-1/sumstats_flat_files/categorical-680-both_sexes-3.tsv.bgz,s3://pan-ukb-us-east-1/sumstats_flat_files_tabix/categorical-680-both_sexes-3.tsv.bgz.tbi,Pan-UKB official phenotype manifest,UNREVIEWED,1821.0,4565.0,h2_z_insignificant,171.0,774.0,n_too_low,566.0,7881.0,PASS,209.0,2394.0,h2_z_insignificant,22240.0,394568.0,PASS,425.0,1109.0,PASS
Pan-UKB::continuous|102|both_sexes||irnt,Pan-UKB,GRCh37,continuous|102|both_sexes||irnt,,continuous,102,"Pulse rate, automated reading",This is the pulse rate measured during the automated blood pressure readings.,,UK Biobank Assessment Centre > Physical measures > Blood pressure,quantitative_or_biomarker_candidate,"CSA,EUR",CSA,1,verified_from_official_manifest,continuous-102-both_sexes-irnt.tsv.bgz,continuous-102-both_sexes-irnt.tsv.bgz.tbi,s3://pan-ukb-us-east-1/sumstats_flat_files/continuous-102-both_sexes-irnt.tsv.bgz,s3://pan-ukb-us-east-1/sumstats_flat_files_tabix/continuous-102-both_sexes-irnt.tsv.bgz.tbi,Pan-UKB official phenotype manifest,UNREVIEWED,6551.0,,h2_z_insignificant,959.0,,n_too_low,8641.0,,PASS,2600.0,,h2_z_insignificant,396667.0,,PASS,1541.0,,h2_z_insignificant
Pan-UKB::continuous|1050|both_sexes||,Pan-UKB,GRCh37,continuous|1050|both_sexes||,,continuous,1050,Time spend outdoors in summer,"ACE touchscreen question ""In a typical DAY in summer, how many hours do you spend outdoors?"" The following checks were performed: If answer If answer > 24 then rejected If answer > 10 then participant asked to confirm If the participant activated the Help button they were shown the message: If the time you spend outdoors in summer varies a lot, give the average time per day. For example if you spend 1 hour a day on each weekday and 4 hours a day on the weekend, the total hours in a week is 13 (5 + 8), so you spend approximately 2 hours a day.",,UK Biobank Assessment Centre > Touchscreen > Lifestyle and environment > Sun exposure,quantitative_or_biomarker_candidate,"CSA,EUR",CSA,1,verified_from_official_manifest,continuous-1050-both_sexes.tsv.bgz,continuous-1050-both_sexes.tsv.bgz.tbi,s3://pan-ukb-us-east-1/sumstats_flat_files/continuous-1050-both_sexes.tsv.bgz,s3://pan-ukb-us-east-1/sumstats_flat_files_tabix/continuous-1050-both_sexes.tsv.bgz.tbi,Pan-UKB official phenotype manifest,UNREVIEWED,5334.0,,h2_z_insignificant,858.0,,n_too_low,7094.0,,PASS,2035.0,,h2_z_insignificant,381494.0,,PASS,1369.0,,h2_z_insignificant
Pan-UKB::continuous|1110|both_sexes||,Pan-UKB,GRCh37,continuous|1110|both_sexes||,,continuous,1110,Length of mobile phone use,"ACE touchscreen question ""For approximately how many years have you been using a mobile phone at least once per week to make or receive calls?"" If the participant activated the Help button they were shown the message: Do not include time spent text messaging. If you are unsure, please provide an estimate or select Do not know.",,UK Biobank Assessment Centre > Touchscreen > Lifestyle and environment > Electronic device use,quantitative_or_biomarker_candidate,"EUR,MID",MID,1,verified_from_official_manifest,continuous-1110-both_sexes.tsv.bgz,continuous-1110-both_sexes.tsv.bgz.tbi,s3://pan-ukb-us-east-1/sumstats_flat_files/continuous-1110-both_sexes.tsv.bgz,s3://pan-ukb-us-east-1/sumstats_flat_files_tabix/continuous-1110-both_sexes.tsv.bgz.tbi,Pan-UKB official phenotype manifest,UNREVIEWED,6320.0,,h2_z_insignificant,948.0,,n_too_low,8261.0,,h2_z_insignificant,2518.0,,h2_z_insignificant,415220.0,,PASS,1519.0,,PASS
Pan-UKB::continuous|1120|both_sexes||,Pan-UKB,GRCh37,continuous|1120|both_sexes||,,continuous,1120,Weekly usage of mobile phone in last 3 months,"ACE touchscreen question ""Over the last 3 months, on average how much time per week did you spend making or receiving calls on a mobile phone?"" If the participant activated the Help button they were shown the message: If you are unsure, please provide an estimate or select Do not know. ~F1120~ was collected from participants who indicated they have used a mobile phone at least once per week in the past or do not know whether they have used or not, as defined by their answers to ~F1110~",,UK Biobank Assessment Centre > Touchscreen > Lifestyle and environment > Electronic device use,quantitative_or_biomarker_candidate,"CSA,EUR",CSA,1,verified_from_official_manifest,continuous-1120-both_sexes.tsv.bgz,continuous-1120-both_sexes.tsv.bgz.tbi,s3://pan-ukb-us-east-1/sumstats_flat_files/continuous-1120-both_sexes.tsv.bgz,s3://pan-ukb-us-east-1/sumstats_flat_files_tabix/continuous-1120-both_sexes.tsv.bgz.tbi,Pan-UKB official phenotype manifest,UNREVIEWED,5901.0,,h2_z_insignificant,845.0,,n_too_low,7154.0,,PASS,2201.0,,h2_z_insignificant,350662.0,,PASS,1365.0,,h2_z_insignificant
Pan-UKB::continuous|1140|both_sexes||,Pan-UKB,GRCh37,continuous|1140|both_sexes||,,continuous,1140,Difference in mobile phone use compared to two years previously,"ACE touchscreen question ""Is there any difference between your mobile phone use now compared to two years ago?"" If the participant activated the Help button they were shown the message: If you are unsure, please provide an estimate or select Do not know. ~F1140~ was collected from participants who indicated they have used a mobile phone at least once per week in the past or do not know whether they have used or not, as defined by their answers to ~F1110~",,UK Biobank Assessment Centre > Touchscreen > Lifestyle and environment > Electronic device use,quantitative_or_biomarker_candidate,"CSA,EUR",CSA,1,verified_from_official_manifest,continuous-1140-both_sexes.tsv.bgz,continuous-1140-both_sexes.tsv.bgz.tbi,s3://pan-ukb-us-east-1/sumstats_flat_files/continuous-1140-both_sexes.tsv.bgz,s3://pan-ukb-us-east-1/sumstats_flat_files_tabix/continuous-1140-both_sexes.tsv.bgz.tbi,Pan-UKB official phenotype manifest,UNREVIEWED,5906.0,,h2_z_insignificant,826.0,,n_too_low,6779.0,,PASS,2132.0,,h2_z_insignificant,347207.0,,PASS,1317.0,,h2_z_insignificant
Pan-UKB::continuous|1160|both_sexes||,Pan-UKB,GRCh37,continuous|1160|both_sexes||,,continuous,1160,Sleep duration,"ACE touchscreen question ""About how many hours sleep do you get in every 24 hours? (please include naps)"" The following checks were performed: If answer If answer > 23 then rejected If answer If answer > 12 then participant asked to confirm If the participant activated the Help button they were shown the message: If the time you spend sleeping varies a lot, give the average time for a 24 hour day in the last 4 weeks.",,UK Biobank Assessment Centre > Touchscreen > Lifestyle and environment > Sleep,quantitative_or_biomarker_candidate,"EUR,MID",MID,1,verified_from_official_manifest,continuous-1160-both_sexes.tsv.bgz,continuous-1160-both_sexes.tsv.bgz.tbi,s3://pan-ukb-us-east-1/sumstats_flat_files/continuous-1160-both_sexes.tsv.bgz,s3://pan-ukb-us-east-1/sumstats_flat_files_tabix/continuous-1160-both_sexes.tsv.bgz.tbi,Pan-UKB official phenotype manifest,UNREVIEWED,6382.0,,h2_z_insignificant,959.0,,n_too_low,,,,2631.0,,h2_z_insignificant,418009.0,,PASS,1547.0,,PASS
Pan-UKB::continuous|1180|both_sexes||,Pan-UKB,GRCh37,continuous|1180|both_sexes||,,continuous,1180,Morning/evening person (chronotype),"ACE touchscreen question ""Do you consider yourself to be?"" If the participant activated the Help button they were shown the message: If this varies a lot, answer this question in relation to the last 4 weeks.",,UK Biobank Assessment Centre > Touchscreen > Lifestyle and environment > Sleep,quantitative_or_biomarker_candidate,"CSA,EUR,MID","CSA,MID",2,verified_from_official_manifest,continuous-1180-both_sexes.tsv.bgz,continuous-1180-both_sexes.tsv.bgz.tbi,s3://pan-ukb-us-east-1/sumstats_flat_files/continuous-1180-both_sexes.tsv.bgz,s3://pan-ukb-us-east-1/sumstats_flat_files_tabix/continuous-1180-both_sexes.tsv.bgz.tbi,Pan-UKB official phenotype manifest,UNREVIEWED,5561.0,,h2_z_insignificant,884.0,,n_too_low,7517.0,,PASS,2343.0,,h2_z_insignificant,375390.0,,PASS,1359.0,,PASS
Pan-UKB::continuous|1239|both_sexes||,Pan-UKB,GRCh37,continuous|1239|both_sexes||,,continuous,1239,Current tobacco smoking,"ACE touchscreen question ""Do you smoke tobacco now?""",,UK Biobank Assessment Centre > Touchscreen > Lifestyle and environment > Smoking,quantitative_or_biomarker_candidate,"AFR,CSA,EUR,MID","AFR,CSA,MID",3,verified_from_official_manifest,continuous-1239-both_sexes.tsv.bgz,continuous-1239-both_sexes.tsv.bgz.tbi,s3://pan-ukb-us-east-1/sumstats_flat_files/continuous-1239-both_sexes.tsv.bgz,s3://pan-ukb-us-east-1/sumstats_flat_files_tabix/continuous-1239-both_sexes.tsv.bgz.tbi,Pan-UKB official phenotype manifest,UNREVIEWED,6572.0,,PASS,,,,8706.0,,PASS,2662.0,,h2_z_insignificant,420087.0,,PASS,1570.0,,PASS
Pan-UKB::continuous|1249|both_sexes||,Pan-UKB,GRCh37,continuous|1249|both_sexes||,,continuous,1249,Past tobacco smoking,"ACE touchscreen question ""In the past, how often have you smoked tobacco?"" ~F1249~ was collected from all participants except those who indicated they currently smoke on most or all days, as defined by their answers to ~F1239~",,UK Biobank Assessment Centre > Touchscreen > Lifestyle and environment > Smoking,quantitative_or_biomarker_candidate,"AFR,EUR",AFR,1,verified_from_official_manifest,continuous-1249-both_sexes.tsv.bgz,continuous-1249-both_sexes.tsv.bgz.tbi,s3://pan-ukb-us-east-1/sumstats_flat_files/continuous-1249-both_sexes.tsv.bgz,s3://pan-ukb-us-east-1/sumstats_flat_files_tabix/continuous-1249-both_sexes.tsv.bgz.tbi,Pan-UKB official phenotype manifest,UNREVIEWED,6008.0,,PASS,872.0,,n_too_low,8143.0,,h2_z_insignificant,2498.0,,h2_z_insignificant,386575.0,,PASS,1369.0,,h2_z_insignificant
Pan-UKB::continuous|1259|both_sexes||,Pan-UKB,GRCh37,continuous|1259|both_sexes||,,continuous,1259,Smoking/smokers in household,"ACE touchscreen question ""Does anyone in your household smoke?"" ~F1259~ was collected from all participants except those who indicated they currently smoke tobacco on most or all days, as defined by their answers to ~F1239~",,UK Biobank Assessment Centre > Touchscreen > Lifestyle and environment > Smoking,quantitative_or_biomarker_candidate,"AFR,EUR",AFR,1,verified_from_official_manifest,continuous-1259-both_sexes.tsv.bgz,continuous-1259-both_sexes.tsv.bgz.tbi,s3://pan-ukb-us-east-1/sumstats_flat_files/continuous-1259-both_sexes.tsv.bgz,s3://pan-ukb-us-east-1/sumstats_flat_files_tabix/continuous-1259-both_sexes.tsv.bgz.tbi,Pan-UKB official phenotype manifest,UNREVIEWED,6014.0,,PASS,,,,8175.0,,h2_z_insignificant,2498.0,,h2_z_insignificant,387100.0,,PASS,,,
Pan-UKB::continuous|1289|both_sexes||,Pan-UKB,GRCh37,continuous|1289|both_sexes||,,continuous,1289,Cooked vegetable intake,"ACE touchscreen question ""On average how many heaped tablespoons of COOKED vegetables would you eat per DAY? (Do not include potatoes; put '0' if you do not eat any)"" The following checks were performed: If answer > 50 then rejected If the participant activated the Help button they were shown the message: Please provide an average considering your intake over the last year. If you are unsure, please provide an estimate or select Do not know. If you have less than one tablespoon a day select Less than one.",,UK Biobank Assessment Centre > Touchscreen > Lifestyle and environment > Diet,quantitative_or_biomarker_candidate,"CSA,EUR",CSA,1,verified_from_official_manifest,continuous-1289-both_sexes.tsv.bgz,continuous-1289-both_sexes.tsv.bgz.tbi,s3://pan-ukb-us-east-1/sumstats_flat_files/continuous-1289-both_sexes.tsv.bgz,s3://pan-ukb-us-east-1/sumstats_flat_files_tabix/continuous-1289-both_sexes.tsv.bgz.tbi,Pan-UKB official phenotype manifest,UNREVIEWED,5966.0,,h2_z_insignificant,908.0,,n_too_low,7965.0,,PASS,2499.0,,h2_z_insignificant,407833.0,,PASS,1423.0,,h2_z_insignificant
Pan-UKB::continuous|1299|both_sexes||,Pan-UKB,GRCh37,continuous|1299|both_sexes||,,continuous,1299,Salad / raw vegetable intake,"ACE touchscreen question ""On average how many heaped tablespoons of SALAD or RAW vegetables would you eat per DAY? (Include lettuce, tomato in sandwiches; put '0' if you do not eat any)"" The following checks were performed: If answer > 50 then rejected If the participant activated the Help button they were shown the message: Please provide an average considering your intake over the last year. If you are unsure, please provide an estimate or select Do not know. If you have less than one tablespoon a day select Less than one.",,UK Biobank Assessment Centre > Touchscreen > Lifestyle and environment > Diet,quantitative_or_biomarker_candidate,"CSA,EUR,MID","CSA,MID",2,verified_from_official_manifest,continuous-1299-both_sexes.tsv.bgz,continuous-1299-both_sexes.tsv.bgz.tbi,s3://pan-ukb-us-east-1/sumstats_flat_files/continuous-1299-both_sexes.tsv.bgz,s3://pan-ukb-us-east-1/sumstats_flat_files_tabix/continuous-1299-both_sexes.tsv.bgz.tbi,Pan-UKB official phenotype manifest,UNREVIEWED,5919.0,,h2_z_insignificant,917.0,,n_too_low,8018.0,,PASS,2365.0,,h2_z_insignificant,395377.0,,PASS,1462.0,,PASS
Pan-UKB::continuous|1329|both_sexes||,Pan-UKB,GRCh37,continuous|1329|both_sexes||,,continuous,1329,Oily fish intake,"ACE touchscreen question ""How often do you eat oily fish? (e.g. sardines, salmon, mackerel, herring)"" If the participant activated the Help button they were shown the message: Please provide an average considering your intake over the last year. If you are unsure, please provide an estimate or select Do not know. Oily fish include: Salmon Anchovies Trout Swordfish Mackerel Bloater Herring Cacha Sardines Carp Pilchards Hilsa Kipper Jack fish Eel Katla Whitebait Orange roughy Tuna (fresh only) Pangas Sprats",,UK Biobank Assessment Centre > Touchscreen > Lifestyle and environment > Diet,quantitative_or_biomarker_candidate,"CSA,EUR",CSA,1,verified_from_official_manifest,continuous-1329-both_sexes.tsv.bgz,continuous-1329-both_sexes.tsv.bgz.tbi,s3://pan-ukb-us-east-1/sumstats_flat_files/continuous-1329-both_sexes.tsv.bgz,s3://pan-ukb-us-east-1/sumstats_flat_files_tabix/continuous-1329-both_sexes.tsv.bgz.tbi,Pan-UKB official phenotype manifest,UNREVIEWED,6419.0,,h2_z_insignificant,956.0,,n_too_low,8428.0,,PASS,2604.0,,h2_z_insignificant,418361.0,,PASS,1532.0,,h2_z_insignificant
Pan-UKB::continuous|1339|both_sexes||,Pan-UKB,GRCh37,continuous|1339|both_sexes||,,continuous,1339,Non-oily fish intake,"ACE touchscreen question ""How often do you eat other types of fish? (e.g. cod, tinned tuna, haddock)"" If the participant activated the Help button they were shown the message: Please provide an average considering your intake over the last year. If you are unsure, please provide an estimate or select Do not know.",,UK Biobank Assessment Centre > Touchscreen > Lifestyle and environment > Diet,quantitative_or_biomarker_candidate,"CSA,EUR",CSA,1,verified_from_official_manifest,continuous-1339-both_sexes.tsv.bgz,continuous-1339-both_sexes.tsv.bgz.tbi,s3://pan-ukb-us-east-1/sumstats_flat_files/continuous-1339-both_sexes.tsv.bgz,s3://pan-ukb-us-east-1/sumstats_flat_files_tabix/continuous-1339-both_sexes.tsv.bgz.tbi,Pan-UKB official phenotype manifest,UNREVIEWED,6358.0,,h2_z_insignificant,952.0,,n_too_low,8406.0,,PASS,2589.0,,h2_z_insignificant,418770.0,,PASS,1536.0,,out_of_bounds_lambda
Pan-UKB::continuous|1349|both_sexes||,Pan-UKB,GRCh37,continuous|1349|both_sexes||,,continuous,1349,Processed meat intake,"ACE touchscreen question ""How often do you eat processed meats (such as bacon, ham, sausages, meat pies, kebabs, burgers, chicken nuggets)?"" If the participant activated the Help button they were shown the message: Please provide an average considering your intake over the last year If you are unsure, please provide an estimate or select Do not know.",,UK Biobank Assessment Centre > Touchscreen > Lifestyle and environment > Diet,quantitative_or_biomarker_candidate,"CSA,EUR,MID","CSA,MID",2,verified_from_official_manifest,continuous-1349-both_sexes.tsv.bgz,continuous-1349-both_sexes.tsv.bgz.tbi,s3://pan-ukb-us-east-1/sumstats_flat_files/continuous-1349-both_sexes.tsv.bgz,s3://pan-ukb-us-east-1/sumstats_flat_files_tabix/continuous-1349-both_sexes.tsv.bgz.tbi,Pan-UKB official phenotype manifest,UNREVIEWED,6462.0,,h2_z_insignificant,,,,8549.0,,PASS,2617.0,,h2_z_insignificant,419698.0,,PASS,1553.0,,PASS
Pan-UKB::continuous|135|both_sexes||,Pan-UKB,GRCh37,continuous|135|both_sexes||,,continuous,135,Number of self-reported non-cancer illnesses,Number of non-cancer illnesses entered,,UK Biobank Assessment Centre > Verbal interview > Medical conditions,quantitative_or_biomarker_candidate,"CSA,EUR,MID","CSA,MID",2,verified_from_official_manifest,continuous-135-both_sexes.tsv.bgz,continuous-135-both_sexes.tsv.bgz.tbi,s3://pan-ukb-us-east-1/sumstats_flat_files/continuous-135-both_sexes.tsv.bgz,s3://pan-ukb-us-east-1/sumstats_flat_files_tabix/continuous-135-both_sexes.tsv.bgz.tbi,Pan-UKB official phenotype manifest,UNREVIEWED,6624.0,,h2_z_insignificant,980.0,,n_too_low,8849.0,,PASS,2707.0,,h2_z_insignificant,420473.0,,PASS,1595.0,,PASS
Pan-UKB::continuous|1408|both_sexes||,Pan-UKB,GRCh37,continuous|1408|both_sexes||,,continuous,1408,Cheese intake,"ACE touchscreen question ""How often do you eat cheese? (Include cheese in pizzas, quiches, cheese sauce etc)"" If the participant activated the Help button they were shown the message: Please provide an average considering your intake over the last year If you are unsure, please provide an estimate or select Do not know. ~F1408~ was collected from all participants except those who indicated that they never eat dairy products, as defined by their answers to ~F6144~",,UK Biobank Assessment Centre > Touchscreen > Lifestyle and environment > Diet,quantitative_or_biomarker_candidate,"CSA,EUR",CSA,1,verified_from_official_manifest,continuous-1408-both_sexes.tsv.bgz,continuous-1408-both_sexes.tsv.bgz.tbi,s3://pan-ukb-us-east-1/sumstats_flat_files/continuous-1408-both_sexes.tsv.bgz,s3://pan-ukb-us-east-1/sumstats_flat_files_tabix/continuous-1408-both_sexes.tsv.bgz.tbi,Pan-UKB official phenotype manifest,UNREVIEWED,,,,929.0,,n_too_low,8162.0,,PASS,2488.0,,h2_z_insignificant,410327.0,,PASS,1483.0,,h2_z_insignificant
Pan-UKB::continuous|1438|both_sexes||irnt,Pan-UKB,GRCh37,continuous|1438|both_sexes||irnt,,continuous,1438,Bread intake,"ACE touchscreen question ""How many slices of bread do you eat each WEEK?"" The following checks were performed: If answer If answer > 250 then rejected If answer > 50 then participant asked to confirm If the participant activated the Help button they were shown the message: For other types of bread: - one bread roll = 2 slices - one pitta bread = 2 slices",,UK Biobank Assessment Centre > Touchscreen > Lifestyle and environment > Diet,quantitative_or_biomarker_candidate,"CSA,EUR",CSA,1,verified_from_official_manifest,continuous-1438-both_sexes-irnt.tsv.bgz,continuous-1438-both_sexes-irnt.tsv.bgz.tbi,s3://pan-ukb-us-east-1/sumstats_flat_files/continuous-1438-both_sexes-irnt.tsv.bgz,s3://pan-ukb-us-east-1/sumstats_flat_files_tabix/continuous-1438-both_sexes-irnt.tsv.bgz.tbi,Pan-UKB official phenotype manifest,UNREVIEWED,6105.0,,h2_z_insignificant,923.0,,n_too_low,8376.0,,PASS,2476.0,,h2_z_insignificant,411042.0,,PASS,1484.0,,h2_z_insignificant
Pan-UKB::continuous|1478|both_sexes||,Pan-UKB,GRCh37,continuous|1478|both_sexes||,,continuous,1478,Salt added to food,"ACE touchscreen question ""Do you add salt to your food? (Do not include salt used in cooking)"" If the participant activated the Help button they were shown the message: Please provide an average considering your intake over the last year If you are unsure, please provide an estimate or select Do not know.",,UK Biobank Assessment Centre > Touchscreen > Lifestyle and environment > Diet,quantitative_or_biomarker_candidate,"CSA,EUR",CSA,1,verified_from_official_manifest,continuous-1478-both_sexes.tsv.bgz,continuous-1478-both_sexes.tsv.bgz.tbi,s3://pan-ukb-us-east-1/sumstats_flat_files/continuous-1478-both_sexes.tsv.bgz,s3://pan-ukb-us-east-1/sumstats_flat_files_tabix/continuous-1478-both_sexes.tsv.bgz.tbi,Pan-UKB official phenotype manifest,UNREVIEWED,6571.0,,h2_z_insignificant,965.0,,n_too_low,8708.0,,PASS,2663.0,,h2_z_insignificant,420260.0,,PASS,1572.0,,h2_z_insignificant
Pan-UKB::continuous|1488|both_sexes||irnt,Pan-UKB,GRCh37,continuous|1488|both_sexes||irnt,,continuous,1488,Tea intake,"ACE touchscreen question ""How many cups of tea do you drink each DAY? (Include black and green tea)"" The following checks were performed: If answer If answer > 99 then rejected If answer > 20 then participant asked to confirm If the participant activated the Help button they were shown the message: Please provide an average considering your intake over the last year. If you are unsure, please provide an estimate or select Do not know.",,UK Biobank Assessment Centre > Touchscreen > Lifestyle and environment > Diet,quantitative_or_biomarker_candidate,"EUR,MID",MID,1,verified_from_official_manifest,continuous-1488-both_sexes-irnt.tsv.bgz,continuous-1488-both_sexes-irnt.tsv.bgz.tbi,s3://pan-ukb-us-east-1/sumstats_flat_files/continuous-1488-both_sexes-irnt.tsv.bgz,s3://pan-ukb-us-east-1/sumstats_flat_files_tabix/continuous-1488-both_sexes-irnt.tsv.bgz.tbi,Pan-UKB official phenotype manifest,UNREVIEWED,6208.0,,h2_z_insignificant,893.0,,n_too_low,8579.0,,h2_z_insignificant,2524.0,,h2_z_insignificant,406979.0,,PASS,1500.0,,PASS
Pan-UKB::continuous|1498|both_sexes||,Pan-UKB,GRCh37,continuous|1498|both_sexes||,,continuous,1498,Coffee intake,"ACE touchscreen question ""How many cups of coffee do you drink each DAY? (Include decaffeinated coffee)"" The following checks were performed: If answer If answer > 99 then rejected If answer > 10 then participant asked to confirm If the participant activated the Help button they were shown the message: Please provide an average considering your intake over the last year. If you are unsure, please provide an estimate or select Do not know.",,UK Biobank Assessment Centre > Touchscreen > Lifestyle and environment > Diet,quantitative_or_biomarker_candidate,"CSA,EAS,EUR","CSA,EAS",2,verified_from_official_manifest,continuous-1498-both_sexes.tsv.bgz,continuous-1498-both_sexes.tsv.bgz.tbi,s3://pan-ukb-us-east-1/sumstats_flat_files/continuous-1498-both_sexes.tsv.bgz,s3://pan-ukb-us-east-1/sumstats_flat_files_tabix/continuous-1498-both_sexes.tsv.bgz.tbi,Pan-UKB official phenotype manifest,UNREVIEWED,5869.0,,h2_z_insignificant,894.0,,n_too_low,7725.0,,PASS,2338.0,,PASS,389665.0,,PASS,1455.0,,h2_z_insignificant
Pan-UKB::continuous|1548|both_sexes||,Pan-UKB,GRCh37,continuous|1548|both_sexes||,,continuous,1548,Variation in diet,"ACE touchscreen question ""Does your diet vary much from week to week?""",,UK Biobank Assessment Centre > Touchscreen > Lifestyle and environment > Diet,quantitative_or_biomarker_candidate,"CSA,EUR,MID","CSA,MID",2,verified_from_official_manifest,continuous-1548-both_sexes.tsv.bgz,continuous-1548-both_sexes.tsv.bgz.tbi,s3://pan-ukb-us-east-1/sumstats_flat_files/continuous-1548-both_sexes.tsv.bgz,s3://pan-ukb-us-east-1/sumstats_flat_files_tabix/continuous-1548-both_sexes.tsv.bgz.tbi,Pan-UKB official phenotype manifest,UNREVIEWED,6418.0,,h2_z_insignificant,950.0,,n_too_low,8309.0,,PASS,2517.0,,h2_z_insignificant,418883.0,,PASS,1478.0,,PASS
Pan-UKB::continuous|1588|both_sexes||,Pan-UKB,GRCh37,continuous|1588|both_sexes||,,continuous,1588,Average weekly beer plus cider intake,"ACE touchscreen question ""In an average WEEK, how many pints of beer or cider would you drink? (Include bitter, lager, stout, ale, Guinness)"" The following checks were performed: If answer If answer > 250 then rejected If answer > 100 then participant asked to confirm ~F1588~ was collected from participants who indicated they drink alcohol more often than one to three times per month, as defined by their answers to ~F1558~",,UK Biobank Assessment Centre > Touchscreen > Lifestyle and environment > Alcohol,quantitative_or_biomarker_candidate,"CSA,EUR",CSA,1,verified_from_official_manifest,continuous-1588-both_sexes.tsv.bgz,continuous-1588-both_sexes.tsv.bgz.tbi,s3://pan-ukb-us-east-1/sumstats_flat_files/continuous-1588-both_sexes.tsv.bgz,s3://pan-ukb-us-east-1/sumstats_flat_files_tabix/continuous-1588-both_sexes.tsv.bgz.tbi,Pan-UKB official phenotype manifest,UNREVIEWED,2285.0,,h2_z_insignificant,476.0,,n_too_low,2440.0,,PASS,797.0,,h2_z_insignificant,299743.0,,PASS,485.0,,h2_z_insignificant
Pan-UKB::continuous|1697|both_sexes||,Pan-UKB,GRCh37,continuous|1697|both_sexes||,,continuous,1697,Comparative height size at age 10,"ACE touchscreen question ""When you were 10 years old, compared to average would you describe yourself as:"" This question was dropped from the touchscreen protocol on 24/10/2016.",,UK Biobank Assessment Centre > Touchscreen > Early life factors,quantitative_or_biomarker_candidate,"CSA,EUR",CSA,1,verified_from_official_manifest,continuous-1697-both_sexes.tsv.bgz,continuous-1697-both_sexes.tsv.bgz.tbi,s3://pan-ukb-us-east-1/sumstats_flat_files/continuous-1697-both_sexes.tsv.bgz,s3://pan-ukb-us-east-1/sumstats_flat_files_tabix/continuous-1697-both_sexes.tsv.bgz.tbi,Pan-UKB official phenotype manifest,UNREVIEWED,6200.0,,h2_z_insignificant,931.0,,n_too_low,8174.0,,PASS,2515.0,,h2_z_insignificant,413682.0,,PASS,1475.0,,h2_z_insignificant
Pan-UKB::continuous|1717|both_sexes||,Pan-UKB,GRCh37,continuous|1717|both_sexes||,,continuous,1717,Skin colour,"ACE touchscreen question ""What best describes the colour of your skin without tanning?"" If the participant activated the Help button they were shown the message: If you are unsure, please provide an estimate or select Do not know. This question was dropped from the touchscreen protocol on 24/10/2016.",,UK Biobank Assessment Centre > Touchscreen > Lifestyle and environment > Sun exposure,quantitative_or_biomarker_candidate,"CSA,EUR,MID","CSA,MID",2,verified_from_official_manifest,continuous-1717-both_sexes.tsv.bgz,continuous-1717-both_sexes.tsv.bgz.tbi,s3://pan-ukb-us-east-1/sumstats_flat_files/continuous-1717-both_sexes.tsv.bgz,s3://pan-ukb-us-east-1/sumstats_flat_files_tabix/continuous-1717-both_sexes.tsv.bgz.tbi,Pan-UKB official phenotype manifest,UNREVIEWED,6429.0,,h2_z_insignificant,,,,8483.0,,PASS,2332.0,,h2_z_insignificant,415018.0,,PASS,1492.0,,PASS
Pan-UKB::continuous|1757|both_sexes||,Pan-UKB,GRCh37,continuous|1757|both_sexes||,,continuous,1757,Facial ageing,"ACE touchscreen question ""Do people say that you look:""",,UK Biobank Assessment Centre > Touchscreen > Lifestyle and environment > Sun exposure,quantitative_or_biomarker_candidate,"CSA,EUR",CSA,1,verified_from_official_manifest,continuous-1757-both_sexes.tsv.bgz,continuous-1757-both_sexes.tsv.bgz.tbi,s3://pan-ukb-us-east-1/sumstats_flat_files/continuous-1757-both_sexes.tsv.bgz,s3://pan-ukb-us-east-1/sumstats_flat_files_tabix/continuous-1757-both_sexes.tsv.bgz.tbi,Pan-UKB official phenotype manifest,UNREVIEWED,6329.0,,h2_z_insignificant,923.0,,n_too_low,8115.0,,PASS,2530.0,,h2_z_insignificant,384866.0,,PASS,1468.0,,out_of_bounds_lambda
Pan-UKB::continuous|20010|both_sexes||irnt,Pan-UKB,GRCh37,continuous|20010|both_sexes||irnt,,continuous,20010,Interpolated Year when operation took place,This is the year when the participant indicated the operation took place.,,UK Biobank Assessment Centre > Verbal interview > Operations,quantitative_or_biomarker_candidate,"CSA,EUR",CSA,1,verified_from_official_manifest,continuous-20010-both_sexes-irnt.tsv.bgz,continuous-20010-both_sexes-irnt.tsv.bgz.tbi,s3://pan-ukb-us-east-1/sumstats_flat_files/continuous-20010-both_sexes-irnt.tsv.bgz,s3://pan-ukb-us-east-1/sumstats_flat_files_tabix/continuous-20010-both_sexes-irnt.tsv.bgz.tbi,Pan-UKB official phenotype manifest,UNREVIEWED,4290.0,,h2_z_insignificant,731.0,,n_too_low,5322.0,,PASS,1591.0,,h2_z_insignificant,331252.0,,PASS,1070.0,,h2_z_insignificant
Pan-UKB::continuous|20015|both_sexes||irnt,Pan-UKB,GRCh37,continuous|20015|both_sexes||irnt,,continuous,20015,Sitting height,"Distance from rump to crown when sitting, calculated as the difference between ~F51~ and ~F3077~.",,UK Biobank Assessment Centre > Physical measures > Anthropometry > Body size measures,quantitative_or_biomarker_candidate,"AFR,CSA,EAS,EUR","AFR,CSA,EAS",3,verified_from_official_manifest,continuous-20015-both_sexes-irnt.tsv.bgz,continuous-20015-both_sexes-irnt.tsv.bgz.tbi,s3://pan-ukb-us-east-1/sumstats_flat_files/continuous-20015-both_sexes-irnt.tsv.bgz,s3://pan-ukb-us-east-1/sumstats_flat_files_tabix/continuous-20015-both_sexes-irnt.tsv.bgz.tbi,Pan-UKB official phenotype manifest,UNREVIEWED,6554.0,,PASS,972.0,,n_too_low,8649.0,,PASS,2698.0,,PASS,419233.0,,PASS,1571.0,,h2_z_insignificant
Pan-UKB::continuous|20016|both_sexes||irnt,Pan-UKB,GRCh37,continuous|20016|both_sexes||irnt,,continuous,20016,Fluid intelligence score,This is a simple unweighted sum of the number of correct answers given to the 13 fluid intelligence questions. Participants who did not answer all of the questions within the allotted 2 minute limit are scored as zero for each of the unattempted questions.,,UK Biobank Assessment Centre > Cognitive function > Fluid intelligence / reasoning,quantitative_or_biomarker_candidate,"CSA,EUR",CSA,1,verified_from_official_manifest,continuous-20016-both_sexes-irnt.tsv.bgz,continuous-20016-both_sexes-irnt.tsv.bgz.tbi,s3://pan-ukb-us-east-1/sumstats_flat_files/continuous-20016-both_sexes-irnt.tsv.bgz,s3://pan-ukb-us-east-1/sumstats_flat_files_tabix/continuous-20016-both_sexes-irnt.tsv.bgz.tbi,Pan-UKB official phenotype manifest,UNREVIEWED,3280.0,,h2_z_insignificant,395.0,,n_too_low,4210.0,,PASS,1036.0,,h2_z_insignificant,135088.0,,PASS,,,
Pan-UKB::continuous|20022|both_sexes||irnt,Pan-UKB,GRCh37,continuous|20022|both_sexes||irnt,,continuous,20022,Birth weight,"Participants were asked to enter their own birth-weight. The weight could be entered either in Kg or in Imperial pounds+ounces. Values entered as Imperial units are held in ~F121~ and ~F122~, and their values have been converted into Kg and incorporated into this field. This question was dropped from the touchscreen protocol on 24/10/2016.",,UK Biobank Assessment Centre > Verbal interview > Early life factors,quantitative_or_biomarker_candidate,"AFR,EUR",AFR,1,verified_from_official_manifest,continuous-20022-both_sexes-irnt.tsv.bgz,continuous-20022-both_sexes-irnt.tsv.bgz.tbi,s3://pan-ukb-us-east-1/sumstats_flat_files/continuous-20022-both_sexes-irnt.tsv.bgz,s3://pan-ukb-us-east-1/sumstats_flat_files_tabix/continuous-20022-both_sexes-irnt.tsv.bgz.tbi,Pan-UKB official phenotype manifest,UNREVIEWED,1780.0,,PASS,423.0,,n_too_low,2177.0,,h2_z_insignificant,1003.0,,h2_z_insignificant,239716.0,,PASS,465.0,,h2_z_insignificant
Pan-UKB::continuous|20023|both_sexes||irnt,Pan-UKB,GRCh37,continuous|20023|both_sexes||irnt,,continuous,20023,Mean time to correctly identify matches,"This field is the mean duration to first press of snap-button summed over rounds in which both cards matched. It gives a crude measure of the raw processing+reaction speed of a participant. The following data points were excluded when forming the average: Rounds 0-4 were regarded as ""training""; Times under 50ms must be due to anticipation rather than reaction; Times over 2000ms were ignored as the cards had disappeared by then. Values were rounded to the nearest whole number.",,UK Biobank Assessment Centre > Cognitive function > Reaction time,quantitative_or_biomarker_candidate,"CSA,EUR",CSA,1,verified_from_official_manifest,continuous-20023-both_sexes-irnt.tsv.bgz,continuous-20023-both_sexes-irnt.tsv.bgz.tbi,s3://pan-ukb-us-east-1/sumstats_flat_files/continuous-20023-both_sexes-irnt.tsv.bgz,s3://pan-ukb-us-east-1/sumstats_flat_files_tabix/continuous-20023-both_sexes-irnt.tsv.bgz.tbi,Pan-UKB official phenotype manifest,UNREVIEWED,6238.0,,h2_z_insignificant,938.0,,n_too_low,8107.0,,PASS,2533.0,,h2_z_insignificant,417660.0,,PASS,1493.0,,h2_z_insignificant
Pan-UKB::continuous|20153|both_sexes||irnt,Pan-UKB,GRCh37,continuous|20153|both_sexes||irnt,,continuous,20153,"Forced expiratory volume in 1-second (FEV1), predicted","Predicted Forced Expiratory Volume in 1-second (FEV1), was calculated using a subset of ""healthy never smokers"" from UK Biobank. ""Healthy never smokers"", were selected as individuals with ""Ever Smoking Status""=0 and with ""Reproducible measure using the European Respiratory Society/American Thoracic Society (ERS/ATS) Criteria""=YES (1), with the following exclusions: ~F2316~: Individuals who indicated that they had experienced wheeze: ""Yes"" (1), ""Do not know"" (-1) or ""Prefer not to answer"" (-3). ~F6152~: Individuals who reported ""emphysema/chronic bronchitis"" (6) or ""asthma"" (8) or ""Prefer not to answer"" (-3). ~F20002~: Individuals who reported any of the following: asthma (1111), COPD (1112), emphysema/chronic bronchitis (1113), bronchiectasis (1114), interstitial lung disease (1115), asbestosis (1120), pulmonary fibrosis (1121), fibrosing/unspecified alveolitis (1122), respiratory failure (1124), pleurisy (1125), spontaneous/recurrent pneumothorax (1126), other respiratory problems (1117). Healthy never smokers were grouped into 58 age-sex bands (29 age bands per sex; ages 39, 40 and 41 were grouped into one band and ages 69, 70 and 72 were grouped into one band with ages 42 to 68 each forming a separate band) and the following linear regression model was fitted in each age-sex band: FEV1 = Beta0 + Beta1 * Standing Height Predicted FEV1 was then calculated for all samples who were never smokers (""Ever Smoking Status""=0) or heavy smokers (""Ever Smoking Status""=1 AND ""Pack years as proportion of life span exposed to smoking"" &gt;= 0.42) and with ""Reproducible measure using the European Respiratory Society/American Thoracic Society (ERS/ATS) Criteria""=YES, using the estimates of Beta0 and Beta1 , from the appropriate age-sex band: Predicted FEV1= (pred. Beta0 ) + (pred. Beta1 )^ * Standing Height Five individuals were outliers in terms of their FEV1 and were not coded. This derived data field has come from Professor Martin Tobin at the University of Leicester.",,UK Biobank Assessment Centre > Physical measures > Spirometry,quantitative_or_biomarker_candidate,"EUR,MID",MID,1,verified_from_official_manifest,continuous-20153-both_sexes-irnt.tsv.bgz,continuous-20153-both_sexes-irnt.tsv.bgz.tbi,s3://pan-ukb-us-east-1/sumstats_flat_files/continuous-20153-both_sexes-irnt.tsv.bgz,s3://pan-ukb-us-east-1/sumstats_flat_files_tabix/continuous-20153-both_sexes-irnt.tsv.bgz.tbi,Pan-UKB official phenotype manifest,UNREVIEWED,,,,138.0,,n_too_low,,,,,,,137532.0,,PASS,130.0,,PASS
Pan-UKB::continuous|20409|both_sexes||,Pan-UKB,GRCh37,continuous|20409|both_sexes||,,continuous,20409,Frequency of feeling guilt or remorse after drinking alcohol in last year,"Question asked: ""How often during the last year have you had a feeling of guilt or remorse after drinking?"" Question was asked when the sum of the answer to ~F20403~ plus the answer to ~F20416~ was 3 or above. Participants responding ""prefer not to answer"" to one of these trigger questions were scored as 1 for that question.",,Online follow-up > Mental health > Alcohol use,quantitative_or_biomarker_candidate,"AFR,EUR",AFR,1,verified_from_official_manifest,continuous-20409-both_sexes.tsv.bgz,continuous-20409-both_sexes.tsv.bgz.tbi,s3://pan-ukb-us-east-1/sumstats_flat_files/continuous-20409-both_sexes.tsv.bgz,s3://pan-ukb-us-east-1/sumstats_flat_files_tabix/continuous-20409-both_sexes.tsv.bgz.tbi,Pan-UKB official phenotype manifest,UNREVIEWED,286.0,,PASS,,,,,,,148.0,,h2_z_insignificant,75091.0,,PASS,,,
Pan-UKB::continuous|20485|both_sexes||,Pan-UKB,GRCh37,continuous|20485|both_sexes||,,continuous,20485,Ever contemplated self-harm,"Question asked: ""Have you contemplated harming yourself (for example by cutting, biting, hitting yourself or taking an overdose)?""",,Online follow-up > Mental health > Self-harm behaviours,quantitative_or_biomarker_candidate,"CSA,EUR",CSA,1,verified_from_official_manifest,continuous-20485-both_sexes.tsv.bgz,continuous-20485-both_sexes.tsv.bgz.tbi,s3://pan-ukb-us-east-1/sumstats_flat_files/continuous-20485-both_sexes.tsv.bgz,s3://pan-ukb-us-east-1/sumstats_flat_files_tabix/continuous-20485-both_sexes.tsv.bgz.tbi,Pan-UKB official phenotype manifest,UNREVIEWED,,,,,,,1173.0,,PASS,,,,135819.0,,PASS,,,
Pan-UKB::continuous|20498|both_sexes||,Pan-UKB,GRCh37,continuous|20498|both_sexes||,,continuous,20498,Felt very upset when reminded of stressful experience in past month,"Question asked: ""Next is a list of problems and complaints that people sometimes have in response to such extremely stressful experiences. Please indicate how much you have been bothered by that problem in the past month: Feeling very upset when something reminded you of a stressful experience?""",,Online follow-up > Mental health > Traumatic events,quantitative_or_biomarker_candidate,"CSA,EUR",CSA,1,verified_from_official_manifest,continuous-20498-both_sexes.tsv.bgz,continuous-20498-both_sexes.tsv.bgz.tbi,s3://pan-ukb-us-east-1/sumstats_flat_files/continuous-20498-both_sexes.tsv.bgz,s3://pan-ukb-us-east-1/sumstats_flat_files_tabix/continuous-20498-both_sexes.tsv.bgz.tbi,Pan-UKB official phenotype manifest,UNREVIEWED,935.0,,h2_z_insignificant,,,,1176.0,,PASS,594.0,,h2_z_insignificant,136151.0,,PASS,,,
Pan-UKB::continuous|20508|both_sexes||,Pan-UKB,GRCh37,continuous|20508|both_sexes||,,continuous,20508,Recent trouble concentrating on things,"Question asked: ""Over the last 2 weeks, how often have you been bothered by any of the following problems? [depressive symptoms] Trouble concentrating on things, such as reading the newspaper or watching television""",,Online follow-up > Mental health > Depression,quantitative_or_biomarker_candidate,"CSA,EUR",CSA,1,verified_from_official_manifest,continuous-20508-both_sexes.tsv.bgz,continuous-20508-both_sexes.tsv.bgz.tbi,s3://pan-ukb-us-east-1/sumstats_flat_files/continuous-20508-both_sexes.tsv.bgz,s3://pan-ukb-us-east-1/sumstats_flat_files_tabix/continuous-20508-both_sexes.tsv.bgz.tbi,Pan-UKB official phenotype manifest,UNREVIEWED,935.0,,h2_z_insignificant,,,,1179.0,,PASS,594.0,,h2_z_insignificant,136161.0,,PASS,282.0,,h2_z_insignificant
Pan-UKB::continuous|20515|both_sexes||,Pan-UKB,GRCh37,continuous|20515|both_sexes||,,continuous,20515,Recent trouble relaxing,"Question asked: ""Over the last 2 weeks, how often have you been bothered by any of the following problems? [anxiety symptoms] Trouble relaxing""",,Online follow-up > Mental health > Anxiety,quantitative_or_biomarker_candidate,"CSA,EUR",CSA,1,verified_from_official_manifest,continuous-20515-both_sexes.tsv.bgz,continuous-20515-both_sexes.tsv.bgz.tbi,s3://pan-ukb-us-east-1/sumstats_flat_files/continuous-20515-both_sexes.tsv.bgz,s3://pan-ukb-us-east-1/sumstats_flat_files_tabix/continuous-20515-both_sexes.tsv.bgz.tbi,Pan-UKB official phenotype manifest,UNREVIEWED,935.0,,h2_z_insignificant,,,,1172.0,,PASS,593.0,,h2_z_insignificant,135937.0,,PASS,,,
Pan-UKB::continuous|20519|both_sexes||,Pan-UKB,GRCh37,continuous|20519|both_sexes||,,continuous,20519,Recent feelings of tiredness or low energy,"Question asked: ""Over the last 2 weeks, how often have you been bothered by any of the following problems? [depressive symptoms] Feeling tired or having little energy""",,Online follow-up > Mental health > Depression,quantitative_or_biomarker_candidate,"CSA,EUR",CSA,1,verified_from_official_manifest,continuous-20519-both_sexes.tsv.bgz,continuous-20519-both_sexes.tsv.bgz.tbi,s3://pan-ukb-us-east-1/sumstats_flat_files/continuous-20519-both_sexes.tsv.bgz,s3://pan-ukb-us-east-1/sumstats_flat_files_tabix/continuous-20519-both_sexes.tsv.bgz.tbi,Pan-UKB official phenotype manifest,UNREVIEWED,934.0,,h2_z_insignificant,251.0,,n_too_low,1177.0,,PASS,593.0,,h2_z_insignificant,136086.0,,PASS,280.0,,h2_z_insignificant
Pan-UKB::continuous|20520|both_sexes||,Pan-UKB,GRCh37,continuous|20520|both_sexes||,,continuous,20520,Recent worrying too much about different things,"Question asked: ""Over the last 2 weeks, how often have you been bothered by any of the following problems? [anxiety symptoms] Worrying too much about different things""",,Online follow-up > Mental health > Anxiety,quantitative_or_biomarker_candidate,"CSA,EUR",CSA,1,verified_from_official_manifest,continuous-20520-both_sexes.tsv.bgz,continuous-20520-both_sexes.tsv.bgz.tbi,s3://pan-ukb-us-east-1/sumstats_flat_files/continuous-20520-both_sexes.tsv.bgz,s3://pan-ukb-us-east-1/sumstats_flat_files_tabix/continuous-20520-both_sexes.tsv.bgz.tbi,Pan-UKB official phenotype manifest,UNREVIEWED,930.0,,h2_z_insignificant,,,,1169.0,,PASS,589.0,,h2_z_insignificant,135794.0,,PASS,,,
Pan-UKB::continuous|21001|both_sexes||irnt,Pan-UKB,GRCh37,continuous|21001|both_sexes||irnt,,continuous,21001,Body mass index (BMI),BMI value here is constructed from height and weight measured during the initial Assessment Centre visit. Value is not present if either of these readings were omitted.,,UK Biobank Assessment Centre > Physical measures > Anthropometry > Body size measures,quantitative_or_biomarker_candidate,"AFR,CSA,EUR,MID","AFR,CSA,MID",3,verified_from_official_manifest,continuous-21001-both_sexes-irnt.tsv.bgz,continuous-21001-both_sexes-irnt.tsv.bgz.tbi,s3://pan-ukb-us-east-1/sumstats_flat_files/continuous-21001-both_sexes-irnt.tsv.bgz,s3://pan-ukb-us-east-1/sumstats_flat_files_tabix/continuous-21001-both_sexes-irnt.tsv.bgz.tbi,Pan-UKB official phenotype manifest,UNREVIEWED,6545.0,,PASS,971.0,,n_too_low,8646.0,,PASS,2693.0,,h2_z_insignificant,419163.0,,PASS,1572.0,,PASS
Pan-UKB::continuous|21002|both_sexes||irnt,Pan-UKB,GRCh37,continuous|21002|both_sexes||irnt,,continuous,21002,Weight,Weight was measured by a variety of means during the initial Assessment Centre visit. This field amalgamates these values into a single item.,,UK Biobank Assessment Centre > Physical measures > Anthropometry > Body size measures,quantitative_or_biomarker_candidate,"AFR,CSA,EUR,MID","AFR,CSA,MID",3,verified_from_official_manifest,continuous-21002-both_sexes-irnt.tsv.bgz,continuous-21002-both_sexes-irnt.tsv.bgz.tbi,s3://pan-ukb-us-east-1/sumstats_flat_files/continuous-21002-both_sexes-irnt.tsv.bgz,s3://pan-ukb-us-east-1/sumstats_flat_files_tabix/continuous-21002-both_sexes-irnt.tsv.bgz.tbi,Pan-UKB official phenotype manifest,UNREVIEWED,6558.0,,PASS,972.0,,n_too_low,8771.0,,PASS,2693.0,,h2_z_insignificant,419316.0,,PASS,1574.0,,PASS
Pan-UKB::continuous|2139|both_sexes||irnt,Pan-UKB,GRCh37,continuous|2139|both_sexes||irnt,,continuous,2139,Age first had sexual intercourse,"ACE touchscreen question ""What was your age when you first had sexual intercourse? (Sexual intercourse includes vaginal, oral or anal intercourse)"" The following checks were performed: If answer If answer > Participants age then rejected If answer If the participant activated the Help button they were shown the message: Sexual intercourse includes vaginal, oral or anal intercourse. If you are unsure, please provide an estimate or select Do not know.",,UK Biobank Assessment Centre > Touchscreen > Lifestyle and environment > Sexual factors,quantitative_or_biomarker_candidate,"CSA,EUR",CSA,1,verified_from_official_manifest,continuous-2139-both_sexes-irnt.tsv.bgz,continuous-2139-both_sexes-irnt.tsv.bgz.tbi,s3://pan-ukb-us-east-1/sumstats_flat_files/continuous-2139-both_sexes-irnt.tsv.bgz,s3://pan-ukb-us-east-1/sumstats_flat_files_tabix/continuous-2139-both_sexes-irnt.tsv.bgz.tbi,Pan-UKB official phenotype manifest,UNREVIEWED,4825.0,,h2_z_insignificant,832.0,,n_too_low,5424.0,,PASS,1711.0,,h2_z_insignificant,370065.0,,PASS,1110.0,,h2_z_insignificant
Pan-UKB::continuous|2178|both_sexes||,Pan-UKB,GRCh37,continuous|2178|both_sexes||,,continuous,2178,Overall health rating,"ACE touchscreen question ""In general how would you rate your overall health?""",,UK Biobank Assessment Centre > Touchscreen > Health and medical history > General health,quantitative_or_biomarker_candidate,"CSA,EUR,MID","CSA,MID",2,verified_from_official_manifest,continuous-2178-both_sexes.tsv.bgz,continuous-2178-both_sexes.tsv.bgz.tbi,s3://pan-ukb-us-east-1/sumstats_flat_files/continuous-2178-both_sexes.tsv.bgz,s3://pan-ukb-us-east-1/sumstats_flat_files_tabix/continuous-2178-both_sexes.tsv.bgz.tbi,Pan-UKB official phenotype manifest,UNREVIEWED,6458.0,,h2_z_insignificant,945.0,,n_too_low,8579.0,,PASS,2607.0,,h2_z_insignificant,418781.0,,PASS,1531.0,,PASS
Pan-UKB::continuous|2217|both_sexes||irnt,Pan-UKB,GRCh37,continuous|2217|both_sexes||irnt,,continuous,2217,Age started wearing glasses or contact lenses,"ACE touchscreen question ""What age did you first start to wear glasses or contact lenses?"" The following checks were performed: If answer If answer > Participants age then rejected If answer If the participant activated the Help button they were shown the message: If you are unsure, please provide an estimate or select Do not know. ~F2217~ was collected from participants who indicated they wear glasses or contact lenses to correct their vision, as defined by their answers to ~F2207~",,UK Biobank Assessment Centre > Touchscreen > Health and medical history > Eyesight,quantitative_or_biomarker_candidate,"CSA,EAS,EUR","CSA,EAS",2,verified_from_official_manifest,continuous-2217-both_sexes-irnt.tsv.bgz,continuous-2217-both_sexes-irnt.tsv.bgz.tbi,s3://pan-ukb-us-east-1/sumstats_flat_files/continuous-2217-both_sexes-irnt.tsv.bgz,s3://pan-ukb-us-east-1/sumstats_flat_files_tabix/continuous-2217-both_sexes-irnt.tsv.bgz.tbi,Pan-UKB official phenotype manifest,UNREVIEWED,4814.0,,h2_z_insignificant,759.0,,n_too_low,6735.0,,PASS,2088.0,,PASS,361940.0,,PASS,1214.0,,h2_z_insignificant
Pan-UKB::continuous|2237|both_sexes||,Pan-UKB,GRCh37,continuous|2237|both_sexes||,,continuous,2237,Plays computer games,"ACE touchscreen question ""Do you play computer games?"" If the participant activated the Help button they were shown the message: Answer this question thinking about the past year.",,UK Biobank Assessment Centre > Touchscreen > Lifestyle and environment > Electronic device use,quantitative_or_biomarker_candidate,"EAS,EUR",EAS,1,verified_from_official_manifest,continuous-2237-both_sexes.tsv.bgz,continuous-2237-both_sexes.tsv.bgz.tbi,s3://pan-ukb-us-east-1/sumstats_flat_files/continuous-2237-both_sexes.tsv.bgz,s3://pan-ukb-us-east-1/sumstats_flat_files_tabix/continuous-2237-both_sexes.tsv.bgz.tbi,Pan-UKB official phenotype manifest,UNREVIEWED,6495.0,,h2_z_insignificant,961.0,,n_too_low,8548.0,,h2_z_insignificant,2634.0,,PASS,420102.0,,PASS,1557.0,,h2_z_insignificant
Pan-UKB::continuous|2267|both_sexes||,Pan-UKB,GRCh37,continuous|2267|both_sexes||,,continuous,2267,Use of sun/uv protection,"ACE touchscreen question ""Do you wear sun protection (e.g. sunscreen lotion, hat) when you spend time outdoors in the summer?"" If the participant activated the Help button they were shown the message: If you are unsure, please provide an estimate or select Do not know.",,UK Biobank Assessment Centre > Touchscreen > Lifestyle and environment > Sun exposure,quantitative_or_biomarker_candidate,"AFR,EUR,MID","AFR,MID",2,verified_from_official_manifest,continuous-2267-both_sexes.tsv.bgz,continuous-2267-both_sexes.tsv.bgz.tbi,s3://pan-ukb-us-east-1/sumstats_flat_files/continuous-2267-both_sexes.tsv.bgz,s3://pan-ukb-us-east-1/sumstats_flat_files_tabix/continuous-2267-both_sexes.tsv.bgz.tbi,Pan-UKB official phenotype manifest,UNREVIEWED,6285.0,,PASS,949.0,,n_too_low,8190.0,,h2_z_insignificant,2572.0,,h2_z_insignificant,417485.0,,PASS,1527.0,,PASS
Pan-UKB::continuous|2277|both_sexes||,Pan-UKB,GRCh37,continuous|2277|both_sexes||,,continuous,2277,Frequency of solarium/sunlamp use,"ACE touchscreen question ""How many times a year would you use a solarium or sunlamp?"" The following checks were performed: If answer > 9999 then rejected If answer > 400 then participant asked to confirm If the participant activated the Help button they were shown the message: If you are unsure, please provide an estimate or select Do not know.",,UK Biobank Assessment Centre > Touchscreen > Lifestyle and environment > Sun exposure,quantitative_or_biomarker_candidate,"CSA,EUR",CSA,1,verified_from_official_manifest,continuous-2277-both_sexes.tsv.bgz,continuous-2277-both_sexes.tsv.bgz.tbi,s3://pan-ukb-us-east-1/sumstats_flat_files/continuous-2277-both_sexes.tsv.bgz,s3://pan-ukb-us-east-1/sumstats_flat_files_tabix/continuous-2277-both_sexes.tsv.bgz.tbi,Pan-UKB official phenotype manifest,UNREVIEWED,,,,,,,7515.0,,PASS,,,,396520.0,,PASS,1372.0,,h2_z_insignificant
Pan-UKB::continuous|23098|both_sexes||irnt,Pan-UKB,GRCh37,continuous|23098|both_sexes||irnt,,continuous,23098,Weight,Weight of person taken during impedance measurement. 0.1 increments. Range 0 - 200Kg.,,UK Biobank Assessment Centre > Physical measures > Anthropometry > Impedance measures,quantitative_or_biomarker_candidate,"AFR,CSA,EUR","AFR,CSA",2,verified_from_official_manifest,continuous-23098-both_sexes-irnt.tsv.bgz,continuous-23098-both_sexes-irnt.tsv.bgz.tbi,s3://pan-ukb-us-east-1/sumstats_flat_files/continuous-23098-both_sexes-irnt.tsv.bgz,s3://pan-ukb-us-east-1/sumstats_flat_files_tabix/continuous-23098-both_sexes-irnt.tsv.bgz.tbi,Pan-UKB official phenotype manifest,UNREVIEWED,6458.0,,PASS,962.0,,n_too_low,8658.0,,PASS,2662.0,,h2_z_insignificant,413194.0,,PASS,1535.0,,h2_z_insignificant
Pan-UKB::continuous|23099|both_sexes||irnt,Pan-UKB,GRCh37,continuous|23099|both_sexes||irnt,,continuous,23099,Body fat percentage,Body composition estimation by impedance measurement. Body fat percentage Body fat percentage. Range 1% - 75% in 0.1% increments.,,UK Biobank Assessment Centre > Physical measures > Anthropometry > Impedance measures,quantitative_or_biomarker_candidate,"AFR,CSA,EAS,EUR,MID","AFR,CSA,EAS,MID",4,verified_from_official_manifest,continuous-23099-both_sexes-irnt.tsv.bgz,continuous-23099-both_sexes-irnt.tsv.bgz.tbi,s3://pan-ukb-us-east-1/sumstats_flat_files/continuous-23099-both_sexes-irnt.tsv.bgz,s3://pan-ukb-us-east-1/sumstats_flat_files_tabix/continuous-23099-both_sexes-irnt.tsv.bgz.tbi,Pan-UKB official phenotype manifest,UNREVIEWED,6455.0,,PASS,,,,8654.0,,PASS,2658.0,,PASS,412960.0,,PASS,1535.0,,PASS
Pan-UKB::continuous|23100|both_sexes||irnt,Pan-UKB,GRCh37,continuous|23100|both_sexes||irnt,,continuous,23100,Whole body fat mass,"Body composition estimation by impedance measurement. Fat mass Total fat mass in Kg, in 0.1Kg increments.",,UK Biobank Assessment Centre > Physical measures > Anthropometry > Impedance measures,quantitative_or_biomarker_candidate,"AFR,CSA,EAS,EUR,MID","AFR,CSA,EAS,MID",4,verified_from_official_manifest,continuous-23100-both_sexes-irnt.tsv.bgz,continuous-23100-both_sexes-irnt.tsv.bgz.tbi,s3://pan-ukb-us-east-1/sumstats_flat_files/continuous-23100-both_sexes-irnt.tsv.bgz,s3://pan-ukb-us-east-1/sumstats_flat_files_tabix/continuous-23100-both_sexes-irnt.tsv.bgz.tbi,Pan-UKB official phenotype manifest,UNREVIEWED,6450.0,,PASS,,,,8645.0,,PASS,2640.0,,PASS,412524.0,,PASS,1533.0,,PASS
Pan-UKB::continuous|23101|both_sexes||irnt,Pan-UKB,GRCh37,continuous|23101|both_sexes||irnt,,continuous,23101,Whole body fat-free mass,Body composition estimation by impedance measurement. Fat free mass Fat free mass in Kg. Increment in 0.1 Kg,,UK Biobank Assessment Centre > Physical measures > Anthropometry > Impedance measures,quantitative_or_biomarker_candidate,"AFR,CSA,EUR","AFR,CSA",2,verified_from_official_manifest,continuous-23101-both_sexes-irnt.tsv.bgz,continuous-23101-both_sexes-irnt.tsv.bgz.tbi,s3://pan-ukb-us-east-1/sumstats_flat_files/continuous-23101-both_sexes-irnt.tsv.bgz,s3://pan-ukb-us-east-1/sumstats_flat_files_tabix/continuous-23101-both_sexes-irnt.tsv.bgz.tbi,Pan-UKB official phenotype manifest,UNREVIEWED,6456.0,,PASS,962.0,,n_too_low,8658.0,,PASS,2662.0,,h2_z_insignificant,413158.0,,PASS,1535.0,,h2_z_insignificant
Pan-UKB::continuous|23102|both_sexes||irnt,Pan-UKB,GRCh37,continuous|23102|both_sexes||irnt,,continuous,23102,Whole body water mass,Body composition estimation by impedance measurement. Body water mass Units in Kg. Increments in 0.1 Kg.,,UK Biobank Assessment Centre > Physical measures > Anthropometry > Impedance measures,quantitative_or_biomarker_candidate,"AFR,CSA,EUR","AFR,CSA",2,verified_from_official_manifest,continuous-23102-both_sexes-irnt.tsv.bgz,continuous-23102-both_sexes-irnt.tsv.bgz.tbi,s3://pan-ukb-us-east-1/sumstats_flat_files/continuous-23102-both_sexes-irnt.tsv.bgz,s3://pan-ukb-us-east-1/sumstats_flat_files_tabix/continuous-23102-both_sexes-irnt.tsv.bgz.tbi,Pan-UKB official phenotype manifest,UNREVIEWED,6458.0,,PASS,962.0,,n_too_low,8658.0,,PASS,2662.0,,h2_z_insignificant,413190.0,,PASS,1535.0,,h2_z_insignificant
Pan-UKB::continuous|23104|both_sexes||irnt,Pan-UKB,GRCh37,continuous|23104|both_sexes||irnt,,continuous,23104,Body mass index (BMI),Body composition estimation by impedance measurement. Body Mass Index. Increments of 0.1 .,,UK Biobank Assessment Centre > Physical measures > Anthropometry > Impedance measures,quantitative_or_biomarker_candidate,"CSA,EUR,MID","CSA,MID",2,verified_from_official_manifest,continuous-23104-both_sexes-irnt.tsv.bgz,continuous-23104-both_sexes-irnt.tsv.bgz.tbi,s3://pan-ukb-us-east-1/sumstats_flat_files/continuous-23104-both_sexes-irnt.tsv.bgz,s3://pan-ukb-us-east-1/sumstats_flat_files_tabix/continuous-23104-both_sexes-irnt.tsv.bgz.tbi,Pan-UKB official phenotype manifest,UNREVIEWED,6458.0,,h2_z_insignificant,962.0,,n_too_low,8658.0,,PASS,2662.0,,h2_z_insignificant,413186.0,,PASS,1535.0,,PASS
Pan-UKB::continuous|23105|both_sexes||irnt,Pan-UKB,GRCh37,continuous|23105|both_sexes||irnt,,continuous,23105,Basal metabolic rate,Body composition estimation by impedance measurement. Basal metabolic rate Return value in Kilo- Joules.,,UK Biobank Assessment Centre > Physical measures > Anthropometry > Impedance measures,quantitative_or_biomarker_candidate,"AFR,CSA,EUR","AFR,CSA",2,verified_from_official_manifest,continuous-23105-both_sexes-irnt.tsv.bgz,continuous-23105-both_sexes-irnt.tsv.bgz.tbi,s3://pan-ukb-us-east-1/sumstats_flat_files/continuous-23105-both_sexes-irnt.tsv.bgz,s3://pan-ukb-us-east-1/sumstats_flat_files_tabix/continuous-23105-both_sexes-irnt.tsv.bgz.tbi,Pan-UKB official phenotype manifest,UNREVIEWED,6458.0,,PASS,962.0,,n_too_low,8658.0,,PASS,2662.0,,h2_z_insignificant,413178.0,,PASS,1535.0,,h2_z_insignificant
Pan-UKB::continuous|23106|both_sexes||irnt,Pan-UKB,GRCh37,continuous|23106|both_sexes||irnt,,continuous,23106,Impedance of whole body,Body composition estimation by impedance measurement. Impedance of whole body. is Range 150 - 1200ohms in 1ohm increments.,,UK Biobank Assessment Centre > Physical measures > Anthropometry > Impedance measures,quantitative_or_biomarker_candidate,"AFR,CSA,EUR","AFR,CSA",2,verified_from_official_manifest,continuous-23106-both_sexes-irnt.tsv.bgz,continuous-23106-both_sexes-irnt.tsv.bgz.tbi,s3://pan-ukb-us-east-1/sumstats_flat_files/continuous-23106-both_sexes-irnt.tsv.bgz,s3://pan-ukb-us-east-1/sumstats_flat_files_tabix/continuous-23106-both_sexes-irnt.tsv.bgz.tbi,Pan-UKB official phenotype manifest,UNREVIEWED,6458.0,,PASS,962.0,,n_too_low,8654.0,,PASS,2661.0,,h2_z_insignificant,413153.0,,PASS,1535.0,,h2_z_insignificant
Pan-UKB::continuous|23107|both_sexes||irnt,Pan-UKB,GRCh37,continuous|23107|both_sexes||irnt,,continuous,23107,Impedance of leg (right),"Body composition estimation by impedance measurement. Impedance of right leg, oh Measured impedance of right leg. Range 150 - 1200 (ohms) in 1 (ohms) increments.",,UK Biobank Assessment Centre > Physical measures > Anthropometry > Impedance measures,quantitative_or_biomarker_candidate,"AFR,CSA,EUR","AFR,CSA",2,verified_from_official_manifest,continuous-23107-both_sexes-irnt.tsv.bgz,continuous-23107-both_sexes-irnt.tsv.bgz.tbi,s3://pan-ukb-us-east-1/sumstats_flat_files/continuous-23107-both_sexes-irnt.tsv.bgz,s3://pan-ukb-us-east-1/sumstats_flat_files_tabix/continuous-23107-both_sexes-irnt.tsv.bgz.tbi,Pan-UKB official phenotype manifest,UNREVIEWED,6458.0,,PASS,961.0,,n_too_low,8658.0,,PASS,2662.0,,h2_z_insignificant,413169.0,,PASS,1535.0,,h2_z_insignificant
Pan-UKB::continuous|23108|both_sexes||irnt,Pan-UKB,GRCh37,continuous|23108|both_sexes||irnt,,continuous,23108,Impedance of leg (left),"Body composition estimation by impedance measurement. Impedance of left leg, ohm Measured impedance of left leg. Range 150 - 1200 (ohms) in 1 (ohms) increments.",,UK Biobank Assessment Centre > Physical measures > Anthropometry > Impedance measures,quantitative_or_biomarker_candidate,"AFR,CSA,EUR","AFR,CSA",2,verified_from_official_manifest,continuous-23108-both_sexes-irnt.tsv.bgz,continuous-23108-both_sexes-irnt.tsv.bgz.tbi,s3://pan-ukb-us-east-1/sumstats_flat_files/continuous-23108-both_sexes-irnt.tsv.bgz,s3://pan-ukb-us-east-1/sumstats_flat_files_tabix/continuous-23108-both_sexes-irnt.tsv.bgz.tbi,Pan-UKB official phenotype manifest,UNREVIEWED,6458.0,,PASS,961.0,,n_too_low,8658.0,,PASS,2662.0,,h2_z_insignificant,413163.0,,PASS,1535.0,,h2_z_insignificant
Pan-UKB::continuous|23109|both_sexes||irnt,Pan-UKB,GRCh37,continuous|23109|both_sexes||irnt,,continuous,23109,Impedance of arm (right),"Body composition estimation by impedance measurement. Impedance of right arm, oh Measured impedance of right arm. Range 150 - 1200 (ohms) in 1 (ohms) increments.",,UK Biobank Assessment Centre > Physical measures > Anthropometry > Impedance measures,quantitative_or_biomarker_candidate,"AFR,CSA,EUR","AFR,CSA",2,verified_from_official_manifest,continuous-23109-both_sexes-irnt.tsv.bgz,continuous-23109-both_sexes-irnt.tsv.bgz.tbi,s3://pan-ukb-us-east-1/sumstats_flat_files/continuous-23109-both_sexes-irnt.tsv.bgz,s3://pan-ukb-us-east-1/sumstats_flat_files_tabix/continuous-23109-both_sexes-irnt.tsv.bgz.tbi,Pan-UKB official phenotype manifest,UNREVIEWED,6458.0,,PASS,960.0,,n_too_low,8658.0,,PASS,2662.0,,h2_z_insignificant,413141.0,,PASS,1535.0,,h2_z_insignificant
Pan-UKB::continuous|23110|both_sexes||irnt,Pan-UKB,GRCh37,continuous|23110|both_sexes||irnt,,continuous,23110,Impedance of arm (left),"Body composition estimation by impedance measurement. Impedance of left arm, ohm Measured impedance of left arm. Range 150 - 1200 (ohms) in 1 (ohms) increments.",,UK Biobank Assessment Centre > Physical measures > Anthropometry > Impedance measures,quantitative_or_biomarker_candidate,"AFR,CSA,EUR","AFR,CSA",2,verified_from_official_manifest,continuous-23110-both_sexes-irnt.tsv.bgz,continuous-23110-both_sexes-irnt.tsv.bgz.tbi,s3://pan-ukb-us-east-1/sumstats_flat_files/continuous-23110-both_sexes-irnt.tsv.bgz,s3://pan-ukb-us-east-1/sumstats_flat_files_tabix/continuous-23110-both_sexes-irnt.tsv.bgz.tbi,Pan-UKB official phenotype manifest,UNREVIEWED,6458.0,,PASS,961.0,,n_too_low,8658.0,,PASS,2662.0,,h2_z_insignificant,413157.0,,PASS,1535.0,,h2_z_insignificant
Pan-UKB::continuous|23111|both_sexes||irnt,Pan-UKB,GRCh37,continuous|23111|both_sexes||irnt,,continuous,23111,Leg fat percentage (right),Body composition estimation by impedance measurement. Right leg fat percentages Range 1-75% in 0.1% increments.,,UK Biobank Assessment Centre > Physical measures > Anthropometry > Impedance measures,quantitative_or_biomarker_candidate,"CSA,EAS,EUR,MID","CSA,EAS,MID",3,verified_from_official_manifest,continuous-23111-both_sexes-irnt.tsv.bgz,continuous-23111-both_sexes-irnt.tsv.bgz.tbi,s3://pan-ukb-us-east-1/sumstats_flat_files/continuous-23111-both_sexes-irnt.tsv.bgz,s3://pan-ukb-us-east-1/sumstats_flat_files_tabix/continuous-23111-both_sexes-irnt.tsv.bgz.tbi,Pan-UKB official phenotype manifest,UNREVIEWED,6458.0,,h2_z_insignificant,961.0,,n_too_low,8658.0,,PASS,2662.0,,PASS,413161.0,,PASS,1535.0,,PASS
Pan-UKB::continuous|23112|both_sexes||irnt,Pan-UKB,GRCh37,continuous|23112|both_sexes||irnt,,continuous,23112,Leg fat mass (right),"Body composition estimation by impedance measurement. Right leg fat mass Right leg fat mass in Kg, 0.1 increments.",,UK Biobank Assessment Centre > Physical measures > Anthropometry > Impedance measures,quantitative_or_biomarker_candidate,"CSA,EUR,MID","CSA,MID",2,verified_from_official_manifest,continuous-23112-both_sexes-irnt.tsv.bgz,continuous-23112-both_sexes-irnt.tsv.bgz.tbi,s3://pan-ukb-us-east-1/sumstats_flat_files/continuous-23112-both_sexes-irnt.tsv.bgz,s3://pan-ukb-us-east-1/sumstats_flat_files_tabix/continuous-23112-both_sexes-irnt.tsv.bgz.tbi,Pan-UKB official phenotype manifest,UNREVIEWED,6458.0,,h2_z_insignificant,961.0,,n_too_low,8658.0,,PASS,2662.0,,h2_z_insignificant,413157.0,,PASS,1535.0,,PASS
Pan-UKB::continuous|23113|both_sexes||irnt,Pan-UKB,GRCh37,continuous|23113|both_sexes||irnt,,continuous,23113,Leg fat-free mass (right),"Body composition estimation by impedance measurement. Right leg fat free mass. Right leg fat free mass in Kg, 0.1 increments.",,UK Biobank Assessment Centre > Physical measures > Anthropometry > Impedance measures,quantitative_or_biomarker_candidate,"AFR,CSA,EUR","AFR,CSA",2,verified_from_official_manifest,continuous-23113-both_sexes-irnt.tsv.bgz,continuous-23113-both_sexes-irnt.tsv.bgz.tbi,s3://pan-ukb-us-east-1/sumstats_flat_files/continuous-23113-both_sexes-irnt.tsv.bgz,s3://pan-ukb-us-east-1/sumstats_flat_files_tabix/continuous-23113-both_sexes-irnt.tsv.bgz.tbi,Pan-UKB official phenotype manifest,UNREVIEWED,6458.0,,PASS,961.0,,n_too_low,8658.0,,PASS,2662.0,,h2_z_insignificant,413147.0,,PASS,1535.0,,h2_z_insignificant
Pan-UKB::continuous|23114|both_sexes||irnt,Pan-UKB,GRCh37,continuous|23114|both_sexes||irnt,,continuous,23114,Leg predicted mass (right),"Body composition estimation by impedance measurement. Right leg predicted mass. in Kg, 0.1 increments.",,UK Biobank Assessment Centre > Physical measures > Anthropometry > Impedance measures,quantitative_or_biomarker_candidate,"AFR,CSA,EUR","AFR,CSA",2,verified_from_official_manifest,continuous-23114-both_sexes-irnt.tsv.bgz,continuous-23114-both_sexes-irnt.tsv.bgz.tbi,s3://pan-ukb-us-east-1/sumstats_flat_files/continuous-23114-both_sexes-irnt.tsv.bgz,s3://pan-ukb-us-east-1/sumstats_flat_files_tabix/continuous-23114-both_sexes-irnt.tsv.bgz.tbi,Pan-UKB official phenotype manifest,UNREVIEWED,6458.0,,PASS,961.0,,n_too_low,8658.0,,PASS,2662.0,,h2_z_insignificant,413146.0,,PASS,1535.0,,h2_z_insignificant
Pan-UKB::continuous|23115|both_sexes||irnt,Pan-UKB,GRCh37,continuous|23115|both_sexes||irnt,,continuous,23115,Leg fat percentage (left),Body composition estimation by impedance measurement. Left leg fat percentage Range 1-75% in 0.1% increments.,,UK Biobank Assessment Centre > Physical measures > Anthropometry > Impedance measures,quantitative_or_biomarker_candidate,"CSA,EAS,EUR,MID","CSA,EAS,MID",3,verified_from_official_manifest,continuous-23115-both_sexes-irnt.tsv.bgz,continuous-23115-both_sexes-irnt.tsv.bgz.tbi,s3://pan-ukb-us-east-1/sumstats_flat_files/continuous-23115-both_sexes-irnt.tsv.bgz,s3://pan-ukb-us-east-1/sumstats_flat_files_tabix/continuous-23115-both_sexes-irnt.tsv.bgz.tbi,Pan-UKB official phenotype manifest,UNREVIEWED,6457.0,,h2_z_insignificant,961.0,,n_too_low,8658.0,,PASS,2661.0,,PASS,413138.0,,PASS,1535.0,,PASS
Pan-UKB::continuous|23116|both_sexes||irnt,Pan-UKB,GRCh37,continuous|23116|both_sexes||irnt,,continuous,23116,Leg fat mass (left),"Body composition estimation by impedance measurement. Left leg fat mass Left leg free mass in Kg, 0.1 increments.",,UK Biobank Assessment Centre > Physical measures > Anthropometry > Impedance measures,quantitative_or_biomarker_candidate,"CSA,EAS,EUR,MID","CSA,EAS,MID",3,verified_from_official_manifest,continuous-23116-both_sexes-irnt.tsv.bgz,continuous-23116-both_sexes-irnt.tsv.bgz.tbi,s3://pan-ukb-us-east-1/sumstats_flat_files/continuous-23116-both_sexes-irnt.tsv.bgz,s3://pan-ukb-us-east-1/sumstats_flat_files_tabix/continuous-23116-both_sexes-irnt.tsv.bgz.tbi,Pan-UKB official phenotype manifest,UNREVIEWED,6455.0,,h2_z_insignificant,,,,8658.0,,PASS,2661.0,,PASS,413135.0,,PASS,1535.0,,PASS
Pan-UKB::continuous|23117|both_sexes||irnt,Pan-UKB,GRCh37,continuous|23117|both_sexes||irnt,,continuous,23117,Leg fat-free mass (left),"Body composition estimation by impedance measurement. Left leg fat free mass. Left leg fat free mass in Kg, 0.1 increments.",,UK Biobank Assessment Centre > Physical measures > Anthropometry > Impedance measures,quantitative_or_biomarker_candidate,"AFR,CSA,EUR,MID","AFR,CSA,MID",3,verified_from_official_manifest,continuous-23117-both_sexes-irnt.tsv.bgz,continuous-23117-both_sexes-irnt.tsv.bgz.tbi,s3://pan-ukb-us-east-1/sumstats_flat_files/continuous-23117-both_sexes-irnt.tsv.bgz,s3://pan-ukb-us-east-1/sumstats_flat_files_tabix/continuous-23117-both_sexes-irnt.tsv.bgz.tbi,Pan-UKB official phenotype manifest,UNREVIEWED,6455.0,,PASS,960.0,,n_too_low,8658.0,,PASS,2661.0,,h2_z_insignificant,413118.0,,PASS,1535.0,,PASS
Pan-UKB::continuous|23118|both_sexes||irnt,Pan-UKB,GRCh37,continuous|23118|both_sexes||irnt,,continuous,23118,Leg predicted mass (left),"Body composition estimation by impedance measurement. Left leg predicted mass. in Kg, 0.1 increments.",,UK Biobank Assessment Centre > Physical measures > Anthropometry > Impedance measures,quantitative_or_biomarker_candidate,"AFR,CSA,EUR","AFR,CSA",2,verified_from_official_manifest,continuous-23118-both_sexes-irnt.tsv.bgz,continuous-23118-both_sexes-irnt.tsv.bgz.tbi,s3://pan-ukb-us-east-1/sumstats_flat_files/continuous-23118-both_sexes-irnt.tsv.bgz,s3://pan-ukb-us-east-1/sumstats_flat_files_tabix/continuous-23118-both_sexes-irnt.tsv.bgz.tbi,Pan-UKB official phenotype manifest,UNREVIEWED,6455.0,,PASS,960.0,,n_too_low,8658.0,,PASS,2661.0,,h2_z_insignificant,413113.0,,PASS,1535.0,,h2_z_insignificant
Pan-UKB::continuous|23119|both_sexes||irnt,Pan-UKB,GRCh37,continuous|23119|both_sexes||irnt,,continuous,23119,Arm fat percentage (right),Body composition estimation by impedance measurement. Right arm fat percentage Range 1-75% in 0.1% increments.,,UK Biobank Assessment Centre > Physical measures > Anthropometry > Impedance measures,quantitative_or_biomarker_candidate,"AFR,CSA,EUR,MID","AFR,CSA,MID",3,verified_from_official_manifest,continuous-23119-both_sexes-irnt.tsv.bgz,continuous-23119-both_sexes-irnt.tsv.bgz.tbi,s3://pan-ukb-us-east-1/sumstats_flat_files/continuous-23119-both_sexes-irnt.tsv.bgz,s3://pan-ukb-us-east-1/sumstats_flat_files_tabix/continuous-23119-both_sexes-irnt.tsv.bgz.tbi,Pan-UKB official phenotype manifest,UNREVIEWED,6454.0,,PASS,,,,8658.0,,PASS,2660.0,,h2_z_insignificant,413107.0,,PASS,1535.0,,PASS
Pan-UKB::continuous|23120|both_sexes||irnt,Pan-UKB,GRCh37,continuous|23120|both_sexes||irnt,,continuous,23120,Arm fat mass (right),"Body composition estimation by impedance measurement. Right arm fat mass. Right arm fat mass in Kg, 0.1 increments.",,UK Biobank Assessment Centre > Physical measures > Anthropometry > Impedance measures,quantitative_or_biomarker_candidate,"AFR,CSA,EUR,MID","AFR,CSA,MID",3,verified_from_official_manifest,continuous-23120-both_sexes-irnt.tsv.bgz,continuous-23120-both_sexes-irnt.tsv.bgz.tbi,s3://pan-ukb-us-east-1/sumstats_flat_files/continuous-23120-both_sexes-irnt.tsv.bgz,s3://pan-ukb-us-east-1/sumstats_flat_files_tabix/continuous-23120-both_sexes-irnt.tsv.bgz.tbi,Pan-UKB official phenotype manifest,UNREVIEWED,6454.0,,PASS,,,,8658.0,,PASS,2660.0,,h2_z_insignificant,413080.0,,PASS,1535.0,,PASS
Pan-UKB::continuous|23121|both_sexes||irnt,Pan-UKB,GRCh37,continuous|23121|both_sexes||irnt,,continuous,23121,Arm fat-free mass (right),"Body composition estimation by impedance measurement. Right arm fat free mass Right arm fat free mass in Kg, 0.1 increments.",,UK Biobank Assessment Centre > Physical measures > Anthropometry > Impedance measures,quantitative_or_biomarker_candidate,"AFR,CSA,EUR,MID","AFR,CSA,MID",3,verified_from_official_manifest,continuous-23121-both_sexes-irnt.tsv.bgz,continuous-23121-both_sexes-irnt.tsv.bgz.tbi,s3://pan-ukb-us-east-1/sumstats_flat_files/continuous-23121-both_sexes-irnt.tsv.bgz,s3://pan-ukb-us-east-1/sumstats_flat_files_tabix/continuous-23121-both_sexes-irnt.tsv.bgz.tbi,Pan-UKB official phenotype manifest,UNREVIEWED,6454.0,,PASS,960.0,,n_too_low,8658.0,,PASS,2660.0,,h2_z_insignificant,413074.0,,PASS,1535.0,,PASS
Pan-UKB::continuous|23122|both_sexes||irnt,Pan-UKB,GRCh37,continuous|23122|both_sexes||irnt,,continuous,23122,Arm predicted mass (right),"Body composition estimation by impedance measurement. Right Arm predicted mass in Kg, 0.1 increments.",,UK Biobank Assessment Centre > Physical measures > Anthropometry > Impedance measures,quantitative_or_biomarker_candidate,"AFR,CSA,EUR","AFR,CSA",2,verified_from_official_manifest,continuous-23122-both_sexes-irnt.tsv.bgz,continuous-23122-both_sexes-irnt.tsv.bgz.tbi,s3://pan-ukb-us-east-1/sumstats_flat_files/continuous-23122-both_sexes-irnt.tsv.bgz,s3://pan-ukb-us-east-1/sumstats_flat_files_tabix/continuous-23122-both_sexes-irnt.tsv.bgz.tbi,Pan-UKB official phenotype manifest,UNREVIEWED,6454.0,,PASS,960.0,,n_too_low,8657.0,,PASS,2660.0,,h2_z_insignificant,413067.0,,PASS,1535.0,,h2_z_insignificant
Pan-UKB::continuous|23123|both_sexes||irnt,Pan-UKB,GRCh37,continuous|23123|both_sexes||irnt,,continuous,23123,Arm fat percentage (left),Body composition estimation by impedance measurement. Left arm fat percentage Range 1-75% in 0.1% increments.,,UK Biobank Assessment Centre > Physical measures > Anthropometry > Impedance measures,quantitative_or_biomarker_candidate,"AFR,CSA,EUR,MID","AFR,CSA,MID",3,verified_from_official_manifest,continuous-23123-both_sexes-irnt.tsv.bgz,continuous-23123-both_sexes-irnt.tsv.bgz.tbi,s3://pan-ukb-us-east-1/sumstats_flat_files/continuous-23123-both_sexes-irnt.tsv.bgz,s3://pan-ukb-us-east-1/sumstats_flat_files_tabix/continuous-23123-both_sexes-irnt.tsv.bgz.tbi,Pan-UKB official phenotype manifest,UNREVIEWED,6454.0,,PASS,,,,8657.0,,PASS,2660.0,,h2_z_insignificant,413046.0,,PASS,1535.0,,PASS
Pan-UKB::continuous|23124|both_sexes||irnt,Pan-UKB,GRCh37,continuous|23124|both_sexes||irnt,,continuous,23124,Arm fat mass (left),"Body composition estimation by impedance measurement. Left arm fat mass. Left arm fat mass in Kg, 0.1 increments.",,UK Biobank Assessment Centre > Physical measures > Anthropometry > Impedance measures,quantitative_or_biomarker_candidate,"AFR,CSA,EUR,MID","AFR,CSA,MID",3,verified_from_official_manifest,continuous-23124-both_sexes-irnt.tsv.bgz,continuous-23124-both_sexes-irnt.tsv.bgz.tbi,s3://pan-ukb-us-east-1/sumstats_flat_files/continuous-23124-both_sexes-irnt.tsv.bgz,s3://pan-ukb-us-east-1/sumstats_flat_files_tabix/continuous-23124-both_sexes-irnt.tsv.bgz.tbi,Pan-UKB official phenotype manifest,UNREVIEWED,6454.0,,PASS,,,,8656.0,,PASS,2660.0,,h2_z_insignificant,413007.0,,PASS,1535.0,,PASS
Pan-UKB::continuous|23125|both_sexes||irnt,Pan-UKB,GRCh37,continuous|23125|both_sexes||irnt,,continuous,23125,Arm fat-free mass (left),"Body composition estimation by impedance measurement. Left arm fat free mass Left arm fat free mass in Kg, 0.1 increments.",,UK Biobank Assessment Centre > Physical measures > Anthropometry > Impedance measures,quantitative_or_biomarker_candidate,"AFR,CSA,EUR","AFR,CSA",2,verified_from_official_manifest,continuous-23125-both_sexes-irnt.tsv.bgz,continuous-23125-both_sexes-irnt.tsv.bgz.tbi,s3://pan-ukb-us-east-1/sumstats_flat_files/continuous-23125-both_sexes-irnt.tsv.bgz,s3://pan-ukb-us-east-1/sumstats_flat_files_tabix/continuous-23125-both_sexes-irnt.tsv.bgz.tbi,Pan-UKB official phenotype manifest,UNREVIEWED,6453.0,,PASS,960.0,,n_too_low,8655.0,,PASS,2660.0,,h2_z_insignificant,412998.0,,PASS,1535.0,,h2_z_insignificant
Pan-UKB::continuous|23126|both_sexes||irnt,Pan-UKB,GRCh37,continuous|23126|both_sexes||irnt,,continuous,23126,Arm predicted mass (left),"Body composition estimation by impedance measurement. Left arm predicted mass. in Kg, 0.1 increments.",,UK Biobank Assessment Centre > Physical measures > Anthropometry > Impedance measures,quantitative_or_biomarker_candidate,"AFR,CSA,EUR","AFR,CSA",2,verified_from_official_manifest,continuous-23126-both_sexes-irnt.tsv.bgz,continuous-23126-both_sexes-irnt.tsv.bgz.tbi,s3://pan-ukb-us-east-1/sumstats_flat_files/continuous-23126-both_sexes-irnt.tsv.bgz,s3://pan-ukb-us-east-1/sumstats_flat_files_tabix/continuous-23126-both_sexes-irnt.tsv.bgz.tbi,Pan-UKB official phenotype manifest,UNREVIEWED,6453.0,,PASS,960.0,,n_too_low,8654.0,,PASS,2660.0,,h2_z_insignificant,412983.0,,PASS,1535.0,,h2_z_insignificant
Pan-UKB::continuous|23127|both_sexes||irnt,Pan-UKB,GRCh37,continuous|23127|both_sexes||irnt,,continuous,23127,Trunk fat percentage,Body composition estimation by impedance measurement. Trunk fat percentages Range 1-75% in 0.1% increments.,,UK Biobank Assessment Centre > Physical measures > Anthropometry > Impedance measures,quantitative_or_biomarker_candidate,"CSA,EUR,MID","CSA,MID",2,verified_from_official_manifest,continuous-23127-both_sexes-irnt.tsv.bgz,continuous-23127-both_sexes-irnt.tsv.bgz.tbi,s3://pan-ukb-us-east-1/sumstats_flat_files/continuous-23127-both_sexes-irnt.tsv.bgz,s3://pan-ukb-us-east-1/sumstats_flat_files_tabix/continuous-23127-both_sexes-irnt.tsv.bgz.tbi,Pan-UKB official phenotype manifest,UNREVIEWED,6453.0,,h2_z_insignificant,960.0,,n_too_low,8653.0,,PASS,2660.0,,h2_z_insignificant,412944.0,,PASS,1535.0,,PASS
Pan-UKB::continuous|23128|both_sexes||irnt,Pan-UKB,GRCh37,continuous|23128|both_sexes||irnt,,continuous,23128,Trunk fat mass,"Body composition estimation by impedance measurement. Trunk fat mass Trunk fat mass in Kg, 0.1 increments.",,UK Biobank Assessment Centre > Physical measures > Anthropometry > Impedance measures,quantitative_or_biomarker_candidate,"CSA,EAS,EUR,MID","CSA,EAS,MID",3,verified_from_official_manifest,continuous-23128-both_sexes-irnt.tsv.bgz,continuous-23128-both_sexes-irnt.tsv.bgz.tbi,s3://pan-ukb-us-east-1/sumstats_flat_files/continuous-23128-both_sexes-irnt.tsv.bgz,s3://pan-ukb-us-east-1/sumstats_flat_files_tabix/continuous-23128-both_sexes-irnt.tsv.bgz.tbi,Pan-UKB official phenotype manifest,UNREVIEWED,6452.0,,h2_z_insignificant,,,,8653.0,,PASS,2660.0,,PASS,412921.0,,PASS,1535.0,,PASS
Pan-UKB::continuous|23129|both_sexes||irnt,Pan-UKB,GRCh37,continuous|23129|both_sexes||irnt,,continuous,23129,Trunk fat-free mass,"Body composition estimation by impedance measurement. Trunk fat free mass. Trunk fat free mass in Kg, 0.1 increments.",,UK Biobank Assessment Centre > Physical measures > Anthropometry > Impedance measures,quantitative_or_biomarker_candidate,"AFR,CSA,EUR","AFR,CSA",2,verified_from_official_manifest,continuous-23129-both_sexes-irnt.tsv.bgz,continuous-23129-both_sexes-irnt.tsv.bgz.tbi,s3://pan-ukb-us-east-1/sumstats_flat_files/continuous-23129-both_sexes-irnt.tsv.bgz,s3://pan-ukb-us-east-1/sumstats_flat_files_tabix/continuous-23129-both_sexes-irnt.tsv.bgz.tbi,Pan-UKB official phenotype manifest,UNREVIEWED,6451.0,,PASS,960.0,,n_too_low,8652.0,,PASS,2659.0,,h2_z_insignificant,412844.0,,PASS,1535.0,,h2_z_insignificant
Pan-UKB::continuous|23130|both_sexes||irnt,Pan-UKB,GRCh37,continuous|23130|both_sexes||irnt,,continuous,23130,Trunk predicted mass,"Body composition estimation by impedance measurement. Trunk predicted mass in Kg, 0.1 increments.",,UK Biobank Assessment Centre > Physical measures > Anthropometry > Impedance measures,quantitative_or_biomarker_candidate,"AFR,CSA,EUR","AFR,CSA",2,verified_from_official_manifest,continuous-23130-both_sexes-irnt.tsv.bgz,continuous-23130-both_sexes-irnt.tsv.bgz.tbi,s3://pan-ukb-us-east-1/sumstats_flat_files/continuous-23130-both_sexes-irnt.tsv.bgz,s3://pan-ukb-us-east-1/sumstats_flat_files_tabix/continuous-23130-both_sexes-irnt.tsv.bgz.tbi,Pan-UKB official phenotype manifest,UNREVIEWED,6451.0,,PASS,960.0,,n_too_low,8649.0,,PASS,2659.0,,h2_z_insignificant,412802.0,,PASS,1535.0,,h2_z_insignificant
Pan-UKB::continuous|30000|both_sexes||irnt,Pan-UKB,GRCh37,continuous|30000|both_sexes||irnt,,continuous,30000,White blood cell (leukocyte) count,"Result of ""White Blood Cell Count"" assay, performed on blood sample, obtained from UK Biobank assessment centre visit. White blood count is the number of leukocytes. Analyser operating range was 0 to 9x10^11 cells/Litre. Typical reference range is 3.5x10^9 to 9.6x10^9 cells/Litre.",,Biological samples > Assay results > Blood assays > Blood count,quantitative_or_biomarker_candidate,"CSA,EUR",CSA,1,verified_from_official_manifest,continuous-30000-both_sexes-irnt.tsv.bgz,continuous-30000-both_sexes-irnt.tsv.bgz.tbi,s3://pan-ukb-us-east-1/sumstats_flat_files/continuous-30000-both_sexes-irnt.tsv.bgz,s3://pan-ukb-us-east-1/sumstats_flat_files_tabix/continuous-30000-both_sexes-irnt.tsv.bgz.tbi,Pan-UKB official phenotype manifest,UNREVIEWED,6281.0,,h2_z_insignificant,950.0,,n_too_low,8532.0,,PASS,2632.0,,h2_z_insignificant,407990.0,,PASS,1548.0,,h2_z_insignificant
Pan-UKB::continuous|30010|both_sexes||irnt,Pan-UKB,GRCh37,continuous|30010|both_sexes||irnt,,continuous,30010,Red blood cell (erythrocyte) count,"Result of ""Red Blood Cell Count"" assay, performed on blood sample, obtained from UK Biobank assessment centre visit. Red blood cells is the number of erythrocytes. Analyser operating range was 0 to 2x10^13 cells/Litre. Typical reference range is 3.9x10^12 to 5.5x10^12 cells/Litre.",,Biological samples > Assay results > Blood assays > Blood count,quantitative_or_biomarker_candidate,"CSA,EUR,MID","CSA,MID",2,verified_from_official_manifest,continuous-30010-both_sexes-irnt.tsv.bgz,continuous-30010-both_sexes-irnt.tsv.bgz.tbi,s3://pan-ukb-us-east-1/sumstats_flat_files/continuous-30010-both_sexes-irnt.tsv.bgz,s3://pan-ukb-us-east-1/sumstats_flat_files_tabix/continuous-30010-both_sexes-irnt.tsv.bgz.tbi,Pan-UKB official phenotype manifest,UNREVIEWED,6281.0,,h2_z_insignificant,950.0,,n_too_low,8532.0,,PASS,2632.0,,h2_z_insignificant,407995.0,,PASS,1548.0,,PASS
Pan-UKB::continuous|30020|both_sexes||irnt,Pan-UKB,GRCh37,continuous|30020|both_sexes||irnt,,continuous,30020,Haemoglobin concentration,"Result of ""Haemoglobin Concentration"" assay, performed on blood sample, obtained from UK Biobank assessment centre visit. Analyser operating range was 0 to 99.9g/dL Typical reference range is 12.1 to 16.3g/dL",,Biological samples > Assay results > Blood assays > Blood count,quantitative_or_biomarker_candidate,"CSA,EUR",CSA,1,verified_from_official_manifest,continuous-30020-both_sexes-irnt.tsv.bgz,continuous-30020-both_sexes-irnt.tsv.bgz.tbi,s3://pan-ukb-us-east-1/sumstats_flat_files/continuous-30020-both_sexes-irnt.tsv.bgz,s3://pan-ukb-us-east-1/sumstats_flat_files_tabix/continuous-30020-both_sexes-irnt.tsv.bgz.tbi,Pan-UKB official phenotype manifest,UNREVIEWED,6281.0,,h2_z_insignificant,950.0,,n_too_low,8532.0,,PASS,2632.0,,h2_z_insignificant,407994.0,,PASS,1548.0,,h2_z_insignificant
Pan-UKB::continuous|30030|both_sexes||irnt,Pan-UKB,GRCh37,continuous|30030|both_sexes||irnt,,continuous,30030,Haematocrit percentage,"Result of ""Haematocrit"" assay, performed on blood sample, obtained from UK Biobank assessment centre visit. Haematocrit Percentage is the relative volume of packed erythrocytes to whole blood, computed by the formula: (red blood cells x mean corpuscular volume) / 10. Analyser operating range was 0 to 99.9% Typical reference range is 35.4 to 47.2%",,Biological samples > Assay results > Blood assays > Blood count,quantitative_or_biomarker_candidate,"CSA,EUR",CSA,1,verified_from_official_manifest,continuous-30030-both_sexes-irnt.tsv.bgz,continuous-30030-both_sexes-irnt.tsv.bgz.tbi,s3://pan-ukb-us-east-1/sumstats_flat_files/continuous-30030-both_sexes-irnt.tsv.bgz,s3://pan-ukb-us-east-1/sumstats_flat_files_tabix/continuous-30030-both_sexes-irnt.tsv.bgz.tbi,Pan-UKB official phenotype manifest,UNREVIEWED,6281.0,,h2_z_insignificant,950.0,,n_too_low,8532.0,,PASS,2632.0,,h2_z_insignificant,407995.0,,PASS,1548.0,,h2_z_insignificant
Pan-UKB::continuous|30040|both_sexes||irnt,Pan-UKB,GRCh37,continuous|30040|both_sexes||irnt,,continuous,30040,Mean corpuscular volume,"Result of ""Mean Corpuscular Volume"" assay, performed on blood sample, obtained from UK Biobank assessment centre visit. Mean Corpuscular Haemoglobin Concentration (pg) is the weight of hemoglobin in the average erythrocyte, computed by the formula: MCH = (hemoglobin/red blood cells) x 10.",,Biological samples > Assay results > Blood assays > Blood count,quantitative_or_biomarker_candidate,"CSA,EUR",CSA,1,verified_from_official_manifest,continuous-30040-both_sexes-irnt.tsv.bgz,continuous-30040-both_sexes-irnt.tsv.bgz.tbi,s3://pan-ukb-us-east-1/sumstats_flat_files/continuous-30040-both_sexes-irnt.tsv.bgz,s3://pan-ukb-us-east-1/sumstats_flat_files_tabix/continuous-30040-both_sexes-irnt.tsv.bgz.tbi,Pan-UKB official phenotype manifest,UNREVIEWED,6281.0,,h2_z_insignificant,950.0,,n_too_low,8532.0,,PASS,2632.0,,h2_z_insignificant,407993.0,,PASS,1548.0,,h2_z_insignificant
Pan-UKB::continuous|30050|both_sexes||irnt,Pan-UKB,GRCh37,continuous|30050|both_sexes||irnt,,continuous,30050,Mean corpuscular haemoglobin,"Result of ""Mean Corpuscular Haemoglobin"" assay, performed on blood sample, obtained from UK Biobank assessment centre visit.",,Biological samples > Assay results > Blood assays > Blood count,quantitative_or_biomarker_candidate,"CSA,EUR",CSA,1,verified_from_official_manifest,continuous-30050-both_sexes-irnt.tsv.bgz,continuous-30050-both_sexes-irnt.tsv.bgz.tbi,s3://pan-ukb-us-east-1/sumstats_flat_files/continuous-30050-both_sexes-irnt.tsv.bgz,s3://pan-ukb-us-east-1/sumstats_flat_files_tabix/continuous-30050-both_sexes-irnt.tsv.bgz.tbi,Pan-UKB official phenotype manifest,UNREVIEWED,6281.0,,h2_z_insignificant,950.0,,n_too_low,8532.0,,PASS,2632.0,,h2_z_insignificant,407992.0,,PASS,1548.0,,h2_z_insignificant
Pan-UKB::continuous|30060|both_sexes||irnt,Pan-UKB,GRCh37,continuous|30060|both_sexes||irnt,,continuous,30060,Mean corpuscular haemoglobin concentration,"Result of ""Mean Corpuscular Haemoglobin Concentration"" assay, performed on blood sample, obtained from UK Biobank assessment centre visit. Mean Corpuscular Haemoglobin Concentration (g/dL) is the average weight of haemoglobin in a measured dilution, computed by the formula: (haemoglobin/haematocrit) x 100.",,Biological samples > Assay results > Blood assays > Blood count,quantitative_or_biomarker_candidate,"CSA,EUR",CSA,1,verified_from_official_manifest,continuous-30060-both_sexes-irnt.tsv.bgz,continuous-30060-both_sexes-irnt.tsv.bgz.tbi,s3://pan-ukb-us-east-1/sumstats_flat_files/continuous-30060-both_sexes-irnt.tsv.bgz,s3://pan-ukb-us-east-1/sumstats_flat_files_tabix/continuous-30060-both_sexes-irnt.tsv.bgz.tbi,Pan-UKB official phenotype manifest,UNREVIEWED,6281.0,,h2_z_insignificant,950.0,,n_too_low,8532.0,,PASS,2632.0,,h2_z_insignificant,408000.0,,PASS,1548.0,,h2_z_insignificant
Pan-UKB::continuous|30070|both_sexes||irnt,Pan-UKB,GRCh37,continuous|30070|both_sexes||irnt,,continuous,30070,Red blood cell (erythrocyte) distribution width,"Result of ""Red Distribution Width"" assay, performed on blood sample, obtained from UK Biobank assessment centre visit. Red blood cell Distribution Width is the size distribution spread of the erythrocyte population derived from the red blood cell histogram. It is the coefficient of variation (CV) expressed in % of the red blood cell size distribution.",,Biological samples > Assay results > Blood assays > Blood count,quantitative_or_biomarker_candidate,"CSA,EUR",CSA,1,verified_from_official_manifest,continuous-30070-both_sexes-irnt.tsv.bgz,continuous-30070-both_sexes-irnt.tsv.bgz.tbi,s3://pan-ukb-us-east-1/sumstats_flat_files/continuous-30070-both_sexes-irnt.tsv.bgz,s3://pan-ukb-us-east-1/sumstats_flat_files_tabix/continuous-30070-both_sexes-irnt.tsv.bgz.tbi,Pan-UKB official phenotype manifest,UNREVIEWED,6281.0,,h2_z_insignificant,950.0,,n_too_low,8532.0,,PASS,2632.0,,h2_z_insignificant,407993.0,,PASS,1548.0,,h2_z_insignificant
Pan-UKB::continuous|30080|both_sexes||irnt,Pan-UKB,GRCh37,continuous|30080|both_sexes||irnt,,continuous,30080,Platelet count,"Result of ""Platelet Count"" assay, performed on blood sample, obtained from UK Biobank assessment centre visit. Platelet count is the number of thrombocytes derived from the platelet histogram.",,Biological samples > Assay results > Blood assays > Blood count,quantitative_or_biomarker_candidate,"AFR,CSA,EAS,EUR","AFR,CSA,EAS",3,verified_from_official_manifest,continuous-30080-both_sexes-irnt.tsv.bgz,continuous-30080-both_sexes-irnt.tsv.bgz.tbi,s3://pan-ukb-us-east-1/sumstats_flat_files/continuous-30080-both_sexes-irnt.tsv.bgz,s3://pan-ukb-us-east-1/sumstats_flat_files_tabix/continuous-30080-both_sexes-irnt.tsv.bgz.tbi,Pan-UKB official phenotype manifest,UNREVIEWED,6281.0,,PASS,950.0,,n_too_low,8532.0,,PASS,2632.0,,PASS,407992.0,,PASS,1548.0,,out_of_bounds_lambda
Pan-UKB::continuous|30090|both_sexes||irnt,Pan-UKB,GRCh37,continuous|30090|both_sexes||irnt,,continuous,30090,Platelet crit,"Result of ""Platelet Crit"" assay, performed on blood sample, obtained from UK Biobank assessment centre visit. Platelet Crit is a computed value that represents the platelet packed cell volume.",,Biological samples > Assay results > Blood assays > Blood count,quantitative_or_biomarker_candidate,"CSA,EUR",CSA,1,verified_from_official_manifest,continuous-30090-both_sexes-irnt.tsv.bgz,continuous-30090-both_sexes-irnt.tsv.bgz.tbi,s3://pan-ukb-us-east-1/sumstats_flat_files/continuous-30090-both_sexes-irnt.tsv.bgz,s3://pan-ukb-us-east-1/sumstats_flat_files_tabix/continuous-30090-both_sexes-irnt.tsv.bgz.tbi,Pan-UKB official phenotype manifest,UNREVIEWED,6281.0,,h2_z_insignificant,950.0,,n_too_low,8532.0,,PASS,2632.0,,h2_z_insignificant,407988.0,,PASS,1548.0,,h2_z_insignificant
Pan-UKB::continuous|30100|both_sexes||irnt,Pan-UKB,GRCh37,continuous|30100|both_sexes||irnt,,continuous,30100,Mean platelet (thrombocyte) volume,"Result of ""Mean Platelet Volume"" assay, performed on blood sample, obtained from UK Biobank assessment centre visit. Mean Platelet Volume is the average volume of individual platelets derived from the platelet histogram.",,Biological samples > Assay results > Blood assays > Blood count,quantitative_or_biomarker_candidate,"AFR,CSA,EUR","AFR,CSA",2,verified_from_official_manifest,continuous-30100-both_sexes-irnt.tsv.bgz,continuous-30100-both_sexes-irnt.tsv.bgz.tbi,s3://pan-ukb-us-east-1/sumstats_flat_files/continuous-30100-both_sexes-irnt.tsv.bgz,s3://pan-ukb-us-east-1/sumstats_flat_files_tabix/continuous-30100-both_sexes-irnt.tsv.bgz.tbi,Pan-UKB official phenotype manifest,UNREVIEWED,6281.0,,PASS,950.0,,n_too_low,8532.0,,PASS,2632.0,,h2_z_insignificant,407987.0,,PASS,1548.0,,h2_z_insignificant
Pan-UKB::continuous|30110|both_sexes||irnt,Pan-UKB,GRCh37,continuous|30110|both_sexes||irnt,,continuous,30110,Platelet distribution width,"Result of ""Platelet Distribution Width"" assay, performed on blood sample, obtained from UK Biobank assessment centre visit. Platelet Distribution Width is the coefficient of variation of platelet size.",,Biological samples > Assay results > Blood assays > Blood count,quantitative_or_biomarker_candidate,"CSA,EUR",CSA,1,verified_from_official_manifest,continuous-30110-both_sexes-irnt.tsv.bgz,continuous-30110-both_sexes-irnt.tsv.bgz.tbi,s3://pan-ukb-us-east-1/sumstats_flat_files/continuous-30110-both_sexes-irnt.tsv.bgz,s3://pan-ukb-us-east-1/sumstats_flat_files_tabix/continuous-30110-both_sexes-irnt.tsv.bgz.tbi,Pan-UKB official phenotype manifest,UNREVIEWED,6281.0,,h2_z_insignificant,950.0,,n_too_low,8532.0,,PASS,2632.0,,h2_z_insignificant,407987.0,,PASS,1548.0,,h2_z_insignificant
Pan-UKB::continuous|30120|both_sexes||irnt,Pan-UKB,GRCh37,continuous|30120|both_sexes||irnt,,continuous,30120,Lymphocyte count,"Result of ""Lymphocytes Number"" assay, performed on blood sample, obtained from UK Biobank assessment centre visit. Lymphocyte count is the proportion of ( lymphoctyes / 100 ) x white blood cell count",,Biological samples > Assay results > Blood assays > Blood count,quantitative_or_biomarker_candidate,"CSA,EUR",CSA,1,verified_from_official_manifest,continuous-30120-both_sexes-irnt.tsv.bgz,continuous-30120-both_sexes-irnt.tsv.bgz.tbi,s3://pan-ukb-us-east-1/sumstats_flat_files/continuous-30120-both_sexes-irnt.tsv.bgz,s3://pan-ukb-us-east-1/sumstats_flat_files_tabix/continuous-30120-both_sexes-irnt.tsv.bgz.tbi,Pan-UKB official phenotype manifest,UNREVIEWED,6262.0,,h2_z_insignificant,949.0,,n_too_low,8502.0,,PASS,2630.0,,h2_z_insignificant,407265.0,,PASS,1546.0,,h2_z_insignificant
Pan-UKB::continuous|30130|both_sexes||irnt,Pan-UKB,GRCh37,continuous|30130|both_sexes||irnt,,continuous,30130,Monocyte count,"Result of ""Monocytes Number"" assay, performed on blood sample, obtained from UK Biobank assessment centre visit. Monocyte count is the proportion of ( monoctyes / 100 ) x white blood cell count.",,Biological samples > Assay results > Blood assays > Blood count,quantitative_or_biomarker_candidate,"CSA,EUR",CSA,1,verified_from_official_manifest,continuous-30130-both_sexes-irnt.tsv.bgz,continuous-30130-both_sexes-irnt.tsv.bgz.tbi,s3://pan-ukb-us-east-1/sumstats_flat_files/continuous-30130-both_sexes-irnt.tsv.bgz,s3://pan-ukb-us-east-1/sumstats_flat_files_tabix/continuous-30130-both_sexes-irnt.tsv.bgz.tbi,Pan-UKB official phenotype manifest,UNREVIEWED,6262.0,,h2_z_insignificant,949.0,,n_too_low,8502.0,,PASS,2630.0,,h2_z_insignificant,407265.0,,PASS,1546.0,,h2_z_insignificant
Pan-UKB::continuous|30140|both_sexes||irnt,Pan-UKB,GRCh37,continuous|30140|both_sexes||irnt,,continuous,30140,Neutrophill count,"Result of ""Neutrophils Number"" assay, performed on blood sample, obtained from UK Biobank assessment centre visit. Neutrophils count is the proportion of ( neutrophils / 100 ) x white blood cell count.",,Biological samples > Assay results > Blood assays > Blood count,quantitative_or_biomarker_candidate,"CSA,EUR,MID","CSA,MID",2,verified_from_official_manifest,continuous-30140-both_sexes-irnt.tsv.bgz,continuous-30140-both_sexes-irnt.tsv.bgz.tbi,s3://pan-ukb-us-east-1/sumstats_flat_files/continuous-30140-both_sexes-irnt.tsv.bgz,s3://pan-ukb-us-east-1/sumstats_flat_files_tabix/continuous-30140-both_sexes-irnt.tsv.bgz.tbi,Pan-UKB official phenotype manifest,UNREVIEWED,6262.0,,h2_z_insignificant,949.0,,n_too_low,8502.0,,PASS,2630.0,,h2_z_insignificant,407265.0,,PASS,1546.0,,PASS
Pan-UKB::continuous|30150|both_sexes||irnt,Pan-UKB,GRCh37,continuous|30150|both_sexes||irnt,,continuous,30150,Eosinophill count,"Result of ""Eosinophils Number"" assay, performed on blood sample, obtained from UK Biobank assessment centre visit. Eosinophils count is the proportion of ( eosinophils / 100 ) x white blood cell count.",,Biological samples > Assay results > Blood assays > Blood count,quantitative_or_biomarker_candidate,"CSA,EUR",CSA,1,verified_from_official_manifest,continuous-30150-both_sexes-irnt.tsv.bgz,continuous-30150-both_sexes-irnt.tsv.bgz.tbi,s3://pan-ukb-us-east-1/sumstats_flat_files/continuous-30150-both_sexes-irnt.tsv.bgz,s3://pan-ukb-us-east-1/sumstats_flat_files_tabix/continuous-30150-both_sexes-irnt.tsv.bgz.tbi,Pan-UKB official phenotype manifest,UNREVIEWED,6262.0,,h2_z_insignificant,949.0,,n_too_low,8502.0,,PASS,2630.0,,h2_z_insignificant,407265.0,,PASS,1546.0,,h2_z_insignificant
Pan-UKB::continuous|30180|both_sexes||irnt,Pan-UKB,GRCh37,continuous|30180|both_sexes||irnt,,continuous,30180,Lymphocyte percentage,"Result of ""Lymphocytes Percentage"" assay, performed on blood sample, obtained from UK Biobank assessment centre visit. Lymphocytes (Percentage) is calculated as the proportion of lymphocytes in the leukocytes.",,Biological samples > Assay results > Blood assays > Blood count,quantitative_or_biomarker_candidate,"CSA,EUR,MID","CSA,MID",2,verified_from_official_manifest,continuous-30180-both_sexes-irnt.tsv.bgz,continuous-30180-both_sexes-irnt.tsv.bgz.tbi,s3://pan-ukb-us-east-1/sumstats_flat_files/continuous-30180-both_sexes-irnt.tsv.bgz,s3://pan-ukb-us-east-1/sumstats_flat_files_tabix/continuous-30180-both_sexes-irnt.tsv.bgz.tbi,Pan-UKB official phenotype manifest,UNREVIEWED,6262.0,,h2_z_insignificant,949.0,,n_too_low,8502.0,,PASS,2630.0,,h2_z_insignificant,407282.0,,PASS,1546.0,,PASS
Pan-UKB::continuous|30190|both_sexes||irnt,Pan-UKB,GRCh37,continuous|30190|both_sexes||irnt,,continuous,30190,Monocyte percentage,"Result of ""Monocytes Percentage"" assay, performed on blood sample, obtained from UK Biobank assessment centre visit. Monocytes (percentage) is calculated as the proportion of monocytes in the leukocytes.",,Biological samples > Assay results > Blood assays > Blood count,quantitative_or_biomarker_candidate,"CSA,EUR,MID","CSA,MID",2,verified_from_official_manifest,continuous-30190-both_sexes-irnt.tsv.bgz,continuous-30190-both_sexes-irnt.tsv.bgz.tbi,s3://pan-ukb-us-east-1/sumstats_flat_files/continuous-30190-both_sexes-irnt.tsv.bgz,s3://pan-ukb-us-east-1/sumstats_flat_files_tabix/continuous-30190-both_sexes-irnt.tsv.bgz.tbi,Pan-UKB official phenotype manifest,UNREVIEWED,6262.0,,h2_z_insignificant,949.0,,n_too_low,8502.0,,PASS,2630.0,,h2_z_insignificant,407270.0,,PASS,1546.0,,PASS
Pan-UKB::continuous|30200|both_sexes||irnt,Pan-UKB,GRCh37,continuous|30200|both_sexes||irnt,,continuous,30200,Neutrophill percentage,"Result of ""Neutrophils Percentage"" assay, performed on blood sample, obtained from UK Biobank assessment centre visit. Neutrophils (Percentage) is calculated as the proportion of neutrophils in the leukocytes.",,Biological samples > Assay results > Blood assays > Blood count,quantitative_or_biomarker_candidate,"CSA,EUR,MID","CSA,MID",2,verified_from_official_manifest,continuous-30200-both_sexes-irnt.tsv.bgz,continuous-30200-both_sexes-irnt.tsv.bgz.tbi,s3://pan-ukb-us-east-1/sumstats_flat_files/continuous-30200-both_sexes-irnt.tsv.bgz,s3://pan-ukb-us-east-1/sumstats_flat_files_tabix/continuous-30200-both_sexes-irnt.tsv.bgz.tbi,Pan-UKB official phenotype manifest,UNREVIEWED,6262.0,,h2_z_insignificant,949.0,,n_too_low,8502.0,,PASS,2630.0,,h2_z_insignificant,407282.0,,PASS,1546.0,,PASS
Pan-UKB::continuous|30210|both_sexes||irnt,Pan-UKB,GRCh37,continuous|30210|both_sexes||irnt,,continuous,30210,Eosinophill percentage,"Result of ""Eosinophils Percentage"" assay, performed on blood sample, obtained from UK Biobank assessment centre visit. Eosinophils (Percentage) is calculated as the proportion of eosinophils in the leukocytes.",,Biological samples > Assay results > Blood assays > Blood count,quantitative_or_biomarker_candidate,"CSA,EUR",CSA,1,verified_from_official_manifest,continuous-30210-both_sexes-irnt.tsv.bgz,continuous-30210-both_sexes-irnt.tsv.bgz.tbi,s3://pan-ukb-us-east-1/sumstats_flat_files/continuous-30210-both_sexes-irnt.tsv.bgz,s3://pan-ukb-us-east-1/sumstats_flat_files_tabix/continuous-30210-both_sexes-irnt.tsv.bgz.tbi,Pan-UKB official phenotype manifest,UNREVIEWED,6262.0,,h2_z_insignificant,949.0,,n_too_low,8502.0,,PASS,2630.0,,h2_z_insignificant,407270.0,,PASS,1546.0,,h2_z_insignificant
Pan-UKB::continuous|30240|both_sexes||irnt,Pan-UKB,GRCh37,continuous|30240|both_sexes||irnt,,continuous,30240,Reticulocyte percentage,"Result of ""Reticulocytes Percentage"" assay, performed on blood sample, obtained from UK Biobank assessment centre visit. Reticulocytes (Percentage) is the number of reticulocytes as a percentage of red blood cells.",,Biological samples > Assay results > Blood assays > Blood count,quantitative_or_biomarker_candidate,"EAS,EUR",EAS,1,verified_from_official_manifest,continuous-30240-both_sexes-irnt.tsv.bgz,continuous-30240-both_sexes-irnt.tsv.bgz.tbi,s3://pan-ukb-us-east-1/sumstats_flat_files/continuous-30240-both_sexes-irnt.tsv.bgz,s3://pan-ukb-us-east-1/sumstats_flat_files_tabix/continuous-30240-both_sexes-irnt.tsv.bgz.tbi,Pan-UKB official phenotype manifest,UNREVIEWED,6108.0,,h2_z_insignificant,926.0,,n_too_low,8315.0,,h2_z_insignificant,2582.0,,PASS,401344.0,,PASS,1518.0,,h2_z_insignificant
Pan-UKB::continuous|30250|both_sexes||irnt,Pan-UKB,GRCh37,continuous|30250|both_sexes||irnt,,continuous,30250,Reticulocyte count,"Result of ""Reticulocytes Number"" assay, performed on blood sample, obtained from UK Biobank assessment centre visit. Reticulocytes count is computed from the reticulocyte per cent multiplied by the red blood cell count.",,Biological samples > Assay results > Blood assays > Blood count,quantitative_or_biomarker_candidate,"CSA,EAS,EUR","CSA,EAS",2,verified_from_official_manifest,continuous-30250-both_sexes-irnt.tsv.bgz,continuous-30250-both_sexes-irnt.tsv.bgz.tbi,s3://pan-ukb-us-east-1/sumstats_flat_files/continuous-30250-both_sexes-irnt.tsv.bgz,s3://pan-ukb-us-east-1/sumstats_flat_files_tabix/continuous-30250-both_sexes-irnt.tsv.bgz.tbi,Pan-UKB official phenotype manifest,UNREVIEWED,6108.0,,h2_z_insignificant,926.0,,n_too_low,8315.0,,PASS,2582.0,,PASS,401345.0,,PASS,1518.0,,h2_z_insignificant
Pan-UKB::continuous|30260|both_sexes||irnt,Pan-UKB,GRCh37,continuous|30260|both_sexes||irnt,,continuous,30260,Mean reticulocyte volume,"Result of ""Mean Reticulocytes Volume"" assay, performed on blood sample, obtained from UK Biobank assessment centre visit. Mean Reticulocytes volume is the average volume of all reticulocytes, calculated from the reticulocytes (percentage).",,Biological samples > Assay results > Blood assays > Blood count,quantitative_or_biomarker_candidate,"CSA,EUR",CSA,1,verified_from_official_manifest,continuous-30260-both_sexes-irnt.tsv.bgz,continuous-30260-both_sexes-irnt.tsv.bgz.tbi,s3://pan-ukb-us-east-1/sumstats_flat_files/continuous-30260-both_sexes-irnt.tsv.bgz,s3://pan-ukb-us-east-1/sumstats_flat_files_tabix/continuous-30260-both_sexes-irnt.tsv.bgz.tbi,Pan-UKB official phenotype manifest,UNREVIEWED,6107.0,,h2_z_insignificant,926.0,,n_too_low,8315.0,,PASS,2582.0,,h2_z_insignificant,401344.0,,PASS,1518.0,,h2_z_insignificant
Pan-UKB::continuous|30270|both_sexes||irnt,Pan-UKB,GRCh37,continuous|30270|both_sexes||irnt,,continuous,30270,Mean sphered cell volume,"Result of ""Mean Sphered Cells Volume"" assay, performed on blood sample, obtained from UK Biobank assessment centre visit.",,Biological samples > Assay results > Blood assays > Blood count,quantitative_or_biomarker_candidate,"AFR,CSA,EUR","AFR,CSA",2,verified_from_official_manifest,continuous-30270-both_sexes-irnt.tsv.bgz,continuous-30270-both_sexes-irnt.tsv.bgz.tbi,s3://pan-ukb-us-east-1/sumstats_flat_files/continuous-30270-both_sexes-irnt.tsv.bgz,s3://pan-ukb-us-east-1/sumstats_flat_files_tabix/continuous-30270-both_sexes-irnt.tsv.bgz.tbi,Pan-UKB official phenotype manifest,UNREVIEWED,6108.0,,PASS,926.0,,n_too_low,8315.0,,PASS,2582.0,,h2_z_insignificant,401345.0,,PASS,1518.0,,h2_z_insignificant
Pan-UKB::continuous|30280|both_sexes||irnt,Pan-UKB,GRCh37,continuous|30280|both_sexes||irnt,,continuous,30280,Immature reticulocyte fraction,"Result of ""Immature Reticulocytes Fraction"" assay, performed on blood sample, obtained from UK Biobank assessment centre visit. Immature Reticulocytes Fraction (Percentage) is an indication of new reticulocyte synthesis and is calculated from the reticulocytes (Percentage) as the total number of reticulocyte events in the outermost light scattering region, corresponding to immature reticulocytes, relative to the total number of reticulocytes and is reported as this ratio.",,Biological samples > Assay results > Blood assays > Blood count,quantitative_or_biomarker_candidate,"CSA,EUR",CSA,1,verified_from_official_manifest,continuous-30280-both_sexes-irnt.tsv.bgz,continuous-30280-both_sexes-irnt.tsv.bgz.tbi,s3://pan-ukb-us-east-1/sumstats_flat_files/continuous-30280-both_sexes-irnt.tsv.bgz,s3://pan-ukb-us-east-1/sumstats_flat_files_tabix/continuous-30280-both_sexes-irnt.tsv.bgz.tbi,Pan-UKB official phenotype manifest,UNREVIEWED,6107.0,,h2_z_insignificant,926.0,,n_too_low,8315.0,,PASS,2582.0,,h2_z_insignificant,401344.0,,PASS,1518.0,,h2_z_insignificant
Pan-UKB::continuous|30290|both_sexes||irnt,Pan-UKB,GRCh37,continuous|30290|both_sexes||irnt,,continuous,30290,High light scatter reticulocyte percentage,"Result of ""High Light Scatter Reticulocytes Percentage"" assay, performed on blood sample, obtained from UK Biobank assessment centre visit. High Light Scatter Reticulocytes (Percentage) is computed as: (HLR / Total Erythrocytes) x 100.",,Biological samples > Assay results > Blood assays > Blood count,quantitative_or_biomarker_candidate,"CSA,EUR",CSA,1,verified_from_official_manifest,continuous-30290-both_sexes-irnt.tsv.bgz,continuous-30290-both_sexes-irnt.tsv.bgz.tbi,s3://pan-ukb-us-east-1/sumstats_flat_files/continuous-30290-both_sexes-irnt.tsv.bgz,s3://pan-ukb-us-east-1/sumstats_flat_files_tabix/continuous-30290-both_sexes-irnt.tsv.bgz.tbi,Pan-UKB official phenotype manifest,UNREVIEWED,6108.0,,h2_z_insignificant,,,,8315.0,,PASS,2582.0,,h2_z_insignificant,401345.0,,PASS,1518.0,,h2_z_insignificant
Pan-UKB::continuous|30300|both_sexes||irnt,Pan-UKB,GRCh37,continuous|30300|both_sexes||irnt,,continuous,30300,High light scatter reticulocyte count,"Result of ""High Light Scatter Reticulocytes Number"" assay, performed on blood sample, obtained from UK Biobank assessment centre visit. High Light Scatter Reticulocytes Count is calculated as: (HLR / Total Erythrocytes) x red blood cells",,Biological samples > Assay results > Blood assays > Blood count,quantitative_or_biomarker_candidate,"AFR,CSA,EUR","AFR,CSA",2,verified_from_official_manifest,continuous-30300-both_sexes-irnt.tsv.bgz,continuous-30300-both_sexes-irnt.tsv.bgz.tbi,s3://pan-ukb-us-east-1/sumstats_flat_files/continuous-30300-both_sexes-irnt.tsv.bgz,s3://pan-ukb-us-east-1/sumstats_flat_files_tabix/continuous-30300-both_sexes-irnt.tsv.bgz.tbi,Pan-UKB official phenotype manifest,UNREVIEWED,6108.0,,PASS,,,,8315.0,,PASS,2582.0,,h2_z_insignificant,401345.0,,PASS,1518.0,,h2_z_insignificant
Pan-UKB::continuous|30510|both_sexes||irnt,Pan-UKB,GRCh37,continuous|30510|both_sexes||irnt,,continuous,30510,Creatinine (enzymatic) in urine,Measured by enzymatic analysis on a Beckman Coulter AU5400.,,Biological samples > Assay results > Urine assays,quantitative_or_biomarker_candidate,"CSA,EUR",CSA,1,verified_from_official_manifest,continuous-30510-both_sexes-irnt.tsv.bgz,continuous-30510-both_sexes-irnt.tsv.bgz.tbi,s3://pan-ukb-us-east-1/sumstats_flat_files/continuous-30510-both_sexes-irnt.tsv.bgz,s3://pan-ukb-us-east-1/sumstats_flat_files_tabix/continuous-30510-both_sexes-irnt.tsv.bgz.tbi,Pan-UKB official phenotype manifest,UNREVIEWED,6378.0,,h2_z_insignificant,938.0,,n_too_low,8469.0,,PASS,2621.0,,h2_z_insignificant,408485.0,,PASS,1525.0,,h2_z_insignificant
Pan-UKB::continuous|30520|both_sexes||irnt,Pan-UKB,GRCh37,continuous|30520|both_sexes||irnt,,continuous,30520,Potassium in urine,Measured by ISE (ion selective electrode) analysis on a Beckman Coulter AU5400.,,Biological samples > Assay results > Urine assays,quantitative_or_biomarker_candidate,"CSA,EUR",CSA,1,verified_from_official_manifest,continuous-30520-both_sexes-irnt.tsv.bgz,continuous-30520-both_sexes-irnt.tsv.bgz.tbi,s3://pan-ukb-us-east-1/sumstats_flat_files/continuous-30520-both_sexes-irnt.tsv.bgz,s3://pan-ukb-us-east-1/sumstats_flat_files_tabix/continuous-30520-both_sexes-irnt.tsv.bgz.tbi,Pan-UKB official phenotype manifest,UNREVIEWED,6375.0,,h2_z_insignificant,938.0,,n_too_low,8456.0,,PASS,2617.0,,h2_z_insignificant,407598.0,,PASS,1524.0,,h2_z_insignificant
Pan-UKB::continuous|30530|both_sexes||irnt,Pan-UKB,GRCh37,continuous|30530|both_sexes||irnt,,continuous,30530,Sodium in urine,Measured by ISE (ion selective electrode) analysis using Beckman Coulter AU5400.,,Biological samples > Assay results > Urine assays,quantitative_or_biomarker_candidate,"CSA,EUR,MID","CSA,MID",2,verified_from_official_manifest,continuous-30530-both_sexes-irnt.tsv.bgz,continuous-30530-both_sexes-irnt.tsv.bgz.tbi,s3://pan-ukb-us-east-1/sumstats_flat_files/continuous-30530-both_sexes-irnt.tsv.bgz,s3://pan-ukb-us-east-1/sumstats_flat_files_tabix/continuous-30530-both_sexes-irnt.tsv.bgz.tbi,Pan-UKB official phenotype manifest,UNREVIEWED,6370.0,,h2_z_insignificant,937.0,,n_too_low,8453.0,,PASS,2619.0,,h2_z_insignificant,407610.0,,PASS,1523.0,,PASS
Pan-UKB::continuous|3062|both_sexes||irnt,Pan-UKB,GRCh37,continuous|3062|both_sexes||irnt,,continuous,3062,Forced vital capacity (FVC),FVC value calculated from blow,,UK Biobank Assessment Centre > Physical measures > Spirometry,quantitative_or_biomarker_candidate,"AFR,CSA,EUR,MID","AFR,CSA,MID",3,verified_from_official_manifest,continuous-3062-both_sexes-irnt.tsv.bgz,continuous-3062-both_sexes-irnt.tsv.bgz.tbi,s3://pan-ukb-us-east-1/sumstats_flat_files/continuous-3062-both_sexes-irnt.tsv.bgz,s3://pan-ukb-us-east-1/sumstats_flat_files_tabix/continuous-3062-both_sexes-irnt.tsv.bgz.tbi,Pan-UKB official phenotype manifest,UNREVIEWED,5978.0,,PASS,,,,8080.0,,PASS,2518.0,,h2_z_insignificant,383471.0,,PASS,1432.0,,PASS
Pan-UKB::continuous|3063|both_sexes||irnt,Pan-UKB,GRCh37,continuous|3063|both_sexes||irnt,,continuous,3063,Forced expiratory volume in 1-second (FEV1),FEV1 value calculated from blow,,UK Biobank Assessment Centre > Physical measures > Spirometry,quantitative_or_biomarker_candidate,"AFR,CSA,EUR,MID","AFR,CSA,MID",3,verified_from_official_manifest,continuous-3063-both_sexes-irnt.tsv.bgz,continuous-3063-both_sexes-irnt.tsv.bgz.tbi,s3://pan-ukb-us-east-1/sumstats_flat_files/continuous-3063-both_sexes-irnt.tsv.bgz,s3://pan-ukb-us-east-1/sumstats_flat_files_tabix/continuous-3063-both_sexes-irnt.tsv.bgz.tbi,Pan-UKB official phenotype manifest,UNREVIEWED,5978.0,,PASS,,,,8080.0,,PASS,2518.0,,fail_ratio,383471.0,,PASS,1432.0,,PASS
Pan-UKB::continuous|3064|both_sexes||irnt,Pan-UKB,GRCh37,continuous|3064|both_sexes||irnt,,continuous,3064,Peak expiratory flow (PEF),Peak expiratory flow during blow,,UK Biobank Assessment Centre > Physical measures > Spirometry,quantitative_or_biomarker_candidate,"AFR,CSA,EUR","AFR,CSA",2,verified_from_official_manifest,continuous-3064-both_sexes-irnt.tsv.bgz,continuous-3064-both_sexes-irnt.tsv.bgz.tbi,s3://pan-ukb-us-east-1/sumstats_flat_files/continuous-3064-both_sexes-irnt.tsv.bgz,s3://pan-ukb-us-east-1/sumstats_flat_files_tabix/continuous-3064-both_sexes-irnt.tsv.bgz.tbi,Pan-UKB official phenotype manifest,UNREVIEWED,5978.0,,PASS,890.0,,n_too_low,8080.0,,PASS,2518.0,,h2_z_insignificant,383471.0,,PASS,1432.0,,h2_z_insignificant
Pan-UKB::continuous|3143|both_sexes||irnt,Pan-UKB,GRCh37,continuous|3143|both_sexes||irnt,,continuous,3143,Ankle spacing width,Ankle width as indicated by the spacing between measurement transducer pads on heel,,UK Biobank Assessment Centre > Physical measures > Bone-densitometry of heel,quantitative_or_biomarker_candidate,"CSA,EUR",CSA,1,verified_from_official_manifest,continuous-3143-both_sexes-irnt.tsv.bgz,continuous-3143-both_sexes-irnt.tsv.bgz.tbi,s3://pan-ukb-us-east-1/sumstats_flat_files/continuous-3143-both_sexes-irnt.tsv.bgz,s3://pan-ukb-us-east-1/sumstats_flat_files_tabix/continuous-3143-both_sexes-irnt.tsv.bgz.tbi,Pan-UKB official phenotype manifest,UNREVIEWED,2295.0,,h2_z_insignificant,471.0,,n_too_low,2635.0,,PASS,1262.0,,h2_z_insignificant,242926.0,,PASS,714.0,,h2_z_insignificant
Pan-UKB::continuous|3148|both_sexes||irnt,Pan-UKB,GRCh37,continuous|3148|both_sexes||irnt,,continuous,3148,Heel bone mineral density (BMD),Estimation of bone mineral density (BMD) in the heel is based on the Quantitative Ultrasound Index through the calcaneus. Direct entry.,,UK Biobank Assessment Centre > Physical measures > Bone-densitometry of heel,quantitative_or_biomarker_candidate,"CSA,EUR",CSA,1,verified_from_official_manifest,continuous-3148-both_sexes-irnt.tsv.bgz,continuous-3148-both_sexes-irnt.tsv.bgz.tbi,s3://pan-ukb-us-east-1/sumstats_flat_files/continuous-3148-both_sexes-irnt.tsv.bgz,s3://pan-ukb-us-east-1/sumstats_flat_files_tabix/continuous-3148-both_sexes-irnt.tsv.bgz.tbi,Pan-UKB official phenotype manifest,UNREVIEWED,2292.0,,h2_z_insignificant,471.0,,n_too_low,2633.0,,PASS,1260.0,,h2_z_insignificant,242809.0,,PASS,713.0,,h2_z_insignificant
Pan-UKB::continuous|398|both_sexes||,Pan-UKB,GRCh37,continuous|398|both_sexes||,,continuous,398,Number of correct matches in round,"This is the number of correct matches in the round. It should always be 3 for a 2x3 game and 6 for a 3x4 game, unless the participant abandoned before finishing.",,UK Biobank Assessment Centre > Cognitive function > Pairs matching,quantitative_or_biomarker_candidate,"CSA,EUR",CSA,1,verified_from_official_manifest,continuous-398-both_sexes.tsv.bgz,continuous-398-both_sexes.tsv.bgz.tbi,s3://pan-ukb-us-east-1/sumstats_flat_files/continuous-398-both_sexes.tsv.bgz,s3://pan-ukb-us-east-1/sumstats_flat_files_tabix/continuous-398-both_sexes.tsv.bgz.tbi,Pan-UKB official phenotype manifest,UNREVIEWED,6597.0,,h2_z_insignificant,,,,8769.0,,PASS,2670.0,,h2_z_insignificant,419951.0,,PASS,1581.0,,h2_z_insignificant
Pan-UKB::continuous|400|both_sexes||irnt,Pan-UKB,GRCh37,continuous|400|both_sexes||irnt,,continuous,400,Time to complete round,,,UK Biobank Assessment Centre > Cognitive function > Pairs matching,quantitative_or_biomarker_candidate,"AFR,CSA,EUR,MID","AFR,CSA,MID",3,verified_from_official_manifest,continuous-400-both_sexes-irnt.tsv.bgz,continuous-400-both_sexes-irnt.tsv.bgz.tbi,s3://pan-ukb-us-east-1/sumstats_flat_files/continuous-400-both_sexes-irnt.tsv.bgz,s3://pan-ukb-us-east-1/sumstats_flat_files_tabix/continuous-400-both_sexes-irnt.tsv.bgz.tbi,Pan-UKB official phenotype manifest,UNREVIEWED,5795.0,,PASS,915.0,,n_too_low,7189.0,,PASS,2401.0,,h2_z_insignificant,413099.0,,PASS,1357.0,,PASS
Pan-UKB::continuous|404|both_sexes||irnt,Pan-UKB,GRCh37,continuous|404|both_sexes||irnt,,continuous,404,Duration to first press of snap-button in each round,"This gives the interval between the cards being displayed and the participant pressing the snap-button to indicate a match. Note that the time is recorded regardless of whether the cards shown formed a matching pair. ~F401~ and ~F402~ need to be compared to determine if the cards were the same. Each pair was displayed for 2 seconds, followed by a 1 second gap. If the button-press occurred during a gap then it was recorded against the previous pair, giving a value in the range 2001-2999ms.",,UK Biobank Assessment Centre > Cognitive function > Reaction time,quantitative_or_biomarker_candidate,"CSA,EUR",CSA,1,verified_from_official_manifest,continuous-404-both_sexes-irnt.tsv.bgz,continuous-404-both_sexes-irnt.tsv.bgz.tbi,s3://pan-ukb-us-east-1/sumstats_flat_files/continuous-404-both_sexes-irnt.tsv.bgz,s3://pan-ukb-us-east-1/sumstats_flat_files_tabix/continuous-404-both_sexes-irnt.tsv.bgz.tbi,Pan-UKB official phenotype manifest,UNREVIEWED,6253.0,,h2_z_insignificant,938.0,,n_too_low,8138.0,,PASS,2537.0,,h2_z_insignificant,417435.0,,PASS,1495.0,,h2_z_insignificant
Pan-UKB::continuous|4079|both_sexes||irnt,Pan-UKB,GRCh37,continuous|4079|both_sexes||irnt,,continuous,4079,"Diastolic blood pressure, automated reading","Blood pressure, automated reading, diastolic. Two measures of blood pressure were taken a few moments apart. Range returned by the Omron device is is 0-255",,UK Biobank Assessment Centre > Physical measures > Blood pressure,quantitative_or_biomarker_candidate,"CSA,EUR",CSA,1,verified_from_official_manifest,continuous-4079-both_sexes-irnt.tsv.bgz,continuous-4079-both_sexes-irnt.tsv.bgz.tbi,s3://pan-ukb-us-east-1/sumstats_flat_files/continuous-4079-both_sexes-irnt.tsv.bgz,s3://pan-ukb-us-east-1/sumstats_flat_files_tabix/continuous-4079-both_sexes-irnt.tsv.bgz.tbi,Pan-UKB official phenotype manifest,UNREVIEWED,6551.0,,h2_z_insignificant,959.0,,n_too_low,8641.0,,PASS,2600.0,,h2_z_insignificant,396667.0,,PASS,1541.0,,h2_z_insignificant
Pan-UKB::continuous|4080|both_sexes||irnt,Pan-UKB,GRCh37,continuous|4080|both_sexes||irnt,,continuous,4080,"Systolic blood pressure, automated reading","Blood pressure, automated reading, systolic. Two measures of blood pressure were taken a few moments apart. Range returned by the Omron device is is 0-255",,UK Biobank Assessment Centre > Physical measures > Blood pressure,quantitative_or_biomarker_candidate,"CSA,EAS,EUR","CSA,EAS",2,verified_from_official_manifest,continuous-4080-both_sexes-irnt.tsv.bgz,continuous-4080-both_sexes-irnt.tsv.bgz.tbi,s3://pan-ukb-us-east-1/sumstats_flat_files/continuous-4080-both_sexes-irnt.tsv.bgz,s3://pan-ukb-us-east-1/sumstats_flat_files_tabix/continuous-4080-both_sexes-irnt.tsv.bgz.tbi,Pan-UKB official phenotype manifest,UNREVIEWED,6551.0,,h2_z_insignificant,959.0,,n_too_low,8641.0,,PASS,2600.0,,PASS,396663.0,,PASS,1541.0,,h2_z_insignificant
Pan-UKB::continuous|4100|both_sexes||irnt,Pan-UKB,GRCh37,continuous|4100|both_sexes||irnt,,continuous,4100,Ankle spacing width (left),Left ankle width as indicated by the spacing between measurement transducer pads on heel,,UK Biobank Assessment Centre > Physical measures > Bone-densitometry of heel,quantitative_or_biomarker_candidate,"CSA,EUR",CSA,1,verified_from_official_manifest,continuous-4100-both_sexes-irnt.tsv.bgz,continuous-4100-both_sexes-irnt.tsv.bgz.tbi,s3://pan-ukb-us-east-1/sumstats_flat_files/continuous-4100-both_sexes-irnt.tsv.bgz,s3://pan-ukb-us-east-1/sumstats_flat_files_tabix/continuous-4100-both_sexes-irnt.tsv.bgz.tbi,Pan-UKB official phenotype manifest,UNREVIEWED,3547.0,,h2_z_insignificant,419.0,,n_too_low,5431.0,,PASS,1161.0,,h2_z_insignificant,132170.0,,PASS,683.0,,h2_z_insignificant
Pan-UKB::continuous|4101|both_sexes||irnt,Pan-UKB,GRCh37,continuous|4101|both_sexes||irnt,,continuous,4101,Heel broadband ultrasound attenuation (left),Broadband ultrasound attenuation through left heel,,UK Biobank Assessment Centre > Physical measures > Bone-densitometry of heel,quantitative_or_biomarker_candidate,"CSA,EUR",CSA,1,verified_from_official_manifest,continuous-4101-both_sexes-irnt.tsv.bgz,continuous-4101-both_sexes-irnt.tsv.bgz.tbi,s3://pan-ukb-us-east-1/sumstats_flat_files/continuous-4101-both_sexes-irnt.tsv.bgz,s3://pan-ukb-us-east-1/sumstats_flat_files_tabix/continuous-4101-both_sexes-irnt.tsv.bgz.tbi,Pan-UKB official phenotype manifest,UNREVIEWED,3546.0,,h2_z_insignificant,419.0,,n_too_low,5431.0,,PASS,1161.0,,h2_z_insignificant,132157.0,,PASS,683.0,,h2_z_insignificant
Pan-UKB::continuous|4104|both_sexes||irnt,Pan-UKB,GRCh37,continuous|4104|both_sexes||irnt,,continuous,4104,"Heel quantitative ultrasound index (QUI), direct entry (left)",The QUI or 'stiffness' is based on measure of the speed of sound and broadband ultrasound attenuation. Direct entry.,,UK Biobank Assessment Centre > Physical measures > Bone-densitometry of heel,quantitative_or_biomarker_candidate,"CSA,EUR",CSA,1,verified_from_official_manifest,continuous-4104-both_sexes-irnt.tsv.bgz,continuous-4104-both_sexes-irnt.tsv.bgz.tbi,s3://pan-ukb-us-east-1/sumstats_flat_files/continuous-4104-both_sexes-irnt.tsv.bgz,s3://pan-ukb-us-east-1/sumstats_flat_files_tabix/continuous-4104-both_sexes-irnt.tsv.bgz.tbi,Pan-UKB official phenotype manifest,UNREVIEWED,3547.0,,h2_z_insignificant,419.0,,n_too_low,5431.0,,PASS,1161.0,,h2_z_insignificant,132165.0,,PASS,683.0,,h2_z_insignificant
Pan-UKB::continuous|4105|both_sexes||irnt,Pan-UKB,GRCh37,continuous|4105|both_sexes||irnt,,continuous,4105,Heel bone mineral density (BMD) (left),Estimation of bone mineral density (BMD) in the left heel is based on the Quantitative Ultrasound Index through the calcaneus. Direct entry.,,UK Biobank Assessment Centre > Physical measures > Bone-densitometry of heel,quantitative_or_biomarker_candidate,"CSA,EUR",CSA,1,verified_from_official_manifest,continuous-4105-both_sexes-irnt.tsv.bgz,continuous-4105-both_sexes-irnt.tsv.bgz.tbi,s3://pan-ukb-us-east-1/sumstats_flat_files/continuous-4105-both_sexes-irnt.tsv.bgz,s3://pan-ukb-us-east-1/sumstats_flat_files_tabix/continuous-4105-both_sexes-irnt.tsv.bgz.tbi,Pan-UKB official phenotype manifest,UNREVIEWED,3545.0,,h2_z_insignificant,,,,5424.0,,PASS,1160.0,,h2_z_insignificant,132090.0,,PASS,680.0,,h2_z_insignificant
Pan-UKB::continuous|4106|both_sexes||irnt,Pan-UKB,GRCh37,continuous|4106|both_sexes||irnt,,continuous,4106,"Heel bone mineral density (BMD) T-score, automated (left)",This T-score is calculated from the ultrasound heel BMD measurement and is based on a person's bone density compared with what is normally expected in someone of the same sex. The units of the T-score are the number of standard deviations (SD) that the bone density is above or below the standard.,,UK Biobank Assessment Centre > Physical measures > Bone-densitometry of heel,quantitative_or_biomarker_candidate,"CSA,EUR",CSA,1,verified_from_official_manifest,continuous-4106-both_sexes-irnt.tsv.bgz,continuous-4106-both_sexes-irnt.tsv.bgz.tbi,s3://pan-ukb-us-east-1/sumstats_flat_files/continuous-4106-both_sexes-irnt.tsv.bgz,s3://pan-ukb-us-east-1/sumstats_flat_files_tabix/continuous-4106-both_sexes-irnt.tsv.bgz.tbi,Pan-UKB official phenotype manifest,UNREVIEWED,3547.0,,h2_z_insignificant,419.0,,n_too_low,5431.0,,PASS,1161.0,,h2_z_insignificant,132165.0,,PASS,683.0,,h2_z_insignificant
Pan-UKB::continuous|4120|both_sexes||irnt,Pan-UKB,GRCh37,continuous|4120|both_sexes||irnt,,continuous,4120,Heel broadband ultrasound attenuation (right),Broadband ultrasound attenuation through right heel,,UK Biobank Assessment Centre > Physical measures > Bone-densitometry of heel,quantitative_or_biomarker_candidate,"CSA,EUR",CSA,1,verified_from_official_manifest,continuous-4120-both_sexes-irnt.tsv.bgz,continuous-4120-both_sexes-irnt.tsv.bgz.tbi,s3://pan-ukb-us-east-1/sumstats_flat_files/continuous-4120-both_sexes-irnt.tsv.bgz,s3://pan-ukb-us-east-1/sumstats_flat_files_tabix/continuous-4120-both_sexes-irnt.tsv.bgz.tbi,Pan-UKB official phenotype manifest,UNREVIEWED,3574.0,,h2_z_insignificant,420.0,,n_too_low,5429.0,,PASS,1162.0,,h2_z_insignificant,132117.0,,PASS,685.0,,h2_z_insignificant
Pan-UKB::continuous|4123|both_sexes||irnt,Pan-UKB,GRCh37,continuous|4123|both_sexes||irnt,,continuous,4123,"Heel quantitative ultrasound index (QUI), direct entry (right)",The QUI or 'stiffness' is based on measure of the speed of sound and broadband ultrasound attenuation. Direct entry.,,UK Biobank Assessment Centre > Physical measures > Bone-densitometry of heel,quantitative_or_biomarker_candidate,"CSA,EUR",CSA,1,verified_from_official_manifest,continuous-4123-both_sexes-irnt.tsv.bgz,continuous-4123-both_sexes-irnt.tsv.bgz.tbi,s3://pan-ukb-us-east-1/sumstats_flat_files/continuous-4123-both_sexes-irnt.tsv.bgz,s3://pan-ukb-us-east-1/sumstats_flat_files_tabix/continuous-4123-both_sexes-irnt.tsv.bgz.tbi,Pan-UKB official phenotype manifest,UNREVIEWED,3575.0,,h2_z_insignificant,420.0,,n_too_low,5430.0,,PASS,1162.0,,h2_z_insignificant,132126.0,,PASS,685.0,,h2_z_insignificant
Pan-UKB::continuous|4124|both_sexes||irnt,Pan-UKB,GRCh37,continuous|4124|both_sexes||irnt,,continuous,4124,Heel bone mineral density (BMD) (right),Estimation of bone mineral density (BMD) in the left heel is based on the Quantitative Ultrasound Index through the calcaneus. Direct entry.,,UK Biobank Assessment Centre > Physical measures > Bone-densitometry of heel,quantitative_or_biomarker_candidate,"CSA,EUR",CSA,1,verified_from_official_manifest,continuous-4124-both_sexes-irnt.tsv.bgz,continuous-4124-both_sexes-irnt.tsv.bgz.tbi,s3://pan-ukb-us-east-1/sumstats_flat_files/continuous-4124-both_sexes-irnt.tsv.bgz,s3://pan-ukb-us-east-1/sumstats_flat_files_tabix/continuous-4124-both_sexes-irnt.tsv.bgz.tbi,Pan-UKB official phenotype manifest,UNREVIEWED,3568.0,,h2_z_insignificant,418.0,,n_too_low,5419.0,,PASS,1161.0,,h2_z_insignificant,132050.0,,PASS,681.0,,h2_z_insignificant
Pan-UKB::continuous|4125|both_sexes||irnt,Pan-UKB,GRCh37,continuous|4125|both_sexes||irnt,,continuous,4125,"Heel bone mineral density (BMD) T-score, automated (right)",This T-score is calculated from the ultrasound heel BMD measurement and is based on a person's bone density compared with what is normally expected in someone of the same sex. The units of the T-score are the number of standard deviations (SD) that the bone density is above or below the standard.,,UK Biobank Assessment Centre > Physical measures > Bone-densitometry of heel,quantitative_or_biomarker_candidate,"CSA,EUR",CSA,1,verified_from_official_manifest,continuous-4125-both_sexes-irnt.tsv.bgz,continuous-4125-both_sexes-irnt.tsv.bgz.tbi,s3://pan-ukb-us-east-1/sumstats_flat_files/continuous-4125-both_sexes-irnt.tsv.bgz,s3://pan-ukb-us-east-1/sumstats_flat_files_tabix/continuous-4125-both_sexes-irnt.tsv.bgz.tbi,Pan-UKB official phenotype manifest,UNREVIEWED,3575.0,,h2_z_insignificant,420.0,,n_too_low,5430.0,,PASS,1162.0,,h2_z_insignificant,132126.0,,PASS,685.0,,h2_z_insignificant
Pan-UKB::continuous|4194|both_sexes||irnt,Pan-UKB,GRCh37,continuous|4194|both_sexes||irnt,,continuous,4194,Pulse rate,Pulse rate during arterial stiffness measurement,,UK Biobank Assessment Centre > Physical measures > Arterial stiffness,quantitative_or_biomarker_candidate,"CSA,EUR,MID","CSA,MID",2,verified_from_official_manifest,continuous-4194-both_sexes-irnt.tsv.bgz,continuous-4194-both_sexes-irnt.tsv.bgz.tbi,s3://pan-ukb-us-east-1/sumstats_flat_files/continuous-4194-both_sexes-irnt.tsv.bgz,s3://pan-ukb-us-east-1/sumstats_flat_files_tabix/continuous-4194-both_sexes-irnt.tsv.bgz.tbi,Pan-UKB official phenotype manifest,UNREVIEWED,3852.0,,h2_z_insignificant,443.0,,n_too_low,5650.0,,PASS,1206.0,,h2_z_insignificant,136938.0,,PASS,727.0,,PASS
Pan-UKB::continuous|4195|both_sexes||irnt,Pan-UKB,GRCh37,continuous|4195|both_sexes||irnt,,continuous,4195,Pulse wave reflection index,reflection index is a measure of reflection A digital volume pulse can be considered to be the summation of a direct and a reflected component. The direct component is due to transmission of a pressure wave from the left ventricle to the finger via the most direct route. The reflected component is formed by pressure transmitted from the heart to the lower body where it is reflected back up the aorta and thence to the finger. if 'b' is the height of direct wave peak and 'a' is the height of reflected wave peak the reflected index = (a/b) * 100%,,UK Biobank Assessment Centre > Physical measures > Arterial stiffness,quantitative_or_biomarker_candidate,"CSA,EUR",CSA,1,verified_from_official_manifest,continuous-4195-both_sexes-irnt.tsv.bgz,continuous-4195-both_sexes-irnt.tsv.bgz.tbi,s3://pan-ukb-us-east-1/sumstats_flat_files/continuous-4195-both_sexes-irnt.tsv.bgz,s3://pan-ukb-us-east-1/sumstats_flat_files_tabix/continuous-4195-both_sexes-irnt.tsv.bgz.tbi,Pan-UKB official phenotype manifest,UNREVIEWED,3852.0,,h2_z_insignificant,443.0,,n_too_low,5650.0,,PASS,1206.0,,h2_z_insignificant,136938.0,,PASS,727.0,,h2_z_insignificant
Pan-UKB::continuous|46|both_sexes||irnt,Pan-UKB,GRCh37,continuous|46|both_sexes||irnt,,continuous,46,Hand grip strength (left),Left grip strength,,UK Biobank Assessment Centre > Physical measures > Hand grip strength,quantitative_or_biomarker_candidate,"CSA,EUR,MID","CSA,MID",2,verified_from_official_manifest,continuous-46-both_sexes-irnt.tsv.bgz,continuous-46-both_sexes-irnt.tsv.bgz.tbi,s3://pan-ukb-us-east-1/sumstats_flat_files/continuous-46-both_sexes-irnt.tsv.bgz,s3://pan-ukb-us-east-1/sumstats_flat_files_tabix/continuous-46-both_sexes-irnt.tsv.bgz.tbi,Pan-UKB official phenotype manifest,UNREVIEWED,6556.0,,h2_z_insignificant,972.0,,n_too_low,8750.0,,PASS,2696.0,,h2_z_insignificant,418776.0,,PASS,1567.0,,PASS
Pan-UKB::continuous|47|both_sexes||irnt,Pan-UKB,GRCh37,continuous|47|both_sexes||irnt,,continuous,47,Hand grip strength (right),Right grip strength,,UK Biobank Assessment Centre > Physical measures > Hand grip strength,quantitative_or_biomarker_candidate,"CSA,EUR,MID","CSA,MID",2,verified_from_official_manifest,continuous-47-both_sexes-irnt.tsv.bgz,continuous-47-both_sexes-irnt.tsv.bgz.tbi,s3://pan-ukb-us-east-1/sumstats_flat_files/continuous-47-both_sexes-irnt.tsv.bgz,s3://pan-ukb-us-east-1/sumstats_flat_files_tabix/continuous-47-both_sexes-irnt.tsv.bgz.tbi,Pan-UKB official phenotype manifest,UNREVIEWED,6551.0,,h2_z_insignificant,972.0,,n_too_low,8765.0,,PASS,2695.0,,h2_z_insignificant,418827.0,,PASS,1571.0,,PASS
Pan-UKB::continuous|48|both_sexes||irnt,Pan-UKB,GRCh37,continuous|48|both_sexes||irnt,,continuous,48,Waist circumference,Waist circumference,,UK Biobank Assessment Centre > Physical measures > Anthropometry > Body size measures,quantitative_or_biomarker_candidate,"AFR,CSA,EUR,MID","AFR,CSA,MID",3,verified_from_official_manifest,continuous-48-both_sexes-irnt.tsv.bgz,continuous-48-both_sexes-irnt.tsv.bgz.tbi,s3://pan-ukb-us-east-1/sumstats_flat_files/continuous-48-both_sexes-irnt.tsv.bgz,s3://pan-ukb-us-east-1/sumstats_flat_files_tabix/continuous-48-both_sexes-irnt.tsv.bgz.tbi,Pan-UKB official phenotype manifest,UNREVIEWED,6570.0,,PASS,975.0,,n_too_low,8783.0,,PASS,2698.0,,h2_z_insignificant,419807.0,,PASS,1576.0,,PASS
Pan-UKB::continuous|49|both_sexes||irnt,Pan-UKB,GRCh37,continuous|49|both_sexes||irnt,,continuous,49,Hip circumference,Hip circumference,,UK Biobank Assessment Centre > Physical measures > Anthropometry > Body size measures,quantitative_or_biomarker_candidate,"CSA,EUR,MID","CSA,MID",2,verified_from_official_manifest,continuous-49-both_sexes-irnt.tsv.bgz,continuous-49-both_sexes-irnt.tsv.bgz.tbi,s3://pan-ukb-us-east-1/sumstats_flat_files/continuous-49-both_sexes-irnt.tsv.bgz,s3://pan-ukb-us-east-1/sumstats_flat_files_tabix/continuous-49-both_sexes-irnt.tsv.bgz.tbi,Pan-UKB official phenotype manifest,UNREVIEWED,6567.0,,h2_z_insignificant,975.0,,n_too_low,8782.0,,PASS,2698.0,,h2_z_insignificant,419757.0,,PASS,1576.0,,PASS
Pan-UKB::continuous|50|both_sexes||irnt,Pan-UKB,GRCh37,continuous|50|both_sexes||irnt,,continuous,50,Standing height,Standing height was measured using a Seca 202 device,,UK Biobank Assessment Centre > Physical measures > Anthropometry > Body size measures,quantitative_or_biomarker_candidate,"AFR,CSA,EUR","AFR,CSA",2,verified_from_official_manifest,continuous-50-both_sexes-irnt.tsv.bgz,continuous-50-both_sexes-irnt.tsv.bgz.tbi,s3://pan-ukb-us-east-1/sumstats_flat_files/continuous-50-both_sexes-irnt.tsv.bgz,s3://pan-ukb-us-east-1/sumstats_flat_files_tabix/continuous-50-both_sexes-irnt.tsv.bgz.tbi,Pan-UKB official phenotype manifest,UNREVIEWED,6556.0,,PASS,972.0,,n_too_low,8657.0,,PASS,2697.0,,fail_ratio,419596.0,,PASS,,,
Pan-UKB::continuous|5096|both_sexes||irnt,Pan-UKB,GRCh37,continuous|5096|both_sexes||irnt,,continuous,5096,3mm weak meridian (left),This is the weak meridian of keratometry results taken at 3mm for the left eye,,UK Biobank Assessment Centre > Physical measures > Eye measures > Autorefraction,quantitative_or_biomarker_candidate,"CSA,EUR",CSA,1,verified_from_official_manifest,continuous-5096-both_sexes-irnt.tsv.bgz,continuous-5096-both_sexes-irnt.tsv.bgz.tbi,s3://pan-ukb-us-east-1/sumstats_flat_files/continuous-5096-both_sexes-irnt.tsv.bgz,s3://pan-ukb-us-east-1/sumstats_flat_files_tabix/continuous-5096-both_sexes-irnt.tsv.bgz.tbi,Pan-UKB official phenotype manifest,UNREVIEWED,3187.0,,h2_z_insignificant,316.0,,n_too_low,3801.0,,PASS,868.0,,h2_z_insignificant,85870.0,,PASS,538.0,,h2_z_insignificant
Pan-UKB::continuous|5097|both_sexes||irnt,Pan-UKB,GRCh37,continuous|5097|both_sexes||irnt,,continuous,5097,6mm weak meridian (left),This is the weak meridian of keratometry results taken at 3mm for the left eye,,UK Biobank Assessment Centre > Physical measures > Eye measures > Autorefraction,quantitative_or_biomarker_candidate,"CSA,EUR",CSA,1,verified_from_official_manifest,continuous-5097-both_sexes-irnt.tsv.bgz,continuous-5097-both_sexes-irnt.tsv.bgz.tbi,s3://pan-ukb-us-east-1/sumstats_flat_files/continuous-5097-both_sexes-irnt.tsv.bgz,s3://pan-ukb-us-east-1/sumstats_flat_files_tabix/continuous-5097-both_sexes-irnt.tsv.bgz.tbi,Pan-UKB official phenotype manifest,UNREVIEWED,2654.0,,h2_z_insignificant,271.0,,n_too_low,3284.0,,PASS,740.0,,h2_z_insignificant,74603.0,,PASS,457.0,,h2_z_insignificant
Pan-UKB::continuous|5098|both_sexes||irnt,Pan-UKB,GRCh37,continuous|5098|both_sexes||irnt,,continuous,5098,6mm weak meridian (right),This is the weak meridian of keratometry results taken at 6mm for the right eye,,UK Biobank Assessment Centre > Physical measures > Eye measures > Autorefraction,quantitative_or_biomarker_candidate,"CSA,EUR",CSA,1,verified_from_official_manifest,continuous-5098-both_sexes-irnt.tsv.bgz,continuous-5098-both_sexes-irnt.tsv.bgz.tbi,s3://pan-ukb-us-east-1/sumstats_flat_files/continuous-5098-both_sexes-irnt.tsv.bgz,s3://pan-ukb-us-east-1/sumstats_flat_files_tabix/continuous-5098-both_sexes-irnt.tsv.bgz.tbi,Pan-UKB official phenotype manifest,UNREVIEWED,2563.0,,h2_z_insignificant,266.0,,n_too_low,3249.0,,PASS,707.0,,h2_z_insignificant,75437.0,,PASS,462.0,,h2_z_insignificant
Pan-UKB::continuous|5099|both_sexes||irnt,Pan-UKB,GRCh37,continuous|5099|both_sexes||irnt,,continuous,5099,3mm weak meridian (right),This is the weak meridian of keratometry results taken at 3mm for the right eye,,UK Biobank Assessment Centre > Physical measures > Eye measures > Autorefraction,quantitative_or_biomarker_candidate,"CSA,EUR",CSA,1,verified_from_official_manifest,continuous-5099-both_sexes-irnt.tsv.bgz,continuous-5099-both_sexes-irnt.tsv.bgz.tbi,s3://pan-ukb-us-east-1/sumstats_flat_files/continuous-5099-both_sexes-irnt.tsv.bgz,s3://pan-ukb-us-east-1/sumstats_flat_files_tabix/continuous-5099-both_sexes-irnt.tsv.bgz.tbi,Pan-UKB official phenotype manifest,UNREVIEWED,3164.0,,h2_z_insignificant,315.0,,n_too_low,3787.0,,PASS,853.0,,h2_z_insignificant,85877.0,,PASS,537.0,,h2_z_insignificant
Pan-UKB::continuous|51|both_sexes||irnt,Pan-UKB,GRCh37,continuous|51|both_sexes||irnt,,continuous,51,Seated height,"Seated height was measured using a Seca 202 device with the participant seated on a box, the size of which is given by ~F3077~",,UK Biobank Assessment Centre > Physical measures > Anthropometry > Body size measures,quantitative_or_biomarker_candidate,"AFR,CSA,EUR,MID","AFR,CSA,MID",3,verified_from_official_manifest,continuous-51-both_sexes-irnt.tsv.bgz,continuous-51-both_sexes-irnt.tsv.bgz.tbi,s3://pan-ukb-us-east-1/sumstats_flat_files/continuous-51-both_sexes-irnt.tsv.bgz,s3://pan-ukb-us-east-1/sumstats_flat_files_tabix/continuous-51-both_sexes-irnt.tsv.bgz.tbi,Pan-UKB official phenotype manifest,UNREVIEWED,6554.0,,PASS,972.0,,n_too_low,8649.0,,PASS,2698.0,,h2_z_insignificant,419245.0,,PASS,1571.0,,PASS
Pan-UKB::continuous|5116|both_sexes||irnt,Pan-UKB,GRCh37,continuous|5116|both_sexes||irnt,,continuous,5116,3mm cylindrical power (right),This is the cylindrical power of keratometry results taken at 3mm for the right eye (0 indicates none),,UK Biobank Assessment Centre > Physical measures > Eye measures > Autorefraction,quantitative_or_biomarker_candidate,"CSA,EUR",CSA,1,verified_from_official_manifest,continuous-5116-both_sexes-irnt.tsv.bgz,continuous-5116-both_sexes-irnt.tsv.bgz.tbi,s3://pan-ukb-us-east-1/sumstats_flat_files/continuous-5116-both_sexes-irnt.tsv.bgz,s3://pan-ukb-us-east-1/sumstats_flat_files_tabix/continuous-5116-both_sexes-irnt.tsv.bgz.tbi,Pan-UKB official phenotype manifest,UNREVIEWED,3164.0,,h2_z_insignificant,315.0,,n_too_low,3787.0,,PASS,853.0,,h2_z_insignificant,85881.0,,PASS,537.0,,h2_z_insignificant
Pan-UKB::continuous|5132|both_sexes||irnt,Pan-UKB,GRCh37,continuous|5132|both_sexes||irnt,,continuous,5132,3mm strong meridian (right),This is the strong meridian angle of keratometry results taken at 3mm for the right eye,,UK Biobank Assessment Centre > Physical measures > Eye measures > Autorefraction,quantitative_or_biomarker_candidate,"CSA,EUR",CSA,1,verified_from_official_manifest,continuous-5132-both_sexes-irnt.tsv.bgz,continuous-5132-both_sexes-irnt.tsv.bgz.tbi,s3://pan-ukb-us-east-1/sumstats_flat_files/continuous-5132-both_sexes-irnt.tsv.bgz,s3://pan-ukb-us-east-1/sumstats_flat_files_tabix/continuous-5132-both_sexes-irnt.tsv.bgz.tbi,Pan-UKB official phenotype manifest,UNREVIEWED,3164.0,,h2_z_insignificant,315.0,,n_too_low,3787.0,,PASS,853.0,,h2_z_insignificant,85877.0,,PASS,537.0,,h2_z_insignificant
Pan-UKB::continuous|5133|both_sexes||irnt,Pan-UKB,GRCh37,continuous|5133|both_sexes||irnt,,continuous,5133,6mm strong meridian (right),This is the strong meridian angle of keratometry results taken at 6mm for the right eye,,UK Biobank Assessment Centre > Physical measures > Eye measures > Autorefraction,quantitative_or_biomarker_candidate,"CSA,EUR",CSA,1,verified_from_official_manifest,continuous-5133-both_sexes-irnt.tsv.bgz,continuous-5133-both_sexes-irnt.tsv.bgz.tbi,s3://pan-ukb-us-east-1/sumstats_flat_files/continuous-5133-both_sexes-irnt.tsv.bgz,s3://pan-ukb-us-east-1/sumstats_flat_files_tabix/continuous-5133-both_sexes-irnt.tsv.bgz.tbi,Pan-UKB official phenotype manifest,UNREVIEWED,2563.0,,h2_z_insignificant,,,,3249.0,,PASS,707.0,,h2_z_insignificant,75437.0,,PASS,462.0,,h2_z_insignificant
Pan-UKB::continuous|5134|both_sexes||irnt,Pan-UKB,GRCh37,continuous|5134|both_sexes||irnt,,continuous,5134,6mm strong meridian (left),[keratometry@6mm/left] strong meridian,,UK Biobank Assessment Centre > Physical measures > Eye measures > Autorefraction,quantitative_or_biomarker_candidate,"CSA,EUR",CSA,1,verified_from_official_manifest,continuous-5134-both_sexes-irnt.tsv.bgz,continuous-5134-both_sexes-irnt.tsv.bgz.tbi,s3://pan-ukb-us-east-1/sumstats_flat_files/continuous-5134-both_sexes-irnt.tsv.bgz,s3://pan-ukb-us-east-1/sumstats_flat_files_tabix/continuous-5134-both_sexes-irnt.tsv.bgz.tbi,Pan-UKB official phenotype manifest,UNREVIEWED,2654.0,,h2_z_insignificant,,,,3284.0,,PASS,740.0,,h2_z_insignificant,74603.0,,PASS,457.0,,h2_z_insignificant
Pan-UKB::continuous|5135|both_sexes||irnt,Pan-UKB,GRCh37,continuous|5135|both_sexes||irnt,,continuous,5135,3mm strong meridian (left),This is the strong meridian angle of keratometry results taken at 3mm for the left eye,,UK Biobank Assessment Centre > Physical measures > Eye measures > Autorefraction,quantitative_or_biomarker_candidate,"CSA,EUR",CSA,1,verified_from_official_manifest,continuous-5135-both_sexes-irnt.tsv.bgz,continuous-5135-both_sexes-irnt.tsv.bgz.tbi,s3://pan-ukb-us-east-1/sumstats_flat_files/continuous-5135-both_sexes-irnt.tsv.bgz,s3://pan-ukb-us-east-1/sumstats_flat_files_tabix/continuous-5135-both_sexes-irnt.tsv.bgz.tbi,Pan-UKB official phenotype manifest,UNREVIEWED,3187.0,,h2_z_insignificant,316.0,,n_too_low,3801.0,,PASS,868.0,,h2_z_insignificant,85870.0,,PASS,538.0,,h2_z_insignificant
Pan-UKB::continuous|5257|both_sexes||irnt,Pan-UKB,GRCh37,continuous|5257|both_sexes||irnt,,continuous,5257,Corneal resistance factor (right),corneal resistance factor for right eye,,UK Biobank Assessment Centre > Physical measures > Eye measures > Intraocular pressure,quantitative_or_biomarker_candidate,"CSA,EUR",CSA,1,verified_from_official_manifest,continuous-5257-both_sexes-irnt.tsv.bgz,continuous-5257-both_sexes-irnt.tsv.bgz.tbi,s3://pan-ukb-us-east-1/sumstats_flat_files/continuous-5257-both_sexes-irnt.tsv.bgz,s3://pan-ukb-us-east-1/sumstats_flat_files_tabix/continuous-5257-both_sexes-irnt.tsv.bgz.tbi,Pan-UKB official phenotype manifest,UNREVIEWED,3330.0,,h2_z_insignificant,,,,3974.0,,PASS,914.0,,h2_z_insignificant,87199.0,,PASS,,,
Pan-UKB::continuous|699|both_sexes||irnt,Pan-UKB,GRCh37,continuous|699|both_sexes||irnt,,continuous,699,Length of time at current address,"ACE touchscreen question ""How many years have you lived at your current address?"" The following checks were performed: If answer If answer > Participants age then rejected If the participant activated the Help button they were shown the message: If you have lived there for less than one year select Less than a year. If you are unsure, please provide an estimate or select Do not know. If you have lived at your current address at different times, add up the total number of years you lived there. For instance if you lived at your current address for 3 years, moved overseas for one year and returned to your current address for another 5 years, then you would enter 8 years.",,UK Biobank Assessment Centre > Touchscreen > Sociodemographics > Household,quantitative_or_biomarker_candidate,"CSA,EUR",CSA,1,verified_from_official_manifest,continuous-699-both_sexes-irnt.tsv.bgz,continuous-699-both_sexes-irnt.tsv.bgz.tbi,s3://pan-ukb-us-east-1/sumstats_flat_files/continuous-699-both_sexes-irnt.tsv.bgz,s3://pan-ukb-us-east-1/sumstats_flat_files_tabix/continuous-699-both_sexes-irnt.tsv.bgz.tbi,Pan-UKB official phenotype manifest,UNREVIEWED,6182.0,,h2_z_insignificant,899.0,,n_too_low,8287.0,,PASS,2492.0,,h2_z_insignificant,410728.0,,PASS,1478.0,,h2_z_insignificant
Pan-UKB::continuous|709|both_sexes||,Pan-UKB,GRCh37,continuous|709|both_sexes||,,continuous,709,Number in household,"ACE touchscreen question ""Including yourself, how many people are living together in your household? (Include those who usually live in the house such as students living away from home during term, partners in the armed forces or professions such as pilots)"" The following checks were performed: If answer If answer > 100 then rejected If answer > 12 then participant asked to confirm If the participant activated the Help button they were shown the message: If you live alone, enter 1. Include those who usually live in the house such as students living away from home during term, partners in the armed forces or professions such as pilots. ~F709~ was collected from all participants except those who indicated they were living in a sheltered accommodation or in a care home, as defined by their answers to ~F670~",,UK Biobank Assessment Centre > Touchscreen > Sociodemographics > Household,quantitative_or_biomarker_candidate,"AFR,EUR",AFR,1,verified_from_official_manifest,continuous-709-both_sexes.tsv.bgz,continuous-709-both_sexes.tsv.bgz.tbi,s3://pan-ukb-us-east-1/sumstats_flat_files/continuous-709-both_sexes.tsv.bgz,s3://pan-ukb-us-east-1/sumstats_flat_files_tabix/continuous-709-both_sexes.tsv.bgz.tbi,Pan-UKB official phenotype manifest,UNREVIEWED,6354.0,,PASS,950.0,,n_too_low,8505.0,,h2_z_insignificant,2588.0,,h2_z_insignificant,417988.0,,PASS,1535.0,,h2_z_insignificant
Pan-UKB::continuous|728|both_sexes||,Pan-UKB,GRCh37,continuous|728|both_sexes||,,continuous,728,Number of vehicles in household,"ACE touchscreen question ""How many cars or vans are owned, or available for use, by you or members of your household? (Please include company vehicles if available for private use) "" If the participant activated the Help button they were shown the message: Do not include motorcycles. ~F728~ was collected from all participants except those who indicated they were living in a sheltered accommodation or in a care home as defined by their answers to ~F670~",,UK Biobank Assessment Centre > Touchscreen > Sociodemographics > Household,quantitative_or_biomarker_candidate,"EUR,MID",MID,1,verified_from_official_manifest,continuous-728-both_sexes.tsv.bgz,continuous-728-both_sexes.tsv.bgz.tbi,s3://pan-ukb-us-east-1/sumstats_flat_files/continuous-728-both_sexes.tsv.bgz,s3://pan-ukb-us-east-1/sumstats_flat_files_tabix/continuous-728-both_sexes.tsv.bgz.tbi,Pan-UKB official phenotype manifest,UNREVIEWED,6452.0,,h2_z_insignificant,945.0,,n_too_low,8539.0,,h2_z_insignificant,2616.0,,h2_z_insignificant,417715.0,,PASS,1545.0,,PASS
Pan-UKB::continuous|738|both_sexes||,Pan-UKB,GRCh37,continuous|738|both_sexes||,,continuous,738,Average total household income before tax,"ACE touchscreen question ""What is the average total income before tax received by your HOUSEHOLD?"" If the participant activated the Help button they were shown the message: If you are unsure of annual household income here are the weekly and monthly equivalents: Annual Monthly Weekly less than &pound;18,000 less than &pound;1,500 less than &pound;346 &pound;18,000 to &pound;29,999 &pound;1,500 to &pound;2,499 &pound;346 to &pound;576 &pound;30,000 to &pound;51,999 &pound;2,500 to &pound;4,333 &pound;577 to &pound;999 &pound;52,000 to &pound;100,000 &pound;4,334 to &pound;8,333 &pound;1000 to &pound;1,923 greater than &pound;100,000 greater than &pound;8,333 greater than &pound;1,923 ~F738~ was collected from participants except those who indicated they were living in a sheltered accommodation or in a care home as defined by their answers to ~F670~",,UK Biobank Assessment Centre > Touchscreen > Sociodemographics > Household,quantitative_or_biomarker_candidate,"CSA,EUR",CSA,1,verified_from_official_manifest,continuous-738-both_sexes.tsv.bgz,continuous-738-both_sexes.tsv.bgz.tbi,s3://pan-ukb-us-east-1/sumstats_flat_files/continuous-738-both_sexes.tsv.bgz,s3://pan-ukb-us-east-1/sumstats_flat_files_tabix/continuous-738-both_sexes.tsv.bgz.tbi,Pan-UKB official phenotype manifest,UNREVIEWED,4982.0,,h2_z_insignificant,,,,6444.0,,PASS,2060.0,,h2_z_insignificant,361687.0,,PASS,1179.0,,h2_z_insignificant
Pan-UKB::continuous|816|both_sexes||,Pan-UKB,GRCh37,continuous|816|both_sexes||,,continuous,816,Job involves heavy manual or physical work,"ACE touchscreen question ""Does your work involve heavy manual or physical work?"" If the participant activated the Help button they were shown the message: If you have more than one 'current job' then answer this question for your MAIN job only. Physical work includes work that involves handling of heavy objects and use of heavy tools. ~F816~ was collected from participants who indicated they were in paid employment or self-employed as defined by their answers to ~F6142~",,UK Biobank Assessment Centre > Touchscreen > Sociodemographics > Employment,quantitative_or_biomarker_candidate,"CSA,EUR",CSA,1,verified_from_official_manifest,continuous-816-both_sexes.tsv.bgz,continuous-816-both_sexes.tsv.bgz.tbi,s3://pan-ukb-us-east-1/sumstats_flat_files/continuous-816-both_sexes.tsv.bgz,s3://pan-ukb-us-east-1/sumstats_flat_files_tabix/continuous-816-both_sexes.tsv.bgz.tbi,Pan-UKB official phenotype manifest,UNREVIEWED,4355.0,,h2_z_insignificant,604.0,,n_too_low,5207.0,,PASS,1710.0,,h2_z_insignificant,237993.0,,PASS,842.0,,h2_z_insignificant
Pan-UKB::continuous|845|both_sexes||,Pan-UKB,GRCh37,continuous|845|both_sexes||,,continuous,845,Age completed full time education,"ACE touchscreen question ""At what age did you complete your continuous full time education?"" The following checks were performed: If answer If answer > Participants age then rejected If answer > 40 then participant asked to confirm If the participant activated the Help button they were shown the message: Please give the age that you completed 'continuous' full time education. For example, if you stopped your studies when you were 17 years old with the intention that you had completed your studies but then returned to full time studies when you were 24, enter 17. However if you only temporarily stopped your studies at 17 with the intention that you would return to studies (for instance a gap year) and then completed your full time education at 21, enter 21. ~F845~ was collected from all participants except those who indicated they have a College or University degree, as defined by their answers to ~F6138~",,UK Biobank Assessment Centre > Touchscreen > Sociodemographics > Education,quantitative_or_biomarker_candidate,"AFR,EUR",AFR,1,verified_from_official_manifest,continuous-845-both_sexes.tsv.bgz,continuous-845-both_sexes.tsv.bgz.tbi,s3://pan-ukb-us-east-1/sumstats_flat_files/continuous-845-both_sexes.tsv.bgz,s3://pan-ukb-us-east-1/sumstats_flat_files_tabix/continuous-845-both_sexes.tsv.bgz.tbi,Pan-UKB official phenotype manifest,UNREVIEWED,3720.0,,PASS,487.0,,n_too_low,4475.0,,h2_z_insignificant,1111.0,,h2_z_insignificant,283575.0,,PASS,704.0,,h2_z_insignificant
Pan-UKB::continuous|864|both_sexes||,Pan-UKB,GRCh37,continuous|864|both_sexes||,,continuous,864,Number of days/week walked 10+ minutes,"ACE touchscreen question ""In a typical WEEK, on how many days did you walk for at least 10 minutes at a time? (Include walking that you do at work, travelling to and from work, and for sport or leisure)"" The following checks were performed: If answer If answer > 7 then rejected If the participant activated the Help button they were shown the message: Count the number of days in a week that you walk for at least 10 minutes continuously at a time.",,UK Biobank Assessment Centre > Touchscreen > Lifestyle and environment > Physical activity,quantitative_or_biomarker_candidate,"CSA,EUR,MID","CSA,MID",2,verified_from_official_manifest,continuous-864-both_sexes.tsv.bgz,continuous-864-both_sexes.tsv.bgz.tbi,s3://pan-ukb-us-east-1/sumstats_flat_files/continuous-864-both_sexes.tsv.bgz,s3://pan-ukb-us-east-1/sumstats_flat_files_tabix/continuous-864-both_sexes.tsv.bgz.tbi,Pan-UKB official phenotype manifest,UNREVIEWED,6271.0,,h2_z_insignificant,940.0,,n_too_low,8233.0,,PASS,2558.0,,h2_z_insignificant,413244.0,,PASS,1508.0,,PASS
Pan-UKB::continuous|874|both_sexes||irnt,Pan-UKB,GRCh37,continuous|874|both_sexes||irnt,,continuous,874,Duration of walks,"ACE touchscreen question ""How many minutes did you usually spend walking on a typical DAY?"" The following checks were performed: If answer If answer > 1440 then rejected If answer If answer > 300 then participant asked to confirm If the participant activated the Help button they were shown the message: Count the number of minutes that you usually spend walking in one day. If the time you usually spend walking on each day of the week varies a lot, give an average of the time you spend walking. For instance if on one day of the week you usually walk for 4 hours but on the other day you walk 2 hours then give the average - that is 3 hours. ~F874~ was collected from participants who indicated that they walked for 10 minutes on at least 1 day per week in the previous 4 weeks, as defined by their answers to ~F864~",,UK Biobank Assessment Centre > Touchscreen > Lifestyle and environment > Physical activity,quantitative_or_biomarker_candidate,"CSA,EUR",CSA,1,verified_from_official_manifest,continuous-874-both_sexes-irnt.tsv.bgz,continuous-874-both_sexes-irnt.tsv.bgz.tbi,s3://pan-ukb-us-east-1/sumstats_flat_files/continuous-874-both_sexes-irnt.tsv.bgz,s3://pan-ukb-us-east-1/sumstats_flat_files_tabix/continuous-874-both_sexes-irnt.tsv.bgz.tbi,Pan-UKB official phenotype manifest,UNREVIEWED,5411.0,,h2_z_insignificant,849.0,,n_too_low,7473.0,,PASS,2233.0,,h2_z_insignificant,359309.0,,PASS,1382.0,,h2_z_insignificant
Pan-UKB::continuous|904|both_sexes||,Pan-UKB,GRCh37,continuous|904|both_sexes||,,continuous,904,Number of days/week of vigorous physical activity 10+ minutes,"ACE touchscreen question ""In a typical WEEK, how many days did you do 10 minutes or more of vigorous physical activity? (These are activities that make you sweat or breathe hard such as fast cycling, aerobics, heavy lifting)"" The following checks were performed: If answer If answer > 7 then rejected If the participant activated the Help button they were shown the message: Count the number of days in a week that you do vigorous physical activities for at least 10 minutes continuously at a time. Remember to include activities that you do for work, leisure, travel and around the house.",,UK Biobank Assessment Centre > Touchscreen > Lifestyle and environment > Physical activity,quantitative_or_biomarker_candidate,"EUR,MID",MID,1,verified_from_official_manifest,continuous-904-both_sexes.tsv.bgz,continuous-904-both_sexes.tsv.bgz.tbi,s3://pan-ukb-us-east-1/sumstats_flat_files/continuous-904-both_sexes.tsv.bgz,s3://pan-ukb-us-east-1/sumstats_flat_files_tabix/continuous-904-both_sexes.tsv.bgz.tbi,Pan-UKB official phenotype manifest,UNREVIEWED,5690.0,,h2_z_insignificant,896.0,,n_too_low,7201.0,,h2_z_insignificant,2365.0,,h2_z_insignificant,400340.0,,PASS,1392.0,,PASS
Pan-UKB::continuous|924|both_sexes||,Pan-UKB,GRCh37,continuous|924|both_sexes||,,continuous,924,Usual walking pace,"ACE touchscreen question ""How would you describe your usual walking pace? "" If the participant activated the Help button they were shown the message: Slow pace is defined as less than 3 miles per hour. Steady average pace is defined as between 3-4 miles per hour. Fast pace is defined as more than 4 miles per hour. ~F924~ was collected from all participants except those who indicated they were unable to walk, as defined by their answers to ~F864~",,UK Biobank Assessment Centre > Touchscreen > Lifestyle and environment > Physical activity,quantitative_or_biomarker_candidate,"EUR,MID",MID,1,verified_from_official_manifest,continuous-924-both_sexes.tsv.bgz,continuous-924-both_sexes.tsv.bgz.tbi,s3://pan-ukb-us-east-1/sumstats_flat_files/continuous-924-both_sexes.tsv.bgz,s3://pan-ukb-us-east-1/sumstats_flat_files_tabix/continuous-924-both_sexes.tsv.bgz.tbi,Pan-UKB official phenotype manifest,UNREVIEWED,6463.0,,h2_z_insignificant,936.0,,n_too_low,,,,2590.0,,h2_z_insignificant,417933.0,,PASS,1521.0,,PASS
Pan-UKB::continuous|943|both_sexes||,Pan-UKB,GRCh37,continuous|943|both_sexes||,,continuous,943,Frequency of stair climbing in last 4 weeks,"ACE touchscreen question ""At home, during the last 4 weeks, about how many times a DAY do you climb a flight of stairs? (approx 10 steps)"" If the participant activated the Help button they were shown the message: If you are unsure, please provide an estimate or select Do not know. ~F943~ was collected from all participants except those who indicated they were unable to walk, as defined by their answers to ~F864~",,UK Biobank Assessment Centre > Touchscreen > Lifestyle and environment > Physical activity,quantitative_or_biomarker_candidate,"CSA,EUR",CSA,1,verified_from_official_manifest,continuous-943-both_sexes.tsv.bgz,continuous-943-both_sexes.tsv.bgz.tbi,s3://pan-ukb-us-east-1/sumstats_flat_files/continuous-943-both_sexes.tsv.bgz,s3://pan-ukb-us-east-1/sumstats_flat_files_tabix/continuous-943-both_sexes.tsv.bgz.tbi,Pan-UKB official phenotype manifest,UNREVIEWED,6406.0,,h2_z_insignificant,945.0,,n_too_low,8453.0,,PASS,2596.0,,h2_z_insignificant,416452.0,,PASS,1523.0,,h2_z_insignificant
Pan-UKB::continuous|AG|both_sexes||irnt,Pan-UKB,GRCh37,continuous|AG|both_sexes||irnt,,continuous,AG,Albumin/Globulin ratio,Albumin (30600) / (Total Protein [30860] - Albumin),,,quantitative_or_biomarker_candidate,"CSA,EAS,EUR","CSA,EAS",2,verified_from_official_manifest,continuous-AG-both_sexes-irnt.tsv.bgz,continuous-AG-both_sexes-irnt.tsv.bgz.tbi,s3://pan-ukb-us-east-1/sumstats_flat_files/continuous-AG-both_sexes-irnt.tsv.bgz,s3://pan-ukb-us-east-1/sumstats_flat_files_tabix/continuous-AG-both_sexes-irnt.tsv.bgz.tbi,Pan-UKB official phenotype manifest,UNREVIEWED,5765.0,,h2_z_insignificant,858.0,,n_too_low,7707.0,,PASS,2344.0,,PASS,368642.0,,PASS,1367.0,,h2_z_insignificant
Pan-UKB::continuous|DBP|both_sexes||auto_medadj_irnt,Pan-UKB,GRCh37,continuous|DBP|both_sexes||auto_medadj_irnt,,continuous,DBP,"Diastolic blood pressure, automated reading, adjusted by medication",DBP (automated reading; 4079) adjusted by the use of blood pressure lowering medication (6153_2 and 6177_2),,,quantitative_or_biomarker_candidate,"CSA,EUR",CSA,1,verified_from_official_manifest,continuous-DBP-both_sexes-auto_medadj_irnt.tsv.bgz,continuous-DBP-both_sexes-auto_medadj_irnt.tsv.bgz.tbi,s3://pan-ukb-us-east-1/sumstats_flat_files/continuous-DBP-both_sexes-auto_medadj_irnt.tsv.bgz,s3://pan-ukb-us-east-1/sumstats_flat_files_tabix/continuous-DBP-both_sexes-auto_medadj_irnt.tsv.bgz.tbi,Pan-UKB official phenotype manifest,UNREVIEWED,6350.0,,h2_z_insignificant,930.0,,n_too_low,8206.0,,PASS,2466.0,,h2_z_insignificant,393862.0,,PASS,1474.0,,h2_z_insignificant
Pan-UKB::continuous|DBP|both_sexes||auto_medadj_raw,Pan-UKB,GRCh37,continuous|DBP|both_sexes||auto_medadj_raw,,continuous,DBP,"Diastolic blood pressure, automated reading, adjusted by medication",DBP (automated reading; 4079) adjusted by the use of blood pressure lowering medication (6153_2 and 6177_2),,,quantitative_or_biomarker_candidate,"CSA,EUR",CSA,1,verified_from_official_manifest,continuous-DBP-both_sexes-auto_medadj_raw.tsv.bgz,continuous-DBP-both_sexes-auto_medadj_raw.tsv.bgz.tbi,s3://pan-ukb-us-east-1/sumstats_flat_files/continuous-DBP-both_sexes-auto_medadj_raw.tsv.bgz,s3://pan-ukb-us-east-1/sumstats_flat_files_tabix/continuous-DBP-both_sexes-auto_medadj_raw.tsv.bgz.tbi,Pan-UKB official phenotype manifest,UNREVIEWED,6350.0,,h2_z_insignificant,930.0,,n_too_low,8206.0,,PASS,2466.0,,h2_z_insignificant,393862.0,,PASS,1474.0,,h2_z_insignificant
Pan-UKB::continuous|DBP|both_sexes||combined_irnt,Pan-UKB,GRCh37,continuous|DBP|both_sexes||combined_irnt,,continuous,DBP,"Diastolic blood pressure, combined automated + manual reading",Combination of DBP automated (4079) + manual (94) reading,,,quantitative_or_biomarker_candidate,"CSA,EUR",CSA,1,verified_from_official_manifest,continuous-DBP-both_sexes-combined_irnt.tsv.bgz,continuous-DBP-both_sexes-combined_irnt.tsv.bgz.tbi,s3://pan-ukb-us-east-1/sumstats_flat_files/continuous-DBP-both_sexes-combined_irnt.tsv.bgz,s3://pan-ukb-us-east-1/sumstats_flat_files_tabix/continuous-DBP-both_sexes-combined_irnt.tsv.bgz.tbi,Pan-UKB official phenotype manifest,UNREVIEWED,6614.0,,h2_z_insignificant,980.0,,n_too_low,8842.0,,PASS,2705.0,,h2_z_insignificant,420136.0,,PASS,1590.0,,h2_z_insignificant
Pan-UKB::continuous|DBP|both_sexes||combined_medadj_irnt,Pan-UKB,GRCh37,continuous|DBP|both_sexes||combined_medadj_irnt,,continuous,DBP,"Diastolic blood pressure, combined automated + manual reading, adjusted by medication","Combination of DBP automated (4079) + manual (94) reading, adjusted by the use of blood pressure lowering medication (6153_2 and 6177_2)",,,quantitative_or_biomarker_candidate,"CSA,EUR",CSA,1,verified_from_official_manifest,continuous-DBP-both_sexes-combined_medadj_irnt.tsv.bgz,continuous-DBP-both_sexes-combined_medadj_irnt.tsv.bgz.tbi,s3://pan-ukb-us-east-1/sumstats_flat_files/continuous-DBP-both_sexes-combined_medadj_irnt.tsv.bgz,s3://pan-ukb-us-east-1/sumstats_flat_files_tabix/continuous-DBP-both_sexes-combined_medadj_irnt.tsv.bgz.tbi,Pan-UKB official phenotype manifest,UNREVIEWED,6408.0,,h2_z_insignificant,950.0,,n_too_low,8398.0,,PASS,2564.0,,h2_z_insignificant,417003.0,,PASS,1522.0,,h2_z_insignificant
Pan-UKB::continuous|DBP|both_sexes||combined_medadj_raw,Pan-UKB,GRCh37,continuous|DBP|both_sexes||combined_medadj_raw,,continuous,DBP,"Diastolic blood pressure, combined automated + manual reading, adjusted by medication","Combination of DBP automated (4079) + manual (94) reading, adjusted by the use of blood pressure lowering medication (6153_2 and 6177_2)",,,quantitative_or_biomarker_candidate,"CSA,EUR",CSA,1,verified_from_official_manifest,continuous-DBP-both_sexes-combined_medadj_raw.tsv.bgz,continuous-DBP-both_sexes-combined_medadj_raw.tsv.bgz.tbi,s3://pan-ukb-us-east-1/sumstats_flat_files/continuous-DBP-both_sexes-combined_medadj_raw.tsv.bgz,s3://pan-ukb-us-east-1/sumstats_flat_files_tabix/continuous-DBP-both_sexes-combined_medadj_raw.tsv.bgz.tbi,Pan-UKB official phenotype manifest,UNREVIEWED,6408.0,,h2_z_insignificant,950.0,,n_too_low,8398.0,,PASS,2564.0,,h2_z_insignificant,417003.0,,PASS,1522.0,,h2_z_insignificant
Pan-UKB::continuous|DBP|both_sexes||combined_raw,Pan-UKB,GRCh37,continuous|DBP|both_sexes||combined_raw,,continuous,DBP,"Diastolic blood pressure, combined automated + manual reading",Combination of DBP automated (4079) + manual (94) reading,,,quantitative_or_biomarker_candidate,"CSA,EUR",CSA,1,verified_from_official_manifest,continuous-DBP-both_sexes-combined_raw.tsv.bgz,continuous-DBP-both_sexes-combined_raw.tsv.bgz.tbi,s3://pan-ukb-us-east-1/sumstats_flat_files/continuous-DBP-both_sexes-combined_raw.tsv.bgz,s3://pan-ukb-us-east-1/sumstats_flat_files_tabix/continuous-DBP-both_sexes-combined_raw.tsv.bgz.tbi,Pan-UKB official phenotype manifest,UNREVIEWED,6614.0,,h2_z_insignificant,980.0,,n_too_low,8842.0,,PASS,2705.0,,h2_z_insignificant,420136.0,,PASS,1590.0,,h2_z_insignificant
Pan-UKB::continuous|LDLC|both_sexes||medadj_irnt,Pan-UKB,GRCh37,continuous|LDLC|both_sexes||medadj_irnt,,continuous,LDLC,"LDL direct, adjusted by medication",LDLC (30780) adjusted by the use of cholesterol lowering medication (6153_1 and 6177_1),,,quantitative_or_biomarker_candidate,"CSA,EUR,MID","CSA,MID",2,verified_from_official_manifest,continuous-LDLC-both_sexes-medadj_irnt.tsv.bgz,continuous-LDLC-both_sexes-medadj_irnt.tsv.bgz.tbi,s3://pan-ukb-us-east-1/sumstats_flat_files/continuous-LDLC-both_sexes-medadj_irnt.tsv.bgz,s3://pan-ukb-us-east-1/sumstats_flat_files_tabix/continuous-LDLC-both_sexes-medadj_irnt.tsv.bgz.tbi,Pan-UKB official phenotype manifest,UNREVIEWED,6006.0,,h2_z_insignificant,912.0,,n_too_low,7985.0,,PASS,2438.0,,h2_z_insignificant,398402.0,,PASS,1437.0,,PASS
Pan-UKB::continuous|LDLC|both_sexes||medadj_raw,Pan-UKB,GRCh37,continuous|LDLC|both_sexes||medadj_raw,,continuous,LDLC,"LDL direct, adjusted by medication",LDLC (30780) adjusted by the use of cholesterol lowering medication (6153_1 and 6177_1),,,quantitative_or_biomarker_candidate,"CSA,EUR",CSA,1,verified_from_official_manifest,continuous-LDLC-both_sexes-medadj_raw.tsv.bgz,continuous-LDLC-both_sexes-medadj_raw.tsv.bgz.tbi,s3://pan-ukb-us-east-1/sumstats_flat_files/continuous-LDLC-both_sexes-medadj_raw.tsv.bgz,s3://pan-ukb-us-east-1/sumstats_flat_files_tabix/continuous-LDLC-both_sexes-medadj_raw.tsv.bgz.tbi,Pan-UKB official phenotype manifest,UNREVIEWED,6006.0,,h2_z_insignificant,912.0,,n_too_low,7985.0,,PASS,2438.0,,h2_z_insignificant,398402.0,,PASS,1437.0,,h2_z_insignificant
Pan-UKB::continuous|MAP|both_sexes||auto_irnt,Pan-UKB,GRCh37,continuous|MAP|both_sexes||auto_irnt,,continuous,MAP,"Mean arterial pressure, automated reading",(SBP [4080] + 2 * DBP [4079]) / 3,,,quantitative_or_biomarker_candidate,"CSA,EUR",CSA,1,verified_from_official_manifest,continuous-MAP-both_sexes-auto_irnt.tsv.bgz,continuous-MAP-both_sexes-auto_irnt.tsv.bgz.tbi,s3://pan-ukb-us-east-1/sumstats_flat_files/continuous-MAP-both_sexes-auto_irnt.tsv.bgz,s3://pan-ukb-us-east-1/sumstats_flat_files_tabix/continuous-MAP-both_sexes-auto_irnt.tsv.bgz.tbi,Pan-UKB official phenotype manifest,UNREVIEWED,6551.0,,h2_z_insignificant,959.0,,n_too_low,8641.0,,PASS,2600.0,,h2_z_insignificant,396663.0,,PASS,1541.0,,h2_z_insignificant
Pan-UKB::continuous|MAP|both_sexes||auto_medadj_irnt,Pan-UKB,GRCh37,continuous|MAP|both_sexes||auto_medadj_irnt,,continuous,MAP,"Mean arterial pressure, automated reading, adjusted by medication","(SBP [4080] + 2 * DBP [4079]) / 3, adjusted by the use of blood pressure lowering medication (6153_2 and 6177_2)",,,quantitative_or_biomarker_candidate,"CSA,EUR",CSA,1,verified_from_official_manifest,continuous-MAP-both_sexes-auto_medadj_irnt.tsv.bgz,continuous-MAP-both_sexes-auto_medadj_irnt.tsv.bgz.tbi,s3://pan-ukb-us-east-1/sumstats_flat_files/continuous-MAP-both_sexes-auto_medadj_irnt.tsv.bgz,s3://pan-ukb-us-east-1/sumstats_flat_files_tabix/continuous-MAP-both_sexes-auto_medadj_irnt.tsv.bgz.tbi,Pan-UKB official phenotype manifest,UNREVIEWED,6350.0,,h2_z_insignificant,930.0,,n_too_low,8206.0,,PASS,2466.0,,h2_z_insignificant,393858.0,,PASS,1474.0,,h2_z_insignificant
Pan-UKB::continuous|MAP|both_sexes||auto_medadj_raw,Pan-UKB,GRCh37,continuous|MAP|both_sexes||auto_medadj_raw,,continuous,MAP,"Mean arterial pressure, automated reading, adjusted by medication","(SBP [4080] + 2 * DBP [4079]) / 3, adjusted by the use of blood pressure lowering medication (6153_2 and 6177_2)",,,quantitative_or_biomarker_candidate,"CSA,EAS,EUR","CSA,EAS",2,verified_from_official_manifest,continuous-MAP-both_sexes-auto_medadj_raw.tsv.bgz,continuous-MAP-both_sexes-auto_medadj_raw.tsv.bgz.tbi,s3://pan-ukb-us-east-1/sumstats_flat_files/continuous-MAP-both_sexes-auto_medadj_raw.tsv.bgz,s3://pan-ukb-us-east-1/sumstats_flat_files_tabix/continuous-MAP-both_sexes-auto_medadj_raw.tsv.bgz.tbi,Pan-UKB official phenotype manifest,UNREVIEWED,6350.0,,h2_z_insignificant,930.0,,n_too_low,8206.0,,PASS,2466.0,,PASS,393858.0,,PASS,1474.0,,h2_z_insignificant
Pan-UKB::continuous|MAP|both_sexes||auto_raw,Pan-UKB,GRCh37,continuous|MAP|both_sexes||auto_raw,,continuous,MAP,"Mean arterial pressure, automated reading",(SBP [4080] + 2 * DBP [4079]) / 3,,,quantitative_or_biomarker_candidate,"CSA,EUR",CSA,1,verified_from_official_manifest,continuous-MAP-both_sexes-auto_raw.tsv.bgz,continuous-MAP-both_sexes-auto_raw.tsv.bgz.tbi,s3://pan-ukb-us-east-1/sumstats_flat_files/continuous-MAP-both_sexes-auto_raw.tsv.bgz,s3://pan-ukb-us-east-1/sumstats_flat_files_tabix/continuous-MAP-both_sexes-auto_raw.tsv.bgz.tbi,Pan-UKB official phenotype manifest,UNREVIEWED,6551.0,,h2_z_insignificant,959.0,,n_too_low,8641.0,,PASS,2600.0,,h2_z_insignificant,396663.0,,PASS,1541.0,,h2_z_insignificant
Pan-UKB::continuous|MAP|both_sexes||combined_irnt,Pan-UKB,GRCh37,continuous|MAP|both_sexes||combined_irnt,,continuous,MAP,"Mean arterial pressure, combined automated + manual reading","(SBP [4080, 93] + 2 * DBP [4079, 94]) / 3",,,quantitative_or_biomarker_candidate,"CSA,EUR",CSA,1,verified_from_official_manifest,continuous-MAP-both_sexes-combined_irnt.tsv.bgz,continuous-MAP-both_sexes-combined_irnt.tsv.bgz.tbi,s3://pan-ukb-us-east-1/sumstats_flat_files/continuous-MAP-both_sexes-combined_irnt.tsv.bgz,s3://pan-ukb-us-east-1/sumstats_flat_files_tabix/continuous-MAP-both_sexes-combined_irnt.tsv.bgz.tbi,Pan-UKB official phenotype manifest,UNREVIEWED,6614.0,,h2_z_insignificant,980.0,,n_too_low,8842.0,,PASS,2705.0,,h2_z_insignificant,420134.0,,PASS,1590.0,,h2_z_insignificant
Pan-UKB::continuous|MAP|both_sexes||combined_medadj_irnt,Pan-UKB,GRCh37,continuous|MAP|both_sexes||combined_medadj_irnt,,continuous,MAP,"Mean arterial pressure, combined automated + manual reading, adjusted by medication","(SBP [4080, 93] + 2 * DBP [4079, 94]) / 3, adjusted by the use of blood pressure lowering medication (6153_2 and 6177_2)",,,quantitative_or_biomarker_candidate,"CSA,EUR",CSA,1,verified_from_official_manifest,continuous-MAP-both_sexes-combined_medadj_irnt.tsv.bgz,continuous-MAP-both_sexes-combined_medadj_irnt.tsv.bgz.tbi,s3://pan-ukb-us-east-1/sumstats_flat_files/continuous-MAP-both_sexes-combined_medadj_irnt.tsv.bgz,s3://pan-ukb-us-east-1/sumstats_flat_files_tabix/continuous-MAP-both_sexes-combined_medadj_irnt.tsv.bgz.tbi,Pan-UKB official phenotype manifest,UNREVIEWED,6408.0,,h2_z_insignificant,950.0,,n_too_low,8398.0,,PASS,2564.0,,h2_z_insignificant,417001.0,,PASS,1522.0,,h2_z_insignificant
Pan-UKB::continuous|MAP|both_sexes||combined_medadj_raw,Pan-UKB,GRCh37,continuous|MAP|both_sexes||combined_medadj_raw,,continuous,MAP,"Mean arterial pressure, combined automated + manual reading, adjusted by medication","(SBP [4080, 93] + 2 * DBP [4079, 94]) / 3, adjusted by the use of blood pressure lowering medication (6153_2 and 6177_2)",,,quantitative_or_biomarker_candidate,"CSA,EUR",CSA,1,verified_from_official_manifest,continuous-MAP-both_sexes-combined_medadj_raw.tsv.bgz,continuous-MAP-both_sexes-combined_medadj_raw.tsv.bgz.tbi,s3://pan-ukb-us-east-1/sumstats_flat_files/continuous-MAP-both_sexes-combined_medadj_raw.tsv.bgz,s3://pan-ukb-us-east-1/sumstats_flat_files_tabix/continuous-MAP-both_sexes-combined_medadj_raw.tsv.bgz.tbi,Pan-UKB official phenotype manifest,UNREVIEWED,6408.0,,h2_z_insignificant,950.0,,n_too_low,8398.0,,PASS,2564.0,,h2_z_insignificant,417001.0,,PASS,1522.0,,h2_z_insignificant
Pan-UKB::continuous|MAP|both_sexes||combined_raw,Pan-UKB,GRCh37,continuous|MAP|both_sexes||combined_raw,,continuous,MAP,"Mean arterial pressure, combined automated + manual reading","(SBP [4080, 93] + 2 * DBP [4079, 94]) / 3",,,quantitative_or_biomarker_candidate,"CSA,EUR",CSA,1,verified_from_official_manifest,continuous-MAP-both_sexes-combined_raw.tsv.bgz,continuous-MAP-both_sexes-combined_raw.tsv.bgz.tbi,s3://pan-ukb-us-east-1/sumstats_flat_files/continuous-MAP-both_sexes-combined_raw.tsv.bgz,s3://pan-ukb-us-east-1/sumstats_flat_files_tabix/continuous-MAP-both_sexes-combined_raw.tsv.bgz.tbi,Pan-UKB official phenotype manifest,UNREVIEWED,6614.0,,h2_z_insignificant,980.0,,n_too_low,8842.0,,PASS,2705.0,,h2_z_insignificant,420134.0,,PASS,1590.0,,h2_z_insignificant
Pan-UKB::continuous|MAP|both_sexes||manual_medadj_raw,Pan-UKB,GRCh37,continuous|MAP|both_sexes||manual_medadj_raw,,continuous,MAP,"Mean arterial pressure, manual reading, adjusted by medication","(SBP [93] + 2 * DBP [94]) / 3, adjusted by the use of blood pressure lowering medication (6153_2 and 6177_2)",,,quantitative_or_biomarker_candidate,"EAS,EUR",EAS,1,verified_from_official_manifest,continuous-MAP-both_sexes-manual_medadj_raw.tsv.bgz,continuous-MAP-both_sexes-manual_medadj_raw.tsv.bgz.tbi,s3://pan-ukb-us-east-1/sumstats_flat_files/continuous-MAP-both_sexes-manual_medadj_raw.tsv.bgz,s3://pan-ukb-us-east-1/sumstats_flat_files_tabix/continuous-MAP-both_sexes-manual_medadj_raw.tsv.bgz.tbi,Pan-UKB official phenotype manifest,UNREVIEWED,,,,,,,371.0,,h2_z_insignificant,159.0,,PASS,35367.0,,PASS,,,
Pan-UKB::continuous|MAP|both_sexes||manual_raw,Pan-UKB,GRCh37,continuous|MAP|both_sexes||manual_raw,,continuous,MAP,"Mean arterial pressure, manual reading",(SBP [93] + 2 * DBP [94]) / 3,,,quantitative_or_biomarker_candidate,"EAS,EUR",EAS,1,verified_from_official_manifest,continuous-MAP-both_sexes-manual_raw.tsv.bgz,continuous-MAP-both_sexes-manual_raw.tsv.bgz.tbi,s3://pan-ukb-us-east-1/sumstats_flat_files/continuous-MAP-both_sexes-manual_raw.tsv.bgz,s3://pan-ukb-us-east-1/sumstats_flat_files_tabix/continuous-MAP-both_sexes-manual_raw.tsv.bgz.tbi,Pan-UKB official phenotype manifest,UNREVIEWED,167.0,,h2_z_insignificant,,,,395.0,,h2_z_insignificant,170.0,,PASS,35867.0,,PASS,,,
Pan-UKB::continuous|NAP|both_sexes||irnt,Pan-UKB,GRCh37,continuous|NAP|both_sexes||irnt,,continuous,NAP,Non-albumin protein,Total protein (30860) - Albumin (30600),,,quantitative_or_biomarker_candidate,"CSA,EAS,EUR","CSA,EAS",2,verified_from_official_manifest,continuous-NAP-both_sexes-irnt.tsv.bgz,continuous-NAP-both_sexes-irnt.tsv.bgz.tbi,s3://pan-ukb-us-east-1/sumstats_flat_files/continuous-NAP-both_sexes-irnt.tsv.bgz,s3://pan-ukb-us-east-1/sumstats_flat_files_tabix/continuous-NAP-both_sexes-irnt.tsv.bgz.tbi,Pan-UKB official phenotype manifest,UNREVIEWED,5765.0,,h2_z_insignificant,858.0,,n_too_low,7707.0,,PASS,2344.0,,PASS,368642.0,,PASS,1367.0,,h2_z_insignificant
Pan-UKB::continuous|PP|both_sexes||auto_irnt,Pan-UKB,GRCh37,continuous|PP|both_sexes||auto_irnt,,continuous,PP,"Pulse pressure, automated reading",SBP (4080) - DBP (4079),,,quantitative_or_biomarker_candidate,"CSA,EAS,EUR,MID","CSA,EAS,MID",3,verified_from_official_manifest,continuous-PP-both_sexes-auto_irnt.tsv.bgz,continuous-PP-both_sexes-auto_irnt.tsv.bgz.tbi,s3://pan-ukb-us-east-1/sumstats_flat_files/continuous-PP-both_sexes-auto_irnt.tsv.bgz,s3://pan-ukb-us-east-1/sumstats_flat_files_tabix/continuous-PP-both_sexes-auto_irnt.tsv.bgz.tbi,Pan-UKB official phenotype manifest,UNREVIEWED,6551.0,,h2_z_insignificant,959.0,,n_too_low,8641.0,,PASS,2600.0,,PASS,396663.0,,PASS,1541.0,,PASS
Pan-UKB::continuous|PP|both_sexes||auto_medadj_irnt,Pan-UKB,GRCh37,continuous|PP|both_sexes||auto_medadj_irnt,,continuous,PP,"Pulse pressure, automated reading, adjusted by medication","SBP (4080) - DBP (4079), adjusted by the use of blood pressure lowering medication (6153_2 and 6177_2)",,,quantitative_or_biomarker_candidate,"CSA,EUR,MID","CSA,MID",2,verified_from_official_manifest,continuous-PP-both_sexes-auto_medadj_irnt.tsv.bgz,continuous-PP-both_sexes-auto_medadj_irnt.tsv.bgz.tbi,s3://pan-ukb-us-east-1/sumstats_flat_files/continuous-PP-both_sexes-auto_medadj_irnt.tsv.bgz,s3://pan-ukb-us-east-1/sumstats_flat_files_tabix/continuous-PP-both_sexes-auto_medadj_irnt.tsv.bgz.tbi,Pan-UKB official phenotype manifest,UNREVIEWED,6350.0,,h2_z_insignificant,930.0,,n_too_low,8206.0,,PASS,2466.0,,h2_z_insignificant,393858.0,,PASS,1474.0,,PASS
Pan-UKB::continuous|PP|both_sexes||auto_medadj_raw,Pan-UKB,GRCh37,continuous|PP|both_sexes||auto_medadj_raw,,continuous,PP,"Pulse pressure, automated reading, adjusted by medication","SBP (4080) - DBP (4079), adjusted by the use of blood pressure lowering medication (6153_2 and 6177_2)",,,quantitative_or_biomarker_candidate,"CSA,EUR,MID","CSA,MID",2,verified_from_official_manifest,continuous-PP-both_sexes-auto_medadj_raw.tsv.bgz,continuous-PP-both_sexes-auto_medadj_raw.tsv.bgz.tbi,s3://pan-ukb-us-east-1/sumstats_flat_files/continuous-PP-both_sexes-auto_medadj_raw.tsv.bgz,s3://pan-ukb-us-east-1/sumstats_flat_files_tabix/continuous-PP-both_sexes-auto_medadj_raw.tsv.bgz.tbi,Pan-UKB official phenotype manifest,UNREVIEWED,6350.0,,h2_z_insignificant,930.0,,n_too_low,8206.0,,PASS,2466.0,,h2_z_insignificant,393858.0,,PASS,1474.0,,PASS
Pan-UKB::continuous|PP|both_sexes||auto_raw,Pan-UKB,GRCh37,continuous|PP|both_sexes||auto_raw,,continuous,PP,"Pulse pressure, automated reading",SBP (4080) - DBP (4079),,,quantitative_or_biomarker_candidate,"CSA,EAS,EUR","CSA,EAS",2,verified_from_official_manifest,continuous-PP-both_sexes-auto_raw.tsv.bgz,continuous-PP-both_sexes-auto_raw.tsv.bgz.tbi,s3://pan-ukb-us-east-1/sumstats_flat_files/continuous-PP-both_sexes-auto_raw.tsv.bgz,s3://pan-ukb-us-east-1/sumstats_flat_files_tabix/continuous-PP-both_sexes-auto_raw.tsv.bgz.tbi,Pan-UKB official phenotype manifest,UNREVIEWED,6551.0,,h2_z_insignificant,959.0,,n_too_low,8641.0,,PASS,2600.0,,PASS,396663.0,,PASS,1541.0,,h2_z_insignificant
Pan-UKB::continuous|PP|both_sexes||combined_irnt,Pan-UKB,GRCh37,continuous|PP|both_sexes||combined_irnt,,continuous,PP,"Pulse pressure, combined automated + manual reading","SBP (4080, 93) - DBP (4079, 94)",,,quantitative_or_biomarker_candidate,"CSA,EUR,MID","CSA,MID",2,verified_from_official_manifest,continuous-PP-both_sexes-combined_irnt.tsv.bgz,continuous-PP-both_sexes-combined_irnt.tsv.bgz.tbi,s3://pan-ukb-us-east-1/sumstats_flat_files/continuous-PP-both_sexes-combined_irnt.tsv.bgz,s3://pan-ukb-us-east-1/sumstats_flat_files_tabix/continuous-PP-both_sexes-combined_irnt.tsv.bgz.tbi,Pan-UKB official phenotype manifest,UNREVIEWED,6614.0,,h2_z_insignificant,980.0,,n_too_low,8842.0,,PASS,2705.0,,h2_z_insignificant,420134.0,,PASS,1590.0,,PASS
Pan-UKB::continuous|PP|both_sexes||combined_medadj_irnt,Pan-UKB,GRCh37,continuous|PP|both_sexes||combined_medadj_irnt,,continuous,PP,"Pulse pressure, combined automated + manual reading, adjusted by medication","SBP (4080, 93) - DBP (4079, 94), adjusted by the use of blood pressure lowering medication (6153_2 and 6177_2)",,,quantitative_or_biomarker_candidate,"CSA,EAS,EUR,MID","CSA,EAS,MID",3,verified_from_official_manifest,continuous-PP-both_sexes-combined_medadj_irnt.tsv.bgz,continuous-PP-both_sexes-combined_medadj_irnt.tsv.bgz.tbi,s3://pan-ukb-us-east-1/sumstats_flat_files/continuous-PP-both_sexes-combined_medadj_irnt.tsv.bgz,s3://pan-ukb-us-east-1/sumstats_flat_files_tabix/continuous-PP-both_sexes-combined_medadj_irnt.tsv.bgz.tbi,Pan-UKB official phenotype manifest,UNREVIEWED,6408.0,,h2_z_insignificant,950.0,,n_too_low,8398.0,,PASS,2564.0,,PASS,417001.0,,PASS,1522.0,,PASS
Pan-UKB::continuous|PP|both_sexes||combined_medadj_raw,Pan-UKB,GRCh37,continuous|PP|both_sexes||combined_medadj_raw,,continuous,PP,"Pulse pressure, combined automated + manual reading, adjusted by medication","SBP (4080, 93) - DBP (4079, 94), adjusted by the use of blood pressure lowering medication (6153_2 and 6177_2)",,,quantitative_or_biomarker_candidate,"CSA,EUR,MID","CSA,MID",2,verified_from_official_manifest,continuous-PP-both_sexes-combined_medadj_raw.tsv.bgz,continuous-PP-both_sexes-combined_medadj_raw.tsv.bgz.tbi,s3://pan-ukb-us-east-1/sumstats_flat_files/continuous-PP-both_sexes-combined_medadj_raw.tsv.bgz,s3://pan-ukb-us-east-1/sumstats_flat_files_tabix/continuous-PP-both_sexes-combined_medadj_raw.tsv.bgz.tbi,Pan-UKB official phenotype manifest,UNREVIEWED,6408.0,,h2_z_insignificant,950.0,,n_too_low,8398.0,,PASS,2564.0,,h2_z_insignificant,417001.0,,PASS,1522.0,,PASS
Pan-UKB::continuous|PP|both_sexes||combined_raw,Pan-UKB,GRCh37,continuous|PP|both_sexes||combined_raw,,continuous,PP,"Pulse pressure, combined automated + manual reading","SBP (4080, 93) - DBP (4079, 94)",,,quantitative_or_biomarker_candidate,"CSA,EAS,EUR,MID","CSA,EAS,MID",3,verified_from_official_manifest,continuous-PP-both_sexes-combined_raw.tsv.bgz,continuous-PP-both_sexes-combined_raw.tsv.bgz.tbi,s3://pan-ukb-us-east-1/sumstats_flat_files/continuous-PP-both_sexes-combined_raw.tsv.bgz,s3://pan-ukb-us-east-1/sumstats_flat_files_tabix/continuous-PP-both_sexes-combined_raw.tsv.bgz.tbi,Pan-UKB official phenotype manifest,UNREVIEWED,6614.0,,h2_z_insignificant,980.0,,n_too_low,8842.0,,PASS,2705.0,,PASS,420134.0,,PASS,1590.0,,PASS
Pan-UKB::continuous|SBP|both_sexes||auto_medadj_irnt,Pan-UKB,GRCh37,continuous|SBP|both_sexes||auto_medadj_irnt,,continuous,SBP,"Systolic blood pressure, automated reading, adjusted by medication",SBP (automated reading; 4080) adjusted by the use of blood pressure lowering medication (6153_2 and 6177_2),,,quantitative_or_biomarker_candidate,"CSA,EUR,MID","CSA,MID",2,verified_from_official_manifest,continuous-SBP-both_sexes-auto_medadj_irnt.tsv.bgz,continuous-SBP-both_sexes-auto_medadj_irnt.tsv.bgz.tbi,s3://pan-ukb-us-east-1/sumstats_flat_files/continuous-SBP-both_sexes-auto_medadj_irnt.tsv.bgz,s3://pan-ukb-us-east-1/sumstats_flat_files_tabix/continuous-SBP-both_sexes-auto_medadj_irnt.tsv.bgz.tbi,Pan-UKB official phenotype manifest,UNREVIEWED,6350.0,,h2_z_insignificant,930.0,,n_too_low,8206.0,,PASS,2466.0,,h2_z_insignificant,393858.0,,PASS,1474.0,,PASS
Pan-UKB::continuous|SBP|both_sexes||auto_medadj_raw,Pan-UKB,GRCh37,continuous|SBP|both_sexes||auto_medadj_raw,,continuous,SBP,"Systolic blood pressure, automated reading, adjusted by medication",SBP (automated reading; 4080) adjusted by the use of blood pressure lowering medication (6153_2 and 6177_2),,,quantitative_or_biomarker_candidate,"CSA,EUR",CSA,1,verified_from_official_manifest,continuous-SBP-both_sexes-auto_medadj_raw.tsv.bgz,continuous-SBP-both_sexes-auto_medadj_raw.tsv.bgz.tbi,s3://pan-ukb-us-east-1/sumstats_flat_files/continuous-SBP-both_sexes-auto_medadj_raw.tsv.bgz,s3://pan-ukb-us-east-1/sumstats_flat_files_tabix/continuous-SBP-both_sexes-auto_medadj_raw.tsv.bgz.tbi,Pan-UKB official phenotype manifest,UNREVIEWED,6350.0,,h2_z_insignificant,930.0,,n_too_low,8206.0,,PASS,2466.0,,h2_z_insignificant,393858.0,,PASS,1474.0,,h2_z_insignificant
Pan-UKB::continuous|SBP|both_sexes||combined_irnt,Pan-UKB,GRCh37,continuous|SBP|both_sexes||combined_irnt,,continuous,SBP,"Systolic blood pressure, combined automated + manual reading",Combination of DBP automated (4080) + manual (93) reading,,,quantitative_or_biomarker_candidate,"CSA,EAS,EUR","CSA,EAS",2,verified_from_official_manifest,continuous-SBP-both_sexes-combined_irnt.tsv.bgz,continuous-SBP-both_sexes-combined_irnt.tsv.bgz.tbi,s3://pan-ukb-us-east-1/sumstats_flat_files/continuous-SBP-both_sexes-combined_irnt.tsv.bgz,s3://pan-ukb-us-east-1/sumstats_flat_files_tabix/continuous-SBP-both_sexes-combined_irnt.tsv.bgz.tbi,Pan-UKB official phenotype manifest,UNREVIEWED,6614.0,,h2_z_insignificant,980.0,,n_too_low,8842.0,,PASS,2705.0,,PASS,420134.0,,PASS,1590.0,,h2_z_insignificant
Pan-UKB::continuous|SBP|both_sexes||combined_medadj_irnt,Pan-UKB,GRCh37,continuous|SBP|both_sexes||combined_medadj_irnt,,continuous,SBP,"Systolic blood pressure, combined automated + manual reading, adjusted by medication","Combination of DBP automated (4080) + manual (93) reading, adjusted by the use of blood pressure lowering medication (6153_2 and 6177_2)",,,quantitative_or_biomarker_candidate,"CSA,EUR",CSA,1,verified_from_official_manifest,continuous-SBP-both_sexes-combined_medadj_irnt.tsv.bgz,continuous-SBP-both_sexes-combined_medadj_irnt.tsv.bgz.tbi,s3://pan-ukb-us-east-1/sumstats_flat_files/continuous-SBP-both_sexes-combined_medadj_irnt.tsv.bgz,s3://pan-ukb-us-east-1/sumstats_flat_files_tabix/continuous-SBP-both_sexes-combined_medadj_irnt.tsv.bgz.tbi,Pan-UKB official phenotype manifest,UNREVIEWED,6408.0,,h2_z_insignificant,950.0,,n_too_low,8398.0,,PASS,2564.0,,h2_z_insignificant,417001.0,,PASS,1522.0,,h2_z_insignificant
Pan-UKB::continuous|SBP|both_sexes||combined_medadj_raw,Pan-UKB,GRCh37,continuous|SBP|both_sexes||combined_medadj_raw,,continuous,SBP,"Systolic blood pressure, combined automated + manual reading, adjusted by medication","Combination of DBP automated (4080) + manual (93) reading, adjusted by the use of blood pressure lowering medication (6153_2 and 6177_2)",,,quantitative_or_biomarker_candidate,"CSA,EUR",CSA,1,verified_from_official_manifest,continuous-SBP-both_sexes-combined_medadj_raw.tsv.bgz,continuous-SBP-both_sexes-combined_medadj_raw.tsv.bgz.tbi,s3://pan-ukb-us-east-1/sumstats_flat_files/continuous-SBP-both_sexes-combined_medadj_raw.tsv.bgz,s3://pan-ukb-us-east-1/sumstats_flat_files_tabix/continuous-SBP-both_sexes-combined_medadj_raw.tsv.bgz.tbi,Pan-UKB official phenotype manifest,UNREVIEWED,6408.0,,h2_z_insignificant,950.0,,n_too_low,8398.0,,PASS,2564.0,,h2_z_insignificant,417001.0,,PASS,1522.0,,h2_z_insignificant
Pan-UKB::continuous|SBP|both_sexes||combined_raw,Pan-UKB,GRCh37,continuous|SBP|both_sexes||combined_raw,,continuous,SBP,"Systolic blood pressure, combined automated + manual reading",Combination of DBP automated (4080) + manual (93) reading,,,quantitative_or_biomarker_candidate,"CSA,EAS,EUR","CSA,EAS",2,verified_from_official_manifest,continuous-SBP-both_sexes-combined_raw.tsv.bgz,continuous-SBP-both_sexes-combined_raw.tsv.bgz.tbi,s3://pan-ukb-us-east-1/sumstats_flat_files/continuous-SBP-both_sexes-combined_raw.tsv.bgz,s3://pan-ukb-us-east-1/sumstats_flat_files_tabix/continuous-SBP-both_sexes-combined_raw.tsv.bgz.tbi,Pan-UKB official phenotype manifest,UNREVIEWED,6614.0,,h2_z_insignificant,980.0,,n_too_low,8842.0,,PASS,2705.0,,PASS,420134.0,,PASS,1590.0,,h2_z_insignificant
Pan-UKB::continuous|SBP|both_sexes||manual_medadj_raw,Pan-UKB,GRCh37,continuous|SBP|both_sexes||manual_medadj_raw,,continuous,SBP,"Systolic blood pressure, manual reading, adjusted by medication",SBP (manual reading; 93) adjusted by the use of blood pressure lowering medication (6153_2 and 6177_2),,,quantitative_or_biomarker_candidate,"EAS,EUR",EAS,1,verified_from_official_manifest,continuous-SBP-both_sexes-manual_medadj_raw.tsv.bgz,continuous-SBP-both_sexes-manual_medadj_raw.tsv.bgz.tbi,s3://pan-ukb-us-east-1/sumstats_flat_files/continuous-SBP-both_sexes-manual_medadj_raw.tsv.bgz,s3://pan-ukb-us-east-1/sumstats_flat_files_tabix/continuous-SBP-both_sexes-manual_medadj_raw.tsv.bgz.tbi,Pan-UKB official phenotype manifest,UNREVIEWED,160.0,,h2_z_insignificant,,,,371.0,,h2_z_insignificant,159.0,,PASS,35367.0,,PASS,,,
Pan-UKB::continuous|Smoking|both_sexes||Ever_Never,Pan-UKB,GRCh37,continuous|Smoking|both_sexes||Ever_Never,,continuous,Smoking,"Smoking status, ever vs never",Ever (previous + current smoker) vs never based on smoking status (20116),,,quantitative_or_biomarker_candidate,"AFR,EUR",AFR,1,verified_from_official_manifest,continuous-Smoking-both_sexes-Ever_Never.tsv.bgz,continuous-Smoking-both_sexes-Ever_Never.tsv.bgz.tbi,s3://pan-ukb-us-east-1/sumstats_flat_files/continuous-Smoking-both_sexes-Ever_Never.tsv.bgz,s3://pan-ukb-us-east-1/sumstats_flat_files_tabix/continuous-Smoking-both_sexes-Ever_Never.tsv.bgz.tbi,Pan-UKB official phenotype manifest,UNREVIEWED,6532.0,,PASS,962.0,,n_too_low,8632.0,,h2_z_insignificant,2649.0,,fail_ratio,418817.0,,PASS,1563.0,,h2_z_insignificant
Pan-UKB::continuous|eGFR|both_sexes||irnt,Pan-UKB,GRCh37,continuous|eGFR|both_sexes||irnt,,continuous,eGFR,"Estimated glomerular filtration rate, serum creatinine",eGFR based on serum creatinine (30700) using the CKD-EPI formula,,,quantitative_or_biomarker_candidate,"CSA,EUR,MID","CSA,MID",2,verified_from_official_manifest,continuous-eGFR-both_sexes-irnt.tsv.bgz,continuous-eGFR-both_sexes-irnt.tsv.bgz.tbi,s3://pan-ukb-us-east-1/sumstats_flat_files/continuous-eGFR-both_sexes-irnt.tsv.bgz,s3://pan-ukb-us-east-1/sumstats_flat_files_tabix/continuous-eGFR-both_sexes-irnt.tsv.bgz.tbi,Pan-UKB official phenotype manifest,UNREVIEWED,6217.0,,h2_z_insignificant,939.0,,n_too_low,8432.0,,PASS,2574.0,,h2_z_insignificant,401867.0,,PASS,1502.0,,PASS
Pan-UKB::continuous|eGFRcreacys|both_sexes||irnt,Pan-UKB,GRCh37,continuous|eGFRcreacys|both_sexes||irnt,,continuous,eGFRcreacys,"Estimated glomerular filtration rate, cystain C",eGFR based on cystain C (30720) using the CKD-EPI formula,,,quantitative_or_biomarker_candidate,"CSA,EUR",CSA,1,verified_from_official_manifest,continuous-eGFRcreacys-both_sexes-irnt.tsv.bgz,continuous-eGFRcreacys-both_sexes-irnt.tsv.bgz.tbi,s3://pan-ukb-us-east-1/sumstats_flat_files/continuous-eGFRcreacys-both_sexes-irnt.tsv.bgz,s3://pan-ukb-us-east-1/sumstats_flat_files_tabix/continuous-eGFRcreacys-both_sexes-irnt.tsv.bgz.tbi,Pan-UKB official phenotype manifest,UNREVIEWED,6212.0,,h2_z_insignificant,939.0,,n_too_low,8426.0,,PASS,2574.0,,h2_z_insignificant,401570.0,,PASS,1501.0,,h2_z_insignificant
Pan-UKB::continuous|eGFRcys|both_sexes||irnt,Pan-UKB,GRCh37,continuous|eGFRcys|both_sexes||irnt,,continuous,eGFRcys,"Estimated glomerular filtration rate, serum creatinine + cystain C",eGFR based on serum creatinine (30700) and cystain C (30720) using the CKD-EPI formula,,,quantitative_or_biomarker_candidate,"CSA,EUR",CSA,1,verified_from_official_manifest,continuous-eGFRcys-both_sexes-irnt.tsv.bgz,continuous-eGFRcys-both_sexes-irnt.tsv.bgz.tbi,s3://pan-ukb-us-east-1/sumstats_flat_files/continuous-eGFRcys-both_sexes-irnt.tsv.bgz,s3://pan-ukb-us-east-1/sumstats_flat_files_tabix/continuous-eGFRcys-both_sexes-irnt.tsv.bgz.tbi,Pan-UKB official phenotype manifest,UNREVIEWED,6218.0,,h2_z_insignificant,942.0,,n_too_low,8431.0,,PASS,2576.0,,h2_z_insignificant,402031.0,,PASS,1504.0,,h2_z_insignificant
Pan-UKB::continuous|whr|both_sexes||irnt,Pan-UKB,GRCh37,continuous|whr|both_sexes||irnt,,continuous,whr,pheno 48 / pheno 49,,,,quantitative_or_biomarker_candidate,"CSA,EUR",CSA,1,verified_from_official_manifest,continuous-whr-both_sexes-irnt.tsv.bgz,continuous-whr-both_sexes-irnt.tsv.bgz.tbi,s3://pan-ukb-us-east-1/sumstats_flat_files/continuous-whr-both_sexes-irnt.tsv.bgz,s3://pan-ukb-us-east-1/sumstats_flat_files_tabix/continuous-whr-both_sexes-irnt.tsv.bgz.tbi,Pan-UKB official phenotype manifest,UNREVIEWED,6636.0,,h2_z_insignificant,980.0,,n_too_low,8876.0,,PASS,2709.0,,h2_z_insignificant,420531.0,,PASS,1599.0,,h2_z_insignificant
Pan-UKB::icd10|E11|both_sexes||,Pan-UKB,GRCh37,icd10|E11|both_sexes||,,icd10,E11,E11 Non-insulin-dependent diabetes mellitus,truncated: true,,"Chapter IV Endocrine, nutritional and metabolic diseases | E10-E14 Diabetes mellitus | E11 Non-insulin-dependent diabetes mellitus",direct_disease_candidate,"CSA,EUR",CSA,1,verified_from_official_manifest,icd10-E11-both_sexes.tsv.bgz,icd10-E11-both_sexes.tsv.bgz.tbi,s3://pan-ukb-us-east-1/sumstats_flat_files/icd10-E11-both_sexes.tsv.bgz,s3://pan-ukb-us-east-1/sumstats_flat_files_tabix/icd10-E11-both_sexes.tsv.bgz.tbi,Pan-UKB official phenotype manifest,UNREVIEWED,792.0,5844.0,h2_z_insignificant,,,,1662.0,7214.0,PASS,152.0,2557.0,h2_z_insignificant,22634.0,397897.0,PASS,170.0,1429.0,h2_z_insignificant
Pan-UKB::icd10|E66|both_sexes||,Pan-UKB,GRCh37,icd10|E66|both_sexes||,,icd10,E66,E66 Obesity,truncated: true,,"Chapter IV Endocrine, nutritional and metabolic diseases | E65-E68 Obesity and other hyperalimentation | E66 Obesity",direct_disease_candidate,"EUR,MID",MID,1,verified_from_official_manifest,icd10-E66-both_sexes.tsv.bgz,icd10-E66-both_sexes.tsv.bgz.tbi,s3://pan-ukb-us-east-1/sumstats_flat_files/icd10-E66-both_sexes.tsv.bgz,s3://pan-ukb-us-east-1/sumstats_flat_files_tabix/icd10-E66-both_sexes.tsv.bgz.tbi,Pan-UKB official phenotype manifest,UNREVIEWED,421.0,6215.0,h2_z_insignificant,,,,362.0,8514.0,h2_z_insignificant,,,,15917.0,404614.0,PASS,79.0,1520.0,PASS
Pan-UKB::icd10|F17|both_sexes||,Pan-UKB,GRCh37,icd10|F17|both_sexes||,,icd10,F17,F17 Mental and behavioural disorders due to use of tobacco,truncated: true,,Chapter V Mental and behavioural disorders | F10-F19 Mental and behavioural disorders due to psychoactive substance use | F17 Mental and behavioural disorders due to use of tobacco,direct_disease_candidate,"EAS,EUR",EAS,1,verified_from_official_manifest,icd10-F17-both_sexes.tsv.bgz,icd10-F17-both_sexes.tsv.bgz.tbi,s3://pan-ukb-us-east-1/sumstats_flat_files/icd10-F17-both_sexes.tsv.bgz,s3://pan-ukb-us-east-1/sumstats_flat_files_tabix/icd10-F17-both_sexes.tsv.bgz.tbi,Pan-UKB official phenotype manifest,UNREVIEWED,254.0,6382.0,h2_z_insignificant,,,,275.0,8601.0,h2_z_insignificant,50.0,2659.0,PASS,14937.0,405594.0,PASS,81.0,1518.0,h2_z_insignificant
Pan-UKB::icd10|F32|both_sexes||,Pan-UKB,GRCh37,icd10|F32|both_sexes||,,icd10,F32,F32 Depressive episode,truncated: true,,Chapter V Mental and behavioural disorders | F30-F39 Mood [affective] disorders | F32 Depressive episode,direct_disease_candidate,"CSA,EUR",CSA,1,verified_from_official_manifest,icd10-F32-both_sexes.tsv.bgz,icd10-F32-both_sexes.tsv.bgz.tbi,s3://pan-ukb-us-east-1/sumstats_flat_files/icd10-F32-both_sexes.tsv.bgz,s3://pan-ukb-us-east-1/sumstats_flat_files_tabix/icd10-F32-both_sexes.tsv.bgz.tbi,Pan-UKB official phenotype manifest,UNREVIEWED,187.0,6449.0,h2_z_insignificant,,,,277.0,8599.0,PASS,,,,15674.0,404857.0,PASS,76.0,1523.0,h2_z_insignificant
Pan-UKB::icd10|G47|both_sexes||,Pan-UKB,GRCh37,icd10|G47|both_sexes||,,icd10,G47,G47 Sleep disorders,truncated: true,,Chapter VI Diseases of the nervous system | G40-G47 Episodic and paroxysmal disorders | G47 Sleep disorders,direct_disease_candidate,"CSA,EUR",CSA,1,verified_from_official_manifest,icd10-G47-both_sexes.tsv.bgz,icd10-G47-both_sexes.tsv.bgz.tbi,s3://pan-ukb-us-east-1/sumstats_flat_files/icd10-G47-both_sexes.tsv.bgz,s3://pan-ukb-us-east-1/sumstats_flat_files_tabix/icd10-G47-both_sexes.tsv.bgz.tbi,Pan-UKB official phenotype manifest,UNREVIEWED,140.0,6496.0,h2_z_insignificant,,,,173.0,8703.0,PASS,,,,6557.0,413974.0,PASS,52.0,1547.0,h2_z_insignificant
Pan-UKB::icd10|I25|both_sexes||,Pan-UKB,GRCh37,icd10|I25|both_sexes||,,icd10,I25,I25 Chronic ischaemic heart disease,truncated: true,,Chapter IX Diseases of the circulatory system | I20-I25 Ischaemic heart diseases | I25 Chronic ischaemic heart disease,direct_disease_candidate,"CSA,EUR",CSA,1,verified_from_official_manifest,icd10-I25-both_sexes.tsv.bgz,icd10-I25-both_sexes.tsv.bgz.tbi,s3://pan-ukb-us-east-1/sumstats_flat_files/icd10-I25-both_sexes.tsv.bgz,s3://pan-ukb-us-east-1/sumstats_flat_files_tabix/icd10-I25-both_sexes.tsv.bgz.tbi,Pan-UKB official phenotype manifest,UNREVIEWED,302.0,6334.0,h2_z_insignificant,52.0,928.0,n_too_low,1205.0,7671.0,PASS,83.0,2626.0,h2_z_insignificant,31148.0,389383.0,PASS,136.0,1463.0,h2_z_insignificant
Pan-UKB::icd10|I83|both_sexes||,Pan-UKB,GRCh37,icd10|I83|both_sexes||,,icd10,I83,I83 Varicose veins of lower extremities,truncated: true,,"Chapter IX Diseases of the circulatory system | I80-I89 Diseases of veins, lymphatic vessels and lymph nodes, not elsewhere classified | I83 Varicose veins of lower extremities",direct_disease_candidate,"AFR,EUR",AFR,1,verified_from_official_manifest,icd10-I83-both_sexes.tsv.bgz,icd10-I83-both_sexes.tsv.bgz.tbi,s3://pan-ukb-us-east-1/sumstats_flat_files/icd10-I83-both_sexes.tsv.bgz,s3://pan-ukb-us-east-1/sumstats_flat_files_tabix/icd10-I83-both_sexes.tsv.bgz.tbi,Pan-UKB official phenotype manifest,UNREVIEWED,89.0,6547.0,PASS,,,,183.0,8693.0,h2_z_insignificant,,,,12059.0,408472.0,PASS,,,
Pan-UKB::icd10|J44|both_sexes||,Pan-UKB,GRCh37,icd10|J44|both_sexes||,,icd10,J44,J44 Other chronic obstructive pulmonary disease,truncated: true,,Chapter X Diseases of the respiratory system | J40-J47 Chronic lower respiratory diseases | J44 Other chronic obstructive pulmonary disease,direct_disease_candidate,"CSA,EUR",CSA,1,verified_from_official_manifest,icd10-J44-both_sexes.tsv.bgz,icd10-J44-both_sexes.tsv.bgz.tbi,s3://pan-ukb-us-east-1/sumstats_flat_files/icd10-J44-both_sexes.tsv.bgz,s3://pan-ukb-us-east-1/sumstats_flat_files_tabix/icd10-J44-both_sexes.tsv.bgz.tbi,Pan-UKB official phenotype manifest,UNREVIEWED,74.0,6562.0,h2_z_insignificant,,,,152.0,8724.0,PASS,,,,11536.0,408995.0,PASS,,,
Pan-UKB::icd10|J45|both_sexes||,Pan-UKB,GRCh37,icd10|J45|both_sexes||,,icd10,J45,J45 Asthma,truncated: true,,Chapter X Diseases of the respiratory system | J40-J47 Chronic lower respiratory diseases | J45 Asthma,direct_disease_candidate,"CSA,EUR,MID","CSA,MID",2,verified_from_official_manifest,icd10-J45-both_sexes.tsv.bgz,icd10-J45-both_sexes.tsv.bgz.tbi,s3://pan-ukb-us-east-1/sumstats_flat_files/icd10-J45-both_sexes.tsv.bgz,s3://pan-ukb-us-east-1/sumstats_flat_files_tabix/icd10-J45-both_sexes.tsv.bgz.tbi,Pan-UKB official phenotype manifest,UNREVIEWED,573.0,6063.0,h2_z_insignificant,64.0,916.0,n_too_low,900.0,7976.0,PASS,149.0,2560.0,h2_z_insignificant,31030.0,389501.0,PASS,139.0,1460.0,PASS
Pan-UKB::icd10|K21|both_sexes||,Pan-UKB,GRCh37,icd10|K21|both_sexes||,,icd10,K21,K21 Gastro-oesophageal reflux disease,truncated: true,,"Chapter XI Diseases of the digestive system | K20-K31 Diseases of oesophagus, stomach and duodenum | K21 Gastro-oesophageal reflux disease",direct_disease_candidate,"EUR,MID",MID,1,verified_from_official_manifest,icd10-K21-both_sexes.tsv.bgz,icd10-K21-both_sexes.tsv.bgz.tbi,s3://pan-ukb-us-east-1/sumstats_flat_files/icd10-K21-both_sexes.tsv.bgz,s3://pan-ukb-us-east-1/sumstats_flat_files_tabix/icd10-K21-both_sexes.tsv.bgz.tbi,Pan-UKB official phenotype manifest,UNREVIEWED,395.0,6241.0,h2_z_insignificant,63.0,917.0,n_too_low,729.0,8147.0,h2_z_insignificant,117.0,2592.0,h2_z_insignificant,29975.0,390556.0,PASS,128.0,1471.0,PASS
Pan-UKB::icd10|K42|both_sexes||,Pan-UKB,GRCh37,icd10|K42|both_sexes||,,icd10,K42,K42 Umbilical hernia,truncated: true,,Chapter XI Diseases of the digestive system | K40-K46 Hernia | K42 Umbilical hernia,direct_disease_candidate,"CSA,EUR",CSA,1,verified_from_official_manifest,icd10-K42-both_sexes.tsv.bgz,icd10-K42-both_sexes.tsv.bgz.tbi,s3://pan-ukb-us-east-1/sumstats_flat_files/icd10-K42-both_sexes.tsv.bgz,s3://pan-ukb-us-east-1/sumstats_flat_files_tabix/icd10-K42-both_sexes.tsv.bgz.tbi,Pan-UKB official phenotype manifest,UNREVIEWED,105.0,6531.0,h2_z_insignificant,,,,90.0,8786.0,PASS,,,,4511.0,416020.0,PASS,,,
Pan-UKB::icd10|K44|both_sexes||,Pan-UKB,GRCh37,icd10|K44|both_sexes||,,icd10,K44,K44 Diaphragmatic hernia,truncated: true,,Chapter XI Diseases of the digestive system | K40-K46 Hernia | K44 Diaphragmatic hernia,direct_disease_candidate,"EUR,MID",MID,1,verified_from_official_manifest,icd10-K44-both_sexes.tsv.bgz,icd10-K44-both_sexes.tsv.bgz.tbi,s3://pan-ukb-us-east-1/sumstats_flat_files/icd10-K44-both_sexes.tsv.bgz,s3://pan-ukb-us-east-1/sumstats_flat_files_tabix/icd10-K44-both_sexes.tsv.bgz.tbi,Pan-UKB official phenotype manifest,UNREVIEWED,326.0,6310.0,h2_z_insignificant,70.0,910.0,n_too_low,660.0,8216.0,h2_z_insignificant,88.0,2621.0,h2_z_insignificant,33359.0,387172.0,PASS,139.0,1460.0,PASS
Pan-UKB::icd10|K80|both_sexes||,Pan-UKB,GRCh37,icd10|K80|both_sexes||,,icd10,K80,K80 Cholelithiasis,truncated: true,,"Chapter XI Diseases of the digestive system | K80-K87 Disorders of gallbladder, biliary tract and pancreas | K80 Cholelithiasis",direct_disease_candidate,"EAS,EUR",EAS,1,verified_from_official_manifest,icd10-K80-both_sexes.tsv.bgz,icd10-K80-both_sexes.tsv.bgz.tbi,s3://pan-ukb-us-east-1/sumstats_flat_files/icd10-K80-both_sexes.tsv.bgz,s3://pan-ukb-us-east-1/sumstats_flat_files_tabix/icd10-K80-both_sexes.tsv.bgz.tbi,Pan-UKB official phenotype manifest,UNREVIEWED,120.0,6516.0,h2_z_insignificant,,,,253.0,8623.0,h2_z_insignificant,67.0,2642.0,PASS,16983.0,403548.0,PASS,,,
Pan-UKB::icd10|M16|both_sexes||,Pan-UKB,GRCh37,icd10|M16|both_sexes||,,icd10,M16,M16 Coxarthrosis [arthrosis of hip],truncated: true,,Chapter XIII Diseases of the musculoskeletal system and connective tissue | M15-M19 Arthrosis | M16 Coxarthrosis [arthrosis of hip],direct_disease_candidate,"CSA,EUR",CSA,1,verified_from_official_manifest,icd10-M16-both_sexes.tsv.bgz,icd10-M16-both_sexes.tsv.bgz.tbi,s3://pan-ukb-us-east-1/sumstats_flat_files/icd10-M16-both_sexes.tsv.bgz,s3://pan-ukb-us-east-1/sumstats_flat_files_tabix/icd10-M16-both_sexes.tsv.bgz.tbi,Pan-UKB official phenotype manifest,UNREVIEWED,71.0,6565.0,h2_z_insignificant,,,,60.0,8816.0,PASS,,,,14999.0,405532.0,PASS,,,
Pan-UKB::icd10|M17|both_sexes||,Pan-UKB,GRCh37,icd10|M17|both_sexes||,,icd10,M17,M17 Gonarthrosis [arthrosis of knee],truncated: true,,Chapter XIII Diseases of the musculoskeletal system and connective tissue | M15-M19 Arthrosis | M17 Gonarthrosis [arthrosis of knee],direct_disease_candidate,"EUR,MID",MID,1,verified_from_official_manifest,icd10-M17-both_sexes.tsv.bgz,icd10-M17-both_sexes.tsv.bgz.tbi,s3://pan-ukb-us-east-1/sumstats_flat_files/icd10-M17-both_sexes.tsv.bgz,s3://pan-ukb-us-east-1/sumstats_flat_files_tabix/icd10-M17-both_sexes.tsv.bgz.tbi,Pan-UKB official phenotype manifest,UNREVIEWED,408.0,6228.0,h2_z_insignificant,,,,595.0,8281.0,h2_z_insignificant,73.0,2636.0,h2_z_insignificant,24753.0,395778.0,PASS,76.0,1523.0,PASS
Pan-UKB::icd10|M51|both_sexes||,Pan-UKB,GRCh37,icd10|M51|both_sexes||,,icd10,M51,M51 Other intervertebral disk disorders,truncated: true,,Chapter XIII Diseases of the musculoskeletal system and connective tissue | M50-M54 Other dorsopathies | M51 Other intervertebral disk disorders,direct_disease_candidate,"CSA,EUR",CSA,1,verified_from_official_manifest,icd10-M51-both_sexes.tsv.bgz,icd10-M51-both_sexes.tsv.bgz.tbi,s3://pan-ukb-us-east-1/sumstats_flat_files/icd10-M51-both_sexes.tsv.bgz,s3://pan-ukb-us-east-1/sumstats_flat_files_tabix/icd10-M51-both_sexes.tsv.bgz.tbi,Pan-UKB official phenotype manifest,UNREVIEWED,171.0,6465.0,h2_z_insignificant,,,,231.0,8645.0,PASS,,,,9053.0,411478.0,PASS,,,
Pan-UKB::icd10|N20|both_sexes||,Pan-UKB,GRCh37,icd10|N20|both_sexes||,,icd10,N20,N20 Calculus of kidney and ureter,truncated: true,,Chapter XIV Diseases of the genitourinary system | N20-N23 Urolithiasis | N20 Calculus of kidney and ureter,direct_disease_candidate,"CSA,EUR",CSA,1,verified_from_official_manifest,icd10-N20-both_sexes.tsv.bgz,icd10-N20-both_sexes.tsv.bgz.tbi,s3://pan-ukb-us-east-1/sumstats_flat_files/icd10-N20-both_sexes.tsv.bgz,s3://pan-ukb-us-east-1/sumstats_flat_files_tabix/icd10-N20-both_sexes.tsv.bgz.tbi,Pan-UKB official phenotype manifest,UNREVIEWED,59.0,6577.0,h2_z_insignificant,,,,154.0,8722.0,PASS,,,,5530.0,415001.0,PASS,,,
Pan-UKB::icd10|R07|both_sexes||,Pan-UKB,GRCh37,icd10|R07|both_sexes||,,icd10,R07,R07 Pain in throat and chest,truncated: true,,"Chapter XVIII Symptoms, signs and abnormal clinical and laboratory findings, not elsewhere classified | R00-R09 Symptoms and signs involving the circulatory and respiratory systems | R07 Pain in throat and chest",direct_disease_candidate,"CSA,EUR",CSA,1,verified_from_official_manifest,icd10-R07-both_sexes.tsv.bgz,icd10-R07-both_sexes.tsv.bgz.tbi,s3://pan-ukb-us-east-1/sumstats_flat_files/icd10-R07-both_sexes.tsv.bgz,s3://pan-ukb-us-east-1/sumstats_flat_files_tabix/icd10-R07-both_sexes.tsv.bgz.tbi,Pan-UKB official phenotype manifest,UNREVIEWED,782.0,5854.0,h2_z_insignificant,99.0,881.0,n_too_low,1365.0,7511.0,PASS,165.0,2544.0,h2_z_insignificant,36262.0,384269.0,PASS,187.0,1412.0,h2_z_insignificant
Pan-UKB::icd10|R19|both_sexes||,Pan-UKB,GRCh37,icd10|R19|both_sexes||,,icd10,R19,R19 Other symptoms and signs involving the digestive system and abdomen,truncated: true,,"Chapter XVIII Symptoms, signs and abnormal clinical and laboratory findings, not elsewhere classified | R10-R19 Symptoms and signs involving the digestive system and abdomen | R19 Other symptoms and signs involving the digestive system and abdomen",direct_disease_candidate,"EUR,MID",MID,1,verified_from_official_manifest,icd10-R19-both_sexes.tsv.bgz,icd10-R19-both_sexes.tsv.bgz.tbi,s3://pan-ukb-us-east-1/sumstats_flat_files/icd10-R19-both_sexes.tsv.bgz,s3://pan-ukb-us-east-1/sumstats_flat_files_tabix/icd10-R19-both_sexes.tsv.bgz.tbi,Pan-UKB official phenotype manifest,UNREVIEWED,282.0,6354.0,h2_z_insignificant,,,,436.0,8440.0,h2_z_insignificant,103.0,2606.0,h2_z_insignificant,19142.0,401389.0,PASS,72.0,1527.0,PASS
Pan-UKB::icd10|Z72|both_sexes||,Pan-UKB,GRCh37,icd10|Z72|both_sexes||,,icd10,Z72,Z72 Problems related to lifestyle,truncated: true,,Chapter XXI Factors influencing health status and contact with health services | Z70-Z76 Persons encountering health services in other circumstances | Z72 Problems related to lifestyle,direct_disease_candidate,"AFR,EUR",AFR,1,verified_from_official_manifest,icd10-Z72-both_sexes.tsv.bgz,icd10-Z72-both_sexes.tsv.bgz.tbi,s3://pan-ukb-us-east-1/sumstats_flat_files/icd10-Z72-both_sexes.tsv.bgz,s3://pan-ukb-us-east-1/sumstats_flat_files_tabix/icd10-Z72-both_sexes.tsv.bgz.tbi,Pan-UKB official phenotype manifest,UNREVIEWED,230.0,6406.0,PASS,,,,294.0,8582.0,h2_z_insignificant,,,,21081.0,399450.0,PASS,70.0,1529.0,h2_z_insignificant
Pan-UKB::icd10|Z82|both_sexes||,Pan-UKB,GRCh37,icd10|Z82|both_sexes||,,icd10,Z82,Z82 Family history of certain disabilities and chronic diseases leading to disablement,truncated: true,,Chapter XXI Factors influencing health status and contact with health services | Z80-Z99 Persons with potential health hazards related to family and personal history and certain conditions influencing health status | Z82 Family history of certain disabilities and chronic diseases leading to disablement,direct_disease_candidate,"EUR,MID",MID,1,verified_from_official_manifest,icd10-Z82-both_sexes.tsv.bgz,icd10-Z82-both_sexes.tsv.bgz.tbi,s3://pan-ukb-us-east-1/sumstats_flat_files/icd10-Z82-both_sexes.tsv.bgz,s3://pan-ukb-us-east-1/sumstats_flat_files_tabix/icd10-Z82-both_sexes.tsv.bgz.tbi,Pan-UKB official phenotype manifest,UNREVIEWED,138.0,6498.0,h2_z_insignificant,,,,665.0,8211.0,h2_z_insignificant,59.0,2650.0,h2_z_insignificant,16431.0,404100.0,PASS,86.0,1513.0,PASS
Pan-UKB::icd10|Z86|both_sexes||,Pan-UKB,GRCh37,icd10|Z86|both_sexes||,,icd10,Z86,Z86 Personal history of certain other diseases,truncated: true,,Chapter XXI Factors influencing health status and contact with health services | Z80-Z99 Persons with potential health hazards related to family and personal history and certain conditions influencing health status | Z86 Personal history of certain other diseases,direct_disease_candidate,"EUR,MID",MID,1,verified_from_official_manifest,icd10-Z86-both_sexes.tsv.bgz,icd10-Z86-both_sexes.tsv.bgz.tbi,s3://pan-ukb-us-east-1/sumstats_flat_files/icd10-Z86-both_sexes.tsv.bgz,s3://pan-ukb-us-east-1/sumstats_flat_files_tabix/icd10-Z86-both_sexes.tsv.bgz.tbi,Pan-UKB official phenotype manifest,UNREVIEWED,798.0,5838.0,h2_z_insignificant,131.0,849.0,n_too_low,1069.0,7807.0,h2_z_insignificant,190.0,2519.0,h2_z_insignificant,64593.0,355938.0,PASS,230.0,1369.0,PASS
Pan-UKB::icd10|Z88|both_sexes||,Pan-UKB,GRCh37,icd10|Z88|both_sexes||,,icd10,Z88,"Z88 Personal history of allergy to drugs, medicaments and biologocal substances",truncated: true,,"Chapter XXI Factors influencing health status and contact with health services | Z80-Z99 Persons with potential health hazards related to family and personal history and certain conditions influencing health status | Z88 Personal history of allergy to drugs, medicaments and biologocal substances",direct_disease_candidate,"CSA,EUR",CSA,1,verified_from_official_manifest,icd10-Z88-both_sexes.tsv.bgz,icd10-Z88-both_sexes.tsv.bgz.tbi,s3://pan-ukb-us-east-1/sumstats_flat_files/icd10-Z88-both_sexes.tsv.bgz,s3://pan-ukb-us-east-1/sumstats_flat_files_tabix/icd10-Z88-both_sexes.tsv.bgz.tbi,Pan-UKB official phenotype manifest,UNREVIEWED,510.0,6126.0,h2_z_insignificant,55.0,925.0,n_too_low,638.0,8238.0,PASS,161.0,2548.0,h2_z_insignificant,32513.0,388018.0,PASS,108.0,1491.0,h2_z_insignificant
Pan-UKB::icd10|Z95|both_sexes||,Pan-UKB,GRCh37,icd10|Z95|both_sexes||,,icd10,Z95,Z95 Presence of cardiac and vascular implants and grafts,truncated: true,,Chapter XXI Factors influencing health status and contact with health services | Z80-Z99 Persons with potential health hazards related to family and personal history and certain conditions influencing health status | Z95 Presence of cardiac and vascular implants and grafts,direct_disease_candidate,"CSA,EUR",CSA,1,verified_from_official_manifest,icd10-Z95-both_sexes.tsv.bgz,icd10-Z95-both_sexes.tsv.bgz.tbi,s3://pan-ukb-us-east-1/sumstats_flat_files/icd10-Z95-both_sexes.tsv.bgz,s3://pan-ukb-us-east-1/sumstats_flat_files_tabix/icd10-Z95-both_sexes.tsv.bgz.tbi,Pan-UKB official phenotype manifest,UNREVIEWED,104.0,6532.0,h2_z_insignificant,,,,636.0,8240.0,PASS,,,,15774.0,404757.0,PASS,67.0,1532.0,h2_z_insignificant
Pan-UKB::phecode|250|both_sexes||,Pan-UKB,GRCh37,phecode|250|both_sexes||,,phecode,250,Diabetes mellitus,,,endocrine/metabolic,direct_disease_candidate,"CSA,EUR",CSA,1,verified_from_official_manifest,phecode-250-both_sexes.tsv.bgz,phecode-250-both_sexes.tsv.bgz.tbi,s3://pan-ukb-us-east-1/sumstats_flat_files/phecode-250-both_sexes.tsv.bgz,s3://pan-ukb-us-east-1/sumstats_flat_files_tabix/phecode-250-both_sexes.tsv.bgz.tbi,Pan-UKB official phenotype manifest,UNREVIEWED,843.0,5793.0,h2_z_insignificant,,,,1695.0,7181.0,PASS,154.0,2555.0,h2_z_insignificant,24348.0,396181.0,PASS,175.0,1424.0,h2_z_insignificant
Pan-UKB::phecode|250.2|both_sexes||,Pan-UKB,GRCh37,phecode|250.2|both_sexes||,,phecode,250.2,Type 2 diabetes,,,endocrine/metabolic,direct_disease_candidate,"CSA,EUR",CSA,1,verified_from_official_manifest,phecode-250.2-both_sexes.tsv.bgz,phecode-250.2-both_sexes.tsv.bgz.tbi,s3://pan-ukb-us-east-1/sumstats_flat_files/phecode-250.2-both_sexes.tsv.bgz,s3://pan-ukb-us-east-1/sumstats_flat_files_tabix/phecode-250.2-both_sexes.tsv.bgz.tbi,Pan-UKB official phenotype manifest,UNREVIEWED,796.0,5793.0,h2_z_insignificant,,,,1664.0,7181.0,PASS,152.0,2555.0,h2_z_insignificant,22768.0,396181.0,PASS,170.0,1424.0,h2_z_insignificant
Pan-UKB::phecode|272|both_sexes||,Pan-UKB,GRCh37,phecode|272|both_sexes||,,phecode,272,Disorders of lipoid metabolism,,,endocrine/metabolic,direct_disease_candidate,"CSA,EUR",CSA,1,verified_from_official_manifest,phecode-272-both_sexes.tsv.bgz,phecode-272-both_sexes.tsv.bgz.tbi,s3://pan-ukb-us-east-1/sumstats_flat_files/phecode-272-both_sexes.tsv.bgz,s3://pan-ukb-us-east-1/sumstats_flat_files_tabix/phecode-272-both_sexes.tsv.bgz.tbi,Pan-UKB official phenotype manifest,UNREVIEWED,744.0,5892.0,h2_z_insignificant,86.0,894.0,n_too_low,1800.0,7076.0,PASS,190.0,2519.0,h2_z_insignificant,44134.0,376397.0,PASS,239.0,1360.0,h2_z_insignificant
Pan-UKB::phecode|306|both_sexes||,Pan-UKB,GRCh37,phecode|306|both_sexes||,,phecode,306,Other mental disorder,,,mental disorders,direct_disease_candidate,"EAS,EUR",EAS,1,verified_from_official_manifest,phecode-306-both_sexes.tsv.bgz,phecode-306-both_sexes.tsv.bgz.tbi,s3://pan-ukb-us-east-1/sumstats_flat_files/phecode-306-both_sexes.tsv.bgz,s3://pan-ukb-us-east-1/sumstats_flat_files_tabix/phecode-306-both_sexes.tsv.bgz.tbi,Pan-UKB official phenotype manifest,UNREVIEWED,310.0,6116.0,h2_z_insignificant,84.0,875.0,n_too_low,464.0,8189.0,h2_z_insignificant,86.0,2585.0,PASS,39711.0,369930.0,PASS,143.0,1419.0,h2_z_insignificant
Pan-UKB::phecode|317|both_sexes||,Pan-UKB,GRCh37,phecode|317|both_sexes||,,phecode,317,Alcohol-related disorders,,,mental disorders,direct_disease_candidate,"AFR,EUR",AFR,1,verified_from_official_manifest,phecode-317-both_sexes.tsv.bgz,phecode-317-both_sexes.tsv.bgz.tbi,s3://pan-ukb-us-east-1/sumstats_flat_files/phecode-317-both_sexes.tsv.bgz,s3://pan-ukb-us-east-1/sumstats_flat_files_tabix/phecode-317-both_sexes.tsv.bgz.tbi,Pan-UKB official phenotype manifest,UNREVIEWED,129.0,6272.0,PASS,,,,166.0,8471.0,h2_z_insignificant,,,,16070.0,392046.0,PASS,,,
Pan-UKB::phecode|318|both_sexes||,Pan-UKB,GRCh37,phecode|318|both_sexes||,,phecode,318,Tobacco use disorder,,,mental disorders,direct_disease_candidate,"EAS,EUR",EAS,1,verified_from_official_manifest,phecode-318-both_sexes.tsv.bgz,phecode-318-both_sexes.tsv.bgz.tbi,s3://pan-ukb-us-east-1/sumstats_flat_files/phecode-318-both_sexes.tsv.bgz,s3://pan-ukb-us-east-1/sumstats_flat_files_tabix/phecode-318-both_sexes.tsv.bgz.tbi,Pan-UKB official phenotype manifest,UNREVIEWED,254.0,6272.0,h2_z_insignificant,,,,275.0,8471.0,h2_z_insignificant,50.0,2641.0,PASS,14988.0,392046.0,PASS,81.0,1493.0,h2_z_insignificant
Pan-UKB::phecode|327|both_sexes||,Pan-UKB,GRCh37,phecode|327|both_sexes||,,phecode,327,Sleep disorders,,,neurological,direct_disease_candidate,"CSA,EUR",CSA,1,verified_from_official_manifest,phecode-327-both_sexes.tsv.bgz,phecode-327-both_sexes.tsv.bgz.tbi,s3://pan-ukb-us-east-1/sumstats_flat_files/phecode-327-both_sexes.tsv.bgz,s3://pan-ukb-us-east-1/sumstats_flat_files_tabix/phecode-327-both_sexes.tsv.bgz.tbi,Pan-UKB official phenotype manifest,UNREVIEWED,141.0,6495.0,h2_z_insignificant,,,,174.0,8702.0,PASS,,,,6623.0,413908.0,PASS,52.0,1547.0,h2_z_insignificant
Pan-UKB::phecode|327.3|both_sexes||,Pan-UKB,GRCh37,phecode|327.3|both_sexes||,,phecode,327.3,Sleep apnea,,,neurological,direct_disease_candidate,"CSA,EUR",CSA,1,verified_from_official_manifest,phecode-327.3-both_sexes.tsv.bgz,phecode-327.3-both_sexes.tsv.bgz.tbi,s3://pan-ukb-us-east-1/sumstats_flat_files/phecode-327.3-both_sexes.tsv.bgz,s3://pan-ukb-us-east-1/sumstats_flat_files_tabix/phecode-327.3-both_sexes.tsv.bgz.tbi,Pan-UKB official phenotype manifest,UNREVIEWED,127.0,6495.0,h2_z_insignificant,,,,151.0,8702.0,PASS,,,,5621.0,413908.0,PASS,,,
Pan-UKB::phecode|401|both_sexes||,Pan-UKB,GRCh37,phecode|401|both_sexes||,,phecode,401,Hypertension,,,circulatory system,direct_disease_candidate,"CSA,EUR",CSA,1,verified_from_official_manifest,phecode-401-both_sexes.tsv.bgz,phecode-401-both_sexes.tsv.bgz.tbi,s3://pan-ukb-us-east-1/sumstats_flat_files/phecode-401-both_sexes.tsv.bgz,s3://pan-ukb-us-east-1/sumstats_flat_files_tabix/phecode-401-both_sexes.tsv.bgz.tbi,Pan-UKB official phenotype manifest,UNREVIEWED,2037.0,4589.0,h2_z_insignificant,160.0,816.0,n_too_low,2690.0,6170.0,PASS,431.0,2272.0,h2_z_insignificant,94311.0,325488.0,PASS,348.0,1245.0,h2_z_insignificant
Pan-UKB::phecode|401.1|both_sexes||,Pan-UKB,GRCh37,phecode|401.1|both_sexes||,,phecode,401.1,Essential hypertension,,,circulatory system,direct_disease_candidate,"CSA,EUR",CSA,1,verified_from_official_manifest,phecode-401.1-both_sexes.tsv.bgz,phecode-401.1-both_sexes.tsv.bgz.tbi,s3://pan-ukb-us-east-1/sumstats_flat_files/phecode-401.1-both_sexes.tsv.bgz,s3://pan-ukb-us-east-1/sumstats_flat_files_tabix/phecode-401.1-both_sexes.tsv.bgz.tbi,Pan-UKB official phenotype manifest,UNREVIEWED,2026.0,4589.0,h2_z_insignificant,158.0,816.0,n_too_low,2682.0,6170.0,PASS,431.0,2272.0,h2_z_insignificant,94062.0,325488.0,PASS,346.0,1245.0,h2_z_insignificant
Pan-UKB::phecode|411|both_sexes||,Pan-UKB,GRCh37,phecode|411|both_sexes||,,phecode,411,Ischemic Heart Disease,,,circulatory system,direct_disease_candidate,"CSA,EUR",CSA,1,verified_from_official_manifest,phecode-411-both_sexes.tsv.bgz,phecode-411-both_sexes.tsv.bgz.tbi,s3://pan-ukb-us-east-1/sumstats_flat_files/phecode-411-both_sexes.tsv.bgz,s3://pan-ukb-us-east-1/sumstats_flat_files_tabix/phecode-411-both_sexes.tsv.bgz.tbi,Pan-UKB official phenotype manifest,UNREVIEWED,400.0,6224.0,h2_z_insignificant,69.0,910.0,n_too_low,1374.0,7496.0,PASS,103.0,2605.0,h2_z_insignificant,37672.0,382052.0,PASS,163.0,1430.0,h2_z_insignificant
Pan-UKB::phecode|411.4|both_sexes||,Pan-UKB,GRCh37,phecode|411.4|both_sexes||,,phecode,411.4,Coronary atherosclerosis,,,circulatory system,direct_disease_candidate,"CSA,EUR",CSA,1,verified_from_official_manifest,phecode-411.4-both_sexes.tsv.bgz,phecode-411.4-both_sexes.tsv.bgz.tbi,s3://pan-ukb-us-east-1/sumstats_flat_files/phecode-411.4-both_sexes.tsv.bgz,s3://pan-ukb-us-east-1/sumstats_flat_files_tabix/phecode-411.4-both_sexes.tsv.bgz.tbi,Pan-UKB official phenotype manifest,UNREVIEWED,191.0,6224.0,h2_z_insignificant,,,,1028.0,7496.0,PASS,59.0,2605.0,h2_z_insignificant,23888.0,382052.0,PASS,114.0,1430.0,h2_z_insignificant
Pan-UKB::phecode|411.8|both_sexes||,Pan-UKB,GRCh37,phecode|411.8|both_sexes||,,phecode,411.8,"Other chronic ischemic heart disease, unspecified",,,circulatory system,direct_disease_candidate,"CSA,EAS,EUR","CSA,EAS",2,verified_from_official_manifest,phecode-411.8-both_sexes.tsv.bgz,phecode-411.8-both_sexes.tsv.bgz.tbi,s3://pan-ukb-us-east-1/sumstats_flat_files/phecode-411.8-both_sexes.tsv.bgz,s3://pan-ukb-us-east-1/sumstats_flat_files_tabix/phecode-411.8-both_sexes.tsv.bgz.tbi,Pan-UKB official phenotype manifest,UNREVIEWED,302.0,6224.0,h2_z_insignificant,52.0,910.0,n_too_low,1205.0,7496.0,PASS,83.0,2605.0,PASS,31198.0,382052.0,PASS,136.0,1430.0,h2_z_insignificant
Pan-UKB::phecode|418|both_sexes||,Pan-UKB,GRCh37,phecode|418|both_sexes||,,phecode,418,Nonspecific chest pain,,,circulatory system,direct_disease_candidate,"CSA,EUR",CSA,1,verified_from_official_manifest,phecode-418-both_sexes.tsv.bgz,phecode-418-both_sexes.tsv.bgz.tbi,s3://pan-ukb-us-east-1/sumstats_flat_files/phecode-418-both_sexes.tsv.bgz,s3://pan-ukb-us-east-1/sumstats_flat_files_tabix/phecode-418-both_sexes.tsv.bgz.tbi,Pan-UKB official phenotype manifest,UNREVIEWED,729.0,5862.0,h2_z_insignificant,90.0,884.0,n_too_low,1267.0,7521.0,PASS,153.0,2543.0,h2_z_insignificant,33293.0,384496.0,PASS,175.0,1414.0,h2_z_insignificant
Pan-UKB::phecode|454.1|both_sexes||,Pan-UKB,GRCh37,phecode|454.1|both_sexes||,,phecode,454.1,Varicose veins of lower extremity,,,circulatory system,direct_disease_candidate,"AFR,EUR",AFR,1,verified_from_official_manifest,phecode-454.1-both_sexes.tsv.bgz,phecode-454.1-both_sexes.tsv.bgz.tbi,s3://pan-ukb-us-east-1/sumstats_flat_files/phecode-454.1-both_sexes.tsv.bgz,s3://pan-ukb-us-east-1/sumstats_flat_files_tabix/phecode-454.1-both_sexes.tsv.bgz.tbi,Pan-UKB official phenotype manifest,UNREVIEWED,89.0,6017.0,PASS,,,,184.0,7983.0,h2_z_insignificant,,,,12881.0,376206.0,PASS,,,
Pan-UKB::phecode|459|both_sexes||,Pan-UKB,GRCh37,phecode|459|both_sexes||,,phecode,459,Other disorders of circulatory system,,,circulatory system,direct_disease_candidate,"CSA,EUR",CSA,1,verified_from_official_manifest,phecode-459-both_sexes.tsv.bgz,phecode-459-both_sexes.tsv.bgz.tbi,s3://pan-ukb-us-east-1/sumstats_flat_files/phecode-459-both_sexes.tsv.bgz,s3://pan-ukb-us-east-1/sumstats_flat_files_tabix/phecode-459-both_sexes.tsv.bgz.tbi,Pan-UKB official phenotype manifest,UNREVIEWED,354.0,6219.0,h2_z_insignificant,,,,384.0,8342.0,PASS,54.0,2626.0,h2_z_insignificant,21420.0,392807.0,PASS,54.0,1524.0,h2_z_insignificant
Pan-UKB::phecode|496.2|both_sexes||,Pan-UKB,GRCh37,phecode|496.2|both_sexes||,,phecode,496.2,Chronic bronchitis,,,respiratory,direct_disease_candidate,"CSA,EUR",CSA,1,verified_from_official_manifest,phecode-496.2-both_sexes.tsv.bgz,phecode-496.2-both_sexes.tsv.bgz.tbi,s3://pan-ukb-us-east-1/sumstats_flat_files/phecode-496.2-both_sexes.tsv.bgz,s3://pan-ukb-us-east-1/sumstats_flat_files_tabix/phecode-496.2-both_sexes.tsv.bgz.tbi,Pan-UKB official phenotype manifest,UNREVIEWED,77.0,5999.0,h2_z_insignificant,,,,156.0,7886.0,PASS,,,,11764.0,379656.0,PASS,,,
Pan-UKB::phecode|496.21|both_sexes||,Pan-UKB,GRCh37,phecode|496.21|both_sexes||,,phecode,496.21,Obstructive chronic bronchitis,,,respiratory,direct_disease_candidate,"CSA,EUR",CSA,1,verified_from_official_manifest,phecode-496.21-both_sexes.tsv.bgz,phecode-496.21-both_sexes.tsv.bgz.tbi,s3://pan-ukb-us-east-1/sumstats_flat_files/phecode-496.21-both_sexes.tsv.bgz,s3://pan-ukb-us-east-1/sumstats_flat_files_tabix/phecode-496.21-both_sexes.tsv.bgz.tbi,Pan-UKB official phenotype manifest,UNREVIEWED,74.0,5999.0,h2_z_insignificant,,,,152.0,7886.0,PASS,,,,11537.0,379656.0,PASS,,,
Pan-UKB::phecode|530|both_sexes||,Pan-UKB,GRCh37,phecode|530|both_sexes||,,phecode,530,Diseases of esophagus,,,digestive,direct_disease_candidate,"EUR,MID",MID,1,verified_from_official_manifest,phecode-530-both_sexes.tsv.bgz,phecode-530-both_sexes.tsv.bgz.tbi,s3://pan-ukb-us-east-1/sumstats_flat_files/phecode-530-both_sexes.tsv.bgz,s3://pan-ukb-us-east-1/sumstats_flat_files_tabix/phecode-530-both_sexes.tsv.bgz.tbi,Pan-UKB official phenotype manifest,UNREVIEWED,519.0,6018.0,h2_z_insignificant,95.0,870.0,n_too_low,964.0,7743.0,h2_z_insignificant,151.0,2516.0,h2_z_insignificant,42944.0,371349.0,PASS,172.0,1400.0,PASS
Pan-UKB::phecode|530.1|both_sexes||,Pan-UKB,GRCh37,phecode|530.1|both_sexes||,,phecode,530.1,"Esophagitis, GERD and related diseases",,,digestive,direct_disease_candidate,"EUR,MID",MID,1,verified_from_official_manifest,phecode-530.1-both_sexes.tsv.bgz,phecode-530.1-both_sexes.tsv.bgz.tbi,s3://pan-ukb-us-east-1/sumstats_flat_files/phecode-530.1-both_sexes.tsv.bgz,s3://pan-ukb-us-east-1/sumstats_flat_files_tabix/phecode-530.1-both_sexes.tsv.bgz.tbi,Pan-UKB official phenotype manifest,UNREVIEWED,478.0,6018.0,h2_z_insignificant,87.0,870.0,n_too_low,910.0,7743.0,h2_z_insignificant,139.0,2516.0,h2_z_insignificant,40018.0,371349.0,PASS,157.0,1400.0,PASS
Pan-UKB::phecode|530.11|both_sexes||,Pan-UKB,GRCh37,phecode|530.11|both_sexes||,,phecode,530.11,GERD,,,digestive,direct_disease_candidate,"EUR,MID",MID,1,verified_from_official_manifest,phecode-530.11-both_sexes.tsv.bgz,phecode-530.11-both_sexes.tsv.bgz.tbi,s3://pan-ukb-us-east-1/sumstats_flat_files/phecode-530.11-both_sexes.tsv.bgz,s3://pan-ukb-us-east-1/sumstats_flat_files_tabix/phecode-530.11-both_sexes.tsv.bgz.tbi,Pan-UKB official phenotype manifest,UNREVIEWED,395.0,6018.0,h2_z_insignificant,63.0,870.0,n_too_low,729.0,7743.0,h2_z_insignificant,117.0,2516.0,h2_z_insignificant,29975.0,371349.0,PASS,128.0,1400.0,PASS
Pan-UKB::phecode|550|both_sexes||,Pan-UKB,GRCh37,phecode|550|both_sexes||,,phecode,550,Abdominal hernia,,,digestive,direct_disease_candidate,"EAS,EUR",EAS,1,verified_from_official_manifest,phecode-550-both_sexes.tsv.bgz,phecode-550-both_sexes.tsv.bgz.tbi,s3://pan-ukb-us-east-1/sumstats_flat_files/phecode-550-both_sexes.tsv.bgz,s3://pan-ukb-us-east-1/sumstats_flat_files_tabix/phecode-550-both_sexes.tsv.bgz.tbi,Pan-UKB official phenotype manifest,UNREVIEWED,617.0,6019.0,h2_z_insignificant,112.0,868.0,n_too_low,,,,128.0,2581.0,PASS,56668.0,363863.0,PASS,224.0,1375.0,h2_z_insignificant
Pan-UKB::phecode|550.2|both_sexes||,Pan-UKB,GRCh37,phecode|550.2|both_sexes||,,phecode,550.2,Diaphragmatic hernia,,,digestive,direct_disease_candidate,"CSA,EUR,MID","CSA,MID",2,verified_from_official_manifest,phecode-550.2-both_sexes.tsv.bgz,phecode-550.2-both_sexes.tsv.bgz.tbi,s3://pan-ukb-us-east-1/sumstats_flat_files/phecode-550.2-both_sexes.tsv.bgz,s3://pan-ukb-us-east-1/sumstats_flat_files_tabix/phecode-550.2-both_sexes.tsv.bgz.tbi,Pan-UKB official phenotype manifest,UNREVIEWED,326.0,6019.0,h2_z_insignificant,70.0,868.0,n_too_low,660.0,7837.0,PASS,88.0,2581.0,h2_z_insignificant,33482.0,363863.0,PASS,139.0,1375.0,PASS
Pan-UKB::phecode|550.4|both_sexes||,Pan-UKB,GRCh37,phecode|550.4|both_sexes||,,phecode,550.4,Umbilical hernia,,,digestive,direct_disease_candidate,"CSA,EUR",CSA,1,verified_from_official_manifest,phecode-550.4-both_sexes.tsv.bgz,phecode-550.4-both_sexes.tsv.bgz.tbi,s3://pan-ukb-us-east-1/sumstats_flat_files/phecode-550.4-both_sexes.tsv.bgz,s3://pan-ukb-us-east-1/sumstats_flat_files_tabix/phecode-550.4-both_sexes.tsv.bgz.tbi,Pan-UKB official phenotype manifest,UNREVIEWED,105.0,6019.0,h2_z_insignificant,,,,90.0,7837.0,PASS,,,,4541.0,363863.0,PASS,,,
Pan-UKB::phecode|558|both_sexes||,Pan-UKB,GRCh37,phecode|558|both_sexes||,,phecode,558,Noninfectious gastroenteritis,,,digestive,direct_disease_candidate,"CSA,EUR",CSA,1,verified_from_official_manifest,phecode-558-both_sexes.tsv.bgz,phecode-558-both_sexes.tsv.bgz.tbi,s3://pan-ukb-us-east-1/sumstats_flat_files/phecode-558-both_sexes.tsv.bgz,s3://pan-ukb-us-east-1/sumstats_flat_files_tabix/phecode-558-both_sexes.tsv.bgz.tbi,Pan-UKB official phenotype manifest,UNREVIEWED,187.0,5537.0,h2_z_insignificant,,,,416.0,7235.0,PASS,61.0,2391.0,h2_z_insignificant,17088.0,330270.0,PASS,76.0,1293.0,h2_z_insignificant
Pan-UKB::phecode|574.1|both_sexes||,Pan-UKB,GRCh37,phecode|574.1|both_sexes||,,phecode,574.1,Cholelithiasis,,,digestive,direct_disease_candidate,"EAS,EUR",EAS,1,verified_from_official_manifest,phecode-574.1-both_sexes.tsv.bgz,phecode-574.1-both_sexes.tsv.bgz.tbi,s3://pan-ukb-us-east-1/sumstats_flat_files/phecode-574.1-both_sexes.tsv.bgz,s3://pan-ukb-us-east-1/sumstats_flat_files_tabix/phecode-574.1-both_sexes.tsv.bgz.tbi,Pan-UKB official phenotype manifest,UNREVIEWED,120.0,6470.0,h2_z_insignificant,,,,255.0,8541.0,h2_z_insignificant,68.0,2623.0,PASS,17278.0,399542.0,PASS,,,
Pan-UKB::phecode|594|both_sexes||,Pan-UKB,GRCh37,phecode|594|both_sexes||,,phecode,594,Urinary calculus,,,genitourinary,direct_disease_candidate,"CSA,EUR",CSA,1,verified_from_official_manifest,phecode-594-both_sexes.tsv.bgz,phecode-594-both_sexes.tsv.bgz.tbi,s3://pan-ukb-us-east-1/sumstats_flat_files/phecode-594-both_sexes.tsv.bgz,s3://pan-ukb-us-east-1/sumstats_flat_files_tabix/phecode-594-both_sexes.tsv.bgz.tbi,Pan-UKB official phenotype manifest,UNREVIEWED,90.0,6522.0,h2_z_insignificant,,,,206.0,8639.0,PASS,,,,7593.0,411207.0,PASS,54.0,1538.0,h2_z_insignificant
Pan-UKB::phecode|594.1|both_sexes||,Pan-UKB,GRCh37,phecode|594.1|both_sexes||,,phecode,594.1,Calculus of kidney,,,genitourinary,direct_disease_candidate,"CSA,EUR",CSA,1,verified_from_official_manifest,phecode-594.1-both_sexes.tsv.bgz,phecode-594.1-both_sexes.tsv.bgz.tbi,s3://pan-ukb-us-east-1/sumstats_flat_files/phecode-594.1-both_sexes.tsv.bgz,s3://pan-ukb-us-east-1/sumstats_flat_files_tabix/phecode-594.1-both_sexes.tsv.bgz.tbi,Pan-UKB official phenotype manifest,UNREVIEWED,,,,,,,106.0,8639.0,PASS,,,,3758.0,411207.0,PASS,,,
Pan-UKB::phecode|714|both_sexes||,Pan-UKB,GRCh37,phecode|714|both_sexes||,,phecode,714,Rheumatoid arthritis and other inflammatory polyarthropathies,,,musculoskeletal,direct_disease_candidate,"CSA,EUR",CSA,1,verified_from_official_manifest,phecode-714-both_sexes.tsv.bgz,phecode-714-both_sexes.tsv.bgz.tbi,s3://pan-ukb-us-east-1/sumstats_flat_files/phecode-714-both_sexes.tsv.bgz,s3://pan-ukb-us-east-1/sumstats_flat_files_tabix/phecode-714-both_sexes.tsv.bgz.tbi,Pan-UKB official phenotype manifest,UNREVIEWED,109.0,5939.0,h2_z_insignificant,,,,179.0,7816.0,PASS,,,,6216.0,371238.0,PASS,,,
Pan-UKB::phecode|716|both_sexes||,Pan-UKB,GRCh37,phecode|716|both_sexes||,,phecode,716,Other arthropathies,,,musculoskeletal,direct_disease_candidate,"EAS,EUR",EAS,1,verified_from_official_manifest,phecode-716-both_sexes.tsv.bgz,phecode-716-both_sexes.tsv.bgz.tbi,s3://pan-ukb-us-east-1/sumstats_flat_files/phecode-716-both_sexes.tsv.bgz,s3://pan-ukb-us-east-1/sumstats_flat_files_tabix/phecode-716-both_sexes.tsv.bgz.tbi,Pan-UKB official phenotype manifest,UNREVIEWED,607.0,5922.0,h2_z_insignificant,74.0,892.0,n_too_low,881.0,7845.0,h2_z_insignificant,117.0,2571.0,PASS,42030.0,372332.0,PASS,123.0,1456.0,h2_z_insignificant
Pan-UKB::phecode|716.2|both_sexes||,Pan-UKB,GRCh37,phecode|716.2|both_sexes||,,phecode,716.2,Unspecified monoarthritis,,,musculoskeletal,direct_disease_candidate,"CSA,EAS,EUR,MID","CSA,EAS,MID",3,verified_from_official_manifest,phecode-716.2-both_sexes.tsv.bgz,phecode-716.2-both_sexes.tsv.bgz.tbi,s3://pan-ukb-us-east-1/sumstats_flat_files/phecode-716.2-both_sexes.tsv.bgz,s3://pan-ukb-us-east-1/sumstats_flat_files_tabix/phecode-716.2-both_sexes.tsv.bgz.tbi,Pan-UKB official phenotype manifest,UNREVIEWED,341.0,5922.0,h2_z_insignificant,,,,504.0,7845.0,PASS,63.0,2571.0,PASS,20094.0,372332.0,PASS,63.0,1456.0,PASS
Pan-UKB::phecode|716.9|both_sexes||,Pan-UKB,GRCh37,phecode|716.9|both_sexes||,,phecode,716.9,Arthropathy NOS,,,musculoskeletal,direct_disease_candidate,"EAS,EUR",EAS,1,verified_from_official_manifest,phecode-716.9-both_sexes.tsv.bgz,phecode-716.9-both_sexes.tsv.bgz.tbi,s3://pan-ukb-us-east-1/sumstats_flat_files/phecode-716.9-both_sexes.tsv.bgz,s3://pan-ukb-us-east-1/sumstats_flat_files_tabix/phecode-716.9-both_sexes.tsv.bgz.tbi,Pan-UKB official phenotype manifest,UNREVIEWED,605.0,5922.0,h2_z_insignificant,74.0,892.0,n_too_low,880.0,7845.0,h2_z_insignificant,117.0,2571.0,PASS,41824.0,372332.0,PASS,122.0,1456.0,h2_z_insignificant
Pan-UKB::phecode|740|both_sexes||,Pan-UKB,GRCh37,phecode|740|both_sexes||,,phecode,740,Osteoarthrosis,,,musculoskeletal,direct_disease_candidate,"EUR,MID",MID,1,verified_from_official_manifest,phecode-740-both_sexes.tsv.bgz,phecode-740-both_sexes.tsv.bgz.tbi,s3://pan-ukb-us-east-1/sumstats_flat_files/phecode-740-both_sexes.tsv.bgz,s3://pan-ukb-us-east-1/sumstats_flat_files_tabix/phecode-740-both_sexes.tsv.bgz.tbi,Pan-UKB official phenotype manifest,UNREVIEWED,423.0,6213.0,h2_z_insignificant,53.0,927.0,n_too_low,547.0,8329.0,h2_z_insignificant,74.0,2635.0,h2_z_insignificant,36073.0,384458.0,PASS,86.0,1513.0,PASS
Pan-UKB::phecode|760|both_sexes||,Pan-UKB,GRCh37,phecode|760|both_sexes||,,phecode,760,Back pain,,,symptoms,direct_disease_candidate,"CSA,EUR",CSA,1,verified_from_official_manifest,phecode-760-both_sexes.tsv.bgz,phecode-760-both_sexes.tsv.bgz.tbi,s3://pan-ukb-us-east-1/sumstats_flat_files/phecode-760-both_sexes.tsv.bgz,s3://pan-ukb-us-east-1/sumstats_flat_files_tabix/phecode-760-both_sexes.tsv.bgz.tbi,Pan-UKB official phenotype manifest,UNREVIEWED,426.0,6210.0,h2_z_insignificant,,,,536.0,8340.0,PASS,59.0,2650.0,h2_z_insignificant,17794.0,402737.0,PASS,96.0,1503.0,h2_z_insignificant
Pan-UKB::phecode|785|both_sexes||,Pan-UKB,GRCh37,phecode|785|both_sexes||,,phecode,785,Abdominal pain,,,symptoms,direct_disease_candidate,"CSA,EUR",CSA,1,verified_from_official_manifest,phecode-785-both_sexes.tsv.bgz,phecode-785-both_sexes.tsv.bgz.tbi,s3://pan-ukb-us-east-1/sumstats_flat_files/phecode-785-both_sexes.tsv.bgz,s3://pan-ukb-us-east-1/sumstats_flat_files_tabix/phecode-785-both_sexes.tsv.bgz.tbi,Pan-UKB official phenotype manifest,UNREVIEWED,998.0,5638.0,h2_z_insignificant,141.0,839.0,n_too_low,1237.0,7639.0,PASS,289.0,2420.0,h2_z_insignificant,47295.0,373236.0,PASS,235.0,1364.0,h2_z_insignificant
Pan-UKB::phecode|835|both_sexes||,Pan-UKB,GRCh37,phecode|835|both_sexes||,,phecode,835,Internal derangement of knee,,,injuries & poisonings,direct_disease_candidate,"EUR,MID",MID,1,verified_from_official_manifest,phecode-835-both_sexes.tsv.bgz,phecode-835-both_sexes.tsv.bgz.tbi,s3://pan-ukb-us-east-1/sumstats_flat_files/phecode-835-both_sexes.tsv.bgz,s3://pan-ukb-us-east-1/sumstats_flat_files_tabix/phecode-835-both_sexes.tsv.bgz.tbi,Pan-UKB official phenotype manifest,UNREVIEWED,276.0,6291.0,h2_z_insignificant,,,,399.0,8393.0,h2_z_insignificant,63.0,2630.0,h2_z_insignificant,17832.0,397432.0,PASS,67.0,1521.0,PASS
Pan-UKB::phecode|960|both_sexes||,Pan-UKB,GRCh37,phecode|960|both_sexes||,,phecode,960,Poisoning by antibiotics,,,injuries & poisonings,direct_disease_candidate,"CSA,EUR",CSA,1,verified_from_official_manifest,phecode-960-both_sexes.tsv.bgz,phecode-960-both_sexes.tsv.bgz.tbi,s3://pan-ukb-us-east-1/sumstats_flat_files/phecode-960-both_sexes.tsv.bgz,s3://pan-ukb-us-east-1/sumstats_flat_files_tabix/phecode-960-both_sexes.tsv.bgz.tbi,Pan-UKB official phenotype manifest,UNREVIEWED,334.0,6089.0,h2_z_insignificant,,,,479.0,8150.0,PASS,108.0,2535.0,h2_z_insignificant,23061.0,383239.0,PASS,83.0,1478.0,h2_z_insignificant
Pan-UKB::phecode|960.2|both_sexes||,Pan-UKB,GRCh37,phecode|960.2|both_sexes||,,phecode,960.2,Allergy/adverse effect of penicillin,,,injuries & poisonings,direct_disease_candidate,"CSA,EUR",CSA,1,verified_from_official_manifest,phecode-960.2-both_sexes.tsv.bgz,phecode-960.2-both_sexes.tsv.bgz.tbi,s3://pan-ukb-us-east-1/sumstats_flat_files/phecode-960.2-both_sexes.tsv.bgz,s3://pan-ukb-us-east-1/sumstats_flat_files_tabix/phecode-960.2-both_sexes.tsv.bgz.tbi,Pan-UKB official phenotype manifest,UNREVIEWED,298.0,6089.0,h2_z_insignificant,,,,434.0,8150.0,PASS,93.0,2535.0,h2_z_insignificant,20021.0,383239.0,PASS,72.0,1478.0,h2_z_insignificant
Pan-UKB::prescriptions|ACE inhibitor|anti-hypertensive|both_sexes||,Pan-UKB,GRCh37,prescriptions|ACE inhibitor|anti-hypertensive|both_sexes||,,prescriptions,ACE inhibitor|anti-hypertensive,,,,,other_candidate,"EUR,MID",MID,1,verified_from_official_manifest,prescriptions-ACE_inhibitor|anti-hypertensive-both_sexes.tsv.bgz,prescriptions-ACE_inhibitor|anti-hypertensive-both_sexes.tsv.bgz.tbi,s3://pan-ukb-us-east-1/sumstats_flat_files/prescriptions-ACE_inhibitor|anti-hypertensive-both_sexes.tsv.bgz,s3://pan-ukb-us-east-1/sumstats_flat_files_tabix/prescriptions-ACE_inhibitor|anti-hypertensive-both_sexes.tsv.bgz.tbi,Pan-UKB official phenotype manifest,UNREVIEWED,443.0,6193.0,h2_z_insignificant,51.0,929.0,n_too_low,1270.0,7606.0,h2_z_insignificant,165.0,2544.0,h2_z_insignificant,37950.0,382581.0,PASS,142.0,1457.0,PASS
Pan-UKB::prescriptions|GABA agonist|sedative|both_sexes||,Pan-UKB,GRCh37,prescriptions|GABA agonist|sedative|both_sexes||,,prescriptions,GABA agonist|sedative,,,,,other_candidate,"AFR,CSA,EUR","AFR,CSA",2,verified_from_official_manifest,prescriptions-GABA_agonist|sedative-both_sexes.tsv.bgz,prescriptions-GABA_agonist|sedative-both_sexes.tsv.bgz.tbi,s3://pan-ukb-us-east-1/sumstats_flat_files/prescriptions-GABA_agonist|sedative-both_sexes.tsv.bgz,s3://pan-ukb-us-east-1/sumstats_flat_files_tabix/prescriptions-GABA_agonist|sedative-both_sexes.tsv.bgz.tbi,Pan-UKB official phenotype manifest,UNREVIEWED,186.0,6450.0,PASS,,,,430.0,8446.0,PASS,68.0,2641.0,h2_z_insignificant,15354.0,405177.0,PASS,71.0,1528.0,h2_z_insignificant
Pan-UKB::prescriptions|amlodipine|both_sexes||,Pan-UKB,GRCh37,prescriptions|amlodipine|both_sexes||,,prescriptions,amlodipine,,,,"calcium channel blocker,dihydropyridine,anti-hypertensive",other_candidate,"EUR,MID",MID,1,verified_from_official_manifest,prescriptions-amlodipine-both_sexes.tsv.bgz,prescriptions-amlodipine-both_sexes.tsv.bgz.tbi,s3://pan-ukb-us-east-1/sumstats_flat_files/prescriptions-amlodipine-both_sexes.tsv.bgz,s3://pan-ukb-us-east-1/sumstats_flat_files_tabix/prescriptions-amlodipine-both_sexes.tsv.bgz.tbi,Pan-UKB official phenotype manifest,UNREVIEWED,579.0,6057.0,h2_z_insignificant,,,,1019.0,7857.0,h2_z_insignificant,147.0,2562.0,h2_z_insignificant,27258.0,393273.0,PASS,101.0,1498.0,PASS
Pan-UKB::prescriptions|amoxicillin/clavulanic acid|both_sexes||,Pan-UKB,GRCh37,prescriptions|amoxicillin/clavulanic acid|both_sexes||,,prescriptions,amoxicillin/clavulanic acid,,,,"beta-lactam antibiotic,beta-lactamase inhibitor,antibiotic",other_candidate,"EUR,MID",MID,1,verified_from_official_manifest,prescriptions-amoxicillin_clavulanic_acid-both_sexes.tsv.bgz,prescriptions-amoxicillin_clavulanic_acid-both_sexes.tsv.bgz.tbi,s3://pan-ukb-us-east-1/sumstats_flat_files/prescriptions-amoxicillin_clavulanic_acid-both_sexes.tsv.bgz,s3://pan-ukb-us-east-1/sumstats_flat_files_tabix/prescriptions-amoxicillin_clavulanic_acid-both_sexes.tsv.bgz.tbi,Pan-UKB official phenotype manifest,UNREVIEWED,294.0,6342.0,h2_z_insignificant,,,,882.0,7994.0,h2_z_insignificant,94.0,2615.0,h2_z_insignificant,27703.0,392828.0,PASS,118.0,1481.0,PASS
Pan-UKB::prescriptions|anticonvulsant|voltage-gated calcium channel inhibitor|neuropathy|both_sexes||,Pan-UKB,GRCh37,prescriptions|anticonvulsant|voltage-gated calcium channel inhibitor|neuropathy|both_sexes||,,prescriptions,anticonvulsant|voltage-gated calcium channel inhibitor|neuropathy,,,,,other_candidate,"CSA,EUR",CSA,1,verified_from_official_manifest,prescriptions-anticonvulsant|voltage-gated_calcium_channel_inhibitor|neuropathy-both_sexes.tsv.bgz,prescriptions-anticonvulsant|voltage-gated_calcium_channel_inhibitor|neuropathy-both_sexes.tsv.bgz.tbi,s3://pan-ukb-us-east-1/sumstats_flat_files/prescriptions-anticonvulsant|voltage-gated_calcium_channel_inhibitor|neuropathy-both_sexes.tsv.bgz,s3://pan-ukb-us-east-1/sumstats_flat_files_tabix/prescriptions-anticonvulsant|voltage-gated_calcium_channel_inhibitor|neuropathy-both_sexes.tsv.bgz.tbi,Pan-UKB official phenotype manifest,UNREVIEWED,132.0,6504.0,h2_z_insignificant,,,,326.0,8550.0,PASS,,,,9937.0,410594.0,PASS,,,
Pan-UKB::prescriptions|antipyretic|both_sexes||,Pan-UKB,GRCh37,prescriptions|antipyretic|both_sexes||,,prescriptions,antipyretic,,,,,other_candidate,"CSA,EUR",CSA,1,verified_from_official_manifest,prescriptions-antipyretic-both_sexes.tsv.bgz,prescriptions-antipyretic-both_sexes.tsv.bgz.tbi,s3://pan-ukb-us-east-1/sumstats_flat_files/prescriptions-antipyretic-both_sexes.tsv.bgz,s3://pan-ukb-us-east-1/sumstats_flat_files_tabix/prescriptions-antipyretic-both_sexes.tsv.bgz.tbi,Pan-UKB official phenotype manifest,UNREVIEWED,572.0,6064.0,h2_z_insignificant,72.0,908.0,n_too_low,1668.0,7208.0,PASS,156.0,2553.0,h2_z_insignificant,40391.0,380140.0,PASS,183.0,1416.0,h2_z_insignificant
Pan-UKB::prescriptions|antispasmodic|both_sexes||,Pan-UKB,GRCh37,prescriptions|antispasmodic|both_sexes||,,prescriptions,antispasmodic,,,,,other_candidate,"AFR,CSA,EUR","AFR,CSA",2,verified_from_official_manifest,prescriptions-antispasmodic-both_sexes.tsv.bgz,prescriptions-antispasmodic-both_sexes.tsv.bgz.tbi,s3://pan-ukb-us-east-1/sumstats_flat_files/prescriptions-antispasmodic-both_sexes.tsv.bgz,s3://pan-ukb-us-east-1/sumstats_flat_files_tabix/prescriptions-antispasmodic-both_sexes.tsv.bgz.tbi,Pan-UKB official phenotype manifest,UNREVIEWED,177.0,6459.0,PASS,,,,455.0,8421.0,PASS,59.0,2650.0,h2_z_insignificant,15612.0,404919.0,PASS,64.0,1535.0,h2_z_insignificant
Pan-UKB::prescriptions|bendroflumethiazide|both_sexes||,Pan-UKB,GRCh37,prescriptions|bendroflumethiazide|both_sexes||,,prescriptions,bendroflumethiazide,,,,"thiazide diuretic,diuretic",other_candidate,"EUR,MID",MID,1,verified_from_official_manifest,prescriptions-bendroflumethiazide-both_sexes.tsv.bgz,prescriptions-bendroflumethiazide-both_sexes.tsv.bgz.tbi,s3://pan-ukb-us-east-1/sumstats_flat_files/prescriptions-bendroflumethiazide-both_sexes.tsv.bgz,s3://pan-ukb-us-east-1/sumstats_flat_files_tabix/prescriptions-bendroflumethiazide-both_sexes.tsv.bgz.tbi,Pan-UKB official phenotype manifest,UNREVIEWED,380.0,6256.0,h2_z_insignificant,,,,576.0,8300.0,h2_z_insignificant,78.0,2631.0,h2_z_insignificant,23899.0,396632.0,PASS,70.0,1529.0,PASS
Pan-UKB::prescriptions|beta-lactam antibiotic|beta-lactamase inhibitor|antibiotic|both_sexes||,Pan-UKB,GRCh37,prescriptions|beta-lactam antibiotic|beta-lactamase inhibitor|antibiotic|both_sexes||,,prescriptions,beta-lactam antibiotic|beta-lactamase inhibitor|antibiotic,,,,,other_candidate,"EUR,MID",MID,1,verified_from_official_manifest,prescriptions-beta-lactam_antibiotic|beta-lactamase_inhibitor|antibiotic-both_sexes.tsv.bgz,prescriptions-beta-lactam_antibiotic|beta-lactamase_inhibitor|antibiotic-both_sexes.tsv.bgz.tbi,s3://pan-ukb-us-east-1/sumstats_flat_files/prescriptions-beta-lactam_antibiotic|beta-lactamase_inhibitor|antibiotic-both_sexes.tsv.bgz,s3://pan-ukb-us-east-1/sumstats_flat_files_tabix/prescriptions-beta-lactam_antibiotic|beta-lactamase_inhibitor|antibiotic-both_sexes.tsv.bgz.tbi,Pan-UKB official phenotype manifest,UNREVIEWED,294.0,6342.0,h2_z_insignificant,,,,882.0,7994.0,h2_z_insignificant,94.0,2615.0,h2_z_insignificant,27703.0,392828.0,PASS,118.0,1481.0,PASS
Pan-UKB::prescriptions|biguanides|diabetes|both_sexes||,Pan-UKB,GRCh37,prescriptions|biguanides|diabetes|both_sexes||,,prescriptions,biguanides|diabetes,,,,,other_candidate,"AFR,CSA,EUR","AFR,CSA",2,verified_from_official_manifest,prescriptions-biguanides|diabetes-both_sexes.tsv.bgz,prescriptions-biguanides|diabetes-both_sexes.tsv.bgz.tbi,s3://pan-ukb-us-east-1/sumstats_flat_files/prescriptions-biguanides|diabetes-both_sexes.tsv.bgz,s3://pan-ukb-us-east-1/sumstats_flat_files_tabix/prescriptions-biguanides|diabetes-both_sexes.tsv.bgz.tbi,Pan-UKB official phenotype manifest,UNREVIEWED,280.0,6356.0,PASS,,,,930.0,7946.0,PASS,91.0,2618.0,h2_z_insignificant,9621.0,410910.0,PASS,88.0,1511.0,h2_z_insignificant
Pan-UKB::prescriptions|calcium channel blocker|dihydropyridine|anti-hypertensive|both_sexes||,Pan-UKB,GRCh37,prescriptions|calcium channel blocker|dihydropyridine|anti-hypertensive|both_sexes||,,prescriptions,calcium channel blocker|dihydropyridine|anti-hypertensive,,,,,other_candidate,"EUR,MID",MID,1,verified_from_official_manifest,prescriptions-calcium_channel_blocker|dihydropyridine|anti-hypertensive-both_sexes.tsv.bgz,prescriptions-calcium_channel_blocker|dihydropyridine|anti-hypertensive-both_sexes.tsv.bgz.tbi,s3://pan-ukb-us-east-1/sumstats_flat_files/prescriptions-calcium_channel_blocker|dihydropyridine|anti-hypertensive-both_sexes.tsv.bgz,s3://pan-ukb-us-east-1/sumstats_flat_files_tabix/prescriptions-calcium_channel_blocker|dihydropyridine|anti-hypertensive-both_sexes.tsv.bgz.tbi,Pan-UKB official phenotype manifest,UNREVIEWED,620.0,6016.0,h2_z_insignificant,,,,1078.0,7798.0,h2_z_insignificant,153.0,2556.0,h2_z_insignificant,30420.0,390111.0,PASS,111.0,1488.0,PASS
Pan-UKB::prescriptions|citalopram|both_sexes||,Pan-UKB,GRCh37,prescriptions|citalopram|both_sexes||,,prescriptions,citalopram,,,,"selective serotonin re-uptake inhibitor,SSRI",other_candidate,"AFR,EUR",AFR,1,verified_from_official_manifest,prescriptions-citalopram-both_sexes.tsv.bgz,prescriptions-citalopram-both_sexes.tsv.bgz.tbi,s3://pan-ukb-us-east-1/sumstats_flat_files/prescriptions-citalopram-both_sexes.tsv.bgz,s3://pan-ukb-us-east-1/sumstats_flat_files_tabix/prescriptions-citalopram-both_sexes.tsv.bgz.tbi,Pan-UKB official phenotype manifest,UNREVIEWED,171.0,6465.0,PASS,,,,371.0,8505.0,h2_z_insignificant,,,,17807.0,402724.0,PASS,70.0,1529.0,h2_z_insignificant
Pan-UKB::prescriptions|clarithromycin|both_sexes||,Pan-UKB,GRCh37,prescriptions|clarithromycin|both_sexes||,,prescriptions,clarithromycin,,,,"macrolide antibiotic,antibiotic",other_candidate,"AFR,EUR",AFR,1,verified_from_official_manifest,prescriptions-clarithromycin-both_sexes.tsv.bgz,prescriptions-clarithromycin-both_sexes.tsv.bgz.tbi,s3://pan-ukb-us-east-1/sumstats_flat_files/prescriptions-clarithromycin-both_sexes.tsv.bgz,s3://pan-ukb-us-east-1/sumstats_flat_files_tabix/prescriptions-clarithromycin-both_sexes.tsv.bgz.tbi,Pan-UKB official phenotype manifest,UNREVIEWED,261.0,6375.0,PASS,57.0,923.0,n_too_low,856.0,8020.0,h2_z_insignificant,105.0,2604.0,h2_z_insignificant,23797.0,396734.0,PASS,119.0,1480.0,h2_z_insignificant
Pan-UKB::prescriptions|gabapentin|both_sexes||,Pan-UKB,GRCh37,prescriptions|gabapentin|both_sexes||,,prescriptions,gabapentin,,,,"anticonvulsant,voltage-gated calcium channel inhibitor,neuropathy",other_candidate,"CSA,EUR",CSA,1,verified_from_official_manifest,prescriptions-gabapentin-both_sexes.tsv.bgz,prescriptions-gabapentin-both_sexes.tsv.bgz.tbi,s3://pan-ukb-us-east-1/sumstats_flat_files/prescriptions-gabapentin-both_sexes.tsv.bgz,s3://pan-ukb-us-east-1/sumstats_flat_files_tabix/prescriptions-gabapentin-both_sexes.tsv.bgz.tbi,Pan-UKB official phenotype manifest,UNREVIEWED,132.0,6504.0,h2_z_insignificant,,,,326.0,8550.0,PASS,,,,9937.0,410594.0,PASS,,,
Pan-UKB::prescriptions|gliclazide|both_sexes||,Pan-UKB,GRCh37,prescriptions|gliclazide|both_sexes||,,prescriptions,gliclazide,,,,"sulfonylurea,diabetes",other_candidate,"CSA,EUR",CSA,1,verified_from_official_manifest,prescriptions-gliclazide-both_sexes.tsv.bgz,prescriptions-gliclazide-both_sexes.tsv.bgz.tbi,s3://pan-ukb-us-east-1/sumstats_flat_files/prescriptions-gliclazide-both_sexes.tsv.bgz,s3://pan-ukb-us-east-1/sumstats_flat_files_tabix/prescriptions-gliclazide-both_sexes.tsv.bgz.tbi,Pan-UKB official phenotype manifest,UNREVIEWED,117.0,6519.0,h2_z_insignificant,,,,437.0,8439.0,PASS,,,,4246.0,416285.0,PASS,,,
Pan-UKB::prescriptions|latanoprost|both_sexes||,Pan-UKB,GRCh37,prescriptions|latanoprost|both_sexes||,,prescriptions,latanoprost,,,,prostaglandin analog,other_candidate,"CSA,EUR",CSA,1,verified_from_official_manifest,prescriptions-latanoprost-both_sexes.tsv.bgz,prescriptions-latanoprost-both_sexes.tsv.bgz.tbi,s3://pan-ukb-us-east-1/sumstats_flat_files/prescriptions-latanoprost-both_sexes.tsv.bgz,s3://pan-ukb-us-east-1/sumstats_flat_files_tabix/prescriptions-latanoprost-both_sexes.tsv.bgz.tbi,Pan-UKB official phenotype manifest,UNREVIEWED,74.0,6562.0,h2_z_insignificant,,,,90.0,8786.0,PASS,,,,2914.0,417617.0,PASS,,,
Pan-UKB::prescriptions|lipase inhibitor|obesity|both_sexes||,Pan-UKB,GRCh37,prescriptions|lipase inhibitor|obesity|both_sexes||,,prescriptions,lipase inhibitor|obesity,,,,,other_candidate,"CSA,EUR",CSA,1,verified_from_official_manifest,prescriptions-lipase_inhibitor|obesity-both_sexes.tsv.bgz,prescriptions-lipase_inhibitor|obesity-both_sexes.tsv.bgz.tbi,s3://pan-ukb-us-east-1/sumstats_flat_files/prescriptions-lipase_inhibitor|obesity-both_sexes.tsv.bgz,s3://pan-ukb-us-east-1/sumstats_flat_files_tabix/prescriptions-lipase_inhibitor|obesity-both_sexes.tsv.bgz.tbi,Pan-UKB official phenotype manifest,UNREVIEWED,96.0,6540.0,h2_z_insignificant,,,,171.0,8705.0,PASS,,,,4289.0,416242.0,PASS,,,
Pan-UKB::prescriptions|mebeverine|both_sexes||,Pan-UKB,GRCh37,prescriptions|mebeverine|both_sexes||,,prescriptions,mebeverine,,,,antispasmodic,other_candidate,"AFR,CSA,EUR","AFR,CSA",2,verified_from_official_manifest,prescriptions-mebeverine-both_sexes.tsv.bgz,prescriptions-mebeverine-both_sexes.tsv.bgz.tbi,s3://pan-ukb-us-east-1/sumstats_flat_files/prescriptions-mebeverine-both_sexes.tsv.bgz,s3://pan-ukb-us-east-1/sumstats_flat_files_tabix/prescriptions-mebeverine-both_sexes.tsv.bgz.tbi,Pan-UKB official phenotype manifest,UNREVIEWED,169.0,6467.0,PASS,,,,426.0,8450.0,PASS,57.0,2652.0,h2_z_insignificant,14876.0,405655.0,PASS,59.0,1540.0,h2_z_insignificant
Pan-UKB::prescriptions|metformin|both_sexes||,Pan-UKB,GRCh37,prescriptions|metformin|both_sexes||,,prescriptions,metformin,,,,"biguanides,diabetes",other_candidate,"CSA,EUR",CSA,1,verified_from_official_manifest,prescriptions-metformin-both_sexes.tsv.bgz,prescriptions-metformin-both_sexes.tsv.bgz.tbi,s3://pan-ukb-us-east-1/sumstats_flat_files/prescriptions-metformin-both_sexes.tsv.bgz,s3://pan-ukb-us-east-1/sumstats_flat_files_tabix/prescriptions-metformin-both_sexes.tsv.bgz.tbi,Pan-UKB official phenotype manifest,UNREVIEWED,280.0,6356.0,h2_z_insignificant,,,,930.0,7946.0,PASS,91.0,2618.0,h2_z_insignificant,9621.0,410910.0,PASS,88.0,1511.0,h2_z_insignificant
Pan-UKB::prescriptions|opioid analgesic|selective serotonin re-uptake inhibitor|norepinephrine re-uptake inhibitor|both_sexes||,Pan-UKB,GRCh37,prescriptions|opioid analgesic|selective serotonin re-uptake inhibitor|norepinephrine re-uptake inhibitor|both_sexes||,,prescriptions,opioid analgesic|selective serotonin re-uptake inhibitor|norepinephrine re-uptake inhibitor,,,,,other_candidate,"EUR,MID",MID,1,verified_from_official_manifest,prescriptions-opioid_analgesic|selective_serotonin_re-uptake_inhibitor|norepinephrine_re-uptake_inhibitor-both_sexes.tsv.bgz,prescriptions-opioid_analgesic|selective_serotonin_re-uptake_inhibitor|norepinephrine_re-uptake_inhibitor-both_sexes.tsv.bgz.tbi,s3://pan-ukb-us-east-1/sumstats_flat_files/prescriptions-opioid_analgesic|selective_serotonin_re-uptake_inhibitor|norepinephrine_re-uptake_inhibitor-both_sexes.tsv.bgz,s3://pan-ukb-us-east-1/sumstats_flat_files_tabix/prescriptions-opioid_analgesic|selective_serotonin_re-uptake_inhibitor|norepinephrine_re-uptake_inhibitor-both_sexes.tsv.bgz.tbi,Pan-UKB official phenotype manifest,UNREVIEWED,294.0,6342.0,h2_z_insignificant,,,,670.0,8206.0,h2_z_insignificant,56.0,2653.0,h2_z_insignificant,22929.0,397602.0,PASS,85.0,1514.0,PASS
Pan-UKB::prescriptions|orlistat|both_sexes||,Pan-UKB,GRCh37,prescriptions|orlistat|both_sexes||,,prescriptions,orlistat,,,,"lipase inhibitor,obesity",other_candidate,"CSA,EUR",CSA,1,verified_from_official_manifest,prescriptions-orlistat-both_sexes.tsv.bgz,prescriptions-orlistat-both_sexes.tsv.bgz.tbi,s3://pan-ukb-us-east-1/sumstats_flat_files/prescriptions-orlistat-both_sexes.tsv.bgz,s3://pan-ukb-us-east-1/sumstats_flat_files_tabix/prescriptions-orlistat-both_sexes.tsv.bgz.tbi,Pan-UKB official phenotype manifest,UNREVIEWED,96.0,6540.0,h2_z_insignificant,,,,171.0,8705.0,PASS,,,,4289.0,416242.0,PASS,,,
Pan-UKB::prescriptions|paracetamol|both_sexes||,Pan-UKB,GRCh37,prescriptions|paracetamol|both_sexes||,,prescriptions,paracetamol,,,,antipyretic,other_candidate,"CSA,EUR",CSA,1,verified_from_official_manifest,prescriptions-paracetamol-both_sexes.tsv.bgz,prescriptions-paracetamol-both_sexes.tsv.bgz.tbi,s3://pan-ukb-us-east-1/sumstats_flat_files/prescriptions-paracetamol-both_sexes.tsv.bgz,s3://pan-ukb-us-east-1/sumstats_flat_files_tabix/prescriptions-paracetamol-both_sexes.tsv.bgz.tbi,Pan-UKB official phenotype manifest,UNREVIEWED,572.0,6064.0,h2_z_insignificant,72.0,908.0,n_too_low,1668.0,7208.0,PASS,156.0,2553.0,h2_z_insignificant,40391.0,380140.0,PASS,183.0,1416.0,h2_z_insignificant
Pan-UKB::prescriptions|selective serotonin re-uptake inhibitor|SSRI|both_sexes||,Pan-UKB,GRCh37,prescriptions|selective serotonin re-uptake inhibitor|SSRI|both_sexes||,,prescriptions,selective serotonin re-uptake inhibitor|SSRI,,,,,other_candidate,"AFR,CSA,EUR","AFR,CSA",2,verified_from_official_manifest,prescriptions-selective_serotonin_re-uptake_inhibitor|SSRI-both_sexes.tsv.bgz,prescriptions-selective_serotonin_re-uptake_inhibitor|SSRI-both_sexes.tsv.bgz.tbi,s3://pan-ukb-us-east-1/sumstats_flat_files/prescriptions-selective_serotonin_re-uptake_inhibitor|SSRI-both_sexes.tsv.bgz,s3://pan-ukb-us-east-1/sumstats_flat_files_tabix/prescriptions-selective_serotonin_re-uptake_inhibitor|SSRI-both_sexes.tsv.bgz.tbi,Pan-UKB official phenotype manifest,UNREVIEWED,233.0,6403.0,PASS,50.0,930.0,n_too_low,558.0,8318.0,PASS,73.0,2636.0,h2_z_insignificant,26910.0,393621.0,PASS,100.0,1499.0,h2_z_insignificant
Pan-UKB::prescriptions|sulfonylurea|diabetes|both_sexes||,Pan-UKB,GRCh37,prescriptions|sulfonylurea|diabetes|both_sexes||,,prescriptions,sulfonylurea|diabetes,,,,,other_candidate,"CSA,EUR",CSA,1,verified_from_official_manifest,prescriptions-sulfonylurea|diabetes-both_sexes.tsv.bgz,prescriptions-sulfonylurea|diabetes-both_sexes.tsv.bgz.tbi,s3://pan-ukb-us-east-1/sumstats_flat_files/prescriptions-sulfonylurea|diabetes-both_sexes.tsv.bgz,s3://pan-ukb-us-east-1/sumstats_flat_files_tabix/prescriptions-sulfonylurea|diabetes-both_sexes.tsv.bgz.tbi,Pan-UKB official phenotype manifest,UNREVIEWED,121.0,6515.0,h2_z_insignificant,,,,456.0,8420.0,PASS,,,,4406.0,416125.0,PASS,,,
Pan-UKB::prescriptions|thiazide diuretic|diuretic|both_sexes||,Pan-UKB,GRCh37,prescriptions|thiazide diuretic|diuretic|both_sexes||,,prescriptions,thiazide diuretic|diuretic,,,,,other_candidate,"EAS,EUR,MID","EAS,MID",2,verified_from_official_manifest,prescriptions-thiazide_diuretic|diuretic-both_sexes.tsv.bgz,prescriptions-thiazide_diuretic|diuretic-both_sexes.tsv.bgz.tbi,s3://pan-ukb-us-east-1/sumstats_flat_files/prescriptions-thiazide_diuretic|diuretic-both_sexes.tsv.bgz,s3://pan-ukb-us-east-1/sumstats_flat_files_tabix/prescriptions-thiazide_diuretic|diuretic-both_sexes.tsv.bgz.tbi,Pan-UKB official phenotype manifest,UNREVIEWED,433.0,6203.0,h2_z_insignificant,,,,663.0,8213.0,h2_z_insignificant,84.0,2625.0,PASS,25934.0,394597.0,PASS,84.0,1515.0,PASS
Pan-UKB::prescriptions|tramadol|both_sexes||,Pan-UKB,GRCh37,prescriptions|tramadol|both_sexes||,,prescriptions,tramadol,,,,"opioid analgesic,selective serotonin re-uptake inhibitor,norepinephrine re-uptake inhibitor",other_candidate,"EUR,MID",MID,1,verified_from_official_manifest,prescriptions-tramadol-both_sexes.tsv.bgz,prescriptions-tramadol-both_sexes.tsv.bgz.tbi,s3://pan-ukb-us-east-1/sumstats_flat_files/prescriptions-tramadol-both_sexes.tsv.bgz,s3://pan-ukb-us-east-1/sumstats_flat_files_tabix/prescriptions-tramadol-both_sexes.tsv.bgz.tbi,Pan-UKB official phenotype manifest,UNREVIEWED,294.0,6342.0,h2_z_insignificant,,,,,,,56.0,2653.0,h2_z_insignificant,22929.0,397602.0,PASS,85.0,1514.0,PASS
Pan-UKB::prescriptions|zopiclone|both_sexes||,Pan-UKB,GRCh37,prescriptions|zopiclone|both_sexes||,,prescriptions,zopiclone,,,,"GABA agonist,sedative",other_candidate,"AFR,CSA,EUR","AFR,CSA",2,verified_from_official_manifest,prescriptions-zopiclone-both_sexes.tsv.bgz,prescriptions-zopiclone-both_sexes.tsv.bgz.tbi,s3://pan-ukb-us-east-1/sumstats_flat_files/prescriptions-zopiclone-both_sexes.tsv.bgz,s3://pan-ukb-us-east-1/sumstats_flat_files_tabix/prescriptions-zopiclone-both_sexes.tsv.bgz.tbi,Pan-UKB official phenotype manifest,UNREVIEWED,170.0,6466.0,PASS,,,,382.0,8494.0,PASS,66.0,2643.0,h2_z_insignificant,14323.0,406208.0,PASS,65.0,1534.0,h2_z_insignificant
GBMI::AAA,GBMI,GRCh38,AAA,AAA,disease,,Abdominal aortic aneurysm,,,GBMI published pilot endpoint,direct_disease_candidate,,,,TO_VERIFY_FROM_ORIGINAL_ENDPOINT_FILES,,,,,GBMI pilot release 052021,UNREVIEWED,,,,,,,,,,,,,,,,,,
GBMI::AcApp,GBMI,GRCh38,AcApp,AcApp,disease,,Acute appendicitis,,,GBMI published pilot endpoint,direct_disease_candidate,,,,TO_VERIFY_FROM_ORIGINAL_ENDPOINT_FILES,,,,,GBMI pilot release 052021,UNREVIEWED,,,,,,,,,,,,,,,,,,
GBMI::Asthma,GBMI,GRCh38,Asthma,Asthma,disease,,Asthma,,,GBMI published pilot endpoint,direct_disease_candidate,,,,TO_VERIFY_FROM_ORIGINAL_ENDPOINT_FILES,,,,,GBMI pilot release 052021,UNREVIEWED,,,,,,,,,,,,,,,,,,
GBMI::Appendectomy,GBMI,GRCh38,Appendectomy,Appendectomy,procedure,,Appendectomy,,,GBMI published pilot endpoint,procedure_candidate,,,,TO_VERIFY_FROM_ORIGINAL_ENDPOINT_FILES,,,,,GBMI pilot release 052021,UNREVIEWED,,,,,,,,,,,,,,,,,,
GBMI::COPD,GBMI,GRCh38,COPD,COPD,disease,,Chronic obstructive pulmonary disease,,,GBMI published pilot endpoint,direct_disease_candidate,,,,TO_VERIFY_FROM_ORIGINAL_ENDPOINT_FILES,,,,,GBMI pilot release 052021,UNREVIEWED,,,,,,,,,,,,,,,,,,
GBMI::Gout,GBMI,GRCh38,Gout,Gout,disease,,Gout,,,GBMI published pilot endpoint,direct_disease_candidate,,,,TO_VERIFY_FROM_ORIGINAL_ENDPOINT_FILES,,,,,GBMI pilot release 052021,UNREVIEWED,,,,,,,,,,,,,,,,,,
GBMI::HCM,GBMI,GRCh38,HCM,HCM,disease,,Hypertrophic cardiomyopathy,,,GBMI published pilot endpoint,direct_disease_candidate,,,,TO_VERIFY_FROM_ORIGINAL_ENDPOINT_FILES,,,,,GBMI pilot release 052021,UNREVIEWED,,,,,,,,,,,,,,,,,,
GBMI::HF,GBMI,GRCh38,HF,HF,disease,,Heart failure,,,GBMI published pilot endpoint,direct_disease_candidate,,,,TO_VERIFY_FROM_ORIGINAL_ENDPOINT_FILES,,,,,GBMI pilot release 052021,UNREVIEWED,,,,,,,,,,,,,,,,,,
GBMI::IPF,GBMI,GRCh38,IPF,IPF,disease,,Idiopathic pulmonary fibrosis,,,GBMI published pilot endpoint,direct_disease_candidate,,,,TO_VERIFY_FROM_ORIGINAL_ENDPOINT_FILES,,,,,GBMI pilot release 052021,UNREVIEWED,,,,,,,,,,,,,,,,,,
GBMI::POAG,GBMI,GRCh38,POAG,POAG,disease,,Primary open-angle glaucoma,,,GBMI published pilot endpoint,direct_disease_candidate,,,,TO_VERIFY_FROM_ORIGINAL_ENDPOINT_FILES,,,,,GBMI pilot release 052021,UNREVIEWED,,,,,,,,,,,,,,,,,,
GBMI::Stroke,GBMI,GRCh38,Stroke,Stroke,disease,,Stroke,,,GBMI published pilot endpoint,direct_disease_candidate,,,,TO_VERIFY_FROM_ORIGINAL_ENDPOINT_FILES,,,,,GBMI pilot release 052021,UNREVIEWED,,,,,,,,,,,,,,,,,,
GBMI::ThC,GBMI,GRCh38,ThC,ThC,disease,,Thyroid cancer,,,GBMI published pilot endpoint,direct_disease_candidate,,,,TO_VERIFY_FROM_ORIGINAL_ENDPOINT_FILES,,,,,GBMI pilot release 052021,UNREVIEWED,,,,,,,,,,,,,,,,,,
GBMI::UtC,GBMI,GRCh38,UtC,UtC,disease,,Uterine cancer,,,GBMI published pilot endpoint,direct_disease_candidate,,,,TO_VERIFY_FROM_ORIGINAL_ENDPOINT_FILES,,,,,GBMI pilot release 052021,UNREVIEWED,,,,,,,,,,,,,,,,,,
GBMI::VTE,GBMI,GRCh38,VTE,VTE,disease,,Venous thromboembolism,,,GBMI published pilot endpoint,direct_disease_candidate,,,,TO_VERIFY_FROM_ORIGINAL_ENDPOINT_FILES,,,,,GBMI pilot release 052021,UNREVIEWED,,,,,,,,,,,,,,,,,,
