comparison_uid,gene_trait_uid,gene,candidate_source,candidate_trait_key,candidate_trait_name,phenotype_id,genome_build,canonical_group,unit_analysis_role,locked_mapping_tier,mapping_tiers_contributing,mixed_pool,primary_approval_eligible,sensitivity_pool_assignment,pools,n_A_pairs,n_B_pairs,n_target_indication_pairs,n_indications,indications,eur_population,comparison_population,chrom,chrom_ucsc,gene_start_1based,gene_end_1based,gene_start_0based,window_start_1based,window_end_1based,window_start_0based,window_bp,strand,gene_ids,gene_types,coordinate_gene_symbol,coordinate_match_method,gencode_release,coordinate_status,summary_stat_layout,eur_data_url,eur_index_url,comparison_data_url,comparison_index_url,source_population_label,source_schema_status,source_metadata_status,source_file_index_verified,coordinate_ready,eur_source_ready,comparison_source_ready,extraction_ready,unresolved_reason
cmp_9d8c13f3b6460d45,gt_c2f3696fd5d03431,PNPLA3,Pan-UKB,Pan-UKB::biomarkers|30620|both_sexes||irnt,Alanine aminotransferase,biomarkers|30620|both_sexes||irnt,GRCh37,alanine_aminotransferase,PRIMARY,Proxy biomarker,Proxy biomarker,False,True,B,B,0,1,1,1,Non-alcoholic Fatty Liver Disease,EUR,AFR,22,chr22,44319619,44360368,44319618,44219619,44460368,44219618,100000,+,ENSG00000100344.6,protein_coding,PNPLA3,exact_gene_name,GENCODE v19,MATCHED,single_multianalysis_bgzf,s3://pan-ukb-us-east-1/sumstats_flat_files/biomarkers-30620-both_sexes-irnt.tsv.bgz,s3://pan-ukb-us-east-1/sumstats_flat_files_tabix/biomarkers-30620-both_sexes-irnt.tsv.bgz.tbi,s3://pan-ukb-us-east-1/sumstats_flat_files/biomarkers-30620-both_sexes-irnt.tsv.bgz,s3://pan-ukb-us-east-1/sumstats_flat_files_tabix/biomarkers-30620-both_sexes-irnt.tsv.bgz.tbi,AFR,TO_VALIDATE_IN_15B2,MATCHED_TRAIT_CATALOG,True,True,True,True,True,
cmp_5181e0eccfa7681d,gt_c2f3696fd5d03431,PNPLA3,Pan-UKB,Pan-UKB::biomarkers|30620|both_sexes||irnt,Alanine aminotransferase,biomarkers|30620|both_sexes||irnt,GRCh37,alanine_aminotransferase,PRIMARY,Proxy biomarker,Proxy biomarker,False,True,B,B,0,1,1,1,Non-alcoholic Fatty Liver Disease,EUR,CSA,22,chr22,44319619,44360368,44319618,44219619,44460368,44219618,100000,+,ENSG00000100344.6,protein_coding,PNPLA3,exact_gene_name,GENCODE v19,MATCHED,single_multianalysis_bgzf,s3://pan-ukb-us-east-1/sumstats_flat_files/biomarkers-30620-both_sexes-irnt.tsv.bgz,s3://pan-ukb-us-east-1/sumstats_flat_files_tabix/biomarkers-30620-both_sexes-irnt.tsv.bgz.tbi,s3://pan-ukb-us-east-1/sumstats_flat_files/biomarkers-30620-both_sexes-irnt.tsv.bgz,s3://pan-ukb-us-east-1/sumstats_flat_files_tabix/biomarkers-30620-both_sexes-irnt.tsv.bgz.tbi,CSA,TO_VALIDATE_IN_15B2,MATCHED_TRAIT_CATALOG,True,True,True,True,True,
cmp_3a1c4d856b9f1002,gt_e2a7ed2a815c1261,TNFRSF1A,Pan-UKB,Pan-UKB::biomarkers|30600|both_sexes||irnt,Albumin,biomarkers|30600|both_sexes||irnt,GRCh37,albumin,PRIMARY,Proxy biomarker,Proxy biomarker,False,True,B,B,0,1,1,1,Liver Cirrhosis,EUR,AFR,12,chr12,6437923,6451280,6437922,6337923,6551280,6337922,100000,-,ENSG00000067182.3,protein_coding,TNFRSF1A,exact_gene_name,GENCODE v19,MATCHED,single_multianalysis_bgzf,s3://pan-ukb-us-east-1/sumstats_flat_files/biomarkers-30600-both_sexes-irnt.tsv.bgz,s3://pan-ukb-us-east-1/sumstats_flat_files_tabix/biomarkers-30600-both_sexes-irnt.tsv.bgz.tbi,s3://pan-ukb-us-east-1/sumstats_flat_files/biomarkers-30600-both_sexes-irnt.tsv.bgz,s3://pan-ukb-us-east-1/sumstats_flat_files_tabix/biomarkers-30600-both_sexes-irnt.tsv.bgz.tbi,AFR,TO_VALIDATE_IN_15B2,MATCHED_TRAIT_CATALOG,True,True,True,True,True,
cmp_cad575f1b76c6d4c,gt_e2a7ed2a815c1261,TNFRSF1A,Pan-UKB,Pan-UKB::biomarkers|30600|both_sexes||irnt,Albumin,biomarkers|30600|both_sexes||irnt,GRCh37,albumin,PRIMARY,Proxy biomarker,Proxy biomarker,False,True,B,B,0,1,1,1,Liver Cirrhosis,EUR,CSA,12,chr12,6437923,6451280,6437922,6337923,6551280,6337922,100000,-,ENSG00000067182.3,protein_coding,TNFRSF1A,exact_gene_name,GENCODE v19,MATCHED,single_multianalysis_bgzf,s3://pan-ukb-us-east-1/sumstats_flat_files/biomarkers-30600-both_sexes-irnt.tsv.bgz,s3://pan-ukb-us-east-1/sumstats_flat_files_tabix/biomarkers-30600-both_sexes-irnt.tsv.bgz.tbi,s3://pan-ukb-us-east-1/sumstats_flat_files/biomarkers-30600-both_sexes-irnt.tsv.bgz,s3://pan-ukb-us-east-1/sumstats_flat_files_tabix/biomarkers-30600-both_sexes-irnt.tsv.bgz.tbi,CSA,TO_VALIDATE_IN_15B2,MATCHED_TRAIT_CATALOG,True,True,True,True,True,
cmp_31363dc2ab3ab085,gt_0c5a522d1cea1ece,IL12B,Pan-UKB,Pan-UKB::biomarkers|30610|both_sexes||irnt,Alkaline phosphatase,biomarkers|30610|both_sexes||irnt,GRCh37,alkaline_phosphatase,PRIMARY,Proxy biomarker,Proxy biomarker,False,True,B,B,0,1,1,1,"Liver Cirrhosis, Biliary",EUR,CSA,5,chr5,158741791,158757895,158741790,158641791,158857895,158641790,100000,-,ENSG00000113302.4,protein_coding,IL12B,exact_gene_name,GENCODE v19,MATCHED,single_multianalysis_bgzf,s3://pan-ukb-us-east-1/sumstats_flat_files/biomarkers-30610-both_sexes-irnt.tsv.bgz,s3://pan-ukb-us-east-1/sumstats_flat_files_tabix/biomarkers-30610-both_sexes-irnt.tsv.bgz.tbi,s3://pan-ukb-us-east-1/sumstats_flat_files/biomarkers-30610-both_sexes-irnt.tsv.bgz,s3://pan-ukb-us-east-1/sumstats_flat_files_tabix/biomarkers-30610-both_sexes-irnt.tsv.bgz.tbi,CSA,TO_VALIDATE_IN_15B2,MATCHED_TRAIT_CATALOG,True,True,True,True,True,
cmp_ed0271b07af0362c,gt_0c5a522d1cea1ece,IL12B,Pan-UKB,Pan-UKB::biomarkers|30610|both_sexes||irnt,Alkaline phosphatase,biomarkers|30610|both_sexes||irnt,GRCh37,alkaline_phosphatase,PRIMARY,Proxy biomarker,Proxy biomarker,False,True,B,B,0,1,1,1,"Liver Cirrhosis, Biliary",EUR,MID,5,chr5,158741791,158757895,158741790,158641791,158857895,158641790,100000,-,ENSG00000113302.4,protein_coding,IL12B,exact_gene_name,GENCODE v19,MATCHED,single_multianalysis_bgzf,s3://pan-ukb-us-east-1/sumstats_flat_files/biomarkers-30610-both_sexes-irnt.tsv.bgz,s3://pan-ukb-us-east-1/sumstats_flat_files_tabix/biomarkers-30610-both_sexes-irnt.tsv.bgz.tbi,s3://pan-ukb-us-east-1/sumstats_flat_files/biomarkers-30610-both_sexes-irnt.tsv.bgz,s3://pan-ukb-us-east-1/sumstats_flat_files_tabix/biomarkers-30610-both_sexes-irnt.tsv.bgz.tbi,MID,TO_VALIDATE_IN_15B2,MATCHED_TRAIT_CATALOG,True,True,True,True,True,
cmp_4f80a5c9a2e12790,gt_1ee1da015e26f543,ADIPOR2,Pan-UKB,Pan-UKB::continuous|21001|both_sexes||irnt,Body mass index (BMI),continuous|21001|both_sexes||irnt,GRCh37,body_mass_index,PRIMARY,Direct quantitative readout,Direct quantitative readout,False,True,B,B,0,1,1,1,Obesity,EUR,AFR,12,chr12,1797740,1897844,1797739,1697740,1997844,1697739,100000,+,ENSG00000006831.9,protein_coding,ADIPOR2,exact_gene_name,GENCODE v19,MATCHED,single_multianalysis_bgzf,s3://pan-ukb-us-east-1/sumstats_flat_files/continuous-21001-both_sexes-irnt.tsv.bgz,s3://pan-ukb-us-east-1/sumstats_flat_files_tabix/continuous-21001-both_sexes-irnt.tsv.bgz.tbi,s3://pan-ukb-us-east-1/sumstats_flat_files/continuous-21001-both_sexes-irnt.tsv.bgz,s3://pan-ukb-us-east-1/sumstats_flat_files_tabix/continuous-21001-both_sexes-irnt.tsv.bgz.tbi,AFR,TO_VALIDATE_IN_15B2,MATCHED_TRAIT_CATALOG,True,True,True,True,True,
cmp_5207bf5c945f87a1,gt_1ee1da015e26f543,ADIPOR2,Pan-UKB,Pan-UKB::continuous|21001|both_sexes||irnt,Body mass index (BMI),continuous|21001|both_sexes||irnt,GRCh37,body_mass_index,PRIMARY,Direct quantitative readout,Direct quantitative readout,False,True,B,B,0,1,1,1,Obesity,EUR,CSA,12,chr12,1797740,1897844,1797739,1697740,1997844,1697739,100000,+,ENSG00000006831.9,protein_coding,ADIPOR2,exact_gene_name,GENCODE v19,MATCHED,single_multianalysis_bgzf,s3://pan-ukb-us-east-1/sumstats_flat_files/continuous-21001-both_sexes-irnt.tsv.bgz,s3://pan-ukb-us-east-1/sumstats_flat_files_tabix/continuous-21001-both_sexes-irnt.tsv.bgz.tbi,s3://pan-ukb-us-east-1/sumstats_flat_files/continuous-21001-both_sexes-irnt.tsv.bgz,s3://pan-ukb-us-east-1/sumstats_flat_files_tabix/continuous-21001-both_sexes-irnt.tsv.bgz.tbi,CSA,TO_VALIDATE_IN_15B2,MATCHED_TRAIT_CATALOG,True,True,True,True,True,
cmp_64bd13bc77705eda,gt_1ee1da015e26f543,ADIPOR2,Pan-UKB,Pan-UKB::continuous|21001|both_sexes||irnt,Body mass index (BMI),continuous|21001|both_sexes||irnt,GRCh37,body_mass_index,PRIMARY,Direct quantitative readout,Direct quantitative readout,False,True,B,B,0,1,1,1,Obesity,EUR,MID,12,chr12,1797740,1897844,1797739,1697740,1997844,1697739,100000,+,ENSG00000006831.9,protein_coding,ADIPOR2,exact_gene_name,GENCODE v19,MATCHED,single_multianalysis_bgzf,s3://pan-ukb-us-east-1/sumstats_flat_files/continuous-21001-both_sexes-irnt.tsv.bgz,s3://pan-ukb-us-east-1/sumstats_flat_files_tabix/continuous-21001-both_sexes-irnt.tsv.bgz.tbi,s3://pan-ukb-us-east-1/sumstats_flat_files/continuous-21001-both_sexes-irnt.tsv.bgz,s3://pan-ukb-us-east-1/sumstats_flat_files_tabix/continuous-21001-both_sexes-irnt.tsv.bgz.tbi,MID,TO_VALIDATE_IN_15B2,MATCHED_TRAIT_CATALOG,True,True,True,True,True,
cmp_dd2558cccbc89872,gt_a3ed78d49b0c5aac,CALCA,Pan-UKB,Pan-UKB::continuous|21001|both_sexes||irnt,Body mass index (BMI),continuous|21001|both_sexes||irnt,GRCh37,body_mass_index,PRIMARY,Direct quantitative readout,Direct quantitative readout,False,True,B,B,0,1,1,1,Obesity,EUR,AFR,11,chr11,14988214,14993900,14988213,14888214,15093900,14888213,100000,-,ENSG00000110680.8,protein_coding,CALCA,exact_gene_name,GENCODE v19,MATCHED,single_multianalysis_bgzf,s3://pan-ukb-us-east-1/sumstats_flat_files/continuous-21001-both_sexes-irnt.tsv.bgz,s3://pan-ukb-us-east-1/sumstats_flat_files_tabix/continuous-21001-both_sexes-irnt.tsv.bgz.tbi,s3://pan-ukb-us-east-1/sumstats_flat_files/continuous-21001-both_sexes-irnt.tsv.bgz,s3://pan-ukb-us-east-1/sumstats_flat_files_tabix/continuous-21001-both_sexes-irnt.tsv.bgz.tbi,AFR,TO_VALIDATE_IN_15B2,MATCHED_TRAIT_CATALOG,True,True,True,True,True,
cmp_daacdfb49a767a83,gt_a3ed78d49b0c5aac,CALCA,Pan-UKB,Pan-UKB::continuous|21001|both_sexes||irnt,Body mass index (BMI),continuous|21001|both_sexes||irnt,GRCh37,body_mass_index,PRIMARY,Direct quantitative readout,Direct quantitative readout,False,True,B,B,0,1,1,1,Obesity,EUR,CSA,11,chr11,14988214,14993900,14988213,14888214,15093900,14888213,100000,-,ENSG00000110680.8,protein_coding,CALCA,exact_gene_name,GENCODE v19,MATCHED,single_multianalysis_bgzf,s3://pan-ukb-us-east-1/sumstats_flat_files/continuous-21001-both_sexes-irnt.tsv.bgz,s3://pan-ukb-us-east-1/sumstats_flat_files_tabix/continuous-21001-both_sexes-irnt.tsv.bgz.tbi,s3://pan-ukb-us-east-1/sumstats_flat_files/continuous-21001-both_sexes-irnt.tsv.bgz,s3://pan-ukb-us-east-1/sumstats_flat_files_tabix/continuous-21001-both_sexes-irnt.tsv.bgz.tbi,CSA,TO_VALIDATE_IN_15B2,MATCHED_TRAIT_CATALOG,True,True,True,True,True,
cmp_968e54cd842753a0,gt_a3ed78d49b0c5aac,CALCA,Pan-UKB,Pan-UKB::continuous|21001|both_sexes||irnt,Body mass index (BMI),continuous|21001|both_sexes||irnt,GRCh37,body_mass_index,PRIMARY,Direct quantitative readout,Direct quantitative readout,False,True,B,B,0,1,1,1,Obesity,EUR,MID,11,chr11,14988214,14993900,14988213,14888214,15093900,14888213,100000,-,ENSG00000110680.8,protein_coding,CALCA,exact_gene_name,GENCODE v19,MATCHED,single_multianalysis_bgzf,s3://pan-ukb-us-east-1/sumstats_flat_files/continuous-21001-both_sexes-irnt.tsv.bgz,s3://pan-ukb-us-east-1/sumstats_flat_files_tabix/continuous-21001-both_sexes-irnt.tsv.bgz.tbi,s3://pan-ukb-us-east-1/sumstats_flat_files/continuous-21001-both_sexes-irnt.tsv.bgz,s3://pan-ukb-us-east-1/sumstats_flat_files_tabix/continuous-21001-both_sexes-irnt.tsv.bgz.tbi,MID,TO_VALIDATE_IN_15B2,MATCHED_TRAIT_CATALOG,True,True,True,True,True,
cmp_5f5a33771aea4344,gt_a0bbc31bfcb23525,CALCR,Pan-UKB,Pan-UKB::continuous|21001|both_sexes||irnt,Body mass index (BMI),continuous|21001|both_sexes||irnt,GRCh37,body_mass_index,PRIMARY,Direct quantitative readout,Direct quantitative readout,False,True,B,B,0,1,1,1,Obesity,EUR,AFR,7,chr7,93053799,93204042,93053798,92953799,93304042,92953798,100000,-,ENSG00000004948.9,protein_coding,CALCR,exact_gene_name,GENCODE v19,MATCHED,single_multianalysis_bgzf,s3://pan-ukb-us-east-1/sumstats_flat_files/continuous-21001-both_sexes-irnt.tsv.bgz,s3://pan-ukb-us-east-1/sumstats_flat_files_tabix/continuous-21001-both_sexes-irnt.tsv.bgz.tbi,s3://pan-ukb-us-east-1/sumstats_flat_files/continuous-21001-both_sexes-irnt.tsv.bgz,s3://pan-ukb-us-east-1/sumstats_flat_files_tabix/continuous-21001-both_sexes-irnt.tsv.bgz.tbi,AFR,TO_VALIDATE_IN_15B2,MATCHED_TRAIT_CATALOG,True,True,True,True,True,
cmp_312d2eeff22fbd6d,gt_a0bbc31bfcb23525,CALCR,Pan-UKB,Pan-UKB::continuous|21001|both_sexes||irnt,Body mass index (BMI),continuous|21001|both_sexes||irnt,GRCh37,body_mass_index,PRIMARY,Direct quantitative readout,Direct quantitative readout,False,True,B,B,0,1,1,1,Obesity,EUR,CSA,7,chr7,93053799,93204042,93053798,92953799,93304042,92953798,100000,-,ENSG00000004948.9,protein_coding,CALCR,exact_gene_name,GENCODE v19,MATCHED,single_multianalysis_bgzf,s3://pan-ukb-us-east-1/sumstats_flat_files/continuous-21001-both_sexes-irnt.tsv.bgz,s3://pan-ukb-us-east-1/sumstats_flat_files_tabix/continuous-21001-both_sexes-irnt.tsv.bgz.tbi,s3://pan-ukb-us-east-1/sumstats_flat_files/continuous-21001-both_sexes-irnt.tsv.bgz,s3://pan-ukb-us-east-1/sumstats_flat_files_tabix/continuous-21001-both_sexes-irnt.tsv.bgz.tbi,CSA,TO_VALIDATE_IN_15B2,MATCHED_TRAIT_CATALOG,True,True,True,True,True,
cmp_397789a3dc4c5cce,gt_a0bbc31bfcb23525,CALCR,Pan-UKB,Pan-UKB::continuous|21001|both_sexes||irnt,Body mass index (BMI),continuous|21001|both_sexes||irnt,GRCh37,body_mass_index,PRIMARY,Direct quantitative readout,Direct quantitative readout,False,True,B,B,0,1,1,1,Obesity,EUR,MID,7,chr7,93053799,93204042,93053798,92953799,93304042,92953798,100000,-,ENSG00000004948.9,protein_coding,CALCR,exact_gene_name,GENCODE v19,MATCHED,single_multianalysis_bgzf,s3://pan-ukb-us-east-1/sumstats_flat_files/continuous-21001-both_sexes-irnt.tsv.bgz,s3://pan-ukb-us-east-1/sumstats_flat_files_tabix/continuous-21001-both_sexes-irnt.tsv.bgz.tbi,s3://pan-ukb-us-east-1/sumstats_flat_files/continuous-21001-both_sexes-irnt.tsv.bgz,s3://pan-ukb-us-east-1/sumstats_flat_files_tabix/continuous-21001-both_sexes-irnt.tsv.bgz.tbi,MID,TO_VALIDATE_IN_15B2,MATCHED_TRAIT_CATALOG,True,True,True,True,True,
cmp_cf2eb416b2655e2b,gt_7ef45295ac72754b,DPP4,Pan-UKB,Pan-UKB::continuous|21001|both_sexes||irnt,Body mass index (BMI),continuous|21001|both_sexes||irnt,GRCh37,body_mass_index,PRIMARY,Direct quantitative readout,Direct quantitative readout,False,True,B,B,0,1,1,1,Obesity,EUR,AFR,2,chr2,162848751,162931052,162848750,162748751,163031052,162748750,100000,-,ENSG00000197635.5,protein_coding,DPP4,exact_gene_name,GENCODE v19,MATCHED,single_multianalysis_bgzf,s3://pan-ukb-us-east-1/sumstats_flat_files/continuous-21001-both_sexes-irnt.tsv.bgz,s3://pan-ukb-us-east-1/sumstats_flat_files_tabix/continuous-21001-both_sexes-irnt.tsv.bgz.tbi,s3://pan-ukb-us-east-1/sumstats_flat_files/continuous-21001-both_sexes-irnt.tsv.bgz,s3://pan-ukb-us-east-1/sumstats_flat_files_tabix/continuous-21001-both_sexes-irnt.tsv.bgz.tbi,AFR,TO_VALIDATE_IN_15B2,MATCHED_TRAIT_CATALOG,True,True,True,True,True,
cmp_0daa02799b71141c,gt_7ef45295ac72754b,DPP4,Pan-UKB,Pan-UKB::continuous|21001|both_sexes||irnt,Body mass index (BMI),continuous|21001|both_sexes||irnt,GRCh37,body_mass_index,PRIMARY,Direct quantitative readout,Direct quantitative readout,False,True,B,B,0,1,1,1,Obesity,EUR,CSA,2,chr2,162848751,162931052,162848750,162748751,163031052,162748750,100000,-,ENSG00000197635.5,protein_coding,DPP4,exact_gene_name,GENCODE v19,MATCHED,single_multianalysis_bgzf,s3://pan-ukb-us-east-1/sumstats_flat_files/continuous-21001-both_sexes-irnt.tsv.bgz,s3://pan-ukb-us-east-1/sumstats_flat_files_tabix/continuous-21001-both_sexes-irnt.tsv.bgz.tbi,s3://pan-ukb-us-east-1/sumstats_flat_files/continuous-21001-both_sexes-irnt.tsv.bgz,s3://pan-ukb-us-east-1/sumstats_flat_files_tabix/continuous-21001-both_sexes-irnt.tsv.bgz.tbi,CSA,TO_VALIDATE_IN_15B2,MATCHED_TRAIT_CATALOG,True,True,True,True,True,
cmp_3ebb25f4fe833c35,gt_7ef45295ac72754b,DPP4,Pan-UKB,Pan-UKB::continuous|21001|both_sexes||irnt,Body mass index (BMI),continuous|21001|both_sexes||irnt,GRCh37,body_mass_index,PRIMARY,Direct quantitative readout,Direct quantitative readout,False,True,B,B,0,1,1,1,Obesity,EUR,MID,2,chr2,162848751,162931052,162848750,162748751,163031052,162748750,100000,-,ENSG00000197635.5,protein_coding,DPP4,exact_gene_name,GENCODE v19,MATCHED,single_multianalysis_bgzf,s3://pan-ukb-us-east-1/sumstats_flat_files/continuous-21001-both_sexes-irnt.tsv.bgz,s3://pan-ukb-us-east-1/sumstats_flat_files_tabix/continuous-21001-both_sexes-irnt.tsv.bgz.tbi,s3://pan-ukb-us-east-1/sumstats_flat_files/continuous-21001-both_sexes-irnt.tsv.bgz,s3://pan-ukb-us-east-1/sumstats_flat_files_tabix/continuous-21001-both_sexes-irnt.tsv.bgz.tbi,MID,TO_VALIDATE_IN_15B2,MATCHED_TRAIT_CATALOG,True,True,True,True,True,
cmp_079478dee00a071e,gt_07bc6b913823d770,FGFR1,Pan-UKB,Pan-UKB::continuous|21001|both_sexes||irnt,Body mass index (BMI),continuous|21001|both_sexes||irnt,GRCh37,body_mass_index,PRIMARY,Direct quantitative readout,Direct quantitative readout,False,True,B,B,0,1,1,1,Obesity,EUR,AFR,8,chr8,38268656,38326352,38268655,38168656,38426352,38168655,100000,-,ENSG00000077782.15,protein_coding,FGFR1,exact_gene_name,GENCODE v19,MATCHED,single_multianalysis_bgzf,s3://pan-ukb-us-east-1/sumstats_flat_files/continuous-21001-both_sexes-irnt.tsv.bgz,s3://pan-ukb-us-east-1/sumstats_flat_files_tabix/continuous-21001-both_sexes-irnt.tsv.bgz.tbi,s3://pan-ukb-us-east-1/sumstats_flat_files/continuous-21001-both_sexes-irnt.tsv.bgz,s3://pan-ukb-us-east-1/sumstats_flat_files_tabix/continuous-21001-both_sexes-irnt.tsv.bgz.tbi,AFR,TO_VALIDATE_IN_15B2,MATCHED_TRAIT_CATALOG,True,True,True,True,True,
cmp_5b22527d173ee7fa,gt_07bc6b913823d770,FGFR1,Pan-UKB,Pan-UKB::continuous|21001|both_sexes||irnt,Body mass index (BMI),continuous|21001|both_sexes||irnt,GRCh37,body_mass_index,PRIMARY,Direct quantitative readout,Direct quantitative readout,False,True,B,B,0,1,1,1,Obesity,EUR,CSA,8,chr8,38268656,38326352,38268655,38168656,38426352,38168655,100000,-,ENSG00000077782.15,protein_coding,FGFR1,exact_gene_name,GENCODE v19,MATCHED,single_multianalysis_bgzf,s3://pan-ukb-us-east-1/sumstats_flat_files/continuous-21001-both_sexes-irnt.tsv.bgz,s3://pan-ukb-us-east-1/sumstats_flat_files_tabix/continuous-21001-both_sexes-irnt.tsv.bgz.tbi,s3://pan-ukb-us-east-1/sumstats_flat_files/continuous-21001-both_sexes-irnt.tsv.bgz,s3://pan-ukb-us-east-1/sumstats_flat_files_tabix/continuous-21001-both_sexes-irnt.tsv.bgz.tbi,CSA,TO_VALIDATE_IN_15B2,MATCHED_TRAIT_CATALOG,True,True,True,True,True,
cmp_bad094ab84784157,gt_07bc6b913823d770,FGFR1,Pan-UKB,Pan-UKB::continuous|21001|both_sexes||irnt,Body mass index (BMI),continuous|21001|both_sexes||irnt,GRCh37,body_mass_index,PRIMARY,Direct quantitative readout,Direct quantitative readout,False,True,B,B,0,1,1,1,Obesity,EUR,MID,8,chr8,38268656,38326352,38268655,38168656,38426352,38168655,100000,-,ENSG00000077782.15,protein_coding,FGFR1,exact_gene_name,GENCODE v19,MATCHED,single_multianalysis_bgzf,s3://pan-ukb-us-east-1/sumstats_flat_files/continuous-21001-both_sexes-irnt.tsv.bgz,s3://pan-ukb-us-east-1/sumstats_flat_files_tabix/continuous-21001-both_sexes-irnt.tsv.bgz.tbi,s3://pan-ukb-us-east-1/sumstats_flat_files/continuous-21001-both_sexes-irnt.tsv.bgz,s3://pan-ukb-us-east-1/sumstats_flat_files_tabix/continuous-21001-both_sexes-irnt.tsv.bgz.tbi,MID,TO_VALIDATE_IN_15B2,MATCHED_TRAIT_CATALOG,True,True,True,True,True,
cmp_2578fe8a5e432812,gt_5aa064f396f10864,FGFR4,Pan-UKB,Pan-UKB::continuous|21001|both_sexes||irnt,Body mass index (BMI),continuous|21001|both_sexes||irnt,GRCh37,body_mass_index,PRIMARY,Direct quantitative readout,Direct quantitative readout,False,True,B,B,0,1,1,1,Obesity,EUR,AFR,5,chr5,176513887,176525145,176513886,176413887,176625145,176413886,100000,+,ENSG00000160867.10,protein_coding,FGFR4,exact_gene_name,GENCODE v19,MATCHED,single_multianalysis_bgzf,s3://pan-ukb-us-east-1/sumstats_flat_files/continuous-21001-both_sexes-irnt.tsv.bgz,s3://pan-ukb-us-east-1/sumstats_flat_files_tabix/continuous-21001-both_sexes-irnt.tsv.bgz.tbi,s3://pan-ukb-us-east-1/sumstats_flat_files/continuous-21001-both_sexes-irnt.tsv.bgz,s3://pan-ukb-us-east-1/sumstats_flat_files_tabix/continuous-21001-both_sexes-irnt.tsv.bgz.tbi,AFR,TO_VALIDATE_IN_15B2,MATCHED_TRAIT_CATALOG,True,True,True,True,True,
cmp_cf79a21217ebfd45,gt_5aa064f396f10864,FGFR4,Pan-UKB,Pan-UKB::continuous|21001|both_sexes||irnt,Body mass index (BMI),continuous|21001|both_sexes||irnt,GRCh37,body_mass_index,PRIMARY,Direct quantitative readout,Direct quantitative readout,False,True,B,B,0,1,1,1,Obesity,EUR,CSA,5,chr5,176513887,176525145,176513886,176413887,176625145,176413886,100000,+,ENSG00000160867.10,protein_coding,FGFR4,exact_gene_name,GENCODE v19,MATCHED,single_multianalysis_bgzf,s3://pan-ukb-us-east-1/sumstats_flat_files/continuous-21001-both_sexes-irnt.tsv.bgz,s3://pan-ukb-us-east-1/sumstats_flat_files_tabix/continuous-21001-both_sexes-irnt.tsv.bgz.tbi,s3://pan-ukb-us-east-1/sumstats_flat_files/continuous-21001-both_sexes-irnt.tsv.bgz,s3://pan-ukb-us-east-1/sumstats_flat_files_tabix/continuous-21001-both_sexes-irnt.tsv.bgz.tbi,CSA,TO_VALIDATE_IN_15B2,MATCHED_TRAIT_CATALOG,True,True,True,True,True,
cmp_2278a2ee61e3c94f,gt_5aa064f396f10864,FGFR4,Pan-UKB,Pan-UKB::continuous|21001|both_sexes||irnt,Body mass index (BMI),continuous|21001|both_sexes||irnt,GRCh37,body_mass_index,PRIMARY,Direct quantitative readout,Direct quantitative readout,False,True,B,B,0,1,1,1,Obesity,EUR,MID,5,chr5,176513887,176525145,176513886,176413887,176625145,176413886,100000,+,ENSG00000160867.10,protein_coding,FGFR4,exact_gene_name,GENCODE v19,MATCHED,single_multianalysis_bgzf,s3://pan-ukb-us-east-1/sumstats_flat_files/continuous-21001-both_sexes-irnt.tsv.bgz,s3://pan-ukb-us-east-1/sumstats_flat_files_tabix/continuous-21001-both_sexes-irnt.tsv.bgz.tbi,s3://pan-ukb-us-east-1/sumstats_flat_files/continuous-21001-both_sexes-irnt.tsv.bgz,s3://pan-ukb-us-east-1/sumstats_flat_files_tabix/continuous-21001-both_sexes-irnt.tsv.bgz.tbi,MID,TO_VALIDATE_IN_15B2,MATCHED_TRAIT_CATALOG,True,True,True,True,True,
cmp_a65923a60135b609,gt_d79e322e54d14839,GDF15,Pan-UKB,Pan-UKB::continuous|21001|both_sexes||irnt,Body mass index (BMI),continuous|21001|both_sexes||irnt,GRCh37,body_mass_index,PRIMARY,Direct quantitative readout,Direct quantitative readout,False,True,B,B,0,1,1,1,Obesity,EUR,AFR,19,chr19,18485541,18499986,18485540,18385541,18599986,18385540,100000,+,ENSG00000130513.6,protein_coding,GDF15,exact_gene_name,GENCODE v19,MATCHED,single_multianalysis_bgzf,s3://pan-ukb-us-east-1/sumstats_flat_files/continuous-21001-both_sexes-irnt.tsv.bgz,s3://pan-ukb-us-east-1/sumstats_flat_files_tabix/continuous-21001-both_sexes-irnt.tsv.bgz.tbi,s3://pan-ukb-us-east-1/sumstats_flat_files/continuous-21001-both_sexes-irnt.tsv.bgz,s3://pan-ukb-us-east-1/sumstats_flat_files_tabix/continuous-21001-both_sexes-irnt.tsv.bgz.tbi,AFR,TO_VALIDATE_IN_15B2,MATCHED_TRAIT_CATALOG,True,True,True,True,True,
cmp_c93179e9cff3fff4,gt_d79e322e54d14839,GDF15,Pan-UKB,Pan-UKB::continuous|21001|both_sexes||irnt,Body mass index (BMI),continuous|21001|both_sexes||irnt,GRCh37,body_mass_index,PRIMARY,Direct quantitative readout,Direct quantitative readout,False,True,B,B,0,1,1,1,Obesity,EUR,CSA,19,chr19,18485541,18499986,18485540,18385541,18599986,18385540,100000,+,ENSG00000130513.6,protein_coding,GDF15,exact_gene_name,GENCODE v19,MATCHED,single_multianalysis_bgzf,s3://pan-ukb-us-east-1/sumstats_flat_files/continuous-21001-both_sexes-irnt.tsv.bgz,s3://pan-ukb-us-east-1/sumstats_flat_files_tabix/continuous-21001-both_sexes-irnt.tsv.bgz.tbi,s3://pan-ukb-us-east-1/sumstats_flat_files/continuous-21001-both_sexes-irnt.tsv.bgz,s3://pan-ukb-us-east-1/sumstats_flat_files_tabix/continuous-21001-both_sexes-irnt.tsv.bgz.tbi,CSA,TO_VALIDATE_IN_15B2,MATCHED_TRAIT_CATALOG,True,True,True,True,True,
cmp_06c4746c5e993d05,gt_d79e322e54d14839,GDF15,Pan-UKB,Pan-UKB::continuous|21001|both_sexes||irnt,Body mass index (BMI),continuous|21001|both_sexes||irnt,GRCh37,body_mass_index,PRIMARY,Direct quantitative readout,Direct quantitative readout,False,True,B,B,0,1,1,1,Obesity,EUR,MID,19,chr19,18485541,18499986,18485540,18385541,18599986,18385540,100000,+,ENSG00000130513.6,protein_coding,GDF15,exact_gene_name,GENCODE v19,MATCHED,single_multianalysis_bgzf,s3://pan-ukb-us-east-1/sumstats_flat_files/continuous-21001-both_sexes-irnt.tsv.bgz,s3://pan-ukb-us-east-1/sumstats_flat_files_tabix/continuous-21001-both_sexes-irnt.tsv.bgz.tbi,s3://pan-ukb-us-east-1/sumstats_flat_files/continuous-21001-both_sexes-irnt.tsv.bgz,s3://pan-ukb-us-east-1/sumstats_flat_files_tabix/continuous-21001-both_sexes-irnt.tsv.bgz.tbi,MID,TO_VALIDATE_IN_15B2,MATCHED_TRAIT_CATALOG,True,True,True,True,True,
cmp_8dfd1b9a2d559b23,gt_a4b99530ba80c8ab,GFRAL,Pan-UKB,Pan-UKB::continuous|21001|both_sexes||irnt,Body mass index (BMI),continuous|21001|both_sexes||irnt,GRCh37,body_mass_index,PRIMARY,Direct quantitative readout,Direct quantitative readout,False,True,B,B,0,1,1,1,Obesity,EUR,AFR,6,chr6,55192267,55267291,55192266,55092267,55367291,55092266,100000,+,ENSG00000187871.2,protein_coding,GFRAL,exact_gene_name,GENCODE v19,MATCHED,single_multianalysis_bgzf,s3://pan-ukb-us-east-1/sumstats_flat_files/continuous-21001-both_sexes-irnt.tsv.bgz,s3://pan-ukb-us-east-1/sumstats_flat_files_tabix/continuous-21001-both_sexes-irnt.tsv.bgz.tbi,s3://pan-ukb-us-east-1/sumstats_flat_files/continuous-21001-both_sexes-irnt.tsv.bgz,s3://pan-ukb-us-east-1/sumstats_flat_files_tabix/continuous-21001-both_sexes-irnt.tsv.bgz.tbi,AFR,TO_VALIDATE_IN_15B2,MATCHED_TRAIT_CATALOG,True,True,True,True,True,
cmp_f6c8664394696f28,gt_a4b99530ba80c8ab,GFRAL,Pan-UKB,Pan-UKB::continuous|21001|both_sexes||irnt,Body mass index (BMI),continuous|21001|both_sexes||irnt,GRCh37,body_mass_index,PRIMARY,Direct quantitative readout,Direct quantitative readout,False,True,B,B,0,1,1,1,Obesity,EUR,CSA,6,chr6,55192267,55267291,55192266,55092267,55367291,55092266,100000,+,ENSG00000187871.2,protein_coding,GFRAL,exact_gene_name,GENCODE v19,MATCHED,single_multianalysis_bgzf,s3://pan-ukb-us-east-1/sumstats_flat_files/continuous-21001-both_sexes-irnt.tsv.bgz,s3://pan-ukb-us-east-1/sumstats_flat_files_tabix/continuous-21001-both_sexes-irnt.tsv.bgz.tbi,s3://pan-ukb-us-east-1/sumstats_flat_files/continuous-21001-both_sexes-irnt.tsv.bgz,s3://pan-ukb-us-east-1/sumstats_flat_files_tabix/continuous-21001-both_sexes-irnt.tsv.bgz.tbi,CSA,TO_VALIDATE_IN_15B2,MATCHED_TRAIT_CATALOG,True,True,True,True,True,
cmp_46a786b0f7f692c1,gt_a4b99530ba80c8ab,GFRAL,Pan-UKB,Pan-UKB::continuous|21001|both_sexes||irnt,Body mass index (BMI),continuous|21001|both_sexes||irnt,GRCh37,body_mass_index,PRIMARY,Direct quantitative readout,Direct quantitative readout,False,True,B,B,0,1,1,1,Obesity,EUR,MID,6,chr6,55192267,55267291,55192266,55092267,55367291,55092266,100000,+,ENSG00000187871.2,protein_coding,GFRAL,exact_gene_name,GENCODE v19,MATCHED,single_multianalysis_bgzf,s3://pan-ukb-us-east-1/sumstats_flat_files/continuous-21001-both_sexes-irnt.tsv.bgz,s3://pan-ukb-us-east-1/sumstats_flat_files_tabix/continuous-21001-both_sexes-irnt.tsv.bgz.tbi,s3://pan-ukb-us-east-1/sumstats_flat_files/continuous-21001-both_sexes-irnt.tsv.bgz,s3://pan-ukb-us-east-1/sumstats_flat_files_tabix/continuous-21001-both_sexes-irnt.tsv.bgz.tbi,MID,TO_VALIDATE_IN_15B2,MATCHED_TRAIT_CATALOG,True,True,True,True,True,
cmp_340539a9aafdd2ed,gt_d815e2aa4bbcd69a,GHR,Pan-UKB,Pan-UKB::continuous|21001|both_sexes||irnt,Body mass index (BMI),continuous|21001|both_sexes||irnt,GRCh37,body_mass_index,PRIMARY,Direct quantitative readout,Direct quantitative readout,False,True,B,B,0,1,1,1,Obesity,EUR,AFR,5,chr5,42423879,42721979,42423878,42323879,42821979,42323878,100000,+,ENSG00000112964.9,protein_coding,GHR,exact_gene_name,GENCODE v19,MATCHED,single_multianalysis_bgzf,s3://pan-ukb-us-east-1/sumstats_flat_files/continuous-21001-both_sexes-irnt.tsv.bgz,s3://pan-ukb-us-east-1/sumstats_flat_files_tabix/continuous-21001-both_sexes-irnt.tsv.bgz.tbi,s3://pan-ukb-us-east-1/sumstats_flat_files/continuous-21001-both_sexes-irnt.tsv.bgz,s3://pan-ukb-us-east-1/sumstats_flat_files_tabix/continuous-21001-both_sexes-irnt.tsv.bgz.tbi,AFR,TO_VALIDATE_IN_15B2,MATCHED_TRAIT_CATALOG,True,True,True,True,True,
cmp_fc7c44bdf8d1c088,gt_d815e2aa4bbcd69a,GHR,Pan-UKB,Pan-UKB::continuous|21001|both_sexes||irnt,Body mass index (BMI),continuous|21001|both_sexes||irnt,GRCh37,body_mass_index,PRIMARY,Direct quantitative readout,Direct quantitative readout,False,True,B,B,0,1,1,1,Obesity,EUR,CSA,5,chr5,42423879,42721979,42423878,42323879,42821979,42323878,100000,+,ENSG00000112964.9,protein_coding,GHR,exact_gene_name,GENCODE v19,MATCHED,single_multianalysis_bgzf,s3://pan-ukb-us-east-1/sumstats_flat_files/continuous-21001-both_sexes-irnt.tsv.bgz,s3://pan-ukb-us-east-1/sumstats_flat_files_tabix/continuous-21001-both_sexes-irnt.tsv.bgz.tbi,s3://pan-ukb-us-east-1/sumstats_flat_files/continuous-21001-both_sexes-irnt.tsv.bgz,s3://pan-ukb-us-east-1/sumstats_flat_files_tabix/continuous-21001-both_sexes-irnt.tsv.bgz.tbi,CSA,TO_VALIDATE_IN_15B2,MATCHED_TRAIT_CATALOG,True,True,True,True,True,
cmp_f85cd571258c4937,gt_d815e2aa4bbcd69a,GHR,Pan-UKB,Pan-UKB::continuous|21001|both_sexes||irnt,Body mass index (BMI),continuous|21001|both_sexes||irnt,GRCh37,body_mass_index,PRIMARY,Direct quantitative readout,Direct quantitative readout,False,True,B,B,0,1,1,1,Obesity,EUR,MID,5,chr5,42423879,42721979,42423878,42323879,42821979,42323878,100000,+,ENSG00000112964.9,protein_coding,GHR,exact_gene_name,GENCODE v19,MATCHED,single_multianalysis_bgzf,s3://pan-ukb-us-east-1/sumstats_flat_files/continuous-21001-both_sexes-irnt.tsv.bgz,s3://pan-ukb-us-east-1/sumstats_flat_files_tabix/continuous-21001-both_sexes-irnt.tsv.bgz.tbi,s3://pan-ukb-us-east-1/sumstats_flat_files/continuous-21001-both_sexes-irnt.tsv.bgz,s3://pan-ukb-us-east-1/sumstats_flat_files_tabix/continuous-21001-both_sexes-irnt.tsv.bgz.tbi,MID,TO_VALIDATE_IN_15B2,MATCHED_TRAIT_CATALOG,True,True,True,True,True,
cmp_ce5e345eb69043ef,gt_e8a2392ea6c7a9e1,GIPR,Pan-UKB,Pan-UKB::continuous|21001|both_sexes||irnt,Body mass index (BMI),continuous|21001|both_sexes||irnt,GRCh37,body_mass_index,PRIMARY,Direct quantitative readout,Direct quantitative readout,False,True,B,B,0,1,1,1,Obesity,EUR,AFR,19,chr19,46171502,46186982,46171501,46071502,46286982,46071501,100000,+,ENSG00000010310.4,protein_coding,GIPR,exact_gene_name,GENCODE v19,MATCHED,single_multianalysis_bgzf,s3://pan-ukb-us-east-1/sumstats_flat_files/continuous-21001-both_sexes-irnt.tsv.bgz,s3://pan-ukb-us-east-1/sumstats_flat_files_tabix/continuous-21001-both_sexes-irnt.tsv.bgz.tbi,s3://pan-ukb-us-east-1/sumstats_flat_files/continuous-21001-both_sexes-irnt.tsv.bgz,s3://pan-ukb-us-east-1/sumstats_flat_files_tabix/continuous-21001-both_sexes-irnt.tsv.bgz.tbi,AFR,TO_VALIDATE_IN_15B2,MATCHED_TRAIT_CATALOG,True,True,True,True,True,
cmp_0f677d3a2cec3d16,gt_e8a2392ea6c7a9e1,GIPR,Pan-UKB,Pan-UKB::continuous|21001|both_sexes||irnt,Body mass index (BMI),continuous|21001|both_sexes||irnt,GRCh37,body_mass_index,PRIMARY,Direct quantitative readout,Direct quantitative readout,False,True,B,B,0,1,1,1,Obesity,EUR,CSA,19,chr19,46171502,46186982,46171501,46071502,46286982,46071501,100000,+,ENSG00000010310.4,protein_coding,GIPR,exact_gene_name,GENCODE v19,MATCHED,single_multianalysis_bgzf,s3://pan-ukb-us-east-1/sumstats_flat_files/continuous-21001-both_sexes-irnt.tsv.bgz,s3://pan-ukb-us-east-1/sumstats_flat_files_tabix/continuous-21001-both_sexes-irnt.tsv.bgz.tbi,s3://pan-ukb-us-east-1/sumstats_flat_files/continuous-21001-both_sexes-irnt.tsv.bgz,s3://pan-ukb-us-east-1/sumstats_flat_files_tabix/continuous-21001-both_sexes-irnt.tsv.bgz.tbi,CSA,TO_VALIDATE_IN_15B2,MATCHED_TRAIT_CATALOG,True,True,True,True,True,
cmp_a38cb42e3379daab,gt_e8a2392ea6c7a9e1,GIPR,Pan-UKB,Pan-UKB::continuous|21001|both_sexes||irnt,Body mass index (BMI),continuous|21001|both_sexes||irnt,GRCh37,body_mass_index,PRIMARY,Direct quantitative readout,Direct quantitative readout,False,True,B,B,0,1,1,1,Obesity,EUR,MID,19,chr19,46171502,46186982,46171501,46071502,46286982,46071501,100000,+,ENSG00000010310.4,protein_coding,GIPR,exact_gene_name,GENCODE v19,MATCHED,single_multianalysis_bgzf,s3://pan-ukb-us-east-1/sumstats_flat_files/continuous-21001-both_sexes-irnt.tsv.bgz,s3://pan-ukb-us-east-1/sumstats_flat_files_tabix/continuous-21001-both_sexes-irnt.tsv.bgz.tbi,s3://pan-ukb-us-east-1/sumstats_flat_files/continuous-21001-both_sexes-irnt.tsv.bgz,s3://pan-ukb-us-east-1/sumstats_flat_files_tabix/continuous-21001-both_sexes-irnt.tsv.bgz.tbi,MID,TO_VALIDATE_IN_15B2,MATCHED_TRAIT_CATALOG,True,True,True,True,True,
cmp_8ebe601ca5aa83b8,gt_25ecabe6d3e507e8,GLP1R,Pan-UKB,Pan-UKB::continuous|21001|both_sexes||irnt,Body mass index (BMI),continuous|21001|both_sexes||irnt,GRCh37,body_mass_index,PRIMARY,Direct quantitative readout,Direct quantitative readout,False,True,A,A,1,0,1,1,Obesity,EUR,AFR,6,chr6,39016574,39055519,39016573,38916574,39155519,38916573,100000,+,ENSG00000112164.5,protein_coding,GLP1R,exact_gene_name,GENCODE v19,MATCHED,single_multianalysis_bgzf,s3://pan-ukb-us-east-1/sumstats_flat_files/continuous-21001-both_sexes-irnt.tsv.bgz,s3://pan-ukb-us-east-1/sumstats_flat_files_tabix/continuous-21001-both_sexes-irnt.tsv.bgz.tbi,s3://pan-ukb-us-east-1/sumstats_flat_files/continuous-21001-both_sexes-irnt.tsv.bgz,s3://pan-ukb-us-east-1/sumstats_flat_files_tabix/continuous-21001-both_sexes-irnt.tsv.bgz.tbi,AFR,TO_VALIDATE_IN_15B2,MATCHED_TRAIT_CATALOG,True,True,True,True,True,
cmp_7d1964e37a09fd0a,gt_25ecabe6d3e507e8,GLP1R,Pan-UKB,Pan-UKB::continuous|21001|both_sexes||irnt,Body mass index (BMI),continuous|21001|both_sexes||irnt,GRCh37,body_mass_index,PRIMARY,Direct quantitative readout,Direct quantitative readout,False,True,A,A,1,0,1,1,Obesity,EUR,CSA,6,chr6,39016574,39055519,39016573,38916574,39155519,38916573,100000,+,ENSG00000112164.5,protein_coding,GLP1R,exact_gene_name,GENCODE v19,MATCHED,single_multianalysis_bgzf,s3://pan-ukb-us-east-1/sumstats_flat_files/continuous-21001-both_sexes-irnt.tsv.bgz,s3://pan-ukb-us-east-1/sumstats_flat_files_tabix/continuous-21001-both_sexes-irnt.tsv.bgz.tbi,s3://pan-ukb-us-east-1/sumstats_flat_files/continuous-21001-both_sexes-irnt.tsv.bgz,s3://pan-ukb-us-east-1/sumstats_flat_files_tabix/continuous-21001-both_sexes-irnt.tsv.bgz.tbi,CSA,TO_VALIDATE_IN_15B2,MATCHED_TRAIT_CATALOG,True,True,True,True,True,
cmp_15fa0358129dafbb,gt_25ecabe6d3e507e8,GLP1R,Pan-UKB,Pan-UKB::continuous|21001|both_sexes||irnt,Body mass index (BMI),continuous|21001|both_sexes||irnt,GRCh37,body_mass_index,PRIMARY,Direct quantitative readout,Direct quantitative readout,False,True,A,A,1,0,1,1,Obesity,EUR,MID,6,chr6,39016574,39055519,39016573,38916574,39155519,38916573,100000,+,ENSG00000112164.5,protein_coding,GLP1R,exact_gene_name,GENCODE v19,MATCHED,single_multianalysis_bgzf,s3://pan-ukb-us-east-1/sumstats_flat_files/continuous-21001-both_sexes-irnt.tsv.bgz,s3://pan-ukb-us-east-1/sumstats_flat_files_tabix/continuous-21001-both_sexes-irnt.tsv.bgz.tbi,s3://pan-ukb-us-east-1/sumstats_flat_files/continuous-21001-both_sexes-irnt.tsv.bgz,s3://pan-ukb-us-east-1/sumstats_flat_files_tabix/continuous-21001-both_sexes-irnt.tsv.bgz.tbi,MID,TO_VALIDATE_IN_15B2,MATCHED_TRAIT_CATALOG,True,True,True,True,True,
cmp_ffb3cf3226c5feca,gt_c3e1332e6c837d81,HSD11B1,Pan-UKB,Pan-UKB::continuous|21001|both_sexes||irnt,Body mass index (BMI),continuous|21001|both_sexes||irnt,GRCh37,body_mass_index,PRIMARY,Direct quantitative readout,Direct quantitative readout,False,True,B,B,0,1,1,1,Obesity,EUR,AFR,1,chr1,209859510,209908295,209859509,209759510,210008295,209759509,100000,+,ENSG00000117594.5,protein_coding,HSD11B1,exact_gene_name,GENCODE v19,MATCHED,single_multianalysis_bgzf,s3://pan-ukb-us-east-1/sumstats_flat_files/continuous-21001-both_sexes-irnt.tsv.bgz,s3://pan-ukb-us-east-1/sumstats_flat_files_tabix/continuous-21001-both_sexes-irnt.tsv.bgz.tbi,s3://pan-ukb-us-east-1/sumstats_flat_files/continuous-21001-both_sexes-irnt.tsv.bgz,s3://pan-ukb-us-east-1/sumstats_flat_files_tabix/continuous-21001-both_sexes-irnt.tsv.bgz.tbi,AFR,TO_VALIDATE_IN_15B2,MATCHED_TRAIT_CATALOG,True,True,True,True,True,
cmp_968af00a51bb2df7,gt_c3e1332e6c837d81,HSD11B1,Pan-UKB,Pan-UKB::continuous|21001|both_sexes||irnt,Body mass index (BMI),continuous|21001|both_sexes||irnt,GRCh37,body_mass_index,PRIMARY,Direct quantitative readout,Direct quantitative readout,False,True,B,B,0,1,1,1,Obesity,EUR,CSA,1,chr1,209859510,209908295,209859509,209759510,210008295,209759509,100000,+,ENSG00000117594.5,protein_coding,HSD11B1,exact_gene_name,GENCODE v19,MATCHED,single_multianalysis_bgzf,s3://pan-ukb-us-east-1/sumstats_flat_files/continuous-21001-both_sexes-irnt.tsv.bgz,s3://pan-ukb-us-east-1/sumstats_flat_files_tabix/continuous-21001-both_sexes-irnt.tsv.bgz.tbi,s3://pan-ukb-us-east-1/sumstats_flat_files/continuous-21001-both_sexes-irnt.tsv.bgz,s3://pan-ukb-us-east-1/sumstats_flat_files_tabix/continuous-21001-both_sexes-irnt.tsv.bgz.tbi,CSA,TO_VALIDATE_IN_15B2,MATCHED_TRAIT_CATALOG,True,True,True,True,True,
cmp_9bf2694e57943858,gt_c3e1332e6c837d81,HSD11B1,Pan-UKB,Pan-UKB::continuous|21001|both_sexes||irnt,Body mass index (BMI),continuous|21001|both_sexes||irnt,GRCh37,body_mass_index,PRIMARY,Direct quantitative readout,Direct quantitative readout,False,True,B,B,0,1,1,1,Obesity,EUR,MID,1,chr1,209859510,209908295,209859509,209759510,210008295,209759509,100000,+,ENSG00000117594.5,protein_coding,HSD11B1,exact_gene_name,GENCODE v19,MATCHED,single_multianalysis_bgzf,s3://pan-ukb-us-east-1/sumstats_flat_files/continuous-21001-both_sexes-irnt.tsv.bgz,s3://pan-ukb-us-east-1/sumstats_flat_files_tabix/continuous-21001-both_sexes-irnt.tsv.bgz.tbi,s3://pan-ukb-us-east-1/sumstats_flat_files/continuous-21001-both_sexes-irnt.tsv.bgz,s3://pan-ukb-us-east-1/sumstats_flat_files_tabix/continuous-21001-both_sexes-irnt.tsv.bgz.tbi,MID,TO_VALIDATE_IN_15B2,MATCHED_TRAIT_CATALOG,True,True,True,True,True,
cmp_80175672b39655ce,gt_c1f964477a2c60d2,HTR1A,Pan-UKB,Pan-UKB::continuous|21001|both_sexes||irnt,Body mass index (BMI),continuous|21001|both_sexes||irnt,GRCh37,body_mass_index,PRIMARY,Direct quantitative readout,Direct quantitative readout,False,True,B,B,0,1,1,1,Obesity,EUR,AFR,5,chr5,63256183,63258334,63256182,63156183,63358334,63156182,100000,-,ENSG00000178394.3,protein_coding,HTR1A,exact_gene_name,GENCODE v19,MATCHED,single_multianalysis_bgzf,s3://pan-ukb-us-east-1/sumstats_flat_files/continuous-21001-both_sexes-irnt.tsv.bgz,s3://pan-ukb-us-east-1/sumstats_flat_files_tabix/continuous-21001-both_sexes-irnt.tsv.bgz.tbi,s3://pan-ukb-us-east-1/sumstats_flat_files/continuous-21001-both_sexes-irnt.tsv.bgz,s3://pan-ukb-us-east-1/sumstats_flat_files_tabix/continuous-21001-both_sexes-irnt.tsv.bgz.tbi,AFR,TO_VALIDATE_IN_15B2,MATCHED_TRAIT_CATALOG,True,True,True,True,True,
cmp_e1e56086d8f841e1,gt_c1f964477a2c60d2,HTR1A,Pan-UKB,Pan-UKB::continuous|21001|both_sexes||irnt,Body mass index (BMI),continuous|21001|both_sexes||irnt,GRCh37,body_mass_index,PRIMARY,Direct quantitative readout,Direct quantitative readout,False,True,B,B,0,1,1,1,Obesity,EUR,CSA,5,chr5,63256183,63258334,63256182,63156183,63358334,63156182,100000,-,ENSG00000178394.3,protein_coding,HTR1A,exact_gene_name,GENCODE v19,MATCHED,single_multianalysis_bgzf,s3://pan-ukb-us-east-1/sumstats_flat_files/continuous-21001-both_sexes-irnt.tsv.bgz,s3://pan-ukb-us-east-1/sumstats_flat_files_tabix/continuous-21001-both_sexes-irnt.tsv.bgz.tbi,s3://pan-ukb-us-east-1/sumstats_flat_files/continuous-21001-both_sexes-irnt.tsv.bgz,s3://pan-ukb-us-east-1/sumstats_flat_files_tabix/continuous-21001-both_sexes-irnt.tsv.bgz.tbi,CSA,TO_VALIDATE_IN_15B2,MATCHED_TRAIT_CATALOG,True,True,True,True,True,
cmp_885f982fca055dee,gt_c1f964477a2c60d2,HTR1A,Pan-UKB,Pan-UKB::continuous|21001|both_sexes||irnt,Body mass index (BMI),continuous|21001|both_sexes||irnt,GRCh37,body_mass_index,PRIMARY,Direct quantitative readout,Direct quantitative readout,False,True,B,B,0,1,1,1,Obesity,EUR,MID,5,chr5,63256183,63258334,63256182,63156183,63358334,63156182,100000,-,ENSG00000178394.3,protein_coding,HTR1A,exact_gene_name,GENCODE v19,MATCHED,single_multianalysis_bgzf,s3://pan-ukb-us-east-1/sumstats_flat_files/continuous-21001-both_sexes-irnt.tsv.bgz,s3://pan-ukb-us-east-1/sumstats_flat_files_tabix/continuous-21001-both_sexes-irnt.tsv.bgz.tbi,s3://pan-ukb-us-east-1/sumstats_flat_files/continuous-21001-both_sexes-irnt.tsv.bgz,s3://pan-ukb-us-east-1/sumstats_flat_files_tabix/continuous-21001-both_sexes-irnt.tsv.bgz.tbi,MID,TO_VALIDATE_IN_15B2,MATCHED_TRAIT_CATALOG,True,True,True,True,True,
cmp_71b7ddb719e3cb03,gt_c613c2c57d405093,IAPP,Pan-UKB,Pan-UKB::continuous|21001|both_sexes||irnt,Body mass index (BMI),continuous|21001|both_sexes||irnt,GRCh37,body_mass_index,PRIMARY,Direct quantitative readout,Direct quantitative readout,False,True,B,B,0,1,1,1,Obesity,EUR,AFR,12,chr12,21507893,21532912,21507892,21407893,21632912,21407892,100000,+,ENSG00000121351.3,protein_coding,IAPP,exact_gene_name,GENCODE v19,MATCHED,single_multianalysis_bgzf,s3://pan-ukb-us-east-1/sumstats_flat_files/continuous-21001-both_sexes-irnt.tsv.bgz,s3://pan-ukb-us-east-1/sumstats_flat_files_tabix/continuous-21001-both_sexes-irnt.tsv.bgz.tbi,s3://pan-ukb-us-east-1/sumstats_flat_files/continuous-21001-both_sexes-irnt.tsv.bgz,s3://pan-ukb-us-east-1/sumstats_flat_files_tabix/continuous-21001-both_sexes-irnt.tsv.bgz.tbi,AFR,TO_VALIDATE_IN_15B2,MATCHED_TRAIT_CATALOG,True,True,True,True,True,
cmp_ea327d1dd0a42d69,gt_c613c2c57d405093,IAPP,Pan-UKB,Pan-UKB::continuous|21001|both_sexes||irnt,Body mass index (BMI),continuous|21001|both_sexes||irnt,GRCh37,body_mass_index,PRIMARY,Direct quantitative readout,Direct quantitative readout,False,True,B,B,0,1,1,1,Obesity,EUR,CSA,12,chr12,21507893,21532912,21507892,21407893,21632912,21407892,100000,+,ENSG00000121351.3,protein_coding,IAPP,exact_gene_name,GENCODE v19,MATCHED,single_multianalysis_bgzf,s3://pan-ukb-us-east-1/sumstats_flat_files/continuous-21001-both_sexes-irnt.tsv.bgz,s3://pan-ukb-us-east-1/sumstats_flat_files_tabix/continuous-21001-both_sexes-irnt.tsv.bgz.tbi,s3://pan-ukb-us-east-1/sumstats_flat_files/continuous-21001-both_sexes-irnt.tsv.bgz,s3://pan-ukb-us-east-1/sumstats_flat_files_tabix/continuous-21001-both_sexes-irnt.tsv.bgz.tbi,CSA,TO_VALIDATE_IN_15B2,MATCHED_TRAIT_CATALOG,True,True,True,True,True,
cmp_586b6611324ad428,gt_c613c2c57d405093,IAPP,Pan-UKB,Pan-UKB::continuous|21001|both_sexes||irnt,Body mass index (BMI),continuous|21001|both_sexes||irnt,GRCh37,body_mass_index,PRIMARY,Direct quantitative readout,Direct quantitative readout,False,True,B,B,0,1,1,1,Obesity,EUR,MID,12,chr12,21507893,21532912,21507892,21407893,21632912,21407892,100000,+,ENSG00000121351.3,protein_coding,IAPP,exact_gene_name,GENCODE v19,MATCHED,single_multianalysis_bgzf,s3://pan-ukb-us-east-1/sumstats_flat_files/continuous-21001-both_sexes-irnt.tsv.bgz,s3://pan-ukb-us-east-1/sumstats_flat_files_tabix/continuous-21001-both_sexes-irnt.tsv.bgz.tbi,s3://pan-ukb-us-east-1/sumstats_flat_files/continuous-21001-both_sexes-irnt.tsv.bgz,s3://pan-ukb-us-east-1/sumstats_flat_files_tabix/continuous-21001-both_sexes-irnt.tsv.bgz.tbi,MID,TO_VALIDATE_IN_15B2,MATCHED_TRAIT_CATALOG,True,True,True,True,True,
cmp_e34cdd484ad3fd0a,gt_3118096966414b21,INSR,Pan-UKB,Pan-UKB::continuous|21001|both_sexes||irnt,Body mass index (BMI),continuous|21001|both_sexes||irnt,GRCh37,body_mass_index,PRIMARY,Direct quantitative readout,Direct quantitative readout,False,True,B,B,0,1,1,1,Obesity,EUR,AFR,19,chr19,7112266,7294045,7112265,7012266,7394045,7012265,100000,-,ENSG00000171105.9,protein_coding,INSR,exact_gene_name,GENCODE v19,MATCHED,single_multianalysis_bgzf,s3://pan-ukb-us-east-1/sumstats_flat_files/continuous-21001-both_sexes-irnt.tsv.bgz,s3://pan-ukb-us-east-1/sumstats_flat_files_tabix/continuous-21001-both_sexes-irnt.tsv.bgz.tbi,s3://pan-ukb-us-east-1/sumstats_flat_files/continuous-21001-both_sexes-irnt.tsv.bgz,s3://pan-ukb-us-east-1/sumstats_flat_files_tabix/continuous-21001-both_sexes-irnt.tsv.bgz.tbi,AFR,TO_VALIDATE_IN_15B2,MATCHED_TRAIT_CATALOG,True,True,True,True,True,
cmp_6ec0097c5bdac67b,gt_3118096966414b21,INSR,Pan-UKB,Pan-UKB::continuous|21001|both_sexes||irnt,Body mass index (BMI),continuous|21001|both_sexes||irnt,GRCh37,body_mass_index,PRIMARY,Direct quantitative readout,Direct quantitative readout,False,True,B,B,0,1,1,1,Obesity,EUR,CSA,19,chr19,7112266,7294045,7112265,7012266,7394045,7012265,100000,-,ENSG00000171105.9,protein_coding,INSR,exact_gene_name,GENCODE v19,MATCHED,single_multianalysis_bgzf,s3://pan-ukb-us-east-1/sumstats_flat_files/continuous-21001-both_sexes-irnt.tsv.bgz,s3://pan-ukb-us-east-1/sumstats_flat_files_tabix/continuous-21001-both_sexes-irnt.tsv.bgz.tbi,s3://pan-ukb-us-east-1/sumstats_flat_files/continuous-21001-both_sexes-irnt.tsv.bgz,s3://pan-ukb-us-east-1/sumstats_flat_files_tabix/continuous-21001-both_sexes-irnt.tsv.bgz.tbi,CSA,TO_VALIDATE_IN_15B2,MATCHED_TRAIT_CATALOG,True,True,True,True,True,
cmp_72dfdcaeb4fc2bab,gt_3118096966414b21,INSR,Pan-UKB,Pan-UKB::continuous|21001|both_sexes||irnt,Body mass index (BMI),continuous|21001|both_sexes||irnt,GRCh37,body_mass_index,PRIMARY,Direct quantitative readout,Direct quantitative readout,False,True,B,B,0,1,1,1,Obesity,EUR,MID,19,chr19,7112266,7294045,7112265,7012266,7394045,7012265,100000,-,ENSG00000171105.9,protein_coding,INSR,exact_gene_name,GENCODE v19,MATCHED,single_multianalysis_bgzf,s3://pan-ukb-us-east-1/sumstats_flat_files/continuous-21001-both_sexes-irnt.tsv.bgz,s3://pan-ukb-us-east-1/sumstats_flat_files_tabix/continuous-21001-both_sexes-irnt.tsv.bgz.tbi,s3://pan-ukb-us-east-1/sumstats_flat_files/continuous-21001-both_sexes-irnt.tsv.bgz,s3://pan-ukb-us-east-1/sumstats_flat_files_tabix/continuous-21001-both_sexes-irnt.tsv.bgz.tbi,MID,TO_VALIDATE_IN_15B2,MATCHED_TRAIT_CATALOG,True,True,True,True,True,
cmp_04802c9d74f9e732,gt_46885db53b6cf531,LEPR,Pan-UKB,Pan-UKB::continuous|21001|both_sexes||irnt,Body mass index (BMI),continuous|21001|both_sexes||irnt,GRCh37,body_mass_index,PRIMARY,Direct quantitative readout,Direct quantitative readout,False,True,B,B,0,1,1,1,Obesity,EUR,AFR,1,chr1,65886248,66107242,65886247,65786248,66207242,65786247,100000,+,ENSG00000116678.14,protein_coding,LEPR,exact_gene_name,GENCODE v19,MATCHED,single_multianalysis_bgzf,s3://pan-ukb-us-east-1/sumstats_flat_files/continuous-21001-both_sexes-irnt.tsv.bgz,s3://pan-ukb-us-east-1/sumstats_flat_files_tabix/continuous-21001-both_sexes-irnt.tsv.bgz.tbi,s3://pan-ukb-us-east-1/sumstats_flat_files/continuous-21001-both_sexes-irnt.tsv.bgz,s3://pan-ukb-us-east-1/sumstats_flat_files_tabix/continuous-21001-both_sexes-irnt.tsv.bgz.tbi,AFR,TO_VALIDATE_IN_15B2,MATCHED_TRAIT_CATALOG,True,True,True,True,True,
cmp_fd7bee0b4f0c8705,gt_46885db53b6cf531,LEPR,Pan-UKB,Pan-UKB::continuous|21001|both_sexes||irnt,Body mass index (BMI),continuous|21001|both_sexes||irnt,GRCh37,body_mass_index,PRIMARY,Direct quantitative readout,Direct quantitative readout,False,True,B,B,0,1,1,1,Obesity,EUR,CSA,1,chr1,65886248,66107242,65886247,65786248,66207242,65786247,100000,+,ENSG00000116678.14,protein_coding,LEPR,exact_gene_name,GENCODE v19,MATCHED,single_multianalysis_bgzf,s3://pan-ukb-us-east-1/sumstats_flat_files/continuous-21001-both_sexes-irnt.tsv.bgz,s3://pan-ukb-us-east-1/sumstats_flat_files_tabix/continuous-21001-both_sexes-irnt.tsv.bgz.tbi,s3://pan-ukb-us-east-1/sumstats_flat_files/continuous-21001-both_sexes-irnt.tsv.bgz,s3://pan-ukb-us-east-1/sumstats_flat_files_tabix/continuous-21001-both_sexes-irnt.tsv.bgz.tbi,CSA,TO_VALIDATE_IN_15B2,MATCHED_TRAIT_CATALOG,True,True,True,True,True,
cmp_e3f2f647f7cf5c3c,gt_46885db53b6cf531,LEPR,Pan-UKB,Pan-UKB::continuous|21001|both_sexes||irnt,Body mass index (BMI),continuous|21001|both_sexes||irnt,GRCh37,body_mass_index,PRIMARY,Direct quantitative readout,Direct quantitative readout,False,True,B,B,0,1,1,1,Obesity,EUR,MID,1,chr1,65886248,66107242,65886247,65786248,66207242,65786247,100000,+,ENSG00000116678.14,protein_coding,LEPR,exact_gene_name,GENCODE v19,MATCHED,single_multianalysis_bgzf,s3://pan-ukb-us-east-1/sumstats_flat_files/continuous-21001-both_sexes-irnt.tsv.bgz,s3://pan-ukb-us-east-1/sumstats_flat_files_tabix/continuous-21001-both_sexes-irnt.tsv.bgz.tbi,s3://pan-ukb-us-east-1/sumstats_flat_files/continuous-21001-both_sexes-irnt.tsv.bgz,s3://pan-ukb-us-east-1/sumstats_flat_files_tabix/continuous-21001-both_sexes-irnt.tsv.bgz.tbi,MID,TO_VALIDATE_IN_15B2,MATCHED_TRAIT_CATALOG,True,True,True,True,True,
cmp_78452397ae97612a,gt_61df4e5e9ce876ed,MAPK1,Pan-UKB,Pan-UKB::continuous|21001|both_sexes||irnt,Body mass index (BMI),continuous|21001|both_sexes||irnt,GRCh37,body_mass_index,PRIMARY,Direct quantitative readout,Direct quantitative readout,False,True,B,B,0,1,1,1,Obesity,EUR,AFR,22,chr22,22108789,22221970,22108788,22008789,22321970,22008788,100000,-,ENSG00000100030.10,protein_coding,MAPK1,exact_gene_name,GENCODE v19,MATCHED,single_multianalysis_bgzf,s3://pan-ukb-us-east-1/sumstats_flat_files/continuous-21001-both_sexes-irnt.tsv.bgz,s3://pan-ukb-us-east-1/sumstats_flat_files_tabix/continuous-21001-both_sexes-irnt.tsv.bgz.tbi,s3://pan-ukb-us-east-1/sumstats_flat_files/continuous-21001-both_sexes-irnt.tsv.bgz,s3://pan-ukb-us-east-1/sumstats_flat_files_tabix/continuous-21001-both_sexes-irnt.tsv.bgz.tbi,AFR,TO_VALIDATE_IN_15B2,MATCHED_TRAIT_CATALOG,True,True,True,True,True,
cmp_c4363c25ad7ffa63,gt_61df4e5e9ce876ed,MAPK1,Pan-UKB,Pan-UKB::continuous|21001|both_sexes||irnt,Body mass index (BMI),continuous|21001|both_sexes||irnt,GRCh37,body_mass_index,PRIMARY,Direct quantitative readout,Direct quantitative readout,False,True,B,B,0,1,1,1,Obesity,EUR,CSA,22,chr22,22108789,22221970,22108788,22008789,22321970,22008788,100000,-,ENSG00000100030.10,protein_coding,MAPK1,exact_gene_name,GENCODE v19,MATCHED,single_multianalysis_bgzf,s3://pan-ukb-us-east-1/sumstats_flat_files/continuous-21001-both_sexes-irnt.tsv.bgz,s3://pan-ukb-us-east-1/sumstats_flat_files_tabix/continuous-21001-both_sexes-irnt.tsv.bgz.tbi,s3://pan-ukb-us-east-1/sumstats_flat_files/continuous-21001-both_sexes-irnt.tsv.bgz,s3://pan-ukb-us-east-1/sumstats_flat_files_tabix/continuous-21001-both_sexes-irnt.tsv.bgz.tbi,CSA,TO_VALIDATE_IN_15B2,MATCHED_TRAIT_CATALOG,True,True,True,True,True,
cmp_e9978fabe01afe50,gt_61df4e5e9ce876ed,MAPK1,Pan-UKB,Pan-UKB::continuous|21001|both_sexes||irnt,Body mass index (BMI),continuous|21001|both_sexes||irnt,GRCh37,body_mass_index,PRIMARY,Direct quantitative readout,Direct quantitative readout,False,True,B,B,0,1,1,1,Obesity,EUR,MID,22,chr22,22108789,22221970,22108788,22008789,22321970,22008788,100000,-,ENSG00000100030.10,protein_coding,MAPK1,exact_gene_name,GENCODE v19,MATCHED,single_multianalysis_bgzf,s3://pan-ukb-us-east-1/sumstats_flat_files/continuous-21001-both_sexes-irnt.tsv.bgz,s3://pan-ukb-us-east-1/sumstats_flat_files_tabix/continuous-21001-both_sexes-irnt.tsv.bgz.tbi,s3://pan-ukb-us-east-1/sumstats_flat_files/continuous-21001-both_sexes-irnt.tsv.bgz,s3://pan-ukb-us-east-1/sumstats_flat_files_tabix/continuous-21001-both_sexes-irnt.tsv.bgz.tbi,MID,TO_VALIDATE_IN_15B2,MATCHED_TRAIT_CATALOG,True,True,True,True,True,
cmp_d952477127ee7ec7,gt_6925bb9b57369884,MAPK3,Pan-UKB,Pan-UKB::continuous|21001|both_sexes||irnt,Body mass index (BMI),continuous|21001|both_sexes||irnt,GRCh37,body_mass_index,PRIMARY,Direct quantitative readout,Direct quantitative readout,False,True,B,B,0,1,1,1,Obesity,EUR,AFR,16,chr16,30125426,30134827,30125425,30025426,30234827,30025425,100000,-,ENSG00000102882.7,protein_coding,MAPK3,exact_gene_name,GENCODE v19,MATCHED,single_multianalysis_bgzf,s3://pan-ukb-us-east-1/sumstats_flat_files/continuous-21001-both_sexes-irnt.tsv.bgz,s3://pan-ukb-us-east-1/sumstats_flat_files_tabix/continuous-21001-both_sexes-irnt.tsv.bgz.tbi,s3://pan-ukb-us-east-1/sumstats_flat_files/continuous-21001-both_sexes-irnt.tsv.bgz,s3://pan-ukb-us-east-1/sumstats_flat_files_tabix/continuous-21001-both_sexes-irnt.tsv.bgz.tbi,AFR,TO_VALIDATE_IN_15B2,MATCHED_TRAIT_CATALOG,True,True,True,True,True,
cmp_5d9692961eceee6a,gt_6925bb9b57369884,MAPK3,Pan-UKB,Pan-UKB::continuous|21001|both_sexes||irnt,Body mass index (BMI),continuous|21001|both_sexes||irnt,GRCh37,body_mass_index,PRIMARY,Direct quantitative readout,Direct quantitative readout,False,True,B,B,0,1,1,1,Obesity,EUR,CSA,16,chr16,30125426,30134827,30125425,30025426,30234827,30025425,100000,-,ENSG00000102882.7,protein_coding,MAPK3,exact_gene_name,GENCODE v19,MATCHED,single_multianalysis_bgzf,s3://pan-ukb-us-east-1/sumstats_flat_files/continuous-21001-both_sexes-irnt.tsv.bgz,s3://pan-ukb-us-east-1/sumstats_flat_files_tabix/continuous-21001-both_sexes-irnt.tsv.bgz.tbi,s3://pan-ukb-us-east-1/sumstats_flat_files/continuous-21001-both_sexes-irnt.tsv.bgz,s3://pan-ukb-us-east-1/sumstats_flat_files_tabix/continuous-21001-both_sexes-irnt.tsv.bgz.tbi,CSA,TO_VALIDATE_IN_15B2,MATCHED_TRAIT_CATALOG,True,True,True,True,True,
cmp_516979e63b81199e,gt_6925bb9b57369884,MAPK3,Pan-UKB,Pan-UKB::continuous|21001|both_sexes||irnt,Body mass index (BMI),continuous|21001|both_sexes||irnt,GRCh37,body_mass_index,PRIMARY,Direct quantitative readout,Direct quantitative readout,False,True,B,B,0,1,1,1,Obesity,EUR,MID,16,chr16,30125426,30134827,30125425,30025426,30234827,30025425,100000,-,ENSG00000102882.7,protein_coding,MAPK3,exact_gene_name,GENCODE v19,MATCHED,single_multianalysis_bgzf,s3://pan-ukb-us-east-1/sumstats_flat_files/continuous-21001-both_sexes-irnt.tsv.bgz,s3://pan-ukb-us-east-1/sumstats_flat_files_tabix/continuous-21001-both_sexes-irnt.tsv.bgz.tbi,s3://pan-ukb-us-east-1/sumstats_flat_files/continuous-21001-both_sexes-irnt.tsv.bgz,s3://pan-ukb-us-east-1/sumstats_flat_files_tabix/continuous-21001-both_sexes-irnt.tsv.bgz.tbi,MID,TO_VALIDATE_IN_15B2,MATCHED_TRAIT_CATALOG,True,True,True,True,True,
cmp_72348505eabd0d8c,gt_6514a4bcc5411b53,MC1R,Pan-UKB,Pan-UKB::continuous|21001|both_sexes||irnt,Body mass index (BMI),continuous|21001|both_sexes||irnt,GRCh37,body_mass_index,PRIMARY,Direct quantitative readout,Direct quantitative readout,False,True,B,B,0,1,1,1,Obesity,EUR,AFR,16,chr16,89978527,89987385,89978526,89878527,90087385,89878526,100000,+,ENSG00000258839.2,protein_coding,MC1R,exact_gene_name,GENCODE v19,MATCHED,single_multianalysis_bgzf,s3://pan-ukb-us-east-1/sumstats_flat_files/continuous-21001-both_sexes-irnt.tsv.bgz,s3://pan-ukb-us-east-1/sumstats_flat_files_tabix/continuous-21001-both_sexes-irnt.tsv.bgz.tbi,s3://pan-ukb-us-east-1/sumstats_flat_files/continuous-21001-both_sexes-irnt.tsv.bgz,s3://pan-ukb-us-east-1/sumstats_flat_files_tabix/continuous-21001-both_sexes-irnt.tsv.bgz.tbi,AFR,TO_VALIDATE_IN_15B2,MATCHED_TRAIT_CATALOG,True,True,True,True,True,
cmp_216a3309e17ff325,gt_6514a4bcc5411b53,MC1R,Pan-UKB,Pan-UKB::continuous|21001|both_sexes||irnt,Body mass index (BMI),continuous|21001|both_sexes||irnt,GRCh37,body_mass_index,PRIMARY,Direct quantitative readout,Direct quantitative readout,False,True,B,B,0,1,1,1,Obesity,EUR,CSA,16,chr16,89978527,89987385,89978526,89878527,90087385,89878526,100000,+,ENSG00000258839.2,protein_coding,MC1R,exact_gene_name,GENCODE v19,MATCHED,single_multianalysis_bgzf,s3://pan-ukb-us-east-1/sumstats_flat_files/continuous-21001-both_sexes-irnt.tsv.bgz,s3://pan-ukb-us-east-1/sumstats_flat_files_tabix/continuous-21001-both_sexes-irnt.tsv.bgz.tbi,s3://pan-ukb-us-east-1/sumstats_flat_files/continuous-21001-both_sexes-irnt.tsv.bgz,s3://pan-ukb-us-east-1/sumstats_flat_files_tabix/continuous-21001-both_sexes-irnt.tsv.bgz.tbi,CSA,TO_VALIDATE_IN_15B2,MATCHED_TRAIT_CATALOG,True,True,True,True,True,
cmp_1e62bc9cfb0ae342,gt_6514a4bcc5411b53,MC1R,Pan-UKB,Pan-UKB::continuous|21001|both_sexes||irnt,Body mass index (BMI),continuous|21001|both_sexes||irnt,GRCh37,body_mass_index,PRIMARY,Direct quantitative readout,Direct quantitative readout,False,True,B,B,0,1,1,1,Obesity,EUR,MID,16,chr16,89978527,89987385,89978526,89878527,90087385,89878526,100000,+,ENSG00000258839.2,protein_coding,MC1R,exact_gene_name,GENCODE v19,MATCHED,single_multianalysis_bgzf,s3://pan-ukb-us-east-1/sumstats_flat_files/continuous-21001-both_sexes-irnt.tsv.bgz,s3://pan-ukb-us-east-1/sumstats_flat_files_tabix/continuous-21001-both_sexes-irnt.tsv.bgz.tbi,s3://pan-ukb-us-east-1/sumstats_flat_files/continuous-21001-both_sexes-irnt.tsv.bgz,s3://pan-ukb-us-east-1/sumstats_flat_files_tabix/continuous-21001-both_sexes-irnt.tsv.bgz.tbi,MID,TO_VALIDATE_IN_15B2,MATCHED_TRAIT_CATALOG,True,True,True,True,True,
cmp_d9f3563910f04212,gt_e31188cc7b292717,MC4R,Pan-UKB,Pan-UKB::continuous|21001|both_sexes||irnt,Body mass index (BMI),continuous|21001|both_sexes||irnt,GRCh37,body_mass_index,PRIMARY,Direct quantitative readout,Direct quantitative readout,False,True,A,A,1,0,1,1,Obesity,EUR,AFR,18,chr18,58038564,58040001,58038563,57938564,58140001,57938563,100000,-,ENSG00000166603.3,protein_coding,MC4R,exact_gene_name,GENCODE v19,MATCHED,single_multianalysis_bgzf,s3://pan-ukb-us-east-1/sumstats_flat_files/continuous-21001-both_sexes-irnt.tsv.bgz,s3://pan-ukb-us-east-1/sumstats_flat_files_tabix/continuous-21001-both_sexes-irnt.tsv.bgz.tbi,s3://pan-ukb-us-east-1/sumstats_flat_files/continuous-21001-both_sexes-irnt.tsv.bgz,s3://pan-ukb-us-east-1/sumstats_flat_files_tabix/continuous-21001-both_sexes-irnt.tsv.bgz.tbi,AFR,TO_VALIDATE_IN_15B2,MATCHED_TRAIT_CATALOG,True,True,True,True,True,
cmp_91602ff38973e5c1,gt_e31188cc7b292717,MC4R,Pan-UKB,Pan-UKB::continuous|21001|both_sexes||irnt,Body mass index (BMI),continuous|21001|both_sexes||irnt,GRCh37,body_mass_index,PRIMARY,Direct quantitative readout,Direct quantitative readout,False,True,A,A,1,0,1,1,Obesity,EUR,CSA,18,chr18,58038564,58040001,58038563,57938564,58140001,57938563,100000,-,ENSG00000166603.3,protein_coding,MC4R,exact_gene_name,GENCODE v19,MATCHED,single_multianalysis_bgzf,s3://pan-ukb-us-east-1/sumstats_flat_files/continuous-21001-both_sexes-irnt.tsv.bgz,s3://pan-ukb-us-east-1/sumstats_flat_files_tabix/continuous-21001-both_sexes-irnt.tsv.bgz.tbi,s3://pan-ukb-us-east-1/sumstats_flat_files/continuous-21001-both_sexes-irnt.tsv.bgz,s3://pan-ukb-us-east-1/sumstats_flat_files_tabix/continuous-21001-both_sexes-irnt.tsv.bgz.tbi,CSA,TO_VALIDATE_IN_15B2,MATCHED_TRAIT_CATALOG,True,True,True,True,True,
cmp_795667e1dbbc5ad6,gt_e31188cc7b292717,MC4R,Pan-UKB,Pan-UKB::continuous|21001|both_sexes||irnt,Body mass index (BMI),continuous|21001|both_sexes||irnt,GRCh37,body_mass_index,PRIMARY,Direct quantitative readout,Direct quantitative readout,False,True,A,A,1,0,1,1,Obesity,EUR,MID,18,chr18,58038564,58040001,58038563,57938564,58140001,57938563,100000,-,ENSG00000166603.3,protein_coding,MC4R,exact_gene_name,GENCODE v19,MATCHED,single_multianalysis_bgzf,s3://pan-ukb-us-east-1/sumstats_flat_files/continuous-21001-both_sexes-irnt.tsv.bgz,s3://pan-ukb-us-east-1/sumstats_flat_files_tabix/continuous-21001-both_sexes-irnt.tsv.bgz.tbi,s3://pan-ukb-us-east-1/sumstats_flat_files/continuous-21001-both_sexes-irnt.tsv.bgz,s3://pan-ukb-us-east-1/sumstats_flat_files_tabix/continuous-21001-both_sexes-irnt.tsv.bgz.tbi,MID,TO_VALIDATE_IN_15B2,MATCHED_TRAIT_CATALOG,True,True,True,True,True,
cmp_b0ac2fd5fb031aa4,gt_d14085384e769d40,MTTP,Pan-UKB,Pan-UKB::continuous|21001|both_sexes||irnt,Body mass index (BMI),continuous|21001|both_sexes||irnt,GRCh37,body_mass_index,PRIMARY,Direct quantitative readout,Direct quantitative readout,False,True,B,B,0,1,1,1,Obesity,EUR,AFR,4,chr4,100484918,100545156,100484917,100384918,100645156,100384917,100000,+,ENSG00000138823.8,protein_coding,MTTP,exact_gene_name,GENCODE v19,MATCHED,single_multianalysis_bgzf,s3://pan-ukb-us-east-1/sumstats_flat_files/continuous-21001-both_sexes-irnt.tsv.bgz,s3://pan-ukb-us-east-1/sumstats_flat_files_tabix/continuous-21001-both_sexes-irnt.tsv.bgz.tbi,s3://pan-ukb-us-east-1/sumstats_flat_files/continuous-21001-both_sexes-irnt.tsv.bgz,s3://pan-ukb-us-east-1/sumstats_flat_files_tabix/continuous-21001-both_sexes-irnt.tsv.bgz.tbi,AFR,TO_VALIDATE_IN_15B2,MATCHED_TRAIT_CATALOG,True,True,True,True,True,
cmp_dcd0c0caf9708b43,gt_d14085384e769d40,MTTP,Pan-UKB,Pan-UKB::continuous|21001|both_sexes||irnt,Body mass index (BMI),continuous|21001|both_sexes||irnt,GRCh37,body_mass_index,PRIMARY,Direct quantitative readout,Direct quantitative readout,False,True,B,B,0,1,1,1,Obesity,EUR,CSA,4,chr4,100484918,100545156,100484917,100384918,100645156,100384917,100000,+,ENSG00000138823.8,protein_coding,MTTP,exact_gene_name,GENCODE v19,MATCHED,single_multianalysis_bgzf,s3://pan-ukb-us-east-1/sumstats_flat_files/continuous-21001-both_sexes-irnt.tsv.bgz,s3://pan-ukb-us-east-1/sumstats_flat_files_tabix/continuous-21001-both_sexes-irnt.tsv.bgz.tbi,s3://pan-ukb-us-east-1/sumstats_flat_files/continuous-21001-both_sexes-irnt.tsv.bgz,s3://pan-ukb-us-east-1/sumstats_flat_files_tabix/continuous-21001-both_sexes-irnt.tsv.bgz.tbi,CSA,TO_VALIDATE_IN_15B2,MATCHED_TRAIT_CATALOG,True,True,True,True,True,
cmp_677d64c945b762f6,gt_d14085384e769d40,MTTP,Pan-UKB,Pan-UKB::continuous|21001|both_sexes||irnt,Body mass index (BMI),continuous|21001|both_sexes||irnt,GRCh37,body_mass_index,PRIMARY,Direct quantitative readout,Direct quantitative readout,False,True,B,B,0,1,1,1,Obesity,EUR,MID,4,chr4,100484918,100545156,100484917,100384918,100645156,100384917,100000,+,ENSG00000138823.8,protein_coding,MTTP,exact_gene_name,GENCODE v19,MATCHED,single_multianalysis_bgzf,s3://pan-ukb-us-east-1/sumstats_flat_files/continuous-21001-both_sexes-irnt.tsv.bgz,s3://pan-ukb-us-east-1/sumstats_flat_files_tabix/continuous-21001-both_sexes-irnt.tsv.bgz.tbi,s3://pan-ukb-us-east-1/sumstats_flat_files/continuous-21001-both_sexes-irnt.tsv.bgz,s3://pan-ukb-us-east-1/sumstats_flat_files_tabix/continuous-21001-both_sexes-irnt.tsv.bgz.tbi,MID,TO_VALIDATE_IN_15B2,MATCHED_TRAIT_CATALOG,True,True,True,True,True,
cmp_f7e745784dd20d7a,gt_9e59531911456d7e,NPY,Pan-UKB,Pan-UKB::continuous|21001|both_sexes||irnt,Body mass index (BMI),continuous|21001|both_sexes||irnt,GRCh37,body_mass_index,PRIMARY,Direct quantitative readout,Direct quantitative readout,False,True,B,B,0,1,1,1,Obesity,EUR,AFR,7,chr7,24323782,24331484,24323781,24223782,24431484,24223781,100000,+,ENSG00000122585.3,protein_coding,NPY,exact_gene_name,GENCODE v19,MATCHED,single_multianalysis_bgzf,s3://pan-ukb-us-east-1/sumstats_flat_files/continuous-21001-both_sexes-irnt.tsv.bgz,s3://pan-ukb-us-east-1/sumstats_flat_files_tabix/continuous-21001-both_sexes-irnt.tsv.bgz.tbi,s3://pan-ukb-us-east-1/sumstats_flat_files/continuous-21001-both_sexes-irnt.tsv.bgz,s3://pan-ukb-us-east-1/sumstats_flat_files_tabix/continuous-21001-both_sexes-irnt.tsv.bgz.tbi,AFR,TO_VALIDATE_IN_15B2,MATCHED_TRAIT_CATALOG,True,True,True,True,True,
cmp_d1be896521c16094,gt_9e59531911456d7e,NPY,Pan-UKB,Pan-UKB::continuous|21001|both_sexes||irnt,Body mass index (BMI),continuous|21001|both_sexes||irnt,GRCh37,body_mass_index,PRIMARY,Direct quantitative readout,Direct quantitative readout,False,True,B,B,0,1,1,1,Obesity,EUR,CSA,7,chr7,24323782,24331484,24323781,24223782,24431484,24223781,100000,+,ENSG00000122585.3,protein_coding,NPY,exact_gene_name,GENCODE v19,MATCHED,single_multianalysis_bgzf,s3://pan-ukb-us-east-1/sumstats_flat_files/continuous-21001-both_sexes-irnt.tsv.bgz,s3://pan-ukb-us-east-1/sumstats_flat_files_tabix/continuous-21001-both_sexes-irnt.tsv.bgz.tbi,s3://pan-ukb-us-east-1/sumstats_flat_files/continuous-21001-both_sexes-irnt.tsv.bgz,s3://pan-ukb-us-east-1/sumstats_flat_files_tabix/continuous-21001-both_sexes-irnt.tsv.bgz.tbi,CSA,TO_VALIDATE_IN_15B2,MATCHED_TRAIT_CATALOG,True,True,True,True,True,
cmp_28e2956ba0ebd603,gt_9e59531911456d7e,NPY,Pan-UKB,Pan-UKB::continuous|21001|both_sexes||irnt,Body mass index (BMI),continuous|21001|both_sexes||irnt,GRCh37,body_mass_index,PRIMARY,Direct quantitative readout,Direct quantitative readout,False,True,B,B,0,1,1,1,Obesity,EUR,MID,7,chr7,24323782,24331484,24323781,24223782,24431484,24223781,100000,+,ENSG00000122585.3,protein_coding,NPY,exact_gene_name,GENCODE v19,MATCHED,single_multianalysis_bgzf,s3://pan-ukb-us-east-1/sumstats_flat_files/continuous-21001-both_sexes-irnt.tsv.bgz,s3://pan-ukb-us-east-1/sumstats_flat_files_tabix/continuous-21001-both_sexes-irnt.tsv.bgz.tbi,s3://pan-ukb-us-east-1/sumstats_flat_files/continuous-21001-both_sexes-irnt.tsv.bgz,s3://pan-ukb-us-east-1/sumstats_flat_files_tabix/continuous-21001-both_sexes-irnt.tsv.bgz.tbi,MID,TO_VALIDATE_IN_15B2,MATCHED_TRAIT_CATALOG,True,True,True,True,True,
cmp_a97ce6dedcd54341,gt_a0df6f80874b8d26,NPY5R,Pan-UKB,Pan-UKB::continuous|21001|both_sexes||irnt,Body mass index (BMI),continuous|21001|both_sexes||irnt,GRCh37,body_mass_index,PRIMARY,Direct quantitative readout,Direct quantitative readout,False,True,B,B,0,1,1,1,Obesity,EUR,AFR,4,chr4,164265091,164273086,164265090,164165091,164373086,164165090,100000,+,ENSG00000164129.7,protein_coding,NPY5R,exact_gene_name,GENCODE v19,MATCHED,single_multianalysis_bgzf,s3://pan-ukb-us-east-1/sumstats_flat_files/continuous-21001-both_sexes-irnt.tsv.bgz,s3://pan-ukb-us-east-1/sumstats_flat_files_tabix/continuous-21001-both_sexes-irnt.tsv.bgz.tbi,s3://pan-ukb-us-east-1/sumstats_flat_files/continuous-21001-both_sexes-irnt.tsv.bgz,s3://pan-ukb-us-east-1/sumstats_flat_files_tabix/continuous-21001-both_sexes-irnt.tsv.bgz.tbi,AFR,TO_VALIDATE_IN_15B2,MATCHED_TRAIT_CATALOG,True,True,True,True,True,
cmp_3124ceb4d020ea5a,gt_a0df6f80874b8d26,NPY5R,Pan-UKB,Pan-UKB::continuous|21001|both_sexes||irnt,Body mass index (BMI),continuous|21001|both_sexes||irnt,GRCh37,body_mass_index,PRIMARY,Direct quantitative readout,Direct quantitative readout,False,True,B,B,0,1,1,1,Obesity,EUR,CSA,4,chr4,164265091,164273086,164265090,164165091,164373086,164165090,100000,+,ENSG00000164129.7,protein_coding,NPY5R,exact_gene_name,GENCODE v19,MATCHED,single_multianalysis_bgzf,s3://pan-ukb-us-east-1/sumstats_flat_files/continuous-21001-both_sexes-irnt.tsv.bgz,s3://pan-ukb-us-east-1/sumstats_flat_files_tabix/continuous-21001-both_sexes-irnt.tsv.bgz.tbi,s3://pan-ukb-us-east-1/sumstats_flat_files/continuous-21001-both_sexes-irnt.tsv.bgz,s3://pan-ukb-us-east-1/sumstats_flat_files_tabix/continuous-21001-both_sexes-irnt.tsv.bgz.tbi,CSA,TO_VALIDATE_IN_15B2,MATCHED_TRAIT_CATALOG,True,True,True,True,True,
cmp_f04fee7e22ce047a,gt_a0df6f80874b8d26,NPY5R,Pan-UKB,Pan-UKB::continuous|21001|both_sexes||irnt,Body mass index (BMI),continuous|21001|both_sexes||irnt,GRCh37,body_mass_index,PRIMARY,Direct quantitative readout,Direct quantitative readout,False,True,B,B,0,1,1,1,Obesity,EUR,MID,4,chr4,164265091,164273086,164265090,164165091,164373086,164165090,100000,+,ENSG00000164129.7,protein_coding,NPY5R,exact_gene_name,GENCODE v19,MATCHED,single_multianalysis_bgzf,s3://pan-ukb-us-east-1/sumstats_flat_files/continuous-21001-both_sexes-irnt.tsv.bgz,s3://pan-ukb-us-east-1/sumstats_flat_files_tabix/continuous-21001-both_sexes-irnt.tsv.bgz.tbi,s3://pan-ukb-us-east-1/sumstats_flat_files/continuous-21001-both_sexes-irnt.tsv.bgz,s3://pan-ukb-us-east-1/sumstats_flat_files_tabix/continuous-21001-both_sexes-irnt.tsv.bgz.tbi,MID,TO_VALIDATE_IN_15B2,MATCHED_TRAIT_CATALOG,True,True,True,True,True,
cmp_2661dd42af3bfb16,gt_1fa305cc7cba8ae9,NR3C1,Pan-UKB,Pan-UKB::continuous|21001|both_sexes||irnt,Body mass index (BMI),continuous|21001|both_sexes||irnt,GRCh37,body_mass_index,PRIMARY,Direct quantitative readout,Direct quantitative readout,False,True,B,B,0,1,1,1,Obesity,EUR,AFR,5,chr5,142657496,142815077,142657495,142557496,142915077,142557495,100000,-,ENSG00000113580.10,protein_coding,NR3C1,exact_gene_name,GENCODE v19,MATCHED,single_multianalysis_bgzf,s3://pan-ukb-us-east-1/sumstats_flat_files/continuous-21001-both_sexes-irnt.tsv.bgz,s3://pan-ukb-us-east-1/sumstats_flat_files_tabix/continuous-21001-both_sexes-irnt.tsv.bgz.tbi,s3://pan-ukb-us-east-1/sumstats_flat_files/continuous-21001-both_sexes-irnt.tsv.bgz,s3://pan-ukb-us-east-1/sumstats_flat_files_tabix/continuous-21001-both_sexes-irnt.tsv.bgz.tbi,AFR,TO_VALIDATE_IN_15B2,MATCHED_TRAIT_CATALOG,True,True,True,True,True,
cmp_d6cd4d98314b761f,gt_1fa305cc7cba8ae9,NR3C1,Pan-UKB,Pan-UKB::continuous|21001|both_sexes||irnt,Body mass index (BMI),continuous|21001|both_sexes||irnt,GRCh37,body_mass_index,PRIMARY,Direct quantitative readout,Direct quantitative readout,False,True,B,B,0,1,1,1,Obesity,EUR,CSA,5,chr5,142657496,142815077,142657495,142557496,142915077,142557495,100000,-,ENSG00000113580.10,protein_coding,NR3C1,exact_gene_name,GENCODE v19,MATCHED,single_multianalysis_bgzf,s3://pan-ukb-us-east-1/sumstats_flat_files/continuous-21001-both_sexes-irnt.tsv.bgz,s3://pan-ukb-us-east-1/sumstats_flat_files_tabix/continuous-21001-both_sexes-irnt.tsv.bgz.tbi,s3://pan-ukb-us-east-1/sumstats_flat_files/continuous-21001-both_sexes-irnt.tsv.bgz,s3://pan-ukb-us-east-1/sumstats_flat_files_tabix/continuous-21001-both_sexes-irnt.tsv.bgz.tbi,CSA,TO_VALIDATE_IN_15B2,MATCHED_TRAIT_CATALOG,True,True,True,True,True,
cmp_7f4279f01292e27f,gt_1fa305cc7cba8ae9,NR3C1,Pan-UKB,Pan-UKB::continuous|21001|both_sexes||irnt,Body mass index (BMI),continuous|21001|both_sexes||irnt,GRCh37,body_mass_index,PRIMARY,Direct quantitative readout,Direct quantitative readout,False,True,B,B,0,1,1,1,Obesity,EUR,MID,5,chr5,142657496,142815077,142657495,142557496,142915077,142557495,100000,-,ENSG00000113580.10,protein_coding,NR3C1,exact_gene_name,GENCODE v19,MATCHED,single_multianalysis_bgzf,s3://pan-ukb-us-east-1/sumstats_flat_files/continuous-21001-both_sexes-irnt.tsv.bgz,s3://pan-ukb-us-east-1/sumstats_flat_files_tabix/continuous-21001-both_sexes-irnt.tsv.bgz.tbi,s3://pan-ukb-us-east-1/sumstats_flat_files/continuous-21001-both_sexes-irnt.tsv.bgz,s3://pan-ukb-us-east-1/sumstats_flat_files_tabix/continuous-21001-both_sexes-irnt.tsv.bgz.tbi,MID,TO_VALIDATE_IN_15B2,MATCHED_TRAIT_CATALOG,True,True,True,True,True,
cmp_fac134fd4c5e31de,gt_9b4c668b144beda2,OPRM1,Pan-UKB,Pan-UKB::continuous|21001|both_sexes||irnt,Body mass index (BMI),continuous|21001|both_sexes||irnt,GRCh37,body_mass_index,PRIMARY,Direct quantitative readout,Direct quantitative readout,False,True,B,B,0,1,1,1,Obesity,EUR,AFR,6,chr6,154331631,154568001,154331630,154231631,154668001,154231630,100000,+,ENSG00000112038.13,protein_coding,OPRM1,exact_gene_name,GENCODE v19,MATCHED,single_multianalysis_bgzf,s3://pan-ukb-us-east-1/sumstats_flat_files/continuous-21001-both_sexes-irnt.tsv.bgz,s3://pan-ukb-us-east-1/sumstats_flat_files_tabix/continuous-21001-both_sexes-irnt.tsv.bgz.tbi,s3://pan-ukb-us-east-1/sumstats_flat_files/continuous-21001-both_sexes-irnt.tsv.bgz,s3://pan-ukb-us-east-1/sumstats_flat_files_tabix/continuous-21001-both_sexes-irnt.tsv.bgz.tbi,AFR,TO_VALIDATE_IN_15B2,MATCHED_TRAIT_CATALOG,True,True,True,True,True,
cmp_e1ec75f35a1f5325,gt_9b4c668b144beda2,OPRM1,Pan-UKB,Pan-UKB::continuous|21001|both_sexes||irnt,Body mass index (BMI),continuous|21001|both_sexes||irnt,GRCh37,body_mass_index,PRIMARY,Direct quantitative readout,Direct quantitative readout,False,True,B,B,0,1,1,1,Obesity,EUR,CSA,6,chr6,154331631,154568001,154331630,154231631,154668001,154231630,100000,+,ENSG00000112038.13,protein_coding,OPRM1,exact_gene_name,GENCODE v19,MATCHED,single_multianalysis_bgzf,s3://pan-ukb-us-east-1/sumstats_flat_files/continuous-21001-both_sexes-irnt.tsv.bgz,s3://pan-ukb-us-east-1/sumstats_flat_files_tabix/continuous-21001-both_sexes-irnt.tsv.bgz.tbi,s3://pan-ukb-us-east-1/sumstats_flat_files/continuous-21001-both_sexes-irnt.tsv.bgz,s3://pan-ukb-us-east-1/sumstats_flat_files_tabix/continuous-21001-both_sexes-irnt.tsv.bgz.tbi,CSA,TO_VALIDATE_IN_15B2,MATCHED_TRAIT_CATALOG,True,True,True,True,True,
cmp_41bfc0bfca8c4bb6,gt_9b4c668b144beda2,OPRM1,Pan-UKB,Pan-UKB::continuous|21001|both_sexes||irnt,Body mass index (BMI),continuous|21001|both_sexes||irnt,GRCh37,body_mass_index,PRIMARY,Direct quantitative readout,Direct quantitative readout,False,True,B,B,0,1,1,1,Obesity,EUR,MID,6,chr6,154331631,154568001,154331630,154231631,154668001,154231630,100000,+,ENSG00000112038.13,protein_coding,OPRM1,exact_gene_name,GENCODE v19,MATCHED,single_multianalysis_bgzf,s3://pan-ukb-us-east-1/sumstats_flat_files/continuous-21001-both_sexes-irnt.tsv.bgz,s3://pan-ukb-us-east-1/sumstats_flat_files_tabix/continuous-21001-both_sexes-irnt.tsv.bgz.tbi,s3://pan-ukb-us-east-1/sumstats_flat_files/continuous-21001-both_sexes-irnt.tsv.bgz,s3://pan-ukb-us-east-1/sumstats_flat_files_tabix/continuous-21001-both_sexes-irnt.tsv.bgz.tbi,MID,TO_VALIDATE_IN_15B2,MATCHED_TRAIT_CATALOG,True,True,True,True,True,
cmp_3886199c657bf693,gt_7f572da2369e3b76,PPARA,Pan-UKB,Pan-UKB::continuous|21001|both_sexes||irnt,Body mass index (BMI),continuous|21001|both_sexes||irnt,GRCh37,body_mass_index,PRIMARY,Direct quantitative readout,Direct quantitative readout,False,True,A,A,1,0,1,1,Obesity,EUR,AFR,22,chr22,46546424,46639653,46546423,46446424,46739653,46446423,100000,+,ENSG00000186951.12,protein_coding,PPARA,exact_gene_name,GENCODE v19,MATCHED,single_multianalysis_bgzf,s3://pan-ukb-us-east-1/sumstats_flat_files/continuous-21001-both_sexes-irnt.tsv.bgz,s3://pan-ukb-us-east-1/sumstats_flat_files_tabix/continuous-21001-both_sexes-irnt.tsv.bgz.tbi,s3://pan-ukb-us-east-1/sumstats_flat_files/continuous-21001-both_sexes-irnt.tsv.bgz,s3://pan-ukb-us-east-1/sumstats_flat_files_tabix/continuous-21001-both_sexes-irnt.tsv.bgz.tbi,AFR,TO_VALIDATE_IN_15B2,MATCHED_TRAIT_CATALOG,True,True,True,True,True,
cmp_ec4e6dd2b3d71823,gt_7f572da2369e3b76,PPARA,Pan-UKB,Pan-UKB::continuous|21001|both_sexes||irnt,Body mass index (BMI),continuous|21001|both_sexes||irnt,GRCh37,body_mass_index,PRIMARY,Direct quantitative readout,Direct quantitative readout,False,True,A,A,1,0,1,1,Obesity,EUR,CSA,22,chr22,46546424,46639653,46546423,46446424,46739653,46446423,100000,+,ENSG00000186951.12,protein_coding,PPARA,exact_gene_name,GENCODE v19,MATCHED,single_multianalysis_bgzf,s3://pan-ukb-us-east-1/sumstats_flat_files/continuous-21001-both_sexes-irnt.tsv.bgz,s3://pan-ukb-us-east-1/sumstats_flat_files_tabix/continuous-21001-both_sexes-irnt.tsv.bgz.tbi,s3://pan-ukb-us-east-1/sumstats_flat_files/continuous-21001-both_sexes-irnt.tsv.bgz,s3://pan-ukb-us-east-1/sumstats_flat_files_tabix/continuous-21001-both_sexes-irnt.tsv.bgz.tbi,CSA,TO_VALIDATE_IN_15B2,MATCHED_TRAIT_CATALOG,True,True,True,True,True,
cmp_8bce042e6f6265cb,gt_7f572da2369e3b76,PPARA,Pan-UKB,Pan-UKB::continuous|21001|both_sexes||irnt,Body mass index (BMI),continuous|21001|both_sexes||irnt,GRCh37,body_mass_index,PRIMARY,Direct quantitative readout,Direct quantitative readout,False,True,A,A,1,0,1,1,Obesity,EUR,MID,22,chr22,46546424,46639653,46546423,46446424,46739653,46446423,100000,+,ENSG00000186951.12,protein_coding,PPARA,exact_gene_name,GENCODE v19,MATCHED,single_multianalysis_bgzf,s3://pan-ukb-us-east-1/sumstats_flat_files/continuous-21001-both_sexes-irnt.tsv.bgz,s3://pan-ukb-us-east-1/sumstats_flat_files_tabix/continuous-21001-both_sexes-irnt.tsv.bgz.tbi,s3://pan-ukb-us-east-1/sumstats_flat_files/continuous-21001-both_sexes-irnt.tsv.bgz,s3://pan-ukb-us-east-1/sumstats_flat_files_tabix/continuous-21001-both_sexes-irnt.tsv.bgz.tbi,MID,TO_VALIDATE_IN_15B2,MATCHED_TRAIT_CATALOG,True,True,True,True,True,
cmp_b983f121e89ab0c9,gt_4129badd0cfdf3a3,PPARD,Pan-UKB,Pan-UKB::continuous|21001|both_sexes||irnt,Body mass index (BMI),continuous|21001|both_sexes||irnt,GRCh37,body_mass_index,PRIMARY,Direct quantitative readout,Direct quantitative readout,False,True,B,B,0,1,1,1,Obesity,EUR,AFR,6,chr6,35310335,35395968,35310334,35210335,35495968,35210334,100000,+,ENSG00000112033.9,protein_coding,PPARD,exact_gene_name,GENCODE v19,MATCHED,single_multianalysis_bgzf,s3://pan-ukb-us-east-1/sumstats_flat_files/continuous-21001-both_sexes-irnt.tsv.bgz,s3://pan-ukb-us-east-1/sumstats_flat_files_tabix/continuous-21001-both_sexes-irnt.tsv.bgz.tbi,s3://pan-ukb-us-east-1/sumstats_flat_files/continuous-21001-both_sexes-irnt.tsv.bgz,s3://pan-ukb-us-east-1/sumstats_flat_files_tabix/continuous-21001-both_sexes-irnt.tsv.bgz.tbi,AFR,TO_VALIDATE_IN_15B2,MATCHED_TRAIT_CATALOG,True,True,True,True,True,
cmp_c466933c6cddc2c2,gt_4129badd0cfdf3a3,PPARD,Pan-UKB,Pan-UKB::continuous|21001|both_sexes||irnt,Body mass index (BMI),continuous|21001|both_sexes||irnt,GRCh37,body_mass_index,PRIMARY,Direct quantitative readout,Direct quantitative readout,False,True,B,B,0,1,1,1,Obesity,EUR,CSA,6,chr6,35310335,35395968,35310334,35210335,35495968,35210334,100000,+,ENSG00000112033.9,protein_coding,PPARD,exact_gene_name,GENCODE v19,MATCHED,single_multianalysis_bgzf,s3://pan-ukb-us-east-1/sumstats_flat_files/continuous-21001-both_sexes-irnt.tsv.bgz,s3://pan-ukb-us-east-1/sumstats_flat_files_tabix/continuous-21001-both_sexes-irnt.tsv.bgz.tbi,s3://pan-ukb-us-east-1/sumstats_flat_files/continuous-21001-both_sexes-irnt.tsv.bgz,s3://pan-ukb-us-east-1/sumstats_flat_files_tabix/continuous-21001-both_sexes-irnt.tsv.bgz.tbi,CSA,TO_VALIDATE_IN_15B2,MATCHED_TRAIT_CATALOG,True,True,True,True,True,
cmp_3d5d09a2a4352628,gt_4129badd0cfdf3a3,PPARD,Pan-UKB,Pan-UKB::continuous|21001|both_sexes||irnt,Body mass index (BMI),continuous|21001|both_sexes||irnt,GRCh37,body_mass_index,PRIMARY,Direct quantitative readout,Direct quantitative readout,False,True,B,B,0,1,1,1,Obesity,EUR,MID,6,chr6,35310335,35395968,35310334,35210335,35495968,35210334,100000,+,ENSG00000112033.9,protein_coding,PPARD,exact_gene_name,GENCODE v19,MATCHED,single_multianalysis_bgzf,s3://pan-ukb-us-east-1/sumstats_flat_files/continuous-21001-both_sexes-irnt.tsv.bgz,s3://pan-ukb-us-east-1/sumstats_flat_files_tabix/continuous-21001-both_sexes-irnt.tsv.bgz.tbi,s3://pan-ukb-us-east-1/sumstats_flat_files/continuous-21001-both_sexes-irnt.tsv.bgz,s3://pan-ukb-us-east-1/sumstats_flat_files_tabix/continuous-21001-both_sexes-irnt.tsv.bgz.tbi,MID,TO_VALIDATE_IN_15B2,MATCHED_TRAIT_CATALOG,True,True,True,True,True,
cmp_0c1699071ec567b1,gt_00419bc476176825,PPARG,Pan-UKB,Pan-UKB::continuous|21001|both_sexes||irnt,Body mass index (BMI),continuous|21001|both_sexes||irnt,GRCh37,body_mass_index,PRIMARY,Direct quantitative readout,Direct quantitative readout,False,True,A,A,1,0,1,1,Obesity,EUR,AFR,3,chr3,12328867,12475855,12328866,12228867,12575855,12228866,100000,+,ENSG00000132170.15,protein_coding,PPARG,exact_gene_name,GENCODE v19,MATCHED,single_multianalysis_bgzf,s3://pan-ukb-us-east-1/sumstats_flat_files/continuous-21001-both_sexes-irnt.tsv.bgz,s3://pan-ukb-us-east-1/sumstats_flat_files_tabix/continuous-21001-both_sexes-irnt.tsv.bgz.tbi,s3://pan-ukb-us-east-1/sumstats_flat_files/continuous-21001-both_sexes-irnt.tsv.bgz,s3://pan-ukb-us-east-1/sumstats_flat_files_tabix/continuous-21001-both_sexes-irnt.tsv.bgz.tbi,AFR,TO_VALIDATE_IN_15B2,MATCHED_TRAIT_CATALOG,True,True,True,True,True,
cmp_c0ad4f2be6c24974,gt_00419bc476176825,PPARG,Pan-UKB,Pan-UKB::continuous|21001|both_sexes||irnt,Body mass index (BMI),continuous|21001|both_sexes||irnt,GRCh37,body_mass_index,PRIMARY,Direct quantitative readout,Direct quantitative readout,False,True,A,A,1,0,1,1,Obesity,EUR,CSA,3,chr3,12328867,12475855,12328866,12228867,12575855,12228866,100000,+,ENSG00000132170.15,protein_coding,PPARG,exact_gene_name,GENCODE v19,MATCHED,single_multianalysis_bgzf,s3://pan-ukb-us-east-1/sumstats_flat_files/continuous-21001-both_sexes-irnt.tsv.bgz,s3://pan-ukb-us-east-1/sumstats_flat_files_tabix/continuous-21001-both_sexes-irnt.tsv.bgz.tbi,s3://pan-ukb-us-east-1/sumstats_flat_files/continuous-21001-both_sexes-irnt.tsv.bgz,s3://pan-ukb-us-east-1/sumstats_flat_files_tabix/continuous-21001-both_sexes-irnt.tsv.bgz.tbi,CSA,TO_VALIDATE_IN_15B2,MATCHED_TRAIT_CATALOG,True,True,True,True,True,
cmp_9067bcfec8b6f08a,gt_00419bc476176825,PPARG,Pan-UKB,Pan-UKB::continuous|21001|both_sexes||irnt,Body mass index (BMI),continuous|21001|both_sexes||irnt,GRCh37,body_mass_index,PRIMARY,Direct quantitative readout,Direct quantitative readout,False,True,A,A,1,0,1,1,Obesity,EUR,MID,3,chr3,12328867,12475855,12328866,12228867,12575855,12228866,100000,+,ENSG00000132170.15,protein_coding,PPARG,exact_gene_name,GENCODE v19,MATCHED,single_multianalysis_bgzf,s3://pan-ukb-us-east-1/sumstats_flat_files/continuous-21001-both_sexes-irnt.tsv.bgz,s3://pan-ukb-us-east-1/sumstats_flat_files_tabix/continuous-21001-both_sexes-irnt.tsv.bgz.tbi,s3://pan-ukb-us-east-1/sumstats_flat_files/continuous-21001-both_sexes-irnt.tsv.bgz,s3://pan-ukb-us-east-1/sumstats_flat_files_tabix/continuous-21001-both_sexes-irnt.tsv.bgz.tbi,MID,TO_VALIDATE_IN_15B2,MATCHED_TRAIT_CATALOG,True,True,True,True,True,
cmp_584606d70b84e3c1,gt_5d3db36ffbf5ebc1,SLC6A4,Pan-UKB,Pan-UKB::continuous|21001|both_sexes||irnt,Body mass index (BMI),continuous|21001|both_sexes||irnt,GRCh37,body_mass_index,PRIMARY,Direct quantitative readout,Direct quantitative readout,False,True,B,B,0,1,1,1,Obesity,EUR,AFR,17,chr17,28521337,28563020,28521336,28421337,28663020,28421336,100000,-,ENSG00000108576.5,protein_coding,SLC6A4,exact_gene_name,GENCODE v19,MATCHED,single_multianalysis_bgzf,s3://pan-ukb-us-east-1/sumstats_flat_files/continuous-21001-both_sexes-irnt.tsv.bgz,s3://pan-ukb-us-east-1/sumstats_flat_files_tabix/continuous-21001-both_sexes-irnt.tsv.bgz.tbi,s3://pan-ukb-us-east-1/sumstats_flat_files/continuous-21001-both_sexes-irnt.tsv.bgz,s3://pan-ukb-us-east-1/sumstats_flat_files_tabix/continuous-21001-both_sexes-irnt.tsv.bgz.tbi,AFR,TO_VALIDATE_IN_15B2,MATCHED_TRAIT_CATALOG,True,True,True,True,True,
cmp_358a19866909a106,gt_5d3db36ffbf5ebc1,SLC6A4,Pan-UKB,Pan-UKB::continuous|21001|both_sexes||irnt,Body mass index (BMI),continuous|21001|both_sexes||irnt,GRCh37,body_mass_index,PRIMARY,Direct quantitative readout,Direct quantitative readout,False,True,B,B,0,1,1,1,Obesity,EUR,CSA,17,chr17,28521337,28563020,28521336,28421337,28663020,28421336,100000,-,ENSG00000108576.5,protein_coding,SLC6A4,exact_gene_name,GENCODE v19,MATCHED,single_multianalysis_bgzf,s3://pan-ukb-us-east-1/sumstats_flat_files/continuous-21001-both_sexes-irnt.tsv.bgz,s3://pan-ukb-us-east-1/sumstats_flat_files_tabix/continuous-21001-both_sexes-irnt.tsv.bgz.tbi,s3://pan-ukb-us-east-1/sumstats_flat_files/continuous-21001-both_sexes-irnt.tsv.bgz,s3://pan-ukb-us-east-1/sumstats_flat_files_tabix/continuous-21001-both_sexes-irnt.tsv.bgz.tbi,CSA,TO_VALIDATE_IN_15B2,MATCHED_TRAIT_CATALOG,True,True,True,True,True,
cmp_13a764bb2f83bff9,gt_5d3db36ffbf5ebc1,SLC6A4,Pan-UKB,Pan-UKB::continuous|21001|both_sexes||irnt,Body mass index (BMI),continuous|21001|both_sexes||irnt,GRCh37,body_mass_index,PRIMARY,Direct quantitative readout,Direct quantitative readout,False,True,B,B,0,1,1,1,Obesity,EUR,MID,17,chr17,28521337,28563020,28521336,28421337,28663020,28421336,100000,-,ENSG00000108576.5,protein_coding,SLC6A4,exact_gene_name,GENCODE v19,MATCHED,single_multianalysis_bgzf,s3://pan-ukb-us-east-1/sumstats_flat_files/continuous-21001-both_sexes-irnt.tsv.bgz,s3://pan-ukb-us-east-1/sumstats_flat_files_tabix/continuous-21001-both_sexes-irnt.tsv.bgz.tbi,s3://pan-ukb-us-east-1/sumstats_flat_files/continuous-21001-both_sexes-irnt.tsv.bgz,s3://pan-ukb-us-east-1/sumstats_flat_files_tabix/continuous-21001-both_sexes-irnt.tsv.bgz.tbi,MID,TO_VALIDATE_IN_15B2,MATCHED_TRAIT_CATALOG,True,True,True,True,True,
cmp_e815770eb9507aa4,gt_3bedb9eda24a2e46,SREBF1,Pan-UKB,Pan-UKB::continuous|21001|both_sexes||irnt,Body mass index (BMI),continuous|21001|both_sexes||irnt,GRCh37,body_mass_index,PRIMARY,Direct quantitative readout,Direct quantitative readout,False,True,B,B,0,1,1,1,Obesity,EUR,AFR,17,chr17,17713713,17740325,17713712,17613713,17840325,17613712,100000,-,ENSG00000072310.12,protein_coding,SREBF1,exact_gene_name,GENCODE v19,MATCHED,single_multianalysis_bgzf,s3://pan-ukb-us-east-1/sumstats_flat_files/continuous-21001-both_sexes-irnt.tsv.bgz,s3://pan-ukb-us-east-1/sumstats_flat_files_tabix/continuous-21001-both_sexes-irnt.tsv.bgz.tbi,s3://pan-ukb-us-east-1/sumstats_flat_files/continuous-21001-both_sexes-irnt.tsv.bgz,s3://pan-ukb-us-east-1/sumstats_flat_files_tabix/continuous-21001-both_sexes-irnt.tsv.bgz.tbi,AFR,TO_VALIDATE_IN_15B2,MATCHED_TRAIT_CATALOG,True,True,True,True,True,
cmp_fad25f8377228cc8,gt_3bedb9eda24a2e46,SREBF1,Pan-UKB,Pan-UKB::continuous|21001|both_sexes||irnt,Body mass index (BMI),continuous|21001|both_sexes||irnt,GRCh37,body_mass_index,PRIMARY,Direct quantitative readout,Direct quantitative readout,False,True,B,B,0,1,1,1,Obesity,EUR,CSA,17,chr17,17713713,17740325,17713712,17613713,17840325,17613712,100000,-,ENSG00000072310.12,protein_coding,SREBF1,exact_gene_name,GENCODE v19,MATCHED,single_multianalysis_bgzf,s3://pan-ukb-us-east-1/sumstats_flat_files/continuous-21001-both_sexes-irnt.tsv.bgz,s3://pan-ukb-us-east-1/sumstats_flat_files_tabix/continuous-21001-both_sexes-irnt.tsv.bgz.tbi,s3://pan-ukb-us-east-1/sumstats_flat_files/continuous-21001-both_sexes-irnt.tsv.bgz,s3://pan-ukb-us-east-1/sumstats_flat_files_tabix/continuous-21001-both_sexes-irnt.tsv.bgz.tbi,CSA,TO_VALIDATE_IN_15B2,MATCHED_TRAIT_CATALOG,True,True,True,True,True,
cmp_6bf7ad80dd2a95b6,gt_3bedb9eda24a2e46,SREBF1,Pan-UKB,Pan-UKB::continuous|21001|both_sexes||irnt,Body mass index (BMI),continuous|21001|both_sexes||irnt,GRCh37,body_mass_index,PRIMARY,Direct quantitative readout,Direct quantitative readout,False,True,B,B,0,1,1,1,Obesity,EUR,MID,17,chr17,17713713,17740325,17713712,17613713,17840325,17613712,100000,-,ENSG00000072310.12,protein_coding,SREBF1,exact_gene_name,GENCODE v19,MATCHED,single_multianalysis_bgzf,s3://pan-ukb-us-east-1/sumstats_flat_files/continuous-21001-both_sexes-irnt.tsv.bgz,s3://pan-ukb-us-east-1/sumstats_flat_files_tabix/continuous-21001-both_sexes-irnt.tsv.bgz.tbi,s3://pan-ukb-us-east-1/sumstats_flat_files/continuous-21001-both_sexes-irnt.tsv.bgz,s3://pan-ukb-us-east-1/sumstats_flat_files_tabix/continuous-21001-both_sexes-irnt.tsv.bgz.tbi,MID,TO_VALIDATE_IN_15B2,MATCHED_TRAIT_CATALOG,True,True,True,True,True,
cmp_a0244726a24d8ab5,gt_86b456c209fcf4df,SREBF2,Pan-UKB,Pan-UKB::continuous|21001|both_sexes||irnt,Body mass index (BMI),continuous|21001|both_sexes||irnt,GRCh37,body_mass_index,PRIMARY,Direct quantitative readout,Direct quantitative readout,False,True,B,B,0,1,1,1,Obesity,EUR,AFR,22,chr22,42229109,42303312,42229108,42129109,42403312,42129108,100000,+,ENSG00000198911.7,protein_coding,SREBF2,exact_gene_name,GENCODE v19,MATCHED,single_multianalysis_bgzf,s3://pan-ukb-us-east-1/sumstats_flat_files/continuous-21001-both_sexes-irnt.tsv.bgz,s3://pan-ukb-us-east-1/sumstats_flat_files_tabix/continuous-21001-both_sexes-irnt.tsv.bgz.tbi,s3://pan-ukb-us-east-1/sumstats_flat_files/continuous-21001-both_sexes-irnt.tsv.bgz,s3://pan-ukb-us-east-1/sumstats_flat_files_tabix/continuous-21001-both_sexes-irnt.tsv.bgz.tbi,AFR,TO_VALIDATE_IN_15B2,MATCHED_TRAIT_CATALOG,True,True,True,True,True,
cmp_3f9df0826c121ea6,gt_86b456c209fcf4df,SREBF2,Pan-UKB,Pan-UKB::continuous|21001|both_sexes||irnt,Body mass index (BMI),continuous|21001|both_sexes||irnt,GRCh37,body_mass_index,PRIMARY,Direct quantitative readout,Direct quantitative readout,False,True,B,B,0,1,1,1,Obesity,EUR,CSA,22,chr22,42229109,42303312,42229108,42129109,42403312,42129108,100000,+,ENSG00000198911.7,protein_coding,SREBF2,exact_gene_name,GENCODE v19,MATCHED,single_multianalysis_bgzf,s3://pan-ukb-us-east-1/sumstats_flat_files/continuous-21001-both_sexes-irnt.tsv.bgz,s3://pan-ukb-us-east-1/sumstats_flat_files_tabix/continuous-21001-both_sexes-irnt.tsv.bgz.tbi,s3://pan-ukb-us-east-1/sumstats_flat_files/continuous-21001-both_sexes-irnt.tsv.bgz,s3://pan-ukb-us-east-1/sumstats_flat_files_tabix/continuous-21001-both_sexes-irnt.tsv.bgz.tbi,CSA,TO_VALIDATE_IN_15B2,MATCHED_TRAIT_CATALOG,True,True,True,True,True,
cmp_1b48e21c3f7fa4df,gt_86b456c209fcf4df,SREBF2,Pan-UKB,Pan-UKB::continuous|21001|both_sexes||irnt,Body mass index (BMI),continuous|21001|both_sexes||irnt,GRCh37,body_mass_index,PRIMARY,Direct quantitative readout,Direct quantitative readout,False,True,B,B,0,1,1,1,Obesity,EUR,MID,22,chr22,42229109,42303312,42229108,42129109,42403312,42129108,100000,+,ENSG00000198911.7,protein_coding,SREBF2,exact_gene_name,GENCODE v19,MATCHED,single_multianalysis_bgzf,s3://pan-ukb-us-east-1/sumstats_flat_files/continuous-21001-both_sexes-irnt.tsv.bgz,s3://pan-ukb-us-east-1/sumstats_flat_files_tabix/continuous-21001-both_sexes-irnt.tsv.bgz.tbi,s3://pan-ukb-us-east-1/sumstats_flat_files/continuous-21001-both_sexes-irnt.tsv.bgz,s3://pan-ukb-us-east-1/sumstats_flat_files_tabix/continuous-21001-both_sexes-irnt.tsv.bgz.tbi,MID,TO_VALIDATE_IN_15B2,MATCHED_TRAIT_CATALOG,True,True,True,True,True,
cmp_bb725845cca6f024,gt_94eb695ffab3980d,CASR,Pan-UKB,Pan-UKB::biomarkers|30680|both_sexes||irnt,Calcium,biomarkers|30680|both_sexes||irnt,GRCh37,calcium,PRIMARY,Direct quantitative readout,Direct quantitative readout,True,False,A,"A,B",1,1,2,2,Hypercalcemia || Hypocalcemia,EUR,CSA,3,chr3,121902530,122005342,121902529,121802530,122105342,121802529,100000,+,ENSG00000036828.9,protein_coding,CASR,exact_gene_name,GENCODE v19,MATCHED,single_multianalysis_bgzf,s3://pan-ukb-us-east-1/sumstats_flat_files/biomarkers-30680-both_sexes-irnt.tsv.bgz,s3://pan-ukb-us-east-1/sumstats_flat_files_tabix/biomarkers-30680-both_sexes-irnt.tsv.bgz.tbi,s3://pan-ukb-us-east-1/sumstats_flat_files/biomarkers-30680-both_sexes-irnt.tsv.bgz,s3://pan-ukb-us-east-1/sumstats_flat_files_tabix/biomarkers-30680-both_sexes-irnt.tsv.bgz.tbi,CSA,TO_VALIDATE_IN_15B2,MATCHED_TRAIT_CATALOG,True,True,True,True,True,
cmp_b6d6dee5331ecf08,gt_fa7c0f92ccea41a7,ALDH2,Pan-UKB,Pan-UKB::continuous|eGFR|both_sexes||irnt,"Estimated glomerular filtration rate, serum creatinine",continuous|eGFR|both_sexes||irnt,GRCh37,egfr_creatinine,PRIMARY,Proxy biomarker,Proxy biomarker,False,True,B,B,0,1,1,1,Renal Insufficiency,EUR,CSA,12,chr12,112204691,112247782,112204690,112104691,112347782,112104690,100000,+,ENSG00000111275.8,protein_coding,ALDH2,exact_gene_name,GENCODE v19,MATCHED,single_multianalysis_bgzf,s3://pan-ukb-us-east-1/sumstats_flat_files/continuous-eGFR-both_sexes-irnt.tsv.bgz,s3://pan-ukb-us-east-1/sumstats_flat_files_tabix/continuous-eGFR-both_sexes-irnt.tsv.bgz.tbi,s3://pan-ukb-us-east-1/sumstats_flat_files/continuous-eGFR-both_sexes-irnt.tsv.bgz,s3://pan-ukb-us-east-1/sumstats_flat_files_tabix/continuous-eGFR-both_sexes-irnt.tsv.bgz.tbi,CSA,TO_VALIDATE_IN_15B2,MATCHED_TRAIT_CATALOG,True,True,True,True,True,
cmp_d99728b014a8c751,gt_fa7c0f92ccea41a7,ALDH2,Pan-UKB,Pan-UKB::continuous|eGFR|both_sexes||irnt,"Estimated glomerular filtration rate, serum creatinine",continuous|eGFR|both_sexes||irnt,GRCh37,egfr_creatinine,PRIMARY,Proxy biomarker,Proxy biomarker,False,True,B,B,0,1,1,1,Renal Insufficiency,EUR,MID,12,chr12,112204691,112247782,112204690,112104691,112347782,112104690,100000,+,ENSG00000111275.8,protein_coding,ALDH2,exact_gene_name,GENCODE v19,MATCHED,single_multianalysis_bgzf,s3://pan-ukb-us-east-1/sumstats_flat_files/continuous-eGFR-both_sexes-irnt.tsv.bgz,s3://pan-ukb-us-east-1/sumstats_flat_files_tabix/continuous-eGFR-both_sexes-irnt.tsv.bgz.tbi,s3://pan-ukb-us-east-1/sumstats_flat_files/continuous-eGFR-both_sexes-irnt.tsv.bgz,s3://pan-ukb-us-east-1/sumstats_flat_files_tabix/continuous-eGFR-both_sexes-irnt.tsv.bgz.tbi,MID,TO_VALIDATE_IN_15B2,MATCHED_TRAIT_CATALOG,True,True,True,True,True,
cmp_5fd988295a9adf4c,gt_2f8ebd8b90936da0,APOL1,Pan-UKB,Pan-UKB::continuous|eGFR|both_sexes||irnt,"Estimated glomerular filtration rate, serum creatinine",continuous|eGFR|both_sexes||irnt,GRCh37,egfr_creatinine,PRIMARY,Proxy biomarker,Proxy biomarker,False,True,B,B,0,2,2,2,"Glomerulosclerosis, Focal Segmental || Renal Insufficiency",EUR,CSA,22,chr22,36649056,36663576,36649055,36549056,36763576,36549055,100000,+,ENSG00000100342.16,protein_coding,APOL1,exact_gene_name,GENCODE v19,MATCHED,single_multianalysis_bgzf,s3://pan-ukb-us-east-1/sumstats_flat_files/continuous-eGFR-both_sexes-irnt.tsv.bgz,s3://pan-ukb-us-east-1/sumstats_flat_files_tabix/continuous-eGFR-both_sexes-irnt.tsv.bgz.tbi,s3://pan-ukb-us-east-1/sumstats_flat_files/continuous-eGFR-both_sexes-irnt.tsv.bgz,s3://pan-ukb-us-east-1/sumstats_flat_files_tabix/continuous-eGFR-both_sexes-irnt.tsv.bgz.tbi,CSA,TO_VALIDATE_IN_15B2,MATCHED_TRAIT_CATALOG,True,True,True,True,True,
cmp_b5b4c386bad78c21,gt_2f8ebd8b90936da0,APOL1,Pan-UKB,Pan-UKB::continuous|eGFR|both_sexes||irnt,"Estimated glomerular filtration rate, serum creatinine",continuous|eGFR|both_sexes||irnt,GRCh37,egfr_creatinine,PRIMARY,Proxy biomarker,Proxy biomarker,False,True,B,B,0,2,2,2,"Glomerulosclerosis, Focal Segmental || Renal Insufficiency",EUR,MID,22,chr22,36649056,36663576,36649055,36549056,36763576,36549055,100000,+,ENSG00000100342.16,protein_coding,APOL1,exact_gene_name,GENCODE v19,MATCHED,single_multianalysis_bgzf,s3://pan-ukb-us-east-1/sumstats_flat_files/continuous-eGFR-both_sexes-irnt.tsv.bgz,s3://pan-ukb-us-east-1/sumstats_flat_files_tabix/continuous-eGFR-both_sexes-irnt.tsv.bgz.tbi,s3://pan-ukb-us-east-1/sumstats_flat_files/continuous-eGFR-both_sexes-irnt.tsv.bgz,s3://pan-ukb-us-east-1/sumstats_flat_files_tabix/continuous-eGFR-both_sexes-irnt.tsv.bgz.tbi,MID,TO_VALIDATE_IN_15B2,MATCHED_TRAIT_CATALOG,True,True,True,True,True,
cmp_8644f50a5deb565a,gt_37da45aa8547319c,AXL,Pan-UKB,Pan-UKB::continuous|eGFR|both_sexes||irnt,"Estimated glomerular filtration rate, serum creatinine",continuous|eGFR|both_sexes||irnt,GRCh37,egfr_creatinine,PRIMARY,Proxy biomarker,Proxy biomarker,False,True,B,B,0,1,1,1,"Glomerulonephritis, IGA",EUR,CSA,19,chr19,41725108,41767671,41725107,41625108,41867671,41625107,100000,+,ENSG00000167601.7,protein_coding,AXL,exact_gene_name,GENCODE v19,MATCHED,single_multianalysis_bgzf,s3://pan-ukb-us-east-1/sumstats_flat_files/continuous-eGFR-both_sexes-irnt.tsv.bgz,s3://pan-ukb-us-east-1/sumstats_flat_files_tabix/continuous-eGFR-both_sexes-irnt.tsv.bgz.tbi,s3://pan-ukb-us-east-1/sumstats_flat_files/continuous-eGFR-both_sexes-irnt.tsv.bgz,s3://pan-ukb-us-east-1/sumstats_flat_files_tabix/continuous-eGFR-both_sexes-irnt.tsv.bgz.tbi,CSA,TO_VALIDATE_IN_15B2,MATCHED_TRAIT_CATALOG,True,True,True,True,True,
cmp_a8d8d1f235cb23f6,gt_37da45aa8547319c,AXL,Pan-UKB,Pan-UKB::continuous|eGFR|both_sexes||irnt,"Estimated glomerular filtration rate, serum creatinine",continuous|eGFR|both_sexes||irnt,GRCh37,egfr_creatinine,PRIMARY,Proxy biomarker,Proxy biomarker,False,True,B,B,0,1,1,1,"Glomerulonephritis, IGA",EUR,MID,19,chr19,41725108,41767671,41725107,41625108,41867671,41625107,100000,+,ENSG00000167601.7,protein_coding,AXL,exact_gene_name,GENCODE v19,MATCHED,single_multianalysis_bgzf,s3://pan-ukb-us-east-1/sumstats_flat_files/continuous-eGFR-both_sexes-irnt.tsv.bgz,s3://pan-ukb-us-east-1/sumstats_flat_files_tabix/continuous-eGFR-both_sexes-irnt.tsv.bgz.tbi,s3://pan-ukb-us-east-1/sumstats_flat_files/continuous-eGFR-both_sexes-irnt.tsv.bgz,s3://pan-ukb-us-east-1/sumstats_flat_files_tabix/continuous-eGFR-both_sexes-irnt.tsv.bgz.tbi,MID,TO_VALIDATE_IN_15B2,MATCHED_TRAIT_CATALOG,True,True,True,True,True,
cmp_92781d6e4a2bbf69,gt_815416408d11e054,GLP1R,Pan-UKB,Pan-UKB::continuous|eGFR|both_sexes||irnt,"Estimated glomerular filtration rate, serum creatinine",continuous|eGFR|both_sexes||irnt,GRCh37,egfr_creatinine,PRIMARY,Proxy biomarker,Proxy biomarker,False,True,B,B,0,1,1,1,Renal Insufficiency,EUR,CSA,6,chr6,39016574,39055519,39016573,38916574,39155519,38916573,100000,+,ENSG00000112164.5,protein_coding,GLP1R,exact_gene_name,GENCODE v19,MATCHED,single_multianalysis_bgzf,s3://pan-ukb-us-east-1/sumstats_flat_files/continuous-eGFR-both_sexes-irnt.tsv.bgz,s3://pan-ukb-us-east-1/sumstats_flat_files_tabix/continuous-eGFR-both_sexes-irnt.tsv.bgz.tbi,s3://pan-ukb-us-east-1/sumstats_flat_files/continuous-eGFR-both_sexes-irnt.tsv.bgz,s3://pan-ukb-us-east-1/sumstats_flat_files_tabix/continuous-eGFR-both_sexes-irnt.tsv.bgz.tbi,CSA,TO_VALIDATE_IN_15B2,MATCHED_TRAIT_CATALOG,True,True,True,True,True,
cmp_e4f3e7a3ffef3dee,gt_815416408d11e054,GLP1R,Pan-UKB,Pan-UKB::continuous|eGFR|both_sexes||irnt,"Estimated glomerular filtration rate, serum creatinine",continuous|eGFR|both_sexes||irnt,GRCh37,egfr_creatinine,PRIMARY,Proxy biomarker,Proxy biomarker,False,True,B,B,0,1,1,1,Renal Insufficiency,EUR,MID,6,chr6,39016574,39055519,39016573,38916574,39155519,38916573,100000,+,ENSG00000112164.5,protein_coding,GLP1R,exact_gene_name,GENCODE v19,MATCHED,single_multianalysis_bgzf,s3://pan-ukb-us-east-1/sumstats_flat_files/continuous-eGFR-both_sexes-irnt.tsv.bgz,s3://pan-ukb-us-east-1/sumstats_flat_files_tabix/continuous-eGFR-both_sexes-irnt.tsv.bgz.tbi,s3://pan-ukb-us-east-1/sumstats_flat_files/continuous-eGFR-both_sexes-irnt.tsv.bgz,s3://pan-ukb-us-east-1/sumstats_flat_files_tabix/continuous-eGFR-both_sexes-irnt.tsv.bgz.tbi,MID,TO_VALIDATE_IN_15B2,MATCHED_TRAIT_CATALOG,True,True,True,True,True,
cmp_ad635d062a0cb6f4,gt_72ede56b8ff4d0df,KCNJ1,Pan-UKB,Pan-UKB::continuous|eGFR|both_sexes||irnt,"Estimated glomerular filtration rate, serum creatinine",continuous|eGFR|both_sexes||irnt,GRCh37,egfr_creatinine,PRIMARY,Proxy biomarker,Proxy biomarker,False,True,B,B,0,1,1,1,Renal Insufficiency,EUR,CSA,11,chr11,128706210,128737268,128706209,128606210,128837268,128606209,100000,-,ENSG00000151704.11,protein_coding,KCNJ1,exact_gene_name,GENCODE v19,MATCHED,single_multianalysis_bgzf,s3://pan-ukb-us-east-1/sumstats_flat_files/continuous-eGFR-both_sexes-irnt.tsv.bgz,s3://pan-ukb-us-east-1/sumstats_flat_files_tabix/continuous-eGFR-both_sexes-irnt.tsv.bgz.tbi,s3://pan-ukb-us-east-1/sumstats_flat_files/continuous-eGFR-both_sexes-irnt.tsv.bgz,s3://pan-ukb-us-east-1/sumstats_flat_files_tabix/continuous-eGFR-both_sexes-irnt.tsv.bgz.tbi,CSA,TO_VALIDATE_IN_15B2,MATCHED_TRAIT_CATALOG,True,True,True,True,True,
cmp_a496afa2fb1d58f1,gt_72ede56b8ff4d0df,KCNJ1,Pan-UKB,Pan-UKB::continuous|eGFR|both_sexes||irnt,"Estimated glomerular filtration rate, serum creatinine",continuous|eGFR|both_sexes||irnt,GRCh37,egfr_creatinine,PRIMARY,Proxy biomarker,Proxy biomarker,False,True,B,B,0,1,1,1,Renal Insufficiency,EUR,MID,11,chr11,128706210,128737268,128706209,128606210,128837268,128606209,100000,-,ENSG00000151704.11,protein_coding,KCNJ1,exact_gene_name,GENCODE v19,MATCHED,single_multianalysis_bgzf,s3://pan-ukb-us-east-1/sumstats_flat_files/continuous-eGFR-both_sexes-irnt.tsv.bgz,s3://pan-ukb-us-east-1/sumstats_flat_files_tabix/continuous-eGFR-both_sexes-irnt.tsv.bgz.tbi,s3://pan-ukb-us-east-1/sumstats_flat_files/continuous-eGFR-both_sexes-irnt.tsv.bgz,s3://pan-ukb-us-east-1/sumstats_flat_files_tabix/continuous-eGFR-both_sexes-irnt.tsv.bgz.tbi,MID,TO_VALIDATE_IN_15B2,MATCHED_TRAIT_CATALOG,True,True,True,True,True,
cmp_952f827b629defdc,gt_68fc6cde9a15be10,NFE2L2,Pan-UKB,Pan-UKB::continuous|eGFR|both_sexes||irnt,"Estimated glomerular filtration rate, serum creatinine",continuous|eGFR|both_sexes||irnt,GRCh37,egfr_creatinine,PRIMARY,Proxy biomarker,Proxy biomarker,False,True,B,B,0,1,1,1,Renal Insufficiency,EUR,CSA,2,chr2,178092323,178257425,178092322,177992323,178357425,177992322,100000,-,ENSG00000116044.11,protein_coding,NFE2L2,exact_gene_name,GENCODE v19,MATCHED,single_multianalysis_bgzf,s3://pan-ukb-us-east-1/sumstats_flat_files/continuous-eGFR-both_sexes-irnt.tsv.bgz,s3://pan-ukb-us-east-1/sumstats_flat_files_tabix/continuous-eGFR-both_sexes-irnt.tsv.bgz.tbi,s3://pan-ukb-us-east-1/sumstats_flat_files/continuous-eGFR-both_sexes-irnt.tsv.bgz,s3://pan-ukb-us-east-1/sumstats_flat_files_tabix/continuous-eGFR-both_sexes-irnt.tsv.bgz.tbi,CSA,TO_VALIDATE_IN_15B2,MATCHED_TRAIT_CATALOG,True,True,True,True,True,
cmp_bf3da3d8b265cacf,gt_68fc6cde9a15be10,NFE2L2,Pan-UKB,Pan-UKB::continuous|eGFR|both_sexes||irnt,"Estimated glomerular filtration rate, serum creatinine",continuous|eGFR|both_sexes||irnt,GRCh37,egfr_creatinine,PRIMARY,Proxy biomarker,Proxy biomarker,False,True,B,B,0,1,1,1,Renal Insufficiency,EUR,MID,2,chr2,178092323,178257425,178092322,177992323,178357425,177992322,100000,-,ENSG00000116044.11,protein_coding,NFE2L2,exact_gene_name,GENCODE v19,MATCHED,single_multianalysis_bgzf,s3://pan-ukb-us-east-1/sumstats_flat_files/continuous-eGFR-both_sexes-irnt.tsv.bgz,s3://pan-ukb-us-east-1/sumstats_flat_files_tabix/continuous-eGFR-both_sexes-irnt.tsv.bgz.tbi,s3://pan-ukb-us-east-1/sumstats_flat_files/continuous-eGFR-both_sexes-irnt.tsv.bgz,s3://pan-ukb-us-east-1/sumstats_flat_files_tabix/continuous-eGFR-both_sexes-irnt.tsv.bgz.tbi,MID,TO_VALIDATE_IN_15B2,MATCHED_TRAIT_CATALOG,True,True,True,True,True,
cmp_ab310cba496101c9,gt_5e2273bff10e0a9d,NFKB1,Pan-UKB,Pan-UKB::continuous|eGFR|both_sexes||irnt,"Estimated glomerular filtration rate, serum creatinine",continuous|eGFR|both_sexes||irnt,GRCh37,egfr_creatinine,PRIMARY,Proxy biomarker,Proxy biomarker,False,True,B,B,0,1,1,1,"Glomerulosclerosis, Focal Segmental",EUR,CSA,4,chr4,103422486,103538459,103422485,103322486,103638459,103322485,100000,+,ENSG00000109320.7,protein_coding,NFKB1,exact_gene_name,GENCODE v19,MATCHED,single_multianalysis_bgzf,s3://pan-ukb-us-east-1/sumstats_flat_files/continuous-eGFR-both_sexes-irnt.tsv.bgz,s3://pan-ukb-us-east-1/sumstats_flat_files_tabix/continuous-eGFR-both_sexes-irnt.tsv.bgz.tbi,s3://pan-ukb-us-east-1/sumstats_flat_files/continuous-eGFR-both_sexes-irnt.tsv.bgz,s3://pan-ukb-us-east-1/sumstats_flat_files_tabix/continuous-eGFR-both_sexes-irnt.tsv.bgz.tbi,CSA,TO_VALIDATE_IN_15B2,MATCHED_TRAIT_CATALOG,True,True,True,True,True,
cmp_4a7143548dc144b2,gt_5e2273bff10e0a9d,NFKB1,Pan-UKB,Pan-UKB::continuous|eGFR|both_sexes||irnt,"Estimated glomerular filtration rate, serum creatinine",continuous|eGFR|both_sexes||irnt,GRCh37,egfr_creatinine,PRIMARY,Proxy biomarker,Proxy biomarker,False,True,B,B,0,1,1,1,"Glomerulosclerosis, Focal Segmental",EUR,MID,4,chr4,103422486,103538459,103422485,103322486,103638459,103322485,100000,+,ENSG00000109320.7,protein_coding,NFKB1,exact_gene_name,GENCODE v19,MATCHED,single_multianalysis_bgzf,s3://pan-ukb-us-east-1/sumstats_flat_files/continuous-eGFR-both_sexes-irnt.tsv.bgz,s3://pan-ukb-us-east-1/sumstats_flat_files_tabix/continuous-eGFR-both_sexes-irnt.tsv.bgz.tbi,s3://pan-ukb-us-east-1/sumstats_flat_files/continuous-eGFR-both_sexes-irnt.tsv.bgz,s3://pan-ukb-us-east-1/sumstats_flat_files_tabix/continuous-eGFR-both_sexes-irnt.tsv.bgz.tbi,MID,TO_VALIDATE_IN_15B2,MATCHED_TRAIT_CATALOG,True,True,True,True,True,
cmp_4815e2c237d6b2d2,gt_f8e7f75de5131a7d,NOX4,Pan-UKB,Pan-UKB::continuous|eGFR|both_sexes||irnt,"Estimated glomerular filtration rate, serum creatinine",continuous|eGFR|both_sexes||irnt,GRCh37,egfr_creatinine,PRIMARY,Proxy biomarker,Proxy biomarker,False,True,B,B,0,1,1,1,Diabetic Nephropathies,EUR,CSA,11,chr11,89057524,89322779,89057523,88957524,89422779,88957523,100000,-,ENSG00000086991.8,protein_coding,NOX4,exact_gene_name,GENCODE v19,MATCHED,single_multianalysis_bgzf,s3://pan-ukb-us-east-1/sumstats_flat_files/continuous-eGFR-both_sexes-irnt.tsv.bgz,s3://pan-ukb-us-east-1/sumstats_flat_files_tabix/continuous-eGFR-both_sexes-irnt.tsv.bgz.tbi,s3://pan-ukb-us-east-1/sumstats_flat_files/continuous-eGFR-both_sexes-irnt.tsv.bgz,s3://pan-ukb-us-east-1/sumstats_flat_files_tabix/continuous-eGFR-both_sexes-irnt.tsv.bgz.tbi,CSA,TO_VALIDATE_IN_15B2,MATCHED_TRAIT_CATALOG,True,True,True,True,True,
cmp_7c7de8d81ea6d599,gt_f8e7f75de5131a7d,NOX4,Pan-UKB,Pan-UKB::continuous|eGFR|both_sexes||irnt,"Estimated glomerular filtration rate, serum creatinine",continuous|eGFR|both_sexes||irnt,GRCh37,egfr_creatinine,PRIMARY,Proxy biomarker,Proxy biomarker,False,True,B,B,0,1,1,1,Diabetic Nephropathies,EUR,MID,11,chr11,89057524,89322779,89057523,88957524,89422779,88957523,100000,-,ENSG00000086991.8,protein_coding,NOX4,exact_gene_name,GENCODE v19,MATCHED,single_multianalysis_bgzf,s3://pan-ukb-us-east-1/sumstats_flat_files/continuous-eGFR-both_sexes-irnt.tsv.bgz,s3://pan-ukb-us-east-1/sumstats_flat_files_tabix/continuous-eGFR-both_sexes-irnt.tsv.bgz.tbi,s3://pan-ukb-us-east-1/sumstats_flat_files/continuous-eGFR-both_sexes-irnt.tsv.bgz,s3://pan-ukb-us-east-1/sumstats_flat_files_tabix/continuous-eGFR-both_sexes-irnt.tsv.bgz.tbi,MID,TO_VALIDATE_IN_15B2,MATCHED_TRAIT_CATALOG,True,True,True,True,True,
cmp_b7d656406a597ffb,gt_a74f9281d228a219,TGFB1,Pan-UKB,Pan-UKB::continuous|eGFR|both_sexes||irnt,"Estimated glomerular filtration rate, serum creatinine",continuous|eGFR|both_sexes||irnt,GRCh37,egfr_creatinine,PRIMARY,Proxy biomarker,Proxy biomarker,False,True,B,B,0,1,1,1,"Glomerulosclerosis, Focal Segmental",EUR,CSA,19,chr19,41807492,41859816,41807491,41707492,41959816,41707491,100000,-,ENSG00000105329.5,protein_coding,TGFB1,exact_gene_name,GENCODE v19,MATCHED,single_multianalysis_bgzf,s3://pan-ukb-us-east-1/sumstats_flat_files/continuous-eGFR-both_sexes-irnt.tsv.bgz,s3://pan-ukb-us-east-1/sumstats_flat_files_tabix/continuous-eGFR-both_sexes-irnt.tsv.bgz.tbi,s3://pan-ukb-us-east-1/sumstats_flat_files/continuous-eGFR-both_sexes-irnt.tsv.bgz,s3://pan-ukb-us-east-1/sumstats_flat_files_tabix/continuous-eGFR-both_sexes-irnt.tsv.bgz.tbi,CSA,TO_VALIDATE_IN_15B2,MATCHED_TRAIT_CATALOG,True,True,True,True,True,
cmp_e01ad3a44536e51d,gt_a74f9281d228a219,TGFB1,Pan-UKB,Pan-UKB::continuous|eGFR|both_sexes||irnt,"Estimated glomerular filtration rate, serum creatinine",continuous|eGFR|both_sexes||irnt,GRCh37,egfr_creatinine,PRIMARY,Proxy biomarker,Proxy biomarker,False,True,B,B,0,1,1,1,"Glomerulosclerosis, Focal Segmental",EUR,MID,19,chr19,41807492,41859816,41807491,41707492,41959816,41707491,100000,-,ENSG00000105329.5,protein_coding,TGFB1,exact_gene_name,GENCODE v19,MATCHED,single_multianalysis_bgzf,s3://pan-ukb-us-east-1/sumstats_flat_files/continuous-eGFR-both_sexes-irnt.tsv.bgz,s3://pan-ukb-us-east-1/sumstats_flat_files_tabix/continuous-eGFR-both_sexes-irnt.tsv.bgz.tbi,s3://pan-ukb-us-east-1/sumstats_flat_files/continuous-eGFR-both_sexes-irnt.tsv.bgz,s3://pan-ukb-us-east-1/sumstats_flat_files_tabix/continuous-eGFR-both_sexes-irnt.tsv.bgz.tbi,MID,TO_VALIDATE_IN_15B2,MATCHED_TRAIT_CATALOG,True,True,True,True,True,
cmp_85faf3a0b6ca771b,gt_9539f4bd41078be3,TNFSF13,Pan-UKB,Pan-UKB::continuous|eGFR|both_sexes||irnt,"Estimated glomerular filtration rate, serum creatinine",continuous|eGFR|both_sexes||irnt,GRCh37,egfr_creatinine,PRIMARY,Proxy biomarker,Proxy biomarker,False,True,B,B,0,1,1,1,"Glomerulonephritis, IGA",EUR,CSA,17,chr17,7461609,7464925,7461608,7361609,7564925,7361608,100000,+,ENSG00000161955.12,protein_coding,TNFSF13,exact_gene_name,GENCODE v19,MATCHED,single_multianalysis_bgzf,s3://pan-ukb-us-east-1/sumstats_flat_files/continuous-eGFR-both_sexes-irnt.tsv.bgz,s3://pan-ukb-us-east-1/sumstats_flat_files_tabix/continuous-eGFR-both_sexes-irnt.tsv.bgz.tbi,s3://pan-ukb-us-east-1/sumstats_flat_files/continuous-eGFR-both_sexes-irnt.tsv.bgz,s3://pan-ukb-us-east-1/sumstats_flat_files_tabix/continuous-eGFR-both_sexes-irnt.tsv.bgz.tbi,CSA,TO_VALIDATE_IN_15B2,MATCHED_TRAIT_CATALOG,True,True,True,True,True,
cmp_4758a5251b43a59e,gt_9539f4bd41078be3,TNFSF13,Pan-UKB,Pan-UKB::continuous|eGFR|both_sexes||irnt,"Estimated glomerular filtration rate, serum creatinine",continuous|eGFR|both_sexes||irnt,GRCh37,egfr_creatinine,PRIMARY,Proxy biomarker,Proxy biomarker,False,True,B,B,0,1,1,1,"Glomerulonephritis, IGA",EUR,MID,17,chr17,7461609,7464925,7461608,7361609,7564925,7361608,100000,+,ENSG00000161955.12,protein_coding,TNFSF13,exact_gene_name,GENCODE v19,MATCHED,single_multianalysis_bgzf,s3://pan-ukb-us-east-1/sumstats_flat_files/continuous-eGFR-both_sexes-irnt.tsv.bgz,s3://pan-ukb-us-east-1/sumstats_flat_files_tabix/continuous-eGFR-both_sexes-irnt.tsv.bgz.tbi,s3://pan-ukb-us-east-1/sumstats_flat_files/continuous-eGFR-both_sexes-irnt.tsv.bgz,s3://pan-ukb-us-east-1/sumstats_flat_files_tabix/continuous-eGFR-both_sexes-irnt.tsv.bgz.tbi,MID,TO_VALIDATE_IN_15B2,MATCHED_TRAIT_CATALOG,True,True,True,True,True,
cmp_0b17ee7489ac54ca,gt_f8d54415d6cc1cc4,ABCC8,Pan-UKB,Pan-UKB::biomarkers|30750|both_sexes||irnt,Glycated haemoglobin (HbA1c),biomarkers|30750|both_sexes||irnt,GRCh37,hba1c,PRIMARY,Direct quantitative readout,Direct quantitative readout,False,True,A,A,2,0,2,2,"Diabetes Mellitus || Diabetes Mellitus, Type 2",EUR,CSA,11,chr11,17414432,17498449,17414431,17314432,17598449,17314431,100000,-,ENSG00000006071.7,protein_coding,ABCC8,exact_gene_name,GENCODE v19,MATCHED,single_multianalysis_bgzf,s3://pan-ukb-us-east-1/sumstats_flat_files/biomarkers-30750-both_sexes-irnt.tsv.bgz,s3://pan-ukb-us-east-1/sumstats_flat_files_tabix/biomarkers-30750-both_sexes-irnt.tsv.bgz.tbi,s3://pan-ukb-us-east-1/sumstats_flat_files/biomarkers-30750-both_sexes-irnt.tsv.bgz,s3://pan-ukb-us-east-1/sumstats_flat_files_tabix/biomarkers-30750-both_sexes-irnt.tsv.bgz.tbi,CSA,TO_VALIDATE_IN_15B2,MATCHED_TRAIT_CATALOG,True,True,True,True,True,
cmp_223b568c06092c55,gt_f8d54415d6cc1cc4,ABCC8,Pan-UKB,Pan-UKB::biomarkers|30750|both_sexes||irnt,Glycated haemoglobin (HbA1c),biomarkers|30750|both_sexes||irnt,GRCh37,hba1c,PRIMARY,Direct quantitative readout,Direct quantitative readout,False,True,A,A,2,0,2,2,"Diabetes Mellitus || Diabetes Mellitus, Type 2",EUR,MID,11,chr11,17414432,17498449,17414431,17314432,17598449,17314431,100000,-,ENSG00000006071.7,protein_coding,ABCC8,exact_gene_name,GENCODE v19,MATCHED,single_multianalysis_bgzf,s3://pan-ukb-us-east-1/sumstats_flat_files/biomarkers-30750-both_sexes-irnt.tsv.bgz,s3://pan-ukb-us-east-1/sumstats_flat_files_tabix/biomarkers-30750-both_sexes-irnt.tsv.bgz.tbi,s3://pan-ukb-us-east-1/sumstats_flat_files/biomarkers-30750-both_sexes-irnt.tsv.bgz,s3://pan-ukb-us-east-1/sumstats_flat_files_tabix/biomarkers-30750-both_sexes-irnt.tsv.bgz.tbi,MID,TO_VALIDATE_IN_15B2,MATCHED_TRAIT_CATALOG,True,True,True,True,True,
cmp_37c0ac2fbeb228a3,gt_269d8238b469e256,CALCR,Pan-UKB,Pan-UKB::biomarkers|30750|both_sexes||irnt,Glycated haemoglobin (HbA1c),biomarkers|30750|both_sexes||irnt,GRCh37,hba1c,PRIMARY,Direct quantitative readout,Direct quantitative readout,False,True,B,B,0,2,2,2,"Diabetes Mellitus || Diabetes Mellitus, Type 2",EUR,CSA,7,chr7,93053799,93204042,93053798,92953799,93304042,92953798,100000,-,ENSG00000004948.9,protein_coding,CALCR,exact_gene_name,GENCODE v19,MATCHED,single_multianalysis_bgzf,s3://pan-ukb-us-east-1/sumstats_flat_files/biomarkers-30750-both_sexes-irnt.tsv.bgz,s3://pan-ukb-us-east-1/sumstats_flat_files_tabix/biomarkers-30750-both_sexes-irnt.tsv.bgz.tbi,s3://pan-ukb-us-east-1/sumstats_flat_files/biomarkers-30750-both_sexes-irnt.tsv.bgz,s3://pan-ukb-us-east-1/sumstats_flat_files_tabix/biomarkers-30750-both_sexes-irnt.tsv.bgz.tbi,CSA,TO_VALIDATE_IN_15B2,MATCHED_TRAIT_CATALOG,True,True,True,True,True,
cmp_57c63ef2b5ef7070,gt_269d8238b469e256,CALCR,Pan-UKB,Pan-UKB::biomarkers|30750|both_sexes||irnt,Glycated haemoglobin (HbA1c),biomarkers|30750|both_sexes||irnt,GRCh37,hba1c,PRIMARY,Direct quantitative readout,Direct quantitative readout,False,True,B,B,0,2,2,2,"Diabetes Mellitus || Diabetes Mellitus, Type 2",EUR,MID,7,chr7,93053799,93204042,93053798,92953799,93304042,92953798,100000,-,ENSG00000004948.9,protein_coding,CALCR,exact_gene_name,GENCODE v19,MATCHED,single_multianalysis_bgzf,s3://pan-ukb-us-east-1/sumstats_flat_files/biomarkers-30750-both_sexes-irnt.tsv.bgz,s3://pan-ukb-us-east-1/sumstats_flat_files_tabix/biomarkers-30750-both_sexes-irnt.tsv.bgz.tbi,s3://pan-ukb-us-east-1/sumstats_flat_files/biomarkers-30750-both_sexes-irnt.tsv.bgz,s3://pan-ukb-us-east-1/sumstats_flat_files_tabix/biomarkers-30750-both_sexes-irnt.tsv.bgz.tbi,MID,TO_VALIDATE_IN_15B2,MATCHED_TRAIT_CATALOG,True,True,True,True,True,
cmp_6a904cea8c198f4a,gt_8af78a546ba0cf73,DGAT1,Pan-UKB,Pan-UKB::biomarkers|30750|both_sexes||irnt,Glycated haemoglobin (HbA1c),biomarkers|30750|both_sexes||irnt,GRCh37,hba1c,PRIMARY,Direct quantitative readout,Direct quantitative readout,False,True,B,B,0,2,2,2,"Diabetes Mellitus || Diabetes Mellitus, Type 2",EUR,CSA,8,chr8,145539954,145550573,145539953,145439954,145650573,145439953,100000,-,ENSG00000185000.5,protein_coding,DGAT1,exact_gene_name,GENCODE v19,MATCHED,single_multianalysis_bgzf,s3://pan-ukb-us-east-1/sumstats_flat_files/biomarkers-30750-both_sexes-irnt.tsv.bgz,s3://pan-ukb-us-east-1/sumstats_flat_files_tabix/biomarkers-30750-both_sexes-irnt.tsv.bgz.tbi,s3://pan-ukb-us-east-1/sumstats_flat_files/biomarkers-30750-both_sexes-irnt.tsv.bgz,s3://pan-ukb-us-east-1/sumstats_flat_files_tabix/biomarkers-30750-both_sexes-irnt.tsv.bgz.tbi,CSA,TO_VALIDATE_IN_15B2,MATCHED_TRAIT_CATALOG,True,True,True,True,True,
cmp_306964470290b51d,gt_8af78a546ba0cf73,DGAT1,Pan-UKB,Pan-UKB::biomarkers|30750|both_sexes||irnt,Glycated haemoglobin (HbA1c),biomarkers|30750|both_sexes||irnt,GRCh37,hba1c,PRIMARY,Direct quantitative readout,Direct quantitative readout,False,True,B,B,0,2,2,2,"Diabetes Mellitus || Diabetes Mellitus, Type 2",EUR,MID,8,chr8,145539954,145550573,145539953,145439954,145650573,145439953,100000,-,ENSG00000185000.5,protein_coding,DGAT1,exact_gene_name,GENCODE v19,MATCHED,single_multianalysis_bgzf,s3://pan-ukb-us-east-1/sumstats_flat_files/biomarkers-30750-both_sexes-irnt.tsv.bgz,s3://pan-ukb-us-east-1/sumstats_flat_files_tabix/biomarkers-30750-both_sexes-irnt.tsv.bgz.tbi,s3://pan-ukb-us-east-1/sumstats_flat_files/biomarkers-30750-both_sexes-irnt.tsv.bgz,s3://pan-ukb-us-east-1/sumstats_flat_files_tabix/biomarkers-30750-both_sexes-irnt.tsv.bgz.tbi,MID,TO_VALIDATE_IN_15B2,MATCHED_TRAIT_CATALOG,True,True,True,True,True,
cmp_bab5bd13549c5f36,gt_58d110934e76bc52,FBP1,Pan-UKB,Pan-UKB::biomarkers|30750|both_sexes||irnt,Glycated haemoglobin (HbA1c),biomarkers|30750|both_sexes||irnt,GRCh37,hba1c,PRIMARY,Direct quantitative readout,Direct quantitative readout,False,True,B,B,0,1,1,1,"Diabetes Mellitus, Type 2",EUR,CSA,9,chr9,97365415,97402531,97365414,97265415,97502531,97265414,100000,-,ENSG00000165140.5,protein_coding,FBP1,exact_gene_name,GENCODE v19,MATCHED,single_multianalysis_bgzf,s3://pan-ukb-us-east-1/sumstats_flat_files/biomarkers-30750-both_sexes-irnt.tsv.bgz,s3://pan-ukb-us-east-1/sumstats_flat_files_tabix/biomarkers-30750-both_sexes-irnt.tsv.bgz.tbi,s3://pan-ukb-us-east-1/sumstats_flat_files/biomarkers-30750-both_sexes-irnt.tsv.bgz,s3://pan-ukb-us-east-1/sumstats_flat_files_tabix/biomarkers-30750-both_sexes-irnt.tsv.bgz.tbi,CSA,TO_VALIDATE_IN_15B2,MATCHED_TRAIT_CATALOG,True,True,True,True,True,
cmp_8f2a85acfe648bc5,gt_58d110934e76bc52,FBP1,Pan-UKB,Pan-UKB::biomarkers|30750|both_sexes||irnt,Glycated haemoglobin (HbA1c),biomarkers|30750|both_sexes||irnt,GRCh37,hba1c,PRIMARY,Direct quantitative readout,Direct quantitative readout,False,True,B,B,0,1,1,1,"Diabetes Mellitus, Type 2",EUR,MID,9,chr9,97365415,97402531,97365414,97265415,97502531,97265414,100000,-,ENSG00000165140.5,protein_coding,FBP1,exact_gene_name,GENCODE v19,MATCHED,single_multianalysis_bgzf,s3://pan-ukb-us-east-1/sumstats_flat_files/biomarkers-30750-both_sexes-irnt.tsv.bgz,s3://pan-ukb-us-east-1/sumstats_flat_files_tabix/biomarkers-30750-both_sexes-irnt.tsv.bgz.tbi,s3://pan-ukb-us-east-1/sumstats_flat_files/biomarkers-30750-both_sexes-irnt.tsv.bgz,s3://pan-ukb-us-east-1/sumstats_flat_files_tabix/biomarkers-30750-both_sexes-irnt.tsv.bgz.tbi,MID,TO_VALIDATE_IN_15B2,MATCHED_TRAIT_CATALOG,True,True,True,True,True,
cmp_8adf4710e2782856,gt_ba7da04bd46d78cc,FGFR1,Pan-UKB,Pan-UKB::biomarkers|30750|both_sexes||irnt,Glycated haemoglobin (HbA1c),biomarkers|30750|both_sexes||irnt,GRCh37,hba1c,PRIMARY,Direct quantitative readout,Direct quantitative readout,False,True,B,B,0,1,1,1,"Diabetes Mellitus, Type 2",EUR,CSA,8,chr8,38268656,38326352,38268655,38168656,38426352,38168655,100000,-,ENSG00000077782.15,protein_coding,FGFR1,exact_gene_name,GENCODE v19,MATCHED,single_multianalysis_bgzf,s3://pan-ukb-us-east-1/sumstats_flat_files/biomarkers-30750-both_sexes-irnt.tsv.bgz,s3://pan-ukb-us-east-1/sumstats_flat_files_tabix/biomarkers-30750-both_sexes-irnt.tsv.bgz.tbi,s3://pan-ukb-us-east-1/sumstats_flat_files/biomarkers-30750-both_sexes-irnt.tsv.bgz,s3://pan-ukb-us-east-1/sumstats_flat_files_tabix/biomarkers-30750-both_sexes-irnt.tsv.bgz.tbi,CSA,TO_VALIDATE_IN_15B2,MATCHED_TRAIT_CATALOG,True,True,True,True,True,
cmp_142d585f2ea87871,gt_ba7da04bd46d78cc,FGFR1,Pan-UKB,Pan-UKB::biomarkers|30750|both_sexes||irnt,Glycated haemoglobin (HbA1c),biomarkers|30750|both_sexes||irnt,GRCh37,hba1c,PRIMARY,Direct quantitative readout,Direct quantitative readout,False,True,B,B,0,1,1,1,"Diabetes Mellitus, Type 2",EUR,MID,8,chr8,38268656,38326352,38268655,38168656,38426352,38168655,100000,-,ENSG00000077782.15,protein_coding,FGFR1,exact_gene_name,GENCODE v19,MATCHED,single_multianalysis_bgzf,s3://pan-ukb-us-east-1/sumstats_flat_files/biomarkers-30750-both_sexes-irnt.tsv.bgz,s3://pan-ukb-us-east-1/sumstats_flat_files_tabix/biomarkers-30750-both_sexes-irnt.tsv.bgz.tbi,s3://pan-ukb-us-east-1/sumstats_flat_files/biomarkers-30750-both_sexes-irnt.tsv.bgz,s3://pan-ukb-us-east-1/sumstats_flat_files_tabix/biomarkers-30750-both_sexes-irnt.tsv.bgz.tbi,MID,TO_VALIDATE_IN_15B2,MATCHED_TRAIT_CATALOG,True,True,True,True,True,
cmp_bf830db4e9234461,gt_7fda23242315d7cb,FGFR4,Pan-UKB,Pan-UKB::biomarkers|30750|both_sexes||irnt,Glycated haemoglobin (HbA1c),biomarkers|30750|both_sexes||irnt,GRCh37,hba1c,PRIMARY,Direct quantitative readout,Direct quantitative readout,False,True,B,B,0,1,1,1,"Diabetes Mellitus, Type 2",EUR,CSA,5,chr5,176513887,176525145,176513886,176413887,176625145,176413886,100000,+,ENSG00000160867.10,protein_coding,FGFR4,exact_gene_name,GENCODE v19,MATCHED,single_multianalysis_bgzf,s3://pan-ukb-us-east-1/sumstats_flat_files/biomarkers-30750-both_sexes-irnt.tsv.bgz,s3://pan-ukb-us-east-1/sumstats_flat_files_tabix/biomarkers-30750-both_sexes-irnt.tsv.bgz.tbi,s3://pan-ukb-us-east-1/sumstats_flat_files/biomarkers-30750-both_sexes-irnt.tsv.bgz,s3://pan-ukb-us-east-1/sumstats_flat_files_tabix/biomarkers-30750-both_sexes-irnt.tsv.bgz.tbi,CSA,TO_VALIDATE_IN_15B2,MATCHED_TRAIT_CATALOG,True,True,True,True,True,
cmp_cff4771d4355b9b7,gt_7fda23242315d7cb,FGFR4,Pan-UKB,Pan-UKB::biomarkers|30750|both_sexes||irnt,Glycated haemoglobin (HbA1c),biomarkers|30750|both_sexes||irnt,GRCh37,hba1c,PRIMARY,Direct quantitative readout,Direct quantitative readout,False,True,B,B,0,1,1,1,"Diabetes Mellitus, Type 2",EUR,MID,5,chr5,176513887,176525145,176513886,176413887,176625145,176413886,100000,+,ENSG00000160867.10,protein_coding,FGFR4,exact_gene_name,GENCODE v19,MATCHED,single_multianalysis_bgzf,s3://pan-ukb-us-east-1/sumstats_flat_files/biomarkers-30750-both_sexes-irnt.tsv.bgz,s3://pan-ukb-us-east-1/sumstats_flat_files_tabix/biomarkers-30750-both_sexes-irnt.tsv.bgz.tbi,s3://pan-ukb-us-east-1/sumstats_flat_files/biomarkers-30750-both_sexes-irnt.tsv.bgz,s3://pan-ukb-us-east-1/sumstats_flat_files_tabix/biomarkers-30750-both_sexes-irnt.tsv.bgz.tbi,MID,TO_VALIDATE_IN_15B2,MATCHED_TRAIT_CATALOG,True,True,True,True,True,
cmp_91c6871b7e12216c,gt_e4ce2895dd27f904,GCK,Pan-UKB,Pan-UKB::biomarkers|30750|both_sexes||irnt,Glycated haemoglobin (HbA1c),biomarkers|30750|both_sexes||irnt,GRCh37,hba1c,PRIMARY,Direct quantitative readout,Direct quantitative readout,True,False,A,"A,B",1,1,2,2,"Diabetes Mellitus || Diabetes Mellitus, Type 2",EUR,CSA,7,chr7,44183872,44237769,44183871,44083872,44337769,44083871,100000,-,ENSG00000106633.11,protein_coding,GCK,exact_gene_name,GENCODE v19,MATCHED,single_multianalysis_bgzf,s3://pan-ukb-us-east-1/sumstats_flat_files/biomarkers-30750-both_sexes-irnt.tsv.bgz,s3://pan-ukb-us-east-1/sumstats_flat_files_tabix/biomarkers-30750-both_sexes-irnt.tsv.bgz.tbi,s3://pan-ukb-us-east-1/sumstats_flat_files/biomarkers-30750-both_sexes-irnt.tsv.bgz,s3://pan-ukb-us-east-1/sumstats_flat_files_tabix/biomarkers-30750-both_sexes-irnt.tsv.bgz.tbi,CSA,TO_VALIDATE_IN_15B2,MATCHED_TRAIT_CATALOG,True,True,True,True,True,
cmp_55f446a25a655217,gt_e4ce2895dd27f904,GCK,Pan-UKB,Pan-UKB::biomarkers|30750|both_sexes||irnt,Glycated haemoglobin (HbA1c),biomarkers|30750|both_sexes||irnt,GRCh37,hba1c,PRIMARY,Direct quantitative readout,Direct quantitative readout,True,False,A,"A,B",1,1,2,2,"Diabetes Mellitus || Diabetes Mellitus, Type 2",EUR,MID,7,chr7,44183872,44237769,44183871,44083872,44337769,44083871,100000,-,ENSG00000106633.11,protein_coding,GCK,exact_gene_name,GENCODE v19,MATCHED,single_multianalysis_bgzf,s3://pan-ukb-us-east-1/sumstats_flat_files/biomarkers-30750-both_sexes-irnt.tsv.bgz,s3://pan-ukb-us-east-1/sumstats_flat_files_tabix/biomarkers-30750-both_sexes-irnt.tsv.bgz.tbi,s3://pan-ukb-us-east-1/sumstats_flat_files/biomarkers-30750-both_sexes-irnt.tsv.bgz,s3://pan-ukb-us-east-1/sumstats_flat_files_tabix/biomarkers-30750-both_sexes-irnt.tsv.bgz.tbi,MID,TO_VALIDATE_IN_15B2,MATCHED_TRAIT_CATALOG,True,True,True,True,True,
cmp_83160b2c36c5fa39,gt_0f50d04f150328dc,GDF15,Pan-UKB,Pan-UKB::biomarkers|30750|both_sexes||irnt,Glycated haemoglobin (HbA1c),biomarkers|30750|both_sexes||irnt,GRCh37,hba1c,PRIMARY,Direct quantitative readout,Direct quantitative readout,False,True,B,B,0,1,1,1,Diabetes Mellitus,EUR,CSA,19,chr19,18485541,18499986,18485540,18385541,18599986,18385540,100000,+,ENSG00000130513.6,protein_coding,GDF15,exact_gene_name,GENCODE v19,MATCHED,single_multianalysis_bgzf,s3://pan-ukb-us-east-1/sumstats_flat_files/biomarkers-30750-both_sexes-irnt.tsv.bgz,s3://pan-ukb-us-east-1/sumstats_flat_files_tabix/biomarkers-30750-both_sexes-irnt.tsv.bgz.tbi,s3://pan-ukb-us-east-1/sumstats_flat_files/biomarkers-30750-both_sexes-irnt.tsv.bgz,s3://pan-ukb-us-east-1/sumstats_flat_files_tabix/biomarkers-30750-both_sexes-irnt.tsv.bgz.tbi,CSA,TO_VALIDATE_IN_15B2,MATCHED_TRAIT_CATALOG,True,True,True,True,True,
cmp_e15f0ef829b34627,gt_0f50d04f150328dc,GDF15,Pan-UKB,Pan-UKB::biomarkers|30750|both_sexes||irnt,Glycated haemoglobin (HbA1c),biomarkers|30750|both_sexes||irnt,GRCh37,hba1c,PRIMARY,Direct quantitative readout,Direct quantitative readout,False,True,B,B,0,1,1,1,Diabetes Mellitus,EUR,MID,19,chr19,18485541,18499986,18485540,18385541,18599986,18385540,100000,+,ENSG00000130513.6,protein_coding,GDF15,exact_gene_name,GENCODE v19,MATCHED,single_multianalysis_bgzf,s3://pan-ukb-us-east-1/sumstats_flat_files/biomarkers-30750-both_sexes-irnt.tsv.bgz,s3://pan-ukb-us-east-1/sumstats_flat_files_tabix/biomarkers-30750-both_sexes-irnt.tsv.bgz.tbi,s3://pan-ukb-us-east-1/sumstats_flat_files/biomarkers-30750-both_sexes-irnt.tsv.bgz,s3://pan-ukb-us-east-1/sumstats_flat_files_tabix/biomarkers-30750-both_sexes-irnt.tsv.bgz.tbi,MID,TO_VALIDATE_IN_15B2,MATCHED_TRAIT_CATALOG,True,True,True,True,True,
cmp_b64efda1167deddf,gt_08f7168b97dea82d,GIPR,Pan-UKB,Pan-UKB::biomarkers|30750|both_sexes||irnt,Glycated haemoglobin (HbA1c),biomarkers|30750|both_sexes||irnt,GRCh37,hba1c,PRIMARY,Direct quantitative readout,Direct quantitative readout,False,True,A,A,1,0,1,1,"Diabetes Mellitus, Type 2",EUR,CSA,19,chr19,46171502,46186982,46171501,46071502,46286982,46071501,100000,+,ENSG00000010310.4,protein_coding,GIPR,exact_gene_name,GENCODE v19,MATCHED,single_multianalysis_bgzf,s3://pan-ukb-us-east-1/sumstats_flat_files/biomarkers-30750-both_sexes-irnt.tsv.bgz,s3://pan-ukb-us-east-1/sumstats_flat_files_tabix/biomarkers-30750-both_sexes-irnt.tsv.bgz.tbi,s3://pan-ukb-us-east-1/sumstats_flat_files/biomarkers-30750-both_sexes-irnt.tsv.bgz,s3://pan-ukb-us-east-1/sumstats_flat_files_tabix/biomarkers-30750-both_sexes-irnt.tsv.bgz.tbi,CSA,TO_VALIDATE_IN_15B2,MATCHED_TRAIT_CATALOG,True,True,True,True,True,
cmp_ee4314019136489d,gt_08f7168b97dea82d,GIPR,Pan-UKB,Pan-UKB::biomarkers|30750|both_sexes||irnt,Glycated haemoglobin (HbA1c),biomarkers|30750|both_sexes||irnt,GRCh37,hba1c,PRIMARY,Direct quantitative readout,Direct quantitative readout,False,True,A,A,1,0,1,1,"Diabetes Mellitus, Type 2",EUR,MID,19,chr19,46171502,46186982,46171501,46071502,46286982,46071501,100000,+,ENSG00000010310.4,protein_coding,GIPR,exact_gene_name,GENCODE v19,MATCHED,single_multianalysis_bgzf,s3://pan-ukb-us-east-1/sumstats_flat_files/biomarkers-30750-both_sexes-irnt.tsv.bgz,s3://pan-ukb-us-east-1/sumstats_flat_files_tabix/biomarkers-30750-both_sexes-irnt.tsv.bgz.tbi,s3://pan-ukb-us-east-1/sumstats_flat_files/biomarkers-30750-both_sexes-irnt.tsv.bgz,s3://pan-ukb-us-east-1/sumstats_flat_files_tabix/biomarkers-30750-both_sexes-irnt.tsv.bgz.tbi,MID,TO_VALIDATE_IN_15B2,MATCHED_TRAIT_CATALOG,True,True,True,True,True,
cmp_42caf741a7ae287e,gt_2b5ece6077c646df,GLP1R,Pan-UKB,Pan-UKB::biomarkers|30750|both_sexes||irnt,Glycated haemoglobin (HbA1c),biomarkers|30750|both_sexes||irnt,GRCh37,hba1c,PRIMARY,Direct quantitative readout,Direct quantitative readout,True,False,A,"A,B",1,1,2,2,"Diabetes Mellitus || Diabetes Mellitus, Type 2",EUR,CSA,6,chr6,39016574,39055519,39016573,38916574,39155519,38916573,100000,+,ENSG00000112164.5,protein_coding,GLP1R,exact_gene_name,GENCODE v19,MATCHED,single_multianalysis_bgzf,s3://pan-ukb-us-east-1/sumstats_flat_files/biomarkers-30750-both_sexes-irnt.tsv.bgz,s3://pan-ukb-us-east-1/sumstats_flat_files_tabix/biomarkers-30750-both_sexes-irnt.tsv.bgz.tbi,s3://pan-ukb-us-east-1/sumstats_flat_files/biomarkers-30750-both_sexes-irnt.tsv.bgz,s3://pan-ukb-us-east-1/sumstats_flat_files_tabix/biomarkers-30750-both_sexes-irnt.tsv.bgz.tbi,CSA,TO_VALIDATE_IN_15B2,MATCHED_TRAIT_CATALOG,True,True,True,True,True,
cmp_57a78986c9c36752,gt_2b5ece6077c646df,GLP1R,Pan-UKB,Pan-UKB::biomarkers|30750|both_sexes||irnt,Glycated haemoglobin (HbA1c),biomarkers|30750|both_sexes||irnt,GRCh37,hba1c,PRIMARY,Direct quantitative readout,Direct quantitative readout,True,False,A,"A,B",1,1,2,2,"Diabetes Mellitus || Diabetes Mellitus, Type 2",EUR,MID,6,chr6,39016574,39055519,39016573,38916574,39155519,38916573,100000,+,ENSG00000112164.5,protein_coding,GLP1R,exact_gene_name,GENCODE v19,MATCHED,single_multianalysis_bgzf,s3://pan-ukb-us-east-1/sumstats_flat_files/biomarkers-30750-both_sexes-irnt.tsv.bgz,s3://pan-ukb-us-east-1/sumstats_flat_files_tabix/biomarkers-30750-both_sexes-irnt.tsv.bgz.tbi,s3://pan-ukb-us-east-1/sumstats_flat_files/biomarkers-30750-both_sexes-irnt.tsv.bgz,s3://pan-ukb-us-east-1/sumstats_flat_files_tabix/biomarkers-30750-both_sexes-irnt.tsv.bgz.tbi,MID,TO_VALIDATE_IN_15B2,MATCHED_TRAIT_CATALOG,True,True,True,True,True,
cmp_37db73ea4c934f3c,gt_9c96bb01f3b324b3,GLP2R,Pan-UKB,Pan-UKB::biomarkers|30750|both_sexes||irnt,Glycated haemoglobin (HbA1c),biomarkers|30750|both_sexes||irnt,GRCh37,hba1c,PRIMARY,Direct quantitative readout,Direct quantitative readout,False,True,B,B,0,1,1,1,"Diabetes Mellitus, Type 2",EUR,CSA,17,chr17,9725523,9795419,9725522,9625523,9895419,9625522,100000,+,ENSG00000065325.8,protein_coding,GLP2R,exact_gene_name,GENCODE v19,MATCHED,single_multianalysis_bgzf,s3://pan-ukb-us-east-1/sumstats_flat_files/biomarkers-30750-both_sexes-irnt.tsv.bgz,s3://pan-ukb-us-east-1/sumstats_flat_files_tabix/biomarkers-30750-both_sexes-irnt.tsv.bgz.tbi,s3://pan-ukb-us-east-1/sumstats_flat_files/biomarkers-30750-both_sexes-irnt.tsv.bgz,s3://pan-ukb-us-east-1/sumstats_flat_files_tabix/biomarkers-30750-both_sexes-irnt.tsv.bgz.tbi,CSA,TO_VALIDATE_IN_15B2,MATCHED_TRAIT_CATALOG,True,True,True,True,True,
cmp_72d107e6632670b8,gt_9c96bb01f3b324b3,GLP2R,Pan-UKB,Pan-UKB::biomarkers|30750|both_sexes||irnt,Glycated haemoglobin (HbA1c),biomarkers|30750|both_sexes||irnt,GRCh37,hba1c,PRIMARY,Direct quantitative readout,Direct quantitative readout,False,True,B,B,0,1,1,1,"Diabetes Mellitus, Type 2",EUR,MID,17,chr17,9725523,9795419,9725522,9625523,9895419,9625522,100000,+,ENSG00000065325.8,protein_coding,GLP2R,exact_gene_name,GENCODE v19,MATCHED,single_multianalysis_bgzf,s3://pan-ukb-us-east-1/sumstats_flat_files/biomarkers-30750-both_sexes-irnt.tsv.bgz,s3://pan-ukb-us-east-1/sumstats_flat_files_tabix/biomarkers-30750-both_sexes-irnt.tsv.bgz.tbi,s3://pan-ukb-us-east-1/sumstats_flat_files/biomarkers-30750-both_sexes-irnt.tsv.bgz,s3://pan-ukb-us-east-1/sumstats_flat_files_tabix/biomarkers-30750-both_sexes-irnt.tsv.bgz.tbi,MID,TO_VALIDATE_IN_15B2,MATCHED_TRAIT_CATALOG,True,True,True,True,True,
cmp_74e178ae800d0bde,gt_e0b77e59a1b3311a,INS,Pan-UKB,Pan-UKB::biomarkers|30750|both_sexes||irnt,Glycated haemoglobin (HbA1c),biomarkers|30750|both_sexes||irnt,GRCh37,hba1c,PRIMARY,Direct quantitative readout,Direct quantitative readout || Proxy biomarker,True,False,A,"A,B",1,2,3,3,"Diabetes Mellitus || Diabetes Mellitus, Type 1 || Diabetes Mellitus, Type 2",EUR,CSA,11,chr11,2181009,2182571,2181008,2081009,2282571,2081008,100000,-,ENSG00000254647.2,protein_coding,INS,exact_gene_name,GENCODE v19,MATCHED,single_multianalysis_bgzf,s3://pan-ukb-us-east-1/sumstats_flat_files/biomarkers-30750-both_sexes-irnt.tsv.bgz,s3://pan-ukb-us-east-1/sumstats_flat_files_tabix/biomarkers-30750-both_sexes-irnt.tsv.bgz.tbi,s3://pan-ukb-us-east-1/sumstats_flat_files/biomarkers-30750-both_sexes-irnt.tsv.bgz,s3://pan-ukb-us-east-1/sumstats_flat_files_tabix/biomarkers-30750-both_sexes-irnt.tsv.bgz.tbi,CSA,TO_VALIDATE_IN_15B2,MATCHED_TRAIT_CATALOG,True,True,True,True,True,
cmp_1f77910fca99a6e5,gt_e0b77e59a1b3311a,INS,Pan-UKB,Pan-UKB::biomarkers|30750|both_sexes||irnt,Glycated haemoglobin (HbA1c),biomarkers|30750|both_sexes||irnt,GRCh37,hba1c,PRIMARY,Direct quantitative readout,Direct quantitative readout || Proxy biomarker,True,False,A,"A,B",1,2,3,3,"Diabetes Mellitus || Diabetes Mellitus, Type 1 || Diabetes Mellitus, Type 2",EUR,MID,11,chr11,2181009,2182571,2181008,2081009,2282571,2081008,100000,-,ENSG00000254647.2,protein_coding,INS,exact_gene_name,GENCODE v19,MATCHED,single_multianalysis_bgzf,s3://pan-ukb-us-east-1/sumstats_flat_files/biomarkers-30750-both_sexes-irnt.tsv.bgz,s3://pan-ukb-us-east-1/sumstats_flat_files_tabix/biomarkers-30750-both_sexes-irnt.tsv.bgz.tbi,s3://pan-ukb-us-east-1/sumstats_flat_files/biomarkers-30750-both_sexes-irnt.tsv.bgz,s3://pan-ukb-us-east-1/sumstats_flat_files_tabix/biomarkers-30750-both_sexes-irnt.tsv.bgz.tbi,MID,TO_VALIDATE_IN_15B2,MATCHED_TRAIT_CATALOG,True,True,True,True,True,
cmp_3552ef9b3fb99214,gt_1985dd04cf146f6a,INSR,Pan-UKB,Pan-UKB::biomarkers|30750|both_sexes||irnt,Glycated haemoglobin (HbA1c),biomarkers|30750|both_sexes||irnt,GRCh37,hba1c,PRIMARY,Direct quantitative readout,Direct quantitative readout,False,True,A,A,1,0,1,1,"Diabetes Mellitus, Type 2",EUR,CSA,19,chr19,7112266,7294045,7112265,7012266,7394045,7012265,100000,-,ENSG00000171105.9,protein_coding,INSR,exact_gene_name,GENCODE v19,MATCHED,single_multianalysis_bgzf,s3://pan-ukb-us-east-1/sumstats_flat_files/biomarkers-30750-both_sexes-irnt.tsv.bgz,s3://pan-ukb-us-east-1/sumstats_flat_files_tabix/biomarkers-30750-both_sexes-irnt.tsv.bgz.tbi,s3://pan-ukb-us-east-1/sumstats_flat_files/biomarkers-30750-both_sexes-irnt.tsv.bgz,s3://pan-ukb-us-east-1/sumstats_flat_files_tabix/biomarkers-30750-both_sexes-irnt.tsv.bgz.tbi,CSA,TO_VALIDATE_IN_15B2,MATCHED_TRAIT_CATALOG,True,True,True,True,True,
cmp_15a7a765705b782f,gt_1985dd04cf146f6a,INSR,Pan-UKB,Pan-UKB::biomarkers|30750|both_sexes||irnt,Glycated haemoglobin (HbA1c),biomarkers|30750|both_sexes||irnt,GRCh37,hba1c,PRIMARY,Direct quantitative readout,Direct quantitative readout,False,True,A,A,1,0,1,1,"Diabetes Mellitus, Type 2",EUR,MID,19,chr19,7112266,7294045,7112265,7012266,7394045,7012265,100000,-,ENSG00000171105.9,protein_coding,INSR,exact_gene_name,GENCODE v19,MATCHED,single_multianalysis_bgzf,s3://pan-ukb-us-east-1/sumstats_flat_files/biomarkers-30750-both_sexes-irnt.tsv.bgz,s3://pan-ukb-us-east-1/sumstats_flat_files_tabix/biomarkers-30750-both_sexes-irnt.tsv.bgz.tbi,s3://pan-ukb-us-east-1/sumstats_flat_files/biomarkers-30750-both_sexes-irnt.tsv.bgz,s3://pan-ukb-us-east-1/sumstats_flat_files_tabix/biomarkers-30750-both_sexes-irnt.tsv.bgz.tbi,MID,TO_VALIDATE_IN_15B2,MATCHED_TRAIT_CATALOG,True,True,True,True,True,
cmp_68f8d41b84d58c8a,gt_9a354430dddcf5b3,KCNJ11,Pan-UKB,Pan-UKB::biomarkers|30750|both_sexes||irnt,Glycated haemoglobin (HbA1c),biomarkers|30750|both_sexes||irnt,GRCh37,hba1c,PRIMARY,Direct quantitative readout,Direct quantitative readout,False,True,A,A,2,0,2,2,"Diabetes Mellitus || Diabetes Mellitus, Type 2",EUR,CSA,11,chr11,17407406,17410878,17407405,17307406,17510878,17307405,100000,-,ENSG00000187486.5,protein_coding,KCNJ11,exact_gene_name,GENCODE v19,MATCHED,single_multianalysis_bgzf,s3://pan-ukb-us-east-1/sumstats_flat_files/biomarkers-30750-both_sexes-irnt.tsv.bgz,s3://pan-ukb-us-east-1/sumstats_flat_files_tabix/biomarkers-30750-both_sexes-irnt.tsv.bgz.tbi,s3://pan-ukb-us-east-1/sumstats_flat_files/biomarkers-30750-both_sexes-irnt.tsv.bgz,s3://pan-ukb-us-east-1/sumstats_flat_files_tabix/biomarkers-30750-both_sexes-irnt.tsv.bgz.tbi,CSA,TO_VALIDATE_IN_15B2,MATCHED_TRAIT_CATALOG,True,True,True,True,True,
cmp_e380c446557d34be,gt_9a354430dddcf5b3,KCNJ11,Pan-UKB,Pan-UKB::biomarkers|30750|both_sexes||irnt,Glycated haemoglobin (HbA1c),biomarkers|30750|both_sexes||irnt,GRCh37,hba1c,PRIMARY,Direct quantitative readout,Direct quantitative readout,False,True,A,A,2,0,2,2,"Diabetes Mellitus || Diabetes Mellitus, Type 2",EUR,MID,11,chr11,17407406,17410878,17407405,17307406,17510878,17307405,100000,-,ENSG00000187486.5,protein_coding,KCNJ11,exact_gene_name,GENCODE v19,MATCHED,single_multianalysis_bgzf,s3://pan-ukb-us-east-1/sumstats_flat_files/biomarkers-30750-both_sexes-irnt.tsv.bgz,s3://pan-ukb-us-east-1/sumstats_flat_files_tabix/biomarkers-30750-both_sexes-irnt.tsv.bgz.tbi,s3://pan-ukb-us-east-1/sumstats_flat_files/biomarkers-30750-both_sexes-irnt.tsv.bgz,s3://pan-ukb-us-east-1/sumstats_flat_files_tabix/biomarkers-30750-both_sexes-irnt.tsv.bgz.tbi,MID,TO_VALIDATE_IN_15B2,MATCHED_TRAIT_CATALOG,True,True,True,True,True,
cmp_5cfdc7606e7a16f9,gt_a9cf0a1ee71d1417,MC4R,Pan-UKB,Pan-UKB::biomarkers|30750|both_sexes||irnt,Glycated haemoglobin (HbA1c),biomarkers|30750|both_sexes||irnt,GRCh37,hba1c,PRIMARY,Direct quantitative readout,Direct quantitative readout,False,True,B,B,0,2,2,2,"Diabetes Mellitus || Diabetes Mellitus, Type 2",EUR,CSA,18,chr18,58038564,58040001,58038563,57938564,58140001,57938563,100000,-,ENSG00000166603.3,protein_coding,MC4R,exact_gene_name,GENCODE v19,MATCHED,single_multianalysis_bgzf,s3://pan-ukb-us-east-1/sumstats_flat_files/biomarkers-30750-both_sexes-irnt.tsv.bgz,s3://pan-ukb-us-east-1/sumstats_flat_files_tabix/biomarkers-30750-both_sexes-irnt.tsv.bgz.tbi,s3://pan-ukb-us-east-1/sumstats_flat_files/biomarkers-30750-both_sexes-irnt.tsv.bgz,s3://pan-ukb-us-east-1/sumstats_flat_files_tabix/biomarkers-30750-both_sexes-irnt.tsv.bgz.tbi,CSA,TO_VALIDATE_IN_15B2,MATCHED_TRAIT_CATALOG,True,True,True,True,True,
cmp_d1217cd6a4818f90,gt_a9cf0a1ee71d1417,MC4R,Pan-UKB,Pan-UKB::biomarkers|30750|both_sexes||irnt,Glycated haemoglobin (HbA1c),biomarkers|30750|both_sexes||irnt,GRCh37,hba1c,PRIMARY,Direct quantitative readout,Direct quantitative readout,False,True,B,B,0,2,2,2,"Diabetes Mellitus || Diabetes Mellitus, Type 2",EUR,MID,18,chr18,58038564,58040001,58038563,57938564,58140001,57938563,100000,-,ENSG00000166603.3,protein_coding,MC4R,exact_gene_name,GENCODE v19,MATCHED,single_multianalysis_bgzf,s3://pan-ukb-us-east-1/sumstats_flat_files/biomarkers-30750-both_sexes-irnt.tsv.bgz,s3://pan-ukb-us-east-1/sumstats_flat_files_tabix/biomarkers-30750-both_sexes-irnt.tsv.bgz.tbi,s3://pan-ukb-us-east-1/sumstats_flat_files/biomarkers-30750-both_sexes-irnt.tsv.bgz,s3://pan-ukb-us-east-1/sumstats_flat_files_tabix/biomarkers-30750-both_sexes-irnt.tsv.bgz.tbi,MID,TO_VALIDATE_IN_15B2,MATCHED_TRAIT_CATALOG,True,True,True,True,True,
cmp_aaaa193eeac0390a,gt_049926198a583d6a,METAP2,Pan-UKB,Pan-UKB::biomarkers|30750|both_sexes||irnt,Glycated haemoglobin (HbA1c),biomarkers|30750|both_sexes||irnt,GRCh37,hba1c,PRIMARY,Direct quantitative readout,Direct quantitative readout,False,True,B,B,0,1,1,1,"Diabetes Mellitus, Type 2",EUR,CSA,12,chr12,95867296,95909615,95867295,95767296,96009615,95767295,100000,+,ENSG00000111142.9,protein_coding,METAP2,exact_gene_name,GENCODE v19,MATCHED,single_multianalysis_bgzf,s3://pan-ukb-us-east-1/sumstats_flat_files/biomarkers-30750-both_sexes-irnt.tsv.bgz,s3://pan-ukb-us-east-1/sumstats_flat_files_tabix/biomarkers-30750-both_sexes-irnt.tsv.bgz.tbi,s3://pan-ukb-us-east-1/sumstats_flat_files/biomarkers-30750-both_sexes-irnt.tsv.bgz,s3://pan-ukb-us-east-1/sumstats_flat_files_tabix/biomarkers-30750-both_sexes-irnt.tsv.bgz.tbi,CSA,TO_VALIDATE_IN_15B2,MATCHED_TRAIT_CATALOG,True,True,True,True,True,
cmp_61439641aadb462c,gt_049926198a583d6a,METAP2,Pan-UKB,Pan-UKB::biomarkers|30750|both_sexes||irnt,Glycated haemoglobin (HbA1c),biomarkers|30750|both_sexes||irnt,GRCh37,hba1c,PRIMARY,Direct quantitative readout,Direct quantitative readout,False,True,B,B,0,1,1,1,"Diabetes Mellitus, Type 2",EUR,MID,12,chr12,95867296,95909615,95867295,95767296,96009615,95767295,100000,+,ENSG00000111142.9,protein_coding,METAP2,exact_gene_name,GENCODE v19,MATCHED,single_multianalysis_bgzf,s3://pan-ukb-us-east-1/sumstats_flat_files/biomarkers-30750-both_sexes-irnt.tsv.bgz,s3://pan-ukb-us-east-1/sumstats_flat_files_tabix/biomarkers-30750-both_sexes-irnt.tsv.bgz.tbi,s3://pan-ukb-us-east-1/sumstats_flat_files/biomarkers-30750-both_sexes-irnt.tsv.bgz,s3://pan-ukb-us-east-1/sumstats_flat_files_tabix/biomarkers-30750-both_sexes-irnt.tsv.bgz.tbi,MID,TO_VALIDATE_IN_15B2,MATCHED_TRAIT_CATALOG,True,True,True,True,True,
cmp_4ab05482f9c4b139,gt_5b728915d445b416,PPARG,Pan-UKB,Pan-UKB::biomarkers|30750|both_sexes||irnt,Glycated haemoglobin (HbA1c),biomarkers|30750|both_sexes||irnt,GRCh37,hba1c,PRIMARY,Direct quantitative readout,Direct quantitative readout,False,True,A,A,1,0,1,1,"Diabetes Mellitus, Type 2",EUR,CSA,3,chr3,12328867,12475855,12328866,12228867,12575855,12228866,100000,+,ENSG00000132170.15,protein_coding,PPARG,exact_gene_name,GENCODE v19,MATCHED,single_multianalysis_bgzf,s3://pan-ukb-us-east-1/sumstats_flat_files/biomarkers-30750-both_sexes-irnt.tsv.bgz,s3://pan-ukb-us-east-1/sumstats_flat_files_tabix/biomarkers-30750-both_sexes-irnt.tsv.bgz.tbi,s3://pan-ukb-us-east-1/sumstats_flat_files/biomarkers-30750-both_sexes-irnt.tsv.bgz,s3://pan-ukb-us-east-1/sumstats_flat_files_tabix/biomarkers-30750-both_sexes-irnt.tsv.bgz.tbi,CSA,TO_VALIDATE_IN_15B2,MATCHED_TRAIT_CATALOG,True,True,True,True,True,
cmp_d98864543ce360b3,gt_5b728915d445b416,PPARG,Pan-UKB,Pan-UKB::biomarkers|30750|both_sexes||irnt,Glycated haemoglobin (HbA1c),biomarkers|30750|both_sexes||irnt,GRCh37,hba1c,PRIMARY,Direct quantitative readout,Direct quantitative readout,False,True,A,A,1,0,1,1,"Diabetes Mellitus, Type 2",EUR,MID,3,chr3,12328867,12475855,12328866,12228867,12575855,12228866,100000,+,ENSG00000132170.15,protein_coding,PPARG,exact_gene_name,GENCODE v19,MATCHED,single_multianalysis_bgzf,s3://pan-ukb-us-east-1/sumstats_flat_files/biomarkers-30750-both_sexes-irnt.tsv.bgz,s3://pan-ukb-us-east-1/sumstats_flat_files_tabix/biomarkers-30750-both_sexes-irnt.tsv.bgz.tbi,s3://pan-ukb-us-east-1/sumstats_flat_files/biomarkers-30750-both_sexes-irnt.tsv.bgz,s3://pan-ukb-us-east-1/sumstats_flat_files_tabix/biomarkers-30750-both_sexes-irnt.tsv.bgz.tbi,MID,TO_VALIDATE_IN_15B2,MATCHED_TRAIT_CATALOG,True,True,True,True,True,
cmp_9624dc3325f3a7e0,gt_3d30f4f9e51c0032,SELE,Pan-UKB,Pan-UKB::biomarkers|30750|both_sexes||irnt,Glycated haemoglobin (HbA1c),biomarkers|30750|both_sexes||irnt,GRCh37,hba1c,PRIMARY,Direct quantitative readout,Direct quantitative readout,False,True,B,B,0,1,1,1,Diabetes Mellitus,EUR,CSA,1,chr1,169691781,169733846,169691780,169591781,169833846,169591780,100000,-,ENSG00000007908.11,protein_coding,SELE,exact_gene_name,GENCODE v19,MATCHED,single_multianalysis_bgzf,s3://pan-ukb-us-east-1/sumstats_flat_files/biomarkers-30750-both_sexes-irnt.tsv.bgz,s3://pan-ukb-us-east-1/sumstats_flat_files_tabix/biomarkers-30750-both_sexes-irnt.tsv.bgz.tbi,s3://pan-ukb-us-east-1/sumstats_flat_files/biomarkers-30750-both_sexes-irnt.tsv.bgz,s3://pan-ukb-us-east-1/sumstats_flat_files_tabix/biomarkers-30750-both_sexes-irnt.tsv.bgz.tbi,CSA,TO_VALIDATE_IN_15B2,MATCHED_TRAIT_CATALOG,True,True,True,True,True,
cmp_b84006e836ae2cc3,gt_3d30f4f9e51c0032,SELE,Pan-UKB,Pan-UKB::biomarkers|30750|both_sexes||irnt,Glycated haemoglobin (HbA1c),biomarkers|30750|both_sexes||irnt,GRCh37,hba1c,PRIMARY,Direct quantitative readout,Direct quantitative readout,False,True,B,B,0,1,1,1,Diabetes Mellitus,EUR,MID,1,chr1,169691781,169733846,169691780,169591781,169833846,169591780,100000,-,ENSG00000007908.11,protein_coding,SELE,exact_gene_name,GENCODE v19,MATCHED,single_multianalysis_bgzf,s3://pan-ukb-us-east-1/sumstats_flat_files/biomarkers-30750-both_sexes-irnt.tsv.bgz,s3://pan-ukb-us-east-1/sumstats_flat_files_tabix/biomarkers-30750-both_sexes-irnt.tsv.bgz.tbi,s3://pan-ukb-us-east-1/sumstats_flat_files/biomarkers-30750-both_sexes-irnt.tsv.bgz,s3://pan-ukb-us-east-1/sumstats_flat_files_tabix/biomarkers-30750-both_sexes-irnt.tsv.bgz.tbi,MID,TO_VALIDATE_IN_15B2,MATCHED_TRAIT_CATALOG,True,True,True,True,True,
cmp_2fe30194051594b9,gt_2b081cc8074fcb3d,SLC5A1,Pan-UKB,Pan-UKB::biomarkers|30750|both_sexes||irnt,Glycated haemoglobin (HbA1c),biomarkers|30750|both_sexes||irnt,GRCh37,hba1c,PRIMARY,Direct quantitative readout,Direct quantitative readout,True,False,A,"A,B",1,1,2,2,"Diabetes Mellitus || Diabetes Mellitus, Type 2",EUR,CSA,22,chr22,32439019,32509016,32439018,32339019,32609016,32339018,100000,+,ENSG00000100170.5,protein_coding,SLC5A1,exact_gene_name,GENCODE v19,MATCHED,single_multianalysis_bgzf,s3://pan-ukb-us-east-1/sumstats_flat_files/biomarkers-30750-both_sexes-irnt.tsv.bgz,s3://pan-ukb-us-east-1/sumstats_flat_files_tabix/biomarkers-30750-both_sexes-irnt.tsv.bgz.tbi,s3://pan-ukb-us-east-1/sumstats_flat_files/biomarkers-30750-both_sexes-irnt.tsv.bgz,s3://pan-ukb-us-east-1/sumstats_flat_files_tabix/biomarkers-30750-both_sexes-irnt.tsv.bgz.tbi,CSA,TO_VALIDATE_IN_15B2,MATCHED_TRAIT_CATALOG,True,True,True,True,True,
cmp_f9e567250c6c10bb,gt_2b081cc8074fcb3d,SLC5A1,Pan-UKB,Pan-UKB::biomarkers|30750|both_sexes||irnt,Glycated haemoglobin (HbA1c),biomarkers|30750|both_sexes||irnt,GRCh37,hba1c,PRIMARY,Direct quantitative readout,Direct quantitative readout,True,False,A,"A,B",1,1,2,2,"Diabetes Mellitus || Diabetes Mellitus, Type 2",EUR,MID,22,chr22,32439019,32509016,32439018,32339019,32609016,32339018,100000,+,ENSG00000100170.5,protein_coding,SLC5A1,exact_gene_name,GENCODE v19,MATCHED,single_multianalysis_bgzf,s3://pan-ukb-us-east-1/sumstats_flat_files/biomarkers-30750-both_sexes-irnt.tsv.bgz,s3://pan-ukb-us-east-1/sumstats_flat_files_tabix/biomarkers-30750-both_sexes-irnt.tsv.bgz.tbi,s3://pan-ukb-us-east-1/sumstats_flat_files/biomarkers-30750-both_sexes-irnt.tsv.bgz,s3://pan-ukb-us-east-1/sumstats_flat_files_tabix/biomarkers-30750-both_sexes-irnt.tsv.bgz.tbi,MID,TO_VALIDATE_IN_15B2,MATCHED_TRAIT_CATALOG,True,True,True,True,True,
cmp_0c0089ac5cd5de30,gt_f49766f3ae4b8a2f,SREBF1,Pan-UKB,Pan-UKB::biomarkers|30750|both_sexes||irnt,Glycated haemoglobin (HbA1c),biomarkers|30750|both_sexes||irnt,GRCh37,hba1c,PRIMARY,Direct quantitative readout,Direct quantitative readout,False,True,B,B,0,1,1,1,Diabetes Mellitus,EUR,CSA,17,chr17,17713713,17740325,17713712,17613713,17840325,17613712,100000,-,ENSG00000072310.12,protein_coding,SREBF1,exact_gene_name,GENCODE v19,MATCHED,single_multianalysis_bgzf,s3://pan-ukb-us-east-1/sumstats_flat_files/biomarkers-30750-both_sexes-irnt.tsv.bgz,s3://pan-ukb-us-east-1/sumstats_flat_files_tabix/biomarkers-30750-both_sexes-irnt.tsv.bgz.tbi,s3://pan-ukb-us-east-1/sumstats_flat_files/biomarkers-30750-both_sexes-irnt.tsv.bgz,s3://pan-ukb-us-east-1/sumstats_flat_files_tabix/biomarkers-30750-both_sexes-irnt.tsv.bgz.tbi,CSA,TO_VALIDATE_IN_15B2,MATCHED_TRAIT_CATALOG,True,True,True,True,True,
cmp_58426512e8b1ab61,gt_f49766f3ae4b8a2f,SREBF1,Pan-UKB,Pan-UKB::biomarkers|30750|both_sexes||irnt,Glycated haemoglobin (HbA1c),biomarkers|30750|both_sexes||irnt,GRCh37,hba1c,PRIMARY,Direct quantitative readout,Direct quantitative readout,False,True,B,B,0,1,1,1,Diabetes Mellitus,EUR,MID,17,chr17,17713713,17740325,17713712,17613713,17840325,17613712,100000,-,ENSG00000072310.12,protein_coding,SREBF1,exact_gene_name,GENCODE v19,MATCHED,single_multianalysis_bgzf,s3://pan-ukb-us-east-1/sumstats_flat_files/biomarkers-30750-both_sexes-irnt.tsv.bgz,s3://pan-ukb-us-east-1/sumstats_flat_files_tabix/biomarkers-30750-both_sexes-irnt.tsv.bgz.tbi,s3://pan-ukb-us-east-1/sumstats_flat_files/biomarkers-30750-both_sexes-irnt.tsv.bgz,s3://pan-ukb-us-east-1/sumstats_flat_files_tabix/biomarkers-30750-both_sexes-irnt.tsv.bgz.tbi,MID,TO_VALIDATE_IN_15B2,MATCHED_TRAIT_CATALOG,True,True,True,True,True,
cmp_ba35246f787ddd2f,gt_f9d79082a44b2223,TP53,Pan-UKB,Pan-UKB::biomarkers|30750|both_sexes||irnt,Glycated haemoglobin (HbA1c),biomarkers|30750|both_sexes||irnt,GRCh37,hba1c,PRIMARY,Direct quantitative readout,Direct quantitative readout,False,True,B,B,0,1,1,1,Diabetes Mellitus,EUR,CSA,17,chr17,7565097,7590856,7565096,7465097,7690856,7465096,100000,-,ENSG00000141510.11,protein_coding,TP53,exact_gene_name,GENCODE v19,MATCHED,single_multianalysis_bgzf,s3://pan-ukb-us-east-1/sumstats_flat_files/biomarkers-30750-both_sexes-irnt.tsv.bgz,s3://pan-ukb-us-east-1/sumstats_flat_files_tabix/biomarkers-30750-both_sexes-irnt.tsv.bgz.tbi,s3://pan-ukb-us-east-1/sumstats_flat_files/biomarkers-30750-both_sexes-irnt.tsv.bgz,s3://pan-ukb-us-east-1/sumstats_flat_files_tabix/biomarkers-30750-both_sexes-irnt.tsv.bgz.tbi,CSA,TO_VALIDATE_IN_15B2,MATCHED_TRAIT_CATALOG,True,True,True,True,True,
cmp_a3680a01bb140f75,gt_f9d79082a44b2223,TP53,Pan-UKB,Pan-UKB::biomarkers|30750|both_sexes||irnt,Glycated haemoglobin (HbA1c),biomarkers|30750|both_sexes||irnt,GRCh37,hba1c,PRIMARY,Direct quantitative readout,Direct quantitative readout,False,True,B,B,0,1,1,1,Diabetes Mellitus,EUR,MID,17,chr17,7565097,7590856,7565096,7465097,7690856,7465096,100000,-,ENSG00000141510.11,protein_coding,TP53,exact_gene_name,GENCODE v19,MATCHED,single_multianalysis_bgzf,s3://pan-ukb-us-east-1/sumstats_flat_files/biomarkers-30750-both_sexes-irnt.tsv.bgz,s3://pan-ukb-us-east-1/sumstats_flat_files_tabix/biomarkers-30750-both_sexes-irnt.tsv.bgz.tbi,s3://pan-ukb-us-east-1/sumstats_flat_files/biomarkers-30750-both_sexes-irnt.tsv.bgz,s3://pan-ukb-us-east-1/sumstats_flat_files_tabix/biomarkers-30750-both_sexes-irnt.tsv.bgz.tbi,MID,TO_VALIDATE_IN_15B2,MATCHED_TRAIT_CATALOG,True,True,True,True,True,
cmp_593ae8985cf9fb81,gt_dab1180e9c6840b2,VEGFA,Pan-UKB,Pan-UKB::biomarkers|30750|both_sexes||irnt,Glycated haemoglobin (HbA1c),biomarkers|30750|both_sexes||irnt,GRCh37,hba1c,PRIMARY,Direct quantitative readout,Direct quantitative readout,False,True,B,B,0,1,1,1,"Diabetes Mellitus, Type 2",EUR,CSA,6,chr6,43737921,43754224,43737920,43637921,43854224,43637920,100000,+,ENSG00000112715.16,protein_coding,VEGFA,exact_gene_name,GENCODE v19,MATCHED,single_multianalysis_bgzf,s3://pan-ukb-us-east-1/sumstats_flat_files/biomarkers-30750-both_sexes-irnt.tsv.bgz,s3://pan-ukb-us-east-1/sumstats_flat_files_tabix/biomarkers-30750-both_sexes-irnt.tsv.bgz.tbi,s3://pan-ukb-us-east-1/sumstats_flat_files/biomarkers-30750-both_sexes-irnt.tsv.bgz,s3://pan-ukb-us-east-1/sumstats_flat_files_tabix/biomarkers-30750-both_sexes-irnt.tsv.bgz.tbi,CSA,TO_VALIDATE_IN_15B2,MATCHED_TRAIT_CATALOG,True,True,True,True,True,
cmp_29a6d39cecffd0ba,gt_dab1180e9c6840b2,VEGFA,Pan-UKB,Pan-UKB::biomarkers|30750|both_sexes||irnt,Glycated haemoglobin (HbA1c),biomarkers|30750|both_sexes||irnt,GRCh37,hba1c,PRIMARY,Direct quantitative readout,Direct quantitative readout,False,True,B,B,0,1,1,1,"Diabetes Mellitus, Type 2",EUR,MID,6,chr6,43737921,43754224,43737920,43637921,43854224,43637920,100000,+,ENSG00000112715.16,protein_coding,VEGFA,exact_gene_name,GENCODE v19,MATCHED,single_multianalysis_bgzf,s3://pan-ukb-us-east-1/sumstats_flat_files/biomarkers-30750-both_sexes-irnt.tsv.bgz,s3://pan-ukb-us-east-1/sumstats_flat_files_tabix/biomarkers-30750-both_sexes-irnt.tsv.bgz.tbi,s3://pan-ukb-us-east-1/sumstats_flat_files/biomarkers-30750-both_sexes-irnt.tsv.bgz,s3://pan-ukb-us-east-1/sumstats_flat_files_tabix/biomarkers-30750-both_sexes-irnt.tsv.bgz.tbi,MID,TO_VALIDATE_IN_15B2,MATCHED_TRAIT_CATALOG,True,True,True,True,True,
cmp_87e10582fe372d26,gt_26e68f63f1f17429,JAK2,Pan-UKB,Pan-UKB::continuous|30030|both_sexes||irnt,Haematocrit percentage,continuous|30030|both_sexes||irnt,GRCh37,haematocrit,PRIMARY,Direct quantitative readout,Direct quantitative readout,False,True,A,A,1,0,1,1,Polycythemia Vera,EUR,CSA,9,chr9,4985033,5128183,4985032,4885033,5228183,4885032,100000,+,ENSG00000096968.8,protein_coding,JAK2,exact_gene_name,GENCODE v19,MATCHED,single_multianalysis_bgzf,s3://pan-ukb-us-east-1/sumstats_flat_files/continuous-30030-both_sexes-irnt.tsv.bgz,s3://pan-ukb-us-east-1/sumstats_flat_files_tabix/continuous-30030-both_sexes-irnt.tsv.bgz.tbi,s3://pan-ukb-us-east-1/sumstats_flat_files/continuous-30030-both_sexes-irnt.tsv.bgz,s3://pan-ukb-us-east-1/sumstats_flat_files_tabix/continuous-30030-both_sexes-irnt.tsv.bgz.tbi,CSA,TO_VALIDATE_IN_15B2,MATCHED_TRAIT_CATALOG,True,True,True,True,True,
cmp_34b9528111678889,gt_df32c27b840a5558,ACVRL1,Pan-UKB,Pan-UKB::continuous|30020|both_sexes||irnt,Haemoglobin concentration,continuous|30020|both_sexes||irnt,GRCh37,haemoglobin,PRIMARY,Direct quantitative readout,Direct quantitative readout,False,True,B,B,0,1,1,1,Anemia,EUR,CSA,12,chr12,52300692,52317145,52300691,52200692,52417145,52200691,100000,+,ENSG00000139567.8,protein_coding,ACVRL1,exact_gene_name,GENCODE v19,MATCHED,single_multianalysis_bgzf,s3://pan-ukb-us-east-1/sumstats_flat_files/continuous-30020-both_sexes-irnt.tsv.bgz,s3://pan-ukb-us-east-1/sumstats_flat_files_tabix/continuous-30020-both_sexes-irnt.tsv.bgz.tbi,s3://pan-ukb-us-east-1/sumstats_flat_files/continuous-30020-both_sexes-irnt.tsv.bgz,s3://pan-ukb-us-east-1/sumstats_flat_files_tabix/continuous-30020-both_sexes-irnt.tsv.bgz.tbi,CSA,TO_VALIDATE_IN_15B2,MATCHED_TRAIT_CATALOG,True,True,True,True,True,
cmp_5893667a5f1fbc6e,gt_27028081fffa2432,BCL2,Pan-UKB,Pan-UKB::continuous|30020|both_sexes||irnt,Haemoglobin concentration,continuous|30020|both_sexes||irnt,GRCh37,haemoglobin,PRIMARY,Direct quantitative readout,Direct quantitative readout,False,True,B,B,0,1,1,1,Anemia,EUR,CSA,18,chr18,60790579,60987361,60790578,60690579,61087361,60690578,100000,-,ENSG00000171791.10,protein_coding,BCL2,exact_gene_name,GENCODE v19,MATCHED,single_multianalysis_bgzf,s3://pan-ukb-us-east-1/sumstats_flat_files/continuous-30020-both_sexes-irnt.tsv.bgz,s3://pan-ukb-us-east-1/sumstats_flat_files_tabix/continuous-30020-both_sexes-irnt.tsv.bgz.tbi,s3://pan-ukb-us-east-1/sumstats_flat_files/continuous-30020-both_sexes-irnt.tsv.bgz,s3://pan-ukb-us-east-1/sumstats_flat_files_tabix/continuous-30020-both_sexes-irnt.tsv.bgz.tbi,CSA,TO_VALIDATE_IN_15B2,MATCHED_TRAIT_CATALOG,True,True,True,True,True,
cmp_d70cfe319e602e5c,gt_6d527f983ded21ce,DYRK3,Pan-UKB,Pan-UKB::continuous|30020|both_sexes||irnt,Haemoglobin concentration,continuous|30020|both_sexes||irnt,GRCh37,haemoglobin,PRIMARY,Direct quantitative readout,Direct quantitative readout,False,True,B,B,0,1,1,1,Anemia,EUR,CSA,1,chr1,206808881,206857764,206808880,206708881,206957764,206708880,100000,+,ENSG00000143479.11,protein_coding,DYRK3,exact_gene_name,GENCODE v19,MATCHED,single_multianalysis_bgzf,s3://pan-ukb-us-east-1/sumstats_flat_files/continuous-30020-both_sexes-irnt.tsv.bgz,s3://pan-ukb-us-east-1/sumstats_flat_files_tabix/continuous-30020-both_sexes-irnt.tsv.bgz.tbi,s3://pan-ukb-us-east-1/sumstats_flat_files/continuous-30020-both_sexes-irnt.tsv.bgz,s3://pan-ukb-us-east-1/sumstats_flat_files_tabix/continuous-30020-both_sexes-irnt.tsv.bgz.tbi,CSA,TO_VALIDATE_IN_15B2,MATCHED_TRAIT_CATALOG,True,True,True,True,True,
cmp_5636a0aa0df77617,gt_6543c2a00ddc02f5,EGLN1,Pan-UKB,Pan-UKB::continuous|30020|both_sexes||irnt,Haemoglobin concentration,continuous|30020|both_sexes||irnt,GRCh37,haemoglobin,PRIMARY,Direct quantitative readout,Direct quantitative readout,False,True,A,A,1,0,1,1,Anemia,EUR,CSA,1,chr1,231499497,231560790,231499496,231399497,231660790,231399496,100000,-,ENSG00000135766.8,protein_coding,EGLN1,exact_gene_name,GENCODE v19,MATCHED,single_multianalysis_bgzf,s3://pan-ukb-us-east-1/sumstats_flat_files/continuous-30020-both_sexes-irnt.tsv.bgz,s3://pan-ukb-us-east-1/sumstats_flat_files_tabix/continuous-30020-both_sexes-irnt.tsv.bgz.tbi,s3://pan-ukb-us-east-1/sumstats_flat_files/continuous-30020-both_sexes-irnt.tsv.bgz,s3://pan-ukb-us-east-1/sumstats_flat_files_tabix/continuous-30020-both_sexes-irnt.tsv.bgz.tbi,CSA,TO_VALIDATE_IN_15B2,MATCHED_TRAIT_CATALOG,True,True,True,True,True,
cmp_2c670ce121f4e2ed,gt_6100c7305905baed,EGLN2,Pan-UKB,Pan-UKB::continuous|30020|both_sexes||irnt,Haemoglobin concentration,continuous|30020|both_sexes||irnt,GRCh37,haemoglobin,PRIMARY,Direct quantitative readout,Direct quantitative readout,False,True,A,A,1,0,1,1,Anemia,EUR,CSA,19,chr19,41304901,41314338,41304900,41204901,41414338,41204900,100000,+,ENSG00000269858.1,protein_coding,EGLN2,exact_gene_name,GENCODE v19,MATCHED,single_multianalysis_bgzf,s3://pan-ukb-us-east-1/sumstats_flat_files/continuous-30020-both_sexes-irnt.tsv.bgz,s3://pan-ukb-us-east-1/sumstats_flat_files_tabix/continuous-30020-both_sexes-irnt.tsv.bgz.tbi,s3://pan-ukb-us-east-1/sumstats_flat_files/continuous-30020-both_sexes-irnt.tsv.bgz,s3://pan-ukb-us-east-1/sumstats_flat_files_tabix/continuous-30020-both_sexes-irnt.tsv.bgz.tbi,CSA,TO_VALIDATE_IN_15B2,MATCHED_TRAIT_CATALOG,True,True,True,True,True,
cmp_cdc7ff976577622c,gt_e581489a9e9ecfc2,EGLN3,Pan-UKB,Pan-UKB::continuous|30020|both_sexes||irnt,Haemoglobin concentration,continuous|30020|both_sexes||irnt,GRCh37,haemoglobin,PRIMARY,Direct quantitative readout,Direct quantitative readout,False,True,A,A,1,0,1,1,Anemia,EUR,CSA,14,chr14,34393437,34931980,34393436,34293437,35031980,34293436,100000,-,ENSG00000129521.9,protein_coding,EGLN3,exact_gene_name,GENCODE v19,MATCHED,single_multianalysis_bgzf,s3://pan-ukb-us-east-1/sumstats_flat_files/continuous-30020-both_sexes-irnt.tsv.bgz,s3://pan-ukb-us-east-1/sumstats_flat_files_tabix/continuous-30020-both_sexes-irnt.tsv.bgz.tbi,s3://pan-ukb-us-east-1/sumstats_flat_files/continuous-30020-both_sexes-irnt.tsv.bgz,s3://pan-ukb-us-east-1/sumstats_flat_files_tabix/continuous-30020-both_sexes-irnt.tsv.bgz.tbi,CSA,TO_VALIDATE_IN_15B2,MATCHED_TRAIT_CATALOG,True,True,True,True,True,
cmp_cf9640399f1b67f3,gt_357a52ecdb682313,EPOR,Pan-UKB,Pan-UKB::continuous|30020|both_sexes||irnt,Haemoglobin concentration,continuous|30020|both_sexes||irnt,GRCh37,haemoglobin,PRIMARY,Direct quantitative readout,Direct quantitative readout,False,True,A,A,1,0,1,1,Anemia,EUR,CSA,19,chr19,11488236,11495018,11488235,11388236,11595018,11388235,100000,-,ENSG00000187266.9,protein_coding,EPOR,exact_gene_name,GENCODE v19,MATCHED,single_multianalysis_bgzf,s3://pan-ukb-us-east-1/sumstats_flat_files/continuous-30020-both_sexes-irnt.tsv.bgz,s3://pan-ukb-us-east-1/sumstats_flat_files_tabix/continuous-30020-both_sexes-irnt.tsv.bgz.tbi,s3://pan-ukb-us-east-1/sumstats_flat_files/continuous-30020-both_sexes-irnt.tsv.bgz,s3://pan-ukb-us-east-1/sumstats_flat_files_tabix/continuous-30020-both_sexes-irnt.tsv.bgz.tbi,CSA,TO_VALIDATE_IN_15B2,MATCHED_TRAIT_CATALOG,True,True,True,True,True,
cmp_216fcd5d6898b635,gt_71c56e5a21360fea,HAMP,Pan-UKB,Pan-UKB::continuous|30020|both_sexes||irnt,Haemoglobin concentration,continuous|30020|both_sexes||irnt,GRCh37,haemoglobin,PRIMARY,Direct quantitative readout,Direct quantitative readout,False,True,B,B,0,1,1,1,Anemia,EUR,CSA,19,chr19,35771619,35776046,35771618,35671619,35876046,35671618,100000,+,ENSG00000105697.3,protein_coding,HAMP,exact_gene_name,GENCODE v19,MATCHED,single_multianalysis_bgzf,s3://pan-ukb-us-east-1/sumstats_flat_files/continuous-30020-both_sexes-irnt.tsv.bgz,s3://pan-ukb-us-east-1/sumstats_flat_files_tabix/continuous-30020-both_sexes-irnt.tsv.bgz.tbi,s3://pan-ukb-us-east-1/sumstats_flat_files/continuous-30020-both_sexes-irnt.tsv.bgz,s3://pan-ukb-us-east-1/sumstats_flat_files_tabix/continuous-30020-both_sexes-irnt.tsv.bgz.tbi,CSA,TO_VALIDATE_IN_15B2,MATCHED_TRAIT_CATALOG,True,True,True,True,True,
cmp_26e7bee77129079a,gt_4d13eda51c3b314b,IL6,Pan-UKB,Pan-UKB::continuous|30020|both_sexes||irnt,Haemoglobin concentration,continuous|30020|both_sexes||irnt,GRCh37,haemoglobin,PRIMARY,Direct quantitative readout,Direct quantitative readout,False,True,B,B,0,1,1,1,Anemia,EUR,CSA,7,chr7,22765503,22771621,22765502,22665503,22871621,22665502,100000,+,ENSG00000136244.7,protein_coding,IL6,exact_gene_name,GENCODE v19,MATCHED,single_multianalysis_bgzf,s3://pan-ukb-us-east-1/sumstats_flat_files/continuous-30020-both_sexes-irnt.tsv.bgz,s3://pan-ukb-us-east-1/sumstats_flat_files_tabix/continuous-30020-both_sexes-irnt.tsv.bgz.tbi,s3://pan-ukb-us-east-1/sumstats_flat_files/continuous-30020-both_sexes-irnt.tsv.bgz,s3://pan-ukb-us-east-1/sumstats_flat_files_tabix/continuous-30020-both_sexes-irnt.tsv.bgz.tbi,CSA,TO_VALIDATE_IN_15B2,MATCHED_TRAIT_CATALOG,True,True,True,True,True,
cmp_33e4f0a27f768357,gt_75fe57ef3df525f5,PKLR,Pan-UKB,Pan-UKB::continuous|30020|both_sexes||irnt,Haemoglobin concentration,continuous|30020|both_sexes||irnt,GRCh37,haemoglobin,PRIMARY,Direct quantitative readout,Direct quantitative readout,False,True,B,B,0,1,1,1,Anemia,EUR,CSA,1,chr1,155259630,155271225,155259629,155159630,155371225,155159629,100000,-,ENSG00000143627.13,protein_coding,PKLR,exact_gene_name,GENCODE v19,MATCHED,single_multianalysis_bgzf,s3://pan-ukb-us-east-1/sumstats_flat_files/continuous-30020-both_sexes-irnt.tsv.bgz,s3://pan-ukb-us-east-1/sumstats_flat_files_tabix/continuous-30020-both_sexes-irnt.tsv.bgz.tbi,s3://pan-ukb-us-east-1/sumstats_flat_files/continuous-30020-both_sexes-irnt.tsv.bgz,s3://pan-ukb-us-east-1/sumstats_flat_files_tabix/continuous-30020-both_sexes-irnt.tsv.bgz.tbi,CSA,TO_VALIDATE_IN_15B2,MATCHED_TRAIT_CATALOG,True,True,True,True,True,
cmp_e5dfc0ddc27b5597,gt_aa37c9461d658ae6,SLC40A1,Pan-UKB,Pan-UKB::continuous|30020|both_sexes||irnt,Haemoglobin concentration,continuous|30020|both_sexes||irnt,GRCh37,haemoglobin,PRIMARY,Direct quantitative readout,Direct quantitative readout,False,True,B,B,0,1,1,1,Anemia,EUR,CSA,2,chr2,190425305,190448484,190425304,190325305,190548484,190325304,100000,-,ENSG00000138449.6,protein_coding,SLC40A1,exact_gene_name,GENCODE v19,MATCHED,single_multianalysis_bgzf,s3://pan-ukb-us-east-1/sumstats_flat_files/continuous-30020-both_sexes-irnt.tsv.bgz,s3://pan-ukb-us-east-1/sumstats_flat_files_tabix/continuous-30020-both_sexes-irnt.tsv.bgz.tbi,s3://pan-ukb-us-east-1/sumstats_flat_files/continuous-30020-both_sexes-irnt.tsv.bgz,s3://pan-ukb-us-east-1/sumstats_flat_files_tabix/continuous-30020-both_sexes-irnt.tsv.bgz.tbi,CSA,TO_VALIDATE_IN_15B2,MATCHED_TRAIT_CATALOG,True,True,True,True,True,
cmp_836c47786aded226,gt_709069d1feb6b869,ESR1,Pan-UKB,Pan-UKB::continuous|3148|both_sexes||irnt,Heel bone mineral density (BMD),continuous|3148|both_sexes||irnt,GRCh37,heel_bone_mineral_density,PRIMARY,Direct quantitative readout,Direct quantitative readout,False,True,A,A,1,0,1,1,Osteoporosis,EUR,CSA,6,chr6,151977826,152450754,151977825,151877826,152550754,151877825,100000,+,ENSG00000091831.17,protein_coding,ESR1,exact_gene_name,GENCODE v19,MATCHED,single_multianalysis_bgzf,s3://pan-ukb-us-east-1/sumstats_flat_files/continuous-3148-both_sexes-irnt.tsv.bgz,s3://pan-ukb-us-east-1/sumstats_flat_files_tabix/continuous-3148-both_sexes-irnt.tsv.bgz.tbi,s3://pan-ukb-us-east-1/sumstats_flat_files/continuous-3148-both_sexes-irnt.tsv.bgz,s3://pan-ukb-us-east-1/sumstats_flat_files_tabix/continuous-3148-both_sexes-irnt.tsv.bgz.tbi,CSA,TO_VALIDATE_IN_15B2,MATCHED_TRAIT_CATALOG,True,True,True,True,True,
cmp_1c639976f96dce20,gt_49fc2519dd5d448f,GHRHR,Pan-UKB,Pan-UKB::continuous|3148|both_sexes||irnt,Heel bone mineral density (BMD),continuous|3148|both_sexes||irnt,GRCh37,heel_bone_mineral_density,PRIMARY,Direct quantitative readout,Direct quantitative readout,False,True,B,B,0,1,1,1,Osteoporosis,EUR,CSA,7,chr7,30978284,31032869,30978283,30878284,31132869,30878283,100000,+,ENSG00000106128.14,protein_coding,GHRHR,exact_gene_name,GENCODE v19,MATCHED,single_multianalysis_bgzf,s3://pan-ukb-us-east-1/sumstats_flat_files/continuous-3148-both_sexes-irnt.tsv.bgz,s3://pan-ukb-us-east-1/sumstats_flat_files_tabix/continuous-3148-both_sexes-irnt.tsv.bgz.tbi,s3://pan-ukb-us-east-1/sumstats_flat_files/continuous-3148-both_sexes-irnt.tsv.bgz,s3://pan-ukb-us-east-1/sumstats_flat_files_tabix/continuous-3148-both_sexes-irnt.tsv.bgz.tbi,CSA,TO_VALIDATE_IN_15B2,MATCHED_TRAIT_CATALOG,True,True,True,True,True,
cmp_d642ad82b0d16e5e,gt_1a54193972b2aa21,SOST,Pan-UKB,Pan-UKB::continuous|3148|both_sexes||irnt,Heel bone mineral density (BMD),continuous|3148|both_sexes||irnt,GRCh37,heel_bone_mineral_density,PRIMARY,Direct quantitative readout,Direct quantitative readout,False,True,B,B,0,1,1,1,Osteoporosis,EUR,CSA,17,chr17,41831099,41836156,41831098,41731099,41936156,41731098,100000,-,ENSG00000167941.2,protein_coding,SOST,exact_gene_name,GENCODE v19,MATCHED,single_multianalysis_bgzf,s3://pan-ukb-us-east-1/sumstats_flat_files/continuous-3148-both_sexes-irnt.tsv.bgz,s3://pan-ukb-us-east-1/sumstats_flat_files_tabix/continuous-3148-both_sexes-irnt.tsv.bgz.tbi,s3://pan-ukb-us-east-1/sumstats_flat_files/continuous-3148-both_sexes-irnt.tsv.bgz,s3://pan-ukb-us-east-1/sumstats_flat_files_tabix/continuous-3148-both_sexes-irnt.tsv.bgz.tbi,CSA,TO_VALIDATE_IN_15B2,MATCHED_TRAIT_CATALOG,True,True,True,True,True,
cmp_dae661d54c93c969,gt_95af7ca2e8a7e102,ABCA1,Pan-UKB,Pan-UKB::biomarkers|30780|both_sexes||irnt,LDL direct,biomarkers|30780|both_sexes||irnt,GRCh37,ldl_cholesterol,PRIMARY,Direct quantitative readout,Direct quantitative readout,False,True,B,B,0,1,1,1,Hyperlipidemias,EUR,CSA,9,chr9,107543283,107690518,107543282,107443283,107790518,107443282,100000,-,ENSG00000165029.11,protein_coding,ABCA1,exact_gene_name,GENCODE v19,MATCHED,single_multianalysis_bgzf,s3://pan-ukb-us-east-1/sumstats_flat_files/biomarkers-30780-both_sexes-irnt.tsv.bgz,s3://pan-ukb-us-east-1/sumstats_flat_files_tabix/biomarkers-30780-both_sexes-irnt.tsv.bgz.tbi,s3://pan-ukb-us-east-1/sumstats_flat_files/biomarkers-30780-both_sexes-irnt.tsv.bgz,s3://pan-ukb-us-east-1/sumstats_flat_files_tabix/biomarkers-30780-both_sexes-irnt.tsv.bgz.tbi,CSA,TO_VALIDATE_IN_15B2,MATCHED_TRAIT_CATALOG,True,True,True,True,True,
cmp_ba79e47f387626ac,gt_bbdbb86b1024cfac,ADRB1,Pan-UKB,Pan-UKB::biomarkers|30780|both_sexes||irnt,LDL direct,biomarkers|30780|both_sexes||irnt,GRCh37,ldl_cholesterol,PRIMARY,Direct quantitative readout,Direct quantitative readout,False,True,B,B,0,1,1,1,Hyperlipidemias,EUR,CSA,10,chr10,115803806,115806667,115803805,115703806,115906667,115703805,100000,+,ENSG00000043591.4,protein_coding,ADRB1,exact_gene_name,GENCODE v19,MATCHED,single_multianalysis_bgzf,s3://pan-ukb-us-east-1/sumstats_flat_files/biomarkers-30780-both_sexes-irnt.tsv.bgz,s3://pan-ukb-us-east-1/sumstats_flat_files_tabix/biomarkers-30780-both_sexes-irnt.tsv.bgz.tbi,s3://pan-ukb-us-east-1/sumstats_flat_files/biomarkers-30780-both_sexes-irnt.tsv.bgz,s3://pan-ukb-us-east-1/sumstats_flat_files_tabix/biomarkers-30780-both_sexes-irnt.tsv.bgz.tbi,CSA,TO_VALIDATE_IN_15B2,MATCHED_TRAIT_CATALOG,True,True,True,True,True,
cmp_9f69821411a167c6,gt_d6604f91c9b9bd68,ADRB2,Pan-UKB,Pan-UKB::biomarkers|30780|both_sexes||irnt,LDL direct,biomarkers|30780|both_sexes||irnt,GRCh37,ldl_cholesterol,PRIMARY,Direct quantitative readout,Direct quantitative readout,False,True,B,B,0,1,1,1,Hyperlipidemias,EUR,CSA,5,chr5,148206156,148208196,148206155,148106156,148308196,148106155,100000,+,ENSG00000169252.4,protein_coding,ADRB2,exact_gene_name,GENCODE v19,MATCHED,single_multianalysis_bgzf,s3://pan-ukb-us-east-1/sumstats_flat_files/biomarkers-30780-both_sexes-irnt.tsv.bgz,s3://pan-ukb-us-east-1/sumstats_flat_files_tabix/biomarkers-30780-both_sexes-irnt.tsv.bgz.tbi,s3://pan-ukb-us-east-1/sumstats_flat_files/biomarkers-30780-both_sexes-irnt.tsv.bgz,s3://pan-ukb-us-east-1/sumstats_flat_files_tabix/biomarkers-30780-both_sexes-irnt.tsv.bgz.tbi,CSA,TO_VALIDATE_IN_15B2,MATCHED_TRAIT_CATALOG,True,True,True,True,True,
cmp_d6e8f8c5619c62bc,gt_1d807595f65d990d,ANGPTL3,Pan-UKB,Pan-UKB::biomarkers|30780|both_sexes||irnt,LDL direct,biomarkers|30780|both_sexes||irnt,GRCh37,ldl_cholesterol,PRIMARY,Direct quantitative readout,Direct quantitative readout,True,False,A,"A,B",1,3,4,4,Dyslipidemias || Hypercholesterolemia || Hyperlipidemias || Hyperlipoproteinemia Type II,EUR,CSA,1,chr1,63063158,63071830,63063157,62963158,63171830,62963157,100000,+,ENSG00000132855.4,protein_coding,ANGPTL3,exact_gene_name,GENCODE v19,MATCHED,single_multianalysis_bgzf,s3://pan-ukb-us-east-1/sumstats_flat_files/biomarkers-30780-both_sexes-irnt.tsv.bgz,s3://pan-ukb-us-east-1/sumstats_flat_files_tabix/biomarkers-30780-both_sexes-irnt.tsv.bgz.tbi,s3://pan-ukb-us-east-1/sumstats_flat_files/biomarkers-30780-both_sexes-irnt.tsv.bgz,s3://pan-ukb-us-east-1/sumstats_flat_files_tabix/biomarkers-30780-both_sexes-irnt.tsv.bgz.tbi,CSA,TO_VALIDATE_IN_15B2,MATCHED_TRAIT_CATALOG,True,True,True,True,True,
cmp_d763b6b831bf0c0e,gt_1c018fe9f451c0ea,ANGPTL8,Pan-UKB,Pan-UKB::biomarkers|30780|both_sexes||irnt,LDL direct,biomarkers|30780|both_sexes||irnt,GRCh37,ldl_cholesterol,PRIMARY,Direct quantitative readout,Direct quantitative readout,False,True,B,B,0,1,1,1,Hyperlipidemias,EUR,CSA,19,chr19,11348178,11352619,11348177,11248178,11452619,11248177,100000,+,ENSG00000130173.9,protein_coding,C19orf80,historical_symbol_alias,GENCODE v19,MATCHED,single_multianalysis_bgzf,s3://pan-ukb-us-east-1/sumstats_flat_files/biomarkers-30780-both_sexes-irnt.tsv.bgz,s3://pan-ukb-us-east-1/sumstats_flat_files_tabix/biomarkers-30780-both_sexes-irnt.tsv.bgz.tbi,s3://pan-ukb-us-east-1/sumstats_flat_files/biomarkers-30780-both_sexes-irnt.tsv.bgz,s3://pan-ukb-us-east-1/sumstats_flat_files_tabix/biomarkers-30780-both_sexes-irnt.tsv.bgz.tbi,CSA,TO_VALIDATE_IN_15B2,MATCHED_TRAIT_CATALOG,True,True,True,True,True,
cmp_d17bec475888ffb1,gt_25de020ab85c0f34,APOA1,Pan-UKB,Pan-UKB::biomarkers|30780|both_sexes||irnt,LDL direct,biomarkers|30780|both_sexes||irnt,GRCh37,ldl_cholesterol,PRIMARY,Direct quantitative readout,Direct quantitative readout,False,True,B,B,0,3,3,3,Hypercholesterolemia || Hyperlipidemias || Hyperlipoproteinemia Type II,EUR,CSA,11,chr11,116706467,116708666,116706466,116606467,116808666,116606466,100000,-,ENSG00000118137.5,protein_coding,APOA1,exact_gene_name,GENCODE v19,MATCHED,single_multianalysis_bgzf,s3://pan-ukb-us-east-1/sumstats_flat_files/biomarkers-30780-both_sexes-irnt.tsv.bgz,s3://pan-ukb-us-east-1/sumstats_flat_files_tabix/biomarkers-30780-both_sexes-irnt.tsv.bgz.tbi,s3://pan-ukb-us-east-1/sumstats_flat_files/biomarkers-30780-both_sexes-irnt.tsv.bgz,s3://pan-ukb-us-east-1/sumstats_flat_files_tabix/biomarkers-30780-both_sexes-irnt.tsv.bgz.tbi,CSA,TO_VALIDATE_IN_15B2,MATCHED_TRAIT_CATALOG,True,True,True,True,True,
cmp_0eb599a4590e0b6e,gt_65aa7546aeba1725,APOB,Pan-UKB,Pan-UKB::biomarkers|30780|both_sexes||irnt,LDL direct,biomarkers|30780|both_sexes||irnt,GRCh37,ldl_cholesterol,PRIMARY,Direct quantitative readout,Direct quantitative readout,True,False,A,"A,B",1,2,3,3,Hypercholesterolemia || Hyperlipidemias || Hyperlipoproteinemia Type II,EUR,CSA,2,chr2,21224301,21266945,21224300,21124301,21366945,21124300,100000,-,ENSG00000084674.9,protein_coding,APOB,exact_gene_name,GENCODE v19,MATCHED,single_multianalysis_bgzf,s3://pan-ukb-us-east-1/sumstats_flat_files/biomarkers-30780-both_sexes-irnt.tsv.bgz,s3://pan-ukb-us-east-1/sumstats_flat_files_tabix/biomarkers-30780-both_sexes-irnt.tsv.bgz.tbi,s3://pan-ukb-us-east-1/sumstats_flat_files/biomarkers-30780-both_sexes-irnt.tsv.bgz,s3://pan-ukb-us-east-1/sumstats_flat_files_tabix/biomarkers-30780-both_sexes-irnt.tsv.bgz.tbi,CSA,TO_VALIDATE_IN_15B2,MATCHED_TRAIT_CATALOG,True,True,True,True,True,
cmp_89cac3a7cbb61501,gt_e4eae46191577e93,APOC3,Pan-UKB,Pan-UKB::biomarkers|30780|both_sexes||irnt,LDL direct,biomarkers|30780|both_sexes||irnt,GRCh37,ldl_cholesterol,PRIMARY,Direct quantitative readout,Direct quantitative readout,False,True,B,B,0,3,3,3,Dyslipidemias || Hypercholesterolemia || Hyperlipidemias,EUR,CSA,11,chr11,116700422,116703788,116700421,116600422,116803788,116600421,100000,+,ENSG00000110245.7,protein_coding,APOC3,exact_gene_name,GENCODE v19,MATCHED,single_multianalysis_bgzf,s3://pan-ukb-us-east-1/sumstats_flat_files/biomarkers-30780-both_sexes-irnt.tsv.bgz,s3://pan-ukb-us-east-1/sumstats_flat_files_tabix/biomarkers-30780-both_sexes-irnt.tsv.bgz.tbi,s3://pan-ukb-us-east-1/sumstats_flat_files/biomarkers-30780-both_sexes-irnt.tsv.bgz,s3://pan-ukb-us-east-1/sumstats_flat_files_tabix/biomarkers-30780-both_sexes-irnt.tsv.bgz.tbi,CSA,TO_VALIDATE_IN_15B2,MATCHED_TRAIT_CATALOG,True,True,True,True,True,
cmp_23670cc5cddedef4,gt_0b0678ba83486ccf,APOE,Pan-UKB,Pan-UKB::biomarkers|30780|both_sexes||irnt,LDL direct,biomarkers|30780|both_sexes||irnt,GRCh37,ldl_cholesterol,PRIMARY,Direct quantitative readout,Direct quantitative readout,False,True,B,B,0,1,1,1,Hyperlipoproteinemia Type II,EUR,CSA,19,chr19,45409011,45412650,45409010,45309011,45512650,45309010,100000,+,ENSG00000130203.5,protein_coding,APOE,exact_gene_name,GENCODE v19,MATCHED,single_multianalysis_bgzf,s3://pan-ukb-us-east-1/sumstats_flat_files/biomarkers-30780-both_sexes-irnt.tsv.bgz,s3://pan-ukb-us-east-1/sumstats_flat_files_tabix/biomarkers-30780-both_sexes-irnt.tsv.bgz.tbi,s3://pan-ukb-us-east-1/sumstats_flat_files/biomarkers-30780-both_sexes-irnt.tsv.bgz,s3://pan-ukb-us-east-1/sumstats_flat_files_tabix/biomarkers-30780-both_sexes-irnt.tsv.bgz.tbi,CSA,TO_VALIDATE_IN_15B2,MATCHED_TRAIT_CATALOG,True,True,True,True,True,
cmp_9d3113c9f8e31c30,gt_cbb5ddcaa2f8a827,CETP,Pan-UKB,Pan-UKB::biomarkers|30780|both_sexes||irnt,LDL direct,biomarkers|30780|both_sexes||irnt,GRCh37,ldl_cholesterol,PRIMARY,Direct quantitative readout,Direct quantitative readout,False,True,B,B,0,3,3,3,Hypercholesterolemia || Hyperlipidemias || Hyperlipoproteinemia Type II,EUR,CSA,16,chr16,56995762,57017757,56995761,56895762,57117757,56895761,100000,+,ENSG00000087237.6,protein_coding,CETP,exact_gene_name,GENCODE v19,MATCHED,single_multianalysis_bgzf,s3://pan-ukb-us-east-1/sumstats_flat_files/biomarkers-30780-both_sexes-irnt.tsv.bgz,s3://pan-ukb-us-east-1/sumstats_flat_files_tabix/biomarkers-30780-both_sexes-irnt.tsv.bgz.tbi,s3://pan-ukb-us-east-1/sumstats_flat_files/biomarkers-30780-both_sexes-irnt.tsv.bgz,s3://pan-ukb-us-east-1/sumstats_flat_files_tabix/biomarkers-30780-both_sexes-irnt.tsv.bgz.tbi,CSA,TO_VALIDATE_IN_15B2,MATCHED_TRAIT_CATALOG,True,True,True,True,True,
cmp_ecfb4236612a906f,gt_af31839ea5782bf6,DGAT2,Pan-UKB,Pan-UKB::biomarkers|30780|both_sexes||irnt,LDL direct,biomarkers|30780|both_sexes||irnt,GRCh37,ldl_cholesterol,PRIMARY,Direct quantitative readout,Direct quantitative readout,False,True,B,B,0,1,1,1,Hyperlipidemias,EUR,CSA,11,chr11,75470557,75512579,75470556,75370557,75612579,75370556,100000,+,ENSG00000062282.10,protein_coding,DGAT2,exact_gene_name,GENCODE v19,MATCHED,single_multianalysis_bgzf,s3://pan-ukb-us-east-1/sumstats_flat_files/biomarkers-30780-both_sexes-irnt.tsv.bgz,s3://pan-ukb-us-east-1/sumstats_flat_files_tabix/biomarkers-30780-both_sexes-irnt.tsv.bgz.tbi,s3://pan-ukb-us-east-1/sumstats_flat_files/biomarkers-30780-both_sexes-irnt.tsv.bgz,s3://pan-ukb-us-east-1/sumstats_flat_files_tabix/biomarkers-30780-both_sexes-irnt.tsv.bgz.tbi,CSA,TO_VALIDATE_IN_15B2,MATCHED_TRAIT_CATALOG,True,True,True,True,True,
cmp_649ff2cca8b15f4c,gt_c737d88261852ece,FDFT1,Pan-UKB,Pan-UKB::biomarkers|30780|both_sexes||irnt,LDL direct,biomarkers|30780|both_sexes||irnt,GRCh37,ldl_cholesterol,PRIMARY,Direct quantitative readout,Direct quantitative readout,False,True,B,B,0,1,1,1,Hyperlipidemias,EUR,CSA,8,chr8,11653082,11696818,11653081,11553082,11796818,11553081,100000,+,ENSG00000079459.8,protein_coding,FDFT1,exact_gene_name,GENCODE v19,MATCHED,single_multianalysis_bgzf,s3://pan-ukb-us-east-1/sumstats_flat_files/biomarkers-30780-both_sexes-irnt.tsv.bgz,s3://pan-ukb-us-east-1/sumstats_flat_files_tabix/biomarkers-30780-both_sexes-irnt.tsv.bgz.tbi,s3://pan-ukb-us-east-1/sumstats_flat_files/biomarkers-30780-both_sexes-irnt.tsv.bgz,s3://pan-ukb-us-east-1/sumstats_flat_files_tabix/biomarkers-30780-both_sexes-irnt.tsv.bgz.tbi,CSA,TO_VALIDATE_IN_15B2,MATCHED_TRAIT_CATALOG,True,True,True,True,True,
cmp_dfc2133ab2f65f25,gt_478ff02cdcfc6a99,HCAR2,Pan-UKB,Pan-UKB::biomarkers|30780|both_sexes||irnt,LDL direct,biomarkers|30780|both_sexes||irnt,GRCh37,ldl_cholesterol,PRIMARY,Direct quantitative readout,Direct quantitative readout,False,True,B,B,0,2,2,2,Hypercholesterolemia || Hyperlipidemias,EUR,CSA,12,chr12,123185840,123187890,123185839,123085840,123287890,123085839,100000,-,ENSG00000182782.7,protein_coding,HCAR2,exact_gene_name,GENCODE v19,MATCHED,single_multianalysis_bgzf,s3://pan-ukb-us-east-1/sumstats_flat_files/biomarkers-30780-both_sexes-irnt.tsv.bgz,s3://pan-ukb-us-east-1/sumstats_flat_files_tabix/biomarkers-30780-both_sexes-irnt.tsv.bgz.tbi,s3://pan-ukb-us-east-1/sumstats_flat_files/biomarkers-30780-both_sexes-irnt.tsv.bgz,s3://pan-ukb-us-east-1/sumstats_flat_files_tabix/biomarkers-30780-both_sexes-irnt.tsv.bgz.tbi,CSA,TO_VALIDATE_IN_15B2,MATCHED_TRAIT_CATALOG,True,True,True,True,True,
cmp_4f0b16a4a72c0368,gt_d02d21f4deeb3658,HCAR3,Pan-UKB,Pan-UKB::biomarkers|30780|both_sexes||irnt,LDL direct,biomarkers|30780|both_sexes||irnt,GRCh37,ldl_cholesterol,PRIMARY,Direct quantitative readout,Direct quantitative readout,False,True,B,B,0,2,2,2,Hypercholesterolemia || Hyperlipidemias,EUR,CSA,12,chr12,123199303,123201439,123199302,123099303,123301439,123099302,100000,-,ENSG00000255398.2,protein_coding,HCAR3,exact_gene_name,GENCODE v19,MATCHED,single_multianalysis_bgzf,s3://pan-ukb-us-east-1/sumstats_flat_files/biomarkers-30780-both_sexes-irnt.tsv.bgz,s3://pan-ukb-us-east-1/sumstats_flat_files_tabix/biomarkers-30780-both_sexes-irnt.tsv.bgz.tbi,s3://pan-ukb-us-east-1/sumstats_flat_files/biomarkers-30780-both_sexes-irnt.tsv.bgz,s3://pan-ukb-us-east-1/sumstats_flat_files_tabix/biomarkers-30780-both_sexes-irnt.tsv.bgz.tbi,CSA,TO_VALIDATE_IN_15B2,MATCHED_TRAIT_CATALOG,True,True,True,True,True,
cmp_f91dafdc919ddc0c,gt_fdbaedc51aaa106f,HMGCR,Pan-UKB,Pan-UKB::biomarkers|30780|both_sexes||irnt,LDL direct,biomarkers|30780|both_sexes||irnt,GRCh37,ldl_cholesterol,PRIMARY,Direct quantitative readout,Direct quantitative readout,False,True,A,A,3,0,3,3,Dyslipidemias || Hypercholesterolemia || Hyperlipidemias,EUR,CSA,5,chr5,74632154,74657929,74632153,74532154,74757929,74532153,100000,+,ENSG00000113161.11,protein_coding,HMGCR,exact_gene_name,GENCODE v19,MATCHED,single_multianalysis_bgzf,s3://pan-ukb-us-east-1/sumstats_flat_files/biomarkers-30780-both_sexes-irnt.tsv.bgz,s3://pan-ukb-us-east-1/sumstats_flat_files_tabix/biomarkers-30780-both_sexes-irnt.tsv.bgz.tbi,s3://pan-ukb-us-east-1/sumstats_flat_files/biomarkers-30780-both_sexes-irnt.tsv.bgz,s3://pan-ukb-us-east-1/sumstats_flat_files_tabix/biomarkers-30780-both_sexes-irnt.tsv.bgz.tbi,CSA,TO_VALIDATE_IN_15B2,MATCHED_TRAIT_CATALOG,True,True,True,True,True,
cmp_c5f9b26ab4ae44ee,gt_5da1ad3edfdad65e,LPA,Pan-UKB,Pan-UKB::biomarkers|30780|both_sexes||irnt,LDL direct,biomarkers|30780|both_sexes||irnt,GRCh37,ldl_cholesterol,PRIMARY,Direct quantitative readout,Direct quantitative readout,False,True,B,B,0,1,1,1,Hyperlipidemias,EUR,CSA,6,chr6,160952515,161087407,160952514,160852515,161187407,160852514,100000,-,ENSG00000198670.7,protein_coding,LPA,exact_gene_name,GENCODE v19,MATCHED,single_multianalysis_bgzf,s3://pan-ukb-us-east-1/sumstats_flat_files/biomarkers-30780-both_sexes-irnt.tsv.bgz,s3://pan-ukb-us-east-1/sumstats_flat_files_tabix/biomarkers-30780-both_sexes-irnt.tsv.bgz.tbi,s3://pan-ukb-us-east-1/sumstats_flat_files/biomarkers-30780-both_sexes-irnt.tsv.bgz,s3://pan-ukb-us-east-1/sumstats_flat_files_tabix/biomarkers-30780-both_sexes-irnt.tsv.bgz.tbi,CSA,TO_VALIDATE_IN_15B2,MATCHED_TRAIT_CATALOG,True,True,True,True,True,
cmp_50d16dc72ee800c1,gt_ad816587eda5b569,MTTP,Pan-UKB,Pan-UKB::biomarkers|30780|both_sexes||irnt,LDL direct,biomarkers|30780|both_sexes||irnt,GRCh37,ldl_cholesterol,PRIMARY,Direct quantitative readout,Direct quantitative readout,False,True,B,B,0,1,1,1,Hyperlipidemias,EUR,CSA,4,chr4,100484918,100545156,100484917,100384918,100645156,100384917,100000,+,ENSG00000138823.8,protein_coding,MTTP,exact_gene_name,GENCODE v19,MATCHED,single_multianalysis_bgzf,s3://pan-ukb-us-east-1/sumstats_flat_files/biomarkers-30780-both_sexes-irnt.tsv.bgz,s3://pan-ukb-us-east-1/sumstats_flat_files_tabix/biomarkers-30780-both_sexes-irnt.tsv.bgz.tbi,s3://pan-ukb-us-east-1/sumstats_flat_files/biomarkers-30780-both_sexes-irnt.tsv.bgz,s3://pan-ukb-us-east-1/sumstats_flat_files_tabix/biomarkers-30780-both_sexes-irnt.tsv.bgz.tbi,CSA,TO_VALIDATE_IN_15B2,MATCHED_TRAIT_CATALOG,True,True,True,True,True,
cmp_c9ca16446ae51c2f,gt_e0d231bc78a0b903,NPC1L1,Pan-UKB,Pan-UKB::biomarkers|30780|both_sexes||irnt,LDL direct,biomarkers|30780|both_sexes||irnt,GRCh37,ldl_cholesterol,PRIMARY,Direct quantitative readout,Direct quantitative readout,True,False,A,"A,B",1,1,2,2,Dyslipidemias || Hyperlipidemias,EUR,CSA,7,chr7,44552134,44580914,44552133,44452134,44680914,44452133,100000,-,ENSG00000015520.10,protein_coding,NPC1L1,exact_gene_name,GENCODE v19,MATCHED,single_multianalysis_bgzf,s3://pan-ukb-us-east-1/sumstats_flat_files/biomarkers-30780-both_sexes-irnt.tsv.bgz,s3://pan-ukb-us-east-1/sumstats_flat_files_tabix/biomarkers-30780-both_sexes-irnt.tsv.bgz.tbi,s3://pan-ukb-us-east-1/sumstats_flat_files/biomarkers-30780-both_sexes-irnt.tsv.bgz,s3://pan-ukb-us-east-1/sumstats_flat_files_tabix/biomarkers-30780-both_sexes-irnt.tsv.bgz.tbi,CSA,TO_VALIDATE_IN_15B2,MATCHED_TRAIT_CATALOG,True,True,True,True,True,
cmp_86c7093bdb7c0808,gt_c0dccd327bd42d57,NR1H3,Pan-UKB,Pan-UKB::biomarkers|30780|both_sexes||irnt,LDL direct,biomarkers|30780|both_sexes||irnt,GRCh37,ldl_cholesterol,PRIMARY,Direct quantitative readout,Direct quantitative readout,False,True,B,B,0,1,1,1,Hypercholesterolemia,EUR,CSA,11,chr11,47269851,47290396,47269850,47169851,47390396,47169850,100000,+,ENSG00000025434.14,protein_coding,NR1H3,exact_gene_name,GENCODE v19,MATCHED,single_multianalysis_bgzf,s3://pan-ukb-us-east-1/sumstats_flat_files/biomarkers-30780-both_sexes-irnt.tsv.bgz,s3://pan-ukb-us-east-1/sumstats_flat_files_tabix/biomarkers-30780-both_sexes-irnt.tsv.bgz.tbi,s3://pan-ukb-us-east-1/sumstats_flat_files/biomarkers-30780-both_sexes-irnt.tsv.bgz,s3://pan-ukb-us-east-1/sumstats_flat_files_tabix/biomarkers-30780-both_sexes-irnt.tsv.bgz.tbi,CSA,TO_VALIDATE_IN_15B2,MATCHED_TRAIT_CATALOG,True,True,True,True,True,
cmp_66552b49512bb3db,gt_b8759ac053b783c0,NR1H4,Pan-UKB,Pan-UKB::biomarkers|30780|both_sexes||irnt,LDL direct,biomarkers|30780|both_sexes||irnt,GRCh37,ldl_cholesterol,PRIMARY,Direct quantitative readout,Direct quantitative readout,False,True,B,B,0,2,2,2,Hypercholesterolemia || Hyperlipidemias,EUR,CSA,12,chr12,100867486,100958191,100867485,100767486,101058191,100767485,100000,+,ENSG00000012504.9,protein_coding,NR1H4,exact_gene_name,GENCODE v19,MATCHED,single_multianalysis_bgzf,s3://pan-ukb-us-east-1/sumstats_flat_files/biomarkers-30780-both_sexes-irnt.tsv.bgz,s3://pan-ukb-us-east-1/sumstats_flat_files_tabix/biomarkers-30780-both_sexes-irnt.tsv.bgz.tbi,s3://pan-ukb-us-east-1/sumstats_flat_files/biomarkers-30780-both_sexes-irnt.tsv.bgz,s3://pan-ukb-us-east-1/sumstats_flat_files_tabix/biomarkers-30780-both_sexes-irnt.tsv.bgz.tbi,CSA,TO_VALIDATE_IN_15B2,MATCHED_TRAIT_CATALOG,True,True,True,True,True,
cmp_7e3415964666180a,gt_d690685489730e56,PCSK9,Pan-UKB,Pan-UKB::biomarkers|30780|both_sexes||irnt,LDL direct,biomarkers|30780|both_sexes||irnt,GRCh37,ldl_cholesterol,PRIMARY,Direct quantitative readout,Direct quantitative readout,False,True,A,A,3,0,3,3,Hypercholesterolemia || Hyperlipidemias || Hyperlipoproteinemia Type II,EUR,CSA,1,chr1,55505221,55530525,55505220,55405221,55630525,55405220,100000,+,ENSG00000169174.9,protein_coding,PCSK9,exact_gene_name,GENCODE v19,MATCHED,single_multianalysis_bgzf,s3://pan-ukb-us-east-1/sumstats_flat_files/biomarkers-30780-both_sexes-irnt.tsv.bgz,s3://pan-ukb-us-east-1/sumstats_flat_files_tabix/biomarkers-30780-both_sexes-irnt.tsv.bgz.tbi,s3://pan-ukb-us-east-1/sumstats_flat_files/biomarkers-30780-both_sexes-irnt.tsv.bgz,s3://pan-ukb-us-east-1/sumstats_flat_files_tabix/biomarkers-30780-both_sexes-irnt.tsv.bgz.tbi,CSA,TO_VALIDATE_IN_15B2,MATCHED_TRAIT_CATALOG,True,True,True,True,True,
cmp_d3e826c238938f7a,gt_73254ff7b0091f43,PPARA,Pan-UKB,Pan-UKB::biomarkers|30780|both_sexes||irnt,LDL direct,biomarkers|30780|both_sexes||irnt,GRCh37,ldl_cholesterol,PRIMARY,Direct quantitative readout,Direct quantitative readout,True,False,A,"A,B",3,1,4,4,Dyslipidemias || Hypercholesterolemia || Hyperlipidemias || Hyperlipoproteinemia Type II,EUR,CSA,22,chr22,46546424,46639653,46546423,46446424,46739653,46446423,100000,+,ENSG00000186951.12,protein_coding,PPARA,exact_gene_name,GENCODE v19,MATCHED,single_multianalysis_bgzf,s3://pan-ukb-us-east-1/sumstats_flat_files/biomarkers-30780-both_sexes-irnt.tsv.bgz,s3://pan-ukb-us-east-1/sumstats_flat_files_tabix/biomarkers-30780-both_sexes-irnt.tsv.bgz.tbi,s3://pan-ukb-us-east-1/sumstats_flat_files/biomarkers-30780-both_sexes-irnt.tsv.bgz,s3://pan-ukb-us-east-1/sumstats_flat_files_tabix/biomarkers-30780-both_sexes-irnt.tsv.bgz.tbi,CSA,TO_VALIDATE_IN_15B2,MATCHED_TRAIT_CATALOG,True,True,True,True,True,
cmp_697c494077f63f4a,gt_3b78c5d3b48b82a8,PPARG,Pan-UKB,Pan-UKB::biomarkers|30780|both_sexes||irnt,LDL direct,biomarkers|30780|both_sexes||irnt,GRCh37,ldl_cholesterol,PRIMARY,Direct quantitative readout,Direct quantitative readout,False,True,A,A,1,0,1,1,Hyperlipidemias,EUR,CSA,3,chr3,12328867,12475855,12328866,12228867,12575855,12228866,100000,+,ENSG00000132170.15,protein_coding,PPARG,exact_gene_name,GENCODE v19,MATCHED,single_multianalysis_bgzf,s3://pan-ukb-us-east-1/sumstats_flat_files/biomarkers-30780-both_sexes-irnt.tsv.bgz,s3://pan-ukb-us-east-1/sumstats_flat_files_tabix/biomarkers-30780-both_sexes-irnt.tsv.bgz.tbi,s3://pan-ukb-us-east-1/sumstats_flat_files/biomarkers-30780-both_sexes-irnt.tsv.bgz,s3://pan-ukb-us-east-1/sumstats_flat_files_tabix/biomarkers-30780-both_sexes-irnt.tsv.bgz.tbi,CSA,TO_VALIDATE_IN_15B2,MATCHED_TRAIT_CATALOG,True,True,True,True,True,
cmp_846fa1abdb2d79e6,gt_bb8ad900243245bb,SLC10A2,Pan-UKB,Pan-UKB::biomarkers|30780|both_sexes||irnt,LDL direct,biomarkers|30780|both_sexes||irnt,GRCh37,ldl_cholesterol,PRIMARY,Direct quantitative readout,Direct quantitative readout,False,True,B,B,0,2,2,2,Hypercholesterolemia || Hyperlipidemias,EUR,CSA,13,chr13,103696350,103719196,103696349,103596350,103819196,103596349,100000,-,ENSG00000125255.5,protein_coding,SLC10A2,exact_gene_name,GENCODE v19,MATCHED,single_multianalysis_bgzf,s3://pan-ukb-us-east-1/sumstats_flat_files/biomarkers-30780-both_sexes-irnt.tsv.bgz,s3://pan-ukb-us-east-1/sumstats_flat_files_tabix/biomarkers-30780-both_sexes-irnt.tsv.bgz.tbi,s3://pan-ukb-us-east-1/sumstats_flat_files/biomarkers-30780-both_sexes-irnt.tsv.bgz,s3://pan-ukb-us-east-1/sumstats_flat_files_tabix/biomarkers-30780-both_sexes-irnt.tsv.bgz.tbi,CSA,TO_VALIDATE_IN_15B2,MATCHED_TRAIT_CATALOG,True,True,True,True,True,
cmp_0e8c3789584fc9b2,gt_a9a80c5c767d754d,THRB,Pan-UKB,Pan-UKB::biomarkers|30780|both_sexes||irnt,LDL direct,biomarkers|30780|both_sexes||irnt,GRCh37,ldl_cholesterol,PRIMARY,Direct quantitative readout,Direct quantitative readout,False,True,B,B,0,2,2,2,Hypercholesterolemia || Hyperlipoproteinemia Type II,EUR,CSA,3,chr3,24158651,24536773,24158650,24058651,24636773,24058650,100000,-,ENSG00000151090.13,protein_coding,THRB,exact_gene_name,GENCODE v19,MATCHED,single_multianalysis_bgzf,s3://pan-ukb-us-east-1/sumstats_flat_files/biomarkers-30780-both_sexes-irnt.tsv.bgz,s3://pan-ukb-us-east-1/sumstats_flat_files_tabix/biomarkers-30780-both_sexes-irnt.tsv.bgz.tbi,s3://pan-ukb-us-east-1/sumstats_flat_files/biomarkers-30780-both_sexes-irnt.tsv.bgz,s3://pan-ukb-us-east-1/sumstats_flat_files_tabix/biomarkers-30780-both_sexes-irnt.tsv.bgz.tbi,CSA,TO_VALIDATE_IN_15B2,MATCHED_TRAIT_CATALOG,True,True,True,True,True,
cmp_899b25b2a6459d69,gt_38057e29398d09a6,CSF3,Pan-UKB,Pan-UKB::continuous|30140|both_sexes||irnt,Neutrophill count,continuous|30140|both_sexes||irnt,GRCh37,neutrophil_count,PRIMARY,Direct quantitative readout,Direct quantitative readout,False,True,A,A,1,0,1,1,Neutropenia,EUR,CSA,17,chr17,38171614,38174066,38171613,38071614,38274066,38071613,100000,+,ENSG00000108342.8,protein_coding,CSF3,exact_gene_name,GENCODE v19,MATCHED,single_multianalysis_bgzf,s3://pan-ukb-us-east-1/sumstats_flat_files/continuous-30140-both_sexes-irnt.tsv.bgz,s3://pan-ukb-us-east-1/sumstats_flat_files_tabix/continuous-30140-both_sexes-irnt.tsv.bgz.tbi,s3://pan-ukb-us-east-1/sumstats_flat_files/continuous-30140-both_sexes-irnt.tsv.bgz,s3://pan-ukb-us-east-1/sumstats_flat_files_tabix/continuous-30140-both_sexes-irnt.tsv.bgz.tbi,CSA,TO_VALIDATE_IN_15B2,MATCHED_TRAIT_CATALOG,True,True,True,True,True,
cmp_a8cdbbc6ae7dad91,gt_38057e29398d09a6,CSF3,Pan-UKB,Pan-UKB::continuous|30140|both_sexes||irnt,Neutrophill count,continuous|30140|both_sexes||irnt,GRCh37,neutrophil_count,PRIMARY,Direct quantitative readout,Direct quantitative readout,False,True,A,A,1,0,1,1,Neutropenia,EUR,MID,17,chr17,38171614,38174066,38171613,38071614,38274066,38071613,100000,+,ENSG00000108342.8,protein_coding,CSF3,exact_gene_name,GENCODE v19,MATCHED,single_multianalysis_bgzf,s3://pan-ukb-us-east-1/sumstats_flat_files/continuous-30140-both_sexes-irnt.tsv.bgz,s3://pan-ukb-us-east-1/sumstats_flat_files_tabix/continuous-30140-both_sexes-irnt.tsv.bgz.tbi,s3://pan-ukb-us-east-1/sumstats_flat_files/continuous-30140-both_sexes-irnt.tsv.bgz,s3://pan-ukb-us-east-1/sumstats_flat_files_tabix/continuous-30140-both_sexes-irnt.tsv.bgz.tbi,MID,TO_VALIDATE_IN_15B2,MATCHED_TRAIT_CATALOG,True,True,True,True,True,
cmp_08b22a91172968d8,gt_128ad7c7ffd40309,CSF3R,Pan-UKB,Pan-UKB::continuous|30140|both_sexes||irnt,Neutrophill count,continuous|30140|both_sexes||irnt,GRCh37,neutrophil_count,PRIMARY,Direct quantitative readout,Direct quantitative readout,False,True,A,A,1,0,1,1,Neutropenia,EUR,CSA,1,chr1,36931644,36948879,36931643,36831644,37048879,36831643,100000,-,ENSG00000119535.13,protein_coding,CSF3R,exact_gene_name,GENCODE v19,MATCHED,single_multianalysis_bgzf,s3://pan-ukb-us-east-1/sumstats_flat_files/continuous-30140-both_sexes-irnt.tsv.bgz,s3://pan-ukb-us-east-1/sumstats_flat_files_tabix/continuous-30140-both_sexes-irnt.tsv.bgz.tbi,s3://pan-ukb-us-east-1/sumstats_flat_files/continuous-30140-both_sexes-irnt.tsv.bgz,s3://pan-ukb-us-east-1/sumstats_flat_files_tabix/continuous-30140-both_sexes-irnt.tsv.bgz.tbi,CSA,TO_VALIDATE_IN_15B2,MATCHED_TRAIT_CATALOG,True,True,True,True,True,
cmp_b2879043e48e8130,gt_128ad7c7ffd40309,CSF3R,Pan-UKB,Pan-UKB::continuous|30140|both_sexes||irnt,Neutrophill count,continuous|30140|both_sexes||irnt,GRCh37,neutrophil_count,PRIMARY,Direct quantitative readout,Direct quantitative readout,False,True,A,A,1,0,1,1,Neutropenia,EUR,MID,1,chr1,36931644,36948879,36931643,36831644,37048879,36831643,100000,-,ENSG00000119535.13,protein_coding,CSF3R,exact_gene_name,GENCODE v19,MATCHED,single_multianalysis_bgzf,s3://pan-ukb-us-east-1/sumstats_flat_files/continuous-30140-both_sexes-irnt.tsv.bgz,s3://pan-ukb-us-east-1/sumstats_flat_files_tabix/continuous-30140-both_sexes-irnt.tsv.bgz.tbi,s3://pan-ukb-us-east-1/sumstats_flat_files/continuous-30140-both_sexes-irnt.tsv.bgz,s3://pan-ukb-us-east-1/sumstats_flat_files_tabix/continuous-30140-both_sexes-irnt.tsv.bgz.tbi,MID,TO_VALIDATE_IN_15B2,MATCHED_TRAIT_CATALOG,True,True,True,True,True,
cmp_559b26c0a60995d9,gt_575fb984fe133eec,CXCR4,Pan-UKB,Pan-UKB::continuous|30140|both_sexes||irnt,Neutrophill count,continuous|30140|both_sexes||irnt,GRCh37,neutrophil_count,PRIMARY,Direct quantitative readout,Direct quantitative readout,False,True,B,B,0,1,1,1,Neutropenia,EUR,CSA,2,chr2,136871919,136875735,136871918,136771919,136975735,136771918,100000,-,ENSG00000121966.6,protein_coding,CXCR4,exact_gene_name,GENCODE v19,MATCHED,single_multianalysis_bgzf,s3://pan-ukb-us-east-1/sumstats_flat_files/continuous-30140-both_sexes-irnt.tsv.bgz,s3://pan-ukb-us-east-1/sumstats_flat_files_tabix/continuous-30140-both_sexes-irnt.tsv.bgz.tbi,s3://pan-ukb-us-east-1/sumstats_flat_files/continuous-30140-both_sexes-irnt.tsv.bgz,s3://pan-ukb-us-east-1/sumstats_flat_files_tabix/continuous-30140-both_sexes-irnt.tsv.bgz.tbi,CSA,TO_VALIDATE_IN_15B2,MATCHED_TRAIT_CATALOG,True,True,True,True,True,
cmp_cb58a62e60526107,gt_575fb984fe133eec,CXCR4,Pan-UKB,Pan-UKB::continuous|30140|both_sexes||irnt,Neutrophill count,continuous|30140|both_sexes||irnt,GRCh37,neutrophil_count,PRIMARY,Direct quantitative readout,Direct quantitative readout,False,True,B,B,0,1,1,1,Neutropenia,EUR,MID,2,chr2,136871919,136875735,136871918,136771919,136975735,136771918,100000,-,ENSG00000121966.6,protein_coding,CXCR4,exact_gene_name,GENCODE v19,MATCHED,single_multianalysis_bgzf,s3://pan-ukb-us-east-1/sumstats_flat_files/continuous-30140-both_sexes-irnt.tsv.bgz,s3://pan-ukb-us-east-1/sumstats_flat_files_tabix/continuous-30140-both_sexes-irnt.tsv.bgz.tbi,s3://pan-ukb-us-east-1/sumstats_flat_files/continuous-30140-both_sexes-irnt.tsv.bgz,s3://pan-ukb-us-east-1/sumstats_flat_files_tabix/continuous-30140-both_sexes-irnt.tsv.bgz.tbi,MID,TO_VALIDATE_IN_15B2,MATCHED_TRAIT_CATALOG,True,True,True,True,True,
cmp_0348a847d71d7add,gt_7139353b566f0bd6,FAP,Pan-UKB,Pan-UKB::continuous|30140|both_sexes||irnt,Neutrophill count,continuous|30140|both_sexes||irnt,GRCh37,neutrophil_count,PRIMARY,Direct quantitative readout,Direct quantitative readout,False,True,B,B,0,1,1,1,Neutropenia,EUR,CSA,2,chr2,163027194,163101661,163027193,162927194,163201661,162927193,100000,-,ENSG00000078098.9,protein_coding,FAP,exact_gene_name,GENCODE v19,MATCHED,single_multianalysis_bgzf,s3://pan-ukb-us-east-1/sumstats_flat_files/continuous-30140-both_sexes-irnt.tsv.bgz,s3://pan-ukb-us-east-1/sumstats_flat_files_tabix/continuous-30140-both_sexes-irnt.tsv.bgz.tbi,s3://pan-ukb-us-east-1/sumstats_flat_files/continuous-30140-both_sexes-irnt.tsv.bgz,s3://pan-ukb-us-east-1/sumstats_flat_files_tabix/continuous-30140-both_sexes-irnt.tsv.bgz.tbi,CSA,TO_VALIDATE_IN_15B2,MATCHED_TRAIT_CATALOG,True,True,True,True,True,
cmp_f42d2adaebb6c058,gt_7139353b566f0bd6,FAP,Pan-UKB,Pan-UKB::continuous|30140|both_sexes||irnt,Neutrophill count,continuous|30140|both_sexes||irnt,GRCh37,neutrophil_count,PRIMARY,Direct quantitative readout,Direct quantitative readout,False,True,B,B,0,1,1,1,Neutropenia,EUR,MID,2,chr2,163027194,163101661,163027193,162927194,163201661,162927193,100000,-,ENSG00000078098.9,protein_coding,FAP,exact_gene_name,GENCODE v19,MATCHED,single_multianalysis_bgzf,s3://pan-ukb-us-east-1/sumstats_flat_files/continuous-30140-both_sexes-irnt.tsv.bgz,s3://pan-ukb-us-east-1/sumstats_flat_files_tabix/continuous-30140-both_sexes-irnt.tsv.bgz.tbi,s3://pan-ukb-us-east-1/sumstats_flat_files/continuous-30140-both_sexes-irnt.tsv.bgz,s3://pan-ukb-us-east-1/sumstats_flat_files_tabix/continuous-30140-both_sexes-irnt.tsv.bgz.tbi,MID,TO_VALIDATE_IN_15B2,MATCHED_TRAIT_CATALOG,True,True,True,True,True,
cmp_158459a232adb0d0,gt_0c426abe19a96c54,ENPP1,Pan-UKB,Pan-UKB::biomarkers|30810|both_sexes||irnt,Phosphate,biomarkers|30810|both_sexes||irnt,GRCh37,phosphate,PRIMARY,Direct quantitative readout,Direct quantitative readout,False,True,B,B,0,1,1,1,Hypophosphatemia,EUR,CSA,6,chr6,132129156,132216295,132129155,132029156,132316295,132029155,100000,+,ENSG00000197594.7,protein_coding,ENPP1,exact_gene_name,GENCODE v19,MATCHED,single_multianalysis_bgzf,s3://pan-ukb-us-east-1/sumstats_flat_files/biomarkers-30810-both_sexes-irnt.tsv.bgz,s3://pan-ukb-us-east-1/sumstats_flat_files_tabix/biomarkers-30810-both_sexes-irnt.tsv.bgz.tbi,s3://pan-ukb-us-east-1/sumstats_flat_files/biomarkers-30810-both_sexes-irnt.tsv.bgz,s3://pan-ukb-us-east-1/sumstats_flat_files_tabix/biomarkers-30810-both_sexes-irnt.tsv.bgz.tbi,CSA,TO_VALIDATE_IN_15B2,MATCHED_TRAIT_CATALOG,True,True,True,True,True,
cmp_6567d20daa636164,gt_d019bda2659bf3ff,ACVR2A,Pan-UKB,Pan-UKB::continuous|30080|both_sexes||irnt,Platelet count,continuous|30080|both_sexes||irnt,GRCh37,platelet_count,PRIMARY,Direct quantitative readout,Direct quantitative readout,False,True,B,B,0,1,1,1,Thrombocytopenia,EUR,AFR,2,chr2,148602086,148688393,148602085,148502086,148788393,148502085,100000,+,ENSG00000121989.10,protein_coding,ACVR2A,exact_gene_name,GENCODE v19,MATCHED,single_multianalysis_bgzf,s3://pan-ukb-us-east-1/sumstats_flat_files/continuous-30080-both_sexes-irnt.tsv.bgz,s3://pan-ukb-us-east-1/sumstats_flat_files_tabix/continuous-30080-both_sexes-irnt.tsv.bgz.tbi,s3://pan-ukb-us-east-1/sumstats_flat_files/continuous-30080-both_sexes-irnt.tsv.bgz,s3://pan-ukb-us-east-1/sumstats_flat_files_tabix/continuous-30080-both_sexes-irnt.tsv.bgz.tbi,AFR,TO_VALIDATE_IN_15B2,MATCHED_TRAIT_CATALOG,True,True,True,True,True,
cmp_0b454d4c958fc671,gt_d019bda2659bf3ff,ACVR2A,Pan-UKB,Pan-UKB::continuous|30080|both_sexes||irnt,Platelet count,continuous|30080|both_sexes||irnt,GRCh37,platelet_count,PRIMARY,Direct quantitative readout,Direct quantitative readout,False,True,B,B,0,1,1,1,Thrombocytopenia,EUR,CSA,2,chr2,148602086,148688393,148602085,148502086,148788393,148502085,100000,+,ENSG00000121989.10,protein_coding,ACVR2A,exact_gene_name,GENCODE v19,MATCHED,single_multianalysis_bgzf,s3://pan-ukb-us-east-1/sumstats_flat_files/continuous-30080-both_sexes-irnt.tsv.bgz,s3://pan-ukb-us-east-1/sumstats_flat_files_tabix/continuous-30080-both_sexes-irnt.tsv.bgz.tbi,s3://pan-ukb-us-east-1/sumstats_flat_files/continuous-30080-both_sexes-irnt.tsv.bgz,s3://pan-ukb-us-east-1/sumstats_flat_files_tabix/continuous-30080-both_sexes-irnt.tsv.bgz.tbi,CSA,TO_VALIDATE_IN_15B2,MATCHED_TRAIT_CATALOG,True,True,True,True,True,
cmp_d40a84a9eef512e2,gt_d019bda2659bf3ff,ACVR2A,Pan-UKB,Pan-UKB::continuous|30080|both_sexes||irnt,Platelet count,continuous|30080|both_sexes||irnt,GRCh37,platelet_count,PRIMARY,Direct quantitative readout,Direct quantitative readout,False,True,B,B,0,1,1,1,Thrombocytopenia,EUR,EAS,2,chr2,148602086,148688393,148602085,148502086,148788393,148502085,100000,+,ENSG00000121989.10,protein_coding,ACVR2A,exact_gene_name,GENCODE v19,MATCHED,single_multianalysis_bgzf,s3://pan-ukb-us-east-1/sumstats_flat_files/continuous-30080-both_sexes-irnt.tsv.bgz,s3://pan-ukb-us-east-1/sumstats_flat_files_tabix/continuous-30080-both_sexes-irnt.tsv.bgz.tbi,s3://pan-ukb-us-east-1/sumstats_flat_files/continuous-30080-both_sexes-irnt.tsv.bgz,s3://pan-ukb-us-east-1/sumstats_flat_files_tabix/continuous-30080-both_sexes-irnt.tsv.bgz.tbi,EAS,TO_VALIDATE_IN_15B2,MATCHED_TRAIT_CATALOG,True,True,True,True,True,
cmp_c16a82af11193057,gt_88273410ebd1ce63,ALOX12,Pan-UKB,Pan-UKB::continuous|30080|both_sexes||irnt,Platelet count,continuous|30080|both_sexes||irnt,GRCh37,platelet_count,PRIMARY,Direct quantitative readout,Direct quantitative readout,False,True,B,B,0,1,1,1,Thrombocytopenia,EUR,AFR,17,chr17,6899384,6914055,6899383,6799384,7014055,6799383,100000,+,ENSG00000108839.7,protein_coding,ALOX12,exact_gene_name,GENCODE v19,MATCHED,single_multianalysis_bgzf,s3://pan-ukb-us-east-1/sumstats_flat_files/continuous-30080-both_sexes-irnt.tsv.bgz,s3://pan-ukb-us-east-1/sumstats_flat_files_tabix/continuous-30080-both_sexes-irnt.tsv.bgz.tbi,s3://pan-ukb-us-east-1/sumstats_flat_files/continuous-30080-both_sexes-irnt.tsv.bgz,s3://pan-ukb-us-east-1/sumstats_flat_files_tabix/continuous-30080-both_sexes-irnt.tsv.bgz.tbi,AFR,TO_VALIDATE_IN_15B2,MATCHED_TRAIT_CATALOG,True,True,True,True,True,
cmp_072afd3efbfb83ec,gt_88273410ebd1ce63,ALOX12,Pan-UKB,Pan-UKB::continuous|30080|both_sexes||irnt,Platelet count,continuous|30080|both_sexes||irnt,GRCh37,platelet_count,PRIMARY,Direct quantitative readout,Direct quantitative readout,False,True,B,B,0,1,1,1,Thrombocytopenia,EUR,CSA,17,chr17,6899384,6914055,6899383,6799384,7014055,6799383,100000,+,ENSG00000108839.7,protein_coding,ALOX12,exact_gene_name,GENCODE v19,MATCHED,single_multianalysis_bgzf,s3://pan-ukb-us-east-1/sumstats_flat_files/continuous-30080-both_sexes-irnt.tsv.bgz,s3://pan-ukb-us-east-1/sumstats_flat_files_tabix/continuous-30080-both_sexes-irnt.tsv.bgz.tbi,s3://pan-ukb-us-east-1/sumstats_flat_files/continuous-30080-both_sexes-irnt.tsv.bgz,s3://pan-ukb-us-east-1/sumstats_flat_files_tabix/continuous-30080-both_sexes-irnt.tsv.bgz.tbi,CSA,TO_VALIDATE_IN_15B2,MATCHED_TRAIT_CATALOG,True,True,True,True,True,
cmp_e1820ad8923e7ad3,gt_88273410ebd1ce63,ALOX12,Pan-UKB,Pan-UKB::continuous|30080|both_sexes||irnt,Platelet count,continuous|30080|both_sexes||irnt,GRCh37,platelet_count,PRIMARY,Direct quantitative readout,Direct quantitative readout,False,True,B,B,0,1,1,1,Thrombocytopenia,EUR,EAS,17,chr17,6899384,6914055,6899383,6799384,7014055,6799383,100000,+,ENSG00000108839.7,protein_coding,ALOX12,exact_gene_name,GENCODE v19,MATCHED,single_multianalysis_bgzf,s3://pan-ukb-us-east-1/sumstats_flat_files/continuous-30080-both_sexes-irnt.tsv.bgz,s3://pan-ukb-us-east-1/sumstats_flat_files_tabix/continuous-30080-both_sexes-irnt.tsv.bgz.tbi,s3://pan-ukb-us-east-1/sumstats_flat_files/continuous-30080-both_sexes-irnt.tsv.bgz,s3://pan-ukb-us-east-1/sumstats_flat_files_tabix/continuous-30080-both_sexes-irnt.tsv.bgz.tbi,EAS,TO_VALIDATE_IN_15B2,MATCHED_TRAIT_CATALOG,True,True,True,True,True,
cmp_9c6ecc4018fa3eec,gt_4463afbdc4dbc11f,FCGRT,Pan-UKB,Pan-UKB::continuous|30080|both_sexes||irnt,Platelet count,continuous|30080|both_sexes||irnt,GRCh37,platelet_count,PRIMARY,Direct quantitative readout,Direct quantitative readout,False,True,B,B,0,1,1,1,Thrombocytopenia,EUR,AFR,19,chr19,50010073,50029590,50010072,49910073,50129590,49910072,100000,+,ENSG00000104870.8,protein_coding,FCGRT,exact_gene_name,GENCODE v19,MATCHED,single_multianalysis_bgzf,s3://pan-ukb-us-east-1/sumstats_flat_files/continuous-30080-both_sexes-irnt.tsv.bgz,s3://pan-ukb-us-east-1/sumstats_flat_files_tabix/continuous-30080-both_sexes-irnt.tsv.bgz.tbi,s3://pan-ukb-us-east-1/sumstats_flat_files/continuous-30080-both_sexes-irnt.tsv.bgz,s3://pan-ukb-us-east-1/sumstats_flat_files_tabix/continuous-30080-both_sexes-irnt.tsv.bgz.tbi,AFR,TO_VALIDATE_IN_15B2,MATCHED_TRAIT_CATALOG,True,True,True,True,True,
cmp_4f56d484694e8ea1,gt_4463afbdc4dbc11f,FCGRT,Pan-UKB,Pan-UKB::continuous|30080|both_sexes||irnt,Platelet count,continuous|30080|both_sexes||irnt,GRCh37,platelet_count,PRIMARY,Direct quantitative readout,Direct quantitative readout,False,True,B,B,0,1,1,1,Thrombocytopenia,EUR,CSA,19,chr19,50010073,50029590,50010072,49910073,50129590,49910072,100000,+,ENSG00000104870.8,protein_coding,FCGRT,exact_gene_name,GENCODE v19,MATCHED,single_multianalysis_bgzf,s3://pan-ukb-us-east-1/sumstats_flat_files/continuous-30080-both_sexes-irnt.tsv.bgz,s3://pan-ukb-us-east-1/sumstats_flat_files_tabix/continuous-30080-both_sexes-irnt.tsv.bgz.tbi,s3://pan-ukb-us-east-1/sumstats_flat_files/continuous-30080-both_sexes-irnt.tsv.bgz,s3://pan-ukb-us-east-1/sumstats_flat_files_tabix/continuous-30080-both_sexes-irnt.tsv.bgz.tbi,CSA,TO_VALIDATE_IN_15B2,MATCHED_TRAIT_CATALOG,True,True,True,True,True,
cmp_fa41e21272bf4085,gt_4463afbdc4dbc11f,FCGRT,Pan-UKB,Pan-UKB::continuous|30080|both_sexes||irnt,Platelet count,continuous|30080|both_sexes||irnt,GRCh37,platelet_count,PRIMARY,Direct quantitative readout,Direct quantitative readout,False,True,B,B,0,1,1,1,Thrombocytopenia,EUR,EAS,19,chr19,50010073,50029590,50010072,49910073,50129590,49910072,100000,+,ENSG00000104870.8,protein_coding,FCGRT,exact_gene_name,GENCODE v19,MATCHED,single_multianalysis_bgzf,s3://pan-ukb-us-east-1/sumstats_flat_files/continuous-30080-both_sexes-irnt.tsv.bgz,s3://pan-ukb-us-east-1/sumstats_flat_files_tabix/continuous-30080-both_sexes-irnt.tsv.bgz.tbi,s3://pan-ukb-us-east-1/sumstats_flat_files/continuous-30080-both_sexes-irnt.tsv.bgz,s3://pan-ukb-us-east-1/sumstats_flat_files_tabix/continuous-30080-both_sexes-irnt.tsv.bgz.tbi,EAS,TO_VALIDATE_IN_15B2,MATCHED_TRAIT_CATALOG,True,True,True,True,True,
cmp_ca7864c98988cae0,gt_7e1d4c422ada3030,FLT3,Pan-UKB,Pan-UKB::continuous|30080|both_sexes||irnt,Platelet count,continuous|30080|both_sexes||irnt,GRCh37,platelet_count,PRIMARY,Direct quantitative readout,Direct quantitative readout,False,True,A,A,2,0,2,2,Thrombocytopenia || Thrombocytosis,EUR,AFR,13,chr13,28577411,28674729,28577410,28477411,28774729,28477410,100000,-,ENSG00000122025.10,protein_coding,FLT3,exact_gene_name,GENCODE v19,MATCHED,single_multianalysis_bgzf,s3://pan-ukb-us-east-1/sumstats_flat_files/continuous-30080-both_sexes-irnt.tsv.bgz,s3://pan-ukb-us-east-1/sumstats_flat_files_tabix/continuous-30080-both_sexes-irnt.tsv.bgz.tbi,s3://pan-ukb-us-east-1/sumstats_flat_files/continuous-30080-both_sexes-irnt.tsv.bgz,s3://pan-ukb-us-east-1/sumstats_flat_files_tabix/continuous-30080-both_sexes-irnt.tsv.bgz.tbi,AFR,TO_VALIDATE_IN_15B2,MATCHED_TRAIT_CATALOG,True,True,True,True,True,
cmp_baa318157ff3ca63,gt_7e1d4c422ada3030,FLT3,Pan-UKB,Pan-UKB::continuous|30080|both_sexes||irnt,Platelet count,continuous|30080|both_sexes||irnt,GRCh37,platelet_count,PRIMARY,Direct quantitative readout,Direct quantitative readout,False,True,A,A,2,0,2,2,Thrombocytopenia || Thrombocytosis,EUR,CSA,13,chr13,28577411,28674729,28577410,28477411,28774729,28477410,100000,-,ENSG00000122025.10,protein_coding,FLT3,exact_gene_name,GENCODE v19,MATCHED,single_multianalysis_bgzf,s3://pan-ukb-us-east-1/sumstats_flat_files/continuous-30080-both_sexes-irnt.tsv.bgz,s3://pan-ukb-us-east-1/sumstats_flat_files_tabix/continuous-30080-both_sexes-irnt.tsv.bgz.tbi,s3://pan-ukb-us-east-1/sumstats_flat_files/continuous-30080-both_sexes-irnt.tsv.bgz,s3://pan-ukb-us-east-1/sumstats_flat_files_tabix/continuous-30080-both_sexes-irnt.tsv.bgz.tbi,CSA,TO_VALIDATE_IN_15B2,MATCHED_TRAIT_CATALOG,True,True,True,True,True,
cmp_3a187d537fd5eaf2,gt_7e1d4c422ada3030,FLT3,Pan-UKB,Pan-UKB::continuous|30080|both_sexes||irnt,Platelet count,continuous|30080|both_sexes||irnt,GRCh37,platelet_count,PRIMARY,Direct quantitative readout,Direct quantitative readout,False,True,A,A,2,0,2,2,Thrombocytopenia || Thrombocytosis,EUR,EAS,13,chr13,28577411,28674729,28577410,28477411,28774729,28477410,100000,-,ENSG00000122025.10,protein_coding,FLT3,exact_gene_name,GENCODE v19,MATCHED,single_multianalysis_bgzf,s3://pan-ukb-us-east-1/sumstats_flat_files/continuous-30080-both_sexes-irnt.tsv.bgz,s3://pan-ukb-us-east-1/sumstats_flat_files_tabix/continuous-30080-both_sexes-irnt.tsv.bgz.tbi,s3://pan-ukb-us-east-1/sumstats_flat_files/continuous-30080-both_sexes-irnt.tsv.bgz,s3://pan-ukb-us-east-1/sumstats_flat_files_tabix/continuous-30080-both_sexes-irnt.tsv.bgz.tbi,EAS,TO_VALIDATE_IN_15B2,MATCHED_TRAIT_CATALOG,True,True,True,True,True,
cmp_41f3b73474196a0b,gt_e5330af70b68c87c,IFNGR1,Pan-UKB,Pan-UKB::continuous|30080|both_sexes||irnt,Platelet count,continuous|30080|both_sexes||irnt,GRCh37,platelet_count,PRIMARY,Direct quantitative readout,Direct quantitative readout,False,True,B,B,0,1,1,1,Thrombocytosis,EUR,AFR,6,chr6,137518621,137540586,137518620,137418621,137640586,137418620,100000,-,ENSG00000027697.8,protein_coding,IFNGR1,exact_gene_name,GENCODE v19,MATCHED,single_multianalysis_bgzf,s3://pan-ukb-us-east-1/sumstats_flat_files/continuous-30080-both_sexes-irnt.tsv.bgz,s3://pan-ukb-us-east-1/sumstats_flat_files_tabix/continuous-30080-both_sexes-irnt.tsv.bgz.tbi,s3://pan-ukb-us-east-1/sumstats_flat_files/continuous-30080-both_sexes-irnt.tsv.bgz,s3://pan-ukb-us-east-1/sumstats_flat_files_tabix/continuous-30080-both_sexes-irnt.tsv.bgz.tbi,AFR,TO_VALIDATE_IN_15B2,MATCHED_TRAIT_CATALOG,True,True,True,True,True,
cmp_11b335555ff5ebe1,gt_e5330af70b68c87c,IFNGR1,Pan-UKB,Pan-UKB::continuous|30080|both_sexes||irnt,Platelet count,continuous|30080|both_sexes||irnt,GRCh37,platelet_count,PRIMARY,Direct quantitative readout,Direct quantitative readout,False,True,B,B,0,1,1,1,Thrombocytosis,EUR,CSA,6,chr6,137518621,137540586,137518620,137418621,137640586,137418620,100000,-,ENSG00000027697.8,protein_coding,IFNGR1,exact_gene_name,GENCODE v19,MATCHED,single_multianalysis_bgzf,s3://pan-ukb-us-east-1/sumstats_flat_files/continuous-30080-both_sexes-irnt.tsv.bgz,s3://pan-ukb-us-east-1/sumstats_flat_files_tabix/continuous-30080-both_sexes-irnt.tsv.bgz.tbi,s3://pan-ukb-us-east-1/sumstats_flat_files/continuous-30080-both_sexes-irnt.tsv.bgz,s3://pan-ukb-us-east-1/sumstats_flat_files_tabix/continuous-30080-both_sexes-irnt.tsv.bgz.tbi,CSA,TO_VALIDATE_IN_15B2,MATCHED_TRAIT_CATALOG,True,True,True,True,True,
cmp_d27be2cfa6a1e60d,gt_e5330af70b68c87c,IFNGR1,Pan-UKB,Pan-UKB::continuous|30080|both_sexes||irnt,Platelet count,continuous|30080|both_sexes||irnt,GRCh37,platelet_count,PRIMARY,Direct quantitative readout,Direct quantitative readout,False,True,B,B,0,1,1,1,Thrombocytosis,EUR,EAS,6,chr6,137518621,137540586,137518620,137418621,137640586,137418620,100000,-,ENSG00000027697.8,protein_coding,IFNGR1,exact_gene_name,GENCODE v19,MATCHED,single_multianalysis_bgzf,s3://pan-ukb-us-east-1/sumstats_flat_files/continuous-30080-both_sexes-irnt.tsv.bgz,s3://pan-ukb-us-east-1/sumstats_flat_files_tabix/continuous-30080-both_sexes-irnt.tsv.bgz.tbi,s3://pan-ukb-us-east-1/sumstats_flat_files/continuous-30080-both_sexes-irnt.tsv.bgz,s3://pan-ukb-us-east-1/sumstats_flat_files_tabix/continuous-30080-both_sexes-irnt.tsv.bgz.tbi,EAS,TO_VALIDATE_IN_15B2,MATCHED_TRAIT_CATALOG,True,True,True,True,True,
cmp_4ef94caf53bd480f,gt_551bca4b69208db4,IL12A,Pan-UKB,Pan-UKB::continuous|30080|both_sexes||irnt,Platelet count,continuous|30080|both_sexes||irnt,GRCh37,platelet_count,PRIMARY,Direct quantitative readout,Direct quantitative readout,False,True,B,B,0,1,1,1,Thrombocytopenia,EUR,AFR,3,chr3,159706537,159713806,159706536,159606537,159813806,159606536,100000,+,ENSG00000168811.2,protein_coding,IL12A,exact_gene_name,GENCODE v19,MATCHED,single_multianalysis_bgzf,s3://pan-ukb-us-east-1/sumstats_flat_files/continuous-30080-both_sexes-irnt.tsv.bgz,s3://pan-ukb-us-east-1/sumstats_flat_files_tabix/continuous-30080-both_sexes-irnt.tsv.bgz.tbi,s3://pan-ukb-us-east-1/sumstats_flat_files/continuous-30080-both_sexes-irnt.tsv.bgz,s3://pan-ukb-us-east-1/sumstats_flat_files_tabix/continuous-30080-both_sexes-irnt.tsv.bgz.tbi,AFR,TO_VALIDATE_IN_15B2,MATCHED_TRAIT_CATALOG,True,True,True,True,True,
cmp_943c5936cbcff26a,gt_551bca4b69208db4,IL12A,Pan-UKB,Pan-UKB::continuous|30080|both_sexes||irnt,Platelet count,continuous|30080|both_sexes||irnt,GRCh37,platelet_count,PRIMARY,Direct quantitative readout,Direct quantitative readout,False,True,B,B,0,1,1,1,Thrombocytopenia,EUR,CSA,3,chr3,159706537,159713806,159706536,159606537,159813806,159606536,100000,+,ENSG00000168811.2,protein_coding,IL12A,exact_gene_name,GENCODE v19,MATCHED,single_multianalysis_bgzf,s3://pan-ukb-us-east-1/sumstats_flat_files/continuous-30080-both_sexes-irnt.tsv.bgz,s3://pan-ukb-us-east-1/sumstats_flat_files_tabix/continuous-30080-both_sexes-irnt.tsv.bgz.tbi,s3://pan-ukb-us-east-1/sumstats_flat_files/continuous-30080-both_sexes-irnt.tsv.bgz,s3://pan-ukb-us-east-1/sumstats_flat_files_tabix/continuous-30080-both_sexes-irnt.tsv.bgz.tbi,CSA,TO_VALIDATE_IN_15B2,MATCHED_TRAIT_CATALOG,True,True,True,True,True,
cmp_029184bacb2e5fd8,gt_551bca4b69208db4,IL12A,Pan-UKB,Pan-UKB::continuous|30080|both_sexes||irnt,Platelet count,continuous|30080|both_sexes||irnt,GRCh37,platelet_count,PRIMARY,Direct quantitative readout,Direct quantitative readout,False,True,B,B,0,1,1,1,Thrombocytopenia,EUR,EAS,3,chr3,159706537,159713806,159706536,159606537,159813806,159606536,100000,+,ENSG00000168811.2,protein_coding,IL12A,exact_gene_name,GENCODE v19,MATCHED,single_multianalysis_bgzf,s3://pan-ukb-us-east-1/sumstats_flat_files/continuous-30080-both_sexes-irnt.tsv.bgz,s3://pan-ukb-us-east-1/sumstats_flat_files_tabix/continuous-30080-both_sexes-irnt.tsv.bgz.tbi,s3://pan-ukb-us-east-1/sumstats_flat_files/continuous-30080-both_sexes-irnt.tsv.bgz,s3://pan-ukb-us-east-1/sumstats_flat_files_tabix/continuous-30080-both_sexes-irnt.tsv.bgz.tbi,EAS,TO_VALIDATE_IN_15B2,MATCHED_TRAIT_CATALOG,True,True,True,True,True,
cmp_face308db9f33a70,gt_3ef75cbdd99b6f07,IL12B,Pan-UKB,Pan-UKB::continuous|30080|both_sexes||irnt,Platelet count,continuous|30080|both_sexes||irnt,GRCh37,platelet_count,PRIMARY,Direct quantitative readout,Direct quantitative readout,False,True,B,B,0,1,1,1,Thrombocytopenia,EUR,AFR,5,chr5,158741791,158757895,158741790,158641791,158857895,158641790,100000,-,ENSG00000113302.4,protein_coding,IL12B,exact_gene_name,GENCODE v19,MATCHED,single_multianalysis_bgzf,s3://pan-ukb-us-east-1/sumstats_flat_files/continuous-30080-both_sexes-irnt.tsv.bgz,s3://pan-ukb-us-east-1/sumstats_flat_files_tabix/continuous-30080-both_sexes-irnt.tsv.bgz.tbi,s3://pan-ukb-us-east-1/sumstats_flat_files/continuous-30080-both_sexes-irnt.tsv.bgz,s3://pan-ukb-us-east-1/sumstats_flat_files_tabix/continuous-30080-both_sexes-irnt.tsv.bgz.tbi,AFR,TO_VALIDATE_IN_15B2,MATCHED_TRAIT_CATALOG,True,True,True,True,True,
cmp_fed358ca805b3c3e,gt_3ef75cbdd99b6f07,IL12B,Pan-UKB,Pan-UKB::continuous|30080|both_sexes||irnt,Platelet count,continuous|30080|both_sexes||irnt,GRCh37,platelet_count,PRIMARY,Direct quantitative readout,Direct quantitative readout,False,True,B,B,0,1,1,1,Thrombocytopenia,EUR,CSA,5,chr5,158741791,158757895,158741790,158641791,158857895,158641790,100000,-,ENSG00000113302.4,protein_coding,IL12B,exact_gene_name,GENCODE v19,MATCHED,single_multianalysis_bgzf,s3://pan-ukb-us-east-1/sumstats_flat_files/continuous-30080-both_sexes-irnt.tsv.bgz,s3://pan-ukb-us-east-1/sumstats_flat_files_tabix/continuous-30080-both_sexes-irnt.tsv.bgz.tbi,s3://pan-ukb-us-east-1/sumstats_flat_files/continuous-30080-both_sexes-irnt.tsv.bgz,s3://pan-ukb-us-east-1/sumstats_flat_files_tabix/continuous-30080-both_sexes-irnt.tsv.bgz.tbi,CSA,TO_VALIDATE_IN_15B2,MATCHED_TRAIT_CATALOG,True,True,True,True,True,
cmp_74eb5925c4626270,gt_3ef75cbdd99b6f07,IL12B,Pan-UKB,Pan-UKB::continuous|30080|both_sexes||irnt,Platelet count,continuous|30080|both_sexes||irnt,GRCh37,platelet_count,PRIMARY,Direct quantitative readout,Direct quantitative readout,False,True,B,B,0,1,1,1,Thrombocytopenia,EUR,EAS,5,chr5,158741791,158757895,158741790,158641791,158857895,158641790,100000,-,ENSG00000113302.4,protein_coding,IL12B,exact_gene_name,GENCODE v19,MATCHED,single_multianalysis_bgzf,s3://pan-ukb-us-east-1/sumstats_flat_files/continuous-30080-both_sexes-irnt.tsv.bgz,s3://pan-ukb-us-east-1/sumstats_flat_files_tabix/continuous-30080-both_sexes-irnt.tsv.bgz.tbi,s3://pan-ukb-us-east-1/sumstats_flat_files/continuous-30080-both_sexes-irnt.tsv.bgz,s3://pan-ukb-us-east-1/sumstats_flat_files_tabix/continuous-30080-both_sexes-irnt.tsv.bgz.tbi,EAS,TO_VALIDATE_IN_15B2,MATCHED_TRAIT_CATALOG,True,True,True,True,True,
cmp_5c6e340a36104708,gt_54755b381baac1e7,JAK1,Pan-UKB,Pan-UKB::continuous|30080|both_sexes||irnt,Platelet count,continuous|30080|both_sexes||irnt,GRCh37,platelet_count,PRIMARY,Direct quantitative readout,Direct quantitative readout,False,True,B,B,0,1,1,1,Thrombocytosis,EUR,AFR,1,chr1,65298912,65432187,65298911,65198912,65532187,65198911,100000,-,ENSG00000162434.7,protein_coding,JAK1,exact_gene_name,GENCODE v19,MATCHED,single_multianalysis_bgzf,s3://pan-ukb-us-east-1/sumstats_flat_files/continuous-30080-both_sexes-irnt.tsv.bgz,s3://pan-ukb-us-east-1/sumstats_flat_files_tabix/continuous-30080-both_sexes-irnt.tsv.bgz.tbi,s3://pan-ukb-us-east-1/sumstats_flat_files/continuous-30080-both_sexes-irnt.tsv.bgz,s3://pan-ukb-us-east-1/sumstats_flat_files_tabix/continuous-30080-both_sexes-irnt.tsv.bgz.tbi,AFR,TO_VALIDATE_IN_15B2,MATCHED_TRAIT_CATALOG,True,True,True,True,True,
cmp_89640011637459ea,gt_54755b381baac1e7,JAK1,Pan-UKB,Pan-UKB::continuous|30080|both_sexes||irnt,Platelet count,continuous|30080|both_sexes||irnt,GRCh37,platelet_count,PRIMARY,Direct quantitative readout,Direct quantitative readout,False,True,B,B,0,1,1,1,Thrombocytosis,EUR,CSA,1,chr1,65298912,65432187,65298911,65198912,65532187,65198911,100000,-,ENSG00000162434.7,protein_coding,JAK1,exact_gene_name,GENCODE v19,MATCHED,single_multianalysis_bgzf,s3://pan-ukb-us-east-1/sumstats_flat_files/continuous-30080-both_sexes-irnt.tsv.bgz,s3://pan-ukb-us-east-1/sumstats_flat_files_tabix/continuous-30080-both_sexes-irnt.tsv.bgz.tbi,s3://pan-ukb-us-east-1/sumstats_flat_files/continuous-30080-both_sexes-irnt.tsv.bgz,s3://pan-ukb-us-east-1/sumstats_flat_files_tabix/continuous-30080-both_sexes-irnt.tsv.bgz.tbi,CSA,TO_VALIDATE_IN_15B2,MATCHED_TRAIT_CATALOG,True,True,True,True,True,
cmp_8c82bdade3034c3e,gt_54755b381baac1e7,JAK1,Pan-UKB,Pan-UKB::continuous|30080|both_sexes||irnt,Platelet count,continuous|30080|both_sexes||irnt,GRCh37,platelet_count,PRIMARY,Direct quantitative readout,Direct quantitative readout,False,True,B,B,0,1,1,1,Thrombocytosis,EUR,EAS,1,chr1,65298912,65432187,65298911,65198912,65532187,65198911,100000,-,ENSG00000162434.7,protein_coding,JAK1,exact_gene_name,GENCODE v19,MATCHED,single_multianalysis_bgzf,s3://pan-ukb-us-east-1/sumstats_flat_files/continuous-30080-both_sexes-irnt.tsv.bgz,s3://pan-ukb-us-east-1/sumstats_flat_files_tabix/continuous-30080-both_sexes-irnt.tsv.bgz.tbi,s3://pan-ukb-us-east-1/sumstats_flat_files/continuous-30080-both_sexes-irnt.tsv.bgz,s3://pan-ukb-us-east-1/sumstats_flat_files_tabix/continuous-30080-both_sexes-irnt.tsv.bgz.tbi,EAS,TO_VALIDATE_IN_15B2,MATCHED_TRAIT_CATALOG,True,True,True,True,True,
cmp_1e9ae074e40e398a,gt_2fdb14cf300437e0,JAK2,Pan-UKB,Pan-UKB::continuous|30080|both_sexes||irnt,Platelet count,continuous|30080|both_sexes||irnt,GRCh37,platelet_count,PRIMARY,Direct quantitative readout,Direct quantitative readout,False,True,A,A,2,0,2,2,Thrombocytopenia || Thrombocytosis,EUR,AFR,9,chr9,4985033,5128183,4985032,4885033,5228183,4885032,100000,+,ENSG00000096968.8,protein_coding,JAK2,exact_gene_name,GENCODE v19,MATCHED,single_multianalysis_bgzf,s3://pan-ukb-us-east-1/sumstats_flat_files/continuous-30080-both_sexes-irnt.tsv.bgz,s3://pan-ukb-us-east-1/sumstats_flat_files_tabix/continuous-30080-both_sexes-irnt.tsv.bgz.tbi,s3://pan-ukb-us-east-1/sumstats_flat_files/continuous-30080-both_sexes-irnt.tsv.bgz,s3://pan-ukb-us-east-1/sumstats_flat_files_tabix/continuous-30080-both_sexes-irnt.tsv.bgz.tbi,AFR,TO_VALIDATE_IN_15B2,MATCHED_TRAIT_CATALOG,True,True,True,True,True,
cmp_d8eb00402944028b,gt_2fdb14cf300437e0,JAK2,Pan-UKB,Pan-UKB::continuous|30080|both_sexes||irnt,Platelet count,continuous|30080|both_sexes||irnt,GRCh37,platelet_count,PRIMARY,Direct quantitative readout,Direct quantitative readout,False,True,A,A,2,0,2,2,Thrombocytopenia || Thrombocytosis,EUR,CSA,9,chr9,4985033,5128183,4985032,4885033,5228183,4885032,100000,+,ENSG00000096968.8,protein_coding,JAK2,exact_gene_name,GENCODE v19,MATCHED,single_multianalysis_bgzf,s3://pan-ukb-us-east-1/sumstats_flat_files/continuous-30080-both_sexes-irnt.tsv.bgz,s3://pan-ukb-us-east-1/sumstats_flat_files_tabix/continuous-30080-both_sexes-irnt.tsv.bgz.tbi,s3://pan-ukb-us-east-1/sumstats_flat_files/continuous-30080-both_sexes-irnt.tsv.bgz,s3://pan-ukb-us-east-1/sumstats_flat_files_tabix/continuous-30080-both_sexes-irnt.tsv.bgz.tbi,CSA,TO_VALIDATE_IN_15B2,MATCHED_TRAIT_CATALOG,True,True,True,True,True,
cmp_5b2b67e88398e55b,gt_2fdb14cf300437e0,JAK2,Pan-UKB,Pan-UKB::continuous|30080|both_sexes||irnt,Platelet count,continuous|30080|both_sexes||irnt,GRCh37,platelet_count,PRIMARY,Direct quantitative readout,Direct quantitative readout,False,True,A,A,2,0,2,2,Thrombocytopenia || Thrombocytosis,EUR,EAS,9,chr9,4985033,5128183,4985032,4885033,5228183,4885032,100000,+,ENSG00000096968.8,protein_coding,JAK2,exact_gene_name,GENCODE v19,MATCHED,single_multianalysis_bgzf,s3://pan-ukb-us-east-1/sumstats_flat_files/continuous-30080-both_sexes-irnt.tsv.bgz,s3://pan-ukb-us-east-1/sumstats_flat_files_tabix/continuous-30080-both_sexes-irnt.tsv.bgz.tbi,s3://pan-ukb-us-east-1/sumstats_flat_files/continuous-30080-both_sexes-irnt.tsv.bgz,s3://pan-ukb-us-east-1/sumstats_flat_files_tabix/continuous-30080-both_sexes-irnt.tsv.bgz.tbi,EAS,TO_VALIDATE_IN_15B2,MATCHED_TRAIT_CATALOG,True,True,True,True,True,
cmp_e9eaa046575337b9,gt_3e77fef73aae3ddd,KDM1A,Pan-UKB,Pan-UKB::continuous|30080|both_sexes||irnt,Platelet count,continuous|30080|both_sexes||irnt,GRCh37,platelet_count,PRIMARY,Direct quantitative readout,Direct quantitative readout,False,True,B,B,0,1,1,1,Thrombocytosis,EUR,AFR,1,chr1,23345941,23410182,23345940,23245941,23510182,23245940,100000,+,ENSG00000004487.11,protein_coding,KDM1A,exact_gene_name,GENCODE v19,MATCHED,single_multianalysis_bgzf,s3://pan-ukb-us-east-1/sumstats_flat_files/continuous-30080-both_sexes-irnt.tsv.bgz,s3://pan-ukb-us-east-1/sumstats_flat_files_tabix/continuous-30080-both_sexes-irnt.tsv.bgz.tbi,s3://pan-ukb-us-east-1/sumstats_flat_files/continuous-30080-both_sexes-irnt.tsv.bgz,s3://pan-ukb-us-east-1/sumstats_flat_files_tabix/continuous-30080-both_sexes-irnt.tsv.bgz.tbi,AFR,TO_VALIDATE_IN_15B2,MATCHED_TRAIT_CATALOG,True,True,True,True,True,
cmp_0dc5f2945c2f21d1,gt_3e77fef73aae3ddd,KDM1A,Pan-UKB,Pan-UKB::continuous|30080|both_sexes||irnt,Platelet count,continuous|30080|both_sexes||irnt,GRCh37,platelet_count,PRIMARY,Direct quantitative readout,Direct quantitative readout,False,True,B,B,0,1,1,1,Thrombocytosis,EUR,CSA,1,chr1,23345941,23410182,23345940,23245941,23510182,23245940,100000,+,ENSG00000004487.11,protein_coding,KDM1A,exact_gene_name,GENCODE v19,MATCHED,single_multianalysis_bgzf,s3://pan-ukb-us-east-1/sumstats_flat_files/continuous-30080-both_sexes-irnt.tsv.bgz,s3://pan-ukb-us-east-1/sumstats_flat_files_tabix/continuous-30080-both_sexes-irnt.tsv.bgz.tbi,s3://pan-ukb-us-east-1/sumstats_flat_files/continuous-30080-both_sexes-irnt.tsv.bgz,s3://pan-ukb-us-east-1/sumstats_flat_files_tabix/continuous-30080-both_sexes-irnt.tsv.bgz.tbi,CSA,TO_VALIDATE_IN_15B2,MATCHED_TRAIT_CATALOG,True,True,True,True,True,
cmp_8a0ec5e7ce7ddb07,gt_3e77fef73aae3ddd,KDM1A,Pan-UKB,Pan-UKB::continuous|30080|both_sexes||irnt,Platelet count,continuous|30080|both_sexes||irnt,GRCh37,platelet_count,PRIMARY,Direct quantitative readout,Direct quantitative readout,False,True,B,B,0,1,1,1,Thrombocytosis,EUR,EAS,1,chr1,23345941,23410182,23345940,23245941,23510182,23245940,100000,+,ENSG00000004487.11,protein_coding,KDM1A,exact_gene_name,GENCODE v19,MATCHED,single_multianalysis_bgzf,s3://pan-ukb-us-east-1/sumstats_flat_files/continuous-30080-both_sexes-irnt.tsv.bgz,s3://pan-ukb-us-east-1/sumstats_flat_files_tabix/continuous-30080-both_sexes-irnt.tsv.bgz.tbi,s3://pan-ukb-us-east-1/sumstats_flat_files/continuous-30080-both_sexes-irnt.tsv.bgz,s3://pan-ukb-us-east-1/sumstats_flat_files_tabix/continuous-30080-both_sexes-irnt.tsv.bgz.tbi,EAS,TO_VALIDATE_IN_15B2,MATCHED_TRAIT_CATALOG,True,True,True,True,True,
cmp_18bf92731dcbbcc8,gt_15ac10d89616dccb,KIT,Pan-UKB,Pan-UKB::continuous|30080|both_sexes||irnt,Platelet count,continuous|30080|both_sexes||irnt,GRCh37,platelet_count,PRIMARY,Direct quantitative readout,Direct quantitative readout,False,True,A,A,1,0,1,1,Thrombocytopenia,EUR,AFR,4,chr4,55524085,55606881,55524084,55424085,55706881,55424084,100000,+,ENSG00000157404.11,protein_coding,KIT,exact_gene_name,GENCODE v19,MATCHED,single_multianalysis_bgzf,s3://pan-ukb-us-east-1/sumstats_flat_files/continuous-30080-both_sexes-irnt.tsv.bgz,s3://pan-ukb-us-east-1/sumstats_flat_files_tabix/continuous-30080-both_sexes-irnt.tsv.bgz.tbi,s3://pan-ukb-us-east-1/sumstats_flat_files/continuous-30080-both_sexes-irnt.tsv.bgz,s3://pan-ukb-us-east-1/sumstats_flat_files_tabix/continuous-30080-both_sexes-irnt.tsv.bgz.tbi,AFR,TO_VALIDATE_IN_15B2,MATCHED_TRAIT_CATALOG,True,True,True,True,True,
cmp_c5c6a942ebb59e4f,gt_15ac10d89616dccb,KIT,Pan-UKB,Pan-UKB::continuous|30080|both_sexes||irnt,Platelet count,continuous|30080|both_sexes||irnt,GRCh37,platelet_count,PRIMARY,Direct quantitative readout,Direct quantitative readout,False,True,A,A,1,0,1,1,Thrombocytopenia,EUR,CSA,4,chr4,55524085,55606881,55524084,55424085,55706881,55424084,100000,+,ENSG00000157404.11,protein_coding,KIT,exact_gene_name,GENCODE v19,MATCHED,single_multianalysis_bgzf,s3://pan-ukb-us-east-1/sumstats_flat_files/continuous-30080-both_sexes-irnt.tsv.bgz,s3://pan-ukb-us-east-1/sumstats_flat_files_tabix/continuous-30080-both_sexes-irnt.tsv.bgz.tbi,s3://pan-ukb-us-east-1/sumstats_flat_files/continuous-30080-both_sexes-irnt.tsv.bgz,s3://pan-ukb-us-east-1/sumstats_flat_files_tabix/continuous-30080-both_sexes-irnt.tsv.bgz.tbi,CSA,TO_VALIDATE_IN_15B2,MATCHED_TRAIT_CATALOG,True,True,True,True,True,
cmp_7aaa0a05bd83fbed,gt_15ac10d89616dccb,KIT,Pan-UKB,Pan-UKB::continuous|30080|both_sexes||irnt,Platelet count,continuous|30080|both_sexes||irnt,GRCh37,platelet_count,PRIMARY,Direct quantitative readout,Direct quantitative readout,False,True,A,A,1,0,1,1,Thrombocytopenia,EUR,EAS,4,chr4,55524085,55606881,55524084,55424085,55706881,55424084,100000,+,ENSG00000157404.11,protein_coding,KIT,exact_gene_name,GENCODE v19,MATCHED,single_multianalysis_bgzf,s3://pan-ukb-us-east-1/sumstats_flat_files/continuous-30080-both_sexes-irnt.tsv.bgz,s3://pan-ukb-us-east-1/sumstats_flat_files_tabix/continuous-30080-both_sexes-irnt.tsv.bgz.tbi,s3://pan-ukb-us-east-1/sumstats_flat_files/continuous-30080-both_sexes-irnt.tsv.bgz,s3://pan-ukb-us-east-1/sumstats_flat_files_tabix/continuous-30080-both_sexes-irnt.tsv.bgz.tbi,EAS,TO_VALIDATE_IN_15B2,MATCHED_TRAIT_CATALOG,True,True,True,True,True,
cmp_bfc01b90f4d8df7f,gt_c1c146b54614cb80,MPL,Pan-UKB,Pan-UKB::continuous|30080|both_sexes||irnt,Platelet count,continuous|30080|both_sexes||irnt,GRCh37,platelet_count,PRIMARY,Direct quantitative readout,Direct quantitative readout,False,True,A,A,1,0,1,1,Thrombocytopenia,EUR,AFR,1,chr1,43803478,43818443,43803477,43703478,43918443,43703477,100000,+,ENSG00000117400.10,protein_coding,MPL,exact_gene_name,GENCODE v19,MATCHED,single_multianalysis_bgzf,s3://pan-ukb-us-east-1/sumstats_flat_files/continuous-30080-both_sexes-irnt.tsv.bgz,s3://pan-ukb-us-east-1/sumstats_flat_files_tabix/continuous-30080-both_sexes-irnt.tsv.bgz.tbi,s3://pan-ukb-us-east-1/sumstats_flat_files/continuous-30080-both_sexes-irnt.tsv.bgz,s3://pan-ukb-us-east-1/sumstats_flat_files_tabix/continuous-30080-both_sexes-irnt.tsv.bgz.tbi,AFR,TO_VALIDATE_IN_15B2,MATCHED_TRAIT_CATALOG,True,True,True,True,True,
cmp_8a08e1bad7c62995,gt_c1c146b54614cb80,MPL,Pan-UKB,Pan-UKB::continuous|30080|both_sexes||irnt,Platelet count,continuous|30080|both_sexes||irnt,GRCh37,platelet_count,PRIMARY,Direct quantitative readout,Direct quantitative readout,False,True,A,A,1,0,1,1,Thrombocytopenia,EUR,CSA,1,chr1,43803478,43818443,43803477,43703478,43918443,43703477,100000,+,ENSG00000117400.10,protein_coding,MPL,exact_gene_name,GENCODE v19,MATCHED,single_multianalysis_bgzf,s3://pan-ukb-us-east-1/sumstats_flat_files/continuous-30080-both_sexes-irnt.tsv.bgz,s3://pan-ukb-us-east-1/sumstats_flat_files_tabix/continuous-30080-both_sexes-irnt.tsv.bgz.tbi,s3://pan-ukb-us-east-1/sumstats_flat_files/continuous-30080-both_sexes-irnt.tsv.bgz,s3://pan-ukb-us-east-1/sumstats_flat_files_tabix/continuous-30080-both_sexes-irnt.tsv.bgz.tbi,CSA,TO_VALIDATE_IN_15B2,MATCHED_TRAIT_CATALOG,True,True,True,True,True,
cmp_c813a3a2004fb6bd,gt_c1c146b54614cb80,MPL,Pan-UKB,Pan-UKB::continuous|30080|both_sexes||irnt,Platelet count,continuous|30080|both_sexes||irnt,GRCh37,platelet_count,PRIMARY,Direct quantitative readout,Direct quantitative readout,False,True,A,A,1,0,1,1,Thrombocytopenia,EUR,EAS,1,chr1,43803478,43818443,43803477,43703478,43918443,43703477,100000,+,ENSG00000117400.10,protein_coding,MPL,exact_gene_name,GENCODE v19,MATCHED,single_multianalysis_bgzf,s3://pan-ukb-us-east-1/sumstats_flat_files/continuous-30080-both_sexes-irnt.tsv.bgz,s3://pan-ukb-us-east-1/sumstats_flat_files_tabix/continuous-30080-both_sexes-irnt.tsv.bgz.tbi,s3://pan-ukb-us-east-1/sumstats_flat_files/continuous-30080-both_sexes-irnt.tsv.bgz,s3://pan-ukb-us-east-1/sumstats_flat_files_tabix/continuous-30080-both_sexes-irnt.tsv.bgz.tbi,EAS,TO_VALIDATE_IN_15B2,MATCHED_TRAIT_CATALOG,True,True,True,True,True,
cmp_480d6daf54baee46,gt_d1d00e9dc71a2499,PIK3CA,Pan-UKB,Pan-UKB::continuous|30080|both_sexes||irnt,Platelet count,continuous|30080|both_sexes||irnt,GRCh37,platelet_count,PRIMARY,Direct quantitative readout,Direct quantitative readout,False,True,B,B,0,1,1,1,Thrombocytosis,EUR,AFR,3,chr3,178865902,178957881,178865901,178765902,179057881,178765901,100000,+,ENSG00000121879.3,protein_coding,PIK3CA,exact_gene_name,GENCODE v19,MATCHED,single_multianalysis_bgzf,s3://pan-ukb-us-east-1/sumstats_flat_files/continuous-30080-both_sexes-irnt.tsv.bgz,s3://pan-ukb-us-east-1/sumstats_flat_files_tabix/continuous-30080-both_sexes-irnt.tsv.bgz.tbi,s3://pan-ukb-us-east-1/sumstats_flat_files/continuous-30080-both_sexes-irnt.tsv.bgz,s3://pan-ukb-us-east-1/sumstats_flat_files_tabix/continuous-30080-both_sexes-irnt.tsv.bgz.tbi,AFR,TO_VALIDATE_IN_15B2,MATCHED_TRAIT_CATALOG,True,True,True,True,True,
cmp_090a8b2e128e603c,gt_d1d00e9dc71a2499,PIK3CA,Pan-UKB,Pan-UKB::continuous|30080|both_sexes||irnt,Platelet count,continuous|30080|both_sexes||irnt,GRCh37,platelet_count,PRIMARY,Direct quantitative readout,Direct quantitative readout,False,True,B,B,0,1,1,1,Thrombocytosis,EUR,CSA,3,chr3,178865902,178957881,178865901,178765902,179057881,178765901,100000,+,ENSG00000121879.3,protein_coding,PIK3CA,exact_gene_name,GENCODE v19,MATCHED,single_multianalysis_bgzf,s3://pan-ukb-us-east-1/sumstats_flat_files/continuous-30080-both_sexes-irnt.tsv.bgz,s3://pan-ukb-us-east-1/sumstats_flat_files_tabix/continuous-30080-both_sexes-irnt.tsv.bgz.tbi,s3://pan-ukb-us-east-1/sumstats_flat_files/continuous-30080-both_sexes-irnt.tsv.bgz,s3://pan-ukb-us-east-1/sumstats_flat_files_tabix/continuous-30080-both_sexes-irnt.tsv.bgz.tbi,CSA,TO_VALIDATE_IN_15B2,MATCHED_TRAIT_CATALOG,True,True,True,True,True,
cmp_fe5114e73f9be5e8,gt_d1d00e9dc71a2499,PIK3CA,Pan-UKB,Pan-UKB::continuous|30080|both_sexes||irnt,Platelet count,continuous|30080|both_sexes||irnt,GRCh37,platelet_count,PRIMARY,Direct quantitative readout,Direct quantitative readout,False,True,B,B,0,1,1,1,Thrombocytosis,EUR,EAS,3,chr3,178865902,178957881,178865901,178765902,179057881,178765901,100000,+,ENSG00000121879.3,protein_coding,PIK3CA,exact_gene_name,GENCODE v19,MATCHED,single_multianalysis_bgzf,s3://pan-ukb-us-east-1/sumstats_flat_files/continuous-30080-both_sexes-irnt.tsv.bgz,s3://pan-ukb-us-east-1/sumstats_flat_files_tabix/continuous-30080-both_sexes-irnt.tsv.bgz.tbi,s3://pan-ukb-us-east-1/sumstats_flat_files/continuous-30080-both_sexes-irnt.tsv.bgz,s3://pan-ukb-us-east-1/sumstats_flat_files_tabix/continuous-30080-both_sexes-irnt.tsv.bgz.tbi,EAS,TO_VALIDATE_IN_15B2,MATCHED_TRAIT_CATALOG,True,True,True,True,True,
cmp_d145e0dbaa19ce1a,gt_50240b5be2101e2e,PIK3CB,Pan-UKB,Pan-UKB::continuous|30080|both_sexes||irnt,Platelet count,continuous|30080|both_sexes||irnt,GRCh37,platelet_count,PRIMARY,Direct quantitative readout,Direct quantitative readout,False,True,B,B,0,1,1,1,Thrombocytosis,EUR,AFR,3,chr3,138372860,138553780,138372859,138272860,138653780,138272859,100000,-,ENSG00000051382.4,protein_coding,PIK3CB,exact_gene_name,GENCODE v19,MATCHED,single_multianalysis_bgzf,s3://pan-ukb-us-east-1/sumstats_flat_files/continuous-30080-both_sexes-irnt.tsv.bgz,s3://pan-ukb-us-east-1/sumstats_flat_files_tabix/continuous-30080-both_sexes-irnt.tsv.bgz.tbi,s3://pan-ukb-us-east-1/sumstats_flat_files/continuous-30080-both_sexes-irnt.tsv.bgz,s3://pan-ukb-us-east-1/sumstats_flat_files_tabix/continuous-30080-both_sexes-irnt.tsv.bgz.tbi,AFR,TO_VALIDATE_IN_15B2,MATCHED_TRAIT_CATALOG,True,True,True,True,True,
cmp_79511392eb1a415a,gt_50240b5be2101e2e,PIK3CB,Pan-UKB,Pan-UKB::continuous|30080|both_sexes||irnt,Platelet count,continuous|30080|both_sexes||irnt,GRCh37,platelet_count,PRIMARY,Direct quantitative readout,Direct quantitative readout,False,True,B,B,0,1,1,1,Thrombocytosis,EUR,CSA,3,chr3,138372860,138553780,138372859,138272860,138653780,138272859,100000,-,ENSG00000051382.4,protein_coding,PIK3CB,exact_gene_name,GENCODE v19,MATCHED,single_multianalysis_bgzf,s3://pan-ukb-us-east-1/sumstats_flat_files/continuous-30080-both_sexes-irnt.tsv.bgz,s3://pan-ukb-us-east-1/sumstats_flat_files_tabix/continuous-30080-both_sexes-irnt.tsv.bgz.tbi,s3://pan-ukb-us-east-1/sumstats_flat_files/continuous-30080-both_sexes-irnt.tsv.bgz,s3://pan-ukb-us-east-1/sumstats_flat_files_tabix/continuous-30080-both_sexes-irnt.tsv.bgz.tbi,CSA,TO_VALIDATE_IN_15B2,MATCHED_TRAIT_CATALOG,True,True,True,True,True,
cmp_4f5997f4be833364,gt_50240b5be2101e2e,PIK3CB,Pan-UKB,Pan-UKB::continuous|30080|both_sexes||irnt,Platelet count,continuous|30080|both_sexes||irnt,GRCh37,platelet_count,PRIMARY,Direct quantitative readout,Direct quantitative readout,False,True,B,B,0,1,1,1,Thrombocytosis,EUR,EAS,3,chr3,138372860,138553780,138372859,138272860,138653780,138272859,100000,-,ENSG00000051382.4,protein_coding,PIK3CB,exact_gene_name,GENCODE v19,MATCHED,single_multianalysis_bgzf,s3://pan-ukb-us-east-1/sumstats_flat_files/continuous-30080-both_sexes-irnt.tsv.bgz,s3://pan-ukb-us-east-1/sumstats_flat_files_tabix/continuous-30080-both_sexes-irnt.tsv.bgz.tbi,s3://pan-ukb-us-east-1/sumstats_flat_files/continuous-30080-both_sexes-irnt.tsv.bgz,s3://pan-ukb-us-east-1/sumstats_flat_files_tabix/continuous-30080-both_sexes-irnt.tsv.bgz.tbi,EAS,TO_VALIDATE_IN_15B2,MATCHED_TRAIT_CATALOG,True,True,True,True,True,
cmp_a5cb7edcd0684533,gt_c3ed739628d10066,PIK3CD,Pan-UKB,Pan-UKB::continuous|30080|both_sexes||irnt,Platelet count,continuous|30080|both_sexes||irnt,GRCh37,platelet_count,PRIMARY,Direct quantitative readout,Direct quantitative readout,False,True,B,B,0,1,1,1,Thrombocytosis,EUR,AFR,1,chr1,9711790,9789172,9711789,9611790,9889172,9611789,100000,+,ENSG00000171608.11,protein_coding,PIK3CD,exact_gene_name,GENCODE v19,MATCHED,single_multianalysis_bgzf,s3://pan-ukb-us-east-1/sumstats_flat_files/continuous-30080-both_sexes-irnt.tsv.bgz,s3://pan-ukb-us-east-1/sumstats_flat_files_tabix/continuous-30080-both_sexes-irnt.tsv.bgz.tbi,s3://pan-ukb-us-east-1/sumstats_flat_files/continuous-30080-both_sexes-irnt.tsv.bgz,s3://pan-ukb-us-east-1/sumstats_flat_files_tabix/continuous-30080-both_sexes-irnt.tsv.bgz.tbi,AFR,TO_VALIDATE_IN_15B2,MATCHED_TRAIT_CATALOG,True,True,True,True,True,
cmp_a3b3cff5a232fecb,gt_c3ed739628d10066,PIK3CD,Pan-UKB,Pan-UKB::continuous|30080|both_sexes||irnt,Platelet count,continuous|30080|both_sexes||irnt,GRCh37,platelet_count,PRIMARY,Direct quantitative readout,Direct quantitative readout,False,True,B,B,0,1,1,1,Thrombocytosis,EUR,CSA,1,chr1,9711790,9789172,9711789,9611790,9889172,9611789,100000,+,ENSG00000171608.11,protein_coding,PIK3CD,exact_gene_name,GENCODE v19,MATCHED,single_multianalysis_bgzf,s3://pan-ukb-us-east-1/sumstats_flat_files/continuous-30080-both_sexes-irnt.tsv.bgz,s3://pan-ukb-us-east-1/sumstats_flat_files_tabix/continuous-30080-both_sexes-irnt.tsv.bgz.tbi,s3://pan-ukb-us-east-1/sumstats_flat_files/continuous-30080-both_sexes-irnt.tsv.bgz,s3://pan-ukb-us-east-1/sumstats_flat_files_tabix/continuous-30080-both_sexes-irnt.tsv.bgz.tbi,CSA,TO_VALIDATE_IN_15B2,MATCHED_TRAIT_CATALOG,True,True,True,True,True,
cmp_02071f60be29f45b,gt_c3ed739628d10066,PIK3CD,Pan-UKB,Pan-UKB::continuous|30080|both_sexes||irnt,Platelet count,continuous|30080|both_sexes||irnt,GRCh37,platelet_count,PRIMARY,Direct quantitative readout,Direct quantitative readout,False,True,B,B,0,1,1,1,Thrombocytosis,EUR,EAS,1,chr1,9711790,9789172,9711789,9611790,9889172,9611789,100000,+,ENSG00000171608.11,protein_coding,PIK3CD,exact_gene_name,GENCODE v19,MATCHED,single_multianalysis_bgzf,s3://pan-ukb-us-east-1/sumstats_flat_files/continuous-30080-both_sexes-irnt.tsv.bgz,s3://pan-ukb-us-east-1/sumstats_flat_files_tabix/continuous-30080-both_sexes-irnt.tsv.bgz.tbi,s3://pan-ukb-us-east-1/sumstats_flat_files/continuous-30080-both_sexes-irnt.tsv.bgz,s3://pan-ukb-us-east-1/sumstats_flat_files_tabix/continuous-30080-both_sexes-irnt.tsv.bgz.tbi,EAS,TO_VALIDATE_IN_15B2,MATCHED_TRAIT_CATALOG,True,True,True,True,True,
cmp_7906543c413eaa09,gt_2b861b21b2545ae4,PIK3CG,Pan-UKB,Pan-UKB::continuous|30080|both_sexes||irnt,Platelet count,continuous|30080|both_sexes||irnt,GRCh37,platelet_count,PRIMARY,Direct quantitative readout,Direct quantitative readout,False,True,B,B,0,1,1,1,Thrombocytosis,EUR,AFR,7,chr7,106505723,106547590,106505722,106405723,106647590,106405722,100000,+,ENSG00000105851.6,protein_coding,PIK3CG,exact_gene_name,GENCODE v19,MATCHED,single_multianalysis_bgzf,s3://pan-ukb-us-east-1/sumstats_flat_files/continuous-30080-both_sexes-irnt.tsv.bgz,s3://pan-ukb-us-east-1/sumstats_flat_files_tabix/continuous-30080-both_sexes-irnt.tsv.bgz.tbi,s3://pan-ukb-us-east-1/sumstats_flat_files/continuous-30080-both_sexes-irnt.tsv.bgz,s3://pan-ukb-us-east-1/sumstats_flat_files_tabix/continuous-30080-both_sexes-irnt.tsv.bgz.tbi,AFR,TO_VALIDATE_IN_15B2,MATCHED_TRAIT_CATALOG,True,True,True,True,True,
cmp_65b9e21f9ee56f62,gt_2b861b21b2545ae4,PIK3CG,Pan-UKB,Pan-UKB::continuous|30080|both_sexes||irnt,Platelet count,continuous|30080|both_sexes||irnt,GRCh37,platelet_count,PRIMARY,Direct quantitative readout,Direct quantitative readout,False,True,B,B,0,1,1,1,Thrombocytosis,EUR,CSA,7,chr7,106505723,106547590,106505722,106405723,106647590,106405722,100000,+,ENSG00000105851.6,protein_coding,PIK3CG,exact_gene_name,GENCODE v19,MATCHED,single_multianalysis_bgzf,s3://pan-ukb-us-east-1/sumstats_flat_files/continuous-30080-both_sexes-irnt.tsv.bgz,s3://pan-ukb-us-east-1/sumstats_flat_files_tabix/continuous-30080-both_sexes-irnt.tsv.bgz.tbi,s3://pan-ukb-us-east-1/sumstats_flat_files/continuous-30080-both_sexes-irnt.tsv.bgz,s3://pan-ukb-us-east-1/sumstats_flat_files_tabix/continuous-30080-both_sexes-irnt.tsv.bgz.tbi,CSA,TO_VALIDATE_IN_15B2,MATCHED_TRAIT_CATALOG,True,True,True,True,True,
cmp_4aa64332dd92c267,gt_2b861b21b2545ae4,PIK3CG,Pan-UKB,Pan-UKB::continuous|30080|both_sexes||irnt,Platelet count,continuous|30080|both_sexes||irnt,GRCh37,platelet_count,PRIMARY,Direct quantitative readout,Direct quantitative readout,False,True,B,B,0,1,1,1,Thrombocytosis,EUR,EAS,7,chr7,106505723,106547590,106505722,106405723,106647590,106405722,100000,+,ENSG00000105851.6,protein_coding,PIK3CG,exact_gene_name,GENCODE v19,MATCHED,single_multianalysis_bgzf,s3://pan-ukb-us-east-1/sumstats_flat_files/continuous-30080-both_sexes-irnt.tsv.bgz,s3://pan-ukb-us-east-1/sumstats_flat_files_tabix/continuous-30080-both_sexes-irnt.tsv.bgz.tbi,s3://pan-ukb-us-east-1/sumstats_flat_files/continuous-30080-both_sexes-irnt.tsv.bgz,s3://pan-ukb-us-east-1/sumstats_flat_files_tabix/continuous-30080-both_sexes-irnt.tsv.bgz.tbi,EAS,TO_VALIDATE_IN_15B2,MATCHED_TRAIT_CATALOG,True,True,True,True,True,
cmp_88c6906de1ea612c,gt_5a525d6a0e697a02,THPO,Pan-UKB,Pan-UKB::continuous|30080|both_sexes||irnt,Platelet count,continuous|30080|both_sexes||irnt,GRCh37,platelet_count,PRIMARY,Direct quantitative readout,Direct quantitative readout,False,True,B,B,0,2,2,2,Thrombocytopenia || Thrombocytosis,EUR,AFR,3,chr3,184089723,184095932,184089722,183989723,184195932,183989722,100000,-,ENSG00000090534.13,protein_coding,THPO,exact_gene_name,GENCODE v19,MATCHED,single_multianalysis_bgzf,s3://pan-ukb-us-east-1/sumstats_flat_files/continuous-30080-both_sexes-irnt.tsv.bgz,s3://pan-ukb-us-east-1/sumstats_flat_files_tabix/continuous-30080-both_sexes-irnt.tsv.bgz.tbi,s3://pan-ukb-us-east-1/sumstats_flat_files/continuous-30080-both_sexes-irnt.tsv.bgz,s3://pan-ukb-us-east-1/sumstats_flat_files_tabix/continuous-30080-both_sexes-irnt.tsv.bgz.tbi,AFR,TO_VALIDATE_IN_15B2,MATCHED_TRAIT_CATALOG,True,True,True,True,True,
cmp_00943344950234cb,gt_5a525d6a0e697a02,THPO,Pan-UKB,Pan-UKB::continuous|30080|both_sexes||irnt,Platelet count,continuous|30080|both_sexes||irnt,GRCh37,platelet_count,PRIMARY,Direct quantitative readout,Direct quantitative readout,False,True,B,B,0,2,2,2,Thrombocytopenia || Thrombocytosis,EUR,CSA,3,chr3,184089723,184095932,184089722,183989723,184195932,183989722,100000,-,ENSG00000090534.13,protein_coding,THPO,exact_gene_name,GENCODE v19,MATCHED,single_multianalysis_bgzf,s3://pan-ukb-us-east-1/sumstats_flat_files/continuous-30080-both_sexes-irnt.tsv.bgz,s3://pan-ukb-us-east-1/sumstats_flat_files_tabix/continuous-30080-both_sexes-irnt.tsv.bgz.tbi,s3://pan-ukb-us-east-1/sumstats_flat_files/continuous-30080-both_sexes-irnt.tsv.bgz,s3://pan-ukb-us-east-1/sumstats_flat_files_tabix/continuous-30080-both_sexes-irnt.tsv.bgz.tbi,CSA,TO_VALIDATE_IN_15B2,MATCHED_TRAIT_CATALOG,True,True,True,True,True,
cmp_753051b5ab931966,gt_5a525d6a0e697a02,THPO,Pan-UKB,Pan-UKB::continuous|30080|both_sexes||irnt,Platelet count,continuous|30080|both_sexes||irnt,GRCh37,platelet_count,PRIMARY,Direct quantitative readout,Direct quantitative readout,False,True,B,B,0,2,2,2,Thrombocytopenia || Thrombocytosis,EUR,EAS,3,chr3,184089723,184095932,184089722,183989723,184195932,183989722,100000,-,ENSG00000090534.13,protein_coding,THPO,exact_gene_name,GENCODE v19,MATCHED,single_multianalysis_bgzf,s3://pan-ukb-us-east-1/sumstats_flat_files/continuous-30080-both_sexes-irnt.tsv.bgz,s3://pan-ukb-us-east-1/sumstats_flat_files_tabix/continuous-30080-both_sexes-irnt.tsv.bgz.tbi,s3://pan-ukb-us-east-1/sumstats_flat_files/continuous-30080-both_sexes-irnt.tsv.bgz,s3://pan-ukb-us-east-1/sumstats_flat_files_tabix/continuous-30080-both_sexes-irnt.tsv.bgz.tbi,EAS,TO_VALIDATE_IN_15B2,MATCHED_TRAIT_CATALOG,True,True,True,True,True,
cmp_672e4bb04d1de71c,gt_935c33c43285e1f1,ACE,Pan-UKB,Pan-UKB::continuous|4080|both_sexes||irnt,"Systolic blood pressure, automated reading",continuous|4080|both_sexes||irnt,GRCh37,systolic_blood_pressure,PRIMARY,Direct quantitative readout,Direct quantitative readout,False,True,A,A,1,0,1,1,Hypertension,EUR,CSA,17,chr17,61554422,61599209,61554421,61454422,61699209,61454421,100000,+,ENSG00000159640.10 || ENSG00000264813.1,protein_coding,ACE,exact_gene_name,GENCODE v19,MATCHED,single_multianalysis_bgzf,s3://pan-ukb-us-east-1/sumstats_flat_files/continuous-4080-both_sexes-irnt.tsv.bgz,s3://pan-ukb-us-east-1/sumstats_flat_files_tabix/continuous-4080-both_sexes-irnt.tsv.bgz.tbi,s3://pan-ukb-us-east-1/sumstats_flat_files/continuous-4080-both_sexes-irnt.tsv.bgz,s3://pan-ukb-us-east-1/sumstats_flat_files_tabix/continuous-4080-both_sexes-irnt.tsv.bgz.tbi,CSA,TO_VALIDATE_IN_15B2,MATCHED_TRAIT_CATALOG,True,True,True,True,True,
cmp_e1a94c377813c6b6,gt_935c33c43285e1f1,ACE,Pan-UKB,Pan-UKB::continuous|4080|both_sexes||irnt,"Systolic blood pressure, automated reading",continuous|4080|both_sexes||irnt,GRCh37,systolic_blood_pressure,PRIMARY,Direct quantitative readout,Direct quantitative readout,False,True,A,A,1,0,1,1,Hypertension,EUR,EAS,17,chr17,61554422,61599209,61554421,61454422,61699209,61454421,100000,+,ENSG00000159640.10 || ENSG00000264813.1,protein_coding,ACE,exact_gene_name,GENCODE v19,MATCHED,single_multianalysis_bgzf,s3://pan-ukb-us-east-1/sumstats_flat_files/continuous-4080-both_sexes-irnt.tsv.bgz,s3://pan-ukb-us-east-1/sumstats_flat_files_tabix/continuous-4080-both_sexes-irnt.tsv.bgz.tbi,s3://pan-ukb-us-east-1/sumstats_flat_files/continuous-4080-both_sexes-irnt.tsv.bgz,s3://pan-ukb-us-east-1/sumstats_flat_files_tabix/continuous-4080-both_sexes-irnt.tsv.bgz.tbi,EAS,TO_VALIDATE_IN_15B2,MATCHED_TRAIT_CATALOG,True,True,True,True,True,
cmp_9abb59e1c1e89c9f,gt_778e5c879251c610,ADRA1A,Pan-UKB,Pan-UKB::continuous|4080|both_sexes||irnt,"Systolic blood pressure, automated reading",continuous|4080|both_sexes||irnt,GRCh37,systolic_blood_pressure,PRIMARY,Direct quantitative readout,Direct quantitative readout,False,True,B,B,0,1,1,1,Hypertension,EUR,CSA,8,chr8,26605667,26724790,26605666,26505667,26824790,26505666,100000,-,ENSG00000120907.13,protein_coding,ADRA1A,exact_gene_name,GENCODE v19,MATCHED,single_multianalysis_bgzf,s3://pan-ukb-us-east-1/sumstats_flat_files/continuous-4080-both_sexes-irnt.tsv.bgz,s3://pan-ukb-us-east-1/sumstats_flat_files_tabix/continuous-4080-both_sexes-irnt.tsv.bgz.tbi,s3://pan-ukb-us-east-1/sumstats_flat_files/continuous-4080-both_sexes-irnt.tsv.bgz,s3://pan-ukb-us-east-1/sumstats_flat_files_tabix/continuous-4080-both_sexes-irnt.tsv.bgz.tbi,CSA,TO_VALIDATE_IN_15B2,MATCHED_TRAIT_CATALOG,True,True,True,True,True,
cmp_075b376d729cbbdc,gt_778e5c879251c610,ADRA1A,Pan-UKB,Pan-UKB::continuous|4080|both_sexes||irnt,"Systolic blood pressure, automated reading",continuous|4080|both_sexes||irnt,GRCh37,systolic_blood_pressure,PRIMARY,Direct quantitative readout,Direct quantitative readout,False,True,B,B,0,1,1,1,Hypertension,EUR,EAS,8,chr8,26605667,26724790,26605666,26505667,26824790,26505666,100000,-,ENSG00000120907.13,protein_coding,ADRA1A,exact_gene_name,GENCODE v19,MATCHED,single_multianalysis_bgzf,s3://pan-ukb-us-east-1/sumstats_flat_files/continuous-4080-both_sexes-irnt.tsv.bgz,s3://pan-ukb-us-east-1/sumstats_flat_files_tabix/continuous-4080-both_sexes-irnt.tsv.bgz.tbi,s3://pan-ukb-us-east-1/sumstats_flat_files/continuous-4080-both_sexes-irnt.tsv.bgz,s3://pan-ukb-us-east-1/sumstats_flat_files_tabix/continuous-4080-both_sexes-irnt.tsv.bgz.tbi,EAS,TO_VALIDATE_IN_15B2,MATCHED_TRAIT_CATALOG,True,True,True,True,True,
cmp_c83e9c2788ccbbba,gt_80dcf53b73f82abf,ADRA2B,Pan-UKB,Pan-UKB::continuous|4080|both_sexes||irnt,"Systolic blood pressure, automated reading",continuous|4080|both_sexes||irnt,GRCh37,systolic_blood_pressure,PRIMARY,Direct quantitative readout,Direct quantitative readout,False,True,A,A,1,0,1,1,Hypertension,EUR,CSA,2,chr2,96778707,96781984,96778706,96678707,96881984,96678706,100000,-,ENSG00000222040.3,protein_coding,ADRA2B,exact_gene_name,GENCODE v19,MATCHED,single_multianalysis_bgzf,s3://pan-ukb-us-east-1/sumstats_flat_files/continuous-4080-both_sexes-irnt.tsv.bgz,s3://pan-ukb-us-east-1/sumstats_flat_files_tabix/continuous-4080-both_sexes-irnt.tsv.bgz.tbi,s3://pan-ukb-us-east-1/sumstats_flat_files/continuous-4080-both_sexes-irnt.tsv.bgz,s3://pan-ukb-us-east-1/sumstats_flat_files_tabix/continuous-4080-both_sexes-irnt.tsv.bgz.tbi,CSA,TO_VALIDATE_IN_15B2,MATCHED_TRAIT_CATALOG,True,True,True,True,True,
cmp_ea007349ac369a60,gt_80dcf53b73f82abf,ADRA2B,Pan-UKB,Pan-UKB::continuous|4080|both_sexes||irnt,"Systolic blood pressure, automated reading",continuous|4080|both_sexes||irnt,GRCh37,systolic_blood_pressure,PRIMARY,Direct quantitative readout,Direct quantitative readout,False,True,A,A,1,0,1,1,Hypertension,EUR,EAS,2,chr2,96778707,96781984,96778706,96678707,96881984,96678706,100000,-,ENSG00000222040.3,protein_coding,ADRA2B,exact_gene_name,GENCODE v19,MATCHED,single_multianalysis_bgzf,s3://pan-ukb-us-east-1/sumstats_flat_files/continuous-4080-both_sexes-irnt.tsv.bgz,s3://pan-ukb-us-east-1/sumstats_flat_files_tabix/continuous-4080-both_sexes-irnt.tsv.bgz.tbi,s3://pan-ukb-us-east-1/sumstats_flat_files/continuous-4080-both_sexes-irnt.tsv.bgz,s3://pan-ukb-us-east-1/sumstats_flat_files_tabix/continuous-4080-both_sexes-irnt.tsv.bgz.tbi,EAS,TO_VALIDATE_IN_15B2,MATCHED_TRAIT_CATALOG,True,True,True,True,True,
cmp_9ebe2620a7a5ddcd,gt_34ebd8dbd9566ac9,ADRA2C,Pan-UKB,Pan-UKB::continuous|4080|both_sexes||irnt,"Systolic blood pressure, automated reading",continuous|4080|both_sexes||irnt,GRCh37,systolic_blood_pressure,PRIMARY,Direct quantitative readout,Direct quantitative readout,False,True,A,A,1,0,1,1,Hypertension,EUR,CSA,4,chr4,3768075,3770251,3768074,3668075,3870251,3668074,100000,+,ENSG00000184160.6,protein_coding,ADRA2C,exact_gene_name,GENCODE v19,MATCHED,single_multianalysis_bgzf,s3://pan-ukb-us-east-1/sumstats_flat_files/continuous-4080-both_sexes-irnt.tsv.bgz,s3://pan-ukb-us-east-1/sumstats_flat_files_tabix/continuous-4080-both_sexes-irnt.tsv.bgz.tbi,s3://pan-ukb-us-east-1/sumstats_flat_files/continuous-4080-both_sexes-irnt.tsv.bgz,s3://pan-ukb-us-east-1/sumstats_flat_files_tabix/continuous-4080-both_sexes-irnt.tsv.bgz.tbi,CSA,TO_VALIDATE_IN_15B2,MATCHED_TRAIT_CATALOG,True,True,True,True,True,
cmp_b505091a89419c69,gt_34ebd8dbd9566ac9,ADRA2C,Pan-UKB,Pan-UKB::continuous|4080|both_sexes||irnt,"Systolic blood pressure, automated reading",continuous|4080|both_sexes||irnt,GRCh37,systolic_blood_pressure,PRIMARY,Direct quantitative readout,Direct quantitative readout,False,True,A,A,1,0,1,1,Hypertension,EUR,EAS,4,chr4,3768075,3770251,3768074,3668075,3870251,3668074,100000,+,ENSG00000184160.6,protein_coding,ADRA2C,exact_gene_name,GENCODE v19,MATCHED,single_multianalysis_bgzf,s3://pan-ukb-us-east-1/sumstats_flat_files/continuous-4080-both_sexes-irnt.tsv.bgz,s3://pan-ukb-us-east-1/sumstats_flat_files_tabix/continuous-4080-both_sexes-irnt.tsv.bgz.tbi,s3://pan-ukb-us-east-1/sumstats_flat_files/continuous-4080-both_sexes-irnt.tsv.bgz,s3://pan-ukb-us-east-1/sumstats_flat_files_tabix/continuous-4080-both_sexes-irnt.tsv.bgz.tbi,EAS,TO_VALIDATE_IN_15B2,MATCHED_TRAIT_CATALOG,True,True,True,True,True,
cmp_09103f39122355d4,gt_bc3d66c41e611627,ADRB1,Pan-UKB,Pan-UKB::continuous|4080|both_sexes||irnt,"Systolic blood pressure, automated reading",continuous|4080|both_sexes||irnt,GRCh37,systolic_blood_pressure,PRIMARY,Direct quantitative readout,Direct quantitative readout,False,True,A,A,1,0,1,1,Hypertension,EUR,CSA,10,chr10,115803806,115806667,115803805,115703806,115906667,115703805,100000,+,ENSG00000043591.4,protein_coding,ADRB1,exact_gene_name,GENCODE v19,MATCHED,single_multianalysis_bgzf,s3://pan-ukb-us-east-1/sumstats_flat_files/continuous-4080-both_sexes-irnt.tsv.bgz,s3://pan-ukb-us-east-1/sumstats_flat_files_tabix/continuous-4080-both_sexes-irnt.tsv.bgz.tbi,s3://pan-ukb-us-east-1/sumstats_flat_files/continuous-4080-both_sexes-irnt.tsv.bgz,s3://pan-ukb-us-east-1/sumstats_flat_files_tabix/continuous-4080-both_sexes-irnt.tsv.bgz.tbi,CSA,TO_VALIDATE_IN_15B2,MATCHED_TRAIT_CATALOG,True,True,True,True,True,
cmp_85dc45cb0e4ef696,gt_bc3d66c41e611627,ADRB1,Pan-UKB,Pan-UKB::continuous|4080|both_sexes||irnt,"Systolic blood pressure, automated reading",continuous|4080|both_sexes||irnt,GRCh37,systolic_blood_pressure,PRIMARY,Direct quantitative readout,Direct quantitative readout,False,True,A,A,1,0,1,1,Hypertension,EUR,EAS,10,chr10,115803806,115806667,115803805,115703806,115906667,115703805,100000,+,ENSG00000043591.4,protein_coding,ADRB1,exact_gene_name,GENCODE v19,MATCHED,single_multianalysis_bgzf,s3://pan-ukb-us-east-1/sumstats_flat_files/continuous-4080-both_sexes-irnt.tsv.bgz,s3://pan-ukb-us-east-1/sumstats_flat_files_tabix/continuous-4080-both_sexes-irnt.tsv.bgz.tbi,s3://pan-ukb-us-east-1/sumstats_flat_files/continuous-4080-both_sexes-irnt.tsv.bgz,s3://pan-ukb-us-east-1/sumstats_flat_files_tabix/continuous-4080-both_sexes-irnt.tsv.bgz.tbi,EAS,TO_VALIDATE_IN_15B2,MATCHED_TRAIT_CATALOG,True,True,True,True,True,
cmp_25209c8791e72f54,gt_dd51df2eca6324d1,ADRB2,Pan-UKB,Pan-UKB::continuous|4080|both_sexes||irnt,"Systolic blood pressure, automated reading",continuous|4080|both_sexes||irnt,GRCh37,systolic_blood_pressure,PRIMARY,Direct quantitative readout,Direct quantitative readout,False,True,A,A,1,0,1,1,Hypertension,EUR,CSA,5,chr5,148206156,148208196,148206155,148106156,148308196,148106155,100000,+,ENSG00000169252.4,protein_coding,ADRB2,exact_gene_name,GENCODE v19,MATCHED,single_multianalysis_bgzf,s3://pan-ukb-us-east-1/sumstats_flat_files/continuous-4080-both_sexes-irnt.tsv.bgz,s3://pan-ukb-us-east-1/sumstats_flat_files_tabix/continuous-4080-both_sexes-irnt.tsv.bgz.tbi,s3://pan-ukb-us-east-1/sumstats_flat_files/continuous-4080-both_sexes-irnt.tsv.bgz,s3://pan-ukb-us-east-1/sumstats_flat_files_tabix/continuous-4080-both_sexes-irnt.tsv.bgz.tbi,CSA,TO_VALIDATE_IN_15B2,MATCHED_TRAIT_CATALOG,True,True,True,True,True,
cmp_56f6aed3310d1b39,gt_dd51df2eca6324d1,ADRB2,Pan-UKB,Pan-UKB::continuous|4080|both_sexes||irnt,"Systolic blood pressure, automated reading",continuous|4080|both_sexes||irnt,GRCh37,systolic_blood_pressure,PRIMARY,Direct quantitative readout,Direct quantitative readout,False,True,A,A,1,0,1,1,Hypertension,EUR,EAS,5,chr5,148206156,148208196,148206155,148106156,148308196,148106155,100000,+,ENSG00000169252.4,protein_coding,ADRB2,exact_gene_name,GENCODE v19,MATCHED,single_multianalysis_bgzf,s3://pan-ukb-us-east-1/sumstats_flat_files/continuous-4080-both_sexes-irnt.tsv.bgz,s3://pan-ukb-us-east-1/sumstats_flat_files_tabix/continuous-4080-both_sexes-irnt.tsv.bgz.tbi,s3://pan-ukb-us-east-1/sumstats_flat_files/continuous-4080-both_sexes-irnt.tsv.bgz,s3://pan-ukb-us-east-1/sumstats_flat_files_tabix/continuous-4080-both_sexes-irnt.tsv.bgz.tbi,EAS,TO_VALIDATE_IN_15B2,MATCHED_TRAIT_CATALOG,True,True,True,True,True,
cmp_a71751d3a9a8568a,gt_61f02eac2207e85d,AGT,Pan-UKB,Pan-UKB::continuous|4080|both_sexes||irnt,"Systolic blood pressure, automated reading",continuous|4080|both_sexes||irnt,GRCh37,systolic_blood_pressure,PRIMARY,Direct quantitative readout,Direct quantitative readout,False,True,A,A,1,0,1,1,Hypertension,EUR,CSA,1,chr1,230838269,230850043,230838268,230738269,230950043,230738268,100000,-,ENSG00000135744.7,protein_coding,AGT,exact_gene_name,GENCODE v19,MATCHED,single_multianalysis_bgzf,s3://pan-ukb-us-east-1/sumstats_flat_files/continuous-4080-both_sexes-irnt.tsv.bgz,s3://pan-ukb-us-east-1/sumstats_flat_files_tabix/continuous-4080-both_sexes-irnt.tsv.bgz.tbi,s3://pan-ukb-us-east-1/sumstats_flat_files/continuous-4080-both_sexes-irnt.tsv.bgz,s3://pan-ukb-us-east-1/sumstats_flat_files_tabix/continuous-4080-both_sexes-irnt.tsv.bgz.tbi,CSA,TO_VALIDATE_IN_15B2,MATCHED_TRAIT_CATALOG,True,True,True,True,True,
cmp_7e1bb91784daf874,gt_61f02eac2207e85d,AGT,Pan-UKB,Pan-UKB::continuous|4080|both_sexes||irnt,"Systolic blood pressure, automated reading",continuous|4080|both_sexes||irnt,GRCh37,systolic_blood_pressure,PRIMARY,Direct quantitative readout,Direct quantitative readout,False,True,A,A,1,0,1,1,Hypertension,EUR,EAS,1,chr1,230838269,230850043,230838268,230738269,230950043,230738268,100000,-,ENSG00000135744.7,protein_coding,AGT,exact_gene_name,GENCODE v19,MATCHED,single_multianalysis_bgzf,s3://pan-ukb-us-east-1/sumstats_flat_files/continuous-4080-both_sexes-irnt.tsv.bgz,s3://pan-ukb-us-east-1/sumstats_flat_files_tabix/continuous-4080-both_sexes-irnt.tsv.bgz.tbi,s3://pan-ukb-us-east-1/sumstats_flat_files/continuous-4080-both_sexes-irnt.tsv.bgz,s3://pan-ukb-us-east-1/sumstats_flat_files_tabix/continuous-4080-both_sexes-irnt.tsv.bgz.tbi,EAS,TO_VALIDATE_IN_15B2,MATCHED_TRAIT_CATALOG,True,True,True,True,True,
cmp_a73ebd971255b53d,gt_7713a7fc071de19e,CACNA1C,Pan-UKB,Pan-UKB::continuous|4080|both_sexes||irnt,"Systolic blood pressure, automated reading",continuous|4080|both_sexes||irnt,GRCh37,systolic_blood_pressure,PRIMARY,Direct quantitative readout,Direct quantitative readout,False,True,A,A,1,0,1,1,Hypertension,EUR,CSA,12,chr12,2079952,2802108,2079951,1979952,2902108,1979951,100000,+,ENSG00000151067.16,protein_coding,CACNA1C,exact_gene_name,GENCODE v19,MATCHED,single_multianalysis_bgzf,s3://pan-ukb-us-east-1/sumstats_flat_files/continuous-4080-both_sexes-irnt.tsv.bgz,s3://pan-ukb-us-east-1/sumstats_flat_files_tabix/continuous-4080-both_sexes-irnt.tsv.bgz.tbi,s3://pan-ukb-us-east-1/sumstats_flat_files/continuous-4080-both_sexes-irnt.tsv.bgz,s3://pan-ukb-us-east-1/sumstats_flat_files_tabix/continuous-4080-both_sexes-irnt.tsv.bgz.tbi,CSA,TO_VALIDATE_IN_15B2,MATCHED_TRAIT_CATALOG,True,True,True,True,True,
cmp_0b8353e0ef24feca,gt_7713a7fc071de19e,CACNA1C,Pan-UKB,Pan-UKB::continuous|4080|both_sexes||irnt,"Systolic blood pressure, automated reading",continuous|4080|both_sexes||irnt,GRCh37,systolic_blood_pressure,PRIMARY,Direct quantitative readout,Direct quantitative readout,False,True,A,A,1,0,1,1,Hypertension,EUR,EAS,12,chr12,2079952,2802108,2079951,1979952,2902108,1979951,100000,+,ENSG00000151067.16,protein_coding,CACNA1C,exact_gene_name,GENCODE v19,MATCHED,single_multianalysis_bgzf,s3://pan-ukb-us-east-1/sumstats_flat_files/continuous-4080-both_sexes-irnt.tsv.bgz,s3://pan-ukb-us-east-1/sumstats_flat_files_tabix/continuous-4080-both_sexes-irnt.tsv.bgz.tbi,s3://pan-ukb-us-east-1/sumstats_flat_files/continuous-4080-both_sexes-irnt.tsv.bgz,s3://pan-ukb-us-east-1/sumstats_flat_files_tabix/continuous-4080-both_sexes-irnt.tsv.bgz.tbi,EAS,TO_VALIDATE_IN_15B2,MATCHED_TRAIT_CATALOG,True,True,True,True,True,
cmp_be14aa1d87690f1d,gt_13201a039725c0a0,CHRNB4,Pan-UKB,Pan-UKB::continuous|4080|both_sexes||irnt,"Systolic blood pressure, automated reading",continuous|4080|both_sexes||irnt,GRCh37,systolic_blood_pressure,PRIMARY,Direct quantitative readout,Direct quantitative readout,False,True,B,B,0,1,1,1,Hypertension,EUR,CSA,15,chr15,78916461,79020096,78916460,78816461,79120096,78816460,100000,-,ENSG00000117971.7,protein_coding,CHRNB4,exact_gene_name,GENCODE v19,MATCHED,single_multianalysis_bgzf,s3://pan-ukb-us-east-1/sumstats_flat_files/continuous-4080-both_sexes-irnt.tsv.bgz,s3://pan-ukb-us-east-1/sumstats_flat_files_tabix/continuous-4080-both_sexes-irnt.tsv.bgz.tbi,s3://pan-ukb-us-east-1/sumstats_flat_files/continuous-4080-both_sexes-irnt.tsv.bgz,s3://pan-ukb-us-east-1/sumstats_flat_files_tabix/continuous-4080-both_sexes-irnt.tsv.bgz.tbi,CSA,TO_VALIDATE_IN_15B2,MATCHED_TRAIT_CATALOG,True,True,True,True,True,
cmp_b8b0225d1c9890a2,gt_13201a039725c0a0,CHRNB4,Pan-UKB,Pan-UKB::continuous|4080|both_sexes||irnt,"Systolic blood pressure, automated reading",continuous|4080|both_sexes||irnt,GRCh37,systolic_blood_pressure,PRIMARY,Direct quantitative readout,Direct quantitative readout,False,True,B,B,0,1,1,1,Hypertension,EUR,EAS,15,chr15,78916461,79020096,78916460,78816461,79120096,78816460,100000,-,ENSG00000117971.7,protein_coding,CHRNB4,exact_gene_name,GENCODE v19,MATCHED,single_multianalysis_bgzf,s3://pan-ukb-us-east-1/sumstats_flat_files/continuous-4080-both_sexes-irnt.tsv.bgz,s3://pan-ukb-us-east-1/sumstats_flat_files_tabix/continuous-4080-both_sexes-irnt.tsv.bgz.tbi,s3://pan-ukb-us-east-1/sumstats_flat_files/continuous-4080-both_sexes-irnt.tsv.bgz,s3://pan-ukb-us-east-1/sumstats_flat_files_tabix/continuous-4080-both_sexes-irnt.tsv.bgz.tbi,EAS,TO_VALIDATE_IN_15B2,MATCHED_TRAIT_CATALOG,True,True,True,True,True,
cmp_454a04f6c939f398,gt_3c1943ce7336242c,CYP11B1,Pan-UKB,Pan-UKB::continuous|4080|both_sexes||irnt,"Systolic blood pressure, automated reading",continuous|4080|both_sexes||irnt,GRCh37,systolic_blood_pressure,PRIMARY,Direct quantitative readout,Direct quantitative readout,False,True,B,B,0,1,1,1,Hypertension,EUR,CSA,8,chr8,143953772,143961262,143953771,143853772,144061262,143853771,100000,-,ENSG00000160882.7,protein_coding,CYP11B1,exact_gene_name,GENCODE v19,MATCHED,single_multianalysis_bgzf,s3://pan-ukb-us-east-1/sumstats_flat_files/continuous-4080-both_sexes-irnt.tsv.bgz,s3://pan-ukb-us-east-1/sumstats_flat_files_tabix/continuous-4080-both_sexes-irnt.tsv.bgz.tbi,s3://pan-ukb-us-east-1/sumstats_flat_files/continuous-4080-both_sexes-irnt.tsv.bgz,s3://pan-ukb-us-east-1/sumstats_flat_files_tabix/continuous-4080-both_sexes-irnt.tsv.bgz.tbi,CSA,TO_VALIDATE_IN_15B2,MATCHED_TRAIT_CATALOG,True,True,True,True,True,
cmp_d0eae1c3d6328e31,gt_3c1943ce7336242c,CYP11B1,Pan-UKB,Pan-UKB::continuous|4080|both_sexes||irnt,"Systolic blood pressure, automated reading",continuous|4080|both_sexes||irnt,GRCh37,systolic_blood_pressure,PRIMARY,Direct quantitative readout,Direct quantitative readout,False,True,B,B,0,1,1,1,Hypertension,EUR,EAS,8,chr8,143953772,143961262,143953771,143853772,144061262,143853771,100000,-,ENSG00000160882.7,protein_coding,CYP11B1,exact_gene_name,GENCODE v19,MATCHED,single_multianalysis_bgzf,s3://pan-ukb-us-east-1/sumstats_flat_files/continuous-4080-both_sexes-irnt.tsv.bgz,s3://pan-ukb-us-east-1/sumstats_flat_files_tabix/continuous-4080-both_sexes-irnt.tsv.bgz.tbi,s3://pan-ukb-us-east-1/sumstats_flat_files/continuous-4080-both_sexes-irnt.tsv.bgz,s3://pan-ukb-us-east-1/sumstats_flat_files_tabix/continuous-4080-both_sexes-irnt.tsv.bgz.tbi,EAS,TO_VALIDATE_IN_15B2,MATCHED_TRAIT_CATALOG,True,True,True,True,True,
cmp_5d17c0529b2b7df9,gt_3530535fddf90eba,CYP11B2,Pan-UKB,Pan-UKB::continuous|4080|both_sexes||irnt,"Systolic blood pressure, automated reading",continuous|4080|both_sexes||irnt,GRCh37,systolic_blood_pressure,PRIMARY,Direct quantitative readout,Direct quantitative readout,False,True,B,B,0,1,1,1,Hypertension,EUR,CSA,8,chr8,143991975,143999259,143991974,143891975,144099259,143891974,100000,-,ENSG00000179142.2,protein_coding,CYP11B2,exact_gene_name,GENCODE v19,MATCHED,single_multianalysis_bgzf,s3://pan-ukb-us-east-1/sumstats_flat_files/continuous-4080-both_sexes-irnt.tsv.bgz,s3://pan-ukb-us-east-1/sumstats_flat_files_tabix/continuous-4080-both_sexes-irnt.tsv.bgz.tbi,s3://pan-ukb-us-east-1/sumstats_flat_files/continuous-4080-both_sexes-irnt.tsv.bgz,s3://pan-ukb-us-east-1/sumstats_flat_files_tabix/continuous-4080-both_sexes-irnt.tsv.bgz.tbi,CSA,TO_VALIDATE_IN_15B2,MATCHED_TRAIT_CATALOG,True,True,True,True,True,
cmp_29b2c4ab14aed1a5,gt_3530535fddf90eba,CYP11B2,Pan-UKB,Pan-UKB::continuous|4080|both_sexes||irnt,"Systolic blood pressure, automated reading",continuous|4080|both_sexes||irnt,GRCh37,systolic_blood_pressure,PRIMARY,Direct quantitative readout,Direct quantitative readout,False,True,B,B,0,1,1,1,Hypertension,EUR,EAS,8,chr8,143991975,143999259,143991974,143891975,144099259,143891974,100000,-,ENSG00000179142.2,protein_coding,CYP11B2,exact_gene_name,GENCODE v19,MATCHED,single_multianalysis_bgzf,s3://pan-ukb-us-east-1/sumstats_flat_files/continuous-4080-both_sexes-irnt.tsv.bgz,s3://pan-ukb-us-east-1/sumstats_flat_files_tabix/continuous-4080-both_sexes-irnt.tsv.bgz.tbi,s3://pan-ukb-us-east-1/sumstats_flat_files/continuous-4080-both_sexes-irnt.tsv.bgz,s3://pan-ukb-us-east-1/sumstats_flat_files_tabix/continuous-4080-both_sexes-irnt.tsv.bgz.tbi,EAS,TO_VALIDATE_IN_15B2,MATCHED_TRAIT_CATALOG,True,True,True,True,True,
cmp_c3d72cc117775048,gt_6afbe24c58790493,EDNRA,Pan-UKB,Pan-UKB::continuous|4080|both_sexes||irnt,"Systolic blood pressure, automated reading",continuous|4080|both_sexes||irnt,GRCh37,systolic_blood_pressure,PRIMARY,Direct quantitative readout,Direct quantitative readout,False,True,B,B,0,1,1,1,Hypertension,EUR,CSA,4,chr4,148402069,148466106,148402068,148302069,148566106,148302068,100000,+,ENSG00000151617.11,protein_coding,EDNRA,exact_gene_name,GENCODE v19,MATCHED,single_multianalysis_bgzf,s3://pan-ukb-us-east-1/sumstats_flat_files/continuous-4080-both_sexes-irnt.tsv.bgz,s3://pan-ukb-us-east-1/sumstats_flat_files_tabix/continuous-4080-both_sexes-irnt.tsv.bgz.tbi,s3://pan-ukb-us-east-1/sumstats_flat_files/continuous-4080-both_sexes-irnt.tsv.bgz,s3://pan-ukb-us-east-1/sumstats_flat_files_tabix/continuous-4080-both_sexes-irnt.tsv.bgz.tbi,CSA,TO_VALIDATE_IN_15B2,MATCHED_TRAIT_CATALOG,True,True,True,True,True,
cmp_8287430549ba3f6f,gt_6afbe24c58790493,EDNRA,Pan-UKB,Pan-UKB::continuous|4080|both_sexes||irnt,"Systolic blood pressure, automated reading",continuous|4080|both_sexes||irnt,GRCh37,systolic_blood_pressure,PRIMARY,Direct quantitative readout,Direct quantitative readout,False,True,B,B,0,1,1,1,Hypertension,EUR,EAS,4,chr4,148402069,148466106,148402068,148302069,148566106,148302068,100000,+,ENSG00000151617.11,protein_coding,EDNRA,exact_gene_name,GENCODE v19,MATCHED,single_multianalysis_bgzf,s3://pan-ukb-us-east-1/sumstats_flat_files/continuous-4080-both_sexes-irnt.tsv.bgz,s3://pan-ukb-us-east-1/sumstats_flat_files_tabix/continuous-4080-both_sexes-irnt.tsv.bgz.tbi,s3://pan-ukb-us-east-1/sumstats_flat_files/continuous-4080-both_sexes-irnt.tsv.bgz,s3://pan-ukb-us-east-1/sumstats_flat_files_tabix/continuous-4080-both_sexes-irnt.tsv.bgz.tbi,EAS,TO_VALIDATE_IN_15B2,MATCHED_TRAIT_CATALOG,True,True,True,True,True,
cmp_78733159446ee1c5,gt_43ad728cfa624725,MME,Pan-UKB,Pan-UKB::continuous|4080|both_sexes||irnt,"Systolic blood pressure, automated reading",continuous|4080|both_sexes||irnt,GRCh37,systolic_blood_pressure,PRIMARY,Direct quantitative readout,Direct quantitative readout,False,True,B,B,0,1,1,1,Hypertension,EUR,CSA,3,chr3,154741913,154901497,154741912,154641913,155001497,154641912,100000,+,ENSG00000196549.6,protein_coding,MME,exact_gene_name,GENCODE v19,MATCHED,single_multianalysis_bgzf,s3://pan-ukb-us-east-1/sumstats_flat_files/continuous-4080-both_sexes-irnt.tsv.bgz,s3://pan-ukb-us-east-1/sumstats_flat_files_tabix/continuous-4080-both_sexes-irnt.tsv.bgz.tbi,s3://pan-ukb-us-east-1/sumstats_flat_files/continuous-4080-both_sexes-irnt.tsv.bgz,s3://pan-ukb-us-east-1/sumstats_flat_files_tabix/continuous-4080-both_sexes-irnt.tsv.bgz.tbi,CSA,TO_VALIDATE_IN_15B2,MATCHED_TRAIT_CATALOG,True,True,True,True,True,
cmp_aeab0c904bc9969c,gt_43ad728cfa624725,MME,Pan-UKB,Pan-UKB::continuous|4080|both_sexes||irnt,"Systolic blood pressure, automated reading",continuous|4080|both_sexes||irnt,GRCh37,systolic_blood_pressure,PRIMARY,Direct quantitative readout,Direct quantitative readout,False,True,B,B,0,1,1,1,Hypertension,EUR,EAS,3,chr3,154741913,154901497,154741912,154641913,155001497,154641912,100000,+,ENSG00000196549.6,protein_coding,MME,exact_gene_name,GENCODE v19,MATCHED,single_multianalysis_bgzf,s3://pan-ukb-us-east-1/sumstats_flat_files/continuous-4080-both_sexes-irnt.tsv.bgz,s3://pan-ukb-us-east-1/sumstats_flat_files_tabix/continuous-4080-both_sexes-irnt.tsv.bgz.tbi,s3://pan-ukb-us-east-1/sumstats_flat_files/continuous-4080-both_sexes-irnt.tsv.bgz,s3://pan-ukb-us-east-1/sumstats_flat_files_tabix/continuous-4080-both_sexes-irnt.tsv.bgz.tbi,EAS,TO_VALIDATE_IN_15B2,MATCHED_TRAIT_CATALOG,True,True,True,True,True,
cmp_8b7c116033df75f8,gt_22ad0384b0265c27,NPR1,Pan-UKB,Pan-UKB::continuous|4080|both_sexes||irnt,"Systolic blood pressure, automated reading",continuous|4080|both_sexes||irnt,GRCh37,systolic_blood_pressure,PRIMARY,Direct quantitative readout,Direct quantitative readout,False,True,B,B,0,1,1,1,Hypertension,EUR,CSA,1,chr1,153651113,153666468,153651112,153551113,153766468,153551112,100000,+,ENSG00000169418.9,protein_coding,NPR1,exact_gene_name,GENCODE v19,MATCHED,single_multianalysis_bgzf,s3://pan-ukb-us-east-1/sumstats_flat_files/continuous-4080-both_sexes-irnt.tsv.bgz,s3://pan-ukb-us-east-1/sumstats_flat_files_tabix/continuous-4080-both_sexes-irnt.tsv.bgz.tbi,s3://pan-ukb-us-east-1/sumstats_flat_files/continuous-4080-both_sexes-irnt.tsv.bgz,s3://pan-ukb-us-east-1/sumstats_flat_files_tabix/continuous-4080-both_sexes-irnt.tsv.bgz.tbi,CSA,TO_VALIDATE_IN_15B2,MATCHED_TRAIT_CATALOG,True,True,True,True,True,
cmp_808eea98958b88ae,gt_22ad0384b0265c27,NPR1,Pan-UKB,Pan-UKB::continuous|4080|both_sexes||irnt,"Systolic blood pressure, automated reading",continuous|4080|both_sexes||irnt,GRCh37,systolic_blood_pressure,PRIMARY,Direct quantitative readout,Direct quantitative readout,False,True,B,B,0,1,1,1,Hypertension,EUR,EAS,1,chr1,153651113,153666468,153651112,153551113,153766468,153551112,100000,+,ENSG00000169418.9,protein_coding,NPR1,exact_gene_name,GENCODE v19,MATCHED,single_multianalysis_bgzf,s3://pan-ukb-us-east-1/sumstats_flat_files/continuous-4080-both_sexes-irnt.tsv.bgz,s3://pan-ukb-us-east-1/sumstats_flat_files_tabix/continuous-4080-both_sexes-irnt.tsv.bgz.tbi,s3://pan-ukb-us-east-1/sumstats_flat_files/continuous-4080-both_sexes-irnt.tsv.bgz,s3://pan-ukb-us-east-1/sumstats_flat_files_tabix/continuous-4080-both_sexes-irnt.tsv.bgz.tbi,EAS,TO_VALIDATE_IN_15B2,MATCHED_TRAIT_CATALOG,True,True,True,True,True,
cmp_d78e3ded7cd1e1cc,gt_76b6b2db2844ebcd,OPRL1,Pan-UKB,Pan-UKB::continuous|4080|both_sexes||irnt,"Systolic blood pressure, automated reading",continuous|4080|both_sexes||irnt,GRCh37,systolic_blood_pressure,PRIMARY,Direct quantitative readout,Direct quantitative readout,False,True,B,B,0,1,1,1,Hypertension,EUR,CSA,20,chr20,62711526,62731996,62711525,62611526,62831996,62611525,100000,+,ENSG00000125510.11,protein_coding,OPRL1,exact_gene_name,GENCODE v19,MATCHED,single_multianalysis_bgzf,s3://pan-ukb-us-east-1/sumstats_flat_files/continuous-4080-both_sexes-irnt.tsv.bgz,s3://pan-ukb-us-east-1/sumstats_flat_files_tabix/continuous-4080-both_sexes-irnt.tsv.bgz.tbi,s3://pan-ukb-us-east-1/sumstats_flat_files/continuous-4080-both_sexes-irnt.tsv.bgz,s3://pan-ukb-us-east-1/sumstats_flat_files_tabix/continuous-4080-both_sexes-irnt.tsv.bgz.tbi,CSA,TO_VALIDATE_IN_15B2,MATCHED_TRAIT_CATALOG,True,True,True,True,True,
cmp_a4a6c8c04a2615d6,gt_76b6b2db2844ebcd,OPRL1,Pan-UKB,Pan-UKB::continuous|4080|both_sexes||irnt,"Systolic blood pressure, automated reading",continuous|4080|both_sexes||irnt,GRCh37,systolic_blood_pressure,PRIMARY,Direct quantitative readout,Direct quantitative readout,False,True,B,B,0,1,1,1,Hypertension,EUR,EAS,20,chr20,62711526,62731996,62711525,62611526,62831996,62611525,100000,+,ENSG00000125510.11,protein_coding,OPRL1,exact_gene_name,GENCODE v19,MATCHED,single_multianalysis_bgzf,s3://pan-ukb-us-east-1/sumstats_flat_files/continuous-4080-both_sexes-irnt.tsv.bgz,s3://pan-ukb-us-east-1/sumstats_flat_files_tabix/continuous-4080-both_sexes-irnt.tsv.bgz.tbi,s3://pan-ukb-us-east-1/sumstats_flat_files/continuous-4080-both_sexes-irnt.tsv.bgz,s3://pan-ukb-us-east-1/sumstats_flat_files_tabix/continuous-4080-both_sexes-irnt.tsv.bgz.tbi,EAS,TO_VALIDATE_IN_15B2,MATCHED_TRAIT_CATALOG,True,True,True,True,True,
cmp_c49e59890b6661ec,gt_314ec6244a757331,PDE5A,Pan-UKB,Pan-UKB::continuous|4080|both_sexes||irnt,"Systolic blood pressure, automated reading",continuous|4080|both_sexes||irnt,GRCh37,systolic_blood_pressure,PRIMARY,Direct quantitative readout,Direct quantitative readout,False,True,B,B,0,1,1,1,Hypertension,EUR,CSA,4,chr4,120415550,120550146,120415549,120315550,120650146,120315549,100000,-,ENSG00000138735.11,protein_coding,PDE5A,exact_gene_name,GENCODE v19,MATCHED,single_multianalysis_bgzf,s3://pan-ukb-us-east-1/sumstats_flat_files/continuous-4080-both_sexes-irnt.tsv.bgz,s3://pan-ukb-us-east-1/sumstats_flat_files_tabix/continuous-4080-both_sexes-irnt.tsv.bgz.tbi,s3://pan-ukb-us-east-1/sumstats_flat_files/continuous-4080-both_sexes-irnt.tsv.bgz,s3://pan-ukb-us-east-1/sumstats_flat_files_tabix/continuous-4080-both_sexes-irnt.tsv.bgz.tbi,CSA,TO_VALIDATE_IN_15B2,MATCHED_TRAIT_CATALOG,True,True,True,True,True,
cmp_8ee817355bbb2bbf,gt_314ec6244a757331,PDE5A,Pan-UKB,Pan-UKB::continuous|4080|both_sexes||irnt,"Systolic blood pressure, automated reading",continuous|4080|both_sexes||irnt,GRCh37,systolic_blood_pressure,PRIMARY,Direct quantitative readout,Direct quantitative readout,False,True,B,B,0,1,1,1,Hypertension,EUR,EAS,4,chr4,120415550,120550146,120415549,120315550,120650146,120315549,100000,-,ENSG00000138735.11,protein_coding,PDE5A,exact_gene_name,GENCODE v19,MATCHED,single_multianalysis_bgzf,s3://pan-ukb-us-east-1/sumstats_flat_files/continuous-4080-both_sexes-irnt.tsv.bgz,s3://pan-ukb-us-east-1/sumstats_flat_files_tabix/continuous-4080-both_sexes-irnt.tsv.bgz.tbi,s3://pan-ukb-us-east-1/sumstats_flat_files/continuous-4080-both_sexes-irnt.tsv.bgz,s3://pan-ukb-us-east-1/sumstats_flat_files_tabix/continuous-4080-both_sexes-irnt.tsv.bgz.tbi,EAS,TO_VALIDATE_IN_15B2,MATCHED_TRAIT_CATALOG,True,True,True,True,True,
cmp_ab04299a68fabf68,gt_b47ca6ecb9b21bb9,REN,Pan-UKB,Pan-UKB::continuous|4080|both_sexes||irnt,"Systolic blood pressure, automated reading",continuous|4080|both_sexes||irnt,GRCh37,systolic_blood_pressure,PRIMARY,Direct quantitative readout,Direct quantitative readout,False,True,A,A,1,0,1,1,Hypertension,EUR,CSA,1,chr1,204123944,204135465,204123943,204023944,204235465,204023943,100000,-,ENSG00000143839.12,protein_coding,REN,exact_gene_name,GENCODE v19,MATCHED,single_multianalysis_bgzf,s3://pan-ukb-us-east-1/sumstats_flat_files/continuous-4080-both_sexes-irnt.tsv.bgz,s3://pan-ukb-us-east-1/sumstats_flat_files_tabix/continuous-4080-both_sexes-irnt.tsv.bgz.tbi,s3://pan-ukb-us-east-1/sumstats_flat_files/continuous-4080-both_sexes-irnt.tsv.bgz,s3://pan-ukb-us-east-1/sumstats_flat_files_tabix/continuous-4080-both_sexes-irnt.tsv.bgz.tbi,CSA,TO_VALIDATE_IN_15B2,MATCHED_TRAIT_CATALOG,True,True,True,True,True,
cmp_e6a4ccbeffb610bc,gt_b47ca6ecb9b21bb9,REN,Pan-UKB,Pan-UKB::continuous|4080|both_sexes||irnt,"Systolic blood pressure, automated reading",continuous|4080|both_sexes||irnt,GRCh37,systolic_blood_pressure,PRIMARY,Direct quantitative readout,Direct quantitative readout,False,True,A,A,1,0,1,1,Hypertension,EUR,EAS,1,chr1,204123944,204135465,204123943,204023944,204235465,204023943,100000,-,ENSG00000143839.12,protein_coding,REN,exact_gene_name,GENCODE v19,MATCHED,single_multianalysis_bgzf,s3://pan-ukb-us-east-1/sumstats_flat_files/continuous-4080-both_sexes-irnt.tsv.bgz,s3://pan-ukb-us-east-1/sumstats_flat_files_tabix/continuous-4080-both_sexes-irnt.tsv.bgz.tbi,s3://pan-ukb-us-east-1/sumstats_flat_files/continuous-4080-both_sexes-irnt.tsv.bgz,s3://pan-ukb-us-east-1/sumstats_flat_files_tabix/continuous-4080-both_sexes-irnt.tsv.bgz.tbi,EAS,TO_VALIDATE_IN_15B2,MATCHED_TRAIT_CATALOG,True,True,True,True,True,
cmp_4a83e585c686b53b,gt_f2aa2535296b990b,SLC12A2,Pan-UKB,Pan-UKB::continuous|4080|both_sexes||irnt,"Systolic blood pressure, automated reading",continuous|4080|both_sexes||irnt,GRCh37,systolic_blood_pressure,PRIMARY,Direct quantitative readout,Direct quantitative readout,False,True,B,B,0,1,1,1,Hypertension,EUR,CSA,5,chr5,127419458,127525380,127419457,127319458,127625380,127319457,100000,+,ENSG00000064651.9,protein_coding,SLC12A2,exact_gene_name,GENCODE v19,MATCHED,single_multianalysis_bgzf,s3://pan-ukb-us-east-1/sumstats_flat_files/continuous-4080-both_sexes-irnt.tsv.bgz,s3://pan-ukb-us-east-1/sumstats_flat_files_tabix/continuous-4080-both_sexes-irnt.tsv.bgz.tbi,s3://pan-ukb-us-east-1/sumstats_flat_files/continuous-4080-both_sexes-irnt.tsv.bgz,s3://pan-ukb-us-east-1/sumstats_flat_files_tabix/continuous-4080-both_sexes-irnt.tsv.bgz.tbi,CSA,TO_VALIDATE_IN_15B2,MATCHED_TRAIT_CATALOG,True,True,True,True,True,
cmp_4748ded11908badf,gt_f2aa2535296b990b,SLC12A2,Pan-UKB,Pan-UKB::continuous|4080|both_sexes||irnt,"Systolic blood pressure, automated reading",continuous|4080|both_sexes||irnt,GRCh37,systolic_blood_pressure,PRIMARY,Direct quantitative readout,Direct quantitative readout,False,True,B,B,0,1,1,1,Hypertension,EUR,EAS,5,chr5,127419458,127525380,127419457,127319458,127625380,127319457,100000,+,ENSG00000064651.9,protein_coding,SLC12A2,exact_gene_name,GENCODE v19,MATCHED,single_multianalysis_bgzf,s3://pan-ukb-us-east-1/sumstats_flat_files/continuous-4080-both_sexes-irnt.tsv.bgz,s3://pan-ukb-us-east-1/sumstats_flat_files_tabix/continuous-4080-both_sexes-irnt.tsv.bgz.tbi,s3://pan-ukb-us-east-1/sumstats_flat_files/continuous-4080-both_sexes-irnt.tsv.bgz,s3://pan-ukb-us-east-1/sumstats_flat_files_tabix/continuous-4080-both_sexes-irnt.tsv.bgz.tbi,EAS,TO_VALIDATE_IN_15B2,MATCHED_TRAIT_CATALOG,True,True,True,True,True,
cmp_a06fa49218dbd2d7,gt_f2d33ec15e3abce2,VDR,Pan-UKB,Pan-UKB::continuous|4080|both_sexes||irnt,"Systolic blood pressure, automated reading",continuous|4080|both_sexes||irnt,GRCh37,systolic_blood_pressure,PRIMARY,Direct quantitative readout,Direct quantitative readout,False,True,B,B,0,1,1,1,Hypertension,EUR,CSA,12,chr12,48235320,48336831,48235319,48135320,48436831,48135319,100000,-,ENSG00000111424.6,protein_coding,VDR,exact_gene_name,GENCODE v19,MATCHED,single_multianalysis_bgzf,s3://pan-ukb-us-east-1/sumstats_flat_files/continuous-4080-both_sexes-irnt.tsv.bgz,s3://pan-ukb-us-east-1/sumstats_flat_files_tabix/continuous-4080-both_sexes-irnt.tsv.bgz.tbi,s3://pan-ukb-us-east-1/sumstats_flat_files/continuous-4080-both_sexes-irnt.tsv.bgz,s3://pan-ukb-us-east-1/sumstats_flat_files_tabix/continuous-4080-both_sexes-irnt.tsv.bgz.tbi,CSA,TO_VALIDATE_IN_15B2,MATCHED_TRAIT_CATALOG,True,True,True,True,True,
cmp_e07d4854fed91dc1,gt_f2d33ec15e3abce2,VDR,Pan-UKB,Pan-UKB::continuous|4080|both_sexes||irnt,"Systolic blood pressure, automated reading",continuous|4080|both_sexes||irnt,GRCh37,systolic_blood_pressure,PRIMARY,Direct quantitative readout,Direct quantitative readout,False,True,B,B,0,1,1,1,Hypertension,EUR,EAS,12,chr12,48235320,48336831,48235319,48135320,48436831,48135319,100000,-,ENSG00000111424.6,protein_coding,VDR,exact_gene_name,GENCODE v19,MATCHED,single_multianalysis_bgzf,s3://pan-ukb-us-east-1/sumstats_flat_files/continuous-4080-both_sexes-irnt.tsv.bgz,s3://pan-ukb-us-east-1/sumstats_flat_files_tabix/continuous-4080-both_sexes-irnt.tsv.bgz.tbi,s3://pan-ukb-us-east-1/sumstats_flat_files/continuous-4080-both_sexes-irnt.tsv.bgz,s3://pan-ukb-us-east-1/sumstats_flat_files_tabix/continuous-4080-both_sexes-irnt.tsv.bgz.tbi,EAS,TO_VALIDATE_IN_15B2,MATCHED_TRAIT_CATALOG,True,True,True,True,True,
cmp_38f6078f8c287863,gt_ff22c9719815d876,ALOX5,Pan-UKB,Pan-UKB::biomarkers|30870|both_sexes||irnt,Triglycerides,biomarkers|30870|both_sexes||irnt,GRCh37,triglycerides,PRIMARY,Direct quantitative readout,Direct quantitative readout,False,True,B,B,0,1,1,1,Hypertriglyceridemia,EUR,AFR,10,chr10,45869661,45941561,45869660,45769661,46041561,45769660,100000,+,ENSG00000012779.6,protein_coding,ALOX5,exact_gene_name,GENCODE v19,MATCHED,single_multianalysis_bgzf,s3://pan-ukb-us-east-1/sumstats_flat_files/biomarkers-30870-both_sexes-irnt.tsv.bgz,s3://pan-ukb-us-east-1/sumstats_flat_files_tabix/biomarkers-30870-both_sexes-irnt.tsv.bgz.tbi,s3://pan-ukb-us-east-1/sumstats_flat_files/biomarkers-30870-both_sexes-irnt.tsv.bgz,s3://pan-ukb-us-east-1/sumstats_flat_files_tabix/biomarkers-30870-both_sexes-irnt.tsv.bgz.tbi,AFR,TO_VALIDATE_IN_15B2,MATCHED_TRAIT_CATALOG,True,True,True,True,True,
cmp_f963e229e26ef254,gt_ff22c9719815d876,ALOX5,Pan-UKB,Pan-UKB::biomarkers|30870|both_sexes||irnt,Triglycerides,biomarkers|30870|both_sexes||irnt,GRCh37,triglycerides,PRIMARY,Direct quantitative readout,Direct quantitative readout,False,True,B,B,0,1,1,1,Hypertriglyceridemia,EUR,CSA,10,chr10,45869661,45941561,45869660,45769661,46041561,45769660,100000,+,ENSG00000012779.6,protein_coding,ALOX5,exact_gene_name,GENCODE v19,MATCHED,single_multianalysis_bgzf,s3://pan-ukb-us-east-1/sumstats_flat_files/biomarkers-30870-both_sexes-irnt.tsv.bgz,s3://pan-ukb-us-east-1/sumstats_flat_files_tabix/biomarkers-30870-both_sexes-irnt.tsv.bgz.tbi,s3://pan-ukb-us-east-1/sumstats_flat_files/biomarkers-30870-both_sexes-irnt.tsv.bgz,s3://pan-ukb-us-east-1/sumstats_flat_files_tabix/biomarkers-30870-both_sexes-irnt.tsv.bgz.tbi,CSA,TO_VALIDATE_IN_15B2,MATCHED_TRAIT_CATALOG,True,True,True,True,True,
cmp_3cd145a306cb6a70,gt_ff22c9719815d876,ALOX5,Pan-UKB,Pan-UKB::biomarkers|30870|both_sexes||irnt,Triglycerides,biomarkers|30870|both_sexes||irnt,GRCh37,triglycerides,PRIMARY,Direct quantitative readout,Direct quantitative readout,False,True,B,B,0,1,1,1,Hypertriglyceridemia,EUR,MID,10,chr10,45869661,45941561,45869660,45769661,46041561,45769660,100000,+,ENSG00000012779.6,protein_coding,ALOX5,exact_gene_name,GENCODE v19,MATCHED,single_multianalysis_bgzf,s3://pan-ukb-us-east-1/sumstats_flat_files/biomarkers-30870-both_sexes-irnt.tsv.bgz,s3://pan-ukb-us-east-1/sumstats_flat_files_tabix/biomarkers-30870-both_sexes-irnt.tsv.bgz.tbi,s3://pan-ukb-us-east-1/sumstats_flat_files/biomarkers-30870-both_sexes-irnt.tsv.bgz,s3://pan-ukb-us-east-1/sumstats_flat_files_tabix/biomarkers-30870-both_sexes-irnt.tsv.bgz.tbi,MID,TO_VALIDATE_IN_15B2,MATCHED_TRAIT_CATALOG,True,True,True,True,True,
cmp_29230f9b79750967,gt_b328521a0423f5c5,ANGPTL3,Pan-UKB,Pan-UKB::biomarkers|30870|both_sexes||irnt,Triglycerides,biomarkers|30870|both_sexes||irnt,GRCh37,triglycerides,PRIMARY,Direct quantitative readout,Direct quantitative readout,False,True,B,B,0,1,1,1,Hypertriglyceridemia,EUR,AFR,1,chr1,63063158,63071830,63063157,62963158,63171830,62963157,100000,+,ENSG00000132855.4,protein_coding,ANGPTL3,exact_gene_name,GENCODE v19,MATCHED,single_multianalysis_bgzf,s3://pan-ukb-us-east-1/sumstats_flat_files/biomarkers-30870-both_sexes-irnt.tsv.bgz,s3://pan-ukb-us-east-1/sumstats_flat_files_tabix/biomarkers-30870-both_sexes-irnt.tsv.bgz.tbi,s3://pan-ukb-us-east-1/sumstats_flat_files/biomarkers-30870-both_sexes-irnt.tsv.bgz,s3://pan-ukb-us-east-1/sumstats_flat_files_tabix/biomarkers-30870-both_sexes-irnt.tsv.bgz.tbi,AFR,TO_VALIDATE_IN_15B2,MATCHED_TRAIT_CATALOG,True,True,True,True,True,
cmp_f0cf4964e6b5f030,gt_b328521a0423f5c5,ANGPTL3,Pan-UKB,Pan-UKB::biomarkers|30870|both_sexes||irnt,Triglycerides,biomarkers|30870|both_sexes||irnt,GRCh37,triglycerides,PRIMARY,Direct quantitative readout,Direct quantitative readout,False,True,B,B,0,1,1,1,Hypertriglyceridemia,EUR,CSA,1,chr1,63063158,63071830,63063157,62963158,63171830,62963157,100000,+,ENSG00000132855.4,protein_coding,ANGPTL3,exact_gene_name,GENCODE v19,MATCHED,single_multianalysis_bgzf,s3://pan-ukb-us-east-1/sumstats_flat_files/biomarkers-30870-both_sexes-irnt.tsv.bgz,s3://pan-ukb-us-east-1/sumstats_flat_files_tabix/biomarkers-30870-both_sexes-irnt.tsv.bgz.tbi,s3://pan-ukb-us-east-1/sumstats_flat_files/biomarkers-30870-both_sexes-irnt.tsv.bgz,s3://pan-ukb-us-east-1/sumstats_flat_files_tabix/biomarkers-30870-both_sexes-irnt.tsv.bgz.tbi,CSA,TO_VALIDATE_IN_15B2,MATCHED_TRAIT_CATALOG,True,True,True,True,True,
cmp_1d49c7f6775630d1,gt_b328521a0423f5c5,ANGPTL3,Pan-UKB,Pan-UKB::biomarkers|30870|both_sexes||irnt,Triglycerides,biomarkers|30870|both_sexes||irnt,GRCh37,triglycerides,PRIMARY,Direct quantitative readout,Direct quantitative readout,False,True,B,B,0,1,1,1,Hypertriglyceridemia,EUR,MID,1,chr1,63063158,63071830,63063157,62963158,63171830,62963157,100000,+,ENSG00000132855.4,protein_coding,ANGPTL3,exact_gene_name,GENCODE v19,MATCHED,single_multianalysis_bgzf,s3://pan-ukb-us-east-1/sumstats_flat_files/biomarkers-30870-both_sexes-irnt.tsv.bgz,s3://pan-ukb-us-east-1/sumstats_flat_files_tabix/biomarkers-30870-both_sexes-irnt.tsv.bgz.tbi,s3://pan-ukb-us-east-1/sumstats_flat_files/biomarkers-30870-both_sexes-irnt.tsv.bgz,s3://pan-ukb-us-east-1/sumstats_flat_files_tabix/biomarkers-30870-both_sexes-irnt.tsv.bgz.tbi,MID,TO_VALIDATE_IN_15B2,MATCHED_TRAIT_CATALOG,True,True,True,True,True,
cmp_44f6beefa09c6ba0,gt_37bb10a4689a1bb1,ANGPTL4,Pan-UKB,Pan-UKB::biomarkers|30870|both_sexes||irnt,Triglycerides,biomarkers|30870|both_sexes||irnt,GRCh37,triglycerides,PRIMARY,Direct quantitative readout,Direct quantitative readout,False,True,B,B,0,1,1,1,Hypertriglyceridemia,EUR,AFR,19,chr19,8428173,8439257,8428172,8328173,8539257,8328172,100000,+,ENSG00000167772.7,protein_coding,ANGPTL4,exact_gene_name,GENCODE v19,MATCHED,single_multianalysis_bgzf,s3://pan-ukb-us-east-1/sumstats_flat_files/biomarkers-30870-both_sexes-irnt.tsv.bgz,s3://pan-ukb-us-east-1/sumstats_flat_files_tabix/biomarkers-30870-both_sexes-irnt.tsv.bgz.tbi,s3://pan-ukb-us-east-1/sumstats_flat_files/biomarkers-30870-both_sexes-irnt.tsv.bgz,s3://pan-ukb-us-east-1/sumstats_flat_files_tabix/biomarkers-30870-both_sexes-irnt.tsv.bgz.tbi,AFR,TO_VALIDATE_IN_15B2,MATCHED_TRAIT_CATALOG,True,True,True,True,True,
cmp_96ce964d4704c481,gt_37bb10a4689a1bb1,ANGPTL4,Pan-UKB,Pan-UKB::biomarkers|30870|both_sexes||irnt,Triglycerides,biomarkers|30870|both_sexes||irnt,GRCh37,triglycerides,PRIMARY,Direct quantitative readout,Direct quantitative readout,False,True,B,B,0,1,1,1,Hypertriglyceridemia,EUR,CSA,19,chr19,8428173,8439257,8428172,8328173,8539257,8328172,100000,+,ENSG00000167772.7,protein_coding,ANGPTL4,exact_gene_name,GENCODE v19,MATCHED,single_multianalysis_bgzf,s3://pan-ukb-us-east-1/sumstats_flat_files/biomarkers-30870-both_sexes-irnt.tsv.bgz,s3://pan-ukb-us-east-1/sumstats_flat_files_tabix/biomarkers-30870-both_sexes-irnt.tsv.bgz.tbi,s3://pan-ukb-us-east-1/sumstats_flat_files/biomarkers-30870-both_sexes-irnt.tsv.bgz,s3://pan-ukb-us-east-1/sumstats_flat_files_tabix/biomarkers-30870-both_sexes-irnt.tsv.bgz.tbi,CSA,TO_VALIDATE_IN_15B2,MATCHED_TRAIT_CATALOG,True,True,True,True,True,
cmp_327b1ec26d6eee5c,gt_37bb10a4689a1bb1,ANGPTL4,Pan-UKB,Pan-UKB::biomarkers|30870|both_sexes||irnt,Triglycerides,biomarkers|30870|both_sexes||irnt,GRCh37,triglycerides,PRIMARY,Direct quantitative readout,Direct quantitative readout,False,True,B,B,0,1,1,1,Hypertriglyceridemia,EUR,MID,19,chr19,8428173,8439257,8428172,8328173,8539257,8328172,100000,+,ENSG00000167772.7,protein_coding,ANGPTL4,exact_gene_name,GENCODE v19,MATCHED,single_multianalysis_bgzf,s3://pan-ukb-us-east-1/sumstats_flat_files/biomarkers-30870-both_sexes-irnt.tsv.bgz,s3://pan-ukb-us-east-1/sumstats_flat_files_tabix/biomarkers-30870-both_sexes-irnt.tsv.bgz.tbi,s3://pan-ukb-us-east-1/sumstats_flat_files/biomarkers-30870-both_sexes-irnt.tsv.bgz,s3://pan-ukb-us-east-1/sumstats_flat_files_tabix/biomarkers-30870-both_sexes-irnt.tsv.bgz.tbi,MID,TO_VALIDATE_IN_15B2,MATCHED_TRAIT_CATALOG,True,True,True,True,True,
cmp_c46c48b6b8c8c0da,gt_e89d07b40f69aeb9,APOB,Pan-UKB,Pan-UKB::biomarkers|30870|both_sexes||irnt,Triglycerides,biomarkers|30870|both_sexes||irnt,GRCh37,triglycerides,PRIMARY,Direct quantitative readout,Direct quantitative readout,False,True,B,B,0,1,1,1,Hypertriglyceridemia,EUR,AFR,2,chr2,21224301,21266945,21224300,21124301,21366945,21124300,100000,-,ENSG00000084674.9,protein_coding,APOB,exact_gene_name,GENCODE v19,MATCHED,single_multianalysis_bgzf,s3://pan-ukb-us-east-1/sumstats_flat_files/biomarkers-30870-both_sexes-irnt.tsv.bgz,s3://pan-ukb-us-east-1/sumstats_flat_files_tabix/biomarkers-30870-both_sexes-irnt.tsv.bgz.tbi,s3://pan-ukb-us-east-1/sumstats_flat_files/biomarkers-30870-both_sexes-irnt.tsv.bgz,s3://pan-ukb-us-east-1/sumstats_flat_files_tabix/biomarkers-30870-both_sexes-irnt.tsv.bgz.tbi,AFR,TO_VALIDATE_IN_15B2,MATCHED_TRAIT_CATALOG,True,True,True,True,True,
cmp_cf4e49ee6917e9e7,gt_e89d07b40f69aeb9,APOB,Pan-UKB,Pan-UKB::biomarkers|30870|both_sexes||irnt,Triglycerides,biomarkers|30870|both_sexes||irnt,GRCh37,triglycerides,PRIMARY,Direct quantitative readout,Direct quantitative readout,False,True,B,B,0,1,1,1,Hypertriglyceridemia,EUR,CSA,2,chr2,21224301,21266945,21224300,21124301,21366945,21124300,100000,-,ENSG00000084674.9,protein_coding,APOB,exact_gene_name,GENCODE v19,MATCHED,single_multianalysis_bgzf,s3://pan-ukb-us-east-1/sumstats_flat_files/biomarkers-30870-both_sexes-irnt.tsv.bgz,s3://pan-ukb-us-east-1/sumstats_flat_files_tabix/biomarkers-30870-both_sexes-irnt.tsv.bgz.tbi,s3://pan-ukb-us-east-1/sumstats_flat_files/biomarkers-30870-both_sexes-irnt.tsv.bgz,s3://pan-ukb-us-east-1/sumstats_flat_files_tabix/biomarkers-30870-both_sexes-irnt.tsv.bgz.tbi,CSA,TO_VALIDATE_IN_15B2,MATCHED_TRAIT_CATALOG,True,True,True,True,True,
cmp_55e72b65deff56f6,gt_e89d07b40f69aeb9,APOB,Pan-UKB,Pan-UKB::biomarkers|30870|both_sexes||irnt,Triglycerides,biomarkers|30870|both_sexes||irnt,GRCh37,triglycerides,PRIMARY,Direct quantitative readout,Direct quantitative readout,False,True,B,B,0,1,1,1,Hypertriglyceridemia,EUR,MID,2,chr2,21224301,21266945,21224300,21124301,21366945,21124300,100000,-,ENSG00000084674.9,protein_coding,APOB,exact_gene_name,GENCODE v19,MATCHED,single_multianalysis_bgzf,s3://pan-ukb-us-east-1/sumstats_flat_files/biomarkers-30870-both_sexes-irnt.tsv.bgz,s3://pan-ukb-us-east-1/sumstats_flat_files_tabix/biomarkers-30870-both_sexes-irnt.tsv.bgz.tbi,s3://pan-ukb-us-east-1/sumstats_flat_files/biomarkers-30870-both_sexes-irnt.tsv.bgz,s3://pan-ukb-us-east-1/sumstats_flat_files_tabix/biomarkers-30870-both_sexes-irnt.tsv.bgz.tbi,MID,TO_VALIDATE_IN_15B2,MATCHED_TRAIT_CATALOG,True,True,True,True,True,
cmp_c19fd6087066e5ad,gt_f57de0955fec90d0,APOC3,Pan-UKB,Pan-UKB::biomarkers|30870|both_sexes||irnt,Triglycerides,biomarkers|30870|both_sexes||irnt,GRCh37,triglycerides,PRIMARY,Direct quantitative readout,Direct quantitative readout,False,True,A,A,1,0,1,1,Hypertriglyceridemia,EUR,AFR,11,chr11,116700422,116703788,116700421,116600422,116803788,116600421,100000,+,ENSG00000110245.7,protein_coding,APOC3,exact_gene_name,GENCODE v19,MATCHED,single_multianalysis_bgzf,s3://pan-ukb-us-east-1/sumstats_flat_files/biomarkers-30870-both_sexes-irnt.tsv.bgz,s3://pan-ukb-us-east-1/sumstats_flat_files_tabix/biomarkers-30870-both_sexes-irnt.tsv.bgz.tbi,s3://pan-ukb-us-east-1/sumstats_flat_files/biomarkers-30870-both_sexes-irnt.tsv.bgz,s3://pan-ukb-us-east-1/sumstats_flat_files_tabix/biomarkers-30870-both_sexes-irnt.tsv.bgz.tbi,AFR,TO_VALIDATE_IN_15B2,MATCHED_TRAIT_CATALOG,True,True,True,True,True,
cmp_58feb2f9cd1731f6,gt_f57de0955fec90d0,APOC3,Pan-UKB,Pan-UKB::biomarkers|30870|both_sexes||irnt,Triglycerides,biomarkers|30870|both_sexes||irnt,GRCh37,triglycerides,PRIMARY,Direct quantitative readout,Direct quantitative readout,False,True,A,A,1,0,1,1,Hypertriglyceridemia,EUR,CSA,11,chr11,116700422,116703788,116700421,116600422,116803788,116600421,100000,+,ENSG00000110245.7,protein_coding,APOC3,exact_gene_name,GENCODE v19,MATCHED,single_multianalysis_bgzf,s3://pan-ukb-us-east-1/sumstats_flat_files/biomarkers-30870-both_sexes-irnt.tsv.bgz,s3://pan-ukb-us-east-1/sumstats_flat_files_tabix/biomarkers-30870-both_sexes-irnt.tsv.bgz.tbi,s3://pan-ukb-us-east-1/sumstats_flat_files/biomarkers-30870-both_sexes-irnt.tsv.bgz,s3://pan-ukb-us-east-1/sumstats_flat_files_tabix/biomarkers-30870-both_sexes-irnt.tsv.bgz.tbi,CSA,TO_VALIDATE_IN_15B2,MATCHED_TRAIT_CATALOG,True,True,True,True,True,
cmp_dfe8569d96c5c6ef,gt_f57de0955fec90d0,APOC3,Pan-UKB,Pan-UKB::biomarkers|30870|both_sexes||irnt,Triglycerides,biomarkers|30870|both_sexes||irnt,GRCh37,triglycerides,PRIMARY,Direct quantitative readout,Direct quantitative readout,False,True,A,A,1,0,1,1,Hypertriglyceridemia,EUR,MID,11,chr11,116700422,116703788,116700421,116600422,116803788,116600421,100000,+,ENSG00000110245.7,protein_coding,APOC3,exact_gene_name,GENCODE v19,MATCHED,single_multianalysis_bgzf,s3://pan-ukb-us-east-1/sumstats_flat_files/biomarkers-30870-both_sexes-irnt.tsv.bgz,s3://pan-ukb-us-east-1/sumstats_flat_files_tabix/biomarkers-30870-both_sexes-irnt.tsv.bgz.tbi,s3://pan-ukb-us-east-1/sumstats_flat_files/biomarkers-30870-both_sexes-irnt.tsv.bgz,s3://pan-ukb-us-east-1/sumstats_flat_files_tabix/biomarkers-30870-both_sexes-irnt.tsv.bgz.tbi,MID,TO_VALIDATE_IN_15B2,MATCHED_TRAIT_CATALOG,True,True,True,True,True,
cmp_e54439ed586b3a5c,gt_3de9daa3443abcc6,FGF21,Pan-UKB,Pan-UKB::biomarkers|30870|both_sexes||irnt,Triglycerides,biomarkers|30870|both_sexes||irnt,GRCh37,triglycerides,PRIMARY,Direct quantitative readout,Direct quantitative readout,False,True,B,B,0,1,1,1,Hypertriglyceridemia,EUR,AFR,19,chr19,49258816,49261587,49258815,49158816,49361587,49158815,100000,+,ENSG00000105550.4,protein_coding,FGF21,exact_gene_name,GENCODE v19,MATCHED,single_multianalysis_bgzf,s3://pan-ukb-us-east-1/sumstats_flat_files/biomarkers-30870-both_sexes-irnt.tsv.bgz,s3://pan-ukb-us-east-1/sumstats_flat_files_tabix/biomarkers-30870-both_sexes-irnt.tsv.bgz.tbi,s3://pan-ukb-us-east-1/sumstats_flat_files/biomarkers-30870-both_sexes-irnt.tsv.bgz,s3://pan-ukb-us-east-1/sumstats_flat_files_tabix/biomarkers-30870-both_sexes-irnt.tsv.bgz.tbi,AFR,TO_VALIDATE_IN_15B2,MATCHED_TRAIT_CATALOG,True,True,True,True,True,
cmp_6d7ba361d906c9f1,gt_3de9daa3443abcc6,FGF21,Pan-UKB,Pan-UKB::biomarkers|30870|both_sexes||irnt,Triglycerides,biomarkers|30870|both_sexes||irnt,GRCh37,triglycerides,PRIMARY,Direct quantitative readout,Direct quantitative readout,False,True,B,B,0,1,1,1,Hypertriglyceridemia,EUR,CSA,19,chr19,49258816,49261587,49258815,49158816,49361587,49158815,100000,+,ENSG00000105550.4,protein_coding,FGF21,exact_gene_name,GENCODE v19,MATCHED,single_multianalysis_bgzf,s3://pan-ukb-us-east-1/sumstats_flat_files/biomarkers-30870-both_sexes-irnt.tsv.bgz,s3://pan-ukb-us-east-1/sumstats_flat_files_tabix/biomarkers-30870-both_sexes-irnt.tsv.bgz.tbi,s3://pan-ukb-us-east-1/sumstats_flat_files/biomarkers-30870-both_sexes-irnt.tsv.bgz,s3://pan-ukb-us-east-1/sumstats_flat_files_tabix/biomarkers-30870-both_sexes-irnt.tsv.bgz.tbi,CSA,TO_VALIDATE_IN_15B2,MATCHED_TRAIT_CATALOG,True,True,True,True,True,
cmp_c80e5bff31014a68,gt_3de9daa3443abcc6,FGF21,Pan-UKB,Pan-UKB::biomarkers|30870|both_sexes||irnt,Triglycerides,biomarkers|30870|both_sexes||irnt,GRCh37,triglycerides,PRIMARY,Direct quantitative readout,Direct quantitative readout,False,True,B,B,0,1,1,1,Hypertriglyceridemia,EUR,MID,19,chr19,49258816,49261587,49258815,49158816,49361587,49158815,100000,+,ENSG00000105550.4,protein_coding,FGF21,exact_gene_name,GENCODE v19,MATCHED,single_multianalysis_bgzf,s3://pan-ukb-us-east-1/sumstats_flat_files/biomarkers-30870-both_sexes-irnt.tsv.bgz,s3://pan-ukb-us-east-1/sumstats_flat_files_tabix/biomarkers-30870-both_sexes-irnt.tsv.bgz.tbi,s3://pan-ukb-us-east-1/sumstats_flat_files/biomarkers-30870-both_sexes-irnt.tsv.bgz,s3://pan-ukb-us-east-1/sumstats_flat_files_tabix/biomarkers-30870-both_sexes-irnt.tsv.bgz.tbi,MID,TO_VALIDATE_IN_15B2,MATCHED_TRAIT_CATALOG,True,True,True,True,True,
cmp_eafab6e5a8a920a4,gt_93b3040bef26dfa3,LPL,Pan-UKB,Pan-UKB::biomarkers|30870|both_sexes||irnt,Triglycerides,biomarkers|30870|both_sexes||irnt,GRCh37,triglycerides,PRIMARY,Direct quantitative readout,Direct quantitative readout,False,True,B,B,0,1,1,1,Hypertriglyceridemia,EUR,AFR,8,chr8,19759228,19824769,19759227,19659228,19924769,19659227,100000,+,ENSG00000175445.10,protein_coding,LPL,exact_gene_name,GENCODE v19,MATCHED,single_multianalysis_bgzf,s3://pan-ukb-us-east-1/sumstats_flat_files/biomarkers-30870-both_sexes-irnt.tsv.bgz,s3://pan-ukb-us-east-1/sumstats_flat_files_tabix/biomarkers-30870-both_sexes-irnt.tsv.bgz.tbi,s3://pan-ukb-us-east-1/sumstats_flat_files/biomarkers-30870-both_sexes-irnt.tsv.bgz,s3://pan-ukb-us-east-1/sumstats_flat_files_tabix/biomarkers-30870-both_sexes-irnt.tsv.bgz.tbi,AFR,TO_VALIDATE_IN_15B2,MATCHED_TRAIT_CATALOG,True,True,True,True,True,
cmp_9de93e69fed596e7,gt_93b3040bef26dfa3,LPL,Pan-UKB,Pan-UKB::biomarkers|30870|both_sexes||irnt,Triglycerides,biomarkers|30870|both_sexes||irnt,GRCh37,triglycerides,PRIMARY,Direct quantitative readout,Direct quantitative readout,False,True,B,B,0,1,1,1,Hypertriglyceridemia,EUR,CSA,8,chr8,19759228,19824769,19759227,19659228,19924769,19659227,100000,+,ENSG00000175445.10,protein_coding,LPL,exact_gene_name,GENCODE v19,MATCHED,single_multianalysis_bgzf,s3://pan-ukb-us-east-1/sumstats_flat_files/biomarkers-30870-both_sexes-irnt.tsv.bgz,s3://pan-ukb-us-east-1/sumstats_flat_files_tabix/biomarkers-30870-both_sexes-irnt.tsv.bgz.tbi,s3://pan-ukb-us-east-1/sumstats_flat_files/biomarkers-30870-both_sexes-irnt.tsv.bgz,s3://pan-ukb-us-east-1/sumstats_flat_files_tabix/biomarkers-30870-both_sexes-irnt.tsv.bgz.tbi,CSA,TO_VALIDATE_IN_15B2,MATCHED_TRAIT_CATALOG,True,True,True,True,True,
cmp_4cecb255412bf289,gt_93b3040bef26dfa3,LPL,Pan-UKB,Pan-UKB::biomarkers|30870|both_sexes||irnt,Triglycerides,biomarkers|30870|both_sexes||irnt,GRCh37,triglycerides,PRIMARY,Direct quantitative readout,Direct quantitative readout,False,True,B,B,0,1,1,1,Hypertriglyceridemia,EUR,MID,8,chr8,19759228,19824769,19759227,19659228,19924769,19659227,100000,+,ENSG00000175445.10,protein_coding,LPL,exact_gene_name,GENCODE v19,MATCHED,single_multianalysis_bgzf,s3://pan-ukb-us-east-1/sumstats_flat_files/biomarkers-30870-both_sexes-irnt.tsv.bgz,s3://pan-ukb-us-east-1/sumstats_flat_files_tabix/biomarkers-30870-both_sexes-irnt.tsv.bgz.tbi,s3://pan-ukb-us-east-1/sumstats_flat_files/biomarkers-30870-both_sexes-irnt.tsv.bgz,s3://pan-ukb-us-east-1/sumstats_flat_files_tabix/biomarkers-30870-both_sexes-irnt.tsv.bgz.tbi,MID,TO_VALIDATE_IN_15B2,MATCHED_TRAIT_CATALOG,True,True,True,True,True,
cmp_4d779dc51a2509f0,gt_92c32a34aa51727f,NR1H4,Pan-UKB,Pan-UKB::biomarkers|30870|both_sexes||irnt,Triglycerides,biomarkers|30870|both_sexes||irnt,GRCh37,triglycerides,PRIMARY,Direct quantitative readout,Direct quantitative readout,False,True,B,B,0,1,1,1,Hypertriglyceridemia,EUR,AFR,12,chr12,100867486,100958191,100867485,100767486,101058191,100767485,100000,+,ENSG00000012504.9,protein_coding,NR1H4,exact_gene_name,GENCODE v19,MATCHED,single_multianalysis_bgzf,s3://pan-ukb-us-east-1/sumstats_flat_files/biomarkers-30870-both_sexes-irnt.tsv.bgz,s3://pan-ukb-us-east-1/sumstats_flat_files_tabix/biomarkers-30870-both_sexes-irnt.tsv.bgz.tbi,s3://pan-ukb-us-east-1/sumstats_flat_files/biomarkers-30870-both_sexes-irnt.tsv.bgz,s3://pan-ukb-us-east-1/sumstats_flat_files_tabix/biomarkers-30870-both_sexes-irnt.tsv.bgz.tbi,AFR,TO_VALIDATE_IN_15B2,MATCHED_TRAIT_CATALOG,True,True,True,True,True,
cmp_817e77ccfe88b655,gt_92c32a34aa51727f,NR1H4,Pan-UKB,Pan-UKB::biomarkers|30870|both_sexes||irnt,Triglycerides,biomarkers|30870|both_sexes||irnt,GRCh37,triglycerides,PRIMARY,Direct quantitative readout,Direct quantitative readout,False,True,B,B,0,1,1,1,Hypertriglyceridemia,EUR,CSA,12,chr12,100867486,100958191,100867485,100767486,101058191,100767485,100000,+,ENSG00000012504.9,protein_coding,NR1H4,exact_gene_name,GENCODE v19,MATCHED,single_multianalysis_bgzf,s3://pan-ukb-us-east-1/sumstats_flat_files/biomarkers-30870-both_sexes-irnt.tsv.bgz,s3://pan-ukb-us-east-1/sumstats_flat_files_tabix/biomarkers-30870-both_sexes-irnt.tsv.bgz.tbi,s3://pan-ukb-us-east-1/sumstats_flat_files/biomarkers-30870-both_sexes-irnt.tsv.bgz,s3://pan-ukb-us-east-1/sumstats_flat_files_tabix/biomarkers-30870-both_sexes-irnt.tsv.bgz.tbi,CSA,TO_VALIDATE_IN_15B2,MATCHED_TRAIT_CATALOG,True,True,True,True,True,
cmp_d5510796e99a279b,gt_92c32a34aa51727f,NR1H4,Pan-UKB,Pan-UKB::biomarkers|30870|both_sexes||irnt,Triglycerides,biomarkers|30870|both_sexes||irnt,GRCh37,triglycerides,PRIMARY,Direct quantitative readout,Direct quantitative readout,False,True,B,B,0,1,1,1,Hypertriglyceridemia,EUR,MID,12,chr12,100867486,100958191,100867485,100767486,101058191,100767485,100000,+,ENSG00000012504.9,protein_coding,NR1H4,exact_gene_name,GENCODE v19,MATCHED,single_multianalysis_bgzf,s3://pan-ukb-us-east-1/sumstats_flat_files/biomarkers-30870-both_sexes-irnt.tsv.bgz,s3://pan-ukb-us-east-1/sumstats_flat_files_tabix/biomarkers-30870-both_sexes-irnt.tsv.bgz.tbi,s3://pan-ukb-us-east-1/sumstats_flat_files/biomarkers-30870-both_sexes-irnt.tsv.bgz,s3://pan-ukb-us-east-1/sumstats_flat_files_tabix/biomarkers-30870-both_sexes-irnt.tsv.bgz.tbi,MID,TO_VALIDATE_IN_15B2,MATCHED_TRAIT_CATALOG,True,True,True,True,True,
cmp_1a57dfd16a3ff231,gt_46f21fc6b2b38cba,PDE3A,Pan-UKB,Pan-UKB::biomarkers|30870|both_sexes||irnt,Triglycerides,biomarkers|30870|both_sexes||irnt,GRCh37,triglycerides,PRIMARY,Direct quantitative readout,Direct quantitative readout,False,True,B,B,0,1,1,1,Hypertriglyceridemia,EUR,AFR,12,chr12,20522179,20837315,20522178,20422179,20937315,20422178,100000,+,ENSG00000172572.6,protein_coding,PDE3A,exact_gene_name,GENCODE v19,MATCHED,single_multianalysis_bgzf,s3://pan-ukb-us-east-1/sumstats_flat_files/biomarkers-30870-both_sexes-irnt.tsv.bgz,s3://pan-ukb-us-east-1/sumstats_flat_files_tabix/biomarkers-30870-both_sexes-irnt.tsv.bgz.tbi,s3://pan-ukb-us-east-1/sumstats_flat_files/biomarkers-30870-both_sexes-irnt.tsv.bgz,s3://pan-ukb-us-east-1/sumstats_flat_files_tabix/biomarkers-30870-both_sexes-irnt.tsv.bgz.tbi,AFR,TO_VALIDATE_IN_15B2,MATCHED_TRAIT_CATALOG,True,True,True,True,True,
cmp_cdad6fec0a6c282b,gt_46f21fc6b2b38cba,PDE3A,Pan-UKB,Pan-UKB::biomarkers|30870|both_sexes||irnt,Triglycerides,biomarkers|30870|both_sexes||irnt,GRCh37,triglycerides,PRIMARY,Direct quantitative readout,Direct quantitative readout,False,True,B,B,0,1,1,1,Hypertriglyceridemia,EUR,CSA,12,chr12,20522179,20837315,20522178,20422179,20937315,20422178,100000,+,ENSG00000172572.6,protein_coding,PDE3A,exact_gene_name,GENCODE v19,MATCHED,single_multianalysis_bgzf,s3://pan-ukb-us-east-1/sumstats_flat_files/biomarkers-30870-both_sexes-irnt.tsv.bgz,s3://pan-ukb-us-east-1/sumstats_flat_files_tabix/biomarkers-30870-both_sexes-irnt.tsv.bgz.tbi,s3://pan-ukb-us-east-1/sumstats_flat_files/biomarkers-30870-both_sexes-irnt.tsv.bgz,s3://pan-ukb-us-east-1/sumstats_flat_files_tabix/biomarkers-30870-both_sexes-irnt.tsv.bgz.tbi,CSA,TO_VALIDATE_IN_15B2,MATCHED_TRAIT_CATALOG,True,True,True,True,True,
cmp_61eb1426b5acf70c,gt_46f21fc6b2b38cba,PDE3A,Pan-UKB,Pan-UKB::biomarkers|30870|both_sexes||irnt,Triglycerides,biomarkers|30870|both_sexes||irnt,GRCh37,triglycerides,PRIMARY,Direct quantitative readout,Direct quantitative readout,False,True,B,B,0,1,1,1,Hypertriglyceridemia,EUR,MID,12,chr12,20522179,20837315,20522178,20422179,20937315,20422178,100000,+,ENSG00000172572.6,protein_coding,PDE3A,exact_gene_name,GENCODE v19,MATCHED,single_multianalysis_bgzf,s3://pan-ukb-us-east-1/sumstats_flat_files/biomarkers-30870-both_sexes-irnt.tsv.bgz,s3://pan-ukb-us-east-1/sumstats_flat_files_tabix/biomarkers-30870-both_sexes-irnt.tsv.bgz.tbi,s3://pan-ukb-us-east-1/sumstats_flat_files/biomarkers-30870-both_sexes-irnt.tsv.bgz,s3://pan-ukb-us-east-1/sumstats_flat_files_tabix/biomarkers-30870-both_sexes-irnt.tsv.bgz.tbi,MID,TO_VALIDATE_IN_15B2,MATCHED_TRAIT_CATALOG,True,True,True,True,True,
cmp_98c28405614ba81d,gt_82f82416b351979f,PDE4A,Pan-UKB,Pan-UKB::biomarkers|30870|both_sexes||irnt,Triglycerides,biomarkers|30870|both_sexes||irnt,GRCh37,triglycerides,PRIMARY,Direct quantitative readout,Direct quantitative readout,False,True,B,B,0,1,1,1,Hypertriglyceridemia,EUR,AFR,19,chr19,10527449,10580305,10527448,10427449,10680305,10427448,100000,+,ENSG00000065989.11,protein_coding,PDE4A,exact_gene_name,GENCODE v19,MATCHED,single_multianalysis_bgzf,s3://pan-ukb-us-east-1/sumstats_flat_files/biomarkers-30870-both_sexes-irnt.tsv.bgz,s3://pan-ukb-us-east-1/sumstats_flat_files_tabix/biomarkers-30870-both_sexes-irnt.tsv.bgz.tbi,s3://pan-ukb-us-east-1/sumstats_flat_files/biomarkers-30870-both_sexes-irnt.tsv.bgz,s3://pan-ukb-us-east-1/sumstats_flat_files_tabix/biomarkers-30870-both_sexes-irnt.tsv.bgz.tbi,AFR,TO_VALIDATE_IN_15B2,MATCHED_TRAIT_CATALOG,True,True,True,True,True,
cmp_7cda2348ac1402ce,gt_82f82416b351979f,PDE4A,Pan-UKB,Pan-UKB::biomarkers|30870|both_sexes||irnt,Triglycerides,biomarkers|30870|both_sexes||irnt,GRCh37,triglycerides,PRIMARY,Direct quantitative readout,Direct quantitative readout,False,True,B,B,0,1,1,1,Hypertriglyceridemia,EUR,CSA,19,chr19,10527449,10580305,10527448,10427449,10680305,10427448,100000,+,ENSG00000065989.11,protein_coding,PDE4A,exact_gene_name,GENCODE v19,MATCHED,single_multianalysis_bgzf,s3://pan-ukb-us-east-1/sumstats_flat_files/biomarkers-30870-both_sexes-irnt.tsv.bgz,s3://pan-ukb-us-east-1/sumstats_flat_files_tabix/biomarkers-30870-both_sexes-irnt.tsv.bgz.tbi,s3://pan-ukb-us-east-1/sumstats_flat_files/biomarkers-30870-both_sexes-irnt.tsv.bgz,s3://pan-ukb-us-east-1/sumstats_flat_files_tabix/biomarkers-30870-both_sexes-irnt.tsv.bgz.tbi,CSA,TO_VALIDATE_IN_15B2,MATCHED_TRAIT_CATALOG,True,True,True,True,True,
cmp_9715fd6d74c7f0b1,gt_82f82416b351979f,PDE4A,Pan-UKB,Pan-UKB::biomarkers|30870|both_sexes||irnt,Triglycerides,biomarkers|30870|both_sexes||irnt,GRCh37,triglycerides,PRIMARY,Direct quantitative readout,Direct quantitative readout,False,True,B,B,0,1,1,1,Hypertriglyceridemia,EUR,MID,19,chr19,10527449,10580305,10527448,10427449,10680305,10427448,100000,+,ENSG00000065989.11,protein_coding,PDE4A,exact_gene_name,GENCODE v19,MATCHED,single_multianalysis_bgzf,s3://pan-ukb-us-east-1/sumstats_flat_files/biomarkers-30870-both_sexes-irnt.tsv.bgz,s3://pan-ukb-us-east-1/sumstats_flat_files_tabix/biomarkers-30870-both_sexes-irnt.tsv.bgz.tbi,s3://pan-ukb-us-east-1/sumstats_flat_files/biomarkers-30870-both_sexes-irnt.tsv.bgz,s3://pan-ukb-us-east-1/sumstats_flat_files_tabix/biomarkers-30870-both_sexes-irnt.tsv.bgz.tbi,MID,TO_VALIDATE_IN_15B2,MATCHED_TRAIT_CATALOG,True,True,True,True,True,
cmp_fec2972dccc6591e,gt_ef9194fedfad3efd,PDE4B,Pan-UKB,Pan-UKB::biomarkers|30870|both_sexes||irnt,Triglycerides,biomarkers|30870|both_sexes||irnt,GRCh37,triglycerides,PRIMARY,Direct quantitative readout,Direct quantitative readout,False,True,B,B,0,1,1,1,Hypertriglyceridemia,EUR,AFR,1,chr1,66258197,66840259,66258196,66158197,66940259,66158196,100000,+,ENSG00000184588.13,protein_coding,PDE4B,exact_gene_name,GENCODE v19,MATCHED,single_multianalysis_bgzf,s3://pan-ukb-us-east-1/sumstats_flat_files/biomarkers-30870-both_sexes-irnt.tsv.bgz,s3://pan-ukb-us-east-1/sumstats_flat_files_tabix/biomarkers-30870-both_sexes-irnt.tsv.bgz.tbi,s3://pan-ukb-us-east-1/sumstats_flat_files/biomarkers-30870-both_sexes-irnt.tsv.bgz,s3://pan-ukb-us-east-1/sumstats_flat_files_tabix/biomarkers-30870-both_sexes-irnt.tsv.bgz.tbi,AFR,TO_VALIDATE_IN_15B2,MATCHED_TRAIT_CATALOG,True,True,True,True,True,
cmp_f7e5de3a947334ca,gt_ef9194fedfad3efd,PDE4B,Pan-UKB,Pan-UKB::biomarkers|30870|both_sexes||irnt,Triglycerides,biomarkers|30870|both_sexes||irnt,GRCh37,triglycerides,PRIMARY,Direct quantitative readout,Direct quantitative readout,False,True,B,B,0,1,1,1,Hypertriglyceridemia,EUR,CSA,1,chr1,66258197,66840259,66258196,66158197,66940259,66158196,100000,+,ENSG00000184588.13,protein_coding,PDE4B,exact_gene_name,GENCODE v19,MATCHED,single_multianalysis_bgzf,s3://pan-ukb-us-east-1/sumstats_flat_files/biomarkers-30870-both_sexes-irnt.tsv.bgz,s3://pan-ukb-us-east-1/sumstats_flat_files_tabix/biomarkers-30870-both_sexes-irnt.tsv.bgz.tbi,s3://pan-ukb-us-east-1/sumstats_flat_files/biomarkers-30870-both_sexes-irnt.tsv.bgz,s3://pan-ukb-us-east-1/sumstats_flat_files_tabix/biomarkers-30870-both_sexes-irnt.tsv.bgz.tbi,CSA,TO_VALIDATE_IN_15B2,MATCHED_TRAIT_CATALOG,True,True,True,True,True,
cmp_49e7143e7f8d9dbc,gt_ef9194fedfad3efd,PDE4B,Pan-UKB,Pan-UKB::biomarkers|30870|both_sexes||irnt,Triglycerides,biomarkers|30870|both_sexes||irnt,GRCh37,triglycerides,PRIMARY,Direct quantitative readout,Direct quantitative readout,False,True,B,B,0,1,1,1,Hypertriglyceridemia,EUR,MID,1,chr1,66258197,66840259,66258196,66158197,66940259,66158196,100000,+,ENSG00000184588.13,protein_coding,PDE4B,exact_gene_name,GENCODE v19,MATCHED,single_multianalysis_bgzf,s3://pan-ukb-us-east-1/sumstats_flat_files/biomarkers-30870-both_sexes-irnt.tsv.bgz,s3://pan-ukb-us-east-1/sumstats_flat_files_tabix/biomarkers-30870-both_sexes-irnt.tsv.bgz.tbi,s3://pan-ukb-us-east-1/sumstats_flat_files/biomarkers-30870-both_sexes-irnt.tsv.bgz,s3://pan-ukb-us-east-1/sumstats_flat_files_tabix/biomarkers-30870-both_sexes-irnt.tsv.bgz.tbi,MID,TO_VALIDATE_IN_15B2,MATCHED_TRAIT_CATALOG,True,True,True,True,True,
cmp_e332121c7099d932,gt_f4a47c2532951932,PDE4C,Pan-UKB,Pan-UKB::biomarkers|30870|both_sexes||irnt,Triglycerides,biomarkers|30870|both_sexes||irnt,GRCh37,triglycerides,PRIMARY,Direct quantitative readout,Direct quantitative readout,False,True,B,B,0,1,1,1,Hypertriglyceridemia,EUR,AFR,19,chr19,18318771,18366229,18318770,18218771,18466229,18218770,100000,-,ENSG00000105650.17,protein_coding,PDE4C,exact_gene_name,GENCODE v19,MATCHED,single_multianalysis_bgzf,s3://pan-ukb-us-east-1/sumstats_flat_files/biomarkers-30870-both_sexes-irnt.tsv.bgz,s3://pan-ukb-us-east-1/sumstats_flat_files_tabix/biomarkers-30870-both_sexes-irnt.tsv.bgz.tbi,s3://pan-ukb-us-east-1/sumstats_flat_files/biomarkers-30870-both_sexes-irnt.tsv.bgz,s3://pan-ukb-us-east-1/sumstats_flat_files_tabix/biomarkers-30870-both_sexes-irnt.tsv.bgz.tbi,AFR,TO_VALIDATE_IN_15B2,MATCHED_TRAIT_CATALOG,True,True,True,True,True,
cmp_d3557144640dfefd,gt_f4a47c2532951932,PDE4C,Pan-UKB,Pan-UKB::biomarkers|30870|both_sexes||irnt,Triglycerides,biomarkers|30870|both_sexes||irnt,GRCh37,triglycerides,PRIMARY,Direct quantitative readout,Direct quantitative readout,False,True,B,B,0,1,1,1,Hypertriglyceridemia,EUR,CSA,19,chr19,18318771,18366229,18318770,18218771,18466229,18218770,100000,-,ENSG00000105650.17,protein_coding,PDE4C,exact_gene_name,GENCODE v19,MATCHED,single_multianalysis_bgzf,s3://pan-ukb-us-east-1/sumstats_flat_files/biomarkers-30870-both_sexes-irnt.tsv.bgz,s3://pan-ukb-us-east-1/sumstats_flat_files_tabix/biomarkers-30870-both_sexes-irnt.tsv.bgz.tbi,s3://pan-ukb-us-east-1/sumstats_flat_files/biomarkers-30870-both_sexes-irnt.tsv.bgz,s3://pan-ukb-us-east-1/sumstats_flat_files_tabix/biomarkers-30870-both_sexes-irnt.tsv.bgz.tbi,CSA,TO_VALIDATE_IN_15B2,MATCHED_TRAIT_CATALOG,True,True,True,True,True,
cmp_dcdb5a56195717e1,gt_f4a47c2532951932,PDE4C,Pan-UKB,Pan-UKB::biomarkers|30870|both_sexes||irnt,Triglycerides,biomarkers|30870|both_sexes||irnt,GRCh37,triglycerides,PRIMARY,Direct quantitative readout,Direct quantitative readout,False,True,B,B,0,1,1,1,Hypertriglyceridemia,EUR,MID,19,chr19,18318771,18366229,18318770,18218771,18466229,18218770,100000,-,ENSG00000105650.17,protein_coding,PDE4C,exact_gene_name,GENCODE v19,MATCHED,single_multianalysis_bgzf,s3://pan-ukb-us-east-1/sumstats_flat_files/biomarkers-30870-both_sexes-irnt.tsv.bgz,s3://pan-ukb-us-east-1/sumstats_flat_files_tabix/biomarkers-30870-both_sexes-irnt.tsv.bgz.tbi,s3://pan-ukb-us-east-1/sumstats_flat_files/biomarkers-30870-both_sexes-irnt.tsv.bgz,s3://pan-ukb-us-east-1/sumstats_flat_files_tabix/biomarkers-30870-both_sexes-irnt.tsv.bgz.tbi,MID,TO_VALIDATE_IN_15B2,MATCHED_TRAIT_CATALOG,True,True,True,True,True,
cmp_953452341267199d,gt_2ac1949db32bd35d,PPARA,Pan-UKB,Pan-UKB::biomarkers|30870|both_sexes||irnt,Triglycerides,biomarkers|30870|both_sexes||irnt,GRCh37,triglycerides,PRIMARY,Direct quantitative readout,Direct quantitative readout,False,True,A,A,1,0,1,1,Hypertriglyceridemia,EUR,AFR,22,chr22,46546424,46639653,46546423,46446424,46739653,46446423,100000,+,ENSG00000186951.12,protein_coding,PPARA,exact_gene_name,GENCODE v19,MATCHED,single_multianalysis_bgzf,s3://pan-ukb-us-east-1/sumstats_flat_files/biomarkers-30870-both_sexes-irnt.tsv.bgz,s3://pan-ukb-us-east-1/sumstats_flat_files_tabix/biomarkers-30870-both_sexes-irnt.tsv.bgz.tbi,s3://pan-ukb-us-east-1/sumstats_flat_files/biomarkers-30870-both_sexes-irnt.tsv.bgz,s3://pan-ukb-us-east-1/sumstats_flat_files_tabix/biomarkers-30870-both_sexes-irnt.tsv.bgz.tbi,AFR,TO_VALIDATE_IN_15B2,MATCHED_TRAIT_CATALOG,True,True,True,True,True,
cmp_93ce22fec7c85bd8,gt_2ac1949db32bd35d,PPARA,Pan-UKB,Pan-UKB::biomarkers|30870|both_sexes||irnt,Triglycerides,biomarkers|30870|both_sexes||irnt,GRCh37,triglycerides,PRIMARY,Direct quantitative readout,Direct quantitative readout,False,True,A,A,1,0,1,1,Hypertriglyceridemia,EUR,CSA,22,chr22,46546424,46639653,46546423,46446424,46739653,46446423,100000,+,ENSG00000186951.12,protein_coding,PPARA,exact_gene_name,GENCODE v19,MATCHED,single_multianalysis_bgzf,s3://pan-ukb-us-east-1/sumstats_flat_files/biomarkers-30870-both_sexes-irnt.tsv.bgz,s3://pan-ukb-us-east-1/sumstats_flat_files_tabix/biomarkers-30870-both_sexes-irnt.tsv.bgz.tbi,s3://pan-ukb-us-east-1/sumstats_flat_files/biomarkers-30870-both_sexes-irnt.tsv.bgz,s3://pan-ukb-us-east-1/sumstats_flat_files_tabix/biomarkers-30870-both_sexes-irnt.tsv.bgz.tbi,CSA,TO_VALIDATE_IN_15B2,MATCHED_TRAIT_CATALOG,True,True,True,True,True,
cmp_865bbb5c349bf4f3,gt_2ac1949db32bd35d,PPARA,Pan-UKB,Pan-UKB::biomarkers|30870|both_sexes||irnt,Triglycerides,biomarkers|30870|both_sexes||irnt,GRCh37,triglycerides,PRIMARY,Direct quantitative readout,Direct quantitative readout,False,True,A,A,1,0,1,1,Hypertriglyceridemia,EUR,MID,22,chr22,46546424,46639653,46546423,46446424,46739653,46446423,100000,+,ENSG00000186951.12,protein_coding,PPARA,exact_gene_name,GENCODE v19,MATCHED,single_multianalysis_bgzf,s3://pan-ukb-us-east-1/sumstats_flat_files/biomarkers-30870-both_sexes-irnt.tsv.bgz,s3://pan-ukb-us-east-1/sumstats_flat_files_tabix/biomarkers-30870-both_sexes-irnt.tsv.bgz.tbi,s3://pan-ukb-us-east-1/sumstats_flat_files/biomarkers-30870-both_sexes-irnt.tsv.bgz,s3://pan-ukb-us-east-1/sumstats_flat_files_tabix/biomarkers-30870-both_sexes-irnt.tsv.bgz.tbi,MID,TO_VALIDATE_IN_15B2,MATCHED_TRAIT_CATALOG,True,True,True,True,True,
cmp_112d8ff54d63db77,gt_44be73ebd0d0a1ce,PPARG,Pan-UKB,Pan-UKB::biomarkers|30870|both_sexes||irnt,Triglycerides,biomarkers|30870|both_sexes||irnt,GRCh37,triglycerides,PRIMARY,Direct quantitative readout,Direct quantitative readout,False,True,A,A,1,0,1,1,Hypertriglyceridemia,EUR,AFR,3,chr3,12328867,12475855,12328866,12228867,12575855,12228866,100000,+,ENSG00000132170.15,protein_coding,PPARG,exact_gene_name,GENCODE v19,MATCHED,single_multianalysis_bgzf,s3://pan-ukb-us-east-1/sumstats_flat_files/biomarkers-30870-both_sexes-irnt.tsv.bgz,s3://pan-ukb-us-east-1/sumstats_flat_files_tabix/biomarkers-30870-both_sexes-irnt.tsv.bgz.tbi,s3://pan-ukb-us-east-1/sumstats_flat_files/biomarkers-30870-both_sexes-irnt.tsv.bgz,s3://pan-ukb-us-east-1/sumstats_flat_files_tabix/biomarkers-30870-both_sexes-irnt.tsv.bgz.tbi,AFR,TO_VALIDATE_IN_15B2,MATCHED_TRAIT_CATALOG,True,True,True,True,True,
cmp_d046571b4d69c0ca,gt_44be73ebd0d0a1ce,PPARG,Pan-UKB,Pan-UKB::biomarkers|30870|both_sexes||irnt,Triglycerides,biomarkers|30870|both_sexes||irnt,GRCh37,triglycerides,PRIMARY,Direct quantitative readout,Direct quantitative readout,False,True,A,A,1,0,1,1,Hypertriglyceridemia,EUR,CSA,3,chr3,12328867,12475855,12328866,12228867,12575855,12228866,100000,+,ENSG00000132170.15,protein_coding,PPARG,exact_gene_name,GENCODE v19,MATCHED,single_multianalysis_bgzf,s3://pan-ukb-us-east-1/sumstats_flat_files/biomarkers-30870-both_sexes-irnt.tsv.bgz,s3://pan-ukb-us-east-1/sumstats_flat_files_tabix/biomarkers-30870-both_sexes-irnt.tsv.bgz.tbi,s3://pan-ukb-us-east-1/sumstats_flat_files/biomarkers-30870-both_sexes-irnt.tsv.bgz,s3://pan-ukb-us-east-1/sumstats_flat_files_tabix/biomarkers-30870-both_sexes-irnt.tsv.bgz.tbi,CSA,TO_VALIDATE_IN_15B2,MATCHED_TRAIT_CATALOG,True,True,True,True,True,
cmp_f27a27d52a7eddbe,gt_44be73ebd0d0a1ce,PPARG,Pan-UKB,Pan-UKB::biomarkers|30870|both_sexes||irnt,Triglycerides,biomarkers|30870|both_sexes||irnt,GRCh37,triglycerides,PRIMARY,Direct quantitative readout,Direct quantitative readout,False,True,A,A,1,0,1,1,Hypertriglyceridemia,EUR,MID,3,chr3,12328867,12475855,12328866,12228867,12575855,12228866,100000,+,ENSG00000132170.15,protein_coding,PPARG,exact_gene_name,GENCODE v19,MATCHED,single_multianalysis_bgzf,s3://pan-ukb-us-east-1/sumstats_flat_files/biomarkers-30870-both_sexes-irnt.tsv.bgz,s3://pan-ukb-us-east-1/sumstats_flat_files_tabix/biomarkers-30870-both_sexes-irnt.tsv.bgz.tbi,s3://pan-ukb-us-east-1/sumstats_flat_files/biomarkers-30870-both_sexes-irnt.tsv.bgz,s3://pan-ukb-us-east-1/sumstats_flat_files_tabix/biomarkers-30870-both_sexes-irnt.tsv.bgz.tbi,MID,TO_VALIDATE_IN_15B2,MATCHED_TRAIT_CATALOG,True,True,True,True,True,
cmp_8a50a9834b33764d,gt_e879daaa8470efb6,CSF3R,Pan-UKB,Pan-UKB::continuous|30000|both_sexes||irnt,White blood cell (leukocyte) count,continuous|30000|both_sexes||irnt,GRCh37,white_blood_cell_count,PRIMARY,Direct quantitative readout,Direct quantitative readout,False,True,A,A,1,0,1,1,Leukopenia,EUR,CSA,1,chr1,36931644,36948879,36931643,36831644,37048879,36831643,100000,-,ENSG00000119535.13,protein_coding,CSF3R,exact_gene_name,GENCODE v19,MATCHED,single_multianalysis_bgzf,s3://pan-ukb-us-east-1/sumstats_flat_files/continuous-30000-both_sexes-irnt.tsv.bgz,s3://pan-ukb-us-east-1/sumstats_flat_files_tabix/continuous-30000-both_sexes-irnt.tsv.bgz.tbi,s3://pan-ukb-us-east-1/sumstats_flat_files/continuous-30000-both_sexes-irnt.tsv.bgz,s3://pan-ukb-us-east-1/sumstats_flat_files_tabix/continuous-30000-both_sexes-irnt.tsv.bgz.tbi,CSA,TO_VALIDATE_IN_15B2,MATCHED_TRAIT_CATALOG,True,True,True,True,True,
cmp_0d41e309add8b545,gt_35a39ec308ee87fc,IL12B,Pan-UKB,Pan-UKB::biomarkers|30620|both_sexes||irnt,Alanine aminotransferase,biomarkers|30620|both_sexes||irnt,GRCh37,alanine_aminotransferase,SENSITIVITY,Proxy biomarker,Proxy biomarker,False,False,B,B,0,1,1,1,"Liver Cirrhosis, Biliary",EUR,AFR,5,chr5,158741791,158757895,158741790,158641791,158857895,158641790,100000,-,ENSG00000113302.4,protein_coding,IL12B,exact_gene_name,GENCODE v19,MATCHED,single_multianalysis_bgzf,s3://pan-ukb-us-east-1/sumstats_flat_files/biomarkers-30620-both_sexes-irnt.tsv.bgz,s3://pan-ukb-us-east-1/sumstats_flat_files_tabix/biomarkers-30620-both_sexes-irnt.tsv.bgz.tbi,s3://pan-ukb-us-east-1/sumstats_flat_files/biomarkers-30620-both_sexes-irnt.tsv.bgz,s3://pan-ukb-us-east-1/sumstats_flat_files_tabix/biomarkers-30620-both_sexes-irnt.tsv.bgz.tbi,AFR,TO_VALIDATE_IN_15B2,MATCHED_TRAIT_CATALOG,True,True,True,True,True,
cmp_876175a652730ff9,gt_35a39ec308ee87fc,IL12B,Pan-UKB,Pan-UKB::biomarkers|30620|both_sexes||irnt,Alanine aminotransferase,biomarkers|30620|both_sexes||irnt,GRCh37,alanine_aminotransferase,SENSITIVITY,Proxy biomarker,Proxy biomarker,False,False,B,B,0,1,1,1,"Liver Cirrhosis, Biliary",EUR,CSA,5,chr5,158741791,158757895,158741790,158641791,158857895,158641790,100000,-,ENSG00000113302.4,protein_coding,IL12B,exact_gene_name,GENCODE v19,MATCHED,single_multianalysis_bgzf,s3://pan-ukb-us-east-1/sumstats_flat_files/biomarkers-30620-both_sexes-irnt.tsv.bgz,s3://pan-ukb-us-east-1/sumstats_flat_files_tabix/biomarkers-30620-both_sexes-irnt.tsv.bgz.tbi,s3://pan-ukb-us-east-1/sumstats_flat_files/biomarkers-30620-both_sexes-irnt.tsv.bgz,s3://pan-ukb-us-east-1/sumstats_flat_files_tabix/biomarkers-30620-both_sexes-irnt.tsv.bgz.tbi,CSA,TO_VALIDATE_IN_15B2,MATCHED_TRAIT_CATALOG,True,True,True,True,True,
cmp_79fce02d1594d422,gt_1532a9ca07d456ce,TNFRSF1A,Pan-UKB,Pan-UKB::biomarkers|30620|both_sexes||irnt,Alanine aminotransferase,biomarkers|30620|both_sexes||irnt,GRCh37,alanine_aminotransferase,SENSITIVITY,Proxy biomarker,Proxy biomarker,False,False,B,B,0,1,1,1,Liver Cirrhosis,EUR,AFR,12,chr12,6437923,6451280,6437922,6337923,6551280,6337922,100000,-,ENSG00000067182.3,protein_coding,TNFRSF1A,exact_gene_name,GENCODE v19,MATCHED,single_multianalysis_bgzf,s3://pan-ukb-us-east-1/sumstats_flat_files/biomarkers-30620-both_sexes-irnt.tsv.bgz,s3://pan-ukb-us-east-1/sumstats_flat_files_tabix/biomarkers-30620-both_sexes-irnt.tsv.bgz.tbi,s3://pan-ukb-us-east-1/sumstats_flat_files/biomarkers-30620-both_sexes-irnt.tsv.bgz,s3://pan-ukb-us-east-1/sumstats_flat_files_tabix/biomarkers-30620-both_sexes-irnt.tsv.bgz.tbi,AFR,TO_VALIDATE_IN_15B2,MATCHED_TRAIT_CATALOG,True,True,True,True,True,
cmp_e3aad931b32c1886,gt_1532a9ca07d456ce,TNFRSF1A,Pan-UKB,Pan-UKB::biomarkers|30620|both_sexes||irnt,Alanine aminotransferase,biomarkers|30620|both_sexes||irnt,GRCh37,alanine_aminotransferase,SENSITIVITY,Proxy biomarker,Proxy biomarker,False,False,B,B,0,1,1,1,Liver Cirrhosis,EUR,CSA,12,chr12,6437923,6451280,6437922,6337923,6551280,6337922,100000,-,ENSG00000067182.3,protein_coding,TNFRSF1A,exact_gene_name,GENCODE v19,MATCHED,single_multianalysis_bgzf,s3://pan-ukb-us-east-1/sumstats_flat_files/biomarkers-30620-both_sexes-irnt.tsv.bgz,s3://pan-ukb-us-east-1/sumstats_flat_files_tabix/biomarkers-30620-both_sexes-irnt.tsv.bgz.tbi,s3://pan-ukb-us-east-1/sumstats_flat_files/biomarkers-30620-both_sexes-irnt.tsv.bgz,s3://pan-ukb-us-east-1/sumstats_flat_files_tabix/biomarkers-30620-both_sexes-irnt.tsv.bgz.tbi,CSA,TO_VALIDATE_IN_15B2,MATCHED_TRAIT_CATALOG,True,True,True,True,True,
cmp_df67814fae256ab5,gt_d5f1eb0727f1fc8c,IL12B,Pan-UKB,Pan-UKB::biomarkers|30600|both_sexes||irnt,Albumin,biomarkers|30600|both_sexes||irnt,GRCh37,albumin,SENSITIVITY,Proxy biomarker,Proxy biomarker,False,False,B,B,0,1,1,1,"Liver Cirrhosis, Biliary",EUR,AFR,5,chr5,158741791,158757895,158741790,158641791,158857895,158641790,100000,-,ENSG00000113302.4,protein_coding,IL12B,exact_gene_name,GENCODE v19,MATCHED,single_multianalysis_bgzf,s3://pan-ukb-us-east-1/sumstats_flat_files/biomarkers-30600-both_sexes-irnt.tsv.bgz,s3://pan-ukb-us-east-1/sumstats_flat_files_tabix/biomarkers-30600-both_sexes-irnt.tsv.bgz.tbi,s3://pan-ukb-us-east-1/sumstats_flat_files/biomarkers-30600-both_sexes-irnt.tsv.bgz,s3://pan-ukb-us-east-1/sumstats_flat_files_tabix/biomarkers-30600-both_sexes-irnt.tsv.bgz.tbi,AFR,TO_VALIDATE_IN_15B2,MATCHED_TRAIT_CATALOG,True,True,True,True,True,
cmp_0e149b6409844bc6,gt_d5f1eb0727f1fc8c,IL12B,Pan-UKB,Pan-UKB::biomarkers|30600|both_sexes||irnt,Albumin,biomarkers|30600|both_sexes||irnt,GRCh37,albumin,SENSITIVITY,Proxy biomarker,Proxy biomarker,False,False,B,B,0,1,1,1,"Liver Cirrhosis, Biliary",EUR,CSA,5,chr5,158741791,158757895,158741790,158641791,158857895,158641790,100000,-,ENSG00000113302.4,protein_coding,IL12B,exact_gene_name,GENCODE v19,MATCHED,single_multianalysis_bgzf,s3://pan-ukb-us-east-1/sumstats_flat_files/biomarkers-30600-both_sexes-irnt.tsv.bgz,s3://pan-ukb-us-east-1/sumstats_flat_files_tabix/biomarkers-30600-both_sexes-irnt.tsv.bgz.tbi,s3://pan-ukb-us-east-1/sumstats_flat_files/biomarkers-30600-both_sexes-irnt.tsv.bgz,s3://pan-ukb-us-east-1/sumstats_flat_files_tabix/biomarkers-30600-both_sexes-irnt.tsv.bgz.tbi,CSA,TO_VALIDATE_IN_15B2,MATCHED_TRAIT_CATALOG,True,True,True,True,True,
cmp_d41de7fec7dfca3d,gt_9a0a8eb6c834f627,TNFRSF1A,Pan-UKB,Pan-UKB::biomarkers|30610|both_sexes||irnt,Alkaline phosphatase,biomarkers|30610|both_sexes||irnt,GRCh37,alkaline_phosphatase,SENSITIVITY,Proxy biomarker,Proxy biomarker,False,False,B,B,0,1,1,1,Liver Cirrhosis,EUR,CSA,12,chr12,6437923,6451280,6437922,6337923,6551280,6337922,100000,-,ENSG00000067182.3,protein_coding,TNFRSF1A,exact_gene_name,GENCODE v19,MATCHED,single_multianalysis_bgzf,s3://pan-ukb-us-east-1/sumstats_flat_files/biomarkers-30610-both_sexes-irnt.tsv.bgz,s3://pan-ukb-us-east-1/sumstats_flat_files_tabix/biomarkers-30610-both_sexes-irnt.tsv.bgz.tbi,s3://pan-ukb-us-east-1/sumstats_flat_files/biomarkers-30610-both_sexes-irnt.tsv.bgz,s3://pan-ukb-us-east-1/sumstats_flat_files_tabix/biomarkers-30610-both_sexes-irnt.tsv.bgz.tbi,CSA,TO_VALIDATE_IN_15B2,MATCHED_TRAIT_CATALOG,True,True,True,True,True,
cmp_a80e2c9e5e2e04ce,gt_9a0a8eb6c834f627,TNFRSF1A,Pan-UKB,Pan-UKB::biomarkers|30610|both_sexes||irnt,Alkaline phosphatase,biomarkers|30610|both_sexes||irnt,GRCh37,alkaline_phosphatase,SENSITIVITY,Proxy biomarker,Proxy biomarker,False,False,B,B,0,1,1,1,Liver Cirrhosis,EUR,MID,12,chr12,6437923,6451280,6437922,6337923,6551280,6337922,100000,-,ENSG00000067182.3,protein_coding,TNFRSF1A,exact_gene_name,GENCODE v19,MATCHED,single_multianalysis_bgzf,s3://pan-ukb-us-east-1/sumstats_flat_files/biomarkers-30610-both_sexes-irnt.tsv.bgz,s3://pan-ukb-us-east-1/sumstats_flat_files_tabix/biomarkers-30610-both_sexes-irnt.tsv.bgz.tbi,s3://pan-ukb-us-east-1/sumstats_flat_files/biomarkers-30610-both_sexes-irnt.tsv.bgz,s3://pan-ukb-us-east-1/sumstats_flat_files_tabix/biomarkers-30610-both_sexes-irnt.tsv.bgz.tbi,MID,TO_VALIDATE_IN_15B2,MATCHED_TRAIT_CATALOG,True,True,True,True,True,
cmp_1f26d8cbd14e5f9a,gt_880c09aa6e82a823,ABCA1,Pan-UKB,Pan-UKB::biomarkers|30640|both_sexes||irnt,Apolipoprotein B,biomarkers|30640|both_sexes||irnt,GRCh37,apolipoprotein_b,SENSITIVITY,Direct quantitative readout,Direct quantitative readout,False,False,B,B,0,1,1,1,Hyperlipidemias,EUR,CSA,9,chr9,107543283,107690518,107543282,107443283,107790518,107443282,100000,-,ENSG00000165029.11,protein_coding,ABCA1,exact_gene_name,GENCODE v19,MATCHED,single_multianalysis_bgzf,s3://pan-ukb-us-east-1/sumstats_flat_files/biomarkers-30640-both_sexes-irnt.tsv.bgz,s3://pan-ukb-us-east-1/sumstats_flat_files_tabix/biomarkers-30640-both_sexes-irnt.tsv.bgz.tbi,s3://pan-ukb-us-east-1/sumstats_flat_files/biomarkers-30640-both_sexes-irnt.tsv.bgz,s3://pan-ukb-us-east-1/sumstats_flat_files_tabix/biomarkers-30640-both_sexes-irnt.tsv.bgz.tbi,CSA,TO_VALIDATE_IN_15B2,MATCHED_TRAIT_CATALOG,True,True,True,True,True,
cmp_d54a40e6cf16218c,gt_aeeeee5ba6d1cdd4,ADRB1,Pan-UKB,Pan-UKB::biomarkers|30640|both_sexes||irnt,Apolipoprotein B,biomarkers|30640|both_sexes||irnt,GRCh37,apolipoprotein_b,SENSITIVITY,Direct quantitative readout,Direct quantitative readout,False,False,B,B,0,1,1,1,Hyperlipidemias,EUR,CSA,10,chr10,115803806,115806667,115803805,115703806,115906667,115703805,100000,+,ENSG00000043591.4,protein_coding,ADRB1,exact_gene_name,GENCODE v19,MATCHED,single_multianalysis_bgzf,s3://pan-ukb-us-east-1/sumstats_flat_files/biomarkers-30640-both_sexes-irnt.tsv.bgz,s3://pan-ukb-us-east-1/sumstats_flat_files_tabix/biomarkers-30640-both_sexes-irnt.tsv.bgz.tbi,s3://pan-ukb-us-east-1/sumstats_flat_files/biomarkers-30640-both_sexes-irnt.tsv.bgz,s3://pan-ukb-us-east-1/sumstats_flat_files_tabix/biomarkers-30640-both_sexes-irnt.tsv.bgz.tbi,CSA,TO_VALIDATE_IN_15B2,MATCHED_TRAIT_CATALOG,True,True,True,True,True,
cmp_5e91511345dcb580,gt_3aaa98b315ec15ca,ADRB2,Pan-UKB,Pan-UKB::biomarkers|30640|both_sexes||irnt,Apolipoprotein B,biomarkers|30640|both_sexes||irnt,GRCh37,apolipoprotein_b,SENSITIVITY,Direct quantitative readout,Direct quantitative readout,False,False,B,B,0,1,1,1,Hyperlipidemias,EUR,CSA,5,chr5,148206156,148208196,148206155,148106156,148308196,148106155,100000,+,ENSG00000169252.4,protein_coding,ADRB2,exact_gene_name,GENCODE v19,MATCHED,single_multianalysis_bgzf,s3://pan-ukb-us-east-1/sumstats_flat_files/biomarkers-30640-both_sexes-irnt.tsv.bgz,s3://pan-ukb-us-east-1/sumstats_flat_files_tabix/biomarkers-30640-both_sexes-irnt.tsv.bgz.tbi,s3://pan-ukb-us-east-1/sumstats_flat_files/biomarkers-30640-both_sexes-irnt.tsv.bgz,s3://pan-ukb-us-east-1/sumstats_flat_files_tabix/biomarkers-30640-both_sexes-irnt.tsv.bgz.tbi,CSA,TO_VALIDATE_IN_15B2,MATCHED_TRAIT_CATALOG,True,True,True,True,True,
cmp_7ab7ecbd6dedb632,gt_d9cb93951608efa4,ANGPTL3,Pan-UKB,Pan-UKB::biomarkers|30640|both_sexes||irnt,Apolipoprotein B,biomarkers|30640|both_sexes||irnt,GRCh37,apolipoprotein_b,SENSITIVITY,Direct quantitative readout,Direct quantitative readout,True,False,A,"A,B",1,3,4,4,Dyslipidemias || Hypercholesterolemia || Hyperlipidemias || Hyperlipoproteinemia Type II,EUR,CSA,1,chr1,63063158,63071830,63063157,62963158,63171830,62963157,100000,+,ENSG00000132855.4,protein_coding,ANGPTL3,exact_gene_name,GENCODE v19,MATCHED,single_multianalysis_bgzf,s3://pan-ukb-us-east-1/sumstats_flat_files/biomarkers-30640-both_sexes-irnt.tsv.bgz,s3://pan-ukb-us-east-1/sumstats_flat_files_tabix/biomarkers-30640-both_sexes-irnt.tsv.bgz.tbi,s3://pan-ukb-us-east-1/sumstats_flat_files/biomarkers-30640-both_sexes-irnt.tsv.bgz,s3://pan-ukb-us-east-1/sumstats_flat_files_tabix/biomarkers-30640-both_sexes-irnt.tsv.bgz.tbi,CSA,TO_VALIDATE_IN_15B2,MATCHED_TRAIT_CATALOG,True,True,True,True,True,
cmp_e423440085884f5d,gt_2a3973930dfa8079,ANGPTL8,Pan-UKB,Pan-UKB::biomarkers|30640|both_sexes||irnt,Apolipoprotein B,biomarkers|30640|both_sexes||irnt,GRCh37,apolipoprotein_b,SENSITIVITY,Direct quantitative readout,Direct quantitative readout,False,False,B,B,0,1,1,1,Hyperlipidemias,EUR,CSA,19,chr19,11348178,11352619,11348177,11248178,11452619,11248177,100000,+,ENSG00000130173.9,protein_coding,C19orf80,historical_symbol_alias,GENCODE v19,MATCHED,single_multianalysis_bgzf,s3://pan-ukb-us-east-1/sumstats_flat_files/biomarkers-30640-both_sexes-irnt.tsv.bgz,s3://pan-ukb-us-east-1/sumstats_flat_files_tabix/biomarkers-30640-both_sexes-irnt.tsv.bgz.tbi,s3://pan-ukb-us-east-1/sumstats_flat_files/biomarkers-30640-both_sexes-irnt.tsv.bgz,s3://pan-ukb-us-east-1/sumstats_flat_files_tabix/biomarkers-30640-both_sexes-irnt.tsv.bgz.tbi,CSA,TO_VALIDATE_IN_15B2,MATCHED_TRAIT_CATALOG,True,True,True,True,True,
cmp_d980e0c61201f1e2,gt_e472a4b9838e4efd,APOA1,Pan-UKB,Pan-UKB::biomarkers|30640|both_sexes||irnt,Apolipoprotein B,biomarkers|30640|both_sexes||irnt,GRCh37,apolipoprotein_b,SENSITIVITY,Direct quantitative readout,Direct quantitative readout,False,False,B,B,0,3,3,3,Hypercholesterolemia || Hyperlipidemias || Hyperlipoproteinemia Type II,EUR,CSA,11,chr11,116706467,116708666,116706466,116606467,116808666,116606466,100000,-,ENSG00000118137.5,protein_coding,APOA1,exact_gene_name,GENCODE v19,MATCHED,single_multianalysis_bgzf,s3://pan-ukb-us-east-1/sumstats_flat_files/biomarkers-30640-both_sexes-irnt.tsv.bgz,s3://pan-ukb-us-east-1/sumstats_flat_files_tabix/biomarkers-30640-both_sexes-irnt.tsv.bgz.tbi,s3://pan-ukb-us-east-1/sumstats_flat_files/biomarkers-30640-both_sexes-irnt.tsv.bgz,s3://pan-ukb-us-east-1/sumstats_flat_files_tabix/biomarkers-30640-both_sexes-irnt.tsv.bgz.tbi,CSA,TO_VALIDATE_IN_15B2,MATCHED_TRAIT_CATALOG,True,True,True,True,True,
cmp_8ea6bd70ef7deb11,gt_638010dd904ff52a,APOB,Pan-UKB,Pan-UKB::biomarkers|30640|both_sexes||irnt,Apolipoprotein B,biomarkers|30640|both_sexes||irnt,GRCh37,apolipoprotein_b,SENSITIVITY,Direct quantitative readout,Direct quantitative readout,True,False,A,"A,B",1,2,3,3,Hypercholesterolemia || Hyperlipidemias || Hyperlipoproteinemia Type II,EUR,CSA,2,chr2,21224301,21266945,21224300,21124301,21366945,21124300,100000,-,ENSG00000084674.9,protein_coding,APOB,exact_gene_name,GENCODE v19,MATCHED,single_multianalysis_bgzf,s3://pan-ukb-us-east-1/sumstats_flat_files/biomarkers-30640-both_sexes-irnt.tsv.bgz,s3://pan-ukb-us-east-1/sumstats_flat_files_tabix/biomarkers-30640-both_sexes-irnt.tsv.bgz.tbi,s3://pan-ukb-us-east-1/sumstats_flat_files/biomarkers-30640-both_sexes-irnt.tsv.bgz,s3://pan-ukb-us-east-1/sumstats_flat_files_tabix/biomarkers-30640-both_sexes-irnt.tsv.bgz.tbi,CSA,TO_VALIDATE_IN_15B2,MATCHED_TRAIT_CATALOG,True,True,True,True,True,
cmp_049db12e6e9d0ad5,gt_8710f4213a54e500,APOC3,Pan-UKB,Pan-UKB::biomarkers|30640|both_sexes||irnt,Apolipoprotein B,biomarkers|30640|both_sexes||irnt,GRCh37,apolipoprotein_b,SENSITIVITY,Direct quantitative readout,Direct quantitative readout,False,False,B,B,0,3,3,3,Dyslipidemias || Hypercholesterolemia || Hyperlipidemias,EUR,CSA,11,chr11,116700422,116703788,116700421,116600422,116803788,116600421,100000,+,ENSG00000110245.7,protein_coding,APOC3,exact_gene_name,GENCODE v19,MATCHED,single_multianalysis_bgzf,s3://pan-ukb-us-east-1/sumstats_flat_files/biomarkers-30640-both_sexes-irnt.tsv.bgz,s3://pan-ukb-us-east-1/sumstats_flat_files_tabix/biomarkers-30640-both_sexes-irnt.tsv.bgz.tbi,s3://pan-ukb-us-east-1/sumstats_flat_files/biomarkers-30640-both_sexes-irnt.tsv.bgz,s3://pan-ukb-us-east-1/sumstats_flat_files_tabix/biomarkers-30640-both_sexes-irnt.tsv.bgz.tbi,CSA,TO_VALIDATE_IN_15B2,MATCHED_TRAIT_CATALOG,True,True,True,True,True,
cmp_934a6d93c5b0ee20,gt_7e022850efc1272a,APOE,Pan-UKB,Pan-UKB::biomarkers|30640|both_sexes||irnt,Apolipoprotein B,biomarkers|30640|both_sexes||irnt,GRCh37,apolipoprotein_b,SENSITIVITY,Direct quantitative readout,Direct quantitative readout,False,False,B,B,0,1,1,1,Hyperlipoproteinemia Type II,EUR,CSA,19,chr19,45409011,45412650,45409010,45309011,45512650,45309010,100000,+,ENSG00000130203.5,protein_coding,APOE,exact_gene_name,GENCODE v19,MATCHED,single_multianalysis_bgzf,s3://pan-ukb-us-east-1/sumstats_flat_files/biomarkers-30640-both_sexes-irnt.tsv.bgz,s3://pan-ukb-us-east-1/sumstats_flat_files_tabix/biomarkers-30640-both_sexes-irnt.tsv.bgz.tbi,s3://pan-ukb-us-east-1/sumstats_flat_files/biomarkers-30640-both_sexes-irnt.tsv.bgz,s3://pan-ukb-us-east-1/sumstats_flat_files_tabix/biomarkers-30640-both_sexes-irnt.tsv.bgz.tbi,CSA,TO_VALIDATE_IN_15B2,MATCHED_TRAIT_CATALOG,True,True,True,True,True,
cmp_fdecc0121c6842d9,gt_911740b41c241344,CETP,Pan-UKB,Pan-UKB::biomarkers|30640|both_sexes||irnt,Apolipoprotein B,biomarkers|30640|both_sexes||irnt,GRCh37,apolipoprotein_b,SENSITIVITY,Direct quantitative readout,Direct quantitative readout,False,False,B,B,0,3,3,3,Hypercholesterolemia || Hyperlipidemias || Hyperlipoproteinemia Type II,EUR,CSA,16,chr16,56995762,57017757,56995761,56895762,57117757,56895761,100000,+,ENSG00000087237.6,protein_coding,CETP,exact_gene_name,GENCODE v19,MATCHED,single_multianalysis_bgzf,s3://pan-ukb-us-east-1/sumstats_flat_files/biomarkers-30640-both_sexes-irnt.tsv.bgz,s3://pan-ukb-us-east-1/sumstats_flat_files_tabix/biomarkers-30640-both_sexes-irnt.tsv.bgz.tbi,s3://pan-ukb-us-east-1/sumstats_flat_files/biomarkers-30640-both_sexes-irnt.tsv.bgz,s3://pan-ukb-us-east-1/sumstats_flat_files_tabix/biomarkers-30640-both_sexes-irnt.tsv.bgz.tbi,CSA,TO_VALIDATE_IN_15B2,MATCHED_TRAIT_CATALOG,True,True,True,True,True,
cmp_abdef92a78b809ed,gt_63507162bcaa3920,DGAT2,Pan-UKB,Pan-UKB::biomarkers|30640|both_sexes||irnt,Apolipoprotein B,biomarkers|30640|both_sexes||irnt,GRCh37,apolipoprotein_b,SENSITIVITY,Direct quantitative readout,Direct quantitative readout,False,False,B,B,0,1,1,1,Hyperlipidemias,EUR,CSA,11,chr11,75470557,75512579,75470556,75370557,75612579,75370556,100000,+,ENSG00000062282.10,protein_coding,DGAT2,exact_gene_name,GENCODE v19,MATCHED,single_multianalysis_bgzf,s3://pan-ukb-us-east-1/sumstats_flat_files/biomarkers-30640-both_sexes-irnt.tsv.bgz,s3://pan-ukb-us-east-1/sumstats_flat_files_tabix/biomarkers-30640-both_sexes-irnt.tsv.bgz.tbi,s3://pan-ukb-us-east-1/sumstats_flat_files/biomarkers-30640-both_sexes-irnt.tsv.bgz,s3://pan-ukb-us-east-1/sumstats_flat_files_tabix/biomarkers-30640-both_sexes-irnt.tsv.bgz.tbi,CSA,TO_VALIDATE_IN_15B2,MATCHED_TRAIT_CATALOG,True,True,True,True,True,
cmp_9d101cf21b1d54b0,gt_40a892854f5916e0,FDFT1,Pan-UKB,Pan-UKB::biomarkers|30640|both_sexes||irnt,Apolipoprotein B,biomarkers|30640|both_sexes||irnt,GRCh37,apolipoprotein_b,SENSITIVITY,Direct quantitative readout,Direct quantitative readout,False,False,B,B,0,1,1,1,Hyperlipidemias,EUR,CSA,8,chr8,11653082,11696818,11653081,11553082,11796818,11553081,100000,+,ENSG00000079459.8,protein_coding,FDFT1,exact_gene_name,GENCODE v19,MATCHED,single_multianalysis_bgzf,s3://pan-ukb-us-east-1/sumstats_flat_files/biomarkers-30640-both_sexes-irnt.tsv.bgz,s3://pan-ukb-us-east-1/sumstats_flat_files_tabix/biomarkers-30640-both_sexes-irnt.tsv.bgz.tbi,s3://pan-ukb-us-east-1/sumstats_flat_files/biomarkers-30640-both_sexes-irnt.tsv.bgz,s3://pan-ukb-us-east-1/sumstats_flat_files_tabix/biomarkers-30640-both_sexes-irnt.tsv.bgz.tbi,CSA,TO_VALIDATE_IN_15B2,MATCHED_TRAIT_CATALOG,True,True,True,True,True,
cmp_cb1db4274fd68dda,gt_db347719699507ec,HCAR2,Pan-UKB,Pan-UKB::biomarkers|30640|both_sexes||irnt,Apolipoprotein B,biomarkers|30640|both_sexes||irnt,GRCh37,apolipoprotein_b,SENSITIVITY,Direct quantitative readout,Direct quantitative readout,False,False,B,B,0,2,2,2,Hypercholesterolemia || Hyperlipidemias,EUR,CSA,12,chr12,123185840,123187890,123185839,123085840,123287890,123085839,100000,-,ENSG00000182782.7,protein_coding,HCAR2,exact_gene_name,GENCODE v19,MATCHED,single_multianalysis_bgzf,s3://pan-ukb-us-east-1/sumstats_flat_files/biomarkers-30640-both_sexes-irnt.tsv.bgz,s3://pan-ukb-us-east-1/sumstats_flat_files_tabix/biomarkers-30640-both_sexes-irnt.tsv.bgz.tbi,s3://pan-ukb-us-east-1/sumstats_flat_files/biomarkers-30640-both_sexes-irnt.tsv.bgz,s3://pan-ukb-us-east-1/sumstats_flat_files_tabix/biomarkers-30640-both_sexes-irnt.tsv.bgz.tbi,CSA,TO_VALIDATE_IN_15B2,MATCHED_TRAIT_CATALOG,True,True,True,True,True,
cmp_c119e7f321b7da42,gt_789afc52cefd4f2d,HCAR3,Pan-UKB,Pan-UKB::biomarkers|30640|both_sexes||irnt,Apolipoprotein B,biomarkers|30640|both_sexes||irnt,GRCh37,apolipoprotein_b,SENSITIVITY,Direct quantitative readout,Direct quantitative readout,False,False,B,B,0,2,2,2,Hypercholesterolemia || Hyperlipidemias,EUR,CSA,12,chr12,123199303,123201439,123199302,123099303,123301439,123099302,100000,-,ENSG00000255398.2,protein_coding,HCAR3,exact_gene_name,GENCODE v19,MATCHED,single_multianalysis_bgzf,s3://pan-ukb-us-east-1/sumstats_flat_files/biomarkers-30640-both_sexes-irnt.tsv.bgz,s3://pan-ukb-us-east-1/sumstats_flat_files_tabix/biomarkers-30640-both_sexes-irnt.tsv.bgz.tbi,s3://pan-ukb-us-east-1/sumstats_flat_files/biomarkers-30640-both_sexes-irnt.tsv.bgz,s3://pan-ukb-us-east-1/sumstats_flat_files_tabix/biomarkers-30640-both_sexes-irnt.tsv.bgz.tbi,CSA,TO_VALIDATE_IN_15B2,MATCHED_TRAIT_CATALOG,True,True,True,True,True,
cmp_ad432fa8da06a521,gt_a2fbc60777f1e768,HMGCR,Pan-UKB,Pan-UKB::biomarkers|30640|both_sexes||irnt,Apolipoprotein B,biomarkers|30640|both_sexes||irnt,GRCh37,apolipoprotein_b,SENSITIVITY,Direct quantitative readout,Direct quantitative readout,False,False,A,A,3,0,3,3,Dyslipidemias || Hypercholesterolemia || Hyperlipidemias,EUR,CSA,5,chr5,74632154,74657929,74632153,74532154,74757929,74532153,100000,+,ENSG00000113161.11,protein_coding,HMGCR,exact_gene_name,GENCODE v19,MATCHED,single_multianalysis_bgzf,s3://pan-ukb-us-east-1/sumstats_flat_files/biomarkers-30640-both_sexes-irnt.tsv.bgz,s3://pan-ukb-us-east-1/sumstats_flat_files_tabix/biomarkers-30640-both_sexes-irnt.tsv.bgz.tbi,s3://pan-ukb-us-east-1/sumstats_flat_files/biomarkers-30640-both_sexes-irnt.tsv.bgz,s3://pan-ukb-us-east-1/sumstats_flat_files_tabix/biomarkers-30640-both_sexes-irnt.tsv.bgz.tbi,CSA,TO_VALIDATE_IN_15B2,MATCHED_TRAIT_CATALOG,True,True,True,True,True,
cmp_f0f29abb59b9d257,gt_fd898132e38f7788,LPA,Pan-UKB,Pan-UKB::biomarkers|30640|both_sexes||irnt,Apolipoprotein B,biomarkers|30640|both_sexes||irnt,GRCh37,apolipoprotein_b,SENSITIVITY,Direct quantitative readout,Direct quantitative readout,False,False,B,B,0,1,1,1,Hyperlipidemias,EUR,CSA,6,chr6,160952515,161087407,160952514,160852515,161187407,160852514,100000,-,ENSG00000198670.7,protein_coding,LPA,exact_gene_name,GENCODE v19,MATCHED,single_multianalysis_bgzf,s3://pan-ukb-us-east-1/sumstats_flat_files/biomarkers-30640-both_sexes-irnt.tsv.bgz,s3://pan-ukb-us-east-1/sumstats_flat_files_tabix/biomarkers-30640-both_sexes-irnt.tsv.bgz.tbi,s3://pan-ukb-us-east-1/sumstats_flat_files/biomarkers-30640-both_sexes-irnt.tsv.bgz,s3://pan-ukb-us-east-1/sumstats_flat_files_tabix/biomarkers-30640-both_sexes-irnt.tsv.bgz.tbi,CSA,TO_VALIDATE_IN_15B2,MATCHED_TRAIT_CATALOG,True,True,True,True,True,
cmp_0398a8ba3b5e8f67,gt_6b7b6bd038da9052,MTTP,Pan-UKB,Pan-UKB::biomarkers|30640|both_sexes||irnt,Apolipoprotein B,biomarkers|30640|both_sexes||irnt,GRCh37,apolipoprotein_b,SENSITIVITY,Direct quantitative readout,Direct quantitative readout,False,False,B,B,0,1,1,1,Hyperlipidemias,EUR,CSA,4,chr4,100484918,100545156,100484917,100384918,100645156,100384917,100000,+,ENSG00000138823.8,protein_coding,MTTP,exact_gene_name,GENCODE v19,MATCHED,single_multianalysis_bgzf,s3://pan-ukb-us-east-1/sumstats_flat_files/biomarkers-30640-both_sexes-irnt.tsv.bgz,s3://pan-ukb-us-east-1/sumstats_flat_files_tabix/biomarkers-30640-both_sexes-irnt.tsv.bgz.tbi,s3://pan-ukb-us-east-1/sumstats_flat_files/biomarkers-30640-both_sexes-irnt.tsv.bgz,s3://pan-ukb-us-east-1/sumstats_flat_files_tabix/biomarkers-30640-both_sexes-irnt.tsv.bgz.tbi,CSA,TO_VALIDATE_IN_15B2,MATCHED_TRAIT_CATALOG,True,True,True,True,True,
cmp_85eb1208bd6067d0,gt_c6647379089cd913,NPC1L1,Pan-UKB,Pan-UKB::biomarkers|30640|both_sexes||irnt,Apolipoprotein B,biomarkers|30640|both_sexes||irnt,GRCh37,apolipoprotein_b,SENSITIVITY,Direct quantitative readout,Direct quantitative readout,True,False,A,"A,B",1,1,2,2,Dyslipidemias || Hyperlipidemias,EUR,CSA,7,chr7,44552134,44580914,44552133,44452134,44680914,44452133,100000,-,ENSG00000015520.10,protein_coding,NPC1L1,exact_gene_name,GENCODE v19,MATCHED,single_multianalysis_bgzf,s3://pan-ukb-us-east-1/sumstats_flat_files/biomarkers-30640-both_sexes-irnt.tsv.bgz,s3://pan-ukb-us-east-1/sumstats_flat_files_tabix/biomarkers-30640-both_sexes-irnt.tsv.bgz.tbi,s3://pan-ukb-us-east-1/sumstats_flat_files/biomarkers-30640-both_sexes-irnt.tsv.bgz,s3://pan-ukb-us-east-1/sumstats_flat_files_tabix/biomarkers-30640-both_sexes-irnt.tsv.bgz.tbi,CSA,TO_VALIDATE_IN_15B2,MATCHED_TRAIT_CATALOG,True,True,True,True,True,
cmp_52c726367c7f795d,gt_1b1f490edcf0cd67,NR1H3,Pan-UKB,Pan-UKB::biomarkers|30640|both_sexes||irnt,Apolipoprotein B,biomarkers|30640|both_sexes||irnt,GRCh37,apolipoprotein_b,SENSITIVITY,Direct quantitative readout,Direct quantitative readout,False,False,B,B,0,1,1,1,Hypercholesterolemia,EUR,CSA,11,chr11,47269851,47290396,47269850,47169851,47390396,47169850,100000,+,ENSG00000025434.14,protein_coding,NR1H3,exact_gene_name,GENCODE v19,MATCHED,single_multianalysis_bgzf,s3://pan-ukb-us-east-1/sumstats_flat_files/biomarkers-30640-both_sexes-irnt.tsv.bgz,s3://pan-ukb-us-east-1/sumstats_flat_files_tabix/biomarkers-30640-both_sexes-irnt.tsv.bgz.tbi,s3://pan-ukb-us-east-1/sumstats_flat_files/biomarkers-30640-both_sexes-irnt.tsv.bgz,s3://pan-ukb-us-east-1/sumstats_flat_files_tabix/biomarkers-30640-both_sexes-irnt.tsv.bgz.tbi,CSA,TO_VALIDATE_IN_15B2,MATCHED_TRAIT_CATALOG,True,True,True,True,True,
cmp_f535db3143d8cc5c,gt_5e044fcde2890531,NR1H4,Pan-UKB,Pan-UKB::biomarkers|30640|both_sexes||irnt,Apolipoprotein B,biomarkers|30640|both_sexes||irnt,GRCh37,apolipoprotein_b,SENSITIVITY,Direct quantitative readout,Direct quantitative readout,False,False,B,B,0,2,2,2,Hypercholesterolemia || Hyperlipidemias,EUR,CSA,12,chr12,100867486,100958191,100867485,100767486,101058191,100767485,100000,+,ENSG00000012504.9,protein_coding,NR1H4,exact_gene_name,GENCODE v19,MATCHED,single_multianalysis_bgzf,s3://pan-ukb-us-east-1/sumstats_flat_files/biomarkers-30640-both_sexes-irnt.tsv.bgz,s3://pan-ukb-us-east-1/sumstats_flat_files_tabix/biomarkers-30640-both_sexes-irnt.tsv.bgz.tbi,s3://pan-ukb-us-east-1/sumstats_flat_files/biomarkers-30640-both_sexes-irnt.tsv.bgz,s3://pan-ukb-us-east-1/sumstats_flat_files_tabix/biomarkers-30640-both_sexes-irnt.tsv.bgz.tbi,CSA,TO_VALIDATE_IN_15B2,MATCHED_TRAIT_CATALOG,True,True,True,True,True,
cmp_30515c33d724a244,gt_5546449a60969756,PCSK9,Pan-UKB,Pan-UKB::biomarkers|30640|both_sexes||irnt,Apolipoprotein B,biomarkers|30640|both_sexes||irnt,GRCh37,apolipoprotein_b,SENSITIVITY,Direct quantitative readout,Direct quantitative readout,False,False,A,A,3,0,3,3,Hypercholesterolemia || Hyperlipidemias || Hyperlipoproteinemia Type II,EUR,CSA,1,chr1,55505221,55530525,55505220,55405221,55630525,55405220,100000,+,ENSG00000169174.9,protein_coding,PCSK9,exact_gene_name,GENCODE v19,MATCHED,single_multianalysis_bgzf,s3://pan-ukb-us-east-1/sumstats_flat_files/biomarkers-30640-both_sexes-irnt.tsv.bgz,s3://pan-ukb-us-east-1/sumstats_flat_files_tabix/biomarkers-30640-both_sexes-irnt.tsv.bgz.tbi,s3://pan-ukb-us-east-1/sumstats_flat_files/biomarkers-30640-both_sexes-irnt.tsv.bgz,s3://pan-ukb-us-east-1/sumstats_flat_files_tabix/biomarkers-30640-both_sexes-irnt.tsv.bgz.tbi,CSA,TO_VALIDATE_IN_15B2,MATCHED_TRAIT_CATALOG,True,True,True,True,True,
cmp_0457e31e96e0c45d,gt_a720a56d887401e7,PPARA,Pan-UKB,Pan-UKB::biomarkers|30640|both_sexes||irnt,Apolipoprotein B,biomarkers|30640|both_sexes||irnt,GRCh37,apolipoprotein_b,SENSITIVITY,Direct quantitative readout,Direct quantitative readout,True,False,A,"A,B",3,1,4,4,Dyslipidemias || Hypercholesterolemia || Hyperlipidemias || Hyperlipoproteinemia Type II,EUR,CSA,22,chr22,46546424,46639653,46546423,46446424,46739653,46446423,100000,+,ENSG00000186951.12,protein_coding,PPARA,exact_gene_name,GENCODE v19,MATCHED,single_multianalysis_bgzf,s3://pan-ukb-us-east-1/sumstats_flat_files/biomarkers-30640-both_sexes-irnt.tsv.bgz,s3://pan-ukb-us-east-1/sumstats_flat_files_tabix/biomarkers-30640-both_sexes-irnt.tsv.bgz.tbi,s3://pan-ukb-us-east-1/sumstats_flat_files/biomarkers-30640-both_sexes-irnt.tsv.bgz,s3://pan-ukb-us-east-1/sumstats_flat_files_tabix/biomarkers-30640-both_sexes-irnt.tsv.bgz.tbi,CSA,TO_VALIDATE_IN_15B2,MATCHED_TRAIT_CATALOG,True,True,True,True,True,
cmp_1d83b5a66060b474,gt_a771e8ce8bd5d5d6,PPARG,Pan-UKB,Pan-UKB::biomarkers|30640|both_sexes||irnt,Apolipoprotein B,biomarkers|30640|both_sexes||irnt,GRCh37,apolipoprotein_b,SENSITIVITY,Direct quantitative readout,Direct quantitative readout,False,False,A,A,1,0,1,1,Hyperlipidemias,EUR,CSA,3,chr3,12328867,12475855,12328866,12228867,12575855,12228866,100000,+,ENSG00000132170.15,protein_coding,PPARG,exact_gene_name,GENCODE v19,MATCHED,single_multianalysis_bgzf,s3://pan-ukb-us-east-1/sumstats_flat_files/biomarkers-30640-both_sexes-irnt.tsv.bgz,s3://pan-ukb-us-east-1/sumstats_flat_files_tabix/biomarkers-30640-both_sexes-irnt.tsv.bgz.tbi,s3://pan-ukb-us-east-1/sumstats_flat_files/biomarkers-30640-both_sexes-irnt.tsv.bgz,s3://pan-ukb-us-east-1/sumstats_flat_files_tabix/biomarkers-30640-both_sexes-irnt.tsv.bgz.tbi,CSA,TO_VALIDATE_IN_15B2,MATCHED_TRAIT_CATALOG,True,True,True,True,True,
cmp_4965252417aa1caf,gt_0e169e1a379505e6,SLC10A2,Pan-UKB,Pan-UKB::biomarkers|30640|both_sexes||irnt,Apolipoprotein B,biomarkers|30640|both_sexes||irnt,GRCh37,apolipoprotein_b,SENSITIVITY,Direct quantitative readout,Direct quantitative readout,False,False,B,B,0,2,2,2,Hypercholesterolemia || Hyperlipidemias,EUR,CSA,13,chr13,103696350,103719196,103696349,103596350,103819196,103596349,100000,-,ENSG00000125255.5,protein_coding,SLC10A2,exact_gene_name,GENCODE v19,MATCHED,single_multianalysis_bgzf,s3://pan-ukb-us-east-1/sumstats_flat_files/biomarkers-30640-both_sexes-irnt.tsv.bgz,s3://pan-ukb-us-east-1/sumstats_flat_files_tabix/biomarkers-30640-both_sexes-irnt.tsv.bgz.tbi,s3://pan-ukb-us-east-1/sumstats_flat_files/biomarkers-30640-both_sexes-irnt.tsv.bgz,s3://pan-ukb-us-east-1/sumstats_flat_files_tabix/biomarkers-30640-both_sexes-irnt.tsv.bgz.tbi,CSA,TO_VALIDATE_IN_15B2,MATCHED_TRAIT_CATALOG,True,True,True,True,True,
cmp_af4816c514d95ac6,gt_9332f01cb4a157fe,THRB,Pan-UKB,Pan-UKB::biomarkers|30640|both_sexes||irnt,Apolipoprotein B,biomarkers|30640|both_sexes||irnt,GRCh37,apolipoprotein_b,SENSITIVITY,Direct quantitative readout,Direct quantitative readout,False,False,B,B,0,2,2,2,Hypercholesterolemia || Hyperlipoproteinemia Type II,EUR,CSA,3,chr3,24158651,24536773,24158650,24058651,24636773,24058650,100000,-,ENSG00000151090.13,protein_coding,THRB,exact_gene_name,GENCODE v19,MATCHED,single_multianalysis_bgzf,s3://pan-ukb-us-east-1/sumstats_flat_files/biomarkers-30640-both_sexes-irnt.tsv.bgz,s3://pan-ukb-us-east-1/sumstats_flat_files_tabix/biomarkers-30640-both_sexes-irnt.tsv.bgz.tbi,s3://pan-ukb-us-east-1/sumstats_flat_files/biomarkers-30640-both_sexes-irnt.tsv.bgz,s3://pan-ukb-us-east-1/sumstats_flat_files_tabix/biomarkers-30640-both_sexes-irnt.tsv.bgz.tbi,CSA,TO_VALIDATE_IN_15B2,MATCHED_TRAIT_CATALOG,True,True,True,True,True,
cmp_5a33809c9a767c6c,gt_48233b9c2eb59a1f,ABCA1,Pan-UKB,Pan-UKB::biomarkers|30690|both_sexes||irnt,Cholesterol,biomarkers|30690|both_sexes||irnt,GRCh37,total_cholesterol,SENSITIVITY,Direct quantitative readout,Direct quantitative readout,False,False,B,B,0,1,1,1,Hyperlipidemias,EUR,CSA,9,chr9,107543283,107690518,107543282,107443283,107790518,107443282,100000,-,ENSG00000165029.11,protein_coding,ABCA1,exact_gene_name,GENCODE v19,MATCHED,single_multianalysis_bgzf,s3://pan-ukb-us-east-1/sumstats_flat_files/biomarkers-30690-both_sexes-irnt.tsv.bgz,s3://pan-ukb-us-east-1/sumstats_flat_files_tabix/biomarkers-30690-both_sexes-irnt.tsv.bgz.tbi,s3://pan-ukb-us-east-1/sumstats_flat_files/biomarkers-30690-both_sexes-irnt.tsv.bgz,s3://pan-ukb-us-east-1/sumstats_flat_files_tabix/biomarkers-30690-both_sexes-irnt.tsv.bgz.tbi,CSA,TO_VALIDATE_IN_15B2,MATCHED_TRAIT_CATALOG,True,True,True,True,True,
cmp_5e6b99ccae7e86fb,gt_c98636246f1eeeb1,ADRB1,Pan-UKB,Pan-UKB::biomarkers|30690|both_sexes||irnt,Cholesterol,biomarkers|30690|both_sexes||irnt,GRCh37,total_cholesterol,SENSITIVITY,Direct quantitative readout,Direct quantitative readout,False,False,B,B,0,1,1,1,Hyperlipidemias,EUR,CSA,10,chr10,115803806,115806667,115803805,115703806,115906667,115703805,100000,+,ENSG00000043591.4,protein_coding,ADRB1,exact_gene_name,GENCODE v19,MATCHED,single_multianalysis_bgzf,s3://pan-ukb-us-east-1/sumstats_flat_files/biomarkers-30690-both_sexes-irnt.tsv.bgz,s3://pan-ukb-us-east-1/sumstats_flat_files_tabix/biomarkers-30690-both_sexes-irnt.tsv.bgz.tbi,s3://pan-ukb-us-east-1/sumstats_flat_files/biomarkers-30690-both_sexes-irnt.tsv.bgz,s3://pan-ukb-us-east-1/sumstats_flat_files_tabix/biomarkers-30690-both_sexes-irnt.tsv.bgz.tbi,CSA,TO_VALIDATE_IN_15B2,MATCHED_TRAIT_CATALOG,True,True,True,True,True,
cmp_036fbd7fe45441c6,gt_dfad32820104eef9,ADRB2,Pan-UKB,Pan-UKB::biomarkers|30690|both_sexes||irnt,Cholesterol,biomarkers|30690|both_sexes||irnt,GRCh37,total_cholesterol,SENSITIVITY,Direct quantitative readout,Direct quantitative readout,False,False,B,B,0,1,1,1,Hyperlipidemias,EUR,CSA,5,chr5,148206156,148208196,148206155,148106156,148308196,148106155,100000,+,ENSG00000169252.4,protein_coding,ADRB2,exact_gene_name,GENCODE v19,MATCHED,single_multianalysis_bgzf,s3://pan-ukb-us-east-1/sumstats_flat_files/biomarkers-30690-both_sexes-irnt.tsv.bgz,s3://pan-ukb-us-east-1/sumstats_flat_files_tabix/biomarkers-30690-both_sexes-irnt.tsv.bgz.tbi,s3://pan-ukb-us-east-1/sumstats_flat_files/biomarkers-30690-both_sexes-irnt.tsv.bgz,s3://pan-ukb-us-east-1/sumstats_flat_files_tabix/biomarkers-30690-both_sexes-irnt.tsv.bgz.tbi,CSA,TO_VALIDATE_IN_15B2,MATCHED_TRAIT_CATALOG,True,True,True,True,True,
cmp_7bfbcd456087ab80,gt_901e56afccee7ba0,ANGPTL3,Pan-UKB,Pan-UKB::biomarkers|30690|both_sexes||irnt,Cholesterol,biomarkers|30690|both_sexes||irnt,GRCh37,total_cholesterol,SENSITIVITY,Direct quantitative readout,Direct quantitative readout,True,False,A,"A,B",1,3,4,4,Dyslipidemias || Hypercholesterolemia || Hyperlipidemias || Hyperlipoproteinemia Type II,EUR,CSA,1,chr1,63063158,63071830,63063157,62963158,63171830,62963157,100000,+,ENSG00000132855.4,protein_coding,ANGPTL3,exact_gene_name,GENCODE v19,MATCHED,single_multianalysis_bgzf,s3://pan-ukb-us-east-1/sumstats_flat_files/biomarkers-30690-both_sexes-irnt.tsv.bgz,s3://pan-ukb-us-east-1/sumstats_flat_files_tabix/biomarkers-30690-both_sexes-irnt.tsv.bgz.tbi,s3://pan-ukb-us-east-1/sumstats_flat_files/biomarkers-30690-both_sexes-irnt.tsv.bgz,s3://pan-ukb-us-east-1/sumstats_flat_files_tabix/biomarkers-30690-both_sexes-irnt.tsv.bgz.tbi,CSA,TO_VALIDATE_IN_15B2,MATCHED_TRAIT_CATALOG,True,True,True,True,True,
cmp_29d8e89ffd8b7085,gt_75c73f4df9d630bb,ANGPTL8,Pan-UKB,Pan-UKB::biomarkers|30690|both_sexes||irnt,Cholesterol,biomarkers|30690|both_sexes||irnt,GRCh37,total_cholesterol,SENSITIVITY,Direct quantitative readout,Direct quantitative readout,False,False,B,B,0,1,1,1,Hyperlipidemias,EUR,CSA,19,chr19,11348178,11352619,11348177,11248178,11452619,11248177,100000,+,ENSG00000130173.9,protein_coding,C19orf80,historical_symbol_alias,GENCODE v19,MATCHED,single_multianalysis_bgzf,s3://pan-ukb-us-east-1/sumstats_flat_files/biomarkers-30690-both_sexes-irnt.tsv.bgz,s3://pan-ukb-us-east-1/sumstats_flat_files_tabix/biomarkers-30690-both_sexes-irnt.tsv.bgz.tbi,s3://pan-ukb-us-east-1/sumstats_flat_files/biomarkers-30690-both_sexes-irnt.tsv.bgz,s3://pan-ukb-us-east-1/sumstats_flat_files_tabix/biomarkers-30690-both_sexes-irnt.tsv.bgz.tbi,CSA,TO_VALIDATE_IN_15B2,MATCHED_TRAIT_CATALOG,True,True,True,True,True,
cmp_82c60bdd64d4b4fc,gt_842d84e72602329f,APOA1,Pan-UKB,Pan-UKB::biomarkers|30690|both_sexes||irnt,Cholesterol,biomarkers|30690|both_sexes||irnt,GRCh37,total_cholesterol,SENSITIVITY,Direct quantitative readout,Direct quantitative readout,False,False,B,B,0,3,3,3,Hypercholesterolemia || Hyperlipidemias || Hyperlipoproteinemia Type II,EUR,CSA,11,chr11,116706467,116708666,116706466,116606467,116808666,116606466,100000,-,ENSG00000118137.5,protein_coding,APOA1,exact_gene_name,GENCODE v19,MATCHED,single_multianalysis_bgzf,s3://pan-ukb-us-east-1/sumstats_flat_files/biomarkers-30690-both_sexes-irnt.tsv.bgz,s3://pan-ukb-us-east-1/sumstats_flat_files_tabix/biomarkers-30690-both_sexes-irnt.tsv.bgz.tbi,s3://pan-ukb-us-east-1/sumstats_flat_files/biomarkers-30690-both_sexes-irnt.tsv.bgz,s3://pan-ukb-us-east-1/sumstats_flat_files_tabix/biomarkers-30690-both_sexes-irnt.tsv.bgz.tbi,CSA,TO_VALIDATE_IN_15B2,MATCHED_TRAIT_CATALOG,True,True,True,True,True,
cmp_47d5a0b77ac145cc,gt_f155046fff0f537f,APOB,Pan-UKB,Pan-UKB::biomarkers|30690|both_sexes||irnt,Cholesterol,biomarkers|30690|both_sexes||irnt,GRCh37,total_cholesterol,SENSITIVITY,Direct quantitative readout,Direct quantitative readout,True,False,A,"A,B",1,2,3,3,Hypercholesterolemia || Hyperlipidemias || Hyperlipoproteinemia Type II,EUR,CSA,2,chr2,21224301,21266945,21224300,21124301,21366945,21124300,100000,-,ENSG00000084674.9,protein_coding,APOB,exact_gene_name,GENCODE v19,MATCHED,single_multianalysis_bgzf,s3://pan-ukb-us-east-1/sumstats_flat_files/biomarkers-30690-both_sexes-irnt.tsv.bgz,s3://pan-ukb-us-east-1/sumstats_flat_files_tabix/biomarkers-30690-both_sexes-irnt.tsv.bgz.tbi,s3://pan-ukb-us-east-1/sumstats_flat_files/biomarkers-30690-both_sexes-irnt.tsv.bgz,s3://pan-ukb-us-east-1/sumstats_flat_files_tabix/biomarkers-30690-both_sexes-irnt.tsv.bgz.tbi,CSA,TO_VALIDATE_IN_15B2,MATCHED_TRAIT_CATALOG,True,True,True,True,True,
cmp_5e3108abc6e60f9c,gt_77d8eec661a05c8a,APOC3,Pan-UKB,Pan-UKB::biomarkers|30690|both_sexes||irnt,Cholesterol,biomarkers|30690|both_sexes||irnt,GRCh37,total_cholesterol,SENSITIVITY,Direct quantitative readout,Direct quantitative readout,False,False,B,B,0,3,3,3,Dyslipidemias || Hypercholesterolemia || Hyperlipidemias,EUR,CSA,11,chr11,116700422,116703788,116700421,116600422,116803788,116600421,100000,+,ENSG00000110245.7,protein_coding,APOC3,exact_gene_name,GENCODE v19,MATCHED,single_multianalysis_bgzf,s3://pan-ukb-us-east-1/sumstats_flat_files/biomarkers-30690-both_sexes-irnt.tsv.bgz,s3://pan-ukb-us-east-1/sumstats_flat_files_tabix/biomarkers-30690-both_sexes-irnt.tsv.bgz.tbi,s3://pan-ukb-us-east-1/sumstats_flat_files/biomarkers-30690-both_sexes-irnt.tsv.bgz,s3://pan-ukb-us-east-1/sumstats_flat_files_tabix/biomarkers-30690-both_sexes-irnt.tsv.bgz.tbi,CSA,TO_VALIDATE_IN_15B2,MATCHED_TRAIT_CATALOG,True,True,True,True,True,
cmp_e6f54408debb560f,gt_2e2fabfb37d2fd13,APOE,Pan-UKB,Pan-UKB::biomarkers|30690|both_sexes||irnt,Cholesterol,biomarkers|30690|both_sexes||irnt,GRCh37,total_cholesterol,SENSITIVITY,Direct quantitative readout,Direct quantitative readout,False,False,B,B,0,1,1,1,Hyperlipoproteinemia Type II,EUR,CSA,19,chr19,45409011,45412650,45409010,45309011,45512650,45309010,100000,+,ENSG00000130203.5,protein_coding,APOE,exact_gene_name,GENCODE v19,MATCHED,single_multianalysis_bgzf,s3://pan-ukb-us-east-1/sumstats_flat_files/biomarkers-30690-both_sexes-irnt.tsv.bgz,s3://pan-ukb-us-east-1/sumstats_flat_files_tabix/biomarkers-30690-both_sexes-irnt.tsv.bgz.tbi,s3://pan-ukb-us-east-1/sumstats_flat_files/biomarkers-30690-both_sexes-irnt.tsv.bgz,s3://pan-ukb-us-east-1/sumstats_flat_files_tabix/biomarkers-30690-both_sexes-irnt.tsv.bgz.tbi,CSA,TO_VALIDATE_IN_15B2,MATCHED_TRAIT_CATALOG,True,True,True,True,True,
cmp_0fefc0ae3fa271e3,gt_11d0e900063cba82,CETP,Pan-UKB,Pan-UKB::biomarkers|30690|both_sexes||irnt,Cholesterol,biomarkers|30690|both_sexes||irnt,GRCh37,total_cholesterol,SENSITIVITY,Direct quantitative readout,Direct quantitative readout,False,False,B,B,0,3,3,3,Hypercholesterolemia || Hyperlipidemias || Hyperlipoproteinemia Type II,EUR,CSA,16,chr16,56995762,57017757,56995761,56895762,57117757,56895761,100000,+,ENSG00000087237.6,protein_coding,CETP,exact_gene_name,GENCODE v19,MATCHED,single_multianalysis_bgzf,s3://pan-ukb-us-east-1/sumstats_flat_files/biomarkers-30690-both_sexes-irnt.tsv.bgz,s3://pan-ukb-us-east-1/sumstats_flat_files_tabix/biomarkers-30690-both_sexes-irnt.tsv.bgz.tbi,s3://pan-ukb-us-east-1/sumstats_flat_files/biomarkers-30690-both_sexes-irnt.tsv.bgz,s3://pan-ukb-us-east-1/sumstats_flat_files_tabix/biomarkers-30690-both_sexes-irnt.tsv.bgz.tbi,CSA,TO_VALIDATE_IN_15B2,MATCHED_TRAIT_CATALOG,True,True,True,True,True,
cmp_1bd114dbbdb318d7,gt_1b3cc0c3770349a3,DGAT2,Pan-UKB,Pan-UKB::biomarkers|30690|both_sexes||irnt,Cholesterol,biomarkers|30690|both_sexes||irnt,GRCh37,total_cholesterol,SENSITIVITY,Direct quantitative readout,Direct quantitative readout,False,False,B,B,0,1,1,1,Hyperlipidemias,EUR,CSA,11,chr11,75470557,75512579,75470556,75370557,75612579,75370556,100000,+,ENSG00000062282.10,protein_coding,DGAT2,exact_gene_name,GENCODE v19,MATCHED,single_multianalysis_bgzf,s3://pan-ukb-us-east-1/sumstats_flat_files/biomarkers-30690-both_sexes-irnt.tsv.bgz,s3://pan-ukb-us-east-1/sumstats_flat_files_tabix/biomarkers-30690-both_sexes-irnt.tsv.bgz.tbi,s3://pan-ukb-us-east-1/sumstats_flat_files/biomarkers-30690-both_sexes-irnt.tsv.bgz,s3://pan-ukb-us-east-1/sumstats_flat_files_tabix/biomarkers-30690-both_sexes-irnt.tsv.bgz.tbi,CSA,TO_VALIDATE_IN_15B2,MATCHED_TRAIT_CATALOG,True,True,True,True,True,
cmp_e7fae064fb86652f,gt_f8d0b486ca5700c2,FDFT1,Pan-UKB,Pan-UKB::biomarkers|30690|both_sexes||irnt,Cholesterol,biomarkers|30690|both_sexes||irnt,GRCh37,total_cholesterol,SENSITIVITY,Direct quantitative readout,Direct quantitative readout,False,False,B,B,0,1,1,1,Hyperlipidemias,EUR,CSA,8,chr8,11653082,11696818,11653081,11553082,11796818,11553081,100000,+,ENSG00000079459.8,protein_coding,FDFT1,exact_gene_name,GENCODE v19,MATCHED,single_multianalysis_bgzf,s3://pan-ukb-us-east-1/sumstats_flat_files/biomarkers-30690-both_sexes-irnt.tsv.bgz,s3://pan-ukb-us-east-1/sumstats_flat_files_tabix/biomarkers-30690-both_sexes-irnt.tsv.bgz.tbi,s3://pan-ukb-us-east-1/sumstats_flat_files/biomarkers-30690-both_sexes-irnt.tsv.bgz,s3://pan-ukb-us-east-1/sumstats_flat_files_tabix/biomarkers-30690-both_sexes-irnt.tsv.bgz.tbi,CSA,TO_VALIDATE_IN_15B2,MATCHED_TRAIT_CATALOG,True,True,True,True,True,
cmp_c27fee1497bd8fa7,gt_e34f0267f225cb41,HCAR2,Pan-UKB,Pan-UKB::biomarkers|30690|both_sexes||irnt,Cholesterol,biomarkers|30690|both_sexes||irnt,GRCh37,total_cholesterol,SENSITIVITY,Direct quantitative readout,Direct quantitative readout,False,False,B,B,0,2,2,2,Hypercholesterolemia || Hyperlipidemias,EUR,CSA,12,chr12,123185840,123187890,123185839,123085840,123287890,123085839,100000,-,ENSG00000182782.7,protein_coding,HCAR2,exact_gene_name,GENCODE v19,MATCHED,single_multianalysis_bgzf,s3://pan-ukb-us-east-1/sumstats_flat_files/biomarkers-30690-both_sexes-irnt.tsv.bgz,s3://pan-ukb-us-east-1/sumstats_flat_files_tabix/biomarkers-30690-both_sexes-irnt.tsv.bgz.tbi,s3://pan-ukb-us-east-1/sumstats_flat_files/biomarkers-30690-both_sexes-irnt.tsv.bgz,s3://pan-ukb-us-east-1/sumstats_flat_files_tabix/biomarkers-30690-both_sexes-irnt.tsv.bgz.tbi,CSA,TO_VALIDATE_IN_15B2,MATCHED_TRAIT_CATALOG,True,True,True,True,True,
cmp_d29a69ceb3134f68,gt_2b73bfee6ac3018f,HCAR3,Pan-UKB,Pan-UKB::biomarkers|30690|both_sexes||irnt,Cholesterol,biomarkers|30690|both_sexes||irnt,GRCh37,total_cholesterol,SENSITIVITY,Direct quantitative readout,Direct quantitative readout,False,False,B,B,0,2,2,2,Hypercholesterolemia || Hyperlipidemias,EUR,CSA,12,chr12,123199303,123201439,123199302,123099303,123301439,123099302,100000,-,ENSG00000255398.2,protein_coding,HCAR3,exact_gene_name,GENCODE v19,MATCHED,single_multianalysis_bgzf,s3://pan-ukb-us-east-1/sumstats_flat_files/biomarkers-30690-both_sexes-irnt.tsv.bgz,s3://pan-ukb-us-east-1/sumstats_flat_files_tabix/biomarkers-30690-both_sexes-irnt.tsv.bgz.tbi,s3://pan-ukb-us-east-1/sumstats_flat_files/biomarkers-30690-both_sexes-irnt.tsv.bgz,s3://pan-ukb-us-east-1/sumstats_flat_files_tabix/biomarkers-30690-both_sexes-irnt.tsv.bgz.tbi,CSA,TO_VALIDATE_IN_15B2,MATCHED_TRAIT_CATALOG,True,True,True,True,True,
cmp_b3ed68c1af2b9b5b,gt_0769e67324e03350,HMGCR,Pan-UKB,Pan-UKB::biomarkers|30690|both_sexes||irnt,Cholesterol,biomarkers|30690|both_sexes||irnt,GRCh37,total_cholesterol,SENSITIVITY,Direct quantitative readout,Direct quantitative readout,False,False,A,A,3,0,3,3,Dyslipidemias || Hypercholesterolemia || Hyperlipidemias,EUR,CSA,5,chr5,74632154,74657929,74632153,74532154,74757929,74532153,100000,+,ENSG00000113161.11,protein_coding,HMGCR,exact_gene_name,GENCODE v19,MATCHED,single_multianalysis_bgzf,s3://pan-ukb-us-east-1/sumstats_flat_files/biomarkers-30690-both_sexes-irnt.tsv.bgz,s3://pan-ukb-us-east-1/sumstats_flat_files_tabix/biomarkers-30690-both_sexes-irnt.tsv.bgz.tbi,s3://pan-ukb-us-east-1/sumstats_flat_files/biomarkers-30690-both_sexes-irnt.tsv.bgz,s3://pan-ukb-us-east-1/sumstats_flat_files_tabix/biomarkers-30690-both_sexes-irnt.tsv.bgz.tbi,CSA,TO_VALIDATE_IN_15B2,MATCHED_TRAIT_CATALOG,True,True,True,True,True,
cmp_d88327b460146ca6,gt_5b0a1801dd50c6d3,LPA,Pan-UKB,Pan-UKB::biomarkers|30690|both_sexes||irnt,Cholesterol,biomarkers|30690|both_sexes||irnt,GRCh37,total_cholesterol,SENSITIVITY,Direct quantitative readout,Direct quantitative readout,False,False,B,B,0,1,1,1,Hyperlipidemias,EUR,CSA,6,chr6,160952515,161087407,160952514,160852515,161187407,160852514,100000,-,ENSG00000198670.7,protein_coding,LPA,exact_gene_name,GENCODE v19,MATCHED,single_multianalysis_bgzf,s3://pan-ukb-us-east-1/sumstats_flat_files/biomarkers-30690-both_sexes-irnt.tsv.bgz,s3://pan-ukb-us-east-1/sumstats_flat_files_tabix/biomarkers-30690-both_sexes-irnt.tsv.bgz.tbi,s3://pan-ukb-us-east-1/sumstats_flat_files/biomarkers-30690-both_sexes-irnt.tsv.bgz,s3://pan-ukb-us-east-1/sumstats_flat_files_tabix/biomarkers-30690-both_sexes-irnt.tsv.bgz.tbi,CSA,TO_VALIDATE_IN_15B2,MATCHED_TRAIT_CATALOG,True,True,True,True,True,
cmp_cedc31c42320e814,gt_dbc4dcc72156089f,MTTP,Pan-UKB,Pan-UKB::biomarkers|30690|both_sexes||irnt,Cholesterol,biomarkers|30690|both_sexes||irnt,GRCh37,total_cholesterol,SENSITIVITY,Direct quantitative readout,Direct quantitative readout,False,False,B,B,0,1,1,1,Hyperlipidemias,EUR,CSA,4,chr4,100484918,100545156,100484917,100384918,100645156,100384917,100000,+,ENSG00000138823.8,protein_coding,MTTP,exact_gene_name,GENCODE v19,MATCHED,single_multianalysis_bgzf,s3://pan-ukb-us-east-1/sumstats_flat_files/biomarkers-30690-both_sexes-irnt.tsv.bgz,s3://pan-ukb-us-east-1/sumstats_flat_files_tabix/biomarkers-30690-both_sexes-irnt.tsv.bgz.tbi,s3://pan-ukb-us-east-1/sumstats_flat_files/biomarkers-30690-both_sexes-irnt.tsv.bgz,s3://pan-ukb-us-east-1/sumstats_flat_files_tabix/biomarkers-30690-both_sexes-irnt.tsv.bgz.tbi,CSA,TO_VALIDATE_IN_15B2,MATCHED_TRAIT_CATALOG,True,True,True,True,True,
cmp_cfe34b655a575375,gt_c4fd94d57b8f4d7f,NPC1L1,Pan-UKB,Pan-UKB::biomarkers|30690|both_sexes||irnt,Cholesterol,biomarkers|30690|both_sexes||irnt,GRCh37,total_cholesterol,SENSITIVITY,Direct quantitative readout,Direct quantitative readout,True,False,A,"A,B",1,1,2,2,Dyslipidemias || Hyperlipidemias,EUR,CSA,7,chr7,44552134,44580914,44552133,44452134,44680914,44452133,100000,-,ENSG00000015520.10,protein_coding,NPC1L1,exact_gene_name,GENCODE v19,MATCHED,single_multianalysis_bgzf,s3://pan-ukb-us-east-1/sumstats_flat_files/biomarkers-30690-both_sexes-irnt.tsv.bgz,s3://pan-ukb-us-east-1/sumstats_flat_files_tabix/biomarkers-30690-both_sexes-irnt.tsv.bgz.tbi,s3://pan-ukb-us-east-1/sumstats_flat_files/biomarkers-30690-both_sexes-irnt.tsv.bgz,s3://pan-ukb-us-east-1/sumstats_flat_files_tabix/biomarkers-30690-both_sexes-irnt.tsv.bgz.tbi,CSA,TO_VALIDATE_IN_15B2,MATCHED_TRAIT_CATALOG,True,True,True,True,True,
cmp_734f61fa7e50aa61,gt_7f25d94ab554eb4a,NR1H3,Pan-UKB,Pan-UKB::biomarkers|30690|both_sexes||irnt,Cholesterol,biomarkers|30690|both_sexes||irnt,GRCh37,total_cholesterol,SENSITIVITY,Direct quantitative readout,Direct quantitative readout,False,False,B,B,0,1,1,1,Hypercholesterolemia,EUR,CSA,11,chr11,47269851,47290396,47269850,47169851,47390396,47169850,100000,+,ENSG00000025434.14,protein_coding,NR1H3,exact_gene_name,GENCODE v19,MATCHED,single_multianalysis_bgzf,s3://pan-ukb-us-east-1/sumstats_flat_files/biomarkers-30690-both_sexes-irnt.tsv.bgz,s3://pan-ukb-us-east-1/sumstats_flat_files_tabix/biomarkers-30690-both_sexes-irnt.tsv.bgz.tbi,s3://pan-ukb-us-east-1/sumstats_flat_files/biomarkers-30690-both_sexes-irnt.tsv.bgz,s3://pan-ukb-us-east-1/sumstats_flat_files_tabix/biomarkers-30690-both_sexes-irnt.tsv.bgz.tbi,CSA,TO_VALIDATE_IN_15B2,MATCHED_TRAIT_CATALOG,True,True,True,True,True,
cmp_bc0dcd8fd0f6e6f6,gt_3250bccb7378380b,NR1H4,Pan-UKB,Pan-UKB::biomarkers|30690|both_sexes||irnt,Cholesterol,biomarkers|30690|both_sexes||irnt,GRCh37,total_cholesterol,SENSITIVITY,Direct quantitative readout,Direct quantitative readout,False,False,B,B,0,2,2,2,Hypercholesterolemia || Hyperlipidemias,EUR,CSA,12,chr12,100867486,100958191,100867485,100767486,101058191,100767485,100000,+,ENSG00000012504.9,protein_coding,NR1H4,exact_gene_name,GENCODE v19,MATCHED,single_multianalysis_bgzf,s3://pan-ukb-us-east-1/sumstats_flat_files/biomarkers-30690-both_sexes-irnt.tsv.bgz,s3://pan-ukb-us-east-1/sumstats_flat_files_tabix/biomarkers-30690-both_sexes-irnt.tsv.bgz.tbi,s3://pan-ukb-us-east-1/sumstats_flat_files/biomarkers-30690-both_sexes-irnt.tsv.bgz,s3://pan-ukb-us-east-1/sumstats_flat_files_tabix/biomarkers-30690-both_sexes-irnt.tsv.bgz.tbi,CSA,TO_VALIDATE_IN_15B2,MATCHED_TRAIT_CATALOG,True,True,True,True,True,
cmp_1603e36b0b5dd9b3,gt_d080bdfc867f9b96,PCSK9,Pan-UKB,Pan-UKB::biomarkers|30690|both_sexes||irnt,Cholesterol,biomarkers|30690|both_sexes||irnt,GRCh37,total_cholesterol,SENSITIVITY,Direct quantitative readout,Direct quantitative readout,False,False,A,A,3,0,3,3,Hypercholesterolemia || Hyperlipidemias || Hyperlipoproteinemia Type II,EUR,CSA,1,chr1,55505221,55530525,55505220,55405221,55630525,55405220,100000,+,ENSG00000169174.9,protein_coding,PCSK9,exact_gene_name,GENCODE v19,MATCHED,single_multianalysis_bgzf,s3://pan-ukb-us-east-1/sumstats_flat_files/biomarkers-30690-both_sexes-irnt.tsv.bgz,s3://pan-ukb-us-east-1/sumstats_flat_files_tabix/biomarkers-30690-both_sexes-irnt.tsv.bgz.tbi,s3://pan-ukb-us-east-1/sumstats_flat_files/biomarkers-30690-both_sexes-irnt.tsv.bgz,s3://pan-ukb-us-east-1/sumstats_flat_files_tabix/biomarkers-30690-both_sexes-irnt.tsv.bgz.tbi,CSA,TO_VALIDATE_IN_15B2,MATCHED_TRAIT_CATALOG,True,True,True,True,True,
cmp_a6e902034532d651,gt_7bd5897de9b20223,PPARA,Pan-UKB,Pan-UKB::biomarkers|30690|both_sexes||irnt,Cholesterol,biomarkers|30690|both_sexes||irnt,GRCh37,total_cholesterol,SENSITIVITY,Direct quantitative readout,Direct quantitative readout,True,False,A,"A,B",3,1,4,4,Dyslipidemias || Hypercholesterolemia || Hyperlipidemias || Hyperlipoproteinemia Type II,EUR,CSA,22,chr22,46546424,46639653,46546423,46446424,46739653,46446423,100000,+,ENSG00000186951.12,protein_coding,PPARA,exact_gene_name,GENCODE v19,MATCHED,single_multianalysis_bgzf,s3://pan-ukb-us-east-1/sumstats_flat_files/biomarkers-30690-both_sexes-irnt.tsv.bgz,s3://pan-ukb-us-east-1/sumstats_flat_files_tabix/biomarkers-30690-both_sexes-irnt.tsv.bgz.tbi,s3://pan-ukb-us-east-1/sumstats_flat_files/biomarkers-30690-both_sexes-irnt.tsv.bgz,s3://pan-ukb-us-east-1/sumstats_flat_files_tabix/biomarkers-30690-both_sexes-irnt.tsv.bgz.tbi,CSA,TO_VALIDATE_IN_15B2,MATCHED_TRAIT_CATALOG,True,True,True,True,True,
cmp_b24e41a0325bb599,gt_42aa1475c810dd57,PPARG,Pan-UKB,Pan-UKB::biomarkers|30690|both_sexes||irnt,Cholesterol,biomarkers|30690|both_sexes||irnt,GRCh37,total_cholesterol,SENSITIVITY,Direct quantitative readout,Direct quantitative readout,False,False,A,A,1,0,1,1,Hyperlipidemias,EUR,CSA,3,chr3,12328867,12475855,12328866,12228867,12575855,12228866,100000,+,ENSG00000132170.15,protein_coding,PPARG,exact_gene_name,GENCODE v19,MATCHED,single_multianalysis_bgzf,s3://pan-ukb-us-east-1/sumstats_flat_files/biomarkers-30690-both_sexes-irnt.tsv.bgz,s3://pan-ukb-us-east-1/sumstats_flat_files_tabix/biomarkers-30690-both_sexes-irnt.tsv.bgz.tbi,s3://pan-ukb-us-east-1/sumstats_flat_files/biomarkers-30690-both_sexes-irnt.tsv.bgz,s3://pan-ukb-us-east-1/sumstats_flat_files_tabix/biomarkers-30690-both_sexes-irnt.tsv.bgz.tbi,CSA,TO_VALIDATE_IN_15B2,MATCHED_TRAIT_CATALOG,True,True,True,True,True,
cmp_737230e0cb0c86d1,gt_75c041c5d0b7a2d3,SLC10A2,Pan-UKB,Pan-UKB::biomarkers|30690|both_sexes||irnt,Cholesterol,biomarkers|30690|both_sexes||irnt,GRCh37,total_cholesterol,SENSITIVITY,Direct quantitative readout,Direct quantitative readout,False,False,B,B,0,2,2,2,Hypercholesterolemia || Hyperlipidemias,EUR,CSA,13,chr13,103696350,103719196,103696349,103596350,103819196,103596349,100000,-,ENSG00000125255.5,protein_coding,SLC10A2,exact_gene_name,GENCODE v19,MATCHED,single_multianalysis_bgzf,s3://pan-ukb-us-east-1/sumstats_flat_files/biomarkers-30690-both_sexes-irnt.tsv.bgz,s3://pan-ukb-us-east-1/sumstats_flat_files_tabix/biomarkers-30690-both_sexes-irnt.tsv.bgz.tbi,s3://pan-ukb-us-east-1/sumstats_flat_files/biomarkers-30690-both_sexes-irnt.tsv.bgz,s3://pan-ukb-us-east-1/sumstats_flat_files_tabix/biomarkers-30690-both_sexes-irnt.tsv.bgz.tbi,CSA,TO_VALIDATE_IN_15B2,MATCHED_TRAIT_CATALOG,True,True,True,True,True,
cmp_8a80b5d379f7c6e9,gt_dd7b39061603b8b0,THRB,Pan-UKB,Pan-UKB::biomarkers|30690|both_sexes||irnt,Cholesterol,biomarkers|30690|both_sexes||irnt,GRCh37,total_cholesterol,SENSITIVITY,Direct quantitative readout,Direct quantitative readout,False,False,B,B,0,2,2,2,Hypercholesterolemia || Hyperlipoproteinemia Type II,EUR,CSA,3,chr3,24158651,24536773,24158650,24058651,24636773,24058650,100000,-,ENSG00000151090.13,protein_coding,THRB,exact_gene_name,GENCODE v19,MATCHED,single_multianalysis_bgzf,s3://pan-ukb-us-east-1/sumstats_flat_files/biomarkers-30690-both_sexes-irnt.tsv.bgz,s3://pan-ukb-us-east-1/sumstats_flat_files_tabix/biomarkers-30690-both_sexes-irnt.tsv.bgz.tbi,s3://pan-ukb-us-east-1/sumstats_flat_files/biomarkers-30690-both_sexes-irnt.tsv.bgz,s3://pan-ukb-us-east-1/sumstats_flat_files_tabix/biomarkers-30690-both_sexes-irnt.tsv.bgz.tbi,CSA,TO_VALIDATE_IN_15B2,MATCHED_TRAIT_CATALOG,True,True,True,True,True,
cmp_d75ef1d27be893af,gt_3e7953949fc0c721,ALDH2,Pan-UKB,Pan-UKB::biomarkers|30700|both_sexes||irnt,Creatinine,biomarkers|30700|both_sexes||irnt,GRCh37,serum_creatinine,SENSITIVITY,Proxy biomarker,Proxy biomarker,False,False,B,B,0,1,1,1,Renal Insufficiency,EUR,CSA,12,chr12,112204691,112247782,112204690,112104691,112347782,112104690,100000,+,ENSG00000111275.8,protein_coding,ALDH2,exact_gene_name,GENCODE v19,MATCHED,single_multianalysis_bgzf,s3://pan-ukb-us-east-1/sumstats_flat_files/biomarkers-30700-both_sexes-irnt.tsv.bgz,s3://pan-ukb-us-east-1/sumstats_flat_files_tabix/biomarkers-30700-both_sexes-irnt.tsv.bgz.tbi,s3://pan-ukb-us-east-1/sumstats_flat_files/biomarkers-30700-both_sexes-irnt.tsv.bgz,s3://pan-ukb-us-east-1/sumstats_flat_files_tabix/biomarkers-30700-both_sexes-irnt.tsv.bgz.tbi,CSA,TO_VALIDATE_IN_15B2,MATCHED_TRAIT_CATALOG,True,True,True,True,True,
cmp_17174b7419a9e12f,gt_3e7953949fc0c721,ALDH2,Pan-UKB,Pan-UKB::biomarkers|30700|both_sexes||irnt,Creatinine,biomarkers|30700|both_sexes||irnt,GRCh37,serum_creatinine,SENSITIVITY,Proxy biomarker,Proxy biomarker,False,False,B,B,0,1,1,1,Renal Insufficiency,EUR,MID,12,chr12,112204691,112247782,112204690,112104691,112347782,112104690,100000,+,ENSG00000111275.8,protein_coding,ALDH2,exact_gene_name,GENCODE v19,MATCHED,single_multianalysis_bgzf,s3://pan-ukb-us-east-1/sumstats_flat_files/biomarkers-30700-both_sexes-irnt.tsv.bgz,s3://pan-ukb-us-east-1/sumstats_flat_files_tabix/biomarkers-30700-both_sexes-irnt.tsv.bgz.tbi,s3://pan-ukb-us-east-1/sumstats_flat_files/biomarkers-30700-both_sexes-irnt.tsv.bgz,s3://pan-ukb-us-east-1/sumstats_flat_files_tabix/biomarkers-30700-both_sexes-irnt.tsv.bgz.tbi,MID,TO_VALIDATE_IN_15B2,MATCHED_TRAIT_CATALOG,True,True,True,True,True,
cmp_9681093975aebdb6,gt_325033a32bbc2883,APOL1,Pan-UKB,Pan-UKB::biomarkers|30700|both_sexes||irnt,Creatinine,biomarkers|30700|both_sexes||irnt,GRCh37,serum_creatinine,SENSITIVITY,Proxy biomarker,Proxy biomarker,False,False,B,B,0,2,2,2,"Glomerulosclerosis, Focal Segmental || Renal Insufficiency",EUR,CSA,22,chr22,36649056,36663576,36649055,36549056,36763576,36549055,100000,+,ENSG00000100342.16,protein_coding,APOL1,exact_gene_name,GENCODE v19,MATCHED,single_multianalysis_bgzf,s3://pan-ukb-us-east-1/sumstats_flat_files/biomarkers-30700-both_sexes-irnt.tsv.bgz,s3://pan-ukb-us-east-1/sumstats_flat_files_tabix/biomarkers-30700-both_sexes-irnt.tsv.bgz.tbi,s3://pan-ukb-us-east-1/sumstats_flat_files/biomarkers-30700-both_sexes-irnt.tsv.bgz,s3://pan-ukb-us-east-1/sumstats_flat_files_tabix/biomarkers-30700-both_sexes-irnt.tsv.bgz.tbi,CSA,TO_VALIDATE_IN_15B2,MATCHED_TRAIT_CATALOG,True,True,True,True,True,
cmp_d55682864293d6bd,gt_325033a32bbc2883,APOL1,Pan-UKB,Pan-UKB::biomarkers|30700|both_sexes||irnt,Creatinine,biomarkers|30700|both_sexes||irnt,GRCh37,serum_creatinine,SENSITIVITY,Proxy biomarker,Proxy biomarker,False,False,B,B,0,2,2,2,"Glomerulosclerosis, Focal Segmental || Renal Insufficiency",EUR,MID,22,chr22,36649056,36663576,36649055,36549056,36763576,36549055,100000,+,ENSG00000100342.16,protein_coding,APOL1,exact_gene_name,GENCODE v19,MATCHED,single_multianalysis_bgzf,s3://pan-ukb-us-east-1/sumstats_flat_files/biomarkers-30700-both_sexes-irnt.tsv.bgz,s3://pan-ukb-us-east-1/sumstats_flat_files_tabix/biomarkers-30700-both_sexes-irnt.tsv.bgz.tbi,s3://pan-ukb-us-east-1/sumstats_flat_files/biomarkers-30700-both_sexes-irnt.tsv.bgz,s3://pan-ukb-us-east-1/sumstats_flat_files_tabix/biomarkers-30700-both_sexes-irnt.tsv.bgz.tbi,MID,TO_VALIDATE_IN_15B2,MATCHED_TRAIT_CATALOG,True,True,True,True,True,
cmp_78d0f36d0c5fdcd0,gt_b49594ef46ff78ee,AXL,Pan-UKB,Pan-UKB::biomarkers|30700|both_sexes||irnt,Creatinine,biomarkers|30700|both_sexes||irnt,GRCh37,serum_creatinine,SENSITIVITY,Proxy biomarker,Proxy biomarker,False,False,B,B,0,1,1,1,"Glomerulonephritis, IGA",EUR,CSA,19,chr19,41725108,41767671,41725107,41625108,41867671,41625107,100000,+,ENSG00000167601.7,protein_coding,AXL,exact_gene_name,GENCODE v19,MATCHED,single_multianalysis_bgzf,s3://pan-ukb-us-east-1/sumstats_flat_files/biomarkers-30700-both_sexes-irnt.tsv.bgz,s3://pan-ukb-us-east-1/sumstats_flat_files_tabix/biomarkers-30700-both_sexes-irnt.tsv.bgz.tbi,s3://pan-ukb-us-east-1/sumstats_flat_files/biomarkers-30700-both_sexes-irnt.tsv.bgz,s3://pan-ukb-us-east-1/sumstats_flat_files_tabix/biomarkers-30700-both_sexes-irnt.tsv.bgz.tbi,CSA,TO_VALIDATE_IN_15B2,MATCHED_TRAIT_CATALOG,True,True,True,True,True,
cmp_19ffdcd4b0e8b498,gt_b49594ef46ff78ee,AXL,Pan-UKB,Pan-UKB::biomarkers|30700|both_sexes||irnt,Creatinine,biomarkers|30700|both_sexes||irnt,GRCh37,serum_creatinine,SENSITIVITY,Proxy biomarker,Proxy biomarker,False,False,B,B,0,1,1,1,"Glomerulonephritis, IGA",EUR,MID,19,chr19,41725108,41767671,41725107,41625108,41867671,41625107,100000,+,ENSG00000167601.7,protein_coding,AXL,exact_gene_name,GENCODE v19,MATCHED,single_multianalysis_bgzf,s3://pan-ukb-us-east-1/sumstats_flat_files/biomarkers-30700-both_sexes-irnt.tsv.bgz,s3://pan-ukb-us-east-1/sumstats_flat_files_tabix/biomarkers-30700-both_sexes-irnt.tsv.bgz.tbi,s3://pan-ukb-us-east-1/sumstats_flat_files/biomarkers-30700-both_sexes-irnt.tsv.bgz,s3://pan-ukb-us-east-1/sumstats_flat_files_tabix/biomarkers-30700-both_sexes-irnt.tsv.bgz.tbi,MID,TO_VALIDATE_IN_15B2,MATCHED_TRAIT_CATALOG,True,True,True,True,True,
cmp_3313bfbd6571fdc2,gt_22feb333ba387f56,GLP1R,Pan-UKB,Pan-UKB::biomarkers|30700|both_sexes||irnt,Creatinine,biomarkers|30700|both_sexes||irnt,GRCh37,serum_creatinine,SENSITIVITY,Proxy biomarker,Proxy biomarker,False,False,B,B,0,1,1,1,Renal Insufficiency,EUR,CSA,6,chr6,39016574,39055519,39016573,38916574,39155519,38916573,100000,+,ENSG00000112164.5,protein_coding,GLP1R,exact_gene_name,GENCODE v19,MATCHED,single_multianalysis_bgzf,s3://pan-ukb-us-east-1/sumstats_flat_files/biomarkers-30700-both_sexes-irnt.tsv.bgz,s3://pan-ukb-us-east-1/sumstats_flat_files_tabix/biomarkers-30700-both_sexes-irnt.tsv.bgz.tbi,s3://pan-ukb-us-east-1/sumstats_flat_files/biomarkers-30700-both_sexes-irnt.tsv.bgz,s3://pan-ukb-us-east-1/sumstats_flat_files_tabix/biomarkers-30700-both_sexes-irnt.tsv.bgz.tbi,CSA,TO_VALIDATE_IN_15B2,MATCHED_TRAIT_CATALOG,True,True,True,True,True,
cmp_2c63300a216284bb,gt_22feb333ba387f56,GLP1R,Pan-UKB,Pan-UKB::biomarkers|30700|both_sexes||irnt,Creatinine,biomarkers|30700|both_sexes||irnt,GRCh37,serum_creatinine,SENSITIVITY,Proxy biomarker,Proxy biomarker,False,False,B,B,0,1,1,1,Renal Insufficiency,EUR,MID,6,chr6,39016574,39055519,39016573,38916574,39155519,38916573,100000,+,ENSG00000112164.5,protein_coding,GLP1R,exact_gene_name,GENCODE v19,MATCHED,single_multianalysis_bgzf,s3://pan-ukb-us-east-1/sumstats_flat_files/biomarkers-30700-both_sexes-irnt.tsv.bgz,s3://pan-ukb-us-east-1/sumstats_flat_files_tabix/biomarkers-30700-both_sexes-irnt.tsv.bgz.tbi,s3://pan-ukb-us-east-1/sumstats_flat_files/biomarkers-30700-both_sexes-irnt.tsv.bgz,s3://pan-ukb-us-east-1/sumstats_flat_files_tabix/biomarkers-30700-both_sexes-irnt.tsv.bgz.tbi,MID,TO_VALIDATE_IN_15B2,MATCHED_TRAIT_CATALOG,True,True,True,True,True,
cmp_5330bd6723b7845f,gt_9da327b0c3bc5136,KCNJ1,Pan-UKB,Pan-UKB::biomarkers|30700|both_sexes||irnt,Creatinine,biomarkers|30700|both_sexes||irnt,GRCh37,serum_creatinine,SENSITIVITY,Proxy biomarker,Proxy biomarker,False,False,B,B,0,1,1,1,Renal Insufficiency,EUR,CSA,11,chr11,128706210,128737268,128706209,128606210,128837268,128606209,100000,-,ENSG00000151704.11,protein_coding,KCNJ1,exact_gene_name,GENCODE v19,MATCHED,single_multianalysis_bgzf,s3://pan-ukb-us-east-1/sumstats_flat_files/biomarkers-30700-both_sexes-irnt.tsv.bgz,s3://pan-ukb-us-east-1/sumstats_flat_files_tabix/biomarkers-30700-both_sexes-irnt.tsv.bgz.tbi,s3://pan-ukb-us-east-1/sumstats_flat_files/biomarkers-30700-both_sexes-irnt.tsv.bgz,s3://pan-ukb-us-east-1/sumstats_flat_files_tabix/biomarkers-30700-both_sexes-irnt.tsv.bgz.tbi,CSA,TO_VALIDATE_IN_15B2,MATCHED_TRAIT_CATALOG,True,True,True,True,True,
cmp_4159eaf67ead0224,gt_9da327b0c3bc5136,KCNJ1,Pan-UKB,Pan-UKB::biomarkers|30700|both_sexes||irnt,Creatinine,biomarkers|30700|both_sexes||irnt,GRCh37,serum_creatinine,SENSITIVITY,Proxy biomarker,Proxy biomarker,False,False,B,B,0,1,1,1,Renal Insufficiency,EUR,MID,11,chr11,128706210,128737268,128706209,128606210,128837268,128606209,100000,-,ENSG00000151704.11,protein_coding,KCNJ1,exact_gene_name,GENCODE v19,MATCHED,single_multianalysis_bgzf,s3://pan-ukb-us-east-1/sumstats_flat_files/biomarkers-30700-both_sexes-irnt.tsv.bgz,s3://pan-ukb-us-east-1/sumstats_flat_files_tabix/biomarkers-30700-both_sexes-irnt.tsv.bgz.tbi,s3://pan-ukb-us-east-1/sumstats_flat_files/biomarkers-30700-both_sexes-irnt.tsv.bgz,s3://pan-ukb-us-east-1/sumstats_flat_files_tabix/biomarkers-30700-both_sexes-irnt.tsv.bgz.tbi,MID,TO_VALIDATE_IN_15B2,MATCHED_TRAIT_CATALOG,True,True,True,True,True,
cmp_375ebdd3318b4e4a,gt_928455e475f5f661,NFE2L2,Pan-UKB,Pan-UKB::biomarkers|30700|both_sexes||irnt,Creatinine,biomarkers|30700|both_sexes||irnt,GRCh37,serum_creatinine,SENSITIVITY,Proxy biomarker,Proxy biomarker,False,False,B,B,0,1,1,1,Renal Insufficiency,EUR,CSA,2,chr2,178092323,178257425,178092322,177992323,178357425,177992322,100000,-,ENSG00000116044.11,protein_coding,NFE2L2,exact_gene_name,GENCODE v19,MATCHED,single_multianalysis_bgzf,s3://pan-ukb-us-east-1/sumstats_flat_files/biomarkers-30700-both_sexes-irnt.tsv.bgz,s3://pan-ukb-us-east-1/sumstats_flat_files_tabix/biomarkers-30700-both_sexes-irnt.tsv.bgz.tbi,s3://pan-ukb-us-east-1/sumstats_flat_files/biomarkers-30700-both_sexes-irnt.tsv.bgz,s3://pan-ukb-us-east-1/sumstats_flat_files_tabix/biomarkers-30700-both_sexes-irnt.tsv.bgz.tbi,CSA,TO_VALIDATE_IN_15B2,MATCHED_TRAIT_CATALOG,True,True,True,True,True,
cmp_f91111aef41e7c90,gt_928455e475f5f661,NFE2L2,Pan-UKB,Pan-UKB::biomarkers|30700|both_sexes||irnt,Creatinine,biomarkers|30700|both_sexes||irnt,GRCh37,serum_creatinine,SENSITIVITY,Proxy biomarker,Proxy biomarker,False,False,B,B,0,1,1,1,Renal Insufficiency,EUR,MID,2,chr2,178092323,178257425,178092322,177992323,178357425,177992322,100000,-,ENSG00000116044.11,protein_coding,NFE2L2,exact_gene_name,GENCODE v19,MATCHED,single_multianalysis_bgzf,s3://pan-ukb-us-east-1/sumstats_flat_files/biomarkers-30700-both_sexes-irnt.tsv.bgz,s3://pan-ukb-us-east-1/sumstats_flat_files_tabix/biomarkers-30700-both_sexes-irnt.tsv.bgz.tbi,s3://pan-ukb-us-east-1/sumstats_flat_files/biomarkers-30700-both_sexes-irnt.tsv.bgz,s3://pan-ukb-us-east-1/sumstats_flat_files_tabix/biomarkers-30700-both_sexes-irnt.tsv.bgz.tbi,MID,TO_VALIDATE_IN_15B2,MATCHED_TRAIT_CATALOG,True,True,True,True,True,
cmp_bbd06cc696afb4ae,gt_304e050b3ab30a01,NFKB1,Pan-UKB,Pan-UKB::biomarkers|30700|both_sexes||irnt,Creatinine,biomarkers|30700|both_sexes||irnt,GRCh37,serum_creatinine,SENSITIVITY,Proxy biomarker,Proxy biomarker,False,False,B,B,0,1,1,1,"Glomerulosclerosis, Focal Segmental",EUR,CSA,4,chr4,103422486,103538459,103422485,103322486,103638459,103322485,100000,+,ENSG00000109320.7,protein_coding,NFKB1,exact_gene_name,GENCODE v19,MATCHED,single_multianalysis_bgzf,s3://pan-ukb-us-east-1/sumstats_flat_files/biomarkers-30700-both_sexes-irnt.tsv.bgz,s3://pan-ukb-us-east-1/sumstats_flat_files_tabix/biomarkers-30700-both_sexes-irnt.tsv.bgz.tbi,s3://pan-ukb-us-east-1/sumstats_flat_files/biomarkers-30700-both_sexes-irnt.tsv.bgz,s3://pan-ukb-us-east-1/sumstats_flat_files_tabix/biomarkers-30700-both_sexes-irnt.tsv.bgz.tbi,CSA,TO_VALIDATE_IN_15B2,MATCHED_TRAIT_CATALOG,True,True,True,True,True,
cmp_3b131072bec37acb,gt_304e050b3ab30a01,NFKB1,Pan-UKB,Pan-UKB::biomarkers|30700|both_sexes||irnt,Creatinine,biomarkers|30700|both_sexes||irnt,GRCh37,serum_creatinine,SENSITIVITY,Proxy biomarker,Proxy biomarker,False,False,B,B,0,1,1,1,"Glomerulosclerosis, Focal Segmental",EUR,MID,4,chr4,103422486,103538459,103422485,103322486,103638459,103322485,100000,+,ENSG00000109320.7,protein_coding,NFKB1,exact_gene_name,GENCODE v19,MATCHED,single_multianalysis_bgzf,s3://pan-ukb-us-east-1/sumstats_flat_files/biomarkers-30700-both_sexes-irnt.tsv.bgz,s3://pan-ukb-us-east-1/sumstats_flat_files_tabix/biomarkers-30700-both_sexes-irnt.tsv.bgz.tbi,s3://pan-ukb-us-east-1/sumstats_flat_files/biomarkers-30700-both_sexes-irnt.tsv.bgz,s3://pan-ukb-us-east-1/sumstats_flat_files_tabix/biomarkers-30700-both_sexes-irnt.tsv.bgz.tbi,MID,TO_VALIDATE_IN_15B2,MATCHED_TRAIT_CATALOG,True,True,True,True,True,
cmp_f99ddd1132337f8e,gt_a75009f66717b029,NOX4,Pan-UKB,Pan-UKB::biomarkers|30700|both_sexes||irnt,Creatinine,biomarkers|30700|both_sexes||irnt,GRCh37,serum_creatinine,SENSITIVITY,Proxy biomarker,Proxy biomarker,False,False,B,B,0,1,1,1,Diabetic Nephropathies,EUR,CSA,11,chr11,89057524,89322779,89057523,88957524,89422779,88957523,100000,-,ENSG00000086991.8,protein_coding,NOX4,exact_gene_name,GENCODE v19,MATCHED,single_multianalysis_bgzf,s3://pan-ukb-us-east-1/sumstats_flat_files/biomarkers-30700-both_sexes-irnt.tsv.bgz,s3://pan-ukb-us-east-1/sumstats_flat_files_tabix/biomarkers-30700-both_sexes-irnt.tsv.bgz.tbi,s3://pan-ukb-us-east-1/sumstats_flat_files/biomarkers-30700-both_sexes-irnt.tsv.bgz,s3://pan-ukb-us-east-1/sumstats_flat_files_tabix/biomarkers-30700-both_sexes-irnt.tsv.bgz.tbi,CSA,TO_VALIDATE_IN_15B2,MATCHED_TRAIT_CATALOG,True,True,True,True,True,
cmp_3c301e22a1d1ac38,gt_a75009f66717b029,NOX4,Pan-UKB,Pan-UKB::biomarkers|30700|both_sexes||irnt,Creatinine,biomarkers|30700|both_sexes||irnt,GRCh37,serum_creatinine,SENSITIVITY,Proxy biomarker,Proxy biomarker,False,False,B,B,0,1,1,1,Diabetic Nephropathies,EUR,MID,11,chr11,89057524,89322779,89057523,88957524,89422779,88957523,100000,-,ENSG00000086991.8,protein_coding,NOX4,exact_gene_name,GENCODE v19,MATCHED,single_multianalysis_bgzf,s3://pan-ukb-us-east-1/sumstats_flat_files/biomarkers-30700-both_sexes-irnt.tsv.bgz,s3://pan-ukb-us-east-1/sumstats_flat_files_tabix/biomarkers-30700-both_sexes-irnt.tsv.bgz.tbi,s3://pan-ukb-us-east-1/sumstats_flat_files/biomarkers-30700-both_sexes-irnt.tsv.bgz,s3://pan-ukb-us-east-1/sumstats_flat_files_tabix/biomarkers-30700-both_sexes-irnt.tsv.bgz.tbi,MID,TO_VALIDATE_IN_15B2,MATCHED_TRAIT_CATALOG,True,True,True,True,True,
cmp_0bc7b25d044b956b,gt_0e5609fe04f54e81,TGFB1,Pan-UKB,Pan-UKB::biomarkers|30700|both_sexes||irnt,Creatinine,biomarkers|30700|both_sexes||irnt,GRCh37,serum_creatinine,SENSITIVITY,Proxy biomarker,Proxy biomarker,False,False,B,B,0,1,1,1,"Glomerulosclerosis, Focal Segmental",EUR,CSA,19,chr19,41807492,41859816,41807491,41707492,41959816,41707491,100000,-,ENSG00000105329.5,protein_coding,TGFB1,exact_gene_name,GENCODE v19,MATCHED,single_multianalysis_bgzf,s3://pan-ukb-us-east-1/sumstats_flat_files/biomarkers-30700-both_sexes-irnt.tsv.bgz,s3://pan-ukb-us-east-1/sumstats_flat_files_tabix/biomarkers-30700-both_sexes-irnt.tsv.bgz.tbi,s3://pan-ukb-us-east-1/sumstats_flat_files/biomarkers-30700-both_sexes-irnt.tsv.bgz,s3://pan-ukb-us-east-1/sumstats_flat_files_tabix/biomarkers-30700-both_sexes-irnt.tsv.bgz.tbi,CSA,TO_VALIDATE_IN_15B2,MATCHED_TRAIT_CATALOG,True,True,True,True,True,
cmp_04114fcc66386c33,gt_0e5609fe04f54e81,TGFB1,Pan-UKB,Pan-UKB::biomarkers|30700|both_sexes||irnt,Creatinine,biomarkers|30700|both_sexes||irnt,GRCh37,serum_creatinine,SENSITIVITY,Proxy biomarker,Proxy biomarker,False,False,B,B,0,1,1,1,"Glomerulosclerosis, Focal Segmental",EUR,MID,19,chr19,41807492,41859816,41807491,41707492,41959816,41707491,100000,-,ENSG00000105329.5,protein_coding,TGFB1,exact_gene_name,GENCODE v19,MATCHED,single_multianalysis_bgzf,s3://pan-ukb-us-east-1/sumstats_flat_files/biomarkers-30700-both_sexes-irnt.tsv.bgz,s3://pan-ukb-us-east-1/sumstats_flat_files_tabix/biomarkers-30700-both_sexes-irnt.tsv.bgz.tbi,s3://pan-ukb-us-east-1/sumstats_flat_files/biomarkers-30700-both_sexes-irnt.tsv.bgz,s3://pan-ukb-us-east-1/sumstats_flat_files_tabix/biomarkers-30700-both_sexes-irnt.tsv.bgz.tbi,MID,TO_VALIDATE_IN_15B2,MATCHED_TRAIT_CATALOG,True,True,True,True,True,
cmp_090aa5e7e9dd7981,gt_b7e33f1646515e6a,TNFSF13,Pan-UKB,Pan-UKB::biomarkers|30700|both_sexes||irnt,Creatinine,biomarkers|30700|both_sexes||irnt,GRCh37,serum_creatinine,SENSITIVITY,Proxy biomarker,Proxy biomarker,False,False,B,B,0,1,1,1,"Glomerulonephritis, IGA",EUR,CSA,17,chr17,7461609,7464925,7461608,7361609,7564925,7361608,100000,+,ENSG00000161955.12,protein_coding,TNFSF13,exact_gene_name,GENCODE v19,MATCHED,single_multianalysis_bgzf,s3://pan-ukb-us-east-1/sumstats_flat_files/biomarkers-30700-both_sexes-irnt.tsv.bgz,s3://pan-ukb-us-east-1/sumstats_flat_files_tabix/biomarkers-30700-both_sexes-irnt.tsv.bgz.tbi,s3://pan-ukb-us-east-1/sumstats_flat_files/biomarkers-30700-both_sexes-irnt.tsv.bgz,s3://pan-ukb-us-east-1/sumstats_flat_files_tabix/biomarkers-30700-both_sexes-irnt.tsv.bgz.tbi,CSA,TO_VALIDATE_IN_15B2,MATCHED_TRAIT_CATALOG,True,True,True,True,True,
cmp_4858da3c453174e7,gt_b7e33f1646515e6a,TNFSF13,Pan-UKB,Pan-UKB::biomarkers|30700|both_sexes||irnt,Creatinine,biomarkers|30700|both_sexes||irnt,GRCh37,serum_creatinine,SENSITIVITY,Proxy biomarker,Proxy biomarker,False,False,B,B,0,1,1,1,"Glomerulonephritis, IGA",EUR,MID,17,chr17,7461609,7464925,7461608,7361609,7564925,7361608,100000,+,ENSG00000161955.12,protein_coding,TNFSF13,exact_gene_name,GENCODE v19,MATCHED,single_multianalysis_bgzf,s3://pan-ukb-us-east-1/sumstats_flat_files/biomarkers-30700-both_sexes-irnt.tsv.bgz,s3://pan-ukb-us-east-1/sumstats_flat_files_tabix/biomarkers-30700-both_sexes-irnt.tsv.bgz.tbi,s3://pan-ukb-us-east-1/sumstats_flat_files/biomarkers-30700-both_sexes-irnt.tsv.bgz,s3://pan-ukb-us-east-1/sumstats_flat_files_tabix/biomarkers-30700-both_sexes-irnt.tsv.bgz.tbi,MID,TO_VALIDATE_IN_15B2,MATCHED_TRAIT_CATALOG,True,True,True,True,True,
cmp_6a380e02cf8a660f,gt_b8825d29f00de363,ALDH2,Pan-UKB,Pan-UKB::biomarkers|30720|both_sexes||irnt,Cystatin C,biomarkers|30720|both_sexes||irnt,GRCh37,cystatin_c,SENSITIVITY,Proxy biomarker,Proxy biomarker,False,False,B,B,0,1,1,1,Renal Insufficiency,EUR,CSA,12,chr12,112204691,112247782,112204690,112104691,112347782,112104690,100000,+,ENSG00000111275.8,protein_coding,ALDH2,exact_gene_name,GENCODE v19,MATCHED,single_multianalysis_bgzf,s3://pan-ukb-us-east-1/sumstats_flat_files/biomarkers-30720-both_sexes-irnt.tsv.bgz,s3://pan-ukb-us-east-1/sumstats_flat_files_tabix/biomarkers-30720-both_sexes-irnt.tsv.bgz.tbi,s3://pan-ukb-us-east-1/sumstats_flat_files/biomarkers-30720-both_sexes-irnt.tsv.bgz,s3://pan-ukb-us-east-1/sumstats_flat_files_tabix/biomarkers-30720-both_sexes-irnt.tsv.bgz.tbi,CSA,TO_VALIDATE_IN_15B2,MATCHED_TRAIT_CATALOG,True,True,True,True,True,
cmp_cddf2ace714db7dd,gt_b8825d29f00de363,ALDH2,Pan-UKB,Pan-UKB::biomarkers|30720|both_sexes||irnt,Cystatin C,biomarkers|30720|both_sexes||irnt,GRCh37,cystatin_c,SENSITIVITY,Proxy biomarker,Proxy biomarker,False,False,B,B,0,1,1,1,Renal Insufficiency,EUR,MID,12,chr12,112204691,112247782,112204690,112104691,112347782,112104690,100000,+,ENSG00000111275.8,protein_coding,ALDH2,exact_gene_name,GENCODE v19,MATCHED,single_multianalysis_bgzf,s3://pan-ukb-us-east-1/sumstats_flat_files/biomarkers-30720-both_sexes-irnt.tsv.bgz,s3://pan-ukb-us-east-1/sumstats_flat_files_tabix/biomarkers-30720-both_sexes-irnt.tsv.bgz.tbi,s3://pan-ukb-us-east-1/sumstats_flat_files/biomarkers-30720-both_sexes-irnt.tsv.bgz,s3://pan-ukb-us-east-1/sumstats_flat_files_tabix/biomarkers-30720-both_sexes-irnt.tsv.bgz.tbi,MID,TO_VALIDATE_IN_15B2,MATCHED_TRAIT_CATALOG,True,True,True,True,True,
cmp_d2979321176fd101,gt_f44b838abb593b40,APOL1,Pan-UKB,Pan-UKB::biomarkers|30720|both_sexes||irnt,Cystatin C,biomarkers|30720|both_sexes||irnt,GRCh37,cystatin_c,SENSITIVITY,Proxy biomarker,Proxy biomarker,False,False,B,B,0,2,2,2,"Glomerulosclerosis, Focal Segmental || Renal Insufficiency",EUR,CSA,22,chr22,36649056,36663576,36649055,36549056,36763576,36549055,100000,+,ENSG00000100342.16,protein_coding,APOL1,exact_gene_name,GENCODE v19,MATCHED,single_multianalysis_bgzf,s3://pan-ukb-us-east-1/sumstats_flat_files/biomarkers-30720-both_sexes-irnt.tsv.bgz,s3://pan-ukb-us-east-1/sumstats_flat_files_tabix/biomarkers-30720-both_sexes-irnt.tsv.bgz.tbi,s3://pan-ukb-us-east-1/sumstats_flat_files/biomarkers-30720-both_sexes-irnt.tsv.bgz,s3://pan-ukb-us-east-1/sumstats_flat_files_tabix/biomarkers-30720-both_sexes-irnt.tsv.bgz.tbi,CSA,TO_VALIDATE_IN_15B2,MATCHED_TRAIT_CATALOG,True,True,True,True,True,
cmp_764eeb5352b244f3,gt_f44b838abb593b40,APOL1,Pan-UKB,Pan-UKB::biomarkers|30720|both_sexes||irnt,Cystatin C,biomarkers|30720|both_sexes||irnt,GRCh37,cystatin_c,SENSITIVITY,Proxy biomarker,Proxy biomarker,False,False,B,B,0,2,2,2,"Glomerulosclerosis, Focal Segmental || Renal Insufficiency",EUR,MID,22,chr22,36649056,36663576,36649055,36549056,36763576,36549055,100000,+,ENSG00000100342.16,protein_coding,APOL1,exact_gene_name,GENCODE v19,MATCHED,single_multianalysis_bgzf,s3://pan-ukb-us-east-1/sumstats_flat_files/biomarkers-30720-both_sexes-irnt.tsv.bgz,s3://pan-ukb-us-east-1/sumstats_flat_files_tabix/biomarkers-30720-both_sexes-irnt.tsv.bgz.tbi,s3://pan-ukb-us-east-1/sumstats_flat_files/biomarkers-30720-both_sexes-irnt.tsv.bgz,s3://pan-ukb-us-east-1/sumstats_flat_files_tabix/biomarkers-30720-both_sexes-irnt.tsv.bgz.tbi,MID,TO_VALIDATE_IN_15B2,MATCHED_TRAIT_CATALOG,True,True,True,True,True,
cmp_89a5823e5ba522d1,gt_6b7062b71b8804b2,AXL,Pan-UKB,Pan-UKB::biomarkers|30720|both_sexes||irnt,Cystatin C,biomarkers|30720|both_sexes||irnt,GRCh37,cystatin_c,SENSITIVITY,Proxy biomarker,Proxy biomarker,False,False,B,B,0,1,1,1,"Glomerulonephritis, IGA",EUR,CSA,19,chr19,41725108,41767671,41725107,41625108,41867671,41625107,100000,+,ENSG00000167601.7,protein_coding,AXL,exact_gene_name,GENCODE v19,MATCHED,single_multianalysis_bgzf,s3://pan-ukb-us-east-1/sumstats_flat_files/biomarkers-30720-both_sexes-irnt.tsv.bgz,s3://pan-ukb-us-east-1/sumstats_flat_files_tabix/biomarkers-30720-both_sexes-irnt.tsv.bgz.tbi,s3://pan-ukb-us-east-1/sumstats_flat_files/biomarkers-30720-both_sexes-irnt.tsv.bgz,s3://pan-ukb-us-east-1/sumstats_flat_files_tabix/biomarkers-30720-both_sexes-irnt.tsv.bgz.tbi,CSA,TO_VALIDATE_IN_15B2,MATCHED_TRAIT_CATALOG,True,True,True,True,True,
cmp_d32e1c71fb55d28e,gt_6b7062b71b8804b2,AXL,Pan-UKB,Pan-UKB::biomarkers|30720|both_sexes||irnt,Cystatin C,biomarkers|30720|both_sexes||irnt,GRCh37,cystatin_c,SENSITIVITY,Proxy biomarker,Proxy biomarker,False,False,B,B,0,1,1,1,"Glomerulonephritis, IGA",EUR,MID,19,chr19,41725108,41767671,41725107,41625108,41867671,41625107,100000,+,ENSG00000167601.7,protein_coding,AXL,exact_gene_name,GENCODE v19,MATCHED,single_multianalysis_bgzf,s3://pan-ukb-us-east-1/sumstats_flat_files/biomarkers-30720-both_sexes-irnt.tsv.bgz,s3://pan-ukb-us-east-1/sumstats_flat_files_tabix/biomarkers-30720-both_sexes-irnt.tsv.bgz.tbi,s3://pan-ukb-us-east-1/sumstats_flat_files/biomarkers-30720-both_sexes-irnt.tsv.bgz,s3://pan-ukb-us-east-1/sumstats_flat_files_tabix/biomarkers-30720-both_sexes-irnt.tsv.bgz.tbi,MID,TO_VALIDATE_IN_15B2,MATCHED_TRAIT_CATALOG,True,True,True,True,True,
cmp_1d8712f94038f663,gt_15f0931f643db407,GLP1R,Pan-UKB,Pan-UKB::biomarkers|30720|both_sexes||irnt,Cystatin C,biomarkers|30720|both_sexes||irnt,GRCh37,cystatin_c,SENSITIVITY,Proxy biomarker,Proxy biomarker,False,False,B,B,0,1,1,1,Renal Insufficiency,EUR,CSA,6,chr6,39016574,39055519,39016573,38916574,39155519,38916573,100000,+,ENSG00000112164.5,protein_coding,GLP1R,exact_gene_name,GENCODE v19,MATCHED,single_multianalysis_bgzf,s3://pan-ukb-us-east-1/sumstats_flat_files/biomarkers-30720-both_sexes-irnt.tsv.bgz,s3://pan-ukb-us-east-1/sumstats_flat_files_tabix/biomarkers-30720-both_sexes-irnt.tsv.bgz.tbi,s3://pan-ukb-us-east-1/sumstats_flat_files/biomarkers-30720-both_sexes-irnt.tsv.bgz,s3://pan-ukb-us-east-1/sumstats_flat_files_tabix/biomarkers-30720-both_sexes-irnt.tsv.bgz.tbi,CSA,TO_VALIDATE_IN_15B2,MATCHED_TRAIT_CATALOG,True,True,True,True,True,
cmp_d6c72e9b870060a3,gt_15f0931f643db407,GLP1R,Pan-UKB,Pan-UKB::biomarkers|30720|both_sexes||irnt,Cystatin C,biomarkers|30720|both_sexes||irnt,GRCh37,cystatin_c,SENSITIVITY,Proxy biomarker,Proxy biomarker,False,False,B,B,0,1,1,1,Renal Insufficiency,EUR,MID,6,chr6,39016574,39055519,39016573,38916574,39155519,38916573,100000,+,ENSG00000112164.5,protein_coding,GLP1R,exact_gene_name,GENCODE v19,MATCHED,single_multianalysis_bgzf,s3://pan-ukb-us-east-1/sumstats_flat_files/biomarkers-30720-both_sexes-irnt.tsv.bgz,s3://pan-ukb-us-east-1/sumstats_flat_files_tabix/biomarkers-30720-both_sexes-irnt.tsv.bgz.tbi,s3://pan-ukb-us-east-1/sumstats_flat_files/biomarkers-30720-both_sexes-irnt.tsv.bgz,s3://pan-ukb-us-east-1/sumstats_flat_files_tabix/biomarkers-30720-both_sexes-irnt.tsv.bgz.tbi,MID,TO_VALIDATE_IN_15B2,MATCHED_TRAIT_CATALOG,True,True,True,True,True,
cmp_99bacd3c12a7ba72,gt_79589bc1696ec35d,KCNJ1,Pan-UKB,Pan-UKB::biomarkers|30720|both_sexes||irnt,Cystatin C,biomarkers|30720|both_sexes||irnt,GRCh37,cystatin_c,SENSITIVITY,Proxy biomarker,Proxy biomarker,False,False,B,B,0,1,1,1,Renal Insufficiency,EUR,CSA,11,chr11,128706210,128737268,128706209,128606210,128837268,128606209,100000,-,ENSG00000151704.11,protein_coding,KCNJ1,exact_gene_name,GENCODE v19,MATCHED,single_multianalysis_bgzf,s3://pan-ukb-us-east-1/sumstats_flat_files/biomarkers-30720-both_sexes-irnt.tsv.bgz,s3://pan-ukb-us-east-1/sumstats_flat_files_tabix/biomarkers-30720-both_sexes-irnt.tsv.bgz.tbi,s3://pan-ukb-us-east-1/sumstats_flat_files/biomarkers-30720-both_sexes-irnt.tsv.bgz,s3://pan-ukb-us-east-1/sumstats_flat_files_tabix/biomarkers-30720-both_sexes-irnt.tsv.bgz.tbi,CSA,TO_VALIDATE_IN_15B2,MATCHED_TRAIT_CATALOG,True,True,True,True,True,
cmp_b4900802aac0ec37,gt_79589bc1696ec35d,KCNJ1,Pan-UKB,Pan-UKB::biomarkers|30720|both_sexes||irnt,Cystatin C,biomarkers|30720|both_sexes||irnt,GRCh37,cystatin_c,SENSITIVITY,Proxy biomarker,Proxy biomarker,False,False,B,B,0,1,1,1,Renal Insufficiency,EUR,MID,11,chr11,128706210,128737268,128706209,128606210,128837268,128606209,100000,-,ENSG00000151704.11,protein_coding,KCNJ1,exact_gene_name,GENCODE v19,MATCHED,single_multianalysis_bgzf,s3://pan-ukb-us-east-1/sumstats_flat_files/biomarkers-30720-both_sexes-irnt.tsv.bgz,s3://pan-ukb-us-east-1/sumstats_flat_files_tabix/biomarkers-30720-both_sexes-irnt.tsv.bgz.tbi,s3://pan-ukb-us-east-1/sumstats_flat_files/biomarkers-30720-both_sexes-irnt.tsv.bgz,s3://pan-ukb-us-east-1/sumstats_flat_files_tabix/biomarkers-30720-both_sexes-irnt.tsv.bgz.tbi,MID,TO_VALIDATE_IN_15B2,MATCHED_TRAIT_CATALOG,True,True,True,True,True,
cmp_558735a0f14344f3,gt_08923c27f7914e93,NFE2L2,Pan-UKB,Pan-UKB::biomarkers|30720|both_sexes||irnt,Cystatin C,biomarkers|30720|both_sexes||irnt,GRCh37,cystatin_c,SENSITIVITY,Proxy biomarker,Proxy biomarker,False,False,B,B,0,1,1,1,Renal Insufficiency,EUR,CSA,2,chr2,178092323,178257425,178092322,177992323,178357425,177992322,100000,-,ENSG00000116044.11,protein_coding,NFE2L2,exact_gene_name,GENCODE v19,MATCHED,single_multianalysis_bgzf,s3://pan-ukb-us-east-1/sumstats_flat_files/biomarkers-30720-both_sexes-irnt.tsv.bgz,s3://pan-ukb-us-east-1/sumstats_flat_files_tabix/biomarkers-30720-both_sexes-irnt.tsv.bgz.tbi,s3://pan-ukb-us-east-1/sumstats_flat_files/biomarkers-30720-both_sexes-irnt.tsv.bgz,s3://pan-ukb-us-east-1/sumstats_flat_files_tabix/biomarkers-30720-both_sexes-irnt.tsv.bgz.tbi,CSA,TO_VALIDATE_IN_15B2,MATCHED_TRAIT_CATALOG,True,True,True,True,True,
cmp_e2b725e77ad47a43,gt_08923c27f7914e93,NFE2L2,Pan-UKB,Pan-UKB::biomarkers|30720|both_sexes||irnt,Cystatin C,biomarkers|30720|both_sexes||irnt,GRCh37,cystatin_c,SENSITIVITY,Proxy biomarker,Proxy biomarker,False,False,B,B,0,1,1,1,Renal Insufficiency,EUR,MID,2,chr2,178092323,178257425,178092322,177992323,178357425,177992322,100000,-,ENSG00000116044.11,protein_coding,NFE2L2,exact_gene_name,GENCODE v19,MATCHED,single_multianalysis_bgzf,s3://pan-ukb-us-east-1/sumstats_flat_files/biomarkers-30720-both_sexes-irnt.tsv.bgz,s3://pan-ukb-us-east-1/sumstats_flat_files_tabix/biomarkers-30720-both_sexes-irnt.tsv.bgz.tbi,s3://pan-ukb-us-east-1/sumstats_flat_files/biomarkers-30720-both_sexes-irnt.tsv.bgz,s3://pan-ukb-us-east-1/sumstats_flat_files_tabix/biomarkers-30720-both_sexes-irnt.tsv.bgz.tbi,MID,TO_VALIDATE_IN_15B2,MATCHED_TRAIT_CATALOG,True,True,True,True,True,
cmp_1603f5c37a1c47d7,gt_08361c84d47be2b6,NFKB1,Pan-UKB,Pan-UKB::biomarkers|30720|both_sexes||irnt,Cystatin C,biomarkers|30720|both_sexes||irnt,GRCh37,cystatin_c,SENSITIVITY,Proxy biomarker,Proxy biomarker,False,False,B,B,0,1,1,1,"Glomerulosclerosis, Focal Segmental",EUR,CSA,4,chr4,103422486,103538459,103422485,103322486,103638459,103322485,100000,+,ENSG00000109320.7,protein_coding,NFKB1,exact_gene_name,GENCODE v19,MATCHED,single_multianalysis_bgzf,s3://pan-ukb-us-east-1/sumstats_flat_files/biomarkers-30720-both_sexes-irnt.tsv.bgz,s3://pan-ukb-us-east-1/sumstats_flat_files_tabix/biomarkers-30720-both_sexes-irnt.tsv.bgz.tbi,s3://pan-ukb-us-east-1/sumstats_flat_files/biomarkers-30720-both_sexes-irnt.tsv.bgz,s3://pan-ukb-us-east-1/sumstats_flat_files_tabix/biomarkers-30720-both_sexes-irnt.tsv.bgz.tbi,CSA,TO_VALIDATE_IN_15B2,MATCHED_TRAIT_CATALOG,True,True,True,True,True,
cmp_577d96ace53fdb52,gt_08361c84d47be2b6,NFKB1,Pan-UKB,Pan-UKB::biomarkers|30720|both_sexes||irnt,Cystatin C,biomarkers|30720|both_sexes||irnt,GRCh37,cystatin_c,SENSITIVITY,Proxy biomarker,Proxy biomarker,False,False,B,B,0,1,1,1,"Glomerulosclerosis, Focal Segmental",EUR,MID,4,chr4,103422486,103538459,103422485,103322486,103638459,103322485,100000,+,ENSG00000109320.7,protein_coding,NFKB1,exact_gene_name,GENCODE v19,MATCHED,single_multianalysis_bgzf,s3://pan-ukb-us-east-1/sumstats_flat_files/biomarkers-30720-both_sexes-irnt.tsv.bgz,s3://pan-ukb-us-east-1/sumstats_flat_files_tabix/biomarkers-30720-both_sexes-irnt.tsv.bgz.tbi,s3://pan-ukb-us-east-1/sumstats_flat_files/biomarkers-30720-both_sexes-irnt.tsv.bgz,s3://pan-ukb-us-east-1/sumstats_flat_files_tabix/biomarkers-30720-both_sexes-irnt.tsv.bgz.tbi,MID,TO_VALIDATE_IN_15B2,MATCHED_TRAIT_CATALOG,True,True,True,True,True,
cmp_2e9b8f3544912d6b,gt_81f076e7673f616f,NOX4,Pan-UKB,Pan-UKB::biomarkers|30720|both_sexes||irnt,Cystatin C,biomarkers|30720|both_sexes||irnt,GRCh37,cystatin_c,SENSITIVITY,Proxy biomarker,Proxy biomarker,False,False,B,B,0,1,1,1,Diabetic Nephropathies,EUR,CSA,11,chr11,89057524,89322779,89057523,88957524,89422779,88957523,100000,-,ENSG00000086991.8,protein_coding,NOX4,exact_gene_name,GENCODE v19,MATCHED,single_multianalysis_bgzf,s3://pan-ukb-us-east-1/sumstats_flat_files/biomarkers-30720-both_sexes-irnt.tsv.bgz,s3://pan-ukb-us-east-1/sumstats_flat_files_tabix/biomarkers-30720-both_sexes-irnt.tsv.bgz.tbi,s3://pan-ukb-us-east-1/sumstats_flat_files/biomarkers-30720-both_sexes-irnt.tsv.bgz,s3://pan-ukb-us-east-1/sumstats_flat_files_tabix/biomarkers-30720-both_sexes-irnt.tsv.bgz.tbi,CSA,TO_VALIDATE_IN_15B2,MATCHED_TRAIT_CATALOG,True,True,True,True,True,
cmp_a8dec61ce59b367f,gt_81f076e7673f616f,NOX4,Pan-UKB,Pan-UKB::biomarkers|30720|both_sexes||irnt,Cystatin C,biomarkers|30720|both_sexes||irnt,GRCh37,cystatin_c,SENSITIVITY,Proxy biomarker,Proxy biomarker,False,False,B,B,0,1,1,1,Diabetic Nephropathies,EUR,MID,11,chr11,89057524,89322779,89057523,88957524,89422779,88957523,100000,-,ENSG00000086991.8,protein_coding,NOX4,exact_gene_name,GENCODE v19,MATCHED,single_multianalysis_bgzf,s3://pan-ukb-us-east-1/sumstats_flat_files/biomarkers-30720-both_sexes-irnt.tsv.bgz,s3://pan-ukb-us-east-1/sumstats_flat_files_tabix/biomarkers-30720-both_sexes-irnt.tsv.bgz.tbi,s3://pan-ukb-us-east-1/sumstats_flat_files/biomarkers-30720-both_sexes-irnt.tsv.bgz,s3://pan-ukb-us-east-1/sumstats_flat_files_tabix/biomarkers-30720-both_sexes-irnt.tsv.bgz.tbi,MID,TO_VALIDATE_IN_15B2,MATCHED_TRAIT_CATALOG,True,True,True,True,True,
cmp_db590a9a928b917d,gt_b4759703808d205c,TGFB1,Pan-UKB,Pan-UKB::biomarkers|30720|both_sexes||irnt,Cystatin C,biomarkers|30720|both_sexes||irnt,GRCh37,cystatin_c,SENSITIVITY,Proxy biomarker,Proxy biomarker,False,False,B,B,0,1,1,1,"Glomerulosclerosis, Focal Segmental",EUR,CSA,19,chr19,41807492,41859816,41807491,41707492,41959816,41707491,100000,-,ENSG00000105329.5,protein_coding,TGFB1,exact_gene_name,GENCODE v19,MATCHED,single_multianalysis_bgzf,s3://pan-ukb-us-east-1/sumstats_flat_files/biomarkers-30720-both_sexes-irnt.tsv.bgz,s3://pan-ukb-us-east-1/sumstats_flat_files_tabix/biomarkers-30720-both_sexes-irnt.tsv.bgz.tbi,s3://pan-ukb-us-east-1/sumstats_flat_files/biomarkers-30720-both_sexes-irnt.tsv.bgz,s3://pan-ukb-us-east-1/sumstats_flat_files_tabix/biomarkers-30720-both_sexes-irnt.tsv.bgz.tbi,CSA,TO_VALIDATE_IN_15B2,MATCHED_TRAIT_CATALOG,True,True,True,True,True,
cmp_a183f1cab2e3200b,gt_b4759703808d205c,TGFB1,Pan-UKB,Pan-UKB::biomarkers|30720|both_sexes||irnt,Cystatin C,biomarkers|30720|both_sexes||irnt,GRCh37,cystatin_c,SENSITIVITY,Proxy biomarker,Proxy biomarker,False,False,B,B,0,1,1,1,"Glomerulosclerosis, Focal Segmental",EUR,MID,19,chr19,41807492,41859816,41807491,41707492,41959816,41707491,100000,-,ENSG00000105329.5,protein_coding,TGFB1,exact_gene_name,GENCODE v19,MATCHED,single_multianalysis_bgzf,s3://pan-ukb-us-east-1/sumstats_flat_files/biomarkers-30720-both_sexes-irnt.tsv.bgz,s3://pan-ukb-us-east-1/sumstats_flat_files_tabix/biomarkers-30720-both_sexes-irnt.tsv.bgz.tbi,s3://pan-ukb-us-east-1/sumstats_flat_files/biomarkers-30720-both_sexes-irnt.tsv.bgz,s3://pan-ukb-us-east-1/sumstats_flat_files_tabix/biomarkers-30720-both_sexes-irnt.tsv.bgz.tbi,MID,TO_VALIDATE_IN_15B2,MATCHED_TRAIT_CATALOG,True,True,True,True,True,
cmp_faf69748c5e1cb2d,gt_f7ef35f18ecb6a41,TNFSF13,Pan-UKB,Pan-UKB::biomarkers|30720|both_sexes||irnt,Cystatin C,biomarkers|30720|both_sexes||irnt,GRCh37,cystatin_c,SENSITIVITY,Proxy biomarker,Proxy biomarker,False,False,B,B,0,1,1,1,"Glomerulonephritis, IGA",EUR,CSA,17,chr17,7461609,7464925,7461608,7361609,7564925,7361608,100000,+,ENSG00000161955.12,protein_coding,TNFSF13,exact_gene_name,GENCODE v19,MATCHED,single_multianalysis_bgzf,s3://pan-ukb-us-east-1/sumstats_flat_files/biomarkers-30720-both_sexes-irnt.tsv.bgz,s3://pan-ukb-us-east-1/sumstats_flat_files_tabix/biomarkers-30720-both_sexes-irnt.tsv.bgz.tbi,s3://pan-ukb-us-east-1/sumstats_flat_files/biomarkers-30720-both_sexes-irnt.tsv.bgz,s3://pan-ukb-us-east-1/sumstats_flat_files_tabix/biomarkers-30720-both_sexes-irnt.tsv.bgz.tbi,CSA,TO_VALIDATE_IN_15B2,MATCHED_TRAIT_CATALOG,True,True,True,True,True,
cmp_4cc7a4e66419573f,gt_f7ef35f18ecb6a41,TNFSF13,Pan-UKB,Pan-UKB::biomarkers|30720|both_sexes||irnt,Cystatin C,biomarkers|30720|both_sexes||irnt,GRCh37,cystatin_c,SENSITIVITY,Proxy biomarker,Proxy biomarker,False,False,B,B,0,1,1,1,"Glomerulonephritis, IGA",EUR,MID,17,chr17,7461609,7464925,7461608,7361609,7564925,7361608,100000,+,ENSG00000161955.12,protein_coding,TNFSF13,exact_gene_name,GENCODE v19,MATCHED,single_multianalysis_bgzf,s3://pan-ukb-us-east-1/sumstats_flat_files/biomarkers-30720-both_sexes-irnt.tsv.bgz,s3://pan-ukb-us-east-1/sumstats_flat_files_tabix/biomarkers-30720-both_sexes-irnt.tsv.bgz.tbi,s3://pan-ukb-us-east-1/sumstats_flat_files/biomarkers-30720-both_sexes-irnt.tsv.bgz,s3://pan-ukb-us-east-1/sumstats_flat_files_tabix/biomarkers-30720-both_sexes-irnt.tsv.bgz.tbi,MID,TO_VALIDATE_IN_15B2,MATCHED_TRAIT_CATALOG,True,True,True,True,True,
cmp_0a9b82470c7f1f1d,gt_629a16ff96b0488e,ACE,Pan-UKB,Pan-UKB::continuous|4079|both_sexes||irnt,"Diastolic blood pressure, automated reading",continuous|4079|both_sexes||irnt,GRCh37,diastolic_blood_pressure,SENSITIVITY,Direct quantitative readout,Direct quantitative readout,False,False,A,A,1,0,1,1,Hypertension,EUR,CSA,17,chr17,61554422,61599209,61554421,61454422,61699209,61454421,100000,+,ENSG00000159640.10 || ENSG00000264813.1,protein_coding,ACE,exact_gene_name,GENCODE v19,MATCHED,single_multianalysis_bgzf,s3://pan-ukb-us-east-1/sumstats_flat_files/continuous-4079-both_sexes-irnt.tsv.bgz,s3://pan-ukb-us-east-1/sumstats_flat_files_tabix/continuous-4079-both_sexes-irnt.tsv.bgz.tbi,s3://pan-ukb-us-east-1/sumstats_flat_files/continuous-4079-both_sexes-irnt.tsv.bgz,s3://pan-ukb-us-east-1/sumstats_flat_files_tabix/continuous-4079-both_sexes-irnt.tsv.bgz.tbi,CSA,TO_VALIDATE_IN_15B2,MATCHED_TRAIT_CATALOG,True,True,True,True,True,
cmp_593a30342518b62c,gt_bdf86b1be3705ee2,ADRA1A,Pan-UKB,Pan-UKB::continuous|4079|both_sexes||irnt,"Diastolic blood pressure, automated reading",continuous|4079|both_sexes||irnt,GRCh37,diastolic_blood_pressure,SENSITIVITY,Direct quantitative readout,Direct quantitative readout,False,False,B,B,0,1,1,1,Hypertension,EUR,CSA,8,chr8,26605667,26724790,26605666,26505667,26824790,26505666,100000,-,ENSG00000120907.13,protein_coding,ADRA1A,exact_gene_name,GENCODE v19,MATCHED,single_multianalysis_bgzf,s3://pan-ukb-us-east-1/sumstats_flat_files/continuous-4079-both_sexes-irnt.tsv.bgz,s3://pan-ukb-us-east-1/sumstats_flat_files_tabix/continuous-4079-both_sexes-irnt.tsv.bgz.tbi,s3://pan-ukb-us-east-1/sumstats_flat_files/continuous-4079-both_sexes-irnt.tsv.bgz,s3://pan-ukb-us-east-1/sumstats_flat_files_tabix/continuous-4079-both_sexes-irnt.tsv.bgz.tbi,CSA,TO_VALIDATE_IN_15B2,MATCHED_TRAIT_CATALOG,True,True,True,True,True,
cmp_3eba08ccc40d8e30,gt_ca860418aa6f2049,ADRA2B,Pan-UKB,Pan-UKB::continuous|4079|both_sexes||irnt,"Diastolic blood pressure, automated reading",continuous|4079|both_sexes||irnt,GRCh37,diastolic_blood_pressure,SENSITIVITY,Direct quantitative readout,Direct quantitative readout,False,False,A,A,1,0,1,1,Hypertension,EUR,CSA,2,chr2,96778707,96781984,96778706,96678707,96881984,96678706,100000,-,ENSG00000222040.3,protein_coding,ADRA2B,exact_gene_name,GENCODE v19,MATCHED,single_multianalysis_bgzf,s3://pan-ukb-us-east-1/sumstats_flat_files/continuous-4079-both_sexes-irnt.tsv.bgz,s3://pan-ukb-us-east-1/sumstats_flat_files_tabix/continuous-4079-both_sexes-irnt.tsv.bgz.tbi,s3://pan-ukb-us-east-1/sumstats_flat_files/continuous-4079-both_sexes-irnt.tsv.bgz,s3://pan-ukb-us-east-1/sumstats_flat_files_tabix/continuous-4079-both_sexes-irnt.tsv.bgz.tbi,CSA,TO_VALIDATE_IN_15B2,MATCHED_TRAIT_CATALOG,True,True,True,True,True,
cmp_e6a36a5b9e1a10ea,gt_78c675e0c6b2123a,ADRA2C,Pan-UKB,Pan-UKB::continuous|4079|both_sexes||irnt,"Diastolic blood pressure, automated reading",continuous|4079|both_sexes||irnt,GRCh37,diastolic_blood_pressure,SENSITIVITY,Direct quantitative readout,Direct quantitative readout,False,False,A,A,1,0,1,1,Hypertension,EUR,CSA,4,chr4,3768075,3770251,3768074,3668075,3870251,3668074,100000,+,ENSG00000184160.6,protein_coding,ADRA2C,exact_gene_name,GENCODE v19,MATCHED,single_multianalysis_bgzf,s3://pan-ukb-us-east-1/sumstats_flat_files/continuous-4079-both_sexes-irnt.tsv.bgz,s3://pan-ukb-us-east-1/sumstats_flat_files_tabix/continuous-4079-both_sexes-irnt.tsv.bgz.tbi,s3://pan-ukb-us-east-1/sumstats_flat_files/continuous-4079-both_sexes-irnt.tsv.bgz,s3://pan-ukb-us-east-1/sumstats_flat_files_tabix/continuous-4079-both_sexes-irnt.tsv.bgz.tbi,CSA,TO_VALIDATE_IN_15B2,MATCHED_TRAIT_CATALOG,True,True,True,True,True,
cmp_c61f1c2b42fd8e4a,gt_64d260049b72399e,ADRB1,Pan-UKB,Pan-UKB::continuous|4079|both_sexes||irnt,"Diastolic blood pressure, automated reading",continuous|4079|both_sexes||irnt,GRCh37,diastolic_blood_pressure,SENSITIVITY,Direct quantitative readout,Direct quantitative readout,False,False,A,A,1,0,1,1,Hypertension,EUR,CSA,10,chr10,115803806,115806667,115803805,115703806,115906667,115703805,100000,+,ENSG00000043591.4,protein_coding,ADRB1,exact_gene_name,GENCODE v19,MATCHED,single_multianalysis_bgzf,s3://pan-ukb-us-east-1/sumstats_flat_files/continuous-4079-both_sexes-irnt.tsv.bgz,s3://pan-ukb-us-east-1/sumstats_flat_files_tabix/continuous-4079-both_sexes-irnt.tsv.bgz.tbi,s3://pan-ukb-us-east-1/sumstats_flat_files/continuous-4079-both_sexes-irnt.tsv.bgz,s3://pan-ukb-us-east-1/sumstats_flat_files_tabix/continuous-4079-both_sexes-irnt.tsv.bgz.tbi,CSA,TO_VALIDATE_IN_15B2,MATCHED_TRAIT_CATALOG,True,True,True,True,True,
cmp_2a2db6a17381db3c,gt_3968036e95be378a,ADRB2,Pan-UKB,Pan-UKB::continuous|4079|both_sexes||irnt,"Diastolic blood pressure, automated reading",continuous|4079|both_sexes||irnt,GRCh37,diastolic_blood_pressure,SENSITIVITY,Direct quantitative readout,Direct quantitative readout,False,False,A,A,1,0,1,1,Hypertension,EUR,CSA,5,chr5,148206156,148208196,148206155,148106156,148308196,148106155,100000,+,ENSG00000169252.4,protein_coding,ADRB2,exact_gene_name,GENCODE v19,MATCHED,single_multianalysis_bgzf,s3://pan-ukb-us-east-1/sumstats_flat_files/continuous-4079-both_sexes-irnt.tsv.bgz,s3://pan-ukb-us-east-1/sumstats_flat_files_tabix/continuous-4079-both_sexes-irnt.tsv.bgz.tbi,s3://pan-ukb-us-east-1/sumstats_flat_files/continuous-4079-both_sexes-irnt.tsv.bgz,s3://pan-ukb-us-east-1/sumstats_flat_files_tabix/continuous-4079-both_sexes-irnt.tsv.bgz.tbi,CSA,TO_VALIDATE_IN_15B2,MATCHED_TRAIT_CATALOG,True,True,True,True,True,
cmp_65ae4c35b4fbfcb4,gt_91653389a708ea02,AGT,Pan-UKB,Pan-UKB::continuous|4079|both_sexes||irnt,"Diastolic blood pressure, automated reading",continuous|4079|both_sexes||irnt,GRCh37,diastolic_blood_pressure,SENSITIVITY,Direct quantitative readout,Direct quantitative readout,False,False,A,A,1,0,1,1,Hypertension,EUR,CSA,1,chr1,230838269,230850043,230838268,230738269,230950043,230738268,100000,-,ENSG00000135744.7,protein_coding,AGT,exact_gene_name,GENCODE v19,MATCHED,single_multianalysis_bgzf,s3://pan-ukb-us-east-1/sumstats_flat_files/continuous-4079-both_sexes-irnt.tsv.bgz,s3://pan-ukb-us-east-1/sumstats_flat_files_tabix/continuous-4079-both_sexes-irnt.tsv.bgz.tbi,s3://pan-ukb-us-east-1/sumstats_flat_files/continuous-4079-both_sexes-irnt.tsv.bgz,s3://pan-ukb-us-east-1/sumstats_flat_files_tabix/continuous-4079-both_sexes-irnt.tsv.bgz.tbi,CSA,TO_VALIDATE_IN_15B2,MATCHED_TRAIT_CATALOG,True,True,True,True,True,
cmp_f5409ef32bbe5179,gt_d00fe93361a2e4f3,CACNA1C,Pan-UKB,Pan-UKB::continuous|4079|both_sexes||irnt,"Diastolic blood pressure, automated reading",continuous|4079|both_sexes||irnt,GRCh37,diastolic_blood_pressure,SENSITIVITY,Direct quantitative readout,Direct quantitative readout,False,False,A,A,1,0,1,1,Hypertension,EUR,CSA,12,chr12,2079952,2802108,2079951,1979952,2902108,1979951,100000,+,ENSG00000151067.16,protein_coding,CACNA1C,exact_gene_name,GENCODE v19,MATCHED,single_multianalysis_bgzf,s3://pan-ukb-us-east-1/sumstats_flat_files/continuous-4079-both_sexes-irnt.tsv.bgz,s3://pan-ukb-us-east-1/sumstats_flat_files_tabix/continuous-4079-both_sexes-irnt.tsv.bgz.tbi,s3://pan-ukb-us-east-1/sumstats_flat_files/continuous-4079-both_sexes-irnt.tsv.bgz,s3://pan-ukb-us-east-1/sumstats_flat_files_tabix/continuous-4079-both_sexes-irnt.tsv.bgz.tbi,CSA,TO_VALIDATE_IN_15B2,MATCHED_TRAIT_CATALOG,True,True,True,True,True,
cmp_c110019384f6dd5b,gt_4ef6440060024516,CHRNB4,Pan-UKB,Pan-UKB::continuous|4079|both_sexes||irnt,"Diastolic blood pressure, automated reading",continuous|4079|both_sexes||irnt,GRCh37,diastolic_blood_pressure,SENSITIVITY,Direct quantitative readout,Direct quantitative readout,False,False,B,B,0,1,1,1,Hypertension,EUR,CSA,15,chr15,78916461,79020096,78916460,78816461,79120096,78816460,100000,-,ENSG00000117971.7,protein_coding,CHRNB4,exact_gene_name,GENCODE v19,MATCHED,single_multianalysis_bgzf,s3://pan-ukb-us-east-1/sumstats_flat_files/continuous-4079-both_sexes-irnt.tsv.bgz,s3://pan-ukb-us-east-1/sumstats_flat_files_tabix/continuous-4079-both_sexes-irnt.tsv.bgz.tbi,s3://pan-ukb-us-east-1/sumstats_flat_files/continuous-4079-both_sexes-irnt.tsv.bgz,s3://pan-ukb-us-east-1/sumstats_flat_files_tabix/continuous-4079-both_sexes-irnt.tsv.bgz.tbi,CSA,TO_VALIDATE_IN_15B2,MATCHED_TRAIT_CATALOG,True,True,True,True,True,
cmp_4a81590187870ff3,gt_a3952d3997113985,CYP11B1,Pan-UKB,Pan-UKB::continuous|4079|both_sexes||irnt,"Diastolic blood pressure, automated reading",continuous|4079|both_sexes||irnt,GRCh37,diastolic_blood_pressure,SENSITIVITY,Direct quantitative readout,Direct quantitative readout,False,False,B,B,0,1,1,1,Hypertension,EUR,CSA,8,chr8,143953772,143961262,143953771,143853772,144061262,143853771,100000,-,ENSG00000160882.7,protein_coding,CYP11B1,exact_gene_name,GENCODE v19,MATCHED,single_multianalysis_bgzf,s3://pan-ukb-us-east-1/sumstats_flat_files/continuous-4079-both_sexes-irnt.tsv.bgz,s3://pan-ukb-us-east-1/sumstats_flat_files_tabix/continuous-4079-both_sexes-irnt.tsv.bgz.tbi,s3://pan-ukb-us-east-1/sumstats_flat_files/continuous-4079-both_sexes-irnt.tsv.bgz,s3://pan-ukb-us-east-1/sumstats_flat_files_tabix/continuous-4079-both_sexes-irnt.tsv.bgz.tbi,CSA,TO_VALIDATE_IN_15B2,MATCHED_TRAIT_CATALOG,True,True,True,True,True,
cmp_be6ff51d932abd83,gt_debf2c8fb659fb36,CYP11B2,Pan-UKB,Pan-UKB::continuous|4079|both_sexes||irnt,"Diastolic blood pressure, automated reading",continuous|4079|both_sexes||irnt,GRCh37,diastolic_blood_pressure,SENSITIVITY,Direct quantitative readout,Direct quantitative readout,False,False,B,B,0,1,1,1,Hypertension,EUR,CSA,8,chr8,143991975,143999259,143991974,143891975,144099259,143891974,100000,-,ENSG00000179142.2,protein_coding,CYP11B2,exact_gene_name,GENCODE v19,MATCHED,single_multianalysis_bgzf,s3://pan-ukb-us-east-1/sumstats_flat_files/continuous-4079-both_sexes-irnt.tsv.bgz,s3://pan-ukb-us-east-1/sumstats_flat_files_tabix/continuous-4079-both_sexes-irnt.tsv.bgz.tbi,s3://pan-ukb-us-east-1/sumstats_flat_files/continuous-4079-both_sexes-irnt.tsv.bgz,s3://pan-ukb-us-east-1/sumstats_flat_files_tabix/continuous-4079-both_sexes-irnt.tsv.bgz.tbi,CSA,TO_VALIDATE_IN_15B2,MATCHED_TRAIT_CATALOG,True,True,True,True,True,
cmp_abda9da99c8900e1,gt_94450f63b774eba3,EDNRA,Pan-UKB,Pan-UKB::continuous|4079|both_sexes||irnt,"Diastolic blood pressure, automated reading",continuous|4079|both_sexes||irnt,GRCh37,diastolic_blood_pressure,SENSITIVITY,Direct quantitative readout,Direct quantitative readout,False,False,B,B,0,1,1,1,Hypertension,EUR,CSA,4,chr4,148402069,148466106,148402068,148302069,148566106,148302068,100000,+,ENSG00000151617.11,protein_coding,EDNRA,exact_gene_name,GENCODE v19,MATCHED,single_multianalysis_bgzf,s3://pan-ukb-us-east-1/sumstats_flat_files/continuous-4079-both_sexes-irnt.tsv.bgz,s3://pan-ukb-us-east-1/sumstats_flat_files_tabix/continuous-4079-both_sexes-irnt.tsv.bgz.tbi,s3://pan-ukb-us-east-1/sumstats_flat_files/continuous-4079-both_sexes-irnt.tsv.bgz,s3://pan-ukb-us-east-1/sumstats_flat_files_tabix/continuous-4079-both_sexes-irnt.tsv.bgz.tbi,CSA,TO_VALIDATE_IN_15B2,MATCHED_TRAIT_CATALOG,True,True,True,True,True,
cmp_f0efd1f36431742f,gt_03d77cf9c47d0d51,MME,Pan-UKB,Pan-UKB::continuous|4079|both_sexes||irnt,"Diastolic blood pressure, automated reading",continuous|4079|both_sexes||irnt,GRCh37,diastolic_blood_pressure,SENSITIVITY,Direct quantitative readout,Direct quantitative readout,False,False,B,B,0,1,1,1,Hypertension,EUR,CSA,3,chr3,154741913,154901497,154741912,154641913,155001497,154641912,100000,+,ENSG00000196549.6,protein_coding,MME,exact_gene_name,GENCODE v19,MATCHED,single_multianalysis_bgzf,s3://pan-ukb-us-east-1/sumstats_flat_files/continuous-4079-both_sexes-irnt.tsv.bgz,s3://pan-ukb-us-east-1/sumstats_flat_files_tabix/continuous-4079-both_sexes-irnt.tsv.bgz.tbi,s3://pan-ukb-us-east-1/sumstats_flat_files/continuous-4079-both_sexes-irnt.tsv.bgz,s3://pan-ukb-us-east-1/sumstats_flat_files_tabix/continuous-4079-both_sexes-irnt.tsv.bgz.tbi,CSA,TO_VALIDATE_IN_15B2,MATCHED_TRAIT_CATALOG,True,True,True,True,True,
cmp_be23c98adfd52c43,gt_c213469ce64521e3,NPR1,Pan-UKB,Pan-UKB::continuous|4079|both_sexes||irnt,"Diastolic blood pressure, automated reading",continuous|4079|both_sexes||irnt,GRCh37,diastolic_blood_pressure,SENSITIVITY,Direct quantitative readout,Direct quantitative readout,False,False,B,B,0,1,1,1,Hypertension,EUR,CSA,1,chr1,153651113,153666468,153651112,153551113,153766468,153551112,100000,+,ENSG00000169418.9,protein_coding,NPR1,exact_gene_name,GENCODE v19,MATCHED,single_multianalysis_bgzf,s3://pan-ukb-us-east-1/sumstats_flat_files/continuous-4079-both_sexes-irnt.tsv.bgz,s3://pan-ukb-us-east-1/sumstats_flat_files_tabix/continuous-4079-both_sexes-irnt.tsv.bgz.tbi,s3://pan-ukb-us-east-1/sumstats_flat_files/continuous-4079-both_sexes-irnt.tsv.bgz,s3://pan-ukb-us-east-1/sumstats_flat_files_tabix/continuous-4079-both_sexes-irnt.tsv.bgz.tbi,CSA,TO_VALIDATE_IN_15B2,MATCHED_TRAIT_CATALOG,True,True,True,True,True,
cmp_186061ff676561d5,gt_17d819fc7e3439da,OPRL1,Pan-UKB,Pan-UKB::continuous|4079|both_sexes||irnt,"Diastolic blood pressure, automated reading",continuous|4079|both_sexes||irnt,GRCh37,diastolic_blood_pressure,SENSITIVITY,Direct quantitative readout,Direct quantitative readout,False,False,B,B,0,1,1,1,Hypertension,EUR,CSA,20,chr20,62711526,62731996,62711525,62611526,62831996,62611525,100000,+,ENSG00000125510.11,protein_coding,OPRL1,exact_gene_name,GENCODE v19,MATCHED,single_multianalysis_bgzf,s3://pan-ukb-us-east-1/sumstats_flat_files/continuous-4079-both_sexes-irnt.tsv.bgz,s3://pan-ukb-us-east-1/sumstats_flat_files_tabix/continuous-4079-both_sexes-irnt.tsv.bgz.tbi,s3://pan-ukb-us-east-1/sumstats_flat_files/continuous-4079-both_sexes-irnt.tsv.bgz,s3://pan-ukb-us-east-1/sumstats_flat_files_tabix/continuous-4079-both_sexes-irnt.tsv.bgz.tbi,CSA,TO_VALIDATE_IN_15B2,MATCHED_TRAIT_CATALOG,True,True,True,True,True,
cmp_ca5e17923ad0337a,gt_02ee4f471df88a8e,PDE5A,Pan-UKB,Pan-UKB::continuous|4079|both_sexes||irnt,"Diastolic blood pressure, automated reading",continuous|4079|both_sexes||irnt,GRCh37,diastolic_blood_pressure,SENSITIVITY,Direct quantitative readout,Direct quantitative readout,False,False,B,B,0,1,1,1,Hypertension,EUR,CSA,4,chr4,120415550,120550146,120415549,120315550,120650146,120315549,100000,-,ENSG00000138735.11,protein_coding,PDE5A,exact_gene_name,GENCODE v19,MATCHED,single_multianalysis_bgzf,s3://pan-ukb-us-east-1/sumstats_flat_files/continuous-4079-both_sexes-irnt.tsv.bgz,s3://pan-ukb-us-east-1/sumstats_flat_files_tabix/continuous-4079-both_sexes-irnt.tsv.bgz.tbi,s3://pan-ukb-us-east-1/sumstats_flat_files/continuous-4079-both_sexes-irnt.tsv.bgz,s3://pan-ukb-us-east-1/sumstats_flat_files_tabix/continuous-4079-both_sexes-irnt.tsv.bgz.tbi,CSA,TO_VALIDATE_IN_15B2,MATCHED_TRAIT_CATALOG,True,True,True,True,True,
cmp_2bbfac16686e7da5,gt_1b545e8df9ae76d3,REN,Pan-UKB,Pan-UKB::continuous|4079|both_sexes||irnt,"Diastolic blood pressure, automated reading",continuous|4079|both_sexes||irnt,GRCh37,diastolic_blood_pressure,SENSITIVITY,Direct quantitative readout,Direct quantitative readout,False,False,A,A,1,0,1,1,Hypertension,EUR,CSA,1,chr1,204123944,204135465,204123943,204023944,204235465,204023943,100000,-,ENSG00000143839.12,protein_coding,REN,exact_gene_name,GENCODE v19,MATCHED,single_multianalysis_bgzf,s3://pan-ukb-us-east-1/sumstats_flat_files/continuous-4079-both_sexes-irnt.tsv.bgz,s3://pan-ukb-us-east-1/sumstats_flat_files_tabix/continuous-4079-both_sexes-irnt.tsv.bgz.tbi,s3://pan-ukb-us-east-1/sumstats_flat_files/continuous-4079-both_sexes-irnt.tsv.bgz,s3://pan-ukb-us-east-1/sumstats_flat_files_tabix/continuous-4079-both_sexes-irnt.tsv.bgz.tbi,CSA,TO_VALIDATE_IN_15B2,MATCHED_TRAIT_CATALOG,True,True,True,True,True,
cmp_0887abecdc4cc79b,gt_376e244fe5e8026e,SLC12A2,Pan-UKB,Pan-UKB::continuous|4079|both_sexes||irnt,"Diastolic blood pressure, automated reading",continuous|4079|both_sexes||irnt,GRCh37,diastolic_blood_pressure,SENSITIVITY,Direct quantitative readout,Direct quantitative readout,False,False,B,B,0,1,1,1,Hypertension,EUR,CSA,5,chr5,127419458,127525380,127419457,127319458,127625380,127319457,100000,+,ENSG00000064651.9,protein_coding,SLC12A2,exact_gene_name,GENCODE v19,MATCHED,single_multianalysis_bgzf,s3://pan-ukb-us-east-1/sumstats_flat_files/continuous-4079-both_sexes-irnt.tsv.bgz,s3://pan-ukb-us-east-1/sumstats_flat_files_tabix/continuous-4079-both_sexes-irnt.tsv.bgz.tbi,s3://pan-ukb-us-east-1/sumstats_flat_files/continuous-4079-both_sexes-irnt.tsv.bgz,s3://pan-ukb-us-east-1/sumstats_flat_files_tabix/continuous-4079-both_sexes-irnt.tsv.bgz.tbi,CSA,TO_VALIDATE_IN_15B2,MATCHED_TRAIT_CATALOG,True,True,True,True,True,
cmp_a3e4d31ca0c91d15,gt_2ee3381ab44e0920,VDR,Pan-UKB,Pan-UKB::continuous|4079|both_sexes||irnt,"Diastolic blood pressure, automated reading",continuous|4079|both_sexes||irnt,GRCh37,diastolic_blood_pressure,SENSITIVITY,Direct quantitative readout,Direct quantitative readout,False,False,B,B,0,1,1,1,Hypertension,EUR,CSA,12,chr12,48235320,48336831,48235319,48135320,48436831,48135319,100000,-,ENSG00000111424.6,protein_coding,VDR,exact_gene_name,GENCODE v19,MATCHED,single_multianalysis_bgzf,s3://pan-ukb-us-east-1/sumstats_flat_files/continuous-4079-both_sexes-irnt.tsv.bgz,s3://pan-ukb-us-east-1/sumstats_flat_files_tabix/continuous-4079-both_sexes-irnt.tsv.bgz.tbi,s3://pan-ukb-us-east-1/sumstats_flat_files/continuous-4079-both_sexes-irnt.tsv.bgz,s3://pan-ukb-us-east-1/sumstats_flat_files_tabix/continuous-4079-both_sexes-irnt.tsv.bgz.tbi,CSA,TO_VALIDATE_IN_15B2,MATCHED_TRAIT_CATALOG,True,True,True,True,True,
cmp_990af17cec88f6e5,gt_789423e76503228b,ADAMTS4,Pan-UKB,Pan-UKB::continuous|30150|both_sexes||irnt,Eosinophill count,continuous|30150|both_sexes||irnt,GRCh37,eosinophil_count,SENSITIVITY,Proxy biomarker,Proxy biomarker,False,False,B,B,0,1,1,1,"Rhinitis, Allergic",EUR,CSA,1,chr1,161154098,161168846,161154097,161054098,161268846,161054097,100000,-,ENSG00000158859.9,protein_coding,ADAMTS4,exact_gene_name,GENCODE v19,MATCHED,single_multianalysis_bgzf,s3://pan-ukb-us-east-1/sumstats_flat_files/continuous-30150-both_sexes-irnt.tsv.bgz,s3://pan-ukb-us-east-1/sumstats_flat_files_tabix/continuous-30150-both_sexes-irnt.tsv.bgz.tbi,s3://pan-ukb-us-east-1/sumstats_flat_files/continuous-30150-both_sexes-irnt.tsv.bgz,s3://pan-ukb-us-east-1/sumstats_flat_files_tabix/continuous-30150-both_sexes-irnt.tsv.bgz.tbi,CSA,TO_VALIDATE_IN_15B2,MATCHED_TRAIT_CATALOG,True,True,True,True,True,
cmp_7eb93b05b43df5f5,gt_f4dfe1f1acd9db8b,ADORA1,Pan-UKB,Pan-UKB::continuous|30150|both_sexes||irnt,Eosinophill count,continuous|30150|both_sexes||irnt,GRCh37,eosinophil_count,SENSITIVITY,Proxy biomarker,Proxy biomarker,False,False,B,B,0,1,1,1,Asthma,EUR,CSA,1,chr1,203059782,203136533,203059781,202959782,203236533,202959781,100000,+,ENSG00000163485.11,protein_coding,ADORA1,exact_gene_name,GENCODE v19,MATCHED,single_multianalysis_bgzf,s3://pan-ukb-us-east-1/sumstats_flat_files/continuous-30150-both_sexes-irnt.tsv.bgz,s3://pan-ukb-us-east-1/sumstats_flat_files_tabix/continuous-30150-both_sexes-irnt.tsv.bgz.tbi,s3://pan-ukb-us-east-1/sumstats_flat_files/continuous-30150-both_sexes-irnt.tsv.bgz,s3://pan-ukb-us-east-1/sumstats_flat_files_tabix/continuous-30150-both_sexes-irnt.tsv.bgz.tbi,CSA,TO_VALIDATE_IN_15B2,MATCHED_TRAIT_CATALOG,True,True,True,True,True,
cmp_14bf02d160aaca1f,gt_130424f34f5bb175,ADORA2B,Pan-UKB,Pan-UKB::continuous|30150|both_sexes||irnt,Eosinophill count,continuous|30150|both_sexes||irnt,GRCh37,eosinophil_count,SENSITIVITY,Proxy biomarker,Proxy biomarker,False,False,B,B,0,1,1,1,Asthma,EUR,CSA,17,chr17,15848231,15879060,15848230,15748231,15979060,15748230,100000,+,ENSG00000170425.3,protein_coding,ADORA2B,exact_gene_name,GENCODE v19,MATCHED,single_multianalysis_bgzf,s3://pan-ukb-us-east-1/sumstats_flat_files/continuous-30150-both_sexes-irnt.tsv.bgz,s3://pan-ukb-us-east-1/sumstats_flat_files_tabix/continuous-30150-both_sexes-irnt.tsv.bgz.tbi,s3://pan-ukb-us-east-1/sumstats_flat_files/continuous-30150-both_sexes-irnt.tsv.bgz,s3://pan-ukb-us-east-1/sumstats_flat_files_tabix/continuous-30150-both_sexes-irnt.tsv.bgz.tbi,CSA,TO_VALIDATE_IN_15B2,MATCHED_TRAIT_CATALOG,True,True,True,True,True,
cmp_6af8593afa532f9c,gt_223416cb2c561aa7,ADRB2,Pan-UKB,Pan-UKB::continuous|30150|both_sexes||irnt,Eosinophill count,continuous|30150|both_sexes||irnt,GRCh37,eosinophil_count,SENSITIVITY,Proxy biomarker,Proxy biomarker,False,False,A,A,1,0,1,1,Asthma,EUR,CSA,5,chr5,148206156,148208196,148206155,148106156,148308196,148106155,100000,+,ENSG00000169252.4,protein_coding,ADRB2,exact_gene_name,GENCODE v19,MATCHED,single_multianalysis_bgzf,s3://pan-ukb-us-east-1/sumstats_flat_files/continuous-30150-both_sexes-irnt.tsv.bgz,s3://pan-ukb-us-east-1/sumstats_flat_files_tabix/continuous-30150-both_sexes-irnt.tsv.bgz.tbi,s3://pan-ukb-us-east-1/sumstats_flat_files/continuous-30150-both_sexes-irnt.tsv.bgz,s3://pan-ukb-us-east-1/sumstats_flat_files_tabix/continuous-30150-both_sexes-irnt.tsv.bgz.tbi,CSA,TO_VALIDATE_IN_15B2,MATCHED_TRAIT_CATALOG,True,True,True,True,True,
cmp_c033504ac7e6b2b6,gt_dd18083854e1c995,CCR4,Pan-UKB,Pan-UKB::continuous|30150|both_sexes||irnt,Eosinophill count,continuous|30150|both_sexes||irnt,GRCh37,eosinophil_count,SENSITIVITY,Proxy biomarker,Proxy biomarker,False,False,B,B,0,2,2,2,"Dermatitis, Atopic || Rhinitis, Allergic",EUR,CSA,3,chr3,32993066,32997841,32993065,32893066,33097841,32893065,100000,+,ENSG00000183813.6,protein_coding,CCR4,exact_gene_name,GENCODE v19,MATCHED,single_multianalysis_bgzf,s3://pan-ukb-us-east-1/sumstats_flat_files/continuous-30150-both_sexes-irnt.tsv.bgz,s3://pan-ukb-us-east-1/sumstats_flat_files_tabix/continuous-30150-both_sexes-irnt.tsv.bgz.tbi,s3://pan-ukb-us-east-1/sumstats_flat_files/continuous-30150-both_sexes-irnt.tsv.bgz,s3://pan-ukb-us-east-1/sumstats_flat_files_tabix/continuous-30150-both_sexes-irnt.tsv.bgz.tbi,CSA,TO_VALIDATE_IN_15B2,MATCHED_TRAIT_CATALOG,True,True,True,True,True,
cmp_5f40cae0e1096724,gt_36f98e6136a1b48a,CD200R1,Pan-UKB,Pan-UKB::continuous|30150|both_sexes||irnt,Eosinophill count,continuous|30150|both_sexes||irnt,GRCh37,eosinophil_count,SENSITIVITY,Proxy biomarker,Proxy biomarker,False,False,B,B,0,1,1,1,"Dermatitis, Atopic",EUR,CSA,3,chr3,112640056,112693969,112640055,112540056,112793969,112540055,100000,-,ENSG00000163606.6,protein_coding,CD200R1,exact_gene_name,GENCODE v19,MATCHED,single_multianalysis_bgzf,s3://pan-ukb-us-east-1/sumstats_flat_files/continuous-30150-both_sexes-irnt.tsv.bgz,s3://pan-ukb-us-east-1/sumstats_flat_files_tabix/continuous-30150-both_sexes-irnt.tsv.bgz.tbi,s3://pan-ukb-us-east-1/sumstats_flat_files/continuous-30150-both_sexes-irnt.tsv.bgz,s3://pan-ukb-us-east-1/sumstats_flat_files_tabix/continuous-30150-both_sexes-irnt.tsv.bgz.tbi,CSA,TO_VALIDATE_IN_15B2,MATCHED_TRAIT_CATALOG,True,True,True,True,True,
cmp_f66b664133a4e643,gt_98c8e276ad7437cd,CHRM3,Pan-UKB,Pan-UKB::continuous|30150|both_sexes||irnt,Eosinophill count,continuous|30150|both_sexes||irnt,GRCh37,eosinophil_count,SENSITIVITY,Proxy biomarker,Proxy biomarker,True,False,A,"A,B",1,1,2,2,"Asthma || Rhinitis, Allergic",EUR,CSA,1,chr1,239549865,240078750,239549864,239449865,240178750,239449864,100000,+,ENSG00000133019.7,protein_coding,CHRM3,exact_gene_name,GENCODE v19,MATCHED,single_multianalysis_bgzf,s3://pan-ukb-us-east-1/sumstats_flat_files/continuous-30150-both_sexes-irnt.tsv.bgz,s3://pan-ukb-us-east-1/sumstats_flat_files_tabix/continuous-30150-both_sexes-irnt.tsv.bgz.tbi,s3://pan-ukb-us-east-1/sumstats_flat_files/continuous-30150-both_sexes-irnt.tsv.bgz,s3://pan-ukb-us-east-1/sumstats_flat_files_tabix/continuous-30150-both_sexes-irnt.tsv.bgz.tbi,CSA,TO_VALIDATE_IN_15B2,MATCHED_TRAIT_CATALOG,True,True,True,True,True,
cmp_58c9e69a8afd89f8,gt_7ee3b9713ae4766a,CSF2,Pan-UKB,Pan-UKB::continuous|30150|both_sexes||irnt,Eosinophill count,continuous|30150|both_sexes||irnt,GRCh37,eosinophil_count,SENSITIVITY,Proxy biomarker,Proxy biomarker,False,False,B,B,0,1,1,1,Asthma,EUR,CSA,5,chr5,131409483,131411859,131409482,131309483,131511859,131309482,100000,+,ENSG00000164400.4,protein_coding,CSF2,exact_gene_name,GENCODE v19,MATCHED,single_multianalysis_bgzf,s3://pan-ukb-us-east-1/sumstats_flat_files/continuous-30150-both_sexes-irnt.tsv.bgz,s3://pan-ukb-us-east-1/sumstats_flat_files_tabix/continuous-30150-both_sexes-irnt.tsv.bgz.tbi,s3://pan-ukb-us-east-1/sumstats_flat_files/continuous-30150-both_sexes-irnt.tsv.bgz,s3://pan-ukb-us-east-1/sumstats_flat_files_tabix/continuous-30150-both_sexes-irnt.tsv.bgz.tbi,CSA,TO_VALIDATE_IN_15B2,MATCHED_TRAIT_CATALOG,True,True,True,True,True,
cmp_0351ac86199363c7,gt_73b858e87bdad0ab,FGFR3,Pan-UKB,Pan-UKB::continuous|30150|both_sexes||irnt,Eosinophill count,continuous|30150|both_sexes||irnt,GRCh37,eosinophil_count,SENSITIVITY,Proxy biomarker,Proxy biomarker,False,False,B,B,0,1,1,1,Asthma,EUR,CSA,4,chr4,1795034,1810599,1795033,1695034,1910599,1695033,100000,+,ENSG00000068078.13,protein_coding,FGFR3,exact_gene_name,GENCODE v19,MATCHED,single_multianalysis_bgzf,s3://pan-ukb-us-east-1/sumstats_flat_files/continuous-30150-both_sexes-irnt.tsv.bgz,s3://pan-ukb-us-east-1/sumstats_flat_files_tabix/continuous-30150-both_sexes-irnt.tsv.bgz.tbi,s3://pan-ukb-us-east-1/sumstats_flat_files/continuous-30150-both_sexes-irnt.tsv.bgz,s3://pan-ukb-us-east-1/sumstats_flat_files_tabix/continuous-30150-both_sexes-irnt.tsv.bgz.tbi,CSA,TO_VALIDATE_IN_15B2,MATCHED_TRAIT_CATALOG,True,True,True,True,True,
cmp_baefc3504cd97cb3,gt_7d630716c81b47c7,GATA3,Pan-UKB,Pan-UKB::continuous|30150|both_sexes||irnt,Eosinophill count,continuous|30150|both_sexes||irnt,GRCh37,eosinophil_count,SENSITIVITY,Proxy biomarker,Proxy biomarker,False,False,B,B,0,2,2,2,"Asthma || Dermatitis, Atopic",EUR,CSA,10,chr10,8095567,8117161,8095566,7995567,8217161,7995566,100000,+,ENSG00000107485.11,protein_coding,GATA3,exact_gene_name,GENCODE v19,MATCHED,single_multianalysis_bgzf,s3://pan-ukb-us-east-1/sumstats_flat_files/continuous-30150-both_sexes-irnt.tsv.bgz,s3://pan-ukb-us-east-1/sumstats_flat_files_tabix/continuous-30150-both_sexes-irnt.tsv.bgz.tbi,s3://pan-ukb-us-east-1/sumstats_flat_files/continuous-30150-both_sexes-irnt.tsv.bgz,s3://pan-ukb-us-east-1/sumstats_flat_files_tabix/continuous-30150-both_sexes-irnt.tsv.bgz.tbi,CSA,TO_VALIDATE_IN_15B2,MATCHED_TRAIT_CATALOG,True,True,True,True,True,
cmp_e451301c332b03b6,gt_fe09ffb658631c13,HRH4,Pan-UKB,Pan-UKB::continuous|30150|both_sexes||irnt,Eosinophill count,continuous|30150|both_sexes||irnt,GRCh37,eosinophil_count,SENSITIVITY,Proxy biomarker,Proxy biomarker,False,False,B,B,0,2,2,2,"Asthma || Rhinitis, Allergic",EUR,CSA,18,chr18,22040593,22059921,22040592,21940593,22159921,21940592,100000,+,ENSG00000134489.6,protein_coding,HRH4,exact_gene_name,GENCODE v19,MATCHED,single_multianalysis_bgzf,s3://pan-ukb-us-east-1/sumstats_flat_files/continuous-30150-both_sexes-irnt.tsv.bgz,s3://pan-ukb-us-east-1/sumstats_flat_files_tabix/continuous-30150-both_sexes-irnt.tsv.bgz.tbi,s3://pan-ukb-us-east-1/sumstats_flat_files/continuous-30150-both_sexes-irnt.tsv.bgz,s3://pan-ukb-us-east-1/sumstats_flat_files_tabix/continuous-30150-both_sexes-irnt.tsv.bgz.tbi,CSA,TO_VALIDATE_IN_15B2,MATCHED_TRAIT_CATALOG,True,True,True,True,True,
cmp_096a6dd8be6262ef,gt_9ef8bed2b6aa5f66,IL13,Pan-UKB,Pan-UKB::continuous|30150|both_sexes||irnt,Eosinophill count,continuous|30150|both_sexes||irnt,GRCh37,eosinophil_count,SENSITIVITY,Proxy biomarker,Proxy biomarker,True,False,A,"A,B",1,2,3,3,"Asthma || Dermatitis, Atopic || Rhinitis, Allergic, Seasonal",EUR,CSA,5,chr5,131991955,131996802,131991954,131891955,132096802,131891954,100000,+,ENSG00000169194.5,protein_coding,IL13,exact_gene_name,GENCODE v19,MATCHED,single_multianalysis_bgzf,s3://pan-ukb-us-east-1/sumstats_flat_files/continuous-30150-both_sexes-irnt.tsv.bgz,s3://pan-ukb-us-east-1/sumstats_flat_files_tabix/continuous-30150-both_sexes-irnt.tsv.bgz.tbi,s3://pan-ukb-us-east-1/sumstats_flat_files/continuous-30150-both_sexes-irnt.tsv.bgz,s3://pan-ukb-us-east-1/sumstats_flat_files_tabix/continuous-30150-both_sexes-irnt.tsv.bgz.tbi,CSA,TO_VALIDATE_IN_15B2,MATCHED_TRAIT_CATALOG,True,True,True,True,True,
cmp_ecce291760877932,gt_82ec9db2d44db292,IL17RB,Pan-UKB,Pan-UKB::continuous|30150|both_sexes||irnt,Eosinophill count,continuous|30150|both_sexes||irnt,GRCh37,eosinophil_count,SENSITIVITY,Proxy biomarker,Proxy biomarker,False,False,B,B,0,1,1,1,Asthma,EUR,CSA,3,chr3,53880607,53899827,53880606,53780607,53999827,53780606,100000,+,ENSG00000056736.5,protein_coding,IL17RB,exact_gene_name,GENCODE v19,MATCHED,single_multianalysis_bgzf,s3://pan-ukb-us-east-1/sumstats_flat_files/continuous-30150-both_sexes-irnt.tsv.bgz,s3://pan-ukb-us-east-1/sumstats_flat_files_tabix/continuous-30150-both_sexes-irnt.tsv.bgz.tbi,s3://pan-ukb-us-east-1/sumstats_flat_files/continuous-30150-both_sexes-irnt.tsv.bgz,s3://pan-ukb-us-east-1/sumstats_flat_files_tabix/continuous-30150-both_sexes-irnt.tsv.bgz.tbi,CSA,TO_VALIDATE_IN_15B2,MATCHED_TRAIT_CATALOG,True,True,True,True,True,
cmp_b334430107854f3e,gt_e8365a8543bc86e5,IL1RL1,Pan-UKB,Pan-UKB::continuous|30150|both_sexes||irnt,Eosinophill count,continuous|30150|both_sexes||irnt,GRCh37,eosinophil_count,SENSITIVITY,Proxy biomarker,Proxy biomarker,False,False,B,B,0,2,2,2,"Asthma || Dermatitis, Atopic",EUR,CSA,2,chr2,102927962,102968497,102927961,102827962,103068497,102827961,100000,+,ENSG00000115602.12,protein_coding,IL1RL1,exact_gene_name,GENCODE v19,MATCHED,single_multianalysis_bgzf,s3://pan-ukb-us-east-1/sumstats_flat_files/continuous-30150-both_sexes-irnt.tsv.bgz,s3://pan-ukb-us-east-1/sumstats_flat_files_tabix/continuous-30150-both_sexes-irnt.tsv.bgz.tbi,s3://pan-ukb-us-east-1/sumstats_flat_files/continuous-30150-both_sexes-irnt.tsv.bgz,s3://pan-ukb-us-east-1/sumstats_flat_files_tabix/continuous-30150-both_sexes-irnt.tsv.bgz.tbi,CSA,TO_VALIDATE_IN_15B2,MATCHED_TRAIT_CATALOG,True,True,True,True,True,
cmp_b5f3eac4535b0b7d,gt_3b7ad0c4881d6132,IL2RA,Pan-UKB,Pan-UKB::continuous|30150|both_sexes||irnt,Eosinophill count,continuous|30150|both_sexes||irnt,GRCh37,eosinophil_count,SENSITIVITY,Proxy biomarker,Proxy biomarker,False,False,B,B,0,1,1,1,"Dermatitis, Atopic",EUR,CSA,10,chr10,6052652,6104288,6052651,5952652,6204288,5952651,100000,-,ENSG00000134460.11,protein_coding,IL2RA,exact_gene_name,GENCODE v19,MATCHED,single_multianalysis_bgzf,s3://pan-ukb-us-east-1/sumstats_flat_files/continuous-30150-both_sexes-irnt.tsv.bgz,s3://pan-ukb-us-east-1/sumstats_flat_files_tabix/continuous-30150-both_sexes-irnt.tsv.bgz.tbi,s3://pan-ukb-us-east-1/sumstats_flat_files/continuous-30150-both_sexes-irnt.tsv.bgz,s3://pan-ukb-us-east-1/sumstats_flat_files_tabix/continuous-30150-both_sexes-irnt.tsv.bgz.tbi,CSA,TO_VALIDATE_IN_15B2,MATCHED_TRAIT_CATALOG,True,True,True,True,True,
cmp_3612c5d315cc738f,gt_afccfe95344ecc86,IL3,Pan-UKB,Pan-UKB::continuous|30150|both_sexes||irnt,Eosinophill count,continuous|30150|both_sexes||irnt,GRCh37,eosinophil_count,SENSITIVITY,Proxy biomarker,Proxy biomarker,False,False,B,B,0,1,1,1,Asthma,EUR,CSA,5,chr5,131396222,131398897,131396221,131296222,131498897,131296221,100000,+,ENSG00000164399.4,protein_coding,IL3,exact_gene_name,GENCODE v19,MATCHED,single_multianalysis_bgzf,s3://pan-ukb-us-east-1/sumstats_flat_files/continuous-30150-both_sexes-irnt.tsv.bgz,s3://pan-ukb-us-east-1/sumstats_flat_files_tabix/continuous-30150-both_sexes-irnt.tsv.bgz.tbi,s3://pan-ukb-us-east-1/sumstats_flat_files/continuous-30150-both_sexes-irnt.tsv.bgz,s3://pan-ukb-us-east-1/sumstats_flat_files_tabix/continuous-30150-both_sexes-irnt.tsv.bgz.tbi,CSA,TO_VALIDATE_IN_15B2,MATCHED_TRAIT_CATALOG,True,True,True,True,True,
cmp_8dbb9b9e8a02a058,gt_5eb37492fa4b017f,IL33,Pan-UKB,Pan-UKB::continuous|30150|both_sexes||irnt,Eosinophill count,continuous|30150|both_sexes||irnt,GRCh37,eosinophil_count,SENSITIVITY,Proxy biomarker,Proxy biomarker,False,False,B,B,0,4,4,4,"Asthma || Dermatitis, Atopic || Rhinitis, Allergic || Rhinitis, Allergic, Seasonal",EUR,CSA,9,chr9,6215805,6257983,6215804,6115805,6357983,6115804,100000,+,ENSG00000137033.7,protein_coding,IL33,exact_gene_name,GENCODE v19,MATCHED,single_multianalysis_bgzf,s3://pan-ukb-us-east-1/sumstats_flat_files/continuous-30150-both_sexes-irnt.tsv.bgz,s3://pan-ukb-us-east-1/sumstats_flat_files_tabix/continuous-30150-both_sexes-irnt.tsv.bgz.tbi,s3://pan-ukb-us-east-1/sumstats_flat_files/continuous-30150-both_sexes-irnt.tsv.bgz,s3://pan-ukb-us-east-1/sumstats_flat_files_tabix/continuous-30150-both_sexes-irnt.tsv.bgz.tbi,CSA,TO_VALIDATE_IN_15B2,MATCHED_TRAIT_CATALOG,True,True,True,True,True,
cmp_d4e4c9fed7bc2d40,gt_71a1f98792f51649,IL4R,Pan-UKB,Pan-UKB::continuous|30150|both_sexes||irnt,Eosinophill count,continuous|30150|both_sexes||irnt,GRCh37,eosinophil_count,SENSITIVITY,Proxy biomarker,Proxy biomarker,True,False,A,"A,B",2,1,3,3,"Asthma || Dermatitis, Atopic || Rhinitis, Allergic",EUR,CSA,16,chr16,27324989,27376099,27324988,27224989,27476099,27224988,100000,+,ENSG00000077238.9,protein_coding,IL4R,exact_gene_name,GENCODE v19,MATCHED,single_multianalysis_bgzf,s3://pan-ukb-us-east-1/sumstats_flat_files/continuous-30150-both_sexes-irnt.tsv.bgz,s3://pan-ukb-us-east-1/sumstats_flat_files_tabix/continuous-30150-both_sexes-irnt.tsv.bgz.tbi,s3://pan-ukb-us-east-1/sumstats_flat_files/continuous-30150-both_sexes-irnt.tsv.bgz,s3://pan-ukb-us-east-1/sumstats_flat_files_tabix/continuous-30150-both_sexes-irnt.tsv.bgz.tbi,CSA,TO_VALIDATE_IN_15B2,MATCHED_TRAIT_CATALOG,True,True,True,True,True,
cmp_3f7f68480886e42a,gt_8afc4516c7c6fc93,IL5,Pan-UKB,Pan-UKB::continuous|30150|both_sexes||irnt,Eosinophill count,continuous|30150|both_sexes||irnt,GRCh37,eosinophil_count,SENSITIVITY,Proxy biomarker,Proxy biomarker,False,False,B,B,0,1,1,1,Asthma,EUR,CSA,5,chr5,131877136,131892530,131877135,131777136,131992530,131777135,100000,-,ENSG00000113525.5,protein_coding,IL5,exact_gene_name,GENCODE v19,MATCHED,single_multianalysis_bgzf,s3://pan-ukb-us-east-1/sumstats_flat_files/continuous-30150-both_sexes-irnt.tsv.bgz,s3://pan-ukb-us-east-1/sumstats_flat_files_tabix/continuous-30150-both_sexes-irnt.tsv.bgz.tbi,s3://pan-ukb-us-east-1/sumstats_flat_files/continuous-30150-both_sexes-irnt.tsv.bgz,s3://pan-ukb-us-east-1/sumstats_flat_files_tabix/continuous-30150-both_sexes-irnt.tsv.bgz.tbi,CSA,TO_VALIDATE_IN_15B2,MATCHED_TRAIT_CATALOG,True,True,True,True,True,
cmp_3490bf9340d42a18,gt_bcc3afe4dbdbc212,IL6,Pan-UKB,Pan-UKB::continuous|30150|both_sexes||irnt,Eosinophill count,continuous|30150|both_sexes||irnt,GRCh37,eosinophil_count,SENSITIVITY,Proxy biomarker,Proxy biomarker,False,False,B,B,0,1,1,1,Asthma,EUR,CSA,7,chr7,22765503,22771621,22765502,22665503,22871621,22665502,100000,+,ENSG00000136244.7,protein_coding,IL6,exact_gene_name,GENCODE v19,MATCHED,single_multianalysis_bgzf,s3://pan-ukb-us-east-1/sumstats_flat_files/continuous-30150-both_sexes-irnt.tsv.bgz,s3://pan-ukb-us-east-1/sumstats_flat_files_tabix/continuous-30150-both_sexes-irnt.tsv.bgz.tbi,s3://pan-ukb-us-east-1/sumstats_flat_files/continuous-30150-both_sexes-irnt.tsv.bgz,s3://pan-ukb-us-east-1/sumstats_flat_files_tabix/continuous-30150-both_sexes-irnt.tsv.bgz.tbi,CSA,TO_VALIDATE_IN_15B2,MATCHED_TRAIT_CATALOG,True,True,True,True,True,
cmp_0a5eb5e15e61ec2d,gt_dadb7ceeabdc9773,INPP5D,Pan-UKB,Pan-UKB::continuous|30150|both_sexes||irnt,Eosinophill count,continuous|30150|both_sexes||irnt,GRCh37,eosinophil_count,SENSITIVITY,Proxy biomarker,Proxy biomarker,False,False,B,B,0,1,1,1,"Dermatitis, Atopic",EUR,CSA,2,chr2,233924677,234116549,233924676,233824677,234216549,233824676,100000,+,ENSG00000168918.9,protein_coding,INPP5D,exact_gene_name,GENCODE v19,MATCHED,single_multianalysis_bgzf,s3://pan-ukb-us-east-1/sumstats_flat_files/continuous-30150-both_sexes-irnt.tsv.bgz,s3://pan-ukb-us-east-1/sumstats_flat_files_tabix/continuous-30150-both_sexes-irnt.tsv.bgz.tbi,s3://pan-ukb-us-east-1/sumstats_flat_files/continuous-30150-both_sexes-irnt.tsv.bgz,s3://pan-ukb-us-east-1/sumstats_flat_files_tabix/continuous-30150-both_sexes-irnt.tsv.bgz.tbi,CSA,TO_VALIDATE_IN_15B2,MATCHED_TRAIT_CATALOG,True,True,True,True,True,
cmp_11084a3a9e09824a,gt_8805f6b96b374c75,ITGB7,Pan-UKB,Pan-UKB::continuous|30150|both_sexes||irnt,Eosinophill count,continuous|30150|both_sexes||irnt,GRCh37,eosinophil_count,SENSITIVITY,Proxy biomarker,Proxy biomarker,False,False,B,B,0,1,1,1,Asthma,EUR,CSA,12,chr12,53585102,53601091,53585101,53485102,53701091,53485101,100000,-,ENSG00000139626.11,protein_coding,ITGB7,exact_gene_name,GENCODE v19,MATCHED,single_multianalysis_bgzf,s3://pan-ukb-us-east-1/sumstats_flat_files/continuous-30150-both_sexes-irnt.tsv.bgz,s3://pan-ukb-us-east-1/sumstats_flat_files_tabix/continuous-30150-both_sexes-irnt.tsv.bgz.tbi,s3://pan-ukb-us-east-1/sumstats_flat_files/continuous-30150-both_sexes-irnt.tsv.bgz,s3://pan-ukb-us-east-1/sumstats_flat_files_tabix/continuous-30150-both_sexes-irnt.tsv.bgz.tbi,CSA,TO_VALIDATE_IN_15B2,MATCHED_TRAIT_CATALOG,True,True,True,True,True,
cmp_b89b4f1e51197e9b,gt_bbc6733dac188dc0,KIT,Pan-UKB,Pan-UKB::continuous|30150|both_sexes||irnt,Eosinophill count,continuous|30150|both_sexes||irnt,GRCh37,eosinophil_count,SENSITIVITY,Proxy biomarker,Proxy biomarker,False,False,B,B,0,1,1,1,Asthma,EUR,CSA,4,chr4,55524085,55606881,55524084,55424085,55706881,55424084,100000,+,ENSG00000157404.11,protein_coding,KIT,exact_gene_name,GENCODE v19,MATCHED,single_multianalysis_bgzf,s3://pan-ukb-us-east-1/sumstats_flat_files/continuous-30150-both_sexes-irnt.tsv.bgz,s3://pan-ukb-us-east-1/sumstats_flat_files_tabix/continuous-30150-both_sexes-irnt.tsv.bgz.tbi,s3://pan-ukb-us-east-1/sumstats_flat_files/continuous-30150-both_sexes-irnt.tsv.bgz,s3://pan-ukb-us-east-1/sumstats_flat_files_tabix/continuous-30150-both_sexes-irnt.tsv.bgz.tbi,CSA,TO_VALIDATE_IN_15B2,MATCHED_TRAIT_CATALOG,True,True,True,True,True,
cmp_710ad458de87a55e,gt_709ce05cb4e068a8,MMP12,Pan-UKB,Pan-UKB::continuous|30150|both_sexes||irnt,Eosinophill count,continuous|30150|both_sexes||irnt,GRCh37,eosinophil_count,SENSITIVITY,Proxy biomarker,Proxy biomarker,False,False,B,B,0,1,1,1,Asthma,EUR,CSA,11,chr11,102733467,102745764,102733466,102633467,102845764,102633466,100000,-,ENSG00000110347.7,processed_transcript,MMP12,exact_gene_name,GENCODE v19,MATCHED,single_multianalysis_bgzf,s3://pan-ukb-us-east-1/sumstats_flat_files/continuous-30150-both_sexes-irnt.tsv.bgz,s3://pan-ukb-us-east-1/sumstats_flat_files_tabix/continuous-30150-both_sexes-irnt.tsv.bgz.tbi,s3://pan-ukb-us-east-1/sumstats_flat_files/continuous-30150-both_sexes-irnt.tsv.bgz,s3://pan-ukb-us-east-1/sumstats_flat_files_tabix/continuous-30150-both_sexes-irnt.tsv.bgz.tbi,CSA,TO_VALIDATE_IN_15B2,MATCHED_TRAIT_CATALOG,True,True,True,True,True,
cmp_76edfd1e6fbf399a,gt_2cdeedd0ea0be7bb,NFKB1,Pan-UKB,Pan-UKB::continuous|30150|both_sexes||irnt,Eosinophill count,continuous|30150|both_sexes||irnt,GRCh37,eosinophil_count,SENSITIVITY,Proxy biomarker,Proxy biomarker,False,False,B,B,0,2,2,2,"Asthma || Dermatitis, Atopic",EUR,CSA,4,chr4,103422486,103538459,103422485,103322486,103638459,103322485,100000,+,ENSG00000109320.7,protein_coding,NFKB1,exact_gene_name,GENCODE v19,MATCHED,single_multianalysis_bgzf,s3://pan-ukb-us-east-1/sumstats_flat_files/continuous-30150-both_sexes-irnt.tsv.bgz,s3://pan-ukb-us-east-1/sumstats_flat_files_tabix/continuous-30150-both_sexes-irnt.tsv.bgz.tbi,s3://pan-ukb-us-east-1/sumstats_flat_files/continuous-30150-both_sexes-irnt.tsv.bgz,s3://pan-ukb-us-east-1/sumstats_flat_files_tabix/continuous-30150-both_sexes-irnt.tsv.bgz.tbi,CSA,TO_VALIDATE_IN_15B2,MATCHED_TRAIT_CATALOG,True,True,True,True,True,
cmp_c1eddcf2859bd775,gt_3cb4f26d277eeed1,NR3C1,Pan-UKB,Pan-UKB::continuous|30150|both_sexes||irnt,Eosinophill count,continuous|30150|both_sexes||irnt,GRCh37,eosinophil_count,SENSITIVITY,Proxy biomarker,Proxy biomarker,True,False,A,"A,B",1,1,2,2,"Asthma || Rhinitis, Allergic",EUR,CSA,5,chr5,142657496,142815077,142657495,142557496,142915077,142557495,100000,-,ENSG00000113580.10,protein_coding,NR3C1,exact_gene_name,GENCODE v19,MATCHED,single_multianalysis_bgzf,s3://pan-ukb-us-east-1/sumstats_flat_files/continuous-30150-both_sexes-irnt.tsv.bgz,s3://pan-ukb-us-east-1/sumstats_flat_files_tabix/continuous-30150-both_sexes-irnt.tsv.bgz.tbi,s3://pan-ukb-us-east-1/sumstats_flat_files/continuous-30150-both_sexes-irnt.tsv.bgz,s3://pan-ukb-us-east-1/sumstats_flat_files_tabix/continuous-30150-both_sexes-irnt.tsv.bgz.tbi,CSA,TO_VALIDATE_IN_15B2,MATCHED_TRAIT_CATALOG,True,True,True,True,True,
cmp_24ba0085461b5a66,gt_c224aad859abb156,P2RY2,Pan-UKB,Pan-UKB::continuous|30150|both_sexes||irnt,Eosinophill count,continuous|30150|both_sexes||irnt,GRCh37,eosinophil_count,SENSITIVITY,Proxy biomarker,Proxy biomarker,False,False,B,B,0,1,1,1,Asthma,EUR,CSA,11,chr11,72929343,72947397,72929342,72829343,73047397,72829342,100000,+,ENSG00000175591.7,protein_coding,P2RY2,exact_gene_name,GENCODE v19,MATCHED,single_multianalysis_bgzf,s3://pan-ukb-us-east-1/sumstats_flat_files/continuous-30150-both_sexes-irnt.tsv.bgz,s3://pan-ukb-us-east-1/sumstats_flat_files_tabix/continuous-30150-both_sexes-irnt.tsv.bgz.tbi,s3://pan-ukb-us-east-1/sumstats_flat_files/continuous-30150-both_sexes-irnt.tsv.bgz,s3://pan-ukb-us-east-1/sumstats_flat_files_tabix/continuous-30150-both_sexes-irnt.tsv.bgz.tbi,CSA,TO_VALIDATE_IN_15B2,MATCHED_TRAIT_CATALOG,True,True,True,True,True,
cmp_8dd85689a1af3e70,gt_155a98bdfae6de5e,PDE3A,Pan-UKB,Pan-UKB::continuous|30150|both_sexes||irnt,Eosinophill count,continuous|30150|both_sexes||irnt,GRCh37,eosinophil_count,SENSITIVITY,Proxy biomarker,Proxy biomarker,False,False,B,B,0,1,1,1,Asthma,EUR,CSA,12,chr12,20522179,20837315,20522178,20422179,20937315,20422178,100000,+,ENSG00000172572.6,protein_coding,PDE3A,exact_gene_name,GENCODE v19,MATCHED,single_multianalysis_bgzf,s3://pan-ukb-us-east-1/sumstats_flat_files/continuous-30150-both_sexes-irnt.tsv.bgz,s3://pan-ukb-us-east-1/sumstats_flat_files_tabix/continuous-30150-both_sexes-irnt.tsv.bgz.tbi,s3://pan-ukb-us-east-1/sumstats_flat_files/continuous-30150-both_sexes-irnt.tsv.bgz,s3://pan-ukb-us-east-1/sumstats_flat_files_tabix/continuous-30150-both_sexes-irnt.tsv.bgz.tbi,CSA,TO_VALIDATE_IN_15B2,MATCHED_TRAIT_CATALOG,True,True,True,True,True,
cmp_d1d1b2e6349cfe97,gt_6ffc43d8ccc9627c,PDE4B,Pan-UKB,Pan-UKB::continuous|30150|both_sexes||irnt,Eosinophill count,continuous|30150|both_sexes||irnt,GRCh37,eosinophil_count,SENSITIVITY,Proxy biomarker,Proxy biomarker,False,False,B,B,0,1,1,1,Asthma,EUR,CSA,1,chr1,66258197,66840259,66258196,66158197,66940259,66158196,100000,+,ENSG00000184588.13,protein_coding,PDE4B,exact_gene_name,GENCODE v19,MATCHED,single_multianalysis_bgzf,s3://pan-ukb-us-east-1/sumstats_flat_files/continuous-30150-both_sexes-irnt.tsv.bgz,s3://pan-ukb-us-east-1/sumstats_flat_files_tabix/continuous-30150-both_sexes-irnt.tsv.bgz.tbi,s3://pan-ukb-us-east-1/sumstats_flat_files/continuous-30150-both_sexes-irnt.tsv.bgz,s3://pan-ukb-us-east-1/sumstats_flat_files_tabix/continuous-30150-both_sexes-irnt.tsv.bgz.tbi,CSA,TO_VALIDATE_IN_15B2,MATCHED_TRAIT_CATALOG,True,True,True,True,True,
cmp_d00ff9f4782c8570,gt_e0a3b9e35aef01f9,PDE4D,Pan-UKB,Pan-UKB::continuous|30150|both_sexes||irnt,Eosinophill count,continuous|30150|both_sexes||irnt,GRCh37,eosinophil_count,SENSITIVITY,Proxy biomarker,Proxy biomarker,False,False,B,B,0,2,2,2,"Asthma || Rhinitis, Allergic",EUR,CSA,5,chr5,58264865,59817947,58264864,58164865,59917947,58164864,100000,-,ENSG00000113448.12,protein_coding,PDE4D,exact_gene_name,GENCODE v19,MATCHED,single_multianalysis_bgzf,s3://pan-ukb-us-east-1/sumstats_flat_files/continuous-30150-both_sexes-irnt.tsv.bgz,s3://pan-ukb-us-east-1/sumstats_flat_files_tabix/continuous-30150-both_sexes-irnt.tsv.bgz.tbi,s3://pan-ukb-us-east-1/sumstats_flat_files/continuous-30150-both_sexes-irnt.tsv.bgz,s3://pan-ukb-us-east-1/sumstats_flat_files_tabix/continuous-30150-both_sexes-irnt.tsv.bgz.tbi,CSA,TO_VALIDATE_IN_15B2,MATCHED_TRAIT_CATALOG,True,True,True,True,True,
cmp_611e15b0be24b981,gt_9460eacf6b5cec6c,TNFSF15,Pan-UKB,Pan-UKB::continuous|30150|both_sexes||irnt,Eosinophill count,continuous|30150|both_sexes||irnt,GRCh37,eosinophil_count,SENSITIVITY,Proxy biomarker,Proxy biomarker,False,False,B,B,0,1,1,1,Asthma,EUR,CSA,9,chr9,117546915,117568406,117546914,117446915,117668406,117446914,100000,-,ENSG00000181634.7,protein_coding,TNFSF15,exact_gene_name,GENCODE v19,MATCHED,single_multianalysis_bgzf,s3://pan-ukb-us-east-1/sumstats_flat_files/continuous-30150-both_sexes-irnt.tsv.bgz,s3://pan-ukb-us-east-1/sumstats_flat_files_tabix/continuous-30150-both_sexes-irnt.tsv.bgz.tbi,s3://pan-ukb-us-east-1/sumstats_flat_files/continuous-30150-both_sexes-irnt.tsv.bgz,s3://pan-ukb-us-east-1/sumstats_flat_files_tabix/continuous-30150-both_sexes-irnt.tsv.bgz.tbi,CSA,TO_VALIDATE_IN_15B2,MATCHED_TRAIT_CATALOG,True,True,True,True,True,
cmp_f6a66c44a02f47db,gt_0d8fbcfc9b467ae1,TNFSF4,Pan-UKB,Pan-UKB::continuous|30150|both_sexes||irnt,Eosinophill count,continuous|30150|both_sexes||irnt,GRCh37,eosinophil_count,SENSITIVITY,Proxy biomarker,Proxy biomarker,False,False,B,B,0,3,3,3,"Asthma || Dermatitis, Atopic || Rhinitis, Allergic",EUR,CSA,1,chr1,173152873,173176452,173152872,173052873,173276452,173052872,100000,-,ENSG00000117586.6,protein_coding,TNFSF4,exact_gene_name,GENCODE v19,MATCHED,single_multianalysis_bgzf,s3://pan-ukb-us-east-1/sumstats_flat_files/continuous-30150-both_sexes-irnt.tsv.bgz,s3://pan-ukb-us-east-1/sumstats_flat_files_tabix/continuous-30150-both_sexes-irnt.tsv.bgz.tbi,s3://pan-ukb-us-east-1/sumstats_flat_files/continuous-30150-both_sexes-irnt.tsv.bgz,s3://pan-ukb-us-east-1/sumstats_flat_files_tabix/continuous-30150-both_sexes-irnt.tsv.bgz.tbi,CSA,TO_VALIDATE_IN_15B2,MATCHED_TRAIT_CATALOG,True,True,True,True,True,
cmp_558621f0fe553462,gt_68a29f695b22e937,TSLP,Pan-UKB,Pan-UKB::continuous|30150|both_sexes||irnt,Eosinophill count,continuous|30150|both_sexes||irnt,GRCh37,eosinophil_count,SENSITIVITY,Proxy biomarker,Proxy biomarker,True,False,A,"A,B",1,1,2,2,"Asthma || Dermatitis, Atopic",EUR,CSA,5,chr5,110405760,110413722,110405759,110305760,110513722,110305759,100000,+,ENSG00000145777.10,protein_coding,TSLP,exact_gene_name,GENCODE v19,MATCHED,single_multianalysis_bgzf,s3://pan-ukb-us-east-1/sumstats_flat_files/continuous-30150-both_sexes-irnt.tsv.bgz,s3://pan-ukb-us-east-1/sumstats_flat_files_tabix/continuous-30150-both_sexes-irnt.tsv.bgz.tbi,s3://pan-ukb-us-east-1/sumstats_flat_files/continuous-30150-both_sexes-irnt.tsv.bgz,s3://pan-ukb-us-east-1/sumstats_flat_files_tabix/continuous-30150-both_sexes-irnt.tsv.bgz.tbi,CSA,TO_VALIDATE_IN_15B2,MATCHED_TRAIT_CATALOG,True,True,True,True,True,
cmp_4b451e5758d795a6,gt_8eb26b68c77fb2cf,TYK2,Pan-UKB,Pan-UKB::continuous|30150|both_sexes||irnt,Eosinophill count,continuous|30150|both_sexes||irnt,GRCh37,eosinophil_count,SENSITIVITY,Proxy biomarker,Proxy biomarker,False,False,B,B,0,1,1,1,Asthma,EUR,CSA,19,chr19,10461209,10491352,10461208,10361209,10591352,10361208,100000,-,ENSG00000105397.9,protein_coding,TYK2,exact_gene_name,GENCODE v19,MATCHED,single_multianalysis_bgzf,s3://pan-ukb-us-east-1/sumstats_flat_files/continuous-30150-both_sexes-irnt.tsv.bgz,s3://pan-ukb-us-east-1/sumstats_flat_files_tabix/continuous-30150-both_sexes-irnt.tsv.bgz.tbi,s3://pan-ukb-us-east-1/sumstats_flat_files/continuous-30150-both_sexes-irnt.tsv.bgz,s3://pan-ukb-us-east-1/sumstats_flat_files_tabix/continuous-30150-both_sexes-irnt.tsv.bgz.tbi,CSA,TO_VALIDATE_IN_15B2,MATCHED_TRAIT_CATALOG,True,True,True,True,True,
cmp_df35b8f6c89fa76f,gt_49592188ab978b80,ALDH2,Pan-UKB,Pan-UKB::continuous|eGFRcreacys|both_sexes||irnt,"Estimated glomerular filtration rate, cystain C",continuous|eGFRcreacys|both_sexes||irnt,GRCh37,egfr_cystatin_c,SENSITIVITY,Proxy biomarker,Proxy biomarker,False,False,B,B,0,1,1,1,Renal Insufficiency,EUR,CSA,12,chr12,112204691,112247782,112204690,112104691,112347782,112104690,100000,+,ENSG00000111275.8,protein_coding,ALDH2,exact_gene_name,GENCODE v19,MATCHED,single_multianalysis_bgzf,s3://pan-ukb-us-east-1/sumstats_flat_files/continuous-eGFRcreacys-both_sexes-irnt.tsv.bgz,s3://pan-ukb-us-east-1/sumstats_flat_files_tabix/continuous-eGFRcreacys-both_sexes-irnt.tsv.bgz.tbi,s3://pan-ukb-us-east-1/sumstats_flat_files/continuous-eGFRcreacys-both_sexes-irnt.tsv.bgz,s3://pan-ukb-us-east-1/sumstats_flat_files_tabix/continuous-eGFRcreacys-both_sexes-irnt.tsv.bgz.tbi,CSA,TO_VALIDATE_IN_15B2,MATCHED_TRAIT_CATALOG,True,True,True,True,True,
cmp_8c7dbc4193a84d20,gt_37e472a0f64504bd,APOL1,Pan-UKB,Pan-UKB::continuous|eGFRcreacys|both_sexes||irnt,"Estimated glomerular filtration rate, cystain C",continuous|eGFRcreacys|both_sexes||irnt,GRCh37,egfr_cystatin_c,SENSITIVITY,Proxy biomarker,Proxy biomarker,False,False,B,B,0,2,2,2,"Glomerulosclerosis, Focal Segmental || Renal Insufficiency",EUR,CSA,22,chr22,36649056,36663576,36649055,36549056,36763576,36549055,100000,+,ENSG00000100342.16,protein_coding,APOL1,exact_gene_name,GENCODE v19,MATCHED,single_multianalysis_bgzf,s3://pan-ukb-us-east-1/sumstats_flat_files/continuous-eGFRcreacys-both_sexes-irnt.tsv.bgz,s3://pan-ukb-us-east-1/sumstats_flat_files_tabix/continuous-eGFRcreacys-both_sexes-irnt.tsv.bgz.tbi,s3://pan-ukb-us-east-1/sumstats_flat_files/continuous-eGFRcreacys-both_sexes-irnt.tsv.bgz,s3://pan-ukb-us-east-1/sumstats_flat_files_tabix/continuous-eGFRcreacys-both_sexes-irnt.tsv.bgz.tbi,CSA,TO_VALIDATE_IN_15B2,MATCHED_TRAIT_CATALOG,True,True,True,True,True,
cmp_2353417ce830f9b9,gt_899bad0c2759607f,AXL,Pan-UKB,Pan-UKB::continuous|eGFRcreacys|both_sexes||irnt,"Estimated glomerular filtration rate, cystain C",continuous|eGFRcreacys|both_sexes||irnt,GRCh37,egfr_cystatin_c,SENSITIVITY,Proxy biomarker,Proxy biomarker,False,False,B,B,0,1,1,1,"Glomerulonephritis, IGA",EUR,CSA,19,chr19,41725108,41767671,41725107,41625108,41867671,41625107,100000,+,ENSG00000167601.7,protein_coding,AXL,exact_gene_name,GENCODE v19,MATCHED,single_multianalysis_bgzf,s3://pan-ukb-us-east-1/sumstats_flat_files/continuous-eGFRcreacys-both_sexes-irnt.tsv.bgz,s3://pan-ukb-us-east-1/sumstats_flat_files_tabix/continuous-eGFRcreacys-both_sexes-irnt.tsv.bgz.tbi,s3://pan-ukb-us-east-1/sumstats_flat_files/continuous-eGFRcreacys-both_sexes-irnt.tsv.bgz,s3://pan-ukb-us-east-1/sumstats_flat_files_tabix/continuous-eGFRcreacys-both_sexes-irnt.tsv.bgz.tbi,CSA,TO_VALIDATE_IN_15B2,MATCHED_TRAIT_CATALOG,True,True,True,True,True,
cmp_77b232e3223dc3df,gt_9e8f8486a39d8061,GLP1R,Pan-UKB,Pan-UKB::continuous|eGFRcreacys|both_sexes||irnt,"Estimated glomerular filtration rate, cystain C",continuous|eGFRcreacys|both_sexes||irnt,GRCh37,egfr_cystatin_c,SENSITIVITY,Proxy biomarker,Proxy biomarker,False,False,B,B,0,1,1,1,Renal Insufficiency,EUR,CSA,6,chr6,39016574,39055519,39016573,38916574,39155519,38916573,100000,+,ENSG00000112164.5,protein_coding,GLP1R,exact_gene_name,GENCODE v19,MATCHED,single_multianalysis_bgzf,s3://pan-ukb-us-east-1/sumstats_flat_files/continuous-eGFRcreacys-both_sexes-irnt.tsv.bgz,s3://pan-ukb-us-east-1/sumstats_flat_files_tabix/continuous-eGFRcreacys-both_sexes-irnt.tsv.bgz.tbi,s3://pan-ukb-us-east-1/sumstats_flat_files/continuous-eGFRcreacys-both_sexes-irnt.tsv.bgz,s3://pan-ukb-us-east-1/sumstats_flat_files_tabix/continuous-eGFRcreacys-both_sexes-irnt.tsv.bgz.tbi,CSA,TO_VALIDATE_IN_15B2,MATCHED_TRAIT_CATALOG,True,True,True,True,True,
cmp_f5603b761d0d9d9f,gt_cb1935f132a80e7e,KCNJ1,Pan-UKB,Pan-UKB::continuous|eGFRcreacys|both_sexes||irnt,"Estimated glomerular filtration rate, cystain C",continuous|eGFRcreacys|both_sexes||irnt,GRCh37,egfr_cystatin_c,SENSITIVITY,Proxy biomarker,Proxy biomarker,False,False,B,B,0,1,1,1,Renal Insufficiency,EUR,CSA,11,chr11,128706210,128737268,128706209,128606210,128837268,128606209,100000,-,ENSG00000151704.11,protein_coding,KCNJ1,exact_gene_name,GENCODE v19,MATCHED,single_multianalysis_bgzf,s3://pan-ukb-us-east-1/sumstats_flat_files/continuous-eGFRcreacys-both_sexes-irnt.tsv.bgz,s3://pan-ukb-us-east-1/sumstats_flat_files_tabix/continuous-eGFRcreacys-both_sexes-irnt.tsv.bgz.tbi,s3://pan-ukb-us-east-1/sumstats_flat_files/continuous-eGFRcreacys-both_sexes-irnt.tsv.bgz,s3://pan-ukb-us-east-1/sumstats_flat_files_tabix/continuous-eGFRcreacys-both_sexes-irnt.tsv.bgz.tbi,CSA,TO_VALIDATE_IN_15B2,MATCHED_TRAIT_CATALOG,True,True,True,True,True,
cmp_6d0d3a7339da8a40,gt_1c7d432c69e1619f,NFE2L2,Pan-UKB,Pan-UKB::continuous|eGFRcreacys|both_sexes||irnt,"Estimated glomerular filtration rate, cystain C",continuous|eGFRcreacys|both_sexes||irnt,GRCh37,egfr_cystatin_c,SENSITIVITY,Proxy biomarker,Proxy biomarker,False,False,B,B,0,1,1,1,Renal Insufficiency,EUR,CSA,2,chr2,178092323,178257425,178092322,177992323,178357425,177992322,100000,-,ENSG00000116044.11,protein_coding,NFE2L2,exact_gene_name,GENCODE v19,MATCHED,single_multianalysis_bgzf,s3://pan-ukb-us-east-1/sumstats_flat_files/continuous-eGFRcreacys-both_sexes-irnt.tsv.bgz,s3://pan-ukb-us-east-1/sumstats_flat_files_tabix/continuous-eGFRcreacys-both_sexes-irnt.tsv.bgz.tbi,s3://pan-ukb-us-east-1/sumstats_flat_files/continuous-eGFRcreacys-both_sexes-irnt.tsv.bgz,s3://pan-ukb-us-east-1/sumstats_flat_files_tabix/continuous-eGFRcreacys-both_sexes-irnt.tsv.bgz.tbi,CSA,TO_VALIDATE_IN_15B2,MATCHED_TRAIT_CATALOG,True,True,True,True,True,
cmp_e6bc260bdca8f5e1,gt_f158807cbd1ff8b0,NFKB1,Pan-UKB,Pan-UKB::continuous|eGFRcreacys|both_sexes||irnt,"Estimated glomerular filtration rate, cystain C",continuous|eGFRcreacys|both_sexes||irnt,GRCh37,egfr_cystatin_c,SENSITIVITY,Proxy biomarker,Proxy biomarker,False,False,B,B,0,1,1,1,"Glomerulosclerosis, Focal Segmental",EUR,CSA,4,chr4,103422486,103538459,103422485,103322486,103638459,103322485,100000,+,ENSG00000109320.7,protein_coding,NFKB1,exact_gene_name,GENCODE v19,MATCHED,single_multianalysis_bgzf,s3://pan-ukb-us-east-1/sumstats_flat_files/continuous-eGFRcreacys-both_sexes-irnt.tsv.bgz,s3://pan-ukb-us-east-1/sumstats_flat_files_tabix/continuous-eGFRcreacys-both_sexes-irnt.tsv.bgz.tbi,s3://pan-ukb-us-east-1/sumstats_flat_files/continuous-eGFRcreacys-both_sexes-irnt.tsv.bgz,s3://pan-ukb-us-east-1/sumstats_flat_files_tabix/continuous-eGFRcreacys-both_sexes-irnt.tsv.bgz.tbi,CSA,TO_VALIDATE_IN_15B2,MATCHED_TRAIT_CATALOG,True,True,True,True,True,
cmp_f5b22a7b88052684,gt_611ebc5c523a0335,NOX4,Pan-UKB,Pan-UKB::continuous|eGFRcreacys|both_sexes||irnt,"Estimated glomerular filtration rate, cystain C",continuous|eGFRcreacys|both_sexes||irnt,GRCh37,egfr_cystatin_c,SENSITIVITY,Proxy biomarker,Proxy biomarker,False,False,B,B,0,1,1,1,Diabetic Nephropathies,EUR,CSA,11,chr11,89057524,89322779,89057523,88957524,89422779,88957523,100000,-,ENSG00000086991.8,protein_coding,NOX4,exact_gene_name,GENCODE v19,MATCHED,single_multianalysis_bgzf,s3://pan-ukb-us-east-1/sumstats_flat_files/continuous-eGFRcreacys-both_sexes-irnt.tsv.bgz,s3://pan-ukb-us-east-1/sumstats_flat_files_tabix/continuous-eGFRcreacys-both_sexes-irnt.tsv.bgz.tbi,s3://pan-ukb-us-east-1/sumstats_flat_files/continuous-eGFRcreacys-both_sexes-irnt.tsv.bgz,s3://pan-ukb-us-east-1/sumstats_flat_files_tabix/continuous-eGFRcreacys-both_sexes-irnt.tsv.bgz.tbi,CSA,TO_VALIDATE_IN_15B2,MATCHED_TRAIT_CATALOG,True,True,True,True,True,
cmp_caae4f98ac02088e,gt_67fafbc34fad5769,TGFB1,Pan-UKB,Pan-UKB::continuous|eGFRcreacys|both_sexes||irnt,"Estimated glomerular filtration rate, cystain C",continuous|eGFRcreacys|both_sexes||irnt,GRCh37,egfr_cystatin_c,SENSITIVITY,Proxy biomarker,Proxy biomarker,False,False,B,B,0,1,1,1,"Glomerulosclerosis, Focal Segmental",EUR,CSA,19,chr19,41807492,41859816,41807491,41707492,41959816,41707491,100000,-,ENSG00000105329.5,protein_coding,TGFB1,exact_gene_name,GENCODE v19,MATCHED,single_multianalysis_bgzf,s3://pan-ukb-us-east-1/sumstats_flat_files/continuous-eGFRcreacys-both_sexes-irnt.tsv.bgz,s3://pan-ukb-us-east-1/sumstats_flat_files_tabix/continuous-eGFRcreacys-both_sexes-irnt.tsv.bgz.tbi,s3://pan-ukb-us-east-1/sumstats_flat_files/continuous-eGFRcreacys-both_sexes-irnt.tsv.bgz,s3://pan-ukb-us-east-1/sumstats_flat_files_tabix/continuous-eGFRcreacys-both_sexes-irnt.tsv.bgz.tbi,CSA,TO_VALIDATE_IN_15B2,MATCHED_TRAIT_CATALOG,True,True,True,True,True,
cmp_c2200c96cb049be6,gt_2a1141a538a5d8da,TNFSF13,Pan-UKB,Pan-UKB::continuous|eGFRcreacys|both_sexes||irnt,"Estimated glomerular filtration rate, cystain C",continuous|eGFRcreacys|both_sexes||irnt,GRCh37,egfr_cystatin_c,SENSITIVITY,Proxy biomarker,Proxy biomarker,False,False,B,B,0,1,1,1,"Glomerulonephritis, IGA",EUR,CSA,17,chr17,7461609,7464925,7461608,7361609,7564925,7361608,100000,+,ENSG00000161955.12,protein_coding,TNFSF13,exact_gene_name,GENCODE v19,MATCHED,single_multianalysis_bgzf,s3://pan-ukb-us-east-1/sumstats_flat_files/continuous-eGFRcreacys-both_sexes-irnt.tsv.bgz,s3://pan-ukb-us-east-1/sumstats_flat_files_tabix/continuous-eGFRcreacys-both_sexes-irnt.tsv.bgz.tbi,s3://pan-ukb-us-east-1/sumstats_flat_files/continuous-eGFRcreacys-both_sexes-irnt.tsv.bgz,s3://pan-ukb-us-east-1/sumstats_flat_files_tabix/continuous-eGFRcreacys-both_sexes-irnt.tsv.bgz.tbi,CSA,TO_VALIDATE_IN_15B2,MATCHED_TRAIT_CATALOG,True,True,True,True,True,
cmp_dc63e9f3df458797,gt_d2741a54561a8897,ALDH2,Pan-UKB,Pan-UKB::continuous|eGFRcys|both_sexes||irnt,"Estimated glomerular filtration rate, serum creatinine + cystain C",continuous|eGFRcys|both_sexes||irnt,GRCh37,egfr_creatinine_cystatin_c,SENSITIVITY,Proxy biomarker,Proxy biomarker,False,False,B,B,0,1,1,1,Renal Insufficiency,EUR,CSA,12,chr12,112204691,112247782,112204690,112104691,112347782,112104690,100000,+,ENSG00000111275.8,protein_coding,ALDH2,exact_gene_name,GENCODE v19,MATCHED,single_multianalysis_bgzf,s3://pan-ukb-us-east-1/sumstats_flat_files/continuous-eGFRcys-both_sexes-irnt.tsv.bgz,s3://pan-ukb-us-east-1/sumstats_flat_files_tabix/continuous-eGFRcys-both_sexes-irnt.tsv.bgz.tbi,s3://pan-ukb-us-east-1/sumstats_flat_files/continuous-eGFRcys-both_sexes-irnt.tsv.bgz,s3://pan-ukb-us-east-1/sumstats_flat_files_tabix/continuous-eGFRcys-both_sexes-irnt.tsv.bgz.tbi,CSA,TO_VALIDATE_IN_15B2,MATCHED_TRAIT_CATALOG,True,True,True,True,True,
cmp_a8ac5b3cbfabb1df,gt_726d8669541e423b,APOL1,Pan-UKB,Pan-UKB::continuous|eGFRcys|both_sexes||irnt,"Estimated glomerular filtration rate, serum creatinine + cystain C",continuous|eGFRcys|both_sexes||irnt,GRCh37,egfr_creatinine_cystatin_c,SENSITIVITY,Proxy biomarker,Proxy biomarker,False,False,B,B,0,2,2,2,"Glomerulosclerosis, Focal Segmental || Renal Insufficiency",EUR,CSA,22,chr22,36649056,36663576,36649055,36549056,36763576,36549055,100000,+,ENSG00000100342.16,protein_coding,APOL1,exact_gene_name,GENCODE v19,MATCHED,single_multianalysis_bgzf,s3://pan-ukb-us-east-1/sumstats_flat_files/continuous-eGFRcys-both_sexes-irnt.tsv.bgz,s3://pan-ukb-us-east-1/sumstats_flat_files_tabix/continuous-eGFRcys-both_sexes-irnt.tsv.bgz.tbi,s3://pan-ukb-us-east-1/sumstats_flat_files/continuous-eGFRcys-both_sexes-irnt.tsv.bgz,s3://pan-ukb-us-east-1/sumstats_flat_files_tabix/continuous-eGFRcys-both_sexes-irnt.tsv.bgz.tbi,CSA,TO_VALIDATE_IN_15B2,MATCHED_TRAIT_CATALOG,True,True,True,True,True,
cmp_c26e23b0f17e4623,gt_e7ef4b7ebf566d2c,AXL,Pan-UKB,Pan-UKB::continuous|eGFRcys|both_sexes||irnt,"Estimated glomerular filtration rate, serum creatinine + cystain C",continuous|eGFRcys|both_sexes||irnt,GRCh37,egfr_creatinine_cystatin_c,SENSITIVITY,Proxy biomarker,Proxy biomarker,False,False,B,B,0,1,1,1,"Glomerulonephritis, IGA",EUR,CSA,19,chr19,41725108,41767671,41725107,41625108,41867671,41625107,100000,+,ENSG00000167601.7,protein_coding,AXL,exact_gene_name,GENCODE v19,MATCHED,single_multianalysis_bgzf,s3://pan-ukb-us-east-1/sumstats_flat_files/continuous-eGFRcys-both_sexes-irnt.tsv.bgz,s3://pan-ukb-us-east-1/sumstats_flat_files_tabix/continuous-eGFRcys-both_sexes-irnt.tsv.bgz.tbi,s3://pan-ukb-us-east-1/sumstats_flat_files/continuous-eGFRcys-both_sexes-irnt.tsv.bgz,s3://pan-ukb-us-east-1/sumstats_flat_files_tabix/continuous-eGFRcys-both_sexes-irnt.tsv.bgz.tbi,CSA,TO_VALIDATE_IN_15B2,MATCHED_TRAIT_CATALOG,True,True,True,True,True,
cmp_a70b7bcdea605e65,gt_f94da670fe45d073,GLP1R,Pan-UKB,Pan-UKB::continuous|eGFRcys|both_sexes||irnt,"Estimated glomerular filtration rate, serum creatinine + cystain C",continuous|eGFRcys|both_sexes||irnt,GRCh37,egfr_creatinine_cystatin_c,SENSITIVITY,Proxy biomarker,Proxy biomarker,False,False,B,B,0,1,1,1,Renal Insufficiency,EUR,CSA,6,chr6,39016574,39055519,39016573,38916574,39155519,38916573,100000,+,ENSG00000112164.5,protein_coding,GLP1R,exact_gene_name,GENCODE v19,MATCHED,single_multianalysis_bgzf,s3://pan-ukb-us-east-1/sumstats_flat_files/continuous-eGFRcys-both_sexes-irnt.tsv.bgz,s3://pan-ukb-us-east-1/sumstats_flat_files_tabix/continuous-eGFRcys-both_sexes-irnt.tsv.bgz.tbi,s3://pan-ukb-us-east-1/sumstats_flat_files/continuous-eGFRcys-both_sexes-irnt.tsv.bgz,s3://pan-ukb-us-east-1/sumstats_flat_files_tabix/continuous-eGFRcys-both_sexes-irnt.tsv.bgz.tbi,CSA,TO_VALIDATE_IN_15B2,MATCHED_TRAIT_CATALOG,True,True,True,True,True,
cmp_8195ec165e78f538,gt_e302145f95c19917,KCNJ1,Pan-UKB,Pan-UKB::continuous|eGFRcys|both_sexes||irnt,"Estimated glomerular filtration rate, serum creatinine + cystain C",continuous|eGFRcys|both_sexes||irnt,GRCh37,egfr_creatinine_cystatin_c,SENSITIVITY,Proxy biomarker,Proxy biomarker,False,False,B,B,0,1,1,1,Renal Insufficiency,EUR,CSA,11,chr11,128706210,128737268,128706209,128606210,128837268,128606209,100000,-,ENSG00000151704.11,protein_coding,KCNJ1,exact_gene_name,GENCODE v19,MATCHED,single_multianalysis_bgzf,s3://pan-ukb-us-east-1/sumstats_flat_files/continuous-eGFRcys-both_sexes-irnt.tsv.bgz,s3://pan-ukb-us-east-1/sumstats_flat_files_tabix/continuous-eGFRcys-both_sexes-irnt.tsv.bgz.tbi,s3://pan-ukb-us-east-1/sumstats_flat_files/continuous-eGFRcys-both_sexes-irnt.tsv.bgz,s3://pan-ukb-us-east-1/sumstats_flat_files_tabix/continuous-eGFRcys-both_sexes-irnt.tsv.bgz.tbi,CSA,TO_VALIDATE_IN_15B2,MATCHED_TRAIT_CATALOG,True,True,True,True,True,
cmp_7c2d37eda7f26502,gt_9fd89b9a06bf3d21,NFE2L2,Pan-UKB,Pan-UKB::continuous|eGFRcys|both_sexes||irnt,"Estimated glomerular filtration rate, serum creatinine + cystain C",continuous|eGFRcys|both_sexes||irnt,GRCh37,egfr_creatinine_cystatin_c,SENSITIVITY,Proxy biomarker,Proxy biomarker,False,False,B,B,0,1,1,1,Renal Insufficiency,EUR,CSA,2,chr2,178092323,178257425,178092322,177992323,178357425,177992322,100000,-,ENSG00000116044.11,protein_coding,NFE2L2,exact_gene_name,GENCODE v19,MATCHED,single_multianalysis_bgzf,s3://pan-ukb-us-east-1/sumstats_flat_files/continuous-eGFRcys-both_sexes-irnt.tsv.bgz,s3://pan-ukb-us-east-1/sumstats_flat_files_tabix/continuous-eGFRcys-both_sexes-irnt.tsv.bgz.tbi,s3://pan-ukb-us-east-1/sumstats_flat_files/continuous-eGFRcys-both_sexes-irnt.tsv.bgz,s3://pan-ukb-us-east-1/sumstats_flat_files_tabix/continuous-eGFRcys-both_sexes-irnt.tsv.bgz.tbi,CSA,TO_VALIDATE_IN_15B2,MATCHED_TRAIT_CATALOG,True,True,True,True,True,
cmp_88310e25d5472c2f,gt_5cfdcb953dd2daa1,NFKB1,Pan-UKB,Pan-UKB::continuous|eGFRcys|both_sexes||irnt,"Estimated glomerular filtration rate, serum creatinine + cystain C",continuous|eGFRcys|both_sexes||irnt,GRCh37,egfr_creatinine_cystatin_c,SENSITIVITY,Proxy biomarker,Proxy biomarker,False,False,B,B,0,1,1,1,"Glomerulosclerosis, Focal Segmental",EUR,CSA,4,chr4,103422486,103538459,103422485,103322486,103638459,103322485,100000,+,ENSG00000109320.7,protein_coding,NFKB1,exact_gene_name,GENCODE v19,MATCHED,single_multianalysis_bgzf,s3://pan-ukb-us-east-1/sumstats_flat_files/continuous-eGFRcys-both_sexes-irnt.tsv.bgz,s3://pan-ukb-us-east-1/sumstats_flat_files_tabix/continuous-eGFRcys-both_sexes-irnt.tsv.bgz.tbi,s3://pan-ukb-us-east-1/sumstats_flat_files/continuous-eGFRcys-both_sexes-irnt.tsv.bgz,s3://pan-ukb-us-east-1/sumstats_flat_files_tabix/continuous-eGFRcys-both_sexes-irnt.tsv.bgz.tbi,CSA,TO_VALIDATE_IN_15B2,MATCHED_TRAIT_CATALOG,True,True,True,True,True,
cmp_3eba2b47f85848a6,gt_035225972671d0e8,NOX4,Pan-UKB,Pan-UKB::continuous|eGFRcys|both_sexes||irnt,"Estimated glomerular filtration rate, serum creatinine + cystain C",continuous|eGFRcys|both_sexes||irnt,GRCh37,egfr_creatinine_cystatin_c,SENSITIVITY,Proxy biomarker,Proxy biomarker,False,False,B,B,0,1,1,1,Diabetic Nephropathies,EUR,CSA,11,chr11,89057524,89322779,89057523,88957524,89422779,88957523,100000,-,ENSG00000086991.8,protein_coding,NOX4,exact_gene_name,GENCODE v19,MATCHED,single_multianalysis_bgzf,s3://pan-ukb-us-east-1/sumstats_flat_files/continuous-eGFRcys-both_sexes-irnt.tsv.bgz,s3://pan-ukb-us-east-1/sumstats_flat_files_tabix/continuous-eGFRcys-both_sexes-irnt.tsv.bgz.tbi,s3://pan-ukb-us-east-1/sumstats_flat_files/continuous-eGFRcys-both_sexes-irnt.tsv.bgz,s3://pan-ukb-us-east-1/sumstats_flat_files_tabix/continuous-eGFRcys-both_sexes-irnt.tsv.bgz.tbi,CSA,TO_VALIDATE_IN_15B2,MATCHED_TRAIT_CATALOG,True,True,True,True,True,
cmp_7df0a47e68499502,gt_811c6788417a2e37,TGFB1,Pan-UKB,Pan-UKB::continuous|eGFRcys|both_sexes||irnt,"Estimated glomerular filtration rate, serum creatinine + cystain C",continuous|eGFRcys|both_sexes||irnt,GRCh37,egfr_creatinine_cystatin_c,SENSITIVITY,Proxy biomarker,Proxy biomarker,False,False,B,B,0,1,1,1,"Glomerulosclerosis, Focal Segmental",EUR,CSA,19,chr19,41807492,41859816,41807491,41707492,41959816,41707491,100000,-,ENSG00000105329.5,protein_coding,TGFB1,exact_gene_name,GENCODE v19,MATCHED,single_multianalysis_bgzf,s3://pan-ukb-us-east-1/sumstats_flat_files/continuous-eGFRcys-both_sexes-irnt.tsv.bgz,s3://pan-ukb-us-east-1/sumstats_flat_files_tabix/continuous-eGFRcys-both_sexes-irnt.tsv.bgz.tbi,s3://pan-ukb-us-east-1/sumstats_flat_files/continuous-eGFRcys-both_sexes-irnt.tsv.bgz,s3://pan-ukb-us-east-1/sumstats_flat_files_tabix/continuous-eGFRcys-both_sexes-irnt.tsv.bgz.tbi,CSA,TO_VALIDATE_IN_15B2,MATCHED_TRAIT_CATALOG,True,True,True,True,True,
cmp_07dcb18613ab35b7,gt_237a604cf389b322,TNFSF13,Pan-UKB,Pan-UKB::continuous|eGFRcys|both_sexes||irnt,"Estimated glomerular filtration rate, serum creatinine + cystain C",continuous|eGFRcys|both_sexes||irnt,GRCh37,egfr_creatinine_cystatin_c,SENSITIVITY,Proxy biomarker,Proxy biomarker,False,False,B,B,0,1,1,1,"Glomerulonephritis, IGA",EUR,CSA,17,chr17,7461609,7464925,7461608,7361609,7564925,7361608,100000,+,ENSG00000161955.12,protein_coding,TNFSF13,exact_gene_name,GENCODE v19,MATCHED,single_multianalysis_bgzf,s3://pan-ukb-us-east-1/sumstats_flat_files/continuous-eGFRcys-both_sexes-irnt.tsv.bgz,s3://pan-ukb-us-east-1/sumstats_flat_files_tabix/continuous-eGFRcys-both_sexes-irnt.tsv.bgz.tbi,s3://pan-ukb-us-east-1/sumstats_flat_files/continuous-eGFRcys-both_sexes-irnt.tsv.bgz,s3://pan-ukb-us-east-1/sumstats_flat_files_tabix/continuous-eGFRcys-both_sexes-irnt.tsv.bgz.tbi,CSA,TO_VALIDATE_IN_15B2,MATCHED_TRAIT_CATALOG,True,True,True,True,True,
cmp_4f4abb1eebddfb83,gt_8ae1111e40e959b8,ADORA1,Pan-UKB,Pan-UKB::continuous|3063|both_sexes||irnt,Forced expiratory volume in 1-second (FEV1),continuous|3063|both_sexes||irnt,GRCh37,fev1,SENSITIVITY,Closely related phenotype,Closely related phenotype || Proxy biomarker,False,False,B,B,0,2,2,2,"Asthma || Pulmonary Disease, Chronic Obstructive",EUR,AFR,1,chr1,203059782,203136533,203059781,202959782,203236533,202959781,100000,+,ENSG00000163485.11,protein_coding,ADORA1,exact_gene_name,GENCODE v19,MATCHED,single_multianalysis_bgzf,s3://pan-ukb-us-east-1/sumstats_flat_files/continuous-3063-both_sexes-irnt.tsv.bgz,s3://pan-ukb-us-east-1/sumstats_flat_files_tabix/continuous-3063-both_sexes-irnt.tsv.bgz.tbi,s3://pan-ukb-us-east-1/sumstats_flat_files/continuous-3063-both_sexes-irnt.tsv.bgz,s3://pan-ukb-us-east-1/sumstats_flat_files_tabix/continuous-3063-both_sexes-irnt.tsv.bgz.tbi,AFR,TO_VALIDATE_IN_15B2,MATCHED_TRAIT_CATALOG,True,True,True,True,True,
cmp_d89a54d130a3c943,gt_8ae1111e40e959b8,ADORA1,Pan-UKB,Pan-UKB::continuous|3063|both_sexes||irnt,Forced expiratory volume in 1-second (FEV1),continuous|3063|both_sexes||irnt,GRCh37,fev1,SENSITIVITY,Closely related phenotype,Closely related phenotype || Proxy biomarker,False,False,B,B,0,2,2,2,"Asthma || Pulmonary Disease, Chronic Obstructive",EUR,CSA,1,chr1,203059782,203136533,203059781,202959782,203236533,202959781,100000,+,ENSG00000163485.11,protein_coding,ADORA1,exact_gene_name,GENCODE v19,MATCHED,single_multianalysis_bgzf,s3://pan-ukb-us-east-1/sumstats_flat_files/continuous-3063-both_sexes-irnt.tsv.bgz,s3://pan-ukb-us-east-1/sumstats_flat_files_tabix/continuous-3063-both_sexes-irnt.tsv.bgz.tbi,s3://pan-ukb-us-east-1/sumstats_flat_files/continuous-3063-both_sexes-irnt.tsv.bgz,s3://pan-ukb-us-east-1/sumstats_flat_files_tabix/continuous-3063-both_sexes-irnt.tsv.bgz.tbi,CSA,TO_VALIDATE_IN_15B2,MATCHED_TRAIT_CATALOG,True,True,True,True,True,
cmp_fa143c87e1daeb35,gt_8ae1111e40e959b8,ADORA1,Pan-UKB,Pan-UKB::continuous|3063|both_sexes||irnt,Forced expiratory volume in 1-second (FEV1),continuous|3063|both_sexes||irnt,GRCh37,fev1,SENSITIVITY,Closely related phenotype,Closely related phenotype || Proxy biomarker,False,False,B,B,0,2,2,2,"Asthma || Pulmonary Disease, Chronic Obstructive",EUR,MID,1,chr1,203059782,203136533,203059781,202959782,203236533,202959781,100000,+,ENSG00000163485.11,protein_coding,ADORA1,exact_gene_name,GENCODE v19,MATCHED,single_multianalysis_bgzf,s3://pan-ukb-us-east-1/sumstats_flat_files/continuous-3063-both_sexes-irnt.tsv.bgz,s3://pan-ukb-us-east-1/sumstats_flat_files_tabix/continuous-3063-both_sexes-irnt.tsv.bgz.tbi,s3://pan-ukb-us-east-1/sumstats_flat_files/continuous-3063-both_sexes-irnt.tsv.bgz,s3://pan-ukb-us-east-1/sumstats_flat_files_tabix/continuous-3063-both_sexes-irnt.tsv.bgz.tbi,MID,TO_VALIDATE_IN_15B2,MATCHED_TRAIT_CATALOG,True,True,True,True,True,
cmp_444aac4d695659bf,gt_8a1e23cc998cbb64,ADORA2B,Pan-UKB,Pan-UKB::continuous|3063|both_sexes||irnt,Forced expiratory volume in 1-second (FEV1),continuous|3063|both_sexes||irnt,GRCh37,fev1,SENSITIVITY,Proxy biomarker,Proxy biomarker,False,False,B,B,0,1,1,1,Asthma,EUR,AFR,17,chr17,15848231,15879060,15848230,15748231,15979060,15748230,100000,+,ENSG00000170425.3,protein_coding,ADORA2B,exact_gene_name,GENCODE v19,MATCHED,single_multianalysis_bgzf,s3://pan-ukb-us-east-1/sumstats_flat_files/continuous-3063-both_sexes-irnt.tsv.bgz,s3://pan-ukb-us-east-1/sumstats_flat_files_tabix/continuous-3063-both_sexes-irnt.tsv.bgz.tbi,s3://pan-ukb-us-east-1/sumstats_flat_files/continuous-3063-both_sexes-irnt.tsv.bgz,s3://pan-ukb-us-east-1/sumstats_flat_files_tabix/continuous-3063-both_sexes-irnt.tsv.bgz.tbi,AFR,TO_VALIDATE_IN_15B2,MATCHED_TRAIT_CATALOG,True,True,True,True,True,
cmp_0360da9b6e74779e,gt_8a1e23cc998cbb64,ADORA2B,Pan-UKB,Pan-UKB::continuous|3063|both_sexes||irnt,Forced expiratory volume in 1-second (FEV1),continuous|3063|both_sexes||irnt,GRCh37,fev1,SENSITIVITY,Proxy biomarker,Proxy biomarker,False,False,B,B,0,1,1,1,Asthma,EUR,CSA,17,chr17,15848231,15879060,15848230,15748231,15979060,15748230,100000,+,ENSG00000170425.3,protein_coding,ADORA2B,exact_gene_name,GENCODE v19,MATCHED,single_multianalysis_bgzf,s3://pan-ukb-us-east-1/sumstats_flat_files/continuous-3063-both_sexes-irnt.tsv.bgz,s3://pan-ukb-us-east-1/sumstats_flat_files_tabix/continuous-3063-both_sexes-irnt.tsv.bgz.tbi,s3://pan-ukb-us-east-1/sumstats_flat_files/continuous-3063-both_sexes-irnt.tsv.bgz,s3://pan-ukb-us-east-1/sumstats_flat_files_tabix/continuous-3063-both_sexes-irnt.tsv.bgz.tbi,CSA,TO_VALIDATE_IN_15B2,MATCHED_TRAIT_CATALOG,True,True,True,True,True,
cmp_f409cf1f31dfa912,gt_8a1e23cc998cbb64,ADORA2B,Pan-UKB,Pan-UKB::continuous|3063|both_sexes||irnt,Forced expiratory volume in 1-second (FEV1),continuous|3063|both_sexes||irnt,GRCh37,fev1,SENSITIVITY,Proxy biomarker,Proxy biomarker,False,False,B,B,0,1,1,1,Asthma,EUR,MID,17,chr17,15848231,15879060,15848230,15748231,15979060,15748230,100000,+,ENSG00000170425.3,protein_coding,ADORA2B,exact_gene_name,GENCODE v19,MATCHED,single_multianalysis_bgzf,s3://pan-ukb-us-east-1/sumstats_flat_files/continuous-3063-both_sexes-irnt.tsv.bgz,s3://pan-ukb-us-east-1/sumstats_flat_files_tabix/continuous-3063-both_sexes-irnt.tsv.bgz.tbi,s3://pan-ukb-us-east-1/sumstats_flat_files/continuous-3063-both_sexes-irnt.tsv.bgz,s3://pan-ukb-us-east-1/sumstats_flat_files_tabix/continuous-3063-both_sexes-irnt.tsv.bgz.tbi,MID,TO_VALIDATE_IN_15B2,MATCHED_TRAIT_CATALOG,True,True,True,True,True,
cmp_aedfd6c79753fced,gt_495f677728f16ec2,ADRB2,Pan-UKB,Pan-UKB::continuous|3063|both_sexes||irnt,Forced expiratory volume in 1-second (FEV1),continuous|3063|both_sexes||irnt,GRCh37,fev1,SENSITIVITY,Closely related phenotype,Closely related phenotype || Proxy biomarker,False,False,A,A,2,0,2,2,"Asthma || Pulmonary Disease, Chronic Obstructive",EUR,AFR,5,chr5,148206156,148208196,148206155,148106156,148308196,148106155,100000,+,ENSG00000169252.4,protein_coding,ADRB2,exact_gene_name,GENCODE v19,MATCHED,single_multianalysis_bgzf,s3://pan-ukb-us-east-1/sumstats_flat_files/continuous-3063-both_sexes-irnt.tsv.bgz,s3://pan-ukb-us-east-1/sumstats_flat_files_tabix/continuous-3063-both_sexes-irnt.tsv.bgz.tbi,s3://pan-ukb-us-east-1/sumstats_flat_files/continuous-3063-both_sexes-irnt.tsv.bgz,s3://pan-ukb-us-east-1/sumstats_flat_files_tabix/continuous-3063-both_sexes-irnt.tsv.bgz.tbi,AFR,TO_VALIDATE_IN_15B2,MATCHED_TRAIT_CATALOG,True,True,True,True,True,
cmp_44e2ab793b6872a6,gt_495f677728f16ec2,ADRB2,Pan-UKB,Pan-UKB::continuous|3063|both_sexes||irnt,Forced expiratory volume in 1-second (FEV1),continuous|3063|both_sexes||irnt,GRCh37,fev1,SENSITIVITY,Closely related phenotype,Closely related phenotype || Proxy biomarker,False,False,A,A,2,0,2,2,"Asthma || Pulmonary Disease, Chronic Obstructive",EUR,CSA,5,chr5,148206156,148208196,148206155,148106156,148308196,148106155,100000,+,ENSG00000169252.4,protein_coding,ADRB2,exact_gene_name,GENCODE v19,MATCHED,single_multianalysis_bgzf,s3://pan-ukb-us-east-1/sumstats_flat_files/continuous-3063-both_sexes-irnt.tsv.bgz,s3://pan-ukb-us-east-1/sumstats_flat_files_tabix/continuous-3063-both_sexes-irnt.tsv.bgz.tbi,s3://pan-ukb-us-east-1/sumstats_flat_files/continuous-3063-both_sexes-irnt.tsv.bgz,s3://pan-ukb-us-east-1/sumstats_flat_files_tabix/continuous-3063-both_sexes-irnt.tsv.bgz.tbi,CSA,TO_VALIDATE_IN_15B2,MATCHED_TRAIT_CATALOG,True,True,True,True,True,
cmp_3af65fa7fc94c370,gt_495f677728f16ec2,ADRB2,Pan-UKB,Pan-UKB::continuous|3063|both_sexes||irnt,Forced expiratory volume in 1-second (FEV1),continuous|3063|both_sexes||irnt,GRCh37,fev1,SENSITIVITY,Closely related phenotype,Closely related phenotype || Proxy biomarker,False,False,A,A,2,0,2,2,"Asthma || Pulmonary Disease, Chronic Obstructive",EUR,MID,5,chr5,148206156,148208196,148206155,148106156,148308196,148106155,100000,+,ENSG00000169252.4,protein_coding,ADRB2,exact_gene_name,GENCODE v19,MATCHED,single_multianalysis_bgzf,s3://pan-ukb-us-east-1/sumstats_flat_files/continuous-3063-both_sexes-irnt.tsv.bgz,s3://pan-ukb-us-east-1/sumstats_flat_files_tabix/continuous-3063-both_sexes-irnt.tsv.bgz.tbi,s3://pan-ukb-us-east-1/sumstats_flat_files/continuous-3063-both_sexes-irnt.tsv.bgz,s3://pan-ukb-us-east-1/sumstats_flat_files_tabix/continuous-3063-both_sexes-irnt.tsv.bgz.tbi,MID,TO_VALIDATE_IN_15B2,MATCHED_TRAIT_CATALOG,True,True,True,True,True,
cmp_1b91d9f5e809b889,gt_eaad0d6b2891c9d2,CHRM3,Pan-UKB,Pan-UKB::continuous|3063|both_sexes||irnt,Forced expiratory volume in 1-second (FEV1),continuous|3063|both_sexes||irnt,GRCh37,fev1,SENSITIVITY,Closely related phenotype,Closely related phenotype || Proxy biomarker,True,False,A,"A,B",1,1,2,2,"Asthma || Pulmonary Disease, Chronic Obstructive",EUR,AFR,1,chr1,239549865,240078750,239549864,239449865,240178750,239449864,100000,+,ENSG00000133019.7,protein_coding,CHRM3,exact_gene_name,GENCODE v19,MATCHED,single_multianalysis_bgzf,s3://pan-ukb-us-east-1/sumstats_flat_files/continuous-3063-both_sexes-irnt.tsv.bgz,s3://pan-ukb-us-east-1/sumstats_flat_files_tabix/continuous-3063-both_sexes-irnt.tsv.bgz.tbi,s3://pan-ukb-us-east-1/sumstats_flat_files/continuous-3063-both_sexes-irnt.tsv.bgz,s3://pan-ukb-us-east-1/sumstats_flat_files_tabix/continuous-3063-both_sexes-irnt.tsv.bgz.tbi,AFR,TO_VALIDATE_IN_15B2,MATCHED_TRAIT_CATALOG,True,True,True,True,True,
cmp_c2ec12ce6aa962ff,gt_eaad0d6b2891c9d2,CHRM3,Pan-UKB,Pan-UKB::continuous|3063|both_sexes||irnt,Forced expiratory volume in 1-second (FEV1),continuous|3063|both_sexes||irnt,GRCh37,fev1,SENSITIVITY,Closely related phenotype,Closely related phenotype || Proxy biomarker,True,False,A,"A,B",1,1,2,2,"Asthma || Pulmonary Disease, Chronic Obstructive",EUR,CSA,1,chr1,239549865,240078750,239549864,239449865,240178750,239449864,100000,+,ENSG00000133019.7,protein_coding,CHRM3,exact_gene_name,GENCODE v19,MATCHED,single_multianalysis_bgzf,s3://pan-ukb-us-east-1/sumstats_flat_files/continuous-3063-both_sexes-irnt.tsv.bgz,s3://pan-ukb-us-east-1/sumstats_flat_files_tabix/continuous-3063-both_sexes-irnt.tsv.bgz.tbi,s3://pan-ukb-us-east-1/sumstats_flat_files/continuous-3063-both_sexes-irnt.tsv.bgz,s3://pan-ukb-us-east-1/sumstats_flat_files_tabix/continuous-3063-both_sexes-irnt.tsv.bgz.tbi,CSA,TO_VALIDATE_IN_15B2,MATCHED_TRAIT_CATALOG,True,True,True,True,True,
cmp_97ebcb16a1cafb0e,gt_eaad0d6b2891c9d2,CHRM3,Pan-UKB,Pan-UKB::continuous|3063|both_sexes||irnt,Forced expiratory volume in 1-second (FEV1),continuous|3063|both_sexes||irnt,GRCh37,fev1,SENSITIVITY,Closely related phenotype,Closely related phenotype || Proxy biomarker,True,False,A,"A,B",1,1,2,2,"Asthma || Pulmonary Disease, Chronic Obstructive",EUR,MID,1,chr1,239549865,240078750,239549864,239449865,240178750,239449864,100000,+,ENSG00000133019.7,protein_coding,CHRM3,exact_gene_name,GENCODE v19,MATCHED,single_multianalysis_bgzf,s3://pan-ukb-us-east-1/sumstats_flat_files/continuous-3063-both_sexes-irnt.tsv.bgz,s3://pan-ukb-us-east-1/sumstats_flat_files_tabix/continuous-3063-both_sexes-irnt.tsv.bgz.tbi,s3://pan-ukb-us-east-1/sumstats_flat_files/continuous-3063-both_sexes-irnt.tsv.bgz,s3://pan-ukb-us-east-1/sumstats_flat_files_tabix/continuous-3063-both_sexes-irnt.tsv.bgz.tbi,MID,TO_VALIDATE_IN_15B2,MATCHED_TRAIT_CATALOG,True,True,True,True,True,
cmp_613a7b62a07b9fa0,gt_4f85f19a487f8fd2,CSF2,Pan-UKB,Pan-UKB::continuous|3063|both_sexes||irnt,Forced expiratory volume in 1-second (FEV1),continuous|3063|both_sexes||irnt,GRCh37,fev1,SENSITIVITY,Closely related phenotype,Closely related phenotype || Proxy biomarker,False,False,B,B,0,2,2,2,"Asthma || Pulmonary Disease, Chronic Obstructive",EUR,AFR,5,chr5,131409483,131411859,131409482,131309483,131511859,131309482,100000,+,ENSG00000164400.4,protein_coding,CSF2,exact_gene_name,GENCODE v19,MATCHED,single_multianalysis_bgzf,s3://pan-ukb-us-east-1/sumstats_flat_files/continuous-3063-both_sexes-irnt.tsv.bgz,s3://pan-ukb-us-east-1/sumstats_flat_files_tabix/continuous-3063-both_sexes-irnt.tsv.bgz.tbi,s3://pan-ukb-us-east-1/sumstats_flat_files/continuous-3063-both_sexes-irnt.tsv.bgz,s3://pan-ukb-us-east-1/sumstats_flat_files_tabix/continuous-3063-both_sexes-irnt.tsv.bgz.tbi,AFR,TO_VALIDATE_IN_15B2,MATCHED_TRAIT_CATALOG,True,True,True,True,True,
cmp_bb698baf90a9b80c,gt_4f85f19a487f8fd2,CSF2,Pan-UKB,Pan-UKB::continuous|3063|both_sexes||irnt,Forced expiratory volume in 1-second (FEV1),continuous|3063|both_sexes||irnt,GRCh37,fev1,SENSITIVITY,Closely related phenotype,Closely related phenotype || Proxy biomarker,False,False,B,B,0,2,2,2,"Asthma || Pulmonary Disease, Chronic Obstructive",EUR,CSA,5,chr5,131409483,131411859,131409482,131309483,131511859,131309482,100000,+,ENSG00000164400.4,protein_coding,CSF2,exact_gene_name,GENCODE v19,MATCHED,single_multianalysis_bgzf,s3://pan-ukb-us-east-1/sumstats_flat_files/continuous-3063-both_sexes-irnt.tsv.bgz,s3://pan-ukb-us-east-1/sumstats_flat_files_tabix/continuous-3063-both_sexes-irnt.tsv.bgz.tbi,s3://pan-ukb-us-east-1/sumstats_flat_files/continuous-3063-both_sexes-irnt.tsv.bgz,s3://pan-ukb-us-east-1/sumstats_flat_files_tabix/continuous-3063-both_sexes-irnt.tsv.bgz.tbi,CSA,TO_VALIDATE_IN_15B2,MATCHED_TRAIT_CATALOG,True,True,True,True,True,
cmp_d09c399542f16bcd,gt_4f85f19a487f8fd2,CSF2,Pan-UKB,Pan-UKB::continuous|3063|both_sexes||irnt,Forced expiratory volume in 1-second (FEV1),continuous|3063|both_sexes||irnt,GRCh37,fev1,SENSITIVITY,Closely related phenotype,Closely related phenotype || Proxy biomarker,False,False,B,B,0,2,2,2,"Asthma || Pulmonary Disease, Chronic Obstructive",EUR,MID,5,chr5,131409483,131411859,131409482,131309483,131511859,131309482,100000,+,ENSG00000164400.4,protein_coding,CSF2,exact_gene_name,GENCODE v19,MATCHED,single_multianalysis_bgzf,s3://pan-ukb-us-east-1/sumstats_flat_files/continuous-3063-both_sexes-irnt.tsv.bgz,s3://pan-ukb-us-east-1/sumstats_flat_files_tabix/continuous-3063-both_sexes-irnt.tsv.bgz.tbi,s3://pan-ukb-us-east-1/sumstats_flat_files/continuous-3063-both_sexes-irnt.tsv.bgz,s3://pan-ukb-us-east-1/sumstats_flat_files_tabix/continuous-3063-both_sexes-irnt.tsv.bgz.tbi,MID,TO_VALIDATE_IN_15B2,MATCHED_TRAIT_CATALOG,True,True,True,True,True,
cmp_f9d2192b41cbfa08,gt_688797756517cedf,EPHX2,Pan-UKB,Pan-UKB::continuous|3063|both_sexes||irnt,Forced expiratory volume in 1-second (FEV1),continuous|3063|both_sexes||irnt,GRCh37,fev1,SENSITIVITY,Closely related phenotype,Closely related phenotype,False,False,B,B,0,1,1,1,"Pulmonary Disease, Chronic Obstructive",EUR,AFR,8,chr8,27348296,27403081,27348295,27248296,27503081,27248295,100000,+,ENSG00000120915.9,protein_coding,EPHX2,exact_gene_name,GENCODE v19,MATCHED,single_multianalysis_bgzf,s3://pan-ukb-us-east-1/sumstats_flat_files/continuous-3063-both_sexes-irnt.tsv.bgz,s3://pan-ukb-us-east-1/sumstats_flat_files_tabix/continuous-3063-both_sexes-irnt.tsv.bgz.tbi,s3://pan-ukb-us-east-1/sumstats_flat_files/continuous-3063-both_sexes-irnt.tsv.bgz,s3://pan-ukb-us-east-1/sumstats_flat_files_tabix/continuous-3063-both_sexes-irnt.tsv.bgz.tbi,AFR,TO_VALIDATE_IN_15B2,MATCHED_TRAIT_CATALOG,True,True,True,True,True,
cmp_bb06079e442d7f6e,gt_688797756517cedf,EPHX2,Pan-UKB,Pan-UKB::continuous|3063|both_sexes||irnt,Forced expiratory volume in 1-second (FEV1),continuous|3063|both_sexes||irnt,GRCh37,fev1,SENSITIVITY,Closely related phenotype,Closely related phenotype,False,False,B,B,0,1,1,1,"Pulmonary Disease, Chronic Obstructive",EUR,CSA,8,chr8,27348296,27403081,27348295,27248296,27503081,27248295,100000,+,ENSG00000120915.9,protein_coding,EPHX2,exact_gene_name,GENCODE v19,MATCHED,single_multianalysis_bgzf,s3://pan-ukb-us-east-1/sumstats_flat_files/continuous-3063-both_sexes-irnt.tsv.bgz,s3://pan-ukb-us-east-1/sumstats_flat_files_tabix/continuous-3063-both_sexes-irnt.tsv.bgz.tbi,s3://pan-ukb-us-east-1/sumstats_flat_files/continuous-3063-both_sexes-irnt.tsv.bgz,s3://pan-ukb-us-east-1/sumstats_flat_files_tabix/continuous-3063-both_sexes-irnt.tsv.bgz.tbi,CSA,TO_VALIDATE_IN_15B2,MATCHED_TRAIT_CATALOG,True,True,True,True,True,
cmp_66801d1b2f6bd126,gt_688797756517cedf,EPHX2,Pan-UKB,Pan-UKB::continuous|3063|both_sexes||irnt,Forced expiratory volume in 1-second (FEV1),continuous|3063|both_sexes||irnt,GRCh37,fev1,SENSITIVITY,Closely related phenotype,Closely related phenotype,False,False,B,B,0,1,1,1,"Pulmonary Disease, Chronic Obstructive",EUR,MID,8,chr8,27348296,27403081,27348295,27248296,27503081,27248295,100000,+,ENSG00000120915.9,protein_coding,EPHX2,exact_gene_name,GENCODE v19,MATCHED,single_multianalysis_bgzf,s3://pan-ukb-us-east-1/sumstats_flat_files/continuous-3063-both_sexes-irnt.tsv.bgz,s3://pan-ukb-us-east-1/sumstats_flat_files_tabix/continuous-3063-both_sexes-irnt.tsv.bgz.tbi,s3://pan-ukb-us-east-1/sumstats_flat_files/continuous-3063-both_sexes-irnt.tsv.bgz,s3://pan-ukb-us-east-1/sumstats_flat_files_tabix/continuous-3063-both_sexes-irnt.tsv.bgz.tbi,MID,TO_VALIDATE_IN_15B2,MATCHED_TRAIT_CATALOG,True,True,True,True,True,
cmp_e11edd02c2e2ee77,gt_013512b566d19bdd,FGFR3,Pan-UKB,Pan-UKB::continuous|3063|both_sexes||irnt,Forced expiratory volume in 1-second (FEV1),continuous|3063|both_sexes||irnt,GRCh37,fev1,SENSITIVITY,Proxy biomarker,Proxy biomarker,False,False,B,B,0,1,1,1,Asthma,EUR,AFR,4,chr4,1795034,1810599,1795033,1695034,1910599,1695033,100000,+,ENSG00000068078.13,protein_coding,FGFR3,exact_gene_name,GENCODE v19,MATCHED,single_multianalysis_bgzf,s3://pan-ukb-us-east-1/sumstats_flat_files/continuous-3063-both_sexes-irnt.tsv.bgz,s3://pan-ukb-us-east-1/sumstats_flat_files_tabix/continuous-3063-both_sexes-irnt.tsv.bgz.tbi,s3://pan-ukb-us-east-1/sumstats_flat_files/continuous-3063-both_sexes-irnt.tsv.bgz,s3://pan-ukb-us-east-1/sumstats_flat_files_tabix/continuous-3063-both_sexes-irnt.tsv.bgz.tbi,AFR,TO_VALIDATE_IN_15B2,MATCHED_TRAIT_CATALOG,True,True,True,True,True,
cmp_f5c59cf9d9fbd247,gt_013512b566d19bdd,FGFR3,Pan-UKB,Pan-UKB::continuous|3063|both_sexes||irnt,Forced expiratory volume in 1-second (FEV1),continuous|3063|both_sexes||irnt,GRCh37,fev1,SENSITIVITY,Proxy biomarker,Proxy biomarker,False,False,B,B,0,1,1,1,Asthma,EUR,CSA,4,chr4,1795034,1810599,1795033,1695034,1910599,1695033,100000,+,ENSG00000068078.13,protein_coding,FGFR3,exact_gene_name,GENCODE v19,MATCHED,single_multianalysis_bgzf,s3://pan-ukb-us-east-1/sumstats_flat_files/continuous-3063-both_sexes-irnt.tsv.bgz,s3://pan-ukb-us-east-1/sumstats_flat_files_tabix/continuous-3063-both_sexes-irnt.tsv.bgz.tbi,s3://pan-ukb-us-east-1/sumstats_flat_files/continuous-3063-both_sexes-irnt.tsv.bgz,s3://pan-ukb-us-east-1/sumstats_flat_files_tabix/continuous-3063-both_sexes-irnt.tsv.bgz.tbi,CSA,TO_VALIDATE_IN_15B2,MATCHED_TRAIT_CATALOG,True,True,True,True,True,
cmp_cf5ccf4ec6fdbebc,gt_013512b566d19bdd,FGFR3,Pan-UKB,Pan-UKB::continuous|3063|both_sexes||irnt,Forced expiratory volume in 1-second (FEV1),continuous|3063|both_sexes||irnt,GRCh37,fev1,SENSITIVITY,Proxy biomarker,Proxy biomarker,False,False,B,B,0,1,1,1,Asthma,EUR,MID,4,chr4,1795034,1810599,1795033,1695034,1910599,1695033,100000,+,ENSG00000068078.13,protein_coding,FGFR3,exact_gene_name,GENCODE v19,MATCHED,single_multianalysis_bgzf,s3://pan-ukb-us-east-1/sumstats_flat_files/continuous-3063-both_sexes-irnt.tsv.bgz,s3://pan-ukb-us-east-1/sumstats_flat_files_tabix/continuous-3063-both_sexes-irnt.tsv.bgz.tbi,s3://pan-ukb-us-east-1/sumstats_flat_files/continuous-3063-both_sexes-irnt.tsv.bgz,s3://pan-ukb-us-east-1/sumstats_flat_files_tabix/continuous-3063-both_sexes-irnt.tsv.bgz.tbi,MID,TO_VALIDATE_IN_15B2,MATCHED_TRAIT_CATALOG,True,True,True,True,True,
cmp_a41f6c54e55a9b8a,gt_156175cb277f8eb1,GATA3,Pan-UKB,Pan-UKB::continuous|3063|both_sexes||irnt,Forced expiratory volume in 1-second (FEV1),continuous|3063|both_sexes||irnt,GRCh37,fev1,SENSITIVITY,Closely related phenotype,Closely related phenotype || Proxy biomarker,False,False,B,B,0,2,2,2,"Asthma || Pulmonary Disease, Chronic Obstructive",EUR,AFR,10,chr10,8095567,8117161,8095566,7995567,8217161,7995566,100000,+,ENSG00000107485.11,protein_coding,GATA3,exact_gene_name,GENCODE v19,MATCHED,single_multianalysis_bgzf,s3://pan-ukb-us-east-1/sumstats_flat_files/continuous-3063-both_sexes-irnt.tsv.bgz,s3://pan-ukb-us-east-1/sumstats_flat_files_tabix/continuous-3063-both_sexes-irnt.tsv.bgz.tbi,s3://pan-ukb-us-east-1/sumstats_flat_files/continuous-3063-both_sexes-irnt.tsv.bgz,s3://pan-ukb-us-east-1/sumstats_flat_files_tabix/continuous-3063-both_sexes-irnt.tsv.bgz.tbi,AFR,TO_VALIDATE_IN_15B2,MATCHED_TRAIT_CATALOG,True,True,True,True,True,
cmp_1b1956d2f98016e5,gt_156175cb277f8eb1,GATA3,Pan-UKB,Pan-UKB::continuous|3063|both_sexes||irnt,Forced expiratory volume in 1-second (FEV1),continuous|3063|both_sexes||irnt,GRCh37,fev1,SENSITIVITY,Closely related phenotype,Closely related phenotype || Proxy biomarker,False,False,B,B,0,2,2,2,"Asthma || Pulmonary Disease, Chronic Obstructive",EUR,CSA,10,chr10,8095567,8117161,8095566,7995567,8217161,7995566,100000,+,ENSG00000107485.11,protein_coding,GATA3,exact_gene_name,GENCODE v19,MATCHED,single_multianalysis_bgzf,s3://pan-ukb-us-east-1/sumstats_flat_files/continuous-3063-both_sexes-irnt.tsv.bgz,s3://pan-ukb-us-east-1/sumstats_flat_files_tabix/continuous-3063-both_sexes-irnt.tsv.bgz.tbi,s3://pan-ukb-us-east-1/sumstats_flat_files/continuous-3063-both_sexes-irnt.tsv.bgz,s3://pan-ukb-us-east-1/sumstats_flat_files_tabix/continuous-3063-both_sexes-irnt.tsv.bgz.tbi,CSA,TO_VALIDATE_IN_15B2,MATCHED_TRAIT_CATALOG,True,True,True,True,True,
cmp_d1bc8e9656bafef3,gt_156175cb277f8eb1,GATA3,Pan-UKB,Pan-UKB::continuous|3063|both_sexes||irnt,Forced expiratory volume in 1-second (FEV1),continuous|3063|both_sexes||irnt,GRCh37,fev1,SENSITIVITY,Closely related phenotype,Closely related phenotype || Proxy biomarker,False,False,B,B,0,2,2,2,"Asthma || Pulmonary Disease, Chronic Obstructive",EUR,MID,10,chr10,8095567,8117161,8095566,7995567,8217161,7995566,100000,+,ENSG00000107485.11,protein_coding,GATA3,exact_gene_name,GENCODE v19,MATCHED,single_multianalysis_bgzf,s3://pan-ukb-us-east-1/sumstats_flat_files/continuous-3063-both_sexes-irnt.tsv.bgz,s3://pan-ukb-us-east-1/sumstats_flat_files_tabix/continuous-3063-both_sexes-irnt.tsv.bgz.tbi,s3://pan-ukb-us-east-1/sumstats_flat_files/continuous-3063-both_sexes-irnt.tsv.bgz,s3://pan-ukb-us-east-1/sumstats_flat_files_tabix/continuous-3063-both_sexes-irnt.tsv.bgz.tbi,MID,TO_VALIDATE_IN_15B2,MATCHED_TRAIT_CATALOG,True,True,True,True,True,
cmp_2cc1d4e822d20c6f,gt_cb34eb2d840eca86,HCRTR1,Pan-UKB,Pan-UKB::continuous|3063|both_sexes||irnt,Forced expiratory volume in 1-second (FEV1),continuous|3063|both_sexes||irnt,GRCh37,fev1,SENSITIVITY,Closely related phenotype,Closely related phenotype,False,False,B,B,0,1,1,1,"Pulmonary Disease, Chronic Obstructive",EUR,AFR,1,chr1,32083287,32098119,32083286,31983287,32198119,31983286,100000,+,ENSG00000121764.7,protein_coding,HCRTR1,exact_gene_name,GENCODE v19,MATCHED,single_multianalysis_bgzf,s3://pan-ukb-us-east-1/sumstats_flat_files/continuous-3063-both_sexes-irnt.tsv.bgz,s3://pan-ukb-us-east-1/sumstats_flat_files_tabix/continuous-3063-both_sexes-irnt.tsv.bgz.tbi,s3://pan-ukb-us-east-1/sumstats_flat_files/continuous-3063-both_sexes-irnt.tsv.bgz,s3://pan-ukb-us-east-1/sumstats_flat_files_tabix/continuous-3063-both_sexes-irnt.tsv.bgz.tbi,AFR,TO_VALIDATE_IN_15B2,MATCHED_TRAIT_CATALOG,True,True,True,True,True,
cmp_f1dff0b7dda5ac4c,gt_cb34eb2d840eca86,HCRTR1,Pan-UKB,Pan-UKB::continuous|3063|both_sexes||irnt,Forced expiratory volume in 1-second (FEV1),continuous|3063|both_sexes||irnt,GRCh37,fev1,SENSITIVITY,Closely related phenotype,Closely related phenotype,False,False,B,B,0,1,1,1,"Pulmonary Disease, Chronic Obstructive",EUR,CSA,1,chr1,32083287,32098119,32083286,31983287,32198119,31983286,100000,+,ENSG00000121764.7,protein_coding,HCRTR1,exact_gene_name,GENCODE v19,MATCHED,single_multianalysis_bgzf,s3://pan-ukb-us-east-1/sumstats_flat_files/continuous-3063-both_sexes-irnt.tsv.bgz,s3://pan-ukb-us-east-1/sumstats_flat_files_tabix/continuous-3063-both_sexes-irnt.tsv.bgz.tbi,s3://pan-ukb-us-east-1/sumstats_flat_files/continuous-3063-both_sexes-irnt.tsv.bgz,s3://pan-ukb-us-east-1/sumstats_flat_files_tabix/continuous-3063-both_sexes-irnt.tsv.bgz.tbi,CSA,TO_VALIDATE_IN_15B2,MATCHED_TRAIT_CATALOG,True,True,True,True,True,
cmp_a87847dc5b610f14,gt_cb34eb2d840eca86,HCRTR1,Pan-UKB,Pan-UKB::continuous|3063|both_sexes||irnt,Forced expiratory volume in 1-second (FEV1),continuous|3063|both_sexes||irnt,GRCh37,fev1,SENSITIVITY,Closely related phenotype,Closely related phenotype,False,False,B,B,0,1,1,1,"Pulmonary Disease, Chronic Obstructive",EUR,MID,1,chr1,32083287,32098119,32083286,31983287,32198119,31983286,100000,+,ENSG00000121764.7,protein_coding,HCRTR1,exact_gene_name,GENCODE v19,MATCHED,single_multianalysis_bgzf,s3://pan-ukb-us-east-1/sumstats_flat_files/continuous-3063-both_sexes-irnt.tsv.bgz,s3://pan-ukb-us-east-1/sumstats_flat_files_tabix/continuous-3063-both_sexes-irnt.tsv.bgz.tbi,s3://pan-ukb-us-east-1/sumstats_flat_files/continuous-3063-both_sexes-irnt.tsv.bgz,s3://pan-ukb-us-east-1/sumstats_flat_files_tabix/continuous-3063-both_sexes-irnt.tsv.bgz.tbi,MID,TO_VALIDATE_IN_15B2,MATCHED_TRAIT_CATALOG,True,True,True,True,True,
cmp_11af20aa9755f060,gt_a146c9afef699a4a,HRH4,Pan-UKB,Pan-UKB::continuous|3063|both_sexes||irnt,Forced expiratory volume in 1-second (FEV1),continuous|3063|both_sexes||irnt,GRCh37,fev1,SENSITIVITY,Closely related phenotype,Closely related phenotype || Proxy biomarker,False,False,B,B,0,2,2,2,"Asthma || Pulmonary Disease, Chronic Obstructive",EUR,AFR,18,chr18,22040593,22059921,22040592,21940593,22159921,21940592,100000,+,ENSG00000134489.6,protein_coding,HRH4,exact_gene_name,GENCODE v19,MATCHED,single_multianalysis_bgzf,s3://pan-ukb-us-east-1/sumstats_flat_files/continuous-3063-both_sexes-irnt.tsv.bgz,s3://pan-ukb-us-east-1/sumstats_flat_files_tabix/continuous-3063-both_sexes-irnt.tsv.bgz.tbi,s3://pan-ukb-us-east-1/sumstats_flat_files/continuous-3063-both_sexes-irnt.tsv.bgz,s3://pan-ukb-us-east-1/sumstats_flat_files_tabix/continuous-3063-both_sexes-irnt.tsv.bgz.tbi,AFR,TO_VALIDATE_IN_15B2,MATCHED_TRAIT_CATALOG,True,True,True,True,True,
cmp_83e0d1b8cbc8cb7e,gt_a146c9afef699a4a,HRH4,Pan-UKB,Pan-UKB::continuous|3063|both_sexes||irnt,Forced expiratory volume in 1-second (FEV1),continuous|3063|both_sexes||irnt,GRCh37,fev1,SENSITIVITY,Closely related phenotype,Closely related phenotype || Proxy biomarker,False,False,B,B,0,2,2,2,"Asthma || Pulmonary Disease, Chronic Obstructive",EUR,CSA,18,chr18,22040593,22059921,22040592,21940593,22159921,21940592,100000,+,ENSG00000134489.6,protein_coding,HRH4,exact_gene_name,GENCODE v19,MATCHED,single_multianalysis_bgzf,s3://pan-ukb-us-east-1/sumstats_flat_files/continuous-3063-both_sexes-irnt.tsv.bgz,s3://pan-ukb-us-east-1/sumstats_flat_files_tabix/continuous-3063-both_sexes-irnt.tsv.bgz.tbi,s3://pan-ukb-us-east-1/sumstats_flat_files/continuous-3063-both_sexes-irnt.tsv.bgz,s3://pan-ukb-us-east-1/sumstats_flat_files_tabix/continuous-3063-both_sexes-irnt.tsv.bgz.tbi,CSA,TO_VALIDATE_IN_15B2,MATCHED_TRAIT_CATALOG,True,True,True,True,True,
cmp_3fe993aff25a4de8,gt_a146c9afef699a4a,HRH4,Pan-UKB,Pan-UKB::continuous|3063|both_sexes||irnt,Forced expiratory volume in 1-second (FEV1),continuous|3063|both_sexes||irnt,GRCh37,fev1,SENSITIVITY,Closely related phenotype,Closely related phenotype || Proxy biomarker,False,False,B,B,0,2,2,2,"Asthma || Pulmonary Disease, Chronic Obstructive",EUR,MID,18,chr18,22040593,22059921,22040592,21940593,22159921,21940592,100000,+,ENSG00000134489.6,protein_coding,HRH4,exact_gene_name,GENCODE v19,MATCHED,single_multianalysis_bgzf,s3://pan-ukb-us-east-1/sumstats_flat_files/continuous-3063-both_sexes-irnt.tsv.bgz,s3://pan-ukb-us-east-1/sumstats_flat_files_tabix/continuous-3063-both_sexes-irnt.tsv.bgz.tbi,s3://pan-ukb-us-east-1/sumstats_flat_files/continuous-3063-both_sexes-irnt.tsv.bgz,s3://pan-ukb-us-east-1/sumstats_flat_files_tabix/continuous-3063-both_sexes-irnt.tsv.bgz.tbi,MID,TO_VALIDATE_IN_15B2,MATCHED_TRAIT_CATALOG,True,True,True,True,True,
cmp_250be8efbb5012d2,gt_f39647351d388081,IL13,Pan-UKB,Pan-UKB::continuous|3063|both_sexes||irnt,Forced expiratory volume in 1-second (FEV1),continuous|3063|both_sexes||irnt,GRCh37,fev1,SENSITIVITY,Closely related phenotype,Closely related phenotype || Proxy biomarker,False,False,B,B,0,2,2,2,"Asthma || Pulmonary Disease, Chronic Obstructive",EUR,AFR,5,chr5,131991955,131996802,131991954,131891955,132096802,131891954,100000,+,ENSG00000169194.5,protein_coding,IL13,exact_gene_name,GENCODE v19,MATCHED,single_multianalysis_bgzf,s3://pan-ukb-us-east-1/sumstats_flat_files/continuous-3063-both_sexes-irnt.tsv.bgz,s3://pan-ukb-us-east-1/sumstats_flat_files_tabix/continuous-3063-both_sexes-irnt.tsv.bgz.tbi,s3://pan-ukb-us-east-1/sumstats_flat_files/continuous-3063-both_sexes-irnt.tsv.bgz,s3://pan-ukb-us-east-1/sumstats_flat_files_tabix/continuous-3063-both_sexes-irnt.tsv.bgz.tbi,AFR,TO_VALIDATE_IN_15B2,MATCHED_TRAIT_CATALOG,True,True,True,True,True,
cmp_a2c98a6a74af3cbe,gt_f39647351d388081,IL13,Pan-UKB,Pan-UKB::continuous|3063|both_sexes||irnt,Forced expiratory volume in 1-second (FEV1),continuous|3063|both_sexes||irnt,GRCh37,fev1,SENSITIVITY,Closely related phenotype,Closely related phenotype || Proxy biomarker,False,False,B,B,0,2,2,2,"Asthma || Pulmonary Disease, Chronic Obstructive",EUR,CSA,5,chr5,131991955,131996802,131991954,131891955,132096802,131891954,100000,+,ENSG00000169194.5,protein_coding,IL13,exact_gene_name,GENCODE v19,MATCHED,single_multianalysis_bgzf,s3://pan-ukb-us-east-1/sumstats_flat_files/continuous-3063-both_sexes-irnt.tsv.bgz,s3://pan-ukb-us-east-1/sumstats_flat_files_tabix/continuous-3063-both_sexes-irnt.tsv.bgz.tbi,s3://pan-ukb-us-east-1/sumstats_flat_files/continuous-3063-both_sexes-irnt.tsv.bgz,s3://pan-ukb-us-east-1/sumstats_flat_files_tabix/continuous-3063-both_sexes-irnt.tsv.bgz.tbi,CSA,TO_VALIDATE_IN_15B2,MATCHED_TRAIT_CATALOG,True,True,True,True,True,
cmp_ac14441385e7764c,gt_f39647351d388081,IL13,Pan-UKB,Pan-UKB::continuous|3063|both_sexes||irnt,Forced expiratory volume in 1-second (FEV1),continuous|3063|both_sexes||irnt,GRCh37,fev1,SENSITIVITY,Closely related phenotype,Closely related phenotype || Proxy biomarker,False,False,B,B,0,2,2,2,"Asthma || Pulmonary Disease, Chronic Obstructive",EUR,MID,5,chr5,131991955,131996802,131991954,131891955,132096802,131891954,100000,+,ENSG00000169194.5,protein_coding,IL13,exact_gene_name,GENCODE v19,MATCHED,single_multianalysis_bgzf,s3://pan-ukb-us-east-1/sumstats_flat_files/continuous-3063-both_sexes-irnt.tsv.bgz,s3://pan-ukb-us-east-1/sumstats_flat_files_tabix/continuous-3063-both_sexes-irnt.tsv.bgz.tbi,s3://pan-ukb-us-east-1/sumstats_flat_files/continuous-3063-both_sexes-irnt.tsv.bgz,s3://pan-ukb-us-east-1/sumstats_flat_files_tabix/continuous-3063-both_sexes-irnt.tsv.bgz.tbi,MID,TO_VALIDATE_IN_15B2,MATCHED_TRAIT_CATALOG,True,True,True,True,True,
cmp_06f8f38b37223b61,gt_a9888937e4480c97,IL17RB,Pan-UKB,Pan-UKB::continuous|3063|both_sexes||irnt,Forced expiratory volume in 1-second (FEV1),continuous|3063|both_sexes||irnt,GRCh37,fev1,SENSITIVITY,Proxy biomarker,Proxy biomarker,False,False,B,B,0,1,1,1,Asthma,EUR,AFR,3,chr3,53880607,53899827,53880606,53780607,53999827,53780606,100000,+,ENSG00000056736.5,protein_coding,IL17RB,exact_gene_name,GENCODE v19,MATCHED,single_multianalysis_bgzf,s3://pan-ukb-us-east-1/sumstats_flat_files/continuous-3063-both_sexes-irnt.tsv.bgz,s3://pan-ukb-us-east-1/sumstats_flat_files_tabix/continuous-3063-both_sexes-irnt.tsv.bgz.tbi,s3://pan-ukb-us-east-1/sumstats_flat_files/continuous-3063-both_sexes-irnt.tsv.bgz,s3://pan-ukb-us-east-1/sumstats_flat_files_tabix/continuous-3063-both_sexes-irnt.tsv.bgz.tbi,AFR,TO_VALIDATE_IN_15B2,MATCHED_TRAIT_CATALOG,True,True,True,True,True,
cmp_973e71f8c3c3cdfd,gt_a9888937e4480c97,IL17RB,Pan-UKB,Pan-UKB::continuous|3063|both_sexes||irnt,Forced expiratory volume in 1-second (FEV1),continuous|3063|both_sexes||irnt,GRCh37,fev1,SENSITIVITY,Proxy biomarker,Proxy biomarker,False,False,B,B,0,1,1,1,Asthma,EUR,CSA,3,chr3,53880607,53899827,53880606,53780607,53999827,53780606,100000,+,ENSG00000056736.5,protein_coding,IL17RB,exact_gene_name,GENCODE v19,MATCHED,single_multianalysis_bgzf,s3://pan-ukb-us-east-1/sumstats_flat_files/continuous-3063-both_sexes-irnt.tsv.bgz,s3://pan-ukb-us-east-1/sumstats_flat_files_tabix/continuous-3063-both_sexes-irnt.tsv.bgz.tbi,s3://pan-ukb-us-east-1/sumstats_flat_files/continuous-3063-both_sexes-irnt.tsv.bgz,s3://pan-ukb-us-east-1/sumstats_flat_files_tabix/continuous-3063-both_sexes-irnt.tsv.bgz.tbi,CSA,TO_VALIDATE_IN_15B2,MATCHED_TRAIT_CATALOG,True,True,True,True,True,
cmp_c47cbc3c3d901fe6,gt_a9888937e4480c97,IL17RB,Pan-UKB,Pan-UKB::continuous|3063|both_sexes||irnt,Forced expiratory volume in 1-second (FEV1),continuous|3063|both_sexes||irnt,GRCh37,fev1,SENSITIVITY,Proxy biomarker,Proxy biomarker,False,False,B,B,0,1,1,1,Asthma,EUR,MID,3,chr3,53880607,53899827,53880606,53780607,53999827,53780606,100000,+,ENSG00000056736.5,protein_coding,IL17RB,exact_gene_name,GENCODE v19,MATCHED,single_multianalysis_bgzf,s3://pan-ukb-us-east-1/sumstats_flat_files/continuous-3063-both_sexes-irnt.tsv.bgz,s3://pan-ukb-us-east-1/sumstats_flat_files_tabix/continuous-3063-both_sexes-irnt.tsv.bgz.tbi,s3://pan-ukb-us-east-1/sumstats_flat_files/continuous-3063-both_sexes-irnt.tsv.bgz,s3://pan-ukb-us-east-1/sumstats_flat_files_tabix/continuous-3063-both_sexes-irnt.tsv.bgz.tbi,MID,TO_VALIDATE_IN_15B2,MATCHED_TRAIT_CATALOG,True,True,True,True,True,
cmp_23af644cf241f544,gt_5d68fa6326a39614,IL1R1,Pan-UKB,Pan-UKB::continuous|3063|both_sexes||irnt,Forced expiratory volume in 1-second (FEV1),continuous|3063|both_sexes||irnt,GRCh37,fev1,SENSITIVITY,Closely related phenotype,Closely related phenotype,False,False,B,B,0,1,1,1,"Pulmonary Disease, Chronic Obstructive",EUR,AFR,2,chr2,102681004,102796334,102681003,102581004,102896334,102581003,100000,+,ENSG00000115594.7,protein_coding,IL1R1,exact_gene_name,GENCODE v19,MATCHED,single_multianalysis_bgzf,s3://pan-ukb-us-east-1/sumstats_flat_files/continuous-3063-both_sexes-irnt.tsv.bgz,s3://pan-ukb-us-east-1/sumstats_flat_files_tabix/continuous-3063-both_sexes-irnt.tsv.bgz.tbi,s3://pan-ukb-us-east-1/sumstats_flat_files/continuous-3063-both_sexes-irnt.tsv.bgz,s3://pan-ukb-us-east-1/sumstats_flat_files_tabix/continuous-3063-both_sexes-irnt.tsv.bgz.tbi,AFR,TO_VALIDATE_IN_15B2,MATCHED_TRAIT_CATALOG,True,True,True,True,True,
cmp_ab3f2226f0627243,gt_5d68fa6326a39614,IL1R1,Pan-UKB,Pan-UKB::continuous|3063|both_sexes||irnt,Forced expiratory volume in 1-second (FEV1),continuous|3063|both_sexes||irnt,GRCh37,fev1,SENSITIVITY,Closely related phenotype,Closely related phenotype,False,False,B,B,0,1,1,1,"Pulmonary Disease, Chronic Obstructive",EUR,CSA,2,chr2,102681004,102796334,102681003,102581004,102896334,102581003,100000,+,ENSG00000115594.7,protein_coding,IL1R1,exact_gene_name,GENCODE v19,MATCHED,single_multianalysis_bgzf,s3://pan-ukb-us-east-1/sumstats_flat_files/continuous-3063-both_sexes-irnt.tsv.bgz,s3://pan-ukb-us-east-1/sumstats_flat_files_tabix/continuous-3063-both_sexes-irnt.tsv.bgz.tbi,s3://pan-ukb-us-east-1/sumstats_flat_files/continuous-3063-both_sexes-irnt.tsv.bgz,s3://pan-ukb-us-east-1/sumstats_flat_files_tabix/continuous-3063-both_sexes-irnt.tsv.bgz.tbi,CSA,TO_VALIDATE_IN_15B2,MATCHED_TRAIT_CATALOG,True,True,True,True,True,
cmp_fc99fe3bd099935a,gt_5d68fa6326a39614,IL1R1,Pan-UKB,Pan-UKB::continuous|3063|both_sexes||irnt,Forced expiratory volume in 1-second (FEV1),continuous|3063|both_sexes||irnt,GRCh37,fev1,SENSITIVITY,Closely related phenotype,Closely related phenotype,False,False,B,B,0,1,1,1,"Pulmonary Disease, Chronic Obstructive",EUR,MID,2,chr2,102681004,102796334,102681003,102581004,102896334,102581003,100000,+,ENSG00000115594.7,protein_coding,IL1R1,exact_gene_name,GENCODE v19,MATCHED,single_multianalysis_bgzf,s3://pan-ukb-us-east-1/sumstats_flat_files/continuous-3063-both_sexes-irnt.tsv.bgz,s3://pan-ukb-us-east-1/sumstats_flat_files_tabix/continuous-3063-both_sexes-irnt.tsv.bgz.tbi,s3://pan-ukb-us-east-1/sumstats_flat_files/continuous-3063-both_sexes-irnt.tsv.bgz,s3://pan-ukb-us-east-1/sumstats_flat_files_tabix/continuous-3063-both_sexes-irnt.tsv.bgz.tbi,MID,TO_VALIDATE_IN_15B2,MATCHED_TRAIT_CATALOG,True,True,True,True,True,
cmp_60286ede1ad1a631,gt_16bad9e5717c24d3,IL1RL1,Pan-UKB,Pan-UKB::continuous|3063|both_sexes||irnt,Forced expiratory volume in 1-second (FEV1),continuous|3063|both_sexes||irnt,GRCh37,fev1,SENSITIVITY,Closely related phenotype,Closely related phenotype || Proxy biomarker,False,False,B,B,0,2,2,2,"Asthma || Pulmonary Disease, Chronic Obstructive",EUR,AFR,2,chr2,102927962,102968497,102927961,102827962,103068497,102827961,100000,+,ENSG00000115602.12,protein_coding,IL1RL1,exact_gene_name,GENCODE v19,MATCHED,single_multianalysis_bgzf,s3://pan-ukb-us-east-1/sumstats_flat_files/continuous-3063-both_sexes-irnt.tsv.bgz,s3://pan-ukb-us-east-1/sumstats_flat_files_tabix/continuous-3063-both_sexes-irnt.tsv.bgz.tbi,s3://pan-ukb-us-east-1/sumstats_flat_files/continuous-3063-both_sexes-irnt.tsv.bgz,s3://pan-ukb-us-east-1/sumstats_flat_files_tabix/continuous-3063-both_sexes-irnt.tsv.bgz.tbi,AFR,TO_VALIDATE_IN_15B2,MATCHED_TRAIT_CATALOG,True,True,True,True,True,
cmp_7adb229aab6568cf,gt_16bad9e5717c24d3,IL1RL1,Pan-UKB,Pan-UKB::continuous|3063|both_sexes||irnt,Forced expiratory volume in 1-second (FEV1),continuous|3063|both_sexes||irnt,GRCh37,fev1,SENSITIVITY,Closely related phenotype,Closely related phenotype || Proxy biomarker,False,False,B,B,0,2,2,2,"Asthma || Pulmonary Disease, Chronic Obstructive",EUR,CSA,2,chr2,102927962,102968497,102927961,102827962,103068497,102827961,100000,+,ENSG00000115602.12,protein_coding,IL1RL1,exact_gene_name,GENCODE v19,MATCHED,single_multianalysis_bgzf,s3://pan-ukb-us-east-1/sumstats_flat_files/continuous-3063-both_sexes-irnt.tsv.bgz,s3://pan-ukb-us-east-1/sumstats_flat_files_tabix/continuous-3063-both_sexes-irnt.tsv.bgz.tbi,s3://pan-ukb-us-east-1/sumstats_flat_files/continuous-3063-both_sexes-irnt.tsv.bgz,s3://pan-ukb-us-east-1/sumstats_flat_files_tabix/continuous-3063-both_sexes-irnt.tsv.bgz.tbi,CSA,TO_VALIDATE_IN_15B2,MATCHED_TRAIT_CATALOG,True,True,True,True,True,
cmp_9ee816373e0a74bf,gt_16bad9e5717c24d3,IL1RL1,Pan-UKB,Pan-UKB::continuous|3063|both_sexes||irnt,Forced expiratory volume in 1-second (FEV1),continuous|3063|both_sexes||irnt,GRCh37,fev1,SENSITIVITY,Closely related phenotype,Closely related phenotype || Proxy biomarker,False,False,B,B,0,2,2,2,"Asthma || Pulmonary Disease, Chronic Obstructive",EUR,MID,2,chr2,102927962,102968497,102927961,102827962,103068497,102827961,100000,+,ENSG00000115602.12,protein_coding,IL1RL1,exact_gene_name,GENCODE v19,MATCHED,single_multianalysis_bgzf,s3://pan-ukb-us-east-1/sumstats_flat_files/continuous-3063-both_sexes-irnt.tsv.bgz,s3://pan-ukb-us-east-1/sumstats_flat_files_tabix/continuous-3063-both_sexes-irnt.tsv.bgz.tbi,s3://pan-ukb-us-east-1/sumstats_flat_files/continuous-3063-both_sexes-irnt.tsv.bgz,s3://pan-ukb-us-east-1/sumstats_flat_files_tabix/continuous-3063-both_sexes-irnt.tsv.bgz.tbi,MID,TO_VALIDATE_IN_15B2,MATCHED_TRAIT_CATALOG,True,True,True,True,True,
cmp_e414b118b7a47097,gt_4d0c1be02c7c96b1,IL3,Pan-UKB,Pan-UKB::continuous|3063|both_sexes||irnt,Forced expiratory volume in 1-second (FEV1),continuous|3063|both_sexes||irnt,GRCh37,fev1,SENSITIVITY,Proxy biomarker,Proxy biomarker,False,False,B,B,0,1,1,1,Asthma,EUR,AFR,5,chr5,131396222,131398897,131396221,131296222,131498897,131296221,100000,+,ENSG00000164399.4,protein_coding,IL3,exact_gene_name,GENCODE v19,MATCHED,single_multianalysis_bgzf,s3://pan-ukb-us-east-1/sumstats_flat_files/continuous-3063-both_sexes-irnt.tsv.bgz,s3://pan-ukb-us-east-1/sumstats_flat_files_tabix/continuous-3063-both_sexes-irnt.tsv.bgz.tbi,s3://pan-ukb-us-east-1/sumstats_flat_files/continuous-3063-both_sexes-irnt.tsv.bgz,s3://pan-ukb-us-east-1/sumstats_flat_files_tabix/continuous-3063-both_sexes-irnt.tsv.bgz.tbi,AFR,TO_VALIDATE_IN_15B2,MATCHED_TRAIT_CATALOG,True,True,True,True,True,
cmp_df4795186342c8ec,gt_4d0c1be02c7c96b1,IL3,Pan-UKB,Pan-UKB::continuous|3063|both_sexes||irnt,Forced expiratory volume in 1-second (FEV1),continuous|3063|both_sexes||irnt,GRCh37,fev1,SENSITIVITY,Proxy biomarker,Proxy biomarker,False,False,B,B,0,1,1,1,Asthma,EUR,CSA,5,chr5,131396222,131398897,131396221,131296222,131498897,131296221,100000,+,ENSG00000164399.4,protein_coding,IL3,exact_gene_name,GENCODE v19,MATCHED,single_multianalysis_bgzf,s3://pan-ukb-us-east-1/sumstats_flat_files/continuous-3063-both_sexes-irnt.tsv.bgz,s3://pan-ukb-us-east-1/sumstats_flat_files_tabix/continuous-3063-both_sexes-irnt.tsv.bgz.tbi,s3://pan-ukb-us-east-1/sumstats_flat_files/continuous-3063-both_sexes-irnt.tsv.bgz,s3://pan-ukb-us-east-1/sumstats_flat_files_tabix/continuous-3063-both_sexes-irnt.tsv.bgz.tbi,CSA,TO_VALIDATE_IN_15B2,MATCHED_TRAIT_CATALOG,True,True,True,True,True,
cmp_330d27328a9e623b,gt_4d0c1be02c7c96b1,IL3,Pan-UKB,Pan-UKB::continuous|3063|both_sexes||irnt,Forced expiratory volume in 1-second (FEV1),continuous|3063|both_sexes||irnt,GRCh37,fev1,SENSITIVITY,Proxy biomarker,Proxy biomarker,False,False,B,B,0,1,1,1,Asthma,EUR,MID,5,chr5,131396222,131398897,131396221,131296222,131498897,131296221,100000,+,ENSG00000164399.4,protein_coding,IL3,exact_gene_name,GENCODE v19,MATCHED,single_multianalysis_bgzf,s3://pan-ukb-us-east-1/sumstats_flat_files/continuous-3063-both_sexes-irnt.tsv.bgz,s3://pan-ukb-us-east-1/sumstats_flat_files_tabix/continuous-3063-both_sexes-irnt.tsv.bgz.tbi,s3://pan-ukb-us-east-1/sumstats_flat_files/continuous-3063-both_sexes-irnt.tsv.bgz,s3://pan-ukb-us-east-1/sumstats_flat_files_tabix/continuous-3063-both_sexes-irnt.tsv.bgz.tbi,MID,TO_VALIDATE_IN_15B2,MATCHED_TRAIT_CATALOG,True,True,True,True,True,
cmp_a97ca91de780967a,gt_7d25e615646c0be9,IL33,Pan-UKB,Pan-UKB::continuous|3063|both_sexes||irnt,Forced expiratory volume in 1-second (FEV1),continuous|3063|both_sexes||irnt,GRCh37,fev1,SENSITIVITY,Closely related phenotype,Closely related phenotype || Proxy biomarker,False,False,B,B,0,2,2,2,"Asthma || Pulmonary Disease, Chronic Obstructive",EUR,AFR,9,chr9,6215805,6257983,6215804,6115805,6357983,6115804,100000,+,ENSG00000137033.7,protein_coding,IL33,exact_gene_name,GENCODE v19,MATCHED,single_multianalysis_bgzf,s3://pan-ukb-us-east-1/sumstats_flat_files/continuous-3063-both_sexes-irnt.tsv.bgz,s3://pan-ukb-us-east-1/sumstats_flat_files_tabix/continuous-3063-both_sexes-irnt.tsv.bgz.tbi,s3://pan-ukb-us-east-1/sumstats_flat_files/continuous-3063-both_sexes-irnt.tsv.bgz,s3://pan-ukb-us-east-1/sumstats_flat_files_tabix/continuous-3063-both_sexes-irnt.tsv.bgz.tbi,AFR,TO_VALIDATE_IN_15B2,MATCHED_TRAIT_CATALOG,True,True,True,True,True,
cmp_f9c6ab101af844bd,gt_7d25e615646c0be9,IL33,Pan-UKB,Pan-UKB::continuous|3063|both_sexes||irnt,Forced expiratory volume in 1-second (FEV1),continuous|3063|both_sexes||irnt,GRCh37,fev1,SENSITIVITY,Closely related phenotype,Closely related phenotype || Proxy biomarker,False,False,B,B,0,2,2,2,"Asthma || Pulmonary Disease, Chronic Obstructive",EUR,CSA,9,chr9,6215805,6257983,6215804,6115805,6357983,6115804,100000,+,ENSG00000137033.7,protein_coding,IL33,exact_gene_name,GENCODE v19,MATCHED,single_multianalysis_bgzf,s3://pan-ukb-us-east-1/sumstats_flat_files/continuous-3063-both_sexes-irnt.tsv.bgz,s3://pan-ukb-us-east-1/sumstats_flat_files_tabix/continuous-3063-both_sexes-irnt.tsv.bgz.tbi,s3://pan-ukb-us-east-1/sumstats_flat_files/continuous-3063-both_sexes-irnt.tsv.bgz,s3://pan-ukb-us-east-1/sumstats_flat_files_tabix/continuous-3063-both_sexes-irnt.tsv.bgz.tbi,CSA,TO_VALIDATE_IN_15B2,MATCHED_TRAIT_CATALOG,True,True,True,True,True,
cmp_efdf3fefb0f269bd,gt_7d25e615646c0be9,IL33,Pan-UKB,Pan-UKB::continuous|3063|both_sexes||irnt,Forced expiratory volume in 1-second (FEV1),continuous|3063|both_sexes||irnt,GRCh37,fev1,SENSITIVITY,Closely related phenotype,Closely related phenotype || Proxy biomarker,False,False,B,B,0,2,2,2,"Asthma || Pulmonary Disease, Chronic Obstructive",EUR,MID,9,chr9,6215805,6257983,6215804,6115805,6357983,6115804,100000,+,ENSG00000137033.7,protein_coding,IL33,exact_gene_name,GENCODE v19,MATCHED,single_multianalysis_bgzf,s3://pan-ukb-us-east-1/sumstats_flat_files/continuous-3063-both_sexes-irnt.tsv.bgz,s3://pan-ukb-us-east-1/sumstats_flat_files_tabix/continuous-3063-both_sexes-irnt.tsv.bgz.tbi,s3://pan-ukb-us-east-1/sumstats_flat_files/continuous-3063-both_sexes-irnt.tsv.bgz,s3://pan-ukb-us-east-1/sumstats_flat_files_tabix/continuous-3063-both_sexes-irnt.tsv.bgz.tbi,MID,TO_VALIDATE_IN_15B2,MATCHED_TRAIT_CATALOG,True,True,True,True,True,
cmp_1de7d9f3ff40cdb6,gt_ecb0c0d407fda9fb,IL4R,Pan-UKB,Pan-UKB::continuous|3063|both_sexes||irnt,Forced expiratory volume in 1-second (FEV1),continuous|3063|both_sexes||irnt,GRCh37,fev1,SENSITIVITY,Closely related phenotype,Closely related phenotype || Proxy biomarker,True,False,A,"A,B",1,1,2,2,"Asthma || Pulmonary Disease, Chronic Obstructive",EUR,AFR,16,chr16,27324989,27376099,27324988,27224989,27476099,27224988,100000,+,ENSG00000077238.9,protein_coding,IL4R,exact_gene_name,GENCODE v19,MATCHED,single_multianalysis_bgzf,s3://pan-ukb-us-east-1/sumstats_flat_files/continuous-3063-both_sexes-irnt.tsv.bgz,s3://pan-ukb-us-east-1/sumstats_flat_files_tabix/continuous-3063-both_sexes-irnt.tsv.bgz.tbi,s3://pan-ukb-us-east-1/sumstats_flat_files/continuous-3063-both_sexes-irnt.tsv.bgz,s3://pan-ukb-us-east-1/sumstats_flat_files_tabix/continuous-3063-both_sexes-irnt.tsv.bgz.tbi,AFR,TO_VALIDATE_IN_15B2,MATCHED_TRAIT_CATALOG,True,True,True,True,True,
cmp_bc32b2cbd4161ce7,gt_ecb0c0d407fda9fb,IL4R,Pan-UKB,Pan-UKB::continuous|3063|both_sexes||irnt,Forced expiratory volume in 1-second (FEV1),continuous|3063|both_sexes||irnt,GRCh37,fev1,SENSITIVITY,Closely related phenotype,Closely related phenotype || Proxy biomarker,True,False,A,"A,B",1,1,2,2,"Asthma || Pulmonary Disease, Chronic Obstructive",EUR,CSA,16,chr16,27324989,27376099,27324988,27224989,27476099,27224988,100000,+,ENSG00000077238.9,protein_coding,IL4R,exact_gene_name,GENCODE v19,MATCHED,single_multianalysis_bgzf,s3://pan-ukb-us-east-1/sumstats_flat_files/continuous-3063-both_sexes-irnt.tsv.bgz,s3://pan-ukb-us-east-1/sumstats_flat_files_tabix/continuous-3063-both_sexes-irnt.tsv.bgz.tbi,s3://pan-ukb-us-east-1/sumstats_flat_files/continuous-3063-both_sexes-irnt.tsv.bgz,s3://pan-ukb-us-east-1/sumstats_flat_files_tabix/continuous-3063-both_sexes-irnt.tsv.bgz.tbi,CSA,TO_VALIDATE_IN_15B2,MATCHED_TRAIT_CATALOG,True,True,True,True,True,
cmp_1a41b38573a4d155,gt_ecb0c0d407fda9fb,IL4R,Pan-UKB,Pan-UKB::continuous|3063|both_sexes||irnt,Forced expiratory volume in 1-second (FEV1),continuous|3063|both_sexes||irnt,GRCh37,fev1,SENSITIVITY,Closely related phenotype,Closely related phenotype || Proxy biomarker,True,False,A,"A,B",1,1,2,2,"Asthma || Pulmonary Disease, Chronic Obstructive",EUR,MID,16,chr16,27324989,27376099,27324988,27224989,27476099,27224988,100000,+,ENSG00000077238.9,protein_coding,IL4R,exact_gene_name,GENCODE v19,MATCHED,single_multianalysis_bgzf,s3://pan-ukb-us-east-1/sumstats_flat_files/continuous-3063-both_sexes-irnt.tsv.bgz,s3://pan-ukb-us-east-1/sumstats_flat_files_tabix/continuous-3063-both_sexes-irnt.tsv.bgz.tbi,s3://pan-ukb-us-east-1/sumstats_flat_files/continuous-3063-both_sexes-irnt.tsv.bgz,s3://pan-ukb-us-east-1/sumstats_flat_files_tabix/continuous-3063-both_sexes-irnt.tsv.bgz.tbi,MID,TO_VALIDATE_IN_15B2,MATCHED_TRAIT_CATALOG,True,True,True,True,True,
cmp_bce7de3d3d689903,gt_bfd5545a5a2876bf,IL5,Pan-UKB,Pan-UKB::continuous|3063|both_sexes||irnt,Forced expiratory volume in 1-second (FEV1),continuous|3063|both_sexes||irnt,GRCh37,fev1,SENSITIVITY,Proxy biomarker,Proxy biomarker,False,False,B,B,0,1,1,1,Asthma,EUR,AFR,5,chr5,131877136,131892530,131877135,131777136,131992530,131777135,100000,-,ENSG00000113525.5,protein_coding,IL5,exact_gene_name,GENCODE v19,MATCHED,single_multianalysis_bgzf,s3://pan-ukb-us-east-1/sumstats_flat_files/continuous-3063-both_sexes-irnt.tsv.bgz,s3://pan-ukb-us-east-1/sumstats_flat_files_tabix/continuous-3063-both_sexes-irnt.tsv.bgz.tbi,s3://pan-ukb-us-east-1/sumstats_flat_files/continuous-3063-both_sexes-irnt.tsv.bgz,s3://pan-ukb-us-east-1/sumstats_flat_files_tabix/continuous-3063-both_sexes-irnt.tsv.bgz.tbi,AFR,TO_VALIDATE_IN_15B2,MATCHED_TRAIT_CATALOG,True,True,True,True,True,
cmp_332fec79312e401f,gt_bfd5545a5a2876bf,IL5,Pan-UKB,Pan-UKB::continuous|3063|both_sexes||irnt,Forced expiratory volume in 1-second (FEV1),continuous|3063|both_sexes||irnt,GRCh37,fev1,SENSITIVITY,Proxy biomarker,Proxy biomarker,False,False,B,B,0,1,1,1,Asthma,EUR,CSA,5,chr5,131877136,131892530,131877135,131777136,131992530,131777135,100000,-,ENSG00000113525.5,protein_coding,IL5,exact_gene_name,GENCODE v19,MATCHED,single_multianalysis_bgzf,s3://pan-ukb-us-east-1/sumstats_flat_files/continuous-3063-both_sexes-irnt.tsv.bgz,s3://pan-ukb-us-east-1/sumstats_flat_files_tabix/continuous-3063-both_sexes-irnt.tsv.bgz.tbi,s3://pan-ukb-us-east-1/sumstats_flat_files/continuous-3063-both_sexes-irnt.tsv.bgz,s3://pan-ukb-us-east-1/sumstats_flat_files_tabix/continuous-3063-both_sexes-irnt.tsv.bgz.tbi,CSA,TO_VALIDATE_IN_15B2,MATCHED_TRAIT_CATALOG,True,True,True,True,True,
cmp_20dc1885f80bc8b7,gt_bfd5545a5a2876bf,IL5,Pan-UKB,Pan-UKB::continuous|3063|both_sexes||irnt,Forced expiratory volume in 1-second (FEV1),continuous|3063|both_sexes||irnt,GRCh37,fev1,SENSITIVITY,Proxy biomarker,Proxy biomarker,False,False,B,B,0,1,1,1,Asthma,EUR,MID,5,chr5,131877136,131892530,131877135,131777136,131992530,131777135,100000,-,ENSG00000113525.5,protein_coding,IL5,exact_gene_name,GENCODE v19,MATCHED,single_multianalysis_bgzf,s3://pan-ukb-us-east-1/sumstats_flat_files/continuous-3063-both_sexes-irnt.tsv.bgz,s3://pan-ukb-us-east-1/sumstats_flat_files_tabix/continuous-3063-both_sexes-irnt.tsv.bgz.tbi,s3://pan-ukb-us-east-1/sumstats_flat_files/continuous-3063-both_sexes-irnt.tsv.bgz,s3://pan-ukb-us-east-1/sumstats_flat_files_tabix/continuous-3063-both_sexes-irnt.tsv.bgz.tbi,MID,TO_VALIDATE_IN_15B2,MATCHED_TRAIT_CATALOG,True,True,True,True,True,
cmp_368c6782f3a9ec3a,gt_f6175b0342fb5780,IL6,Pan-UKB,Pan-UKB::continuous|3063|both_sexes||irnt,Forced expiratory volume in 1-second (FEV1),continuous|3063|both_sexes||irnt,GRCh37,fev1,SENSITIVITY,Proxy biomarker,Proxy biomarker,False,False,B,B,0,1,1,1,Asthma,EUR,AFR,7,chr7,22765503,22771621,22765502,22665503,22871621,22665502,100000,+,ENSG00000136244.7,protein_coding,IL6,exact_gene_name,GENCODE v19,MATCHED,single_multianalysis_bgzf,s3://pan-ukb-us-east-1/sumstats_flat_files/continuous-3063-both_sexes-irnt.tsv.bgz,s3://pan-ukb-us-east-1/sumstats_flat_files_tabix/continuous-3063-both_sexes-irnt.tsv.bgz.tbi,s3://pan-ukb-us-east-1/sumstats_flat_files/continuous-3063-both_sexes-irnt.tsv.bgz,s3://pan-ukb-us-east-1/sumstats_flat_files_tabix/continuous-3063-both_sexes-irnt.tsv.bgz.tbi,AFR,TO_VALIDATE_IN_15B2,MATCHED_TRAIT_CATALOG,True,True,True,True,True,
cmp_4ada1c8c1f56c795,gt_f6175b0342fb5780,IL6,Pan-UKB,Pan-UKB::continuous|3063|both_sexes||irnt,Forced expiratory volume in 1-second (FEV1),continuous|3063|both_sexes||irnt,GRCh37,fev1,SENSITIVITY,Proxy biomarker,Proxy biomarker,False,False,B,B,0,1,1,1,Asthma,EUR,CSA,7,chr7,22765503,22771621,22765502,22665503,22871621,22665502,100000,+,ENSG00000136244.7,protein_coding,IL6,exact_gene_name,GENCODE v19,MATCHED,single_multianalysis_bgzf,s3://pan-ukb-us-east-1/sumstats_flat_files/continuous-3063-both_sexes-irnt.tsv.bgz,s3://pan-ukb-us-east-1/sumstats_flat_files_tabix/continuous-3063-both_sexes-irnt.tsv.bgz.tbi,s3://pan-ukb-us-east-1/sumstats_flat_files/continuous-3063-both_sexes-irnt.tsv.bgz,s3://pan-ukb-us-east-1/sumstats_flat_files_tabix/continuous-3063-both_sexes-irnt.tsv.bgz.tbi,CSA,TO_VALIDATE_IN_15B2,MATCHED_TRAIT_CATALOG,True,True,True,True,True,
cmp_21e380f8bd5bc6f7,gt_f6175b0342fb5780,IL6,Pan-UKB,Pan-UKB::continuous|3063|both_sexes||irnt,Forced expiratory volume in 1-second (FEV1),continuous|3063|both_sexes||irnt,GRCh37,fev1,SENSITIVITY,Proxy biomarker,Proxy biomarker,False,False,B,B,0,1,1,1,Asthma,EUR,MID,7,chr7,22765503,22771621,22765502,22665503,22871621,22665502,100000,+,ENSG00000136244.7,protein_coding,IL6,exact_gene_name,GENCODE v19,MATCHED,single_multianalysis_bgzf,s3://pan-ukb-us-east-1/sumstats_flat_files/continuous-3063-both_sexes-irnt.tsv.bgz,s3://pan-ukb-us-east-1/sumstats_flat_files_tabix/continuous-3063-both_sexes-irnt.tsv.bgz.tbi,s3://pan-ukb-us-east-1/sumstats_flat_files/continuous-3063-both_sexes-irnt.tsv.bgz,s3://pan-ukb-us-east-1/sumstats_flat_files_tabix/continuous-3063-both_sexes-irnt.tsv.bgz.tbi,MID,TO_VALIDATE_IN_15B2,MATCHED_TRAIT_CATALOG,True,True,True,True,True,
cmp_7897f8268eb26861,gt_b1ae3eb539c385dd,ITGB7,Pan-UKB,Pan-UKB::continuous|3063|both_sexes||irnt,Forced expiratory volume in 1-second (FEV1),continuous|3063|both_sexes||irnt,GRCh37,fev1,SENSITIVITY,Proxy biomarker,Proxy biomarker,False,False,B,B,0,1,1,1,Asthma,EUR,AFR,12,chr12,53585102,53601091,53585101,53485102,53701091,53485101,100000,-,ENSG00000139626.11,protein_coding,ITGB7,exact_gene_name,GENCODE v19,MATCHED,single_multianalysis_bgzf,s3://pan-ukb-us-east-1/sumstats_flat_files/continuous-3063-both_sexes-irnt.tsv.bgz,s3://pan-ukb-us-east-1/sumstats_flat_files_tabix/continuous-3063-both_sexes-irnt.tsv.bgz.tbi,s3://pan-ukb-us-east-1/sumstats_flat_files/continuous-3063-both_sexes-irnt.tsv.bgz,s3://pan-ukb-us-east-1/sumstats_flat_files_tabix/continuous-3063-both_sexes-irnt.tsv.bgz.tbi,AFR,TO_VALIDATE_IN_15B2,MATCHED_TRAIT_CATALOG,True,True,True,True,True,
cmp_5015a8e14ac22aca,gt_b1ae3eb539c385dd,ITGB7,Pan-UKB,Pan-UKB::continuous|3063|both_sexes||irnt,Forced expiratory volume in 1-second (FEV1),continuous|3063|both_sexes||irnt,GRCh37,fev1,SENSITIVITY,Proxy biomarker,Proxy biomarker,False,False,B,B,0,1,1,1,Asthma,EUR,CSA,12,chr12,53585102,53601091,53585101,53485102,53701091,53485101,100000,-,ENSG00000139626.11,protein_coding,ITGB7,exact_gene_name,GENCODE v19,MATCHED,single_multianalysis_bgzf,s3://pan-ukb-us-east-1/sumstats_flat_files/continuous-3063-both_sexes-irnt.tsv.bgz,s3://pan-ukb-us-east-1/sumstats_flat_files_tabix/continuous-3063-both_sexes-irnt.tsv.bgz.tbi,s3://pan-ukb-us-east-1/sumstats_flat_files/continuous-3063-both_sexes-irnt.tsv.bgz,s3://pan-ukb-us-east-1/sumstats_flat_files_tabix/continuous-3063-both_sexes-irnt.tsv.bgz.tbi,CSA,TO_VALIDATE_IN_15B2,MATCHED_TRAIT_CATALOG,True,True,True,True,True,
cmp_d5aeadfa9b9f254d,gt_b1ae3eb539c385dd,ITGB7,Pan-UKB,Pan-UKB::continuous|3063|both_sexes||irnt,Forced expiratory volume in 1-second (FEV1),continuous|3063|both_sexes||irnt,GRCh37,fev1,SENSITIVITY,Proxy biomarker,Proxy biomarker,False,False,B,B,0,1,1,1,Asthma,EUR,MID,12,chr12,53585102,53601091,53585101,53485102,53701091,53485101,100000,-,ENSG00000139626.11,protein_coding,ITGB7,exact_gene_name,GENCODE v19,MATCHED,single_multianalysis_bgzf,s3://pan-ukb-us-east-1/sumstats_flat_files/continuous-3063-both_sexes-irnt.tsv.bgz,s3://pan-ukb-us-east-1/sumstats_flat_files_tabix/continuous-3063-both_sexes-irnt.tsv.bgz.tbi,s3://pan-ukb-us-east-1/sumstats_flat_files/continuous-3063-both_sexes-irnt.tsv.bgz,s3://pan-ukb-us-east-1/sumstats_flat_files_tabix/continuous-3063-both_sexes-irnt.tsv.bgz.tbi,MID,TO_VALIDATE_IN_15B2,MATCHED_TRAIT_CATALOG,True,True,True,True,True,
cmp_aaeedfc7da4e573c,gt_7f724afe00ec49cb,KIT,Pan-UKB,Pan-UKB::continuous|3063|both_sexes||irnt,Forced expiratory volume in 1-second (FEV1),continuous|3063|both_sexes||irnt,GRCh37,fev1,SENSITIVITY,Proxy biomarker,Proxy biomarker,False,False,B,B,0,1,1,1,Asthma,EUR,AFR,4,chr4,55524085,55606881,55524084,55424085,55706881,55424084,100000,+,ENSG00000157404.11,protein_coding,KIT,exact_gene_name,GENCODE v19,MATCHED,single_multianalysis_bgzf,s3://pan-ukb-us-east-1/sumstats_flat_files/continuous-3063-both_sexes-irnt.tsv.bgz,s3://pan-ukb-us-east-1/sumstats_flat_files_tabix/continuous-3063-both_sexes-irnt.tsv.bgz.tbi,s3://pan-ukb-us-east-1/sumstats_flat_files/continuous-3063-both_sexes-irnt.tsv.bgz,s3://pan-ukb-us-east-1/sumstats_flat_files_tabix/continuous-3063-both_sexes-irnt.tsv.bgz.tbi,AFR,TO_VALIDATE_IN_15B2,MATCHED_TRAIT_CATALOG,True,True,True,True,True,
cmp_36f360319b92d8ad,gt_7f724afe00ec49cb,KIT,Pan-UKB,Pan-UKB::continuous|3063|both_sexes||irnt,Forced expiratory volume in 1-second (FEV1),continuous|3063|both_sexes||irnt,GRCh37,fev1,SENSITIVITY,Proxy biomarker,Proxy biomarker,False,False,B,B,0,1,1,1,Asthma,EUR,CSA,4,chr4,55524085,55606881,55524084,55424085,55706881,55424084,100000,+,ENSG00000157404.11,protein_coding,KIT,exact_gene_name,GENCODE v19,MATCHED,single_multianalysis_bgzf,s3://pan-ukb-us-east-1/sumstats_flat_files/continuous-3063-both_sexes-irnt.tsv.bgz,s3://pan-ukb-us-east-1/sumstats_flat_files_tabix/continuous-3063-both_sexes-irnt.tsv.bgz.tbi,s3://pan-ukb-us-east-1/sumstats_flat_files/continuous-3063-both_sexes-irnt.tsv.bgz,s3://pan-ukb-us-east-1/sumstats_flat_files_tabix/continuous-3063-both_sexes-irnt.tsv.bgz.tbi,CSA,TO_VALIDATE_IN_15B2,MATCHED_TRAIT_CATALOG,True,True,True,True,True,
cmp_2f7c84458df88773,gt_7f724afe00ec49cb,KIT,Pan-UKB,Pan-UKB::continuous|3063|both_sexes||irnt,Forced expiratory volume in 1-second (FEV1),continuous|3063|both_sexes||irnt,GRCh37,fev1,SENSITIVITY,Proxy biomarker,Proxy biomarker,False,False,B,B,0,1,1,1,Asthma,EUR,MID,4,chr4,55524085,55606881,55524084,55424085,55706881,55424084,100000,+,ENSG00000157404.11,protein_coding,KIT,exact_gene_name,GENCODE v19,MATCHED,single_multianalysis_bgzf,s3://pan-ukb-us-east-1/sumstats_flat_files/continuous-3063-both_sexes-irnt.tsv.bgz,s3://pan-ukb-us-east-1/sumstats_flat_files_tabix/continuous-3063-both_sexes-irnt.tsv.bgz.tbi,s3://pan-ukb-us-east-1/sumstats_flat_files/continuous-3063-both_sexes-irnt.tsv.bgz,s3://pan-ukb-us-east-1/sumstats_flat_files_tabix/continuous-3063-both_sexes-irnt.tsv.bgz.tbi,MID,TO_VALIDATE_IN_15B2,MATCHED_TRAIT_CATALOG,True,True,True,True,True,
cmp_aebcdb294aa53f74,gt_b13b0fea4588063b,MMP12,Pan-UKB,Pan-UKB::continuous|3063|both_sexes||irnt,Forced expiratory volume in 1-second (FEV1),continuous|3063|both_sexes||irnt,GRCh37,fev1,SENSITIVITY,Proxy biomarker,Proxy biomarker,False,False,B,B,0,1,1,1,Asthma,EUR,AFR,11,chr11,102733467,102745764,102733466,102633467,102845764,102633466,100000,-,ENSG00000110347.7,processed_transcript,MMP12,exact_gene_name,GENCODE v19,MATCHED,single_multianalysis_bgzf,s3://pan-ukb-us-east-1/sumstats_flat_files/continuous-3063-both_sexes-irnt.tsv.bgz,s3://pan-ukb-us-east-1/sumstats_flat_files_tabix/continuous-3063-both_sexes-irnt.tsv.bgz.tbi,s3://pan-ukb-us-east-1/sumstats_flat_files/continuous-3063-both_sexes-irnt.tsv.bgz,s3://pan-ukb-us-east-1/sumstats_flat_files_tabix/continuous-3063-both_sexes-irnt.tsv.bgz.tbi,AFR,TO_VALIDATE_IN_15B2,MATCHED_TRAIT_CATALOG,True,True,True,True,True,
cmp_0f11a62ccab57060,gt_b13b0fea4588063b,MMP12,Pan-UKB,Pan-UKB::continuous|3063|both_sexes||irnt,Forced expiratory volume in 1-second (FEV1),continuous|3063|both_sexes||irnt,GRCh37,fev1,SENSITIVITY,Proxy biomarker,Proxy biomarker,False,False,B,B,0,1,1,1,Asthma,EUR,CSA,11,chr11,102733467,102745764,102733466,102633467,102845764,102633466,100000,-,ENSG00000110347.7,processed_transcript,MMP12,exact_gene_name,GENCODE v19,MATCHED,single_multianalysis_bgzf,s3://pan-ukb-us-east-1/sumstats_flat_files/continuous-3063-both_sexes-irnt.tsv.bgz,s3://pan-ukb-us-east-1/sumstats_flat_files_tabix/continuous-3063-both_sexes-irnt.tsv.bgz.tbi,s3://pan-ukb-us-east-1/sumstats_flat_files/continuous-3063-both_sexes-irnt.tsv.bgz,s3://pan-ukb-us-east-1/sumstats_flat_files_tabix/continuous-3063-both_sexes-irnt.tsv.bgz.tbi,CSA,TO_VALIDATE_IN_15B2,MATCHED_TRAIT_CATALOG,True,True,True,True,True,
cmp_d7b484b38d8d6b13,gt_b13b0fea4588063b,MMP12,Pan-UKB,Pan-UKB::continuous|3063|both_sexes||irnt,Forced expiratory volume in 1-second (FEV1),continuous|3063|both_sexes||irnt,GRCh37,fev1,SENSITIVITY,Proxy biomarker,Proxy biomarker,False,False,B,B,0,1,1,1,Asthma,EUR,MID,11,chr11,102733467,102745764,102733466,102633467,102845764,102633466,100000,-,ENSG00000110347.7,processed_transcript,MMP12,exact_gene_name,GENCODE v19,MATCHED,single_multianalysis_bgzf,s3://pan-ukb-us-east-1/sumstats_flat_files/continuous-3063-both_sexes-irnt.tsv.bgz,s3://pan-ukb-us-east-1/sumstats_flat_files_tabix/continuous-3063-both_sexes-irnt.tsv.bgz.tbi,s3://pan-ukb-us-east-1/sumstats_flat_files/continuous-3063-both_sexes-irnt.tsv.bgz,s3://pan-ukb-us-east-1/sumstats_flat_files_tabix/continuous-3063-both_sexes-irnt.tsv.bgz.tbi,MID,TO_VALIDATE_IN_15B2,MATCHED_TRAIT_CATALOG,True,True,True,True,True,
cmp_28001402e4a9727e,gt_9d644cbd7bb53f54,NFKB1,Pan-UKB,Pan-UKB::continuous|3063|both_sexes||irnt,Forced expiratory volume in 1-second (FEV1),continuous|3063|both_sexes||irnt,GRCh37,fev1,SENSITIVITY,Proxy biomarker,Proxy biomarker,False,False,B,B,0,1,1,1,Asthma,EUR,AFR,4,chr4,103422486,103538459,103422485,103322486,103638459,103322485,100000,+,ENSG00000109320.7,protein_coding,NFKB1,exact_gene_name,GENCODE v19,MATCHED,single_multianalysis_bgzf,s3://pan-ukb-us-east-1/sumstats_flat_files/continuous-3063-both_sexes-irnt.tsv.bgz,s3://pan-ukb-us-east-1/sumstats_flat_files_tabix/continuous-3063-both_sexes-irnt.tsv.bgz.tbi,s3://pan-ukb-us-east-1/sumstats_flat_files/continuous-3063-both_sexes-irnt.tsv.bgz,s3://pan-ukb-us-east-1/sumstats_flat_files_tabix/continuous-3063-both_sexes-irnt.tsv.bgz.tbi,AFR,TO_VALIDATE_IN_15B2,MATCHED_TRAIT_CATALOG,True,True,True,True,True,
cmp_9aa24a6ecd617802,gt_9d644cbd7bb53f54,NFKB1,Pan-UKB,Pan-UKB::continuous|3063|both_sexes||irnt,Forced expiratory volume in 1-second (FEV1),continuous|3063|both_sexes||irnt,GRCh37,fev1,SENSITIVITY,Proxy biomarker,Proxy biomarker,False,False,B,B,0,1,1,1,Asthma,EUR,CSA,4,chr4,103422486,103538459,103422485,103322486,103638459,103322485,100000,+,ENSG00000109320.7,protein_coding,NFKB1,exact_gene_name,GENCODE v19,MATCHED,single_multianalysis_bgzf,s3://pan-ukb-us-east-1/sumstats_flat_files/continuous-3063-both_sexes-irnt.tsv.bgz,s3://pan-ukb-us-east-1/sumstats_flat_files_tabix/continuous-3063-both_sexes-irnt.tsv.bgz.tbi,s3://pan-ukb-us-east-1/sumstats_flat_files/continuous-3063-both_sexes-irnt.tsv.bgz,s3://pan-ukb-us-east-1/sumstats_flat_files_tabix/continuous-3063-both_sexes-irnt.tsv.bgz.tbi,CSA,TO_VALIDATE_IN_15B2,MATCHED_TRAIT_CATALOG,True,True,True,True,True,
cmp_b46a44a29bed6bda,gt_9d644cbd7bb53f54,NFKB1,Pan-UKB,Pan-UKB::continuous|3063|both_sexes||irnt,Forced expiratory volume in 1-second (FEV1),continuous|3063|both_sexes||irnt,GRCh37,fev1,SENSITIVITY,Proxy biomarker,Proxy biomarker,False,False,B,B,0,1,1,1,Asthma,EUR,MID,4,chr4,103422486,103538459,103422485,103322486,103638459,103322485,100000,+,ENSG00000109320.7,protein_coding,NFKB1,exact_gene_name,GENCODE v19,MATCHED,single_multianalysis_bgzf,s3://pan-ukb-us-east-1/sumstats_flat_files/continuous-3063-both_sexes-irnt.tsv.bgz,s3://pan-ukb-us-east-1/sumstats_flat_files_tabix/continuous-3063-both_sexes-irnt.tsv.bgz.tbi,s3://pan-ukb-us-east-1/sumstats_flat_files/continuous-3063-both_sexes-irnt.tsv.bgz,s3://pan-ukb-us-east-1/sumstats_flat_files_tabix/continuous-3063-both_sexes-irnt.tsv.bgz.tbi,MID,TO_VALIDATE_IN_15B2,MATCHED_TRAIT_CATALOG,True,True,True,True,True,
cmp_fc650e8fe2ecb616,gt_453814eeb960a8fd,NR3C1,Pan-UKB,Pan-UKB::continuous|3063|both_sexes||irnt,Forced expiratory volume in 1-second (FEV1),continuous|3063|both_sexes||irnt,GRCh37,fev1,SENSITIVITY,Closely related phenotype,Closely related phenotype || Proxy biomarker,False,False,A,A,2,0,2,2,"Asthma || Pulmonary Disease, Chronic Obstructive",EUR,AFR,5,chr5,142657496,142815077,142657495,142557496,142915077,142557495,100000,-,ENSG00000113580.10,protein_coding,NR3C1,exact_gene_name,GENCODE v19,MATCHED,single_multianalysis_bgzf,s3://pan-ukb-us-east-1/sumstats_flat_files/continuous-3063-both_sexes-irnt.tsv.bgz,s3://pan-ukb-us-east-1/sumstats_flat_files_tabix/continuous-3063-both_sexes-irnt.tsv.bgz.tbi,s3://pan-ukb-us-east-1/sumstats_flat_files/continuous-3063-both_sexes-irnt.tsv.bgz,s3://pan-ukb-us-east-1/sumstats_flat_files_tabix/continuous-3063-both_sexes-irnt.tsv.bgz.tbi,AFR,TO_VALIDATE_IN_15B2,MATCHED_TRAIT_CATALOG,True,True,True,True,True,
cmp_56f436438f8d3071,gt_453814eeb960a8fd,NR3C1,Pan-UKB,Pan-UKB::continuous|3063|both_sexes||irnt,Forced expiratory volume in 1-second (FEV1),continuous|3063|both_sexes||irnt,GRCh37,fev1,SENSITIVITY,Closely related phenotype,Closely related phenotype || Proxy biomarker,False,False,A,A,2,0,2,2,"Asthma || Pulmonary Disease, Chronic Obstructive",EUR,CSA,5,chr5,142657496,142815077,142657495,142557496,142915077,142557495,100000,-,ENSG00000113580.10,protein_coding,NR3C1,exact_gene_name,GENCODE v19,MATCHED,single_multianalysis_bgzf,s3://pan-ukb-us-east-1/sumstats_flat_files/continuous-3063-both_sexes-irnt.tsv.bgz,s3://pan-ukb-us-east-1/sumstats_flat_files_tabix/continuous-3063-both_sexes-irnt.tsv.bgz.tbi,s3://pan-ukb-us-east-1/sumstats_flat_files/continuous-3063-both_sexes-irnt.tsv.bgz,s3://pan-ukb-us-east-1/sumstats_flat_files_tabix/continuous-3063-both_sexes-irnt.tsv.bgz.tbi,CSA,TO_VALIDATE_IN_15B2,MATCHED_TRAIT_CATALOG,True,True,True,True,True,
cmp_dcc91b9766498186,gt_453814eeb960a8fd,NR3C1,Pan-UKB,Pan-UKB::continuous|3063|both_sexes||irnt,Forced expiratory volume in 1-second (FEV1),continuous|3063|both_sexes||irnt,GRCh37,fev1,SENSITIVITY,Closely related phenotype,Closely related phenotype || Proxy biomarker,False,False,A,A,2,0,2,2,"Asthma || Pulmonary Disease, Chronic Obstructive",EUR,MID,5,chr5,142657496,142815077,142657495,142557496,142915077,142557495,100000,-,ENSG00000113580.10,protein_coding,NR3C1,exact_gene_name,GENCODE v19,MATCHED,single_multianalysis_bgzf,s3://pan-ukb-us-east-1/sumstats_flat_files/continuous-3063-both_sexes-irnt.tsv.bgz,s3://pan-ukb-us-east-1/sumstats_flat_files_tabix/continuous-3063-both_sexes-irnt.tsv.bgz.tbi,s3://pan-ukb-us-east-1/sumstats_flat_files/continuous-3063-both_sexes-irnt.tsv.bgz,s3://pan-ukb-us-east-1/sumstats_flat_files_tabix/continuous-3063-both_sexes-irnt.tsv.bgz.tbi,MID,TO_VALIDATE_IN_15B2,MATCHED_TRAIT_CATALOG,True,True,True,True,True,
cmp_71d51fd8220ecdd7,gt_67618c459284880c,P2RY2,Pan-UKB,Pan-UKB::continuous|3063|both_sexes||irnt,Forced expiratory volume in 1-second (FEV1),continuous|3063|both_sexes||irnt,GRCh37,fev1,SENSITIVITY,Proxy biomarker,Proxy biomarker,False,False,B,B,0,1,1,1,Asthma,EUR,AFR,11,chr11,72929343,72947397,72929342,72829343,73047397,72829342,100000,+,ENSG00000175591.7,protein_coding,P2RY2,exact_gene_name,GENCODE v19,MATCHED,single_multianalysis_bgzf,s3://pan-ukb-us-east-1/sumstats_flat_files/continuous-3063-both_sexes-irnt.tsv.bgz,s3://pan-ukb-us-east-1/sumstats_flat_files_tabix/continuous-3063-both_sexes-irnt.tsv.bgz.tbi,s3://pan-ukb-us-east-1/sumstats_flat_files/continuous-3063-both_sexes-irnt.tsv.bgz,s3://pan-ukb-us-east-1/sumstats_flat_files_tabix/continuous-3063-both_sexes-irnt.tsv.bgz.tbi,AFR,TO_VALIDATE_IN_15B2,MATCHED_TRAIT_CATALOG,True,True,True,True,True,
cmp_ceb0320df06c9ef1,gt_67618c459284880c,P2RY2,Pan-UKB,Pan-UKB::continuous|3063|both_sexes||irnt,Forced expiratory volume in 1-second (FEV1),continuous|3063|both_sexes||irnt,GRCh37,fev1,SENSITIVITY,Proxy biomarker,Proxy biomarker,False,False,B,B,0,1,1,1,Asthma,EUR,CSA,11,chr11,72929343,72947397,72929342,72829343,73047397,72829342,100000,+,ENSG00000175591.7,protein_coding,P2RY2,exact_gene_name,GENCODE v19,MATCHED,single_multianalysis_bgzf,s3://pan-ukb-us-east-1/sumstats_flat_files/continuous-3063-both_sexes-irnt.tsv.bgz,s3://pan-ukb-us-east-1/sumstats_flat_files_tabix/continuous-3063-both_sexes-irnt.tsv.bgz.tbi,s3://pan-ukb-us-east-1/sumstats_flat_files/continuous-3063-both_sexes-irnt.tsv.bgz,s3://pan-ukb-us-east-1/sumstats_flat_files_tabix/continuous-3063-both_sexes-irnt.tsv.bgz.tbi,CSA,TO_VALIDATE_IN_15B2,MATCHED_TRAIT_CATALOG,True,True,True,True,True,
cmp_92340126838632f5,gt_67618c459284880c,P2RY2,Pan-UKB,Pan-UKB::continuous|3063|both_sexes||irnt,Forced expiratory volume in 1-second (FEV1),continuous|3063|both_sexes||irnt,GRCh37,fev1,SENSITIVITY,Proxy biomarker,Proxy biomarker,False,False,B,B,0,1,1,1,Asthma,EUR,MID,11,chr11,72929343,72947397,72929342,72829343,73047397,72829342,100000,+,ENSG00000175591.7,protein_coding,P2RY2,exact_gene_name,GENCODE v19,MATCHED,single_multianalysis_bgzf,s3://pan-ukb-us-east-1/sumstats_flat_files/continuous-3063-both_sexes-irnt.tsv.bgz,s3://pan-ukb-us-east-1/sumstats_flat_files_tabix/continuous-3063-both_sexes-irnt.tsv.bgz.tbi,s3://pan-ukb-us-east-1/sumstats_flat_files/continuous-3063-both_sexes-irnt.tsv.bgz,s3://pan-ukb-us-east-1/sumstats_flat_files_tabix/continuous-3063-both_sexes-irnt.tsv.bgz.tbi,MID,TO_VALIDATE_IN_15B2,MATCHED_TRAIT_CATALOG,True,True,True,True,True,
cmp_350b5e0d60207f09,gt_0ef8cbb6ba3f7abe,PDE3A,Pan-UKB,Pan-UKB::continuous|3063|both_sexes||irnt,Forced expiratory volume in 1-second (FEV1),continuous|3063|both_sexes||irnt,GRCh37,fev1,SENSITIVITY,Closely related phenotype,Closely related phenotype || Proxy biomarker,False,False,B,B,0,2,2,2,"Asthma || Pulmonary Disease, Chronic Obstructive",EUR,AFR,12,chr12,20522179,20837315,20522178,20422179,20937315,20422178,100000,+,ENSG00000172572.6,protein_coding,PDE3A,exact_gene_name,GENCODE v19,MATCHED,single_multianalysis_bgzf,s3://pan-ukb-us-east-1/sumstats_flat_files/continuous-3063-both_sexes-irnt.tsv.bgz,s3://pan-ukb-us-east-1/sumstats_flat_files_tabix/continuous-3063-both_sexes-irnt.tsv.bgz.tbi,s3://pan-ukb-us-east-1/sumstats_flat_files/continuous-3063-both_sexes-irnt.tsv.bgz,s3://pan-ukb-us-east-1/sumstats_flat_files_tabix/continuous-3063-both_sexes-irnt.tsv.bgz.tbi,AFR,TO_VALIDATE_IN_15B2,MATCHED_TRAIT_CATALOG,True,True,True,True,True,
cmp_b6cab8740f5a9c7b,gt_0ef8cbb6ba3f7abe,PDE3A,Pan-UKB,Pan-UKB::continuous|3063|both_sexes||irnt,Forced expiratory volume in 1-second (FEV1),continuous|3063|both_sexes||irnt,GRCh37,fev1,SENSITIVITY,Closely related phenotype,Closely related phenotype || Proxy biomarker,False,False,B,B,0,2,2,2,"Asthma || Pulmonary Disease, Chronic Obstructive",EUR,CSA,12,chr12,20522179,20837315,20522178,20422179,20937315,20422178,100000,+,ENSG00000172572.6,protein_coding,PDE3A,exact_gene_name,GENCODE v19,MATCHED,single_multianalysis_bgzf,s3://pan-ukb-us-east-1/sumstats_flat_files/continuous-3063-both_sexes-irnt.tsv.bgz,s3://pan-ukb-us-east-1/sumstats_flat_files_tabix/continuous-3063-both_sexes-irnt.tsv.bgz.tbi,s3://pan-ukb-us-east-1/sumstats_flat_files/continuous-3063-both_sexes-irnt.tsv.bgz,s3://pan-ukb-us-east-1/sumstats_flat_files_tabix/continuous-3063-both_sexes-irnt.tsv.bgz.tbi,CSA,TO_VALIDATE_IN_15B2,MATCHED_TRAIT_CATALOG,True,True,True,True,True,
cmp_197aad6d12fe8c13,gt_0ef8cbb6ba3f7abe,PDE3A,Pan-UKB,Pan-UKB::continuous|3063|both_sexes||irnt,Forced expiratory volume in 1-second (FEV1),continuous|3063|both_sexes||irnt,GRCh37,fev1,SENSITIVITY,Closely related phenotype,Closely related phenotype || Proxy biomarker,False,False,B,B,0,2,2,2,"Asthma || Pulmonary Disease, Chronic Obstructive",EUR,MID,12,chr12,20522179,20837315,20522178,20422179,20937315,20422178,100000,+,ENSG00000172572.6,protein_coding,PDE3A,exact_gene_name,GENCODE v19,MATCHED,single_multianalysis_bgzf,s3://pan-ukb-us-east-1/sumstats_flat_files/continuous-3063-both_sexes-irnt.tsv.bgz,s3://pan-ukb-us-east-1/sumstats_flat_files_tabix/continuous-3063-both_sexes-irnt.tsv.bgz.tbi,s3://pan-ukb-us-east-1/sumstats_flat_files/continuous-3063-both_sexes-irnt.tsv.bgz,s3://pan-ukb-us-east-1/sumstats_flat_files_tabix/continuous-3063-both_sexes-irnt.tsv.bgz.tbi,MID,TO_VALIDATE_IN_15B2,MATCHED_TRAIT_CATALOG,True,True,True,True,True,
cmp_b3de2b99d654dcd6,gt_ce15e9abcabbebe4,PDE4B,Pan-UKB,Pan-UKB::continuous|3063|both_sexes||irnt,Forced expiratory volume in 1-second (FEV1),continuous|3063|both_sexes||irnt,GRCh37,fev1,SENSITIVITY,Closely related phenotype,Closely related phenotype || Proxy biomarker,False,False,B,B,0,2,2,2,"Asthma || Pulmonary Disease, Chronic Obstructive",EUR,AFR,1,chr1,66258197,66840259,66258196,66158197,66940259,66158196,100000,+,ENSG00000184588.13,protein_coding,PDE4B,exact_gene_name,GENCODE v19,MATCHED,single_multianalysis_bgzf,s3://pan-ukb-us-east-1/sumstats_flat_files/continuous-3063-both_sexes-irnt.tsv.bgz,s3://pan-ukb-us-east-1/sumstats_flat_files_tabix/continuous-3063-both_sexes-irnt.tsv.bgz.tbi,s3://pan-ukb-us-east-1/sumstats_flat_files/continuous-3063-both_sexes-irnt.tsv.bgz,s3://pan-ukb-us-east-1/sumstats_flat_files_tabix/continuous-3063-both_sexes-irnt.tsv.bgz.tbi,AFR,TO_VALIDATE_IN_15B2,MATCHED_TRAIT_CATALOG,True,True,True,True,True,
cmp_31ea5471a11d8e99,gt_ce15e9abcabbebe4,PDE4B,Pan-UKB,Pan-UKB::continuous|3063|both_sexes||irnt,Forced expiratory volume in 1-second (FEV1),continuous|3063|both_sexes||irnt,GRCh37,fev1,SENSITIVITY,Closely related phenotype,Closely related phenotype || Proxy biomarker,False,False,B,B,0,2,2,2,"Asthma || Pulmonary Disease, Chronic Obstructive",EUR,CSA,1,chr1,66258197,66840259,66258196,66158197,66940259,66158196,100000,+,ENSG00000184588.13,protein_coding,PDE4B,exact_gene_name,GENCODE v19,MATCHED,single_multianalysis_bgzf,s3://pan-ukb-us-east-1/sumstats_flat_files/continuous-3063-both_sexes-irnt.tsv.bgz,s3://pan-ukb-us-east-1/sumstats_flat_files_tabix/continuous-3063-both_sexes-irnt.tsv.bgz.tbi,s3://pan-ukb-us-east-1/sumstats_flat_files/continuous-3063-both_sexes-irnt.tsv.bgz,s3://pan-ukb-us-east-1/sumstats_flat_files_tabix/continuous-3063-both_sexes-irnt.tsv.bgz.tbi,CSA,TO_VALIDATE_IN_15B2,MATCHED_TRAIT_CATALOG,True,True,True,True,True,
cmp_b10df697bb87a651,gt_ce15e9abcabbebe4,PDE4B,Pan-UKB,Pan-UKB::continuous|3063|both_sexes||irnt,Forced expiratory volume in 1-second (FEV1),continuous|3063|both_sexes||irnt,GRCh37,fev1,SENSITIVITY,Closely related phenotype,Closely related phenotype || Proxy biomarker,False,False,B,B,0,2,2,2,"Asthma || Pulmonary Disease, Chronic Obstructive",EUR,MID,1,chr1,66258197,66840259,66258196,66158197,66940259,66158196,100000,+,ENSG00000184588.13,protein_coding,PDE4B,exact_gene_name,GENCODE v19,MATCHED,single_multianalysis_bgzf,s3://pan-ukb-us-east-1/sumstats_flat_files/continuous-3063-both_sexes-irnt.tsv.bgz,s3://pan-ukb-us-east-1/sumstats_flat_files_tabix/continuous-3063-both_sexes-irnt.tsv.bgz.tbi,s3://pan-ukb-us-east-1/sumstats_flat_files/continuous-3063-both_sexes-irnt.tsv.bgz,s3://pan-ukb-us-east-1/sumstats_flat_files_tabix/continuous-3063-both_sexes-irnt.tsv.bgz.tbi,MID,TO_VALIDATE_IN_15B2,MATCHED_TRAIT_CATALOG,True,True,True,True,True,
cmp_7e50cbc5623b026a,gt_45bc82dccf3c01ab,PDE4D,Pan-UKB,Pan-UKB::continuous|3063|both_sexes||irnt,Forced expiratory volume in 1-second (FEV1),continuous|3063|both_sexes||irnt,GRCh37,fev1,SENSITIVITY,Closely related phenotype,Closely related phenotype || Proxy biomarker,False,False,B,B,0,2,2,2,"Asthma || Pulmonary Disease, Chronic Obstructive",EUR,AFR,5,chr5,58264865,59817947,58264864,58164865,59917947,58164864,100000,-,ENSG00000113448.12,protein_coding,PDE4D,exact_gene_name,GENCODE v19,MATCHED,single_multianalysis_bgzf,s3://pan-ukb-us-east-1/sumstats_flat_files/continuous-3063-both_sexes-irnt.tsv.bgz,s3://pan-ukb-us-east-1/sumstats_flat_files_tabix/continuous-3063-both_sexes-irnt.tsv.bgz.tbi,s3://pan-ukb-us-east-1/sumstats_flat_files/continuous-3063-both_sexes-irnt.tsv.bgz,s3://pan-ukb-us-east-1/sumstats_flat_files_tabix/continuous-3063-both_sexes-irnt.tsv.bgz.tbi,AFR,TO_VALIDATE_IN_15B2,MATCHED_TRAIT_CATALOG,True,True,True,True,True,
cmp_3b03f5bda01bae7a,gt_45bc82dccf3c01ab,PDE4D,Pan-UKB,Pan-UKB::continuous|3063|both_sexes||irnt,Forced expiratory volume in 1-second (FEV1),continuous|3063|both_sexes||irnt,GRCh37,fev1,SENSITIVITY,Closely related phenotype,Closely related phenotype || Proxy biomarker,False,False,B,B,0,2,2,2,"Asthma || Pulmonary Disease, Chronic Obstructive",EUR,CSA,5,chr5,58264865,59817947,58264864,58164865,59917947,58164864,100000,-,ENSG00000113448.12,protein_coding,PDE4D,exact_gene_name,GENCODE v19,MATCHED,single_multianalysis_bgzf,s3://pan-ukb-us-east-1/sumstats_flat_files/continuous-3063-both_sexes-irnt.tsv.bgz,s3://pan-ukb-us-east-1/sumstats_flat_files_tabix/continuous-3063-both_sexes-irnt.tsv.bgz.tbi,s3://pan-ukb-us-east-1/sumstats_flat_files/continuous-3063-both_sexes-irnt.tsv.bgz,s3://pan-ukb-us-east-1/sumstats_flat_files_tabix/continuous-3063-both_sexes-irnt.tsv.bgz.tbi,CSA,TO_VALIDATE_IN_15B2,MATCHED_TRAIT_CATALOG,True,True,True,True,True,
cmp_2b59ee2a8e42bb83,gt_45bc82dccf3c01ab,PDE4D,Pan-UKB,Pan-UKB::continuous|3063|both_sexes||irnt,Forced expiratory volume in 1-second (FEV1),continuous|3063|both_sexes||irnt,GRCh37,fev1,SENSITIVITY,Closely related phenotype,Closely related phenotype || Proxy biomarker,False,False,B,B,0,2,2,2,"Asthma || Pulmonary Disease, Chronic Obstructive",EUR,MID,5,chr5,58264865,59817947,58264864,58164865,59917947,58164864,100000,-,ENSG00000113448.12,protein_coding,PDE4D,exact_gene_name,GENCODE v19,MATCHED,single_multianalysis_bgzf,s3://pan-ukb-us-east-1/sumstats_flat_files/continuous-3063-both_sexes-irnt.tsv.bgz,s3://pan-ukb-us-east-1/sumstats_flat_files_tabix/continuous-3063-both_sexes-irnt.tsv.bgz.tbi,s3://pan-ukb-us-east-1/sumstats_flat_files/continuous-3063-both_sexes-irnt.tsv.bgz,s3://pan-ukb-us-east-1/sumstats_flat_files_tabix/continuous-3063-both_sexes-irnt.tsv.bgz.tbi,MID,TO_VALIDATE_IN_15B2,MATCHED_TRAIT_CATALOG,True,True,True,True,True,
cmp_7d7d97212a472ada,gt_634e01c40ac909ce,RARG,Pan-UKB,Pan-UKB::continuous|3063|both_sexes||irnt,Forced expiratory volume in 1-second (FEV1),continuous|3063|both_sexes||irnt,GRCh37,fev1,SENSITIVITY,Closely related phenotype,Closely related phenotype,False,False,B,B,0,1,1,1,"Pulmonary Disease, Chronic Obstructive",EUR,AFR,12,chr12,53604354,53626764,53604353,53504354,53726764,53504353,100000,-,ENSG00000172819.12,protein_coding,RARG,exact_gene_name,GENCODE v19,MATCHED,single_multianalysis_bgzf,s3://pan-ukb-us-east-1/sumstats_flat_files/continuous-3063-both_sexes-irnt.tsv.bgz,s3://pan-ukb-us-east-1/sumstats_flat_files_tabix/continuous-3063-both_sexes-irnt.tsv.bgz.tbi,s3://pan-ukb-us-east-1/sumstats_flat_files/continuous-3063-both_sexes-irnt.tsv.bgz,s3://pan-ukb-us-east-1/sumstats_flat_files_tabix/continuous-3063-both_sexes-irnt.tsv.bgz.tbi,AFR,TO_VALIDATE_IN_15B2,MATCHED_TRAIT_CATALOG,True,True,True,True,True,
cmp_e22939b588f8ca9c,gt_634e01c40ac909ce,RARG,Pan-UKB,Pan-UKB::continuous|3063|both_sexes||irnt,Forced expiratory volume in 1-second (FEV1),continuous|3063|both_sexes||irnt,GRCh37,fev1,SENSITIVITY,Closely related phenotype,Closely related phenotype,False,False,B,B,0,1,1,1,"Pulmonary Disease, Chronic Obstructive",EUR,CSA,12,chr12,53604354,53626764,53604353,53504354,53726764,53504353,100000,-,ENSG00000172819.12,protein_coding,RARG,exact_gene_name,GENCODE v19,MATCHED,single_multianalysis_bgzf,s3://pan-ukb-us-east-1/sumstats_flat_files/continuous-3063-both_sexes-irnt.tsv.bgz,s3://pan-ukb-us-east-1/sumstats_flat_files_tabix/continuous-3063-both_sexes-irnt.tsv.bgz.tbi,s3://pan-ukb-us-east-1/sumstats_flat_files/continuous-3063-both_sexes-irnt.tsv.bgz,s3://pan-ukb-us-east-1/sumstats_flat_files_tabix/continuous-3063-both_sexes-irnt.tsv.bgz.tbi,CSA,TO_VALIDATE_IN_15B2,MATCHED_TRAIT_CATALOG,True,True,True,True,True,
cmp_91c8bfaedcb71690,gt_634e01c40ac909ce,RARG,Pan-UKB,Pan-UKB::continuous|3063|both_sexes||irnt,Forced expiratory volume in 1-second (FEV1),continuous|3063|both_sexes||irnt,GRCh37,fev1,SENSITIVITY,Closely related phenotype,Closely related phenotype,False,False,B,B,0,1,1,1,"Pulmonary Disease, Chronic Obstructive",EUR,MID,12,chr12,53604354,53626764,53604353,53504354,53726764,53504353,100000,-,ENSG00000172819.12,protein_coding,RARG,exact_gene_name,GENCODE v19,MATCHED,single_multianalysis_bgzf,s3://pan-ukb-us-east-1/sumstats_flat_files/continuous-3063-both_sexes-irnt.tsv.bgz,s3://pan-ukb-us-east-1/sumstats_flat_files_tabix/continuous-3063-both_sexes-irnt.tsv.bgz.tbi,s3://pan-ukb-us-east-1/sumstats_flat_files/continuous-3063-both_sexes-irnt.tsv.bgz,s3://pan-ukb-us-east-1/sumstats_flat_files_tabix/continuous-3063-both_sexes-irnt.tsv.bgz.tbi,MID,TO_VALIDATE_IN_15B2,MATCHED_TRAIT_CATALOG,True,True,True,True,True,
cmp_b389e63423459398,gt_029961e460d086f0,SERPINA1,Pan-UKB,Pan-UKB::continuous|3063|both_sexes||irnt,Forced expiratory volume in 1-second (FEV1),continuous|3063|both_sexes||irnt,GRCh37,fev1,SENSITIVITY,Closely related phenotype,Closely related phenotype,False,False,B,B,0,1,1,1,"Pulmonary Disease, Chronic Obstructive",EUR,AFR,14,chr14,94843084,94857030,94843083,94743084,94957030,94743083,100000,-,ENSG00000197249.8,protein_coding,SERPINA1,exact_gene_name,GENCODE v19,MATCHED,single_multianalysis_bgzf,s3://pan-ukb-us-east-1/sumstats_flat_files/continuous-3063-both_sexes-irnt.tsv.bgz,s3://pan-ukb-us-east-1/sumstats_flat_files_tabix/continuous-3063-both_sexes-irnt.tsv.bgz.tbi,s3://pan-ukb-us-east-1/sumstats_flat_files/continuous-3063-both_sexes-irnt.tsv.bgz,s3://pan-ukb-us-east-1/sumstats_flat_files_tabix/continuous-3063-both_sexes-irnt.tsv.bgz.tbi,AFR,TO_VALIDATE_IN_15B2,MATCHED_TRAIT_CATALOG,True,True,True,True,True,
cmp_91fbbe74acfb4987,gt_029961e460d086f0,SERPINA1,Pan-UKB,Pan-UKB::continuous|3063|both_sexes||irnt,Forced expiratory volume in 1-second (FEV1),continuous|3063|both_sexes||irnt,GRCh37,fev1,SENSITIVITY,Closely related phenotype,Closely related phenotype,False,False,B,B,0,1,1,1,"Pulmonary Disease, Chronic Obstructive",EUR,CSA,14,chr14,94843084,94857030,94843083,94743084,94957030,94743083,100000,-,ENSG00000197249.8,protein_coding,SERPINA1,exact_gene_name,GENCODE v19,MATCHED,single_multianalysis_bgzf,s3://pan-ukb-us-east-1/sumstats_flat_files/continuous-3063-both_sexes-irnt.tsv.bgz,s3://pan-ukb-us-east-1/sumstats_flat_files_tabix/continuous-3063-both_sexes-irnt.tsv.bgz.tbi,s3://pan-ukb-us-east-1/sumstats_flat_files/continuous-3063-both_sexes-irnt.tsv.bgz,s3://pan-ukb-us-east-1/sumstats_flat_files_tabix/continuous-3063-both_sexes-irnt.tsv.bgz.tbi,CSA,TO_VALIDATE_IN_15B2,MATCHED_TRAIT_CATALOG,True,True,True,True,True,
cmp_9146bc01f23009a1,gt_029961e460d086f0,SERPINA1,Pan-UKB,Pan-UKB::continuous|3063|both_sexes||irnt,Forced expiratory volume in 1-second (FEV1),continuous|3063|both_sexes||irnt,GRCh37,fev1,SENSITIVITY,Closely related phenotype,Closely related phenotype,False,False,B,B,0,1,1,1,"Pulmonary Disease, Chronic Obstructive",EUR,MID,14,chr14,94843084,94857030,94843083,94743084,94957030,94743083,100000,-,ENSG00000197249.8,protein_coding,SERPINA1,exact_gene_name,GENCODE v19,MATCHED,single_multianalysis_bgzf,s3://pan-ukb-us-east-1/sumstats_flat_files/continuous-3063-both_sexes-irnt.tsv.bgz,s3://pan-ukb-us-east-1/sumstats_flat_files_tabix/continuous-3063-both_sexes-irnt.tsv.bgz.tbi,s3://pan-ukb-us-east-1/sumstats_flat_files/continuous-3063-both_sexes-irnt.tsv.bgz,s3://pan-ukb-us-east-1/sumstats_flat_files_tabix/continuous-3063-both_sexes-irnt.tsv.bgz.tbi,MID,TO_VALIDATE_IN_15B2,MATCHED_TRAIT_CATALOG,True,True,True,True,True,
cmp_b29b8dddfb4cdb14,gt_b8bfd54f2cf1a119,TNFSF15,Pan-UKB,Pan-UKB::continuous|3063|both_sexes||irnt,Forced expiratory volume in 1-second (FEV1),continuous|3063|both_sexes||irnt,GRCh37,fev1,SENSITIVITY,Proxy biomarker,Proxy biomarker,False,False,B,B,0,1,1,1,Asthma,EUR,AFR,9,chr9,117546915,117568406,117546914,117446915,117668406,117446914,100000,-,ENSG00000181634.7,protein_coding,TNFSF15,exact_gene_name,GENCODE v19,MATCHED,single_multianalysis_bgzf,s3://pan-ukb-us-east-1/sumstats_flat_files/continuous-3063-both_sexes-irnt.tsv.bgz,s3://pan-ukb-us-east-1/sumstats_flat_files_tabix/continuous-3063-both_sexes-irnt.tsv.bgz.tbi,s3://pan-ukb-us-east-1/sumstats_flat_files/continuous-3063-both_sexes-irnt.tsv.bgz,s3://pan-ukb-us-east-1/sumstats_flat_files_tabix/continuous-3063-both_sexes-irnt.tsv.bgz.tbi,AFR,TO_VALIDATE_IN_15B2,MATCHED_TRAIT_CATALOG,True,True,True,True,True,
cmp_96b17e06a6e7a982,gt_b8bfd54f2cf1a119,TNFSF15,Pan-UKB,Pan-UKB::continuous|3063|both_sexes||irnt,Forced expiratory volume in 1-second (FEV1),continuous|3063|both_sexes||irnt,GRCh37,fev1,SENSITIVITY,Proxy biomarker,Proxy biomarker,False,False,B,B,0,1,1,1,Asthma,EUR,CSA,9,chr9,117546915,117568406,117546914,117446915,117668406,117446914,100000,-,ENSG00000181634.7,protein_coding,TNFSF15,exact_gene_name,GENCODE v19,MATCHED,single_multianalysis_bgzf,s3://pan-ukb-us-east-1/sumstats_flat_files/continuous-3063-both_sexes-irnt.tsv.bgz,s3://pan-ukb-us-east-1/sumstats_flat_files_tabix/continuous-3063-both_sexes-irnt.tsv.bgz.tbi,s3://pan-ukb-us-east-1/sumstats_flat_files/continuous-3063-both_sexes-irnt.tsv.bgz,s3://pan-ukb-us-east-1/sumstats_flat_files_tabix/continuous-3063-both_sexes-irnt.tsv.bgz.tbi,CSA,TO_VALIDATE_IN_15B2,MATCHED_TRAIT_CATALOG,True,True,True,True,True,
cmp_3fdc2b0f28ca157a,gt_b8bfd54f2cf1a119,TNFSF15,Pan-UKB,Pan-UKB::continuous|3063|both_sexes||irnt,Forced expiratory volume in 1-second (FEV1),continuous|3063|both_sexes||irnt,GRCh37,fev1,SENSITIVITY,Proxy biomarker,Proxy biomarker,False,False,B,B,0,1,1,1,Asthma,EUR,MID,9,chr9,117546915,117568406,117546914,117446915,117668406,117446914,100000,-,ENSG00000181634.7,protein_coding,TNFSF15,exact_gene_name,GENCODE v19,MATCHED,single_multianalysis_bgzf,s3://pan-ukb-us-east-1/sumstats_flat_files/continuous-3063-both_sexes-irnt.tsv.bgz,s3://pan-ukb-us-east-1/sumstats_flat_files_tabix/continuous-3063-both_sexes-irnt.tsv.bgz.tbi,s3://pan-ukb-us-east-1/sumstats_flat_files/continuous-3063-both_sexes-irnt.tsv.bgz,s3://pan-ukb-us-east-1/sumstats_flat_files_tabix/continuous-3063-both_sexes-irnt.tsv.bgz.tbi,MID,TO_VALIDATE_IN_15B2,MATCHED_TRAIT_CATALOG,True,True,True,True,True,
cmp_416dabb7bbc8299b,gt_351f098f1d4785d1,TNFSF4,Pan-UKB,Pan-UKB::continuous|3063|both_sexes||irnt,Forced expiratory volume in 1-second (FEV1),continuous|3063|both_sexes||irnt,GRCh37,fev1,SENSITIVITY,Proxy biomarker,Proxy biomarker,False,False,B,B,0,1,1,1,Asthma,EUR,AFR,1,chr1,173152873,173176452,173152872,173052873,173276452,173052872,100000,-,ENSG00000117586.6,protein_coding,TNFSF4,exact_gene_name,GENCODE v19,MATCHED,single_multianalysis_bgzf,s3://pan-ukb-us-east-1/sumstats_flat_files/continuous-3063-both_sexes-irnt.tsv.bgz,s3://pan-ukb-us-east-1/sumstats_flat_files_tabix/continuous-3063-both_sexes-irnt.tsv.bgz.tbi,s3://pan-ukb-us-east-1/sumstats_flat_files/continuous-3063-both_sexes-irnt.tsv.bgz,s3://pan-ukb-us-east-1/sumstats_flat_files_tabix/continuous-3063-both_sexes-irnt.tsv.bgz.tbi,AFR,TO_VALIDATE_IN_15B2,MATCHED_TRAIT_CATALOG,True,True,True,True,True,
cmp_52fb5f9805834b6d,gt_351f098f1d4785d1,TNFSF4,Pan-UKB,Pan-UKB::continuous|3063|both_sexes||irnt,Forced expiratory volume in 1-second (FEV1),continuous|3063|both_sexes||irnt,GRCh37,fev1,SENSITIVITY,Proxy biomarker,Proxy biomarker,False,False,B,B,0,1,1,1,Asthma,EUR,CSA,1,chr1,173152873,173176452,173152872,173052873,173276452,173052872,100000,-,ENSG00000117586.6,protein_coding,TNFSF4,exact_gene_name,GENCODE v19,MATCHED,single_multianalysis_bgzf,s3://pan-ukb-us-east-1/sumstats_flat_files/continuous-3063-both_sexes-irnt.tsv.bgz,s3://pan-ukb-us-east-1/sumstats_flat_files_tabix/continuous-3063-both_sexes-irnt.tsv.bgz.tbi,s3://pan-ukb-us-east-1/sumstats_flat_files/continuous-3063-both_sexes-irnt.tsv.bgz,s3://pan-ukb-us-east-1/sumstats_flat_files_tabix/continuous-3063-both_sexes-irnt.tsv.bgz.tbi,CSA,TO_VALIDATE_IN_15B2,MATCHED_TRAIT_CATALOG,True,True,True,True,True,
cmp_ce25c7354229b376,gt_351f098f1d4785d1,TNFSF4,Pan-UKB,Pan-UKB::continuous|3063|both_sexes||irnt,Forced expiratory volume in 1-second (FEV1),continuous|3063|both_sexes||irnt,GRCh37,fev1,SENSITIVITY,Proxy biomarker,Proxy biomarker,False,False,B,B,0,1,1,1,Asthma,EUR,MID,1,chr1,173152873,173176452,173152872,173052873,173276452,173052872,100000,-,ENSG00000117586.6,protein_coding,TNFSF4,exact_gene_name,GENCODE v19,MATCHED,single_multianalysis_bgzf,s3://pan-ukb-us-east-1/sumstats_flat_files/continuous-3063-both_sexes-irnt.tsv.bgz,s3://pan-ukb-us-east-1/sumstats_flat_files_tabix/continuous-3063-both_sexes-irnt.tsv.bgz.tbi,s3://pan-ukb-us-east-1/sumstats_flat_files/continuous-3063-both_sexes-irnt.tsv.bgz,s3://pan-ukb-us-east-1/sumstats_flat_files_tabix/continuous-3063-both_sexes-irnt.tsv.bgz.tbi,MID,TO_VALIDATE_IN_15B2,MATCHED_TRAIT_CATALOG,True,True,True,True,True,
cmp_759adfd647a4dbab,gt_f74f9b66526dece0,TSLP,Pan-UKB,Pan-UKB::continuous|3063|both_sexes||irnt,Forced expiratory volume in 1-second (FEV1),continuous|3063|both_sexes||irnt,GRCh37,fev1,SENSITIVITY,Closely related phenotype,Closely related phenotype || Proxy biomarker,True,False,A,"A,B",1,1,2,2,"Asthma || Pulmonary Disease, Chronic Obstructive",EUR,AFR,5,chr5,110405760,110413722,110405759,110305760,110513722,110305759,100000,+,ENSG00000145777.10,protein_coding,TSLP,exact_gene_name,GENCODE v19,MATCHED,single_multianalysis_bgzf,s3://pan-ukb-us-east-1/sumstats_flat_files/continuous-3063-both_sexes-irnt.tsv.bgz,s3://pan-ukb-us-east-1/sumstats_flat_files_tabix/continuous-3063-both_sexes-irnt.tsv.bgz.tbi,s3://pan-ukb-us-east-1/sumstats_flat_files/continuous-3063-both_sexes-irnt.tsv.bgz,s3://pan-ukb-us-east-1/sumstats_flat_files_tabix/continuous-3063-both_sexes-irnt.tsv.bgz.tbi,AFR,TO_VALIDATE_IN_15B2,MATCHED_TRAIT_CATALOG,True,True,True,True,True,
cmp_2973708801b03919,gt_f74f9b66526dece0,TSLP,Pan-UKB,Pan-UKB::continuous|3063|both_sexes||irnt,Forced expiratory volume in 1-second (FEV1),continuous|3063|both_sexes||irnt,GRCh37,fev1,SENSITIVITY,Closely related phenotype,Closely related phenotype || Proxy biomarker,True,False,A,"A,B",1,1,2,2,"Asthma || Pulmonary Disease, Chronic Obstructive",EUR,CSA,5,chr5,110405760,110413722,110405759,110305760,110513722,110305759,100000,+,ENSG00000145777.10,protein_coding,TSLP,exact_gene_name,GENCODE v19,MATCHED,single_multianalysis_bgzf,s3://pan-ukb-us-east-1/sumstats_flat_files/continuous-3063-both_sexes-irnt.tsv.bgz,s3://pan-ukb-us-east-1/sumstats_flat_files_tabix/continuous-3063-both_sexes-irnt.tsv.bgz.tbi,s3://pan-ukb-us-east-1/sumstats_flat_files/continuous-3063-both_sexes-irnt.tsv.bgz,s3://pan-ukb-us-east-1/sumstats_flat_files_tabix/continuous-3063-both_sexes-irnt.tsv.bgz.tbi,CSA,TO_VALIDATE_IN_15B2,MATCHED_TRAIT_CATALOG,True,True,True,True,True,
cmp_64fd608209eb0a79,gt_f74f9b66526dece0,TSLP,Pan-UKB,Pan-UKB::continuous|3063|both_sexes||irnt,Forced expiratory volume in 1-second (FEV1),continuous|3063|both_sexes||irnt,GRCh37,fev1,SENSITIVITY,Closely related phenotype,Closely related phenotype || Proxy biomarker,True,False,A,"A,B",1,1,2,2,"Asthma || Pulmonary Disease, Chronic Obstructive",EUR,MID,5,chr5,110405760,110413722,110405759,110305760,110513722,110305759,100000,+,ENSG00000145777.10,protein_coding,TSLP,exact_gene_name,GENCODE v19,MATCHED,single_multianalysis_bgzf,s3://pan-ukb-us-east-1/sumstats_flat_files/continuous-3063-both_sexes-irnt.tsv.bgz,s3://pan-ukb-us-east-1/sumstats_flat_files_tabix/continuous-3063-both_sexes-irnt.tsv.bgz.tbi,s3://pan-ukb-us-east-1/sumstats_flat_files/continuous-3063-both_sexes-irnt.tsv.bgz,s3://pan-ukb-us-east-1/sumstats_flat_files_tabix/continuous-3063-both_sexes-irnt.tsv.bgz.tbi,MID,TO_VALIDATE_IN_15B2,MATCHED_TRAIT_CATALOG,True,True,True,True,True,
cmp_19087d7ff329daa7,gt_e16801af4d34b8d6,TYK2,Pan-UKB,Pan-UKB::continuous|3063|both_sexes||irnt,Forced expiratory volume in 1-second (FEV1),continuous|3063|both_sexes||irnt,GRCh37,fev1,SENSITIVITY,Proxy biomarker,Proxy biomarker,False,False,B,B,0,1,1,1,Asthma,EUR,AFR,19,chr19,10461209,10491352,10461208,10361209,10591352,10361208,100000,-,ENSG00000105397.9,protein_coding,TYK2,exact_gene_name,GENCODE v19,MATCHED,single_multianalysis_bgzf,s3://pan-ukb-us-east-1/sumstats_flat_files/continuous-3063-both_sexes-irnt.tsv.bgz,s3://pan-ukb-us-east-1/sumstats_flat_files_tabix/continuous-3063-both_sexes-irnt.tsv.bgz.tbi,s3://pan-ukb-us-east-1/sumstats_flat_files/continuous-3063-both_sexes-irnt.tsv.bgz,s3://pan-ukb-us-east-1/sumstats_flat_files_tabix/continuous-3063-both_sexes-irnt.tsv.bgz.tbi,AFR,TO_VALIDATE_IN_15B2,MATCHED_TRAIT_CATALOG,True,True,True,True,True,
cmp_25caf8ba2f8398e8,gt_e16801af4d34b8d6,TYK2,Pan-UKB,Pan-UKB::continuous|3063|both_sexes||irnt,Forced expiratory volume in 1-second (FEV1),continuous|3063|both_sexes||irnt,GRCh37,fev1,SENSITIVITY,Proxy biomarker,Proxy biomarker,False,False,B,B,0,1,1,1,Asthma,EUR,CSA,19,chr19,10461209,10491352,10461208,10361209,10591352,10361208,100000,-,ENSG00000105397.9,protein_coding,TYK2,exact_gene_name,GENCODE v19,MATCHED,single_multianalysis_bgzf,s3://pan-ukb-us-east-1/sumstats_flat_files/continuous-3063-both_sexes-irnt.tsv.bgz,s3://pan-ukb-us-east-1/sumstats_flat_files_tabix/continuous-3063-both_sexes-irnt.tsv.bgz.tbi,s3://pan-ukb-us-east-1/sumstats_flat_files/continuous-3063-both_sexes-irnt.tsv.bgz,s3://pan-ukb-us-east-1/sumstats_flat_files_tabix/continuous-3063-both_sexes-irnt.tsv.bgz.tbi,CSA,TO_VALIDATE_IN_15B2,MATCHED_TRAIT_CATALOG,True,True,True,True,True,
cmp_d4f5c2823cec7832,gt_e16801af4d34b8d6,TYK2,Pan-UKB,Pan-UKB::continuous|3063|both_sexes||irnt,Forced expiratory volume in 1-second (FEV1),continuous|3063|both_sexes||irnt,GRCh37,fev1,SENSITIVITY,Proxy biomarker,Proxy biomarker,False,False,B,B,0,1,1,1,Asthma,EUR,MID,19,chr19,10461209,10491352,10461208,10361209,10591352,10361208,100000,-,ENSG00000105397.9,protein_coding,TYK2,exact_gene_name,GENCODE v19,MATCHED,single_multianalysis_bgzf,s3://pan-ukb-us-east-1/sumstats_flat_files/continuous-3063-both_sexes-irnt.tsv.bgz,s3://pan-ukb-us-east-1/sumstats_flat_files_tabix/continuous-3063-both_sexes-irnt.tsv.bgz.tbi,s3://pan-ukb-us-east-1/sumstats_flat_files/continuous-3063-both_sexes-irnt.tsv.bgz,s3://pan-ukb-us-east-1/sumstats_flat_files_tabix/continuous-3063-both_sexes-irnt.tsv.bgz.tbi,MID,TO_VALIDATE_IN_15B2,MATCHED_TRAIT_CATALOG,True,True,True,True,True,
cmp_be8091df0d0a4af2,gt_48d9393562b5ff50,ADORA1,Pan-UKB,Pan-UKB::continuous|3062|both_sexes||irnt,Forced vital capacity (FVC),continuous|3062|both_sexes||irnt,GRCh37,fvc,SENSITIVITY,Closely related phenotype,Closely related phenotype || Proxy biomarker,False,False,B,B,0,2,2,2,"Asthma || Pulmonary Disease, Chronic Obstructive",EUR,AFR,1,chr1,203059782,203136533,203059781,202959782,203236533,202959781,100000,+,ENSG00000163485.11,protein_coding,ADORA1,exact_gene_name,GENCODE v19,MATCHED,single_multianalysis_bgzf,s3://pan-ukb-us-east-1/sumstats_flat_files/continuous-3062-both_sexes-irnt.tsv.bgz,s3://pan-ukb-us-east-1/sumstats_flat_files_tabix/continuous-3062-both_sexes-irnt.tsv.bgz.tbi,s3://pan-ukb-us-east-1/sumstats_flat_files/continuous-3062-both_sexes-irnt.tsv.bgz,s3://pan-ukb-us-east-1/sumstats_flat_files_tabix/continuous-3062-both_sexes-irnt.tsv.bgz.tbi,AFR,TO_VALIDATE_IN_15B2,MATCHED_TRAIT_CATALOG,True,True,True,True,True,
cmp_ac269e19005e96e3,gt_48d9393562b5ff50,ADORA1,Pan-UKB,Pan-UKB::continuous|3062|both_sexes||irnt,Forced vital capacity (FVC),continuous|3062|both_sexes||irnt,GRCh37,fvc,SENSITIVITY,Closely related phenotype,Closely related phenotype || Proxy biomarker,False,False,B,B,0,2,2,2,"Asthma || Pulmonary Disease, Chronic Obstructive",EUR,CSA,1,chr1,203059782,203136533,203059781,202959782,203236533,202959781,100000,+,ENSG00000163485.11,protein_coding,ADORA1,exact_gene_name,GENCODE v19,MATCHED,single_multianalysis_bgzf,s3://pan-ukb-us-east-1/sumstats_flat_files/continuous-3062-both_sexes-irnt.tsv.bgz,s3://pan-ukb-us-east-1/sumstats_flat_files_tabix/continuous-3062-both_sexes-irnt.tsv.bgz.tbi,s3://pan-ukb-us-east-1/sumstats_flat_files/continuous-3062-both_sexes-irnt.tsv.bgz,s3://pan-ukb-us-east-1/sumstats_flat_files_tabix/continuous-3062-both_sexes-irnt.tsv.bgz.tbi,CSA,TO_VALIDATE_IN_15B2,MATCHED_TRAIT_CATALOG,True,True,True,True,True,
cmp_3f151fc6b17942f1,gt_48d9393562b5ff50,ADORA1,Pan-UKB,Pan-UKB::continuous|3062|both_sexes||irnt,Forced vital capacity (FVC),continuous|3062|both_sexes||irnt,GRCh37,fvc,SENSITIVITY,Closely related phenotype,Closely related phenotype || Proxy biomarker,False,False,B,B,0,2,2,2,"Asthma || Pulmonary Disease, Chronic Obstructive",EUR,MID,1,chr1,203059782,203136533,203059781,202959782,203236533,202959781,100000,+,ENSG00000163485.11,protein_coding,ADORA1,exact_gene_name,GENCODE v19,MATCHED,single_multianalysis_bgzf,s3://pan-ukb-us-east-1/sumstats_flat_files/continuous-3062-both_sexes-irnt.tsv.bgz,s3://pan-ukb-us-east-1/sumstats_flat_files_tabix/continuous-3062-both_sexes-irnt.tsv.bgz.tbi,s3://pan-ukb-us-east-1/sumstats_flat_files/continuous-3062-both_sexes-irnt.tsv.bgz,s3://pan-ukb-us-east-1/sumstats_flat_files_tabix/continuous-3062-both_sexes-irnt.tsv.bgz.tbi,MID,TO_VALIDATE_IN_15B2,MATCHED_TRAIT_CATALOG,True,True,True,True,True,
cmp_bc7158818260bd91,gt_d4809ae97a28786d,ADORA2B,Pan-UKB,Pan-UKB::continuous|3062|both_sexes||irnt,Forced vital capacity (FVC),continuous|3062|both_sexes||irnt,GRCh37,fvc,SENSITIVITY,Proxy biomarker,Proxy biomarker,False,False,B,B,0,1,1,1,Asthma,EUR,AFR,17,chr17,15848231,15879060,15848230,15748231,15979060,15748230,100000,+,ENSG00000170425.3,protein_coding,ADORA2B,exact_gene_name,GENCODE v19,MATCHED,single_multianalysis_bgzf,s3://pan-ukb-us-east-1/sumstats_flat_files/continuous-3062-both_sexes-irnt.tsv.bgz,s3://pan-ukb-us-east-1/sumstats_flat_files_tabix/continuous-3062-both_sexes-irnt.tsv.bgz.tbi,s3://pan-ukb-us-east-1/sumstats_flat_files/continuous-3062-both_sexes-irnt.tsv.bgz,s3://pan-ukb-us-east-1/sumstats_flat_files_tabix/continuous-3062-both_sexes-irnt.tsv.bgz.tbi,AFR,TO_VALIDATE_IN_15B2,MATCHED_TRAIT_CATALOG,True,True,True,True,True,
cmp_664a872f042a90b6,gt_d4809ae97a28786d,ADORA2B,Pan-UKB,Pan-UKB::continuous|3062|both_sexes||irnt,Forced vital capacity (FVC),continuous|3062|both_sexes||irnt,GRCh37,fvc,SENSITIVITY,Proxy biomarker,Proxy biomarker,False,False,B,B,0,1,1,1,Asthma,EUR,CSA,17,chr17,15848231,15879060,15848230,15748231,15979060,15748230,100000,+,ENSG00000170425.3,protein_coding,ADORA2B,exact_gene_name,GENCODE v19,MATCHED,single_multianalysis_bgzf,s3://pan-ukb-us-east-1/sumstats_flat_files/continuous-3062-both_sexes-irnt.tsv.bgz,s3://pan-ukb-us-east-1/sumstats_flat_files_tabix/continuous-3062-both_sexes-irnt.tsv.bgz.tbi,s3://pan-ukb-us-east-1/sumstats_flat_files/continuous-3062-both_sexes-irnt.tsv.bgz,s3://pan-ukb-us-east-1/sumstats_flat_files_tabix/continuous-3062-both_sexes-irnt.tsv.bgz.tbi,CSA,TO_VALIDATE_IN_15B2,MATCHED_TRAIT_CATALOG,True,True,True,True,True,
cmp_574db8944e52622d,gt_d4809ae97a28786d,ADORA2B,Pan-UKB,Pan-UKB::continuous|3062|both_sexes||irnt,Forced vital capacity (FVC),continuous|3062|both_sexes||irnt,GRCh37,fvc,SENSITIVITY,Proxy biomarker,Proxy biomarker,False,False,B,B,0,1,1,1,Asthma,EUR,MID,17,chr17,15848231,15879060,15848230,15748231,15979060,15748230,100000,+,ENSG00000170425.3,protein_coding,ADORA2B,exact_gene_name,GENCODE v19,MATCHED,single_multianalysis_bgzf,s3://pan-ukb-us-east-1/sumstats_flat_files/continuous-3062-both_sexes-irnt.tsv.bgz,s3://pan-ukb-us-east-1/sumstats_flat_files_tabix/continuous-3062-both_sexes-irnt.tsv.bgz.tbi,s3://pan-ukb-us-east-1/sumstats_flat_files/continuous-3062-both_sexes-irnt.tsv.bgz,s3://pan-ukb-us-east-1/sumstats_flat_files_tabix/continuous-3062-both_sexes-irnt.tsv.bgz.tbi,MID,TO_VALIDATE_IN_15B2,MATCHED_TRAIT_CATALOG,True,True,True,True,True,
cmp_c2cdff936ad92c27,gt_df7e9a1eb48a6586,ADRB2,Pan-UKB,Pan-UKB::continuous|3062|both_sexes||irnt,Forced vital capacity (FVC),continuous|3062|both_sexes||irnt,GRCh37,fvc,SENSITIVITY,Closely related phenotype,Closely related phenotype || Proxy biomarker,False,False,A,A,2,0,2,2,"Asthma || Pulmonary Disease, Chronic Obstructive",EUR,AFR,5,chr5,148206156,148208196,148206155,148106156,148308196,148106155,100000,+,ENSG00000169252.4,protein_coding,ADRB2,exact_gene_name,GENCODE v19,MATCHED,single_multianalysis_bgzf,s3://pan-ukb-us-east-1/sumstats_flat_files/continuous-3062-both_sexes-irnt.tsv.bgz,s3://pan-ukb-us-east-1/sumstats_flat_files_tabix/continuous-3062-both_sexes-irnt.tsv.bgz.tbi,s3://pan-ukb-us-east-1/sumstats_flat_files/continuous-3062-both_sexes-irnt.tsv.bgz,s3://pan-ukb-us-east-1/sumstats_flat_files_tabix/continuous-3062-both_sexes-irnt.tsv.bgz.tbi,AFR,TO_VALIDATE_IN_15B2,MATCHED_TRAIT_CATALOG,True,True,True,True,True,
cmp_86a3571275474197,gt_df7e9a1eb48a6586,ADRB2,Pan-UKB,Pan-UKB::continuous|3062|both_sexes||irnt,Forced vital capacity (FVC),continuous|3062|both_sexes||irnt,GRCh37,fvc,SENSITIVITY,Closely related phenotype,Closely related phenotype || Proxy biomarker,False,False,A,A,2,0,2,2,"Asthma || Pulmonary Disease, Chronic Obstructive",EUR,CSA,5,chr5,148206156,148208196,148206155,148106156,148308196,148106155,100000,+,ENSG00000169252.4,protein_coding,ADRB2,exact_gene_name,GENCODE v19,MATCHED,single_multianalysis_bgzf,s3://pan-ukb-us-east-1/sumstats_flat_files/continuous-3062-both_sexes-irnt.tsv.bgz,s3://pan-ukb-us-east-1/sumstats_flat_files_tabix/continuous-3062-both_sexes-irnt.tsv.bgz.tbi,s3://pan-ukb-us-east-1/sumstats_flat_files/continuous-3062-both_sexes-irnt.tsv.bgz,s3://pan-ukb-us-east-1/sumstats_flat_files_tabix/continuous-3062-both_sexes-irnt.tsv.bgz.tbi,CSA,TO_VALIDATE_IN_15B2,MATCHED_TRAIT_CATALOG,True,True,True,True,True,
cmp_6ef172ed91e906d1,gt_df7e9a1eb48a6586,ADRB2,Pan-UKB,Pan-UKB::continuous|3062|both_sexes||irnt,Forced vital capacity (FVC),continuous|3062|both_sexes||irnt,GRCh37,fvc,SENSITIVITY,Closely related phenotype,Closely related phenotype || Proxy biomarker,False,False,A,A,2,0,2,2,"Asthma || Pulmonary Disease, Chronic Obstructive",EUR,MID,5,chr5,148206156,148208196,148206155,148106156,148308196,148106155,100000,+,ENSG00000169252.4,protein_coding,ADRB2,exact_gene_name,GENCODE v19,MATCHED,single_multianalysis_bgzf,s3://pan-ukb-us-east-1/sumstats_flat_files/continuous-3062-both_sexes-irnt.tsv.bgz,s3://pan-ukb-us-east-1/sumstats_flat_files_tabix/continuous-3062-both_sexes-irnt.tsv.bgz.tbi,s3://pan-ukb-us-east-1/sumstats_flat_files/continuous-3062-both_sexes-irnt.tsv.bgz,s3://pan-ukb-us-east-1/sumstats_flat_files_tabix/continuous-3062-both_sexes-irnt.tsv.bgz.tbi,MID,TO_VALIDATE_IN_15B2,MATCHED_TRAIT_CATALOG,True,True,True,True,True,
cmp_033e74024bcb9ced,gt_46d69d85fe63ef90,CHRM3,Pan-UKB,Pan-UKB::continuous|3062|both_sexes||irnt,Forced vital capacity (FVC),continuous|3062|both_sexes||irnt,GRCh37,fvc,SENSITIVITY,Closely related phenotype,Closely related phenotype || Proxy biomarker,True,False,A,"A,B",1,1,2,2,"Asthma || Pulmonary Disease, Chronic Obstructive",EUR,AFR,1,chr1,239549865,240078750,239549864,239449865,240178750,239449864,100000,+,ENSG00000133019.7,protein_coding,CHRM3,exact_gene_name,GENCODE v19,MATCHED,single_multianalysis_bgzf,s3://pan-ukb-us-east-1/sumstats_flat_files/continuous-3062-both_sexes-irnt.tsv.bgz,s3://pan-ukb-us-east-1/sumstats_flat_files_tabix/continuous-3062-both_sexes-irnt.tsv.bgz.tbi,s3://pan-ukb-us-east-1/sumstats_flat_files/continuous-3062-both_sexes-irnt.tsv.bgz,s3://pan-ukb-us-east-1/sumstats_flat_files_tabix/continuous-3062-both_sexes-irnt.tsv.bgz.tbi,AFR,TO_VALIDATE_IN_15B2,MATCHED_TRAIT_CATALOG,True,True,True,True,True,
cmp_6125c6b3b40ba024,gt_46d69d85fe63ef90,CHRM3,Pan-UKB,Pan-UKB::continuous|3062|both_sexes||irnt,Forced vital capacity (FVC),continuous|3062|both_sexes||irnt,GRCh37,fvc,SENSITIVITY,Closely related phenotype,Closely related phenotype || Proxy biomarker,True,False,A,"A,B",1,1,2,2,"Asthma || Pulmonary Disease, Chronic Obstructive",EUR,CSA,1,chr1,239549865,240078750,239549864,239449865,240178750,239449864,100000,+,ENSG00000133019.7,protein_coding,CHRM3,exact_gene_name,GENCODE v19,MATCHED,single_multianalysis_bgzf,s3://pan-ukb-us-east-1/sumstats_flat_files/continuous-3062-both_sexes-irnt.tsv.bgz,s3://pan-ukb-us-east-1/sumstats_flat_files_tabix/continuous-3062-both_sexes-irnt.tsv.bgz.tbi,s3://pan-ukb-us-east-1/sumstats_flat_files/continuous-3062-both_sexes-irnt.tsv.bgz,s3://pan-ukb-us-east-1/sumstats_flat_files_tabix/continuous-3062-both_sexes-irnt.tsv.bgz.tbi,CSA,TO_VALIDATE_IN_15B2,MATCHED_TRAIT_CATALOG,True,True,True,True,True,
cmp_001082a57e33a24f,gt_46d69d85fe63ef90,CHRM3,Pan-UKB,Pan-UKB::continuous|3062|both_sexes||irnt,Forced vital capacity (FVC),continuous|3062|both_sexes||irnt,GRCh37,fvc,SENSITIVITY,Closely related phenotype,Closely related phenotype || Proxy biomarker,True,False,A,"A,B",1,1,2,2,"Asthma || Pulmonary Disease, Chronic Obstructive",EUR,MID,1,chr1,239549865,240078750,239549864,239449865,240178750,239449864,100000,+,ENSG00000133019.7,protein_coding,CHRM3,exact_gene_name,GENCODE v19,MATCHED,single_multianalysis_bgzf,s3://pan-ukb-us-east-1/sumstats_flat_files/continuous-3062-both_sexes-irnt.tsv.bgz,s3://pan-ukb-us-east-1/sumstats_flat_files_tabix/continuous-3062-both_sexes-irnt.tsv.bgz.tbi,s3://pan-ukb-us-east-1/sumstats_flat_files/continuous-3062-both_sexes-irnt.tsv.bgz,s3://pan-ukb-us-east-1/sumstats_flat_files_tabix/continuous-3062-both_sexes-irnt.tsv.bgz.tbi,MID,TO_VALIDATE_IN_15B2,MATCHED_TRAIT_CATALOG,True,True,True,True,True,
cmp_0619cc6ab3b5a989,gt_b8100d18ea6533d9,CSF2,Pan-UKB,Pan-UKB::continuous|3062|both_sexes||irnt,Forced vital capacity (FVC),continuous|3062|both_sexes||irnt,GRCh37,fvc,SENSITIVITY,Closely related phenotype,Closely related phenotype || Proxy biomarker,False,False,B,B,0,2,2,2,"Asthma || Pulmonary Disease, Chronic Obstructive",EUR,AFR,5,chr5,131409483,131411859,131409482,131309483,131511859,131309482,100000,+,ENSG00000164400.4,protein_coding,CSF2,exact_gene_name,GENCODE v19,MATCHED,single_multianalysis_bgzf,s3://pan-ukb-us-east-1/sumstats_flat_files/continuous-3062-both_sexes-irnt.tsv.bgz,s3://pan-ukb-us-east-1/sumstats_flat_files_tabix/continuous-3062-both_sexes-irnt.tsv.bgz.tbi,s3://pan-ukb-us-east-1/sumstats_flat_files/continuous-3062-both_sexes-irnt.tsv.bgz,s3://pan-ukb-us-east-1/sumstats_flat_files_tabix/continuous-3062-both_sexes-irnt.tsv.bgz.tbi,AFR,TO_VALIDATE_IN_15B2,MATCHED_TRAIT_CATALOG,True,True,True,True,True,
cmp_a69a116cb9515c7e,gt_b8100d18ea6533d9,CSF2,Pan-UKB,Pan-UKB::continuous|3062|both_sexes||irnt,Forced vital capacity (FVC),continuous|3062|both_sexes||irnt,GRCh37,fvc,SENSITIVITY,Closely related phenotype,Closely related phenotype || Proxy biomarker,False,False,B,B,0,2,2,2,"Asthma || Pulmonary Disease, Chronic Obstructive",EUR,CSA,5,chr5,131409483,131411859,131409482,131309483,131511859,131309482,100000,+,ENSG00000164400.4,protein_coding,CSF2,exact_gene_name,GENCODE v19,MATCHED,single_multianalysis_bgzf,s3://pan-ukb-us-east-1/sumstats_flat_files/continuous-3062-both_sexes-irnt.tsv.bgz,s3://pan-ukb-us-east-1/sumstats_flat_files_tabix/continuous-3062-both_sexes-irnt.tsv.bgz.tbi,s3://pan-ukb-us-east-1/sumstats_flat_files/continuous-3062-both_sexes-irnt.tsv.bgz,s3://pan-ukb-us-east-1/sumstats_flat_files_tabix/continuous-3062-both_sexes-irnt.tsv.bgz.tbi,CSA,TO_VALIDATE_IN_15B2,MATCHED_TRAIT_CATALOG,True,True,True,True,True,
cmp_a4ae177165fa458d,gt_b8100d18ea6533d9,CSF2,Pan-UKB,Pan-UKB::continuous|3062|both_sexes||irnt,Forced vital capacity (FVC),continuous|3062|both_sexes||irnt,GRCh37,fvc,SENSITIVITY,Closely related phenotype,Closely related phenotype || Proxy biomarker,False,False,B,B,0,2,2,2,"Asthma || Pulmonary Disease, Chronic Obstructive",EUR,MID,5,chr5,131409483,131411859,131409482,131309483,131511859,131309482,100000,+,ENSG00000164400.4,protein_coding,CSF2,exact_gene_name,GENCODE v19,MATCHED,single_multianalysis_bgzf,s3://pan-ukb-us-east-1/sumstats_flat_files/continuous-3062-both_sexes-irnt.tsv.bgz,s3://pan-ukb-us-east-1/sumstats_flat_files_tabix/continuous-3062-both_sexes-irnt.tsv.bgz.tbi,s3://pan-ukb-us-east-1/sumstats_flat_files/continuous-3062-both_sexes-irnt.tsv.bgz,s3://pan-ukb-us-east-1/sumstats_flat_files_tabix/continuous-3062-both_sexes-irnt.tsv.bgz.tbi,MID,TO_VALIDATE_IN_15B2,MATCHED_TRAIT_CATALOG,True,True,True,True,True,
cmp_e67ef941835ecc49,gt_627ba7f7d193b4f0,EPHX2,Pan-UKB,Pan-UKB::continuous|3062|both_sexes||irnt,Forced vital capacity (FVC),continuous|3062|both_sexes||irnt,GRCh37,fvc,SENSITIVITY,Closely related phenotype,Closely related phenotype,False,False,B,B,0,1,1,1,"Pulmonary Disease, Chronic Obstructive",EUR,AFR,8,chr8,27348296,27403081,27348295,27248296,27503081,27248295,100000,+,ENSG00000120915.9,protein_coding,EPHX2,exact_gene_name,GENCODE v19,MATCHED,single_multianalysis_bgzf,s3://pan-ukb-us-east-1/sumstats_flat_files/continuous-3062-both_sexes-irnt.tsv.bgz,s3://pan-ukb-us-east-1/sumstats_flat_files_tabix/continuous-3062-both_sexes-irnt.tsv.bgz.tbi,s3://pan-ukb-us-east-1/sumstats_flat_files/continuous-3062-both_sexes-irnt.tsv.bgz,s3://pan-ukb-us-east-1/sumstats_flat_files_tabix/continuous-3062-both_sexes-irnt.tsv.bgz.tbi,AFR,TO_VALIDATE_IN_15B2,MATCHED_TRAIT_CATALOG,True,True,True,True,True,
cmp_300fe0b74a5e5886,gt_627ba7f7d193b4f0,EPHX2,Pan-UKB,Pan-UKB::continuous|3062|both_sexes||irnt,Forced vital capacity (FVC),continuous|3062|both_sexes||irnt,GRCh37,fvc,SENSITIVITY,Closely related phenotype,Closely related phenotype,False,False,B,B,0,1,1,1,"Pulmonary Disease, Chronic Obstructive",EUR,CSA,8,chr8,27348296,27403081,27348295,27248296,27503081,27248295,100000,+,ENSG00000120915.9,protein_coding,EPHX2,exact_gene_name,GENCODE v19,MATCHED,single_multianalysis_bgzf,s3://pan-ukb-us-east-1/sumstats_flat_files/continuous-3062-both_sexes-irnt.tsv.bgz,s3://pan-ukb-us-east-1/sumstats_flat_files_tabix/continuous-3062-both_sexes-irnt.tsv.bgz.tbi,s3://pan-ukb-us-east-1/sumstats_flat_files/continuous-3062-both_sexes-irnt.tsv.bgz,s3://pan-ukb-us-east-1/sumstats_flat_files_tabix/continuous-3062-both_sexes-irnt.tsv.bgz.tbi,CSA,TO_VALIDATE_IN_15B2,MATCHED_TRAIT_CATALOG,True,True,True,True,True,
cmp_4d3509b2239b6265,gt_627ba7f7d193b4f0,EPHX2,Pan-UKB,Pan-UKB::continuous|3062|both_sexes||irnt,Forced vital capacity (FVC),continuous|3062|both_sexes||irnt,GRCh37,fvc,SENSITIVITY,Closely related phenotype,Closely related phenotype,False,False,B,B,0,1,1,1,"Pulmonary Disease, Chronic Obstructive",EUR,MID,8,chr8,27348296,27403081,27348295,27248296,27503081,27248295,100000,+,ENSG00000120915.9,protein_coding,EPHX2,exact_gene_name,GENCODE v19,MATCHED,single_multianalysis_bgzf,s3://pan-ukb-us-east-1/sumstats_flat_files/continuous-3062-both_sexes-irnt.tsv.bgz,s3://pan-ukb-us-east-1/sumstats_flat_files_tabix/continuous-3062-both_sexes-irnt.tsv.bgz.tbi,s3://pan-ukb-us-east-1/sumstats_flat_files/continuous-3062-both_sexes-irnt.tsv.bgz,s3://pan-ukb-us-east-1/sumstats_flat_files_tabix/continuous-3062-both_sexes-irnt.tsv.bgz.tbi,MID,TO_VALIDATE_IN_15B2,MATCHED_TRAIT_CATALOG,True,True,True,True,True,
cmp_425b16daa69c253d,gt_1eeb6fa62227d107,FGFR3,Pan-UKB,Pan-UKB::continuous|3062|both_sexes||irnt,Forced vital capacity (FVC),continuous|3062|both_sexes||irnt,GRCh37,fvc,SENSITIVITY,Proxy biomarker,Proxy biomarker,False,False,B,B,0,1,1,1,Asthma,EUR,AFR,4,chr4,1795034,1810599,1795033,1695034,1910599,1695033,100000,+,ENSG00000068078.13,protein_coding,FGFR3,exact_gene_name,GENCODE v19,MATCHED,single_multianalysis_bgzf,s3://pan-ukb-us-east-1/sumstats_flat_files/continuous-3062-both_sexes-irnt.tsv.bgz,s3://pan-ukb-us-east-1/sumstats_flat_files_tabix/continuous-3062-both_sexes-irnt.tsv.bgz.tbi,s3://pan-ukb-us-east-1/sumstats_flat_files/continuous-3062-both_sexes-irnt.tsv.bgz,s3://pan-ukb-us-east-1/sumstats_flat_files_tabix/continuous-3062-both_sexes-irnt.tsv.bgz.tbi,AFR,TO_VALIDATE_IN_15B2,MATCHED_TRAIT_CATALOG,True,True,True,True,True,
cmp_cadce426e2b7e41b,gt_1eeb6fa62227d107,FGFR3,Pan-UKB,Pan-UKB::continuous|3062|both_sexes||irnt,Forced vital capacity (FVC),continuous|3062|both_sexes||irnt,GRCh37,fvc,SENSITIVITY,Proxy biomarker,Proxy biomarker,False,False,B,B,0,1,1,1,Asthma,EUR,CSA,4,chr4,1795034,1810599,1795033,1695034,1910599,1695033,100000,+,ENSG00000068078.13,protein_coding,FGFR3,exact_gene_name,GENCODE v19,MATCHED,single_multianalysis_bgzf,s3://pan-ukb-us-east-1/sumstats_flat_files/continuous-3062-both_sexes-irnt.tsv.bgz,s3://pan-ukb-us-east-1/sumstats_flat_files_tabix/continuous-3062-both_sexes-irnt.tsv.bgz.tbi,s3://pan-ukb-us-east-1/sumstats_flat_files/continuous-3062-both_sexes-irnt.tsv.bgz,s3://pan-ukb-us-east-1/sumstats_flat_files_tabix/continuous-3062-both_sexes-irnt.tsv.bgz.tbi,CSA,TO_VALIDATE_IN_15B2,MATCHED_TRAIT_CATALOG,True,True,True,True,True,
cmp_6660f87ecfc67493,gt_1eeb6fa62227d107,FGFR3,Pan-UKB,Pan-UKB::continuous|3062|both_sexes||irnt,Forced vital capacity (FVC),continuous|3062|both_sexes||irnt,GRCh37,fvc,SENSITIVITY,Proxy biomarker,Proxy biomarker,False,False,B,B,0,1,1,1,Asthma,EUR,MID,4,chr4,1795034,1810599,1795033,1695034,1910599,1695033,100000,+,ENSG00000068078.13,protein_coding,FGFR3,exact_gene_name,GENCODE v19,MATCHED,single_multianalysis_bgzf,s3://pan-ukb-us-east-1/sumstats_flat_files/continuous-3062-both_sexes-irnt.tsv.bgz,s3://pan-ukb-us-east-1/sumstats_flat_files_tabix/continuous-3062-both_sexes-irnt.tsv.bgz.tbi,s3://pan-ukb-us-east-1/sumstats_flat_files/continuous-3062-both_sexes-irnt.tsv.bgz,s3://pan-ukb-us-east-1/sumstats_flat_files_tabix/continuous-3062-both_sexes-irnt.tsv.bgz.tbi,MID,TO_VALIDATE_IN_15B2,MATCHED_TRAIT_CATALOG,True,True,True,True,True,
cmp_cff5a51d9d9900de,gt_7f8c25bf2fa7f05c,GATA3,Pan-UKB,Pan-UKB::continuous|3062|both_sexes||irnt,Forced vital capacity (FVC),continuous|3062|both_sexes||irnt,GRCh37,fvc,SENSITIVITY,Closely related phenotype,Closely related phenotype || Proxy biomarker,False,False,B,B,0,2,2,2,"Asthma || Pulmonary Disease, Chronic Obstructive",EUR,AFR,10,chr10,8095567,8117161,8095566,7995567,8217161,7995566,100000,+,ENSG00000107485.11,protein_coding,GATA3,exact_gene_name,GENCODE v19,MATCHED,single_multianalysis_bgzf,s3://pan-ukb-us-east-1/sumstats_flat_files/continuous-3062-both_sexes-irnt.tsv.bgz,s3://pan-ukb-us-east-1/sumstats_flat_files_tabix/continuous-3062-both_sexes-irnt.tsv.bgz.tbi,s3://pan-ukb-us-east-1/sumstats_flat_files/continuous-3062-both_sexes-irnt.tsv.bgz,s3://pan-ukb-us-east-1/sumstats_flat_files_tabix/continuous-3062-both_sexes-irnt.tsv.bgz.tbi,AFR,TO_VALIDATE_IN_15B2,MATCHED_TRAIT_CATALOG,True,True,True,True,True,
cmp_067b760de01d7f38,gt_7f8c25bf2fa7f05c,GATA3,Pan-UKB,Pan-UKB::continuous|3062|both_sexes||irnt,Forced vital capacity (FVC),continuous|3062|both_sexes||irnt,GRCh37,fvc,SENSITIVITY,Closely related phenotype,Closely related phenotype || Proxy biomarker,False,False,B,B,0,2,2,2,"Asthma || Pulmonary Disease, Chronic Obstructive",EUR,CSA,10,chr10,8095567,8117161,8095566,7995567,8217161,7995566,100000,+,ENSG00000107485.11,protein_coding,GATA3,exact_gene_name,GENCODE v19,MATCHED,single_multianalysis_bgzf,s3://pan-ukb-us-east-1/sumstats_flat_files/continuous-3062-both_sexes-irnt.tsv.bgz,s3://pan-ukb-us-east-1/sumstats_flat_files_tabix/continuous-3062-both_sexes-irnt.tsv.bgz.tbi,s3://pan-ukb-us-east-1/sumstats_flat_files/continuous-3062-both_sexes-irnt.tsv.bgz,s3://pan-ukb-us-east-1/sumstats_flat_files_tabix/continuous-3062-both_sexes-irnt.tsv.bgz.tbi,CSA,TO_VALIDATE_IN_15B2,MATCHED_TRAIT_CATALOG,True,True,True,True,True,
cmp_02dd9254a9b6e9ab,gt_7f8c25bf2fa7f05c,GATA3,Pan-UKB,Pan-UKB::continuous|3062|both_sexes||irnt,Forced vital capacity (FVC),continuous|3062|both_sexes||irnt,GRCh37,fvc,SENSITIVITY,Closely related phenotype,Closely related phenotype || Proxy biomarker,False,False,B,B,0,2,2,2,"Asthma || Pulmonary Disease, Chronic Obstructive",EUR,MID,10,chr10,8095567,8117161,8095566,7995567,8217161,7995566,100000,+,ENSG00000107485.11,protein_coding,GATA3,exact_gene_name,GENCODE v19,MATCHED,single_multianalysis_bgzf,s3://pan-ukb-us-east-1/sumstats_flat_files/continuous-3062-both_sexes-irnt.tsv.bgz,s3://pan-ukb-us-east-1/sumstats_flat_files_tabix/continuous-3062-both_sexes-irnt.tsv.bgz.tbi,s3://pan-ukb-us-east-1/sumstats_flat_files/continuous-3062-both_sexes-irnt.tsv.bgz,s3://pan-ukb-us-east-1/sumstats_flat_files_tabix/continuous-3062-both_sexes-irnt.tsv.bgz.tbi,MID,TO_VALIDATE_IN_15B2,MATCHED_TRAIT_CATALOG,True,True,True,True,True,
cmp_f7b5b7395302c17e,gt_80ed0a36710016a5,HCRTR1,Pan-UKB,Pan-UKB::continuous|3062|both_sexes||irnt,Forced vital capacity (FVC),continuous|3062|both_sexes||irnt,GRCh37,fvc,SENSITIVITY,Closely related phenotype,Closely related phenotype,False,False,B,B,0,1,1,1,"Pulmonary Disease, Chronic Obstructive",EUR,AFR,1,chr1,32083287,32098119,32083286,31983287,32198119,31983286,100000,+,ENSG00000121764.7,protein_coding,HCRTR1,exact_gene_name,GENCODE v19,MATCHED,single_multianalysis_bgzf,s3://pan-ukb-us-east-1/sumstats_flat_files/continuous-3062-both_sexes-irnt.tsv.bgz,s3://pan-ukb-us-east-1/sumstats_flat_files_tabix/continuous-3062-both_sexes-irnt.tsv.bgz.tbi,s3://pan-ukb-us-east-1/sumstats_flat_files/continuous-3062-both_sexes-irnt.tsv.bgz,s3://pan-ukb-us-east-1/sumstats_flat_files_tabix/continuous-3062-both_sexes-irnt.tsv.bgz.tbi,AFR,TO_VALIDATE_IN_15B2,MATCHED_TRAIT_CATALOG,True,True,True,True,True,
cmp_c2da49a51d882675,gt_80ed0a36710016a5,HCRTR1,Pan-UKB,Pan-UKB::continuous|3062|both_sexes||irnt,Forced vital capacity (FVC),continuous|3062|both_sexes||irnt,GRCh37,fvc,SENSITIVITY,Closely related phenotype,Closely related phenotype,False,False,B,B,0,1,1,1,"Pulmonary Disease, Chronic Obstructive",EUR,CSA,1,chr1,32083287,32098119,32083286,31983287,32198119,31983286,100000,+,ENSG00000121764.7,protein_coding,HCRTR1,exact_gene_name,GENCODE v19,MATCHED,single_multianalysis_bgzf,s3://pan-ukb-us-east-1/sumstats_flat_files/continuous-3062-both_sexes-irnt.tsv.bgz,s3://pan-ukb-us-east-1/sumstats_flat_files_tabix/continuous-3062-both_sexes-irnt.tsv.bgz.tbi,s3://pan-ukb-us-east-1/sumstats_flat_files/continuous-3062-both_sexes-irnt.tsv.bgz,s3://pan-ukb-us-east-1/sumstats_flat_files_tabix/continuous-3062-both_sexes-irnt.tsv.bgz.tbi,CSA,TO_VALIDATE_IN_15B2,MATCHED_TRAIT_CATALOG,True,True,True,True,True,
cmp_d18073a1eb8151ee,gt_80ed0a36710016a5,HCRTR1,Pan-UKB,Pan-UKB::continuous|3062|both_sexes||irnt,Forced vital capacity (FVC),continuous|3062|both_sexes||irnt,GRCh37,fvc,SENSITIVITY,Closely related phenotype,Closely related phenotype,False,False,B,B,0,1,1,1,"Pulmonary Disease, Chronic Obstructive",EUR,MID,1,chr1,32083287,32098119,32083286,31983287,32198119,31983286,100000,+,ENSG00000121764.7,protein_coding,HCRTR1,exact_gene_name,GENCODE v19,MATCHED,single_multianalysis_bgzf,s3://pan-ukb-us-east-1/sumstats_flat_files/continuous-3062-both_sexes-irnt.tsv.bgz,s3://pan-ukb-us-east-1/sumstats_flat_files_tabix/continuous-3062-both_sexes-irnt.tsv.bgz.tbi,s3://pan-ukb-us-east-1/sumstats_flat_files/continuous-3062-both_sexes-irnt.tsv.bgz,s3://pan-ukb-us-east-1/sumstats_flat_files_tabix/continuous-3062-both_sexes-irnt.tsv.bgz.tbi,MID,TO_VALIDATE_IN_15B2,MATCHED_TRAIT_CATALOG,True,True,True,True,True,
cmp_13330754df9fa5f7,gt_7572aa2bb0914ab1,HRH4,Pan-UKB,Pan-UKB::continuous|3062|both_sexes||irnt,Forced vital capacity (FVC),continuous|3062|both_sexes||irnt,GRCh37,fvc,SENSITIVITY,Closely related phenotype,Closely related phenotype || Proxy biomarker,False,False,B,B,0,2,2,2,"Asthma || Pulmonary Disease, Chronic Obstructive",EUR,AFR,18,chr18,22040593,22059921,22040592,21940593,22159921,21940592,100000,+,ENSG00000134489.6,protein_coding,HRH4,exact_gene_name,GENCODE v19,MATCHED,single_multianalysis_bgzf,s3://pan-ukb-us-east-1/sumstats_flat_files/continuous-3062-both_sexes-irnt.tsv.bgz,s3://pan-ukb-us-east-1/sumstats_flat_files_tabix/continuous-3062-both_sexes-irnt.tsv.bgz.tbi,s3://pan-ukb-us-east-1/sumstats_flat_files/continuous-3062-both_sexes-irnt.tsv.bgz,s3://pan-ukb-us-east-1/sumstats_flat_files_tabix/continuous-3062-both_sexes-irnt.tsv.bgz.tbi,AFR,TO_VALIDATE_IN_15B2,MATCHED_TRAIT_CATALOG,True,True,True,True,True,
cmp_ac7c91f32cbdb7cd,gt_7572aa2bb0914ab1,HRH4,Pan-UKB,Pan-UKB::continuous|3062|both_sexes||irnt,Forced vital capacity (FVC),continuous|3062|both_sexes||irnt,GRCh37,fvc,SENSITIVITY,Closely related phenotype,Closely related phenotype || Proxy biomarker,False,False,B,B,0,2,2,2,"Asthma || Pulmonary Disease, Chronic Obstructive",EUR,CSA,18,chr18,22040593,22059921,22040592,21940593,22159921,21940592,100000,+,ENSG00000134489.6,protein_coding,HRH4,exact_gene_name,GENCODE v19,MATCHED,single_multianalysis_bgzf,s3://pan-ukb-us-east-1/sumstats_flat_files/continuous-3062-both_sexes-irnt.tsv.bgz,s3://pan-ukb-us-east-1/sumstats_flat_files_tabix/continuous-3062-both_sexes-irnt.tsv.bgz.tbi,s3://pan-ukb-us-east-1/sumstats_flat_files/continuous-3062-both_sexes-irnt.tsv.bgz,s3://pan-ukb-us-east-1/sumstats_flat_files_tabix/continuous-3062-both_sexes-irnt.tsv.bgz.tbi,CSA,TO_VALIDATE_IN_15B2,MATCHED_TRAIT_CATALOG,True,True,True,True,True,
cmp_087b0eafdfe68c20,gt_7572aa2bb0914ab1,HRH4,Pan-UKB,Pan-UKB::continuous|3062|both_sexes||irnt,Forced vital capacity (FVC),continuous|3062|both_sexes||irnt,GRCh37,fvc,SENSITIVITY,Closely related phenotype,Closely related phenotype || Proxy biomarker,False,False,B,B,0,2,2,2,"Asthma || Pulmonary Disease, Chronic Obstructive",EUR,MID,18,chr18,22040593,22059921,22040592,21940593,22159921,21940592,100000,+,ENSG00000134489.6,protein_coding,HRH4,exact_gene_name,GENCODE v19,MATCHED,single_multianalysis_bgzf,s3://pan-ukb-us-east-1/sumstats_flat_files/continuous-3062-both_sexes-irnt.tsv.bgz,s3://pan-ukb-us-east-1/sumstats_flat_files_tabix/continuous-3062-both_sexes-irnt.tsv.bgz.tbi,s3://pan-ukb-us-east-1/sumstats_flat_files/continuous-3062-both_sexes-irnt.tsv.bgz,s3://pan-ukb-us-east-1/sumstats_flat_files_tabix/continuous-3062-both_sexes-irnt.tsv.bgz.tbi,MID,TO_VALIDATE_IN_15B2,MATCHED_TRAIT_CATALOG,True,True,True,True,True,
cmp_ec028698aeb90e9d,gt_3a823a51b7fd931e,IL13,Pan-UKB,Pan-UKB::continuous|3062|both_sexes||irnt,Forced vital capacity (FVC),continuous|3062|both_sexes||irnt,GRCh37,fvc,SENSITIVITY,Closely related phenotype,Closely related phenotype || Proxy biomarker,False,False,B,B,0,2,2,2,"Asthma || Pulmonary Disease, Chronic Obstructive",EUR,AFR,5,chr5,131991955,131996802,131991954,131891955,132096802,131891954,100000,+,ENSG00000169194.5,protein_coding,IL13,exact_gene_name,GENCODE v19,MATCHED,single_multianalysis_bgzf,s3://pan-ukb-us-east-1/sumstats_flat_files/continuous-3062-both_sexes-irnt.tsv.bgz,s3://pan-ukb-us-east-1/sumstats_flat_files_tabix/continuous-3062-both_sexes-irnt.tsv.bgz.tbi,s3://pan-ukb-us-east-1/sumstats_flat_files/continuous-3062-both_sexes-irnt.tsv.bgz,s3://pan-ukb-us-east-1/sumstats_flat_files_tabix/continuous-3062-both_sexes-irnt.tsv.bgz.tbi,AFR,TO_VALIDATE_IN_15B2,MATCHED_TRAIT_CATALOG,True,True,True,True,True,
cmp_bbfd1df7c82daa59,gt_3a823a51b7fd931e,IL13,Pan-UKB,Pan-UKB::continuous|3062|both_sexes||irnt,Forced vital capacity (FVC),continuous|3062|both_sexes||irnt,GRCh37,fvc,SENSITIVITY,Closely related phenotype,Closely related phenotype || Proxy biomarker,False,False,B,B,0,2,2,2,"Asthma || Pulmonary Disease, Chronic Obstructive",EUR,CSA,5,chr5,131991955,131996802,131991954,131891955,132096802,131891954,100000,+,ENSG00000169194.5,protein_coding,IL13,exact_gene_name,GENCODE v19,MATCHED,single_multianalysis_bgzf,s3://pan-ukb-us-east-1/sumstats_flat_files/continuous-3062-both_sexes-irnt.tsv.bgz,s3://pan-ukb-us-east-1/sumstats_flat_files_tabix/continuous-3062-both_sexes-irnt.tsv.bgz.tbi,s3://pan-ukb-us-east-1/sumstats_flat_files/continuous-3062-both_sexes-irnt.tsv.bgz,s3://pan-ukb-us-east-1/sumstats_flat_files_tabix/continuous-3062-both_sexes-irnt.tsv.bgz.tbi,CSA,TO_VALIDATE_IN_15B2,MATCHED_TRAIT_CATALOG,True,True,True,True,True,
cmp_73e5aab4619edd80,gt_3a823a51b7fd931e,IL13,Pan-UKB,Pan-UKB::continuous|3062|both_sexes||irnt,Forced vital capacity (FVC),continuous|3062|both_sexes||irnt,GRCh37,fvc,SENSITIVITY,Closely related phenotype,Closely related phenotype || Proxy biomarker,False,False,B,B,0,2,2,2,"Asthma || Pulmonary Disease, Chronic Obstructive",EUR,MID,5,chr5,131991955,131996802,131991954,131891955,132096802,131891954,100000,+,ENSG00000169194.5,protein_coding,IL13,exact_gene_name,GENCODE v19,MATCHED,single_multianalysis_bgzf,s3://pan-ukb-us-east-1/sumstats_flat_files/continuous-3062-both_sexes-irnt.tsv.bgz,s3://pan-ukb-us-east-1/sumstats_flat_files_tabix/continuous-3062-both_sexes-irnt.tsv.bgz.tbi,s3://pan-ukb-us-east-1/sumstats_flat_files/continuous-3062-both_sexes-irnt.tsv.bgz,s3://pan-ukb-us-east-1/sumstats_flat_files_tabix/continuous-3062-both_sexes-irnt.tsv.bgz.tbi,MID,TO_VALIDATE_IN_15B2,MATCHED_TRAIT_CATALOG,True,True,True,True,True,
cmp_a28c624d3c59dc61,gt_84525d9b3679984a,IL17RB,Pan-UKB,Pan-UKB::continuous|3062|both_sexes||irnt,Forced vital capacity (FVC),continuous|3062|both_sexes||irnt,GRCh37,fvc,SENSITIVITY,Proxy biomarker,Proxy biomarker,False,False,B,B,0,1,1,1,Asthma,EUR,AFR,3,chr3,53880607,53899827,53880606,53780607,53999827,53780606,100000,+,ENSG00000056736.5,protein_coding,IL17RB,exact_gene_name,GENCODE v19,MATCHED,single_multianalysis_bgzf,s3://pan-ukb-us-east-1/sumstats_flat_files/continuous-3062-both_sexes-irnt.tsv.bgz,s3://pan-ukb-us-east-1/sumstats_flat_files_tabix/continuous-3062-both_sexes-irnt.tsv.bgz.tbi,s3://pan-ukb-us-east-1/sumstats_flat_files/continuous-3062-both_sexes-irnt.tsv.bgz,s3://pan-ukb-us-east-1/sumstats_flat_files_tabix/continuous-3062-both_sexes-irnt.tsv.bgz.tbi,AFR,TO_VALIDATE_IN_15B2,MATCHED_TRAIT_CATALOG,True,True,True,True,True,
cmp_5c32b0c65e86f603,gt_84525d9b3679984a,IL17RB,Pan-UKB,Pan-UKB::continuous|3062|both_sexes||irnt,Forced vital capacity (FVC),continuous|3062|both_sexes||irnt,GRCh37,fvc,SENSITIVITY,Proxy biomarker,Proxy biomarker,False,False,B,B,0,1,1,1,Asthma,EUR,CSA,3,chr3,53880607,53899827,53880606,53780607,53999827,53780606,100000,+,ENSG00000056736.5,protein_coding,IL17RB,exact_gene_name,GENCODE v19,MATCHED,single_multianalysis_bgzf,s3://pan-ukb-us-east-1/sumstats_flat_files/continuous-3062-both_sexes-irnt.tsv.bgz,s3://pan-ukb-us-east-1/sumstats_flat_files_tabix/continuous-3062-both_sexes-irnt.tsv.bgz.tbi,s3://pan-ukb-us-east-1/sumstats_flat_files/continuous-3062-both_sexes-irnt.tsv.bgz,s3://pan-ukb-us-east-1/sumstats_flat_files_tabix/continuous-3062-both_sexes-irnt.tsv.bgz.tbi,CSA,TO_VALIDATE_IN_15B2,MATCHED_TRAIT_CATALOG,True,True,True,True,True,
cmp_1887cf22dde0a1df,gt_84525d9b3679984a,IL17RB,Pan-UKB,Pan-UKB::continuous|3062|both_sexes||irnt,Forced vital capacity (FVC),continuous|3062|both_sexes||irnt,GRCh37,fvc,SENSITIVITY,Proxy biomarker,Proxy biomarker,False,False,B,B,0,1,1,1,Asthma,EUR,MID,3,chr3,53880607,53899827,53880606,53780607,53999827,53780606,100000,+,ENSG00000056736.5,protein_coding,IL17RB,exact_gene_name,GENCODE v19,MATCHED,single_multianalysis_bgzf,s3://pan-ukb-us-east-1/sumstats_flat_files/continuous-3062-both_sexes-irnt.tsv.bgz,s3://pan-ukb-us-east-1/sumstats_flat_files_tabix/continuous-3062-both_sexes-irnt.tsv.bgz.tbi,s3://pan-ukb-us-east-1/sumstats_flat_files/continuous-3062-both_sexes-irnt.tsv.bgz,s3://pan-ukb-us-east-1/sumstats_flat_files_tabix/continuous-3062-both_sexes-irnt.tsv.bgz.tbi,MID,TO_VALIDATE_IN_15B2,MATCHED_TRAIT_CATALOG,True,True,True,True,True,
cmp_922343856f4c9d8e,gt_07be8437e4fb75bf,IL1R1,Pan-UKB,Pan-UKB::continuous|3062|both_sexes||irnt,Forced vital capacity (FVC),continuous|3062|both_sexes||irnt,GRCh37,fvc,SENSITIVITY,Closely related phenotype,Closely related phenotype,False,False,B,B,0,1,1,1,"Pulmonary Disease, Chronic Obstructive",EUR,AFR,2,chr2,102681004,102796334,102681003,102581004,102896334,102581003,100000,+,ENSG00000115594.7,protein_coding,IL1R1,exact_gene_name,GENCODE v19,MATCHED,single_multianalysis_bgzf,s3://pan-ukb-us-east-1/sumstats_flat_files/continuous-3062-both_sexes-irnt.tsv.bgz,s3://pan-ukb-us-east-1/sumstats_flat_files_tabix/continuous-3062-both_sexes-irnt.tsv.bgz.tbi,s3://pan-ukb-us-east-1/sumstats_flat_files/continuous-3062-both_sexes-irnt.tsv.bgz,s3://pan-ukb-us-east-1/sumstats_flat_files_tabix/continuous-3062-both_sexes-irnt.tsv.bgz.tbi,AFR,TO_VALIDATE_IN_15B2,MATCHED_TRAIT_CATALOG,True,True,True,True,True,
cmp_0f62cc6a7c2edcc4,gt_07be8437e4fb75bf,IL1R1,Pan-UKB,Pan-UKB::continuous|3062|both_sexes||irnt,Forced vital capacity (FVC),continuous|3062|both_sexes||irnt,GRCh37,fvc,SENSITIVITY,Closely related phenotype,Closely related phenotype,False,False,B,B,0,1,1,1,"Pulmonary Disease, Chronic Obstructive",EUR,CSA,2,chr2,102681004,102796334,102681003,102581004,102896334,102581003,100000,+,ENSG00000115594.7,protein_coding,IL1R1,exact_gene_name,GENCODE v19,MATCHED,single_multianalysis_bgzf,s3://pan-ukb-us-east-1/sumstats_flat_files/continuous-3062-both_sexes-irnt.tsv.bgz,s3://pan-ukb-us-east-1/sumstats_flat_files_tabix/continuous-3062-both_sexes-irnt.tsv.bgz.tbi,s3://pan-ukb-us-east-1/sumstats_flat_files/continuous-3062-both_sexes-irnt.tsv.bgz,s3://pan-ukb-us-east-1/sumstats_flat_files_tabix/continuous-3062-both_sexes-irnt.tsv.bgz.tbi,CSA,TO_VALIDATE_IN_15B2,MATCHED_TRAIT_CATALOG,True,True,True,True,True,
cmp_31aa42c2f5c4dcb3,gt_07be8437e4fb75bf,IL1R1,Pan-UKB,Pan-UKB::continuous|3062|both_sexes||irnt,Forced vital capacity (FVC),continuous|3062|both_sexes||irnt,GRCh37,fvc,SENSITIVITY,Closely related phenotype,Closely related phenotype,False,False,B,B,0,1,1,1,"Pulmonary Disease, Chronic Obstructive",EUR,MID,2,chr2,102681004,102796334,102681003,102581004,102896334,102581003,100000,+,ENSG00000115594.7,protein_coding,IL1R1,exact_gene_name,GENCODE v19,MATCHED,single_multianalysis_bgzf,s3://pan-ukb-us-east-1/sumstats_flat_files/continuous-3062-both_sexes-irnt.tsv.bgz,s3://pan-ukb-us-east-1/sumstats_flat_files_tabix/continuous-3062-both_sexes-irnt.tsv.bgz.tbi,s3://pan-ukb-us-east-1/sumstats_flat_files/continuous-3062-both_sexes-irnt.tsv.bgz,s3://pan-ukb-us-east-1/sumstats_flat_files_tabix/continuous-3062-both_sexes-irnt.tsv.bgz.tbi,MID,TO_VALIDATE_IN_15B2,MATCHED_TRAIT_CATALOG,True,True,True,True,True,
cmp_da099bb3faa4d756,gt_c073758027a17aa2,IL1RL1,Pan-UKB,Pan-UKB::continuous|3062|both_sexes||irnt,Forced vital capacity (FVC),continuous|3062|both_sexes||irnt,GRCh37,fvc,SENSITIVITY,Closely related phenotype,Closely related phenotype || Proxy biomarker,False,False,B,B,0,2,2,2,"Asthma || Pulmonary Disease, Chronic Obstructive",EUR,AFR,2,chr2,102927962,102968497,102927961,102827962,103068497,102827961,100000,+,ENSG00000115602.12,protein_coding,IL1RL1,exact_gene_name,GENCODE v19,MATCHED,single_multianalysis_bgzf,s3://pan-ukb-us-east-1/sumstats_flat_files/continuous-3062-both_sexes-irnt.tsv.bgz,s3://pan-ukb-us-east-1/sumstats_flat_files_tabix/continuous-3062-both_sexes-irnt.tsv.bgz.tbi,s3://pan-ukb-us-east-1/sumstats_flat_files/continuous-3062-both_sexes-irnt.tsv.bgz,s3://pan-ukb-us-east-1/sumstats_flat_files_tabix/continuous-3062-both_sexes-irnt.tsv.bgz.tbi,AFR,TO_VALIDATE_IN_15B2,MATCHED_TRAIT_CATALOG,True,True,True,True,True,
cmp_f97b2c00161abfa4,gt_c073758027a17aa2,IL1RL1,Pan-UKB,Pan-UKB::continuous|3062|both_sexes||irnt,Forced vital capacity (FVC),continuous|3062|both_sexes||irnt,GRCh37,fvc,SENSITIVITY,Closely related phenotype,Closely related phenotype || Proxy biomarker,False,False,B,B,0,2,2,2,"Asthma || Pulmonary Disease, Chronic Obstructive",EUR,CSA,2,chr2,102927962,102968497,102927961,102827962,103068497,102827961,100000,+,ENSG00000115602.12,protein_coding,IL1RL1,exact_gene_name,GENCODE v19,MATCHED,single_multianalysis_bgzf,s3://pan-ukb-us-east-1/sumstats_flat_files/continuous-3062-both_sexes-irnt.tsv.bgz,s3://pan-ukb-us-east-1/sumstats_flat_files_tabix/continuous-3062-both_sexes-irnt.tsv.bgz.tbi,s3://pan-ukb-us-east-1/sumstats_flat_files/continuous-3062-both_sexes-irnt.tsv.bgz,s3://pan-ukb-us-east-1/sumstats_flat_files_tabix/continuous-3062-both_sexes-irnt.tsv.bgz.tbi,CSA,TO_VALIDATE_IN_15B2,MATCHED_TRAIT_CATALOG,True,True,True,True,True,
cmp_acb9e49bff81aba7,gt_c073758027a17aa2,IL1RL1,Pan-UKB,Pan-UKB::continuous|3062|both_sexes||irnt,Forced vital capacity (FVC),continuous|3062|both_sexes||irnt,GRCh37,fvc,SENSITIVITY,Closely related phenotype,Closely related phenotype || Proxy biomarker,False,False,B,B,0,2,2,2,"Asthma || Pulmonary Disease, Chronic Obstructive",EUR,MID,2,chr2,102927962,102968497,102927961,102827962,103068497,102827961,100000,+,ENSG00000115602.12,protein_coding,IL1RL1,exact_gene_name,GENCODE v19,MATCHED,single_multianalysis_bgzf,s3://pan-ukb-us-east-1/sumstats_flat_files/continuous-3062-both_sexes-irnt.tsv.bgz,s3://pan-ukb-us-east-1/sumstats_flat_files_tabix/continuous-3062-both_sexes-irnt.tsv.bgz.tbi,s3://pan-ukb-us-east-1/sumstats_flat_files/continuous-3062-both_sexes-irnt.tsv.bgz,s3://pan-ukb-us-east-1/sumstats_flat_files_tabix/continuous-3062-both_sexes-irnt.tsv.bgz.tbi,MID,TO_VALIDATE_IN_15B2,MATCHED_TRAIT_CATALOG,True,True,True,True,True,
cmp_19ebba0d130819ad,gt_0f3c648c57772115,IL3,Pan-UKB,Pan-UKB::continuous|3062|both_sexes||irnt,Forced vital capacity (FVC),continuous|3062|both_sexes||irnt,GRCh37,fvc,SENSITIVITY,Proxy biomarker,Proxy biomarker,False,False,B,B,0,1,1,1,Asthma,EUR,AFR,5,chr5,131396222,131398897,131396221,131296222,131498897,131296221,100000,+,ENSG00000164399.4,protein_coding,IL3,exact_gene_name,GENCODE v19,MATCHED,single_multianalysis_bgzf,s3://pan-ukb-us-east-1/sumstats_flat_files/continuous-3062-both_sexes-irnt.tsv.bgz,s3://pan-ukb-us-east-1/sumstats_flat_files_tabix/continuous-3062-both_sexes-irnt.tsv.bgz.tbi,s3://pan-ukb-us-east-1/sumstats_flat_files/continuous-3062-both_sexes-irnt.tsv.bgz,s3://pan-ukb-us-east-1/sumstats_flat_files_tabix/continuous-3062-both_sexes-irnt.tsv.bgz.tbi,AFR,TO_VALIDATE_IN_15B2,MATCHED_TRAIT_CATALOG,True,True,True,True,True,
cmp_be2532a3a1319712,gt_0f3c648c57772115,IL3,Pan-UKB,Pan-UKB::continuous|3062|both_sexes||irnt,Forced vital capacity (FVC),continuous|3062|both_sexes||irnt,GRCh37,fvc,SENSITIVITY,Proxy biomarker,Proxy biomarker,False,False,B,B,0,1,1,1,Asthma,EUR,CSA,5,chr5,131396222,131398897,131396221,131296222,131498897,131296221,100000,+,ENSG00000164399.4,protein_coding,IL3,exact_gene_name,GENCODE v19,MATCHED,single_multianalysis_bgzf,s3://pan-ukb-us-east-1/sumstats_flat_files/continuous-3062-both_sexes-irnt.tsv.bgz,s3://pan-ukb-us-east-1/sumstats_flat_files_tabix/continuous-3062-both_sexes-irnt.tsv.bgz.tbi,s3://pan-ukb-us-east-1/sumstats_flat_files/continuous-3062-both_sexes-irnt.tsv.bgz,s3://pan-ukb-us-east-1/sumstats_flat_files_tabix/continuous-3062-both_sexes-irnt.tsv.bgz.tbi,CSA,TO_VALIDATE_IN_15B2,MATCHED_TRAIT_CATALOG,True,True,True,True,True,
cmp_188e23743abf4404,gt_0f3c648c57772115,IL3,Pan-UKB,Pan-UKB::continuous|3062|both_sexes||irnt,Forced vital capacity (FVC),continuous|3062|both_sexes||irnt,GRCh37,fvc,SENSITIVITY,Proxy biomarker,Proxy biomarker,False,False,B,B,0,1,1,1,Asthma,EUR,MID,5,chr5,131396222,131398897,131396221,131296222,131498897,131296221,100000,+,ENSG00000164399.4,protein_coding,IL3,exact_gene_name,GENCODE v19,MATCHED,single_multianalysis_bgzf,s3://pan-ukb-us-east-1/sumstats_flat_files/continuous-3062-both_sexes-irnt.tsv.bgz,s3://pan-ukb-us-east-1/sumstats_flat_files_tabix/continuous-3062-both_sexes-irnt.tsv.bgz.tbi,s3://pan-ukb-us-east-1/sumstats_flat_files/continuous-3062-both_sexes-irnt.tsv.bgz,s3://pan-ukb-us-east-1/sumstats_flat_files_tabix/continuous-3062-both_sexes-irnt.tsv.bgz.tbi,MID,TO_VALIDATE_IN_15B2,MATCHED_TRAIT_CATALOG,True,True,True,True,True,
cmp_243110a936e195dc,gt_18d41ae065e330d7,IL33,Pan-UKB,Pan-UKB::continuous|3062|both_sexes||irnt,Forced vital capacity (FVC),continuous|3062|both_sexes||irnt,GRCh37,fvc,SENSITIVITY,Closely related phenotype,Closely related phenotype || Proxy biomarker,False,False,B,B,0,2,2,2,"Asthma || Pulmonary Disease, Chronic Obstructive",EUR,AFR,9,chr9,6215805,6257983,6215804,6115805,6357983,6115804,100000,+,ENSG00000137033.7,protein_coding,IL33,exact_gene_name,GENCODE v19,MATCHED,single_multianalysis_bgzf,s3://pan-ukb-us-east-1/sumstats_flat_files/continuous-3062-both_sexes-irnt.tsv.bgz,s3://pan-ukb-us-east-1/sumstats_flat_files_tabix/continuous-3062-both_sexes-irnt.tsv.bgz.tbi,s3://pan-ukb-us-east-1/sumstats_flat_files/continuous-3062-both_sexes-irnt.tsv.bgz,s3://pan-ukb-us-east-1/sumstats_flat_files_tabix/continuous-3062-both_sexes-irnt.tsv.bgz.tbi,AFR,TO_VALIDATE_IN_15B2,MATCHED_TRAIT_CATALOG,True,True,True,True,True,
cmp_b2302c72c314e35e,gt_18d41ae065e330d7,IL33,Pan-UKB,Pan-UKB::continuous|3062|both_sexes||irnt,Forced vital capacity (FVC),continuous|3062|both_sexes||irnt,GRCh37,fvc,SENSITIVITY,Closely related phenotype,Closely related phenotype || Proxy biomarker,False,False,B,B,0,2,2,2,"Asthma || Pulmonary Disease, Chronic Obstructive",EUR,CSA,9,chr9,6215805,6257983,6215804,6115805,6357983,6115804,100000,+,ENSG00000137033.7,protein_coding,IL33,exact_gene_name,GENCODE v19,MATCHED,single_multianalysis_bgzf,s3://pan-ukb-us-east-1/sumstats_flat_files/continuous-3062-both_sexes-irnt.tsv.bgz,s3://pan-ukb-us-east-1/sumstats_flat_files_tabix/continuous-3062-both_sexes-irnt.tsv.bgz.tbi,s3://pan-ukb-us-east-1/sumstats_flat_files/continuous-3062-both_sexes-irnt.tsv.bgz,s3://pan-ukb-us-east-1/sumstats_flat_files_tabix/continuous-3062-both_sexes-irnt.tsv.bgz.tbi,CSA,TO_VALIDATE_IN_15B2,MATCHED_TRAIT_CATALOG,True,True,True,True,True,
cmp_7e793280b06a50d4,gt_18d41ae065e330d7,IL33,Pan-UKB,Pan-UKB::continuous|3062|both_sexes||irnt,Forced vital capacity (FVC),continuous|3062|both_sexes||irnt,GRCh37,fvc,SENSITIVITY,Closely related phenotype,Closely related phenotype || Proxy biomarker,False,False,B,B,0,2,2,2,"Asthma || Pulmonary Disease, Chronic Obstructive",EUR,MID,9,chr9,6215805,6257983,6215804,6115805,6357983,6115804,100000,+,ENSG00000137033.7,protein_coding,IL33,exact_gene_name,GENCODE v19,MATCHED,single_multianalysis_bgzf,s3://pan-ukb-us-east-1/sumstats_flat_files/continuous-3062-both_sexes-irnt.tsv.bgz,s3://pan-ukb-us-east-1/sumstats_flat_files_tabix/continuous-3062-both_sexes-irnt.tsv.bgz.tbi,s3://pan-ukb-us-east-1/sumstats_flat_files/continuous-3062-both_sexes-irnt.tsv.bgz,s3://pan-ukb-us-east-1/sumstats_flat_files_tabix/continuous-3062-both_sexes-irnt.tsv.bgz.tbi,MID,TO_VALIDATE_IN_15B2,MATCHED_TRAIT_CATALOG,True,True,True,True,True,
cmp_6e8eaa5bcba8f01f,gt_08e785ae6efb3f9a,IL4R,Pan-UKB,Pan-UKB::continuous|3062|both_sexes||irnt,Forced vital capacity (FVC),continuous|3062|both_sexes||irnt,GRCh37,fvc,SENSITIVITY,Closely related phenotype,Closely related phenotype || Proxy biomarker,True,False,A,"A,B",1,1,2,2,"Asthma || Pulmonary Disease, Chronic Obstructive",EUR,AFR,16,chr16,27324989,27376099,27324988,27224989,27476099,27224988,100000,+,ENSG00000077238.9,protein_coding,IL4R,exact_gene_name,GENCODE v19,MATCHED,single_multianalysis_bgzf,s3://pan-ukb-us-east-1/sumstats_flat_files/continuous-3062-both_sexes-irnt.tsv.bgz,s3://pan-ukb-us-east-1/sumstats_flat_files_tabix/continuous-3062-both_sexes-irnt.tsv.bgz.tbi,s3://pan-ukb-us-east-1/sumstats_flat_files/continuous-3062-both_sexes-irnt.tsv.bgz,s3://pan-ukb-us-east-1/sumstats_flat_files_tabix/continuous-3062-both_sexes-irnt.tsv.bgz.tbi,AFR,TO_VALIDATE_IN_15B2,MATCHED_TRAIT_CATALOG,True,True,True,True,True,
cmp_cd746859d3f29a12,gt_08e785ae6efb3f9a,IL4R,Pan-UKB,Pan-UKB::continuous|3062|both_sexes||irnt,Forced vital capacity (FVC),continuous|3062|both_sexes||irnt,GRCh37,fvc,SENSITIVITY,Closely related phenotype,Closely related phenotype || Proxy biomarker,True,False,A,"A,B",1,1,2,2,"Asthma || Pulmonary Disease, Chronic Obstructive",EUR,CSA,16,chr16,27324989,27376099,27324988,27224989,27476099,27224988,100000,+,ENSG00000077238.9,protein_coding,IL4R,exact_gene_name,GENCODE v19,MATCHED,single_multianalysis_bgzf,s3://pan-ukb-us-east-1/sumstats_flat_files/continuous-3062-both_sexes-irnt.tsv.bgz,s3://pan-ukb-us-east-1/sumstats_flat_files_tabix/continuous-3062-both_sexes-irnt.tsv.bgz.tbi,s3://pan-ukb-us-east-1/sumstats_flat_files/continuous-3062-both_sexes-irnt.tsv.bgz,s3://pan-ukb-us-east-1/sumstats_flat_files_tabix/continuous-3062-both_sexes-irnt.tsv.bgz.tbi,CSA,TO_VALIDATE_IN_15B2,MATCHED_TRAIT_CATALOG,True,True,True,True,True,
cmp_0a262ab0250b06a7,gt_08e785ae6efb3f9a,IL4R,Pan-UKB,Pan-UKB::continuous|3062|both_sexes||irnt,Forced vital capacity (FVC),continuous|3062|both_sexes||irnt,GRCh37,fvc,SENSITIVITY,Closely related phenotype,Closely related phenotype || Proxy biomarker,True,False,A,"A,B",1,1,2,2,"Asthma || Pulmonary Disease, Chronic Obstructive",EUR,MID,16,chr16,27324989,27376099,27324988,27224989,27476099,27224988,100000,+,ENSG00000077238.9,protein_coding,IL4R,exact_gene_name,GENCODE v19,MATCHED,single_multianalysis_bgzf,s3://pan-ukb-us-east-1/sumstats_flat_files/continuous-3062-both_sexes-irnt.tsv.bgz,s3://pan-ukb-us-east-1/sumstats_flat_files_tabix/continuous-3062-both_sexes-irnt.tsv.bgz.tbi,s3://pan-ukb-us-east-1/sumstats_flat_files/continuous-3062-both_sexes-irnt.tsv.bgz,s3://pan-ukb-us-east-1/sumstats_flat_files_tabix/continuous-3062-both_sexes-irnt.tsv.bgz.tbi,MID,TO_VALIDATE_IN_15B2,MATCHED_TRAIT_CATALOG,True,True,True,True,True,
cmp_8b497ea68f5db561,gt_02cc00fae6333219,IL5,Pan-UKB,Pan-UKB::continuous|3062|both_sexes||irnt,Forced vital capacity (FVC),continuous|3062|both_sexes||irnt,GRCh37,fvc,SENSITIVITY,Proxy biomarker,Proxy biomarker,False,False,B,B,0,1,1,1,Asthma,EUR,AFR,5,chr5,131877136,131892530,131877135,131777136,131992530,131777135,100000,-,ENSG00000113525.5,protein_coding,IL5,exact_gene_name,GENCODE v19,MATCHED,single_multianalysis_bgzf,s3://pan-ukb-us-east-1/sumstats_flat_files/continuous-3062-both_sexes-irnt.tsv.bgz,s3://pan-ukb-us-east-1/sumstats_flat_files_tabix/continuous-3062-both_sexes-irnt.tsv.bgz.tbi,s3://pan-ukb-us-east-1/sumstats_flat_files/continuous-3062-both_sexes-irnt.tsv.bgz,s3://pan-ukb-us-east-1/sumstats_flat_files_tabix/continuous-3062-both_sexes-irnt.tsv.bgz.tbi,AFR,TO_VALIDATE_IN_15B2,MATCHED_TRAIT_CATALOG,True,True,True,True,True,
cmp_dd1b21bbc45eb2a0,gt_02cc00fae6333219,IL5,Pan-UKB,Pan-UKB::continuous|3062|both_sexes||irnt,Forced vital capacity (FVC),continuous|3062|both_sexes||irnt,GRCh37,fvc,SENSITIVITY,Proxy biomarker,Proxy biomarker,False,False,B,B,0,1,1,1,Asthma,EUR,CSA,5,chr5,131877136,131892530,131877135,131777136,131992530,131777135,100000,-,ENSG00000113525.5,protein_coding,IL5,exact_gene_name,GENCODE v19,MATCHED,single_multianalysis_bgzf,s3://pan-ukb-us-east-1/sumstats_flat_files/continuous-3062-both_sexes-irnt.tsv.bgz,s3://pan-ukb-us-east-1/sumstats_flat_files_tabix/continuous-3062-both_sexes-irnt.tsv.bgz.tbi,s3://pan-ukb-us-east-1/sumstats_flat_files/continuous-3062-both_sexes-irnt.tsv.bgz,s3://pan-ukb-us-east-1/sumstats_flat_files_tabix/continuous-3062-both_sexes-irnt.tsv.bgz.tbi,CSA,TO_VALIDATE_IN_15B2,MATCHED_TRAIT_CATALOG,True,True,True,True,True,
cmp_7e307816e12f7868,gt_02cc00fae6333219,IL5,Pan-UKB,Pan-UKB::continuous|3062|both_sexes||irnt,Forced vital capacity (FVC),continuous|3062|both_sexes||irnt,GRCh37,fvc,SENSITIVITY,Proxy biomarker,Proxy biomarker,False,False,B,B,0,1,1,1,Asthma,EUR,MID,5,chr5,131877136,131892530,131877135,131777136,131992530,131777135,100000,-,ENSG00000113525.5,protein_coding,IL5,exact_gene_name,GENCODE v19,MATCHED,single_multianalysis_bgzf,s3://pan-ukb-us-east-1/sumstats_flat_files/continuous-3062-both_sexes-irnt.tsv.bgz,s3://pan-ukb-us-east-1/sumstats_flat_files_tabix/continuous-3062-both_sexes-irnt.tsv.bgz.tbi,s3://pan-ukb-us-east-1/sumstats_flat_files/continuous-3062-both_sexes-irnt.tsv.bgz,s3://pan-ukb-us-east-1/sumstats_flat_files_tabix/continuous-3062-both_sexes-irnt.tsv.bgz.tbi,MID,TO_VALIDATE_IN_15B2,MATCHED_TRAIT_CATALOG,True,True,True,True,True,
cmp_2fa9bc3784a6aba4,gt_fc6dc0881ba598e4,IL6,Pan-UKB,Pan-UKB::continuous|3062|both_sexes||irnt,Forced vital capacity (FVC),continuous|3062|both_sexes||irnt,GRCh37,fvc,SENSITIVITY,Proxy biomarker,Proxy biomarker,False,False,B,B,0,1,1,1,Asthma,EUR,AFR,7,chr7,22765503,22771621,22765502,22665503,22871621,22665502,100000,+,ENSG00000136244.7,protein_coding,IL6,exact_gene_name,GENCODE v19,MATCHED,single_multianalysis_bgzf,s3://pan-ukb-us-east-1/sumstats_flat_files/continuous-3062-both_sexes-irnt.tsv.bgz,s3://pan-ukb-us-east-1/sumstats_flat_files_tabix/continuous-3062-both_sexes-irnt.tsv.bgz.tbi,s3://pan-ukb-us-east-1/sumstats_flat_files/continuous-3062-both_sexes-irnt.tsv.bgz,s3://pan-ukb-us-east-1/sumstats_flat_files_tabix/continuous-3062-both_sexes-irnt.tsv.bgz.tbi,AFR,TO_VALIDATE_IN_15B2,MATCHED_TRAIT_CATALOG,True,True,True,True,True,
cmp_50685ea08e3c4a7f,gt_fc6dc0881ba598e4,IL6,Pan-UKB,Pan-UKB::continuous|3062|both_sexes||irnt,Forced vital capacity (FVC),continuous|3062|both_sexes||irnt,GRCh37,fvc,SENSITIVITY,Proxy biomarker,Proxy biomarker,False,False,B,B,0,1,1,1,Asthma,EUR,CSA,7,chr7,22765503,22771621,22765502,22665503,22871621,22665502,100000,+,ENSG00000136244.7,protein_coding,IL6,exact_gene_name,GENCODE v19,MATCHED,single_multianalysis_bgzf,s3://pan-ukb-us-east-1/sumstats_flat_files/continuous-3062-both_sexes-irnt.tsv.bgz,s3://pan-ukb-us-east-1/sumstats_flat_files_tabix/continuous-3062-both_sexes-irnt.tsv.bgz.tbi,s3://pan-ukb-us-east-1/sumstats_flat_files/continuous-3062-both_sexes-irnt.tsv.bgz,s3://pan-ukb-us-east-1/sumstats_flat_files_tabix/continuous-3062-both_sexes-irnt.tsv.bgz.tbi,CSA,TO_VALIDATE_IN_15B2,MATCHED_TRAIT_CATALOG,True,True,True,True,True,
cmp_0c97a6b69a46b5a0,gt_fc6dc0881ba598e4,IL6,Pan-UKB,Pan-UKB::continuous|3062|both_sexes||irnt,Forced vital capacity (FVC),continuous|3062|both_sexes||irnt,GRCh37,fvc,SENSITIVITY,Proxy biomarker,Proxy biomarker,False,False,B,B,0,1,1,1,Asthma,EUR,MID,7,chr7,22765503,22771621,22765502,22665503,22871621,22665502,100000,+,ENSG00000136244.7,protein_coding,IL6,exact_gene_name,GENCODE v19,MATCHED,single_multianalysis_bgzf,s3://pan-ukb-us-east-1/sumstats_flat_files/continuous-3062-both_sexes-irnt.tsv.bgz,s3://pan-ukb-us-east-1/sumstats_flat_files_tabix/continuous-3062-both_sexes-irnt.tsv.bgz.tbi,s3://pan-ukb-us-east-1/sumstats_flat_files/continuous-3062-both_sexes-irnt.tsv.bgz,s3://pan-ukb-us-east-1/sumstats_flat_files_tabix/continuous-3062-both_sexes-irnt.tsv.bgz.tbi,MID,TO_VALIDATE_IN_15B2,MATCHED_TRAIT_CATALOG,True,True,True,True,True,
cmp_531b60e1603b1cea,gt_58869ee37c53092a,ITGB7,Pan-UKB,Pan-UKB::continuous|3062|both_sexes||irnt,Forced vital capacity (FVC),continuous|3062|both_sexes||irnt,GRCh37,fvc,SENSITIVITY,Proxy biomarker,Proxy biomarker,False,False,B,B,0,1,1,1,Asthma,EUR,AFR,12,chr12,53585102,53601091,53585101,53485102,53701091,53485101,100000,-,ENSG00000139626.11,protein_coding,ITGB7,exact_gene_name,GENCODE v19,MATCHED,single_multianalysis_bgzf,s3://pan-ukb-us-east-1/sumstats_flat_files/continuous-3062-both_sexes-irnt.tsv.bgz,s3://pan-ukb-us-east-1/sumstats_flat_files_tabix/continuous-3062-both_sexes-irnt.tsv.bgz.tbi,s3://pan-ukb-us-east-1/sumstats_flat_files/continuous-3062-both_sexes-irnt.tsv.bgz,s3://pan-ukb-us-east-1/sumstats_flat_files_tabix/continuous-3062-both_sexes-irnt.tsv.bgz.tbi,AFR,TO_VALIDATE_IN_15B2,MATCHED_TRAIT_CATALOG,True,True,True,True,True,
cmp_db58ffbf80fabc8d,gt_58869ee37c53092a,ITGB7,Pan-UKB,Pan-UKB::continuous|3062|both_sexes||irnt,Forced vital capacity (FVC),continuous|3062|both_sexes||irnt,GRCh37,fvc,SENSITIVITY,Proxy biomarker,Proxy biomarker,False,False,B,B,0,1,1,1,Asthma,EUR,CSA,12,chr12,53585102,53601091,53585101,53485102,53701091,53485101,100000,-,ENSG00000139626.11,protein_coding,ITGB7,exact_gene_name,GENCODE v19,MATCHED,single_multianalysis_bgzf,s3://pan-ukb-us-east-1/sumstats_flat_files/continuous-3062-both_sexes-irnt.tsv.bgz,s3://pan-ukb-us-east-1/sumstats_flat_files_tabix/continuous-3062-both_sexes-irnt.tsv.bgz.tbi,s3://pan-ukb-us-east-1/sumstats_flat_files/continuous-3062-both_sexes-irnt.tsv.bgz,s3://pan-ukb-us-east-1/sumstats_flat_files_tabix/continuous-3062-both_sexes-irnt.tsv.bgz.tbi,CSA,TO_VALIDATE_IN_15B2,MATCHED_TRAIT_CATALOG,True,True,True,True,True,
cmp_2e7bc5fc5c721c2d,gt_58869ee37c53092a,ITGB7,Pan-UKB,Pan-UKB::continuous|3062|both_sexes||irnt,Forced vital capacity (FVC),continuous|3062|both_sexes||irnt,GRCh37,fvc,SENSITIVITY,Proxy biomarker,Proxy biomarker,False,False,B,B,0,1,1,1,Asthma,EUR,MID,12,chr12,53585102,53601091,53585101,53485102,53701091,53485101,100000,-,ENSG00000139626.11,protein_coding,ITGB7,exact_gene_name,GENCODE v19,MATCHED,single_multianalysis_bgzf,s3://pan-ukb-us-east-1/sumstats_flat_files/continuous-3062-both_sexes-irnt.tsv.bgz,s3://pan-ukb-us-east-1/sumstats_flat_files_tabix/continuous-3062-both_sexes-irnt.tsv.bgz.tbi,s3://pan-ukb-us-east-1/sumstats_flat_files/continuous-3062-both_sexes-irnt.tsv.bgz,s3://pan-ukb-us-east-1/sumstats_flat_files_tabix/continuous-3062-both_sexes-irnt.tsv.bgz.tbi,MID,TO_VALIDATE_IN_15B2,MATCHED_TRAIT_CATALOG,True,True,True,True,True,
cmp_3b391f47afc6f174,gt_a92d4e31f988cf77,KIT,Pan-UKB,Pan-UKB::continuous|3062|both_sexes||irnt,Forced vital capacity (FVC),continuous|3062|both_sexes||irnt,GRCh37,fvc,SENSITIVITY,Proxy biomarker,Proxy biomarker,False,False,B,B,0,1,1,1,Asthma,EUR,AFR,4,chr4,55524085,55606881,55524084,55424085,55706881,55424084,100000,+,ENSG00000157404.11,protein_coding,KIT,exact_gene_name,GENCODE v19,MATCHED,single_multianalysis_bgzf,s3://pan-ukb-us-east-1/sumstats_flat_files/continuous-3062-both_sexes-irnt.tsv.bgz,s3://pan-ukb-us-east-1/sumstats_flat_files_tabix/continuous-3062-both_sexes-irnt.tsv.bgz.tbi,s3://pan-ukb-us-east-1/sumstats_flat_files/continuous-3062-both_sexes-irnt.tsv.bgz,s3://pan-ukb-us-east-1/sumstats_flat_files_tabix/continuous-3062-both_sexes-irnt.tsv.bgz.tbi,AFR,TO_VALIDATE_IN_15B2,MATCHED_TRAIT_CATALOG,True,True,True,True,True,
cmp_d76d5d00dd99397d,gt_a92d4e31f988cf77,KIT,Pan-UKB,Pan-UKB::continuous|3062|both_sexes||irnt,Forced vital capacity (FVC),continuous|3062|both_sexes||irnt,GRCh37,fvc,SENSITIVITY,Proxy biomarker,Proxy biomarker,False,False,B,B,0,1,1,1,Asthma,EUR,CSA,4,chr4,55524085,55606881,55524084,55424085,55706881,55424084,100000,+,ENSG00000157404.11,protein_coding,KIT,exact_gene_name,GENCODE v19,MATCHED,single_multianalysis_bgzf,s3://pan-ukb-us-east-1/sumstats_flat_files/continuous-3062-both_sexes-irnt.tsv.bgz,s3://pan-ukb-us-east-1/sumstats_flat_files_tabix/continuous-3062-both_sexes-irnt.tsv.bgz.tbi,s3://pan-ukb-us-east-1/sumstats_flat_files/continuous-3062-both_sexes-irnt.tsv.bgz,s3://pan-ukb-us-east-1/sumstats_flat_files_tabix/continuous-3062-both_sexes-irnt.tsv.bgz.tbi,CSA,TO_VALIDATE_IN_15B2,MATCHED_TRAIT_CATALOG,True,True,True,True,True,
cmp_e8b59fd83b71c206,gt_a92d4e31f988cf77,KIT,Pan-UKB,Pan-UKB::continuous|3062|both_sexes||irnt,Forced vital capacity (FVC),continuous|3062|both_sexes||irnt,GRCh37,fvc,SENSITIVITY,Proxy biomarker,Proxy biomarker,False,False,B,B,0,1,1,1,Asthma,EUR,MID,4,chr4,55524085,55606881,55524084,55424085,55706881,55424084,100000,+,ENSG00000157404.11,protein_coding,KIT,exact_gene_name,GENCODE v19,MATCHED,single_multianalysis_bgzf,s3://pan-ukb-us-east-1/sumstats_flat_files/continuous-3062-both_sexes-irnt.tsv.bgz,s3://pan-ukb-us-east-1/sumstats_flat_files_tabix/continuous-3062-both_sexes-irnt.tsv.bgz.tbi,s3://pan-ukb-us-east-1/sumstats_flat_files/continuous-3062-both_sexes-irnt.tsv.bgz,s3://pan-ukb-us-east-1/sumstats_flat_files_tabix/continuous-3062-both_sexes-irnt.tsv.bgz.tbi,MID,TO_VALIDATE_IN_15B2,MATCHED_TRAIT_CATALOG,True,True,True,True,True,
cmp_978ee1932afcf88b,gt_70a0768822a3785b,MMP12,Pan-UKB,Pan-UKB::continuous|3062|both_sexes||irnt,Forced vital capacity (FVC),continuous|3062|both_sexes||irnt,GRCh37,fvc,SENSITIVITY,Proxy biomarker,Proxy biomarker,False,False,B,B,0,1,1,1,Asthma,EUR,AFR,11,chr11,102733467,102745764,102733466,102633467,102845764,102633466,100000,-,ENSG00000110347.7,processed_transcript,MMP12,exact_gene_name,GENCODE v19,MATCHED,single_multianalysis_bgzf,s3://pan-ukb-us-east-1/sumstats_flat_files/continuous-3062-both_sexes-irnt.tsv.bgz,s3://pan-ukb-us-east-1/sumstats_flat_files_tabix/continuous-3062-both_sexes-irnt.tsv.bgz.tbi,s3://pan-ukb-us-east-1/sumstats_flat_files/continuous-3062-both_sexes-irnt.tsv.bgz,s3://pan-ukb-us-east-1/sumstats_flat_files_tabix/continuous-3062-both_sexes-irnt.tsv.bgz.tbi,AFR,TO_VALIDATE_IN_15B2,MATCHED_TRAIT_CATALOG,True,True,True,True,True,
cmp_c03eee1356ff5583,gt_70a0768822a3785b,MMP12,Pan-UKB,Pan-UKB::continuous|3062|both_sexes||irnt,Forced vital capacity (FVC),continuous|3062|both_sexes||irnt,GRCh37,fvc,SENSITIVITY,Proxy biomarker,Proxy biomarker,False,False,B,B,0,1,1,1,Asthma,EUR,CSA,11,chr11,102733467,102745764,102733466,102633467,102845764,102633466,100000,-,ENSG00000110347.7,processed_transcript,MMP12,exact_gene_name,GENCODE v19,MATCHED,single_multianalysis_bgzf,s3://pan-ukb-us-east-1/sumstats_flat_files/continuous-3062-both_sexes-irnt.tsv.bgz,s3://pan-ukb-us-east-1/sumstats_flat_files_tabix/continuous-3062-both_sexes-irnt.tsv.bgz.tbi,s3://pan-ukb-us-east-1/sumstats_flat_files/continuous-3062-both_sexes-irnt.tsv.bgz,s3://pan-ukb-us-east-1/sumstats_flat_files_tabix/continuous-3062-both_sexes-irnt.tsv.bgz.tbi,CSA,TO_VALIDATE_IN_15B2,MATCHED_TRAIT_CATALOG,True,True,True,True,True,
cmp_f8bdd39b48b3c88b,gt_70a0768822a3785b,MMP12,Pan-UKB,Pan-UKB::continuous|3062|both_sexes||irnt,Forced vital capacity (FVC),continuous|3062|both_sexes||irnt,GRCh37,fvc,SENSITIVITY,Proxy biomarker,Proxy biomarker,False,False,B,B,0,1,1,1,Asthma,EUR,MID,11,chr11,102733467,102745764,102733466,102633467,102845764,102633466,100000,-,ENSG00000110347.7,processed_transcript,MMP12,exact_gene_name,GENCODE v19,MATCHED,single_multianalysis_bgzf,s3://pan-ukb-us-east-1/sumstats_flat_files/continuous-3062-both_sexes-irnt.tsv.bgz,s3://pan-ukb-us-east-1/sumstats_flat_files_tabix/continuous-3062-both_sexes-irnt.tsv.bgz.tbi,s3://pan-ukb-us-east-1/sumstats_flat_files/continuous-3062-both_sexes-irnt.tsv.bgz,s3://pan-ukb-us-east-1/sumstats_flat_files_tabix/continuous-3062-both_sexes-irnt.tsv.bgz.tbi,MID,TO_VALIDATE_IN_15B2,MATCHED_TRAIT_CATALOG,True,True,True,True,True,
cmp_3e10b5105be2c6bc,gt_218837e157532d38,NFKB1,Pan-UKB,Pan-UKB::continuous|3062|both_sexes||irnt,Forced vital capacity (FVC),continuous|3062|both_sexes||irnt,GRCh37,fvc,SENSITIVITY,Proxy biomarker,Proxy biomarker,False,False,B,B,0,1,1,1,Asthma,EUR,AFR,4,chr4,103422486,103538459,103422485,103322486,103638459,103322485,100000,+,ENSG00000109320.7,protein_coding,NFKB1,exact_gene_name,GENCODE v19,MATCHED,single_multianalysis_bgzf,s3://pan-ukb-us-east-1/sumstats_flat_files/continuous-3062-both_sexes-irnt.tsv.bgz,s3://pan-ukb-us-east-1/sumstats_flat_files_tabix/continuous-3062-both_sexes-irnt.tsv.bgz.tbi,s3://pan-ukb-us-east-1/sumstats_flat_files/continuous-3062-both_sexes-irnt.tsv.bgz,s3://pan-ukb-us-east-1/sumstats_flat_files_tabix/continuous-3062-both_sexes-irnt.tsv.bgz.tbi,AFR,TO_VALIDATE_IN_15B2,MATCHED_TRAIT_CATALOG,True,True,True,True,True,
cmp_567773caf550ba97,gt_218837e157532d38,NFKB1,Pan-UKB,Pan-UKB::continuous|3062|both_sexes||irnt,Forced vital capacity (FVC),continuous|3062|both_sexes||irnt,GRCh37,fvc,SENSITIVITY,Proxy biomarker,Proxy biomarker,False,False,B,B,0,1,1,1,Asthma,EUR,CSA,4,chr4,103422486,103538459,103422485,103322486,103638459,103322485,100000,+,ENSG00000109320.7,protein_coding,NFKB1,exact_gene_name,GENCODE v19,MATCHED,single_multianalysis_bgzf,s3://pan-ukb-us-east-1/sumstats_flat_files/continuous-3062-both_sexes-irnt.tsv.bgz,s3://pan-ukb-us-east-1/sumstats_flat_files_tabix/continuous-3062-both_sexes-irnt.tsv.bgz.tbi,s3://pan-ukb-us-east-1/sumstats_flat_files/continuous-3062-both_sexes-irnt.tsv.bgz,s3://pan-ukb-us-east-1/sumstats_flat_files_tabix/continuous-3062-both_sexes-irnt.tsv.bgz.tbi,CSA,TO_VALIDATE_IN_15B2,MATCHED_TRAIT_CATALOG,True,True,True,True,True,
cmp_74cdd8c9a6aedbe3,gt_218837e157532d38,NFKB1,Pan-UKB,Pan-UKB::continuous|3062|both_sexes||irnt,Forced vital capacity (FVC),continuous|3062|both_sexes||irnt,GRCh37,fvc,SENSITIVITY,Proxy biomarker,Proxy biomarker,False,False,B,B,0,1,1,1,Asthma,EUR,MID,4,chr4,103422486,103538459,103422485,103322486,103638459,103322485,100000,+,ENSG00000109320.7,protein_coding,NFKB1,exact_gene_name,GENCODE v19,MATCHED,single_multianalysis_bgzf,s3://pan-ukb-us-east-1/sumstats_flat_files/continuous-3062-both_sexes-irnt.tsv.bgz,s3://pan-ukb-us-east-1/sumstats_flat_files_tabix/continuous-3062-both_sexes-irnt.tsv.bgz.tbi,s3://pan-ukb-us-east-1/sumstats_flat_files/continuous-3062-both_sexes-irnt.tsv.bgz,s3://pan-ukb-us-east-1/sumstats_flat_files_tabix/continuous-3062-both_sexes-irnt.tsv.bgz.tbi,MID,TO_VALIDATE_IN_15B2,MATCHED_TRAIT_CATALOG,True,True,True,True,True,
cmp_9cc7b1a672a14fb1,gt_8a08c40baf7205b2,NR3C1,Pan-UKB,Pan-UKB::continuous|3062|both_sexes||irnt,Forced vital capacity (FVC),continuous|3062|both_sexes||irnt,GRCh37,fvc,SENSITIVITY,Closely related phenotype,Closely related phenotype || Proxy biomarker,False,False,A,A,2,0,2,2,"Asthma || Pulmonary Disease, Chronic Obstructive",EUR,AFR,5,chr5,142657496,142815077,142657495,142557496,142915077,142557495,100000,-,ENSG00000113580.10,protein_coding,NR3C1,exact_gene_name,GENCODE v19,MATCHED,single_multianalysis_bgzf,s3://pan-ukb-us-east-1/sumstats_flat_files/continuous-3062-both_sexes-irnt.tsv.bgz,s3://pan-ukb-us-east-1/sumstats_flat_files_tabix/continuous-3062-both_sexes-irnt.tsv.bgz.tbi,s3://pan-ukb-us-east-1/sumstats_flat_files/continuous-3062-both_sexes-irnt.tsv.bgz,s3://pan-ukb-us-east-1/sumstats_flat_files_tabix/continuous-3062-both_sexes-irnt.tsv.bgz.tbi,AFR,TO_VALIDATE_IN_15B2,MATCHED_TRAIT_CATALOG,True,True,True,True,True,
cmp_ff8541132090947c,gt_8a08c40baf7205b2,NR3C1,Pan-UKB,Pan-UKB::continuous|3062|both_sexes||irnt,Forced vital capacity (FVC),continuous|3062|both_sexes||irnt,GRCh37,fvc,SENSITIVITY,Closely related phenotype,Closely related phenotype || Proxy biomarker,False,False,A,A,2,0,2,2,"Asthma || Pulmonary Disease, Chronic Obstructive",EUR,CSA,5,chr5,142657496,142815077,142657495,142557496,142915077,142557495,100000,-,ENSG00000113580.10,protein_coding,NR3C1,exact_gene_name,GENCODE v19,MATCHED,single_multianalysis_bgzf,s3://pan-ukb-us-east-1/sumstats_flat_files/continuous-3062-both_sexes-irnt.tsv.bgz,s3://pan-ukb-us-east-1/sumstats_flat_files_tabix/continuous-3062-both_sexes-irnt.tsv.bgz.tbi,s3://pan-ukb-us-east-1/sumstats_flat_files/continuous-3062-both_sexes-irnt.tsv.bgz,s3://pan-ukb-us-east-1/sumstats_flat_files_tabix/continuous-3062-both_sexes-irnt.tsv.bgz.tbi,CSA,TO_VALIDATE_IN_15B2,MATCHED_TRAIT_CATALOG,True,True,True,True,True,
cmp_a2860f90c6582987,gt_8a08c40baf7205b2,NR3C1,Pan-UKB,Pan-UKB::continuous|3062|both_sexes||irnt,Forced vital capacity (FVC),continuous|3062|both_sexes||irnt,GRCh37,fvc,SENSITIVITY,Closely related phenotype,Closely related phenotype || Proxy biomarker,False,False,A,A,2,0,2,2,"Asthma || Pulmonary Disease, Chronic Obstructive",EUR,MID,5,chr5,142657496,142815077,142657495,142557496,142915077,142557495,100000,-,ENSG00000113580.10,protein_coding,NR3C1,exact_gene_name,GENCODE v19,MATCHED,single_multianalysis_bgzf,s3://pan-ukb-us-east-1/sumstats_flat_files/continuous-3062-both_sexes-irnt.tsv.bgz,s3://pan-ukb-us-east-1/sumstats_flat_files_tabix/continuous-3062-both_sexes-irnt.tsv.bgz.tbi,s3://pan-ukb-us-east-1/sumstats_flat_files/continuous-3062-both_sexes-irnt.tsv.bgz,s3://pan-ukb-us-east-1/sumstats_flat_files_tabix/continuous-3062-both_sexes-irnt.tsv.bgz.tbi,MID,TO_VALIDATE_IN_15B2,MATCHED_TRAIT_CATALOG,True,True,True,True,True,
cmp_98be20d76bcef9db,gt_fed4b73e6a6fedab,P2RY2,Pan-UKB,Pan-UKB::continuous|3062|both_sexes||irnt,Forced vital capacity (FVC),continuous|3062|both_sexes||irnt,GRCh37,fvc,SENSITIVITY,Proxy biomarker,Proxy biomarker,False,False,B,B,0,1,1,1,Asthma,EUR,AFR,11,chr11,72929343,72947397,72929342,72829343,73047397,72829342,100000,+,ENSG00000175591.7,protein_coding,P2RY2,exact_gene_name,GENCODE v19,MATCHED,single_multianalysis_bgzf,s3://pan-ukb-us-east-1/sumstats_flat_files/continuous-3062-both_sexes-irnt.tsv.bgz,s3://pan-ukb-us-east-1/sumstats_flat_files_tabix/continuous-3062-both_sexes-irnt.tsv.bgz.tbi,s3://pan-ukb-us-east-1/sumstats_flat_files/continuous-3062-both_sexes-irnt.tsv.bgz,s3://pan-ukb-us-east-1/sumstats_flat_files_tabix/continuous-3062-both_sexes-irnt.tsv.bgz.tbi,AFR,TO_VALIDATE_IN_15B2,MATCHED_TRAIT_CATALOG,True,True,True,True,True,
cmp_b392c804e512b196,gt_fed4b73e6a6fedab,P2RY2,Pan-UKB,Pan-UKB::continuous|3062|both_sexes||irnt,Forced vital capacity (FVC),continuous|3062|both_sexes||irnt,GRCh37,fvc,SENSITIVITY,Proxy biomarker,Proxy biomarker,False,False,B,B,0,1,1,1,Asthma,EUR,CSA,11,chr11,72929343,72947397,72929342,72829343,73047397,72829342,100000,+,ENSG00000175591.7,protein_coding,P2RY2,exact_gene_name,GENCODE v19,MATCHED,single_multianalysis_bgzf,s3://pan-ukb-us-east-1/sumstats_flat_files/continuous-3062-both_sexes-irnt.tsv.bgz,s3://pan-ukb-us-east-1/sumstats_flat_files_tabix/continuous-3062-both_sexes-irnt.tsv.bgz.tbi,s3://pan-ukb-us-east-1/sumstats_flat_files/continuous-3062-both_sexes-irnt.tsv.bgz,s3://pan-ukb-us-east-1/sumstats_flat_files_tabix/continuous-3062-both_sexes-irnt.tsv.bgz.tbi,CSA,TO_VALIDATE_IN_15B2,MATCHED_TRAIT_CATALOG,True,True,True,True,True,
cmp_ee24afaac1a570ea,gt_fed4b73e6a6fedab,P2RY2,Pan-UKB,Pan-UKB::continuous|3062|both_sexes||irnt,Forced vital capacity (FVC),continuous|3062|both_sexes||irnt,GRCh37,fvc,SENSITIVITY,Proxy biomarker,Proxy biomarker,False,False,B,B,0,1,1,1,Asthma,EUR,MID,11,chr11,72929343,72947397,72929342,72829343,73047397,72829342,100000,+,ENSG00000175591.7,protein_coding,P2RY2,exact_gene_name,GENCODE v19,MATCHED,single_multianalysis_bgzf,s3://pan-ukb-us-east-1/sumstats_flat_files/continuous-3062-both_sexes-irnt.tsv.bgz,s3://pan-ukb-us-east-1/sumstats_flat_files_tabix/continuous-3062-both_sexes-irnt.tsv.bgz.tbi,s3://pan-ukb-us-east-1/sumstats_flat_files/continuous-3062-both_sexes-irnt.tsv.bgz,s3://pan-ukb-us-east-1/sumstats_flat_files_tabix/continuous-3062-both_sexes-irnt.tsv.bgz.tbi,MID,TO_VALIDATE_IN_15B2,MATCHED_TRAIT_CATALOG,True,True,True,True,True,
cmp_26b6cc2ed7bec0a6,gt_4433b8c42ab32b16,PDE3A,Pan-UKB,Pan-UKB::continuous|3062|both_sexes||irnt,Forced vital capacity (FVC),continuous|3062|both_sexes||irnt,GRCh37,fvc,SENSITIVITY,Closely related phenotype,Closely related phenotype || Proxy biomarker,False,False,B,B,0,2,2,2,"Asthma || Pulmonary Disease, Chronic Obstructive",EUR,AFR,12,chr12,20522179,20837315,20522178,20422179,20937315,20422178,100000,+,ENSG00000172572.6,protein_coding,PDE3A,exact_gene_name,GENCODE v19,MATCHED,single_multianalysis_bgzf,s3://pan-ukb-us-east-1/sumstats_flat_files/continuous-3062-both_sexes-irnt.tsv.bgz,s3://pan-ukb-us-east-1/sumstats_flat_files_tabix/continuous-3062-both_sexes-irnt.tsv.bgz.tbi,s3://pan-ukb-us-east-1/sumstats_flat_files/continuous-3062-both_sexes-irnt.tsv.bgz,s3://pan-ukb-us-east-1/sumstats_flat_files_tabix/continuous-3062-both_sexes-irnt.tsv.bgz.tbi,AFR,TO_VALIDATE_IN_15B2,MATCHED_TRAIT_CATALOG,True,True,True,True,True,
cmp_9f98b783bdd2f23c,gt_4433b8c42ab32b16,PDE3A,Pan-UKB,Pan-UKB::continuous|3062|both_sexes||irnt,Forced vital capacity (FVC),continuous|3062|both_sexes||irnt,GRCh37,fvc,SENSITIVITY,Closely related phenotype,Closely related phenotype || Proxy biomarker,False,False,B,B,0,2,2,2,"Asthma || Pulmonary Disease, Chronic Obstructive",EUR,CSA,12,chr12,20522179,20837315,20522178,20422179,20937315,20422178,100000,+,ENSG00000172572.6,protein_coding,PDE3A,exact_gene_name,GENCODE v19,MATCHED,single_multianalysis_bgzf,s3://pan-ukb-us-east-1/sumstats_flat_files/continuous-3062-both_sexes-irnt.tsv.bgz,s3://pan-ukb-us-east-1/sumstats_flat_files_tabix/continuous-3062-both_sexes-irnt.tsv.bgz.tbi,s3://pan-ukb-us-east-1/sumstats_flat_files/continuous-3062-both_sexes-irnt.tsv.bgz,s3://pan-ukb-us-east-1/sumstats_flat_files_tabix/continuous-3062-both_sexes-irnt.tsv.bgz.tbi,CSA,TO_VALIDATE_IN_15B2,MATCHED_TRAIT_CATALOG,True,True,True,True,True,
cmp_b98d1a6ea7b9f7d9,gt_4433b8c42ab32b16,PDE3A,Pan-UKB,Pan-UKB::continuous|3062|both_sexes||irnt,Forced vital capacity (FVC),continuous|3062|both_sexes||irnt,GRCh37,fvc,SENSITIVITY,Closely related phenotype,Closely related phenotype || Proxy biomarker,False,False,B,B,0,2,2,2,"Asthma || Pulmonary Disease, Chronic Obstructive",EUR,MID,12,chr12,20522179,20837315,20522178,20422179,20937315,20422178,100000,+,ENSG00000172572.6,protein_coding,PDE3A,exact_gene_name,GENCODE v19,MATCHED,single_multianalysis_bgzf,s3://pan-ukb-us-east-1/sumstats_flat_files/continuous-3062-both_sexes-irnt.tsv.bgz,s3://pan-ukb-us-east-1/sumstats_flat_files_tabix/continuous-3062-both_sexes-irnt.tsv.bgz.tbi,s3://pan-ukb-us-east-1/sumstats_flat_files/continuous-3062-both_sexes-irnt.tsv.bgz,s3://pan-ukb-us-east-1/sumstats_flat_files_tabix/continuous-3062-both_sexes-irnt.tsv.bgz.tbi,MID,TO_VALIDATE_IN_15B2,MATCHED_TRAIT_CATALOG,True,True,True,True,True,
cmp_2f1eb1c97bab5337,gt_3cbdb72396898287,PDE4B,Pan-UKB,Pan-UKB::continuous|3062|both_sexes||irnt,Forced vital capacity (FVC),continuous|3062|both_sexes||irnt,GRCh37,fvc,SENSITIVITY,Closely related phenotype,Closely related phenotype || Proxy biomarker,False,False,B,B,0,2,2,2,"Asthma || Pulmonary Disease, Chronic Obstructive",EUR,AFR,1,chr1,66258197,66840259,66258196,66158197,66940259,66158196,100000,+,ENSG00000184588.13,protein_coding,PDE4B,exact_gene_name,GENCODE v19,MATCHED,single_multianalysis_bgzf,s3://pan-ukb-us-east-1/sumstats_flat_files/continuous-3062-both_sexes-irnt.tsv.bgz,s3://pan-ukb-us-east-1/sumstats_flat_files_tabix/continuous-3062-both_sexes-irnt.tsv.bgz.tbi,s3://pan-ukb-us-east-1/sumstats_flat_files/continuous-3062-both_sexes-irnt.tsv.bgz,s3://pan-ukb-us-east-1/sumstats_flat_files_tabix/continuous-3062-both_sexes-irnt.tsv.bgz.tbi,AFR,TO_VALIDATE_IN_15B2,MATCHED_TRAIT_CATALOG,True,True,True,True,True,
cmp_e88b9b0920e4d426,gt_3cbdb72396898287,PDE4B,Pan-UKB,Pan-UKB::continuous|3062|both_sexes||irnt,Forced vital capacity (FVC),continuous|3062|both_sexes||irnt,GRCh37,fvc,SENSITIVITY,Closely related phenotype,Closely related phenotype || Proxy biomarker,False,False,B,B,0,2,2,2,"Asthma || Pulmonary Disease, Chronic Obstructive",EUR,CSA,1,chr1,66258197,66840259,66258196,66158197,66940259,66158196,100000,+,ENSG00000184588.13,protein_coding,PDE4B,exact_gene_name,GENCODE v19,MATCHED,single_multianalysis_bgzf,s3://pan-ukb-us-east-1/sumstats_flat_files/continuous-3062-both_sexes-irnt.tsv.bgz,s3://pan-ukb-us-east-1/sumstats_flat_files_tabix/continuous-3062-both_sexes-irnt.tsv.bgz.tbi,s3://pan-ukb-us-east-1/sumstats_flat_files/continuous-3062-both_sexes-irnt.tsv.bgz,s3://pan-ukb-us-east-1/sumstats_flat_files_tabix/continuous-3062-both_sexes-irnt.tsv.bgz.tbi,CSA,TO_VALIDATE_IN_15B2,MATCHED_TRAIT_CATALOG,True,True,True,True,True,
cmp_a26e9b3fc38fdf0e,gt_3cbdb72396898287,PDE4B,Pan-UKB,Pan-UKB::continuous|3062|both_sexes||irnt,Forced vital capacity (FVC),continuous|3062|both_sexes||irnt,GRCh37,fvc,SENSITIVITY,Closely related phenotype,Closely related phenotype || Proxy biomarker,False,False,B,B,0,2,2,2,"Asthma || Pulmonary Disease, Chronic Obstructive",EUR,MID,1,chr1,66258197,66840259,66258196,66158197,66940259,66158196,100000,+,ENSG00000184588.13,protein_coding,PDE4B,exact_gene_name,GENCODE v19,MATCHED,single_multianalysis_bgzf,s3://pan-ukb-us-east-1/sumstats_flat_files/continuous-3062-both_sexes-irnt.tsv.bgz,s3://pan-ukb-us-east-1/sumstats_flat_files_tabix/continuous-3062-both_sexes-irnt.tsv.bgz.tbi,s3://pan-ukb-us-east-1/sumstats_flat_files/continuous-3062-both_sexes-irnt.tsv.bgz,s3://pan-ukb-us-east-1/sumstats_flat_files_tabix/continuous-3062-both_sexes-irnt.tsv.bgz.tbi,MID,TO_VALIDATE_IN_15B2,MATCHED_TRAIT_CATALOG,True,True,True,True,True,
cmp_05ebde418679530c,gt_19268749086c88b4,PDE4D,Pan-UKB,Pan-UKB::continuous|3062|both_sexes||irnt,Forced vital capacity (FVC),continuous|3062|both_sexes||irnt,GRCh37,fvc,SENSITIVITY,Closely related phenotype,Closely related phenotype || Proxy biomarker,False,False,B,B,0,2,2,2,"Asthma || Pulmonary Disease, Chronic Obstructive",EUR,AFR,5,chr5,58264865,59817947,58264864,58164865,59917947,58164864,100000,-,ENSG00000113448.12,protein_coding,PDE4D,exact_gene_name,GENCODE v19,MATCHED,single_multianalysis_bgzf,s3://pan-ukb-us-east-1/sumstats_flat_files/continuous-3062-both_sexes-irnt.tsv.bgz,s3://pan-ukb-us-east-1/sumstats_flat_files_tabix/continuous-3062-both_sexes-irnt.tsv.bgz.tbi,s3://pan-ukb-us-east-1/sumstats_flat_files/continuous-3062-both_sexes-irnt.tsv.bgz,s3://pan-ukb-us-east-1/sumstats_flat_files_tabix/continuous-3062-both_sexes-irnt.tsv.bgz.tbi,AFR,TO_VALIDATE_IN_15B2,MATCHED_TRAIT_CATALOG,True,True,True,True,True,
cmp_b2490b0e53aff369,gt_19268749086c88b4,PDE4D,Pan-UKB,Pan-UKB::continuous|3062|both_sexes||irnt,Forced vital capacity (FVC),continuous|3062|both_sexes||irnt,GRCh37,fvc,SENSITIVITY,Closely related phenotype,Closely related phenotype || Proxy biomarker,False,False,B,B,0,2,2,2,"Asthma || Pulmonary Disease, Chronic Obstructive",EUR,CSA,5,chr5,58264865,59817947,58264864,58164865,59917947,58164864,100000,-,ENSG00000113448.12,protein_coding,PDE4D,exact_gene_name,GENCODE v19,MATCHED,single_multianalysis_bgzf,s3://pan-ukb-us-east-1/sumstats_flat_files/continuous-3062-both_sexes-irnt.tsv.bgz,s3://pan-ukb-us-east-1/sumstats_flat_files_tabix/continuous-3062-both_sexes-irnt.tsv.bgz.tbi,s3://pan-ukb-us-east-1/sumstats_flat_files/continuous-3062-both_sexes-irnt.tsv.bgz,s3://pan-ukb-us-east-1/sumstats_flat_files_tabix/continuous-3062-both_sexes-irnt.tsv.bgz.tbi,CSA,TO_VALIDATE_IN_15B2,MATCHED_TRAIT_CATALOG,True,True,True,True,True,
cmp_3b774df851df923a,gt_19268749086c88b4,PDE4D,Pan-UKB,Pan-UKB::continuous|3062|both_sexes||irnt,Forced vital capacity (FVC),continuous|3062|both_sexes||irnt,GRCh37,fvc,SENSITIVITY,Closely related phenotype,Closely related phenotype || Proxy biomarker,False,False,B,B,0,2,2,2,"Asthma || Pulmonary Disease, Chronic Obstructive",EUR,MID,5,chr5,58264865,59817947,58264864,58164865,59917947,58164864,100000,-,ENSG00000113448.12,protein_coding,PDE4D,exact_gene_name,GENCODE v19,MATCHED,single_multianalysis_bgzf,s3://pan-ukb-us-east-1/sumstats_flat_files/continuous-3062-both_sexes-irnt.tsv.bgz,s3://pan-ukb-us-east-1/sumstats_flat_files_tabix/continuous-3062-both_sexes-irnt.tsv.bgz.tbi,s3://pan-ukb-us-east-1/sumstats_flat_files/continuous-3062-both_sexes-irnt.tsv.bgz,s3://pan-ukb-us-east-1/sumstats_flat_files_tabix/continuous-3062-both_sexes-irnt.tsv.bgz.tbi,MID,TO_VALIDATE_IN_15B2,MATCHED_TRAIT_CATALOG,True,True,True,True,True,
cmp_ec876e913f4296b9,gt_52de2e02c710dc7c,RARG,Pan-UKB,Pan-UKB::continuous|3062|both_sexes||irnt,Forced vital capacity (FVC),continuous|3062|both_sexes||irnt,GRCh37,fvc,SENSITIVITY,Closely related phenotype,Closely related phenotype,False,False,B,B,0,1,1,1,"Pulmonary Disease, Chronic Obstructive",EUR,AFR,12,chr12,53604354,53626764,53604353,53504354,53726764,53504353,100000,-,ENSG00000172819.12,protein_coding,RARG,exact_gene_name,GENCODE v19,MATCHED,single_multianalysis_bgzf,s3://pan-ukb-us-east-1/sumstats_flat_files/continuous-3062-both_sexes-irnt.tsv.bgz,s3://pan-ukb-us-east-1/sumstats_flat_files_tabix/continuous-3062-both_sexes-irnt.tsv.bgz.tbi,s3://pan-ukb-us-east-1/sumstats_flat_files/continuous-3062-both_sexes-irnt.tsv.bgz,s3://pan-ukb-us-east-1/sumstats_flat_files_tabix/continuous-3062-both_sexes-irnt.tsv.bgz.tbi,AFR,TO_VALIDATE_IN_15B2,MATCHED_TRAIT_CATALOG,True,True,True,True,True,
cmp_e3d4c866c313b085,gt_52de2e02c710dc7c,RARG,Pan-UKB,Pan-UKB::continuous|3062|both_sexes||irnt,Forced vital capacity (FVC),continuous|3062|both_sexes||irnt,GRCh37,fvc,SENSITIVITY,Closely related phenotype,Closely related phenotype,False,False,B,B,0,1,1,1,"Pulmonary Disease, Chronic Obstructive",EUR,CSA,12,chr12,53604354,53626764,53604353,53504354,53726764,53504353,100000,-,ENSG00000172819.12,protein_coding,RARG,exact_gene_name,GENCODE v19,MATCHED,single_multianalysis_bgzf,s3://pan-ukb-us-east-1/sumstats_flat_files/continuous-3062-both_sexes-irnt.tsv.bgz,s3://pan-ukb-us-east-1/sumstats_flat_files_tabix/continuous-3062-both_sexes-irnt.tsv.bgz.tbi,s3://pan-ukb-us-east-1/sumstats_flat_files/continuous-3062-both_sexes-irnt.tsv.bgz,s3://pan-ukb-us-east-1/sumstats_flat_files_tabix/continuous-3062-both_sexes-irnt.tsv.bgz.tbi,CSA,TO_VALIDATE_IN_15B2,MATCHED_TRAIT_CATALOG,True,True,True,True,True,
cmp_8ddb184b4428c0a9,gt_52de2e02c710dc7c,RARG,Pan-UKB,Pan-UKB::continuous|3062|both_sexes||irnt,Forced vital capacity (FVC),continuous|3062|both_sexes||irnt,GRCh37,fvc,SENSITIVITY,Closely related phenotype,Closely related phenotype,False,False,B,B,0,1,1,1,"Pulmonary Disease, Chronic Obstructive",EUR,MID,12,chr12,53604354,53626764,53604353,53504354,53726764,53504353,100000,-,ENSG00000172819.12,protein_coding,RARG,exact_gene_name,GENCODE v19,MATCHED,single_multianalysis_bgzf,s3://pan-ukb-us-east-1/sumstats_flat_files/continuous-3062-both_sexes-irnt.tsv.bgz,s3://pan-ukb-us-east-1/sumstats_flat_files_tabix/continuous-3062-both_sexes-irnt.tsv.bgz.tbi,s3://pan-ukb-us-east-1/sumstats_flat_files/continuous-3062-both_sexes-irnt.tsv.bgz,s3://pan-ukb-us-east-1/sumstats_flat_files_tabix/continuous-3062-both_sexes-irnt.tsv.bgz.tbi,MID,TO_VALIDATE_IN_15B2,MATCHED_TRAIT_CATALOG,True,True,True,True,True,
cmp_9c556ffbacab722b,gt_f0050408ec3edabb,SERPINA1,Pan-UKB,Pan-UKB::continuous|3062|both_sexes||irnt,Forced vital capacity (FVC),continuous|3062|both_sexes||irnt,GRCh37,fvc,SENSITIVITY,Closely related phenotype,Closely related phenotype,False,False,B,B,0,1,1,1,"Pulmonary Disease, Chronic Obstructive",EUR,AFR,14,chr14,94843084,94857030,94843083,94743084,94957030,94743083,100000,-,ENSG00000197249.8,protein_coding,SERPINA1,exact_gene_name,GENCODE v19,MATCHED,single_multianalysis_bgzf,s3://pan-ukb-us-east-1/sumstats_flat_files/continuous-3062-both_sexes-irnt.tsv.bgz,s3://pan-ukb-us-east-1/sumstats_flat_files_tabix/continuous-3062-both_sexes-irnt.tsv.bgz.tbi,s3://pan-ukb-us-east-1/sumstats_flat_files/continuous-3062-both_sexes-irnt.tsv.bgz,s3://pan-ukb-us-east-1/sumstats_flat_files_tabix/continuous-3062-both_sexes-irnt.tsv.bgz.tbi,AFR,TO_VALIDATE_IN_15B2,MATCHED_TRAIT_CATALOG,True,True,True,True,True,
cmp_1d907855c37c5d9e,gt_f0050408ec3edabb,SERPINA1,Pan-UKB,Pan-UKB::continuous|3062|both_sexes||irnt,Forced vital capacity (FVC),continuous|3062|both_sexes||irnt,GRCh37,fvc,SENSITIVITY,Closely related phenotype,Closely related phenotype,False,False,B,B,0,1,1,1,"Pulmonary Disease, Chronic Obstructive",EUR,CSA,14,chr14,94843084,94857030,94843083,94743084,94957030,94743083,100000,-,ENSG00000197249.8,protein_coding,SERPINA1,exact_gene_name,GENCODE v19,MATCHED,single_multianalysis_bgzf,s3://pan-ukb-us-east-1/sumstats_flat_files/continuous-3062-both_sexes-irnt.tsv.bgz,s3://pan-ukb-us-east-1/sumstats_flat_files_tabix/continuous-3062-both_sexes-irnt.tsv.bgz.tbi,s3://pan-ukb-us-east-1/sumstats_flat_files/continuous-3062-both_sexes-irnt.tsv.bgz,s3://pan-ukb-us-east-1/sumstats_flat_files_tabix/continuous-3062-both_sexes-irnt.tsv.bgz.tbi,CSA,TO_VALIDATE_IN_15B2,MATCHED_TRAIT_CATALOG,True,True,True,True,True,
cmp_676911fb33bdb717,gt_f0050408ec3edabb,SERPINA1,Pan-UKB,Pan-UKB::continuous|3062|both_sexes||irnt,Forced vital capacity (FVC),continuous|3062|both_sexes||irnt,GRCh37,fvc,SENSITIVITY,Closely related phenotype,Closely related phenotype,False,False,B,B,0,1,1,1,"Pulmonary Disease, Chronic Obstructive",EUR,MID,14,chr14,94843084,94857030,94843083,94743084,94957030,94743083,100000,-,ENSG00000197249.8,protein_coding,SERPINA1,exact_gene_name,GENCODE v19,MATCHED,single_multianalysis_bgzf,s3://pan-ukb-us-east-1/sumstats_flat_files/continuous-3062-both_sexes-irnt.tsv.bgz,s3://pan-ukb-us-east-1/sumstats_flat_files_tabix/continuous-3062-both_sexes-irnt.tsv.bgz.tbi,s3://pan-ukb-us-east-1/sumstats_flat_files/continuous-3062-both_sexes-irnt.tsv.bgz,s3://pan-ukb-us-east-1/sumstats_flat_files_tabix/continuous-3062-both_sexes-irnt.tsv.bgz.tbi,MID,TO_VALIDATE_IN_15B2,MATCHED_TRAIT_CATALOG,True,True,True,True,True,
cmp_73880cde6a318af2,gt_4b3518f6b9c4e3b8,TNFSF15,Pan-UKB,Pan-UKB::continuous|3062|both_sexes||irnt,Forced vital capacity (FVC),continuous|3062|both_sexes||irnt,GRCh37,fvc,SENSITIVITY,Proxy biomarker,Proxy biomarker,False,False,B,B,0,1,1,1,Asthma,EUR,AFR,9,chr9,117546915,117568406,117546914,117446915,117668406,117446914,100000,-,ENSG00000181634.7,protein_coding,TNFSF15,exact_gene_name,GENCODE v19,MATCHED,single_multianalysis_bgzf,s3://pan-ukb-us-east-1/sumstats_flat_files/continuous-3062-both_sexes-irnt.tsv.bgz,s3://pan-ukb-us-east-1/sumstats_flat_files_tabix/continuous-3062-both_sexes-irnt.tsv.bgz.tbi,s3://pan-ukb-us-east-1/sumstats_flat_files/continuous-3062-both_sexes-irnt.tsv.bgz,s3://pan-ukb-us-east-1/sumstats_flat_files_tabix/continuous-3062-both_sexes-irnt.tsv.bgz.tbi,AFR,TO_VALIDATE_IN_15B2,MATCHED_TRAIT_CATALOG,True,True,True,True,True,
cmp_fd682be4114f5690,gt_4b3518f6b9c4e3b8,TNFSF15,Pan-UKB,Pan-UKB::continuous|3062|both_sexes||irnt,Forced vital capacity (FVC),continuous|3062|both_sexes||irnt,GRCh37,fvc,SENSITIVITY,Proxy biomarker,Proxy biomarker,False,False,B,B,0,1,1,1,Asthma,EUR,CSA,9,chr9,117546915,117568406,117546914,117446915,117668406,117446914,100000,-,ENSG00000181634.7,protein_coding,TNFSF15,exact_gene_name,GENCODE v19,MATCHED,single_multianalysis_bgzf,s3://pan-ukb-us-east-1/sumstats_flat_files/continuous-3062-both_sexes-irnt.tsv.bgz,s3://pan-ukb-us-east-1/sumstats_flat_files_tabix/continuous-3062-both_sexes-irnt.tsv.bgz.tbi,s3://pan-ukb-us-east-1/sumstats_flat_files/continuous-3062-both_sexes-irnt.tsv.bgz,s3://pan-ukb-us-east-1/sumstats_flat_files_tabix/continuous-3062-both_sexes-irnt.tsv.bgz.tbi,CSA,TO_VALIDATE_IN_15B2,MATCHED_TRAIT_CATALOG,True,True,True,True,True,
cmp_92f34ec69bfd1477,gt_4b3518f6b9c4e3b8,TNFSF15,Pan-UKB,Pan-UKB::continuous|3062|both_sexes||irnt,Forced vital capacity (FVC),continuous|3062|both_sexes||irnt,GRCh37,fvc,SENSITIVITY,Proxy biomarker,Proxy biomarker,False,False,B,B,0,1,1,1,Asthma,EUR,MID,9,chr9,117546915,117568406,117546914,117446915,117668406,117446914,100000,-,ENSG00000181634.7,protein_coding,TNFSF15,exact_gene_name,GENCODE v19,MATCHED,single_multianalysis_bgzf,s3://pan-ukb-us-east-1/sumstats_flat_files/continuous-3062-both_sexes-irnt.tsv.bgz,s3://pan-ukb-us-east-1/sumstats_flat_files_tabix/continuous-3062-both_sexes-irnt.tsv.bgz.tbi,s3://pan-ukb-us-east-1/sumstats_flat_files/continuous-3062-both_sexes-irnt.tsv.bgz,s3://pan-ukb-us-east-1/sumstats_flat_files_tabix/continuous-3062-both_sexes-irnt.tsv.bgz.tbi,MID,TO_VALIDATE_IN_15B2,MATCHED_TRAIT_CATALOG,True,True,True,True,True,
cmp_2720c80739e5f07a,gt_db571222a2439bb6,TNFSF4,Pan-UKB,Pan-UKB::continuous|3062|both_sexes||irnt,Forced vital capacity (FVC),continuous|3062|both_sexes||irnt,GRCh37,fvc,SENSITIVITY,Proxy biomarker,Proxy biomarker,False,False,B,B,0,1,1,1,Asthma,EUR,AFR,1,chr1,173152873,173176452,173152872,173052873,173276452,173052872,100000,-,ENSG00000117586.6,protein_coding,TNFSF4,exact_gene_name,GENCODE v19,MATCHED,single_multianalysis_bgzf,s3://pan-ukb-us-east-1/sumstats_flat_files/continuous-3062-both_sexes-irnt.tsv.bgz,s3://pan-ukb-us-east-1/sumstats_flat_files_tabix/continuous-3062-both_sexes-irnt.tsv.bgz.tbi,s3://pan-ukb-us-east-1/sumstats_flat_files/continuous-3062-both_sexes-irnt.tsv.bgz,s3://pan-ukb-us-east-1/sumstats_flat_files_tabix/continuous-3062-both_sexes-irnt.tsv.bgz.tbi,AFR,TO_VALIDATE_IN_15B2,MATCHED_TRAIT_CATALOG,True,True,True,True,True,
cmp_bcc87b270cc47f80,gt_db571222a2439bb6,TNFSF4,Pan-UKB,Pan-UKB::continuous|3062|both_sexes||irnt,Forced vital capacity (FVC),continuous|3062|both_sexes||irnt,GRCh37,fvc,SENSITIVITY,Proxy biomarker,Proxy biomarker,False,False,B,B,0,1,1,1,Asthma,EUR,CSA,1,chr1,173152873,173176452,173152872,173052873,173276452,173052872,100000,-,ENSG00000117586.6,protein_coding,TNFSF4,exact_gene_name,GENCODE v19,MATCHED,single_multianalysis_bgzf,s3://pan-ukb-us-east-1/sumstats_flat_files/continuous-3062-both_sexes-irnt.tsv.bgz,s3://pan-ukb-us-east-1/sumstats_flat_files_tabix/continuous-3062-both_sexes-irnt.tsv.bgz.tbi,s3://pan-ukb-us-east-1/sumstats_flat_files/continuous-3062-both_sexes-irnt.tsv.bgz,s3://pan-ukb-us-east-1/sumstats_flat_files_tabix/continuous-3062-both_sexes-irnt.tsv.bgz.tbi,CSA,TO_VALIDATE_IN_15B2,MATCHED_TRAIT_CATALOG,True,True,True,True,True,
cmp_b6440c41cb05bf50,gt_db571222a2439bb6,TNFSF4,Pan-UKB,Pan-UKB::continuous|3062|both_sexes||irnt,Forced vital capacity (FVC),continuous|3062|both_sexes||irnt,GRCh37,fvc,SENSITIVITY,Proxy biomarker,Proxy biomarker,False,False,B,B,0,1,1,1,Asthma,EUR,MID,1,chr1,173152873,173176452,173152872,173052873,173276452,173052872,100000,-,ENSG00000117586.6,protein_coding,TNFSF4,exact_gene_name,GENCODE v19,MATCHED,single_multianalysis_bgzf,s3://pan-ukb-us-east-1/sumstats_flat_files/continuous-3062-both_sexes-irnt.tsv.bgz,s3://pan-ukb-us-east-1/sumstats_flat_files_tabix/continuous-3062-both_sexes-irnt.tsv.bgz.tbi,s3://pan-ukb-us-east-1/sumstats_flat_files/continuous-3062-both_sexes-irnt.tsv.bgz,s3://pan-ukb-us-east-1/sumstats_flat_files_tabix/continuous-3062-both_sexes-irnt.tsv.bgz.tbi,MID,TO_VALIDATE_IN_15B2,MATCHED_TRAIT_CATALOG,True,True,True,True,True,
cmp_d8bf494d85807a1f,gt_c0814c5b09a35cf4,TSLP,Pan-UKB,Pan-UKB::continuous|3062|both_sexes||irnt,Forced vital capacity (FVC),continuous|3062|both_sexes||irnt,GRCh37,fvc,SENSITIVITY,Closely related phenotype,Closely related phenotype || Proxy biomarker,True,False,A,"A,B",1,1,2,2,"Asthma || Pulmonary Disease, Chronic Obstructive",EUR,AFR,5,chr5,110405760,110413722,110405759,110305760,110513722,110305759,100000,+,ENSG00000145777.10,protein_coding,TSLP,exact_gene_name,GENCODE v19,MATCHED,single_multianalysis_bgzf,s3://pan-ukb-us-east-1/sumstats_flat_files/continuous-3062-both_sexes-irnt.tsv.bgz,s3://pan-ukb-us-east-1/sumstats_flat_files_tabix/continuous-3062-both_sexes-irnt.tsv.bgz.tbi,s3://pan-ukb-us-east-1/sumstats_flat_files/continuous-3062-both_sexes-irnt.tsv.bgz,s3://pan-ukb-us-east-1/sumstats_flat_files_tabix/continuous-3062-both_sexes-irnt.tsv.bgz.tbi,AFR,TO_VALIDATE_IN_15B2,MATCHED_TRAIT_CATALOG,True,True,True,True,True,
cmp_c8ba17cfb8cdab65,gt_c0814c5b09a35cf4,TSLP,Pan-UKB,Pan-UKB::continuous|3062|both_sexes||irnt,Forced vital capacity (FVC),continuous|3062|both_sexes||irnt,GRCh37,fvc,SENSITIVITY,Closely related phenotype,Closely related phenotype || Proxy biomarker,True,False,A,"A,B",1,1,2,2,"Asthma || Pulmonary Disease, Chronic Obstructive",EUR,CSA,5,chr5,110405760,110413722,110405759,110305760,110513722,110305759,100000,+,ENSG00000145777.10,protein_coding,TSLP,exact_gene_name,GENCODE v19,MATCHED,single_multianalysis_bgzf,s3://pan-ukb-us-east-1/sumstats_flat_files/continuous-3062-both_sexes-irnt.tsv.bgz,s3://pan-ukb-us-east-1/sumstats_flat_files_tabix/continuous-3062-both_sexes-irnt.tsv.bgz.tbi,s3://pan-ukb-us-east-1/sumstats_flat_files/continuous-3062-both_sexes-irnt.tsv.bgz,s3://pan-ukb-us-east-1/sumstats_flat_files_tabix/continuous-3062-both_sexes-irnt.tsv.bgz.tbi,CSA,TO_VALIDATE_IN_15B2,MATCHED_TRAIT_CATALOG,True,True,True,True,True,
cmp_97fedb0e38e954a3,gt_c0814c5b09a35cf4,TSLP,Pan-UKB,Pan-UKB::continuous|3062|both_sexes||irnt,Forced vital capacity (FVC),continuous|3062|both_sexes||irnt,GRCh37,fvc,SENSITIVITY,Closely related phenotype,Closely related phenotype || Proxy biomarker,True,False,A,"A,B",1,1,2,2,"Asthma || Pulmonary Disease, Chronic Obstructive",EUR,MID,5,chr5,110405760,110413722,110405759,110305760,110513722,110305759,100000,+,ENSG00000145777.10,protein_coding,TSLP,exact_gene_name,GENCODE v19,MATCHED,single_multianalysis_bgzf,s3://pan-ukb-us-east-1/sumstats_flat_files/continuous-3062-both_sexes-irnt.tsv.bgz,s3://pan-ukb-us-east-1/sumstats_flat_files_tabix/continuous-3062-both_sexes-irnt.tsv.bgz.tbi,s3://pan-ukb-us-east-1/sumstats_flat_files/continuous-3062-both_sexes-irnt.tsv.bgz,s3://pan-ukb-us-east-1/sumstats_flat_files_tabix/continuous-3062-both_sexes-irnt.tsv.bgz.tbi,MID,TO_VALIDATE_IN_15B2,MATCHED_TRAIT_CATALOG,True,True,True,True,True,
cmp_ed3122834dabd6d6,gt_9759197a48ba10b7,TYK2,Pan-UKB,Pan-UKB::continuous|3062|both_sexes||irnt,Forced vital capacity (FVC),continuous|3062|both_sexes||irnt,GRCh37,fvc,SENSITIVITY,Proxy biomarker,Proxy biomarker,False,False,B,B,0,1,1,1,Asthma,EUR,AFR,19,chr19,10461209,10491352,10461208,10361209,10591352,10361208,100000,-,ENSG00000105397.9,protein_coding,TYK2,exact_gene_name,GENCODE v19,MATCHED,single_multianalysis_bgzf,s3://pan-ukb-us-east-1/sumstats_flat_files/continuous-3062-both_sexes-irnt.tsv.bgz,s3://pan-ukb-us-east-1/sumstats_flat_files_tabix/continuous-3062-both_sexes-irnt.tsv.bgz.tbi,s3://pan-ukb-us-east-1/sumstats_flat_files/continuous-3062-both_sexes-irnt.tsv.bgz,s3://pan-ukb-us-east-1/sumstats_flat_files_tabix/continuous-3062-both_sexes-irnt.tsv.bgz.tbi,AFR,TO_VALIDATE_IN_15B2,MATCHED_TRAIT_CATALOG,True,True,True,True,True,
cmp_bfa1d3fae4fe87c6,gt_9759197a48ba10b7,TYK2,Pan-UKB,Pan-UKB::continuous|3062|both_sexes||irnt,Forced vital capacity (FVC),continuous|3062|both_sexes||irnt,GRCh37,fvc,SENSITIVITY,Proxy biomarker,Proxy biomarker,False,False,B,B,0,1,1,1,Asthma,EUR,CSA,19,chr19,10461209,10491352,10461208,10361209,10591352,10361208,100000,-,ENSG00000105397.9,protein_coding,TYK2,exact_gene_name,GENCODE v19,MATCHED,single_multianalysis_bgzf,s3://pan-ukb-us-east-1/sumstats_flat_files/continuous-3062-both_sexes-irnt.tsv.bgz,s3://pan-ukb-us-east-1/sumstats_flat_files_tabix/continuous-3062-both_sexes-irnt.tsv.bgz.tbi,s3://pan-ukb-us-east-1/sumstats_flat_files/continuous-3062-both_sexes-irnt.tsv.bgz,s3://pan-ukb-us-east-1/sumstats_flat_files_tabix/continuous-3062-both_sexes-irnt.tsv.bgz.tbi,CSA,TO_VALIDATE_IN_15B2,MATCHED_TRAIT_CATALOG,True,True,True,True,True,
cmp_27e5bc2913ed0dde,gt_9759197a48ba10b7,TYK2,Pan-UKB,Pan-UKB::continuous|3062|both_sexes||irnt,Forced vital capacity (FVC),continuous|3062|both_sexes||irnt,GRCh37,fvc,SENSITIVITY,Proxy biomarker,Proxy biomarker,False,False,B,B,0,1,1,1,Asthma,EUR,MID,19,chr19,10461209,10491352,10461208,10361209,10591352,10361208,100000,-,ENSG00000105397.9,protein_coding,TYK2,exact_gene_name,GENCODE v19,MATCHED,single_multianalysis_bgzf,s3://pan-ukb-us-east-1/sumstats_flat_files/continuous-3062-both_sexes-irnt.tsv.bgz,s3://pan-ukb-us-east-1/sumstats_flat_files_tabix/continuous-3062-both_sexes-irnt.tsv.bgz.tbi,s3://pan-ukb-us-east-1/sumstats_flat_files/continuous-3062-both_sexes-irnt.tsv.bgz,s3://pan-ukb-us-east-1/sumstats_flat_files_tabix/continuous-3062-both_sexes-irnt.tsv.bgz.tbi,MID,TO_VALIDATE_IN_15B2,MATCHED_TRAIT_CATALOG,True,True,True,True,True,
cmp_7af1316f8cf78205,gt_d3606f7377753961,IL12B,Pan-UKB,Pan-UKB::biomarkers|30730|both_sexes||irnt,Gamma glutamyltransferase,biomarkers|30730|both_sexes||irnt,GRCh37,gamma_glutamyltransferase,SENSITIVITY,Proxy biomarker,Proxy biomarker,False,False,B,B,0,1,1,1,"Liver Cirrhosis, Biliary",EUR,CSA,5,chr5,158741791,158757895,158741790,158641791,158857895,158641790,100000,-,ENSG00000113302.4,protein_coding,IL12B,exact_gene_name,GENCODE v19,MATCHED,single_multianalysis_bgzf,s3://pan-ukb-us-east-1/sumstats_flat_files/biomarkers-30730-both_sexes-irnt.tsv.bgz,s3://pan-ukb-us-east-1/sumstats_flat_files_tabix/biomarkers-30730-both_sexes-irnt.tsv.bgz.tbi,s3://pan-ukb-us-east-1/sumstats_flat_files/biomarkers-30730-both_sexes-irnt.tsv.bgz,s3://pan-ukb-us-east-1/sumstats_flat_files_tabix/biomarkers-30730-both_sexes-irnt.tsv.bgz.tbi,CSA,TO_VALIDATE_IN_15B2,MATCHED_TRAIT_CATALOG,True,True,True,True,True,
cmp_bbc4b00a7a3f867b,gt_d3606f7377753961,IL12B,Pan-UKB,Pan-UKB::biomarkers|30730|both_sexes||irnt,Gamma glutamyltransferase,biomarkers|30730|both_sexes||irnt,GRCh37,gamma_glutamyltransferase,SENSITIVITY,Proxy biomarker,Proxy biomarker,False,False,B,B,0,1,1,1,"Liver Cirrhosis, Biliary",EUR,EAS,5,chr5,158741791,158757895,158741790,158641791,158857895,158641790,100000,-,ENSG00000113302.4,protein_coding,IL12B,exact_gene_name,GENCODE v19,MATCHED,single_multianalysis_bgzf,s3://pan-ukb-us-east-1/sumstats_flat_files/biomarkers-30730-both_sexes-irnt.tsv.bgz,s3://pan-ukb-us-east-1/sumstats_flat_files_tabix/biomarkers-30730-both_sexes-irnt.tsv.bgz.tbi,s3://pan-ukb-us-east-1/sumstats_flat_files/biomarkers-30730-both_sexes-irnt.tsv.bgz,s3://pan-ukb-us-east-1/sumstats_flat_files_tabix/biomarkers-30730-both_sexes-irnt.tsv.bgz.tbi,EAS,TO_VALIDATE_IN_15B2,MATCHED_TRAIT_CATALOG,True,True,True,True,True,
cmp_1f6fdb329849310a,gt_3b5fc5b375fad1ca,PNPLA3,Pan-UKB,Pan-UKB::biomarkers|30730|both_sexes||irnt,Gamma glutamyltransferase,biomarkers|30730|both_sexes||irnt,GRCh37,gamma_glutamyltransferase,SENSITIVITY,Proxy biomarker,Proxy biomarker,False,False,B,B,0,1,1,1,Non-alcoholic Fatty Liver Disease,EUR,CSA,22,chr22,44319619,44360368,44319618,44219619,44460368,44219618,100000,+,ENSG00000100344.6,protein_coding,PNPLA3,exact_gene_name,GENCODE v19,MATCHED,single_multianalysis_bgzf,s3://pan-ukb-us-east-1/sumstats_flat_files/biomarkers-30730-both_sexes-irnt.tsv.bgz,s3://pan-ukb-us-east-1/sumstats_flat_files_tabix/biomarkers-30730-both_sexes-irnt.tsv.bgz.tbi,s3://pan-ukb-us-east-1/sumstats_flat_files/biomarkers-30730-both_sexes-irnt.tsv.bgz,s3://pan-ukb-us-east-1/sumstats_flat_files_tabix/biomarkers-30730-both_sexes-irnt.tsv.bgz.tbi,CSA,TO_VALIDATE_IN_15B2,MATCHED_TRAIT_CATALOG,True,True,True,True,True,
cmp_582df3be14e0f426,gt_3b5fc5b375fad1ca,PNPLA3,Pan-UKB,Pan-UKB::biomarkers|30730|both_sexes||irnt,Gamma glutamyltransferase,biomarkers|30730|both_sexes||irnt,GRCh37,gamma_glutamyltransferase,SENSITIVITY,Proxy biomarker,Proxy biomarker,False,False,B,B,0,1,1,1,Non-alcoholic Fatty Liver Disease,EUR,EAS,22,chr22,44319619,44360368,44319618,44219619,44460368,44219618,100000,+,ENSG00000100344.6,protein_coding,PNPLA3,exact_gene_name,GENCODE v19,MATCHED,single_multianalysis_bgzf,s3://pan-ukb-us-east-1/sumstats_flat_files/biomarkers-30730-both_sexes-irnt.tsv.bgz,s3://pan-ukb-us-east-1/sumstats_flat_files_tabix/biomarkers-30730-both_sexes-irnt.tsv.bgz.tbi,s3://pan-ukb-us-east-1/sumstats_flat_files/biomarkers-30730-both_sexes-irnt.tsv.bgz,s3://pan-ukb-us-east-1/sumstats_flat_files_tabix/biomarkers-30730-both_sexes-irnt.tsv.bgz.tbi,EAS,TO_VALIDATE_IN_15B2,MATCHED_TRAIT_CATALOG,True,True,True,True,True,
cmp_701a7e61724fee24,gt_ae985589e3b67771,TNFRSF1A,Pan-UKB,Pan-UKB::biomarkers|30730|both_sexes||irnt,Gamma glutamyltransferase,biomarkers|30730|both_sexes||irnt,GRCh37,gamma_glutamyltransferase,SENSITIVITY,Proxy biomarker,Proxy biomarker,False,False,B,B,0,1,1,1,Liver Cirrhosis,EUR,CSA,12,chr12,6437923,6451280,6437922,6337923,6551280,6337922,100000,-,ENSG00000067182.3,protein_coding,TNFRSF1A,exact_gene_name,GENCODE v19,MATCHED,single_multianalysis_bgzf,s3://pan-ukb-us-east-1/sumstats_flat_files/biomarkers-30730-both_sexes-irnt.tsv.bgz,s3://pan-ukb-us-east-1/sumstats_flat_files_tabix/biomarkers-30730-both_sexes-irnt.tsv.bgz.tbi,s3://pan-ukb-us-east-1/sumstats_flat_files/biomarkers-30730-both_sexes-irnt.tsv.bgz,s3://pan-ukb-us-east-1/sumstats_flat_files_tabix/biomarkers-30730-both_sexes-irnt.tsv.bgz.tbi,CSA,TO_VALIDATE_IN_15B2,MATCHED_TRAIT_CATALOG,True,True,True,True,True,
cmp_7a25d33f6efeabdd,gt_ae985589e3b67771,TNFRSF1A,Pan-UKB,Pan-UKB::biomarkers|30730|both_sexes||irnt,Gamma glutamyltransferase,biomarkers|30730|both_sexes||irnt,GRCh37,gamma_glutamyltransferase,SENSITIVITY,Proxy biomarker,Proxy biomarker,False,False,B,B,0,1,1,1,Liver Cirrhosis,EUR,EAS,12,chr12,6437923,6451280,6437922,6337923,6551280,6337922,100000,-,ENSG00000067182.3,protein_coding,TNFRSF1A,exact_gene_name,GENCODE v19,MATCHED,single_multianalysis_bgzf,s3://pan-ukb-us-east-1/sumstats_flat_files/biomarkers-30730-both_sexes-irnt.tsv.bgz,s3://pan-ukb-us-east-1/sumstats_flat_files_tabix/biomarkers-30730-both_sexes-irnt.tsv.bgz.tbi,s3://pan-ukb-us-east-1/sumstats_flat_files/biomarkers-30730-both_sexes-irnt.tsv.bgz,s3://pan-ukb-us-east-1/sumstats_flat_files_tabix/biomarkers-30730-both_sexes-irnt.tsv.bgz.tbi,EAS,TO_VALIDATE_IN_15B2,MATCHED_TRAIT_CATALOG,True,True,True,True,True,
cmp_5333e60d14f5cf55,gt_74265ed9146327fb,IL2,Pan-UKB,Pan-UKB::biomarkers|30750|both_sexes||irnt,Glycated haemoglobin (HbA1c),biomarkers|30750|both_sexes||irnt,GRCh37,hba1c,SENSITIVITY,Proxy biomarker,Proxy biomarker,False,False,B,B,0,1,1,1,"Diabetes Mellitus, Type 1",EUR,CSA,4,chr4,123372625,123377880,123372624,123272625,123477880,123272624,100000,-,ENSG00000109471.4,protein_coding,IL2,exact_gene_name,GENCODE v19,MATCHED,single_multianalysis_bgzf,s3://pan-ukb-us-east-1/sumstats_flat_files/biomarkers-30750-both_sexes-irnt.tsv.bgz,s3://pan-ukb-us-east-1/sumstats_flat_files_tabix/biomarkers-30750-both_sexes-irnt.tsv.bgz.tbi,s3://pan-ukb-us-east-1/sumstats_flat_files/biomarkers-30750-both_sexes-irnt.tsv.bgz,s3://pan-ukb-us-east-1/sumstats_flat_files_tabix/biomarkers-30750-both_sexes-irnt.tsv.bgz.tbi,CSA,TO_VALIDATE_IN_15B2,MATCHED_TRAIT_CATALOG,True,True,True,True,True,
cmp_c24af6fdb2ee0b08,gt_74265ed9146327fb,IL2,Pan-UKB,Pan-UKB::biomarkers|30750|both_sexes||irnt,Glycated haemoglobin (HbA1c),biomarkers|30750|both_sexes||irnt,GRCh37,hba1c,SENSITIVITY,Proxy biomarker,Proxy biomarker,False,False,B,B,0,1,1,1,"Diabetes Mellitus, Type 1",EUR,MID,4,chr4,123372625,123377880,123372624,123272625,123477880,123272624,100000,-,ENSG00000109471.4,protein_coding,IL2,exact_gene_name,GENCODE v19,MATCHED,single_multianalysis_bgzf,s3://pan-ukb-us-east-1/sumstats_flat_files/biomarkers-30750-both_sexes-irnt.tsv.bgz,s3://pan-ukb-us-east-1/sumstats_flat_files_tabix/biomarkers-30750-both_sexes-irnt.tsv.bgz.tbi,s3://pan-ukb-us-east-1/sumstats_flat_files/biomarkers-30750-both_sexes-irnt.tsv.bgz,s3://pan-ukb-us-east-1/sumstats_flat_files_tabix/biomarkers-30750-both_sexes-irnt.tsv.bgz.tbi,MID,TO_VALIDATE_IN_15B2,MATCHED_TRAIT_CATALOG,True,True,True,True,True,
cmp_9e8bc63ba014ff80,gt_58e8480922b3a0a2,IL2RA,Pan-UKB,Pan-UKB::biomarkers|30750|both_sexes||irnt,Glycated haemoglobin (HbA1c),biomarkers|30750|both_sexes||irnt,GRCh37,hba1c,SENSITIVITY,Proxy biomarker,Proxy biomarker,False,False,B,B,0,1,1,1,"Diabetes Mellitus, Type 1",EUR,CSA,10,chr10,6052652,6104288,6052651,5952652,6204288,5952651,100000,-,ENSG00000134460.11,protein_coding,IL2RA,exact_gene_name,GENCODE v19,MATCHED,single_multianalysis_bgzf,s3://pan-ukb-us-east-1/sumstats_flat_files/biomarkers-30750-both_sexes-irnt.tsv.bgz,s3://pan-ukb-us-east-1/sumstats_flat_files_tabix/biomarkers-30750-both_sexes-irnt.tsv.bgz.tbi,s3://pan-ukb-us-east-1/sumstats_flat_files/biomarkers-30750-both_sexes-irnt.tsv.bgz,s3://pan-ukb-us-east-1/sumstats_flat_files_tabix/biomarkers-30750-both_sexes-irnt.tsv.bgz.tbi,CSA,TO_VALIDATE_IN_15B2,MATCHED_TRAIT_CATALOG,True,True,True,True,True,
cmp_3ce5d16be5612daa,gt_58e8480922b3a0a2,IL2RA,Pan-UKB,Pan-UKB::biomarkers|30750|both_sexes||irnt,Glycated haemoglobin (HbA1c),biomarkers|30750|both_sexes||irnt,GRCh37,hba1c,SENSITIVITY,Proxy biomarker,Proxy biomarker,False,False,B,B,0,1,1,1,"Diabetes Mellitus, Type 1",EUR,MID,10,chr10,6052652,6104288,6052651,5952652,6204288,5952651,100000,-,ENSG00000134460.11,protein_coding,IL2RA,exact_gene_name,GENCODE v19,MATCHED,single_multianalysis_bgzf,s3://pan-ukb-us-east-1/sumstats_flat_files/biomarkers-30750-both_sexes-irnt.tsv.bgz,s3://pan-ukb-us-east-1/sumstats_flat_files_tabix/biomarkers-30750-both_sexes-irnt.tsv.bgz.tbi,s3://pan-ukb-us-east-1/sumstats_flat_files/biomarkers-30750-both_sexes-irnt.tsv.bgz,s3://pan-ukb-us-east-1/sumstats_flat_files_tabix/biomarkers-30750-both_sexes-irnt.tsv.bgz.tbi,MID,TO_VALIDATE_IN_15B2,MATCHED_TRAIT_CATALOG,True,True,True,True,True,
cmp_300099878c3ddd23,gt_3f9a2ee8d840a17a,IL7R,Pan-UKB,Pan-UKB::biomarkers|30750|both_sexes||irnt,Glycated haemoglobin (HbA1c),biomarkers|30750|both_sexes||irnt,GRCh37,hba1c,SENSITIVITY,Proxy biomarker,Proxy biomarker,False,False,B,B,0,1,1,1,"Diabetes Mellitus, Type 1",EUR,CSA,5,chr5,35852797,35879705,35852796,35752797,35979705,35752796,100000,+,ENSG00000168685.10,protein_coding,IL7R,exact_gene_name,GENCODE v19,MATCHED,single_multianalysis_bgzf,s3://pan-ukb-us-east-1/sumstats_flat_files/biomarkers-30750-both_sexes-irnt.tsv.bgz,s3://pan-ukb-us-east-1/sumstats_flat_files_tabix/biomarkers-30750-both_sexes-irnt.tsv.bgz.tbi,s3://pan-ukb-us-east-1/sumstats_flat_files/biomarkers-30750-both_sexes-irnt.tsv.bgz,s3://pan-ukb-us-east-1/sumstats_flat_files_tabix/biomarkers-30750-both_sexes-irnt.tsv.bgz.tbi,CSA,TO_VALIDATE_IN_15B2,MATCHED_TRAIT_CATALOG,True,True,True,True,True,
cmp_7f7eac78c29f324f,gt_3f9a2ee8d840a17a,IL7R,Pan-UKB,Pan-UKB::biomarkers|30750|both_sexes||irnt,Glycated haemoglobin (HbA1c),biomarkers|30750|both_sexes||irnt,GRCh37,hba1c,SENSITIVITY,Proxy biomarker,Proxy biomarker,False,False,B,B,0,1,1,1,"Diabetes Mellitus, Type 1",EUR,MID,5,chr5,35852797,35879705,35852796,35752797,35979705,35752796,100000,+,ENSG00000168685.10,protein_coding,IL7R,exact_gene_name,GENCODE v19,MATCHED,single_multianalysis_bgzf,s3://pan-ukb-us-east-1/sumstats_flat_files/biomarkers-30750-both_sexes-irnt.tsv.bgz,s3://pan-ukb-us-east-1/sumstats_flat_files_tabix/biomarkers-30750-both_sexes-irnt.tsv.bgz.tbi,s3://pan-ukb-us-east-1/sumstats_flat_files/biomarkers-30750-both_sexes-irnt.tsv.bgz,s3://pan-ukb-us-east-1/sumstats_flat_files_tabix/biomarkers-30750-both_sexes-irnt.tsv.bgz.tbi,MID,TO_VALIDATE_IN_15B2,MATCHED_TRAIT_CATALOG,True,True,True,True,True,
cmp_e888f5b6a5882a64,gt_67c54d9791524a5b,ACVRL1,Pan-UKB,Pan-UKB::continuous|30030|both_sexes||irnt,Haematocrit percentage,continuous|30030|both_sexes||irnt,GRCh37,haematocrit,SENSITIVITY,Direct quantitative readout,Direct quantitative readout,False,False,B,B,0,1,1,1,Anemia,EUR,CSA,12,chr12,52300692,52317145,52300691,52200692,52417145,52200691,100000,+,ENSG00000139567.8,protein_coding,ACVRL1,exact_gene_name,GENCODE v19,MATCHED,single_multianalysis_bgzf,s3://pan-ukb-us-east-1/sumstats_flat_files/continuous-30030-both_sexes-irnt.tsv.bgz,s3://pan-ukb-us-east-1/sumstats_flat_files_tabix/continuous-30030-both_sexes-irnt.tsv.bgz.tbi,s3://pan-ukb-us-east-1/sumstats_flat_files/continuous-30030-both_sexes-irnt.tsv.bgz,s3://pan-ukb-us-east-1/sumstats_flat_files_tabix/continuous-30030-both_sexes-irnt.tsv.bgz.tbi,CSA,TO_VALIDATE_IN_15B2,MATCHED_TRAIT_CATALOG,True,True,True,True,True,
cmp_b2c638cbfe038ac9,gt_0f0a6425c6b4403c,BCL11A,Pan-UKB,Pan-UKB::continuous|30030|both_sexes||irnt,Haematocrit percentage,continuous|30030|both_sexes||irnt,GRCh37,haematocrit,SENSITIVITY,Proxy biomarker,Proxy biomarker,False,False,B,B,0,1,1,1,"Anemia, Sickle Cell",EUR,CSA,2,chr2,60678302,60780702,60678301,60578302,60880702,60578301,100000,-,ENSG00000119866.16,protein_coding,BCL11A,exact_gene_name,GENCODE v19,MATCHED,single_multianalysis_bgzf,s3://pan-ukb-us-east-1/sumstats_flat_files/continuous-30030-both_sexes-irnt.tsv.bgz,s3://pan-ukb-us-east-1/sumstats_flat_files_tabix/continuous-30030-both_sexes-irnt.tsv.bgz.tbi,s3://pan-ukb-us-east-1/sumstats_flat_files/continuous-30030-both_sexes-irnt.tsv.bgz,s3://pan-ukb-us-east-1/sumstats_flat_files_tabix/continuous-30030-both_sexes-irnt.tsv.bgz.tbi,CSA,TO_VALIDATE_IN_15B2,MATCHED_TRAIT_CATALOG,True,True,True,True,True,
cmp_f66faf55b9836904,gt_0c3c603f8b577864,BCL2,Pan-UKB,Pan-UKB::continuous|30030|both_sexes||irnt,Haematocrit percentage,continuous|30030|both_sexes||irnt,GRCh37,haematocrit,SENSITIVITY,Direct quantitative readout,Direct quantitative readout,False,False,B,B,0,1,1,1,Anemia,EUR,CSA,18,chr18,60790579,60987361,60790578,60690579,61087361,60690578,100000,-,ENSG00000171791.10,protein_coding,BCL2,exact_gene_name,GENCODE v19,MATCHED,single_multianalysis_bgzf,s3://pan-ukb-us-east-1/sumstats_flat_files/continuous-30030-both_sexes-irnt.tsv.bgz,s3://pan-ukb-us-east-1/sumstats_flat_files_tabix/continuous-30030-both_sexes-irnt.tsv.bgz.tbi,s3://pan-ukb-us-east-1/sumstats_flat_files/continuous-30030-both_sexes-irnt.tsv.bgz,s3://pan-ukb-us-east-1/sumstats_flat_files_tabix/continuous-30030-both_sexes-irnt.tsv.bgz.tbi,CSA,TO_VALIDATE_IN_15B2,MATCHED_TRAIT_CATALOG,True,True,True,True,True,
cmp_c37b7b030b1acba0,gt_7b4582d3f70c8637,DYRK3,Pan-UKB,Pan-UKB::continuous|30030|both_sexes||irnt,Haematocrit percentage,continuous|30030|both_sexes||irnt,GRCh37,haematocrit,SENSITIVITY,Direct quantitative readout,Direct quantitative readout,False,False,B,B,0,1,1,1,Anemia,EUR,CSA,1,chr1,206808881,206857764,206808880,206708881,206957764,206708880,100000,+,ENSG00000143479.11,protein_coding,DYRK3,exact_gene_name,GENCODE v19,MATCHED,single_multianalysis_bgzf,s3://pan-ukb-us-east-1/sumstats_flat_files/continuous-30030-both_sexes-irnt.tsv.bgz,s3://pan-ukb-us-east-1/sumstats_flat_files_tabix/continuous-30030-both_sexes-irnt.tsv.bgz.tbi,s3://pan-ukb-us-east-1/sumstats_flat_files/continuous-30030-both_sexes-irnt.tsv.bgz,s3://pan-ukb-us-east-1/sumstats_flat_files_tabix/continuous-30030-both_sexes-irnt.tsv.bgz.tbi,CSA,TO_VALIDATE_IN_15B2,MATCHED_TRAIT_CATALOG,True,True,True,True,True,
cmp_2306f4bf45b37d7c,gt_96b2ddeb85d9edbd,EGLN1,Pan-UKB,Pan-UKB::continuous|30030|both_sexes||irnt,Haematocrit percentage,continuous|30030|both_sexes||irnt,GRCh37,haematocrit,SENSITIVITY,Direct quantitative readout,Direct quantitative readout,False,False,A,A,1,0,1,1,Anemia,EUR,CSA,1,chr1,231499497,231560790,231499496,231399497,231660790,231399496,100000,-,ENSG00000135766.8,protein_coding,EGLN1,exact_gene_name,GENCODE v19,MATCHED,single_multianalysis_bgzf,s3://pan-ukb-us-east-1/sumstats_flat_files/continuous-30030-both_sexes-irnt.tsv.bgz,s3://pan-ukb-us-east-1/sumstats_flat_files_tabix/continuous-30030-both_sexes-irnt.tsv.bgz.tbi,s3://pan-ukb-us-east-1/sumstats_flat_files/continuous-30030-both_sexes-irnt.tsv.bgz,s3://pan-ukb-us-east-1/sumstats_flat_files_tabix/continuous-30030-both_sexes-irnt.tsv.bgz.tbi,CSA,TO_VALIDATE_IN_15B2,MATCHED_TRAIT_CATALOG,True,True,True,True,True,
cmp_daa15ff91a07e91a,gt_9f9d9a8f3eb4fe90,EGLN2,Pan-UKB,Pan-UKB::continuous|30030|both_sexes||irnt,Haematocrit percentage,continuous|30030|both_sexes||irnt,GRCh37,haematocrit,SENSITIVITY,Direct quantitative readout,Direct quantitative readout,False,False,A,A,1,0,1,1,Anemia,EUR,CSA,19,chr19,41304901,41314338,41304900,41204901,41414338,41204900,100000,+,ENSG00000269858.1,protein_coding,EGLN2,exact_gene_name,GENCODE v19,MATCHED,single_multianalysis_bgzf,s3://pan-ukb-us-east-1/sumstats_flat_files/continuous-30030-both_sexes-irnt.tsv.bgz,s3://pan-ukb-us-east-1/sumstats_flat_files_tabix/continuous-30030-both_sexes-irnt.tsv.bgz.tbi,s3://pan-ukb-us-east-1/sumstats_flat_files/continuous-30030-both_sexes-irnt.tsv.bgz,s3://pan-ukb-us-east-1/sumstats_flat_files_tabix/continuous-30030-both_sexes-irnt.tsv.bgz.tbi,CSA,TO_VALIDATE_IN_15B2,MATCHED_TRAIT_CATALOG,True,True,True,True,True,
cmp_aea0123847180897,gt_66b062a2cbe3e941,EGLN3,Pan-UKB,Pan-UKB::continuous|30030|both_sexes||irnt,Haematocrit percentage,continuous|30030|both_sexes||irnt,GRCh37,haematocrit,SENSITIVITY,Direct quantitative readout,Direct quantitative readout,False,False,A,A,1,0,1,1,Anemia,EUR,CSA,14,chr14,34393437,34931980,34393436,34293437,35031980,34293436,100000,-,ENSG00000129521.9,protein_coding,EGLN3,exact_gene_name,GENCODE v19,MATCHED,single_multianalysis_bgzf,s3://pan-ukb-us-east-1/sumstats_flat_files/continuous-30030-both_sexes-irnt.tsv.bgz,s3://pan-ukb-us-east-1/sumstats_flat_files_tabix/continuous-30030-both_sexes-irnt.tsv.bgz.tbi,s3://pan-ukb-us-east-1/sumstats_flat_files/continuous-30030-both_sexes-irnt.tsv.bgz,s3://pan-ukb-us-east-1/sumstats_flat_files_tabix/continuous-30030-both_sexes-irnt.tsv.bgz.tbi,CSA,TO_VALIDATE_IN_15B2,MATCHED_TRAIT_CATALOG,True,True,True,True,True,
cmp_02d97881ff51fd4a,gt_7ae5be7834d91f7b,EPOR,Pan-UKB,Pan-UKB::continuous|30030|both_sexes||irnt,Haematocrit percentage,continuous|30030|both_sexes||irnt,GRCh37,haematocrit,SENSITIVITY,Direct quantitative readout,Direct quantitative readout,False,False,A,A,1,0,1,1,Anemia,EUR,CSA,19,chr19,11488236,11495018,11488235,11388236,11595018,11388235,100000,-,ENSG00000187266.9,protein_coding,EPOR,exact_gene_name,GENCODE v19,MATCHED,single_multianalysis_bgzf,s3://pan-ukb-us-east-1/sumstats_flat_files/continuous-30030-both_sexes-irnt.tsv.bgz,s3://pan-ukb-us-east-1/sumstats_flat_files_tabix/continuous-30030-both_sexes-irnt.tsv.bgz.tbi,s3://pan-ukb-us-east-1/sumstats_flat_files/continuous-30030-both_sexes-irnt.tsv.bgz,s3://pan-ukb-us-east-1/sumstats_flat_files_tabix/continuous-30030-both_sexes-irnt.tsv.bgz.tbi,CSA,TO_VALIDATE_IN_15B2,MATCHED_TRAIT_CATALOG,True,True,True,True,True,
cmp_bdfcb931f7c4e98d,gt_9d916cc71cbd9929,HAMP,Pan-UKB,Pan-UKB::continuous|30030|both_sexes||irnt,Haematocrit percentage,continuous|30030|both_sexes||irnt,GRCh37,haematocrit,SENSITIVITY,Direct quantitative readout,Direct quantitative readout,False,False,B,B,0,1,1,1,Anemia,EUR,CSA,19,chr19,35771619,35776046,35771618,35671619,35876046,35671618,100000,+,ENSG00000105697.3,protein_coding,HAMP,exact_gene_name,GENCODE v19,MATCHED,single_multianalysis_bgzf,s3://pan-ukb-us-east-1/sumstats_flat_files/continuous-30030-both_sexes-irnt.tsv.bgz,s3://pan-ukb-us-east-1/sumstats_flat_files_tabix/continuous-30030-both_sexes-irnt.tsv.bgz.tbi,s3://pan-ukb-us-east-1/sumstats_flat_files/continuous-30030-both_sexes-irnt.tsv.bgz,s3://pan-ukb-us-east-1/sumstats_flat_files_tabix/continuous-30030-both_sexes-irnt.tsv.bgz.tbi,CSA,TO_VALIDATE_IN_15B2,MATCHED_TRAIT_CATALOG,True,True,True,True,True,
cmp_20aa3024b0b5f241,gt_e2b9d18ccdcdc08d,HBG1,Pan-UKB,Pan-UKB::continuous|30030|both_sexes||irnt,Haematocrit percentage,continuous|30030|both_sexes||irnt,GRCh37,haematocrit,SENSITIVITY,Proxy biomarker,Proxy biomarker,False,False,B,B,0,1,1,1,"Anemia, Sickle Cell",EUR,CSA,11,chr11,5269313,5271122,5269312,5169313,5371122,5169312,100000,-,ENSG00000213934.5,protein_coding,HBG1,exact_gene_name,GENCODE v19,MATCHED,single_multianalysis_bgzf,s3://pan-ukb-us-east-1/sumstats_flat_files/continuous-30030-both_sexes-irnt.tsv.bgz,s3://pan-ukb-us-east-1/sumstats_flat_files_tabix/continuous-30030-both_sexes-irnt.tsv.bgz.tbi,s3://pan-ukb-us-east-1/sumstats_flat_files/continuous-30030-both_sexes-irnt.tsv.bgz,s3://pan-ukb-us-east-1/sumstats_flat_files_tabix/continuous-30030-both_sexes-irnt.tsv.bgz.tbi,CSA,TO_VALIDATE_IN_15B2,MATCHED_TRAIT_CATALOG,True,True,True,True,True,
cmp_86792b4c13fc2516,gt_fb481c095df557c6,IL6,Pan-UKB,Pan-UKB::continuous|30030|both_sexes||irnt,Haematocrit percentage,continuous|30030|both_sexes||irnt,GRCh37,haematocrit,SENSITIVITY,Direct quantitative readout,Direct quantitative readout,False,False,B,B,0,1,1,1,Anemia,EUR,CSA,7,chr7,22765503,22771621,22765502,22665503,22871621,22665502,100000,+,ENSG00000136244.7,protein_coding,IL6,exact_gene_name,GENCODE v19,MATCHED,single_multianalysis_bgzf,s3://pan-ukb-us-east-1/sumstats_flat_files/continuous-30030-both_sexes-irnt.tsv.bgz,s3://pan-ukb-us-east-1/sumstats_flat_files_tabix/continuous-30030-both_sexes-irnt.tsv.bgz.tbi,s3://pan-ukb-us-east-1/sumstats_flat_files/continuous-30030-both_sexes-irnt.tsv.bgz,s3://pan-ukb-us-east-1/sumstats_flat_files_tabix/continuous-30030-both_sexes-irnt.tsv.bgz.tbi,CSA,TO_VALIDATE_IN_15B2,MATCHED_TRAIT_CATALOG,True,True,True,True,True,
cmp_e00f54419dcb7e9d,gt_dc4d847f4c3509f6,PKLR,Pan-UKB,Pan-UKB::continuous|30030|both_sexes||irnt,Haematocrit percentage,continuous|30030|both_sexes||irnt,GRCh37,haematocrit,SENSITIVITY,Direct quantitative readout,Direct quantitative readout,False,False,B,B,0,1,1,1,Anemia,EUR,CSA,1,chr1,155259630,155271225,155259629,155159630,155371225,155159629,100000,-,ENSG00000143627.13,protein_coding,PKLR,exact_gene_name,GENCODE v19,MATCHED,single_multianalysis_bgzf,s3://pan-ukb-us-east-1/sumstats_flat_files/continuous-30030-both_sexes-irnt.tsv.bgz,s3://pan-ukb-us-east-1/sumstats_flat_files_tabix/continuous-30030-both_sexes-irnt.tsv.bgz.tbi,s3://pan-ukb-us-east-1/sumstats_flat_files/continuous-30030-both_sexes-irnt.tsv.bgz,s3://pan-ukb-us-east-1/sumstats_flat_files_tabix/continuous-30030-both_sexes-irnt.tsv.bgz.tbi,CSA,TO_VALIDATE_IN_15B2,MATCHED_TRAIT_CATALOG,True,True,True,True,True,
cmp_b8a375815fd092d9,gt_be73a29381d60813,SLC40A1,Pan-UKB,Pan-UKB::continuous|30030|both_sexes||irnt,Haematocrit percentage,continuous|30030|both_sexes||irnt,GRCh37,haematocrit,SENSITIVITY,Direct quantitative readout,Direct quantitative readout,False,False,B,B,0,1,1,1,Anemia,EUR,CSA,2,chr2,190425305,190448484,190425304,190325305,190548484,190325304,100000,-,ENSG00000138449.6,protein_coding,SLC40A1,exact_gene_name,GENCODE v19,MATCHED,single_multianalysis_bgzf,s3://pan-ukb-us-east-1/sumstats_flat_files/continuous-30030-both_sexes-irnt.tsv.bgz,s3://pan-ukb-us-east-1/sumstats_flat_files_tabix/continuous-30030-both_sexes-irnt.tsv.bgz.tbi,s3://pan-ukb-us-east-1/sumstats_flat_files/continuous-30030-both_sexes-irnt.tsv.bgz,s3://pan-ukb-us-east-1/sumstats_flat_files_tabix/continuous-30030-both_sexes-irnt.tsv.bgz.tbi,CSA,TO_VALIDATE_IN_15B2,MATCHED_TRAIT_CATALOG,True,True,True,True,True,
cmp_431c0cb5b1d66f60,gt_c19c98b54e6718ee,BCL11A,Pan-UKB,Pan-UKB::continuous|30020|both_sexes||irnt,Haemoglobin concentration,continuous|30020|both_sexes||irnt,GRCh37,haemoglobin,SENSITIVITY,Proxy biomarker,Proxy biomarker,False,False,B,B,0,1,1,1,"Anemia, Sickle Cell",EUR,CSA,2,chr2,60678302,60780702,60678301,60578302,60880702,60578301,100000,-,ENSG00000119866.16,protein_coding,BCL11A,exact_gene_name,GENCODE v19,MATCHED,single_multianalysis_bgzf,s3://pan-ukb-us-east-1/sumstats_flat_files/continuous-30020-both_sexes-irnt.tsv.bgz,s3://pan-ukb-us-east-1/sumstats_flat_files_tabix/continuous-30020-both_sexes-irnt.tsv.bgz.tbi,s3://pan-ukb-us-east-1/sumstats_flat_files/continuous-30020-both_sexes-irnt.tsv.bgz,s3://pan-ukb-us-east-1/sumstats_flat_files_tabix/continuous-30020-both_sexes-irnt.tsv.bgz.tbi,CSA,TO_VALIDATE_IN_15B2,MATCHED_TRAIT_CATALOG,True,True,True,True,True,
cmp_fc1519fc51005152,gt_5987f2d6993fa9d0,HBG1,Pan-UKB,Pan-UKB::continuous|30020|both_sexes||irnt,Haemoglobin concentration,continuous|30020|both_sexes||irnt,GRCh37,haemoglobin,SENSITIVITY,Proxy biomarker,Proxy biomarker,False,False,B,B,0,1,1,1,"Anemia, Sickle Cell",EUR,CSA,11,chr11,5269313,5271122,5269312,5169313,5371122,5169312,100000,-,ENSG00000213934.5,protein_coding,HBG1,exact_gene_name,GENCODE v19,MATCHED,single_multianalysis_bgzf,s3://pan-ukb-us-east-1/sumstats_flat_files/continuous-30020-both_sexes-irnt.tsv.bgz,s3://pan-ukb-us-east-1/sumstats_flat_files_tabix/continuous-30020-both_sexes-irnt.tsv.bgz.tbi,s3://pan-ukb-us-east-1/sumstats_flat_files/continuous-30020-both_sexes-irnt.tsv.bgz,s3://pan-ukb-us-east-1/sumstats_flat_files_tabix/continuous-30020-both_sexes-irnt.tsv.bgz.tbi,CSA,TO_VALIDATE_IN_15B2,MATCHED_TRAIT_CATALOG,True,True,True,True,True,
cmp_eca8b8fde0951132,gt_159a6541799e74e2,JAK2,Pan-UKB,Pan-UKB::continuous|30020|both_sexes||irnt,Haemoglobin concentration,continuous|30020|both_sexes||irnt,GRCh37,haemoglobin,SENSITIVITY,Direct quantitative readout,Direct quantitative readout,False,False,A,A,1,0,1,1,Polycythemia Vera,EUR,CSA,9,chr9,4985033,5128183,4985032,4885033,5228183,4885032,100000,+,ENSG00000096968.8,protein_coding,JAK2,exact_gene_name,GENCODE v19,MATCHED,single_multianalysis_bgzf,s3://pan-ukb-us-east-1/sumstats_flat_files/continuous-30020-both_sexes-irnt.tsv.bgz,s3://pan-ukb-us-east-1/sumstats_flat_files_tabix/continuous-30020-both_sexes-irnt.tsv.bgz.tbi,s3://pan-ukb-us-east-1/sumstats_flat_files/continuous-30020-both_sexes-irnt.tsv.bgz,s3://pan-ukb-us-east-1/sumstats_flat_files_tabix/continuous-30020-both_sexes-irnt.tsv.bgz.tbi,CSA,TO_VALIDATE_IN_15B2,MATCHED_TRAIT_CATALOG,True,True,True,True,True,
cmp_1f5b980bdf9ed88c,gt_155dae93dd1434a9,ACVRL1,Pan-UKB,Pan-UKB::continuous|30040|both_sexes||irnt,Mean corpuscular volume,continuous|30040|both_sexes||irnt,GRCh37,mean_corpuscular_volume,SENSITIVITY,Direct quantitative readout,Direct quantitative readout,False,False,B,B,0,1,1,1,Anemia,EUR,CSA,12,chr12,52300692,52317145,52300691,52200692,52417145,52200691,100000,+,ENSG00000139567.8,protein_coding,ACVRL1,exact_gene_name,GENCODE v19,MATCHED,single_multianalysis_bgzf,s3://pan-ukb-us-east-1/sumstats_flat_files/continuous-30040-both_sexes-irnt.tsv.bgz,s3://pan-ukb-us-east-1/sumstats_flat_files_tabix/continuous-30040-both_sexes-irnt.tsv.bgz.tbi,s3://pan-ukb-us-east-1/sumstats_flat_files/continuous-30040-both_sexes-irnt.tsv.bgz,s3://pan-ukb-us-east-1/sumstats_flat_files_tabix/continuous-30040-both_sexes-irnt.tsv.bgz.tbi,CSA,TO_VALIDATE_IN_15B2,MATCHED_TRAIT_CATALOG,True,True,True,True,True,
cmp_af8dc765866541cc,gt_dd9f4fe0c23e938f,BCL11A,Pan-UKB,Pan-UKB::continuous|30040|both_sexes||irnt,Mean corpuscular volume,continuous|30040|both_sexes||irnt,GRCh37,mean_corpuscular_volume,SENSITIVITY,Proxy biomarker,Proxy biomarker,False,False,B,B,0,1,1,1,"Anemia, Sickle Cell",EUR,CSA,2,chr2,60678302,60780702,60678301,60578302,60880702,60578301,100000,-,ENSG00000119866.16,protein_coding,BCL11A,exact_gene_name,GENCODE v19,MATCHED,single_multianalysis_bgzf,s3://pan-ukb-us-east-1/sumstats_flat_files/continuous-30040-both_sexes-irnt.tsv.bgz,s3://pan-ukb-us-east-1/sumstats_flat_files_tabix/continuous-30040-both_sexes-irnt.tsv.bgz.tbi,s3://pan-ukb-us-east-1/sumstats_flat_files/continuous-30040-both_sexes-irnt.tsv.bgz,s3://pan-ukb-us-east-1/sumstats_flat_files_tabix/continuous-30040-both_sexes-irnt.tsv.bgz.tbi,CSA,TO_VALIDATE_IN_15B2,MATCHED_TRAIT_CATALOG,True,True,True,True,True,
cmp_8a9855aad5f691d3,gt_05f8bac9dea5ae35,BCL2,Pan-UKB,Pan-UKB::continuous|30040|both_sexes||irnt,Mean corpuscular volume,continuous|30040|both_sexes||irnt,GRCh37,mean_corpuscular_volume,SENSITIVITY,Direct quantitative readout,Direct quantitative readout,False,False,B,B,0,1,1,1,Anemia,EUR,CSA,18,chr18,60790579,60987361,60790578,60690579,61087361,60690578,100000,-,ENSG00000171791.10,protein_coding,BCL2,exact_gene_name,GENCODE v19,MATCHED,single_multianalysis_bgzf,s3://pan-ukb-us-east-1/sumstats_flat_files/continuous-30040-both_sexes-irnt.tsv.bgz,s3://pan-ukb-us-east-1/sumstats_flat_files_tabix/continuous-30040-both_sexes-irnt.tsv.bgz.tbi,s3://pan-ukb-us-east-1/sumstats_flat_files/continuous-30040-both_sexes-irnt.tsv.bgz,s3://pan-ukb-us-east-1/sumstats_flat_files_tabix/continuous-30040-both_sexes-irnt.tsv.bgz.tbi,CSA,TO_VALIDATE_IN_15B2,MATCHED_TRAIT_CATALOG,True,True,True,True,True,
cmp_bb57965c2a392dfb,gt_5505327134397a27,DYRK3,Pan-UKB,Pan-UKB::continuous|30040|both_sexes||irnt,Mean corpuscular volume,continuous|30040|both_sexes||irnt,GRCh37,mean_corpuscular_volume,SENSITIVITY,Direct quantitative readout,Direct quantitative readout,False,False,B,B,0,1,1,1,Anemia,EUR,CSA,1,chr1,206808881,206857764,206808880,206708881,206957764,206708880,100000,+,ENSG00000143479.11,protein_coding,DYRK3,exact_gene_name,GENCODE v19,MATCHED,single_multianalysis_bgzf,s3://pan-ukb-us-east-1/sumstats_flat_files/continuous-30040-both_sexes-irnt.tsv.bgz,s3://pan-ukb-us-east-1/sumstats_flat_files_tabix/continuous-30040-both_sexes-irnt.tsv.bgz.tbi,s3://pan-ukb-us-east-1/sumstats_flat_files/continuous-30040-both_sexes-irnt.tsv.bgz,s3://pan-ukb-us-east-1/sumstats_flat_files_tabix/continuous-30040-both_sexes-irnt.tsv.bgz.tbi,CSA,TO_VALIDATE_IN_15B2,MATCHED_TRAIT_CATALOG,True,True,True,True,True,
cmp_6b6c2f6626e40a5d,gt_066545273a7ccaa6,EGLN1,Pan-UKB,Pan-UKB::continuous|30040|both_sexes||irnt,Mean corpuscular volume,continuous|30040|both_sexes||irnt,GRCh37,mean_corpuscular_volume,SENSITIVITY,Direct quantitative readout,Direct quantitative readout,False,False,A,A,1,0,1,1,Anemia,EUR,CSA,1,chr1,231499497,231560790,231499496,231399497,231660790,231399496,100000,-,ENSG00000135766.8,protein_coding,EGLN1,exact_gene_name,GENCODE v19,MATCHED,single_multianalysis_bgzf,s3://pan-ukb-us-east-1/sumstats_flat_files/continuous-30040-both_sexes-irnt.tsv.bgz,s3://pan-ukb-us-east-1/sumstats_flat_files_tabix/continuous-30040-both_sexes-irnt.tsv.bgz.tbi,s3://pan-ukb-us-east-1/sumstats_flat_files/continuous-30040-both_sexes-irnt.tsv.bgz,s3://pan-ukb-us-east-1/sumstats_flat_files_tabix/continuous-30040-both_sexes-irnt.tsv.bgz.tbi,CSA,TO_VALIDATE_IN_15B2,MATCHED_TRAIT_CATALOG,True,True,True,True,True,
cmp_4248cb77ea26cba3,gt_e62033aef1ef1332,EGLN2,Pan-UKB,Pan-UKB::continuous|30040|both_sexes||irnt,Mean corpuscular volume,continuous|30040|both_sexes||irnt,GRCh37,mean_corpuscular_volume,SENSITIVITY,Direct quantitative readout,Direct quantitative readout,False,False,A,A,1,0,1,1,Anemia,EUR,CSA,19,chr19,41304901,41314338,41304900,41204901,41414338,41204900,100000,+,ENSG00000269858.1,protein_coding,EGLN2,exact_gene_name,GENCODE v19,MATCHED,single_multianalysis_bgzf,s3://pan-ukb-us-east-1/sumstats_flat_files/continuous-30040-both_sexes-irnt.tsv.bgz,s3://pan-ukb-us-east-1/sumstats_flat_files_tabix/continuous-30040-both_sexes-irnt.tsv.bgz.tbi,s3://pan-ukb-us-east-1/sumstats_flat_files/continuous-30040-both_sexes-irnt.tsv.bgz,s3://pan-ukb-us-east-1/sumstats_flat_files_tabix/continuous-30040-both_sexes-irnt.tsv.bgz.tbi,CSA,TO_VALIDATE_IN_15B2,MATCHED_TRAIT_CATALOG,True,True,True,True,True,
cmp_b0322dbcbbde58c0,gt_3671d46e17b82f0c,EGLN3,Pan-UKB,Pan-UKB::continuous|30040|both_sexes||irnt,Mean corpuscular volume,continuous|30040|both_sexes||irnt,GRCh37,mean_corpuscular_volume,SENSITIVITY,Direct quantitative readout,Direct quantitative readout,False,False,A,A,1,0,1,1,Anemia,EUR,CSA,14,chr14,34393437,34931980,34393436,34293437,35031980,34293436,100000,-,ENSG00000129521.9,protein_coding,EGLN3,exact_gene_name,GENCODE v19,MATCHED,single_multianalysis_bgzf,s3://pan-ukb-us-east-1/sumstats_flat_files/continuous-30040-both_sexes-irnt.tsv.bgz,s3://pan-ukb-us-east-1/sumstats_flat_files_tabix/continuous-30040-both_sexes-irnt.tsv.bgz.tbi,s3://pan-ukb-us-east-1/sumstats_flat_files/continuous-30040-both_sexes-irnt.tsv.bgz,s3://pan-ukb-us-east-1/sumstats_flat_files_tabix/continuous-30040-both_sexes-irnt.tsv.bgz.tbi,CSA,TO_VALIDATE_IN_15B2,MATCHED_TRAIT_CATALOG,True,True,True,True,True,
cmp_e72e5525efa44ae3,gt_21973df8b3e37a4d,EPOR,Pan-UKB,Pan-UKB::continuous|30040|both_sexes||irnt,Mean corpuscular volume,continuous|30040|both_sexes||irnt,GRCh37,mean_corpuscular_volume,SENSITIVITY,Direct quantitative readout,Direct quantitative readout,False,False,A,A,1,0,1,1,Anemia,EUR,CSA,19,chr19,11488236,11495018,11488235,11388236,11595018,11388235,100000,-,ENSG00000187266.9,protein_coding,EPOR,exact_gene_name,GENCODE v19,MATCHED,single_multianalysis_bgzf,s3://pan-ukb-us-east-1/sumstats_flat_files/continuous-30040-both_sexes-irnt.tsv.bgz,s3://pan-ukb-us-east-1/sumstats_flat_files_tabix/continuous-30040-both_sexes-irnt.tsv.bgz.tbi,s3://pan-ukb-us-east-1/sumstats_flat_files/continuous-30040-both_sexes-irnt.tsv.bgz,s3://pan-ukb-us-east-1/sumstats_flat_files_tabix/continuous-30040-both_sexes-irnt.tsv.bgz.tbi,CSA,TO_VALIDATE_IN_15B2,MATCHED_TRAIT_CATALOG,True,True,True,True,True,
cmp_44264cabc8f7efe1,gt_780290772563eda3,HAMP,Pan-UKB,Pan-UKB::continuous|30040|both_sexes||irnt,Mean corpuscular volume,continuous|30040|both_sexes||irnt,GRCh37,mean_corpuscular_volume,SENSITIVITY,Direct quantitative readout,Direct quantitative readout,False,False,B,B,0,1,1,1,Anemia,EUR,CSA,19,chr19,35771619,35776046,35771618,35671619,35876046,35671618,100000,+,ENSG00000105697.3,protein_coding,HAMP,exact_gene_name,GENCODE v19,MATCHED,single_multianalysis_bgzf,s3://pan-ukb-us-east-1/sumstats_flat_files/continuous-30040-both_sexes-irnt.tsv.bgz,s3://pan-ukb-us-east-1/sumstats_flat_files_tabix/continuous-30040-both_sexes-irnt.tsv.bgz.tbi,s3://pan-ukb-us-east-1/sumstats_flat_files/continuous-30040-both_sexes-irnt.tsv.bgz,s3://pan-ukb-us-east-1/sumstats_flat_files_tabix/continuous-30040-both_sexes-irnt.tsv.bgz.tbi,CSA,TO_VALIDATE_IN_15B2,MATCHED_TRAIT_CATALOG,True,True,True,True,True,
cmp_4a6a893a94100bbc,gt_d6350dbe046b3ee8,HBG1,Pan-UKB,Pan-UKB::continuous|30040|both_sexes||irnt,Mean corpuscular volume,continuous|30040|both_sexes||irnt,GRCh37,mean_corpuscular_volume,SENSITIVITY,Proxy biomarker,Proxy biomarker,False,False,B,B,0,1,1,1,"Anemia, Sickle Cell",EUR,CSA,11,chr11,5269313,5271122,5269312,5169313,5371122,5169312,100000,-,ENSG00000213934.5,protein_coding,HBG1,exact_gene_name,GENCODE v19,MATCHED,single_multianalysis_bgzf,s3://pan-ukb-us-east-1/sumstats_flat_files/continuous-30040-both_sexes-irnt.tsv.bgz,s3://pan-ukb-us-east-1/sumstats_flat_files_tabix/continuous-30040-both_sexes-irnt.tsv.bgz.tbi,s3://pan-ukb-us-east-1/sumstats_flat_files/continuous-30040-both_sexes-irnt.tsv.bgz,s3://pan-ukb-us-east-1/sumstats_flat_files_tabix/continuous-30040-both_sexes-irnt.tsv.bgz.tbi,CSA,TO_VALIDATE_IN_15B2,MATCHED_TRAIT_CATALOG,True,True,True,True,True,
cmp_9a9cfb3342b0e0fe,gt_6017c847a917cc44,IL6,Pan-UKB,Pan-UKB::continuous|30040|both_sexes||irnt,Mean corpuscular volume,continuous|30040|both_sexes||irnt,GRCh37,mean_corpuscular_volume,SENSITIVITY,Direct quantitative readout,Direct quantitative readout,False,False,B,B,0,1,1,1,Anemia,EUR,CSA,7,chr7,22765503,22771621,22765502,22665503,22871621,22665502,100000,+,ENSG00000136244.7,protein_coding,IL6,exact_gene_name,GENCODE v19,MATCHED,single_multianalysis_bgzf,s3://pan-ukb-us-east-1/sumstats_flat_files/continuous-30040-both_sexes-irnt.tsv.bgz,s3://pan-ukb-us-east-1/sumstats_flat_files_tabix/continuous-30040-both_sexes-irnt.tsv.bgz.tbi,s3://pan-ukb-us-east-1/sumstats_flat_files/continuous-30040-both_sexes-irnt.tsv.bgz,s3://pan-ukb-us-east-1/sumstats_flat_files_tabix/continuous-30040-both_sexes-irnt.tsv.bgz.tbi,CSA,TO_VALIDATE_IN_15B2,MATCHED_TRAIT_CATALOG,True,True,True,True,True,
cmp_3b0d5ae1d201d0bb,gt_bdc40f9987946f1b,PKLR,Pan-UKB,Pan-UKB::continuous|30040|both_sexes||irnt,Mean corpuscular volume,continuous|30040|both_sexes||irnt,GRCh37,mean_corpuscular_volume,SENSITIVITY,Direct quantitative readout,Direct quantitative readout,False,False,B,B,0,1,1,1,Anemia,EUR,CSA,1,chr1,155259630,155271225,155259629,155159630,155371225,155159629,100000,-,ENSG00000143627.13,protein_coding,PKLR,exact_gene_name,GENCODE v19,MATCHED,single_multianalysis_bgzf,s3://pan-ukb-us-east-1/sumstats_flat_files/continuous-30040-both_sexes-irnt.tsv.bgz,s3://pan-ukb-us-east-1/sumstats_flat_files_tabix/continuous-30040-both_sexes-irnt.tsv.bgz.tbi,s3://pan-ukb-us-east-1/sumstats_flat_files/continuous-30040-both_sexes-irnt.tsv.bgz,s3://pan-ukb-us-east-1/sumstats_flat_files_tabix/continuous-30040-both_sexes-irnt.tsv.bgz.tbi,CSA,TO_VALIDATE_IN_15B2,MATCHED_TRAIT_CATALOG,True,True,True,True,True,
cmp_634609dcd9838923,gt_8bf123ea23ab1ff1,SLC40A1,Pan-UKB,Pan-UKB::continuous|30040|both_sexes||irnt,Mean corpuscular volume,continuous|30040|both_sexes||irnt,GRCh37,mean_corpuscular_volume,SENSITIVITY,Direct quantitative readout,Direct quantitative readout,False,False,B,B,0,1,1,1,Anemia,EUR,CSA,2,chr2,190425305,190448484,190425304,190325305,190548484,190325304,100000,-,ENSG00000138449.6,protein_coding,SLC40A1,exact_gene_name,GENCODE v19,MATCHED,single_multianalysis_bgzf,s3://pan-ukb-us-east-1/sumstats_flat_files/continuous-30040-both_sexes-irnt.tsv.bgz,s3://pan-ukb-us-east-1/sumstats_flat_files_tabix/continuous-30040-both_sexes-irnt.tsv.bgz.tbi,s3://pan-ukb-us-east-1/sumstats_flat_files/continuous-30040-both_sexes-irnt.tsv.bgz,s3://pan-ukb-us-east-1/sumstats_flat_files_tabix/continuous-30040-both_sexes-irnt.tsv.bgz.tbi,CSA,TO_VALIDATE_IN_15B2,MATCHED_TRAIT_CATALOG,True,True,True,True,True,
cmp_f18343a1383d92d9,gt_5835b6b48a34e28c,JAK2,Pan-UKB,Pan-UKB::continuous|30010|both_sexes||irnt,Red blood cell (erythrocyte) count,continuous|30010|both_sexes||irnt,GRCh37,red_blood_cell_count,SENSITIVITY,Direct quantitative readout,Direct quantitative readout,False,False,A,A,1,0,1,1,Polycythemia Vera,EUR,CSA,9,chr9,4985033,5128183,4985032,4885033,5228183,4885032,100000,+,ENSG00000096968.8,protein_coding,JAK2,exact_gene_name,GENCODE v19,MATCHED,single_multianalysis_bgzf,s3://pan-ukb-us-east-1/sumstats_flat_files/continuous-30010-both_sexes-irnt.tsv.bgz,s3://pan-ukb-us-east-1/sumstats_flat_files_tabix/continuous-30010-both_sexes-irnt.tsv.bgz.tbi,s3://pan-ukb-us-east-1/sumstats_flat_files/continuous-30010-both_sexes-irnt.tsv.bgz,s3://pan-ukb-us-east-1/sumstats_flat_files_tabix/continuous-30010-both_sexes-irnt.tsv.bgz.tbi,CSA,TO_VALIDATE_IN_15B2,MATCHED_TRAIT_CATALOG,True,True,True,True,True,
cmp_5b485363f2d45e8d,gt_5835b6b48a34e28c,JAK2,Pan-UKB,Pan-UKB::continuous|30010|both_sexes||irnt,Red blood cell (erythrocyte) count,continuous|30010|both_sexes||irnt,GRCh37,red_blood_cell_count,SENSITIVITY,Direct quantitative readout,Direct quantitative readout,False,False,A,A,1,0,1,1,Polycythemia Vera,EUR,MID,9,chr9,4985033,5128183,4985032,4885033,5228183,4885032,100000,+,ENSG00000096968.8,protein_coding,JAK2,exact_gene_name,GENCODE v19,MATCHED,single_multianalysis_bgzf,s3://pan-ukb-us-east-1/sumstats_flat_files/continuous-30010-both_sexes-irnt.tsv.bgz,s3://pan-ukb-us-east-1/sumstats_flat_files_tabix/continuous-30010-both_sexes-irnt.tsv.bgz.tbi,s3://pan-ukb-us-east-1/sumstats_flat_files/continuous-30010-both_sexes-irnt.tsv.bgz,s3://pan-ukb-us-east-1/sumstats_flat_files_tabix/continuous-30010-both_sexes-irnt.tsv.bgz.tbi,MID,TO_VALIDATE_IN_15B2,MATCHED_TRAIT_CATALOG,True,True,True,True,True,
cmp_1fde9d1d410fc136,gt_c5f1d3c378cceb8c,ADIPOR2,Pan-UKB,Pan-UKB::continuous|48|both_sexes||irnt,Waist circumference,continuous|48|both_sexes||irnt,GRCh37,waist_circumference,SENSITIVITY,Direct quantitative readout,Direct quantitative readout,False,False,B,B,0,1,1,1,Obesity,EUR,AFR,12,chr12,1797740,1897844,1797739,1697740,1997844,1697739,100000,+,ENSG00000006831.9,protein_coding,ADIPOR2,exact_gene_name,GENCODE v19,MATCHED,single_multianalysis_bgzf,s3://pan-ukb-us-east-1/sumstats_flat_files/continuous-48-both_sexes-irnt.tsv.bgz,s3://pan-ukb-us-east-1/sumstats_flat_files_tabix/continuous-48-both_sexes-irnt.tsv.bgz.tbi,s3://pan-ukb-us-east-1/sumstats_flat_files/continuous-48-both_sexes-irnt.tsv.bgz,s3://pan-ukb-us-east-1/sumstats_flat_files_tabix/continuous-48-both_sexes-irnt.tsv.bgz.tbi,AFR,TO_VALIDATE_IN_15B2,MATCHED_TRAIT_CATALOG,True,True,True,True,True,
cmp_43ac15f4f1f48ac3,gt_c5f1d3c378cceb8c,ADIPOR2,Pan-UKB,Pan-UKB::continuous|48|both_sexes||irnt,Waist circumference,continuous|48|both_sexes||irnt,GRCh37,waist_circumference,SENSITIVITY,Direct quantitative readout,Direct quantitative readout,False,False,B,B,0,1,1,1,Obesity,EUR,CSA,12,chr12,1797740,1897844,1797739,1697740,1997844,1697739,100000,+,ENSG00000006831.9,protein_coding,ADIPOR2,exact_gene_name,GENCODE v19,MATCHED,single_multianalysis_bgzf,s3://pan-ukb-us-east-1/sumstats_flat_files/continuous-48-both_sexes-irnt.tsv.bgz,s3://pan-ukb-us-east-1/sumstats_flat_files_tabix/continuous-48-both_sexes-irnt.tsv.bgz.tbi,s3://pan-ukb-us-east-1/sumstats_flat_files/continuous-48-both_sexes-irnt.tsv.bgz,s3://pan-ukb-us-east-1/sumstats_flat_files_tabix/continuous-48-both_sexes-irnt.tsv.bgz.tbi,CSA,TO_VALIDATE_IN_15B2,MATCHED_TRAIT_CATALOG,True,True,True,True,True,
cmp_f58bbcdd42ea2bfe,gt_c5f1d3c378cceb8c,ADIPOR2,Pan-UKB,Pan-UKB::continuous|48|both_sexes||irnt,Waist circumference,continuous|48|both_sexes||irnt,GRCh37,waist_circumference,SENSITIVITY,Direct quantitative readout,Direct quantitative readout,False,False,B,B,0,1,1,1,Obesity,EUR,MID,12,chr12,1797740,1897844,1797739,1697740,1997844,1697739,100000,+,ENSG00000006831.9,protein_coding,ADIPOR2,exact_gene_name,GENCODE v19,MATCHED,single_multianalysis_bgzf,s3://pan-ukb-us-east-1/sumstats_flat_files/continuous-48-both_sexes-irnt.tsv.bgz,s3://pan-ukb-us-east-1/sumstats_flat_files_tabix/continuous-48-both_sexes-irnt.tsv.bgz.tbi,s3://pan-ukb-us-east-1/sumstats_flat_files/continuous-48-both_sexes-irnt.tsv.bgz,s3://pan-ukb-us-east-1/sumstats_flat_files_tabix/continuous-48-both_sexes-irnt.tsv.bgz.tbi,MID,TO_VALIDATE_IN_15B2,MATCHED_TRAIT_CATALOG,True,True,True,True,True,
cmp_ffdcb2fc4d730adc,gt_799b4a02b7cf57d9,CALCA,Pan-UKB,Pan-UKB::continuous|48|both_sexes||irnt,Waist circumference,continuous|48|both_sexes||irnt,GRCh37,waist_circumference,SENSITIVITY,Direct quantitative readout,Direct quantitative readout,False,False,B,B,0,1,1,1,Obesity,EUR,AFR,11,chr11,14988214,14993900,14988213,14888214,15093900,14888213,100000,-,ENSG00000110680.8,protein_coding,CALCA,exact_gene_name,GENCODE v19,MATCHED,single_multianalysis_bgzf,s3://pan-ukb-us-east-1/sumstats_flat_files/continuous-48-both_sexes-irnt.tsv.bgz,s3://pan-ukb-us-east-1/sumstats_flat_files_tabix/continuous-48-both_sexes-irnt.tsv.bgz.tbi,s3://pan-ukb-us-east-1/sumstats_flat_files/continuous-48-both_sexes-irnt.tsv.bgz,s3://pan-ukb-us-east-1/sumstats_flat_files_tabix/continuous-48-both_sexes-irnt.tsv.bgz.tbi,AFR,TO_VALIDATE_IN_15B2,MATCHED_TRAIT_CATALOG,True,True,True,True,True,
cmp_130a18acbc28ff08,gt_799b4a02b7cf57d9,CALCA,Pan-UKB,Pan-UKB::continuous|48|both_sexes||irnt,Waist circumference,continuous|48|both_sexes||irnt,GRCh37,waist_circumference,SENSITIVITY,Direct quantitative readout,Direct quantitative readout,False,False,B,B,0,1,1,1,Obesity,EUR,CSA,11,chr11,14988214,14993900,14988213,14888214,15093900,14888213,100000,-,ENSG00000110680.8,protein_coding,CALCA,exact_gene_name,GENCODE v19,MATCHED,single_multianalysis_bgzf,s3://pan-ukb-us-east-1/sumstats_flat_files/continuous-48-both_sexes-irnt.tsv.bgz,s3://pan-ukb-us-east-1/sumstats_flat_files_tabix/continuous-48-both_sexes-irnt.tsv.bgz.tbi,s3://pan-ukb-us-east-1/sumstats_flat_files/continuous-48-both_sexes-irnt.tsv.bgz,s3://pan-ukb-us-east-1/sumstats_flat_files_tabix/continuous-48-both_sexes-irnt.tsv.bgz.tbi,CSA,TO_VALIDATE_IN_15B2,MATCHED_TRAIT_CATALOG,True,True,True,True,True,
cmp_e871304e19d3e092,gt_799b4a02b7cf57d9,CALCA,Pan-UKB,Pan-UKB::continuous|48|both_sexes||irnt,Waist circumference,continuous|48|both_sexes||irnt,GRCh37,waist_circumference,SENSITIVITY,Direct quantitative readout,Direct quantitative readout,False,False,B,B,0,1,1,1,Obesity,EUR,MID,11,chr11,14988214,14993900,14988213,14888214,15093900,14888213,100000,-,ENSG00000110680.8,protein_coding,CALCA,exact_gene_name,GENCODE v19,MATCHED,single_multianalysis_bgzf,s3://pan-ukb-us-east-1/sumstats_flat_files/continuous-48-both_sexes-irnt.tsv.bgz,s3://pan-ukb-us-east-1/sumstats_flat_files_tabix/continuous-48-both_sexes-irnt.tsv.bgz.tbi,s3://pan-ukb-us-east-1/sumstats_flat_files/continuous-48-both_sexes-irnt.tsv.bgz,s3://pan-ukb-us-east-1/sumstats_flat_files_tabix/continuous-48-both_sexes-irnt.tsv.bgz.tbi,MID,TO_VALIDATE_IN_15B2,MATCHED_TRAIT_CATALOG,True,True,True,True,True,
cmp_eb3ecab48e912859,gt_ebba1e27f4c8f908,CALCR,Pan-UKB,Pan-UKB::continuous|48|both_sexes||irnt,Waist circumference,continuous|48|both_sexes||irnt,GRCh37,waist_circumference,SENSITIVITY,Direct quantitative readout,Direct quantitative readout,False,False,B,B,0,1,1,1,Obesity,EUR,AFR,7,chr7,93053799,93204042,93053798,92953799,93304042,92953798,100000,-,ENSG00000004948.9,protein_coding,CALCR,exact_gene_name,GENCODE v19,MATCHED,single_multianalysis_bgzf,s3://pan-ukb-us-east-1/sumstats_flat_files/continuous-48-both_sexes-irnt.tsv.bgz,s3://pan-ukb-us-east-1/sumstats_flat_files_tabix/continuous-48-both_sexes-irnt.tsv.bgz.tbi,s3://pan-ukb-us-east-1/sumstats_flat_files/continuous-48-both_sexes-irnt.tsv.bgz,s3://pan-ukb-us-east-1/sumstats_flat_files_tabix/continuous-48-both_sexes-irnt.tsv.bgz.tbi,AFR,TO_VALIDATE_IN_15B2,MATCHED_TRAIT_CATALOG,True,True,True,True,True,
cmp_148580fd44677db5,gt_ebba1e27f4c8f908,CALCR,Pan-UKB,Pan-UKB::continuous|48|both_sexes||irnt,Waist circumference,continuous|48|both_sexes||irnt,GRCh37,waist_circumference,SENSITIVITY,Direct quantitative readout,Direct quantitative readout,False,False,B,B,0,1,1,1,Obesity,EUR,CSA,7,chr7,93053799,93204042,93053798,92953799,93304042,92953798,100000,-,ENSG00000004948.9,protein_coding,CALCR,exact_gene_name,GENCODE v19,MATCHED,single_multianalysis_bgzf,s3://pan-ukb-us-east-1/sumstats_flat_files/continuous-48-both_sexes-irnt.tsv.bgz,s3://pan-ukb-us-east-1/sumstats_flat_files_tabix/continuous-48-both_sexes-irnt.tsv.bgz.tbi,s3://pan-ukb-us-east-1/sumstats_flat_files/continuous-48-both_sexes-irnt.tsv.bgz,s3://pan-ukb-us-east-1/sumstats_flat_files_tabix/continuous-48-both_sexes-irnt.tsv.bgz.tbi,CSA,TO_VALIDATE_IN_15B2,MATCHED_TRAIT_CATALOG,True,True,True,True,True,
cmp_e8c23bc1e7fab21b,gt_ebba1e27f4c8f908,CALCR,Pan-UKB,Pan-UKB::continuous|48|both_sexes||irnt,Waist circumference,continuous|48|both_sexes||irnt,GRCh37,waist_circumference,SENSITIVITY,Direct quantitative readout,Direct quantitative readout,False,False,B,B,0,1,1,1,Obesity,EUR,MID,7,chr7,93053799,93204042,93053798,92953799,93304042,92953798,100000,-,ENSG00000004948.9,protein_coding,CALCR,exact_gene_name,GENCODE v19,MATCHED,single_multianalysis_bgzf,s3://pan-ukb-us-east-1/sumstats_flat_files/continuous-48-both_sexes-irnt.tsv.bgz,s3://pan-ukb-us-east-1/sumstats_flat_files_tabix/continuous-48-both_sexes-irnt.tsv.bgz.tbi,s3://pan-ukb-us-east-1/sumstats_flat_files/continuous-48-both_sexes-irnt.tsv.bgz,s3://pan-ukb-us-east-1/sumstats_flat_files_tabix/continuous-48-both_sexes-irnt.tsv.bgz.tbi,MID,TO_VALIDATE_IN_15B2,MATCHED_TRAIT_CATALOG,True,True,True,True,True,
cmp_214a05eeae44f6fd,gt_3242a00e75f0acd7,DPP4,Pan-UKB,Pan-UKB::continuous|48|both_sexes||irnt,Waist circumference,continuous|48|both_sexes||irnt,GRCh37,waist_circumference,SENSITIVITY,Direct quantitative readout,Direct quantitative readout,False,False,B,B,0,1,1,1,Obesity,EUR,AFR,2,chr2,162848751,162931052,162848750,162748751,163031052,162748750,100000,-,ENSG00000197635.5,protein_coding,DPP4,exact_gene_name,GENCODE v19,MATCHED,single_multianalysis_bgzf,s3://pan-ukb-us-east-1/sumstats_flat_files/continuous-48-both_sexes-irnt.tsv.bgz,s3://pan-ukb-us-east-1/sumstats_flat_files_tabix/continuous-48-both_sexes-irnt.tsv.bgz.tbi,s3://pan-ukb-us-east-1/sumstats_flat_files/continuous-48-both_sexes-irnt.tsv.bgz,s3://pan-ukb-us-east-1/sumstats_flat_files_tabix/continuous-48-both_sexes-irnt.tsv.bgz.tbi,AFR,TO_VALIDATE_IN_15B2,MATCHED_TRAIT_CATALOG,True,True,True,True,True,
cmp_3033632ca45f7361,gt_3242a00e75f0acd7,DPP4,Pan-UKB,Pan-UKB::continuous|48|both_sexes||irnt,Waist circumference,continuous|48|both_sexes||irnt,GRCh37,waist_circumference,SENSITIVITY,Direct quantitative readout,Direct quantitative readout,False,False,B,B,0,1,1,1,Obesity,EUR,CSA,2,chr2,162848751,162931052,162848750,162748751,163031052,162748750,100000,-,ENSG00000197635.5,protein_coding,DPP4,exact_gene_name,GENCODE v19,MATCHED,single_multianalysis_bgzf,s3://pan-ukb-us-east-1/sumstats_flat_files/continuous-48-both_sexes-irnt.tsv.bgz,s3://pan-ukb-us-east-1/sumstats_flat_files_tabix/continuous-48-both_sexes-irnt.tsv.bgz.tbi,s3://pan-ukb-us-east-1/sumstats_flat_files/continuous-48-both_sexes-irnt.tsv.bgz,s3://pan-ukb-us-east-1/sumstats_flat_files_tabix/continuous-48-both_sexes-irnt.tsv.bgz.tbi,CSA,TO_VALIDATE_IN_15B2,MATCHED_TRAIT_CATALOG,True,True,True,True,True,
cmp_48aeb31465b65eec,gt_3242a00e75f0acd7,DPP4,Pan-UKB,Pan-UKB::continuous|48|both_sexes||irnt,Waist circumference,continuous|48|both_sexes||irnt,GRCh37,waist_circumference,SENSITIVITY,Direct quantitative readout,Direct quantitative readout,False,False,B,B,0,1,1,1,Obesity,EUR,MID,2,chr2,162848751,162931052,162848750,162748751,163031052,162748750,100000,-,ENSG00000197635.5,protein_coding,DPP4,exact_gene_name,GENCODE v19,MATCHED,single_multianalysis_bgzf,s3://pan-ukb-us-east-1/sumstats_flat_files/continuous-48-both_sexes-irnt.tsv.bgz,s3://pan-ukb-us-east-1/sumstats_flat_files_tabix/continuous-48-both_sexes-irnt.tsv.bgz.tbi,s3://pan-ukb-us-east-1/sumstats_flat_files/continuous-48-both_sexes-irnt.tsv.bgz,s3://pan-ukb-us-east-1/sumstats_flat_files_tabix/continuous-48-both_sexes-irnt.tsv.bgz.tbi,MID,TO_VALIDATE_IN_15B2,MATCHED_TRAIT_CATALOG,True,True,True,True,True,
cmp_589a7d49310d7685,gt_6b9e02a118c66008,FGFR1,Pan-UKB,Pan-UKB::continuous|48|both_sexes||irnt,Waist circumference,continuous|48|both_sexes||irnt,GRCh37,waist_circumference,SENSITIVITY,Direct quantitative readout,Direct quantitative readout,False,False,B,B,0,1,1,1,Obesity,EUR,AFR,8,chr8,38268656,38326352,38268655,38168656,38426352,38168655,100000,-,ENSG00000077782.15,protein_coding,FGFR1,exact_gene_name,GENCODE v19,MATCHED,single_multianalysis_bgzf,s3://pan-ukb-us-east-1/sumstats_flat_files/continuous-48-both_sexes-irnt.tsv.bgz,s3://pan-ukb-us-east-1/sumstats_flat_files_tabix/continuous-48-both_sexes-irnt.tsv.bgz.tbi,s3://pan-ukb-us-east-1/sumstats_flat_files/continuous-48-both_sexes-irnt.tsv.bgz,s3://pan-ukb-us-east-1/sumstats_flat_files_tabix/continuous-48-both_sexes-irnt.tsv.bgz.tbi,AFR,TO_VALIDATE_IN_15B2,MATCHED_TRAIT_CATALOG,True,True,True,True,True,
cmp_029d8319e09e6b04,gt_6b9e02a118c66008,FGFR1,Pan-UKB,Pan-UKB::continuous|48|both_sexes||irnt,Waist circumference,continuous|48|both_sexes||irnt,GRCh37,waist_circumference,SENSITIVITY,Direct quantitative readout,Direct quantitative readout,False,False,B,B,0,1,1,1,Obesity,EUR,CSA,8,chr8,38268656,38326352,38268655,38168656,38426352,38168655,100000,-,ENSG00000077782.15,protein_coding,FGFR1,exact_gene_name,GENCODE v19,MATCHED,single_multianalysis_bgzf,s3://pan-ukb-us-east-1/sumstats_flat_files/continuous-48-both_sexes-irnt.tsv.bgz,s3://pan-ukb-us-east-1/sumstats_flat_files_tabix/continuous-48-both_sexes-irnt.tsv.bgz.tbi,s3://pan-ukb-us-east-1/sumstats_flat_files/continuous-48-both_sexes-irnt.tsv.bgz,s3://pan-ukb-us-east-1/sumstats_flat_files_tabix/continuous-48-both_sexes-irnt.tsv.bgz.tbi,CSA,TO_VALIDATE_IN_15B2,MATCHED_TRAIT_CATALOG,True,True,True,True,True,
cmp_fe4367baf05d8bb4,gt_6b9e02a118c66008,FGFR1,Pan-UKB,Pan-UKB::continuous|48|both_sexes||irnt,Waist circumference,continuous|48|both_sexes||irnt,GRCh37,waist_circumference,SENSITIVITY,Direct quantitative readout,Direct quantitative readout,False,False,B,B,0,1,1,1,Obesity,EUR,MID,8,chr8,38268656,38326352,38268655,38168656,38426352,38168655,100000,-,ENSG00000077782.15,protein_coding,FGFR1,exact_gene_name,GENCODE v19,MATCHED,single_multianalysis_bgzf,s3://pan-ukb-us-east-1/sumstats_flat_files/continuous-48-both_sexes-irnt.tsv.bgz,s3://pan-ukb-us-east-1/sumstats_flat_files_tabix/continuous-48-both_sexes-irnt.tsv.bgz.tbi,s3://pan-ukb-us-east-1/sumstats_flat_files/continuous-48-both_sexes-irnt.tsv.bgz,s3://pan-ukb-us-east-1/sumstats_flat_files_tabix/continuous-48-both_sexes-irnt.tsv.bgz.tbi,MID,TO_VALIDATE_IN_15B2,MATCHED_TRAIT_CATALOG,True,True,True,True,True,
cmp_cc3a955777aa6046,gt_fb427ce5e9efd207,FGFR4,Pan-UKB,Pan-UKB::continuous|48|both_sexes||irnt,Waist circumference,continuous|48|both_sexes||irnt,GRCh37,waist_circumference,SENSITIVITY,Direct quantitative readout,Direct quantitative readout,False,False,B,B,0,1,1,1,Obesity,EUR,AFR,5,chr5,176513887,176525145,176513886,176413887,176625145,176413886,100000,+,ENSG00000160867.10,protein_coding,FGFR4,exact_gene_name,GENCODE v19,MATCHED,single_multianalysis_bgzf,s3://pan-ukb-us-east-1/sumstats_flat_files/continuous-48-both_sexes-irnt.tsv.bgz,s3://pan-ukb-us-east-1/sumstats_flat_files_tabix/continuous-48-both_sexes-irnt.tsv.bgz.tbi,s3://pan-ukb-us-east-1/sumstats_flat_files/continuous-48-both_sexes-irnt.tsv.bgz,s3://pan-ukb-us-east-1/sumstats_flat_files_tabix/continuous-48-both_sexes-irnt.tsv.bgz.tbi,AFR,TO_VALIDATE_IN_15B2,MATCHED_TRAIT_CATALOG,True,True,True,True,True,
cmp_a391efb7d179a20f,gt_fb427ce5e9efd207,FGFR4,Pan-UKB,Pan-UKB::continuous|48|both_sexes||irnt,Waist circumference,continuous|48|both_sexes||irnt,GRCh37,waist_circumference,SENSITIVITY,Direct quantitative readout,Direct quantitative readout,False,False,B,B,0,1,1,1,Obesity,EUR,CSA,5,chr5,176513887,176525145,176513886,176413887,176625145,176413886,100000,+,ENSG00000160867.10,protein_coding,FGFR4,exact_gene_name,GENCODE v19,MATCHED,single_multianalysis_bgzf,s3://pan-ukb-us-east-1/sumstats_flat_files/continuous-48-both_sexes-irnt.tsv.bgz,s3://pan-ukb-us-east-1/sumstats_flat_files_tabix/continuous-48-both_sexes-irnt.tsv.bgz.tbi,s3://pan-ukb-us-east-1/sumstats_flat_files/continuous-48-both_sexes-irnt.tsv.bgz,s3://pan-ukb-us-east-1/sumstats_flat_files_tabix/continuous-48-both_sexes-irnt.tsv.bgz.tbi,CSA,TO_VALIDATE_IN_15B2,MATCHED_TRAIT_CATALOG,True,True,True,True,True,
cmp_d5b5c81debdc4368,gt_fb427ce5e9efd207,FGFR4,Pan-UKB,Pan-UKB::continuous|48|both_sexes||irnt,Waist circumference,continuous|48|both_sexes||irnt,GRCh37,waist_circumference,SENSITIVITY,Direct quantitative readout,Direct quantitative readout,False,False,B,B,0,1,1,1,Obesity,EUR,MID,5,chr5,176513887,176525145,176513886,176413887,176625145,176413886,100000,+,ENSG00000160867.10,protein_coding,FGFR4,exact_gene_name,GENCODE v19,MATCHED,single_multianalysis_bgzf,s3://pan-ukb-us-east-1/sumstats_flat_files/continuous-48-both_sexes-irnt.tsv.bgz,s3://pan-ukb-us-east-1/sumstats_flat_files_tabix/continuous-48-both_sexes-irnt.tsv.bgz.tbi,s3://pan-ukb-us-east-1/sumstats_flat_files/continuous-48-both_sexes-irnt.tsv.bgz,s3://pan-ukb-us-east-1/sumstats_flat_files_tabix/continuous-48-both_sexes-irnt.tsv.bgz.tbi,MID,TO_VALIDATE_IN_15B2,MATCHED_TRAIT_CATALOG,True,True,True,True,True,
cmp_eb2f37107da592f2,gt_edbc51ba42ad24be,GDF15,Pan-UKB,Pan-UKB::continuous|48|both_sexes||irnt,Waist circumference,continuous|48|both_sexes||irnt,GRCh37,waist_circumference,SENSITIVITY,Direct quantitative readout,Direct quantitative readout,False,False,B,B,0,1,1,1,Obesity,EUR,AFR,19,chr19,18485541,18499986,18485540,18385541,18599986,18385540,100000,+,ENSG00000130513.6,protein_coding,GDF15,exact_gene_name,GENCODE v19,MATCHED,single_multianalysis_bgzf,s3://pan-ukb-us-east-1/sumstats_flat_files/continuous-48-both_sexes-irnt.tsv.bgz,s3://pan-ukb-us-east-1/sumstats_flat_files_tabix/continuous-48-both_sexes-irnt.tsv.bgz.tbi,s3://pan-ukb-us-east-1/sumstats_flat_files/continuous-48-both_sexes-irnt.tsv.bgz,s3://pan-ukb-us-east-1/sumstats_flat_files_tabix/continuous-48-both_sexes-irnt.tsv.bgz.tbi,AFR,TO_VALIDATE_IN_15B2,MATCHED_TRAIT_CATALOG,True,True,True,True,True,
cmp_4e07d09cde3f3fcf,gt_edbc51ba42ad24be,GDF15,Pan-UKB,Pan-UKB::continuous|48|both_sexes||irnt,Waist circumference,continuous|48|both_sexes||irnt,GRCh37,waist_circumference,SENSITIVITY,Direct quantitative readout,Direct quantitative readout,False,False,B,B,0,1,1,1,Obesity,EUR,CSA,19,chr19,18485541,18499986,18485540,18385541,18599986,18385540,100000,+,ENSG00000130513.6,protein_coding,GDF15,exact_gene_name,GENCODE v19,MATCHED,single_multianalysis_bgzf,s3://pan-ukb-us-east-1/sumstats_flat_files/continuous-48-both_sexes-irnt.tsv.bgz,s3://pan-ukb-us-east-1/sumstats_flat_files_tabix/continuous-48-both_sexes-irnt.tsv.bgz.tbi,s3://pan-ukb-us-east-1/sumstats_flat_files/continuous-48-both_sexes-irnt.tsv.bgz,s3://pan-ukb-us-east-1/sumstats_flat_files_tabix/continuous-48-both_sexes-irnt.tsv.bgz.tbi,CSA,TO_VALIDATE_IN_15B2,MATCHED_TRAIT_CATALOG,True,True,True,True,True,
cmp_ca616b1111128a10,gt_edbc51ba42ad24be,GDF15,Pan-UKB,Pan-UKB::continuous|48|both_sexes||irnt,Waist circumference,continuous|48|both_sexes||irnt,GRCh37,waist_circumference,SENSITIVITY,Direct quantitative readout,Direct quantitative readout,False,False,B,B,0,1,1,1,Obesity,EUR,MID,19,chr19,18485541,18499986,18485540,18385541,18599986,18385540,100000,+,ENSG00000130513.6,protein_coding,GDF15,exact_gene_name,GENCODE v19,MATCHED,single_multianalysis_bgzf,s3://pan-ukb-us-east-1/sumstats_flat_files/continuous-48-both_sexes-irnt.tsv.bgz,s3://pan-ukb-us-east-1/sumstats_flat_files_tabix/continuous-48-both_sexes-irnt.tsv.bgz.tbi,s3://pan-ukb-us-east-1/sumstats_flat_files/continuous-48-both_sexes-irnt.tsv.bgz,s3://pan-ukb-us-east-1/sumstats_flat_files_tabix/continuous-48-both_sexes-irnt.tsv.bgz.tbi,MID,TO_VALIDATE_IN_15B2,MATCHED_TRAIT_CATALOG,True,True,True,True,True,
cmp_a3928d0fc5b0b597,gt_8d19765e00916f04,GFRAL,Pan-UKB,Pan-UKB::continuous|48|both_sexes||irnt,Waist circumference,continuous|48|both_sexes||irnt,GRCh37,waist_circumference,SENSITIVITY,Direct quantitative readout,Direct quantitative readout,False,False,B,B,0,1,1,1,Obesity,EUR,AFR,6,chr6,55192267,55267291,55192266,55092267,55367291,55092266,100000,+,ENSG00000187871.2,protein_coding,GFRAL,exact_gene_name,GENCODE v19,MATCHED,single_multianalysis_bgzf,s3://pan-ukb-us-east-1/sumstats_flat_files/continuous-48-both_sexes-irnt.tsv.bgz,s3://pan-ukb-us-east-1/sumstats_flat_files_tabix/continuous-48-both_sexes-irnt.tsv.bgz.tbi,s3://pan-ukb-us-east-1/sumstats_flat_files/continuous-48-both_sexes-irnt.tsv.bgz,s3://pan-ukb-us-east-1/sumstats_flat_files_tabix/continuous-48-both_sexes-irnt.tsv.bgz.tbi,AFR,TO_VALIDATE_IN_15B2,MATCHED_TRAIT_CATALOG,True,True,True,True,True,
cmp_a901ae808d206132,gt_8d19765e00916f04,GFRAL,Pan-UKB,Pan-UKB::continuous|48|both_sexes||irnt,Waist circumference,continuous|48|both_sexes||irnt,GRCh37,waist_circumference,SENSITIVITY,Direct quantitative readout,Direct quantitative readout,False,False,B,B,0,1,1,1,Obesity,EUR,CSA,6,chr6,55192267,55267291,55192266,55092267,55367291,55092266,100000,+,ENSG00000187871.2,protein_coding,GFRAL,exact_gene_name,GENCODE v19,MATCHED,single_multianalysis_bgzf,s3://pan-ukb-us-east-1/sumstats_flat_files/continuous-48-both_sexes-irnt.tsv.bgz,s3://pan-ukb-us-east-1/sumstats_flat_files_tabix/continuous-48-both_sexes-irnt.tsv.bgz.tbi,s3://pan-ukb-us-east-1/sumstats_flat_files/continuous-48-both_sexes-irnt.tsv.bgz,s3://pan-ukb-us-east-1/sumstats_flat_files_tabix/continuous-48-both_sexes-irnt.tsv.bgz.tbi,CSA,TO_VALIDATE_IN_15B2,MATCHED_TRAIT_CATALOG,True,True,True,True,True,
cmp_867670cc5c5baa56,gt_8d19765e00916f04,GFRAL,Pan-UKB,Pan-UKB::continuous|48|both_sexes||irnt,Waist circumference,continuous|48|both_sexes||irnt,GRCh37,waist_circumference,SENSITIVITY,Direct quantitative readout,Direct quantitative readout,False,False,B,B,0,1,1,1,Obesity,EUR,MID,6,chr6,55192267,55267291,55192266,55092267,55367291,55092266,100000,+,ENSG00000187871.2,protein_coding,GFRAL,exact_gene_name,GENCODE v19,MATCHED,single_multianalysis_bgzf,s3://pan-ukb-us-east-1/sumstats_flat_files/continuous-48-both_sexes-irnt.tsv.bgz,s3://pan-ukb-us-east-1/sumstats_flat_files_tabix/continuous-48-both_sexes-irnt.tsv.bgz.tbi,s3://pan-ukb-us-east-1/sumstats_flat_files/continuous-48-both_sexes-irnt.tsv.bgz,s3://pan-ukb-us-east-1/sumstats_flat_files_tabix/continuous-48-both_sexes-irnt.tsv.bgz.tbi,MID,TO_VALIDATE_IN_15B2,MATCHED_TRAIT_CATALOG,True,True,True,True,True,
cmp_46fcf3bfea8e2777,gt_21e33c82929b6cea,GHR,Pan-UKB,Pan-UKB::continuous|48|both_sexes||irnt,Waist circumference,continuous|48|both_sexes||irnt,GRCh37,waist_circumference,SENSITIVITY,Direct quantitative readout,Direct quantitative readout,False,False,B,B,0,1,1,1,Obesity,EUR,AFR,5,chr5,42423879,42721979,42423878,42323879,42821979,42323878,100000,+,ENSG00000112964.9,protein_coding,GHR,exact_gene_name,GENCODE v19,MATCHED,single_multianalysis_bgzf,s3://pan-ukb-us-east-1/sumstats_flat_files/continuous-48-both_sexes-irnt.tsv.bgz,s3://pan-ukb-us-east-1/sumstats_flat_files_tabix/continuous-48-both_sexes-irnt.tsv.bgz.tbi,s3://pan-ukb-us-east-1/sumstats_flat_files/continuous-48-both_sexes-irnt.tsv.bgz,s3://pan-ukb-us-east-1/sumstats_flat_files_tabix/continuous-48-both_sexes-irnt.tsv.bgz.tbi,AFR,TO_VALIDATE_IN_15B2,MATCHED_TRAIT_CATALOG,True,True,True,True,True,
cmp_11de3a361ec34547,gt_21e33c82929b6cea,GHR,Pan-UKB,Pan-UKB::continuous|48|both_sexes||irnt,Waist circumference,continuous|48|both_sexes||irnt,GRCh37,waist_circumference,SENSITIVITY,Direct quantitative readout,Direct quantitative readout,False,False,B,B,0,1,1,1,Obesity,EUR,CSA,5,chr5,42423879,42721979,42423878,42323879,42821979,42323878,100000,+,ENSG00000112964.9,protein_coding,GHR,exact_gene_name,GENCODE v19,MATCHED,single_multianalysis_bgzf,s3://pan-ukb-us-east-1/sumstats_flat_files/continuous-48-both_sexes-irnt.tsv.bgz,s3://pan-ukb-us-east-1/sumstats_flat_files_tabix/continuous-48-both_sexes-irnt.tsv.bgz.tbi,s3://pan-ukb-us-east-1/sumstats_flat_files/continuous-48-both_sexes-irnt.tsv.bgz,s3://pan-ukb-us-east-1/sumstats_flat_files_tabix/continuous-48-both_sexes-irnt.tsv.bgz.tbi,CSA,TO_VALIDATE_IN_15B2,MATCHED_TRAIT_CATALOG,True,True,True,True,True,
cmp_3cae994f1ea8dd57,gt_21e33c82929b6cea,GHR,Pan-UKB,Pan-UKB::continuous|48|both_sexes||irnt,Waist circumference,continuous|48|both_sexes||irnt,GRCh37,waist_circumference,SENSITIVITY,Direct quantitative readout,Direct quantitative readout,False,False,B,B,0,1,1,1,Obesity,EUR,MID,5,chr5,42423879,42721979,42423878,42323879,42821979,42323878,100000,+,ENSG00000112964.9,protein_coding,GHR,exact_gene_name,GENCODE v19,MATCHED,single_multianalysis_bgzf,s3://pan-ukb-us-east-1/sumstats_flat_files/continuous-48-both_sexes-irnt.tsv.bgz,s3://pan-ukb-us-east-1/sumstats_flat_files_tabix/continuous-48-both_sexes-irnt.tsv.bgz.tbi,s3://pan-ukb-us-east-1/sumstats_flat_files/continuous-48-both_sexes-irnt.tsv.bgz,s3://pan-ukb-us-east-1/sumstats_flat_files_tabix/continuous-48-both_sexes-irnt.tsv.bgz.tbi,MID,TO_VALIDATE_IN_15B2,MATCHED_TRAIT_CATALOG,True,True,True,True,True,
cmp_27f111e1a86435fc,gt_22081cdb2a28ec68,GIPR,Pan-UKB,Pan-UKB::continuous|48|both_sexes||irnt,Waist circumference,continuous|48|both_sexes||irnt,GRCh37,waist_circumference,SENSITIVITY,Direct quantitative readout,Direct quantitative readout,False,False,B,B,0,1,1,1,Obesity,EUR,AFR,19,chr19,46171502,46186982,46171501,46071502,46286982,46071501,100000,+,ENSG00000010310.4,protein_coding,GIPR,exact_gene_name,GENCODE v19,MATCHED,single_multianalysis_bgzf,s3://pan-ukb-us-east-1/sumstats_flat_files/continuous-48-both_sexes-irnt.tsv.bgz,s3://pan-ukb-us-east-1/sumstats_flat_files_tabix/continuous-48-both_sexes-irnt.tsv.bgz.tbi,s3://pan-ukb-us-east-1/sumstats_flat_files/continuous-48-both_sexes-irnt.tsv.bgz,s3://pan-ukb-us-east-1/sumstats_flat_files_tabix/continuous-48-both_sexes-irnt.tsv.bgz.tbi,AFR,TO_VALIDATE_IN_15B2,MATCHED_TRAIT_CATALOG,True,True,True,True,True,
cmp_44221b3d7fc7282a,gt_22081cdb2a28ec68,GIPR,Pan-UKB,Pan-UKB::continuous|48|both_sexes||irnt,Waist circumference,continuous|48|both_sexes||irnt,GRCh37,waist_circumference,SENSITIVITY,Direct quantitative readout,Direct quantitative readout,False,False,B,B,0,1,1,1,Obesity,EUR,CSA,19,chr19,46171502,46186982,46171501,46071502,46286982,46071501,100000,+,ENSG00000010310.4,protein_coding,GIPR,exact_gene_name,GENCODE v19,MATCHED,single_multianalysis_bgzf,s3://pan-ukb-us-east-1/sumstats_flat_files/continuous-48-both_sexes-irnt.tsv.bgz,s3://pan-ukb-us-east-1/sumstats_flat_files_tabix/continuous-48-both_sexes-irnt.tsv.bgz.tbi,s3://pan-ukb-us-east-1/sumstats_flat_files/continuous-48-both_sexes-irnt.tsv.bgz,s3://pan-ukb-us-east-1/sumstats_flat_files_tabix/continuous-48-both_sexes-irnt.tsv.bgz.tbi,CSA,TO_VALIDATE_IN_15B2,MATCHED_TRAIT_CATALOG,True,True,True,True,True,
cmp_496d1a3aa5702506,gt_22081cdb2a28ec68,GIPR,Pan-UKB,Pan-UKB::continuous|48|both_sexes||irnt,Waist circumference,continuous|48|both_sexes||irnt,GRCh37,waist_circumference,SENSITIVITY,Direct quantitative readout,Direct quantitative readout,False,False,B,B,0,1,1,1,Obesity,EUR,MID,19,chr19,46171502,46186982,46171501,46071502,46286982,46071501,100000,+,ENSG00000010310.4,protein_coding,GIPR,exact_gene_name,GENCODE v19,MATCHED,single_multianalysis_bgzf,s3://pan-ukb-us-east-1/sumstats_flat_files/continuous-48-both_sexes-irnt.tsv.bgz,s3://pan-ukb-us-east-1/sumstats_flat_files_tabix/continuous-48-both_sexes-irnt.tsv.bgz.tbi,s3://pan-ukb-us-east-1/sumstats_flat_files/continuous-48-both_sexes-irnt.tsv.bgz,s3://pan-ukb-us-east-1/sumstats_flat_files_tabix/continuous-48-both_sexes-irnt.tsv.bgz.tbi,MID,TO_VALIDATE_IN_15B2,MATCHED_TRAIT_CATALOG,True,True,True,True,True,
cmp_8938c91fd2deb21f,gt_54646208802949cb,GLP1R,Pan-UKB,Pan-UKB::continuous|48|both_sexes||irnt,Waist circumference,continuous|48|both_sexes||irnt,GRCh37,waist_circumference,SENSITIVITY,Direct quantitative readout,Direct quantitative readout,False,False,A,A,1,0,1,1,Obesity,EUR,AFR,6,chr6,39016574,39055519,39016573,38916574,39155519,38916573,100000,+,ENSG00000112164.5,protein_coding,GLP1R,exact_gene_name,GENCODE v19,MATCHED,single_multianalysis_bgzf,s3://pan-ukb-us-east-1/sumstats_flat_files/continuous-48-both_sexes-irnt.tsv.bgz,s3://pan-ukb-us-east-1/sumstats_flat_files_tabix/continuous-48-both_sexes-irnt.tsv.bgz.tbi,s3://pan-ukb-us-east-1/sumstats_flat_files/continuous-48-both_sexes-irnt.tsv.bgz,s3://pan-ukb-us-east-1/sumstats_flat_files_tabix/continuous-48-both_sexes-irnt.tsv.bgz.tbi,AFR,TO_VALIDATE_IN_15B2,MATCHED_TRAIT_CATALOG,True,True,True,True,True,
cmp_479b8645b85470bc,gt_54646208802949cb,GLP1R,Pan-UKB,Pan-UKB::continuous|48|both_sexes||irnt,Waist circumference,continuous|48|both_sexes||irnt,GRCh37,waist_circumference,SENSITIVITY,Direct quantitative readout,Direct quantitative readout,False,False,A,A,1,0,1,1,Obesity,EUR,CSA,6,chr6,39016574,39055519,39016573,38916574,39155519,38916573,100000,+,ENSG00000112164.5,protein_coding,GLP1R,exact_gene_name,GENCODE v19,MATCHED,single_multianalysis_bgzf,s3://pan-ukb-us-east-1/sumstats_flat_files/continuous-48-both_sexes-irnt.tsv.bgz,s3://pan-ukb-us-east-1/sumstats_flat_files_tabix/continuous-48-both_sexes-irnt.tsv.bgz.tbi,s3://pan-ukb-us-east-1/sumstats_flat_files/continuous-48-both_sexes-irnt.tsv.bgz,s3://pan-ukb-us-east-1/sumstats_flat_files_tabix/continuous-48-both_sexes-irnt.tsv.bgz.tbi,CSA,TO_VALIDATE_IN_15B2,MATCHED_TRAIT_CATALOG,True,True,True,True,True,
cmp_996996d2b23fdbd1,gt_54646208802949cb,GLP1R,Pan-UKB,Pan-UKB::continuous|48|both_sexes||irnt,Waist circumference,continuous|48|both_sexes||irnt,GRCh37,waist_circumference,SENSITIVITY,Direct quantitative readout,Direct quantitative readout,False,False,A,A,1,0,1,1,Obesity,EUR,MID,6,chr6,39016574,39055519,39016573,38916574,39155519,38916573,100000,+,ENSG00000112164.5,protein_coding,GLP1R,exact_gene_name,GENCODE v19,MATCHED,single_multianalysis_bgzf,s3://pan-ukb-us-east-1/sumstats_flat_files/continuous-48-both_sexes-irnt.tsv.bgz,s3://pan-ukb-us-east-1/sumstats_flat_files_tabix/continuous-48-both_sexes-irnt.tsv.bgz.tbi,s3://pan-ukb-us-east-1/sumstats_flat_files/continuous-48-both_sexes-irnt.tsv.bgz,s3://pan-ukb-us-east-1/sumstats_flat_files_tabix/continuous-48-both_sexes-irnt.tsv.bgz.tbi,MID,TO_VALIDATE_IN_15B2,MATCHED_TRAIT_CATALOG,True,True,True,True,True,
cmp_dbdcab0526c86f3b,gt_5682eaebbf7cbd8e,HSD11B1,Pan-UKB,Pan-UKB::continuous|48|both_sexes||irnt,Waist circumference,continuous|48|both_sexes||irnt,GRCh37,waist_circumference,SENSITIVITY,Direct quantitative readout,Direct quantitative readout,False,False,B,B,0,1,1,1,Obesity,EUR,AFR,1,chr1,209859510,209908295,209859509,209759510,210008295,209759509,100000,+,ENSG00000117594.5,protein_coding,HSD11B1,exact_gene_name,GENCODE v19,MATCHED,single_multianalysis_bgzf,s3://pan-ukb-us-east-1/sumstats_flat_files/continuous-48-both_sexes-irnt.tsv.bgz,s3://pan-ukb-us-east-1/sumstats_flat_files_tabix/continuous-48-both_sexes-irnt.tsv.bgz.tbi,s3://pan-ukb-us-east-1/sumstats_flat_files/continuous-48-both_sexes-irnt.tsv.bgz,s3://pan-ukb-us-east-1/sumstats_flat_files_tabix/continuous-48-both_sexes-irnt.tsv.bgz.tbi,AFR,TO_VALIDATE_IN_15B2,MATCHED_TRAIT_CATALOG,True,True,True,True,True,
cmp_08347a153bf08e00,gt_5682eaebbf7cbd8e,HSD11B1,Pan-UKB,Pan-UKB::continuous|48|both_sexes||irnt,Waist circumference,continuous|48|both_sexes||irnt,GRCh37,waist_circumference,SENSITIVITY,Direct quantitative readout,Direct quantitative readout,False,False,B,B,0,1,1,1,Obesity,EUR,CSA,1,chr1,209859510,209908295,209859509,209759510,210008295,209759509,100000,+,ENSG00000117594.5,protein_coding,HSD11B1,exact_gene_name,GENCODE v19,MATCHED,single_multianalysis_bgzf,s3://pan-ukb-us-east-1/sumstats_flat_files/continuous-48-both_sexes-irnt.tsv.bgz,s3://pan-ukb-us-east-1/sumstats_flat_files_tabix/continuous-48-both_sexes-irnt.tsv.bgz.tbi,s3://pan-ukb-us-east-1/sumstats_flat_files/continuous-48-both_sexes-irnt.tsv.bgz,s3://pan-ukb-us-east-1/sumstats_flat_files_tabix/continuous-48-both_sexes-irnt.tsv.bgz.tbi,CSA,TO_VALIDATE_IN_15B2,MATCHED_TRAIT_CATALOG,True,True,True,True,True,
cmp_eb1b07f88537ab82,gt_5682eaebbf7cbd8e,HSD11B1,Pan-UKB,Pan-UKB::continuous|48|both_sexes||irnt,Waist circumference,continuous|48|both_sexes||irnt,GRCh37,waist_circumference,SENSITIVITY,Direct quantitative readout,Direct quantitative readout,False,False,B,B,0,1,1,1,Obesity,EUR,MID,1,chr1,209859510,209908295,209859509,209759510,210008295,209759509,100000,+,ENSG00000117594.5,protein_coding,HSD11B1,exact_gene_name,GENCODE v19,MATCHED,single_multianalysis_bgzf,s3://pan-ukb-us-east-1/sumstats_flat_files/continuous-48-both_sexes-irnt.tsv.bgz,s3://pan-ukb-us-east-1/sumstats_flat_files_tabix/continuous-48-both_sexes-irnt.tsv.bgz.tbi,s3://pan-ukb-us-east-1/sumstats_flat_files/continuous-48-both_sexes-irnt.tsv.bgz,s3://pan-ukb-us-east-1/sumstats_flat_files_tabix/continuous-48-both_sexes-irnt.tsv.bgz.tbi,MID,TO_VALIDATE_IN_15B2,MATCHED_TRAIT_CATALOG,True,True,True,True,True,
cmp_aa33b46ac62c862f,gt_045a00715f4bf02d,HTR1A,Pan-UKB,Pan-UKB::continuous|48|both_sexes||irnt,Waist circumference,continuous|48|both_sexes||irnt,GRCh37,waist_circumference,SENSITIVITY,Direct quantitative readout,Direct quantitative readout,False,False,B,B,0,1,1,1,Obesity,EUR,AFR,5,chr5,63256183,63258334,63256182,63156183,63358334,63156182,100000,-,ENSG00000178394.3,protein_coding,HTR1A,exact_gene_name,GENCODE v19,MATCHED,single_multianalysis_bgzf,s3://pan-ukb-us-east-1/sumstats_flat_files/continuous-48-both_sexes-irnt.tsv.bgz,s3://pan-ukb-us-east-1/sumstats_flat_files_tabix/continuous-48-both_sexes-irnt.tsv.bgz.tbi,s3://pan-ukb-us-east-1/sumstats_flat_files/continuous-48-both_sexes-irnt.tsv.bgz,s3://pan-ukb-us-east-1/sumstats_flat_files_tabix/continuous-48-both_sexes-irnt.tsv.bgz.tbi,AFR,TO_VALIDATE_IN_15B2,MATCHED_TRAIT_CATALOG,True,True,True,True,True,
cmp_3de65766ebb75545,gt_045a00715f4bf02d,HTR1A,Pan-UKB,Pan-UKB::continuous|48|both_sexes||irnt,Waist circumference,continuous|48|both_sexes||irnt,GRCh37,waist_circumference,SENSITIVITY,Direct quantitative readout,Direct quantitative readout,False,False,B,B,0,1,1,1,Obesity,EUR,CSA,5,chr5,63256183,63258334,63256182,63156183,63358334,63156182,100000,-,ENSG00000178394.3,protein_coding,HTR1A,exact_gene_name,GENCODE v19,MATCHED,single_multianalysis_bgzf,s3://pan-ukb-us-east-1/sumstats_flat_files/continuous-48-both_sexes-irnt.tsv.bgz,s3://pan-ukb-us-east-1/sumstats_flat_files_tabix/continuous-48-both_sexes-irnt.tsv.bgz.tbi,s3://pan-ukb-us-east-1/sumstats_flat_files/continuous-48-both_sexes-irnt.tsv.bgz,s3://pan-ukb-us-east-1/sumstats_flat_files_tabix/continuous-48-both_sexes-irnt.tsv.bgz.tbi,CSA,TO_VALIDATE_IN_15B2,MATCHED_TRAIT_CATALOG,True,True,True,True,True,
cmp_86b26d337a15b045,gt_045a00715f4bf02d,HTR1A,Pan-UKB,Pan-UKB::continuous|48|both_sexes||irnt,Waist circumference,continuous|48|both_sexes||irnt,GRCh37,waist_circumference,SENSITIVITY,Direct quantitative readout,Direct quantitative readout,False,False,B,B,0,1,1,1,Obesity,EUR,MID,5,chr5,63256183,63258334,63256182,63156183,63358334,63156182,100000,-,ENSG00000178394.3,protein_coding,HTR1A,exact_gene_name,GENCODE v19,MATCHED,single_multianalysis_bgzf,s3://pan-ukb-us-east-1/sumstats_flat_files/continuous-48-both_sexes-irnt.tsv.bgz,s3://pan-ukb-us-east-1/sumstats_flat_files_tabix/continuous-48-both_sexes-irnt.tsv.bgz.tbi,s3://pan-ukb-us-east-1/sumstats_flat_files/continuous-48-both_sexes-irnt.tsv.bgz,s3://pan-ukb-us-east-1/sumstats_flat_files_tabix/continuous-48-both_sexes-irnt.tsv.bgz.tbi,MID,TO_VALIDATE_IN_15B2,MATCHED_TRAIT_CATALOG,True,True,True,True,True,
cmp_3d11fe01f1480a41,gt_f93f94de7ba027dd,IAPP,Pan-UKB,Pan-UKB::continuous|48|both_sexes||irnt,Waist circumference,continuous|48|both_sexes||irnt,GRCh37,waist_circumference,SENSITIVITY,Direct quantitative readout,Direct quantitative readout,False,False,B,B,0,1,1,1,Obesity,EUR,AFR,12,chr12,21507893,21532912,21507892,21407893,21632912,21407892,100000,+,ENSG00000121351.3,protein_coding,IAPP,exact_gene_name,GENCODE v19,MATCHED,single_multianalysis_bgzf,s3://pan-ukb-us-east-1/sumstats_flat_files/continuous-48-both_sexes-irnt.tsv.bgz,s3://pan-ukb-us-east-1/sumstats_flat_files_tabix/continuous-48-both_sexes-irnt.tsv.bgz.tbi,s3://pan-ukb-us-east-1/sumstats_flat_files/continuous-48-both_sexes-irnt.tsv.bgz,s3://pan-ukb-us-east-1/sumstats_flat_files_tabix/continuous-48-both_sexes-irnt.tsv.bgz.tbi,AFR,TO_VALIDATE_IN_15B2,MATCHED_TRAIT_CATALOG,True,True,True,True,True,
cmp_39df9aaa66512599,gt_f93f94de7ba027dd,IAPP,Pan-UKB,Pan-UKB::continuous|48|both_sexes||irnt,Waist circumference,continuous|48|both_sexes||irnt,GRCh37,waist_circumference,SENSITIVITY,Direct quantitative readout,Direct quantitative readout,False,False,B,B,0,1,1,1,Obesity,EUR,CSA,12,chr12,21507893,21532912,21507892,21407893,21632912,21407892,100000,+,ENSG00000121351.3,protein_coding,IAPP,exact_gene_name,GENCODE v19,MATCHED,single_multianalysis_bgzf,s3://pan-ukb-us-east-1/sumstats_flat_files/continuous-48-both_sexes-irnt.tsv.bgz,s3://pan-ukb-us-east-1/sumstats_flat_files_tabix/continuous-48-both_sexes-irnt.tsv.bgz.tbi,s3://pan-ukb-us-east-1/sumstats_flat_files/continuous-48-both_sexes-irnt.tsv.bgz,s3://pan-ukb-us-east-1/sumstats_flat_files_tabix/continuous-48-both_sexes-irnt.tsv.bgz.tbi,CSA,TO_VALIDATE_IN_15B2,MATCHED_TRAIT_CATALOG,True,True,True,True,True,
cmp_8ca016f15931c3b0,gt_f93f94de7ba027dd,IAPP,Pan-UKB,Pan-UKB::continuous|48|both_sexes||irnt,Waist circumference,continuous|48|both_sexes||irnt,GRCh37,waist_circumference,SENSITIVITY,Direct quantitative readout,Direct quantitative readout,False,False,B,B,0,1,1,1,Obesity,EUR,MID,12,chr12,21507893,21532912,21507892,21407893,21632912,21407892,100000,+,ENSG00000121351.3,protein_coding,IAPP,exact_gene_name,GENCODE v19,MATCHED,single_multianalysis_bgzf,s3://pan-ukb-us-east-1/sumstats_flat_files/continuous-48-both_sexes-irnt.tsv.bgz,s3://pan-ukb-us-east-1/sumstats_flat_files_tabix/continuous-48-both_sexes-irnt.tsv.bgz.tbi,s3://pan-ukb-us-east-1/sumstats_flat_files/continuous-48-both_sexes-irnt.tsv.bgz,s3://pan-ukb-us-east-1/sumstats_flat_files_tabix/continuous-48-both_sexes-irnt.tsv.bgz.tbi,MID,TO_VALIDATE_IN_15B2,MATCHED_TRAIT_CATALOG,True,True,True,True,True,
cmp_874eb48f73353a70,gt_0af6753fda7c87c2,INSR,Pan-UKB,Pan-UKB::continuous|48|both_sexes||irnt,Waist circumference,continuous|48|both_sexes||irnt,GRCh37,waist_circumference,SENSITIVITY,Direct quantitative readout,Direct quantitative readout,False,False,B,B,0,1,1,1,Obesity,EUR,AFR,19,chr19,7112266,7294045,7112265,7012266,7394045,7012265,100000,-,ENSG00000171105.9,protein_coding,INSR,exact_gene_name,GENCODE v19,MATCHED,single_multianalysis_bgzf,s3://pan-ukb-us-east-1/sumstats_flat_files/continuous-48-both_sexes-irnt.tsv.bgz,s3://pan-ukb-us-east-1/sumstats_flat_files_tabix/continuous-48-both_sexes-irnt.tsv.bgz.tbi,s3://pan-ukb-us-east-1/sumstats_flat_files/continuous-48-both_sexes-irnt.tsv.bgz,s3://pan-ukb-us-east-1/sumstats_flat_files_tabix/continuous-48-both_sexes-irnt.tsv.bgz.tbi,AFR,TO_VALIDATE_IN_15B2,MATCHED_TRAIT_CATALOG,True,True,True,True,True,
cmp_4071a31e5d9bdfa2,gt_0af6753fda7c87c2,INSR,Pan-UKB,Pan-UKB::continuous|48|both_sexes||irnt,Waist circumference,continuous|48|both_sexes||irnt,GRCh37,waist_circumference,SENSITIVITY,Direct quantitative readout,Direct quantitative readout,False,False,B,B,0,1,1,1,Obesity,EUR,CSA,19,chr19,7112266,7294045,7112265,7012266,7394045,7012265,100000,-,ENSG00000171105.9,protein_coding,INSR,exact_gene_name,GENCODE v19,MATCHED,single_multianalysis_bgzf,s3://pan-ukb-us-east-1/sumstats_flat_files/continuous-48-both_sexes-irnt.tsv.bgz,s3://pan-ukb-us-east-1/sumstats_flat_files_tabix/continuous-48-both_sexes-irnt.tsv.bgz.tbi,s3://pan-ukb-us-east-1/sumstats_flat_files/continuous-48-both_sexes-irnt.tsv.bgz,s3://pan-ukb-us-east-1/sumstats_flat_files_tabix/continuous-48-both_sexes-irnt.tsv.bgz.tbi,CSA,TO_VALIDATE_IN_15B2,MATCHED_TRAIT_CATALOG,True,True,True,True,True,
cmp_0ade502b8448d882,gt_0af6753fda7c87c2,INSR,Pan-UKB,Pan-UKB::continuous|48|both_sexes||irnt,Waist circumference,continuous|48|both_sexes||irnt,GRCh37,waist_circumference,SENSITIVITY,Direct quantitative readout,Direct quantitative readout,False,False,B,B,0,1,1,1,Obesity,EUR,MID,19,chr19,7112266,7294045,7112265,7012266,7394045,7012265,100000,-,ENSG00000171105.9,protein_coding,INSR,exact_gene_name,GENCODE v19,MATCHED,single_multianalysis_bgzf,s3://pan-ukb-us-east-1/sumstats_flat_files/continuous-48-both_sexes-irnt.tsv.bgz,s3://pan-ukb-us-east-1/sumstats_flat_files_tabix/continuous-48-both_sexes-irnt.tsv.bgz.tbi,s3://pan-ukb-us-east-1/sumstats_flat_files/continuous-48-both_sexes-irnt.tsv.bgz,s3://pan-ukb-us-east-1/sumstats_flat_files_tabix/continuous-48-both_sexes-irnt.tsv.bgz.tbi,MID,TO_VALIDATE_IN_15B2,MATCHED_TRAIT_CATALOG,True,True,True,True,True,
cmp_08fc6aee3cfad80f,gt_ae553badecd70994,LEPR,Pan-UKB,Pan-UKB::continuous|48|both_sexes||irnt,Waist circumference,continuous|48|both_sexes||irnt,GRCh37,waist_circumference,SENSITIVITY,Direct quantitative readout,Direct quantitative readout,False,False,B,B,0,1,1,1,Obesity,EUR,AFR,1,chr1,65886248,66107242,65886247,65786248,66207242,65786247,100000,+,ENSG00000116678.14,protein_coding,LEPR,exact_gene_name,GENCODE v19,MATCHED,single_multianalysis_bgzf,s3://pan-ukb-us-east-1/sumstats_flat_files/continuous-48-both_sexes-irnt.tsv.bgz,s3://pan-ukb-us-east-1/sumstats_flat_files_tabix/continuous-48-both_sexes-irnt.tsv.bgz.tbi,s3://pan-ukb-us-east-1/sumstats_flat_files/continuous-48-both_sexes-irnt.tsv.bgz,s3://pan-ukb-us-east-1/sumstats_flat_files_tabix/continuous-48-both_sexes-irnt.tsv.bgz.tbi,AFR,TO_VALIDATE_IN_15B2,MATCHED_TRAIT_CATALOG,True,True,True,True,True,
cmp_069875e6b8b7063a,gt_ae553badecd70994,LEPR,Pan-UKB,Pan-UKB::continuous|48|both_sexes||irnt,Waist circumference,continuous|48|both_sexes||irnt,GRCh37,waist_circumference,SENSITIVITY,Direct quantitative readout,Direct quantitative readout,False,False,B,B,0,1,1,1,Obesity,EUR,CSA,1,chr1,65886248,66107242,65886247,65786248,66207242,65786247,100000,+,ENSG00000116678.14,protein_coding,LEPR,exact_gene_name,GENCODE v19,MATCHED,single_multianalysis_bgzf,s3://pan-ukb-us-east-1/sumstats_flat_files/continuous-48-both_sexes-irnt.tsv.bgz,s3://pan-ukb-us-east-1/sumstats_flat_files_tabix/continuous-48-both_sexes-irnt.tsv.bgz.tbi,s3://pan-ukb-us-east-1/sumstats_flat_files/continuous-48-both_sexes-irnt.tsv.bgz,s3://pan-ukb-us-east-1/sumstats_flat_files_tabix/continuous-48-both_sexes-irnt.tsv.bgz.tbi,CSA,TO_VALIDATE_IN_15B2,MATCHED_TRAIT_CATALOG,True,True,True,True,True,
cmp_3dcb544bcbea6416,gt_ae553badecd70994,LEPR,Pan-UKB,Pan-UKB::continuous|48|both_sexes||irnt,Waist circumference,continuous|48|both_sexes||irnt,GRCh37,waist_circumference,SENSITIVITY,Direct quantitative readout,Direct quantitative readout,False,False,B,B,0,1,1,1,Obesity,EUR,MID,1,chr1,65886248,66107242,65886247,65786248,66207242,65786247,100000,+,ENSG00000116678.14,protein_coding,LEPR,exact_gene_name,GENCODE v19,MATCHED,single_multianalysis_bgzf,s3://pan-ukb-us-east-1/sumstats_flat_files/continuous-48-both_sexes-irnt.tsv.bgz,s3://pan-ukb-us-east-1/sumstats_flat_files_tabix/continuous-48-both_sexes-irnt.tsv.bgz.tbi,s3://pan-ukb-us-east-1/sumstats_flat_files/continuous-48-both_sexes-irnt.tsv.bgz,s3://pan-ukb-us-east-1/sumstats_flat_files_tabix/continuous-48-both_sexes-irnt.tsv.bgz.tbi,MID,TO_VALIDATE_IN_15B2,MATCHED_TRAIT_CATALOG,True,True,True,True,True,
cmp_52906331eb59a759,gt_b3d5fe1d028af577,MAPK1,Pan-UKB,Pan-UKB::continuous|48|both_sexes||irnt,Waist circumference,continuous|48|both_sexes||irnt,GRCh37,waist_circumference,SENSITIVITY,Direct quantitative readout,Direct quantitative readout,False,False,B,B,0,1,1,1,Obesity,EUR,AFR,22,chr22,22108789,22221970,22108788,22008789,22321970,22008788,100000,-,ENSG00000100030.10,protein_coding,MAPK1,exact_gene_name,GENCODE v19,MATCHED,single_multianalysis_bgzf,s3://pan-ukb-us-east-1/sumstats_flat_files/continuous-48-both_sexes-irnt.tsv.bgz,s3://pan-ukb-us-east-1/sumstats_flat_files_tabix/continuous-48-both_sexes-irnt.tsv.bgz.tbi,s3://pan-ukb-us-east-1/sumstats_flat_files/continuous-48-both_sexes-irnt.tsv.bgz,s3://pan-ukb-us-east-1/sumstats_flat_files_tabix/continuous-48-both_sexes-irnt.tsv.bgz.tbi,AFR,TO_VALIDATE_IN_15B2,MATCHED_TRAIT_CATALOG,True,True,True,True,True,
cmp_bc5fc1cf50db247a,gt_b3d5fe1d028af577,MAPK1,Pan-UKB,Pan-UKB::continuous|48|both_sexes||irnt,Waist circumference,continuous|48|both_sexes||irnt,GRCh37,waist_circumference,SENSITIVITY,Direct quantitative readout,Direct quantitative readout,False,False,B,B,0,1,1,1,Obesity,EUR,CSA,22,chr22,22108789,22221970,22108788,22008789,22321970,22008788,100000,-,ENSG00000100030.10,protein_coding,MAPK1,exact_gene_name,GENCODE v19,MATCHED,single_multianalysis_bgzf,s3://pan-ukb-us-east-1/sumstats_flat_files/continuous-48-both_sexes-irnt.tsv.bgz,s3://pan-ukb-us-east-1/sumstats_flat_files_tabix/continuous-48-both_sexes-irnt.tsv.bgz.tbi,s3://pan-ukb-us-east-1/sumstats_flat_files/continuous-48-both_sexes-irnt.tsv.bgz,s3://pan-ukb-us-east-1/sumstats_flat_files_tabix/continuous-48-both_sexes-irnt.tsv.bgz.tbi,CSA,TO_VALIDATE_IN_15B2,MATCHED_TRAIT_CATALOG,True,True,True,True,True,
cmp_2fc6bef5f5d2c29b,gt_b3d5fe1d028af577,MAPK1,Pan-UKB,Pan-UKB::continuous|48|both_sexes||irnt,Waist circumference,continuous|48|both_sexes||irnt,GRCh37,waist_circumference,SENSITIVITY,Direct quantitative readout,Direct quantitative readout,False,False,B,B,0,1,1,1,Obesity,EUR,MID,22,chr22,22108789,22221970,22108788,22008789,22321970,22008788,100000,-,ENSG00000100030.10,protein_coding,MAPK1,exact_gene_name,GENCODE v19,MATCHED,single_multianalysis_bgzf,s3://pan-ukb-us-east-1/sumstats_flat_files/continuous-48-both_sexes-irnt.tsv.bgz,s3://pan-ukb-us-east-1/sumstats_flat_files_tabix/continuous-48-both_sexes-irnt.tsv.bgz.tbi,s3://pan-ukb-us-east-1/sumstats_flat_files/continuous-48-both_sexes-irnt.tsv.bgz,s3://pan-ukb-us-east-1/sumstats_flat_files_tabix/continuous-48-both_sexes-irnt.tsv.bgz.tbi,MID,TO_VALIDATE_IN_15B2,MATCHED_TRAIT_CATALOG,True,True,True,True,True,
cmp_a5dc65d29678ed04,gt_8976a55d7f38f14b,MAPK3,Pan-UKB,Pan-UKB::continuous|48|both_sexes||irnt,Waist circumference,continuous|48|both_sexes||irnt,GRCh37,waist_circumference,SENSITIVITY,Direct quantitative readout,Direct quantitative readout,False,False,B,B,0,1,1,1,Obesity,EUR,AFR,16,chr16,30125426,30134827,30125425,30025426,30234827,30025425,100000,-,ENSG00000102882.7,protein_coding,MAPK3,exact_gene_name,GENCODE v19,MATCHED,single_multianalysis_bgzf,s3://pan-ukb-us-east-1/sumstats_flat_files/continuous-48-both_sexes-irnt.tsv.bgz,s3://pan-ukb-us-east-1/sumstats_flat_files_tabix/continuous-48-both_sexes-irnt.tsv.bgz.tbi,s3://pan-ukb-us-east-1/sumstats_flat_files/continuous-48-both_sexes-irnt.tsv.bgz,s3://pan-ukb-us-east-1/sumstats_flat_files_tabix/continuous-48-both_sexes-irnt.tsv.bgz.tbi,AFR,TO_VALIDATE_IN_15B2,MATCHED_TRAIT_CATALOG,True,True,True,True,True,
cmp_b9447a75589d9fd8,gt_8976a55d7f38f14b,MAPK3,Pan-UKB,Pan-UKB::continuous|48|both_sexes||irnt,Waist circumference,continuous|48|both_sexes||irnt,GRCh37,waist_circumference,SENSITIVITY,Direct quantitative readout,Direct quantitative readout,False,False,B,B,0,1,1,1,Obesity,EUR,CSA,16,chr16,30125426,30134827,30125425,30025426,30234827,30025425,100000,-,ENSG00000102882.7,protein_coding,MAPK3,exact_gene_name,GENCODE v19,MATCHED,single_multianalysis_bgzf,s3://pan-ukb-us-east-1/sumstats_flat_files/continuous-48-both_sexes-irnt.tsv.bgz,s3://pan-ukb-us-east-1/sumstats_flat_files_tabix/continuous-48-both_sexes-irnt.tsv.bgz.tbi,s3://pan-ukb-us-east-1/sumstats_flat_files/continuous-48-both_sexes-irnt.tsv.bgz,s3://pan-ukb-us-east-1/sumstats_flat_files_tabix/continuous-48-both_sexes-irnt.tsv.bgz.tbi,CSA,TO_VALIDATE_IN_15B2,MATCHED_TRAIT_CATALOG,True,True,True,True,True,
cmp_3201e8daf890ffd3,gt_8976a55d7f38f14b,MAPK3,Pan-UKB,Pan-UKB::continuous|48|both_sexes||irnt,Waist circumference,continuous|48|both_sexes||irnt,GRCh37,waist_circumference,SENSITIVITY,Direct quantitative readout,Direct quantitative readout,False,False,B,B,0,1,1,1,Obesity,EUR,MID,16,chr16,30125426,30134827,30125425,30025426,30234827,30025425,100000,-,ENSG00000102882.7,protein_coding,MAPK3,exact_gene_name,GENCODE v19,MATCHED,single_multianalysis_bgzf,s3://pan-ukb-us-east-1/sumstats_flat_files/continuous-48-both_sexes-irnt.tsv.bgz,s3://pan-ukb-us-east-1/sumstats_flat_files_tabix/continuous-48-both_sexes-irnt.tsv.bgz.tbi,s3://pan-ukb-us-east-1/sumstats_flat_files/continuous-48-both_sexes-irnt.tsv.bgz,s3://pan-ukb-us-east-1/sumstats_flat_files_tabix/continuous-48-both_sexes-irnt.tsv.bgz.tbi,MID,TO_VALIDATE_IN_15B2,MATCHED_TRAIT_CATALOG,True,True,True,True,True,
cmp_e0baf23c0a0f4823,gt_6e5a0945e724d510,MC1R,Pan-UKB,Pan-UKB::continuous|48|both_sexes||irnt,Waist circumference,continuous|48|both_sexes||irnt,GRCh37,waist_circumference,SENSITIVITY,Direct quantitative readout,Direct quantitative readout,False,False,B,B,0,1,1,1,Obesity,EUR,AFR,16,chr16,89978527,89987385,89978526,89878527,90087385,89878526,100000,+,ENSG00000258839.2,protein_coding,MC1R,exact_gene_name,GENCODE v19,MATCHED,single_multianalysis_bgzf,s3://pan-ukb-us-east-1/sumstats_flat_files/continuous-48-both_sexes-irnt.tsv.bgz,s3://pan-ukb-us-east-1/sumstats_flat_files_tabix/continuous-48-both_sexes-irnt.tsv.bgz.tbi,s3://pan-ukb-us-east-1/sumstats_flat_files/continuous-48-both_sexes-irnt.tsv.bgz,s3://pan-ukb-us-east-1/sumstats_flat_files_tabix/continuous-48-both_sexes-irnt.tsv.bgz.tbi,AFR,TO_VALIDATE_IN_15B2,MATCHED_TRAIT_CATALOG,True,True,True,True,True,
cmp_62d377161319736e,gt_6e5a0945e724d510,MC1R,Pan-UKB,Pan-UKB::continuous|48|both_sexes||irnt,Waist circumference,continuous|48|both_sexes||irnt,GRCh37,waist_circumference,SENSITIVITY,Direct quantitative readout,Direct quantitative readout,False,False,B,B,0,1,1,1,Obesity,EUR,CSA,16,chr16,89978527,89987385,89978526,89878527,90087385,89878526,100000,+,ENSG00000258839.2,protein_coding,MC1R,exact_gene_name,GENCODE v19,MATCHED,single_multianalysis_bgzf,s3://pan-ukb-us-east-1/sumstats_flat_files/continuous-48-both_sexes-irnt.tsv.bgz,s3://pan-ukb-us-east-1/sumstats_flat_files_tabix/continuous-48-both_sexes-irnt.tsv.bgz.tbi,s3://pan-ukb-us-east-1/sumstats_flat_files/continuous-48-both_sexes-irnt.tsv.bgz,s3://pan-ukb-us-east-1/sumstats_flat_files_tabix/continuous-48-both_sexes-irnt.tsv.bgz.tbi,CSA,TO_VALIDATE_IN_15B2,MATCHED_TRAIT_CATALOG,True,True,True,True,True,
cmp_efd6e8b32e7e670b,gt_6e5a0945e724d510,MC1R,Pan-UKB,Pan-UKB::continuous|48|both_sexes||irnt,Waist circumference,continuous|48|both_sexes||irnt,GRCh37,waist_circumference,SENSITIVITY,Direct quantitative readout,Direct quantitative readout,False,False,B,B,0,1,1,1,Obesity,EUR,MID,16,chr16,89978527,89987385,89978526,89878527,90087385,89878526,100000,+,ENSG00000258839.2,protein_coding,MC1R,exact_gene_name,GENCODE v19,MATCHED,single_multianalysis_bgzf,s3://pan-ukb-us-east-1/sumstats_flat_files/continuous-48-both_sexes-irnt.tsv.bgz,s3://pan-ukb-us-east-1/sumstats_flat_files_tabix/continuous-48-both_sexes-irnt.tsv.bgz.tbi,s3://pan-ukb-us-east-1/sumstats_flat_files/continuous-48-both_sexes-irnt.tsv.bgz,s3://pan-ukb-us-east-1/sumstats_flat_files_tabix/continuous-48-both_sexes-irnt.tsv.bgz.tbi,MID,TO_VALIDATE_IN_15B2,MATCHED_TRAIT_CATALOG,True,True,True,True,True,
cmp_1db7347f91430b8a,gt_6b56a43632e5452f,MC4R,Pan-UKB,Pan-UKB::continuous|48|both_sexes||irnt,Waist circumference,continuous|48|both_sexes||irnt,GRCh37,waist_circumference,SENSITIVITY,Direct quantitative readout,Direct quantitative readout,False,False,A,A,1,0,1,1,Obesity,EUR,AFR,18,chr18,58038564,58040001,58038563,57938564,58140001,57938563,100000,-,ENSG00000166603.3,protein_coding,MC4R,exact_gene_name,GENCODE v19,MATCHED,single_multianalysis_bgzf,s3://pan-ukb-us-east-1/sumstats_flat_files/continuous-48-both_sexes-irnt.tsv.bgz,s3://pan-ukb-us-east-1/sumstats_flat_files_tabix/continuous-48-both_sexes-irnt.tsv.bgz.tbi,s3://pan-ukb-us-east-1/sumstats_flat_files/continuous-48-both_sexes-irnt.tsv.bgz,s3://pan-ukb-us-east-1/sumstats_flat_files_tabix/continuous-48-both_sexes-irnt.tsv.bgz.tbi,AFR,TO_VALIDATE_IN_15B2,MATCHED_TRAIT_CATALOG,True,True,True,True,True,
cmp_4fa16f3701dc6edf,gt_6b56a43632e5452f,MC4R,Pan-UKB,Pan-UKB::continuous|48|both_sexes||irnt,Waist circumference,continuous|48|both_sexes||irnt,GRCh37,waist_circumference,SENSITIVITY,Direct quantitative readout,Direct quantitative readout,False,False,A,A,1,0,1,1,Obesity,EUR,CSA,18,chr18,58038564,58040001,58038563,57938564,58140001,57938563,100000,-,ENSG00000166603.3,protein_coding,MC4R,exact_gene_name,GENCODE v19,MATCHED,single_multianalysis_bgzf,s3://pan-ukb-us-east-1/sumstats_flat_files/continuous-48-both_sexes-irnt.tsv.bgz,s3://pan-ukb-us-east-1/sumstats_flat_files_tabix/continuous-48-both_sexes-irnt.tsv.bgz.tbi,s3://pan-ukb-us-east-1/sumstats_flat_files/continuous-48-both_sexes-irnt.tsv.bgz,s3://pan-ukb-us-east-1/sumstats_flat_files_tabix/continuous-48-both_sexes-irnt.tsv.bgz.tbi,CSA,TO_VALIDATE_IN_15B2,MATCHED_TRAIT_CATALOG,True,True,True,True,True,
cmp_c4da23082186a658,gt_6b56a43632e5452f,MC4R,Pan-UKB,Pan-UKB::continuous|48|both_sexes||irnt,Waist circumference,continuous|48|both_sexes||irnt,GRCh37,waist_circumference,SENSITIVITY,Direct quantitative readout,Direct quantitative readout,False,False,A,A,1,0,1,1,Obesity,EUR,MID,18,chr18,58038564,58040001,58038563,57938564,58140001,57938563,100000,-,ENSG00000166603.3,protein_coding,MC4R,exact_gene_name,GENCODE v19,MATCHED,single_multianalysis_bgzf,s3://pan-ukb-us-east-1/sumstats_flat_files/continuous-48-both_sexes-irnt.tsv.bgz,s3://pan-ukb-us-east-1/sumstats_flat_files_tabix/continuous-48-both_sexes-irnt.tsv.bgz.tbi,s3://pan-ukb-us-east-1/sumstats_flat_files/continuous-48-both_sexes-irnt.tsv.bgz,s3://pan-ukb-us-east-1/sumstats_flat_files_tabix/continuous-48-both_sexes-irnt.tsv.bgz.tbi,MID,TO_VALIDATE_IN_15B2,MATCHED_TRAIT_CATALOG,True,True,True,True,True,
cmp_84030cf3e8f767e3,gt_1d267c50a84beea4,MTTP,Pan-UKB,Pan-UKB::continuous|48|both_sexes||irnt,Waist circumference,continuous|48|both_sexes||irnt,GRCh37,waist_circumference,SENSITIVITY,Direct quantitative readout,Direct quantitative readout,False,False,B,B,0,1,1,1,Obesity,EUR,AFR,4,chr4,100484918,100545156,100484917,100384918,100645156,100384917,100000,+,ENSG00000138823.8,protein_coding,MTTP,exact_gene_name,GENCODE v19,MATCHED,single_multianalysis_bgzf,s3://pan-ukb-us-east-1/sumstats_flat_files/continuous-48-both_sexes-irnt.tsv.bgz,s3://pan-ukb-us-east-1/sumstats_flat_files_tabix/continuous-48-both_sexes-irnt.tsv.bgz.tbi,s3://pan-ukb-us-east-1/sumstats_flat_files/continuous-48-both_sexes-irnt.tsv.bgz,s3://pan-ukb-us-east-1/sumstats_flat_files_tabix/continuous-48-both_sexes-irnt.tsv.bgz.tbi,AFR,TO_VALIDATE_IN_15B2,MATCHED_TRAIT_CATALOG,True,True,True,True,True,
cmp_54396f83c270fe8c,gt_1d267c50a84beea4,MTTP,Pan-UKB,Pan-UKB::continuous|48|both_sexes||irnt,Waist circumference,continuous|48|both_sexes||irnt,GRCh37,waist_circumference,SENSITIVITY,Direct quantitative readout,Direct quantitative readout,False,False,B,B,0,1,1,1,Obesity,EUR,CSA,4,chr4,100484918,100545156,100484917,100384918,100645156,100384917,100000,+,ENSG00000138823.8,protein_coding,MTTP,exact_gene_name,GENCODE v19,MATCHED,single_multianalysis_bgzf,s3://pan-ukb-us-east-1/sumstats_flat_files/continuous-48-both_sexes-irnt.tsv.bgz,s3://pan-ukb-us-east-1/sumstats_flat_files_tabix/continuous-48-both_sexes-irnt.tsv.bgz.tbi,s3://pan-ukb-us-east-1/sumstats_flat_files/continuous-48-both_sexes-irnt.tsv.bgz,s3://pan-ukb-us-east-1/sumstats_flat_files_tabix/continuous-48-both_sexes-irnt.tsv.bgz.tbi,CSA,TO_VALIDATE_IN_15B2,MATCHED_TRAIT_CATALOG,True,True,True,True,True,
cmp_1558615d61bc8fe5,gt_1d267c50a84beea4,MTTP,Pan-UKB,Pan-UKB::continuous|48|both_sexes||irnt,Waist circumference,continuous|48|both_sexes||irnt,GRCh37,waist_circumference,SENSITIVITY,Direct quantitative readout,Direct quantitative readout,False,False,B,B,0,1,1,1,Obesity,EUR,MID,4,chr4,100484918,100545156,100484917,100384918,100645156,100384917,100000,+,ENSG00000138823.8,protein_coding,MTTP,exact_gene_name,GENCODE v19,MATCHED,single_multianalysis_bgzf,s3://pan-ukb-us-east-1/sumstats_flat_files/continuous-48-both_sexes-irnt.tsv.bgz,s3://pan-ukb-us-east-1/sumstats_flat_files_tabix/continuous-48-both_sexes-irnt.tsv.bgz.tbi,s3://pan-ukb-us-east-1/sumstats_flat_files/continuous-48-both_sexes-irnt.tsv.bgz,s3://pan-ukb-us-east-1/sumstats_flat_files_tabix/continuous-48-both_sexes-irnt.tsv.bgz.tbi,MID,TO_VALIDATE_IN_15B2,MATCHED_TRAIT_CATALOG,True,True,True,True,True,
cmp_edd04cf1fcafc1d5,gt_abe2850ab7b06f8e,NPY,Pan-UKB,Pan-UKB::continuous|48|both_sexes||irnt,Waist circumference,continuous|48|both_sexes||irnt,GRCh37,waist_circumference,SENSITIVITY,Direct quantitative readout,Direct quantitative readout,False,False,B,B,0,1,1,1,Obesity,EUR,AFR,7,chr7,24323782,24331484,24323781,24223782,24431484,24223781,100000,+,ENSG00000122585.3,protein_coding,NPY,exact_gene_name,GENCODE v19,MATCHED,single_multianalysis_bgzf,s3://pan-ukb-us-east-1/sumstats_flat_files/continuous-48-both_sexes-irnt.tsv.bgz,s3://pan-ukb-us-east-1/sumstats_flat_files_tabix/continuous-48-both_sexes-irnt.tsv.bgz.tbi,s3://pan-ukb-us-east-1/sumstats_flat_files/continuous-48-both_sexes-irnt.tsv.bgz,s3://pan-ukb-us-east-1/sumstats_flat_files_tabix/continuous-48-both_sexes-irnt.tsv.bgz.tbi,AFR,TO_VALIDATE_IN_15B2,MATCHED_TRAIT_CATALOG,True,True,True,True,True,
cmp_6dca66d11006bcb5,gt_abe2850ab7b06f8e,NPY,Pan-UKB,Pan-UKB::continuous|48|both_sexes||irnt,Waist circumference,continuous|48|both_sexes||irnt,GRCh37,waist_circumference,SENSITIVITY,Direct quantitative readout,Direct quantitative readout,False,False,B,B,0,1,1,1,Obesity,EUR,CSA,7,chr7,24323782,24331484,24323781,24223782,24431484,24223781,100000,+,ENSG00000122585.3,protein_coding,NPY,exact_gene_name,GENCODE v19,MATCHED,single_multianalysis_bgzf,s3://pan-ukb-us-east-1/sumstats_flat_files/continuous-48-both_sexes-irnt.tsv.bgz,s3://pan-ukb-us-east-1/sumstats_flat_files_tabix/continuous-48-both_sexes-irnt.tsv.bgz.tbi,s3://pan-ukb-us-east-1/sumstats_flat_files/continuous-48-both_sexes-irnt.tsv.bgz,s3://pan-ukb-us-east-1/sumstats_flat_files_tabix/continuous-48-both_sexes-irnt.tsv.bgz.tbi,CSA,TO_VALIDATE_IN_15B2,MATCHED_TRAIT_CATALOG,True,True,True,True,True,
cmp_fb67811751089afd,gt_abe2850ab7b06f8e,NPY,Pan-UKB,Pan-UKB::continuous|48|both_sexes||irnt,Waist circumference,continuous|48|both_sexes||irnt,GRCh37,waist_circumference,SENSITIVITY,Direct quantitative readout,Direct quantitative readout,False,False,B,B,0,1,1,1,Obesity,EUR,MID,7,chr7,24323782,24331484,24323781,24223782,24431484,24223781,100000,+,ENSG00000122585.3,protein_coding,NPY,exact_gene_name,GENCODE v19,MATCHED,single_multianalysis_bgzf,s3://pan-ukb-us-east-1/sumstats_flat_files/continuous-48-both_sexes-irnt.tsv.bgz,s3://pan-ukb-us-east-1/sumstats_flat_files_tabix/continuous-48-both_sexes-irnt.tsv.bgz.tbi,s3://pan-ukb-us-east-1/sumstats_flat_files/continuous-48-both_sexes-irnt.tsv.bgz,s3://pan-ukb-us-east-1/sumstats_flat_files_tabix/continuous-48-both_sexes-irnt.tsv.bgz.tbi,MID,TO_VALIDATE_IN_15B2,MATCHED_TRAIT_CATALOG,True,True,True,True,True,
cmp_c05040375d0f371d,gt_b8c7e9b4163e32c0,NPY5R,Pan-UKB,Pan-UKB::continuous|48|both_sexes||irnt,Waist circumference,continuous|48|both_sexes||irnt,GRCh37,waist_circumference,SENSITIVITY,Direct quantitative readout,Direct quantitative readout,False,False,B,B,0,1,1,1,Obesity,EUR,AFR,4,chr4,164265091,164273086,164265090,164165091,164373086,164165090,100000,+,ENSG00000164129.7,protein_coding,NPY5R,exact_gene_name,GENCODE v19,MATCHED,single_multianalysis_bgzf,s3://pan-ukb-us-east-1/sumstats_flat_files/continuous-48-both_sexes-irnt.tsv.bgz,s3://pan-ukb-us-east-1/sumstats_flat_files_tabix/continuous-48-both_sexes-irnt.tsv.bgz.tbi,s3://pan-ukb-us-east-1/sumstats_flat_files/continuous-48-both_sexes-irnt.tsv.bgz,s3://pan-ukb-us-east-1/sumstats_flat_files_tabix/continuous-48-both_sexes-irnt.tsv.bgz.tbi,AFR,TO_VALIDATE_IN_15B2,MATCHED_TRAIT_CATALOG,True,True,True,True,True,
cmp_adaf83eba9391e13,gt_b8c7e9b4163e32c0,NPY5R,Pan-UKB,Pan-UKB::continuous|48|both_sexes||irnt,Waist circumference,continuous|48|both_sexes||irnt,GRCh37,waist_circumference,SENSITIVITY,Direct quantitative readout,Direct quantitative readout,False,False,B,B,0,1,1,1,Obesity,EUR,CSA,4,chr4,164265091,164273086,164265090,164165091,164373086,164165090,100000,+,ENSG00000164129.7,protein_coding,NPY5R,exact_gene_name,GENCODE v19,MATCHED,single_multianalysis_bgzf,s3://pan-ukb-us-east-1/sumstats_flat_files/continuous-48-both_sexes-irnt.tsv.bgz,s3://pan-ukb-us-east-1/sumstats_flat_files_tabix/continuous-48-both_sexes-irnt.tsv.bgz.tbi,s3://pan-ukb-us-east-1/sumstats_flat_files/continuous-48-both_sexes-irnt.tsv.bgz,s3://pan-ukb-us-east-1/sumstats_flat_files_tabix/continuous-48-both_sexes-irnt.tsv.bgz.tbi,CSA,TO_VALIDATE_IN_15B2,MATCHED_TRAIT_CATALOG,True,True,True,True,True,
cmp_8abbfcea7f3fdb64,gt_b8c7e9b4163e32c0,NPY5R,Pan-UKB,Pan-UKB::continuous|48|both_sexes||irnt,Waist circumference,continuous|48|both_sexes||irnt,GRCh37,waist_circumference,SENSITIVITY,Direct quantitative readout,Direct quantitative readout,False,False,B,B,0,1,1,1,Obesity,EUR,MID,4,chr4,164265091,164273086,164265090,164165091,164373086,164165090,100000,+,ENSG00000164129.7,protein_coding,NPY5R,exact_gene_name,GENCODE v19,MATCHED,single_multianalysis_bgzf,s3://pan-ukb-us-east-1/sumstats_flat_files/continuous-48-both_sexes-irnt.tsv.bgz,s3://pan-ukb-us-east-1/sumstats_flat_files_tabix/continuous-48-both_sexes-irnt.tsv.bgz.tbi,s3://pan-ukb-us-east-1/sumstats_flat_files/continuous-48-both_sexes-irnt.tsv.bgz,s3://pan-ukb-us-east-1/sumstats_flat_files_tabix/continuous-48-both_sexes-irnt.tsv.bgz.tbi,MID,TO_VALIDATE_IN_15B2,MATCHED_TRAIT_CATALOG,True,True,True,True,True,
cmp_6628e2cf3c9466d5,gt_9f4388b02206b57b,NR3C1,Pan-UKB,Pan-UKB::continuous|48|both_sexes||irnt,Waist circumference,continuous|48|both_sexes||irnt,GRCh37,waist_circumference,SENSITIVITY,Direct quantitative readout,Direct quantitative readout,False,False,B,B,0,1,1,1,Obesity,EUR,AFR,5,chr5,142657496,142815077,142657495,142557496,142915077,142557495,100000,-,ENSG00000113580.10,protein_coding,NR3C1,exact_gene_name,GENCODE v19,MATCHED,single_multianalysis_bgzf,s3://pan-ukb-us-east-1/sumstats_flat_files/continuous-48-both_sexes-irnt.tsv.bgz,s3://pan-ukb-us-east-1/sumstats_flat_files_tabix/continuous-48-both_sexes-irnt.tsv.bgz.tbi,s3://pan-ukb-us-east-1/sumstats_flat_files/continuous-48-both_sexes-irnt.tsv.bgz,s3://pan-ukb-us-east-1/sumstats_flat_files_tabix/continuous-48-both_sexes-irnt.tsv.bgz.tbi,AFR,TO_VALIDATE_IN_15B2,MATCHED_TRAIT_CATALOG,True,True,True,True,True,
cmp_357cc0277ad52b7d,gt_9f4388b02206b57b,NR3C1,Pan-UKB,Pan-UKB::continuous|48|both_sexes||irnt,Waist circumference,continuous|48|both_sexes||irnt,GRCh37,waist_circumference,SENSITIVITY,Direct quantitative readout,Direct quantitative readout,False,False,B,B,0,1,1,1,Obesity,EUR,CSA,5,chr5,142657496,142815077,142657495,142557496,142915077,142557495,100000,-,ENSG00000113580.10,protein_coding,NR3C1,exact_gene_name,GENCODE v19,MATCHED,single_multianalysis_bgzf,s3://pan-ukb-us-east-1/sumstats_flat_files/continuous-48-both_sexes-irnt.tsv.bgz,s3://pan-ukb-us-east-1/sumstats_flat_files_tabix/continuous-48-both_sexes-irnt.tsv.bgz.tbi,s3://pan-ukb-us-east-1/sumstats_flat_files/continuous-48-both_sexes-irnt.tsv.bgz,s3://pan-ukb-us-east-1/sumstats_flat_files_tabix/continuous-48-both_sexes-irnt.tsv.bgz.tbi,CSA,TO_VALIDATE_IN_15B2,MATCHED_TRAIT_CATALOG,True,True,True,True,True,
cmp_f23dcb06c598f785,gt_9f4388b02206b57b,NR3C1,Pan-UKB,Pan-UKB::continuous|48|both_sexes||irnt,Waist circumference,continuous|48|both_sexes||irnt,GRCh37,waist_circumference,SENSITIVITY,Direct quantitative readout,Direct quantitative readout,False,False,B,B,0,1,1,1,Obesity,EUR,MID,5,chr5,142657496,142815077,142657495,142557496,142915077,142557495,100000,-,ENSG00000113580.10,protein_coding,NR3C1,exact_gene_name,GENCODE v19,MATCHED,single_multianalysis_bgzf,s3://pan-ukb-us-east-1/sumstats_flat_files/continuous-48-both_sexes-irnt.tsv.bgz,s3://pan-ukb-us-east-1/sumstats_flat_files_tabix/continuous-48-both_sexes-irnt.tsv.bgz.tbi,s3://pan-ukb-us-east-1/sumstats_flat_files/continuous-48-both_sexes-irnt.tsv.bgz,s3://pan-ukb-us-east-1/sumstats_flat_files_tabix/continuous-48-both_sexes-irnt.tsv.bgz.tbi,MID,TO_VALIDATE_IN_15B2,MATCHED_TRAIT_CATALOG,True,True,True,True,True,
cmp_cccaa7b873b0d644,gt_c2406a776d170133,OPRM1,Pan-UKB,Pan-UKB::continuous|48|both_sexes||irnt,Waist circumference,continuous|48|both_sexes||irnt,GRCh37,waist_circumference,SENSITIVITY,Direct quantitative readout,Direct quantitative readout,False,False,B,B,0,1,1,1,Obesity,EUR,AFR,6,chr6,154331631,154568001,154331630,154231631,154668001,154231630,100000,+,ENSG00000112038.13,protein_coding,OPRM1,exact_gene_name,GENCODE v19,MATCHED,single_multianalysis_bgzf,s3://pan-ukb-us-east-1/sumstats_flat_files/continuous-48-both_sexes-irnt.tsv.bgz,s3://pan-ukb-us-east-1/sumstats_flat_files_tabix/continuous-48-both_sexes-irnt.tsv.bgz.tbi,s3://pan-ukb-us-east-1/sumstats_flat_files/continuous-48-both_sexes-irnt.tsv.bgz,s3://pan-ukb-us-east-1/sumstats_flat_files_tabix/continuous-48-both_sexes-irnt.tsv.bgz.tbi,AFR,TO_VALIDATE_IN_15B2,MATCHED_TRAIT_CATALOG,True,True,True,True,True,
cmp_1cb43d8566924704,gt_c2406a776d170133,OPRM1,Pan-UKB,Pan-UKB::continuous|48|both_sexes||irnt,Waist circumference,continuous|48|both_sexes||irnt,GRCh37,waist_circumference,SENSITIVITY,Direct quantitative readout,Direct quantitative readout,False,False,B,B,0,1,1,1,Obesity,EUR,CSA,6,chr6,154331631,154568001,154331630,154231631,154668001,154231630,100000,+,ENSG00000112038.13,protein_coding,OPRM1,exact_gene_name,GENCODE v19,MATCHED,single_multianalysis_bgzf,s3://pan-ukb-us-east-1/sumstats_flat_files/continuous-48-both_sexes-irnt.tsv.bgz,s3://pan-ukb-us-east-1/sumstats_flat_files_tabix/continuous-48-both_sexes-irnt.tsv.bgz.tbi,s3://pan-ukb-us-east-1/sumstats_flat_files/continuous-48-both_sexes-irnt.tsv.bgz,s3://pan-ukb-us-east-1/sumstats_flat_files_tabix/continuous-48-both_sexes-irnt.tsv.bgz.tbi,CSA,TO_VALIDATE_IN_15B2,MATCHED_TRAIT_CATALOG,True,True,True,True,True,
cmp_3c410f7c7561d694,gt_c2406a776d170133,OPRM1,Pan-UKB,Pan-UKB::continuous|48|both_sexes||irnt,Waist circumference,continuous|48|both_sexes||irnt,GRCh37,waist_circumference,SENSITIVITY,Direct quantitative readout,Direct quantitative readout,False,False,B,B,0,1,1,1,Obesity,EUR,MID,6,chr6,154331631,154568001,154331630,154231631,154668001,154231630,100000,+,ENSG00000112038.13,protein_coding,OPRM1,exact_gene_name,GENCODE v19,MATCHED,single_multianalysis_bgzf,s3://pan-ukb-us-east-1/sumstats_flat_files/continuous-48-both_sexes-irnt.tsv.bgz,s3://pan-ukb-us-east-1/sumstats_flat_files_tabix/continuous-48-both_sexes-irnt.tsv.bgz.tbi,s3://pan-ukb-us-east-1/sumstats_flat_files/continuous-48-both_sexes-irnt.tsv.bgz,s3://pan-ukb-us-east-1/sumstats_flat_files_tabix/continuous-48-both_sexes-irnt.tsv.bgz.tbi,MID,TO_VALIDATE_IN_15B2,MATCHED_TRAIT_CATALOG,True,True,True,True,True,
cmp_661a9fda6c4c9774,gt_68eb030239b9ad27,PPARA,Pan-UKB,Pan-UKB::continuous|48|both_sexes||irnt,Waist circumference,continuous|48|both_sexes||irnt,GRCh37,waist_circumference,SENSITIVITY,Direct quantitative readout,Direct quantitative readout,False,False,A,A,1,0,1,1,Obesity,EUR,AFR,22,chr22,46546424,46639653,46546423,46446424,46739653,46446423,100000,+,ENSG00000186951.12,protein_coding,PPARA,exact_gene_name,GENCODE v19,MATCHED,single_multianalysis_bgzf,s3://pan-ukb-us-east-1/sumstats_flat_files/continuous-48-both_sexes-irnt.tsv.bgz,s3://pan-ukb-us-east-1/sumstats_flat_files_tabix/continuous-48-both_sexes-irnt.tsv.bgz.tbi,s3://pan-ukb-us-east-1/sumstats_flat_files/continuous-48-both_sexes-irnt.tsv.bgz,s3://pan-ukb-us-east-1/sumstats_flat_files_tabix/continuous-48-both_sexes-irnt.tsv.bgz.tbi,AFR,TO_VALIDATE_IN_15B2,MATCHED_TRAIT_CATALOG,True,True,True,True,True,
cmp_7884c8f411a7e713,gt_68eb030239b9ad27,PPARA,Pan-UKB,Pan-UKB::continuous|48|both_sexes||irnt,Waist circumference,continuous|48|both_sexes||irnt,GRCh37,waist_circumference,SENSITIVITY,Direct quantitative readout,Direct quantitative readout,False,False,A,A,1,0,1,1,Obesity,EUR,CSA,22,chr22,46546424,46639653,46546423,46446424,46739653,46446423,100000,+,ENSG00000186951.12,protein_coding,PPARA,exact_gene_name,GENCODE v19,MATCHED,single_multianalysis_bgzf,s3://pan-ukb-us-east-1/sumstats_flat_files/continuous-48-both_sexes-irnt.tsv.bgz,s3://pan-ukb-us-east-1/sumstats_flat_files_tabix/continuous-48-both_sexes-irnt.tsv.bgz.tbi,s3://pan-ukb-us-east-1/sumstats_flat_files/continuous-48-both_sexes-irnt.tsv.bgz,s3://pan-ukb-us-east-1/sumstats_flat_files_tabix/continuous-48-both_sexes-irnt.tsv.bgz.tbi,CSA,TO_VALIDATE_IN_15B2,MATCHED_TRAIT_CATALOG,True,True,True,True,True,
cmp_44a4afb0021fbc7d,gt_68eb030239b9ad27,PPARA,Pan-UKB,Pan-UKB::continuous|48|both_sexes||irnt,Waist circumference,continuous|48|both_sexes||irnt,GRCh37,waist_circumference,SENSITIVITY,Direct quantitative readout,Direct quantitative readout,False,False,A,A,1,0,1,1,Obesity,EUR,MID,22,chr22,46546424,46639653,46546423,46446424,46739653,46446423,100000,+,ENSG00000186951.12,protein_coding,PPARA,exact_gene_name,GENCODE v19,MATCHED,single_multianalysis_bgzf,s3://pan-ukb-us-east-1/sumstats_flat_files/continuous-48-both_sexes-irnt.tsv.bgz,s3://pan-ukb-us-east-1/sumstats_flat_files_tabix/continuous-48-both_sexes-irnt.tsv.bgz.tbi,s3://pan-ukb-us-east-1/sumstats_flat_files/continuous-48-both_sexes-irnt.tsv.bgz,s3://pan-ukb-us-east-1/sumstats_flat_files_tabix/continuous-48-both_sexes-irnt.tsv.bgz.tbi,MID,TO_VALIDATE_IN_15B2,MATCHED_TRAIT_CATALOG,True,True,True,True,True,
cmp_42c2de1301e7dcc3,gt_c2318cac682fe017,PPARD,Pan-UKB,Pan-UKB::continuous|48|both_sexes||irnt,Waist circumference,continuous|48|both_sexes||irnt,GRCh37,waist_circumference,SENSITIVITY,Direct quantitative readout,Direct quantitative readout,False,False,B,B,0,1,1,1,Obesity,EUR,AFR,6,chr6,35310335,35395968,35310334,35210335,35495968,35210334,100000,+,ENSG00000112033.9,protein_coding,PPARD,exact_gene_name,GENCODE v19,MATCHED,single_multianalysis_bgzf,s3://pan-ukb-us-east-1/sumstats_flat_files/continuous-48-both_sexes-irnt.tsv.bgz,s3://pan-ukb-us-east-1/sumstats_flat_files_tabix/continuous-48-both_sexes-irnt.tsv.bgz.tbi,s3://pan-ukb-us-east-1/sumstats_flat_files/continuous-48-both_sexes-irnt.tsv.bgz,s3://pan-ukb-us-east-1/sumstats_flat_files_tabix/continuous-48-both_sexes-irnt.tsv.bgz.tbi,AFR,TO_VALIDATE_IN_15B2,MATCHED_TRAIT_CATALOG,True,True,True,True,True,
cmp_190417ed5f92e757,gt_c2318cac682fe017,PPARD,Pan-UKB,Pan-UKB::continuous|48|both_sexes||irnt,Waist circumference,continuous|48|both_sexes||irnt,GRCh37,waist_circumference,SENSITIVITY,Direct quantitative readout,Direct quantitative readout,False,False,B,B,0,1,1,1,Obesity,EUR,CSA,6,chr6,35310335,35395968,35310334,35210335,35495968,35210334,100000,+,ENSG00000112033.9,protein_coding,PPARD,exact_gene_name,GENCODE v19,MATCHED,single_multianalysis_bgzf,s3://pan-ukb-us-east-1/sumstats_flat_files/continuous-48-both_sexes-irnt.tsv.bgz,s3://pan-ukb-us-east-1/sumstats_flat_files_tabix/continuous-48-both_sexes-irnt.tsv.bgz.tbi,s3://pan-ukb-us-east-1/sumstats_flat_files/continuous-48-both_sexes-irnt.tsv.bgz,s3://pan-ukb-us-east-1/sumstats_flat_files_tabix/continuous-48-both_sexes-irnt.tsv.bgz.tbi,CSA,TO_VALIDATE_IN_15B2,MATCHED_TRAIT_CATALOG,True,True,True,True,True,
cmp_5bbd3111ef91048d,gt_c2318cac682fe017,PPARD,Pan-UKB,Pan-UKB::continuous|48|both_sexes||irnt,Waist circumference,continuous|48|both_sexes||irnt,GRCh37,waist_circumference,SENSITIVITY,Direct quantitative readout,Direct quantitative readout,False,False,B,B,0,1,1,1,Obesity,EUR,MID,6,chr6,35310335,35395968,35310334,35210335,35495968,35210334,100000,+,ENSG00000112033.9,protein_coding,PPARD,exact_gene_name,GENCODE v19,MATCHED,single_multianalysis_bgzf,s3://pan-ukb-us-east-1/sumstats_flat_files/continuous-48-both_sexes-irnt.tsv.bgz,s3://pan-ukb-us-east-1/sumstats_flat_files_tabix/continuous-48-both_sexes-irnt.tsv.bgz.tbi,s3://pan-ukb-us-east-1/sumstats_flat_files/continuous-48-both_sexes-irnt.tsv.bgz,s3://pan-ukb-us-east-1/sumstats_flat_files_tabix/continuous-48-both_sexes-irnt.tsv.bgz.tbi,MID,TO_VALIDATE_IN_15B2,MATCHED_TRAIT_CATALOG,True,True,True,True,True,
cmp_aba6919d6f94cd52,gt_1d049491385481d3,PPARG,Pan-UKB,Pan-UKB::continuous|48|both_sexes||irnt,Waist circumference,continuous|48|both_sexes||irnt,GRCh37,waist_circumference,SENSITIVITY,Direct quantitative readout,Direct quantitative readout,False,False,A,A,1,0,1,1,Obesity,EUR,AFR,3,chr3,12328867,12475855,12328866,12228867,12575855,12228866,100000,+,ENSG00000132170.15,protein_coding,PPARG,exact_gene_name,GENCODE v19,MATCHED,single_multianalysis_bgzf,s3://pan-ukb-us-east-1/sumstats_flat_files/continuous-48-both_sexes-irnt.tsv.bgz,s3://pan-ukb-us-east-1/sumstats_flat_files_tabix/continuous-48-both_sexes-irnt.tsv.bgz.tbi,s3://pan-ukb-us-east-1/sumstats_flat_files/continuous-48-both_sexes-irnt.tsv.bgz,s3://pan-ukb-us-east-1/sumstats_flat_files_tabix/continuous-48-both_sexes-irnt.tsv.bgz.tbi,AFR,TO_VALIDATE_IN_15B2,MATCHED_TRAIT_CATALOG,True,True,True,True,True,
cmp_1c3e638e6144d190,gt_1d049491385481d3,PPARG,Pan-UKB,Pan-UKB::continuous|48|both_sexes||irnt,Waist circumference,continuous|48|both_sexes||irnt,GRCh37,waist_circumference,SENSITIVITY,Direct quantitative readout,Direct quantitative readout,False,False,A,A,1,0,1,1,Obesity,EUR,CSA,3,chr3,12328867,12475855,12328866,12228867,12575855,12228866,100000,+,ENSG00000132170.15,protein_coding,PPARG,exact_gene_name,GENCODE v19,MATCHED,single_multianalysis_bgzf,s3://pan-ukb-us-east-1/sumstats_flat_files/continuous-48-both_sexes-irnt.tsv.bgz,s3://pan-ukb-us-east-1/sumstats_flat_files_tabix/continuous-48-both_sexes-irnt.tsv.bgz.tbi,s3://pan-ukb-us-east-1/sumstats_flat_files/continuous-48-both_sexes-irnt.tsv.bgz,s3://pan-ukb-us-east-1/sumstats_flat_files_tabix/continuous-48-both_sexes-irnt.tsv.bgz.tbi,CSA,TO_VALIDATE_IN_15B2,MATCHED_TRAIT_CATALOG,True,True,True,True,True,
cmp_ddb0be2fff6bc19b,gt_1d049491385481d3,PPARG,Pan-UKB,Pan-UKB::continuous|48|both_sexes||irnt,Waist circumference,continuous|48|both_sexes||irnt,GRCh37,waist_circumference,SENSITIVITY,Direct quantitative readout,Direct quantitative readout,False,False,A,A,1,0,1,1,Obesity,EUR,MID,3,chr3,12328867,12475855,12328866,12228867,12575855,12228866,100000,+,ENSG00000132170.15,protein_coding,PPARG,exact_gene_name,GENCODE v19,MATCHED,single_multianalysis_bgzf,s3://pan-ukb-us-east-1/sumstats_flat_files/continuous-48-both_sexes-irnt.tsv.bgz,s3://pan-ukb-us-east-1/sumstats_flat_files_tabix/continuous-48-both_sexes-irnt.tsv.bgz.tbi,s3://pan-ukb-us-east-1/sumstats_flat_files/continuous-48-both_sexes-irnt.tsv.bgz,s3://pan-ukb-us-east-1/sumstats_flat_files_tabix/continuous-48-both_sexes-irnt.tsv.bgz.tbi,MID,TO_VALIDATE_IN_15B2,MATCHED_TRAIT_CATALOG,True,True,True,True,True,
cmp_dcd4ce4764b0ec27,gt_9b281bcdad313ba0,SLC6A4,Pan-UKB,Pan-UKB::continuous|48|both_sexes||irnt,Waist circumference,continuous|48|both_sexes||irnt,GRCh37,waist_circumference,SENSITIVITY,Direct quantitative readout,Direct quantitative readout,False,False,B,B,0,1,1,1,Obesity,EUR,AFR,17,chr17,28521337,28563020,28521336,28421337,28663020,28421336,100000,-,ENSG00000108576.5,protein_coding,SLC6A4,exact_gene_name,GENCODE v19,MATCHED,single_multianalysis_bgzf,s3://pan-ukb-us-east-1/sumstats_flat_files/continuous-48-both_sexes-irnt.tsv.bgz,s3://pan-ukb-us-east-1/sumstats_flat_files_tabix/continuous-48-both_sexes-irnt.tsv.bgz.tbi,s3://pan-ukb-us-east-1/sumstats_flat_files/continuous-48-both_sexes-irnt.tsv.bgz,s3://pan-ukb-us-east-1/sumstats_flat_files_tabix/continuous-48-both_sexes-irnt.tsv.bgz.tbi,AFR,TO_VALIDATE_IN_15B2,MATCHED_TRAIT_CATALOG,True,True,True,True,True,
cmp_0b4b37bf31508110,gt_9b281bcdad313ba0,SLC6A4,Pan-UKB,Pan-UKB::continuous|48|both_sexes||irnt,Waist circumference,continuous|48|both_sexes||irnt,GRCh37,waist_circumference,SENSITIVITY,Direct quantitative readout,Direct quantitative readout,False,False,B,B,0,1,1,1,Obesity,EUR,CSA,17,chr17,28521337,28563020,28521336,28421337,28663020,28421336,100000,-,ENSG00000108576.5,protein_coding,SLC6A4,exact_gene_name,GENCODE v19,MATCHED,single_multianalysis_bgzf,s3://pan-ukb-us-east-1/sumstats_flat_files/continuous-48-both_sexes-irnt.tsv.bgz,s3://pan-ukb-us-east-1/sumstats_flat_files_tabix/continuous-48-both_sexes-irnt.tsv.bgz.tbi,s3://pan-ukb-us-east-1/sumstats_flat_files/continuous-48-both_sexes-irnt.tsv.bgz,s3://pan-ukb-us-east-1/sumstats_flat_files_tabix/continuous-48-both_sexes-irnt.tsv.bgz.tbi,CSA,TO_VALIDATE_IN_15B2,MATCHED_TRAIT_CATALOG,True,True,True,True,True,
cmp_d50a3e0e907f5768,gt_9b281bcdad313ba0,SLC6A4,Pan-UKB,Pan-UKB::continuous|48|both_sexes||irnt,Waist circumference,continuous|48|both_sexes||irnt,GRCh37,waist_circumference,SENSITIVITY,Direct quantitative readout,Direct quantitative readout,False,False,B,B,0,1,1,1,Obesity,EUR,MID,17,chr17,28521337,28563020,28521336,28421337,28663020,28421336,100000,-,ENSG00000108576.5,protein_coding,SLC6A4,exact_gene_name,GENCODE v19,MATCHED,single_multianalysis_bgzf,s3://pan-ukb-us-east-1/sumstats_flat_files/continuous-48-both_sexes-irnt.tsv.bgz,s3://pan-ukb-us-east-1/sumstats_flat_files_tabix/continuous-48-both_sexes-irnt.tsv.bgz.tbi,s3://pan-ukb-us-east-1/sumstats_flat_files/continuous-48-both_sexes-irnt.tsv.bgz,s3://pan-ukb-us-east-1/sumstats_flat_files_tabix/continuous-48-both_sexes-irnt.tsv.bgz.tbi,MID,TO_VALIDATE_IN_15B2,MATCHED_TRAIT_CATALOG,True,True,True,True,True,
cmp_5408ee3bca0c3f79,gt_e79f28efd5fac653,SREBF1,Pan-UKB,Pan-UKB::continuous|48|both_sexes||irnt,Waist circumference,continuous|48|both_sexes||irnt,GRCh37,waist_circumference,SENSITIVITY,Direct quantitative readout,Direct quantitative readout,False,False,B,B,0,1,1,1,Obesity,EUR,AFR,17,chr17,17713713,17740325,17713712,17613713,17840325,17613712,100000,-,ENSG00000072310.12,protein_coding,SREBF1,exact_gene_name,GENCODE v19,MATCHED,single_multianalysis_bgzf,s3://pan-ukb-us-east-1/sumstats_flat_files/continuous-48-both_sexes-irnt.tsv.bgz,s3://pan-ukb-us-east-1/sumstats_flat_files_tabix/continuous-48-both_sexes-irnt.tsv.bgz.tbi,s3://pan-ukb-us-east-1/sumstats_flat_files/continuous-48-both_sexes-irnt.tsv.bgz,s3://pan-ukb-us-east-1/sumstats_flat_files_tabix/continuous-48-both_sexes-irnt.tsv.bgz.tbi,AFR,TO_VALIDATE_IN_15B2,MATCHED_TRAIT_CATALOG,True,True,True,True,True,
cmp_63361ddc32224d19,gt_e79f28efd5fac653,SREBF1,Pan-UKB,Pan-UKB::continuous|48|both_sexes||irnt,Waist circumference,continuous|48|both_sexes||irnt,GRCh37,waist_circumference,SENSITIVITY,Direct quantitative readout,Direct quantitative readout,False,False,B,B,0,1,1,1,Obesity,EUR,CSA,17,chr17,17713713,17740325,17713712,17613713,17840325,17613712,100000,-,ENSG00000072310.12,protein_coding,SREBF1,exact_gene_name,GENCODE v19,MATCHED,single_multianalysis_bgzf,s3://pan-ukb-us-east-1/sumstats_flat_files/continuous-48-both_sexes-irnt.tsv.bgz,s3://pan-ukb-us-east-1/sumstats_flat_files_tabix/continuous-48-both_sexes-irnt.tsv.bgz.tbi,s3://pan-ukb-us-east-1/sumstats_flat_files/continuous-48-both_sexes-irnt.tsv.bgz,s3://pan-ukb-us-east-1/sumstats_flat_files_tabix/continuous-48-both_sexes-irnt.tsv.bgz.tbi,CSA,TO_VALIDATE_IN_15B2,MATCHED_TRAIT_CATALOG,True,True,True,True,True,
cmp_0bcfe83c7dfbd5be,gt_e79f28efd5fac653,SREBF1,Pan-UKB,Pan-UKB::continuous|48|both_sexes||irnt,Waist circumference,continuous|48|both_sexes||irnt,GRCh37,waist_circumference,SENSITIVITY,Direct quantitative readout,Direct quantitative readout,False,False,B,B,0,1,1,1,Obesity,EUR,MID,17,chr17,17713713,17740325,17713712,17613713,17840325,17613712,100000,-,ENSG00000072310.12,protein_coding,SREBF1,exact_gene_name,GENCODE v19,MATCHED,single_multianalysis_bgzf,s3://pan-ukb-us-east-1/sumstats_flat_files/continuous-48-both_sexes-irnt.tsv.bgz,s3://pan-ukb-us-east-1/sumstats_flat_files_tabix/continuous-48-both_sexes-irnt.tsv.bgz.tbi,s3://pan-ukb-us-east-1/sumstats_flat_files/continuous-48-both_sexes-irnt.tsv.bgz,s3://pan-ukb-us-east-1/sumstats_flat_files_tabix/continuous-48-both_sexes-irnt.tsv.bgz.tbi,MID,TO_VALIDATE_IN_15B2,MATCHED_TRAIT_CATALOG,True,True,True,True,True,
cmp_5fd6252b26c9a5f6,gt_7e127226e05ee5bf,SREBF2,Pan-UKB,Pan-UKB::continuous|48|both_sexes||irnt,Waist circumference,continuous|48|both_sexes||irnt,GRCh37,waist_circumference,SENSITIVITY,Direct quantitative readout,Direct quantitative readout,False,False,B,B,0,1,1,1,Obesity,EUR,AFR,22,chr22,42229109,42303312,42229108,42129109,42403312,42129108,100000,+,ENSG00000198911.7,protein_coding,SREBF2,exact_gene_name,GENCODE v19,MATCHED,single_multianalysis_bgzf,s3://pan-ukb-us-east-1/sumstats_flat_files/continuous-48-both_sexes-irnt.tsv.bgz,s3://pan-ukb-us-east-1/sumstats_flat_files_tabix/continuous-48-both_sexes-irnt.tsv.bgz.tbi,s3://pan-ukb-us-east-1/sumstats_flat_files/continuous-48-both_sexes-irnt.tsv.bgz,s3://pan-ukb-us-east-1/sumstats_flat_files_tabix/continuous-48-both_sexes-irnt.tsv.bgz.tbi,AFR,TO_VALIDATE_IN_15B2,MATCHED_TRAIT_CATALOG,True,True,True,True,True,
cmp_c803af325c5f5d85,gt_7e127226e05ee5bf,SREBF2,Pan-UKB,Pan-UKB::continuous|48|both_sexes||irnt,Waist circumference,continuous|48|both_sexes||irnt,GRCh37,waist_circumference,SENSITIVITY,Direct quantitative readout,Direct quantitative readout,False,False,B,B,0,1,1,1,Obesity,EUR,CSA,22,chr22,42229109,42303312,42229108,42129109,42403312,42129108,100000,+,ENSG00000198911.7,protein_coding,SREBF2,exact_gene_name,GENCODE v19,MATCHED,single_multianalysis_bgzf,s3://pan-ukb-us-east-1/sumstats_flat_files/continuous-48-both_sexes-irnt.tsv.bgz,s3://pan-ukb-us-east-1/sumstats_flat_files_tabix/continuous-48-both_sexes-irnt.tsv.bgz.tbi,s3://pan-ukb-us-east-1/sumstats_flat_files/continuous-48-both_sexes-irnt.tsv.bgz,s3://pan-ukb-us-east-1/sumstats_flat_files_tabix/continuous-48-both_sexes-irnt.tsv.bgz.tbi,CSA,TO_VALIDATE_IN_15B2,MATCHED_TRAIT_CATALOG,True,True,True,True,True,
cmp_ba0db2d4441ec3ba,gt_7e127226e05ee5bf,SREBF2,Pan-UKB,Pan-UKB::continuous|48|both_sexes||irnt,Waist circumference,continuous|48|both_sexes||irnt,GRCh37,waist_circumference,SENSITIVITY,Direct quantitative readout,Direct quantitative readout,False,False,B,B,0,1,1,1,Obesity,EUR,MID,22,chr22,42229109,42303312,42229108,42129109,42403312,42129108,100000,+,ENSG00000198911.7,protein_coding,SREBF2,exact_gene_name,GENCODE v19,MATCHED,single_multianalysis_bgzf,s3://pan-ukb-us-east-1/sumstats_flat_files/continuous-48-both_sexes-irnt.tsv.bgz,s3://pan-ukb-us-east-1/sumstats_flat_files_tabix/continuous-48-both_sexes-irnt.tsv.bgz.tbi,s3://pan-ukb-us-east-1/sumstats_flat_files/continuous-48-both_sexes-irnt.tsv.bgz,s3://pan-ukb-us-east-1/sumstats_flat_files_tabix/continuous-48-both_sexes-irnt.tsv.bgz.tbi,MID,TO_VALIDATE_IN_15B2,MATCHED_TRAIT_CATALOG,True,True,True,True,True,
cmp_90ebb269ca08e668,gt_24b34ddef722adb5,ADORA1,GBMI,GBMI::Asthma,Asthma,Asthma,GRCh38,Asthma,PRIMARY,Direct disease,Direct disease,False,True,B,B,0,1,1,1,Asthma,EUR,AFR,1,chr1,203090654,203167405,203090653,202990654,203267405,202990653,100000,+,ENSG00000163485.17,protein_coding,ADORA1,exact_gene_name,GENCODE v38,MATCHED,separate_ancestry_bgzf,https://gbmi-sumstats.s3.amazonaws.com/Asthma_Bothsex_eur_inv_var_meta_GBMI_052021_nbbkgt1.txt.gz,https://gbmi-sumstats.s3.amazonaws.com/Asthma_Bothsex_eur_inv_var_meta_GBMI_052021_nbbkgt1.txt.gz.tbi,https://gbmi-sumstats.s3.amazonaws.com/Asthma_Bothsex_afr_inv_var_meta_GBMI_052021_nbbkgt1.txt.gz,https://gbmi-sumstats.s3.amazonaws.com/Asthma_Bothsex_afr_inv_var_meta_GBMI_052021_nbbkgt1.txt.gz.tbi,AFR,PASS,MATCHED_EUR_AND_NON_EUR_FILES,True,True,True,True,True,
cmp_3ba52eabf3056c1c,gt_24b34ddef722adb5,ADORA1,GBMI,GBMI::Asthma,Asthma,Asthma,GRCh38,Asthma,PRIMARY,Direct disease,Direct disease,False,True,B,B,0,1,1,1,Asthma,EUR,AMR,1,chr1,203090654,203167405,203090653,202990654,203267405,202990653,100000,+,ENSG00000163485.17,protein_coding,ADORA1,exact_gene_name,GENCODE v38,MATCHED,separate_ancestry_bgzf,https://gbmi-sumstats.s3.amazonaws.com/Asthma_Bothsex_eur_inv_var_meta_GBMI_052021_nbbkgt1.txt.gz,https://gbmi-sumstats.s3.amazonaws.com/Asthma_Bothsex_eur_inv_var_meta_GBMI_052021_nbbkgt1.txt.gz.tbi,https://gbmi-sumstats.s3.amazonaws.com/Asthma_Bothsex_amr_inv_var_meta_GBMI_052021_nbbkgt1.txt.gz,https://gbmi-sumstats.s3.amazonaws.com/Asthma_Bothsex_amr_inv_var_meta_GBMI_052021_nbbkgt1.txt.gz.tbi,AMR,PASS,MATCHED_EUR_AND_NON_EUR_FILES,True,True,True,True,True,
cmp_26e44c681a21da82,gt_24b34ddef722adb5,ADORA1,GBMI,GBMI::Asthma,Asthma,Asthma,GRCh38,Asthma,PRIMARY,Direct disease,Direct disease,False,True,B,B,0,1,1,1,Asthma,EUR,CSA,1,chr1,203090654,203167405,203090653,202990654,203267405,202990653,100000,+,ENSG00000163485.17,protein_coding,ADORA1,exact_gene_name,GENCODE v38,MATCHED,separate_ancestry_bgzf,https://gbmi-sumstats.s3.amazonaws.com/Asthma_Bothsex_eur_inv_var_meta_GBMI_052021_nbbkgt1.txt.gz,https://gbmi-sumstats.s3.amazonaws.com/Asthma_Bothsex_eur_inv_var_meta_GBMI_052021_nbbkgt1.txt.gz.tbi,https://gbmi-sumstats.s3.amazonaws.com/Asthma_Bothsex_sas_inv_var_meta_GBMI_052021_nbbkgt1.txt.gz,https://gbmi-sumstats.s3.amazonaws.com/Asthma_Bothsex_sas_inv_var_meta_GBMI_052021_nbbkgt1.txt.gz.tbi,SAS,PASS,MATCHED_EUR_AND_NON_EUR_FILES,True,True,True,True,True,
cmp_882aa5528898efd7,gt_24b34ddef722adb5,ADORA1,GBMI,GBMI::Asthma,Asthma,Asthma,GRCh38,Asthma,PRIMARY,Direct disease,Direct disease,False,True,B,B,0,1,1,1,Asthma,EUR,EAS,1,chr1,203090654,203167405,203090653,202990654,203267405,202990653,100000,+,ENSG00000163485.17,protein_coding,ADORA1,exact_gene_name,GENCODE v38,MATCHED,separate_ancestry_bgzf,https://gbmi-sumstats.s3.amazonaws.com/Asthma_Bothsex_eur_inv_var_meta_GBMI_052021_nbbkgt1.txt.gz,https://gbmi-sumstats.s3.amazonaws.com/Asthma_Bothsex_eur_inv_var_meta_GBMI_052021_nbbkgt1.txt.gz.tbi,https://gbmi-sumstats.s3.amazonaws.com/Asthma_Bothsex_eas_inv_var_meta_GBMI_052021_nbbkgt1.txt.gz,https://gbmi-sumstats.s3.amazonaws.com/Asthma_Bothsex_eas_inv_var_meta_GBMI_052021_nbbkgt1.txt.gz.tbi,EAS,PASS,MATCHED_EUR_AND_NON_EUR_FILES,True,True,True,True,True,
cmp_1879bacc3f143d63,gt_d1a63f782d9591b6,ADORA2B,GBMI,GBMI::Asthma,Asthma,Asthma,GRCh38,Asthma,PRIMARY,Direct disease,Direct disease,False,True,B,B,0,1,1,1,Asthma,EUR,AFR,17,chr17,15945130,15975746,15945129,15845130,16075746,15845129,100000,+,ENSG00000170425.4,protein_coding,ADORA2B,exact_gene_name,GENCODE v38,MATCHED,separate_ancestry_bgzf,https://gbmi-sumstats.s3.amazonaws.com/Asthma_Bothsex_eur_inv_var_meta_GBMI_052021_nbbkgt1.txt.gz,https://gbmi-sumstats.s3.amazonaws.com/Asthma_Bothsex_eur_inv_var_meta_GBMI_052021_nbbkgt1.txt.gz.tbi,https://gbmi-sumstats.s3.amazonaws.com/Asthma_Bothsex_afr_inv_var_meta_GBMI_052021_nbbkgt1.txt.gz,https://gbmi-sumstats.s3.amazonaws.com/Asthma_Bothsex_afr_inv_var_meta_GBMI_052021_nbbkgt1.txt.gz.tbi,AFR,PASS,MATCHED_EUR_AND_NON_EUR_FILES,True,True,True,True,True,
cmp_3fbdc821bc212f87,gt_d1a63f782d9591b6,ADORA2B,GBMI,GBMI::Asthma,Asthma,Asthma,GRCh38,Asthma,PRIMARY,Direct disease,Direct disease,False,True,B,B,0,1,1,1,Asthma,EUR,AMR,17,chr17,15945130,15975746,15945129,15845130,16075746,15845129,100000,+,ENSG00000170425.4,protein_coding,ADORA2B,exact_gene_name,GENCODE v38,MATCHED,separate_ancestry_bgzf,https://gbmi-sumstats.s3.amazonaws.com/Asthma_Bothsex_eur_inv_var_meta_GBMI_052021_nbbkgt1.txt.gz,https://gbmi-sumstats.s3.amazonaws.com/Asthma_Bothsex_eur_inv_var_meta_GBMI_052021_nbbkgt1.txt.gz.tbi,https://gbmi-sumstats.s3.amazonaws.com/Asthma_Bothsex_amr_inv_var_meta_GBMI_052021_nbbkgt1.txt.gz,https://gbmi-sumstats.s3.amazonaws.com/Asthma_Bothsex_amr_inv_var_meta_GBMI_052021_nbbkgt1.txt.gz.tbi,AMR,PASS,MATCHED_EUR_AND_NON_EUR_FILES,True,True,True,True,True,
cmp_a918f142c50e9c1b,gt_d1a63f782d9591b6,ADORA2B,GBMI,GBMI::Asthma,Asthma,Asthma,GRCh38,Asthma,PRIMARY,Direct disease,Direct disease,False,True,B,B,0,1,1,1,Asthma,EUR,CSA,17,chr17,15945130,15975746,15945129,15845130,16075746,15845129,100000,+,ENSG00000170425.4,protein_coding,ADORA2B,exact_gene_name,GENCODE v38,MATCHED,separate_ancestry_bgzf,https://gbmi-sumstats.s3.amazonaws.com/Asthma_Bothsex_eur_inv_var_meta_GBMI_052021_nbbkgt1.txt.gz,https://gbmi-sumstats.s3.amazonaws.com/Asthma_Bothsex_eur_inv_var_meta_GBMI_052021_nbbkgt1.txt.gz.tbi,https://gbmi-sumstats.s3.amazonaws.com/Asthma_Bothsex_sas_inv_var_meta_GBMI_052021_nbbkgt1.txt.gz,https://gbmi-sumstats.s3.amazonaws.com/Asthma_Bothsex_sas_inv_var_meta_GBMI_052021_nbbkgt1.txt.gz.tbi,SAS,PASS,MATCHED_EUR_AND_NON_EUR_FILES,True,True,True,True,True,
cmp_d4512f391230ce00,gt_d1a63f782d9591b6,ADORA2B,GBMI,GBMI::Asthma,Asthma,Asthma,GRCh38,Asthma,PRIMARY,Direct disease,Direct disease,False,True,B,B,0,1,1,1,Asthma,EUR,EAS,17,chr17,15945130,15975746,15945129,15845130,16075746,15845129,100000,+,ENSG00000170425.4,protein_coding,ADORA2B,exact_gene_name,GENCODE v38,MATCHED,separate_ancestry_bgzf,https://gbmi-sumstats.s3.amazonaws.com/Asthma_Bothsex_eur_inv_var_meta_GBMI_052021_nbbkgt1.txt.gz,https://gbmi-sumstats.s3.amazonaws.com/Asthma_Bothsex_eur_inv_var_meta_GBMI_052021_nbbkgt1.txt.gz.tbi,https://gbmi-sumstats.s3.amazonaws.com/Asthma_Bothsex_eas_inv_var_meta_GBMI_052021_nbbkgt1.txt.gz,https://gbmi-sumstats.s3.amazonaws.com/Asthma_Bothsex_eas_inv_var_meta_GBMI_052021_nbbkgt1.txt.gz.tbi,EAS,PASS,MATCHED_EUR_AND_NON_EUR_FILES,True,True,True,True,True,
cmp_46490d7af44846b5,gt_d9617b3ca0a01afd,ADRB2,GBMI,GBMI::Asthma,Asthma,Asthma,GRCh38,Asthma,PRIMARY,Direct disease,Direct disease,False,True,A,A,1,0,1,1,Asthma,EUR,AFR,5,chr5,148826611,148828623,148826610,148726611,148928623,148726610,100000,+,ENSG00000169252.6,protein_coding,ADRB2,exact_gene_name,GENCODE v38,MATCHED,separate_ancestry_bgzf,https://gbmi-sumstats.s3.amazonaws.com/Asthma_Bothsex_eur_inv_var_meta_GBMI_052021_nbbkgt1.txt.gz,https://gbmi-sumstats.s3.amazonaws.com/Asthma_Bothsex_eur_inv_var_meta_GBMI_052021_nbbkgt1.txt.gz.tbi,https://gbmi-sumstats.s3.amazonaws.com/Asthma_Bothsex_afr_inv_var_meta_GBMI_052021_nbbkgt1.txt.gz,https://gbmi-sumstats.s3.amazonaws.com/Asthma_Bothsex_afr_inv_var_meta_GBMI_052021_nbbkgt1.txt.gz.tbi,AFR,PASS,MATCHED_EUR_AND_NON_EUR_FILES,True,True,True,True,True,
cmp_2bdca6ae65b579b6,gt_d9617b3ca0a01afd,ADRB2,GBMI,GBMI::Asthma,Asthma,Asthma,GRCh38,Asthma,PRIMARY,Direct disease,Direct disease,False,True,A,A,1,0,1,1,Asthma,EUR,AMR,5,chr5,148826611,148828623,148826610,148726611,148928623,148726610,100000,+,ENSG00000169252.6,protein_coding,ADRB2,exact_gene_name,GENCODE v38,MATCHED,separate_ancestry_bgzf,https://gbmi-sumstats.s3.amazonaws.com/Asthma_Bothsex_eur_inv_var_meta_GBMI_052021_nbbkgt1.txt.gz,https://gbmi-sumstats.s3.amazonaws.com/Asthma_Bothsex_eur_inv_var_meta_GBMI_052021_nbbkgt1.txt.gz.tbi,https://gbmi-sumstats.s3.amazonaws.com/Asthma_Bothsex_amr_inv_var_meta_GBMI_052021_nbbkgt1.txt.gz,https://gbmi-sumstats.s3.amazonaws.com/Asthma_Bothsex_amr_inv_var_meta_GBMI_052021_nbbkgt1.txt.gz.tbi,AMR,PASS,MATCHED_EUR_AND_NON_EUR_FILES,True,True,True,True,True,
cmp_20b65a81adbdd8d8,gt_d9617b3ca0a01afd,ADRB2,GBMI,GBMI::Asthma,Asthma,Asthma,GRCh38,Asthma,PRIMARY,Direct disease,Direct disease,False,True,A,A,1,0,1,1,Asthma,EUR,CSA,5,chr5,148826611,148828623,148826610,148726611,148928623,148726610,100000,+,ENSG00000169252.6,protein_coding,ADRB2,exact_gene_name,GENCODE v38,MATCHED,separate_ancestry_bgzf,https://gbmi-sumstats.s3.amazonaws.com/Asthma_Bothsex_eur_inv_var_meta_GBMI_052021_nbbkgt1.txt.gz,https://gbmi-sumstats.s3.amazonaws.com/Asthma_Bothsex_eur_inv_var_meta_GBMI_052021_nbbkgt1.txt.gz.tbi,https://gbmi-sumstats.s3.amazonaws.com/Asthma_Bothsex_sas_inv_var_meta_GBMI_052021_nbbkgt1.txt.gz,https://gbmi-sumstats.s3.amazonaws.com/Asthma_Bothsex_sas_inv_var_meta_GBMI_052021_nbbkgt1.txt.gz.tbi,SAS,PASS,MATCHED_EUR_AND_NON_EUR_FILES,True,True,True,True,True,
cmp_d46a8755ecd8923f,gt_d9617b3ca0a01afd,ADRB2,GBMI,GBMI::Asthma,Asthma,Asthma,GRCh38,Asthma,PRIMARY,Direct disease,Direct disease,False,True,A,A,1,0,1,1,Asthma,EUR,EAS,5,chr5,148826611,148828623,148826610,148726611,148928623,148726610,100000,+,ENSG00000169252.6,protein_coding,ADRB2,exact_gene_name,GENCODE v38,MATCHED,separate_ancestry_bgzf,https://gbmi-sumstats.s3.amazonaws.com/Asthma_Bothsex_eur_inv_var_meta_GBMI_052021_nbbkgt1.txt.gz,https://gbmi-sumstats.s3.amazonaws.com/Asthma_Bothsex_eur_inv_var_meta_GBMI_052021_nbbkgt1.txt.gz.tbi,https://gbmi-sumstats.s3.amazonaws.com/Asthma_Bothsex_eas_inv_var_meta_GBMI_052021_nbbkgt1.txt.gz,https://gbmi-sumstats.s3.amazonaws.com/Asthma_Bothsex_eas_inv_var_meta_GBMI_052021_nbbkgt1.txt.gz.tbi,EAS,PASS,MATCHED_EUR_AND_NON_EUR_FILES,True,True,True,True,True,
cmp_28207de7faebaec4,gt_17737ee47ab15a2c,CHRM3,GBMI,GBMI::Asthma,Asthma,Asthma,GRCh38,Asthma,PRIMARY,Direct disease,Direct disease,False,True,B,B,0,1,1,1,Asthma,EUR,AFR,1,chr1,239386565,239915452,239386564,239286565,240015452,239286564,100000,+,ENSG00000133019.12,protein_coding,CHRM3,exact_gene_name,GENCODE v38,MATCHED,separate_ancestry_bgzf,https://gbmi-sumstats.s3.amazonaws.com/Asthma_Bothsex_eur_inv_var_meta_GBMI_052021_nbbkgt1.txt.gz,https://gbmi-sumstats.s3.amazonaws.com/Asthma_Bothsex_eur_inv_var_meta_GBMI_052021_nbbkgt1.txt.gz.tbi,https://gbmi-sumstats.s3.amazonaws.com/Asthma_Bothsex_afr_inv_var_meta_GBMI_052021_nbbkgt1.txt.gz,https://gbmi-sumstats.s3.amazonaws.com/Asthma_Bothsex_afr_inv_var_meta_GBMI_052021_nbbkgt1.txt.gz.tbi,AFR,PASS,MATCHED_EUR_AND_NON_EUR_FILES,True,True,True,True,True,
cmp_35c7f33119fc69aa,gt_17737ee47ab15a2c,CHRM3,GBMI,GBMI::Asthma,Asthma,Asthma,GRCh38,Asthma,PRIMARY,Direct disease,Direct disease,False,True,B,B,0,1,1,1,Asthma,EUR,AMR,1,chr1,239386565,239915452,239386564,239286565,240015452,239286564,100000,+,ENSG00000133019.12,protein_coding,CHRM3,exact_gene_name,GENCODE v38,MATCHED,separate_ancestry_bgzf,https://gbmi-sumstats.s3.amazonaws.com/Asthma_Bothsex_eur_inv_var_meta_GBMI_052021_nbbkgt1.txt.gz,https://gbmi-sumstats.s3.amazonaws.com/Asthma_Bothsex_eur_inv_var_meta_GBMI_052021_nbbkgt1.txt.gz.tbi,https://gbmi-sumstats.s3.amazonaws.com/Asthma_Bothsex_amr_inv_var_meta_GBMI_052021_nbbkgt1.txt.gz,https://gbmi-sumstats.s3.amazonaws.com/Asthma_Bothsex_amr_inv_var_meta_GBMI_052021_nbbkgt1.txt.gz.tbi,AMR,PASS,MATCHED_EUR_AND_NON_EUR_FILES,True,True,True,True,True,
cmp_7cd40f2755ea14ce,gt_17737ee47ab15a2c,CHRM3,GBMI,GBMI::Asthma,Asthma,Asthma,GRCh38,Asthma,PRIMARY,Direct disease,Direct disease,False,True,B,B,0,1,1,1,Asthma,EUR,CSA,1,chr1,239386565,239915452,239386564,239286565,240015452,239286564,100000,+,ENSG00000133019.12,protein_coding,CHRM3,exact_gene_name,GENCODE v38,MATCHED,separate_ancestry_bgzf,https://gbmi-sumstats.s3.amazonaws.com/Asthma_Bothsex_eur_inv_var_meta_GBMI_052021_nbbkgt1.txt.gz,https://gbmi-sumstats.s3.amazonaws.com/Asthma_Bothsex_eur_inv_var_meta_GBMI_052021_nbbkgt1.txt.gz.tbi,https://gbmi-sumstats.s3.amazonaws.com/Asthma_Bothsex_sas_inv_var_meta_GBMI_052021_nbbkgt1.txt.gz,https://gbmi-sumstats.s3.amazonaws.com/Asthma_Bothsex_sas_inv_var_meta_GBMI_052021_nbbkgt1.txt.gz.tbi,SAS,PASS,MATCHED_EUR_AND_NON_EUR_FILES,True,True,True,True,True,
cmp_a91e9e2dbbab8464,gt_17737ee47ab15a2c,CHRM3,GBMI,GBMI::Asthma,Asthma,Asthma,GRCh38,Asthma,PRIMARY,Direct disease,Direct disease,False,True,B,B,0,1,1,1,Asthma,EUR,EAS,1,chr1,239386565,239915452,239386564,239286565,240015452,239286564,100000,+,ENSG00000133019.12,protein_coding,CHRM3,exact_gene_name,GENCODE v38,MATCHED,separate_ancestry_bgzf,https://gbmi-sumstats.s3.amazonaws.com/Asthma_Bothsex_eur_inv_var_meta_GBMI_052021_nbbkgt1.txt.gz,https://gbmi-sumstats.s3.amazonaws.com/Asthma_Bothsex_eur_inv_var_meta_GBMI_052021_nbbkgt1.txt.gz.tbi,https://gbmi-sumstats.s3.amazonaws.com/Asthma_Bothsex_eas_inv_var_meta_GBMI_052021_nbbkgt1.txt.gz,https://gbmi-sumstats.s3.amazonaws.com/Asthma_Bothsex_eas_inv_var_meta_GBMI_052021_nbbkgt1.txt.gz.tbi,EAS,PASS,MATCHED_EUR_AND_NON_EUR_FILES,True,True,True,True,True,
cmp_b4fc8783bf50b0f8,gt_8ec8b2adc38392c6,CSF2,GBMI,GBMI::Asthma,Asthma,Asthma,GRCh38,Asthma,PRIMARY,Direct disease,Direct disease,False,True,B,B,0,1,1,1,Asthma,EUR,AFR,5,chr5,132073789,132076170,132073788,131973789,132176170,131973788,100000,+,ENSG00000164400.6,protein_coding,CSF2,exact_gene_name,GENCODE v38,MATCHED,separate_ancestry_bgzf,https://gbmi-sumstats.s3.amazonaws.com/Asthma_Bothsex_eur_inv_var_meta_GBMI_052021_nbbkgt1.txt.gz,https://gbmi-sumstats.s3.amazonaws.com/Asthma_Bothsex_eur_inv_var_meta_GBMI_052021_nbbkgt1.txt.gz.tbi,https://gbmi-sumstats.s3.amazonaws.com/Asthma_Bothsex_afr_inv_var_meta_GBMI_052021_nbbkgt1.txt.gz,https://gbmi-sumstats.s3.amazonaws.com/Asthma_Bothsex_afr_inv_var_meta_GBMI_052021_nbbkgt1.txt.gz.tbi,AFR,PASS,MATCHED_EUR_AND_NON_EUR_FILES,True,True,True,True,True,
cmp_900aed83a970be9e,gt_8ec8b2adc38392c6,CSF2,GBMI,GBMI::Asthma,Asthma,Asthma,GRCh38,Asthma,PRIMARY,Direct disease,Direct disease,False,True,B,B,0,1,1,1,Asthma,EUR,AMR,5,chr5,132073789,132076170,132073788,131973789,132176170,131973788,100000,+,ENSG00000164400.6,protein_coding,CSF2,exact_gene_name,GENCODE v38,MATCHED,separate_ancestry_bgzf,https://gbmi-sumstats.s3.amazonaws.com/Asthma_Bothsex_eur_inv_var_meta_GBMI_052021_nbbkgt1.txt.gz,https://gbmi-sumstats.s3.amazonaws.com/Asthma_Bothsex_eur_inv_var_meta_GBMI_052021_nbbkgt1.txt.gz.tbi,https://gbmi-sumstats.s3.amazonaws.com/Asthma_Bothsex_amr_inv_var_meta_GBMI_052021_nbbkgt1.txt.gz,https://gbmi-sumstats.s3.amazonaws.com/Asthma_Bothsex_amr_inv_var_meta_GBMI_052021_nbbkgt1.txt.gz.tbi,AMR,PASS,MATCHED_EUR_AND_NON_EUR_FILES,True,True,True,True,True,
cmp_872016488aceb283,gt_8ec8b2adc38392c6,CSF2,GBMI,GBMI::Asthma,Asthma,Asthma,GRCh38,Asthma,PRIMARY,Direct disease,Direct disease,False,True,B,B,0,1,1,1,Asthma,EUR,CSA,5,chr5,132073789,132076170,132073788,131973789,132176170,131973788,100000,+,ENSG00000164400.6,protein_coding,CSF2,exact_gene_name,GENCODE v38,MATCHED,separate_ancestry_bgzf,https://gbmi-sumstats.s3.amazonaws.com/Asthma_Bothsex_eur_inv_var_meta_GBMI_052021_nbbkgt1.txt.gz,https://gbmi-sumstats.s3.amazonaws.com/Asthma_Bothsex_eur_inv_var_meta_GBMI_052021_nbbkgt1.txt.gz.tbi,https://gbmi-sumstats.s3.amazonaws.com/Asthma_Bothsex_sas_inv_var_meta_GBMI_052021_nbbkgt1.txt.gz,https://gbmi-sumstats.s3.amazonaws.com/Asthma_Bothsex_sas_inv_var_meta_GBMI_052021_nbbkgt1.txt.gz.tbi,SAS,PASS,MATCHED_EUR_AND_NON_EUR_FILES,True,True,True,True,True,
cmp_d8dd6ef7088ffba2,gt_8ec8b2adc38392c6,CSF2,GBMI,GBMI::Asthma,Asthma,Asthma,GRCh38,Asthma,PRIMARY,Direct disease,Direct disease,False,True,B,B,0,1,1,1,Asthma,EUR,EAS,5,chr5,132073789,132076170,132073788,131973789,132176170,131973788,100000,+,ENSG00000164400.6,protein_coding,CSF2,exact_gene_name,GENCODE v38,MATCHED,separate_ancestry_bgzf,https://gbmi-sumstats.s3.amazonaws.com/Asthma_Bothsex_eur_inv_var_meta_GBMI_052021_nbbkgt1.txt.gz,https://gbmi-sumstats.s3.amazonaws.com/Asthma_Bothsex_eur_inv_var_meta_GBMI_052021_nbbkgt1.txt.gz.tbi,https://gbmi-sumstats.s3.amazonaws.com/Asthma_Bothsex_eas_inv_var_meta_GBMI_052021_nbbkgt1.txt.gz,https://gbmi-sumstats.s3.amazonaws.com/Asthma_Bothsex_eas_inv_var_meta_GBMI_052021_nbbkgt1.txt.gz.tbi,EAS,PASS,MATCHED_EUR_AND_NON_EUR_FILES,True,True,True,True,True,
cmp_e3d18da8c31d7ea7,gt_5a1238ab72b04b53,FGFR3,GBMI,GBMI::Asthma,Asthma,Asthma,GRCh38,Asthma,PRIMARY,Direct disease,Direct disease,False,True,B,B,0,1,1,1,Asthma,EUR,AFR,4,chr4,1793293,1808872,1793292,1693293,1908872,1693292,100000,+,ENSG00000068078.20,protein_coding,FGFR3,exact_gene_name,GENCODE v38,MATCHED,separate_ancestry_bgzf,https://gbmi-sumstats.s3.amazonaws.com/Asthma_Bothsex_eur_inv_var_meta_GBMI_052021_nbbkgt1.txt.gz,https://gbmi-sumstats.s3.amazonaws.com/Asthma_Bothsex_eur_inv_var_meta_GBMI_052021_nbbkgt1.txt.gz.tbi,https://gbmi-sumstats.s3.amazonaws.com/Asthma_Bothsex_afr_inv_var_meta_GBMI_052021_nbbkgt1.txt.gz,https://gbmi-sumstats.s3.amazonaws.com/Asthma_Bothsex_afr_inv_var_meta_GBMI_052021_nbbkgt1.txt.gz.tbi,AFR,PASS,MATCHED_EUR_AND_NON_EUR_FILES,True,True,True,True,True,
cmp_bbd4208cbc3bd7e5,gt_5a1238ab72b04b53,FGFR3,GBMI,GBMI::Asthma,Asthma,Asthma,GRCh38,Asthma,PRIMARY,Direct disease,Direct disease,False,True,B,B,0,1,1,1,Asthma,EUR,AMR,4,chr4,1793293,1808872,1793292,1693293,1908872,1693292,100000,+,ENSG00000068078.20,protein_coding,FGFR3,exact_gene_name,GENCODE v38,MATCHED,separate_ancestry_bgzf,https://gbmi-sumstats.s3.amazonaws.com/Asthma_Bothsex_eur_inv_var_meta_GBMI_052021_nbbkgt1.txt.gz,https://gbmi-sumstats.s3.amazonaws.com/Asthma_Bothsex_eur_inv_var_meta_GBMI_052021_nbbkgt1.txt.gz.tbi,https://gbmi-sumstats.s3.amazonaws.com/Asthma_Bothsex_amr_inv_var_meta_GBMI_052021_nbbkgt1.txt.gz,https://gbmi-sumstats.s3.amazonaws.com/Asthma_Bothsex_amr_inv_var_meta_GBMI_052021_nbbkgt1.txt.gz.tbi,AMR,PASS,MATCHED_EUR_AND_NON_EUR_FILES,True,True,True,True,True,
cmp_e04d0f6a0ffc8967,gt_5a1238ab72b04b53,FGFR3,GBMI,GBMI::Asthma,Asthma,Asthma,GRCh38,Asthma,PRIMARY,Direct disease,Direct disease,False,True,B,B,0,1,1,1,Asthma,EUR,CSA,4,chr4,1793293,1808872,1793292,1693293,1908872,1693292,100000,+,ENSG00000068078.20,protein_coding,FGFR3,exact_gene_name,GENCODE v38,MATCHED,separate_ancestry_bgzf,https://gbmi-sumstats.s3.amazonaws.com/Asthma_Bothsex_eur_inv_var_meta_GBMI_052021_nbbkgt1.txt.gz,https://gbmi-sumstats.s3.amazonaws.com/Asthma_Bothsex_eur_inv_var_meta_GBMI_052021_nbbkgt1.txt.gz.tbi,https://gbmi-sumstats.s3.amazonaws.com/Asthma_Bothsex_sas_inv_var_meta_GBMI_052021_nbbkgt1.txt.gz,https://gbmi-sumstats.s3.amazonaws.com/Asthma_Bothsex_sas_inv_var_meta_GBMI_052021_nbbkgt1.txt.gz.tbi,SAS,PASS,MATCHED_EUR_AND_NON_EUR_FILES,True,True,True,True,True,
cmp_06689f7e8a7c15e0,gt_5a1238ab72b04b53,FGFR3,GBMI,GBMI::Asthma,Asthma,Asthma,GRCh38,Asthma,PRIMARY,Direct disease,Direct disease,False,True,B,B,0,1,1,1,Asthma,EUR,EAS,4,chr4,1793293,1808872,1793292,1693293,1908872,1693292,100000,+,ENSG00000068078.20,protein_coding,FGFR3,exact_gene_name,GENCODE v38,MATCHED,separate_ancestry_bgzf,https://gbmi-sumstats.s3.amazonaws.com/Asthma_Bothsex_eur_inv_var_meta_GBMI_052021_nbbkgt1.txt.gz,https://gbmi-sumstats.s3.amazonaws.com/Asthma_Bothsex_eur_inv_var_meta_GBMI_052021_nbbkgt1.txt.gz.tbi,https://gbmi-sumstats.s3.amazonaws.com/Asthma_Bothsex_eas_inv_var_meta_GBMI_052021_nbbkgt1.txt.gz,https://gbmi-sumstats.s3.amazonaws.com/Asthma_Bothsex_eas_inv_var_meta_GBMI_052021_nbbkgt1.txt.gz.tbi,EAS,PASS,MATCHED_EUR_AND_NON_EUR_FILES,True,True,True,True,True,
cmp_dc17746c43ba008b,gt_519bb947b499daff,GATA3,GBMI,GBMI::Asthma,Asthma,Asthma,GRCh38,Asthma,PRIMARY,Direct disease,Direct disease,False,True,B,B,0,1,1,1,Asthma,EUR,AFR,10,chr10,8045378,8075198,8045377,7945378,8175198,7945377,100000,+,ENSG00000107485.18,protein_coding,GATA3,exact_gene_name,GENCODE v38,MATCHED,separate_ancestry_bgzf,https://gbmi-sumstats.s3.amazonaws.com/Asthma_Bothsex_eur_inv_var_meta_GBMI_052021_nbbkgt1.txt.gz,https://gbmi-sumstats.s3.amazonaws.com/Asthma_Bothsex_eur_inv_var_meta_GBMI_052021_nbbkgt1.txt.gz.tbi,https://gbmi-sumstats.s3.amazonaws.com/Asthma_Bothsex_afr_inv_var_meta_GBMI_052021_nbbkgt1.txt.gz,https://gbmi-sumstats.s3.amazonaws.com/Asthma_Bothsex_afr_inv_var_meta_GBMI_052021_nbbkgt1.txt.gz.tbi,AFR,PASS,MATCHED_EUR_AND_NON_EUR_FILES,True,True,True,True,True,
cmp_9d824417fe65d822,gt_519bb947b499daff,GATA3,GBMI,GBMI::Asthma,Asthma,Asthma,GRCh38,Asthma,PRIMARY,Direct disease,Direct disease,False,True,B,B,0,1,1,1,Asthma,EUR,AMR,10,chr10,8045378,8075198,8045377,7945378,8175198,7945377,100000,+,ENSG00000107485.18,protein_coding,GATA3,exact_gene_name,GENCODE v38,MATCHED,separate_ancestry_bgzf,https://gbmi-sumstats.s3.amazonaws.com/Asthma_Bothsex_eur_inv_var_meta_GBMI_052021_nbbkgt1.txt.gz,https://gbmi-sumstats.s3.amazonaws.com/Asthma_Bothsex_eur_inv_var_meta_GBMI_052021_nbbkgt1.txt.gz.tbi,https://gbmi-sumstats.s3.amazonaws.com/Asthma_Bothsex_amr_inv_var_meta_GBMI_052021_nbbkgt1.txt.gz,https://gbmi-sumstats.s3.amazonaws.com/Asthma_Bothsex_amr_inv_var_meta_GBMI_052021_nbbkgt1.txt.gz.tbi,AMR,PASS,MATCHED_EUR_AND_NON_EUR_FILES,True,True,True,True,True,
cmp_6fac66445dcff4c0,gt_519bb947b499daff,GATA3,GBMI,GBMI::Asthma,Asthma,Asthma,GRCh38,Asthma,PRIMARY,Direct disease,Direct disease,False,True,B,B,0,1,1,1,Asthma,EUR,CSA,10,chr10,8045378,8075198,8045377,7945378,8175198,7945377,100000,+,ENSG00000107485.18,protein_coding,GATA3,exact_gene_name,GENCODE v38,MATCHED,separate_ancestry_bgzf,https://gbmi-sumstats.s3.amazonaws.com/Asthma_Bothsex_eur_inv_var_meta_GBMI_052021_nbbkgt1.txt.gz,https://gbmi-sumstats.s3.amazonaws.com/Asthma_Bothsex_eur_inv_var_meta_GBMI_052021_nbbkgt1.txt.gz.tbi,https://gbmi-sumstats.s3.amazonaws.com/Asthma_Bothsex_sas_inv_var_meta_GBMI_052021_nbbkgt1.txt.gz,https://gbmi-sumstats.s3.amazonaws.com/Asthma_Bothsex_sas_inv_var_meta_GBMI_052021_nbbkgt1.txt.gz.tbi,SAS,PASS,MATCHED_EUR_AND_NON_EUR_FILES,True,True,True,True,True,
cmp_ba664b37fee5bc19,gt_519bb947b499daff,GATA3,GBMI,GBMI::Asthma,Asthma,Asthma,GRCh38,Asthma,PRIMARY,Direct disease,Direct disease,False,True,B,B,0,1,1,1,Asthma,EUR,EAS,10,chr10,8045378,8075198,8045377,7945378,8175198,7945377,100000,+,ENSG00000107485.18,protein_coding,GATA3,exact_gene_name,GENCODE v38,MATCHED,separate_ancestry_bgzf,https://gbmi-sumstats.s3.amazonaws.com/Asthma_Bothsex_eur_inv_var_meta_GBMI_052021_nbbkgt1.txt.gz,https://gbmi-sumstats.s3.amazonaws.com/Asthma_Bothsex_eur_inv_var_meta_GBMI_052021_nbbkgt1.txt.gz.tbi,https://gbmi-sumstats.s3.amazonaws.com/Asthma_Bothsex_eas_inv_var_meta_GBMI_052021_nbbkgt1.txt.gz,https://gbmi-sumstats.s3.amazonaws.com/Asthma_Bothsex_eas_inv_var_meta_GBMI_052021_nbbkgt1.txt.gz.tbi,EAS,PASS,MATCHED_EUR_AND_NON_EUR_FILES,True,True,True,True,True,
cmp_56f69ebeb8ee406e,gt_9e0993252b567190,HRH4,GBMI,GBMI::Asthma,Asthma,Asthma,GRCh38,Asthma,PRIMARY,Direct disease,Direct disease,False,True,B,B,0,1,1,1,Asthma,EUR,AFR,18,chr18,24460637,24479961,24460636,24360637,24579961,24360636,100000,+,ENSG00000134489.7,protein_coding,HRH4,exact_gene_name,GENCODE v38,MATCHED,separate_ancestry_bgzf,https://gbmi-sumstats.s3.amazonaws.com/Asthma_Bothsex_eur_inv_var_meta_GBMI_052021_nbbkgt1.txt.gz,https://gbmi-sumstats.s3.amazonaws.com/Asthma_Bothsex_eur_inv_var_meta_GBMI_052021_nbbkgt1.txt.gz.tbi,https://gbmi-sumstats.s3.amazonaws.com/Asthma_Bothsex_afr_inv_var_meta_GBMI_052021_nbbkgt1.txt.gz,https://gbmi-sumstats.s3.amazonaws.com/Asthma_Bothsex_afr_inv_var_meta_GBMI_052021_nbbkgt1.txt.gz.tbi,AFR,PASS,MATCHED_EUR_AND_NON_EUR_FILES,True,True,True,True,True,
cmp_7e98133a48915a98,gt_9e0993252b567190,HRH4,GBMI,GBMI::Asthma,Asthma,Asthma,GRCh38,Asthma,PRIMARY,Direct disease,Direct disease,False,True,B,B,0,1,1,1,Asthma,EUR,AMR,18,chr18,24460637,24479961,24460636,24360637,24579961,24360636,100000,+,ENSG00000134489.7,protein_coding,HRH4,exact_gene_name,GENCODE v38,MATCHED,separate_ancestry_bgzf,https://gbmi-sumstats.s3.amazonaws.com/Asthma_Bothsex_eur_inv_var_meta_GBMI_052021_nbbkgt1.txt.gz,https://gbmi-sumstats.s3.amazonaws.com/Asthma_Bothsex_eur_inv_var_meta_GBMI_052021_nbbkgt1.txt.gz.tbi,https://gbmi-sumstats.s3.amazonaws.com/Asthma_Bothsex_amr_inv_var_meta_GBMI_052021_nbbkgt1.txt.gz,https://gbmi-sumstats.s3.amazonaws.com/Asthma_Bothsex_amr_inv_var_meta_GBMI_052021_nbbkgt1.txt.gz.tbi,AMR,PASS,MATCHED_EUR_AND_NON_EUR_FILES,True,True,True,True,True,
cmp_8a07d6969db9bbda,gt_9e0993252b567190,HRH4,GBMI,GBMI::Asthma,Asthma,Asthma,GRCh38,Asthma,PRIMARY,Direct disease,Direct disease,False,True,B,B,0,1,1,1,Asthma,EUR,CSA,18,chr18,24460637,24479961,24460636,24360637,24579961,24360636,100000,+,ENSG00000134489.7,protein_coding,HRH4,exact_gene_name,GENCODE v38,MATCHED,separate_ancestry_bgzf,https://gbmi-sumstats.s3.amazonaws.com/Asthma_Bothsex_eur_inv_var_meta_GBMI_052021_nbbkgt1.txt.gz,https://gbmi-sumstats.s3.amazonaws.com/Asthma_Bothsex_eur_inv_var_meta_GBMI_052021_nbbkgt1.txt.gz.tbi,https://gbmi-sumstats.s3.amazonaws.com/Asthma_Bothsex_sas_inv_var_meta_GBMI_052021_nbbkgt1.txt.gz,https://gbmi-sumstats.s3.amazonaws.com/Asthma_Bothsex_sas_inv_var_meta_GBMI_052021_nbbkgt1.txt.gz.tbi,SAS,PASS,MATCHED_EUR_AND_NON_EUR_FILES,True,True,True,True,True,
cmp_ddb0f1f4a82215f0,gt_9e0993252b567190,HRH4,GBMI,GBMI::Asthma,Asthma,Asthma,GRCh38,Asthma,PRIMARY,Direct disease,Direct disease,False,True,B,B,0,1,1,1,Asthma,EUR,EAS,18,chr18,24460637,24479961,24460636,24360637,24579961,24360636,100000,+,ENSG00000134489.7,protein_coding,HRH4,exact_gene_name,GENCODE v38,MATCHED,separate_ancestry_bgzf,https://gbmi-sumstats.s3.amazonaws.com/Asthma_Bothsex_eur_inv_var_meta_GBMI_052021_nbbkgt1.txt.gz,https://gbmi-sumstats.s3.amazonaws.com/Asthma_Bothsex_eur_inv_var_meta_GBMI_052021_nbbkgt1.txt.gz.tbi,https://gbmi-sumstats.s3.amazonaws.com/Asthma_Bothsex_eas_inv_var_meta_GBMI_052021_nbbkgt1.txt.gz,https://gbmi-sumstats.s3.amazonaws.com/Asthma_Bothsex_eas_inv_var_meta_GBMI_052021_nbbkgt1.txt.gz.tbi,EAS,PASS,MATCHED_EUR_AND_NON_EUR_FILES,True,True,True,True,True,
cmp_ab8ccf0cc0913f47,gt_b5915a3fe7e0c8ef,IL13,GBMI,GBMI::Asthma,Asthma,Asthma,GRCh38,Asthma,PRIMARY,Direct disease,Direct disease,False,True,B,B,0,1,1,1,Asthma,EUR,AFR,5,chr5,132656263,132661110,132656262,132556263,132761110,132556262,100000,+,ENSG00000169194.9,protein_coding,IL13,exact_gene_name,GENCODE v38,MATCHED,separate_ancestry_bgzf,https://gbmi-sumstats.s3.amazonaws.com/Asthma_Bothsex_eur_inv_var_meta_GBMI_052021_nbbkgt1.txt.gz,https://gbmi-sumstats.s3.amazonaws.com/Asthma_Bothsex_eur_inv_var_meta_GBMI_052021_nbbkgt1.txt.gz.tbi,https://gbmi-sumstats.s3.amazonaws.com/Asthma_Bothsex_afr_inv_var_meta_GBMI_052021_nbbkgt1.txt.gz,https://gbmi-sumstats.s3.amazonaws.com/Asthma_Bothsex_afr_inv_var_meta_GBMI_052021_nbbkgt1.txt.gz.tbi,AFR,PASS,MATCHED_EUR_AND_NON_EUR_FILES,True,True,True,True,True,
cmp_d6a94e5b9cd24b66,gt_b5915a3fe7e0c8ef,IL13,GBMI,GBMI::Asthma,Asthma,Asthma,GRCh38,Asthma,PRIMARY,Direct disease,Direct disease,False,True,B,B,0,1,1,1,Asthma,EUR,AMR,5,chr5,132656263,132661110,132656262,132556263,132761110,132556262,100000,+,ENSG00000169194.9,protein_coding,IL13,exact_gene_name,GENCODE v38,MATCHED,separate_ancestry_bgzf,https://gbmi-sumstats.s3.amazonaws.com/Asthma_Bothsex_eur_inv_var_meta_GBMI_052021_nbbkgt1.txt.gz,https://gbmi-sumstats.s3.amazonaws.com/Asthma_Bothsex_eur_inv_var_meta_GBMI_052021_nbbkgt1.txt.gz.tbi,https://gbmi-sumstats.s3.amazonaws.com/Asthma_Bothsex_amr_inv_var_meta_GBMI_052021_nbbkgt1.txt.gz,https://gbmi-sumstats.s3.amazonaws.com/Asthma_Bothsex_amr_inv_var_meta_GBMI_052021_nbbkgt1.txt.gz.tbi,AMR,PASS,MATCHED_EUR_AND_NON_EUR_FILES,True,True,True,True,True,
cmp_36a279eb7569f6dc,gt_b5915a3fe7e0c8ef,IL13,GBMI,GBMI::Asthma,Asthma,Asthma,GRCh38,Asthma,PRIMARY,Direct disease,Direct disease,False,True,B,B,0,1,1,1,Asthma,EUR,CSA,5,chr5,132656263,132661110,132656262,132556263,132761110,132556262,100000,+,ENSG00000169194.9,protein_coding,IL13,exact_gene_name,GENCODE v38,MATCHED,separate_ancestry_bgzf,https://gbmi-sumstats.s3.amazonaws.com/Asthma_Bothsex_eur_inv_var_meta_GBMI_052021_nbbkgt1.txt.gz,https://gbmi-sumstats.s3.amazonaws.com/Asthma_Bothsex_eur_inv_var_meta_GBMI_052021_nbbkgt1.txt.gz.tbi,https://gbmi-sumstats.s3.amazonaws.com/Asthma_Bothsex_sas_inv_var_meta_GBMI_052021_nbbkgt1.txt.gz,https://gbmi-sumstats.s3.amazonaws.com/Asthma_Bothsex_sas_inv_var_meta_GBMI_052021_nbbkgt1.txt.gz.tbi,SAS,PASS,MATCHED_EUR_AND_NON_EUR_FILES,True,True,True,True,True,
cmp_a76b488e4d6fc321,gt_b5915a3fe7e0c8ef,IL13,GBMI,GBMI::Asthma,Asthma,Asthma,GRCh38,Asthma,PRIMARY,Direct disease,Direct disease,False,True,B,B,0,1,1,1,Asthma,EUR,EAS,5,chr5,132656263,132661110,132656262,132556263,132761110,132556262,100000,+,ENSG00000169194.9,protein_coding,IL13,exact_gene_name,GENCODE v38,MATCHED,separate_ancestry_bgzf,https://gbmi-sumstats.s3.amazonaws.com/Asthma_Bothsex_eur_inv_var_meta_GBMI_052021_nbbkgt1.txt.gz,https://gbmi-sumstats.s3.amazonaws.com/Asthma_Bothsex_eur_inv_var_meta_GBMI_052021_nbbkgt1.txt.gz.tbi,https://gbmi-sumstats.s3.amazonaws.com/Asthma_Bothsex_eas_inv_var_meta_GBMI_052021_nbbkgt1.txt.gz,https://gbmi-sumstats.s3.amazonaws.com/Asthma_Bothsex_eas_inv_var_meta_GBMI_052021_nbbkgt1.txt.gz.tbi,EAS,PASS,MATCHED_EUR_AND_NON_EUR_FILES,True,True,True,True,True,
cmp_970c00a72772998e,gt_643969c79b356830,IL17RB,GBMI,GBMI::Asthma,Asthma,Asthma,GRCh38,Asthma,PRIMARY,Direct disease,Direct disease,False,True,B,B,0,1,1,1,Asthma,EUR,AFR,3,chr3,53846568,53865794,53846567,53746568,53965794,53746567,100000,+,ENSG00000056736.10,protein_coding,IL17RB,exact_gene_name,GENCODE v38,MATCHED,separate_ancestry_bgzf,https://gbmi-sumstats.s3.amazonaws.com/Asthma_Bothsex_eur_inv_var_meta_GBMI_052021_nbbkgt1.txt.gz,https://gbmi-sumstats.s3.amazonaws.com/Asthma_Bothsex_eur_inv_var_meta_GBMI_052021_nbbkgt1.txt.gz.tbi,https://gbmi-sumstats.s3.amazonaws.com/Asthma_Bothsex_afr_inv_var_meta_GBMI_052021_nbbkgt1.txt.gz,https://gbmi-sumstats.s3.amazonaws.com/Asthma_Bothsex_afr_inv_var_meta_GBMI_052021_nbbkgt1.txt.gz.tbi,AFR,PASS,MATCHED_EUR_AND_NON_EUR_FILES,True,True,True,True,True,
cmp_efb9c759a376363a,gt_643969c79b356830,IL17RB,GBMI,GBMI::Asthma,Asthma,Asthma,GRCh38,Asthma,PRIMARY,Direct disease,Direct disease,False,True,B,B,0,1,1,1,Asthma,EUR,AMR,3,chr3,53846568,53865794,53846567,53746568,53965794,53746567,100000,+,ENSG00000056736.10,protein_coding,IL17RB,exact_gene_name,GENCODE v38,MATCHED,separate_ancestry_bgzf,https://gbmi-sumstats.s3.amazonaws.com/Asthma_Bothsex_eur_inv_var_meta_GBMI_052021_nbbkgt1.txt.gz,https://gbmi-sumstats.s3.amazonaws.com/Asthma_Bothsex_eur_inv_var_meta_GBMI_052021_nbbkgt1.txt.gz.tbi,https://gbmi-sumstats.s3.amazonaws.com/Asthma_Bothsex_amr_inv_var_meta_GBMI_052021_nbbkgt1.txt.gz,https://gbmi-sumstats.s3.amazonaws.com/Asthma_Bothsex_amr_inv_var_meta_GBMI_052021_nbbkgt1.txt.gz.tbi,AMR,PASS,MATCHED_EUR_AND_NON_EUR_FILES,True,True,True,True,True,
cmp_be7991c3429d43fa,gt_643969c79b356830,IL17RB,GBMI,GBMI::Asthma,Asthma,Asthma,GRCh38,Asthma,PRIMARY,Direct disease,Direct disease,False,True,B,B,0,1,1,1,Asthma,EUR,CSA,3,chr3,53846568,53865794,53846567,53746568,53965794,53746567,100000,+,ENSG00000056736.10,protein_coding,IL17RB,exact_gene_name,GENCODE v38,MATCHED,separate_ancestry_bgzf,https://gbmi-sumstats.s3.amazonaws.com/Asthma_Bothsex_eur_inv_var_meta_GBMI_052021_nbbkgt1.txt.gz,https://gbmi-sumstats.s3.amazonaws.com/Asthma_Bothsex_eur_inv_var_meta_GBMI_052021_nbbkgt1.txt.gz.tbi,https://gbmi-sumstats.s3.amazonaws.com/Asthma_Bothsex_sas_inv_var_meta_GBMI_052021_nbbkgt1.txt.gz,https://gbmi-sumstats.s3.amazonaws.com/Asthma_Bothsex_sas_inv_var_meta_GBMI_052021_nbbkgt1.txt.gz.tbi,SAS,PASS,MATCHED_EUR_AND_NON_EUR_FILES,True,True,True,True,True,
cmp_391e0792ae5e5eb8,gt_643969c79b356830,IL17RB,GBMI,GBMI::Asthma,Asthma,Asthma,GRCh38,Asthma,PRIMARY,Direct disease,Direct disease,False,True,B,B,0,1,1,1,Asthma,EUR,EAS,3,chr3,53846568,53865794,53846567,53746568,53965794,53746567,100000,+,ENSG00000056736.10,protein_coding,IL17RB,exact_gene_name,GENCODE v38,MATCHED,separate_ancestry_bgzf,https://gbmi-sumstats.s3.amazonaws.com/Asthma_Bothsex_eur_inv_var_meta_GBMI_052021_nbbkgt1.txt.gz,https://gbmi-sumstats.s3.amazonaws.com/Asthma_Bothsex_eur_inv_var_meta_GBMI_052021_nbbkgt1.txt.gz.tbi,https://gbmi-sumstats.s3.amazonaws.com/Asthma_Bothsex_eas_inv_var_meta_GBMI_052021_nbbkgt1.txt.gz,https://gbmi-sumstats.s3.amazonaws.com/Asthma_Bothsex_eas_inv_var_meta_GBMI_052021_nbbkgt1.txt.gz.tbi,EAS,PASS,MATCHED_EUR_AND_NON_EUR_FILES,True,True,True,True,True,
cmp_50dfe6ec581edb6f,gt_e0253f9da76890c4,IL1RL1,GBMI,GBMI::Asthma,Asthma,Asthma,GRCh38,Asthma,PRIMARY,Direct disease,Direct disease,False,True,B,B,0,1,1,1,Asthma,EUR,AFR,2,chr2,102311502,102352037,102311501,102211502,102452037,102211501,100000,+,ENSG00000115602.17,protein_coding,IL1RL1,exact_gene_name,GENCODE v38,MATCHED,separate_ancestry_bgzf,https://gbmi-sumstats.s3.amazonaws.com/Asthma_Bothsex_eur_inv_var_meta_GBMI_052021_nbbkgt1.txt.gz,https://gbmi-sumstats.s3.amazonaws.com/Asthma_Bothsex_eur_inv_var_meta_GBMI_052021_nbbkgt1.txt.gz.tbi,https://gbmi-sumstats.s3.amazonaws.com/Asthma_Bothsex_afr_inv_var_meta_GBMI_052021_nbbkgt1.txt.gz,https://gbmi-sumstats.s3.amazonaws.com/Asthma_Bothsex_afr_inv_var_meta_GBMI_052021_nbbkgt1.txt.gz.tbi,AFR,PASS,MATCHED_EUR_AND_NON_EUR_FILES,True,True,True,True,True,
cmp_1113c8b20072258e,gt_e0253f9da76890c4,IL1RL1,GBMI,GBMI::Asthma,Asthma,Asthma,GRCh38,Asthma,PRIMARY,Direct disease,Direct disease,False,True,B,B,0,1,1,1,Asthma,EUR,AMR,2,chr2,102311502,102352037,102311501,102211502,102452037,102211501,100000,+,ENSG00000115602.17,protein_coding,IL1RL1,exact_gene_name,GENCODE v38,MATCHED,separate_ancestry_bgzf,https://gbmi-sumstats.s3.amazonaws.com/Asthma_Bothsex_eur_inv_var_meta_GBMI_052021_nbbkgt1.txt.gz,https://gbmi-sumstats.s3.amazonaws.com/Asthma_Bothsex_eur_inv_var_meta_GBMI_052021_nbbkgt1.txt.gz.tbi,https://gbmi-sumstats.s3.amazonaws.com/Asthma_Bothsex_amr_inv_var_meta_GBMI_052021_nbbkgt1.txt.gz,https://gbmi-sumstats.s3.amazonaws.com/Asthma_Bothsex_amr_inv_var_meta_GBMI_052021_nbbkgt1.txt.gz.tbi,AMR,PASS,MATCHED_EUR_AND_NON_EUR_FILES,True,True,True,True,True,
cmp_4af752414605f4d3,gt_e0253f9da76890c4,IL1RL1,GBMI,GBMI::Asthma,Asthma,Asthma,GRCh38,Asthma,PRIMARY,Direct disease,Direct disease,False,True,B,B,0,1,1,1,Asthma,EUR,CSA,2,chr2,102311502,102352037,102311501,102211502,102452037,102211501,100000,+,ENSG00000115602.17,protein_coding,IL1RL1,exact_gene_name,GENCODE v38,MATCHED,separate_ancestry_bgzf,https://gbmi-sumstats.s3.amazonaws.com/Asthma_Bothsex_eur_inv_var_meta_GBMI_052021_nbbkgt1.txt.gz,https://gbmi-sumstats.s3.amazonaws.com/Asthma_Bothsex_eur_inv_var_meta_GBMI_052021_nbbkgt1.txt.gz.tbi,https://gbmi-sumstats.s3.amazonaws.com/Asthma_Bothsex_sas_inv_var_meta_GBMI_052021_nbbkgt1.txt.gz,https://gbmi-sumstats.s3.amazonaws.com/Asthma_Bothsex_sas_inv_var_meta_GBMI_052021_nbbkgt1.txt.gz.tbi,SAS,PASS,MATCHED_EUR_AND_NON_EUR_FILES,True,True,True,True,True,
cmp_17d744d1985fa469,gt_e0253f9da76890c4,IL1RL1,GBMI,GBMI::Asthma,Asthma,Asthma,GRCh38,Asthma,PRIMARY,Direct disease,Direct disease,False,True,B,B,0,1,1,1,Asthma,EUR,EAS,2,chr2,102311502,102352037,102311501,102211502,102452037,102211501,100000,+,ENSG00000115602.17,protein_coding,IL1RL1,exact_gene_name,GENCODE v38,MATCHED,separate_ancestry_bgzf,https://gbmi-sumstats.s3.amazonaws.com/Asthma_Bothsex_eur_inv_var_meta_GBMI_052021_nbbkgt1.txt.gz,https://gbmi-sumstats.s3.amazonaws.com/Asthma_Bothsex_eur_inv_var_meta_GBMI_052021_nbbkgt1.txt.gz.tbi,https://gbmi-sumstats.s3.amazonaws.com/Asthma_Bothsex_eas_inv_var_meta_GBMI_052021_nbbkgt1.txt.gz,https://gbmi-sumstats.s3.amazonaws.com/Asthma_Bothsex_eas_inv_var_meta_GBMI_052021_nbbkgt1.txt.gz.tbi,EAS,PASS,MATCHED_EUR_AND_NON_EUR_FILES,True,True,True,True,True,
cmp_2fa1f1babb57f737,gt_ceb57718dd9864a2,IL3,GBMI,GBMI::Asthma,Asthma,Asthma,GRCh38,Asthma,PRIMARY,Direct disease,Direct disease,False,True,B,B,0,1,1,1,Asthma,EUR,AFR,5,chr5,132060655,132063204,132060654,131960655,132163204,131960654,100000,+,ENSG00000164399.5,protein_coding,IL3,exact_gene_name,GENCODE v38,MATCHED,separate_ancestry_bgzf,https://gbmi-sumstats.s3.amazonaws.com/Asthma_Bothsex_eur_inv_var_meta_GBMI_052021_nbbkgt1.txt.gz,https://gbmi-sumstats.s3.amazonaws.com/Asthma_Bothsex_eur_inv_var_meta_GBMI_052021_nbbkgt1.txt.gz.tbi,https://gbmi-sumstats.s3.amazonaws.com/Asthma_Bothsex_afr_inv_var_meta_GBMI_052021_nbbkgt1.txt.gz,https://gbmi-sumstats.s3.amazonaws.com/Asthma_Bothsex_afr_inv_var_meta_GBMI_052021_nbbkgt1.txt.gz.tbi,AFR,PASS,MATCHED_EUR_AND_NON_EUR_FILES,True,True,True,True,True,
cmp_c7a26102b9b160c3,gt_ceb57718dd9864a2,IL3,GBMI,GBMI::Asthma,Asthma,Asthma,GRCh38,Asthma,PRIMARY,Direct disease,Direct disease,False,True,B,B,0,1,1,1,Asthma,EUR,AMR,5,chr5,132060655,132063204,132060654,131960655,132163204,131960654,100000,+,ENSG00000164399.5,protein_coding,IL3,exact_gene_name,GENCODE v38,MATCHED,separate_ancestry_bgzf,https://gbmi-sumstats.s3.amazonaws.com/Asthma_Bothsex_eur_inv_var_meta_GBMI_052021_nbbkgt1.txt.gz,https://gbmi-sumstats.s3.amazonaws.com/Asthma_Bothsex_eur_inv_var_meta_GBMI_052021_nbbkgt1.txt.gz.tbi,https://gbmi-sumstats.s3.amazonaws.com/Asthma_Bothsex_amr_inv_var_meta_GBMI_052021_nbbkgt1.txt.gz,https://gbmi-sumstats.s3.amazonaws.com/Asthma_Bothsex_amr_inv_var_meta_GBMI_052021_nbbkgt1.txt.gz.tbi,AMR,PASS,MATCHED_EUR_AND_NON_EUR_FILES,True,True,True,True,True,
cmp_4aca20d855ce9b3c,gt_ceb57718dd9864a2,IL3,GBMI,GBMI::Asthma,Asthma,Asthma,GRCh38,Asthma,PRIMARY,Direct disease,Direct disease,False,True,B,B,0,1,1,1,Asthma,EUR,CSA,5,chr5,132060655,132063204,132060654,131960655,132163204,131960654,100000,+,ENSG00000164399.5,protein_coding,IL3,exact_gene_name,GENCODE v38,MATCHED,separate_ancestry_bgzf,https://gbmi-sumstats.s3.amazonaws.com/Asthma_Bothsex_eur_inv_var_meta_GBMI_052021_nbbkgt1.txt.gz,https://gbmi-sumstats.s3.amazonaws.com/Asthma_Bothsex_eur_inv_var_meta_GBMI_052021_nbbkgt1.txt.gz.tbi,https://gbmi-sumstats.s3.amazonaws.com/Asthma_Bothsex_sas_inv_var_meta_GBMI_052021_nbbkgt1.txt.gz,https://gbmi-sumstats.s3.amazonaws.com/Asthma_Bothsex_sas_inv_var_meta_GBMI_052021_nbbkgt1.txt.gz.tbi,SAS,PASS,MATCHED_EUR_AND_NON_EUR_FILES,True,True,True,True,True,
cmp_82190d5c3cce51fe,gt_ceb57718dd9864a2,IL3,GBMI,GBMI::Asthma,Asthma,Asthma,GRCh38,Asthma,PRIMARY,Direct disease,Direct disease,False,True,B,B,0,1,1,1,Asthma,EUR,EAS,5,chr5,132060655,132063204,132060654,131960655,132163204,131960654,100000,+,ENSG00000164399.5,protein_coding,IL3,exact_gene_name,GENCODE v38,MATCHED,separate_ancestry_bgzf,https://gbmi-sumstats.s3.amazonaws.com/Asthma_Bothsex_eur_inv_var_meta_GBMI_052021_nbbkgt1.txt.gz,https://gbmi-sumstats.s3.amazonaws.com/Asthma_Bothsex_eur_inv_var_meta_GBMI_052021_nbbkgt1.txt.gz.tbi,https://gbmi-sumstats.s3.amazonaws.com/Asthma_Bothsex_eas_inv_var_meta_GBMI_052021_nbbkgt1.txt.gz,https://gbmi-sumstats.s3.amazonaws.com/Asthma_Bothsex_eas_inv_var_meta_GBMI_052021_nbbkgt1.txt.gz.tbi,EAS,PASS,MATCHED_EUR_AND_NON_EUR_FILES,True,True,True,True,True,
cmp_2bc6da7bd58f8b90,gt_62933438673c2307,IL33,GBMI,GBMI::Asthma,Asthma,Asthma,GRCh38,Asthma,PRIMARY,Direct disease,Direct disease,False,True,B,B,0,1,1,1,Asthma,EUR,AFR,9,chr9,6215786,6257983,6215785,6115786,6357983,6115785,100000,+,ENSG00000137033.12,protein_coding,IL33,exact_gene_name,GENCODE v38,MATCHED,separate_ancestry_bgzf,https://gbmi-sumstats.s3.amazonaws.com/Asthma_Bothsex_eur_inv_var_meta_GBMI_052021_nbbkgt1.txt.gz,https://gbmi-sumstats.s3.amazonaws.com/Asthma_Bothsex_eur_inv_var_meta_GBMI_052021_nbbkgt1.txt.gz.tbi,https://gbmi-sumstats.s3.amazonaws.com/Asthma_Bothsex_afr_inv_var_meta_GBMI_052021_nbbkgt1.txt.gz,https://gbmi-sumstats.s3.amazonaws.com/Asthma_Bothsex_afr_inv_var_meta_GBMI_052021_nbbkgt1.txt.gz.tbi,AFR,PASS,MATCHED_EUR_AND_NON_EUR_FILES,True,True,True,True,True,
cmp_11df635d08e72758,gt_62933438673c2307,IL33,GBMI,GBMI::Asthma,Asthma,Asthma,GRCh38,Asthma,PRIMARY,Direct disease,Direct disease,False,True,B,B,0,1,1,1,Asthma,EUR,AMR,9,chr9,6215786,6257983,6215785,6115786,6357983,6115785,100000,+,ENSG00000137033.12,protein_coding,IL33,exact_gene_name,GENCODE v38,MATCHED,separate_ancestry_bgzf,https://gbmi-sumstats.s3.amazonaws.com/Asthma_Bothsex_eur_inv_var_meta_GBMI_052021_nbbkgt1.txt.gz,https://gbmi-sumstats.s3.amazonaws.com/Asthma_Bothsex_eur_inv_var_meta_GBMI_052021_nbbkgt1.txt.gz.tbi,https://gbmi-sumstats.s3.amazonaws.com/Asthma_Bothsex_amr_inv_var_meta_GBMI_052021_nbbkgt1.txt.gz,https://gbmi-sumstats.s3.amazonaws.com/Asthma_Bothsex_amr_inv_var_meta_GBMI_052021_nbbkgt1.txt.gz.tbi,AMR,PASS,MATCHED_EUR_AND_NON_EUR_FILES,True,True,True,True,True,
cmp_a0dab9d33f7b3552,gt_62933438673c2307,IL33,GBMI,GBMI::Asthma,Asthma,Asthma,GRCh38,Asthma,PRIMARY,Direct disease,Direct disease,False,True,B,B,0,1,1,1,Asthma,EUR,CSA,9,chr9,6215786,6257983,6215785,6115786,6357983,6115785,100000,+,ENSG00000137033.12,protein_coding,IL33,exact_gene_name,GENCODE v38,MATCHED,separate_ancestry_bgzf,https://gbmi-sumstats.s3.amazonaws.com/Asthma_Bothsex_eur_inv_var_meta_GBMI_052021_nbbkgt1.txt.gz,https://gbmi-sumstats.s3.amazonaws.com/Asthma_Bothsex_eur_inv_var_meta_GBMI_052021_nbbkgt1.txt.gz.tbi,https://gbmi-sumstats.s3.amazonaws.com/Asthma_Bothsex_sas_inv_var_meta_GBMI_052021_nbbkgt1.txt.gz,https://gbmi-sumstats.s3.amazonaws.com/Asthma_Bothsex_sas_inv_var_meta_GBMI_052021_nbbkgt1.txt.gz.tbi,SAS,PASS,MATCHED_EUR_AND_NON_EUR_FILES,True,True,True,True,True,
cmp_af469cf6305c50e3,gt_62933438673c2307,IL33,GBMI,GBMI::Asthma,Asthma,Asthma,GRCh38,Asthma,PRIMARY,Direct disease,Direct disease,False,True,B,B,0,1,1,1,Asthma,EUR,EAS,9,chr9,6215786,6257983,6215785,6115786,6357983,6115785,100000,+,ENSG00000137033.12,protein_coding,IL33,exact_gene_name,GENCODE v38,MATCHED,separate_ancestry_bgzf,https://gbmi-sumstats.s3.amazonaws.com/Asthma_Bothsex_eur_inv_var_meta_GBMI_052021_nbbkgt1.txt.gz,https://gbmi-sumstats.s3.amazonaws.com/Asthma_Bothsex_eur_inv_var_meta_GBMI_052021_nbbkgt1.txt.gz.tbi,https://gbmi-sumstats.s3.amazonaws.com/Asthma_Bothsex_eas_inv_var_meta_GBMI_052021_nbbkgt1.txt.gz,https://gbmi-sumstats.s3.amazonaws.com/Asthma_Bothsex_eas_inv_var_meta_GBMI_052021_nbbkgt1.txt.gz.tbi,EAS,PASS,MATCHED_EUR_AND_NON_EUR_FILES,True,True,True,True,True,
cmp_812c7bbd23890504,gt_aff18fde645e6a6f,IL4R,GBMI,GBMI::Asthma,Asthma,Asthma,GRCh38,Asthma,PRIMARY,Direct disease,Direct disease,False,True,A,A,1,0,1,1,Asthma,EUR,AFR,16,chr16,27313668,27364778,27313667,27213668,27464778,27213667,100000,+,ENSG00000077238.14,protein_coding,IL4R,exact_gene_name,GENCODE v38,MATCHED,separate_ancestry_bgzf,https://gbmi-sumstats.s3.amazonaws.com/Asthma_Bothsex_eur_inv_var_meta_GBMI_052021_nbbkgt1.txt.gz,https://gbmi-sumstats.s3.amazonaws.com/Asthma_Bothsex_eur_inv_var_meta_GBMI_052021_nbbkgt1.txt.gz.tbi,https://gbmi-sumstats.s3.amazonaws.com/Asthma_Bothsex_afr_inv_var_meta_GBMI_052021_nbbkgt1.txt.gz,https://gbmi-sumstats.s3.amazonaws.com/Asthma_Bothsex_afr_inv_var_meta_GBMI_052021_nbbkgt1.txt.gz.tbi,AFR,PASS,MATCHED_EUR_AND_NON_EUR_FILES,True,True,True,True,True,
cmp_5235bc263b35ea04,gt_aff18fde645e6a6f,IL4R,GBMI,GBMI::Asthma,Asthma,Asthma,GRCh38,Asthma,PRIMARY,Direct disease,Direct disease,False,True,A,A,1,0,1,1,Asthma,EUR,AMR,16,chr16,27313668,27364778,27313667,27213668,27464778,27213667,100000,+,ENSG00000077238.14,protein_coding,IL4R,exact_gene_name,GENCODE v38,MATCHED,separate_ancestry_bgzf,https://gbmi-sumstats.s3.amazonaws.com/Asthma_Bothsex_eur_inv_var_meta_GBMI_052021_nbbkgt1.txt.gz,https://gbmi-sumstats.s3.amazonaws.com/Asthma_Bothsex_eur_inv_var_meta_GBMI_052021_nbbkgt1.txt.gz.tbi,https://gbmi-sumstats.s3.amazonaws.com/Asthma_Bothsex_amr_inv_var_meta_GBMI_052021_nbbkgt1.txt.gz,https://gbmi-sumstats.s3.amazonaws.com/Asthma_Bothsex_amr_inv_var_meta_GBMI_052021_nbbkgt1.txt.gz.tbi,AMR,PASS,MATCHED_EUR_AND_NON_EUR_FILES,True,True,True,True,True,
cmp_7aa41dc81cd9b3ff,gt_aff18fde645e6a6f,IL4R,GBMI,GBMI::Asthma,Asthma,Asthma,GRCh38,Asthma,PRIMARY,Direct disease,Direct disease,False,True,A,A,1,0,1,1,Asthma,EUR,CSA,16,chr16,27313668,27364778,27313667,27213668,27464778,27213667,100000,+,ENSG00000077238.14,protein_coding,IL4R,exact_gene_name,GENCODE v38,MATCHED,separate_ancestry_bgzf,https://gbmi-sumstats.s3.amazonaws.com/Asthma_Bothsex_eur_inv_var_meta_GBMI_052021_nbbkgt1.txt.gz,https://gbmi-sumstats.s3.amazonaws.com/Asthma_Bothsex_eur_inv_var_meta_GBMI_052021_nbbkgt1.txt.gz.tbi,https://gbmi-sumstats.s3.amazonaws.com/Asthma_Bothsex_sas_inv_var_meta_GBMI_052021_nbbkgt1.txt.gz,https://gbmi-sumstats.s3.amazonaws.com/Asthma_Bothsex_sas_inv_var_meta_GBMI_052021_nbbkgt1.txt.gz.tbi,SAS,PASS,MATCHED_EUR_AND_NON_EUR_FILES,True,True,True,True,True,
cmp_2565e0e2adfe1275,gt_aff18fde645e6a6f,IL4R,GBMI,GBMI::Asthma,Asthma,Asthma,GRCh38,Asthma,PRIMARY,Direct disease,Direct disease,False,True,A,A,1,0,1,1,Asthma,EUR,EAS,16,chr16,27313668,27364778,27313667,27213668,27464778,27213667,100000,+,ENSG00000077238.14,protein_coding,IL4R,exact_gene_name,GENCODE v38,MATCHED,separate_ancestry_bgzf,https://gbmi-sumstats.s3.amazonaws.com/Asthma_Bothsex_eur_inv_var_meta_GBMI_052021_nbbkgt1.txt.gz,https://gbmi-sumstats.s3.amazonaws.com/Asthma_Bothsex_eur_inv_var_meta_GBMI_052021_nbbkgt1.txt.gz.tbi,https://gbmi-sumstats.s3.amazonaws.com/Asthma_Bothsex_eas_inv_var_meta_GBMI_052021_nbbkgt1.txt.gz,https://gbmi-sumstats.s3.amazonaws.com/Asthma_Bothsex_eas_inv_var_meta_GBMI_052021_nbbkgt1.txt.gz.tbi,EAS,PASS,MATCHED_EUR_AND_NON_EUR_FILES,True,True,True,True,True,
cmp_3618bc9e13b64408,gt_8eacc233dce7b2c8,IL5,GBMI,GBMI::Asthma,Asthma,Asthma,GRCh38,Asthma,PRIMARY,Direct disease,Direct disease,False,True,B,B,0,1,1,1,Asthma,EUR,AFR,5,chr5,132541445,132556838,132541444,132441445,132656838,132441444,100000,-,ENSG00000113525.10,protein_coding,IL5,exact_gene_name,GENCODE v38,MATCHED,separate_ancestry_bgzf,https://gbmi-sumstats.s3.amazonaws.com/Asthma_Bothsex_eur_inv_var_meta_GBMI_052021_nbbkgt1.txt.gz,https://gbmi-sumstats.s3.amazonaws.com/Asthma_Bothsex_eur_inv_var_meta_GBMI_052021_nbbkgt1.txt.gz.tbi,https://gbmi-sumstats.s3.amazonaws.com/Asthma_Bothsex_afr_inv_var_meta_GBMI_052021_nbbkgt1.txt.gz,https://gbmi-sumstats.s3.amazonaws.com/Asthma_Bothsex_afr_inv_var_meta_GBMI_052021_nbbkgt1.txt.gz.tbi,AFR,PASS,MATCHED_EUR_AND_NON_EUR_FILES,True,True,True,True,True,
cmp_562bf6b74a067fe1,gt_8eacc233dce7b2c8,IL5,GBMI,GBMI::Asthma,Asthma,Asthma,GRCh38,Asthma,PRIMARY,Direct disease,Direct disease,False,True,B,B,0,1,1,1,Asthma,EUR,AMR,5,chr5,132541445,132556838,132541444,132441445,132656838,132441444,100000,-,ENSG00000113525.10,protein_coding,IL5,exact_gene_name,GENCODE v38,MATCHED,separate_ancestry_bgzf,https://gbmi-sumstats.s3.amazonaws.com/Asthma_Bothsex_eur_inv_var_meta_GBMI_052021_nbbkgt1.txt.gz,https://gbmi-sumstats.s3.amazonaws.com/Asthma_Bothsex_eur_inv_var_meta_GBMI_052021_nbbkgt1.txt.gz.tbi,https://gbmi-sumstats.s3.amazonaws.com/Asthma_Bothsex_amr_inv_var_meta_GBMI_052021_nbbkgt1.txt.gz,https://gbmi-sumstats.s3.amazonaws.com/Asthma_Bothsex_amr_inv_var_meta_GBMI_052021_nbbkgt1.txt.gz.tbi,AMR,PASS,MATCHED_EUR_AND_NON_EUR_FILES,True,True,True,True,True,
cmp_596f61a009141a06,gt_8eacc233dce7b2c8,IL5,GBMI,GBMI::Asthma,Asthma,Asthma,GRCh38,Asthma,PRIMARY,Direct disease,Direct disease,False,True,B,B,0,1,1,1,Asthma,EUR,CSA,5,chr5,132541445,132556838,132541444,132441445,132656838,132441444,100000,-,ENSG00000113525.10,protein_coding,IL5,exact_gene_name,GENCODE v38,MATCHED,separate_ancestry_bgzf,https://gbmi-sumstats.s3.amazonaws.com/Asthma_Bothsex_eur_inv_var_meta_GBMI_052021_nbbkgt1.txt.gz,https://gbmi-sumstats.s3.amazonaws.com/Asthma_Bothsex_eur_inv_var_meta_GBMI_052021_nbbkgt1.txt.gz.tbi,https://gbmi-sumstats.s3.amazonaws.com/Asthma_Bothsex_sas_inv_var_meta_GBMI_052021_nbbkgt1.txt.gz,https://gbmi-sumstats.s3.amazonaws.com/Asthma_Bothsex_sas_inv_var_meta_GBMI_052021_nbbkgt1.txt.gz.tbi,SAS,PASS,MATCHED_EUR_AND_NON_EUR_FILES,True,True,True,True,True,
cmp_297fbf716b9104dc,gt_8eacc233dce7b2c8,IL5,GBMI,GBMI::Asthma,Asthma,Asthma,GRCh38,Asthma,PRIMARY,Direct disease,Direct disease,False,True,B,B,0,1,1,1,Asthma,EUR,EAS,5,chr5,132541445,132556838,132541444,132441445,132656838,132441444,100000,-,ENSG00000113525.10,protein_coding,IL5,exact_gene_name,GENCODE v38,MATCHED,separate_ancestry_bgzf,https://gbmi-sumstats.s3.amazonaws.com/Asthma_Bothsex_eur_inv_var_meta_GBMI_052021_nbbkgt1.txt.gz,https://gbmi-sumstats.s3.amazonaws.com/Asthma_Bothsex_eur_inv_var_meta_GBMI_052021_nbbkgt1.txt.gz.tbi,https://gbmi-sumstats.s3.amazonaws.com/Asthma_Bothsex_eas_inv_var_meta_GBMI_052021_nbbkgt1.txt.gz,https://gbmi-sumstats.s3.amazonaws.com/Asthma_Bothsex_eas_inv_var_meta_GBMI_052021_nbbkgt1.txt.gz.tbi,EAS,PASS,MATCHED_EUR_AND_NON_EUR_FILES,True,True,True,True,True,
cmp_377f011c20740fe6,gt_d2fd12497bba2d5c,IL6,GBMI,GBMI::Asthma,Asthma,Asthma,GRCh38,Asthma,PRIMARY,Direct disease,Direct disease,False,True,B,B,0,1,1,1,Asthma,EUR,AFR,7,chr7,22725884,22732002,22725883,22625884,22832002,22625883,100000,+,ENSG00000136244.12,protein_coding,IL6,exact_gene_name,GENCODE v38,MATCHED,separate_ancestry_bgzf,https://gbmi-sumstats.s3.amazonaws.com/Asthma_Bothsex_eur_inv_var_meta_GBMI_052021_nbbkgt1.txt.gz,https://gbmi-sumstats.s3.amazonaws.com/Asthma_Bothsex_eur_inv_var_meta_GBMI_052021_nbbkgt1.txt.gz.tbi,https://gbmi-sumstats.s3.amazonaws.com/Asthma_Bothsex_afr_inv_var_meta_GBMI_052021_nbbkgt1.txt.gz,https://gbmi-sumstats.s3.amazonaws.com/Asthma_Bothsex_afr_inv_var_meta_GBMI_052021_nbbkgt1.txt.gz.tbi,AFR,PASS,MATCHED_EUR_AND_NON_EUR_FILES,True,True,True,True,True,
cmp_df338e515712a29b,gt_d2fd12497bba2d5c,IL6,GBMI,GBMI::Asthma,Asthma,Asthma,GRCh38,Asthma,PRIMARY,Direct disease,Direct disease,False,True,B,B,0,1,1,1,Asthma,EUR,AMR,7,chr7,22725884,22732002,22725883,22625884,22832002,22625883,100000,+,ENSG00000136244.12,protein_coding,IL6,exact_gene_name,GENCODE v38,MATCHED,separate_ancestry_bgzf,https://gbmi-sumstats.s3.amazonaws.com/Asthma_Bothsex_eur_inv_var_meta_GBMI_052021_nbbkgt1.txt.gz,https://gbmi-sumstats.s3.amazonaws.com/Asthma_Bothsex_eur_inv_var_meta_GBMI_052021_nbbkgt1.txt.gz.tbi,https://gbmi-sumstats.s3.amazonaws.com/Asthma_Bothsex_amr_inv_var_meta_GBMI_052021_nbbkgt1.txt.gz,https://gbmi-sumstats.s3.amazonaws.com/Asthma_Bothsex_amr_inv_var_meta_GBMI_052021_nbbkgt1.txt.gz.tbi,AMR,PASS,MATCHED_EUR_AND_NON_EUR_FILES,True,True,True,True,True,
cmp_01c999296b50331d,gt_d2fd12497bba2d5c,IL6,GBMI,GBMI::Asthma,Asthma,Asthma,GRCh38,Asthma,PRIMARY,Direct disease,Direct disease,False,True,B,B,0,1,1,1,Asthma,EUR,CSA,7,chr7,22725884,22732002,22725883,22625884,22832002,22625883,100000,+,ENSG00000136244.12,protein_coding,IL6,exact_gene_name,GENCODE v38,MATCHED,separate_ancestry_bgzf,https://gbmi-sumstats.s3.amazonaws.com/Asthma_Bothsex_eur_inv_var_meta_GBMI_052021_nbbkgt1.txt.gz,https://gbmi-sumstats.s3.amazonaws.com/Asthma_Bothsex_eur_inv_var_meta_GBMI_052021_nbbkgt1.txt.gz.tbi,https://gbmi-sumstats.s3.amazonaws.com/Asthma_Bothsex_sas_inv_var_meta_GBMI_052021_nbbkgt1.txt.gz,https://gbmi-sumstats.s3.amazonaws.com/Asthma_Bothsex_sas_inv_var_meta_GBMI_052021_nbbkgt1.txt.gz.tbi,SAS,PASS,MATCHED_EUR_AND_NON_EUR_FILES,True,True,True,True,True,
cmp_81b7013723919858,gt_d2fd12497bba2d5c,IL6,GBMI,GBMI::Asthma,Asthma,Asthma,GRCh38,Asthma,PRIMARY,Direct disease,Direct disease,False,True,B,B,0,1,1,1,Asthma,EUR,EAS,7,chr7,22725884,22732002,22725883,22625884,22832002,22625883,100000,+,ENSG00000136244.12,protein_coding,IL6,exact_gene_name,GENCODE v38,MATCHED,separate_ancestry_bgzf,https://gbmi-sumstats.s3.amazonaws.com/Asthma_Bothsex_eur_inv_var_meta_GBMI_052021_nbbkgt1.txt.gz,https://gbmi-sumstats.s3.amazonaws.com/Asthma_Bothsex_eur_inv_var_meta_GBMI_052021_nbbkgt1.txt.gz.tbi,https://gbmi-sumstats.s3.amazonaws.com/Asthma_Bothsex_eas_inv_var_meta_GBMI_052021_nbbkgt1.txt.gz,https://gbmi-sumstats.s3.amazonaws.com/Asthma_Bothsex_eas_inv_var_meta_GBMI_052021_nbbkgt1.txt.gz.tbi,EAS,PASS,MATCHED_EUR_AND_NON_EUR_FILES,True,True,True,True,True,
cmp_78ab0cec165a10b6,gt_c0bc9d12d330abef,ITGB7,GBMI,GBMI::Asthma,Asthma,Asthma,GRCh38,Asthma,PRIMARY,Direct disease,Direct disease,False,True,B,B,0,1,1,1,Asthma,EUR,AFR,12,chr12,53191323,53207282,53191322,53091323,53307282,53091322,100000,-,ENSG00000139626.16,protein_coding,ITGB7,exact_gene_name,GENCODE v38,MATCHED,separate_ancestry_bgzf,https://gbmi-sumstats.s3.amazonaws.com/Asthma_Bothsex_eur_inv_var_meta_GBMI_052021_nbbkgt1.txt.gz,https://gbmi-sumstats.s3.amazonaws.com/Asthma_Bothsex_eur_inv_var_meta_GBMI_052021_nbbkgt1.txt.gz.tbi,https://gbmi-sumstats.s3.amazonaws.com/Asthma_Bothsex_afr_inv_var_meta_GBMI_052021_nbbkgt1.txt.gz,https://gbmi-sumstats.s3.amazonaws.com/Asthma_Bothsex_afr_inv_var_meta_GBMI_052021_nbbkgt1.txt.gz.tbi,AFR,PASS,MATCHED_EUR_AND_NON_EUR_FILES,True,True,True,True,True,
cmp_027ede373e9e32fc,gt_c0bc9d12d330abef,ITGB7,GBMI,GBMI::Asthma,Asthma,Asthma,GRCh38,Asthma,PRIMARY,Direct disease,Direct disease,False,True,B,B,0,1,1,1,Asthma,EUR,AMR,12,chr12,53191323,53207282,53191322,53091323,53307282,53091322,100000,-,ENSG00000139626.16,protein_coding,ITGB7,exact_gene_name,GENCODE v38,MATCHED,separate_ancestry_bgzf,https://gbmi-sumstats.s3.amazonaws.com/Asthma_Bothsex_eur_inv_var_meta_GBMI_052021_nbbkgt1.txt.gz,https://gbmi-sumstats.s3.amazonaws.com/Asthma_Bothsex_eur_inv_var_meta_GBMI_052021_nbbkgt1.txt.gz.tbi,https://gbmi-sumstats.s3.amazonaws.com/Asthma_Bothsex_amr_inv_var_meta_GBMI_052021_nbbkgt1.txt.gz,https://gbmi-sumstats.s3.amazonaws.com/Asthma_Bothsex_amr_inv_var_meta_GBMI_052021_nbbkgt1.txt.gz.tbi,AMR,PASS,MATCHED_EUR_AND_NON_EUR_FILES,True,True,True,True,True,
cmp_0185688e150500b4,gt_c0bc9d12d330abef,ITGB7,GBMI,GBMI::Asthma,Asthma,Asthma,GRCh38,Asthma,PRIMARY,Direct disease,Direct disease,False,True,B,B,0,1,1,1,Asthma,EUR,CSA,12,chr12,53191323,53207282,53191322,53091323,53307282,53091322,100000,-,ENSG00000139626.16,protein_coding,ITGB7,exact_gene_name,GENCODE v38,MATCHED,separate_ancestry_bgzf,https://gbmi-sumstats.s3.amazonaws.com/Asthma_Bothsex_eur_inv_var_meta_GBMI_052021_nbbkgt1.txt.gz,https://gbmi-sumstats.s3.amazonaws.com/Asthma_Bothsex_eur_inv_var_meta_GBMI_052021_nbbkgt1.txt.gz.tbi,https://gbmi-sumstats.s3.amazonaws.com/Asthma_Bothsex_sas_inv_var_meta_GBMI_052021_nbbkgt1.txt.gz,https://gbmi-sumstats.s3.amazonaws.com/Asthma_Bothsex_sas_inv_var_meta_GBMI_052021_nbbkgt1.txt.gz.tbi,SAS,PASS,MATCHED_EUR_AND_NON_EUR_FILES,True,True,True,True,True,
cmp_2940f1520de2d89c,gt_c0bc9d12d330abef,ITGB7,GBMI,GBMI::Asthma,Asthma,Asthma,GRCh38,Asthma,PRIMARY,Direct disease,Direct disease,False,True,B,B,0,1,1,1,Asthma,EUR,EAS,12,chr12,53191323,53207282,53191322,53091323,53307282,53091322,100000,-,ENSG00000139626.16,protein_coding,ITGB7,exact_gene_name,GENCODE v38,MATCHED,separate_ancestry_bgzf,https://gbmi-sumstats.s3.amazonaws.com/Asthma_Bothsex_eur_inv_var_meta_GBMI_052021_nbbkgt1.txt.gz,https://gbmi-sumstats.s3.amazonaws.com/Asthma_Bothsex_eur_inv_var_meta_GBMI_052021_nbbkgt1.txt.gz.tbi,https://gbmi-sumstats.s3.amazonaws.com/Asthma_Bothsex_eas_inv_var_meta_GBMI_052021_nbbkgt1.txt.gz,https://gbmi-sumstats.s3.amazonaws.com/Asthma_Bothsex_eas_inv_var_meta_GBMI_052021_nbbkgt1.txt.gz.tbi,EAS,PASS,MATCHED_EUR_AND_NON_EUR_FILES,True,True,True,True,True,
cmp_657a71fd538ccde4,gt_de7ac7df0be895e9,KIT,GBMI,GBMI::Asthma,Asthma,Asthma,GRCh38,Asthma,PRIMARY,Direct disease,Direct disease,False,True,B,B,0,1,1,1,Asthma,EUR,AFR,4,chr4,54657918,54740715,54657917,54557918,54840715,54557917,100000,+,ENSG00000157404.16,protein_coding,KIT,exact_gene_name,GENCODE v38,MATCHED,separate_ancestry_bgzf,https://gbmi-sumstats.s3.amazonaws.com/Asthma_Bothsex_eur_inv_var_meta_GBMI_052021_nbbkgt1.txt.gz,https://gbmi-sumstats.s3.amazonaws.com/Asthma_Bothsex_eur_inv_var_meta_GBMI_052021_nbbkgt1.txt.gz.tbi,https://gbmi-sumstats.s3.amazonaws.com/Asthma_Bothsex_afr_inv_var_meta_GBMI_052021_nbbkgt1.txt.gz,https://gbmi-sumstats.s3.amazonaws.com/Asthma_Bothsex_afr_inv_var_meta_GBMI_052021_nbbkgt1.txt.gz.tbi,AFR,PASS,MATCHED_EUR_AND_NON_EUR_FILES,True,True,True,True,True,
cmp_22e4bb0bd2604a20,gt_de7ac7df0be895e9,KIT,GBMI,GBMI::Asthma,Asthma,Asthma,GRCh38,Asthma,PRIMARY,Direct disease,Direct disease,False,True,B,B,0,1,1,1,Asthma,EUR,AMR,4,chr4,54657918,54740715,54657917,54557918,54840715,54557917,100000,+,ENSG00000157404.16,protein_coding,KIT,exact_gene_name,GENCODE v38,MATCHED,separate_ancestry_bgzf,https://gbmi-sumstats.s3.amazonaws.com/Asthma_Bothsex_eur_inv_var_meta_GBMI_052021_nbbkgt1.txt.gz,https://gbmi-sumstats.s3.amazonaws.com/Asthma_Bothsex_eur_inv_var_meta_GBMI_052021_nbbkgt1.txt.gz.tbi,https://gbmi-sumstats.s3.amazonaws.com/Asthma_Bothsex_amr_inv_var_meta_GBMI_052021_nbbkgt1.txt.gz,https://gbmi-sumstats.s3.amazonaws.com/Asthma_Bothsex_amr_inv_var_meta_GBMI_052021_nbbkgt1.txt.gz.tbi,AMR,PASS,MATCHED_EUR_AND_NON_EUR_FILES,True,True,True,True,True,
cmp_e313208803a5a955,gt_de7ac7df0be895e9,KIT,GBMI,GBMI::Asthma,Asthma,Asthma,GRCh38,Asthma,PRIMARY,Direct disease,Direct disease,False,True,B,B,0,1,1,1,Asthma,EUR,CSA,4,chr4,54657918,54740715,54657917,54557918,54840715,54557917,100000,+,ENSG00000157404.16,protein_coding,KIT,exact_gene_name,GENCODE v38,MATCHED,separate_ancestry_bgzf,https://gbmi-sumstats.s3.amazonaws.com/Asthma_Bothsex_eur_inv_var_meta_GBMI_052021_nbbkgt1.txt.gz,https://gbmi-sumstats.s3.amazonaws.com/Asthma_Bothsex_eur_inv_var_meta_GBMI_052021_nbbkgt1.txt.gz.tbi,https://gbmi-sumstats.s3.amazonaws.com/Asthma_Bothsex_sas_inv_var_meta_GBMI_052021_nbbkgt1.txt.gz,https://gbmi-sumstats.s3.amazonaws.com/Asthma_Bothsex_sas_inv_var_meta_GBMI_052021_nbbkgt1.txt.gz.tbi,SAS,PASS,MATCHED_EUR_AND_NON_EUR_FILES,True,True,True,True,True,
cmp_3bba1cac3b396afd,gt_de7ac7df0be895e9,KIT,GBMI,GBMI::Asthma,Asthma,Asthma,GRCh38,Asthma,PRIMARY,Direct disease,Direct disease,False,True,B,B,0,1,1,1,Asthma,EUR,EAS,4,chr4,54657918,54740715,54657917,54557918,54840715,54557917,100000,+,ENSG00000157404.16,protein_coding,KIT,exact_gene_name,GENCODE v38,MATCHED,separate_ancestry_bgzf,https://gbmi-sumstats.s3.amazonaws.com/Asthma_Bothsex_eur_inv_var_meta_GBMI_052021_nbbkgt1.txt.gz,https://gbmi-sumstats.s3.amazonaws.com/Asthma_Bothsex_eur_inv_var_meta_GBMI_052021_nbbkgt1.txt.gz.tbi,https://gbmi-sumstats.s3.amazonaws.com/Asthma_Bothsex_eas_inv_var_meta_GBMI_052021_nbbkgt1.txt.gz,https://gbmi-sumstats.s3.amazonaws.com/Asthma_Bothsex_eas_inv_var_meta_GBMI_052021_nbbkgt1.txt.gz.tbi,EAS,PASS,MATCHED_EUR_AND_NON_EUR_FILES,True,True,True,True,True,
cmp_3d32b80e340128c1,gt_db502e5251084f6d,MMP12,GBMI,GBMI::Asthma,Asthma,Asthma,GRCh38,Asthma,PRIMARY,Direct disease,Direct disease,False,True,B,B,0,1,1,1,Asthma,EUR,AFR,11,chr11,102862736,102874982,102862735,102762736,102974982,102762735,100000,-,ENSG00000262406.3,protein_coding,MMP12,exact_gene_name,GENCODE v38,MATCHED,separate_ancestry_bgzf,https://gbmi-sumstats.s3.amazonaws.com/Asthma_Bothsex_eur_inv_var_meta_GBMI_052021_nbbkgt1.txt.gz,https://gbmi-sumstats.s3.amazonaws.com/Asthma_Bothsex_eur_inv_var_meta_GBMI_052021_nbbkgt1.txt.gz.tbi,https://gbmi-sumstats.s3.amazonaws.com/Asthma_Bothsex_afr_inv_var_meta_GBMI_052021_nbbkgt1.txt.gz,https://gbmi-sumstats.s3.amazonaws.com/Asthma_Bothsex_afr_inv_var_meta_GBMI_052021_nbbkgt1.txt.gz.tbi,AFR,PASS,MATCHED_EUR_AND_NON_EUR_FILES,True,True,True,True,True,
cmp_09aa585345ceecf1,gt_db502e5251084f6d,MMP12,GBMI,GBMI::Asthma,Asthma,Asthma,GRCh38,Asthma,PRIMARY,Direct disease,Direct disease,False,True,B,B,0,1,1,1,Asthma,EUR,AMR,11,chr11,102862736,102874982,102862735,102762736,102974982,102762735,100000,-,ENSG00000262406.3,protein_coding,MMP12,exact_gene_name,GENCODE v38,MATCHED,separate_ancestry_bgzf,https://gbmi-sumstats.s3.amazonaws.com/Asthma_Bothsex_eur_inv_var_meta_GBMI_052021_nbbkgt1.txt.gz,https://gbmi-sumstats.s3.amazonaws.com/Asthma_Bothsex_eur_inv_var_meta_GBMI_052021_nbbkgt1.txt.gz.tbi,https://gbmi-sumstats.s3.amazonaws.com/Asthma_Bothsex_amr_inv_var_meta_GBMI_052021_nbbkgt1.txt.gz,https://gbmi-sumstats.s3.amazonaws.com/Asthma_Bothsex_amr_inv_var_meta_GBMI_052021_nbbkgt1.txt.gz.tbi,AMR,PASS,MATCHED_EUR_AND_NON_EUR_FILES,True,True,True,True,True,
cmp_8b21875c59a4abf6,gt_db502e5251084f6d,MMP12,GBMI,GBMI::Asthma,Asthma,Asthma,GRCh38,Asthma,PRIMARY,Direct disease,Direct disease,False,True,B,B,0,1,1,1,Asthma,EUR,CSA,11,chr11,102862736,102874982,102862735,102762736,102974982,102762735,100000,-,ENSG00000262406.3,protein_coding,MMP12,exact_gene_name,GENCODE v38,MATCHED,separate_ancestry_bgzf,https://gbmi-sumstats.s3.amazonaws.com/Asthma_Bothsex_eur_inv_var_meta_GBMI_052021_nbbkgt1.txt.gz,https://gbmi-sumstats.s3.amazonaws.com/Asthma_Bothsex_eur_inv_var_meta_GBMI_052021_nbbkgt1.txt.gz.tbi,https://gbmi-sumstats.s3.amazonaws.com/Asthma_Bothsex_sas_inv_var_meta_GBMI_052021_nbbkgt1.txt.gz,https://gbmi-sumstats.s3.amazonaws.com/Asthma_Bothsex_sas_inv_var_meta_GBMI_052021_nbbkgt1.txt.gz.tbi,SAS,PASS,MATCHED_EUR_AND_NON_EUR_FILES,True,True,True,True,True,
cmp_67cc4fd484a447f5,gt_db502e5251084f6d,MMP12,GBMI,GBMI::Asthma,Asthma,Asthma,GRCh38,Asthma,PRIMARY,Direct disease,Direct disease,False,True,B,B,0,1,1,1,Asthma,EUR,EAS,11,chr11,102862736,102874982,102862735,102762736,102974982,102762735,100000,-,ENSG00000262406.3,protein_coding,MMP12,exact_gene_name,GENCODE v38,MATCHED,separate_ancestry_bgzf,https://gbmi-sumstats.s3.amazonaws.com/Asthma_Bothsex_eur_inv_var_meta_GBMI_052021_nbbkgt1.txt.gz,https://gbmi-sumstats.s3.amazonaws.com/Asthma_Bothsex_eur_inv_var_meta_GBMI_052021_nbbkgt1.txt.gz.tbi,https://gbmi-sumstats.s3.amazonaws.com/Asthma_Bothsex_eas_inv_var_meta_GBMI_052021_nbbkgt1.txt.gz,https://gbmi-sumstats.s3.amazonaws.com/Asthma_Bothsex_eas_inv_var_meta_GBMI_052021_nbbkgt1.txt.gz.tbi,EAS,PASS,MATCHED_EUR_AND_NON_EUR_FILES,True,True,True,True,True,
cmp_81e6fb935e951311,gt_e5f710ae8311d02e,NFKB1,GBMI,GBMI::Asthma,Asthma,Asthma,GRCh38,Asthma,PRIMARY,Direct disease,Direct disease,False,True,B,B,0,1,1,1,Asthma,EUR,AFR,4,chr4,102501331,102617302,102501330,102401331,102717302,102401330,100000,+,ENSG00000109320.13,protein_coding,NFKB1,exact_gene_name,GENCODE v38,MATCHED,separate_ancestry_bgzf,https://gbmi-sumstats.s3.amazonaws.com/Asthma_Bothsex_eur_inv_var_meta_GBMI_052021_nbbkgt1.txt.gz,https://gbmi-sumstats.s3.amazonaws.com/Asthma_Bothsex_eur_inv_var_meta_GBMI_052021_nbbkgt1.txt.gz.tbi,https://gbmi-sumstats.s3.amazonaws.com/Asthma_Bothsex_afr_inv_var_meta_GBMI_052021_nbbkgt1.txt.gz,https://gbmi-sumstats.s3.amazonaws.com/Asthma_Bothsex_afr_inv_var_meta_GBMI_052021_nbbkgt1.txt.gz.tbi,AFR,PASS,MATCHED_EUR_AND_NON_EUR_FILES,True,True,True,True,True,
cmp_6a4da4dd71f0791b,gt_e5f710ae8311d02e,NFKB1,GBMI,GBMI::Asthma,Asthma,Asthma,GRCh38,Asthma,PRIMARY,Direct disease,Direct disease,False,True,B,B,0,1,1,1,Asthma,EUR,AMR,4,chr4,102501331,102617302,102501330,102401331,102717302,102401330,100000,+,ENSG00000109320.13,protein_coding,NFKB1,exact_gene_name,GENCODE v38,MATCHED,separate_ancestry_bgzf,https://gbmi-sumstats.s3.amazonaws.com/Asthma_Bothsex_eur_inv_var_meta_GBMI_052021_nbbkgt1.txt.gz,https://gbmi-sumstats.s3.amazonaws.com/Asthma_Bothsex_eur_inv_var_meta_GBMI_052021_nbbkgt1.txt.gz.tbi,https://gbmi-sumstats.s3.amazonaws.com/Asthma_Bothsex_amr_inv_var_meta_GBMI_052021_nbbkgt1.txt.gz,https://gbmi-sumstats.s3.amazonaws.com/Asthma_Bothsex_amr_inv_var_meta_GBMI_052021_nbbkgt1.txt.gz.tbi,AMR,PASS,MATCHED_EUR_AND_NON_EUR_FILES,True,True,True,True,True,
cmp_39a9b5261c32bec2,gt_e5f710ae8311d02e,NFKB1,GBMI,GBMI::Asthma,Asthma,Asthma,GRCh38,Asthma,PRIMARY,Direct disease,Direct disease,False,True,B,B,0,1,1,1,Asthma,EUR,CSA,4,chr4,102501331,102617302,102501330,102401331,102717302,102401330,100000,+,ENSG00000109320.13,protein_coding,NFKB1,exact_gene_name,GENCODE v38,MATCHED,separate_ancestry_bgzf,https://gbmi-sumstats.s3.amazonaws.com/Asthma_Bothsex_eur_inv_var_meta_GBMI_052021_nbbkgt1.txt.gz,https://gbmi-sumstats.s3.amazonaws.com/Asthma_Bothsex_eur_inv_var_meta_GBMI_052021_nbbkgt1.txt.gz.tbi,https://gbmi-sumstats.s3.amazonaws.com/Asthma_Bothsex_sas_inv_var_meta_GBMI_052021_nbbkgt1.txt.gz,https://gbmi-sumstats.s3.amazonaws.com/Asthma_Bothsex_sas_inv_var_meta_GBMI_052021_nbbkgt1.txt.gz.tbi,SAS,PASS,MATCHED_EUR_AND_NON_EUR_FILES,True,True,True,True,True,
cmp_e018d207e91f13e8,gt_e5f710ae8311d02e,NFKB1,GBMI,GBMI::Asthma,Asthma,Asthma,GRCh38,Asthma,PRIMARY,Direct disease,Direct disease,False,True,B,B,0,1,1,1,Asthma,EUR,EAS,4,chr4,102501331,102617302,102501330,102401331,102717302,102401330,100000,+,ENSG00000109320.13,protein_coding,NFKB1,exact_gene_name,GENCODE v38,MATCHED,separate_ancestry_bgzf,https://gbmi-sumstats.s3.amazonaws.com/Asthma_Bothsex_eur_inv_var_meta_GBMI_052021_nbbkgt1.txt.gz,https://gbmi-sumstats.s3.amazonaws.com/Asthma_Bothsex_eur_inv_var_meta_GBMI_052021_nbbkgt1.txt.gz.tbi,https://gbmi-sumstats.s3.amazonaws.com/Asthma_Bothsex_eas_inv_var_meta_GBMI_052021_nbbkgt1.txt.gz,https://gbmi-sumstats.s3.amazonaws.com/Asthma_Bothsex_eas_inv_var_meta_GBMI_052021_nbbkgt1.txt.gz.tbi,EAS,PASS,MATCHED_EUR_AND_NON_EUR_FILES,True,True,True,True,True,
cmp_e99b9e694a260c3a,gt_ae042213ac6b4336,NR3C1,GBMI,GBMI::Asthma,Asthma,Asthma,GRCh38,Asthma,PRIMARY,Direct disease,Direct disease,False,True,A,A,1,0,1,1,Asthma,EUR,AFR,5,chr5,143277931,143435512,143277930,143177931,143535512,143177930,100000,-,ENSG00000113580.15,protein_coding,NR3C1,exact_gene_name,GENCODE v38,MATCHED,separate_ancestry_bgzf,https://gbmi-sumstats.s3.amazonaws.com/Asthma_Bothsex_eur_inv_var_meta_GBMI_052021_nbbkgt1.txt.gz,https://gbmi-sumstats.s3.amazonaws.com/Asthma_Bothsex_eur_inv_var_meta_GBMI_052021_nbbkgt1.txt.gz.tbi,https://gbmi-sumstats.s3.amazonaws.com/Asthma_Bothsex_afr_inv_var_meta_GBMI_052021_nbbkgt1.txt.gz,https://gbmi-sumstats.s3.amazonaws.com/Asthma_Bothsex_afr_inv_var_meta_GBMI_052021_nbbkgt1.txt.gz.tbi,AFR,PASS,MATCHED_EUR_AND_NON_EUR_FILES,True,True,True,True,True,
cmp_b5dd8a7fcca42b7c,gt_ae042213ac6b4336,NR3C1,GBMI,GBMI::Asthma,Asthma,Asthma,GRCh38,Asthma,PRIMARY,Direct disease,Direct disease,False,True,A,A,1,0,1,1,Asthma,EUR,AMR,5,chr5,143277931,143435512,143277930,143177931,143535512,143177930,100000,-,ENSG00000113580.15,protein_coding,NR3C1,exact_gene_name,GENCODE v38,MATCHED,separate_ancestry_bgzf,https://gbmi-sumstats.s3.amazonaws.com/Asthma_Bothsex_eur_inv_var_meta_GBMI_052021_nbbkgt1.txt.gz,https://gbmi-sumstats.s3.amazonaws.com/Asthma_Bothsex_eur_inv_var_meta_GBMI_052021_nbbkgt1.txt.gz.tbi,https://gbmi-sumstats.s3.amazonaws.com/Asthma_Bothsex_amr_inv_var_meta_GBMI_052021_nbbkgt1.txt.gz,https://gbmi-sumstats.s3.amazonaws.com/Asthma_Bothsex_amr_inv_var_meta_GBMI_052021_nbbkgt1.txt.gz.tbi,AMR,PASS,MATCHED_EUR_AND_NON_EUR_FILES,True,True,True,True,True,
cmp_f458ecfcec2c5d9f,gt_ae042213ac6b4336,NR3C1,GBMI,GBMI::Asthma,Asthma,Asthma,GRCh38,Asthma,PRIMARY,Direct disease,Direct disease,False,True,A,A,1,0,1,1,Asthma,EUR,CSA,5,chr5,143277931,143435512,143277930,143177931,143535512,143177930,100000,-,ENSG00000113580.15,protein_coding,NR3C1,exact_gene_name,GENCODE v38,MATCHED,separate_ancestry_bgzf,https://gbmi-sumstats.s3.amazonaws.com/Asthma_Bothsex_eur_inv_var_meta_GBMI_052021_nbbkgt1.txt.gz,https://gbmi-sumstats.s3.amazonaws.com/Asthma_Bothsex_eur_inv_var_meta_GBMI_052021_nbbkgt1.txt.gz.tbi,https://gbmi-sumstats.s3.amazonaws.com/Asthma_Bothsex_sas_inv_var_meta_GBMI_052021_nbbkgt1.txt.gz,https://gbmi-sumstats.s3.amazonaws.com/Asthma_Bothsex_sas_inv_var_meta_GBMI_052021_nbbkgt1.txt.gz.tbi,SAS,PASS,MATCHED_EUR_AND_NON_EUR_FILES,True,True,True,True,True,
cmp_8063a29b00ae6a87,gt_ae042213ac6b4336,NR3C1,GBMI,GBMI::Asthma,Asthma,Asthma,GRCh38,Asthma,PRIMARY,Direct disease,Direct disease,False,True,A,A,1,0,1,1,Asthma,EUR,EAS,5,chr5,143277931,143435512,143277930,143177931,143535512,143177930,100000,-,ENSG00000113580.15,protein_coding,NR3C1,exact_gene_name,GENCODE v38,MATCHED,separate_ancestry_bgzf,https://gbmi-sumstats.s3.amazonaws.com/Asthma_Bothsex_eur_inv_var_meta_GBMI_052021_nbbkgt1.txt.gz,https://gbmi-sumstats.s3.amazonaws.com/Asthma_Bothsex_eur_inv_var_meta_GBMI_052021_nbbkgt1.txt.gz.tbi,https://gbmi-sumstats.s3.amazonaws.com/Asthma_Bothsex_eas_inv_var_meta_GBMI_052021_nbbkgt1.txt.gz,https://gbmi-sumstats.s3.amazonaws.com/Asthma_Bothsex_eas_inv_var_meta_GBMI_052021_nbbkgt1.txt.gz.tbi,EAS,PASS,MATCHED_EUR_AND_NON_EUR_FILES,True,True,True,True,True,
cmp_00c0877e4cf73aff,gt_b2f382990ec4dea4,P2RY2,GBMI,GBMI::Asthma,Asthma,Asthma,GRCh38,Asthma,PRIMARY,Direct disease,Direct disease,False,True,B,B,0,1,1,1,Asthma,EUR,AFR,11,chr11,73218281,73242427,73218280,73118281,73342427,73118280,100000,+,ENSG00000175591.12,protein_coding,P2RY2,exact_gene_name,GENCODE v38,MATCHED,separate_ancestry_bgzf,https://gbmi-sumstats.s3.amazonaws.com/Asthma_Bothsex_eur_inv_var_meta_GBMI_052021_nbbkgt1.txt.gz,https://gbmi-sumstats.s3.amazonaws.com/Asthma_Bothsex_eur_inv_var_meta_GBMI_052021_nbbkgt1.txt.gz.tbi,https://gbmi-sumstats.s3.amazonaws.com/Asthma_Bothsex_afr_inv_var_meta_GBMI_052021_nbbkgt1.txt.gz,https://gbmi-sumstats.s3.amazonaws.com/Asthma_Bothsex_afr_inv_var_meta_GBMI_052021_nbbkgt1.txt.gz.tbi,AFR,PASS,MATCHED_EUR_AND_NON_EUR_FILES,True,True,True,True,True,
cmp_279d799e99cad7e6,gt_b2f382990ec4dea4,P2RY2,GBMI,GBMI::Asthma,Asthma,Asthma,GRCh38,Asthma,PRIMARY,Direct disease,Direct disease,False,True,B,B,0,1,1,1,Asthma,EUR,AMR,11,chr11,73218281,73242427,73218280,73118281,73342427,73118280,100000,+,ENSG00000175591.12,protein_coding,P2RY2,exact_gene_name,GENCODE v38,MATCHED,separate_ancestry_bgzf,https://gbmi-sumstats.s3.amazonaws.com/Asthma_Bothsex_eur_inv_var_meta_GBMI_052021_nbbkgt1.txt.gz,https://gbmi-sumstats.s3.amazonaws.com/Asthma_Bothsex_eur_inv_var_meta_GBMI_052021_nbbkgt1.txt.gz.tbi,https://gbmi-sumstats.s3.amazonaws.com/Asthma_Bothsex_amr_inv_var_meta_GBMI_052021_nbbkgt1.txt.gz,https://gbmi-sumstats.s3.amazonaws.com/Asthma_Bothsex_amr_inv_var_meta_GBMI_052021_nbbkgt1.txt.gz.tbi,AMR,PASS,MATCHED_EUR_AND_NON_EUR_FILES,True,True,True,True,True,
cmp_c8ca51c9e7ed8887,gt_b2f382990ec4dea4,P2RY2,GBMI,GBMI::Asthma,Asthma,Asthma,GRCh38,Asthma,PRIMARY,Direct disease,Direct disease,False,True,B,B,0,1,1,1,Asthma,EUR,CSA,11,chr11,73218281,73242427,73218280,73118281,73342427,73118280,100000,+,ENSG00000175591.12,protein_coding,P2RY2,exact_gene_name,GENCODE v38,MATCHED,separate_ancestry_bgzf,https://gbmi-sumstats.s3.amazonaws.com/Asthma_Bothsex_eur_inv_var_meta_GBMI_052021_nbbkgt1.txt.gz,https://gbmi-sumstats.s3.amazonaws.com/Asthma_Bothsex_eur_inv_var_meta_GBMI_052021_nbbkgt1.txt.gz.tbi,https://gbmi-sumstats.s3.amazonaws.com/Asthma_Bothsex_sas_inv_var_meta_GBMI_052021_nbbkgt1.txt.gz,https://gbmi-sumstats.s3.amazonaws.com/Asthma_Bothsex_sas_inv_var_meta_GBMI_052021_nbbkgt1.txt.gz.tbi,SAS,PASS,MATCHED_EUR_AND_NON_EUR_FILES,True,True,True,True,True,
cmp_f9d05cb9b9fddeed,gt_b2f382990ec4dea4,P2RY2,GBMI,GBMI::Asthma,Asthma,Asthma,GRCh38,Asthma,PRIMARY,Direct disease,Direct disease,False,True,B,B,0,1,1,1,Asthma,EUR,EAS,11,chr11,73218281,73242427,73218280,73118281,73342427,73118280,100000,+,ENSG00000175591.12,protein_coding,P2RY2,exact_gene_name,GENCODE v38,MATCHED,separate_ancestry_bgzf,https://gbmi-sumstats.s3.amazonaws.com/Asthma_Bothsex_eur_inv_var_meta_GBMI_052021_nbbkgt1.txt.gz,https://gbmi-sumstats.s3.amazonaws.com/Asthma_Bothsex_eur_inv_var_meta_GBMI_052021_nbbkgt1.txt.gz.tbi,https://gbmi-sumstats.s3.amazonaws.com/Asthma_Bothsex_eas_inv_var_meta_GBMI_052021_nbbkgt1.txt.gz,https://gbmi-sumstats.s3.amazonaws.com/Asthma_Bothsex_eas_inv_var_meta_GBMI_052021_nbbkgt1.txt.gz.tbi,EAS,PASS,MATCHED_EUR_AND_NON_EUR_FILES,True,True,True,True,True,
cmp_f416cef74ff8f5d3,gt_365c91e7f793fde3,PDE3A,GBMI,GBMI::Asthma,Asthma,Asthma,GRCh38,Asthma,PRIMARY,Direct disease,Direct disease,False,True,B,B,0,1,1,1,Asthma,EUR,AFR,12,chr12,20368537,20688583,20368536,20268537,20788583,20268536,100000,+,ENSG00000172572.7,protein_coding,PDE3A,exact_gene_name,GENCODE v38,MATCHED,separate_ancestry_bgzf,https://gbmi-sumstats.s3.amazonaws.com/Asthma_Bothsex_eur_inv_var_meta_GBMI_052021_nbbkgt1.txt.gz,https://gbmi-sumstats.s3.amazonaws.com/Asthma_Bothsex_eur_inv_var_meta_GBMI_052021_nbbkgt1.txt.gz.tbi,https://gbmi-sumstats.s3.amazonaws.com/Asthma_Bothsex_afr_inv_var_meta_GBMI_052021_nbbkgt1.txt.gz,https://gbmi-sumstats.s3.amazonaws.com/Asthma_Bothsex_afr_inv_var_meta_GBMI_052021_nbbkgt1.txt.gz.tbi,AFR,PASS,MATCHED_EUR_AND_NON_EUR_FILES,True,True,True,True,True,
cmp_715cbde0b191e2ec,gt_365c91e7f793fde3,PDE3A,GBMI,GBMI::Asthma,Asthma,Asthma,GRCh38,Asthma,PRIMARY,Direct disease,Direct disease,False,True,B,B,0,1,1,1,Asthma,EUR,AMR,12,chr12,20368537,20688583,20368536,20268537,20788583,20268536,100000,+,ENSG00000172572.7,protein_coding,PDE3A,exact_gene_name,GENCODE v38,MATCHED,separate_ancestry_bgzf,https://gbmi-sumstats.s3.amazonaws.com/Asthma_Bothsex_eur_inv_var_meta_GBMI_052021_nbbkgt1.txt.gz,https://gbmi-sumstats.s3.amazonaws.com/Asthma_Bothsex_eur_inv_var_meta_GBMI_052021_nbbkgt1.txt.gz.tbi,https://gbmi-sumstats.s3.amazonaws.com/Asthma_Bothsex_amr_inv_var_meta_GBMI_052021_nbbkgt1.txt.gz,https://gbmi-sumstats.s3.amazonaws.com/Asthma_Bothsex_amr_inv_var_meta_GBMI_052021_nbbkgt1.txt.gz.tbi,AMR,PASS,MATCHED_EUR_AND_NON_EUR_FILES,True,True,True,True,True,
cmp_856487be35c75773,gt_365c91e7f793fde3,PDE3A,GBMI,GBMI::Asthma,Asthma,Asthma,GRCh38,Asthma,PRIMARY,Direct disease,Direct disease,False,True,B,B,0,1,1,1,Asthma,EUR,CSA,12,chr12,20368537,20688583,20368536,20268537,20788583,20268536,100000,+,ENSG00000172572.7,protein_coding,PDE3A,exact_gene_name,GENCODE v38,MATCHED,separate_ancestry_bgzf,https://gbmi-sumstats.s3.amazonaws.com/Asthma_Bothsex_eur_inv_var_meta_GBMI_052021_nbbkgt1.txt.gz,https://gbmi-sumstats.s3.amazonaws.com/Asthma_Bothsex_eur_inv_var_meta_GBMI_052021_nbbkgt1.txt.gz.tbi,https://gbmi-sumstats.s3.amazonaws.com/Asthma_Bothsex_sas_inv_var_meta_GBMI_052021_nbbkgt1.txt.gz,https://gbmi-sumstats.s3.amazonaws.com/Asthma_Bothsex_sas_inv_var_meta_GBMI_052021_nbbkgt1.txt.gz.tbi,SAS,PASS,MATCHED_EUR_AND_NON_EUR_FILES,True,True,True,True,True,
cmp_db5df5f6d2e98002,gt_365c91e7f793fde3,PDE3A,GBMI,GBMI::Asthma,Asthma,Asthma,GRCh38,Asthma,PRIMARY,Direct disease,Direct disease,False,True,B,B,0,1,1,1,Asthma,EUR,EAS,12,chr12,20368537,20688583,20368536,20268537,20788583,20268536,100000,+,ENSG00000172572.7,protein_coding,PDE3A,exact_gene_name,GENCODE v38,MATCHED,separate_ancestry_bgzf,https://gbmi-sumstats.s3.amazonaws.com/Asthma_Bothsex_eur_inv_var_meta_GBMI_052021_nbbkgt1.txt.gz,https://gbmi-sumstats.s3.amazonaws.com/Asthma_Bothsex_eur_inv_var_meta_GBMI_052021_nbbkgt1.txt.gz.tbi,https://gbmi-sumstats.s3.amazonaws.com/Asthma_Bothsex_eas_inv_var_meta_GBMI_052021_nbbkgt1.txt.gz,https://gbmi-sumstats.s3.amazonaws.com/Asthma_Bothsex_eas_inv_var_meta_GBMI_052021_nbbkgt1.txt.gz.tbi,EAS,PASS,MATCHED_EUR_AND_NON_EUR_FILES,True,True,True,True,True,
cmp_dd1199ab22dd3b77,gt_9d4cf5ee28185b3f,PDE4B,GBMI,GBMI::Asthma,Asthma,Asthma,GRCh38,Asthma,PRIMARY,Direct disease,Direct disease,False,True,B,B,0,1,1,1,Asthma,EUR,AFR,1,chr1,65792514,66374579,65792513,65692514,66474579,65692513,100000,+,ENSG00000184588.18,protein_coding,PDE4B,exact_gene_name,GENCODE v38,MATCHED,separate_ancestry_bgzf,https://gbmi-sumstats.s3.amazonaws.com/Asthma_Bothsex_eur_inv_var_meta_GBMI_052021_nbbkgt1.txt.gz,https://gbmi-sumstats.s3.amazonaws.com/Asthma_Bothsex_eur_inv_var_meta_GBMI_052021_nbbkgt1.txt.gz.tbi,https://gbmi-sumstats.s3.amazonaws.com/Asthma_Bothsex_afr_inv_var_meta_GBMI_052021_nbbkgt1.txt.gz,https://gbmi-sumstats.s3.amazonaws.com/Asthma_Bothsex_afr_inv_var_meta_GBMI_052021_nbbkgt1.txt.gz.tbi,AFR,PASS,MATCHED_EUR_AND_NON_EUR_FILES,True,True,True,True,True,
cmp_03f2ddb9340f36ed,gt_9d4cf5ee28185b3f,PDE4B,GBMI,GBMI::Asthma,Asthma,Asthma,GRCh38,Asthma,PRIMARY,Direct disease,Direct disease,False,True,B,B,0,1,1,1,Asthma,EUR,AMR,1,chr1,65792514,66374579,65792513,65692514,66474579,65692513,100000,+,ENSG00000184588.18,protein_coding,PDE4B,exact_gene_name,GENCODE v38,MATCHED,separate_ancestry_bgzf,https://gbmi-sumstats.s3.amazonaws.com/Asthma_Bothsex_eur_inv_var_meta_GBMI_052021_nbbkgt1.txt.gz,https://gbmi-sumstats.s3.amazonaws.com/Asthma_Bothsex_eur_inv_var_meta_GBMI_052021_nbbkgt1.txt.gz.tbi,https://gbmi-sumstats.s3.amazonaws.com/Asthma_Bothsex_amr_inv_var_meta_GBMI_052021_nbbkgt1.txt.gz,https://gbmi-sumstats.s3.amazonaws.com/Asthma_Bothsex_amr_inv_var_meta_GBMI_052021_nbbkgt1.txt.gz.tbi,AMR,PASS,MATCHED_EUR_AND_NON_EUR_FILES,True,True,True,True,True,
cmp_4d09c42333a8fe38,gt_9d4cf5ee28185b3f,PDE4B,GBMI,GBMI::Asthma,Asthma,Asthma,GRCh38,Asthma,PRIMARY,Direct disease,Direct disease,False,True,B,B,0,1,1,1,Asthma,EUR,CSA,1,chr1,65792514,66374579,65792513,65692514,66474579,65692513,100000,+,ENSG00000184588.18,protein_coding,PDE4B,exact_gene_name,GENCODE v38,MATCHED,separate_ancestry_bgzf,https://gbmi-sumstats.s3.amazonaws.com/Asthma_Bothsex_eur_inv_var_meta_GBMI_052021_nbbkgt1.txt.gz,https://gbmi-sumstats.s3.amazonaws.com/Asthma_Bothsex_eur_inv_var_meta_GBMI_052021_nbbkgt1.txt.gz.tbi,https://gbmi-sumstats.s3.amazonaws.com/Asthma_Bothsex_sas_inv_var_meta_GBMI_052021_nbbkgt1.txt.gz,https://gbmi-sumstats.s3.amazonaws.com/Asthma_Bothsex_sas_inv_var_meta_GBMI_052021_nbbkgt1.txt.gz.tbi,SAS,PASS,MATCHED_EUR_AND_NON_EUR_FILES,True,True,True,True,True,
cmp_5d6b9aa7b5fb6072,gt_9d4cf5ee28185b3f,PDE4B,GBMI,GBMI::Asthma,Asthma,Asthma,GRCh38,Asthma,PRIMARY,Direct disease,Direct disease,False,True,B,B,0,1,1,1,Asthma,EUR,EAS,1,chr1,65792514,66374579,65792513,65692514,66474579,65692513,100000,+,ENSG00000184588.18,protein_coding,PDE4B,exact_gene_name,GENCODE v38,MATCHED,separate_ancestry_bgzf,https://gbmi-sumstats.s3.amazonaws.com/Asthma_Bothsex_eur_inv_var_meta_GBMI_052021_nbbkgt1.txt.gz,https://gbmi-sumstats.s3.amazonaws.com/Asthma_Bothsex_eur_inv_var_meta_GBMI_052021_nbbkgt1.txt.gz.tbi,https://gbmi-sumstats.s3.amazonaws.com/Asthma_Bothsex_eas_inv_var_meta_GBMI_052021_nbbkgt1.txt.gz,https://gbmi-sumstats.s3.amazonaws.com/Asthma_Bothsex_eas_inv_var_meta_GBMI_052021_nbbkgt1.txt.gz.tbi,EAS,PASS,MATCHED_EUR_AND_NON_EUR_FILES,True,True,True,True,True,
cmp_ce64a986a8d15c08,gt_70efb959c61a6093,PDE4D,GBMI,GBMI::Asthma,Asthma,Asthma,GRCh38,Asthma,PRIMARY,Direct disease,Direct disease,False,True,B,B,0,1,1,1,Asthma,EUR,AFR,5,chr5,58969038,60522120,58969037,58869038,60622120,58869037,100000,-,ENSG00000113448.19,protein_coding,PDE4D,exact_gene_name,GENCODE v38,MATCHED,separate_ancestry_bgzf,https://gbmi-sumstats.s3.amazonaws.com/Asthma_Bothsex_eur_inv_var_meta_GBMI_052021_nbbkgt1.txt.gz,https://gbmi-sumstats.s3.amazonaws.com/Asthma_Bothsex_eur_inv_var_meta_GBMI_052021_nbbkgt1.txt.gz.tbi,https://gbmi-sumstats.s3.amazonaws.com/Asthma_Bothsex_afr_inv_var_meta_GBMI_052021_nbbkgt1.txt.gz,https://gbmi-sumstats.s3.amazonaws.com/Asthma_Bothsex_afr_inv_var_meta_GBMI_052021_nbbkgt1.txt.gz.tbi,AFR,PASS,MATCHED_EUR_AND_NON_EUR_FILES,True,True,True,True,True,
cmp_8034523652295a06,gt_70efb959c61a6093,PDE4D,GBMI,GBMI::Asthma,Asthma,Asthma,GRCh38,Asthma,PRIMARY,Direct disease,Direct disease,False,True,B,B,0,1,1,1,Asthma,EUR,AMR,5,chr5,58969038,60522120,58969037,58869038,60622120,58869037,100000,-,ENSG00000113448.19,protein_coding,PDE4D,exact_gene_name,GENCODE v38,MATCHED,separate_ancestry_bgzf,https://gbmi-sumstats.s3.amazonaws.com/Asthma_Bothsex_eur_inv_var_meta_GBMI_052021_nbbkgt1.txt.gz,https://gbmi-sumstats.s3.amazonaws.com/Asthma_Bothsex_eur_inv_var_meta_GBMI_052021_nbbkgt1.txt.gz.tbi,https://gbmi-sumstats.s3.amazonaws.com/Asthma_Bothsex_amr_inv_var_meta_GBMI_052021_nbbkgt1.txt.gz,https://gbmi-sumstats.s3.amazonaws.com/Asthma_Bothsex_amr_inv_var_meta_GBMI_052021_nbbkgt1.txt.gz.tbi,AMR,PASS,MATCHED_EUR_AND_NON_EUR_FILES,True,True,True,True,True,
cmp_06ec7c1c45431cd9,gt_70efb959c61a6093,PDE4D,GBMI,GBMI::Asthma,Asthma,Asthma,GRCh38,Asthma,PRIMARY,Direct disease,Direct disease,False,True,B,B,0,1,1,1,Asthma,EUR,CSA,5,chr5,58969038,60522120,58969037,58869038,60622120,58869037,100000,-,ENSG00000113448.19,protein_coding,PDE4D,exact_gene_name,GENCODE v38,MATCHED,separate_ancestry_bgzf,https://gbmi-sumstats.s3.amazonaws.com/Asthma_Bothsex_eur_inv_var_meta_GBMI_052021_nbbkgt1.txt.gz,https://gbmi-sumstats.s3.amazonaws.com/Asthma_Bothsex_eur_inv_var_meta_GBMI_052021_nbbkgt1.txt.gz.tbi,https://gbmi-sumstats.s3.amazonaws.com/Asthma_Bothsex_sas_inv_var_meta_GBMI_052021_nbbkgt1.txt.gz,https://gbmi-sumstats.s3.amazonaws.com/Asthma_Bothsex_sas_inv_var_meta_GBMI_052021_nbbkgt1.txt.gz.tbi,SAS,PASS,MATCHED_EUR_AND_NON_EUR_FILES,True,True,True,True,True,
cmp_82ff76430d4c159e,gt_70efb959c61a6093,PDE4D,GBMI,GBMI::Asthma,Asthma,Asthma,GRCh38,Asthma,PRIMARY,Direct disease,Direct disease,False,True,B,B,0,1,1,1,Asthma,EUR,EAS,5,chr5,58969038,60522120,58969037,58869038,60622120,58869037,100000,-,ENSG00000113448.19,protein_coding,PDE4D,exact_gene_name,GENCODE v38,MATCHED,separate_ancestry_bgzf,https://gbmi-sumstats.s3.amazonaws.com/Asthma_Bothsex_eur_inv_var_meta_GBMI_052021_nbbkgt1.txt.gz,https://gbmi-sumstats.s3.amazonaws.com/Asthma_Bothsex_eur_inv_var_meta_GBMI_052021_nbbkgt1.txt.gz.tbi,https://gbmi-sumstats.s3.amazonaws.com/Asthma_Bothsex_eas_inv_var_meta_GBMI_052021_nbbkgt1.txt.gz,https://gbmi-sumstats.s3.amazonaws.com/Asthma_Bothsex_eas_inv_var_meta_GBMI_052021_nbbkgt1.txt.gz.tbi,EAS,PASS,MATCHED_EUR_AND_NON_EUR_FILES,True,True,True,True,True,
cmp_0774efc1872e713e,gt_7f50a9fa80553ca7,TNFSF15,GBMI,GBMI::Asthma,Asthma,Asthma,GRCh38,Asthma,PRIMARY,Direct disease,Direct disease,False,True,B,B,0,1,1,1,Asthma,EUR,AFR,9,chr9,114784652,114806039,114784651,114684652,114906039,114684651,100000,-,ENSG00000181634.8,protein_coding,TNFSF15,exact_gene_name,GENCODE v38,MATCHED,separate_ancestry_bgzf,https://gbmi-sumstats.s3.amazonaws.com/Asthma_Bothsex_eur_inv_var_meta_GBMI_052021_nbbkgt1.txt.gz,https://gbmi-sumstats.s3.amazonaws.com/Asthma_Bothsex_eur_inv_var_meta_GBMI_052021_nbbkgt1.txt.gz.tbi,https://gbmi-sumstats.s3.amazonaws.com/Asthma_Bothsex_afr_inv_var_meta_GBMI_052021_nbbkgt1.txt.gz,https://gbmi-sumstats.s3.amazonaws.com/Asthma_Bothsex_afr_inv_var_meta_GBMI_052021_nbbkgt1.txt.gz.tbi,AFR,PASS,MATCHED_EUR_AND_NON_EUR_FILES,True,True,True,True,True,
cmp_66091c879cda73f3,gt_7f50a9fa80553ca7,TNFSF15,GBMI,GBMI::Asthma,Asthma,Asthma,GRCh38,Asthma,PRIMARY,Direct disease,Direct disease,False,True,B,B,0,1,1,1,Asthma,EUR,AMR,9,chr9,114784652,114806039,114784651,114684652,114906039,114684651,100000,-,ENSG00000181634.8,protein_coding,TNFSF15,exact_gene_name,GENCODE v38,MATCHED,separate_ancestry_bgzf,https://gbmi-sumstats.s3.amazonaws.com/Asthma_Bothsex_eur_inv_var_meta_GBMI_052021_nbbkgt1.txt.gz,https://gbmi-sumstats.s3.amazonaws.com/Asthma_Bothsex_eur_inv_var_meta_GBMI_052021_nbbkgt1.txt.gz.tbi,https://gbmi-sumstats.s3.amazonaws.com/Asthma_Bothsex_amr_inv_var_meta_GBMI_052021_nbbkgt1.txt.gz,https://gbmi-sumstats.s3.amazonaws.com/Asthma_Bothsex_amr_inv_var_meta_GBMI_052021_nbbkgt1.txt.gz.tbi,AMR,PASS,MATCHED_EUR_AND_NON_EUR_FILES,True,True,True,True,True,
cmp_f5f9d92e52842a63,gt_7f50a9fa80553ca7,TNFSF15,GBMI,GBMI::Asthma,Asthma,Asthma,GRCh38,Asthma,PRIMARY,Direct disease,Direct disease,False,True,B,B,0,1,1,1,Asthma,EUR,CSA,9,chr9,114784652,114806039,114784651,114684652,114906039,114684651,100000,-,ENSG00000181634.8,protein_coding,TNFSF15,exact_gene_name,GENCODE v38,MATCHED,separate_ancestry_bgzf,https://gbmi-sumstats.s3.amazonaws.com/Asthma_Bothsex_eur_inv_var_meta_GBMI_052021_nbbkgt1.txt.gz,https://gbmi-sumstats.s3.amazonaws.com/Asthma_Bothsex_eur_inv_var_meta_GBMI_052021_nbbkgt1.txt.gz.tbi,https://gbmi-sumstats.s3.amazonaws.com/Asthma_Bothsex_sas_inv_var_meta_GBMI_052021_nbbkgt1.txt.gz,https://gbmi-sumstats.s3.amazonaws.com/Asthma_Bothsex_sas_inv_var_meta_GBMI_052021_nbbkgt1.txt.gz.tbi,SAS,PASS,MATCHED_EUR_AND_NON_EUR_FILES,True,True,True,True,True,
cmp_b5f053fdd7083b6e,gt_7f50a9fa80553ca7,TNFSF15,GBMI,GBMI::Asthma,Asthma,Asthma,GRCh38,Asthma,PRIMARY,Direct disease,Direct disease,False,True,B,B,0,1,1,1,Asthma,EUR,EAS,9,chr9,114784652,114806039,114784651,114684652,114906039,114684651,100000,-,ENSG00000181634.8,protein_coding,TNFSF15,exact_gene_name,GENCODE v38,MATCHED,separate_ancestry_bgzf,https://gbmi-sumstats.s3.amazonaws.com/Asthma_Bothsex_eur_inv_var_meta_GBMI_052021_nbbkgt1.txt.gz,https://gbmi-sumstats.s3.amazonaws.com/Asthma_Bothsex_eur_inv_var_meta_GBMI_052021_nbbkgt1.txt.gz.tbi,https://gbmi-sumstats.s3.amazonaws.com/Asthma_Bothsex_eas_inv_var_meta_GBMI_052021_nbbkgt1.txt.gz,https://gbmi-sumstats.s3.amazonaws.com/Asthma_Bothsex_eas_inv_var_meta_GBMI_052021_nbbkgt1.txt.gz.tbi,EAS,PASS,MATCHED_EUR_AND_NON_EUR_FILES,True,True,True,True,True,
cmp_ea126469051698c2,gt_a1149966f4c395a3,TNFSF4,GBMI,GBMI::Asthma,Asthma,Asthma,GRCh38,Asthma,PRIMARY,Direct disease,Direct disease,False,True,B,B,0,1,1,1,Asthma,EUR,AFR,1,chr1,173183731,173207331,173183730,173083731,173307331,173083730,100000,-,ENSG00000117586.11,protein_coding,TNFSF4,exact_gene_name,GENCODE v38,MATCHED,separate_ancestry_bgzf,https://gbmi-sumstats.s3.amazonaws.com/Asthma_Bothsex_eur_inv_var_meta_GBMI_052021_nbbkgt1.txt.gz,https://gbmi-sumstats.s3.amazonaws.com/Asthma_Bothsex_eur_inv_var_meta_GBMI_052021_nbbkgt1.txt.gz.tbi,https://gbmi-sumstats.s3.amazonaws.com/Asthma_Bothsex_afr_inv_var_meta_GBMI_052021_nbbkgt1.txt.gz,https://gbmi-sumstats.s3.amazonaws.com/Asthma_Bothsex_afr_inv_var_meta_GBMI_052021_nbbkgt1.txt.gz.tbi,AFR,PASS,MATCHED_EUR_AND_NON_EUR_FILES,True,True,True,True,True,
cmp_bf99a17326cc295c,gt_a1149966f4c395a3,TNFSF4,GBMI,GBMI::Asthma,Asthma,Asthma,GRCh38,Asthma,PRIMARY,Direct disease,Direct disease,False,True,B,B,0,1,1,1,Asthma,EUR,AMR,1,chr1,173183731,173207331,173183730,173083731,173307331,173083730,100000,-,ENSG00000117586.11,protein_coding,TNFSF4,exact_gene_name,GENCODE v38,MATCHED,separate_ancestry_bgzf,https://gbmi-sumstats.s3.amazonaws.com/Asthma_Bothsex_eur_inv_var_meta_GBMI_052021_nbbkgt1.txt.gz,https://gbmi-sumstats.s3.amazonaws.com/Asthma_Bothsex_eur_inv_var_meta_GBMI_052021_nbbkgt1.txt.gz.tbi,https://gbmi-sumstats.s3.amazonaws.com/Asthma_Bothsex_amr_inv_var_meta_GBMI_052021_nbbkgt1.txt.gz,https://gbmi-sumstats.s3.amazonaws.com/Asthma_Bothsex_amr_inv_var_meta_GBMI_052021_nbbkgt1.txt.gz.tbi,AMR,PASS,MATCHED_EUR_AND_NON_EUR_FILES,True,True,True,True,True,
cmp_c5eb7b0c9e5d28e0,gt_a1149966f4c395a3,TNFSF4,GBMI,GBMI::Asthma,Asthma,Asthma,GRCh38,Asthma,PRIMARY,Direct disease,Direct disease,False,True,B,B,0,1,1,1,Asthma,EUR,CSA,1,chr1,173183731,173207331,173183730,173083731,173307331,173083730,100000,-,ENSG00000117586.11,protein_coding,TNFSF4,exact_gene_name,GENCODE v38,MATCHED,separate_ancestry_bgzf,https://gbmi-sumstats.s3.amazonaws.com/Asthma_Bothsex_eur_inv_var_meta_GBMI_052021_nbbkgt1.txt.gz,https://gbmi-sumstats.s3.amazonaws.com/Asthma_Bothsex_eur_inv_var_meta_GBMI_052021_nbbkgt1.txt.gz.tbi,https://gbmi-sumstats.s3.amazonaws.com/Asthma_Bothsex_sas_inv_var_meta_GBMI_052021_nbbkgt1.txt.gz,https://gbmi-sumstats.s3.amazonaws.com/Asthma_Bothsex_sas_inv_var_meta_GBMI_052021_nbbkgt1.txt.gz.tbi,SAS,PASS,MATCHED_EUR_AND_NON_EUR_FILES,True,True,True,True,True,
cmp_7b9f8e7b25ae87d7,gt_a1149966f4c395a3,TNFSF4,GBMI,GBMI::Asthma,Asthma,Asthma,GRCh38,Asthma,PRIMARY,Direct disease,Direct disease,False,True,B,B,0,1,1,1,Asthma,EUR,EAS,1,chr1,173183731,173207331,173183730,173083731,173307331,173083730,100000,-,ENSG00000117586.11,protein_coding,TNFSF4,exact_gene_name,GENCODE v38,MATCHED,separate_ancestry_bgzf,https://gbmi-sumstats.s3.amazonaws.com/Asthma_Bothsex_eur_inv_var_meta_GBMI_052021_nbbkgt1.txt.gz,https://gbmi-sumstats.s3.amazonaws.com/Asthma_Bothsex_eur_inv_var_meta_GBMI_052021_nbbkgt1.txt.gz.tbi,https://gbmi-sumstats.s3.amazonaws.com/Asthma_Bothsex_eas_inv_var_meta_GBMI_052021_nbbkgt1.txt.gz,https://gbmi-sumstats.s3.amazonaws.com/Asthma_Bothsex_eas_inv_var_meta_GBMI_052021_nbbkgt1.txt.gz.tbi,EAS,PASS,MATCHED_EUR_AND_NON_EUR_FILES,True,True,True,True,True,
cmp_e854c14fa9f40a21,gt_9974caf98cb25074,TSLP,GBMI,GBMI::Asthma,Asthma,Asthma,GRCh38,Asthma,PRIMARY,Direct disease,Direct disease,False,True,A,A,1,0,1,1,Asthma,EUR,AFR,5,chr5,111070062,111078026,111070061,110970062,111178026,110970061,100000,+,ENSG00000145777.15,protein_coding,TSLP,exact_gene_name,GENCODE v38,MATCHED,separate_ancestry_bgzf,https://gbmi-sumstats.s3.amazonaws.com/Asthma_Bothsex_eur_inv_var_meta_GBMI_052021_nbbkgt1.txt.gz,https://gbmi-sumstats.s3.amazonaws.com/Asthma_Bothsex_eur_inv_var_meta_GBMI_052021_nbbkgt1.txt.gz.tbi,https://gbmi-sumstats.s3.amazonaws.com/Asthma_Bothsex_afr_inv_var_meta_GBMI_052021_nbbkgt1.txt.gz,https://gbmi-sumstats.s3.amazonaws.com/Asthma_Bothsex_afr_inv_var_meta_GBMI_052021_nbbkgt1.txt.gz.tbi,AFR,PASS,MATCHED_EUR_AND_NON_EUR_FILES,True,True,True,True,True,
cmp_ebe379c15a6da6e9,gt_9974caf98cb25074,TSLP,GBMI,GBMI::Asthma,Asthma,Asthma,GRCh38,Asthma,PRIMARY,Direct disease,Direct disease,False,True,A,A,1,0,1,1,Asthma,EUR,AMR,5,chr5,111070062,111078026,111070061,110970062,111178026,110970061,100000,+,ENSG00000145777.15,protein_coding,TSLP,exact_gene_name,GENCODE v38,MATCHED,separate_ancestry_bgzf,https://gbmi-sumstats.s3.amazonaws.com/Asthma_Bothsex_eur_inv_var_meta_GBMI_052021_nbbkgt1.txt.gz,https://gbmi-sumstats.s3.amazonaws.com/Asthma_Bothsex_eur_inv_var_meta_GBMI_052021_nbbkgt1.txt.gz.tbi,https://gbmi-sumstats.s3.amazonaws.com/Asthma_Bothsex_amr_inv_var_meta_GBMI_052021_nbbkgt1.txt.gz,https://gbmi-sumstats.s3.amazonaws.com/Asthma_Bothsex_amr_inv_var_meta_GBMI_052021_nbbkgt1.txt.gz.tbi,AMR,PASS,MATCHED_EUR_AND_NON_EUR_FILES,True,True,True,True,True,
cmp_381d86345f6977a1,gt_9974caf98cb25074,TSLP,GBMI,GBMI::Asthma,Asthma,Asthma,GRCh38,Asthma,PRIMARY,Direct disease,Direct disease,False,True,A,A,1,0,1,1,Asthma,EUR,CSA,5,chr5,111070062,111078026,111070061,110970062,111178026,110970061,100000,+,ENSG00000145777.15,protein_coding,TSLP,exact_gene_name,GENCODE v38,MATCHED,separate_ancestry_bgzf,https://gbmi-sumstats.s3.amazonaws.com/Asthma_Bothsex_eur_inv_var_meta_GBMI_052021_nbbkgt1.txt.gz,https://gbmi-sumstats.s3.amazonaws.com/Asthma_Bothsex_eur_inv_var_meta_GBMI_052021_nbbkgt1.txt.gz.tbi,https://gbmi-sumstats.s3.amazonaws.com/Asthma_Bothsex_sas_inv_var_meta_GBMI_052021_nbbkgt1.txt.gz,https://gbmi-sumstats.s3.amazonaws.com/Asthma_Bothsex_sas_inv_var_meta_GBMI_052021_nbbkgt1.txt.gz.tbi,SAS,PASS,MATCHED_EUR_AND_NON_EUR_FILES,True,True,True,True,True,
cmp_a54e8bec4ce3739c,gt_9974caf98cb25074,TSLP,GBMI,GBMI::Asthma,Asthma,Asthma,GRCh38,Asthma,PRIMARY,Direct disease,Direct disease,False,True,A,A,1,0,1,1,Asthma,EUR,EAS,5,chr5,111070062,111078026,111070061,110970062,111178026,110970061,100000,+,ENSG00000145777.15,protein_coding,TSLP,exact_gene_name,GENCODE v38,MATCHED,separate_ancestry_bgzf,https://gbmi-sumstats.s3.amazonaws.com/Asthma_Bothsex_eur_inv_var_meta_GBMI_052021_nbbkgt1.txt.gz,https://gbmi-sumstats.s3.amazonaws.com/Asthma_Bothsex_eur_inv_var_meta_GBMI_052021_nbbkgt1.txt.gz.tbi,https://gbmi-sumstats.s3.amazonaws.com/Asthma_Bothsex_eas_inv_var_meta_GBMI_052021_nbbkgt1.txt.gz,https://gbmi-sumstats.s3.amazonaws.com/Asthma_Bothsex_eas_inv_var_meta_GBMI_052021_nbbkgt1.txt.gz.tbi,EAS,PASS,MATCHED_EUR_AND_NON_EUR_FILES,True,True,True,True,True,
cmp_1651d20a22bcf975,gt_03d37cdcec9e6d39,TYK2,GBMI,GBMI::Asthma,Asthma,Asthma,GRCh38,Asthma,PRIMARY,Direct disease,Direct disease,False,True,B,B,0,1,1,1,Asthma,EUR,AFR,19,chr19,10350529,10380572,10350528,10250529,10480572,10250528,100000,-,ENSG00000105397.14,protein_coding,TYK2,exact_gene_name,GENCODE v38,MATCHED,separate_ancestry_bgzf,https://gbmi-sumstats.s3.amazonaws.com/Asthma_Bothsex_eur_inv_var_meta_GBMI_052021_nbbkgt1.txt.gz,https://gbmi-sumstats.s3.amazonaws.com/Asthma_Bothsex_eur_inv_var_meta_GBMI_052021_nbbkgt1.txt.gz.tbi,https://gbmi-sumstats.s3.amazonaws.com/Asthma_Bothsex_afr_inv_var_meta_GBMI_052021_nbbkgt1.txt.gz,https://gbmi-sumstats.s3.amazonaws.com/Asthma_Bothsex_afr_inv_var_meta_GBMI_052021_nbbkgt1.txt.gz.tbi,AFR,PASS,MATCHED_EUR_AND_NON_EUR_FILES,True,True,True,True,True,
cmp_7e05927d4234e8f1,gt_03d37cdcec9e6d39,TYK2,GBMI,GBMI::Asthma,Asthma,Asthma,GRCh38,Asthma,PRIMARY,Direct disease,Direct disease,False,True,B,B,0,1,1,1,Asthma,EUR,AMR,19,chr19,10350529,10380572,10350528,10250529,10480572,10250528,100000,-,ENSG00000105397.14,protein_coding,TYK2,exact_gene_name,GENCODE v38,MATCHED,separate_ancestry_bgzf,https://gbmi-sumstats.s3.amazonaws.com/Asthma_Bothsex_eur_inv_var_meta_GBMI_052021_nbbkgt1.txt.gz,https://gbmi-sumstats.s3.amazonaws.com/Asthma_Bothsex_eur_inv_var_meta_GBMI_052021_nbbkgt1.txt.gz.tbi,https://gbmi-sumstats.s3.amazonaws.com/Asthma_Bothsex_amr_inv_var_meta_GBMI_052021_nbbkgt1.txt.gz,https://gbmi-sumstats.s3.amazonaws.com/Asthma_Bothsex_amr_inv_var_meta_GBMI_052021_nbbkgt1.txt.gz.tbi,AMR,PASS,MATCHED_EUR_AND_NON_EUR_FILES,True,True,True,True,True,
cmp_4cadfeba397d5fcb,gt_03d37cdcec9e6d39,TYK2,GBMI,GBMI::Asthma,Asthma,Asthma,GRCh38,Asthma,PRIMARY,Direct disease,Direct disease,False,True,B,B,0,1,1,1,Asthma,EUR,CSA,19,chr19,10350529,10380572,10350528,10250529,10480572,10250528,100000,-,ENSG00000105397.14,protein_coding,TYK2,exact_gene_name,GENCODE v38,MATCHED,separate_ancestry_bgzf,https://gbmi-sumstats.s3.amazonaws.com/Asthma_Bothsex_eur_inv_var_meta_GBMI_052021_nbbkgt1.txt.gz,https://gbmi-sumstats.s3.amazonaws.com/Asthma_Bothsex_eur_inv_var_meta_GBMI_052021_nbbkgt1.txt.gz.tbi,https://gbmi-sumstats.s3.amazonaws.com/Asthma_Bothsex_sas_inv_var_meta_GBMI_052021_nbbkgt1.txt.gz,https://gbmi-sumstats.s3.amazonaws.com/Asthma_Bothsex_sas_inv_var_meta_GBMI_052021_nbbkgt1.txt.gz.tbi,SAS,PASS,MATCHED_EUR_AND_NON_EUR_FILES,True,True,True,True,True,
cmp_13ba9b9b5abf239c,gt_03d37cdcec9e6d39,TYK2,GBMI,GBMI::Asthma,Asthma,Asthma,GRCh38,Asthma,PRIMARY,Direct disease,Direct disease,False,True,B,B,0,1,1,1,Asthma,EUR,EAS,19,chr19,10350529,10380572,10350528,10250529,10480572,10250528,100000,-,ENSG00000105397.14,protein_coding,TYK2,exact_gene_name,GENCODE v38,MATCHED,separate_ancestry_bgzf,https://gbmi-sumstats.s3.amazonaws.com/Asthma_Bothsex_eur_inv_var_meta_GBMI_052021_nbbkgt1.txt.gz,https://gbmi-sumstats.s3.amazonaws.com/Asthma_Bothsex_eur_inv_var_meta_GBMI_052021_nbbkgt1.txt.gz.tbi,https://gbmi-sumstats.s3.amazonaws.com/Asthma_Bothsex_eas_inv_var_meta_GBMI_052021_nbbkgt1.txt.gz,https://gbmi-sumstats.s3.amazonaws.com/Asthma_Bothsex_eas_inv_var_meta_GBMI_052021_nbbkgt1.txt.gz.tbi,EAS,PASS,MATCHED_EUR_AND_NON_EUR_FILES,True,True,True,True,True,
cmp_99775e607307b46c,gt_9881a68950024bfa,ADORA1,GBMI,GBMI::COPD,Chronic obstructive pulmonary disease,COPD,GRCh38,COPD,PRIMARY,Direct disease,Direct disease,False,True,B,B,0,1,1,1,"Pulmonary Disease, Chronic Obstructive",EUR,AFR,1,chr1,203090654,203167405,203090653,202990654,203267405,202990653,100000,+,ENSG00000163485.17,protein_coding,ADORA1,exact_gene_name,GENCODE v38,MATCHED,separate_ancestry_bgzf,https://gbmi-sumstats.s3.amazonaws.com/COPD_Bothsex_eur_inv_var_meta_GBMI_052021_nbbkgt1.txt.gz,https://gbmi-sumstats.s3.amazonaws.com/COPD_Bothsex_eur_inv_var_meta_GBMI_052021_nbbkgt1.txt.gz.tbi,https://gbmi-sumstats.s3.amazonaws.com/COPD_Bothsex_afr_inv_var_meta_GBMI_052021_nbbkgt1.txt.gz,https://gbmi-sumstats.s3.amazonaws.com/COPD_Bothsex_afr_inv_var_meta_GBMI_052021_nbbkgt1.txt.gz.tbi,AFR,PASS,MATCHED_EUR_AND_NON_EUR_FILES,True,True,True,True,True,
cmp_f9420030b12a967c,gt_9881a68950024bfa,ADORA1,GBMI,GBMI::COPD,Chronic obstructive pulmonary disease,COPD,GRCh38,COPD,PRIMARY,Direct disease,Direct disease,False,True,B,B,0,1,1,1,"Pulmonary Disease, Chronic Obstructive",EUR,AMR,1,chr1,203090654,203167405,203090653,202990654,203267405,202990653,100000,+,ENSG00000163485.17,protein_coding,ADORA1,exact_gene_name,GENCODE v38,MATCHED,separate_ancestry_bgzf,https://gbmi-sumstats.s3.amazonaws.com/COPD_Bothsex_eur_inv_var_meta_GBMI_052021_nbbkgt1.txt.gz,https://gbmi-sumstats.s3.amazonaws.com/COPD_Bothsex_eur_inv_var_meta_GBMI_052021_nbbkgt1.txt.gz.tbi,https://gbmi-sumstats.s3.amazonaws.com/COPD_Bothsex_amr_inv_var_meta_GBMI_052021_nbbkgt1.txt.gz,https://gbmi-sumstats.s3.amazonaws.com/COPD_Bothsex_amr_inv_var_meta_GBMI_052021_nbbkgt1.txt.gz.tbi,AMR,PASS,MATCHED_EUR_AND_NON_EUR_FILES,True,True,True,True,True,
cmp_b183626c5e1a2682,gt_9881a68950024bfa,ADORA1,GBMI,GBMI::COPD,Chronic obstructive pulmonary disease,COPD,GRCh38,COPD,PRIMARY,Direct disease,Direct disease,False,True,B,B,0,1,1,1,"Pulmonary Disease, Chronic Obstructive",EUR,EAS,1,chr1,203090654,203167405,203090653,202990654,203267405,202990653,100000,+,ENSG00000163485.17,protein_coding,ADORA1,exact_gene_name,GENCODE v38,MATCHED,separate_ancestry_bgzf,https://gbmi-sumstats.s3.amazonaws.com/COPD_Bothsex_eur_inv_var_meta_GBMI_052021_nbbkgt1.txt.gz,https://gbmi-sumstats.s3.amazonaws.com/COPD_Bothsex_eur_inv_var_meta_GBMI_052021_nbbkgt1.txt.gz.tbi,https://gbmi-sumstats.s3.amazonaws.com/COPD_Bothsex_eas_inv_var_meta_GBMI_052021_nbbkgt1.txt.gz,https://gbmi-sumstats.s3.amazonaws.com/COPD_Bothsex_eas_inv_var_meta_GBMI_052021_nbbkgt1.txt.gz.tbi,EAS,PASS,MATCHED_EUR_AND_NON_EUR_FILES,True,True,True,True,True,
cmp_7b30a058acdf9401,gt_4fb43f1edb670fad,ADRB2,GBMI,GBMI::COPD,Chronic obstructive pulmonary disease,COPD,GRCh38,COPD,PRIMARY,Direct disease,Direct disease,False,True,A,A,1,0,1,1,"Pulmonary Disease, Chronic Obstructive",EUR,AFR,5,chr5,148826611,148828623,148826610,148726611,148928623,148726610,100000,+,ENSG00000169252.6,protein_coding,ADRB2,exact_gene_name,GENCODE v38,MATCHED,separate_ancestry_bgzf,https://gbmi-sumstats.s3.amazonaws.com/COPD_Bothsex_eur_inv_var_meta_GBMI_052021_nbbkgt1.txt.gz,https://gbmi-sumstats.s3.amazonaws.com/COPD_Bothsex_eur_inv_var_meta_GBMI_052021_nbbkgt1.txt.gz.tbi,https://gbmi-sumstats.s3.amazonaws.com/COPD_Bothsex_afr_inv_var_meta_GBMI_052021_nbbkgt1.txt.gz,https://gbmi-sumstats.s3.amazonaws.com/COPD_Bothsex_afr_inv_var_meta_GBMI_052021_nbbkgt1.txt.gz.tbi,AFR,PASS,MATCHED_EUR_AND_NON_EUR_FILES,True,True,True,True,True,
cmp_f62aa338ed422bb6,gt_4fb43f1edb670fad,ADRB2,GBMI,GBMI::COPD,Chronic obstructive pulmonary disease,COPD,GRCh38,COPD,PRIMARY,Direct disease,Direct disease,False,True,A,A,1,0,1,1,"Pulmonary Disease, Chronic Obstructive",EUR,AMR,5,chr5,148826611,148828623,148826610,148726611,148928623,148726610,100000,+,ENSG00000169252.6,protein_coding,ADRB2,exact_gene_name,GENCODE v38,MATCHED,separate_ancestry_bgzf,https://gbmi-sumstats.s3.amazonaws.com/COPD_Bothsex_eur_inv_var_meta_GBMI_052021_nbbkgt1.txt.gz,https://gbmi-sumstats.s3.amazonaws.com/COPD_Bothsex_eur_inv_var_meta_GBMI_052021_nbbkgt1.txt.gz.tbi,https://gbmi-sumstats.s3.amazonaws.com/COPD_Bothsex_amr_inv_var_meta_GBMI_052021_nbbkgt1.txt.gz,https://gbmi-sumstats.s3.amazonaws.com/COPD_Bothsex_amr_inv_var_meta_GBMI_052021_nbbkgt1.txt.gz.tbi,AMR,PASS,MATCHED_EUR_AND_NON_EUR_FILES,True,True,True,True,True,
cmp_def63fee9adfede7,gt_4fb43f1edb670fad,ADRB2,GBMI,GBMI::COPD,Chronic obstructive pulmonary disease,COPD,GRCh38,COPD,PRIMARY,Direct disease,Direct disease,False,True,A,A,1,0,1,1,"Pulmonary Disease, Chronic Obstructive",EUR,EAS,5,chr5,148826611,148828623,148826610,148726611,148928623,148726610,100000,+,ENSG00000169252.6,protein_coding,ADRB2,exact_gene_name,GENCODE v38,MATCHED,separate_ancestry_bgzf,https://gbmi-sumstats.s3.amazonaws.com/COPD_Bothsex_eur_inv_var_meta_GBMI_052021_nbbkgt1.txt.gz,https://gbmi-sumstats.s3.amazonaws.com/COPD_Bothsex_eur_inv_var_meta_GBMI_052021_nbbkgt1.txt.gz.tbi,https://gbmi-sumstats.s3.amazonaws.com/COPD_Bothsex_eas_inv_var_meta_GBMI_052021_nbbkgt1.txt.gz,https://gbmi-sumstats.s3.amazonaws.com/COPD_Bothsex_eas_inv_var_meta_GBMI_052021_nbbkgt1.txt.gz.tbi,EAS,PASS,MATCHED_EUR_AND_NON_EUR_FILES,True,True,True,True,True,
cmp_c8b387d82b73af29,gt_8517bb33d43dbd6b,CHRM3,GBMI,GBMI::COPD,Chronic obstructive pulmonary disease,COPD,GRCh38,COPD,PRIMARY,Direct disease,Direct disease,False,True,A,A,1,0,1,1,"Pulmonary Disease, Chronic Obstructive",EUR,AFR,1,chr1,239386565,239915452,239386564,239286565,240015452,239286564,100000,+,ENSG00000133019.12,protein_coding,CHRM3,exact_gene_name,GENCODE v38,MATCHED,separate_ancestry_bgzf,https://gbmi-sumstats.s3.amazonaws.com/COPD_Bothsex_eur_inv_var_meta_GBMI_052021_nbbkgt1.txt.gz,https://gbmi-sumstats.s3.amazonaws.com/COPD_Bothsex_eur_inv_var_meta_GBMI_052021_nbbkgt1.txt.gz.tbi,https://gbmi-sumstats.s3.amazonaws.com/COPD_Bothsex_afr_inv_var_meta_GBMI_052021_nbbkgt1.txt.gz,https://gbmi-sumstats.s3.amazonaws.com/COPD_Bothsex_afr_inv_var_meta_GBMI_052021_nbbkgt1.txt.gz.tbi,AFR,PASS,MATCHED_EUR_AND_NON_EUR_FILES,True,True,True,True,True,
cmp_3d2151e97cc0ce0d,gt_8517bb33d43dbd6b,CHRM3,GBMI,GBMI::COPD,Chronic obstructive pulmonary disease,COPD,GRCh38,COPD,PRIMARY,Direct disease,Direct disease,False,True,A,A,1,0,1,1,"Pulmonary Disease, Chronic Obstructive",EUR,AMR,1,chr1,239386565,239915452,239386564,239286565,240015452,239286564,100000,+,ENSG00000133019.12,protein_coding,CHRM3,exact_gene_name,GENCODE v38,MATCHED,separate_ancestry_bgzf,https://gbmi-sumstats.s3.amazonaws.com/COPD_Bothsex_eur_inv_var_meta_GBMI_052021_nbbkgt1.txt.gz,https://gbmi-sumstats.s3.amazonaws.com/COPD_Bothsex_eur_inv_var_meta_GBMI_052021_nbbkgt1.txt.gz.tbi,https://gbmi-sumstats.s3.amazonaws.com/COPD_Bothsex_amr_inv_var_meta_GBMI_052021_nbbkgt1.txt.gz,https://gbmi-sumstats.s3.amazonaws.com/COPD_Bothsex_amr_inv_var_meta_GBMI_052021_nbbkgt1.txt.gz.tbi,AMR,PASS,MATCHED_EUR_AND_NON_EUR_FILES,True,True,True,True,True,
cmp_a6f990f370ee73be,gt_8517bb33d43dbd6b,CHRM3,GBMI,GBMI::COPD,Chronic obstructive pulmonary disease,COPD,GRCh38,COPD,PRIMARY,Direct disease,Direct disease,False,True,A,A,1,0,1,1,"Pulmonary Disease, Chronic Obstructive",EUR,EAS,1,chr1,239386565,239915452,239386564,239286565,240015452,239286564,100000,+,ENSG00000133019.12,protein_coding,CHRM3,exact_gene_name,GENCODE v38,MATCHED,separate_ancestry_bgzf,https://gbmi-sumstats.s3.amazonaws.com/COPD_Bothsex_eur_inv_var_meta_GBMI_052021_nbbkgt1.txt.gz,https://gbmi-sumstats.s3.amazonaws.com/COPD_Bothsex_eur_inv_var_meta_GBMI_052021_nbbkgt1.txt.gz.tbi,https://gbmi-sumstats.s3.amazonaws.com/COPD_Bothsex_eas_inv_var_meta_GBMI_052021_nbbkgt1.txt.gz,https://gbmi-sumstats.s3.amazonaws.com/COPD_Bothsex_eas_inv_var_meta_GBMI_052021_nbbkgt1.txt.gz.tbi,EAS,PASS,MATCHED_EUR_AND_NON_EUR_FILES,True,True,True,True,True,
cmp_d21d81678d910f56,gt_516ff4c0d959d8ab,CSF2,GBMI,GBMI::COPD,Chronic obstructive pulmonary disease,COPD,GRCh38,COPD,PRIMARY,Direct disease,Direct disease,False,True,B,B,0,1,1,1,"Pulmonary Disease, Chronic Obstructive",EUR,AFR,5,chr5,132073789,132076170,132073788,131973789,132176170,131973788,100000,+,ENSG00000164400.6,protein_coding,CSF2,exact_gene_name,GENCODE v38,MATCHED,separate_ancestry_bgzf,https://gbmi-sumstats.s3.amazonaws.com/COPD_Bothsex_eur_inv_var_meta_GBMI_052021_nbbkgt1.txt.gz,https://gbmi-sumstats.s3.amazonaws.com/COPD_Bothsex_eur_inv_var_meta_GBMI_052021_nbbkgt1.txt.gz.tbi,https://gbmi-sumstats.s3.amazonaws.com/COPD_Bothsex_afr_inv_var_meta_GBMI_052021_nbbkgt1.txt.gz,https://gbmi-sumstats.s3.amazonaws.com/COPD_Bothsex_afr_inv_var_meta_GBMI_052021_nbbkgt1.txt.gz.tbi,AFR,PASS,MATCHED_EUR_AND_NON_EUR_FILES,True,True,True,True,True,
cmp_79fe799c93b464e6,gt_516ff4c0d959d8ab,CSF2,GBMI,GBMI::COPD,Chronic obstructive pulmonary disease,COPD,GRCh38,COPD,PRIMARY,Direct disease,Direct disease,False,True,B,B,0,1,1,1,"Pulmonary Disease, Chronic Obstructive",EUR,AMR,5,chr5,132073789,132076170,132073788,131973789,132176170,131973788,100000,+,ENSG00000164400.6,protein_coding,CSF2,exact_gene_name,GENCODE v38,MATCHED,separate_ancestry_bgzf,https://gbmi-sumstats.s3.amazonaws.com/COPD_Bothsex_eur_inv_var_meta_GBMI_052021_nbbkgt1.txt.gz,https://gbmi-sumstats.s3.amazonaws.com/COPD_Bothsex_eur_inv_var_meta_GBMI_052021_nbbkgt1.txt.gz.tbi,https://gbmi-sumstats.s3.amazonaws.com/COPD_Bothsex_amr_inv_var_meta_GBMI_052021_nbbkgt1.txt.gz,https://gbmi-sumstats.s3.amazonaws.com/COPD_Bothsex_amr_inv_var_meta_GBMI_052021_nbbkgt1.txt.gz.tbi,AMR,PASS,MATCHED_EUR_AND_NON_EUR_FILES,True,True,True,True,True,
cmp_9a5c6fcb69c5503f,gt_516ff4c0d959d8ab,CSF2,GBMI,GBMI::COPD,Chronic obstructive pulmonary disease,COPD,GRCh38,COPD,PRIMARY,Direct disease,Direct disease,False,True,B,B,0,1,1,1,"Pulmonary Disease, Chronic Obstructive",EUR,EAS,5,chr5,132073789,132076170,132073788,131973789,132176170,131973788,100000,+,ENSG00000164400.6,protein_coding,CSF2,exact_gene_name,GENCODE v38,MATCHED,separate_ancestry_bgzf,https://gbmi-sumstats.s3.amazonaws.com/COPD_Bothsex_eur_inv_var_meta_GBMI_052021_nbbkgt1.txt.gz,https://gbmi-sumstats.s3.amazonaws.com/COPD_Bothsex_eur_inv_var_meta_GBMI_052021_nbbkgt1.txt.gz.tbi,https://gbmi-sumstats.s3.amazonaws.com/COPD_Bothsex_eas_inv_var_meta_GBMI_052021_nbbkgt1.txt.gz,https://gbmi-sumstats.s3.amazonaws.com/COPD_Bothsex_eas_inv_var_meta_GBMI_052021_nbbkgt1.txt.gz.tbi,EAS,PASS,MATCHED_EUR_AND_NON_EUR_FILES,True,True,True,True,True,
cmp_e83cc1f827b5754c,gt_d84fcd64ca861af7,EPHX2,GBMI,GBMI::COPD,Chronic obstructive pulmonary disease,COPD,GRCh38,COPD,PRIMARY,Direct disease,Direct disease,False,True,B,B,0,1,1,1,"Pulmonary Disease, Chronic Obstructive",EUR,AFR,8,chr8,27490781,27545564,27490780,27390781,27645564,27390780,100000,+,ENSG00000120915.14,protein_coding,EPHX2,exact_gene_name,GENCODE v38,MATCHED,separate_ancestry_bgzf,https://gbmi-sumstats.s3.amazonaws.com/COPD_Bothsex_eur_inv_var_meta_GBMI_052021_nbbkgt1.txt.gz,https://gbmi-sumstats.s3.amazonaws.com/COPD_Bothsex_eur_inv_var_meta_GBMI_052021_nbbkgt1.txt.gz.tbi,https://gbmi-sumstats.s3.amazonaws.com/COPD_Bothsex_afr_inv_var_meta_GBMI_052021_nbbkgt1.txt.gz,https://gbmi-sumstats.s3.amazonaws.com/COPD_Bothsex_afr_inv_var_meta_GBMI_052021_nbbkgt1.txt.gz.tbi,AFR,PASS,MATCHED_EUR_AND_NON_EUR_FILES,True,True,True,True,True,
cmp_3a2a97dcf17ee031,gt_d84fcd64ca861af7,EPHX2,GBMI,GBMI::COPD,Chronic obstructive pulmonary disease,COPD,GRCh38,COPD,PRIMARY,Direct disease,Direct disease,False,True,B,B,0,1,1,1,"Pulmonary Disease, Chronic Obstructive",EUR,AMR,8,chr8,27490781,27545564,27490780,27390781,27645564,27390780,100000,+,ENSG00000120915.14,protein_coding,EPHX2,exact_gene_name,GENCODE v38,MATCHED,separate_ancestry_bgzf,https://gbmi-sumstats.s3.amazonaws.com/COPD_Bothsex_eur_inv_var_meta_GBMI_052021_nbbkgt1.txt.gz,https://gbmi-sumstats.s3.amazonaws.com/COPD_Bothsex_eur_inv_var_meta_GBMI_052021_nbbkgt1.txt.gz.tbi,https://gbmi-sumstats.s3.amazonaws.com/COPD_Bothsex_amr_inv_var_meta_GBMI_052021_nbbkgt1.txt.gz,https://gbmi-sumstats.s3.amazonaws.com/COPD_Bothsex_amr_inv_var_meta_GBMI_052021_nbbkgt1.txt.gz.tbi,AMR,PASS,MATCHED_EUR_AND_NON_EUR_FILES,True,True,True,True,True,
cmp_f22a7cef0aba19fb,gt_d84fcd64ca861af7,EPHX2,GBMI,GBMI::COPD,Chronic obstructive pulmonary disease,COPD,GRCh38,COPD,PRIMARY,Direct disease,Direct disease,False,True,B,B,0,1,1,1,"Pulmonary Disease, Chronic Obstructive",EUR,EAS,8,chr8,27490781,27545564,27490780,27390781,27645564,27390780,100000,+,ENSG00000120915.14,protein_coding,EPHX2,exact_gene_name,GENCODE v38,MATCHED,separate_ancestry_bgzf,https://gbmi-sumstats.s3.amazonaws.com/COPD_Bothsex_eur_inv_var_meta_GBMI_052021_nbbkgt1.txt.gz,https://gbmi-sumstats.s3.amazonaws.com/COPD_Bothsex_eur_inv_var_meta_GBMI_052021_nbbkgt1.txt.gz.tbi,https://gbmi-sumstats.s3.amazonaws.com/COPD_Bothsex_eas_inv_var_meta_GBMI_052021_nbbkgt1.txt.gz,https://gbmi-sumstats.s3.amazonaws.com/COPD_Bothsex_eas_inv_var_meta_GBMI_052021_nbbkgt1.txt.gz.tbi,EAS,PASS,MATCHED_EUR_AND_NON_EUR_FILES,True,True,True,True,True,
cmp_3f52a23106c37195,gt_9c552df762f04c46,GATA3,GBMI,GBMI::COPD,Chronic obstructive pulmonary disease,COPD,GRCh38,COPD,PRIMARY,Direct disease,Direct disease,False,True,B,B,0,1,1,1,"Pulmonary Disease, Chronic Obstructive",EUR,AFR,10,chr10,8045378,8075198,8045377,7945378,8175198,7945377,100000,+,ENSG00000107485.18,protein_coding,GATA3,exact_gene_name,GENCODE v38,MATCHED,separate_ancestry_bgzf,https://gbmi-sumstats.s3.amazonaws.com/COPD_Bothsex_eur_inv_var_meta_GBMI_052021_nbbkgt1.txt.gz,https://gbmi-sumstats.s3.amazonaws.com/COPD_Bothsex_eur_inv_var_meta_GBMI_052021_nbbkgt1.txt.gz.tbi,https://gbmi-sumstats.s3.amazonaws.com/COPD_Bothsex_afr_inv_var_meta_GBMI_052021_nbbkgt1.txt.gz,https://gbmi-sumstats.s3.amazonaws.com/COPD_Bothsex_afr_inv_var_meta_GBMI_052021_nbbkgt1.txt.gz.tbi,AFR,PASS,MATCHED_EUR_AND_NON_EUR_FILES,True,True,True,True,True,
cmp_1e4bde6774458ccd,gt_9c552df762f04c46,GATA3,GBMI,GBMI::COPD,Chronic obstructive pulmonary disease,COPD,GRCh38,COPD,PRIMARY,Direct disease,Direct disease,False,True,B,B,0,1,1,1,"Pulmonary Disease, Chronic Obstructive",EUR,AMR,10,chr10,8045378,8075198,8045377,7945378,8175198,7945377,100000,+,ENSG00000107485.18,protein_coding,GATA3,exact_gene_name,GENCODE v38,MATCHED,separate_ancestry_bgzf,https://gbmi-sumstats.s3.amazonaws.com/COPD_Bothsex_eur_inv_var_meta_GBMI_052021_nbbkgt1.txt.gz,https://gbmi-sumstats.s3.amazonaws.com/COPD_Bothsex_eur_inv_var_meta_GBMI_052021_nbbkgt1.txt.gz.tbi,https://gbmi-sumstats.s3.amazonaws.com/COPD_Bothsex_amr_inv_var_meta_GBMI_052021_nbbkgt1.txt.gz,https://gbmi-sumstats.s3.amazonaws.com/COPD_Bothsex_amr_inv_var_meta_GBMI_052021_nbbkgt1.txt.gz.tbi,AMR,PASS,MATCHED_EUR_AND_NON_EUR_FILES,True,True,True,True,True,
cmp_6248cabd231c57ae,gt_9c552df762f04c46,GATA3,GBMI,GBMI::COPD,Chronic obstructive pulmonary disease,COPD,GRCh38,COPD,PRIMARY,Direct disease,Direct disease,False,True,B,B,0,1,1,1,"Pulmonary Disease, Chronic Obstructive",EUR,EAS,10,chr10,8045378,8075198,8045377,7945378,8175198,7945377,100000,+,ENSG00000107485.18,protein_coding,GATA3,exact_gene_name,GENCODE v38,MATCHED,separate_ancestry_bgzf,https://gbmi-sumstats.s3.amazonaws.com/COPD_Bothsex_eur_inv_var_meta_GBMI_052021_nbbkgt1.txt.gz,https://gbmi-sumstats.s3.amazonaws.com/COPD_Bothsex_eur_inv_var_meta_GBMI_052021_nbbkgt1.txt.gz.tbi,https://gbmi-sumstats.s3.amazonaws.com/COPD_Bothsex_eas_inv_var_meta_GBMI_052021_nbbkgt1.txt.gz,https://gbmi-sumstats.s3.amazonaws.com/COPD_Bothsex_eas_inv_var_meta_GBMI_052021_nbbkgt1.txt.gz.tbi,EAS,PASS,MATCHED_EUR_AND_NON_EUR_FILES,True,True,True,True,True,
cmp_27f7de000415a5a6,gt_51f32a4cc0304948,HCRTR1,GBMI,GBMI::COPD,Chronic obstructive pulmonary disease,COPD,GRCh38,COPD,PRIMARY,Direct disease,Direct disease,False,True,B,B,0,1,1,1,"Pulmonary Disease, Chronic Obstructive",EUR,AFR,1,chr1,31617686,31632518,31617685,31517686,31732518,31517685,100000,+,ENSG00000121764.11,protein_coding,HCRTR1,exact_gene_name,GENCODE v38,MATCHED,separate_ancestry_bgzf,https://gbmi-sumstats.s3.amazonaws.com/COPD_Bothsex_eur_inv_var_meta_GBMI_052021_nbbkgt1.txt.gz,https://gbmi-sumstats.s3.amazonaws.com/COPD_Bothsex_eur_inv_var_meta_GBMI_052021_nbbkgt1.txt.gz.tbi,https://gbmi-sumstats.s3.amazonaws.com/COPD_Bothsex_afr_inv_var_meta_GBMI_052021_nbbkgt1.txt.gz,https://gbmi-sumstats.s3.amazonaws.com/COPD_Bothsex_afr_inv_var_meta_GBMI_052021_nbbkgt1.txt.gz.tbi,AFR,PASS,MATCHED_EUR_AND_NON_EUR_FILES,True,True,True,True,True,
cmp_e693be8f1d56fecd,gt_51f32a4cc0304948,HCRTR1,GBMI,GBMI::COPD,Chronic obstructive pulmonary disease,COPD,GRCh38,COPD,PRIMARY,Direct disease,Direct disease,False,True,B,B,0,1,1,1,"Pulmonary Disease, Chronic Obstructive",EUR,AMR,1,chr1,31617686,31632518,31617685,31517686,31732518,31517685,100000,+,ENSG00000121764.11,protein_coding,HCRTR1,exact_gene_name,GENCODE v38,MATCHED,separate_ancestry_bgzf,https://gbmi-sumstats.s3.amazonaws.com/COPD_Bothsex_eur_inv_var_meta_GBMI_052021_nbbkgt1.txt.gz,https://gbmi-sumstats.s3.amazonaws.com/COPD_Bothsex_eur_inv_var_meta_GBMI_052021_nbbkgt1.txt.gz.tbi,https://gbmi-sumstats.s3.amazonaws.com/COPD_Bothsex_amr_inv_var_meta_GBMI_052021_nbbkgt1.txt.gz,https://gbmi-sumstats.s3.amazonaws.com/COPD_Bothsex_amr_inv_var_meta_GBMI_052021_nbbkgt1.txt.gz.tbi,AMR,PASS,MATCHED_EUR_AND_NON_EUR_FILES,True,True,True,True,True,
cmp_23dc1acd8f48ad21,gt_51f32a4cc0304948,HCRTR1,GBMI,GBMI::COPD,Chronic obstructive pulmonary disease,COPD,GRCh38,COPD,PRIMARY,Direct disease,Direct disease,False,True,B,B,0,1,1,1,"Pulmonary Disease, Chronic Obstructive",EUR,EAS,1,chr1,31617686,31632518,31617685,31517686,31732518,31517685,100000,+,ENSG00000121764.11,protein_coding,HCRTR1,exact_gene_name,GENCODE v38,MATCHED,separate_ancestry_bgzf,https://gbmi-sumstats.s3.amazonaws.com/COPD_Bothsex_eur_inv_var_meta_GBMI_052021_nbbkgt1.txt.gz,https://gbmi-sumstats.s3.amazonaws.com/COPD_Bothsex_eur_inv_var_meta_GBMI_052021_nbbkgt1.txt.gz.tbi,https://gbmi-sumstats.s3.amazonaws.com/COPD_Bothsex_eas_inv_var_meta_GBMI_052021_nbbkgt1.txt.gz,https://gbmi-sumstats.s3.amazonaws.com/COPD_Bothsex_eas_inv_var_meta_GBMI_052021_nbbkgt1.txt.gz.tbi,EAS,PASS,MATCHED_EUR_AND_NON_EUR_FILES,True,True,True,True,True,
cmp_d6892d31bc8e5b1a,gt_c155d3285e50020d,HRH4,GBMI,GBMI::COPD,Chronic obstructive pulmonary disease,COPD,GRCh38,COPD,PRIMARY,Direct disease,Direct disease,False,True,B,B,0,1,1,1,"Pulmonary Disease, Chronic Obstructive",EUR,AFR,18,chr18,24460637,24479961,24460636,24360637,24579961,24360636,100000,+,ENSG00000134489.7,protein_coding,HRH4,exact_gene_name,GENCODE v38,MATCHED,separate_ancestry_bgzf,https://gbmi-sumstats.s3.amazonaws.com/COPD_Bothsex_eur_inv_var_meta_GBMI_052021_nbbkgt1.txt.gz,https://gbmi-sumstats.s3.amazonaws.com/COPD_Bothsex_eur_inv_var_meta_GBMI_052021_nbbkgt1.txt.gz.tbi,https://gbmi-sumstats.s3.amazonaws.com/COPD_Bothsex_afr_inv_var_meta_GBMI_052021_nbbkgt1.txt.gz,https://gbmi-sumstats.s3.amazonaws.com/COPD_Bothsex_afr_inv_var_meta_GBMI_052021_nbbkgt1.txt.gz.tbi,AFR,PASS,MATCHED_EUR_AND_NON_EUR_FILES,True,True,True,True,True,
cmp_296850778fbada3a,gt_c155d3285e50020d,HRH4,GBMI,GBMI::COPD,Chronic obstructive pulmonary disease,COPD,GRCh38,COPD,PRIMARY,Direct disease,Direct disease,False,True,B,B,0,1,1,1,"Pulmonary Disease, Chronic Obstructive",EUR,AMR,18,chr18,24460637,24479961,24460636,24360637,24579961,24360636,100000,+,ENSG00000134489.7,protein_coding,HRH4,exact_gene_name,GENCODE v38,MATCHED,separate_ancestry_bgzf,https://gbmi-sumstats.s3.amazonaws.com/COPD_Bothsex_eur_inv_var_meta_GBMI_052021_nbbkgt1.txt.gz,https://gbmi-sumstats.s3.amazonaws.com/COPD_Bothsex_eur_inv_var_meta_GBMI_052021_nbbkgt1.txt.gz.tbi,https://gbmi-sumstats.s3.amazonaws.com/COPD_Bothsex_amr_inv_var_meta_GBMI_052021_nbbkgt1.txt.gz,https://gbmi-sumstats.s3.amazonaws.com/COPD_Bothsex_amr_inv_var_meta_GBMI_052021_nbbkgt1.txt.gz.tbi,AMR,PASS,MATCHED_EUR_AND_NON_EUR_FILES,True,True,True,True,True,
cmp_650706fba16caa25,gt_c155d3285e50020d,HRH4,GBMI,GBMI::COPD,Chronic obstructive pulmonary disease,COPD,GRCh38,COPD,PRIMARY,Direct disease,Direct disease,False,True,B,B,0,1,1,1,"Pulmonary Disease, Chronic Obstructive",EUR,EAS,18,chr18,24460637,24479961,24460636,24360637,24579961,24360636,100000,+,ENSG00000134489.7,protein_coding,HRH4,exact_gene_name,GENCODE v38,MATCHED,separate_ancestry_bgzf,https://gbmi-sumstats.s3.amazonaws.com/COPD_Bothsex_eur_inv_var_meta_GBMI_052021_nbbkgt1.txt.gz,https://gbmi-sumstats.s3.amazonaws.com/COPD_Bothsex_eur_inv_var_meta_GBMI_052021_nbbkgt1.txt.gz.tbi,https://gbmi-sumstats.s3.amazonaws.com/COPD_Bothsex_eas_inv_var_meta_GBMI_052021_nbbkgt1.txt.gz,https://gbmi-sumstats.s3.amazonaws.com/COPD_Bothsex_eas_inv_var_meta_GBMI_052021_nbbkgt1.txt.gz.tbi,EAS,PASS,MATCHED_EUR_AND_NON_EUR_FILES,True,True,True,True,True,
cmp_923a11e3e50006fd,gt_7f0a185215562536,IL13,GBMI,GBMI::COPD,Chronic obstructive pulmonary disease,COPD,GRCh38,COPD,PRIMARY,Direct disease,Direct disease,False,True,B,B,0,1,1,1,"Pulmonary Disease, Chronic Obstructive",EUR,AFR,5,chr5,132656263,132661110,132656262,132556263,132761110,132556262,100000,+,ENSG00000169194.9,protein_coding,IL13,exact_gene_name,GENCODE v38,MATCHED,separate_ancestry_bgzf,https://gbmi-sumstats.s3.amazonaws.com/COPD_Bothsex_eur_inv_var_meta_GBMI_052021_nbbkgt1.txt.gz,https://gbmi-sumstats.s3.amazonaws.com/COPD_Bothsex_eur_inv_var_meta_GBMI_052021_nbbkgt1.txt.gz.tbi,https://gbmi-sumstats.s3.amazonaws.com/COPD_Bothsex_afr_inv_var_meta_GBMI_052021_nbbkgt1.txt.gz,https://gbmi-sumstats.s3.amazonaws.com/COPD_Bothsex_afr_inv_var_meta_GBMI_052021_nbbkgt1.txt.gz.tbi,AFR,PASS,MATCHED_EUR_AND_NON_EUR_FILES,True,True,True,True,True,
cmp_02626343e8b15fa9,gt_7f0a185215562536,IL13,GBMI,GBMI::COPD,Chronic obstructive pulmonary disease,COPD,GRCh38,COPD,PRIMARY,Direct disease,Direct disease,False,True,B,B,0,1,1,1,"Pulmonary Disease, Chronic Obstructive",EUR,AMR,5,chr5,132656263,132661110,132656262,132556263,132761110,132556262,100000,+,ENSG00000169194.9,protein_coding,IL13,exact_gene_name,GENCODE v38,MATCHED,separate_ancestry_bgzf,https://gbmi-sumstats.s3.amazonaws.com/COPD_Bothsex_eur_inv_var_meta_GBMI_052021_nbbkgt1.txt.gz,https://gbmi-sumstats.s3.amazonaws.com/COPD_Bothsex_eur_inv_var_meta_GBMI_052021_nbbkgt1.txt.gz.tbi,https://gbmi-sumstats.s3.amazonaws.com/COPD_Bothsex_amr_inv_var_meta_GBMI_052021_nbbkgt1.txt.gz,https://gbmi-sumstats.s3.amazonaws.com/COPD_Bothsex_amr_inv_var_meta_GBMI_052021_nbbkgt1.txt.gz.tbi,AMR,PASS,MATCHED_EUR_AND_NON_EUR_FILES,True,True,True,True,True,
cmp_192f316675024137,gt_7f0a185215562536,IL13,GBMI,GBMI::COPD,Chronic obstructive pulmonary disease,COPD,GRCh38,COPD,PRIMARY,Direct disease,Direct disease,False,True,B,B,0,1,1,1,"Pulmonary Disease, Chronic Obstructive",EUR,EAS,5,chr5,132656263,132661110,132656262,132556263,132761110,132556262,100000,+,ENSG00000169194.9,protein_coding,IL13,exact_gene_name,GENCODE v38,MATCHED,separate_ancestry_bgzf,https://gbmi-sumstats.s3.amazonaws.com/COPD_Bothsex_eur_inv_var_meta_GBMI_052021_nbbkgt1.txt.gz,https://gbmi-sumstats.s3.amazonaws.com/COPD_Bothsex_eur_inv_var_meta_GBMI_052021_nbbkgt1.txt.gz.tbi,https://gbmi-sumstats.s3.amazonaws.com/COPD_Bothsex_eas_inv_var_meta_GBMI_052021_nbbkgt1.txt.gz,https://gbmi-sumstats.s3.amazonaws.com/COPD_Bothsex_eas_inv_var_meta_GBMI_052021_nbbkgt1.txt.gz.tbi,EAS,PASS,MATCHED_EUR_AND_NON_EUR_FILES,True,True,True,True,True,
cmp_dc366550312e136a,gt_75373d2e995e29c7,IL1R1,GBMI,GBMI::COPD,Chronic obstructive pulmonary disease,COPD,GRCh38,COPD,PRIMARY,Direct disease,Direct disease,False,True,B,B,0,1,1,1,"Pulmonary Disease, Chronic Obstructive",EUR,AFR,2,chr2,102064544,102179874,102064543,101964544,102279874,101964543,100000,+,ENSG00000115594.12,protein_coding,IL1R1,exact_gene_name,GENCODE v38,MATCHED,separate_ancestry_bgzf,https://gbmi-sumstats.s3.amazonaws.com/COPD_Bothsex_eur_inv_var_meta_GBMI_052021_nbbkgt1.txt.gz,https://gbmi-sumstats.s3.amazonaws.com/COPD_Bothsex_eur_inv_var_meta_GBMI_052021_nbbkgt1.txt.gz.tbi,https://gbmi-sumstats.s3.amazonaws.com/COPD_Bothsex_afr_inv_var_meta_GBMI_052021_nbbkgt1.txt.gz,https://gbmi-sumstats.s3.amazonaws.com/COPD_Bothsex_afr_inv_var_meta_GBMI_052021_nbbkgt1.txt.gz.tbi,AFR,PASS,MATCHED_EUR_AND_NON_EUR_FILES,True,True,True,True,True,
cmp_a3b094a43f523b4d,gt_75373d2e995e29c7,IL1R1,GBMI,GBMI::COPD,Chronic obstructive pulmonary disease,COPD,GRCh38,COPD,PRIMARY,Direct disease,Direct disease,False,True,B,B,0,1,1,1,"Pulmonary Disease, Chronic Obstructive",EUR,AMR,2,chr2,102064544,102179874,102064543,101964544,102279874,101964543,100000,+,ENSG00000115594.12,protein_coding,IL1R1,exact_gene_name,GENCODE v38,MATCHED,separate_ancestry_bgzf,https://gbmi-sumstats.s3.amazonaws.com/COPD_Bothsex_eur_inv_var_meta_GBMI_052021_nbbkgt1.txt.gz,https://gbmi-sumstats.s3.amazonaws.com/COPD_Bothsex_eur_inv_var_meta_GBMI_052021_nbbkgt1.txt.gz.tbi,https://gbmi-sumstats.s3.amazonaws.com/COPD_Bothsex_amr_inv_var_meta_GBMI_052021_nbbkgt1.txt.gz,https://gbmi-sumstats.s3.amazonaws.com/COPD_Bothsex_amr_inv_var_meta_GBMI_052021_nbbkgt1.txt.gz.tbi,AMR,PASS,MATCHED_EUR_AND_NON_EUR_FILES,True,True,True,True,True,
cmp_7b1eeb79ae2032bb,gt_75373d2e995e29c7,IL1R1,GBMI,GBMI::COPD,Chronic obstructive pulmonary disease,COPD,GRCh38,COPD,PRIMARY,Direct disease,Direct disease,False,True,B,B,0,1,1,1,"Pulmonary Disease, Chronic Obstructive",EUR,EAS,2,chr2,102064544,102179874,102064543,101964544,102279874,101964543,100000,+,ENSG00000115594.12,protein_coding,IL1R1,exact_gene_name,GENCODE v38,MATCHED,separate_ancestry_bgzf,https://gbmi-sumstats.s3.amazonaws.com/COPD_Bothsex_eur_inv_var_meta_GBMI_052021_nbbkgt1.txt.gz,https://gbmi-sumstats.s3.amazonaws.com/COPD_Bothsex_eur_inv_var_meta_GBMI_052021_nbbkgt1.txt.gz.tbi,https://gbmi-sumstats.s3.amazonaws.com/COPD_Bothsex_eas_inv_var_meta_GBMI_052021_nbbkgt1.txt.gz,https://gbmi-sumstats.s3.amazonaws.com/COPD_Bothsex_eas_inv_var_meta_GBMI_052021_nbbkgt1.txt.gz.tbi,EAS,PASS,MATCHED_EUR_AND_NON_EUR_FILES,True,True,True,True,True,
cmp_84c689815498ec84,gt_04df48c5ba39ad54,IL1RL1,GBMI,GBMI::COPD,Chronic obstructive pulmonary disease,COPD,GRCh38,COPD,PRIMARY,Direct disease,Direct disease,False,True,B,B,0,1,1,1,"Pulmonary Disease, Chronic Obstructive",EUR,AFR,2,chr2,102311502,102352037,102311501,102211502,102452037,102211501,100000,+,ENSG00000115602.17,protein_coding,IL1RL1,exact_gene_name,GENCODE v38,MATCHED,separate_ancestry_bgzf,https://gbmi-sumstats.s3.amazonaws.com/COPD_Bothsex_eur_inv_var_meta_GBMI_052021_nbbkgt1.txt.gz,https://gbmi-sumstats.s3.amazonaws.com/COPD_Bothsex_eur_inv_var_meta_GBMI_052021_nbbkgt1.txt.gz.tbi,https://gbmi-sumstats.s3.amazonaws.com/COPD_Bothsex_afr_inv_var_meta_GBMI_052021_nbbkgt1.txt.gz,https://gbmi-sumstats.s3.amazonaws.com/COPD_Bothsex_afr_inv_var_meta_GBMI_052021_nbbkgt1.txt.gz.tbi,AFR,PASS,MATCHED_EUR_AND_NON_EUR_FILES,True,True,True,True,True,
cmp_86cebedd52e15c1e,gt_04df48c5ba39ad54,IL1RL1,GBMI,GBMI::COPD,Chronic obstructive pulmonary disease,COPD,GRCh38,COPD,PRIMARY,Direct disease,Direct disease,False,True,B,B,0,1,1,1,"Pulmonary Disease, Chronic Obstructive",EUR,AMR,2,chr2,102311502,102352037,102311501,102211502,102452037,102211501,100000,+,ENSG00000115602.17,protein_coding,IL1RL1,exact_gene_name,GENCODE v38,MATCHED,separate_ancestry_bgzf,https://gbmi-sumstats.s3.amazonaws.com/COPD_Bothsex_eur_inv_var_meta_GBMI_052021_nbbkgt1.txt.gz,https://gbmi-sumstats.s3.amazonaws.com/COPD_Bothsex_eur_inv_var_meta_GBMI_052021_nbbkgt1.txt.gz.tbi,https://gbmi-sumstats.s3.amazonaws.com/COPD_Bothsex_amr_inv_var_meta_GBMI_052021_nbbkgt1.txt.gz,https://gbmi-sumstats.s3.amazonaws.com/COPD_Bothsex_amr_inv_var_meta_GBMI_052021_nbbkgt1.txt.gz.tbi,AMR,PASS,MATCHED_EUR_AND_NON_EUR_FILES,True,True,True,True,True,
cmp_b518c6b92cc176ea,gt_04df48c5ba39ad54,IL1RL1,GBMI,GBMI::COPD,Chronic obstructive pulmonary disease,COPD,GRCh38,COPD,PRIMARY,Direct disease,Direct disease,False,True,B,B,0,1,1,1,"Pulmonary Disease, Chronic Obstructive",EUR,EAS,2,chr2,102311502,102352037,102311501,102211502,102452037,102211501,100000,+,ENSG00000115602.17,protein_coding,IL1RL1,exact_gene_name,GENCODE v38,MATCHED,separate_ancestry_bgzf,https://gbmi-sumstats.s3.amazonaws.com/COPD_Bothsex_eur_inv_var_meta_GBMI_052021_nbbkgt1.txt.gz,https://gbmi-sumstats.s3.amazonaws.com/COPD_Bothsex_eur_inv_var_meta_GBMI_052021_nbbkgt1.txt.gz.tbi,https://gbmi-sumstats.s3.amazonaws.com/COPD_Bothsex_eas_inv_var_meta_GBMI_052021_nbbkgt1.txt.gz,https://gbmi-sumstats.s3.amazonaws.com/COPD_Bothsex_eas_inv_var_meta_GBMI_052021_nbbkgt1.txt.gz.tbi,EAS,PASS,MATCHED_EUR_AND_NON_EUR_FILES,True,True,True,True,True,
cmp_1f5f078aefada531,gt_06e6ca91a1d5c2c3,IL33,GBMI,GBMI::COPD,Chronic obstructive pulmonary disease,COPD,GRCh38,COPD,PRIMARY,Direct disease,Direct disease,False,True,B,B,0,1,1,1,"Pulmonary Disease, Chronic Obstructive",EUR,AFR,9,chr9,6215786,6257983,6215785,6115786,6357983,6115785,100000,+,ENSG00000137033.12,protein_coding,IL33,exact_gene_name,GENCODE v38,MATCHED,separate_ancestry_bgzf,https://gbmi-sumstats.s3.amazonaws.com/COPD_Bothsex_eur_inv_var_meta_GBMI_052021_nbbkgt1.txt.gz,https://gbmi-sumstats.s3.amazonaws.com/COPD_Bothsex_eur_inv_var_meta_GBMI_052021_nbbkgt1.txt.gz.tbi,https://gbmi-sumstats.s3.amazonaws.com/COPD_Bothsex_afr_inv_var_meta_GBMI_052021_nbbkgt1.txt.gz,https://gbmi-sumstats.s3.amazonaws.com/COPD_Bothsex_afr_inv_var_meta_GBMI_052021_nbbkgt1.txt.gz.tbi,AFR,PASS,MATCHED_EUR_AND_NON_EUR_FILES,True,True,True,True,True,
cmp_ef38db3809ac0455,gt_06e6ca91a1d5c2c3,IL33,GBMI,GBMI::COPD,Chronic obstructive pulmonary disease,COPD,GRCh38,COPD,PRIMARY,Direct disease,Direct disease,False,True,B,B,0,1,1,1,"Pulmonary Disease, Chronic Obstructive",EUR,AMR,9,chr9,6215786,6257983,6215785,6115786,6357983,6115785,100000,+,ENSG00000137033.12,protein_coding,IL33,exact_gene_name,GENCODE v38,MATCHED,separate_ancestry_bgzf,https://gbmi-sumstats.s3.amazonaws.com/COPD_Bothsex_eur_inv_var_meta_GBMI_052021_nbbkgt1.txt.gz,https://gbmi-sumstats.s3.amazonaws.com/COPD_Bothsex_eur_inv_var_meta_GBMI_052021_nbbkgt1.txt.gz.tbi,https://gbmi-sumstats.s3.amazonaws.com/COPD_Bothsex_amr_inv_var_meta_GBMI_052021_nbbkgt1.txt.gz,https://gbmi-sumstats.s3.amazonaws.com/COPD_Bothsex_amr_inv_var_meta_GBMI_052021_nbbkgt1.txt.gz.tbi,AMR,PASS,MATCHED_EUR_AND_NON_EUR_FILES,True,True,True,True,True,
cmp_81d128e184d782cd,gt_06e6ca91a1d5c2c3,IL33,GBMI,GBMI::COPD,Chronic obstructive pulmonary disease,COPD,GRCh38,COPD,PRIMARY,Direct disease,Direct disease,False,True,B,B,0,1,1,1,"Pulmonary Disease, Chronic Obstructive",EUR,EAS,9,chr9,6215786,6257983,6215785,6115786,6357983,6115785,100000,+,ENSG00000137033.12,protein_coding,IL33,exact_gene_name,GENCODE v38,MATCHED,separate_ancestry_bgzf,https://gbmi-sumstats.s3.amazonaws.com/COPD_Bothsex_eur_inv_var_meta_GBMI_052021_nbbkgt1.txt.gz,https://gbmi-sumstats.s3.amazonaws.com/COPD_Bothsex_eur_inv_var_meta_GBMI_052021_nbbkgt1.txt.gz.tbi,https://gbmi-sumstats.s3.amazonaws.com/COPD_Bothsex_eas_inv_var_meta_GBMI_052021_nbbkgt1.txt.gz,https://gbmi-sumstats.s3.amazonaws.com/COPD_Bothsex_eas_inv_var_meta_GBMI_052021_nbbkgt1.txt.gz.tbi,EAS,PASS,MATCHED_EUR_AND_NON_EUR_FILES,True,True,True,True,True,
cmp_7a2e01760a226fa2,gt_6f6609fa8e0d87fe,IL4R,GBMI,GBMI::COPD,Chronic obstructive pulmonary disease,COPD,GRCh38,COPD,PRIMARY,Direct disease,Direct disease,False,True,B,B,0,1,1,1,"Pulmonary Disease, Chronic Obstructive",EUR,AFR,16,chr16,27313668,27364778,27313667,27213668,27464778,27213667,100000,+,ENSG00000077238.14,protein_coding,IL4R,exact_gene_name,GENCODE v38,MATCHED,separate_ancestry_bgzf,https://gbmi-sumstats.s3.amazonaws.com/COPD_Bothsex_eur_inv_var_meta_GBMI_052021_nbbkgt1.txt.gz,https://gbmi-sumstats.s3.amazonaws.com/COPD_Bothsex_eur_inv_var_meta_GBMI_052021_nbbkgt1.txt.gz.tbi,https://gbmi-sumstats.s3.amazonaws.com/COPD_Bothsex_afr_inv_var_meta_GBMI_052021_nbbkgt1.txt.gz,https://gbmi-sumstats.s3.amazonaws.com/COPD_Bothsex_afr_inv_var_meta_GBMI_052021_nbbkgt1.txt.gz.tbi,AFR,PASS,MATCHED_EUR_AND_NON_EUR_FILES,True,True,True,True,True,
cmp_47717a5272c50ec7,gt_6f6609fa8e0d87fe,IL4R,GBMI,GBMI::COPD,Chronic obstructive pulmonary disease,COPD,GRCh38,COPD,PRIMARY,Direct disease,Direct disease,False,True,B,B,0,1,1,1,"Pulmonary Disease, Chronic Obstructive",EUR,AMR,16,chr16,27313668,27364778,27313667,27213668,27464778,27213667,100000,+,ENSG00000077238.14,protein_coding,IL4R,exact_gene_name,GENCODE v38,MATCHED,separate_ancestry_bgzf,https://gbmi-sumstats.s3.amazonaws.com/COPD_Bothsex_eur_inv_var_meta_GBMI_052021_nbbkgt1.txt.gz,https://gbmi-sumstats.s3.amazonaws.com/COPD_Bothsex_eur_inv_var_meta_GBMI_052021_nbbkgt1.txt.gz.tbi,https://gbmi-sumstats.s3.amazonaws.com/COPD_Bothsex_amr_inv_var_meta_GBMI_052021_nbbkgt1.txt.gz,https://gbmi-sumstats.s3.amazonaws.com/COPD_Bothsex_amr_inv_var_meta_GBMI_052021_nbbkgt1.txt.gz.tbi,AMR,PASS,MATCHED_EUR_AND_NON_EUR_FILES,True,True,True,True,True,
cmp_aae53e41eb3803b2,gt_6f6609fa8e0d87fe,IL4R,GBMI,GBMI::COPD,Chronic obstructive pulmonary disease,COPD,GRCh38,COPD,PRIMARY,Direct disease,Direct disease,False,True,B,B,0,1,1,1,"Pulmonary Disease, Chronic Obstructive",EUR,EAS,16,chr16,27313668,27364778,27313667,27213668,27464778,27213667,100000,+,ENSG00000077238.14,protein_coding,IL4R,exact_gene_name,GENCODE v38,MATCHED,separate_ancestry_bgzf,https://gbmi-sumstats.s3.amazonaws.com/COPD_Bothsex_eur_inv_var_meta_GBMI_052021_nbbkgt1.txt.gz,https://gbmi-sumstats.s3.amazonaws.com/COPD_Bothsex_eur_inv_var_meta_GBMI_052021_nbbkgt1.txt.gz.tbi,https://gbmi-sumstats.s3.amazonaws.com/COPD_Bothsex_eas_inv_var_meta_GBMI_052021_nbbkgt1.txt.gz,https://gbmi-sumstats.s3.amazonaws.com/COPD_Bothsex_eas_inv_var_meta_GBMI_052021_nbbkgt1.txt.gz.tbi,EAS,PASS,MATCHED_EUR_AND_NON_EUR_FILES,True,True,True,True,True,
cmp_12d1c37ade212f9d,gt_f34cd2ca051e960b,NR3C1,GBMI,GBMI::COPD,Chronic obstructive pulmonary disease,COPD,GRCh38,COPD,PRIMARY,Direct disease,Direct disease,False,True,A,A,1,0,1,1,"Pulmonary Disease, Chronic Obstructive",EUR,AFR,5,chr5,143277931,143435512,143277930,143177931,143535512,143177930,100000,-,ENSG00000113580.15,protein_coding,NR3C1,exact_gene_name,GENCODE v38,MATCHED,separate_ancestry_bgzf,https://gbmi-sumstats.s3.amazonaws.com/COPD_Bothsex_eur_inv_var_meta_GBMI_052021_nbbkgt1.txt.gz,https://gbmi-sumstats.s3.amazonaws.com/COPD_Bothsex_eur_inv_var_meta_GBMI_052021_nbbkgt1.txt.gz.tbi,https://gbmi-sumstats.s3.amazonaws.com/COPD_Bothsex_afr_inv_var_meta_GBMI_052021_nbbkgt1.txt.gz,https://gbmi-sumstats.s3.amazonaws.com/COPD_Bothsex_afr_inv_var_meta_GBMI_052021_nbbkgt1.txt.gz.tbi,AFR,PASS,MATCHED_EUR_AND_NON_EUR_FILES,True,True,True,True,True,
cmp_a04249cddb013204,gt_f34cd2ca051e960b,NR3C1,GBMI,GBMI::COPD,Chronic obstructive pulmonary disease,COPD,GRCh38,COPD,PRIMARY,Direct disease,Direct disease,False,True,A,A,1,0,1,1,"Pulmonary Disease, Chronic Obstructive",EUR,AMR,5,chr5,143277931,143435512,143277930,143177931,143535512,143177930,100000,-,ENSG00000113580.15,protein_coding,NR3C1,exact_gene_name,GENCODE v38,MATCHED,separate_ancestry_bgzf,https://gbmi-sumstats.s3.amazonaws.com/COPD_Bothsex_eur_inv_var_meta_GBMI_052021_nbbkgt1.txt.gz,https://gbmi-sumstats.s3.amazonaws.com/COPD_Bothsex_eur_inv_var_meta_GBMI_052021_nbbkgt1.txt.gz.tbi,https://gbmi-sumstats.s3.amazonaws.com/COPD_Bothsex_amr_inv_var_meta_GBMI_052021_nbbkgt1.txt.gz,https://gbmi-sumstats.s3.amazonaws.com/COPD_Bothsex_amr_inv_var_meta_GBMI_052021_nbbkgt1.txt.gz.tbi,AMR,PASS,MATCHED_EUR_AND_NON_EUR_FILES,True,True,True,True,True,
cmp_ce170ceef72f1244,gt_f34cd2ca051e960b,NR3C1,GBMI,GBMI::COPD,Chronic obstructive pulmonary disease,COPD,GRCh38,COPD,PRIMARY,Direct disease,Direct disease,False,True,A,A,1,0,1,1,"Pulmonary Disease, Chronic Obstructive",EUR,EAS,5,chr5,143277931,143435512,143277930,143177931,143535512,143177930,100000,-,ENSG00000113580.15,protein_coding,NR3C1,exact_gene_name,GENCODE v38,MATCHED,separate_ancestry_bgzf,https://gbmi-sumstats.s3.amazonaws.com/COPD_Bothsex_eur_inv_var_meta_GBMI_052021_nbbkgt1.txt.gz,https://gbmi-sumstats.s3.amazonaws.com/COPD_Bothsex_eur_inv_var_meta_GBMI_052021_nbbkgt1.txt.gz.tbi,https://gbmi-sumstats.s3.amazonaws.com/COPD_Bothsex_eas_inv_var_meta_GBMI_052021_nbbkgt1.txt.gz,https://gbmi-sumstats.s3.amazonaws.com/COPD_Bothsex_eas_inv_var_meta_GBMI_052021_nbbkgt1.txt.gz.tbi,EAS,PASS,MATCHED_EUR_AND_NON_EUR_FILES,True,True,True,True,True,
cmp_9132cd16ecfec364,gt_f3dc92ab28823f74,PDE3A,GBMI,GBMI::COPD,Chronic obstructive pulmonary disease,COPD,GRCh38,COPD,PRIMARY,Direct disease,Direct disease,False,True,B,B,0,1,1,1,"Pulmonary Disease, Chronic Obstructive",EUR,AFR,12,chr12,20368537,20688583,20368536,20268537,20788583,20268536,100000,+,ENSG00000172572.7,protein_coding,PDE3A,exact_gene_name,GENCODE v38,MATCHED,separate_ancestry_bgzf,https://gbmi-sumstats.s3.amazonaws.com/COPD_Bothsex_eur_inv_var_meta_GBMI_052021_nbbkgt1.txt.gz,https://gbmi-sumstats.s3.amazonaws.com/COPD_Bothsex_eur_inv_var_meta_GBMI_052021_nbbkgt1.txt.gz.tbi,https://gbmi-sumstats.s3.amazonaws.com/COPD_Bothsex_afr_inv_var_meta_GBMI_052021_nbbkgt1.txt.gz,https://gbmi-sumstats.s3.amazonaws.com/COPD_Bothsex_afr_inv_var_meta_GBMI_052021_nbbkgt1.txt.gz.tbi,AFR,PASS,MATCHED_EUR_AND_NON_EUR_FILES,True,True,True,True,True,
cmp_c312c3b9fd0f2973,gt_f3dc92ab28823f74,PDE3A,GBMI,GBMI::COPD,Chronic obstructive pulmonary disease,COPD,GRCh38,COPD,PRIMARY,Direct disease,Direct disease,False,True,B,B,0,1,1,1,"Pulmonary Disease, Chronic Obstructive",EUR,AMR,12,chr12,20368537,20688583,20368536,20268537,20788583,20268536,100000,+,ENSG00000172572.7,protein_coding,PDE3A,exact_gene_name,GENCODE v38,MATCHED,separate_ancestry_bgzf,https://gbmi-sumstats.s3.amazonaws.com/COPD_Bothsex_eur_inv_var_meta_GBMI_052021_nbbkgt1.txt.gz,https://gbmi-sumstats.s3.amazonaws.com/COPD_Bothsex_eur_inv_var_meta_GBMI_052021_nbbkgt1.txt.gz.tbi,https://gbmi-sumstats.s3.amazonaws.com/COPD_Bothsex_amr_inv_var_meta_GBMI_052021_nbbkgt1.txt.gz,https://gbmi-sumstats.s3.amazonaws.com/COPD_Bothsex_amr_inv_var_meta_GBMI_052021_nbbkgt1.txt.gz.tbi,AMR,PASS,MATCHED_EUR_AND_NON_EUR_FILES,True,True,True,True,True,
cmp_1c12533753670edd,gt_f3dc92ab28823f74,PDE3A,GBMI,GBMI::COPD,Chronic obstructive pulmonary disease,COPD,GRCh38,COPD,PRIMARY,Direct disease,Direct disease,False,True,B,B,0,1,1,1,"Pulmonary Disease, Chronic Obstructive",EUR,EAS,12,chr12,20368537,20688583,20368536,20268537,20788583,20268536,100000,+,ENSG00000172572.7,protein_coding,PDE3A,exact_gene_name,GENCODE v38,MATCHED,separate_ancestry_bgzf,https://gbmi-sumstats.s3.amazonaws.com/COPD_Bothsex_eur_inv_var_meta_GBMI_052021_nbbkgt1.txt.gz,https://gbmi-sumstats.s3.amazonaws.com/COPD_Bothsex_eur_inv_var_meta_GBMI_052021_nbbkgt1.txt.gz.tbi,https://gbmi-sumstats.s3.amazonaws.com/COPD_Bothsex_eas_inv_var_meta_GBMI_052021_nbbkgt1.txt.gz,https://gbmi-sumstats.s3.amazonaws.com/COPD_Bothsex_eas_inv_var_meta_GBMI_052021_nbbkgt1.txt.gz.tbi,EAS,PASS,MATCHED_EUR_AND_NON_EUR_FILES,True,True,True,True,True,
cmp_d46edc983b4eee0b,gt_d6af00b513deb475,PDE4B,GBMI,GBMI::COPD,Chronic obstructive pulmonary disease,COPD,GRCh38,COPD,PRIMARY,Direct disease,Direct disease,False,True,B,B,0,1,1,1,"Pulmonary Disease, Chronic Obstructive",EUR,AFR,1,chr1,65792514,66374579,65792513,65692514,66474579,65692513,100000,+,ENSG00000184588.18,protein_coding,PDE4B,exact_gene_name,GENCODE v38,MATCHED,separate_ancestry_bgzf,https://gbmi-sumstats.s3.amazonaws.com/COPD_Bothsex_eur_inv_var_meta_GBMI_052021_nbbkgt1.txt.gz,https://gbmi-sumstats.s3.amazonaws.com/COPD_Bothsex_eur_inv_var_meta_GBMI_052021_nbbkgt1.txt.gz.tbi,https://gbmi-sumstats.s3.amazonaws.com/COPD_Bothsex_afr_inv_var_meta_GBMI_052021_nbbkgt1.txt.gz,https://gbmi-sumstats.s3.amazonaws.com/COPD_Bothsex_afr_inv_var_meta_GBMI_052021_nbbkgt1.txt.gz.tbi,AFR,PASS,MATCHED_EUR_AND_NON_EUR_FILES,True,True,True,True,True,
cmp_ef3380af92b3bfd4,gt_d6af00b513deb475,PDE4B,GBMI,GBMI::COPD,Chronic obstructive pulmonary disease,COPD,GRCh38,COPD,PRIMARY,Direct disease,Direct disease,False,True,B,B,0,1,1,1,"Pulmonary Disease, Chronic Obstructive",EUR,AMR,1,chr1,65792514,66374579,65792513,65692514,66474579,65692513,100000,+,ENSG00000184588.18,protein_coding,PDE4B,exact_gene_name,GENCODE v38,MATCHED,separate_ancestry_bgzf,https://gbmi-sumstats.s3.amazonaws.com/COPD_Bothsex_eur_inv_var_meta_GBMI_052021_nbbkgt1.txt.gz,https://gbmi-sumstats.s3.amazonaws.com/COPD_Bothsex_eur_inv_var_meta_GBMI_052021_nbbkgt1.txt.gz.tbi,https://gbmi-sumstats.s3.amazonaws.com/COPD_Bothsex_amr_inv_var_meta_GBMI_052021_nbbkgt1.txt.gz,https://gbmi-sumstats.s3.amazonaws.com/COPD_Bothsex_amr_inv_var_meta_GBMI_052021_nbbkgt1.txt.gz.tbi,AMR,PASS,MATCHED_EUR_AND_NON_EUR_FILES,True,True,True,True,True,
cmp_b52aa1a4b27054a7,gt_d6af00b513deb475,PDE4B,GBMI,GBMI::COPD,Chronic obstructive pulmonary disease,COPD,GRCh38,COPD,PRIMARY,Direct disease,Direct disease,False,True,B,B,0,1,1,1,"Pulmonary Disease, Chronic Obstructive",EUR,EAS,1,chr1,65792514,66374579,65792513,65692514,66474579,65692513,100000,+,ENSG00000184588.18,protein_coding,PDE4B,exact_gene_name,GENCODE v38,MATCHED,separate_ancestry_bgzf,https://gbmi-sumstats.s3.amazonaws.com/COPD_Bothsex_eur_inv_var_meta_GBMI_052021_nbbkgt1.txt.gz,https://gbmi-sumstats.s3.amazonaws.com/COPD_Bothsex_eur_inv_var_meta_GBMI_052021_nbbkgt1.txt.gz.tbi,https://gbmi-sumstats.s3.amazonaws.com/COPD_Bothsex_eas_inv_var_meta_GBMI_052021_nbbkgt1.txt.gz,https://gbmi-sumstats.s3.amazonaws.com/COPD_Bothsex_eas_inv_var_meta_GBMI_052021_nbbkgt1.txt.gz.tbi,EAS,PASS,MATCHED_EUR_AND_NON_EUR_FILES,True,True,True,True,True,
cmp_a6291206b522856e,gt_67779b85c25ee171,PDE4D,GBMI,GBMI::COPD,Chronic obstructive pulmonary disease,COPD,GRCh38,COPD,PRIMARY,Direct disease,Direct disease,False,True,B,B,0,1,1,1,"Pulmonary Disease, Chronic Obstructive",EUR,AFR,5,chr5,58969038,60522120,58969037,58869038,60622120,58869037,100000,-,ENSG00000113448.19,protein_coding,PDE4D,exact_gene_name,GENCODE v38,MATCHED,separate_ancestry_bgzf,https://gbmi-sumstats.s3.amazonaws.com/COPD_Bothsex_eur_inv_var_meta_GBMI_052021_nbbkgt1.txt.gz,https://gbmi-sumstats.s3.amazonaws.com/COPD_Bothsex_eur_inv_var_meta_GBMI_052021_nbbkgt1.txt.gz.tbi,https://gbmi-sumstats.s3.amazonaws.com/COPD_Bothsex_afr_inv_var_meta_GBMI_052021_nbbkgt1.txt.gz,https://gbmi-sumstats.s3.amazonaws.com/COPD_Bothsex_afr_inv_var_meta_GBMI_052021_nbbkgt1.txt.gz.tbi,AFR,PASS,MATCHED_EUR_AND_NON_EUR_FILES,True,True,True,True,True,
cmp_5a4c5c9533060800,gt_67779b85c25ee171,PDE4D,GBMI,GBMI::COPD,Chronic obstructive pulmonary disease,COPD,GRCh38,COPD,PRIMARY,Direct disease,Direct disease,False,True,B,B,0,1,1,1,"Pulmonary Disease, Chronic Obstructive",EUR,AMR,5,chr5,58969038,60522120,58969037,58869038,60622120,58869037,100000,-,ENSG00000113448.19,protein_coding,PDE4D,exact_gene_name,GENCODE v38,MATCHED,separate_ancestry_bgzf,https://gbmi-sumstats.s3.amazonaws.com/COPD_Bothsex_eur_inv_var_meta_GBMI_052021_nbbkgt1.txt.gz,https://gbmi-sumstats.s3.amazonaws.com/COPD_Bothsex_eur_inv_var_meta_GBMI_052021_nbbkgt1.txt.gz.tbi,https://gbmi-sumstats.s3.amazonaws.com/COPD_Bothsex_amr_inv_var_meta_GBMI_052021_nbbkgt1.txt.gz,https://gbmi-sumstats.s3.amazonaws.com/COPD_Bothsex_amr_inv_var_meta_GBMI_052021_nbbkgt1.txt.gz.tbi,AMR,PASS,MATCHED_EUR_AND_NON_EUR_FILES,True,True,True,True,True,
cmp_c025e4310d9f52fc,gt_67779b85c25ee171,PDE4D,GBMI,GBMI::COPD,Chronic obstructive pulmonary disease,COPD,GRCh38,COPD,PRIMARY,Direct disease,Direct disease,False,True,B,B,0,1,1,1,"Pulmonary Disease, Chronic Obstructive",EUR,EAS,5,chr5,58969038,60522120,58969037,58869038,60622120,58869037,100000,-,ENSG00000113448.19,protein_coding,PDE4D,exact_gene_name,GENCODE v38,MATCHED,separate_ancestry_bgzf,https://gbmi-sumstats.s3.amazonaws.com/COPD_Bothsex_eur_inv_var_meta_GBMI_052021_nbbkgt1.txt.gz,https://gbmi-sumstats.s3.amazonaws.com/COPD_Bothsex_eur_inv_var_meta_GBMI_052021_nbbkgt1.txt.gz.tbi,https://gbmi-sumstats.s3.amazonaws.com/COPD_Bothsex_eas_inv_var_meta_GBMI_052021_nbbkgt1.txt.gz,https://gbmi-sumstats.s3.amazonaws.com/COPD_Bothsex_eas_inv_var_meta_GBMI_052021_nbbkgt1.txt.gz.tbi,EAS,PASS,MATCHED_EUR_AND_NON_EUR_FILES,True,True,True,True,True,
cmp_9b4fd35c5baf7dbd,gt_1c362988229c8005,RARG,GBMI,GBMI::COPD,Chronic obstructive pulmonary disease,COPD,GRCh38,COPD,PRIMARY,Direct disease,Direct disease,False,True,B,B,0,1,1,1,"Pulmonary Disease, Chronic Obstructive",EUR,AFR,12,chr12,53210567,53232980,53210566,53110567,53332980,53110566,100000,-,ENSG00000172819.17,protein_coding,RARG,exact_gene_name,GENCODE v38,MATCHED,separate_ancestry_bgzf,https://gbmi-sumstats.s3.amazonaws.com/COPD_Bothsex_eur_inv_var_meta_GBMI_052021_nbbkgt1.txt.gz,https://gbmi-sumstats.s3.amazonaws.com/COPD_Bothsex_eur_inv_var_meta_GBMI_052021_nbbkgt1.txt.gz.tbi,https://gbmi-sumstats.s3.amazonaws.com/COPD_Bothsex_afr_inv_var_meta_GBMI_052021_nbbkgt1.txt.gz,https://gbmi-sumstats.s3.amazonaws.com/COPD_Bothsex_afr_inv_var_meta_GBMI_052021_nbbkgt1.txt.gz.tbi,AFR,PASS,MATCHED_EUR_AND_NON_EUR_FILES,True,True,True,True,True,
cmp_13e27a7fdfa0eb30,gt_1c362988229c8005,RARG,GBMI,GBMI::COPD,Chronic obstructive pulmonary disease,COPD,GRCh38,COPD,PRIMARY,Direct disease,Direct disease,False,True,B,B,0,1,1,1,"Pulmonary Disease, Chronic Obstructive",EUR,AMR,12,chr12,53210567,53232980,53210566,53110567,53332980,53110566,100000,-,ENSG00000172819.17,protein_coding,RARG,exact_gene_name,GENCODE v38,MATCHED,separate_ancestry_bgzf,https://gbmi-sumstats.s3.amazonaws.com/COPD_Bothsex_eur_inv_var_meta_GBMI_052021_nbbkgt1.txt.gz,https://gbmi-sumstats.s3.amazonaws.com/COPD_Bothsex_eur_inv_var_meta_GBMI_052021_nbbkgt1.txt.gz.tbi,https://gbmi-sumstats.s3.amazonaws.com/COPD_Bothsex_amr_inv_var_meta_GBMI_052021_nbbkgt1.txt.gz,https://gbmi-sumstats.s3.amazonaws.com/COPD_Bothsex_amr_inv_var_meta_GBMI_052021_nbbkgt1.txt.gz.tbi,AMR,PASS,MATCHED_EUR_AND_NON_EUR_FILES,True,True,True,True,True,
cmp_514e180b55a9b84f,gt_1c362988229c8005,RARG,GBMI,GBMI::COPD,Chronic obstructive pulmonary disease,COPD,GRCh38,COPD,PRIMARY,Direct disease,Direct disease,False,True,B,B,0,1,1,1,"Pulmonary Disease, Chronic Obstructive",EUR,EAS,12,chr12,53210567,53232980,53210566,53110567,53332980,53110566,100000,-,ENSG00000172819.17,protein_coding,RARG,exact_gene_name,GENCODE v38,MATCHED,separate_ancestry_bgzf,https://gbmi-sumstats.s3.amazonaws.com/COPD_Bothsex_eur_inv_var_meta_GBMI_052021_nbbkgt1.txt.gz,https://gbmi-sumstats.s3.amazonaws.com/COPD_Bothsex_eur_inv_var_meta_GBMI_052021_nbbkgt1.txt.gz.tbi,https://gbmi-sumstats.s3.amazonaws.com/COPD_Bothsex_eas_inv_var_meta_GBMI_052021_nbbkgt1.txt.gz,https://gbmi-sumstats.s3.amazonaws.com/COPD_Bothsex_eas_inv_var_meta_GBMI_052021_nbbkgt1.txt.gz.tbi,EAS,PASS,MATCHED_EUR_AND_NON_EUR_FILES,True,True,True,True,True,
cmp_0263f1dc95002377,gt_3ff7791c43db60b1,SERPINA1,GBMI,GBMI::COPD,Chronic obstructive pulmonary disease,COPD,GRCh38,COPD,PRIMARY,Direct disease,Direct disease,False,True,B,B,0,1,1,1,"Pulmonary Disease, Chronic Obstructive",EUR,AFR,14,chr14,94376747,94390693,94376746,94276747,94490693,94276746,100000,-,ENSG00000197249.14,protein_coding,SERPINA1,exact_gene_name,GENCODE v38,MATCHED,separate_ancestry_bgzf,https://gbmi-sumstats.s3.amazonaws.com/COPD_Bothsex_eur_inv_var_meta_GBMI_052021_nbbkgt1.txt.gz,https://gbmi-sumstats.s3.amazonaws.com/COPD_Bothsex_eur_inv_var_meta_GBMI_052021_nbbkgt1.txt.gz.tbi,https://gbmi-sumstats.s3.amazonaws.com/COPD_Bothsex_afr_inv_var_meta_GBMI_052021_nbbkgt1.txt.gz,https://gbmi-sumstats.s3.amazonaws.com/COPD_Bothsex_afr_inv_var_meta_GBMI_052021_nbbkgt1.txt.gz.tbi,AFR,PASS,MATCHED_EUR_AND_NON_EUR_FILES,True,True,True,True,True,
cmp_e973d965c03b787d,gt_3ff7791c43db60b1,SERPINA1,GBMI,GBMI::COPD,Chronic obstructive pulmonary disease,COPD,GRCh38,COPD,PRIMARY,Direct disease,Direct disease,False,True,B,B,0,1,1,1,"Pulmonary Disease, Chronic Obstructive",EUR,AMR,14,chr14,94376747,94390693,94376746,94276747,94490693,94276746,100000,-,ENSG00000197249.14,protein_coding,SERPINA1,exact_gene_name,GENCODE v38,MATCHED,separate_ancestry_bgzf,https://gbmi-sumstats.s3.amazonaws.com/COPD_Bothsex_eur_inv_var_meta_GBMI_052021_nbbkgt1.txt.gz,https://gbmi-sumstats.s3.amazonaws.com/COPD_Bothsex_eur_inv_var_meta_GBMI_052021_nbbkgt1.txt.gz.tbi,https://gbmi-sumstats.s3.amazonaws.com/COPD_Bothsex_amr_inv_var_meta_GBMI_052021_nbbkgt1.txt.gz,https://gbmi-sumstats.s3.amazonaws.com/COPD_Bothsex_amr_inv_var_meta_GBMI_052021_nbbkgt1.txt.gz.tbi,AMR,PASS,MATCHED_EUR_AND_NON_EUR_FILES,True,True,True,True,True,
cmp_e25a0fa2823ae3a3,gt_3ff7791c43db60b1,SERPINA1,GBMI,GBMI::COPD,Chronic obstructive pulmonary disease,COPD,GRCh38,COPD,PRIMARY,Direct disease,Direct disease,False,True,B,B,0,1,1,1,"Pulmonary Disease, Chronic Obstructive",EUR,EAS,14,chr14,94376747,94390693,94376746,94276747,94490693,94276746,100000,-,ENSG00000197249.14,protein_coding,SERPINA1,exact_gene_name,GENCODE v38,MATCHED,separate_ancestry_bgzf,https://gbmi-sumstats.s3.amazonaws.com/COPD_Bothsex_eur_inv_var_meta_GBMI_052021_nbbkgt1.txt.gz,https://gbmi-sumstats.s3.amazonaws.com/COPD_Bothsex_eur_inv_var_meta_GBMI_052021_nbbkgt1.txt.gz.tbi,https://gbmi-sumstats.s3.amazonaws.com/COPD_Bothsex_eas_inv_var_meta_GBMI_052021_nbbkgt1.txt.gz,https://gbmi-sumstats.s3.amazonaws.com/COPD_Bothsex_eas_inv_var_meta_GBMI_052021_nbbkgt1.txt.gz.tbi,EAS,PASS,MATCHED_EUR_AND_NON_EUR_FILES,True,True,True,True,True,
cmp_c35377dfaf49ea97,gt_44622dded6eb753b,TSLP,GBMI,GBMI::COPD,Chronic obstructive pulmonary disease,COPD,GRCh38,COPD,PRIMARY,Direct disease,Direct disease,False,True,B,B,0,1,1,1,"Pulmonary Disease, Chronic Obstructive",EUR,AFR,5,chr5,111070062,111078026,111070061,110970062,111178026,110970061,100000,+,ENSG00000145777.15,protein_coding,TSLP,exact_gene_name,GENCODE v38,MATCHED,separate_ancestry_bgzf,https://gbmi-sumstats.s3.amazonaws.com/COPD_Bothsex_eur_inv_var_meta_GBMI_052021_nbbkgt1.txt.gz,https://gbmi-sumstats.s3.amazonaws.com/COPD_Bothsex_eur_inv_var_meta_GBMI_052021_nbbkgt1.txt.gz.tbi,https://gbmi-sumstats.s3.amazonaws.com/COPD_Bothsex_afr_inv_var_meta_GBMI_052021_nbbkgt1.txt.gz,https://gbmi-sumstats.s3.amazonaws.com/COPD_Bothsex_afr_inv_var_meta_GBMI_052021_nbbkgt1.txt.gz.tbi,AFR,PASS,MATCHED_EUR_AND_NON_EUR_FILES,True,True,True,True,True,
cmp_c063a7c82b7e6460,gt_44622dded6eb753b,TSLP,GBMI,GBMI::COPD,Chronic obstructive pulmonary disease,COPD,GRCh38,COPD,PRIMARY,Direct disease,Direct disease,False,True,B,B,0,1,1,1,"Pulmonary Disease, Chronic Obstructive",EUR,AMR,5,chr5,111070062,111078026,111070061,110970062,111178026,110970061,100000,+,ENSG00000145777.15,protein_coding,TSLP,exact_gene_name,GENCODE v38,MATCHED,separate_ancestry_bgzf,https://gbmi-sumstats.s3.amazonaws.com/COPD_Bothsex_eur_inv_var_meta_GBMI_052021_nbbkgt1.txt.gz,https://gbmi-sumstats.s3.amazonaws.com/COPD_Bothsex_eur_inv_var_meta_GBMI_052021_nbbkgt1.txt.gz.tbi,https://gbmi-sumstats.s3.amazonaws.com/COPD_Bothsex_amr_inv_var_meta_GBMI_052021_nbbkgt1.txt.gz,https://gbmi-sumstats.s3.amazonaws.com/COPD_Bothsex_amr_inv_var_meta_GBMI_052021_nbbkgt1.txt.gz.tbi,AMR,PASS,MATCHED_EUR_AND_NON_EUR_FILES,True,True,True,True,True,
cmp_a0f1de8e567920f2,gt_44622dded6eb753b,TSLP,GBMI,GBMI::COPD,Chronic obstructive pulmonary disease,COPD,GRCh38,COPD,PRIMARY,Direct disease,Direct disease,False,True,B,B,0,1,1,1,"Pulmonary Disease, Chronic Obstructive",EUR,EAS,5,chr5,111070062,111078026,111070061,110970062,111178026,110970061,100000,+,ENSG00000145777.15,protein_coding,TSLP,exact_gene_name,GENCODE v38,MATCHED,separate_ancestry_bgzf,https://gbmi-sumstats.s3.amazonaws.com/COPD_Bothsex_eur_inv_var_meta_GBMI_052021_nbbkgt1.txt.gz,https://gbmi-sumstats.s3.amazonaws.com/COPD_Bothsex_eur_inv_var_meta_GBMI_052021_nbbkgt1.txt.gz.tbi,https://gbmi-sumstats.s3.amazonaws.com/COPD_Bothsex_eas_inv_var_meta_GBMI_052021_nbbkgt1.txt.gz,https://gbmi-sumstats.s3.amazonaws.com/COPD_Bothsex_eas_inv_var_meta_GBMI_052021_nbbkgt1.txt.gz.tbi,EAS,PASS,MATCHED_EUR_AND_NON_EUR_FILES,True,True,True,True,True,
cmp_6800e614a6b5f52f,gt_e905fdaa484f8536,PPARG,GBMI,GBMI::Gout,Gout,Gout,GRCh38,Gout,PRIMARY,Direct disease,Direct disease,False,True,B,B,0,1,1,1,Gout,EUR,AFR,3,chr3,12287368,12434356,12287367,12187368,12534356,12187367,100000,+,ENSG00000132170.24,protein_coding,PPARG,exact_gene_name,GENCODE v38,MATCHED,separate_ancestry_bgzf,https://gbmi-sumstats.s3.amazonaws.com/Gout_Bothsex_eur_inv_var_meta_GBMI_052021_nbbkgt1.txt.gz,https://gbmi-sumstats.s3.amazonaws.com/Gout_Bothsex_eur_inv_var_meta_GBMI_052021_nbbkgt1.txt.gz.tbi,https://gbmi-sumstats.s3.amazonaws.com/Gout_Bothsex_afr_inv_var_meta_GBMI_052021_nbbkgt1.txt.gz,https://gbmi-sumstats.s3.amazonaws.com/Gout_Bothsex_afr_inv_var_meta_GBMI_052021_nbbkgt1.txt.gz.tbi,AFR,PASS,MATCHED_EUR_AND_NON_EUR_FILES,True,True,True,True,True,
cmp_a534830fc4deffe0,gt_e905fdaa484f8536,PPARG,GBMI,GBMI::Gout,Gout,Gout,GRCh38,Gout,PRIMARY,Direct disease,Direct disease,False,True,B,B,0,1,1,1,Gout,EUR,AMR,3,chr3,12287368,12434356,12287367,12187368,12534356,12187367,100000,+,ENSG00000132170.24,protein_coding,PPARG,exact_gene_name,GENCODE v38,MATCHED,separate_ancestry_bgzf,https://gbmi-sumstats.s3.amazonaws.com/Gout_Bothsex_eur_inv_var_meta_GBMI_052021_nbbkgt1.txt.gz,https://gbmi-sumstats.s3.amazonaws.com/Gout_Bothsex_eur_inv_var_meta_GBMI_052021_nbbkgt1.txt.gz.tbi,https://gbmi-sumstats.s3.amazonaws.com/Gout_Bothsex_amr_inv_var_meta_GBMI_052021_nbbkgt1.txt.gz,https://gbmi-sumstats.s3.amazonaws.com/Gout_Bothsex_amr_inv_var_meta_GBMI_052021_nbbkgt1.txt.gz.tbi,AMR,PASS,MATCHED_EUR_AND_NON_EUR_FILES,True,True,True,True,True,
cmp_aa25e446bf465f9f,gt_e905fdaa484f8536,PPARG,GBMI,GBMI::Gout,Gout,Gout,GRCh38,Gout,PRIMARY,Direct disease,Direct disease,False,True,B,B,0,1,1,1,Gout,EUR,EAS,3,chr3,12287368,12434356,12287367,12187368,12534356,12187367,100000,+,ENSG00000132170.24,protein_coding,PPARG,exact_gene_name,GENCODE v38,MATCHED,separate_ancestry_bgzf,https://gbmi-sumstats.s3.amazonaws.com/Gout_Bothsex_eur_inv_var_meta_GBMI_052021_nbbkgt1.txt.gz,https://gbmi-sumstats.s3.amazonaws.com/Gout_Bothsex_eur_inv_var_meta_GBMI_052021_nbbkgt1.txt.gz.tbi,https://gbmi-sumstats.s3.amazonaws.com/Gout_Bothsex_eas_inv_var_meta_GBMI_052021_nbbkgt1.txt.gz,https://gbmi-sumstats.s3.amazonaws.com/Gout_Bothsex_eas_inv_var_meta_GBMI_052021_nbbkgt1.txt.gz.tbi,EAS,PASS,MATCHED_EUR_AND_NON_EUR_FILES,True,True,True,True,True,
cmp_f6c8d3d544ec5e35,gt_2a7e2fce1378c79e,SLC22A12,GBMI,GBMI::Gout,Gout,Gout,GRCh38,Gout,PRIMARY,Direct disease,Direct disease,False,True,A,A,1,0,1,1,Gout,EUR,AFR,11,chr11,64590641,64602353,64590640,64490641,64702353,64490640,100000,+,ENSG00000197891.12,protein_coding,SLC22A12,exact_gene_name,GENCODE v38,MATCHED,separate_ancestry_bgzf,https://gbmi-sumstats.s3.amazonaws.com/Gout_Bothsex_eur_inv_var_meta_GBMI_052021_nbbkgt1.txt.gz,https://gbmi-sumstats.s3.amazonaws.com/Gout_Bothsex_eur_inv_var_meta_GBMI_052021_nbbkgt1.txt.gz.tbi,https://gbmi-sumstats.s3.amazonaws.com/Gout_Bothsex_afr_inv_var_meta_GBMI_052021_nbbkgt1.txt.gz,https://gbmi-sumstats.s3.amazonaws.com/Gout_Bothsex_afr_inv_var_meta_GBMI_052021_nbbkgt1.txt.gz.tbi,AFR,PASS,MATCHED_EUR_AND_NON_EUR_FILES,True,True,True,True,True,
cmp_463c53e9f46e30d8,gt_2a7e2fce1378c79e,SLC22A12,GBMI,GBMI::Gout,Gout,Gout,GRCh38,Gout,PRIMARY,Direct disease,Direct disease,False,True,A,A,1,0,1,1,Gout,EUR,AMR,11,chr11,64590641,64602353,64590640,64490641,64702353,64490640,100000,+,ENSG00000197891.12,protein_coding,SLC22A12,exact_gene_name,GENCODE v38,MATCHED,separate_ancestry_bgzf,https://gbmi-sumstats.s3.amazonaws.com/Gout_Bothsex_eur_inv_var_meta_GBMI_052021_nbbkgt1.txt.gz,https://gbmi-sumstats.s3.amazonaws.com/Gout_Bothsex_eur_inv_var_meta_GBMI_052021_nbbkgt1.txt.gz.tbi,https://gbmi-sumstats.s3.amazonaws.com/Gout_Bothsex_amr_inv_var_meta_GBMI_052021_nbbkgt1.txt.gz,https://gbmi-sumstats.s3.amazonaws.com/Gout_Bothsex_amr_inv_var_meta_GBMI_052021_nbbkgt1.txt.gz.tbi,AMR,PASS,MATCHED_EUR_AND_NON_EUR_FILES,True,True,True,True,True,
cmp_ed5bdc4e95af264b,gt_2a7e2fce1378c79e,SLC22A12,GBMI,GBMI::Gout,Gout,Gout,GRCh38,Gout,PRIMARY,Direct disease,Direct disease,False,True,A,A,1,0,1,1,Gout,EUR,EAS,11,chr11,64590641,64602353,64590640,64490641,64702353,64490640,100000,+,ENSG00000197891.12,protein_coding,SLC22A12,exact_gene_name,GENCODE v38,MATCHED,separate_ancestry_bgzf,https://gbmi-sumstats.s3.amazonaws.com/Gout_Bothsex_eur_inv_var_meta_GBMI_052021_nbbkgt1.txt.gz,https://gbmi-sumstats.s3.amazonaws.com/Gout_Bothsex_eur_inv_var_meta_GBMI_052021_nbbkgt1.txt.gz.tbi,https://gbmi-sumstats.s3.amazonaws.com/Gout_Bothsex_eas_inv_var_meta_GBMI_052021_nbbkgt1.txt.gz,https://gbmi-sumstats.s3.amazonaws.com/Gout_Bothsex_eas_inv_var_meta_GBMI_052021_nbbkgt1.txt.gz.tbi,EAS,PASS,MATCHED_EUR_AND_NON_EUR_FILES,True,True,True,True,True,
cmp_c885448f2de8c219,gt_a079fbca689ff34a,ENPEP,GBMI,GBMI::HF,Heart failure,HF,GRCh38,HF,PRIMARY,Direct disease,Direct disease,False,True,B,B,0,1,1,1,Heart Failure,EUR,AFR,4,chr4,110365733,110565285,110365732,110265733,110665285,110265732,100000,+,ENSG00000138792.10,protein_coding,ENPEP,exact_gene_name,GENCODE v38,MATCHED,separate_ancestry_bgzf,https://gbmi-sumstats.s3.amazonaws.com/HF_Bothsex_eur_inv_var_meta_GBMI_052021_nbbkgt1.txt.gz,https://gbmi-sumstats.s3.amazonaws.com/HF_Bothsex_eur_inv_var_meta_GBMI_052021_nbbkgt1.txt.gz.tbi,https://gbmi-sumstats.s3.amazonaws.com/HF_Bothsex_afr_inv_var_meta_GBMI_052021_nbbkgt1.txt.gz,https://gbmi-sumstats.s3.amazonaws.com/HF_Bothsex_afr_inv_var_meta_GBMI_052021_nbbkgt1.txt.gz.tbi,AFR,PASS,MATCHED_EUR_AND_NON_EUR_FILES,True,True,True,True,True,
cmp_6e7939515f8cf701,gt_a079fbca689ff34a,ENPEP,GBMI,GBMI::HF,Heart failure,HF,GRCh38,HF,PRIMARY,Direct disease,Direct disease,False,True,B,B,0,1,1,1,Heart Failure,EUR,AMR,4,chr4,110365733,110565285,110365732,110265733,110665285,110265732,100000,+,ENSG00000138792.10,protein_coding,ENPEP,exact_gene_name,GENCODE v38,MATCHED,separate_ancestry_bgzf,https://gbmi-sumstats.s3.amazonaws.com/HF_Bothsex_eur_inv_var_meta_GBMI_052021_nbbkgt1.txt.gz,https://gbmi-sumstats.s3.amazonaws.com/HF_Bothsex_eur_inv_var_meta_GBMI_052021_nbbkgt1.txt.gz.tbi,https://gbmi-sumstats.s3.amazonaws.com/HF_Bothsex_amr_inv_var_meta_GBMI_052021_nbbkgt1.txt.gz,https://gbmi-sumstats.s3.amazonaws.com/HF_Bothsex_amr_inv_var_meta_GBMI_052021_nbbkgt1.txt.gz.tbi,AMR,PASS,MATCHED_EUR_AND_NON_EUR_FILES,True,True,True,True,True,
cmp_57f23e9f3c62a4e3,gt_a079fbca689ff34a,ENPEP,GBMI,GBMI::HF,Heart failure,HF,GRCh38,HF,PRIMARY,Direct disease,Direct disease,False,True,B,B,0,1,1,1,Heart Failure,EUR,EAS,4,chr4,110365733,110565285,110365732,110265733,110665285,110265732,100000,+,ENSG00000138792.10,protein_coding,ENPEP,exact_gene_name,GENCODE v38,MATCHED,separate_ancestry_bgzf,https://gbmi-sumstats.s3.amazonaws.com/HF_Bothsex_eur_inv_var_meta_GBMI_052021_nbbkgt1.txt.gz,https://gbmi-sumstats.s3.amazonaws.com/HF_Bothsex_eur_inv_var_meta_GBMI_052021_nbbkgt1.txt.gz.tbi,https://gbmi-sumstats.s3.amazonaws.com/HF_Bothsex_eas_inv_var_meta_GBMI_052021_nbbkgt1.txt.gz,https://gbmi-sumstats.s3.amazonaws.com/HF_Bothsex_eas_inv_var_meta_GBMI_052021_nbbkgt1.txt.gz.tbi,EAS,PASS,MATCHED_EUR_AND_NON_EUR_FILES,True,True,True,True,True,
cmp_4be46e9df16bdc7f,gt_03254368f30b6f1a,GRM7,GBMI,GBMI::Stroke,Stroke,Stroke,GRCh38,Stroke,PRIMARY,Direct disease,Direct disease,False,True,B,B,0,1,1,1,Stroke,EUR,AFR,3,chr3,6770001,7741533,6770000,6670001,7841533,6670000,100000,+,ENSG00000196277.16,protein_coding,GRM7,exact_gene_name,GENCODE v38,MATCHED,separate_ancestry_bgzf,https://gbmi-sumstats.s3.amazonaws.com/Stroke_Bothsex_eur_inv_var_meta_GBMI_052021_nbbkgt1.txt.gz,https://gbmi-sumstats.s3.amazonaws.com/Stroke_Bothsex_eur_inv_var_meta_GBMI_052021_nbbkgt1.txt.gz.tbi,https://gbmi-sumstats.s3.amazonaws.com/Stroke_Bothsex_afr_inv_var_meta_GBMI_052021_nbbkgt1.txt.gz,https://gbmi-sumstats.s3.amazonaws.com/Stroke_Bothsex_afr_inv_var_meta_GBMI_052021_nbbkgt1.txt.gz.tbi,AFR,PASS,MATCHED_EUR_AND_NON_EUR_FILES,True,True,True,True,True,
cmp_2d9c2479a74e3976,gt_03254368f30b6f1a,GRM7,GBMI,GBMI::Stroke,Stroke,Stroke,GRCh38,Stroke,PRIMARY,Direct disease,Direct disease,False,True,B,B,0,1,1,1,Stroke,EUR,AMR,3,chr3,6770001,7741533,6770000,6670001,7841533,6670000,100000,+,ENSG00000196277.16,protein_coding,GRM7,exact_gene_name,GENCODE v38,MATCHED,separate_ancestry_bgzf,https://gbmi-sumstats.s3.amazonaws.com/Stroke_Bothsex_eur_inv_var_meta_GBMI_052021_nbbkgt1.txt.gz,https://gbmi-sumstats.s3.amazonaws.com/Stroke_Bothsex_eur_inv_var_meta_GBMI_052021_nbbkgt1.txt.gz.tbi,https://gbmi-sumstats.s3.amazonaws.com/Stroke_Bothsex_amr_inv_var_meta_GBMI_052021_nbbkgt1.txt.gz,https://gbmi-sumstats.s3.amazonaws.com/Stroke_Bothsex_amr_inv_var_meta_GBMI_052021_nbbkgt1.txt.gz.tbi,AMR,PASS,MATCHED_EUR_AND_NON_EUR_FILES,True,True,True,True,True,
cmp_79fcc73cc62d5315,gt_03254368f30b6f1a,GRM7,GBMI,GBMI::Stroke,Stroke,Stroke,GRCh38,Stroke,PRIMARY,Direct disease,Direct disease,False,True,B,B,0,1,1,1,Stroke,EUR,EAS,3,chr3,6770001,7741533,6770000,6670001,7841533,6670000,100000,+,ENSG00000196277.16,protein_coding,GRM7,exact_gene_name,GENCODE v38,MATCHED,separate_ancestry_bgzf,https://gbmi-sumstats.s3.amazonaws.com/Stroke_Bothsex_eur_inv_var_meta_GBMI_052021_nbbkgt1.txt.gz,https://gbmi-sumstats.s3.amazonaws.com/Stroke_Bothsex_eur_inv_var_meta_GBMI_052021_nbbkgt1.txt.gz.tbi,https://gbmi-sumstats.s3.amazonaws.com/Stroke_Bothsex_eas_inv_var_meta_GBMI_052021_nbbkgt1.txt.gz,https://gbmi-sumstats.s3.amazonaws.com/Stroke_Bothsex_eas_inv_var_meta_GBMI_052021_nbbkgt1.txt.gz.tbi,EAS,PASS,MATCHED_EUR_AND_NON_EUR_FILES,True,True,True,True,True,
cmp_780fe24835686fbc,gt_df4ae7bd29d46c68,NOS3,GBMI,GBMI::Stroke,Stroke,Stroke,GRCh38,Stroke,PRIMARY,Direct disease,Direct disease,False,True,B,B,0,1,1,1,Stroke,EUR,AFR,7,chr7,150991017,151014588,150991016,150891017,151114588,150891016,100000,+,ENSG00000164867.11,protein_coding,NOS3,exact_gene_name,GENCODE v38,MATCHED,separate_ancestry_bgzf,https://gbmi-sumstats.s3.amazonaws.com/Stroke_Bothsex_eur_inv_var_meta_GBMI_052021_nbbkgt1.txt.gz,https://gbmi-sumstats.s3.amazonaws.com/Stroke_Bothsex_eur_inv_var_meta_GBMI_052021_nbbkgt1.txt.gz.tbi,https://gbmi-sumstats.s3.amazonaws.com/Stroke_Bothsex_afr_inv_var_meta_GBMI_052021_nbbkgt1.txt.gz,https://gbmi-sumstats.s3.amazonaws.com/Stroke_Bothsex_afr_inv_var_meta_GBMI_052021_nbbkgt1.txt.gz.tbi,AFR,PASS,MATCHED_EUR_AND_NON_EUR_FILES,True,True,True,True,True,
cmp_97f0844c885d9fb6,gt_df4ae7bd29d46c68,NOS3,GBMI,GBMI::Stroke,Stroke,Stroke,GRCh38,Stroke,PRIMARY,Direct disease,Direct disease,False,True,B,B,0,1,1,1,Stroke,EUR,AMR,7,chr7,150991017,151014588,150991016,150891017,151114588,150891016,100000,+,ENSG00000164867.11,protein_coding,NOS3,exact_gene_name,GENCODE v38,MATCHED,separate_ancestry_bgzf,https://gbmi-sumstats.s3.amazonaws.com/Stroke_Bothsex_eur_inv_var_meta_GBMI_052021_nbbkgt1.txt.gz,https://gbmi-sumstats.s3.amazonaws.com/Stroke_Bothsex_eur_inv_var_meta_GBMI_052021_nbbkgt1.txt.gz.tbi,https://gbmi-sumstats.s3.amazonaws.com/Stroke_Bothsex_amr_inv_var_meta_GBMI_052021_nbbkgt1.txt.gz,https://gbmi-sumstats.s3.amazonaws.com/Stroke_Bothsex_amr_inv_var_meta_GBMI_052021_nbbkgt1.txt.gz.tbi,AMR,PASS,MATCHED_EUR_AND_NON_EUR_FILES,True,True,True,True,True,
cmp_ac5fbac82218e519,gt_df4ae7bd29d46c68,NOS3,GBMI,GBMI::Stroke,Stroke,Stroke,GRCh38,Stroke,PRIMARY,Direct disease,Direct disease,False,True,B,B,0,1,1,1,Stroke,EUR,EAS,7,chr7,150991017,151014588,150991016,150891017,151114588,150891016,100000,+,ENSG00000164867.11,protein_coding,NOS3,exact_gene_name,GENCODE v38,MATCHED,separate_ancestry_bgzf,https://gbmi-sumstats.s3.amazonaws.com/Stroke_Bothsex_eur_inv_var_meta_GBMI_052021_nbbkgt1.txt.gz,https://gbmi-sumstats.s3.amazonaws.com/Stroke_Bothsex_eur_inv_var_meta_GBMI_052021_nbbkgt1.txt.gz.tbi,https://gbmi-sumstats.s3.amazonaws.com/Stroke_Bothsex_eas_inv_var_meta_GBMI_052021_nbbkgt1.txt.gz,https://gbmi-sumstats.s3.amazonaws.com/Stroke_Bothsex_eas_inv_var_meta_GBMI_052021_nbbkgt1.txt.gz.tbi,EAS,PASS,MATCHED_EUR_AND_NON_EUR_FILES,True,True,True,True,True,
cmp_6364ed274b2cf7c7,gt_7833a3b8c0f390b0,PDE3A,GBMI,GBMI::Stroke,Stroke,Stroke,GRCh38,Stroke,PRIMARY,Direct disease,Direct disease,False,True,B,B,0,1,1,1,Stroke,EUR,AFR,12,chr12,20368537,20688583,20368536,20268537,20788583,20268536,100000,+,ENSG00000172572.7,protein_coding,PDE3A,exact_gene_name,GENCODE v38,MATCHED,separate_ancestry_bgzf,https://gbmi-sumstats.s3.amazonaws.com/Stroke_Bothsex_eur_inv_var_meta_GBMI_052021_nbbkgt1.txt.gz,https://gbmi-sumstats.s3.amazonaws.com/Stroke_Bothsex_eur_inv_var_meta_GBMI_052021_nbbkgt1.txt.gz.tbi,https://gbmi-sumstats.s3.amazonaws.com/Stroke_Bothsex_afr_inv_var_meta_GBMI_052021_nbbkgt1.txt.gz,https://gbmi-sumstats.s3.amazonaws.com/Stroke_Bothsex_afr_inv_var_meta_GBMI_052021_nbbkgt1.txt.gz.tbi,AFR,PASS,MATCHED_EUR_AND_NON_EUR_FILES,True,True,True,True,True,
cmp_4bb3932dc40b166f,gt_7833a3b8c0f390b0,PDE3A,GBMI,GBMI::Stroke,Stroke,Stroke,GRCh38,Stroke,PRIMARY,Direct disease,Direct disease,False,True,B,B,0,1,1,1,Stroke,EUR,AMR,12,chr12,20368537,20688583,20368536,20268537,20788583,20268536,100000,+,ENSG00000172572.7,protein_coding,PDE3A,exact_gene_name,GENCODE v38,MATCHED,separate_ancestry_bgzf,https://gbmi-sumstats.s3.amazonaws.com/Stroke_Bothsex_eur_inv_var_meta_GBMI_052021_nbbkgt1.txt.gz,https://gbmi-sumstats.s3.amazonaws.com/Stroke_Bothsex_eur_inv_var_meta_GBMI_052021_nbbkgt1.txt.gz.tbi,https://gbmi-sumstats.s3.amazonaws.com/Stroke_Bothsex_amr_inv_var_meta_GBMI_052021_nbbkgt1.txt.gz,https://gbmi-sumstats.s3.amazonaws.com/Stroke_Bothsex_amr_inv_var_meta_GBMI_052021_nbbkgt1.txt.gz.tbi,AMR,PASS,MATCHED_EUR_AND_NON_EUR_FILES,True,True,True,True,True,
cmp_f24775dac78705fb,gt_7833a3b8c0f390b0,PDE3A,GBMI,GBMI::Stroke,Stroke,Stroke,GRCh38,Stroke,PRIMARY,Direct disease,Direct disease,False,True,B,B,0,1,1,1,Stroke,EUR,EAS,12,chr12,20368537,20688583,20368536,20268537,20788583,20268536,100000,+,ENSG00000172572.7,protein_coding,PDE3A,exact_gene_name,GENCODE v38,MATCHED,separate_ancestry_bgzf,https://gbmi-sumstats.s3.amazonaws.com/Stroke_Bothsex_eur_inv_var_meta_GBMI_052021_nbbkgt1.txt.gz,https://gbmi-sumstats.s3.amazonaws.com/Stroke_Bothsex_eur_inv_var_meta_GBMI_052021_nbbkgt1.txt.gz.tbi,https://gbmi-sumstats.s3.amazonaws.com/Stroke_Bothsex_eas_inv_var_meta_GBMI_052021_nbbkgt1.txt.gz,https://gbmi-sumstats.s3.amazonaws.com/Stroke_Bothsex_eas_inv_var_meta_GBMI_052021_nbbkgt1.txt.gz.tbi,EAS,PASS,MATCHED_EUR_AND_NON_EUR_FILES,True,True,True,True,True,
cmp_265dc57729ae86b6,gt_9ef583411089c1bf,F10,GBMI,GBMI::VTE,Venous thromboembolism,VTE,GRCh38,VTE,PRIMARY,Direct disease,Direct disease,False,True,A,A,1,0,1,1,Venous Thrombosis,EUR,AFR,13,chr13,113122799,113149529,113122798,113022799,113249529,113022798,100000,+,ENSG00000126218.12,protein_coding,F10,exact_gene_name,GENCODE v38,MATCHED,separate_ancestry_bgzf,https://gbmi-sumstats.s3.amazonaws.com/VTE_Bothsex_eur_inv_var_meta_GBMI_052021_nbbkgt1.txt.gz,https://gbmi-sumstats.s3.amazonaws.com/VTE_Bothsex_eur_inv_var_meta_GBMI_052021_nbbkgt1.txt.gz.tbi,https://gbmi-sumstats.s3.amazonaws.com/VTE_Bothsex_afr_inv_var_meta_GBMI_052021_nbbkgt1.txt.gz,https://gbmi-sumstats.s3.amazonaws.com/VTE_Bothsex_afr_inv_var_meta_GBMI_052021_nbbkgt1.txt.gz.tbi,AFR,PASS,MATCHED_EUR_AND_NON_EUR_FILES,True,True,True,True,True,
cmp_f36a992544b645f8,gt_9ef583411089c1bf,F10,GBMI,GBMI::VTE,Venous thromboembolism,VTE,GRCh38,VTE,PRIMARY,Direct disease,Direct disease,False,True,A,A,1,0,1,1,Venous Thrombosis,EUR,AMR,13,chr13,113122799,113149529,113122798,113022799,113249529,113022798,100000,+,ENSG00000126218.12,protein_coding,F10,exact_gene_name,GENCODE v38,MATCHED,separate_ancestry_bgzf,https://gbmi-sumstats.s3.amazonaws.com/VTE_Bothsex_eur_inv_var_meta_GBMI_052021_nbbkgt1.txt.gz,https://gbmi-sumstats.s3.amazonaws.com/VTE_Bothsex_eur_inv_var_meta_GBMI_052021_nbbkgt1.txt.gz.tbi,https://gbmi-sumstats.s3.amazonaws.com/VTE_Bothsex_amr_inv_var_meta_GBMI_052021_nbbkgt1.txt.gz,https://gbmi-sumstats.s3.amazonaws.com/VTE_Bothsex_amr_inv_var_meta_GBMI_052021_nbbkgt1.txt.gz.tbi,AMR,PASS,MATCHED_EUR_AND_NON_EUR_FILES,True,True,True,True,True,
cmp_86e5db71c1bb33ea,gt_9ef583411089c1bf,F10,GBMI,GBMI::VTE,Venous thromboembolism,VTE,GRCh38,VTE,PRIMARY,Direct disease,Direct disease,False,True,A,A,1,0,1,1,Venous Thrombosis,EUR,EAS,13,chr13,113122799,113149529,113122798,113022799,113249529,113022798,100000,+,ENSG00000126218.12,protein_coding,F10,exact_gene_name,GENCODE v38,MATCHED,separate_ancestry_bgzf,https://gbmi-sumstats.s3.amazonaws.com/VTE_Bothsex_eur_inv_var_meta_GBMI_052021_nbbkgt1.txt.gz,https://gbmi-sumstats.s3.amazonaws.com/VTE_Bothsex_eur_inv_var_meta_GBMI_052021_nbbkgt1.txt.gz.tbi,https://gbmi-sumstats.s3.amazonaws.com/VTE_Bothsex_eas_inv_var_meta_GBMI_052021_nbbkgt1.txt.gz,https://gbmi-sumstats.s3.amazonaws.com/VTE_Bothsex_eas_inv_var_meta_GBMI_052021_nbbkgt1.txt.gz.tbi,EAS,PASS,MATCHED_EUR_AND_NON_EUR_FILES,True,True,True,True,True,
cmp_a6275c7613e223b1,gt_fd539737d1f5d9cb,F11,GBMI,GBMI::VTE,Venous thromboembolism,VTE,GRCh38,VTE,PRIMARY,Direct disease,Direct disease,False,True,B,B,0,1,1,1,Venous Thrombosis,EUR,AFR,4,chr4,186266189,186289681,186266188,186166189,186389681,186166188,100000,+,ENSG00000088926.14,protein_coding,F11,exact_gene_name,GENCODE v38,MATCHED,separate_ancestry_bgzf,https://gbmi-sumstats.s3.amazonaws.com/VTE_Bothsex_eur_inv_var_meta_GBMI_052021_nbbkgt1.txt.gz,https://gbmi-sumstats.s3.amazonaws.com/VTE_Bothsex_eur_inv_var_meta_GBMI_052021_nbbkgt1.txt.gz.tbi,https://gbmi-sumstats.s3.amazonaws.com/VTE_Bothsex_afr_inv_var_meta_GBMI_052021_nbbkgt1.txt.gz,https://gbmi-sumstats.s3.amazonaws.com/VTE_Bothsex_afr_inv_var_meta_GBMI_052021_nbbkgt1.txt.gz.tbi,AFR,PASS,MATCHED_EUR_AND_NON_EUR_FILES,True,True,True,True,True,
cmp_f1d366955c52855b,gt_fd539737d1f5d9cb,F11,GBMI,GBMI::VTE,Venous thromboembolism,VTE,GRCh38,VTE,PRIMARY,Direct disease,Direct disease,False,True,B,B,0,1,1,1,Venous Thrombosis,EUR,AMR,4,chr4,186266189,186289681,186266188,186166189,186389681,186166188,100000,+,ENSG00000088926.14,protein_coding,F11,exact_gene_name,GENCODE v38,MATCHED,separate_ancestry_bgzf,https://gbmi-sumstats.s3.amazonaws.com/VTE_Bothsex_eur_inv_var_meta_GBMI_052021_nbbkgt1.txt.gz,https://gbmi-sumstats.s3.amazonaws.com/VTE_Bothsex_eur_inv_var_meta_GBMI_052021_nbbkgt1.txt.gz.tbi,https://gbmi-sumstats.s3.amazonaws.com/VTE_Bothsex_amr_inv_var_meta_GBMI_052021_nbbkgt1.txt.gz,https://gbmi-sumstats.s3.amazonaws.com/VTE_Bothsex_amr_inv_var_meta_GBMI_052021_nbbkgt1.txt.gz.tbi,AMR,PASS,MATCHED_EUR_AND_NON_EUR_FILES,True,True,True,True,True,
cmp_add0fff00fe30c88,gt_fd539737d1f5d9cb,F11,GBMI,GBMI::VTE,Venous thromboembolism,VTE,GRCh38,VTE,PRIMARY,Direct disease,Direct disease,False,True,B,B,0,1,1,1,Venous Thrombosis,EUR,EAS,4,chr4,186266189,186289681,186266188,186166189,186389681,186166188,100000,+,ENSG00000088926.14,protein_coding,F11,exact_gene_name,GENCODE v38,MATCHED,separate_ancestry_bgzf,https://gbmi-sumstats.s3.amazonaws.com/VTE_Bothsex_eur_inv_var_meta_GBMI_052021_nbbkgt1.txt.gz,https://gbmi-sumstats.s3.amazonaws.com/VTE_Bothsex_eur_inv_var_meta_GBMI_052021_nbbkgt1.txt.gz.tbi,https://gbmi-sumstats.s3.amazonaws.com/VTE_Bothsex_eas_inv_var_meta_GBMI_052021_nbbkgt1.txt.gz,https://gbmi-sumstats.s3.amazonaws.com/VTE_Bothsex_eas_inv_var_meta_GBMI_052021_nbbkgt1.txt.gz.tbi,EAS,PASS,MATCHED_EUR_AND_NON_EUR_FILES,True,True,True,True,True,
cmp_a948136728fe0452,gt_698ec9454245813e,F2,GBMI,GBMI::VTE,Venous thromboembolism,VTE,GRCh38,VTE,PRIMARY,Direct disease,Direct disease,False,True,A,A,2,0,2,2,Pulmonary Embolism || Venous Thrombosis,EUR,AFR,11,chr11,46719196,46739506,46719195,46619196,46839506,46619195,100000,+,ENSG00000180210.15,protein_coding,F2,exact_gene_name,GENCODE v38,MATCHED,separate_ancestry_bgzf,https://gbmi-sumstats.s3.amazonaws.com/VTE_Bothsex_eur_inv_var_meta_GBMI_052021_nbbkgt1.txt.gz,https://gbmi-sumstats.s3.amazonaws.com/VTE_Bothsex_eur_inv_var_meta_GBMI_052021_nbbkgt1.txt.gz.tbi,https://gbmi-sumstats.s3.amazonaws.com/VTE_Bothsex_afr_inv_var_meta_GBMI_052021_nbbkgt1.txt.gz,https://gbmi-sumstats.s3.amazonaws.com/VTE_Bothsex_afr_inv_var_meta_GBMI_052021_nbbkgt1.txt.gz.tbi,AFR,PASS,MATCHED_EUR_AND_NON_EUR_FILES,True,True,True,True,True,
cmp_71589a44d3743513,gt_698ec9454245813e,F2,GBMI,GBMI::VTE,Venous thromboembolism,VTE,GRCh38,VTE,PRIMARY,Direct disease,Direct disease,False,True,A,A,2,0,2,2,Pulmonary Embolism || Venous Thrombosis,EUR,AMR,11,chr11,46719196,46739506,46719195,46619196,46839506,46619195,100000,+,ENSG00000180210.15,protein_coding,F2,exact_gene_name,GENCODE v38,MATCHED,separate_ancestry_bgzf,https://gbmi-sumstats.s3.amazonaws.com/VTE_Bothsex_eur_inv_var_meta_GBMI_052021_nbbkgt1.txt.gz,https://gbmi-sumstats.s3.amazonaws.com/VTE_Bothsex_eur_inv_var_meta_GBMI_052021_nbbkgt1.txt.gz.tbi,https://gbmi-sumstats.s3.amazonaws.com/VTE_Bothsex_amr_inv_var_meta_GBMI_052021_nbbkgt1.txt.gz,https://gbmi-sumstats.s3.amazonaws.com/VTE_Bothsex_amr_inv_var_meta_GBMI_052021_nbbkgt1.txt.gz.tbi,AMR,PASS,MATCHED_EUR_AND_NON_EUR_FILES,True,True,True,True,True,
cmp_b65743ed0dbea3ab,gt_698ec9454245813e,F2,GBMI,GBMI::VTE,Venous thromboembolism,VTE,GRCh38,VTE,PRIMARY,Direct disease,Direct disease,False,True,A,A,2,0,2,2,Pulmonary Embolism || Venous Thrombosis,EUR,EAS,11,chr11,46719196,46739506,46719195,46619196,46839506,46619195,100000,+,ENSG00000180210.15,protein_coding,F2,exact_gene_name,GENCODE v38,MATCHED,separate_ancestry_bgzf,https://gbmi-sumstats.s3.amazonaws.com/VTE_Bothsex_eur_inv_var_meta_GBMI_052021_nbbkgt1.txt.gz,https://gbmi-sumstats.s3.amazonaws.com/VTE_Bothsex_eur_inv_var_meta_GBMI_052021_nbbkgt1.txt.gz.tbi,https://gbmi-sumstats.s3.amazonaws.com/VTE_Bothsex_eas_inv_var_meta_GBMI_052021_nbbkgt1.txt.gz,https://gbmi-sumstats.s3.amazonaws.com/VTE_Bothsex_eas_inv_var_meta_GBMI_052021_nbbkgt1.txt.gz.tbi,EAS,PASS,MATCHED_EUR_AND_NON_EUR_FILES,True,True,True,True,True,
cmp_a6be1a7fe0f56ba2,gt_eb75fbbeba239dab,VWF,GBMI,GBMI::VTE,Venous thromboembolism,VTE,GRCh38,VTE,PRIMARY,Direct disease,Direct disease,False,True,B,B,0,1,1,1,Venous Thrombosis,EUR,AFR,12,chr12,5948877,6124770,5948876,5848877,6224770,5848876,100000,-,ENSG00000110799.14,protein_coding,VWF,exact_gene_name,GENCODE v38,MATCHED,separate_ancestry_bgzf,https://gbmi-sumstats.s3.amazonaws.com/VTE_Bothsex_eur_inv_var_meta_GBMI_052021_nbbkgt1.txt.gz,https://gbmi-sumstats.s3.amazonaws.com/VTE_Bothsex_eur_inv_var_meta_GBMI_052021_nbbkgt1.txt.gz.tbi,https://gbmi-sumstats.s3.amazonaws.com/VTE_Bothsex_afr_inv_var_meta_GBMI_052021_nbbkgt1.txt.gz,https://gbmi-sumstats.s3.amazonaws.com/VTE_Bothsex_afr_inv_var_meta_GBMI_052021_nbbkgt1.txt.gz.tbi,AFR,PASS,MATCHED_EUR_AND_NON_EUR_FILES,True,True,True,True,True,
cmp_9e43be5ec3a7c37f,gt_eb75fbbeba239dab,VWF,GBMI,GBMI::VTE,Venous thromboembolism,VTE,GRCh38,VTE,PRIMARY,Direct disease,Direct disease,False,True,B,B,0,1,1,1,Venous Thrombosis,EUR,AMR,12,chr12,5948877,6124770,5948876,5848877,6224770,5848876,100000,-,ENSG00000110799.14,protein_coding,VWF,exact_gene_name,GENCODE v38,MATCHED,separate_ancestry_bgzf,https://gbmi-sumstats.s3.amazonaws.com/VTE_Bothsex_eur_inv_var_meta_GBMI_052021_nbbkgt1.txt.gz,https://gbmi-sumstats.s3.amazonaws.com/VTE_Bothsex_eur_inv_var_meta_GBMI_052021_nbbkgt1.txt.gz.tbi,https://gbmi-sumstats.s3.amazonaws.com/VTE_Bothsex_amr_inv_var_meta_GBMI_052021_nbbkgt1.txt.gz,https://gbmi-sumstats.s3.amazonaws.com/VTE_Bothsex_amr_inv_var_meta_GBMI_052021_nbbkgt1.txt.gz.tbi,AMR,PASS,MATCHED_EUR_AND_NON_EUR_FILES,True,True,True,True,True,
cmp_1da2477066b379c3,gt_eb75fbbeba239dab,VWF,GBMI,GBMI::VTE,Venous thromboembolism,VTE,GRCh38,VTE,PRIMARY,Direct disease,Direct disease,False,True,B,B,0,1,1,1,Venous Thrombosis,EUR,EAS,12,chr12,5948877,6124770,5948876,5848877,6224770,5848876,100000,-,ENSG00000110799.14,protein_coding,VWF,exact_gene_name,GENCODE v38,MATCHED,separate_ancestry_bgzf,https://gbmi-sumstats.s3.amazonaws.com/VTE_Bothsex_eur_inv_var_meta_GBMI_052021_nbbkgt1.txt.gz,https://gbmi-sumstats.s3.amazonaws.com/VTE_Bothsex_eur_inv_var_meta_GBMI_052021_nbbkgt1.txt.gz.tbi,https://gbmi-sumstats.s3.amazonaws.com/VTE_Bothsex_eas_inv_var_meta_GBMI_052021_nbbkgt1.txt.gz,https://gbmi-sumstats.s3.amazonaws.com/VTE_Bothsex_eas_inv_var_meta_GBMI_052021_nbbkgt1.txt.gz.tbi,EAS,PASS,MATCHED_EUR_AND_NON_EUR_FILES,True,True,True,True,True,
