comparison_uid,gene_trait_uid,gene,candidate_source,candidate_trait_key,candidate_trait_name,comparison_population,unit_analysis_role,mixed_pool,primary_approval_eligible,eur_extraction_key,comparison_extraction_key,eur_extraction_status,eur_extraction_parquet,comparison_extraction_status,comparison_extraction_parquet,both_extractions_available
cmp_9d8c13f3b6460d45,gt_c2f3696fd5d03431,PNPLA3,Pan-UKB,Pan-UKB::biomarkers|30620|both_sexes||irnt,Alanine aminotransferase,AFR,PRIMARY,False,True,gt_c2f3696fd5d03431,gt_c2f3696fd5d03431,EXTRACTED,intermediate/15b3/Pan-UKB/gt_c2f3696fd5d03431.parquet,EXTRACTED,intermediate/15b3/Pan-UKB/gt_c2f3696fd5d03431.parquet,True
cmp_5181e0eccfa7681d,gt_c2f3696fd5d03431,PNPLA3,Pan-UKB,Pan-UKB::biomarkers|30620|both_sexes||irnt,Alanine aminotransferase,CSA,PRIMARY,False,True,gt_c2f3696fd5d03431,gt_c2f3696fd5d03431,EXTRACTED,intermediate/15b3/Pan-UKB/gt_c2f3696fd5d03431.parquet,EXTRACTED,intermediate/15b3/Pan-UKB/gt_c2f3696fd5d03431.parquet,True
cmp_3a1c4d856b9f1002,gt_e2a7ed2a815c1261,TNFRSF1A,Pan-UKB,Pan-UKB::biomarkers|30600|both_sexes||irnt,Albumin,AFR,PRIMARY,False,True,gt_e2a7ed2a815c1261,gt_e2a7ed2a815c1261,EXTRACTED,intermediate/15b3/Pan-UKB/gt_e2a7ed2a815c1261.parquet,EXTRACTED,intermediate/15b3/Pan-UKB/gt_e2a7ed2a815c1261.parquet,True
cmp_cad575f1b76c6d4c,gt_e2a7ed2a815c1261,TNFRSF1A,Pan-UKB,Pan-UKB::biomarkers|30600|both_sexes||irnt,Albumin,CSA,PRIMARY,False,True,gt_e2a7ed2a815c1261,gt_e2a7ed2a815c1261,EXTRACTED,intermediate/15b3/Pan-UKB/gt_e2a7ed2a815c1261.parquet,EXTRACTED,intermediate/15b3/Pan-UKB/gt_e2a7ed2a815c1261.parquet,True
cmp_31363dc2ab3ab085,gt_0c5a522d1cea1ece,IL12B,Pan-UKB,Pan-UKB::biomarkers|30610|both_sexes||irnt,Alkaline phosphatase,CSA,PRIMARY,False,True,gt_0c5a522d1cea1ece,gt_0c5a522d1cea1ece,EXTRACTED,intermediate/15b3/Pan-UKB/gt_0c5a522d1cea1ece.parquet,EXTRACTED,intermediate/15b3/Pan-UKB/gt_0c5a522d1cea1ece.parquet,True
cmp_ed0271b07af0362c,gt_0c5a522d1cea1ece,IL12B,Pan-UKB,Pan-UKB::biomarkers|30610|both_sexes||irnt,Alkaline phosphatase,MID,PRIMARY,False,True,gt_0c5a522d1cea1ece,gt_0c5a522d1cea1ece,EXTRACTED,intermediate/15b3/Pan-UKB/gt_0c5a522d1cea1ece.parquet,EXTRACTED,intermediate/15b3/Pan-UKB/gt_0c5a522d1cea1ece.parquet,True
cmp_4f80a5c9a2e12790,gt_1ee1da015e26f543,ADIPOR2,Pan-UKB,Pan-UKB::continuous|21001|both_sexes||irnt,Body mass index (BMI),AFR,PRIMARY,False,True,gt_1ee1da015e26f543,gt_1ee1da015e26f543,EXTRACTED,intermediate/15b3/Pan-UKB/gt_1ee1da015e26f543.parquet,EXTRACTED,intermediate/15b3/Pan-UKB/gt_1ee1da015e26f543.parquet,True
cmp_5207bf5c945f87a1,gt_1ee1da015e26f543,ADIPOR2,Pan-UKB,Pan-UKB::continuous|21001|both_sexes||irnt,Body mass index (BMI),CSA,PRIMARY,False,True,gt_1ee1da015e26f543,gt_1ee1da015e26f543,EXTRACTED,intermediate/15b3/Pan-UKB/gt_1ee1da015e26f543.parquet,EXTRACTED,intermediate/15b3/Pan-UKB/gt_1ee1da015e26f543.parquet,True
cmp_64bd13bc77705eda,gt_1ee1da015e26f543,ADIPOR2,Pan-UKB,Pan-UKB::continuous|21001|both_sexes||irnt,Body mass index (BMI),MID,PRIMARY,False,True,gt_1ee1da015e26f543,gt_1ee1da015e26f543,EXTRACTED,intermediate/15b3/Pan-UKB/gt_1ee1da015e26f543.parquet,EXTRACTED,intermediate/15b3/Pan-UKB/gt_1ee1da015e26f543.parquet,True
cmp_dd2558cccbc89872,gt_a3ed78d49b0c5aac,CALCA,Pan-UKB,Pan-UKB::continuous|21001|both_sexes||irnt,Body mass index (BMI),AFR,PRIMARY,False,True,gt_a3ed78d49b0c5aac,gt_a3ed78d49b0c5aac,EXTRACTED,intermediate/15b3/Pan-UKB/gt_a3ed78d49b0c5aac.parquet,EXTRACTED,intermediate/15b3/Pan-UKB/gt_a3ed78d49b0c5aac.parquet,True
cmp_daacdfb49a767a83,gt_a3ed78d49b0c5aac,CALCA,Pan-UKB,Pan-UKB::continuous|21001|both_sexes||irnt,Body mass index (BMI),CSA,PRIMARY,False,True,gt_a3ed78d49b0c5aac,gt_a3ed78d49b0c5aac,EXTRACTED,intermediate/15b3/Pan-UKB/gt_a3ed78d49b0c5aac.parquet,EXTRACTED,intermediate/15b3/Pan-UKB/gt_a3ed78d49b0c5aac.parquet,True
cmp_968e54cd842753a0,gt_a3ed78d49b0c5aac,CALCA,Pan-UKB,Pan-UKB::continuous|21001|both_sexes||irnt,Body mass index (BMI),MID,PRIMARY,False,True,gt_a3ed78d49b0c5aac,gt_a3ed78d49b0c5aac,EXTRACTED,intermediate/15b3/Pan-UKB/gt_a3ed78d49b0c5aac.parquet,EXTRACTED,intermediate/15b3/Pan-UKB/gt_a3ed78d49b0c5aac.parquet,True
cmp_5f5a33771aea4344,gt_a0bbc31bfcb23525,CALCR,Pan-UKB,Pan-UKB::continuous|21001|both_sexes||irnt,Body mass index (BMI),AFR,PRIMARY,False,True,gt_a0bbc31bfcb23525,gt_a0bbc31bfcb23525,EXTRACTED,intermediate/15b3/Pan-UKB/gt_a0bbc31bfcb23525.parquet,EXTRACTED,intermediate/15b3/Pan-UKB/gt_a0bbc31bfcb23525.parquet,True
cmp_312d2eeff22fbd6d,gt_a0bbc31bfcb23525,CALCR,Pan-UKB,Pan-UKB::continuous|21001|both_sexes||irnt,Body mass index (BMI),CSA,PRIMARY,False,True,gt_a0bbc31bfcb23525,gt_a0bbc31bfcb23525,EXTRACTED,intermediate/15b3/Pan-UKB/gt_a0bbc31bfcb23525.parquet,EXTRACTED,intermediate/15b3/Pan-UKB/gt_a0bbc31bfcb23525.parquet,True
cmp_397789a3dc4c5cce,gt_a0bbc31bfcb23525,CALCR,Pan-UKB,Pan-UKB::continuous|21001|both_sexes||irnt,Body mass index (BMI),MID,PRIMARY,False,True,gt_a0bbc31bfcb23525,gt_a0bbc31bfcb23525,EXTRACTED,intermediate/15b3/Pan-UKB/gt_a0bbc31bfcb23525.parquet,EXTRACTED,intermediate/15b3/Pan-UKB/gt_a0bbc31bfcb23525.parquet,True
cmp_cf2eb416b2655e2b,gt_7ef45295ac72754b,DPP4,Pan-UKB,Pan-UKB::continuous|21001|both_sexes||irnt,Body mass index (BMI),AFR,PRIMARY,False,True,gt_7ef45295ac72754b,gt_7ef45295ac72754b,EXTRACTED,intermediate/15b3/Pan-UKB/gt_7ef45295ac72754b.parquet,EXTRACTED,intermediate/15b3/Pan-UKB/gt_7ef45295ac72754b.parquet,True
cmp_0daa02799b71141c,gt_7ef45295ac72754b,DPP4,Pan-UKB,Pan-UKB::continuous|21001|both_sexes||irnt,Body mass index (BMI),CSA,PRIMARY,False,True,gt_7ef45295ac72754b,gt_7ef45295ac72754b,EXTRACTED,intermediate/15b3/Pan-UKB/gt_7ef45295ac72754b.parquet,EXTRACTED,intermediate/15b3/Pan-UKB/gt_7ef45295ac72754b.parquet,True
cmp_3ebb25f4fe833c35,gt_7ef45295ac72754b,DPP4,Pan-UKB,Pan-UKB::continuous|21001|both_sexes||irnt,Body mass index (BMI),MID,PRIMARY,False,True,gt_7ef45295ac72754b,gt_7ef45295ac72754b,EXTRACTED,intermediate/15b3/Pan-UKB/gt_7ef45295ac72754b.parquet,EXTRACTED,intermediate/15b3/Pan-UKB/gt_7ef45295ac72754b.parquet,True
cmp_079478dee00a071e,gt_07bc6b913823d770,FGFR1,Pan-UKB,Pan-UKB::continuous|21001|both_sexes||irnt,Body mass index (BMI),AFR,PRIMARY,False,True,gt_07bc6b913823d770,gt_07bc6b913823d770,EXTRACTED,intermediate/15b3/Pan-UKB/gt_07bc6b913823d770.parquet,EXTRACTED,intermediate/15b3/Pan-UKB/gt_07bc6b913823d770.parquet,True
cmp_5b22527d173ee7fa,gt_07bc6b913823d770,FGFR1,Pan-UKB,Pan-UKB::continuous|21001|both_sexes||irnt,Body mass index (BMI),CSA,PRIMARY,False,True,gt_07bc6b913823d770,gt_07bc6b913823d770,EXTRACTED,intermediate/15b3/Pan-UKB/gt_07bc6b913823d770.parquet,EXTRACTED,intermediate/15b3/Pan-UKB/gt_07bc6b913823d770.parquet,True
cmp_bad094ab84784157,gt_07bc6b913823d770,FGFR1,Pan-UKB,Pan-UKB::continuous|21001|both_sexes||irnt,Body mass index (BMI),MID,PRIMARY,False,True,gt_07bc6b913823d770,gt_07bc6b913823d770,EXTRACTED,intermediate/15b3/Pan-UKB/gt_07bc6b913823d770.parquet,EXTRACTED,intermediate/15b3/Pan-UKB/gt_07bc6b913823d770.parquet,True
cmp_2578fe8a5e432812,gt_5aa064f396f10864,FGFR4,Pan-UKB,Pan-UKB::continuous|21001|both_sexes||irnt,Body mass index (BMI),AFR,PRIMARY,False,True,gt_5aa064f396f10864,gt_5aa064f396f10864,EXTRACTED,intermediate/15b3/Pan-UKB/gt_5aa064f396f10864.parquet,EXTRACTED,intermediate/15b3/Pan-UKB/gt_5aa064f396f10864.parquet,True
cmp_cf79a21217ebfd45,gt_5aa064f396f10864,FGFR4,Pan-UKB,Pan-UKB::continuous|21001|both_sexes||irnt,Body mass index (BMI),CSA,PRIMARY,False,True,gt_5aa064f396f10864,gt_5aa064f396f10864,EXTRACTED,intermediate/15b3/Pan-UKB/gt_5aa064f396f10864.parquet,EXTRACTED,intermediate/15b3/Pan-UKB/gt_5aa064f396f10864.parquet,True
cmp_2278a2ee61e3c94f,gt_5aa064f396f10864,FGFR4,Pan-UKB,Pan-UKB::continuous|21001|both_sexes||irnt,Body mass index (BMI),MID,PRIMARY,False,True,gt_5aa064f396f10864,gt_5aa064f396f10864,EXTRACTED,intermediate/15b3/Pan-UKB/gt_5aa064f396f10864.parquet,EXTRACTED,intermediate/15b3/Pan-UKB/gt_5aa064f396f10864.parquet,True
cmp_a65923a60135b609,gt_d79e322e54d14839,GDF15,Pan-UKB,Pan-UKB::continuous|21001|both_sexes||irnt,Body mass index (BMI),AFR,PRIMARY,False,True,gt_d79e322e54d14839,gt_d79e322e54d14839,EXTRACTED,intermediate/15b3/Pan-UKB/gt_d79e322e54d14839.parquet,EXTRACTED,intermediate/15b3/Pan-UKB/gt_d79e322e54d14839.parquet,True
cmp_c93179e9cff3fff4,gt_d79e322e54d14839,GDF15,Pan-UKB,Pan-UKB::continuous|21001|both_sexes||irnt,Body mass index (BMI),CSA,PRIMARY,False,True,gt_d79e322e54d14839,gt_d79e322e54d14839,EXTRACTED,intermediate/15b3/Pan-UKB/gt_d79e322e54d14839.parquet,EXTRACTED,intermediate/15b3/Pan-UKB/gt_d79e322e54d14839.parquet,True
cmp_06c4746c5e993d05,gt_d79e322e54d14839,GDF15,Pan-UKB,Pan-UKB::continuous|21001|both_sexes||irnt,Body mass index (BMI),MID,PRIMARY,False,True,gt_d79e322e54d14839,gt_d79e322e54d14839,EXTRACTED,intermediate/15b3/Pan-UKB/gt_d79e322e54d14839.parquet,EXTRACTED,intermediate/15b3/Pan-UKB/gt_d79e322e54d14839.parquet,True
cmp_8dfd1b9a2d559b23,gt_a4b99530ba80c8ab,GFRAL,Pan-UKB,Pan-UKB::continuous|21001|both_sexes||irnt,Body mass index (BMI),AFR,PRIMARY,False,True,gt_a4b99530ba80c8ab,gt_a4b99530ba80c8ab,EXTRACTED,intermediate/15b3/Pan-UKB/gt_a4b99530ba80c8ab.parquet,EXTRACTED,intermediate/15b3/Pan-UKB/gt_a4b99530ba80c8ab.parquet,True
cmp_f6c8664394696f28,gt_a4b99530ba80c8ab,GFRAL,Pan-UKB,Pan-UKB::continuous|21001|both_sexes||irnt,Body mass index (BMI),CSA,PRIMARY,False,True,gt_a4b99530ba80c8ab,gt_a4b99530ba80c8ab,EXTRACTED,intermediate/15b3/Pan-UKB/gt_a4b99530ba80c8ab.parquet,EXTRACTED,intermediate/15b3/Pan-UKB/gt_a4b99530ba80c8ab.parquet,True
cmp_46a786b0f7f692c1,gt_a4b99530ba80c8ab,GFRAL,Pan-UKB,Pan-UKB::continuous|21001|both_sexes||irnt,Body mass index (BMI),MID,PRIMARY,False,True,gt_a4b99530ba80c8ab,gt_a4b99530ba80c8ab,EXTRACTED,intermediate/15b3/Pan-UKB/gt_a4b99530ba80c8ab.parquet,EXTRACTED,intermediate/15b3/Pan-UKB/gt_a4b99530ba80c8ab.parquet,True
cmp_340539a9aafdd2ed,gt_d815e2aa4bbcd69a,GHR,Pan-UKB,Pan-UKB::continuous|21001|both_sexes||irnt,Body mass index (BMI),AFR,PRIMARY,False,True,gt_d815e2aa4bbcd69a,gt_d815e2aa4bbcd69a,EXTRACTED,intermediate/15b3/Pan-UKB/gt_d815e2aa4bbcd69a.parquet,EXTRACTED,intermediate/15b3/Pan-UKB/gt_d815e2aa4bbcd69a.parquet,True
cmp_fc7c44bdf8d1c088,gt_d815e2aa4bbcd69a,GHR,Pan-UKB,Pan-UKB::continuous|21001|both_sexes||irnt,Body mass index (BMI),CSA,PRIMARY,False,True,gt_d815e2aa4bbcd69a,gt_d815e2aa4bbcd69a,EXTRACTED,intermediate/15b3/Pan-UKB/gt_d815e2aa4bbcd69a.parquet,EXTRACTED,intermediate/15b3/Pan-UKB/gt_d815e2aa4bbcd69a.parquet,True
cmp_f85cd571258c4937,gt_d815e2aa4bbcd69a,GHR,Pan-UKB,Pan-UKB::continuous|21001|both_sexes||irnt,Body mass index (BMI),MID,PRIMARY,False,True,gt_d815e2aa4bbcd69a,gt_d815e2aa4bbcd69a,EXTRACTED,intermediate/15b3/Pan-UKB/gt_d815e2aa4bbcd69a.parquet,EXTRACTED,intermediate/15b3/Pan-UKB/gt_d815e2aa4bbcd69a.parquet,True
cmp_ce5e345eb69043ef,gt_e8a2392ea6c7a9e1,GIPR,Pan-UKB,Pan-UKB::continuous|21001|both_sexes||irnt,Body mass index (BMI),AFR,PRIMARY,False,True,gt_e8a2392ea6c7a9e1,gt_e8a2392ea6c7a9e1,EXTRACTED,intermediate/15b3/Pan-UKB/gt_e8a2392ea6c7a9e1.parquet,EXTRACTED,intermediate/15b3/Pan-UKB/gt_e8a2392ea6c7a9e1.parquet,True
cmp_0f677d3a2cec3d16,gt_e8a2392ea6c7a9e1,GIPR,Pan-UKB,Pan-UKB::continuous|21001|both_sexes||irnt,Body mass index (BMI),CSA,PRIMARY,False,True,gt_e8a2392ea6c7a9e1,gt_e8a2392ea6c7a9e1,EXTRACTED,intermediate/15b3/Pan-UKB/gt_e8a2392ea6c7a9e1.parquet,EXTRACTED,intermediate/15b3/Pan-UKB/gt_e8a2392ea6c7a9e1.parquet,True
cmp_a38cb42e3379daab,gt_e8a2392ea6c7a9e1,GIPR,Pan-UKB,Pan-UKB::continuous|21001|both_sexes||irnt,Body mass index (BMI),MID,PRIMARY,False,True,gt_e8a2392ea6c7a9e1,gt_e8a2392ea6c7a9e1,EXTRACTED,intermediate/15b3/Pan-UKB/gt_e8a2392ea6c7a9e1.parquet,EXTRACTED,intermediate/15b3/Pan-UKB/gt_e8a2392ea6c7a9e1.parquet,True
cmp_8ebe601ca5aa83b8,gt_25ecabe6d3e507e8,GLP1R,Pan-UKB,Pan-UKB::continuous|21001|both_sexes||irnt,Body mass index (BMI),AFR,PRIMARY,False,True,gt_25ecabe6d3e507e8,gt_25ecabe6d3e507e8,EXTRACTED,intermediate/15b3/Pan-UKB/gt_25ecabe6d3e507e8.parquet,EXTRACTED,intermediate/15b3/Pan-UKB/gt_25ecabe6d3e507e8.parquet,True
cmp_7d1964e37a09fd0a,gt_25ecabe6d3e507e8,GLP1R,Pan-UKB,Pan-UKB::continuous|21001|both_sexes||irnt,Body mass index (BMI),CSA,PRIMARY,False,True,gt_25ecabe6d3e507e8,gt_25ecabe6d3e507e8,EXTRACTED,intermediate/15b3/Pan-UKB/gt_25ecabe6d3e507e8.parquet,EXTRACTED,intermediate/15b3/Pan-UKB/gt_25ecabe6d3e507e8.parquet,True
cmp_15fa0358129dafbb,gt_25ecabe6d3e507e8,GLP1R,Pan-UKB,Pan-UKB::continuous|21001|both_sexes||irnt,Body mass index (BMI),MID,PRIMARY,False,True,gt_25ecabe6d3e507e8,gt_25ecabe6d3e507e8,EXTRACTED,intermediate/15b3/Pan-UKB/gt_25ecabe6d3e507e8.parquet,EXTRACTED,intermediate/15b3/Pan-UKB/gt_25ecabe6d3e507e8.parquet,True
cmp_ffb3cf3226c5feca,gt_c3e1332e6c837d81,HSD11B1,Pan-UKB,Pan-UKB::continuous|21001|both_sexes||irnt,Body mass index (BMI),AFR,PRIMARY,False,True,gt_c3e1332e6c837d81,gt_c3e1332e6c837d81,EXTRACTED,intermediate/15b3/Pan-UKB/gt_c3e1332e6c837d81.parquet,EXTRACTED,intermediate/15b3/Pan-UKB/gt_c3e1332e6c837d81.parquet,True
cmp_968af00a51bb2df7,gt_c3e1332e6c837d81,HSD11B1,Pan-UKB,Pan-UKB::continuous|21001|both_sexes||irnt,Body mass index (BMI),CSA,PRIMARY,False,True,gt_c3e1332e6c837d81,gt_c3e1332e6c837d81,EXTRACTED,intermediate/15b3/Pan-UKB/gt_c3e1332e6c837d81.parquet,EXTRACTED,intermediate/15b3/Pan-UKB/gt_c3e1332e6c837d81.parquet,True
cmp_9bf2694e57943858,gt_c3e1332e6c837d81,HSD11B1,Pan-UKB,Pan-UKB::continuous|21001|both_sexes||irnt,Body mass index (BMI),MID,PRIMARY,False,True,gt_c3e1332e6c837d81,gt_c3e1332e6c837d81,EXTRACTED,intermediate/15b3/Pan-UKB/gt_c3e1332e6c837d81.parquet,EXTRACTED,intermediate/15b3/Pan-UKB/gt_c3e1332e6c837d81.parquet,True
cmp_80175672b39655ce,gt_c1f964477a2c60d2,HTR1A,Pan-UKB,Pan-UKB::continuous|21001|both_sexes||irnt,Body mass index (BMI),AFR,PRIMARY,False,True,gt_c1f964477a2c60d2,gt_c1f964477a2c60d2,EXTRACTED,intermediate/15b3/Pan-UKB/gt_c1f964477a2c60d2.parquet,EXTRACTED,intermediate/15b3/Pan-UKB/gt_c1f964477a2c60d2.parquet,True
cmp_e1e56086d8f841e1,gt_c1f964477a2c60d2,HTR1A,Pan-UKB,Pan-UKB::continuous|21001|both_sexes||irnt,Body mass index (BMI),CSA,PRIMARY,False,True,gt_c1f964477a2c60d2,gt_c1f964477a2c60d2,EXTRACTED,intermediate/15b3/Pan-UKB/gt_c1f964477a2c60d2.parquet,EXTRACTED,intermediate/15b3/Pan-UKB/gt_c1f964477a2c60d2.parquet,True
cmp_885f982fca055dee,gt_c1f964477a2c60d2,HTR1A,Pan-UKB,Pan-UKB::continuous|21001|both_sexes||irnt,Body mass index (BMI),MID,PRIMARY,False,True,gt_c1f964477a2c60d2,gt_c1f964477a2c60d2,EXTRACTED,intermediate/15b3/Pan-UKB/gt_c1f964477a2c60d2.parquet,EXTRACTED,intermediate/15b3/Pan-UKB/gt_c1f964477a2c60d2.parquet,True
cmp_71b7ddb719e3cb03,gt_c613c2c57d405093,IAPP,Pan-UKB,Pan-UKB::continuous|21001|both_sexes||irnt,Body mass index (BMI),AFR,PRIMARY,False,True,gt_c613c2c57d405093,gt_c613c2c57d405093,EXTRACTED,intermediate/15b3/Pan-UKB/gt_c613c2c57d405093.parquet,EXTRACTED,intermediate/15b3/Pan-UKB/gt_c613c2c57d405093.parquet,True
cmp_ea327d1dd0a42d69,gt_c613c2c57d405093,IAPP,Pan-UKB,Pan-UKB::continuous|21001|both_sexes||irnt,Body mass index (BMI),CSA,PRIMARY,False,True,gt_c613c2c57d405093,gt_c613c2c57d405093,EXTRACTED,intermediate/15b3/Pan-UKB/gt_c613c2c57d405093.parquet,EXTRACTED,intermediate/15b3/Pan-UKB/gt_c613c2c57d405093.parquet,True
cmp_586b6611324ad428,gt_c613c2c57d405093,IAPP,Pan-UKB,Pan-UKB::continuous|21001|both_sexes||irnt,Body mass index (BMI),MID,PRIMARY,False,True,gt_c613c2c57d405093,gt_c613c2c57d405093,EXTRACTED,intermediate/15b3/Pan-UKB/gt_c613c2c57d405093.parquet,EXTRACTED,intermediate/15b3/Pan-UKB/gt_c613c2c57d405093.parquet,True
cmp_e34cdd484ad3fd0a,gt_3118096966414b21,INSR,Pan-UKB,Pan-UKB::continuous|21001|both_sexes||irnt,Body mass index (BMI),AFR,PRIMARY,False,True,gt_3118096966414b21,gt_3118096966414b21,EXTRACTED,intermediate/15b3/Pan-UKB/gt_3118096966414b21.parquet,EXTRACTED,intermediate/15b3/Pan-UKB/gt_3118096966414b21.parquet,True
cmp_6ec0097c5bdac67b,gt_3118096966414b21,INSR,Pan-UKB,Pan-UKB::continuous|21001|both_sexes||irnt,Body mass index (BMI),CSA,PRIMARY,False,True,gt_3118096966414b21,gt_3118096966414b21,EXTRACTED,intermediate/15b3/Pan-UKB/gt_3118096966414b21.parquet,EXTRACTED,intermediate/15b3/Pan-UKB/gt_3118096966414b21.parquet,True
cmp_72dfdcaeb4fc2bab,gt_3118096966414b21,INSR,Pan-UKB,Pan-UKB::continuous|21001|both_sexes||irnt,Body mass index (BMI),MID,PRIMARY,False,True,gt_3118096966414b21,gt_3118096966414b21,EXTRACTED,intermediate/15b3/Pan-UKB/gt_3118096966414b21.parquet,EXTRACTED,intermediate/15b3/Pan-UKB/gt_3118096966414b21.parquet,True
cmp_04802c9d74f9e732,gt_46885db53b6cf531,LEPR,Pan-UKB,Pan-UKB::continuous|21001|both_sexes||irnt,Body mass index (BMI),AFR,PRIMARY,False,True,gt_46885db53b6cf531,gt_46885db53b6cf531,EXTRACTED,intermediate/15b3/Pan-UKB/gt_46885db53b6cf531.parquet,EXTRACTED,intermediate/15b3/Pan-UKB/gt_46885db53b6cf531.parquet,True
cmp_fd7bee0b4f0c8705,gt_46885db53b6cf531,LEPR,Pan-UKB,Pan-UKB::continuous|21001|both_sexes||irnt,Body mass index (BMI),CSA,PRIMARY,False,True,gt_46885db53b6cf531,gt_46885db53b6cf531,EXTRACTED,intermediate/15b3/Pan-UKB/gt_46885db53b6cf531.parquet,EXTRACTED,intermediate/15b3/Pan-UKB/gt_46885db53b6cf531.parquet,True
cmp_e3f2f647f7cf5c3c,gt_46885db53b6cf531,LEPR,Pan-UKB,Pan-UKB::continuous|21001|both_sexes||irnt,Body mass index (BMI),MID,PRIMARY,False,True,gt_46885db53b6cf531,gt_46885db53b6cf531,EXTRACTED,intermediate/15b3/Pan-UKB/gt_46885db53b6cf531.parquet,EXTRACTED,intermediate/15b3/Pan-UKB/gt_46885db53b6cf531.parquet,True
cmp_78452397ae97612a,gt_61df4e5e9ce876ed,MAPK1,Pan-UKB,Pan-UKB::continuous|21001|both_sexes||irnt,Body mass index (BMI),AFR,PRIMARY,False,True,gt_61df4e5e9ce876ed,gt_61df4e5e9ce876ed,EXTRACTED,intermediate/15b3/Pan-UKB/gt_61df4e5e9ce876ed.parquet,EXTRACTED,intermediate/15b3/Pan-UKB/gt_61df4e5e9ce876ed.parquet,True
cmp_c4363c25ad7ffa63,gt_61df4e5e9ce876ed,MAPK1,Pan-UKB,Pan-UKB::continuous|21001|both_sexes||irnt,Body mass index (BMI),CSA,PRIMARY,False,True,gt_61df4e5e9ce876ed,gt_61df4e5e9ce876ed,EXTRACTED,intermediate/15b3/Pan-UKB/gt_61df4e5e9ce876ed.parquet,EXTRACTED,intermediate/15b3/Pan-UKB/gt_61df4e5e9ce876ed.parquet,True
cmp_e9978fabe01afe50,gt_61df4e5e9ce876ed,MAPK1,Pan-UKB,Pan-UKB::continuous|21001|both_sexes||irnt,Body mass index (BMI),MID,PRIMARY,False,True,gt_61df4e5e9ce876ed,gt_61df4e5e9ce876ed,EXTRACTED,intermediate/15b3/Pan-UKB/gt_61df4e5e9ce876ed.parquet,EXTRACTED,intermediate/15b3/Pan-UKB/gt_61df4e5e9ce876ed.parquet,True
cmp_d952477127ee7ec7,gt_6925bb9b57369884,MAPK3,Pan-UKB,Pan-UKB::continuous|21001|both_sexes||irnt,Body mass index (BMI),AFR,PRIMARY,False,True,gt_6925bb9b57369884,gt_6925bb9b57369884,EXTRACTED,intermediate/15b3/Pan-UKB/gt_6925bb9b57369884.parquet,EXTRACTED,intermediate/15b3/Pan-UKB/gt_6925bb9b57369884.parquet,True
cmp_5d9692961eceee6a,gt_6925bb9b57369884,MAPK3,Pan-UKB,Pan-UKB::continuous|21001|both_sexes||irnt,Body mass index (BMI),CSA,PRIMARY,False,True,gt_6925bb9b57369884,gt_6925bb9b57369884,EXTRACTED,intermediate/15b3/Pan-UKB/gt_6925bb9b57369884.parquet,EXTRACTED,intermediate/15b3/Pan-UKB/gt_6925bb9b57369884.parquet,True
cmp_516979e63b81199e,gt_6925bb9b57369884,MAPK3,Pan-UKB,Pan-UKB::continuous|21001|both_sexes||irnt,Body mass index (BMI),MID,PRIMARY,False,True,gt_6925bb9b57369884,gt_6925bb9b57369884,EXTRACTED,intermediate/15b3/Pan-UKB/gt_6925bb9b57369884.parquet,EXTRACTED,intermediate/15b3/Pan-UKB/gt_6925bb9b57369884.parquet,True
cmp_72348505eabd0d8c,gt_6514a4bcc5411b53,MC1R,Pan-UKB,Pan-UKB::continuous|21001|both_sexes||irnt,Body mass index (BMI),AFR,PRIMARY,False,True,gt_6514a4bcc5411b53,gt_6514a4bcc5411b53,EXTRACTED,intermediate/15b3/Pan-UKB/gt_6514a4bcc5411b53.parquet,EXTRACTED,intermediate/15b3/Pan-UKB/gt_6514a4bcc5411b53.parquet,True
cmp_216a3309e17ff325,gt_6514a4bcc5411b53,MC1R,Pan-UKB,Pan-UKB::continuous|21001|both_sexes||irnt,Body mass index (BMI),CSA,PRIMARY,False,True,gt_6514a4bcc5411b53,gt_6514a4bcc5411b53,EXTRACTED,intermediate/15b3/Pan-UKB/gt_6514a4bcc5411b53.parquet,EXTRACTED,intermediate/15b3/Pan-UKB/gt_6514a4bcc5411b53.parquet,True
cmp_1e62bc9cfb0ae342,gt_6514a4bcc5411b53,MC1R,Pan-UKB,Pan-UKB::continuous|21001|both_sexes||irnt,Body mass index (BMI),MID,PRIMARY,False,True,gt_6514a4bcc5411b53,gt_6514a4bcc5411b53,EXTRACTED,intermediate/15b3/Pan-UKB/gt_6514a4bcc5411b53.parquet,EXTRACTED,intermediate/15b3/Pan-UKB/gt_6514a4bcc5411b53.parquet,True
cmp_d9f3563910f04212,gt_e31188cc7b292717,MC4R,Pan-UKB,Pan-UKB::continuous|21001|both_sexes||irnt,Body mass index (BMI),AFR,PRIMARY,False,True,gt_e31188cc7b292717,gt_e31188cc7b292717,EXTRACTED,intermediate/15b3/Pan-UKB/gt_e31188cc7b292717.parquet,EXTRACTED,intermediate/15b3/Pan-UKB/gt_e31188cc7b292717.parquet,True
cmp_91602ff38973e5c1,gt_e31188cc7b292717,MC4R,Pan-UKB,Pan-UKB::continuous|21001|both_sexes||irnt,Body mass index (BMI),CSA,PRIMARY,False,True,gt_e31188cc7b292717,gt_e31188cc7b292717,EXTRACTED,intermediate/15b3/Pan-UKB/gt_e31188cc7b292717.parquet,EXTRACTED,intermediate/15b3/Pan-UKB/gt_e31188cc7b292717.parquet,True
cmp_795667e1dbbc5ad6,gt_e31188cc7b292717,MC4R,Pan-UKB,Pan-UKB::continuous|21001|both_sexes||irnt,Body mass index (BMI),MID,PRIMARY,False,True,gt_e31188cc7b292717,gt_e31188cc7b292717,EXTRACTED,intermediate/15b3/Pan-UKB/gt_e31188cc7b292717.parquet,EXTRACTED,intermediate/15b3/Pan-UKB/gt_e31188cc7b292717.parquet,True
cmp_b0ac2fd5fb031aa4,gt_d14085384e769d40,MTTP,Pan-UKB,Pan-UKB::continuous|21001|both_sexes||irnt,Body mass index (BMI),AFR,PRIMARY,False,True,gt_d14085384e769d40,gt_d14085384e769d40,EXTRACTED,intermediate/15b3/Pan-UKB/gt_d14085384e769d40.parquet,EXTRACTED,intermediate/15b3/Pan-UKB/gt_d14085384e769d40.parquet,True
cmp_dcd0c0caf9708b43,gt_d14085384e769d40,MTTP,Pan-UKB,Pan-UKB::continuous|21001|both_sexes||irnt,Body mass index (BMI),CSA,PRIMARY,False,True,gt_d14085384e769d40,gt_d14085384e769d40,EXTRACTED,intermediate/15b3/Pan-UKB/gt_d14085384e769d40.parquet,EXTRACTED,intermediate/15b3/Pan-UKB/gt_d14085384e769d40.parquet,True
cmp_677d64c945b762f6,gt_d14085384e769d40,MTTP,Pan-UKB,Pan-UKB::continuous|21001|both_sexes||irnt,Body mass index (BMI),MID,PRIMARY,False,True,gt_d14085384e769d40,gt_d14085384e769d40,EXTRACTED,intermediate/15b3/Pan-UKB/gt_d14085384e769d40.parquet,EXTRACTED,intermediate/15b3/Pan-UKB/gt_d14085384e769d40.parquet,True
cmp_f7e745784dd20d7a,gt_9e59531911456d7e,NPY,Pan-UKB,Pan-UKB::continuous|21001|both_sexes||irnt,Body mass index (BMI),AFR,PRIMARY,False,True,gt_9e59531911456d7e,gt_9e59531911456d7e,EXTRACTED,intermediate/15b3/Pan-UKB/gt_9e59531911456d7e.parquet,EXTRACTED,intermediate/15b3/Pan-UKB/gt_9e59531911456d7e.parquet,True
cmp_d1be896521c16094,gt_9e59531911456d7e,NPY,Pan-UKB,Pan-UKB::continuous|21001|both_sexes||irnt,Body mass index (BMI),CSA,PRIMARY,False,True,gt_9e59531911456d7e,gt_9e59531911456d7e,EXTRACTED,intermediate/15b3/Pan-UKB/gt_9e59531911456d7e.parquet,EXTRACTED,intermediate/15b3/Pan-UKB/gt_9e59531911456d7e.parquet,True
cmp_28e2956ba0ebd603,gt_9e59531911456d7e,NPY,Pan-UKB,Pan-UKB::continuous|21001|both_sexes||irnt,Body mass index (BMI),MID,PRIMARY,False,True,gt_9e59531911456d7e,gt_9e59531911456d7e,EXTRACTED,intermediate/15b3/Pan-UKB/gt_9e59531911456d7e.parquet,EXTRACTED,intermediate/15b3/Pan-UKB/gt_9e59531911456d7e.parquet,True
cmp_a97ce6dedcd54341,gt_a0df6f80874b8d26,NPY5R,Pan-UKB,Pan-UKB::continuous|21001|both_sexes||irnt,Body mass index (BMI),AFR,PRIMARY,False,True,gt_a0df6f80874b8d26,gt_a0df6f80874b8d26,EXTRACTED,intermediate/15b3/Pan-UKB/gt_a0df6f80874b8d26.parquet,EXTRACTED,intermediate/15b3/Pan-UKB/gt_a0df6f80874b8d26.parquet,True
cmp_3124ceb4d020ea5a,gt_a0df6f80874b8d26,NPY5R,Pan-UKB,Pan-UKB::continuous|21001|both_sexes||irnt,Body mass index (BMI),CSA,PRIMARY,False,True,gt_a0df6f80874b8d26,gt_a0df6f80874b8d26,EXTRACTED,intermediate/15b3/Pan-UKB/gt_a0df6f80874b8d26.parquet,EXTRACTED,intermediate/15b3/Pan-UKB/gt_a0df6f80874b8d26.parquet,True
cmp_f04fee7e22ce047a,gt_a0df6f80874b8d26,NPY5R,Pan-UKB,Pan-UKB::continuous|21001|both_sexes||irnt,Body mass index (BMI),MID,PRIMARY,False,True,gt_a0df6f80874b8d26,gt_a0df6f80874b8d26,EXTRACTED,intermediate/15b3/Pan-UKB/gt_a0df6f80874b8d26.parquet,EXTRACTED,intermediate/15b3/Pan-UKB/gt_a0df6f80874b8d26.parquet,True
cmp_2661dd42af3bfb16,gt_1fa305cc7cba8ae9,NR3C1,Pan-UKB,Pan-UKB::continuous|21001|both_sexes||irnt,Body mass index (BMI),AFR,PRIMARY,False,True,gt_1fa305cc7cba8ae9,gt_1fa305cc7cba8ae9,EXTRACTED,intermediate/15b3/Pan-UKB/gt_1fa305cc7cba8ae9.parquet,EXTRACTED,intermediate/15b3/Pan-UKB/gt_1fa305cc7cba8ae9.parquet,True
cmp_d6cd4d98314b761f,gt_1fa305cc7cba8ae9,NR3C1,Pan-UKB,Pan-UKB::continuous|21001|both_sexes||irnt,Body mass index (BMI),CSA,PRIMARY,False,True,gt_1fa305cc7cba8ae9,gt_1fa305cc7cba8ae9,EXTRACTED,intermediate/15b3/Pan-UKB/gt_1fa305cc7cba8ae9.parquet,EXTRACTED,intermediate/15b3/Pan-UKB/gt_1fa305cc7cba8ae9.parquet,True
cmp_7f4279f01292e27f,gt_1fa305cc7cba8ae9,NR3C1,Pan-UKB,Pan-UKB::continuous|21001|both_sexes||irnt,Body mass index (BMI),MID,PRIMARY,False,True,gt_1fa305cc7cba8ae9,gt_1fa305cc7cba8ae9,EXTRACTED,intermediate/15b3/Pan-UKB/gt_1fa305cc7cba8ae9.parquet,EXTRACTED,intermediate/15b3/Pan-UKB/gt_1fa305cc7cba8ae9.parquet,True
cmp_fac134fd4c5e31de,gt_9b4c668b144beda2,OPRM1,Pan-UKB,Pan-UKB::continuous|21001|both_sexes||irnt,Body mass index (BMI),AFR,PRIMARY,False,True,gt_9b4c668b144beda2,gt_9b4c668b144beda2,EXTRACTED,intermediate/15b3/Pan-UKB/gt_9b4c668b144beda2.parquet,EXTRACTED,intermediate/15b3/Pan-UKB/gt_9b4c668b144beda2.parquet,True
cmp_e1ec75f35a1f5325,gt_9b4c668b144beda2,OPRM1,Pan-UKB,Pan-UKB::continuous|21001|both_sexes||irnt,Body mass index (BMI),CSA,PRIMARY,False,True,gt_9b4c668b144beda2,gt_9b4c668b144beda2,EXTRACTED,intermediate/15b3/Pan-UKB/gt_9b4c668b144beda2.parquet,EXTRACTED,intermediate/15b3/Pan-UKB/gt_9b4c668b144beda2.parquet,True
cmp_41bfc0bfca8c4bb6,gt_9b4c668b144beda2,OPRM1,Pan-UKB,Pan-UKB::continuous|21001|both_sexes||irnt,Body mass index (BMI),MID,PRIMARY,False,True,gt_9b4c668b144beda2,gt_9b4c668b144beda2,EXTRACTED,intermediate/15b3/Pan-UKB/gt_9b4c668b144beda2.parquet,EXTRACTED,intermediate/15b3/Pan-UKB/gt_9b4c668b144beda2.parquet,True
cmp_3886199c657bf693,gt_7f572da2369e3b76,PPARA,Pan-UKB,Pan-UKB::continuous|21001|both_sexes||irnt,Body mass index (BMI),AFR,PRIMARY,False,True,gt_7f572da2369e3b76,gt_7f572da2369e3b76,EXTRACTED,intermediate/15b3/Pan-UKB/gt_7f572da2369e3b76.parquet,EXTRACTED,intermediate/15b3/Pan-UKB/gt_7f572da2369e3b76.parquet,True
cmp_ec4e6dd2b3d71823,gt_7f572da2369e3b76,PPARA,Pan-UKB,Pan-UKB::continuous|21001|both_sexes||irnt,Body mass index (BMI),CSA,PRIMARY,False,True,gt_7f572da2369e3b76,gt_7f572da2369e3b76,EXTRACTED,intermediate/15b3/Pan-UKB/gt_7f572da2369e3b76.parquet,EXTRACTED,intermediate/15b3/Pan-UKB/gt_7f572da2369e3b76.parquet,True
cmp_8bce042e6f6265cb,gt_7f572da2369e3b76,PPARA,Pan-UKB,Pan-UKB::continuous|21001|both_sexes||irnt,Body mass index (BMI),MID,PRIMARY,False,True,gt_7f572da2369e3b76,gt_7f572da2369e3b76,EXTRACTED,intermediate/15b3/Pan-UKB/gt_7f572da2369e3b76.parquet,EXTRACTED,intermediate/15b3/Pan-UKB/gt_7f572da2369e3b76.parquet,True
cmp_b983f121e89ab0c9,gt_4129badd0cfdf3a3,PPARD,Pan-UKB,Pan-UKB::continuous|21001|both_sexes||irnt,Body mass index (BMI),AFR,PRIMARY,False,True,gt_4129badd0cfdf3a3,gt_4129badd0cfdf3a3,EXTRACTED,intermediate/15b3/Pan-UKB/gt_4129badd0cfdf3a3.parquet,EXTRACTED,intermediate/15b3/Pan-UKB/gt_4129badd0cfdf3a3.parquet,True
cmp_c466933c6cddc2c2,gt_4129badd0cfdf3a3,PPARD,Pan-UKB,Pan-UKB::continuous|21001|both_sexes||irnt,Body mass index (BMI),CSA,PRIMARY,False,True,gt_4129badd0cfdf3a3,gt_4129badd0cfdf3a3,EXTRACTED,intermediate/15b3/Pan-UKB/gt_4129badd0cfdf3a3.parquet,EXTRACTED,intermediate/15b3/Pan-UKB/gt_4129badd0cfdf3a3.parquet,True
cmp_3d5d09a2a4352628,gt_4129badd0cfdf3a3,PPARD,Pan-UKB,Pan-UKB::continuous|21001|both_sexes||irnt,Body mass index (BMI),MID,PRIMARY,False,True,gt_4129badd0cfdf3a3,gt_4129badd0cfdf3a3,EXTRACTED,intermediate/15b3/Pan-UKB/gt_4129badd0cfdf3a3.parquet,EXTRACTED,intermediate/15b3/Pan-UKB/gt_4129badd0cfdf3a3.parquet,True
cmp_0c1699071ec567b1,gt_00419bc476176825,PPARG,Pan-UKB,Pan-UKB::continuous|21001|both_sexes||irnt,Body mass index (BMI),AFR,PRIMARY,False,True,gt_00419bc476176825,gt_00419bc476176825,EXTRACTED,intermediate/15b3/Pan-UKB/gt_00419bc476176825.parquet,EXTRACTED,intermediate/15b3/Pan-UKB/gt_00419bc476176825.parquet,True
cmp_c0ad4f2be6c24974,gt_00419bc476176825,PPARG,Pan-UKB,Pan-UKB::continuous|21001|both_sexes||irnt,Body mass index (BMI),CSA,PRIMARY,False,True,gt_00419bc476176825,gt_00419bc476176825,EXTRACTED,intermediate/15b3/Pan-UKB/gt_00419bc476176825.parquet,EXTRACTED,intermediate/15b3/Pan-UKB/gt_00419bc476176825.parquet,True
cmp_9067bcfec8b6f08a,gt_00419bc476176825,PPARG,Pan-UKB,Pan-UKB::continuous|21001|both_sexes||irnt,Body mass index (BMI),MID,PRIMARY,False,True,gt_00419bc476176825,gt_00419bc476176825,EXTRACTED,intermediate/15b3/Pan-UKB/gt_00419bc476176825.parquet,EXTRACTED,intermediate/15b3/Pan-UKB/gt_00419bc476176825.parquet,True
cmp_584606d70b84e3c1,gt_5d3db36ffbf5ebc1,SLC6A4,Pan-UKB,Pan-UKB::continuous|21001|both_sexes||irnt,Body mass index (BMI),AFR,PRIMARY,False,True,gt_5d3db36ffbf5ebc1,gt_5d3db36ffbf5ebc1,EXTRACTED,intermediate/15b3/Pan-UKB/gt_5d3db36ffbf5ebc1.parquet,EXTRACTED,intermediate/15b3/Pan-UKB/gt_5d3db36ffbf5ebc1.parquet,True
cmp_358a19866909a106,gt_5d3db36ffbf5ebc1,SLC6A4,Pan-UKB,Pan-UKB::continuous|21001|both_sexes||irnt,Body mass index (BMI),CSA,PRIMARY,False,True,gt_5d3db36ffbf5ebc1,gt_5d3db36ffbf5ebc1,EXTRACTED,intermediate/15b3/Pan-UKB/gt_5d3db36ffbf5ebc1.parquet,EXTRACTED,intermediate/15b3/Pan-UKB/gt_5d3db36ffbf5ebc1.parquet,True
cmp_13a764bb2f83bff9,gt_5d3db36ffbf5ebc1,SLC6A4,Pan-UKB,Pan-UKB::continuous|21001|both_sexes||irnt,Body mass index (BMI),MID,PRIMARY,False,True,gt_5d3db36ffbf5ebc1,gt_5d3db36ffbf5ebc1,EXTRACTED,intermediate/15b3/Pan-UKB/gt_5d3db36ffbf5ebc1.parquet,EXTRACTED,intermediate/15b3/Pan-UKB/gt_5d3db36ffbf5ebc1.parquet,True
cmp_e815770eb9507aa4,gt_3bedb9eda24a2e46,SREBF1,Pan-UKB,Pan-UKB::continuous|21001|both_sexes||irnt,Body mass index (BMI),AFR,PRIMARY,False,True,gt_3bedb9eda24a2e46,gt_3bedb9eda24a2e46,EXTRACTED,intermediate/15b3/Pan-UKB/gt_3bedb9eda24a2e46.parquet,EXTRACTED,intermediate/15b3/Pan-UKB/gt_3bedb9eda24a2e46.parquet,True
cmp_fad25f8377228cc8,gt_3bedb9eda24a2e46,SREBF1,Pan-UKB,Pan-UKB::continuous|21001|both_sexes||irnt,Body mass index (BMI),CSA,PRIMARY,False,True,gt_3bedb9eda24a2e46,gt_3bedb9eda24a2e46,EXTRACTED,intermediate/15b3/Pan-UKB/gt_3bedb9eda24a2e46.parquet,EXTRACTED,intermediate/15b3/Pan-UKB/gt_3bedb9eda24a2e46.parquet,True
cmp_6bf7ad80dd2a95b6,gt_3bedb9eda24a2e46,SREBF1,Pan-UKB,Pan-UKB::continuous|21001|both_sexes||irnt,Body mass index (BMI),MID,PRIMARY,False,True,gt_3bedb9eda24a2e46,gt_3bedb9eda24a2e46,EXTRACTED,intermediate/15b3/Pan-UKB/gt_3bedb9eda24a2e46.parquet,EXTRACTED,intermediate/15b3/Pan-UKB/gt_3bedb9eda24a2e46.parquet,True
cmp_a0244726a24d8ab5,gt_86b456c209fcf4df,SREBF2,Pan-UKB,Pan-UKB::continuous|21001|both_sexes||irnt,Body mass index (BMI),AFR,PRIMARY,False,True,gt_86b456c209fcf4df,gt_86b456c209fcf4df,EXTRACTED,intermediate/15b3/Pan-UKB/gt_86b456c209fcf4df.parquet,EXTRACTED,intermediate/15b3/Pan-UKB/gt_86b456c209fcf4df.parquet,True
cmp_3f9df0826c121ea6,gt_86b456c209fcf4df,SREBF2,Pan-UKB,Pan-UKB::continuous|21001|both_sexes||irnt,Body mass index (BMI),CSA,PRIMARY,False,True,gt_86b456c209fcf4df,gt_86b456c209fcf4df,EXTRACTED,intermediate/15b3/Pan-UKB/gt_86b456c209fcf4df.parquet,EXTRACTED,intermediate/15b3/Pan-UKB/gt_86b456c209fcf4df.parquet,True
cmp_1b48e21c3f7fa4df,gt_86b456c209fcf4df,SREBF2,Pan-UKB,Pan-UKB::continuous|21001|both_sexes||irnt,Body mass index (BMI),MID,PRIMARY,False,True,gt_86b456c209fcf4df,gt_86b456c209fcf4df,EXTRACTED,intermediate/15b3/Pan-UKB/gt_86b456c209fcf4df.parquet,EXTRACTED,intermediate/15b3/Pan-UKB/gt_86b456c209fcf4df.parquet,True
cmp_bb725845cca6f024,gt_94eb695ffab3980d,CASR,Pan-UKB,Pan-UKB::biomarkers|30680|both_sexes||irnt,Calcium,CSA,PRIMARY,True,False,gt_94eb695ffab3980d,gt_94eb695ffab3980d,EXTRACTED,intermediate/15b3/Pan-UKB/gt_94eb695ffab3980d.parquet,EXTRACTED,intermediate/15b3/Pan-UKB/gt_94eb695ffab3980d.parquet,True
cmp_b6d6dee5331ecf08,gt_fa7c0f92ccea41a7,ALDH2,Pan-UKB,Pan-UKB::continuous|eGFR|both_sexes||irnt,"Estimated glomerular filtration rate, serum creatinine",CSA,PRIMARY,False,True,gt_fa7c0f92ccea41a7,gt_fa7c0f92ccea41a7,EXTRACTED,intermediate/15b3/Pan-UKB/gt_fa7c0f92ccea41a7.parquet,EXTRACTED,intermediate/15b3/Pan-UKB/gt_fa7c0f92ccea41a7.parquet,True
cmp_d99728b014a8c751,gt_fa7c0f92ccea41a7,ALDH2,Pan-UKB,Pan-UKB::continuous|eGFR|both_sexes||irnt,"Estimated glomerular filtration rate, serum creatinine",MID,PRIMARY,False,True,gt_fa7c0f92ccea41a7,gt_fa7c0f92ccea41a7,EXTRACTED,intermediate/15b3/Pan-UKB/gt_fa7c0f92ccea41a7.parquet,EXTRACTED,intermediate/15b3/Pan-UKB/gt_fa7c0f92ccea41a7.parquet,True
cmp_5fd988295a9adf4c,gt_2f8ebd8b90936da0,APOL1,Pan-UKB,Pan-UKB::continuous|eGFR|both_sexes||irnt,"Estimated glomerular filtration rate, serum creatinine",CSA,PRIMARY,False,True,gt_2f8ebd8b90936da0,gt_2f8ebd8b90936da0,EXTRACTED,intermediate/15b3/Pan-UKB/gt_2f8ebd8b90936da0.parquet,EXTRACTED,intermediate/15b3/Pan-UKB/gt_2f8ebd8b90936da0.parquet,True
cmp_b5b4c386bad78c21,gt_2f8ebd8b90936da0,APOL1,Pan-UKB,Pan-UKB::continuous|eGFR|both_sexes||irnt,"Estimated glomerular filtration rate, serum creatinine",MID,PRIMARY,False,True,gt_2f8ebd8b90936da0,gt_2f8ebd8b90936da0,EXTRACTED,intermediate/15b3/Pan-UKB/gt_2f8ebd8b90936da0.parquet,EXTRACTED,intermediate/15b3/Pan-UKB/gt_2f8ebd8b90936da0.parquet,True
cmp_8644f50a5deb565a,gt_37da45aa8547319c,AXL,Pan-UKB,Pan-UKB::continuous|eGFR|both_sexes||irnt,"Estimated glomerular filtration rate, serum creatinine",CSA,PRIMARY,False,True,gt_37da45aa8547319c,gt_37da45aa8547319c,EXTRACTED,intermediate/15b3/Pan-UKB/gt_37da45aa8547319c.parquet,EXTRACTED,intermediate/15b3/Pan-UKB/gt_37da45aa8547319c.parquet,True
cmp_a8d8d1f235cb23f6,gt_37da45aa8547319c,AXL,Pan-UKB,Pan-UKB::continuous|eGFR|both_sexes||irnt,"Estimated glomerular filtration rate, serum creatinine",MID,PRIMARY,False,True,gt_37da45aa8547319c,gt_37da45aa8547319c,EXTRACTED,intermediate/15b3/Pan-UKB/gt_37da45aa8547319c.parquet,EXTRACTED,intermediate/15b3/Pan-UKB/gt_37da45aa8547319c.parquet,True
cmp_92781d6e4a2bbf69,gt_815416408d11e054,GLP1R,Pan-UKB,Pan-UKB::continuous|eGFR|both_sexes||irnt,"Estimated glomerular filtration rate, serum creatinine",CSA,PRIMARY,False,True,gt_815416408d11e054,gt_815416408d11e054,EXTRACTED,intermediate/15b3/Pan-UKB/gt_815416408d11e054.parquet,EXTRACTED,intermediate/15b3/Pan-UKB/gt_815416408d11e054.parquet,True
cmp_e4f3e7a3ffef3dee,gt_815416408d11e054,GLP1R,Pan-UKB,Pan-UKB::continuous|eGFR|both_sexes||irnt,"Estimated glomerular filtration rate, serum creatinine",MID,PRIMARY,False,True,gt_815416408d11e054,gt_815416408d11e054,EXTRACTED,intermediate/15b3/Pan-UKB/gt_815416408d11e054.parquet,EXTRACTED,intermediate/15b3/Pan-UKB/gt_815416408d11e054.parquet,True
cmp_ad635d062a0cb6f4,gt_72ede56b8ff4d0df,KCNJ1,Pan-UKB,Pan-UKB::continuous|eGFR|both_sexes||irnt,"Estimated glomerular filtration rate, serum creatinine",CSA,PRIMARY,False,True,gt_72ede56b8ff4d0df,gt_72ede56b8ff4d0df,EXTRACTED,intermediate/15b3/Pan-UKB/gt_72ede56b8ff4d0df.parquet,EXTRACTED,intermediate/15b3/Pan-UKB/gt_72ede56b8ff4d0df.parquet,True
cmp_a496afa2fb1d58f1,gt_72ede56b8ff4d0df,KCNJ1,Pan-UKB,Pan-UKB::continuous|eGFR|both_sexes||irnt,"Estimated glomerular filtration rate, serum creatinine",MID,PRIMARY,False,True,gt_72ede56b8ff4d0df,gt_72ede56b8ff4d0df,EXTRACTED,intermediate/15b3/Pan-UKB/gt_72ede56b8ff4d0df.parquet,EXTRACTED,intermediate/15b3/Pan-UKB/gt_72ede56b8ff4d0df.parquet,True
cmp_952f827b629defdc,gt_68fc6cde9a15be10,NFE2L2,Pan-UKB,Pan-UKB::continuous|eGFR|both_sexes||irnt,"Estimated glomerular filtration rate, serum creatinine",CSA,PRIMARY,False,True,gt_68fc6cde9a15be10,gt_68fc6cde9a15be10,EXTRACTED,intermediate/15b3/Pan-UKB/gt_68fc6cde9a15be10.parquet,EXTRACTED,intermediate/15b3/Pan-UKB/gt_68fc6cde9a15be10.parquet,True
cmp_bf3da3d8b265cacf,gt_68fc6cde9a15be10,NFE2L2,Pan-UKB,Pan-UKB::continuous|eGFR|both_sexes||irnt,"Estimated glomerular filtration rate, serum creatinine",MID,PRIMARY,False,True,gt_68fc6cde9a15be10,gt_68fc6cde9a15be10,EXTRACTED,intermediate/15b3/Pan-UKB/gt_68fc6cde9a15be10.parquet,EXTRACTED,intermediate/15b3/Pan-UKB/gt_68fc6cde9a15be10.parquet,True
cmp_ab310cba496101c9,gt_5e2273bff10e0a9d,NFKB1,Pan-UKB,Pan-UKB::continuous|eGFR|both_sexes||irnt,"Estimated glomerular filtration rate, serum creatinine",CSA,PRIMARY,False,True,gt_5e2273bff10e0a9d,gt_5e2273bff10e0a9d,EXTRACTED,intermediate/15b3/Pan-UKB/gt_5e2273bff10e0a9d.parquet,EXTRACTED,intermediate/15b3/Pan-UKB/gt_5e2273bff10e0a9d.parquet,True
cmp_4a7143548dc144b2,gt_5e2273bff10e0a9d,NFKB1,Pan-UKB,Pan-UKB::continuous|eGFR|both_sexes||irnt,"Estimated glomerular filtration rate, serum creatinine",MID,PRIMARY,False,True,gt_5e2273bff10e0a9d,gt_5e2273bff10e0a9d,EXTRACTED,intermediate/15b3/Pan-UKB/gt_5e2273bff10e0a9d.parquet,EXTRACTED,intermediate/15b3/Pan-UKB/gt_5e2273bff10e0a9d.parquet,True
cmp_4815e2c237d6b2d2,gt_f8e7f75de5131a7d,NOX4,Pan-UKB,Pan-UKB::continuous|eGFR|both_sexes||irnt,"Estimated glomerular filtration rate, serum creatinine",CSA,PRIMARY,False,True,gt_f8e7f75de5131a7d,gt_f8e7f75de5131a7d,EXTRACTED,intermediate/15b3/Pan-UKB/gt_f8e7f75de5131a7d.parquet,EXTRACTED,intermediate/15b3/Pan-UKB/gt_f8e7f75de5131a7d.parquet,True
cmp_7c7de8d81ea6d599,gt_f8e7f75de5131a7d,NOX4,Pan-UKB,Pan-UKB::continuous|eGFR|both_sexes||irnt,"Estimated glomerular filtration rate, serum creatinine",MID,PRIMARY,False,True,gt_f8e7f75de5131a7d,gt_f8e7f75de5131a7d,EXTRACTED,intermediate/15b3/Pan-UKB/gt_f8e7f75de5131a7d.parquet,EXTRACTED,intermediate/15b3/Pan-UKB/gt_f8e7f75de5131a7d.parquet,True
cmp_b7d656406a597ffb,gt_a74f9281d228a219,TGFB1,Pan-UKB,Pan-UKB::continuous|eGFR|both_sexes||irnt,"Estimated glomerular filtration rate, serum creatinine",CSA,PRIMARY,False,True,gt_a74f9281d228a219,gt_a74f9281d228a219,EXTRACTED,intermediate/15b3/Pan-UKB/gt_a74f9281d228a219.parquet,EXTRACTED,intermediate/15b3/Pan-UKB/gt_a74f9281d228a219.parquet,True
cmp_e01ad3a44536e51d,gt_a74f9281d228a219,TGFB1,Pan-UKB,Pan-UKB::continuous|eGFR|both_sexes||irnt,"Estimated glomerular filtration rate, serum creatinine",MID,PRIMARY,False,True,gt_a74f9281d228a219,gt_a74f9281d228a219,EXTRACTED,intermediate/15b3/Pan-UKB/gt_a74f9281d228a219.parquet,EXTRACTED,intermediate/15b3/Pan-UKB/gt_a74f9281d228a219.parquet,True
cmp_85faf3a0b6ca771b,gt_9539f4bd41078be3,TNFSF13,Pan-UKB,Pan-UKB::continuous|eGFR|both_sexes||irnt,"Estimated glomerular filtration rate, serum creatinine",CSA,PRIMARY,False,True,gt_9539f4bd41078be3,gt_9539f4bd41078be3,EXTRACTED,intermediate/15b3/Pan-UKB/gt_9539f4bd41078be3.parquet,EXTRACTED,intermediate/15b3/Pan-UKB/gt_9539f4bd41078be3.parquet,True
cmp_4758a5251b43a59e,gt_9539f4bd41078be3,TNFSF13,Pan-UKB,Pan-UKB::continuous|eGFR|both_sexes||irnt,"Estimated glomerular filtration rate, serum creatinine",MID,PRIMARY,False,True,gt_9539f4bd41078be3,gt_9539f4bd41078be3,EXTRACTED,intermediate/15b3/Pan-UKB/gt_9539f4bd41078be3.parquet,EXTRACTED,intermediate/15b3/Pan-UKB/gt_9539f4bd41078be3.parquet,True
cmp_0b17ee7489ac54ca,gt_f8d54415d6cc1cc4,ABCC8,Pan-UKB,Pan-UKB::biomarkers|30750|both_sexes||irnt,Glycated haemoglobin (HbA1c),CSA,PRIMARY,False,True,gt_f8d54415d6cc1cc4,gt_f8d54415d6cc1cc4,EXTRACTED,intermediate/15b3/Pan-UKB/gt_f8d54415d6cc1cc4.parquet,EXTRACTED,intermediate/15b3/Pan-UKB/gt_f8d54415d6cc1cc4.parquet,True
cmp_223b568c06092c55,gt_f8d54415d6cc1cc4,ABCC8,Pan-UKB,Pan-UKB::biomarkers|30750|both_sexes||irnt,Glycated haemoglobin (HbA1c),MID,PRIMARY,False,True,gt_f8d54415d6cc1cc4,gt_f8d54415d6cc1cc4,EXTRACTED,intermediate/15b3/Pan-UKB/gt_f8d54415d6cc1cc4.parquet,EXTRACTED,intermediate/15b3/Pan-UKB/gt_f8d54415d6cc1cc4.parquet,True
cmp_37c0ac2fbeb228a3,gt_269d8238b469e256,CALCR,Pan-UKB,Pan-UKB::biomarkers|30750|both_sexes||irnt,Glycated haemoglobin (HbA1c),CSA,PRIMARY,False,True,gt_269d8238b469e256,gt_269d8238b469e256,EXTRACTED,intermediate/15b3/Pan-UKB/gt_269d8238b469e256.parquet,EXTRACTED,intermediate/15b3/Pan-UKB/gt_269d8238b469e256.parquet,True
cmp_57c63ef2b5ef7070,gt_269d8238b469e256,CALCR,Pan-UKB,Pan-UKB::biomarkers|30750|both_sexes||irnt,Glycated haemoglobin (HbA1c),MID,PRIMARY,False,True,gt_269d8238b469e256,gt_269d8238b469e256,EXTRACTED,intermediate/15b3/Pan-UKB/gt_269d8238b469e256.parquet,EXTRACTED,intermediate/15b3/Pan-UKB/gt_269d8238b469e256.parquet,True
cmp_6a904cea8c198f4a,gt_8af78a546ba0cf73,DGAT1,Pan-UKB,Pan-UKB::biomarkers|30750|both_sexes||irnt,Glycated haemoglobin (HbA1c),CSA,PRIMARY,False,True,gt_8af78a546ba0cf73,gt_8af78a546ba0cf73,EXTRACTED,intermediate/15b3/Pan-UKB/gt_8af78a546ba0cf73.parquet,EXTRACTED,intermediate/15b3/Pan-UKB/gt_8af78a546ba0cf73.parquet,True
cmp_306964470290b51d,gt_8af78a546ba0cf73,DGAT1,Pan-UKB,Pan-UKB::biomarkers|30750|both_sexes||irnt,Glycated haemoglobin (HbA1c),MID,PRIMARY,False,True,gt_8af78a546ba0cf73,gt_8af78a546ba0cf73,EXTRACTED,intermediate/15b3/Pan-UKB/gt_8af78a546ba0cf73.parquet,EXTRACTED,intermediate/15b3/Pan-UKB/gt_8af78a546ba0cf73.parquet,True
cmp_bab5bd13549c5f36,gt_58d110934e76bc52,FBP1,Pan-UKB,Pan-UKB::biomarkers|30750|both_sexes||irnt,Glycated haemoglobin (HbA1c),CSA,PRIMARY,False,True,gt_58d110934e76bc52,gt_58d110934e76bc52,EXTRACTED,intermediate/15b3/Pan-UKB/gt_58d110934e76bc52.parquet,EXTRACTED,intermediate/15b3/Pan-UKB/gt_58d110934e76bc52.parquet,True
cmp_8f2a85acfe648bc5,gt_58d110934e76bc52,FBP1,Pan-UKB,Pan-UKB::biomarkers|30750|both_sexes||irnt,Glycated haemoglobin (HbA1c),MID,PRIMARY,False,True,gt_58d110934e76bc52,gt_58d110934e76bc52,EXTRACTED,intermediate/15b3/Pan-UKB/gt_58d110934e76bc52.parquet,EXTRACTED,intermediate/15b3/Pan-UKB/gt_58d110934e76bc52.parquet,True
cmp_8adf4710e2782856,gt_ba7da04bd46d78cc,FGFR1,Pan-UKB,Pan-UKB::biomarkers|30750|both_sexes||irnt,Glycated haemoglobin (HbA1c),CSA,PRIMARY,False,True,gt_ba7da04bd46d78cc,gt_ba7da04bd46d78cc,EXTRACTED,intermediate/15b3/Pan-UKB/gt_ba7da04bd46d78cc.parquet,EXTRACTED,intermediate/15b3/Pan-UKB/gt_ba7da04bd46d78cc.parquet,True
cmp_142d585f2ea87871,gt_ba7da04bd46d78cc,FGFR1,Pan-UKB,Pan-UKB::biomarkers|30750|both_sexes||irnt,Glycated haemoglobin (HbA1c),MID,PRIMARY,False,True,gt_ba7da04bd46d78cc,gt_ba7da04bd46d78cc,EXTRACTED,intermediate/15b3/Pan-UKB/gt_ba7da04bd46d78cc.parquet,EXTRACTED,intermediate/15b3/Pan-UKB/gt_ba7da04bd46d78cc.parquet,True
cmp_bf830db4e9234461,gt_7fda23242315d7cb,FGFR4,Pan-UKB,Pan-UKB::biomarkers|30750|both_sexes||irnt,Glycated haemoglobin (HbA1c),CSA,PRIMARY,False,True,gt_7fda23242315d7cb,gt_7fda23242315d7cb,EXTRACTED,intermediate/15b3/Pan-UKB/gt_7fda23242315d7cb.parquet,EXTRACTED,intermediate/15b3/Pan-UKB/gt_7fda23242315d7cb.parquet,True
cmp_cff4771d4355b9b7,gt_7fda23242315d7cb,FGFR4,Pan-UKB,Pan-UKB::biomarkers|30750|both_sexes||irnt,Glycated haemoglobin (HbA1c),MID,PRIMARY,False,True,gt_7fda23242315d7cb,gt_7fda23242315d7cb,EXTRACTED,intermediate/15b3/Pan-UKB/gt_7fda23242315d7cb.parquet,EXTRACTED,intermediate/15b3/Pan-UKB/gt_7fda23242315d7cb.parquet,True
cmp_91c6871b7e12216c,gt_e4ce2895dd27f904,GCK,Pan-UKB,Pan-UKB::biomarkers|30750|both_sexes||irnt,Glycated haemoglobin (HbA1c),CSA,PRIMARY,True,False,gt_e4ce2895dd27f904,gt_e4ce2895dd27f904,EXTRACTED,intermediate/15b3/Pan-UKB/gt_e4ce2895dd27f904.parquet,EXTRACTED,intermediate/15b3/Pan-UKB/gt_e4ce2895dd27f904.parquet,True
cmp_55f446a25a655217,gt_e4ce2895dd27f904,GCK,Pan-UKB,Pan-UKB::biomarkers|30750|both_sexes||irnt,Glycated haemoglobin (HbA1c),MID,PRIMARY,True,False,gt_e4ce2895dd27f904,gt_e4ce2895dd27f904,EXTRACTED,intermediate/15b3/Pan-UKB/gt_e4ce2895dd27f904.parquet,EXTRACTED,intermediate/15b3/Pan-UKB/gt_e4ce2895dd27f904.parquet,True
cmp_83160b2c36c5fa39,gt_0f50d04f150328dc,GDF15,Pan-UKB,Pan-UKB::biomarkers|30750|both_sexes||irnt,Glycated haemoglobin (HbA1c),CSA,PRIMARY,False,True,gt_0f50d04f150328dc,gt_0f50d04f150328dc,EXTRACTED,intermediate/15b3/Pan-UKB/gt_0f50d04f150328dc.parquet,EXTRACTED,intermediate/15b3/Pan-UKB/gt_0f50d04f150328dc.parquet,True
cmp_e15f0ef829b34627,gt_0f50d04f150328dc,GDF15,Pan-UKB,Pan-UKB::biomarkers|30750|both_sexes||irnt,Glycated haemoglobin (HbA1c),MID,PRIMARY,False,True,gt_0f50d04f150328dc,gt_0f50d04f150328dc,EXTRACTED,intermediate/15b3/Pan-UKB/gt_0f50d04f150328dc.parquet,EXTRACTED,intermediate/15b3/Pan-UKB/gt_0f50d04f150328dc.parquet,True
cmp_b64efda1167deddf,gt_08f7168b97dea82d,GIPR,Pan-UKB,Pan-UKB::biomarkers|30750|both_sexes||irnt,Glycated haemoglobin (HbA1c),CSA,PRIMARY,False,True,gt_08f7168b97dea82d,gt_08f7168b97dea82d,EXTRACTED,intermediate/15b3/Pan-UKB/gt_08f7168b97dea82d.parquet,EXTRACTED,intermediate/15b3/Pan-UKB/gt_08f7168b97dea82d.parquet,True
cmp_ee4314019136489d,gt_08f7168b97dea82d,GIPR,Pan-UKB,Pan-UKB::biomarkers|30750|both_sexes||irnt,Glycated haemoglobin (HbA1c),MID,PRIMARY,False,True,gt_08f7168b97dea82d,gt_08f7168b97dea82d,EXTRACTED,intermediate/15b3/Pan-UKB/gt_08f7168b97dea82d.parquet,EXTRACTED,intermediate/15b3/Pan-UKB/gt_08f7168b97dea82d.parquet,True
cmp_42caf741a7ae287e,gt_2b5ece6077c646df,GLP1R,Pan-UKB,Pan-UKB::biomarkers|30750|both_sexes||irnt,Glycated haemoglobin (HbA1c),CSA,PRIMARY,True,False,gt_2b5ece6077c646df,gt_2b5ece6077c646df,EXTRACTED,intermediate/15b3/Pan-UKB/gt_2b5ece6077c646df.parquet,EXTRACTED,intermediate/15b3/Pan-UKB/gt_2b5ece6077c646df.parquet,True
cmp_57a78986c9c36752,gt_2b5ece6077c646df,GLP1R,Pan-UKB,Pan-UKB::biomarkers|30750|both_sexes||irnt,Glycated haemoglobin (HbA1c),MID,PRIMARY,True,False,gt_2b5ece6077c646df,gt_2b5ece6077c646df,EXTRACTED,intermediate/15b3/Pan-UKB/gt_2b5ece6077c646df.parquet,EXTRACTED,intermediate/15b3/Pan-UKB/gt_2b5ece6077c646df.parquet,True
cmp_37db73ea4c934f3c,gt_9c96bb01f3b324b3,GLP2R,Pan-UKB,Pan-UKB::biomarkers|30750|both_sexes||irnt,Glycated haemoglobin (HbA1c),CSA,PRIMARY,False,True,gt_9c96bb01f3b324b3,gt_9c96bb01f3b324b3,EXTRACTED,intermediate/15b3/Pan-UKB/gt_9c96bb01f3b324b3.parquet,EXTRACTED,intermediate/15b3/Pan-UKB/gt_9c96bb01f3b324b3.parquet,True
cmp_72d107e6632670b8,gt_9c96bb01f3b324b3,GLP2R,Pan-UKB,Pan-UKB::biomarkers|30750|both_sexes||irnt,Glycated haemoglobin (HbA1c),MID,PRIMARY,False,True,gt_9c96bb01f3b324b3,gt_9c96bb01f3b324b3,EXTRACTED,intermediate/15b3/Pan-UKB/gt_9c96bb01f3b324b3.parquet,EXTRACTED,intermediate/15b3/Pan-UKB/gt_9c96bb01f3b324b3.parquet,True
cmp_74e178ae800d0bde,gt_e0b77e59a1b3311a,INS,Pan-UKB,Pan-UKB::biomarkers|30750|both_sexes||irnt,Glycated haemoglobin (HbA1c),CSA,PRIMARY,True,False,gt_e0b77e59a1b3311a,gt_e0b77e59a1b3311a,EXTRACTED,intermediate/15b3/Pan-UKB/gt_e0b77e59a1b3311a.parquet,EXTRACTED,intermediate/15b3/Pan-UKB/gt_e0b77e59a1b3311a.parquet,True
cmp_1f77910fca99a6e5,gt_e0b77e59a1b3311a,INS,Pan-UKB,Pan-UKB::biomarkers|30750|both_sexes||irnt,Glycated haemoglobin (HbA1c),MID,PRIMARY,True,False,gt_e0b77e59a1b3311a,gt_e0b77e59a1b3311a,EXTRACTED,intermediate/15b3/Pan-UKB/gt_e0b77e59a1b3311a.parquet,EXTRACTED,intermediate/15b3/Pan-UKB/gt_e0b77e59a1b3311a.parquet,True
cmp_3552ef9b3fb99214,gt_1985dd04cf146f6a,INSR,Pan-UKB,Pan-UKB::biomarkers|30750|both_sexes||irnt,Glycated haemoglobin (HbA1c),CSA,PRIMARY,False,True,gt_1985dd04cf146f6a,gt_1985dd04cf146f6a,EXTRACTED,intermediate/15b3/Pan-UKB/gt_1985dd04cf146f6a.parquet,EXTRACTED,intermediate/15b3/Pan-UKB/gt_1985dd04cf146f6a.parquet,True
cmp_15a7a765705b782f,gt_1985dd04cf146f6a,INSR,Pan-UKB,Pan-UKB::biomarkers|30750|both_sexes||irnt,Glycated haemoglobin (HbA1c),MID,PRIMARY,False,True,gt_1985dd04cf146f6a,gt_1985dd04cf146f6a,EXTRACTED,intermediate/15b3/Pan-UKB/gt_1985dd04cf146f6a.parquet,EXTRACTED,intermediate/15b3/Pan-UKB/gt_1985dd04cf146f6a.parquet,True
cmp_68f8d41b84d58c8a,gt_9a354430dddcf5b3,KCNJ11,Pan-UKB,Pan-UKB::biomarkers|30750|both_sexes||irnt,Glycated haemoglobin (HbA1c),CSA,PRIMARY,False,True,gt_9a354430dddcf5b3,gt_9a354430dddcf5b3,EXTRACTED,intermediate/15b3/Pan-UKB/gt_9a354430dddcf5b3.parquet,EXTRACTED,intermediate/15b3/Pan-UKB/gt_9a354430dddcf5b3.parquet,True
cmp_e380c446557d34be,gt_9a354430dddcf5b3,KCNJ11,Pan-UKB,Pan-UKB::biomarkers|30750|both_sexes||irnt,Glycated haemoglobin (HbA1c),MID,PRIMARY,False,True,gt_9a354430dddcf5b3,gt_9a354430dddcf5b3,EXTRACTED,intermediate/15b3/Pan-UKB/gt_9a354430dddcf5b3.parquet,EXTRACTED,intermediate/15b3/Pan-UKB/gt_9a354430dddcf5b3.parquet,True
cmp_5cfdc7606e7a16f9,gt_a9cf0a1ee71d1417,MC4R,Pan-UKB,Pan-UKB::biomarkers|30750|both_sexes||irnt,Glycated haemoglobin (HbA1c),CSA,PRIMARY,False,True,gt_a9cf0a1ee71d1417,gt_a9cf0a1ee71d1417,EXTRACTED,intermediate/15b3/Pan-UKB/gt_a9cf0a1ee71d1417.parquet,EXTRACTED,intermediate/15b3/Pan-UKB/gt_a9cf0a1ee71d1417.parquet,True
cmp_d1217cd6a4818f90,gt_a9cf0a1ee71d1417,MC4R,Pan-UKB,Pan-UKB::biomarkers|30750|both_sexes||irnt,Glycated haemoglobin (HbA1c),MID,PRIMARY,False,True,gt_a9cf0a1ee71d1417,gt_a9cf0a1ee71d1417,EXTRACTED,intermediate/15b3/Pan-UKB/gt_a9cf0a1ee71d1417.parquet,EXTRACTED,intermediate/15b3/Pan-UKB/gt_a9cf0a1ee71d1417.parquet,True
cmp_aaaa193eeac0390a,gt_049926198a583d6a,METAP2,Pan-UKB,Pan-UKB::biomarkers|30750|both_sexes||irnt,Glycated haemoglobin (HbA1c),CSA,PRIMARY,False,True,gt_049926198a583d6a,gt_049926198a583d6a,EXTRACTED,intermediate/15b3/Pan-UKB/gt_049926198a583d6a.parquet,EXTRACTED,intermediate/15b3/Pan-UKB/gt_049926198a583d6a.parquet,True
cmp_61439641aadb462c,gt_049926198a583d6a,METAP2,Pan-UKB,Pan-UKB::biomarkers|30750|both_sexes||irnt,Glycated haemoglobin (HbA1c),MID,PRIMARY,False,True,gt_049926198a583d6a,gt_049926198a583d6a,EXTRACTED,intermediate/15b3/Pan-UKB/gt_049926198a583d6a.parquet,EXTRACTED,intermediate/15b3/Pan-UKB/gt_049926198a583d6a.parquet,True
cmp_4ab05482f9c4b139,gt_5b728915d445b416,PPARG,Pan-UKB,Pan-UKB::biomarkers|30750|both_sexes||irnt,Glycated haemoglobin (HbA1c),CSA,PRIMARY,False,True,gt_5b728915d445b416,gt_5b728915d445b416,EXTRACTED,intermediate/15b3/Pan-UKB/gt_5b728915d445b416.parquet,EXTRACTED,intermediate/15b3/Pan-UKB/gt_5b728915d445b416.parquet,True
cmp_d98864543ce360b3,gt_5b728915d445b416,PPARG,Pan-UKB,Pan-UKB::biomarkers|30750|both_sexes||irnt,Glycated haemoglobin (HbA1c),MID,PRIMARY,False,True,gt_5b728915d445b416,gt_5b728915d445b416,EXTRACTED,intermediate/15b3/Pan-UKB/gt_5b728915d445b416.parquet,EXTRACTED,intermediate/15b3/Pan-UKB/gt_5b728915d445b416.parquet,True
cmp_9624dc3325f3a7e0,gt_3d30f4f9e51c0032,SELE,Pan-UKB,Pan-UKB::biomarkers|30750|both_sexes||irnt,Glycated haemoglobin (HbA1c),CSA,PRIMARY,False,True,gt_3d30f4f9e51c0032,gt_3d30f4f9e51c0032,EXTRACTED,intermediate/15b3/Pan-UKB/gt_3d30f4f9e51c0032.parquet,EXTRACTED,intermediate/15b3/Pan-UKB/gt_3d30f4f9e51c0032.parquet,True
cmp_b84006e836ae2cc3,gt_3d30f4f9e51c0032,SELE,Pan-UKB,Pan-UKB::biomarkers|30750|both_sexes||irnt,Glycated haemoglobin (HbA1c),MID,PRIMARY,False,True,gt_3d30f4f9e51c0032,gt_3d30f4f9e51c0032,EXTRACTED,intermediate/15b3/Pan-UKB/gt_3d30f4f9e51c0032.parquet,EXTRACTED,intermediate/15b3/Pan-UKB/gt_3d30f4f9e51c0032.parquet,True
cmp_2fe30194051594b9,gt_2b081cc8074fcb3d,SLC5A1,Pan-UKB,Pan-UKB::biomarkers|30750|both_sexes||irnt,Glycated haemoglobin (HbA1c),CSA,PRIMARY,True,False,gt_2b081cc8074fcb3d,gt_2b081cc8074fcb3d,EXTRACTED,intermediate/15b3/Pan-UKB/gt_2b081cc8074fcb3d.parquet,EXTRACTED,intermediate/15b3/Pan-UKB/gt_2b081cc8074fcb3d.parquet,True
cmp_f9e567250c6c10bb,gt_2b081cc8074fcb3d,SLC5A1,Pan-UKB,Pan-UKB::biomarkers|30750|both_sexes||irnt,Glycated haemoglobin (HbA1c),MID,PRIMARY,True,False,gt_2b081cc8074fcb3d,gt_2b081cc8074fcb3d,EXTRACTED,intermediate/15b3/Pan-UKB/gt_2b081cc8074fcb3d.parquet,EXTRACTED,intermediate/15b3/Pan-UKB/gt_2b081cc8074fcb3d.parquet,True
cmp_0c0089ac5cd5de30,gt_f49766f3ae4b8a2f,SREBF1,Pan-UKB,Pan-UKB::biomarkers|30750|both_sexes||irnt,Glycated haemoglobin (HbA1c),CSA,PRIMARY,False,True,gt_f49766f3ae4b8a2f,gt_f49766f3ae4b8a2f,EXTRACTED,intermediate/15b3/Pan-UKB/gt_f49766f3ae4b8a2f.parquet,EXTRACTED,intermediate/15b3/Pan-UKB/gt_f49766f3ae4b8a2f.parquet,True
cmp_58426512e8b1ab61,gt_f49766f3ae4b8a2f,SREBF1,Pan-UKB,Pan-UKB::biomarkers|30750|both_sexes||irnt,Glycated haemoglobin (HbA1c),MID,PRIMARY,False,True,gt_f49766f3ae4b8a2f,gt_f49766f3ae4b8a2f,EXTRACTED,intermediate/15b3/Pan-UKB/gt_f49766f3ae4b8a2f.parquet,EXTRACTED,intermediate/15b3/Pan-UKB/gt_f49766f3ae4b8a2f.parquet,True
cmp_ba35246f787ddd2f,gt_f9d79082a44b2223,TP53,Pan-UKB,Pan-UKB::biomarkers|30750|both_sexes||irnt,Glycated haemoglobin (HbA1c),CSA,PRIMARY,False,True,gt_f9d79082a44b2223,gt_f9d79082a44b2223,EXTRACTED,intermediate/15b3/Pan-UKB/gt_f9d79082a44b2223.parquet,EXTRACTED,intermediate/15b3/Pan-UKB/gt_f9d79082a44b2223.parquet,True
cmp_a3680a01bb140f75,gt_f9d79082a44b2223,TP53,Pan-UKB,Pan-UKB::biomarkers|30750|both_sexes||irnt,Glycated haemoglobin (HbA1c),MID,PRIMARY,False,True,gt_f9d79082a44b2223,gt_f9d79082a44b2223,EXTRACTED,intermediate/15b3/Pan-UKB/gt_f9d79082a44b2223.parquet,EXTRACTED,intermediate/15b3/Pan-UKB/gt_f9d79082a44b2223.parquet,True
cmp_593ae8985cf9fb81,gt_dab1180e9c6840b2,VEGFA,Pan-UKB,Pan-UKB::biomarkers|30750|both_sexes||irnt,Glycated haemoglobin (HbA1c),CSA,PRIMARY,False,True,gt_dab1180e9c6840b2,gt_dab1180e9c6840b2,EXTRACTED,intermediate/15b3/Pan-UKB/gt_dab1180e9c6840b2.parquet,EXTRACTED,intermediate/15b3/Pan-UKB/gt_dab1180e9c6840b2.parquet,True
cmp_29a6d39cecffd0ba,gt_dab1180e9c6840b2,VEGFA,Pan-UKB,Pan-UKB::biomarkers|30750|both_sexes||irnt,Glycated haemoglobin (HbA1c),MID,PRIMARY,False,True,gt_dab1180e9c6840b2,gt_dab1180e9c6840b2,EXTRACTED,intermediate/15b3/Pan-UKB/gt_dab1180e9c6840b2.parquet,EXTRACTED,intermediate/15b3/Pan-UKB/gt_dab1180e9c6840b2.parquet,True
cmp_87e10582fe372d26,gt_26e68f63f1f17429,JAK2,Pan-UKB,Pan-UKB::continuous|30030|both_sexes||irnt,Haematocrit percentage,CSA,PRIMARY,False,True,gt_26e68f63f1f17429,gt_26e68f63f1f17429,EXTRACTED,intermediate/15b3/Pan-UKB/gt_26e68f63f1f17429.parquet,EXTRACTED,intermediate/15b3/Pan-UKB/gt_26e68f63f1f17429.parquet,True
cmp_34b9528111678889,gt_df32c27b840a5558,ACVRL1,Pan-UKB,Pan-UKB::continuous|30020|both_sexes||irnt,Haemoglobin concentration,CSA,PRIMARY,False,True,gt_df32c27b840a5558,gt_df32c27b840a5558,EXTRACTED,intermediate/15b3/Pan-UKB/gt_df32c27b840a5558.parquet,EXTRACTED,intermediate/15b3/Pan-UKB/gt_df32c27b840a5558.parquet,True
cmp_5893667a5f1fbc6e,gt_27028081fffa2432,BCL2,Pan-UKB,Pan-UKB::continuous|30020|both_sexes||irnt,Haemoglobin concentration,CSA,PRIMARY,False,True,gt_27028081fffa2432,gt_27028081fffa2432,EXTRACTED,intermediate/15b3/Pan-UKB/gt_27028081fffa2432.parquet,EXTRACTED,intermediate/15b3/Pan-UKB/gt_27028081fffa2432.parquet,True
cmp_d70cfe319e602e5c,gt_6d527f983ded21ce,DYRK3,Pan-UKB,Pan-UKB::continuous|30020|both_sexes||irnt,Haemoglobin concentration,CSA,PRIMARY,False,True,gt_6d527f983ded21ce,gt_6d527f983ded21ce,EXTRACTED,intermediate/15b3/Pan-UKB/gt_6d527f983ded21ce.parquet,EXTRACTED,intermediate/15b3/Pan-UKB/gt_6d527f983ded21ce.parquet,True
cmp_5636a0aa0df77617,gt_6543c2a00ddc02f5,EGLN1,Pan-UKB,Pan-UKB::continuous|30020|both_sexes||irnt,Haemoglobin concentration,CSA,PRIMARY,False,True,gt_6543c2a00ddc02f5,gt_6543c2a00ddc02f5,EXTRACTED,intermediate/15b3/Pan-UKB/gt_6543c2a00ddc02f5.parquet,EXTRACTED,intermediate/15b3/Pan-UKB/gt_6543c2a00ddc02f5.parquet,True
cmp_2c670ce121f4e2ed,gt_6100c7305905baed,EGLN2,Pan-UKB,Pan-UKB::continuous|30020|both_sexes||irnt,Haemoglobin concentration,CSA,PRIMARY,False,True,gt_6100c7305905baed,gt_6100c7305905baed,EXTRACTED,intermediate/15b3/Pan-UKB/gt_6100c7305905baed.parquet,EXTRACTED,intermediate/15b3/Pan-UKB/gt_6100c7305905baed.parquet,True
cmp_cdc7ff976577622c,gt_e581489a9e9ecfc2,EGLN3,Pan-UKB,Pan-UKB::continuous|30020|both_sexes||irnt,Haemoglobin concentration,CSA,PRIMARY,False,True,gt_e581489a9e9ecfc2,gt_e581489a9e9ecfc2,EXTRACTED,intermediate/15b3/Pan-UKB/gt_e581489a9e9ecfc2.parquet,EXTRACTED,intermediate/15b3/Pan-UKB/gt_e581489a9e9ecfc2.parquet,True
cmp_cf9640399f1b67f3,gt_357a52ecdb682313,EPOR,Pan-UKB,Pan-UKB::continuous|30020|both_sexes||irnt,Haemoglobin concentration,CSA,PRIMARY,False,True,gt_357a52ecdb682313,gt_357a52ecdb682313,EXTRACTED,intermediate/15b3/Pan-UKB/gt_357a52ecdb682313.parquet,EXTRACTED,intermediate/15b3/Pan-UKB/gt_357a52ecdb682313.parquet,True
cmp_216fcd5d6898b635,gt_71c56e5a21360fea,HAMP,Pan-UKB,Pan-UKB::continuous|30020|both_sexes||irnt,Haemoglobin concentration,CSA,PRIMARY,False,True,gt_71c56e5a21360fea,gt_71c56e5a21360fea,EXTRACTED,intermediate/15b3/Pan-UKB/gt_71c56e5a21360fea.parquet,EXTRACTED,intermediate/15b3/Pan-UKB/gt_71c56e5a21360fea.parquet,True
cmp_26e7bee77129079a,gt_4d13eda51c3b314b,IL6,Pan-UKB,Pan-UKB::continuous|30020|both_sexes||irnt,Haemoglobin concentration,CSA,PRIMARY,False,True,gt_4d13eda51c3b314b,gt_4d13eda51c3b314b,EXTRACTED,intermediate/15b3/Pan-UKB/gt_4d13eda51c3b314b.parquet,EXTRACTED,intermediate/15b3/Pan-UKB/gt_4d13eda51c3b314b.parquet,True
cmp_33e4f0a27f768357,gt_75fe57ef3df525f5,PKLR,Pan-UKB,Pan-UKB::continuous|30020|both_sexes||irnt,Haemoglobin concentration,CSA,PRIMARY,False,True,gt_75fe57ef3df525f5,gt_75fe57ef3df525f5,EXTRACTED,intermediate/15b3/Pan-UKB/gt_75fe57ef3df525f5.parquet,EXTRACTED,intermediate/15b3/Pan-UKB/gt_75fe57ef3df525f5.parquet,True
cmp_e5dfc0ddc27b5597,gt_aa37c9461d658ae6,SLC40A1,Pan-UKB,Pan-UKB::continuous|30020|both_sexes||irnt,Haemoglobin concentration,CSA,PRIMARY,False,True,gt_aa37c9461d658ae6,gt_aa37c9461d658ae6,EXTRACTED,intermediate/15b3/Pan-UKB/gt_aa37c9461d658ae6.parquet,EXTRACTED,intermediate/15b3/Pan-UKB/gt_aa37c9461d658ae6.parquet,True
cmp_836c47786aded226,gt_709069d1feb6b869,ESR1,Pan-UKB,Pan-UKB::continuous|3148|both_sexes||irnt,Heel bone mineral density (BMD),CSA,PRIMARY,False,True,gt_709069d1feb6b869,gt_709069d1feb6b869,EXTRACTED,intermediate/15b3/Pan-UKB/gt_709069d1feb6b869.parquet,EXTRACTED,intermediate/15b3/Pan-UKB/gt_709069d1feb6b869.parquet,True
cmp_1c639976f96dce20,gt_49fc2519dd5d448f,GHRHR,Pan-UKB,Pan-UKB::continuous|3148|both_sexes||irnt,Heel bone mineral density (BMD),CSA,PRIMARY,False,True,gt_49fc2519dd5d448f,gt_49fc2519dd5d448f,EXTRACTED,intermediate/15b3/Pan-UKB/gt_49fc2519dd5d448f.parquet,EXTRACTED,intermediate/15b3/Pan-UKB/gt_49fc2519dd5d448f.parquet,True
cmp_d642ad82b0d16e5e,gt_1a54193972b2aa21,SOST,Pan-UKB,Pan-UKB::continuous|3148|both_sexes||irnt,Heel bone mineral density (BMD),CSA,PRIMARY,False,True,gt_1a54193972b2aa21,gt_1a54193972b2aa21,EXTRACTED,intermediate/15b3/Pan-UKB/gt_1a54193972b2aa21.parquet,EXTRACTED,intermediate/15b3/Pan-UKB/gt_1a54193972b2aa21.parquet,True
cmp_dae661d54c93c969,gt_95af7ca2e8a7e102,ABCA1,Pan-UKB,Pan-UKB::biomarkers|30780|both_sexes||irnt,LDL direct,CSA,PRIMARY,False,True,gt_95af7ca2e8a7e102,gt_95af7ca2e8a7e102,EXTRACTED,intermediate/15b3/Pan-UKB/gt_95af7ca2e8a7e102.parquet,EXTRACTED,intermediate/15b3/Pan-UKB/gt_95af7ca2e8a7e102.parquet,True
cmp_ba79e47f387626ac,gt_bbdbb86b1024cfac,ADRB1,Pan-UKB,Pan-UKB::biomarkers|30780|both_sexes||irnt,LDL direct,CSA,PRIMARY,False,True,gt_bbdbb86b1024cfac,gt_bbdbb86b1024cfac,EXTRACTED,intermediate/15b3/Pan-UKB/gt_bbdbb86b1024cfac.parquet,EXTRACTED,intermediate/15b3/Pan-UKB/gt_bbdbb86b1024cfac.parquet,True
cmp_9f69821411a167c6,gt_d6604f91c9b9bd68,ADRB2,Pan-UKB,Pan-UKB::biomarkers|30780|both_sexes||irnt,LDL direct,CSA,PRIMARY,False,True,gt_d6604f91c9b9bd68,gt_d6604f91c9b9bd68,EXTRACTED,intermediate/15b3/Pan-UKB/gt_d6604f91c9b9bd68.parquet,EXTRACTED,intermediate/15b3/Pan-UKB/gt_d6604f91c9b9bd68.parquet,True
cmp_d6e8f8c5619c62bc,gt_1d807595f65d990d,ANGPTL3,Pan-UKB,Pan-UKB::biomarkers|30780|both_sexes||irnt,LDL direct,CSA,PRIMARY,True,False,gt_1d807595f65d990d,gt_1d807595f65d990d,EXTRACTED,intermediate/15b3/Pan-UKB/gt_1d807595f65d990d.parquet,EXTRACTED,intermediate/15b3/Pan-UKB/gt_1d807595f65d990d.parquet,True
cmp_d763b6b831bf0c0e,gt_1c018fe9f451c0ea,ANGPTL8,Pan-UKB,Pan-UKB::biomarkers|30780|both_sexes||irnt,LDL direct,CSA,PRIMARY,False,True,gt_1c018fe9f451c0ea,gt_1c018fe9f451c0ea,EXTRACTED,intermediate/15b3/Pan-UKB/gt_1c018fe9f451c0ea.parquet,EXTRACTED,intermediate/15b3/Pan-UKB/gt_1c018fe9f451c0ea.parquet,True
cmp_d17bec475888ffb1,gt_25de020ab85c0f34,APOA1,Pan-UKB,Pan-UKB::biomarkers|30780|both_sexes||irnt,LDL direct,CSA,PRIMARY,False,True,gt_25de020ab85c0f34,gt_25de020ab85c0f34,EXTRACTED,intermediate/15b3/Pan-UKB/gt_25de020ab85c0f34.parquet,EXTRACTED,intermediate/15b3/Pan-UKB/gt_25de020ab85c0f34.parquet,True
cmp_0eb599a4590e0b6e,gt_65aa7546aeba1725,APOB,Pan-UKB,Pan-UKB::biomarkers|30780|both_sexes||irnt,LDL direct,CSA,PRIMARY,True,False,gt_65aa7546aeba1725,gt_65aa7546aeba1725,EXTRACTED,intermediate/15b3/Pan-UKB/gt_65aa7546aeba1725.parquet,EXTRACTED,intermediate/15b3/Pan-UKB/gt_65aa7546aeba1725.parquet,True
cmp_89cac3a7cbb61501,gt_e4eae46191577e93,APOC3,Pan-UKB,Pan-UKB::biomarkers|30780|both_sexes||irnt,LDL direct,CSA,PRIMARY,False,True,gt_e4eae46191577e93,gt_e4eae46191577e93,EXTRACTED,intermediate/15b3/Pan-UKB/gt_e4eae46191577e93.parquet,EXTRACTED,intermediate/15b3/Pan-UKB/gt_e4eae46191577e93.parquet,True
cmp_23670cc5cddedef4,gt_0b0678ba83486ccf,APOE,Pan-UKB,Pan-UKB::biomarkers|30780|both_sexes||irnt,LDL direct,CSA,PRIMARY,False,True,gt_0b0678ba83486ccf,gt_0b0678ba83486ccf,EXTRACTED,intermediate/15b3/Pan-UKB/gt_0b0678ba83486ccf.parquet,EXTRACTED,intermediate/15b3/Pan-UKB/gt_0b0678ba83486ccf.parquet,True
cmp_9d3113c9f8e31c30,gt_cbb5ddcaa2f8a827,CETP,Pan-UKB,Pan-UKB::biomarkers|30780|both_sexes||irnt,LDL direct,CSA,PRIMARY,False,True,gt_cbb5ddcaa2f8a827,gt_cbb5ddcaa2f8a827,EXTRACTED,intermediate/15b3/Pan-UKB/gt_cbb5ddcaa2f8a827.parquet,EXTRACTED,intermediate/15b3/Pan-UKB/gt_cbb5ddcaa2f8a827.parquet,True
cmp_ecfb4236612a906f,gt_af31839ea5782bf6,DGAT2,Pan-UKB,Pan-UKB::biomarkers|30780|both_sexes||irnt,LDL direct,CSA,PRIMARY,False,True,gt_af31839ea5782bf6,gt_af31839ea5782bf6,EXTRACTED,intermediate/15b3/Pan-UKB/gt_af31839ea5782bf6.parquet,EXTRACTED,intermediate/15b3/Pan-UKB/gt_af31839ea5782bf6.parquet,True
cmp_649ff2cca8b15f4c,gt_c737d88261852ece,FDFT1,Pan-UKB,Pan-UKB::biomarkers|30780|both_sexes||irnt,LDL direct,CSA,PRIMARY,False,True,gt_c737d88261852ece,gt_c737d88261852ece,EXTRACTED,intermediate/15b3/Pan-UKB/gt_c737d88261852ece.parquet,EXTRACTED,intermediate/15b3/Pan-UKB/gt_c737d88261852ece.parquet,True
cmp_dfc2133ab2f65f25,gt_478ff02cdcfc6a99,HCAR2,Pan-UKB,Pan-UKB::biomarkers|30780|both_sexes||irnt,LDL direct,CSA,PRIMARY,False,True,gt_478ff02cdcfc6a99,gt_478ff02cdcfc6a99,EXTRACTED,intermediate/15b3/Pan-UKB/gt_478ff02cdcfc6a99.parquet,EXTRACTED,intermediate/15b3/Pan-UKB/gt_478ff02cdcfc6a99.parquet,True
cmp_4f0b16a4a72c0368,gt_d02d21f4deeb3658,HCAR3,Pan-UKB,Pan-UKB::biomarkers|30780|both_sexes||irnt,LDL direct,CSA,PRIMARY,False,True,gt_d02d21f4deeb3658,gt_d02d21f4deeb3658,EXTRACTED,intermediate/15b3/Pan-UKB/gt_d02d21f4deeb3658.parquet,EXTRACTED,intermediate/15b3/Pan-UKB/gt_d02d21f4deeb3658.parquet,True
cmp_f91dafdc919ddc0c,gt_fdbaedc51aaa106f,HMGCR,Pan-UKB,Pan-UKB::biomarkers|30780|both_sexes||irnt,LDL direct,CSA,PRIMARY,False,True,gt_fdbaedc51aaa106f,gt_fdbaedc51aaa106f,EXTRACTED,intermediate/15b3/Pan-UKB/gt_fdbaedc51aaa106f.parquet,EXTRACTED,intermediate/15b3/Pan-UKB/gt_fdbaedc51aaa106f.parquet,True
cmp_c5f9b26ab4ae44ee,gt_5da1ad3edfdad65e,LPA,Pan-UKB,Pan-UKB::biomarkers|30780|both_sexes||irnt,LDL direct,CSA,PRIMARY,False,True,gt_5da1ad3edfdad65e,gt_5da1ad3edfdad65e,EXTRACTED,intermediate/15b3/Pan-UKB/gt_5da1ad3edfdad65e.parquet,EXTRACTED,intermediate/15b3/Pan-UKB/gt_5da1ad3edfdad65e.parquet,True
cmp_50d16dc72ee800c1,gt_ad816587eda5b569,MTTP,Pan-UKB,Pan-UKB::biomarkers|30780|both_sexes||irnt,LDL direct,CSA,PRIMARY,False,True,gt_ad816587eda5b569,gt_ad816587eda5b569,EXTRACTED,intermediate/15b3/Pan-UKB/gt_ad816587eda5b569.parquet,EXTRACTED,intermediate/15b3/Pan-UKB/gt_ad816587eda5b569.parquet,True
cmp_c9ca16446ae51c2f,gt_e0d231bc78a0b903,NPC1L1,Pan-UKB,Pan-UKB::biomarkers|30780|both_sexes||irnt,LDL direct,CSA,PRIMARY,True,False,gt_e0d231bc78a0b903,gt_e0d231bc78a0b903,EXTRACTED,intermediate/15b3/Pan-UKB/gt_e0d231bc78a0b903.parquet,EXTRACTED,intermediate/15b3/Pan-UKB/gt_e0d231bc78a0b903.parquet,True
cmp_86c7093bdb7c0808,gt_c0dccd327bd42d57,NR1H3,Pan-UKB,Pan-UKB::biomarkers|30780|both_sexes||irnt,LDL direct,CSA,PRIMARY,False,True,gt_c0dccd327bd42d57,gt_c0dccd327bd42d57,EXTRACTED,intermediate/15b3/Pan-UKB/gt_c0dccd327bd42d57.parquet,EXTRACTED,intermediate/15b3/Pan-UKB/gt_c0dccd327bd42d57.parquet,True
cmp_66552b49512bb3db,gt_b8759ac053b783c0,NR1H4,Pan-UKB,Pan-UKB::biomarkers|30780|both_sexes||irnt,LDL direct,CSA,PRIMARY,False,True,gt_b8759ac053b783c0,gt_b8759ac053b783c0,EXTRACTED,intermediate/15b3/Pan-UKB/gt_b8759ac053b783c0.parquet,EXTRACTED,intermediate/15b3/Pan-UKB/gt_b8759ac053b783c0.parquet,True
cmp_7e3415964666180a,gt_d690685489730e56,PCSK9,Pan-UKB,Pan-UKB::biomarkers|30780|both_sexes||irnt,LDL direct,CSA,PRIMARY,False,True,gt_d690685489730e56,gt_d690685489730e56,EXTRACTED,intermediate/15b3/Pan-UKB/gt_d690685489730e56.parquet,EXTRACTED,intermediate/15b3/Pan-UKB/gt_d690685489730e56.parquet,True
cmp_d3e826c238938f7a,gt_73254ff7b0091f43,PPARA,Pan-UKB,Pan-UKB::biomarkers|30780|both_sexes||irnt,LDL direct,CSA,PRIMARY,True,False,gt_73254ff7b0091f43,gt_73254ff7b0091f43,EXTRACTED,intermediate/15b3/Pan-UKB/gt_73254ff7b0091f43.parquet,EXTRACTED,intermediate/15b3/Pan-UKB/gt_73254ff7b0091f43.parquet,True
cmp_697c494077f63f4a,gt_3b78c5d3b48b82a8,PPARG,Pan-UKB,Pan-UKB::biomarkers|30780|both_sexes||irnt,LDL direct,CSA,PRIMARY,False,True,gt_3b78c5d3b48b82a8,gt_3b78c5d3b48b82a8,EXTRACTED,intermediate/15b3/Pan-UKB/gt_3b78c5d3b48b82a8.parquet,EXTRACTED,intermediate/15b3/Pan-UKB/gt_3b78c5d3b48b82a8.parquet,True
cmp_846fa1abdb2d79e6,gt_bb8ad900243245bb,SLC10A2,Pan-UKB,Pan-UKB::biomarkers|30780|both_sexes||irnt,LDL direct,CSA,PRIMARY,False,True,gt_bb8ad900243245bb,gt_bb8ad900243245bb,EXTRACTED,intermediate/15b3/Pan-UKB/gt_bb8ad900243245bb.parquet,EXTRACTED,intermediate/15b3/Pan-UKB/gt_bb8ad900243245bb.parquet,True
cmp_0e8c3789584fc9b2,gt_a9a80c5c767d754d,THRB,Pan-UKB,Pan-UKB::biomarkers|30780|both_sexes||irnt,LDL direct,CSA,PRIMARY,False,True,gt_a9a80c5c767d754d,gt_a9a80c5c767d754d,EXTRACTED,intermediate/15b3/Pan-UKB/gt_a9a80c5c767d754d.parquet,EXTRACTED,intermediate/15b3/Pan-UKB/gt_a9a80c5c767d754d.parquet,True
cmp_899b25b2a6459d69,gt_38057e29398d09a6,CSF3,Pan-UKB,Pan-UKB::continuous|30140|both_sexes||irnt,Neutrophill count,CSA,PRIMARY,False,True,gt_38057e29398d09a6,gt_38057e29398d09a6,EXTRACTED,intermediate/15b3/Pan-UKB/gt_38057e29398d09a6.parquet,EXTRACTED,intermediate/15b3/Pan-UKB/gt_38057e29398d09a6.parquet,True
cmp_a8cdbbc6ae7dad91,gt_38057e29398d09a6,CSF3,Pan-UKB,Pan-UKB::continuous|30140|both_sexes||irnt,Neutrophill count,MID,PRIMARY,False,True,gt_38057e29398d09a6,gt_38057e29398d09a6,EXTRACTED,intermediate/15b3/Pan-UKB/gt_38057e29398d09a6.parquet,EXTRACTED,intermediate/15b3/Pan-UKB/gt_38057e29398d09a6.parquet,True
cmp_08b22a91172968d8,gt_128ad7c7ffd40309,CSF3R,Pan-UKB,Pan-UKB::continuous|30140|both_sexes||irnt,Neutrophill count,CSA,PRIMARY,False,True,gt_128ad7c7ffd40309,gt_128ad7c7ffd40309,EXTRACTED,intermediate/15b3/Pan-UKB/gt_128ad7c7ffd40309.parquet,EXTRACTED,intermediate/15b3/Pan-UKB/gt_128ad7c7ffd40309.parquet,True
cmp_b2879043e48e8130,gt_128ad7c7ffd40309,CSF3R,Pan-UKB,Pan-UKB::continuous|30140|both_sexes||irnt,Neutrophill count,MID,PRIMARY,False,True,gt_128ad7c7ffd40309,gt_128ad7c7ffd40309,EXTRACTED,intermediate/15b3/Pan-UKB/gt_128ad7c7ffd40309.parquet,EXTRACTED,intermediate/15b3/Pan-UKB/gt_128ad7c7ffd40309.parquet,True
cmp_559b26c0a60995d9,gt_575fb984fe133eec,CXCR4,Pan-UKB,Pan-UKB::continuous|30140|both_sexes||irnt,Neutrophill count,CSA,PRIMARY,False,True,gt_575fb984fe133eec,gt_575fb984fe133eec,EXTRACTED,intermediate/15b3/Pan-UKB/gt_575fb984fe133eec.parquet,EXTRACTED,intermediate/15b3/Pan-UKB/gt_575fb984fe133eec.parquet,True
cmp_cb58a62e60526107,gt_575fb984fe133eec,CXCR4,Pan-UKB,Pan-UKB::continuous|30140|both_sexes||irnt,Neutrophill count,MID,PRIMARY,False,True,gt_575fb984fe133eec,gt_575fb984fe133eec,EXTRACTED,intermediate/15b3/Pan-UKB/gt_575fb984fe133eec.parquet,EXTRACTED,intermediate/15b3/Pan-UKB/gt_575fb984fe133eec.parquet,True
cmp_0348a847d71d7add,gt_7139353b566f0bd6,FAP,Pan-UKB,Pan-UKB::continuous|30140|both_sexes||irnt,Neutrophill count,CSA,PRIMARY,False,True,gt_7139353b566f0bd6,gt_7139353b566f0bd6,EXTRACTED,intermediate/15b3/Pan-UKB/gt_7139353b566f0bd6.parquet,EXTRACTED,intermediate/15b3/Pan-UKB/gt_7139353b566f0bd6.parquet,True
cmp_f42d2adaebb6c058,gt_7139353b566f0bd6,FAP,Pan-UKB,Pan-UKB::continuous|30140|both_sexes||irnt,Neutrophill count,MID,PRIMARY,False,True,gt_7139353b566f0bd6,gt_7139353b566f0bd6,EXTRACTED,intermediate/15b3/Pan-UKB/gt_7139353b566f0bd6.parquet,EXTRACTED,intermediate/15b3/Pan-UKB/gt_7139353b566f0bd6.parquet,True
cmp_158459a232adb0d0,gt_0c426abe19a96c54,ENPP1,Pan-UKB,Pan-UKB::biomarkers|30810|both_sexes||irnt,Phosphate,CSA,PRIMARY,False,True,gt_0c426abe19a96c54,gt_0c426abe19a96c54,EXTRACTED,intermediate/15b3/Pan-UKB/gt_0c426abe19a96c54.parquet,EXTRACTED,intermediate/15b3/Pan-UKB/gt_0c426abe19a96c54.parquet,True
cmp_6567d20daa636164,gt_d019bda2659bf3ff,ACVR2A,Pan-UKB,Pan-UKB::continuous|30080|both_sexes||irnt,Platelet count,AFR,PRIMARY,False,True,gt_d019bda2659bf3ff,gt_d019bda2659bf3ff,EXTRACTED,intermediate/15b3/Pan-UKB/gt_d019bda2659bf3ff.parquet,EXTRACTED,intermediate/15b3/Pan-UKB/gt_d019bda2659bf3ff.parquet,True
cmp_0b454d4c958fc671,gt_d019bda2659bf3ff,ACVR2A,Pan-UKB,Pan-UKB::continuous|30080|both_sexes||irnt,Platelet count,CSA,PRIMARY,False,True,gt_d019bda2659bf3ff,gt_d019bda2659bf3ff,EXTRACTED,intermediate/15b3/Pan-UKB/gt_d019bda2659bf3ff.parquet,EXTRACTED,intermediate/15b3/Pan-UKB/gt_d019bda2659bf3ff.parquet,True
cmp_d40a84a9eef512e2,gt_d019bda2659bf3ff,ACVR2A,Pan-UKB,Pan-UKB::continuous|30080|both_sexes||irnt,Platelet count,EAS,PRIMARY,False,True,gt_d019bda2659bf3ff,gt_d019bda2659bf3ff,EXTRACTED,intermediate/15b3/Pan-UKB/gt_d019bda2659bf3ff.parquet,EXTRACTED,intermediate/15b3/Pan-UKB/gt_d019bda2659bf3ff.parquet,True
cmp_c16a82af11193057,gt_88273410ebd1ce63,ALOX12,Pan-UKB,Pan-UKB::continuous|30080|both_sexes||irnt,Platelet count,AFR,PRIMARY,False,True,gt_88273410ebd1ce63,gt_88273410ebd1ce63,EXTRACTED,intermediate/15b3/Pan-UKB/gt_88273410ebd1ce63.parquet,EXTRACTED,intermediate/15b3/Pan-UKB/gt_88273410ebd1ce63.parquet,True
cmp_072afd3efbfb83ec,gt_88273410ebd1ce63,ALOX12,Pan-UKB,Pan-UKB::continuous|30080|both_sexes||irnt,Platelet count,CSA,PRIMARY,False,True,gt_88273410ebd1ce63,gt_88273410ebd1ce63,EXTRACTED,intermediate/15b3/Pan-UKB/gt_88273410ebd1ce63.parquet,EXTRACTED,intermediate/15b3/Pan-UKB/gt_88273410ebd1ce63.parquet,True
cmp_e1820ad8923e7ad3,gt_88273410ebd1ce63,ALOX12,Pan-UKB,Pan-UKB::continuous|30080|both_sexes||irnt,Platelet count,EAS,PRIMARY,False,True,gt_88273410ebd1ce63,gt_88273410ebd1ce63,EXTRACTED,intermediate/15b3/Pan-UKB/gt_88273410ebd1ce63.parquet,EXTRACTED,intermediate/15b3/Pan-UKB/gt_88273410ebd1ce63.parquet,True
cmp_9c6ecc4018fa3eec,gt_4463afbdc4dbc11f,FCGRT,Pan-UKB,Pan-UKB::continuous|30080|both_sexes||irnt,Platelet count,AFR,PRIMARY,False,True,gt_4463afbdc4dbc11f,gt_4463afbdc4dbc11f,EXTRACTED,intermediate/15b3/Pan-UKB/gt_4463afbdc4dbc11f.parquet,EXTRACTED,intermediate/15b3/Pan-UKB/gt_4463afbdc4dbc11f.parquet,True
cmp_4f56d484694e8ea1,gt_4463afbdc4dbc11f,FCGRT,Pan-UKB,Pan-UKB::continuous|30080|both_sexes||irnt,Platelet count,CSA,PRIMARY,False,True,gt_4463afbdc4dbc11f,gt_4463afbdc4dbc11f,EXTRACTED,intermediate/15b3/Pan-UKB/gt_4463afbdc4dbc11f.parquet,EXTRACTED,intermediate/15b3/Pan-UKB/gt_4463afbdc4dbc11f.parquet,True
cmp_fa41e21272bf4085,gt_4463afbdc4dbc11f,FCGRT,Pan-UKB,Pan-UKB::continuous|30080|both_sexes||irnt,Platelet count,EAS,PRIMARY,False,True,gt_4463afbdc4dbc11f,gt_4463afbdc4dbc11f,EXTRACTED,intermediate/15b3/Pan-UKB/gt_4463afbdc4dbc11f.parquet,EXTRACTED,intermediate/15b3/Pan-UKB/gt_4463afbdc4dbc11f.parquet,True
cmp_ca7864c98988cae0,gt_7e1d4c422ada3030,FLT3,Pan-UKB,Pan-UKB::continuous|30080|both_sexes||irnt,Platelet count,AFR,PRIMARY,False,True,gt_7e1d4c422ada3030,gt_7e1d4c422ada3030,EXTRACTED,intermediate/15b3/Pan-UKB/gt_7e1d4c422ada3030.parquet,EXTRACTED,intermediate/15b3/Pan-UKB/gt_7e1d4c422ada3030.parquet,True
cmp_baa318157ff3ca63,gt_7e1d4c422ada3030,FLT3,Pan-UKB,Pan-UKB::continuous|30080|both_sexes||irnt,Platelet count,CSA,PRIMARY,False,True,gt_7e1d4c422ada3030,gt_7e1d4c422ada3030,EXTRACTED,intermediate/15b3/Pan-UKB/gt_7e1d4c422ada3030.parquet,EXTRACTED,intermediate/15b3/Pan-UKB/gt_7e1d4c422ada3030.parquet,True
cmp_3a187d537fd5eaf2,gt_7e1d4c422ada3030,FLT3,Pan-UKB,Pan-UKB::continuous|30080|both_sexes||irnt,Platelet count,EAS,PRIMARY,False,True,gt_7e1d4c422ada3030,gt_7e1d4c422ada3030,EXTRACTED,intermediate/15b3/Pan-UKB/gt_7e1d4c422ada3030.parquet,EXTRACTED,intermediate/15b3/Pan-UKB/gt_7e1d4c422ada3030.parquet,True
cmp_41f3b73474196a0b,gt_e5330af70b68c87c,IFNGR1,Pan-UKB,Pan-UKB::continuous|30080|both_sexes||irnt,Platelet count,AFR,PRIMARY,False,True,gt_e5330af70b68c87c,gt_e5330af70b68c87c,EXTRACTED,intermediate/15b3/Pan-UKB/gt_e5330af70b68c87c.parquet,EXTRACTED,intermediate/15b3/Pan-UKB/gt_e5330af70b68c87c.parquet,True
cmp_11b335555ff5ebe1,gt_e5330af70b68c87c,IFNGR1,Pan-UKB,Pan-UKB::continuous|30080|both_sexes||irnt,Platelet count,CSA,PRIMARY,False,True,gt_e5330af70b68c87c,gt_e5330af70b68c87c,EXTRACTED,intermediate/15b3/Pan-UKB/gt_e5330af70b68c87c.parquet,EXTRACTED,intermediate/15b3/Pan-UKB/gt_e5330af70b68c87c.parquet,True
cmp_d27be2cfa6a1e60d,gt_e5330af70b68c87c,IFNGR1,Pan-UKB,Pan-UKB::continuous|30080|both_sexes||irnt,Platelet count,EAS,PRIMARY,False,True,gt_e5330af70b68c87c,gt_e5330af70b68c87c,EXTRACTED,intermediate/15b3/Pan-UKB/gt_e5330af70b68c87c.parquet,EXTRACTED,intermediate/15b3/Pan-UKB/gt_e5330af70b68c87c.parquet,True
cmp_4ef94caf53bd480f,gt_551bca4b69208db4,IL12A,Pan-UKB,Pan-UKB::continuous|30080|both_sexes||irnt,Platelet count,AFR,PRIMARY,False,True,gt_551bca4b69208db4,gt_551bca4b69208db4,EXTRACTED,intermediate/15b3/Pan-UKB/gt_551bca4b69208db4.parquet,EXTRACTED,intermediate/15b3/Pan-UKB/gt_551bca4b69208db4.parquet,True
cmp_943c5936cbcff26a,gt_551bca4b69208db4,IL12A,Pan-UKB,Pan-UKB::continuous|30080|both_sexes||irnt,Platelet count,CSA,PRIMARY,False,True,gt_551bca4b69208db4,gt_551bca4b69208db4,EXTRACTED,intermediate/15b3/Pan-UKB/gt_551bca4b69208db4.parquet,EXTRACTED,intermediate/15b3/Pan-UKB/gt_551bca4b69208db4.parquet,True
cmp_029184bacb2e5fd8,gt_551bca4b69208db4,IL12A,Pan-UKB,Pan-UKB::continuous|30080|both_sexes||irnt,Platelet count,EAS,PRIMARY,False,True,gt_551bca4b69208db4,gt_551bca4b69208db4,EXTRACTED,intermediate/15b3/Pan-UKB/gt_551bca4b69208db4.parquet,EXTRACTED,intermediate/15b3/Pan-UKB/gt_551bca4b69208db4.parquet,True
cmp_face308db9f33a70,gt_3ef75cbdd99b6f07,IL12B,Pan-UKB,Pan-UKB::continuous|30080|both_sexes||irnt,Platelet count,AFR,PRIMARY,False,True,gt_3ef75cbdd99b6f07,gt_3ef75cbdd99b6f07,EXTRACTED,intermediate/15b3/Pan-UKB/gt_3ef75cbdd99b6f07.parquet,EXTRACTED,intermediate/15b3/Pan-UKB/gt_3ef75cbdd99b6f07.parquet,True
cmp_fed358ca805b3c3e,gt_3ef75cbdd99b6f07,IL12B,Pan-UKB,Pan-UKB::continuous|30080|both_sexes||irnt,Platelet count,CSA,PRIMARY,False,True,gt_3ef75cbdd99b6f07,gt_3ef75cbdd99b6f07,EXTRACTED,intermediate/15b3/Pan-UKB/gt_3ef75cbdd99b6f07.parquet,EXTRACTED,intermediate/15b3/Pan-UKB/gt_3ef75cbdd99b6f07.parquet,True
cmp_74eb5925c4626270,gt_3ef75cbdd99b6f07,IL12B,Pan-UKB,Pan-UKB::continuous|30080|both_sexes||irnt,Platelet count,EAS,PRIMARY,False,True,gt_3ef75cbdd99b6f07,gt_3ef75cbdd99b6f07,EXTRACTED,intermediate/15b3/Pan-UKB/gt_3ef75cbdd99b6f07.parquet,EXTRACTED,intermediate/15b3/Pan-UKB/gt_3ef75cbdd99b6f07.parquet,True
cmp_5c6e340a36104708,gt_54755b381baac1e7,JAK1,Pan-UKB,Pan-UKB::continuous|30080|both_sexes||irnt,Platelet count,AFR,PRIMARY,False,True,gt_54755b381baac1e7,gt_54755b381baac1e7,EXTRACTED,intermediate/15b3/Pan-UKB/gt_54755b381baac1e7.parquet,EXTRACTED,intermediate/15b3/Pan-UKB/gt_54755b381baac1e7.parquet,True
cmp_89640011637459ea,gt_54755b381baac1e7,JAK1,Pan-UKB,Pan-UKB::continuous|30080|both_sexes||irnt,Platelet count,CSA,PRIMARY,False,True,gt_54755b381baac1e7,gt_54755b381baac1e7,EXTRACTED,intermediate/15b3/Pan-UKB/gt_54755b381baac1e7.parquet,EXTRACTED,intermediate/15b3/Pan-UKB/gt_54755b381baac1e7.parquet,True
cmp_8c82bdade3034c3e,gt_54755b381baac1e7,JAK1,Pan-UKB,Pan-UKB::continuous|30080|both_sexes||irnt,Platelet count,EAS,PRIMARY,False,True,gt_54755b381baac1e7,gt_54755b381baac1e7,EXTRACTED,intermediate/15b3/Pan-UKB/gt_54755b381baac1e7.parquet,EXTRACTED,intermediate/15b3/Pan-UKB/gt_54755b381baac1e7.parquet,True
cmp_1e9ae074e40e398a,gt_2fdb14cf300437e0,JAK2,Pan-UKB,Pan-UKB::continuous|30080|both_sexes||irnt,Platelet count,AFR,PRIMARY,False,True,gt_2fdb14cf300437e0,gt_2fdb14cf300437e0,EXTRACTED,intermediate/15b3/Pan-UKB/gt_2fdb14cf300437e0.parquet,EXTRACTED,intermediate/15b3/Pan-UKB/gt_2fdb14cf300437e0.parquet,True
cmp_d8eb00402944028b,gt_2fdb14cf300437e0,JAK2,Pan-UKB,Pan-UKB::continuous|30080|both_sexes||irnt,Platelet count,CSA,PRIMARY,False,True,gt_2fdb14cf300437e0,gt_2fdb14cf300437e0,EXTRACTED,intermediate/15b3/Pan-UKB/gt_2fdb14cf300437e0.parquet,EXTRACTED,intermediate/15b3/Pan-UKB/gt_2fdb14cf300437e0.parquet,True
cmp_5b2b67e88398e55b,gt_2fdb14cf300437e0,JAK2,Pan-UKB,Pan-UKB::continuous|30080|both_sexes||irnt,Platelet count,EAS,PRIMARY,False,True,gt_2fdb14cf300437e0,gt_2fdb14cf300437e0,EXTRACTED,intermediate/15b3/Pan-UKB/gt_2fdb14cf300437e0.parquet,EXTRACTED,intermediate/15b3/Pan-UKB/gt_2fdb14cf300437e0.parquet,True
cmp_e9eaa046575337b9,gt_3e77fef73aae3ddd,KDM1A,Pan-UKB,Pan-UKB::continuous|30080|both_sexes||irnt,Platelet count,AFR,PRIMARY,False,True,gt_3e77fef73aae3ddd,gt_3e77fef73aae3ddd,EXTRACTED,intermediate/15b3/Pan-UKB/gt_3e77fef73aae3ddd.parquet,EXTRACTED,intermediate/15b3/Pan-UKB/gt_3e77fef73aae3ddd.parquet,True
cmp_0dc5f2945c2f21d1,gt_3e77fef73aae3ddd,KDM1A,Pan-UKB,Pan-UKB::continuous|30080|both_sexes||irnt,Platelet count,CSA,PRIMARY,False,True,gt_3e77fef73aae3ddd,gt_3e77fef73aae3ddd,EXTRACTED,intermediate/15b3/Pan-UKB/gt_3e77fef73aae3ddd.parquet,EXTRACTED,intermediate/15b3/Pan-UKB/gt_3e77fef73aae3ddd.parquet,True
cmp_8a0ec5e7ce7ddb07,gt_3e77fef73aae3ddd,KDM1A,Pan-UKB,Pan-UKB::continuous|30080|both_sexes||irnt,Platelet count,EAS,PRIMARY,False,True,gt_3e77fef73aae3ddd,gt_3e77fef73aae3ddd,EXTRACTED,intermediate/15b3/Pan-UKB/gt_3e77fef73aae3ddd.parquet,EXTRACTED,intermediate/15b3/Pan-UKB/gt_3e77fef73aae3ddd.parquet,True
cmp_18bf92731dcbbcc8,gt_15ac10d89616dccb,KIT,Pan-UKB,Pan-UKB::continuous|30080|both_sexes||irnt,Platelet count,AFR,PRIMARY,False,True,gt_15ac10d89616dccb,gt_15ac10d89616dccb,EXTRACTED,intermediate/15b3/Pan-UKB/gt_15ac10d89616dccb.parquet,EXTRACTED,intermediate/15b3/Pan-UKB/gt_15ac10d89616dccb.parquet,True
cmp_c5c6a942ebb59e4f,gt_15ac10d89616dccb,KIT,Pan-UKB,Pan-UKB::continuous|30080|both_sexes||irnt,Platelet count,CSA,PRIMARY,False,True,gt_15ac10d89616dccb,gt_15ac10d89616dccb,EXTRACTED,intermediate/15b3/Pan-UKB/gt_15ac10d89616dccb.parquet,EXTRACTED,intermediate/15b3/Pan-UKB/gt_15ac10d89616dccb.parquet,True
cmp_7aaa0a05bd83fbed,gt_15ac10d89616dccb,KIT,Pan-UKB,Pan-UKB::continuous|30080|both_sexes||irnt,Platelet count,EAS,PRIMARY,False,True,gt_15ac10d89616dccb,gt_15ac10d89616dccb,EXTRACTED,intermediate/15b3/Pan-UKB/gt_15ac10d89616dccb.parquet,EXTRACTED,intermediate/15b3/Pan-UKB/gt_15ac10d89616dccb.parquet,True
cmp_bfc01b90f4d8df7f,gt_c1c146b54614cb80,MPL,Pan-UKB,Pan-UKB::continuous|30080|both_sexes||irnt,Platelet count,AFR,PRIMARY,False,True,gt_c1c146b54614cb80,gt_c1c146b54614cb80,EXTRACTED,intermediate/15b3/Pan-UKB/gt_c1c146b54614cb80.parquet,EXTRACTED,intermediate/15b3/Pan-UKB/gt_c1c146b54614cb80.parquet,True
cmp_8a08e1bad7c62995,gt_c1c146b54614cb80,MPL,Pan-UKB,Pan-UKB::continuous|30080|both_sexes||irnt,Platelet count,CSA,PRIMARY,False,True,gt_c1c146b54614cb80,gt_c1c146b54614cb80,EXTRACTED,intermediate/15b3/Pan-UKB/gt_c1c146b54614cb80.parquet,EXTRACTED,intermediate/15b3/Pan-UKB/gt_c1c146b54614cb80.parquet,True
cmp_c813a3a2004fb6bd,gt_c1c146b54614cb80,MPL,Pan-UKB,Pan-UKB::continuous|30080|both_sexes||irnt,Platelet count,EAS,PRIMARY,False,True,gt_c1c146b54614cb80,gt_c1c146b54614cb80,EXTRACTED,intermediate/15b3/Pan-UKB/gt_c1c146b54614cb80.parquet,EXTRACTED,intermediate/15b3/Pan-UKB/gt_c1c146b54614cb80.parquet,True
cmp_480d6daf54baee46,gt_d1d00e9dc71a2499,PIK3CA,Pan-UKB,Pan-UKB::continuous|30080|both_sexes||irnt,Platelet count,AFR,PRIMARY,False,True,gt_d1d00e9dc71a2499,gt_d1d00e9dc71a2499,EXTRACTED,intermediate/15b3/Pan-UKB/gt_d1d00e9dc71a2499.parquet,EXTRACTED,intermediate/15b3/Pan-UKB/gt_d1d00e9dc71a2499.parquet,True
cmp_090a8b2e128e603c,gt_d1d00e9dc71a2499,PIK3CA,Pan-UKB,Pan-UKB::continuous|30080|both_sexes||irnt,Platelet count,CSA,PRIMARY,False,True,gt_d1d00e9dc71a2499,gt_d1d00e9dc71a2499,EXTRACTED,intermediate/15b3/Pan-UKB/gt_d1d00e9dc71a2499.parquet,EXTRACTED,intermediate/15b3/Pan-UKB/gt_d1d00e9dc71a2499.parquet,True
cmp_fe5114e73f9be5e8,gt_d1d00e9dc71a2499,PIK3CA,Pan-UKB,Pan-UKB::continuous|30080|both_sexes||irnt,Platelet count,EAS,PRIMARY,False,True,gt_d1d00e9dc71a2499,gt_d1d00e9dc71a2499,EXTRACTED,intermediate/15b3/Pan-UKB/gt_d1d00e9dc71a2499.parquet,EXTRACTED,intermediate/15b3/Pan-UKB/gt_d1d00e9dc71a2499.parquet,True
cmp_d145e0dbaa19ce1a,gt_50240b5be2101e2e,PIK3CB,Pan-UKB,Pan-UKB::continuous|30080|both_sexes||irnt,Platelet count,AFR,PRIMARY,False,True,gt_50240b5be2101e2e,gt_50240b5be2101e2e,EXTRACTED,intermediate/15b3/Pan-UKB/gt_50240b5be2101e2e.parquet,EXTRACTED,intermediate/15b3/Pan-UKB/gt_50240b5be2101e2e.parquet,True
cmp_79511392eb1a415a,gt_50240b5be2101e2e,PIK3CB,Pan-UKB,Pan-UKB::continuous|30080|both_sexes||irnt,Platelet count,CSA,PRIMARY,False,True,gt_50240b5be2101e2e,gt_50240b5be2101e2e,EXTRACTED,intermediate/15b3/Pan-UKB/gt_50240b5be2101e2e.parquet,EXTRACTED,intermediate/15b3/Pan-UKB/gt_50240b5be2101e2e.parquet,True
cmp_4f5997f4be833364,gt_50240b5be2101e2e,PIK3CB,Pan-UKB,Pan-UKB::continuous|30080|both_sexes||irnt,Platelet count,EAS,PRIMARY,False,True,gt_50240b5be2101e2e,gt_50240b5be2101e2e,EXTRACTED,intermediate/15b3/Pan-UKB/gt_50240b5be2101e2e.parquet,EXTRACTED,intermediate/15b3/Pan-UKB/gt_50240b5be2101e2e.parquet,True
cmp_a5cb7edcd0684533,gt_c3ed739628d10066,PIK3CD,Pan-UKB,Pan-UKB::continuous|30080|both_sexes||irnt,Platelet count,AFR,PRIMARY,False,True,gt_c3ed739628d10066,gt_c3ed739628d10066,EXTRACTED,intermediate/15b3/Pan-UKB/gt_c3ed739628d10066.parquet,EXTRACTED,intermediate/15b3/Pan-UKB/gt_c3ed739628d10066.parquet,True
cmp_a3b3cff5a232fecb,gt_c3ed739628d10066,PIK3CD,Pan-UKB,Pan-UKB::continuous|30080|both_sexes||irnt,Platelet count,CSA,PRIMARY,False,True,gt_c3ed739628d10066,gt_c3ed739628d10066,EXTRACTED,intermediate/15b3/Pan-UKB/gt_c3ed739628d10066.parquet,EXTRACTED,intermediate/15b3/Pan-UKB/gt_c3ed739628d10066.parquet,True
cmp_02071f60be29f45b,gt_c3ed739628d10066,PIK3CD,Pan-UKB,Pan-UKB::continuous|30080|both_sexes||irnt,Platelet count,EAS,PRIMARY,False,True,gt_c3ed739628d10066,gt_c3ed739628d10066,EXTRACTED,intermediate/15b3/Pan-UKB/gt_c3ed739628d10066.parquet,EXTRACTED,intermediate/15b3/Pan-UKB/gt_c3ed739628d10066.parquet,True
cmp_7906543c413eaa09,gt_2b861b21b2545ae4,PIK3CG,Pan-UKB,Pan-UKB::continuous|30080|both_sexes||irnt,Platelet count,AFR,PRIMARY,False,True,gt_2b861b21b2545ae4,gt_2b861b21b2545ae4,EXTRACTED,intermediate/15b3/Pan-UKB/gt_2b861b21b2545ae4.parquet,EXTRACTED,intermediate/15b3/Pan-UKB/gt_2b861b21b2545ae4.parquet,True
cmp_65b9e21f9ee56f62,gt_2b861b21b2545ae4,PIK3CG,Pan-UKB,Pan-UKB::continuous|30080|both_sexes||irnt,Platelet count,CSA,PRIMARY,False,True,gt_2b861b21b2545ae4,gt_2b861b21b2545ae4,EXTRACTED,intermediate/15b3/Pan-UKB/gt_2b861b21b2545ae4.parquet,EXTRACTED,intermediate/15b3/Pan-UKB/gt_2b861b21b2545ae4.parquet,True
cmp_4aa64332dd92c267,gt_2b861b21b2545ae4,PIK3CG,Pan-UKB,Pan-UKB::continuous|30080|both_sexes||irnt,Platelet count,EAS,PRIMARY,False,True,gt_2b861b21b2545ae4,gt_2b861b21b2545ae4,EXTRACTED,intermediate/15b3/Pan-UKB/gt_2b861b21b2545ae4.parquet,EXTRACTED,intermediate/15b3/Pan-UKB/gt_2b861b21b2545ae4.parquet,True
cmp_88c6906de1ea612c,gt_5a525d6a0e697a02,THPO,Pan-UKB,Pan-UKB::continuous|30080|both_sexes||irnt,Platelet count,AFR,PRIMARY,False,True,gt_5a525d6a0e697a02,gt_5a525d6a0e697a02,EXTRACTED,intermediate/15b3/Pan-UKB/gt_5a525d6a0e697a02.parquet,EXTRACTED,intermediate/15b3/Pan-UKB/gt_5a525d6a0e697a02.parquet,True
cmp_00943344950234cb,gt_5a525d6a0e697a02,THPO,Pan-UKB,Pan-UKB::continuous|30080|both_sexes||irnt,Platelet count,CSA,PRIMARY,False,True,gt_5a525d6a0e697a02,gt_5a525d6a0e697a02,EXTRACTED,intermediate/15b3/Pan-UKB/gt_5a525d6a0e697a02.parquet,EXTRACTED,intermediate/15b3/Pan-UKB/gt_5a525d6a0e697a02.parquet,True
cmp_753051b5ab931966,gt_5a525d6a0e697a02,THPO,Pan-UKB,Pan-UKB::continuous|30080|both_sexes||irnt,Platelet count,EAS,PRIMARY,False,True,gt_5a525d6a0e697a02,gt_5a525d6a0e697a02,EXTRACTED,intermediate/15b3/Pan-UKB/gt_5a525d6a0e697a02.parquet,EXTRACTED,intermediate/15b3/Pan-UKB/gt_5a525d6a0e697a02.parquet,True
cmp_672e4bb04d1de71c,gt_935c33c43285e1f1,ACE,Pan-UKB,Pan-UKB::continuous|4080|both_sexes||irnt,"Systolic blood pressure, automated reading",CSA,PRIMARY,False,True,gt_935c33c43285e1f1,gt_935c33c43285e1f1,EXTRACTED,intermediate/15b3/Pan-UKB/gt_935c33c43285e1f1.parquet,EXTRACTED,intermediate/15b3/Pan-UKB/gt_935c33c43285e1f1.parquet,True
cmp_e1a94c377813c6b6,gt_935c33c43285e1f1,ACE,Pan-UKB,Pan-UKB::continuous|4080|both_sexes||irnt,"Systolic blood pressure, automated reading",EAS,PRIMARY,False,True,gt_935c33c43285e1f1,gt_935c33c43285e1f1,EXTRACTED,intermediate/15b3/Pan-UKB/gt_935c33c43285e1f1.parquet,EXTRACTED,intermediate/15b3/Pan-UKB/gt_935c33c43285e1f1.parquet,True
cmp_9abb59e1c1e89c9f,gt_778e5c879251c610,ADRA1A,Pan-UKB,Pan-UKB::continuous|4080|both_sexes||irnt,"Systolic blood pressure, automated reading",CSA,PRIMARY,False,True,gt_778e5c879251c610,gt_778e5c879251c610,EXTRACTED,intermediate/15b3/Pan-UKB/gt_778e5c879251c610.parquet,EXTRACTED,intermediate/15b3/Pan-UKB/gt_778e5c879251c610.parquet,True
cmp_075b376d729cbbdc,gt_778e5c879251c610,ADRA1A,Pan-UKB,Pan-UKB::continuous|4080|both_sexes||irnt,"Systolic blood pressure, automated reading",EAS,PRIMARY,False,True,gt_778e5c879251c610,gt_778e5c879251c610,EXTRACTED,intermediate/15b3/Pan-UKB/gt_778e5c879251c610.parquet,EXTRACTED,intermediate/15b3/Pan-UKB/gt_778e5c879251c610.parquet,True
cmp_c83e9c2788ccbbba,gt_80dcf53b73f82abf,ADRA2B,Pan-UKB,Pan-UKB::continuous|4080|both_sexes||irnt,"Systolic blood pressure, automated reading",CSA,PRIMARY,False,True,gt_80dcf53b73f82abf,gt_80dcf53b73f82abf,EXTRACTED,intermediate/15b3/Pan-UKB/gt_80dcf53b73f82abf.parquet,EXTRACTED,intermediate/15b3/Pan-UKB/gt_80dcf53b73f82abf.parquet,True
cmp_ea007349ac369a60,gt_80dcf53b73f82abf,ADRA2B,Pan-UKB,Pan-UKB::continuous|4080|both_sexes||irnt,"Systolic blood pressure, automated reading",EAS,PRIMARY,False,True,gt_80dcf53b73f82abf,gt_80dcf53b73f82abf,EXTRACTED,intermediate/15b3/Pan-UKB/gt_80dcf53b73f82abf.parquet,EXTRACTED,intermediate/15b3/Pan-UKB/gt_80dcf53b73f82abf.parquet,True
cmp_9ebe2620a7a5ddcd,gt_34ebd8dbd9566ac9,ADRA2C,Pan-UKB,Pan-UKB::continuous|4080|both_sexes||irnt,"Systolic blood pressure, automated reading",CSA,PRIMARY,False,True,gt_34ebd8dbd9566ac9,gt_34ebd8dbd9566ac9,EXTRACTED,intermediate/15b3/Pan-UKB/gt_34ebd8dbd9566ac9.parquet,EXTRACTED,intermediate/15b3/Pan-UKB/gt_34ebd8dbd9566ac9.parquet,True
cmp_b505091a89419c69,gt_34ebd8dbd9566ac9,ADRA2C,Pan-UKB,Pan-UKB::continuous|4080|both_sexes||irnt,"Systolic blood pressure, automated reading",EAS,PRIMARY,False,True,gt_34ebd8dbd9566ac9,gt_34ebd8dbd9566ac9,EXTRACTED,intermediate/15b3/Pan-UKB/gt_34ebd8dbd9566ac9.parquet,EXTRACTED,intermediate/15b3/Pan-UKB/gt_34ebd8dbd9566ac9.parquet,True
cmp_09103f39122355d4,gt_bc3d66c41e611627,ADRB1,Pan-UKB,Pan-UKB::continuous|4080|both_sexes||irnt,"Systolic blood pressure, automated reading",CSA,PRIMARY,False,True,gt_bc3d66c41e611627,gt_bc3d66c41e611627,EXTRACTED,intermediate/15b3/Pan-UKB/gt_bc3d66c41e611627.parquet,EXTRACTED,intermediate/15b3/Pan-UKB/gt_bc3d66c41e611627.parquet,True
cmp_85dc45cb0e4ef696,gt_bc3d66c41e611627,ADRB1,Pan-UKB,Pan-UKB::continuous|4080|both_sexes||irnt,"Systolic blood pressure, automated reading",EAS,PRIMARY,False,True,gt_bc3d66c41e611627,gt_bc3d66c41e611627,EXTRACTED,intermediate/15b3/Pan-UKB/gt_bc3d66c41e611627.parquet,EXTRACTED,intermediate/15b3/Pan-UKB/gt_bc3d66c41e611627.parquet,True
cmp_25209c8791e72f54,gt_dd51df2eca6324d1,ADRB2,Pan-UKB,Pan-UKB::continuous|4080|both_sexes||irnt,"Systolic blood pressure, automated reading",CSA,PRIMARY,False,True,gt_dd51df2eca6324d1,gt_dd51df2eca6324d1,EXTRACTED,intermediate/15b3/Pan-UKB/gt_dd51df2eca6324d1.parquet,EXTRACTED,intermediate/15b3/Pan-UKB/gt_dd51df2eca6324d1.parquet,True
cmp_56f6aed3310d1b39,gt_dd51df2eca6324d1,ADRB2,Pan-UKB,Pan-UKB::continuous|4080|both_sexes||irnt,"Systolic blood pressure, automated reading",EAS,PRIMARY,False,True,gt_dd51df2eca6324d1,gt_dd51df2eca6324d1,EXTRACTED,intermediate/15b3/Pan-UKB/gt_dd51df2eca6324d1.parquet,EXTRACTED,intermediate/15b3/Pan-UKB/gt_dd51df2eca6324d1.parquet,True
cmp_a71751d3a9a8568a,gt_61f02eac2207e85d,AGT,Pan-UKB,Pan-UKB::continuous|4080|both_sexes||irnt,"Systolic blood pressure, automated reading",CSA,PRIMARY,False,True,gt_61f02eac2207e85d,gt_61f02eac2207e85d,EXTRACTED,intermediate/15b3/Pan-UKB/gt_61f02eac2207e85d.parquet,EXTRACTED,intermediate/15b3/Pan-UKB/gt_61f02eac2207e85d.parquet,True
cmp_7e1bb91784daf874,gt_61f02eac2207e85d,AGT,Pan-UKB,Pan-UKB::continuous|4080|both_sexes||irnt,"Systolic blood pressure, automated reading",EAS,PRIMARY,False,True,gt_61f02eac2207e85d,gt_61f02eac2207e85d,EXTRACTED,intermediate/15b3/Pan-UKB/gt_61f02eac2207e85d.parquet,EXTRACTED,intermediate/15b3/Pan-UKB/gt_61f02eac2207e85d.parquet,True
cmp_a73ebd971255b53d,gt_7713a7fc071de19e,CACNA1C,Pan-UKB,Pan-UKB::continuous|4080|both_sexes||irnt,"Systolic blood pressure, automated reading",CSA,PRIMARY,False,True,gt_7713a7fc071de19e,gt_7713a7fc071de19e,EXTRACTED,intermediate/15b3/Pan-UKB/gt_7713a7fc071de19e.parquet,EXTRACTED,intermediate/15b3/Pan-UKB/gt_7713a7fc071de19e.parquet,True
cmp_0b8353e0ef24feca,gt_7713a7fc071de19e,CACNA1C,Pan-UKB,Pan-UKB::continuous|4080|both_sexes||irnt,"Systolic blood pressure, automated reading",EAS,PRIMARY,False,True,gt_7713a7fc071de19e,gt_7713a7fc071de19e,EXTRACTED,intermediate/15b3/Pan-UKB/gt_7713a7fc071de19e.parquet,EXTRACTED,intermediate/15b3/Pan-UKB/gt_7713a7fc071de19e.parquet,True
cmp_be14aa1d87690f1d,gt_13201a039725c0a0,CHRNB4,Pan-UKB,Pan-UKB::continuous|4080|both_sexes||irnt,"Systolic blood pressure, automated reading",CSA,PRIMARY,False,True,gt_13201a039725c0a0,gt_13201a039725c0a0,EXTRACTED,intermediate/15b3/Pan-UKB/gt_13201a039725c0a0.parquet,EXTRACTED,intermediate/15b3/Pan-UKB/gt_13201a039725c0a0.parquet,True
cmp_b8b0225d1c9890a2,gt_13201a039725c0a0,CHRNB4,Pan-UKB,Pan-UKB::continuous|4080|both_sexes||irnt,"Systolic blood pressure, automated reading",EAS,PRIMARY,False,True,gt_13201a039725c0a0,gt_13201a039725c0a0,EXTRACTED,intermediate/15b3/Pan-UKB/gt_13201a039725c0a0.parquet,EXTRACTED,intermediate/15b3/Pan-UKB/gt_13201a039725c0a0.parquet,True
cmp_454a04f6c939f398,gt_3c1943ce7336242c,CYP11B1,Pan-UKB,Pan-UKB::continuous|4080|both_sexes||irnt,"Systolic blood pressure, automated reading",CSA,PRIMARY,False,True,gt_3c1943ce7336242c,gt_3c1943ce7336242c,EXTRACTED,intermediate/15b3/Pan-UKB/gt_3c1943ce7336242c.parquet,EXTRACTED,intermediate/15b3/Pan-UKB/gt_3c1943ce7336242c.parquet,True
cmp_d0eae1c3d6328e31,gt_3c1943ce7336242c,CYP11B1,Pan-UKB,Pan-UKB::continuous|4080|both_sexes||irnt,"Systolic blood pressure, automated reading",EAS,PRIMARY,False,True,gt_3c1943ce7336242c,gt_3c1943ce7336242c,EXTRACTED,intermediate/15b3/Pan-UKB/gt_3c1943ce7336242c.parquet,EXTRACTED,intermediate/15b3/Pan-UKB/gt_3c1943ce7336242c.parquet,True
cmp_5d17c0529b2b7df9,gt_3530535fddf90eba,CYP11B2,Pan-UKB,Pan-UKB::continuous|4080|both_sexes||irnt,"Systolic blood pressure, automated reading",CSA,PRIMARY,False,True,gt_3530535fddf90eba,gt_3530535fddf90eba,EXTRACTED,intermediate/15b3/Pan-UKB/gt_3530535fddf90eba.parquet,EXTRACTED,intermediate/15b3/Pan-UKB/gt_3530535fddf90eba.parquet,True
cmp_29b2c4ab14aed1a5,gt_3530535fddf90eba,CYP11B2,Pan-UKB,Pan-UKB::continuous|4080|both_sexes||irnt,"Systolic blood pressure, automated reading",EAS,PRIMARY,False,True,gt_3530535fddf90eba,gt_3530535fddf90eba,EXTRACTED,intermediate/15b3/Pan-UKB/gt_3530535fddf90eba.parquet,EXTRACTED,intermediate/15b3/Pan-UKB/gt_3530535fddf90eba.parquet,True
cmp_c3d72cc117775048,gt_6afbe24c58790493,EDNRA,Pan-UKB,Pan-UKB::continuous|4080|both_sexes||irnt,"Systolic blood pressure, automated reading",CSA,PRIMARY,False,True,gt_6afbe24c58790493,gt_6afbe24c58790493,EXTRACTED,intermediate/15b3/Pan-UKB/gt_6afbe24c58790493.parquet,EXTRACTED,intermediate/15b3/Pan-UKB/gt_6afbe24c58790493.parquet,True
cmp_8287430549ba3f6f,gt_6afbe24c58790493,EDNRA,Pan-UKB,Pan-UKB::continuous|4080|both_sexes||irnt,"Systolic blood pressure, automated reading",EAS,PRIMARY,False,True,gt_6afbe24c58790493,gt_6afbe24c58790493,EXTRACTED,intermediate/15b3/Pan-UKB/gt_6afbe24c58790493.parquet,EXTRACTED,intermediate/15b3/Pan-UKB/gt_6afbe24c58790493.parquet,True
cmp_78733159446ee1c5,gt_43ad728cfa624725,MME,Pan-UKB,Pan-UKB::continuous|4080|both_sexes||irnt,"Systolic blood pressure, automated reading",CSA,PRIMARY,False,True,gt_43ad728cfa624725,gt_43ad728cfa624725,EXTRACTED,intermediate/15b3/Pan-UKB/gt_43ad728cfa624725.parquet,EXTRACTED,intermediate/15b3/Pan-UKB/gt_43ad728cfa624725.parquet,True
cmp_aeab0c904bc9969c,gt_43ad728cfa624725,MME,Pan-UKB,Pan-UKB::continuous|4080|both_sexes||irnt,"Systolic blood pressure, automated reading",EAS,PRIMARY,False,True,gt_43ad728cfa624725,gt_43ad728cfa624725,EXTRACTED,intermediate/15b3/Pan-UKB/gt_43ad728cfa624725.parquet,EXTRACTED,intermediate/15b3/Pan-UKB/gt_43ad728cfa624725.parquet,True
cmp_8b7c116033df75f8,gt_22ad0384b0265c27,NPR1,Pan-UKB,Pan-UKB::continuous|4080|both_sexes||irnt,"Systolic blood pressure, automated reading",CSA,PRIMARY,False,True,gt_22ad0384b0265c27,gt_22ad0384b0265c27,EXTRACTED,intermediate/15b3/Pan-UKB/gt_22ad0384b0265c27.parquet,EXTRACTED,intermediate/15b3/Pan-UKB/gt_22ad0384b0265c27.parquet,True
cmp_808eea98958b88ae,gt_22ad0384b0265c27,NPR1,Pan-UKB,Pan-UKB::continuous|4080|both_sexes||irnt,"Systolic blood pressure, automated reading",EAS,PRIMARY,False,True,gt_22ad0384b0265c27,gt_22ad0384b0265c27,EXTRACTED,intermediate/15b3/Pan-UKB/gt_22ad0384b0265c27.parquet,EXTRACTED,intermediate/15b3/Pan-UKB/gt_22ad0384b0265c27.parquet,True
cmp_d78e3ded7cd1e1cc,gt_76b6b2db2844ebcd,OPRL1,Pan-UKB,Pan-UKB::continuous|4080|both_sexes||irnt,"Systolic blood pressure, automated reading",CSA,PRIMARY,False,True,gt_76b6b2db2844ebcd,gt_76b6b2db2844ebcd,EXTRACTED,intermediate/15b3/Pan-UKB/gt_76b6b2db2844ebcd.parquet,EXTRACTED,intermediate/15b3/Pan-UKB/gt_76b6b2db2844ebcd.parquet,True
cmp_a4a6c8c04a2615d6,gt_76b6b2db2844ebcd,OPRL1,Pan-UKB,Pan-UKB::continuous|4080|both_sexes||irnt,"Systolic blood pressure, automated reading",EAS,PRIMARY,False,True,gt_76b6b2db2844ebcd,gt_76b6b2db2844ebcd,EXTRACTED,intermediate/15b3/Pan-UKB/gt_76b6b2db2844ebcd.parquet,EXTRACTED,intermediate/15b3/Pan-UKB/gt_76b6b2db2844ebcd.parquet,True
cmp_c49e59890b6661ec,gt_314ec6244a757331,PDE5A,Pan-UKB,Pan-UKB::continuous|4080|both_sexes||irnt,"Systolic blood pressure, automated reading",CSA,PRIMARY,False,True,gt_314ec6244a757331,gt_314ec6244a757331,EXTRACTED,intermediate/15b3/Pan-UKB/gt_314ec6244a757331.parquet,EXTRACTED,intermediate/15b3/Pan-UKB/gt_314ec6244a757331.parquet,True
cmp_8ee817355bbb2bbf,gt_314ec6244a757331,PDE5A,Pan-UKB,Pan-UKB::continuous|4080|both_sexes||irnt,"Systolic blood pressure, automated reading",EAS,PRIMARY,False,True,gt_314ec6244a757331,gt_314ec6244a757331,EXTRACTED,intermediate/15b3/Pan-UKB/gt_314ec6244a757331.parquet,EXTRACTED,intermediate/15b3/Pan-UKB/gt_314ec6244a757331.parquet,True
cmp_ab04299a68fabf68,gt_b47ca6ecb9b21bb9,REN,Pan-UKB,Pan-UKB::continuous|4080|both_sexes||irnt,"Systolic blood pressure, automated reading",CSA,PRIMARY,False,True,gt_b47ca6ecb9b21bb9,gt_b47ca6ecb9b21bb9,EXTRACTED,intermediate/15b3/Pan-UKB/gt_b47ca6ecb9b21bb9.parquet,EXTRACTED,intermediate/15b3/Pan-UKB/gt_b47ca6ecb9b21bb9.parquet,True
cmp_e6a4ccbeffb610bc,gt_b47ca6ecb9b21bb9,REN,Pan-UKB,Pan-UKB::continuous|4080|both_sexes||irnt,"Systolic blood pressure, automated reading",EAS,PRIMARY,False,True,gt_b47ca6ecb9b21bb9,gt_b47ca6ecb9b21bb9,EXTRACTED,intermediate/15b3/Pan-UKB/gt_b47ca6ecb9b21bb9.parquet,EXTRACTED,intermediate/15b3/Pan-UKB/gt_b47ca6ecb9b21bb9.parquet,True
cmp_4a83e585c686b53b,gt_f2aa2535296b990b,SLC12A2,Pan-UKB,Pan-UKB::continuous|4080|both_sexes||irnt,"Systolic blood pressure, automated reading",CSA,PRIMARY,False,True,gt_f2aa2535296b990b,gt_f2aa2535296b990b,EXTRACTED,intermediate/15b3/Pan-UKB/gt_f2aa2535296b990b.parquet,EXTRACTED,intermediate/15b3/Pan-UKB/gt_f2aa2535296b990b.parquet,True
cmp_4748ded11908badf,gt_f2aa2535296b990b,SLC12A2,Pan-UKB,Pan-UKB::continuous|4080|both_sexes||irnt,"Systolic blood pressure, automated reading",EAS,PRIMARY,False,True,gt_f2aa2535296b990b,gt_f2aa2535296b990b,EXTRACTED,intermediate/15b3/Pan-UKB/gt_f2aa2535296b990b.parquet,EXTRACTED,intermediate/15b3/Pan-UKB/gt_f2aa2535296b990b.parquet,True
cmp_a06fa49218dbd2d7,gt_f2d33ec15e3abce2,VDR,Pan-UKB,Pan-UKB::continuous|4080|both_sexes||irnt,"Systolic blood pressure, automated reading",CSA,PRIMARY,False,True,gt_f2d33ec15e3abce2,gt_f2d33ec15e3abce2,EXTRACTED,intermediate/15b3/Pan-UKB/gt_f2d33ec15e3abce2.parquet,EXTRACTED,intermediate/15b3/Pan-UKB/gt_f2d33ec15e3abce2.parquet,True
cmp_e07d4854fed91dc1,gt_f2d33ec15e3abce2,VDR,Pan-UKB,Pan-UKB::continuous|4080|both_sexes||irnt,"Systolic blood pressure, automated reading",EAS,PRIMARY,False,True,gt_f2d33ec15e3abce2,gt_f2d33ec15e3abce2,EXTRACTED,intermediate/15b3/Pan-UKB/gt_f2d33ec15e3abce2.parquet,EXTRACTED,intermediate/15b3/Pan-UKB/gt_f2d33ec15e3abce2.parquet,True
cmp_38f6078f8c287863,gt_ff22c9719815d876,ALOX5,Pan-UKB,Pan-UKB::biomarkers|30870|both_sexes||irnt,Triglycerides,AFR,PRIMARY,False,True,gt_ff22c9719815d876,gt_ff22c9719815d876,EXTRACTED,intermediate/15b3/Pan-UKB/gt_ff22c9719815d876.parquet,EXTRACTED,intermediate/15b3/Pan-UKB/gt_ff22c9719815d876.parquet,True
cmp_f963e229e26ef254,gt_ff22c9719815d876,ALOX5,Pan-UKB,Pan-UKB::biomarkers|30870|both_sexes||irnt,Triglycerides,CSA,PRIMARY,False,True,gt_ff22c9719815d876,gt_ff22c9719815d876,EXTRACTED,intermediate/15b3/Pan-UKB/gt_ff22c9719815d876.parquet,EXTRACTED,intermediate/15b3/Pan-UKB/gt_ff22c9719815d876.parquet,True
cmp_3cd145a306cb6a70,gt_ff22c9719815d876,ALOX5,Pan-UKB,Pan-UKB::biomarkers|30870|both_sexes||irnt,Triglycerides,MID,PRIMARY,False,True,gt_ff22c9719815d876,gt_ff22c9719815d876,EXTRACTED,intermediate/15b3/Pan-UKB/gt_ff22c9719815d876.parquet,EXTRACTED,intermediate/15b3/Pan-UKB/gt_ff22c9719815d876.parquet,True
cmp_29230f9b79750967,gt_b328521a0423f5c5,ANGPTL3,Pan-UKB,Pan-UKB::biomarkers|30870|both_sexes||irnt,Triglycerides,AFR,PRIMARY,False,True,gt_b328521a0423f5c5,gt_b328521a0423f5c5,EXTRACTED,intermediate/15b3/Pan-UKB/gt_b328521a0423f5c5.parquet,EXTRACTED,intermediate/15b3/Pan-UKB/gt_b328521a0423f5c5.parquet,True
cmp_f0cf4964e6b5f030,gt_b328521a0423f5c5,ANGPTL3,Pan-UKB,Pan-UKB::biomarkers|30870|both_sexes||irnt,Triglycerides,CSA,PRIMARY,False,True,gt_b328521a0423f5c5,gt_b328521a0423f5c5,EXTRACTED,intermediate/15b3/Pan-UKB/gt_b328521a0423f5c5.parquet,EXTRACTED,intermediate/15b3/Pan-UKB/gt_b328521a0423f5c5.parquet,True
cmp_1d49c7f6775630d1,gt_b328521a0423f5c5,ANGPTL3,Pan-UKB,Pan-UKB::biomarkers|30870|both_sexes||irnt,Triglycerides,MID,PRIMARY,False,True,gt_b328521a0423f5c5,gt_b328521a0423f5c5,EXTRACTED,intermediate/15b3/Pan-UKB/gt_b328521a0423f5c5.parquet,EXTRACTED,intermediate/15b3/Pan-UKB/gt_b328521a0423f5c5.parquet,True
cmp_44f6beefa09c6ba0,gt_37bb10a4689a1bb1,ANGPTL4,Pan-UKB,Pan-UKB::biomarkers|30870|both_sexes||irnt,Triglycerides,AFR,PRIMARY,False,True,gt_37bb10a4689a1bb1,gt_37bb10a4689a1bb1,EXTRACTED,intermediate/15b3/Pan-UKB/gt_37bb10a4689a1bb1.parquet,EXTRACTED,intermediate/15b3/Pan-UKB/gt_37bb10a4689a1bb1.parquet,True
cmp_96ce964d4704c481,gt_37bb10a4689a1bb1,ANGPTL4,Pan-UKB,Pan-UKB::biomarkers|30870|both_sexes||irnt,Triglycerides,CSA,PRIMARY,False,True,gt_37bb10a4689a1bb1,gt_37bb10a4689a1bb1,EXTRACTED,intermediate/15b3/Pan-UKB/gt_37bb10a4689a1bb1.parquet,EXTRACTED,intermediate/15b3/Pan-UKB/gt_37bb10a4689a1bb1.parquet,True
cmp_327b1ec26d6eee5c,gt_37bb10a4689a1bb1,ANGPTL4,Pan-UKB,Pan-UKB::biomarkers|30870|both_sexes||irnt,Triglycerides,MID,PRIMARY,False,True,gt_37bb10a4689a1bb1,gt_37bb10a4689a1bb1,EXTRACTED,intermediate/15b3/Pan-UKB/gt_37bb10a4689a1bb1.parquet,EXTRACTED,intermediate/15b3/Pan-UKB/gt_37bb10a4689a1bb1.parquet,True
cmp_c46c48b6b8c8c0da,gt_e89d07b40f69aeb9,APOB,Pan-UKB,Pan-UKB::biomarkers|30870|both_sexes||irnt,Triglycerides,AFR,PRIMARY,False,True,gt_e89d07b40f69aeb9,gt_e89d07b40f69aeb9,EXTRACTED,intermediate/15b3/Pan-UKB/gt_e89d07b40f69aeb9.parquet,EXTRACTED,intermediate/15b3/Pan-UKB/gt_e89d07b40f69aeb9.parquet,True
cmp_cf4e49ee6917e9e7,gt_e89d07b40f69aeb9,APOB,Pan-UKB,Pan-UKB::biomarkers|30870|both_sexes||irnt,Triglycerides,CSA,PRIMARY,False,True,gt_e89d07b40f69aeb9,gt_e89d07b40f69aeb9,EXTRACTED,intermediate/15b3/Pan-UKB/gt_e89d07b40f69aeb9.parquet,EXTRACTED,intermediate/15b3/Pan-UKB/gt_e89d07b40f69aeb9.parquet,True
cmp_55e72b65deff56f6,gt_e89d07b40f69aeb9,APOB,Pan-UKB,Pan-UKB::biomarkers|30870|both_sexes||irnt,Triglycerides,MID,PRIMARY,False,True,gt_e89d07b40f69aeb9,gt_e89d07b40f69aeb9,EXTRACTED,intermediate/15b3/Pan-UKB/gt_e89d07b40f69aeb9.parquet,EXTRACTED,intermediate/15b3/Pan-UKB/gt_e89d07b40f69aeb9.parquet,True
cmp_c19fd6087066e5ad,gt_f57de0955fec90d0,APOC3,Pan-UKB,Pan-UKB::biomarkers|30870|both_sexes||irnt,Triglycerides,AFR,PRIMARY,False,True,gt_f57de0955fec90d0,gt_f57de0955fec90d0,EXTRACTED,intermediate/15b3/Pan-UKB/gt_f57de0955fec90d0.parquet,EXTRACTED,intermediate/15b3/Pan-UKB/gt_f57de0955fec90d0.parquet,True
cmp_58feb2f9cd1731f6,gt_f57de0955fec90d0,APOC3,Pan-UKB,Pan-UKB::biomarkers|30870|both_sexes||irnt,Triglycerides,CSA,PRIMARY,False,True,gt_f57de0955fec90d0,gt_f57de0955fec90d0,EXTRACTED,intermediate/15b3/Pan-UKB/gt_f57de0955fec90d0.parquet,EXTRACTED,intermediate/15b3/Pan-UKB/gt_f57de0955fec90d0.parquet,True
cmp_dfe8569d96c5c6ef,gt_f57de0955fec90d0,APOC3,Pan-UKB,Pan-UKB::biomarkers|30870|both_sexes||irnt,Triglycerides,MID,PRIMARY,False,True,gt_f57de0955fec90d0,gt_f57de0955fec90d0,EXTRACTED,intermediate/15b3/Pan-UKB/gt_f57de0955fec90d0.parquet,EXTRACTED,intermediate/15b3/Pan-UKB/gt_f57de0955fec90d0.parquet,True
cmp_e54439ed586b3a5c,gt_3de9daa3443abcc6,FGF21,Pan-UKB,Pan-UKB::biomarkers|30870|both_sexes||irnt,Triglycerides,AFR,PRIMARY,False,True,gt_3de9daa3443abcc6,gt_3de9daa3443abcc6,EXTRACTED,intermediate/15b3/Pan-UKB/gt_3de9daa3443abcc6.parquet,EXTRACTED,intermediate/15b3/Pan-UKB/gt_3de9daa3443abcc6.parquet,True
cmp_6d7ba361d906c9f1,gt_3de9daa3443abcc6,FGF21,Pan-UKB,Pan-UKB::biomarkers|30870|both_sexes||irnt,Triglycerides,CSA,PRIMARY,False,True,gt_3de9daa3443abcc6,gt_3de9daa3443abcc6,EXTRACTED,intermediate/15b3/Pan-UKB/gt_3de9daa3443abcc6.parquet,EXTRACTED,intermediate/15b3/Pan-UKB/gt_3de9daa3443abcc6.parquet,True
cmp_c80e5bff31014a68,gt_3de9daa3443abcc6,FGF21,Pan-UKB,Pan-UKB::biomarkers|30870|both_sexes||irnt,Triglycerides,MID,PRIMARY,False,True,gt_3de9daa3443abcc6,gt_3de9daa3443abcc6,EXTRACTED,intermediate/15b3/Pan-UKB/gt_3de9daa3443abcc6.parquet,EXTRACTED,intermediate/15b3/Pan-UKB/gt_3de9daa3443abcc6.parquet,True
cmp_eafab6e5a8a920a4,gt_93b3040bef26dfa3,LPL,Pan-UKB,Pan-UKB::biomarkers|30870|both_sexes||irnt,Triglycerides,AFR,PRIMARY,False,True,gt_93b3040bef26dfa3,gt_93b3040bef26dfa3,EXTRACTED,intermediate/15b3/Pan-UKB/gt_93b3040bef26dfa3.parquet,EXTRACTED,intermediate/15b3/Pan-UKB/gt_93b3040bef26dfa3.parquet,True
cmp_9de93e69fed596e7,gt_93b3040bef26dfa3,LPL,Pan-UKB,Pan-UKB::biomarkers|30870|both_sexes||irnt,Triglycerides,CSA,PRIMARY,False,True,gt_93b3040bef26dfa3,gt_93b3040bef26dfa3,EXTRACTED,intermediate/15b3/Pan-UKB/gt_93b3040bef26dfa3.parquet,EXTRACTED,intermediate/15b3/Pan-UKB/gt_93b3040bef26dfa3.parquet,True
cmp_4cecb255412bf289,gt_93b3040bef26dfa3,LPL,Pan-UKB,Pan-UKB::biomarkers|30870|both_sexes||irnt,Triglycerides,MID,PRIMARY,False,True,gt_93b3040bef26dfa3,gt_93b3040bef26dfa3,EXTRACTED,intermediate/15b3/Pan-UKB/gt_93b3040bef26dfa3.parquet,EXTRACTED,intermediate/15b3/Pan-UKB/gt_93b3040bef26dfa3.parquet,True
cmp_4d779dc51a2509f0,gt_92c32a34aa51727f,NR1H4,Pan-UKB,Pan-UKB::biomarkers|30870|both_sexes||irnt,Triglycerides,AFR,PRIMARY,False,True,gt_92c32a34aa51727f,gt_92c32a34aa51727f,EXTRACTED,intermediate/15b3/Pan-UKB/gt_92c32a34aa51727f.parquet,EXTRACTED,intermediate/15b3/Pan-UKB/gt_92c32a34aa51727f.parquet,True
cmp_817e77ccfe88b655,gt_92c32a34aa51727f,NR1H4,Pan-UKB,Pan-UKB::biomarkers|30870|both_sexes||irnt,Triglycerides,CSA,PRIMARY,False,True,gt_92c32a34aa51727f,gt_92c32a34aa51727f,EXTRACTED,intermediate/15b3/Pan-UKB/gt_92c32a34aa51727f.parquet,EXTRACTED,intermediate/15b3/Pan-UKB/gt_92c32a34aa51727f.parquet,True
cmp_d5510796e99a279b,gt_92c32a34aa51727f,NR1H4,Pan-UKB,Pan-UKB::biomarkers|30870|both_sexes||irnt,Triglycerides,MID,PRIMARY,False,True,gt_92c32a34aa51727f,gt_92c32a34aa51727f,EXTRACTED,intermediate/15b3/Pan-UKB/gt_92c32a34aa51727f.parquet,EXTRACTED,intermediate/15b3/Pan-UKB/gt_92c32a34aa51727f.parquet,True
cmp_1a57dfd16a3ff231,gt_46f21fc6b2b38cba,PDE3A,Pan-UKB,Pan-UKB::biomarkers|30870|both_sexes||irnt,Triglycerides,AFR,PRIMARY,False,True,gt_46f21fc6b2b38cba,gt_46f21fc6b2b38cba,EXTRACTED,intermediate/15b3/Pan-UKB/gt_46f21fc6b2b38cba.parquet,EXTRACTED,intermediate/15b3/Pan-UKB/gt_46f21fc6b2b38cba.parquet,True
cmp_cdad6fec0a6c282b,gt_46f21fc6b2b38cba,PDE3A,Pan-UKB,Pan-UKB::biomarkers|30870|both_sexes||irnt,Triglycerides,CSA,PRIMARY,False,True,gt_46f21fc6b2b38cba,gt_46f21fc6b2b38cba,EXTRACTED,intermediate/15b3/Pan-UKB/gt_46f21fc6b2b38cba.parquet,EXTRACTED,intermediate/15b3/Pan-UKB/gt_46f21fc6b2b38cba.parquet,True
cmp_61eb1426b5acf70c,gt_46f21fc6b2b38cba,PDE3A,Pan-UKB,Pan-UKB::biomarkers|30870|both_sexes||irnt,Triglycerides,MID,PRIMARY,False,True,gt_46f21fc6b2b38cba,gt_46f21fc6b2b38cba,EXTRACTED,intermediate/15b3/Pan-UKB/gt_46f21fc6b2b38cba.parquet,EXTRACTED,intermediate/15b3/Pan-UKB/gt_46f21fc6b2b38cba.parquet,True
cmp_98c28405614ba81d,gt_82f82416b351979f,PDE4A,Pan-UKB,Pan-UKB::biomarkers|30870|both_sexes||irnt,Triglycerides,AFR,PRIMARY,False,True,gt_82f82416b351979f,gt_82f82416b351979f,EXTRACTED,intermediate/15b3/Pan-UKB/gt_82f82416b351979f.parquet,EXTRACTED,intermediate/15b3/Pan-UKB/gt_82f82416b351979f.parquet,True
cmp_7cda2348ac1402ce,gt_82f82416b351979f,PDE4A,Pan-UKB,Pan-UKB::biomarkers|30870|both_sexes||irnt,Triglycerides,CSA,PRIMARY,False,True,gt_82f82416b351979f,gt_82f82416b351979f,EXTRACTED,intermediate/15b3/Pan-UKB/gt_82f82416b351979f.parquet,EXTRACTED,intermediate/15b3/Pan-UKB/gt_82f82416b351979f.parquet,True
cmp_9715fd6d74c7f0b1,gt_82f82416b351979f,PDE4A,Pan-UKB,Pan-UKB::biomarkers|30870|both_sexes||irnt,Triglycerides,MID,PRIMARY,False,True,gt_82f82416b351979f,gt_82f82416b351979f,EXTRACTED,intermediate/15b3/Pan-UKB/gt_82f82416b351979f.parquet,EXTRACTED,intermediate/15b3/Pan-UKB/gt_82f82416b351979f.parquet,True
cmp_fec2972dccc6591e,gt_ef9194fedfad3efd,PDE4B,Pan-UKB,Pan-UKB::biomarkers|30870|both_sexes||irnt,Triglycerides,AFR,PRIMARY,False,True,gt_ef9194fedfad3efd,gt_ef9194fedfad3efd,EXTRACTED,intermediate/15b3/Pan-UKB/gt_ef9194fedfad3efd.parquet,EXTRACTED,intermediate/15b3/Pan-UKB/gt_ef9194fedfad3efd.parquet,True
cmp_f7e5de3a947334ca,gt_ef9194fedfad3efd,PDE4B,Pan-UKB,Pan-UKB::biomarkers|30870|both_sexes||irnt,Triglycerides,CSA,PRIMARY,False,True,gt_ef9194fedfad3efd,gt_ef9194fedfad3efd,EXTRACTED,intermediate/15b3/Pan-UKB/gt_ef9194fedfad3efd.parquet,EXTRACTED,intermediate/15b3/Pan-UKB/gt_ef9194fedfad3efd.parquet,True
cmp_49e7143e7f8d9dbc,gt_ef9194fedfad3efd,PDE4B,Pan-UKB,Pan-UKB::biomarkers|30870|both_sexes||irnt,Triglycerides,MID,PRIMARY,False,True,gt_ef9194fedfad3efd,gt_ef9194fedfad3efd,EXTRACTED,intermediate/15b3/Pan-UKB/gt_ef9194fedfad3efd.parquet,EXTRACTED,intermediate/15b3/Pan-UKB/gt_ef9194fedfad3efd.parquet,True
cmp_e332121c7099d932,gt_f4a47c2532951932,PDE4C,Pan-UKB,Pan-UKB::biomarkers|30870|both_sexes||irnt,Triglycerides,AFR,PRIMARY,False,True,gt_f4a47c2532951932,gt_f4a47c2532951932,EXTRACTED,intermediate/15b3/Pan-UKB/gt_f4a47c2532951932.parquet,EXTRACTED,intermediate/15b3/Pan-UKB/gt_f4a47c2532951932.parquet,True
cmp_d3557144640dfefd,gt_f4a47c2532951932,PDE4C,Pan-UKB,Pan-UKB::biomarkers|30870|both_sexes||irnt,Triglycerides,CSA,PRIMARY,False,True,gt_f4a47c2532951932,gt_f4a47c2532951932,EXTRACTED,intermediate/15b3/Pan-UKB/gt_f4a47c2532951932.parquet,EXTRACTED,intermediate/15b3/Pan-UKB/gt_f4a47c2532951932.parquet,True
cmp_dcdb5a56195717e1,gt_f4a47c2532951932,PDE4C,Pan-UKB,Pan-UKB::biomarkers|30870|both_sexes||irnt,Triglycerides,MID,PRIMARY,False,True,gt_f4a47c2532951932,gt_f4a47c2532951932,EXTRACTED,intermediate/15b3/Pan-UKB/gt_f4a47c2532951932.parquet,EXTRACTED,intermediate/15b3/Pan-UKB/gt_f4a47c2532951932.parquet,True
cmp_953452341267199d,gt_2ac1949db32bd35d,PPARA,Pan-UKB,Pan-UKB::biomarkers|30870|both_sexes||irnt,Triglycerides,AFR,PRIMARY,False,True,gt_2ac1949db32bd35d,gt_2ac1949db32bd35d,EXTRACTED,intermediate/15b3/Pan-UKB/gt_2ac1949db32bd35d.parquet,EXTRACTED,intermediate/15b3/Pan-UKB/gt_2ac1949db32bd35d.parquet,True
cmp_93ce22fec7c85bd8,gt_2ac1949db32bd35d,PPARA,Pan-UKB,Pan-UKB::biomarkers|30870|both_sexes||irnt,Triglycerides,CSA,PRIMARY,False,True,gt_2ac1949db32bd35d,gt_2ac1949db32bd35d,EXTRACTED,intermediate/15b3/Pan-UKB/gt_2ac1949db32bd35d.parquet,EXTRACTED,intermediate/15b3/Pan-UKB/gt_2ac1949db32bd35d.parquet,True
cmp_865bbb5c349bf4f3,gt_2ac1949db32bd35d,PPARA,Pan-UKB,Pan-UKB::biomarkers|30870|both_sexes||irnt,Triglycerides,MID,PRIMARY,False,True,gt_2ac1949db32bd35d,gt_2ac1949db32bd35d,EXTRACTED,intermediate/15b3/Pan-UKB/gt_2ac1949db32bd35d.parquet,EXTRACTED,intermediate/15b3/Pan-UKB/gt_2ac1949db32bd35d.parquet,True
cmp_112d8ff54d63db77,gt_44be73ebd0d0a1ce,PPARG,Pan-UKB,Pan-UKB::biomarkers|30870|both_sexes||irnt,Triglycerides,AFR,PRIMARY,False,True,gt_44be73ebd0d0a1ce,gt_44be73ebd0d0a1ce,EXTRACTED,intermediate/15b3/Pan-UKB/gt_44be73ebd0d0a1ce.parquet,EXTRACTED,intermediate/15b3/Pan-UKB/gt_44be73ebd0d0a1ce.parquet,True
cmp_d046571b4d69c0ca,gt_44be73ebd0d0a1ce,PPARG,Pan-UKB,Pan-UKB::biomarkers|30870|both_sexes||irnt,Triglycerides,CSA,PRIMARY,False,True,gt_44be73ebd0d0a1ce,gt_44be73ebd0d0a1ce,EXTRACTED,intermediate/15b3/Pan-UKB/gt_44be73ebd0d0a1ce.parquet,EXTRACTED,intermediate/15b3/Pan-UKB/gt_44be73ebd0d0a1ce.parquet,True
cmp_f27a27d52a7eddbe,gt_44be73ebd0d0a1ce,PPARG,Pan-UKB,Pan-UKB::biomarkers|30870|both_sexes||irnt,Triglycerides,MID,PRIMARY,False,True,gt_44be73ebd0d0a1ce,gt_44be73ebd0d0a1ce,EXTRACTED,intermediate/15b3/Pan-UKB/gt_44be73ebd0d0a1ce.parquet,EXTRACTED,intermediate/15b3/Pan-UKB/gt_44be73ebd0d0a1ce.parquet,True
cmp_8a50a9834b33764d,gt_e879daaa8470efb6,CSF3R,Pan-UKB,Pan-UKB::continuous|30000|both_sexes||irnt,White blood cell (leukocyte) count,CSA,PRIMARY,False,True,gt_e879daaa8470efb6,gt_e879daaa8470efb6,EXTRACTED,intermediate/15b3/Pan-UKB/gt_e879daaa8470efb6.parquet,EXTRACTED,intermediate/15b3/Pan-UKB/gt_e879daaa8470efb6.parquet,True
cmp_0d41e309add8b545,gt_35a39ec308ee87fc,IL12B,Pan-UKB,Pan-UKB::biomarkers|30620|both_sexes||irnt,Alanine aminotransferase,AFR,SENSITIVITY,False,False,gt_35a39ec308ee87fc,gt_35a39ec308ee87fc,EXTRACTED,intermediate/15b3/Pan-UKB/gt_35a39ec308ee87fc.parquet,EXTRACTED,intermediate/15b3/Pan-UKB/gt_35a39ec308ee87fc.parquet,True
cmp_876175a652730ff9,gt_35a39ec308ee87fc,IL12B,Pan-UKB,Pan-UKB::biomarkers|30620|both_sexes||irnt,Alanine aminotransferase,CSA,SENSITIVITY,False,False,gt_35a39ec308ee87fc,gt_35a39ec308ee87fc,EXTRACTED,intermediate/15b3/Pan-UKB/gt_35a39ec308ee87fc.parquet,EXTRACTED,intermediate/15b3/Pan-UKB/gt_35a39ec308ee87fc.parquet,True
cmp_79fce02d1594d422,gt_1532a9ca07d456ce,TNFRSF1A,Pan-UKB,Pan-UKB::biomarkers|30620|both_sexes||irnt,Alanine aminotransferase,AFR,SENSITIVITY,False,False,gt_1532a9ca07d456ce,gt_1532a9ca07d456ce,EXTRACTED,intermediate/15b3/Pan-UKB/gt_1532a9ca07d456ce.parquet,EXTRACTED,intermediate/15b3/Pan-UKB/gt_1532a9ca07d456ce.parquet,True
cmp_e3aad931b32c1886,gt_1532a9ca07d456ce,TNFRSF1A,Pan-UKB,Pan-UKB::biomarkers|30620|both_sexes||irnt,Alanine aminotransferase,CSA,SENSITIVITY,False,False,gt_1532a9ca07d456ce,gt_1532a9ca07d456ce,EXTRACTED,intermediate/15b3/Pan-UKB/gt_1532a9ca07d456ce.parquet,EXTRACTED,intermediate/15b3/Pan-UKB/gt_1532a9ca07d456ce.parquet,True
cmp_df67814fae256ab5,gt_d5f1eb0727f1fc8c,IL12B,Pan-UKB,Pan-UKB::biomarkers|30600|both_sexes||irnt,Albumin,AFR,SENSITIVITY,False,False,gt_d5f1eb0727f1fc8c,gt_d5f1eb0727f1fc8c,EXTRACTED,intermediate/15b3/Pan-UKB/gt_d5f1eb0727f1fc8c.parquet,EXTRACTED,intermediate/15b3/Pan-UKB/gt_d5f1eb0727f1fc8c.parquet,True
cmp_0e149b6409844bc6,gt_d5f1eb0727f1fc8c,IL12B,Pan-UKB,Pan-UKB::biomarkers|30600|both_sexes||irnt,Albumin,CSA,SENSITIVITY,False,False,gt_d5f1eb0727f1fc8c,gt_d5f1eb0727f1fc8c,EXTRACTED,intermediate/15b3/Pan-UKB/gt_d5f1eb0727f1fc8c.parquet,EXTRACTED,intermediate/15b3/Pan-UKB/gt_d5f1eb0727f1fc8c.parquet,True
cmp_d41de7fec7dfca3d,gt_9a0a8eb6c834f627,TNFRSF1A,Pan-UKB,Pan-UKB::biomarkers|30610|both_sexes||irnt,Alkaline phosphatase,CSA,SENSITIVITY,False,False,gt_9a0a8eb6c834f627,gt_9a0a8eb6c834f627,EXTRACTED,intermediate/15b3/Pan-UKB/gt_9a0a8eb6c834f627.parquet,EXTRACTED,intermediate/15b3/Pan-UKB/gt_9a0a8eb6c834f627.parquet,True
cmp_a80e2c9e5e2e04ce,gt_9a0a8eb6c834f627,TNFRSF1A,Pan-UKB,Pan-UKB::biomarkers|30610|both_sexes||irnt,Alkaline phosphatase,MID,SENSITIVITY,False,False,gt_9a0a8eb6c834f627,gt_9a0a8eb6c834f627,EXTRACTED,intermediate/15b3/Pan-UKB/gt_9a0a8eb6c834f627.parquet,EXTRACTED,intermediate/15b3/Pan-UKB/gt_9a0a8eb6c834f627.parquet,True
cmp_1f26d8cbd14e5f9a,gt_880c09aa6e82a823,ABCA1,Pan-UKB,Pan-UKB::biomarkers|30640|both_sexes||irnt,Apolipoprotein B,CSA,SENSITIVITY,False,False,gt_880c09aa6e82a823,gt_880c09aa6e82a823,EXTRACTED,intermediate/15b3/Pan-UKB/gt_880c09aa6e82a823.parquet,EXTRACTED,intermediate/15b3/Pan-UKB/gt_880c09aa6e82a823.parquet,True
cmp_d54a40e6cf16218c,gt_aeeeee5ba6d1cdd4,ADRB1,Pan-UKB,Pan-UKB::biomarkers|30640|both_sexes||irnt,Apolipoprotein B,CSA,SENSITIVITY,False,False,gt_aeeeee5ba6d1cdd4,gt_aeeeee5ba6d1cdd4,EXTRACTED,intermediate/15b3/Pan-UKB/gt_aeeeee5ba6d1cdd4.parquet,EXTRACTED,intermediate/15b3/Pan-UKB/gt_aeeeee5ba6d1cdd4.parquet,True
cmp_5e91511345dcb580,gt_3aaa98b315ec15ca,ADRB2,Pan-UKB,Pan-UKB::biomarkers|30640|both_sexes||irnt,Apolipoprotein B,CSA,SENSITIVITY,False,False,gt_3aaa98b315ec15ca,gt_3aaa98b315ec15ca,EXTRACTED,intermediate/15b3/Pan-UKB/gt_3aaa98b315ec15ca.parquet,EXTRACTED,intermediate/15b3/Pan-UKB/gt_3aaa98b315ec15ca.parquet,True
cmp_7ab7ecbd6dedb632,gt_d9cb93951608efa4,ANGPTL3,Pan-UKB,Pan-UKB::biomarkers|30640|both_sexes||irnt,Apolipoprotein B,CSA,SENSITIVITY,True,False,gt_d9cb93951608efa4,gt_d9cb93951608efa4,EXTRACTED,intermediate/15b3/Pan-UKB/gt_d9cb93951608efa4.parquet,EXTRACTED,intermediate/15b3/Pan-UKB/gt_d9cb93951608efa4.parquet,True
cmp_e423440085884f5d,gt_2a3973930dfa8079,ANGPTL8,Pan-UKB,Pan-UKB::biomarkers|30640|both_sexes||irnt,Apolipoprotein B,CSA,SENSITIVITY,False,False,gt_2a3973930dfa8079,gt_2a3973930dfa8079,EXTRACTED,intermediate/15b3/Pan-UKB/gt_2a3973930dfa8079.parquet,EXTRACTED,intermediate/15b3/Pan-UKB/gt_2a3973930dfa8079.parquet,True
cmp_d980e0c61201f1e2,gt_e472a4b9838e4efd,APOA1,Pan-UKB,Pan-UKB::biomarkers|30640|both_sexes||irnt,Apolipoprotein B,CSA,SENSITIVITY,False,False,gt_e472a4b9838e4efd,gt_e472a4b9838e4efd,EXTRACTED,intermediate/15b3/Pan-UKB/gt_e472a4b9838e4efd.parquet,EXTRACTED,intermediate/15b3/Pan-UKB/gt_e472a4b9838e4efd.parquet,True
cmp_8ea6bd70ef7deb11,gt_638010dd904ff52a,APOB,Pan-UKB,Pan-UKB::biomarkers|30640|both_sexes||irnt,Apolipoprotein B,CSA,SENSITIVITY,True,False,gt_638010dd904ff52a,gt_638010dd904ff52a,EXTRACTED,intermediate/15b3/Pan-UKB/gt_638010dd904ff52a.parquet,EXTRACTED,intermediate/15b3/Pan-UKB/gt_638010dd904ff52a.parquet,True
cmp_049db12e6e9d0ad5,gt_8710f4213a54e500,APOC3,Pan-UKB,Pan-UKB::biomarkers|30640|both_sexes||irnt,Apolipoprotein B,CSA,SENSITIVITY,False,False,gt_8710f4213a54e500,gt_8710f4213a54e500,EXTRACTED,intermediate/15b3/Pan-UKB/gt_8710f4213a54e500.parquet,EXTRACTED,intermediate/15b3/Pan-UKB/gt_8710f4213a54e500.parquet,True
cmp_934a6d93c5b0ee20,gt_7e022850efc1272a,APOE,Pan-UKB,Pan-UKB::biomarkers|30640|both_sexes||irnt,Apolipoprotein B,CSA,SENSITIVITY,False,False,gt_7e022850efc1272a,gt_7e022850efc1272a,EXTRACTED,intermediate/15b3/Pan-UKB/gt_7e022850efc1272a.parquet,EXTRACTED,intermediate/15b3/Pan-UKB/gt_7e022850efc1272a.parquet,True
cmp_fdecc0121c6842d9,gt_911740b41c241344,CETP,Pan-UKB,Pan-UKB::biomarkers|30640|both_sexes||irnt,Apolipoprotein B,CSA,SENSITIVITY,False,False,gt_911740b41c241344,gt_911740b41c241344,EXTRACTED,intermediate/15b3/Pan-UKB/gt_911740b41c241344.parquet,EXTRACTED,intermediate/15b3/Pan-UKB/gt_911740b41c241344.parquet,True
cmp_abdef92a78b809ed,gt_63507162bcaa3920,DGAT2,Pan-UKB,Pan-UKB::biomarkers|30640|both_sexes||irnt,Apolipoprotein B,CSA,SENSITIVITY,False,False,gt_63507162bcaa3920,gt_63507162bcaa3920,EXTRACTED,intermediate/15b3/Pan-UKB/gt_63507162bcaa3920.parquet,EXTRACTED,intermediate/15b3/Pan-UKB/gt_63507162bcaa3920.parquet,True
cmp_9d101cf21b1d54b0,gt_40a892854f5916e0,FDFT1,Pan-UKB,Pan-UKB::biomarkers|30640|both_sexes||irnt,Apolipoprotein B,CSA,SENSITIVITY,False,False,gt_40a892854f5916e0,gt_40a892854f5916e0,EXTRACTED,intermediate/15b3/Pan-UKB/gt_40a892854f5916e0.parquet,EXTRACTED,intermediate/15b3/Pan-UKB/gt_40a892854f5916e0.parquet,True
cmp_cb1db4274fd68dda,gt_db347719699507ec,HCAR2,Pan-UKB,Pan-UKB::biomarkers|30640|both_sexes||irnt,Apolipoprotein B,CSA,SENSITIVITY,False,False,gt_db347719699507ec,gt_db347719699507ec,EXTRACTED,intermediate/15b3/Pan-UKB/gt_db347719699507ec.parquet,EXTRACTED,intermediate/15b3/Pan-UKB/gt_db347719699507ec.parquet,True
cmp_c119e7f321b7da42,gt_789afc52cefd4f2d,HCAR3,Pan-UKB,Pan-UKB::biomarkers|30640|both_sexes||irnt,Apolipoprotein B,CSA,SENSITIVITY,False,False,gt_789afc52cefd4f2d,gt_789afc52cefd4f2d,EXTRACTED,intermediate/15b3/Pan-UKB/gt_789afc52cefd4f2d.parquet,EXTRACTED,intermediate/15b3/Pan-UKB/gt_789afc52cefd4f2d.parquet,True
cmp_ad432fa8da06a521,gt_a2fbc60777f1e768,HMGCR,Pan-UKB,Pan-UKB::biomarkers|30640|both_sexes||irnt,Apolipoprotein B,CSA,SENSITIVITY,False,False,gt_a2fbc60777f1e768,gt_a2fbc60777f1e768,EXTRACTED,intermediate/15b3/Pan-UKB/gt_a2fbc60777f1e768.parquet,EXTRACTED,intermediate/15b3/Pan-UKB/gt_a2fbc60777f1e768.parquet,True
cmp_f0f29abb59b9d257,gt_fd898132e38f7788,LPA,Pan-UKB,Pan-UKB::biomarkers|30640|both_sexes||irnt,Apolipoprotein B,CSA,SENSITIVITY,False,False,gt_fd898132e38f7788,gt_fd898132e38f7788,EXTRACTED,intermediate/15b3/Pan-UKB/gt_fd898132e38f7788.parquet,EXTRACTED,intermediate/15b3/Pan-UKB/gt_fd898132e38f7788.parquet,True
cmp_0398a8ba3b5e8f67,gt_6b7b6bd038da9052,MTTP,Pan-UKB,Pan-UKB::biomarkers|30640|both_sexes||irnt,Apolipoprotein B,CSA,SENSITIVITY,False,False,gt_6b7b6bd038da9052,gt_6b7b6bd038da9052,EXTRACTED,intermediate/15b3/Pan-UKB/gt_6b7b6bd038da9052.parquet,EXTRACTED,intermediate/15b3/Pan-UKB/gt_6b7b6bd038da9052.parquet,True
cmp_85eb1208bd6067d0,gt_c6647379089cd913,NPC1L1,Pan-UKB,Pan-UKB::biomarkers|30640|both_sexes||irnt,Apolipoprotein B,CSA,SENSITIVITY,True,False,gt_c6647379089cd913,gt_c6647379089cd913,EXTRACTED,intermediate/15b3/Pan-UKB/gt_c6647379089cd913.parquet,EXTRACTED,intermediate/15b3/Pan-UKB/gt_c6647379089cd913.parquet,True
cmp_52c726367c7f795d,gt_1b1f490edcf0cd67,NR1H3,Pan-UKB,Pan-UKB::biomarkers|30640|both_sexes||irnt,Apolipoprotein B,CSA,SENSITIVITY,False,False,gt_1b1f490edcf0cd67,gt_1b1f490edcf0cd67,EXTRACTED,intermediate/15b3/Pan-UKB/gt_1b1f490edcf0cd67.parquet,EXTRACTED,intermediate/15b3/Pan-UKB/gt_1b1f490edcf0cd67.parquet,True
cmp_f535db3143d8cc5c,gt_5e044fcde2890531,NR1H4,Pan-UKB,Pan-UKB::biomarkers|30640|both_sexes||irnt,Apolipoprotein B,CSA,SENSITIVITY,False,False,gt_5e044fcde2890531,gt_5e044fcde2890531,EXTRACTED,intermediate/15b3/Pan-UKB/gt_5e044fcde2890531.parquet,EXTRACTED,intermediate/15b3/Pan-UKB/gt_5e044fcde2890531.parquet,True
cmp_30515c33d724a244,gt_5546449a60969756,PCSK9,Pan-UKB,Pan-UKB::biomarkers|30640|both_sexes||irnt,Apolipoprotein B,CSA,SENSITIVITY,False,False,gt_5546449a60969756,gt_5546449a60969756,EXTRACTED,intermediate/15b3/Pan-UKB/gt_5546449a60969756.parquet,EXTRACTED,intermediate/15b3/Pan-UKB/gt_5546449a60969756.parquet,True
cmp_0457e31e96e0c45d,gt_a720a56d887401e7,PPARA,Pan-UKB,Pan-UKB::biomarkers|30640|both_sexes||irnt,Apolipoprotein B,CSA,SENSITIVITY,True,False,gt_a720a56d887401e7,gt_a720a56d887401e7,EXTRACTED,intermediate/15b3/Pan-UKB/gt_a720a56d887401e7.parquet,EXTRACTED,intermediate/15b3/Pan-UKB/gt_a720a56d887401e7.parquet,True
cmp_1d83b5a66060b474,gt_a771e8ce8bd5d5d6,PPARG,Pan-UKB,Pan-UKB::biomarkers|30640|both_sexes||irnt,Apolipoprotein B,CSA,SENSITIVITY,False,False,gt_a771e8ce8bd5d5d6,gt_a771e8ce8bd5d5d6,EXTRACTED,intermediate/15b3/Pan-UKB/gt_a771e8ce8bd5d5d6.parquet,EXTRACTED,intermediate/15b3/Pan-UKB/gt_a771e8ce8bd5d5d6.parquet,True
cmp_4965252417aa1caf,gt_0e169e1a379505e6,SLC10A2,Pan-UKB,Pan-UKB::biomarkers|30640|both_sexes||irnt,Apolipoprotein B,CSA,SENSITIVITY,False,False,gt_0e169e1a379505e6,gt_0e169e1a379505e6,EXTRACTED,intermediate/15b3/Pan-UKB/gt_0e169e1a379505e6.parquet,EXTRACTED,intermediate/15b3/Pan-UKB/gt_0e169e1a379505e6.parquet,True
cmp_af4816c514d95ac6,gt_9332f01cb4a157fe,THRB,Pan-UKB,Pan-UKB::biomarkers|30640|both_sexes||irnt,Apolipoprotein B,CSA,SENSITIVITY,False,False,gt_9332f01cb4a157fe,gt_9332f01cb4a157fe,EXTRACTED,intermediate/15b3/Pan-UKB/gt_9332f01cb4a157fe.parquet,EXTRACTED,intermediate/15b3/Pan-UKB/gt_9332f01cb4a157fe.parquet,True
cmp_5a33809c9a767c6c,gt_48233b9c2eb59a1f,ABCA1,Pan-UKB,Pan-UKB::biomarkers|30690|both_sexes||irnt,Cholesterol,CSA,SENSITIVITY,False,False,gt_48233b9c2eb59a1f,gt_48233b9c2eb59a1f,EXTRACTED,intermediate/15b3/Pan-UKB/gt_48233b9c2eb59a1f.parquet,EXTRACTED,intermediate/15b3/Pan-UKB/gt_48233b9c2eb59a1f.parquet,True
cmp_5e6b99ccae7e86fb,gt_c98636246f1eeeb1,ADRB1,Pan-UKB,Pan-UKB::biomarkers|30690|both_sexes||irnt,Cholesterol,CSA,SENSITIVITY,False,False,gt_c98636246f1eeeb1,gt_c98636246f1eeeb1,EXTRACTED,intermediate/15b3/Pan-UKB/gt_c98636246f1eeeb1.parquet,EXTRACTED,intermediate/15b3/Pan-UKB/gt_c98636246f1eeeb1.parquet,True
cmp_036fbd7fe45441c6,gt_dfad32820104eef9,ADRB2,Pan-UKB,Pan-UKB::biomarkers|30690|both_sexes||irnt,Cholesterol,CSA,SENSITIVITY,False,False,gt_dfad32820104eef9,gt_dfad32820104eef9,EXTRACTED,intermediate/15b3/Pan-UKB/gt_dfad32820104eef9.parquet,EXTRACTED,intermediate/15b3/Pan-UKB/gt_dfad32820104eef9.parquet,True
cmp_7bfbcd456087ab80,gt_901e56afccee7ba0,ANGPTL3,Pan-UKB,Pan-UKB::biomarkers|30690|both_sexes||irnt,Cholesterol,CSA,SENSITIVITY,True,False,gt_901e56afccee7ba0,gt_901e56afccee7ba0,EXTRACTED,intermediate/15b3/Pan-UKB/gt_901e56afccee7ba0.parquet,EXTRACTED,intermediate/15b3/Pan-UKB/gt_901e56afccee7ba0.parquet,True
cmp_29d8e89ffd8b7085,gt_75c73f4df9d630bb,ANGPTL8,Pan-UKB,Pan-UKB::biomarkers|30690|both_sexes||irnt,Cholesterol,CSA,SENSITIVITY,False,False,gt_75c73f4df9d630bb,gt_75c73f4df9d630bb,EXTRACTED,intermediate/15b3/Pan-UKB/gt_75c73f4df9d630bb.parquet,EXTRACTED,intermediate/15b3/Pan-UKB/gt_75c73f4df9d630bb.parquet,True
cmp_82c60bdd64d4b4fc,gt_842d84e72602329f,APOA1,Pan-UKB,Pan-UKB::biomarkers|30690|both_sexes||irnt,Cholesterol,CSA,SENSITIVITY,False,False,gt_842d84e72602329f,gt_842d84e72602329f,EXTRACTED,intermediate/15b3/Pan-UKB/gt_842d84e72602329f.parquet,EXTRACTED,intermediate/15b3/Pan-UKB/gt_842d84e72602329f.parquet,True
cmp_47d5a0b77ac145cc,gt_f155046fff0f537f,APOB,Pan-UKB,Pan-UKB::biomarkers|30690|both_sexes||irnt,Cholesterol,CSA,SENSITIVITY,True,False,gt_f155046fff0f537f,gt_f155046fff0f537f,EXTRACTED,intermediate/15b3/Pan-UKB/gt_f155046fff0f537f.parquet,EXTRACTED,intermediate/15b3/Pan-UKB/gt_f155046fff0f537f.parquet,True
cmp_5e3108abc6e60f9c,gt_77d8eec661a05c8a,APOC3,Pan-UKB,Pan-UKB::biomarkers|30690|both_sexes||irnt,Cholesterol,CSA,SENSITIVITY,False,False,gt_77d8eec661a05c8a,gt_77d8eec661a05c8a,EXTRACTED,intermediate/15b3/Pan-UKB/gt_77d8eec661a05c8a.parquet,EXTRACTED,intermediate/15b3/Pan-UKB/gt_77d8eec661a05c8a.parquet,True
cmp_e6f54408debb560f,gt_2e2fabfb37d2fd13,APOE,Pan-UKB,Pan-UKB::biomarkers|30690|both_sexes||irnt,Cholesterol,CSA,SENSITIVITY,False,False,gt_2e2fabfb37d2fd13,gt_2e2fabfb37d2fd13,EXTRACTED,intermediate/15b3/Pan-UKB/gt_2e2fabfb37d2fd13.parquet,EXTRACTED,intermediate/15b3/Pan-UKB/gt_2e2fabfb37d2fd13.parquet,True
cmp_0fefc0ae3fa271e3,gt_11d0e900063cba82,CETP,Pan-UKB,Pan-UKB::biomarkers|30690|both_sexes||irnt,Cholesterol,CSA,SENSITIVITY,False,False,gt_11d0e900063cba82,gt_11d0e900063cba82,EXTRACTED,intermediate/15b3/Pan-UKB/gt_11d0e900063cba82.parquet,EXTRACTED,intermediate/15b3/Pan-UKB/gt_11d0e900063cba82.parquet,True
cmp_1bd114dbbdb318d7,gt_1b3cc0c3770349a3,DGAT2,Pan-UKB,Pan-UKB::biomarkers|30690|both_sexes||irnt,Cholesterol,CSA,SENSITIVITY,False,False,gt_1b3cc0c3770349a3,gt_1b3cc0c3770349a3,EXTRACTED,intermediate/15b3/Pan-UKB/gt_1b3cc0c3770349a3.parquet,EXTRACTED,intermediate/15b3/Pan-UKB/gt_1b3cc0c3770349a3.parquet,True
cmp_e7fae064fb86652f,gt_f8d0b486ca5700c2,FDFT1,Pan-UKB,Pan-UKB::biomarkers|30690|both_sexes||irnt,Cholesterol,CSA,SENSITIVITY,False,False,gt_f8d0b486ca5700c2,gt_f8d0b486ca5700c2,EXTRACTED,intermediate/15b3/Pan-UKB/gt_f8d0b486ca5700c2.parquet,EXTRACTED,intermediate/15b3/Pan-UKB/gt_f8d0b486ca5700c2.parquet,True
cmp_c27fee1497bd8fa7,gt_e34f0267f225cb41,HCAR2,Pan-UKB,Pan-UKB::biomarkers|30690|both_sexes||irnt,Cholesterol,CSA,SENSITIVITY,False,False,gt_e34f0267f225cb41,gt_e34f0267f225cb41,EXTRACTED,intermediate/15b3/Pan-UKB/gt_e34f0267f225cb41.parquet,EXTRACTED,intermediate/15b3/Pan-UKB/gt_e34f0267f225cb41.parquet,True
cmp_d29a69ceb3134f68,gt_2b73bfee6ac3018f,HCAR3,Pan-UKB,Pan-UKB::biomarkers|30690|both_sexes||irnt,Cholesterol,CSA,SENSITIVITY,False,False,gt_2b73bfee6ac3018f,gt_2b73bfee6ac3018f,EXTRACTED,intermediate/15b3/Pan-UKB/gt_2b73bfee6ac3018f.parquet,EXTRACTED,intermediate/15b3/Pan-UKB/gt_2b73bfee6ac3018f.parquet,True
cmp_b3ed68c1af2b9b5b,gt_0769e67324e03350,HMGCR,Pan-UKB,Pan-UKB::biomarkers|30690|both_sexes||irnt,Cholesterol,CSA,SENSITIVITY,False,False,gt_0769e67324e03350,gt_0769e67324e03350,EXTRACTED,intermediate/15b3/Pan-UKB/gt_0769e67324e03350.parquet,EXTRACTED,intermediate/15b3/Pan-UKB/gt_0769e67324e03350.parquet,True
cmp_d88327b460146ca6,gt_5b0a1801dd50c6d3,LPA,Pan-UKB,Pan-UKB::biomarkers|30690|both_sexes||irnt,Cholesterol,CSA,SENSITIVITY,False,False,gt_5b0a1801dd50c6d3,gt_5b0a1801dd50c6d3,EXTRACTED,intermediate/15b3/Pan-UKB/gt_5b0a1801dd50c6d3.parquet,EXTRACTED,intermediate/15b3/Pan-UKB/gt_5b0a1801dd50c6d3.parquet,True
cmp_cedc31c42320e814,gt_dbc4dcc72156089f,MTTP,Pan-UKB,Pan-UKB::biomarkers|30690|both_sexes||irnt,Cholesterol,CSA,SENSITIVITY,False,False,gt_dbc4dcc72156089f,gt_dbc4dcc72156089f,EXTRACTED,intermediate/15b3/Pan-UKB/gt_dbc4dcc72156089f.parquet,EXTRACTED,intermediate/15b3/Pan-UKB/gt_dbc4dcc72156089f.parquet,True
cmp_cfe34b655a575375,gt_c4fd94d57b8f4d7f,NPC1L1,Pan-UKB,Pan-UKB::biomarkers|30690|both_sexes||irnt,Cholesterol,CSA,SENSITIVITY,True,False,gt_c4fd94d57b8f4d7f,gt_c4fd94d57b8f4d7f,EXTRACTED,intermediate/15b3/Pan-UKB/gt_c4fd94d57b8f4d7f.parquet,EXTRACTED,intermediate/15b3/Pan-UKB/gt_c4fd94d57b8f4d7f.parquet,True
cmp_734f61fa7e50aa61,gt_7f25d94ab554eb4a,NR1H3,Pan-UKB,Pan-UKB::biomarkers|30690|both_sexes||irnt,Cholesterol,CSA,SENSITIVITY,False,False,gt_7f25d94ab554eb4a,gt_7f25d94ab554eb4a,EXTRACTED,intermediate/15b3/Pan-UKB/gt_7f25d94ab554eb4a.parquet,EXTRACTED,intermediate/15b3/Pan-UKB/gt_7f25d94ab554eb4a.parquet,True
cmp_bc0dcd8fd0f6e6f6,gt_3250bccb7378380b,NR1H4,Pan-UKB,Pan-UKB::biomarkers|30690|both_sexes||irnt,Cholesterol,CSA,SENSITIVITY,False,False,gt_3250bccb7378380b,gt_3250bccb7378380b,EXTRACTED,intermediate/15b3/Pan-UKB/gt_3250bccb7378380b.parquet,EXTRACTED,intermediate/15b3/Pan-UKB/gt_3250bccb7378380b.parquet,True
cmp_1603e36b0b5dd9b3,gt_d080bdfc867f9b96,PCSK9,Pan-UKB,Pan-UKB::biomarkers|30690|both_sexes||irnt,Cholesterol,CSA,SENSITIVITY,False,False,gt_d080bdfc867f9b96,gt_d080bdfc867f9b96,EXTRACTED,intermediate/15b3/Pan-UKB/gt_d080bdfc867f9b96.parquet,EXTRACTED,intermediate/15b3/Pan-UKB/gt_d080bdfc867f9b96.parquet,True
cmp_a6e902034532d651,gt_7bd5897de9b20223,PPARA,Pan-UKB,Pan-UKB::biomarkers|30690|both_sexes||irnt,Cholesterol,CSA,SENSITIVITY,True,False,gt_7bd5897de9b20223,gt_7bd5897de9b20223,EXTRACTED,intermediate/15b3/Pan-UKB/gt_7bd5897de9b20223.parquet,EXTRACTED,intermediate/15b3/Pan-UKB/gt_7bd5897de9b20223.parquet,True
cmp_b24e41a0325bb599,gt_42aa1475c810dd57,PPARG,Pan-UKB,Pan-UKB::biomarkers|30690|both_sexes||irnt,Cholesterol,CSA,SENSITIVITY,False,False,gt_42aa1475c810dd57,gt_42aa1475c810dd57,EXTRACTED,intermediate/15b3/Pan-UKB/gt_42aa1475c810dd57.parquet,EXTRACTED,intermediate/15b3/Pan-UKB/gt_42aa1475c810dd57.parquet,True
cmp_737230e0cb0c86d1,gt_75c041c5d0b7a2d3,SLC10A2,Pan-UKB,Pan-UKB::biomarkers|30690|both_sexes||irnt,Cholesterol,CSA,SENSITIVITY,False,False,gt_75c041c5d0b7a2d3,gt_75c041c5d0b7a2d3,EXTRACTED,intermediate/15b3/Pan-UKB/gt_75c041c5d0b7a2d3.parquet,EXTRACTED,intermediate/15b3/Pan-UKB/gt_75c041c5d0b7a2d3.parquet,True
cmp_8a80b5d379f7c6e9,gt_dd7b39061603b8b0,THRB,Pan-UKB,Pan-UKB::biomarkers|30690|both_sexes||irnt,Cholesterol,CSA,SENSITIVITY,False,False,gt_dd7b39061603b8b0,gt_dd7b39061603b8b0,EXTRACTED,intermediate/15b3/Pan-UKB/gt_dd7b39061603b8b0.parquet,EXTRACTED,intermediate/15b3/Pan-UKB/gt_dd7b39061603b8b0.parquet,True
cmp_d75ef1d27be893af,gt_3e7953949fc0c721,ALDH2,Pan-UKB,Pan-UKB::biomarkers|30700|both_sexes||irnt,Creatinine,CSA,SENSITIVITY,False,False,gt_3e7953949fc0c721,gt_3e7953949fc0c721,EXTRACTED,intermediate/15b3/Pan-UKB/gt_3e7953949fc0c721.parquet,EXTRACTED,intermediate/15b3/Pan-UKB/gt_3e7953949fc0c721.parquet,True
cmp_17174b7419a9e12f,gt_3e7953949fc0c721,ALDH2,Pan-UKB,Pan-UKB::biomarkers|30700|both_sexes||irnt,Creatinine,MID,SENSITIVITY,False,False,gt_3e7953949fc0c721,gt_3e7953949fc0c721,EXTRACTED,intermediate/15b3/Pan-UKB/gt_3e7953949fc0c721.parquet,EXTRACTED,intermediate/15b3/Pan-UKB/gt_3e7953949fc0c721.parquet,True
cmp_9681093975aebdb6,gt_325033a32bbc2883,APOL1,Pan-UKB,Pan-UKB::biomarkers|30700|both_sexes||irnt,Creatinine,CSA,SENSITIVITY,False,False,gt_325033a32bbc2883,gt_325033a32bbc2883,EXTRACTED,intermediate/15b3/Pan-UKB/gt_325033a32bbc2883.parquet,EXTRACTED,intermediate/15b3/Pan-UKB/gt_325033a32bbc2883.parquet,True
cmp_d55682864293d6bd,gt_325033a32bbc2883,APOL1,Pan-UKB,Pan-UKB::biomarkers|30700|both_sexes||irnt,Creatinine,MID,SENSITIVITY,False,False,gt_325033a32bbc2883,gt_325033a32bbc2883,EXTRACTED,intermediate/15b3/Pan-UKB/gt_325033a32bbc2883.parquet,EXTRACTED,intermediate/15b3/Pan-UKB/gt_325033a32bbc2883.parquet,True
cmp_78d0f36d0c5fdcd0,gt_b49594ef46ff78ee,AXL,Pan-UKB,Pan-UKB::biomarkers|30700|both_sexes||irnt,Creatinine,CSA,SENSITIVITY,False,False,gt_b49594ef46ff78ee,gt_b49594ef46ff78ee,EXTRACTED,intermediate/15b3/Pan-UKB/gt_b49594ef46ff78ee.parquet,EXTRACTED,intermediate/15b3/Pan-UKB/gt_b49594ef46ff78ee.parquet,True
cmp_19ffdcd4b0e8b498,gt_b49594ef46ff78ee,AXL,Pan-UKB,Pan-UKB::biomarkers|30700|both_sexes||irnt,Creatinine,MID,SENSITIVITY,False,False,gt_b49594ef46ff78ee,gt_b49594ef46ff78ee,EXTRACTED,intermediate/15b3/Pan-UKB/gt_b49594ef46ff78ee.parquet,EXTRACTED,intermediate/15b3/Pan-UKB/gt_b49594ef46ff78ee.parquet,True
cmp_3313bfbd6571fdc2,gt_22feb333ba387f56,GLP1R,Pan-UKB,Pan-UKB::biomarkers|30700|both_sexes||irnt,Creatinine,CSA,SENSITIVITY,False,False,gt_22feb333ba387f56,gt_22feb333ba387f56,EXTRACTED,intermediate/15b3/Pan-UKB/gt_22feb333ba387f56.parquet,EXTRACTED,intermediate/15b3/Pan-UKB/gt_22feb333ba387f56.parquet,True
cmp_2c63300a216284bb,gt_22feb333ba387f56,GLP1R,Pan-UKB,Pan-UKB::biomarkers|30700|both_sexes||irnt,Creatinine,MID,SENSITIVITY,False,False,gt_22feb333ba387f56,gt_22feb333ba387f56,EXTRACTED,intermediate/15b3/Pan-UKB/gt_22feb333ba387f56.parquet,EXTRACTED,intermediate/15b3/Pan-UKB/gt_22feb333ba387f56.parquet,True
cmp_5330bd6723b7845f,gt_9da327b0c3bc5136,KCNJ1,Pan-UKB,Pan-UKB::biomarkers|30700|both_sexes||irnt,Creatinine,CSA,SENSITIVITY,False,False,gt_9da327b0c3bc5136,gt_9da327b0c3bc5136,EXTRACTED,intermediate/15b3/Pan-UKB/gt_9da327b0c3bc5136.parquet,EXTRACTED,intermediate/15b3/Pan-UKB/gt_9da327b0c3bc5136.parquet,True
cmp_4159eaf67ead0224,gt_9da327b0c3bc5136,KCNJ1,Pan-UKB,Pan-UKB::biomarkers|30700|both_sexes||irnt,Creatinine,MID,SENSITIVITY,False,False,gt_9da327b0c3bc5136,gt_9da327b0c3bc5136,EXTRACTED,intermediate/15b3/Pan-UKB/gt_9da327b0c3bc5136.parquet,EXTRACTED,intermediate/15b3/Pan-UKB/gt_9da327b0c3bc5136.parquet,True
cmp_375ebdd3318b4e4a,gt_928455e475f5f661,NFE2L2,Pan-UKB,Pan-UKB::biomarkers|30700|both_sexes||irnt,Creatinine,CSA,SENSITIVITY,False,False,gt_928455e475f5f661,gt_928455e475f5f661,EXTRACTED,intermediate/15b3/Pan-UKB/gt_928455e475f5f661.parquet,EXTRACTED,intermediate/15b3/Pan-UKB/gt_928455e475f5f661.parquet,True
cmp_f91111aef41e7c90,gt_928455e475f5f661,NFE2L2,Pan-UKB,Pan-UKB::biomarkers|30700|both_sexes||irnt,Creatinine,MID,SENSITIVITY,False,False,gt_928455e475f5f661,gt_928455e475f5f661,EXTRACTED,intermediate/15b3/Pan-UKB/gt_928455e475f5f661.parquet,EXTRACTED,intermediate/15b3/Pan-UKB/gt_928455e475f5f661.parquet,True
cmp_bbd06cc696afb4ae,gt_304e050b3ab30a01,NFKB1,Pan-UKB,Pan-UKB::biomarkers|30700|both_sexes||irnt,Creatinine,CSA,SENSITIVITY,False,False,gt_304e050b3ab30a01,gt_304e050b3ab30a01,EXTRACTED,intermediate/15b3/Pan-UKB/gt_304e050b3ab30a01.parquet,EXTRACTED,intermediate/15b3/Pan-UKB/gt_304e050b3ab30a01.parquet,True
cmp_3b131072bec37acb,gt_304e050b3ab30a01,NFKB1,Pan-UKB,Pan-UKB::biomarkers|30700|both_sexes||irnt,Creatinine,MID,SENSITIVITY,False,False,gt_304e050b3ab30a01,gt_304e050b3ab30a01,EXTRACTED,intermediate/15b3/Pan-UKB/gt_304e050b3ab30a01.parquet,EXTRACTED,intermediate/15b3/Pan-UKB/gt_304e050b3ab30a01.parquet,True
cmp_f99ddd1132337f8e,gt_a75009f66717b029,NOX4,Pan-UKB,Pan-UKB::biomarkers|30700|both_sexes||irnt,Creatinine,CSA,SENSITIVITY,False,False,gt_a75009f66717b029,gt_a75009f66717b029,EXTRACTED,intermediate/15b3/Pan-UKB/gt_a75009f66717b029.parquet,EXTRACTED,intermediate/15b3/Pan-UKB/gt_a75009f66717b029.parquet,True
cmp_3c301e22a1d1ac38,gt_a75009f66717b029,NOX4,Pan-UKB,Pan-UKB::biomarkers|30700|both_sexes||irnt,Creatinine,MID,SENSITIVITY,False,False,gt_a75009f66717b029,gt_a75009f66717b029,EXTRACTED,intermediate/15b3/Pan-UKB/gt_a75009f66717b029.parquet,EXTRACTED,intermediate/15b3/Pan-UKB/gt_a75009f66717b029.parquet,True
cmp_0bc7b25d044b956b,gt_0e5609fe04f54e81,TGFB1,Pan-UKB,Pan-UKB::biomarkers|30700|both_sexes||irnt,Creatinine,CSA,SENSITIVITY,False,False,gt_0e5609fe04f54e81,gt_0e5609fe04f54e81,EXTRACTED,intermediate/15b3/Pan-UKB/gt_0e5609fe04f54e81.parquet,EXTRACTED,intermediate/15b3/Pan-UKB/gt_0e5609fe04f54e81.parquet,True
cmp_04114fcc66386c33,gt_0e5609fe04f54e81,TGFB1,Pan-UKB,Pan-UKB::biomarkers|30700|both_sexes||irnt,Creatinine,MID,SENSITIVITY,False,False,gt_0e5609fe04f54e81,gt_0e5609fe04f54e81,EXTRACTED,intermediate/15b3/Pan-UKB/gt_0e5609fe04f54e81.parquet,EXTRACTED,intermediate/15b3/Pan-UKB/gt_0e5609fe04f54e81.parquet,True
cmp_090aa5e7e9dd7981,gt_b7e33f1646515e6a,TNFSF13,Pan-UKB,Pan-UKB::biomarkers|30700|both_sexes||irnt,Creatinine,CSA,SENSITIVITY,False,False,gt_b7e33f1646515e6a,gt_b7e33f1646515e6a,EXTRACTED,intermediate/15b3/Pan-UKB/gt_b7e33f1646515e6a.parquet,EXTRACTED,intermediate/15b3/Pan-UKB/gt_b7e33f1646515e6a.parquet,True
cmp_4858da3c453174e7,gt_b7e33f1646515e6a,TNFSF13,Pan-UKB,Pan-UKB::biomarkers|30700|both_sexes||irnt,Creatinine,MID,SENSITIVITY,False,False,gt_b7e33f1646515e6a,gt_b7e33f1646515e6a,EXTRACTED,intermediate/15b3/Pan-UKB/gt_b7e33f1646515e6a.parquet,EXTRACTED,intermediate/15b3/Pan-UKB/gt_b7e33f1646515e6a.parquet,True
cmp_6a380e02cf8a660f,gt_b8825d29f00de363,ALDH2,Pan-UKB,Pan-UKB::biomarkers|30720|both_sexes||irnt,Cystatin C,CSA,SENSITIVITY,False,False,gt_b8825d29f00de363,gt_b8825d29f00de363,EXTRACTED,intermediate/15b3/Pan-UKB/gt_b8825d29f00de363.parquet,EXTRACTED,intermediate/15b3/Pan-UKB/gt_b8825d29f00de363.parquet,True
cmp_cddf2ace714db7dd,gt_b8825d29f00de363,ALDH2,Pan-UKB,Pan-UKB::biomarkers|30720|both_sexes||irnt,Cystatin C,MID,SENSITIVITY,False,False,gt_b8825d29f00de363,gt_b8825d29f00de363,EXTRACTED,intermediate/15b3/Pan-UKB/gt_b8825d29f00de363.parquet,EXTRACTED,intermediate/15b3/Pan-UKB/gt_b8825d29f00de363.parquet,True
cmp_d2979321176fd101,gt_f44b838abb593b40,APOL1,Pan-UKB,Pan-UKB::biomarkers|30720|both_sexes||irnt,Cystatin C,CSA,SENSITIVITY,False,False,gt_f44b838abb593b40,gt_f44b838abb593b40,EXTRACTED,intermediate/15b3/Pan-UKB/gt_f44b838abb593b40.parquet,EXTRACTED,intermediate/15b3/Pan-UKB/gt_f44b838abb593b40.parquet,True
cmp_764eeb5352b244f3,gt_f44b838abb593b40,APOL1,Pan-UKB,Pan-UKB::biomarkers|30720|both_sexes||irnt,Cystatin C,MID,SENSITIVITY,False,False,gt_f44b838abb593b40,gt_f44b838abb593b40,EXTRACTED,intermediate/15b3/Pan-UKB/gt_f44b838abb593b40.parquet,EXTRACTED,intermediate/15b3/Pan-UKB/gt_f44b838abb593b40.parquet,True
cmp_89a5823e5ba522d1,gt_6b7062b71b8804b2,AXL,Pan-UKB,Pan-UKB::biomarkers|30720|both_sexes||irnt,Cystatin C,CSA,SENSITIVITY,False,False,gt_6b7062b71b8804b2,gt_6b7062b71b8804b2,EXTRACTED,intermediate/15b3/Pan-UKB/gt_6b7062b71b8804b2.parquet,EXTRACTED,intermediate/15b3/Pan-UKB/gt_6b7062b71b8804b2.parquet,True
cmp_d32e1c71fb55d28e,gt_6b7062b71b8804b2,AXL,Pan-UKB,Pan-UKB::biomarkers|30720|both_sexes||irnt,Cystatin C,MID,SENSITIVITY,False,False,gt_6b7062b71b8804b2,gt_6b7062b71b8804b2,EXTRACTED,intermediate/15b3/Pan-UKB/gt_6b7062b71b8804b2.parquet,EXTRACTED,intermediate/15b3/Pan-UKB/gt_6b7062b71b8804b2.parquet,True
cmp_1d8712f94038f663,gt_15f0931f643db407,GLP1R,Pan-UKB,Pan-UKB::biomarkers|30720|both_sexes||irnt,Cystatin C,CSA,SENSITIVITY,False,False,gt_15f0931f643db407,gt_15f0931f643db407,EXTRACTED,intermediate/15b3/Pan-UKB/gt_15f0931f643db407.parquet,EXTRACTED,intermediate/15b3/Pan-UKB/gt_15f0931f643db407.parquet,True
cmp_d6c72e9b870060a3,gt_15f0931f643db407,GLP1R,Pan-UKB,Pan-UKB::biomarkers|30720|both_sexes||irnt,Cystatin C,MID,SENSITIVITY,False,False,gt_15f0931f643db407,gt_15f0931f643db407,EXTRACTED,intermediate/15b3/Pan-UKB/gt_15f0931f643db407.parquet,EXTRACTED,intermediate/15b3/Pan-UKB/gt_15f0931f643db407.parquet,True
cmp_99bacd3c12a7ba72,gt_79589bc1696ec35d,KCNJ1,Pan-UKB,Pan-UKB::biomarkers|30720|both_sexes||irnt,Cystatin C,CSA,SENSITIVITY,False,False,gt_79589bc1696ec35d,gt_79589bc1696ec35d,EXTRACTED,intermediate/15b3/Pan-UKB/gt_79589bc1696ec35d.parquet,EXTRACTED,intermediate/15b3/Pan-UKB/gt_79589bc1696ec35d.parquet,True
cmp_b4900802aac0ec37,gt_79589bc1696ec35d,KCNJ1,Pan-UKB,Pan-UKB::biomarkers|30720|both_sexes||irnt,Cystatin C,MID,SENSITIVITY,False,False,gt_79589bc1696ec35d,gt_79589bc1696ec35d,EXTRACTED,intermediate/15b3/Pan-UKB/gt_79589bc1696ec35d.parquet,EXTRACTED,intermediate/15b3/Pan-UKB/gt_79589bc1696ec35d.parquet,True
cmp_558735a0f14344f3,gt_08923c27f7914e93,NFE2L2,Pan-UKB,Pan-UKB::biomarkers|30720|both_sexes||irnt,Cystatin C,CSA,SENSITIVITY,False,False,gt_08923c27f7914e93,gt_08923c27f7914e93,EXTRACTED,intermediate/15b3/Pan-UKB/gt_08923c27f7914e93.parquet,EXTRACTED,intermediate/15b3/Pan-UKB/gt_08923c27f7914e93.parquet,True
cmp_e2b725e77ad47a43,gt_08923c27f7914e93,NFE2L2,Pan-UKB,Pan-UKB::biomarkers|30720|both_sexes||irnt,Cystatin C,MID,SENSITIVITY,False,False,gt_08923c27f7914e93,gt_08923c27f7914e93,EXTRACTED,intermediate/15b3/Pan-UKB/gt_08923c27f7914e93.parquet,EXTRACTED,intermediate/15b3/Pan-UKB/gt_08923c27f7914e93.parquet,True
cmp_1603f5c37a1c47d7,gt_08361c84d47be2b6,NFKB1,Pan-UKB,Pan-UKB::biomarkers|30720|both_sexes||irnt,Cystatin C,CSA,SENSITIVITY,False,False,gt_08361c84d47be2b6,gt_08361c84d47be2b6,EXTRACTED,intermediate/15b3/Pan-UKB/gt_08361c84d47be2b6.parquet,EXTRACTED,intermediate/15b3/Pan-UKB/gt_08361c84d47be2b6.parquet,True
cmp_577d96ace53fdb52,gt_08361c84d47be2b6,NFKB1,Pan-UKB,Pan-UKB::biomarkers|30720|both_sexes||irnt,Cystatin C,MID,SENSITIVITY,False,False,gt_08361c84d47be2b6,gt_08361c84d47be2b6,EXTRACTED,intermediate/15b3/Pan-UKB/gt_08361c84d47be2b6.parquet,EXTRACTED,intermediate/15b3/Pan-UKB/gt_08361c84d47be2b6.parquet,True
cmp_2e9b8f3544912d6b,gt_81f076e7673f616f,NOX4,Pan-UKB,Pan-UKB::biomarkers|30720|both_sexes||irnt,Cystatin C,CSA,SENSITIVITY,False,False,gt_81f076e7673f616f,gt_81f076e7673f616f,EXTRACTED,intermediate/15b3/Pan-UKB/gt_81f076e7673f616f.parquet,EXTRACTED,intermediate/15b3/Pan-UKB/gt_81f076e7673f616f.parquet,True
cmp_a8dec61ce59b367f,gt_81f076e7673f616f,NOX4,Pan-UKB,Pan-UKB::biomarkers|30720|both_sexes||irnt,Cystatin C,MID,SENSITIVITY,False,False,gt_81f076e7673f616f,gt_81f076e7673f616f,EXTRACTED,intermediate/15b3/Pan-UKB/gt_81f076e7673f616f.parquet,EXTRACTED,intermediate/15b3/Pan-UKB/gt_81f076e7673f616f.parquet,True
cmp_db590a9a928b917d,gt_b4759703808d205c,TGFB1,Pan-UKB,Pan-UKB::biomarkers|30720|both_sexes||irnt,Cystatin C,CSA,SENSITIVITY,False,False,gt_b4759703808d205c,gt_b4759703808d205c,EXTRACTED,intermediate/15b3/Pan-UKB/gt_b4759703808d205c.parquet,EXTRACTED,intermediate/15b3/Pan-UKB/gt_b4759703808d205c.parquet,True
cmp_a183f1cab2e3200b,gt_b4759703808d205c,TGFB1,Pan-UKB,Pan-UKB::biomarkers|30720|both_sexes||irnt,Cystatin C,MID,SENSITIVITY,False,False,gt_b4759703808d205c,gt_b4759703808d205c,EXTRACTED,intermediate/15b3/Pan-UKB/gt_b4759703808d205c.parquet,EXTRACTED,intermediate/15b3/Pan-UKB/gt_b4759703808d205c.parquet,True
cmp_faf69748c5e1cb2d,gt_f7ef35f18ecb6a41,TNFSF13,Pan-UKB,Pan-UKB::biomarkers|30720|both_sexes||irnt,Cystatin C,CSA,SENSITIVITY,False,False,gt_f7ef35f18ecb6a41,gt_f7ef35f18ecb6a41,EXTRACTED,intermediate/15b3/Pan-UKB/gt_f7ef35f18ecb6a41.parquet,EXTRACTED,intermediate/15b3/Pan-UKB/gt_f7ef35f18ecb6a41.parquet,True
cmp_4cc7a4e66419573f,gt_f7ef35f18ecb6a41,TNFSF13,Pan-UKB,Pan-UKB::biomarkers|30720|both_sexes||irnt,Cystatin C,MID,SENSITIVITY,False,False,gt_f7ef35f18ecb6a41,gt_f7ef35f18ecb6a41,EXTRACTED,intermediate/15b3/Pan-UKB/gt_f7ef35f18ecb6a41.parquet,EXTRACTED,intermediate/15b3/Pan-UKB/gt_f7ef35f18ecb6a41.parquet,True
cmp_0a9b82470c7f1f1d,gt_629a16ff96b0488e,ACE,Pan-UKB,Pan-UKB::continuous|4079|both_sexes||irnt,"Diastolic blood pressure, automated reading",CSA,SENSITIVITY,False,False,gt_629a16ff96b0488e,gt_629a16ff96b0488e,EXTRACTED,intermediate/15b3/Pan-UKB/gt_629a16ff96b0488e.parquet,EXTRACTED,intermediate/15b3/Pan-UKB/gt_629a16ff96b0488e.parquet,True
cmp_593a30342518b62c,gt_bdf86b1be3705ee2,ADRA1A,Pan-UKB,Pan-UKB::continuous|4079|both_sexes||irnt,"Diastolic blood pressure, automated reading",CSA,SENSITIVITY,False,False,gt_bdf86b1be3705ee2,gt_bdf86b1be3705ee2,EXTRACTED,intermediate/15b3/Pan-UKB/gt_bdf86b1be3705ee2.parquet,EXTRACTED,intermediate/15b3/Pan-UKB/gt_bdf86b1be3705ee2.parquet,True
cmp_3eba08ccc40d8e30,gt_ca860418aa6f2049,ADRA2B,Pan-UKB,Pan-UKB::continuous|4079|both_sexes||irnt,"Diastolic blood pressure, automated reading",CSA,SENSITIVITY,False,False,gt_ca860418aa6f2049,gt_ca860418aa6f2049,EXTRACTED,intermediate/15b3/Pan-UKB/gt_ca860418aa6f2049.parquet,EXTRACTED,intermediate/15b3/Pan-UKB/gt_ca860418aa6f2049.parquet,True
cmp_e6a36a5b9e1a10ea,gt_78c675e0c6b2123a,ADRA2C,Pan-UKB,Pan-UKB::continuous|4079|both_sexes||irnt,"Diastolic blood pressure, automated reading",CSA,SENSITIVITY,False,False,gt_78c675e0c6b2123a,gt_78c675e0c6b2123a,EXTRACTED,intermediate/15b3/Pan-UKB/gt_78c675e0c6b2123a.parquet,EXTRACTED,intermediate/15b3/Pan-UKB/gt_78c675e0c6b2123a.parquet,True
cmp_c61f1c2b42fd8e4a,gt_64d260049b72399e,ADRB1,Pan-UKB,Pan-UKB::continuous|4079|both_sexes||irnt,"Diastolic blood pressure, automated reading",CSA,SENSITIVITY,False,False,gt_64d260049b72399e,gt_64d260049b72399e,EXTRACTED,intermediate/15b3/Pan-UKB/gt_64d260049b72399e.parquet,EXTRACTED,intermediate/15b3/Pan-UKB/gt_64d260049b72399e.parquet,True
cmp_2a2db6a17381db3c,gt_3968036e95be378a,ADRB2,Pan-UKB,Pan-UKB::continuous|4079|both_sexes||irnt,"Diastolic blood pressure, automated reading",CSA,SENSITIVITY,False,False,gt_3968036e95be378a,gt_3968036e95be378a,EXTRACTED,intermediate/15b3/Pan-UKB/gt_3968036e95be378a.parquet,EXTRACTED,intermediate/15b3/Pan-UKB/gt_3968036e95be378a.parquet,True
cmp_65ae4c35b4fbfcb4,gt_91653389a708ea02,AGT,Pan-UKB,Pan-UKB::continuous|4079|both_sexes||irnt,"Diastolic blood pressure, automated reading",CSA,SENSITIVITY,False,False,gt_91653389a708ea02,gt_91653389a708ea02,EXTRACTED,intermediate/15b3/Pan-UKB/gt_91653389a708ea02.parquet,EXTRACTED,intermediate/15b3/Pan-UKB/gt_91653389a708ea02.parquet,True
cmp_f5409ef32bbe5179,gt_d00fe93361a2e4f3,CACNA1C,Pan-UKB,Pan-UKB::continuous|4079|both_sexes||irnt,"Diastolic blood pressure, automated reading",CSA,SENSITIVITY,False,False,gt_d00fe93361a2e4f3,gt_d00fe93361a2e4f3,EXTRACTED,intermediate/15b3/Pan-UKB/gt_d00fe93361a2e4f3.parquet,EXTRACTED,intermediate/15b3/Pan-UKB/gt_d00fe93361a2e4f3.parquet,True
cmp_c110019384f6dd5b,gt_4ef6440060024516,CHRNB4,Pan-UKB,Pan-UKB::continuous|4079|both_sexes||irnt,"Diastolic blood pressure, automated reading",CSA,SENSITIVITY,False,False,gt_4ef6440060024516,gt_4ef6440060024516,EXTRACTED,intermediate/15b3/Pan-UKB/gt_4ef6440060024516.parquet,EXTRACTED,intermediate/15b3/Pan-UKB/gt_4ef6440060024516.parquet,True
cmp_4a81590187870ff3,gt_a3952d3997113985,CYP11B1,Pan-UKB,Pan-UKB::continuous|4079|both_sexes||irnt,"Diastolic blood pressure, automated reading",CSA,SENSITIVITY,False,False,gt_a3952d3997113985,gt_a3952d3997113985,EXTRACTED,intermediate/15b3/Pan-UKB/gt_a3952d3997113985.parquet,EXTRACTED,intermediate/15b3/Pan-UKB/gt_a3952d3997113985.parquet,True
cmp_be6ff51d932abd83,gt_debf2c8fb659fb36,CYP11B2,Pan-UKB,Pan-UKB::continuous|4079|both_sexes||irnt,"Diastolic blood pressure, automated reading",CSA,SENSITIVITY,False,False,gt_debf2c8fb659fb36,gt_debf2c8fb659fb36,EXTRACTED,intermediate/15b3/Pan-UKB/gt_debf2c8fb659fb36.parquet,EXTRACTED,intermediate/15b3/Pan-UKB/gt_debf2c8fb659fb36.parquet,True
cmp_abda9da99c8900e1,gt_94450f63b774eba3,EDNRA,Pan-UKB,Pan-UKB::continuous|4079|both_sexes||irnt,"Diastolic blood pressure, automated reading",CSA,SENSITIVITY,False,False,gt_94450f63b774eba3,gt_94450f63b774eba3,EXTRACTED,intermediate/15b3/Pan-UKB/gt_94450f63b774eba3.parquet,EXTRACTED,intermediate/15b3/Pan-UKB/gt_94450f63b774eba3.parquet,True
cmp_f0efd1f36431742f,gt_03d77cf9c47d0d51,MME,Pan-UKB,Pan-UKB::continuous|4079|both_sexes||irnt,"Diastolic blood pressure, automated reading",CSA,SENSITIVITY,False,False,gt_03d77cf9c47d0d51,gt_03d77cf9c47d0d51,EXTRACTED,intermediate/15b3/Pan-UKB/gt_03d77cf9c47d0d51.parquet,EXTRACTED,intermediate/15b3/Pan-UKB/gt_03d77cf9c47d0d51.parquet,True
cmp_be23c98adfd52c43,gt_c213469ce64521e3,NPR1,Pan-UKB,Pan-UKB::continuous|4079|both_sexes||irnt,"Diastolic blood pressure, automated reading",CSA,SENSITIVITY,False,False,gt_c213469ce64521e3,gt_c213469ce64521e3,EXTRACTED,intermediate/15b3/Pan-UKB/gt_c213469ce64521e3.parquet,EXTRACTED,intermediate/15b3/Pan-UKB/gt_c213469ce64521e3.parquet,True
cmp_186061ff676561d5,gt_17d819fc7e3439da,OPRL1,Pan-UKB,Pan-UKB::continuous|4079|both_sexes||irnt,"Diastolic blood pressure, automated reading",CSA,SENSITIVITY,False,False,gt_17d819fc7e3439da,gt_17d819fc7e3439da,EXTRACTED,intermediate/15b3/Pan-UKB/gt_17d819fc7e3439da.parquet,EXTRACTED,intermediate/15b3/Pan-UKB/gt_17d819fc7e3439da.parquet,True
cmp_ca5e17923ad0337a,gt_02ee4f471df88a8e,PDE5A,Pan-UKB,Pan-UKB::continuous|4079|both_sexes||irnt,"Diastolic blood pressure, automated reading",CSA,SENSITIVITY,False,False,gt_02ee4f471df88a8e,gt_02ee4f471df88a8e,EXTRACTED,intermediate/15b3/Pan-UKB/gt_02ee4f471df88a8e.parquet,EXTRACTED,intermediate/15b3/Pan-UKB/gt_02ee4f471df88a8e.parquet,True
cmp_2bbfac16686e7da5,gt_1b545e8df9ae76d3,REN,Pan-UKB,Pan-UKB::continuous|4079|both_sexes||irnt,"Diastolic blood pressure, automated reading",CSA,SENSITIVITY,False,False,gt_1b545e8df9ae76d3,gt_1b545e8df9ae76d3,EXTRACTED,intermediate/15b3/Pan-UKB/gt_1b545e8df9ae76d3.parquet,EXTRACTED,intermediate/15b3/Pan-UKB/gt_1b545e8df9ae76d3.parquet,True
cmp_0887abecdc4cc79b,gt_376e244fe5e8026e,SLC12A2,Pan-UKB,Pan-UKB::continuous|4079|both_sexes||irnt,"Diastolic blood pressure, automated reading",CSA,SENSITIVITY,False,False,gt_376e244fe5e8026e,gt_376e244fe5e8026e,EXTRACTED,intermediate/15b3/Pan-UKB/gt_376e244fe5e8026e.parquet,EXTRACTED,intermediate/15b3/Pan-UKB/gt_376e244fe5e8026e.parquet,True
cmp_a3e4d31ca0c91d15,gt_2ee3381ab44e0920,VDR,Pan-UKB,Pan-UKB::continuous|4079|both_sexes||irnt,"Diastolic blood pressure, automated reading",CSA,SENSITIVITY,False,False,gt_2ee3381ab44e0920,gt_2ee3381ab44e0920,EXTRACTED,intermediate/15b3/Pan-UKB/gt_2ee3381ab44e0920.parquet,EXTRACTED,intermediate/15b3/Pan-UKB/gt_2ee3381ab44e0920.parquet,True
cmp_990af17cec88f6e5,gt_789423e76503228b,ADAMTS4,Pan-UKB,Pan-UKB::continuous|30150|both_sexes||irnt,Eosinophill count,CSA,SENSITIVITY,False,False,gt_789423e76503228b,gt_789423e76503228b,EXTRACTED,intermediate/15b3/Pan-UKB/gt_789423e76503228b.parquet,EXTRACTED,intermediate/15b3/Pan-UKB/gt_789423e76503228b.parquet,True
cmp_7eb93b05b43df5f5,gt_f4dfe1f1acd9db8b,ADORA1,Pan-UKB,Pan-UKB::continuous|30150|both_sexes||irnt,Eosinophill count,CSA,SENSITIVITY,False,False,gt_f4dfe1f1acd9db8b,gt_f4dfe1f1acd9db8b,EXTRACTED,intermediate/15b3/Pan-UKB/gt_f4dfe1f1acd9db8b.parquet,EXTRACTED,intermediate/15b3/Pan-UKB/gt_f4dfe1f1acd9db8b.parquet,True
cmp_14bf02d160aaca1f,gt_130424f34f5bb175,ADORA2B,Pan-UKB,Pan-UKB::continuous|30150|both_sexes||irnt,Eosinophill count,CSA,SENSITIVITY,False,False,gt_130424f34f5bb175,gt_130424f34f5bb175,EXTRACTED,intermediate/15b3/Pan-UKB/gt_130424f34f5bb175.parquet,EXTRACTED,intermediate/15b3/Pan-UKB/gt_130424f34f5bb175.parquet,True
cmp_6af8593afa532f9c,gt_223416cb2c561aa7,ADRB2,Pan-UKB,Pan-UKB::continuous|30150|both_sexes||irnt,Eosinophill count,CSA,SENSITIVITY,False,False,gt_223416cb2c561aa7,gt_223416cb2c561aa7,EXTRACTED,intermediate/15b3/Pan-UKB/gt_223416cb2c561aa7.parquet,EXTRACTED,intermediate/15b3/Pan-UKB/gt_223416cb2c561aa7.parquet,True
cmp_c033504ac7e6b2b6,gt_dd18083854e1c995,CCR4,Pan-UKB,Pan-UKB::continuous|30150|both_sexes||irnt,Eosinophill count,CSA,SENSITIVITY,False,False,gt_dd18083854e1c995,gt_dd18083854e1c995,EXTRACTED,intermediate/15b3/Pan-UKB/gt_dd18083854e1c995.parquet,EXTRACTED,intermediate/15b3/Pan-UKB/gt_dd18083854e1c995.parquet,True
cmp_5f40cae0e1096724,gt_36f98e6136a1b48a,CD200R1,Pan-UKB,Pan-UKB::continuous|30150|both_sexes||irnt,Eosinophill count,CSA,SENSITIVITY,False,False,gt_36f98e6136a1b48a,gt_36f98e6136a1b48a,EXTRACTED,intermediate/15b3/Pan-UKB/gt_36f98e6136a1b48a.parquet,EXTRACTED,intermediate/15b3/Pan-UKB/gt_36f98e6136a1b48a.parquet,True
cmp_f66b664133a4e643,gt_98c8e276ad7437cd,CHRM3,Pan-UKB,Pan-UKB::continuous|30150|both_sexes||irnt,Eosinophill count,CSA,SENSITIVITY,True,False,gt_98c8e276ad7437cd,gt_98c8e276ad7437cd,EXTRACTED,intermediate/15b3/Pan-UKB/gt_98c8e276ad7437cd.parquet,EXTRACTED,intermediate/15b3/Pan-UKB/gt_98c8e276ad7437cd.parquet,True
cmp_58c9e69a8afd89f8,gt_7ee3b9713ae4766a,CSF2,Pan-UKB,Pan-UKB::continuous|30150|both_sexes||irnt,Eosinophill count,CSA,SENSITIVITY,False,False,gt_7ee3b9713ae4766a,gt_7ee3b9713ae4766a,EXTRACTED,intermediate/15b3/Pan-UKB/gt_7ee3b9713ae4766a.parquet,EXTRACTED,intermediate/15b3/Pan-UKB/gt_7ee3b9713ae4766a.parquet,True
cmp_0351ac86199363c7,gt_73b858e87bdad0ab,FGFR3,Pan-UKB,Pan-UKB::continuous|30150|both_sexes||irnt,Eosinophill count,CSA,SENSITIVITY,False,False,gt_73b858e87bdad0ab,gt_73b858e87bdad0ab,EXTRACTED,intermediate/15b3/Pan-UKB/gt_73b858e87bdad0ab.parquet,EXTRACTED,intermediate/15b3/Pan-UKB/gt_73b858e87bdad0ab.parquet,True
cmp_baefc3504cd97cb3,gt_7d630716c81b47c7,GATA3,Pan-UKB,Pan-UKB::continuous|30150|both_sexes||irnt,Eosinophill count,CSA,SENSITIVITY,False,False,gt_7d630716c81b47c7,gt_7d630716c81b47c7,EXTRACTED,intermediate/15b3/Pan-UKB/gt_7d630716c81b47c7.parquet,EXTRACTED,intermediate/15b3/Pan-UKB/gt_7d630716c81b47c7.parquet,True
cmp_e451301c332b03b6,gt_fe09ffb658631c13,HRH4,Pan-UKB,Pan-UKB::continuous|30150|both_sexes||irnt,Eosinophill count,CSA,SENSITIVITY,False,False,gt_fe09ffb658631c13,gt_fe09ffb658631c13,EXTRACTED,intermediate/15b3/Pan-UKB/gt_fe09ffb658631c13.parquet,EXTRACTED,intermediate/15b3/Pan-UKB/gt_fe09ffb658631c13.parquet,True
cmp_096a6dd8be6262ef,gt_9ef8bed2b6aa5f66,IL13,Pan-UKB,Pan-UKB::continuous|30150|both_sexes||irnt,Eosinophill count,CSA,SENSITIVITY,True,False,gt_9ef8bed2b6aa5f66,gt_9ef8bed2b6aa5f66,EXTRACTED,intermediate/15b3/Pan-UKB/gt_9ef8bed2b6aa5f66.parquet,EXTRACTED,intermediate/15b3/Pan-UKB/gt_9ef8bed2b6aa5f66.parquet,True
cmp_ecce291760877932,gt_82ec9db2d44db292,IL17RB,Pan-UKB,Pan-UKB::continuous|30150|both_sexes||irnt,Eosinophill count,CSA,SENSITIVITY,False,False,gt_82ec9db2d44db292,gt_82ec9db2d44db292,EXTRACTED,intermediate/15b3/Pan-UKB/gt_82ec9db2d44db292.parquet,EXTRACTED,intermediate/15b3/Pan-UKB/gt_82ec9db2d44db292.parquet,True
cmp_b334430107854f3e,gt_e8365a8543bc86e5,IL1RL1,Pan-UKB,Pan-UKB::continuous|30150|both_sexes||irnt,Eosinophill count,CSA,SENSITIVITY,False,False,gt_e8365a8543bc86e5,gt_e8365a8543bc86e5,EXTRACTED,intermediate/15b3/Pan-UKB/gt_e8365a8543bc86e5.parquet,EXTRACTED,intermediate/15b3/Pan-UKB/gt_e8365a8543bc86e5.parquet,True
cmp_b5f3eac4535b0b7d,gt_3b7ad0c4881d6132,IL2RA,Pan-UKB,Pan-UKB::continuous|30150|both_sexes||irnt,Eosinophill count,CSA,SENSITIVITY,False,False,gt_3b7ad0c4881d6132,gt_3b7ad0c4881d6132,EXTRACTED,intermediate/15b3/Pan-UKB/gt_3b7ad0c4881d6132.parquet,EXTRACTED,intermediate/15b3/Pan-UKB/gt_3b7ad0c4881d6132.parquet,True
cmp_3612c5d315cc738f,gt_afccfe95344ecc86,IL3,Pan-UKB,Pan-UKB::continuous|30150|both_sexes||irnt,Eosinophill count,CSA,SENSITIVITY,False,False,gt_afccfe95344ecc86,gt_afccfe95344ecc86,EXTRACTED,intermediate/15b3/Pan-UKB/gt_afccfe95344ecc86.parquet,EXTRACTED,intermediate/15b3/Pan-UKB/gt_afccfe95344ecc86.parquet,True
cmp_8dbb9b9e8a02a058,gt_5eb37492fa4b017f,IL33,Pan-UKB,Pan-UKB::continuous|30150|both_sexes||irnt,Eosinophill count,CSA,SENSITIVITY,False,False,gt_5eb37492fa4b017f,gt_5eb37492fa4b017f,EXTRACTED,intermediate/15b3/Pan-UKB/gt_5eb37492fa4b017f.parquet,EXTRACTED,intermediate/15b3/Pan-UKB/gt_5eb37492fa4b017f.parquet,True
cmp_d4e4c9fed7bc2d40,gt_71a1f98792f51649,IL4R,Pan-UKB,Pan-UKB::continuous|30150|both_sexes||irnt,Eosinophill count,CSA,SENSITIVITY,True,False,gt_71a1f98792f51649,gt_71a1f98792f51649,EXTRACTED,intermediate/15b3/Pan-UKB/gt_71a1f98792f51649.parquet,EXTRACTED,intermediate/15b3/Pan-UKB/gt_71a1f98792f51649.parquet,True
cmp_3f7f68480886e42a,gt_8afc4516c7c6fc93,IL5,Pan-UKB,Pan-UKB::continuous|30150|both_sexes||irnt,Eosinophill count,CSA,SENSITIVITY,False,False,gt_8afc4516c7c6fc93,gt_8afc4516c7c6fc93,EXTRACTED,intermediate/15b3/Pan-UKB/gt_8afc4516c7c6fc93.parquet,EXTRACTED,intermediate/15b3/Pan-UKB/gt_8afc4516c7c6fc93.parquet,True
cmp_3490bf9340d42a18,gt_bcc3afe4dbdbc212,IL6,Pan-UKB,Pan-UKB::continuous|30150|both_sexes||irnt,Eosinophill count,CSA,SENSITIVITY,False,False,gt_bcc3afe4dbdbc212,gt_bcc3afe4dbdbc212,EXTRACTED,intermediate/15b3/Pan-UKB/gt_bcc3afe4dbdbc212.parquet,EXTRACTED,intermediate/15b3/Pan-UKB/gt_bcc3afe4dbdbc212.parquet,True
cmp_0a5eb5e15e61ec2d,gt_dadb7ceeabdc9773,INPP5D,Pan-UKB,Pan-UKB::continuous|30150|both_sexes||irnt,Eosinophill count,CSA,SENSITIVITY,False,False,gt_dadb7ceeabdc9773,gt_dadb7ceeabdc9773,EXTRACTED,intermediate/15b3/Pan-UKB/gt_dadb7ceeabdc9773.parquet,EXTRACTED,intermediate/15b3/Pan-UKB/gt_dadb7ceeabdc9773.parquet,True
cmp_11084a3a9e09824a,gt_8805f6b96b374c75,ITGB7,Pan-UKB,Pan-UKB::continuous|30150|both_sexes||irnt,Eosinophill count,CSA,SENSITIVITY,False,False,gt_8805f6b96b374c75,gt_8805f6b96b374c75,EXTRACTED,intermediate/15b3/Pan-UKB/gt_8805f6b96b374c75.parquet,EXTRACTED,intermediate/15b3/Pan-UKB/gt_8805f6b96b374c75.parquet,True
cmp_b89b4f1e51197e9b,gt_bbc6733dac188dc0,KIT,Pan-UKB,Pan-UKB::continuous|30150|both_sexes||irnt,Eosinophill count,CSA,SENSITIVITY,False,False,gt_bbc6733dac188dc0,gt_bbc6733dac188dc0,EXTRACTED,intermediate/15b3/Pan-UKB/gt_bbc6733dac188dc0.parquet,EXTRACTED,intermediate/15b3/Pan-UKB/gt_bbc6733dac188dc0.parquet,True
cmp_710ad458de87a55e,gt_709ce05cb4e068a8,MMP12,Pan-UKB,Pan-UKB::continuous|30150|both_sexes||irnt,Eosinophill count,CSA,SENSITIVITY,False,False,gt_709ce05cb4e068a8,gt_709ce05cb4e068a8,EXTRACTED,intermediate/15b3/Pan-UKB/gt_709ce05cb4e068a8.parquet,EXTRACTED,intermediate/15b3/Pan-UKB/gt_709ce05cb4e068a8.parquet,True
cmp_76edfd1e6fbf399a,gt_2cdeedd0ea0be7bb,NFKB1,Pan-UKB,Pan-UKB::continuous|30150|both_sexes||irnt,Eosinophill count,CSA,SENSITIVITY,False,False,gt_2cdeedd0ea0be7bb,gt_2cdeedd0ea0be7bb,EXTRACTED,intermediate/15b3/Pan-UKB/gt_2cdeedd0ea0be7bb.parquet,EXTRACTED,intermediate/15b3/Pan-UKB/gt_2cdeedd0ea0be7bb.parquet,True
cmp_c1eddcf2859bd775,gt_3cb4f26d277eeed1,NR3C1,Pan-UKB,Pan-UKB::continuous|30150|both_sexes||irnt,Eosinophill count,CSA,SENSITIVITY,True,False,gt_3cb4f26d277eeed1,gt_3cb4f26d277eeed1,EXTRACTED,intermediate/15b3/Pan-UKB/gt_3cb4f26d277eeed1.parquet,EXTRACTED,intermediate/15b3/Pan-UKB/gt_3cb4f26d277eeed1.parquet,True
cmp_24ba0085461b5a66,gt_c224aad859abb156,P2RY2,Pan-UKB,Pan-UKB::continuous|30150|both_sexes||irnt,Eosinophill count,CSA,SENSITIVITY,False,False,gt_c224aad859abb156,gt_c224aad859abb156,EXTRACTED,intermediate/15b3/Pan-UKB/gt_c224aad859abb156.parquet,EXTRACTED,intermediate/15b3/Pan-UKB/gt_c224aad859abb156.parquet,True
cmp_8dd85689a1af3e70,gt_155a98bdfae6de5e,PDE3A,Pan-UKB,Pan-UKB::continuous|30150|both_sexes||irnt,Eosinophill count,CSA,SENSITIVITY,False,False,gt_155a98bdfae6de5e,gt_155a98bdfae6de5e,EXTRACTED,intermediate/15b3/Pan-UKB/gt_155a98bdfae6de5e.parquet,EXTRACTED,intermediate/15b3/Pan-UKB/gt_155a98bdfae6de5e.parquet,True
cmp_d1d1b2e6349cfe97,gt_6ffc43d8ccc9627c,PDE4B,Pan-UKB,Pan-UKB::continuous|30150|both_sexes||irnt,Eosinophill count,CSA,SENSITIVITY,False,False,gt_6ffc43d8ccc9627c,gt_6ffc43d8ccc9627c,EXTRACTED,intermediate/15b3/Pan-UKB/gt_6ffc43d8ccc9627c.parquet,EXTRACTED,intermediate/15b3/Pan-UKB/gt_6ffc43d8ccc9627c.parquet,True
cmp_d00ff9f4782c8570,gt_e0a3b9e35aef01f9,PDE4D,Pan-UKB,Pan-UKB::continuous|30150|both_sexes||irnt,Eosinophill count,CSA,SENSITIVITY,False,False,gt_e0a3b9e35aef01f9,gt_e0a3b9e35aef01f9,EXTRACTED,intermediate/15b3/Pan-UKB/gt_e0a3b9e35aef01f9.parquet,EXTRACTED,intermediate/15b3/Pan-UKB/gt_e0a3b9e35aef01f9.parquet,True
cmp_611e15b0be24b981,gt_9460eacf6b5cec6c,TNFSF15,Pan-UKB,Pan-UKB::continuous|30150|both_sexes||irnt,Eosinophill count,CSA,SENSITIVITY,False,False,gt_9460eacf6b5cec6c,gt_9460eacf6b5cec6c,EXTRACTED,intermediate/15b3/Pan-UKB/gt_9460eacf6b5cec6c.parquet,EXTRACTED,intermediate/15b3/Pan-UKB/gt_9460eacf6b5cec6c.parquet,True
cmp_f6a66c44a02f47db,gt_0d8fbcfc9b467ae1,TNFSF4,Pan-UKB,Pan-UKB::continuous|30150|both_sexes||irnt,Eosinophill count,CSA,SENSITIVITY,False,False,gt_0d8fbcfc9b467ae1,gt_0d8fbcfc9b467ae1,EXTRACTED,intermediate/15b3/Pan-UKB/gt_0d8fbcfc9b467ae1.parquet,EXTRACTED,intermediate/15b3/Pan-UKB/gt_0d8fbcfc9b467ae1.parquet,True
cmp_558621f0fe553462,gt_68a29f695b22e937,TSLP,Pan-UKB,Pan-UKB::continuous|30150|both_sexes||irnt,Eosinophill count,CSA,SENSITIVITY,True,False,gt_68a29f695b22e937,gt_68a29f695b22e937,EXTRACTED,intermediate/15b3/Pan-UKB/gt_68a29f695b22e937.parquet,EXTRACTED,intermediate/15b3/Pan-UKB/gt_68a29f695b22e937.parquet,True
cmp_4b451e5758d795a6,gt_8eb26b68c77fb2cf,TYK2,Pan-UKB,Pan-UKB::continuous|30150|both_sexes||irnt,Eosinophill count,CSA,SENSITIVITY,False,False,gt_8eb26b68c77fb2cf,gt_8eb26b68c77fb2cf,EXTRACTED,intermediate/15b3/Pan-UKB/gt_8eb26b68c77fb2cf.parquet,EXTRACTED,intermediate/15b3/Pan-UKB/gt_8eb26b68c77fb2cf.parquet,True
cmp_df35b8f6c89fa76f,gt_49592188ab978b80,ALDH2,Pan-UKB,Pan-UKB::continuous|eGFRcreacys|both_sexes||irnt,"Estimated glomerular filtration rate, cystain C",CSA,SENSITIVITY,False,False,gt_49592188ab978b80,gt_49592188ab978b80,EXTRACTED,intermediate/15b3/Pan-UKB/gt_49592188ab978b80.parquet,EXTRACTED,intermediate/15b3/Pan-UKB/gt_49592188ab978b80.parquet,True
cmp_8c7dbc4193a84d20,gt_37e472a0f64504bd,APOL1,Pan-UKB,Pan-UKB::continuous|eGFRcreacys|both_sexes||irnt,"Estimated glomerular filtration rate, cystain C",CSA,SENSITIVITY,False,False,gt_37e472a0f64504bd,gt_37e472a0f64504bd,EXTRACTED,intermediate/15b3/Pan-UKB/gt_37e472a0f64504bd.parquet,EXTRACTED,intermediate/15b3/Pan-UKB/gt_37e472a0f64504bd.parquet,True
cmp_2353417ce830f9b9,gt_899bad0c2759607f,AXL,Pan-UKB,Pan-UKB::continuous|eGFRcreacys|both_sexes||irnt,"Estimated glomerular filtration rate, cystain C",CSA,SENSITIVITY,False,False,gt_899bad0c2759607f,gt_899bad0c2759607f,EXTRACTED,intermediate/15b3/Pan-UKB/gt_899bad0c2759607f.parquet,EXTRACTED,intermediate/15b3/Pan-UKB/gt_899bad0c2759607f.parquet,True
cmp_77b232e3223dc3df,gt_9e8f8486a39d8061,GLP1R,Pan-UKB,Pan-UKB::continuous|eGFRcreacys|both_sexes||irnt,"Estimated glomerular filtration rate, cystain C",CSA,SENSITIVITY,False,False,gt_9e8f8486a39d8061,gt_9e8f8486a39d8061,EXTRACTED,intermediate/15b3/Pan-UKB/gt_9e8f8486a39d8061.parquet,EXTRACTED,intermediate/15b3/Pan-UKB/gt_9e8f8486a39d8061.parquet,True
cmp_f5603b761d0d9d9f,gt_cb1935f132a80e7e,KCNJ1,Pan-UKB,Pan-UKB::continuous|eGFRcreacys|both_sexes||irnt,"Estimated glomerular filtration rate, cystain C",CSA,SENSITIVITY,False,False,gt_cb1935f132a80e7e,gt_cb1935f132a80e7e,EXTRACTED,intermediate/15b3/Pan-UKB/gt_cb1935f132a80e7e.parquet,EXTRACTED,intermediate/15b3/Pan-UKB/gt_cb1935f132a80e7e.parquet,True
cmp_6d0d3a7339da8a40,gt_1c7d432c69e1619f,NFE2L2,Pan-UKB,Pan-UKB::continuous|eGFRcreacys|both_sexes||irnt,"Estimated glomerular filtration rate, cystain C",CSA,SENSITIVITY,False,False,gt_1c7d432c69e1619f,gt_1c7d432c69e1619f,EXTRACTED,intermediate/15b3/Pan-UKB/gt_1c7d432c69e1619f.parquet,EXTRACTED,intermediate/15b3/Pan-UKB/gt_1c7d432c69e1619f.parquet,True
cmp_e6bc260bdca8f5e1,gt_f158807cbd1ff8b0,NFKB1,Pan-UKB,Pan-UKB::continuous|eGFRcreacys|both_sexes||irnt,"Estimated glomerular filtration rate, cystain C",CSA,SENSITIVITY,False,False,gt_f158807cbd1ff8b0,gt_f158807cbd1ff8b0,EXTRACTED,intermediate/15b3/Pan-UKB/gt_f158807cbd1ff8b0.parquet,EXTRACTED,intermediate/15b3/Pan-UKB/gt_f158807cbd1ff8b0.parquet,True
cmp_f5b22a7b88052684,gt_611ebc5c523a0335,NOX4,Pan-UKB,Pan-UKB::continuous|eGFRcreacys|both_sexes||irnt,"Estimated glomerular filtration rate, cystain C",CSA,SENSITIVITY,False,False,gt_611ebc5c523a0335,gt_611ebc5c523a0335,EXTRACTED,intermediate/15b3/Pan-UKB/gt_611ebc5c523a0335.parquet,EXTRACTED,intermediate/15b3/Pan-UKB/gt_611ebc5c523a0335.parquet,True
cmp_caae4f98ac02088e,gt_67fafbc34fad5769,TGFB1,Pan-UKB,Pan-UKB::continuous|eGFRcreacys|both_sexes||irnt,"Estimated glomerular filtration rate, cystain C",CSA,SENSITIVITY,False,False,gt_67fafbc34fad5769,gt_67fafbc34fad5769,EXTRACTED,intermediate/15b3/Pan-UKB/gt_67fafbc34fad5769.parquet,EXTRACTED,intermediate/15b3/Pan-UKB/gt_67fafbc34fad5769.parquet,True
cmp_c2200c96cb049be6,gt_2a1141a538a5d8da,TNFSF13,Pan-UKB,Pan-UKB::continuous|eGFRcreacys|both_sexes||irnt,"Estimated glomerular filtration rate, cystain C",CSA,SENSITIVITY,False,False,gt_2a1141a538a5d8da,gt_2a1141a538a5d8da,EXTRACTED,intermediate/15b3/Pan-UKB/gt_2a1141a538a5d8da.parquet,EXTRACTED,intermediate/15b3/Pan-UKB/gt_2a1141a538a5d8da.parquet,True
cmp_dc63e9f3df458797,gt_d2741a54561a8897,ALDH2,Pan-UKB,Pan-UKB::continuous|eGFRcys|both_sexes||irnt,"Estimated glomerular filtration rate, serum creatinine + cystain C",CSA,SENSITIVITY,False,False,gt_d2741a54561a8897,gt_d2741a54561a8897,EXTRACTED,intermediate/15b3/Pan-UKB/gt_d2741a54561a8897.parquet,EXTRACTED,intermediate/15b3/Pan-UKB/gt_d2741a54561a8897.parquet,True
cmp_a8ac5b3cbfabb1df,gt_726d8669541e423b,APOL1,Pan-UKB,Pan-UKB::continuous|eGFRcys|both_sexes||irnt,"Estimated glomerular filtration rate, serum creatinine + cystain C",CSA,SENSITIVITY,False,False,gt_726d8669541e423b,gt_726d8669541e423b,EXTRACTED,intermediate/15b3/Pan-UKB/gt_726d8669541e423b.parquet,EXTRACTED,intermediate/15b3/Pan-UKB/gt_726d8669541e423b.parquet,True
cmp_c26e23b0f17e4623,gt_e7ef4b7ebf566d2c,AXL,Pan-UKB,Pan-UKB::continuous|eGFRcys|both_sexes||irnt,"Estimated glomerular filtration rate, serum creatinine + cystain C",CSA,SENSITIVITY,False,False,gt_e7ef4b7ebf566d2c,gt_e7ef4b7ebf566d2c,EXTRACTED,intermediate/15b3/Pan-UKB/gt_e7ef4b7ebf566d2c.parquet,EXTRACTED,intermediate/15b3/Pan-UKB/gt_e7ef4b7ebf566d2c.parquet,True
cmp_a70b7bcdea605e65,gt_f94da670fe45d073,GLP1R,Pan-UKB,Pan-UKB::continuous|eGFRcys|both_sexes||irnt,"Estimated glomerular filtration rate, serum creatinine + cystain C",CSA,SENSITIVITY,False,False,gt_f94da670fe45d073,gt_f94da670fe45d073,EXTRACTED,intermediate/15b3/Pan-UKB/gt_f94da670fe45d073.parquet,EXTRACTED,intermediate/15b3/Pan-UKB/gt_f94da670fe45d073.parquet,True
cmp_8195ec165e78f538,gt_e302145f95c19917,KCNJ1,Pan-UKB,Pan-UKB::continuous|eGFRcys|both_sexes||irnt,"Estimated glomerular filtration rate, serum creatinine + cystain C",CSA,SENSITIVITY,False,False,gt_e302145f95c19917,gt_e302145f95c19917,EXTRACTED,intermediate/15b3/Pan-UKB/gt_e302145f95c19917.parquet,EXTRACTED,intermediate/15b3/Pan-UKB/gt_e302145f95c19917.parquet,True
cmp_7c2d37eda7f26502,gt_9fd89b9a06bf3d21,NFE2L2,Pan-UKB,Pan-UKB::continuous|eGFRcys|both_sexes||irnt,"Estimated glomerular filtration rate, serum creatinine + cystain C",CSA,SENSITIVITY,False,False,gt_9fd89b9a06bf3d21,gt_9fd89b9a06bf3d21,EXTRACTED,intermediate/15b3/Pan-UKB/gt_9fd89b9a06bf3d21.parquet,EXTRACTED,intermediate/15b3/Pan-UKB/gt_9fd89b9a06bf3d21.parquet,True
cmp_88310e25d5472c2f,gt_5cfdcb953dd2daa1,NFKB1,Pan-UKB,Pan-UKB::continuous|eGFRcys|both_sexes||irnt,"Estimated glomerular filtration rate, serum creatinine + cystain C",CSA,SENSITIVITY,False,False,gt_5cfdcb953dd2daa1,gt_5cfdcb953dd2daa1,EXTRACTED,intermediate/15b3/Pan-UKB/gt_5cfdcb953dd2daa1.parquet,EXTRACTED,intermediate/15b3/Pan-UKB/gt_5cfdcb953dd2daa1.parquet,True
cmp_3eba2b47f85848a6,gt_035225972671d0e8,NOX4,Pan-UKB,Pan-UKB::continuous|eGFRcys|both_sexes||irnt,"Estimated glomerular filtration rate, serum creatinine + cystain C",CSA,SENSITIVITY,False,False,gt_035225972671d0e8,gt_035225972671d0e8,EXTRACTED,intermediate/15b3/Pan-UKB/gt_035225972671d0e8.parquet,EXTRACTED,intermediate/15b3/Pan-UKB/gt_035225972671d0e8.parquet,True
cmp_7df0a47e68499502,gt_811c6788417a2e37,TGFB1,Pan-UKB,Pan-UKB::continuous|eGFRcys|both_sexes||irnt,"Estimated glomerular filtration rate, serum creatinine + cystain C",CSA,SENSITIVITY,False,False,gt_811c6788417a2e37,gt_811c6788417a2e37,EXTRACTED,intermediate/15b3/Pan-UKB/gt_811c6788417a2e37.parquet,EXTRACTED,intermediate/15b3/Pan-UKB/gt_811c6788417a2e37.parquet,True
cmp_07dcb18613ab35b7,gt_237a604cf389b322,TNFSF13,Pan-UKB,Pan-UKB::continuous|eGFRcys|both_sexes||irnt,"Estimated glomerular filtration rate, serum creatinine + cystain C",CSA,SENSITIVITY,False,False,gt_237a604cf389b322,gt_237a604cf389b322,EXTRACTED,intermediate/15b3/Pan-UKB/gt_237a604cf389b322.parquet,EXTRACTED,intermediate/15b3/Pan-UKB/gt_237a604cf389b322.parquet,True
cmp_4f4abb1eebddfb83,gt_8ae1111e40e959b8,ADORA1,Pan-UKB,Pan-UKB::continuous|3063|both_sexes||irnt,Forced expiratory volume in 1-second (FEV1),AFR,SENSITIVITY,False,False,gt_8ae1111e40e959b8,gt_8ae1111e40e959b8,EXTRACTED,intermediate/15b3/Pan-UKB/gt_8ae1111e40e959b8.parquet,EXTRACTED,intermediate/15b3/Pan-UKB/gt_8ae1111e40e959b8.parquet,True
cmp_d89a54d130a3c943,gt_8ae1111e40e959b8,ADORA1,Pan-UKB,Pan-UKB::continuous|3063|both_sexes||irnt,Forced expiratory volume in 1-second (FEV1),CSA,SENSITIVITY,False,False,gt_8ae1111e40e959b8,gt_8ae1111e40e959b8,EXTRACTED,intermediate/15b3/Pan-UKB/gt_8ae1111e40e959b8.parquet,EXTRACTED,intermediate/15b3/Pan-UKB/gt_8ae1111e40e959b8.parquet,True
cmp_fa143c87e1daeb35,gt_8ae1111e40e959b8,ADORA1,Pan-UKB,Pan-UKB::continuous|3063|both_sexes||irnt,Forced expiratory volume in 1-second (FEV1),MID,SENSITIVITY,False,False,gt_8ae1111e40e959b8,gt_8ae1111e40e959b8,EXTRACTED,intermediate/15b3/Pan-UKB/gt_8ae1111e40e959b8.parquet,EXTRACTED,intermediate/15b3/Pan-UKB/gt_8ae1111e40e959b8.parquet,True
cmp_444aac4d695659bf,gt_8a1e23cc998cbb64,ADORA2B,Pan-UKB,Pan-UKB::continuous|3063|both_sexes||irnt,Forced expiratory volume in 1-second (FEV1),AFR,SENSITIVITY,False,False,gt_8a1e23cc998cbb64,gt_8a1e23cc998cbb64,EXTRACTED,intermediate/15b3/Pan-UKB/gt_8a1e23cc998cbb64.parquet,EXTRACTED,intermediate/15b3/Pan-UKB/gt_8a1e23cc998cbb64.parquet,True
cmp_0360da9b6e74779e,gt_8a1e23cc998cbb64,ADORA2B,Pan-UKB,Pan-UKB::continuous|3063|both_sexes||irnt,Forced expiratory volume in 1-second (FEV1),CSA,SENSITIVITY,False,False,gt_8a1e23cc998cbb64,gt_8a1e23cc998cbb64,EXTRACTED,intermediate/15b3/Pan-UKB/gt_8a1e23cc998cbb64.parquet,EXTRACTED,intermediate/15b3/Pan-UKB/gt_8a1e23cc998cbb64.parquet,True
cmp_f409cf1f31dfa912,gt_8a1e23cc998cbb64,ADORA2B,Pan-UKB,Pan-UKB::continuous|3063|both_sexes||irnt,Forced expiratory volume in 1-second (FEV1),MID,SENSITIVITY,False,False,gt_8a1e23cc998cbb64,gt_8a1e23cc998cbb64,EXTRACTED,intermediate/15b3/Pan-UKB/gt_8a1e23cc998cbb64.parquet,EXTRACTED,intermediate/15b3/Pan-UKB/gt_8a1e23cc998cbb64.parquet,True
cmp_aedfd6c79753fced,gt_495f677728f16ec2,ADRB2,Pan-UKB,Pan-UKB::continuous|3063|both_sexes||irnt,Forced expiratory volume in 1-second (FEV1),AFR,SENSITIVITY,False,False,gt_495f677728f16ec2,gt_495f677728f16ec2,EXTRACTED,intermediate/15b3/Pan-UKB/gt_495f677728f16ec2.parquet,EXTRACTED,intermediate/15b3/Pan-UKB/gt_495f677728f16ec2.parquet,True
cmp_44e2ab793b6872a6,gt_495f677728f16ec2,ADRB2,Pan-UKB,Pan-UKB::continuous|3063|both_sexes||irnt,Forced expiratory volume in 1-second (FEV1),CSA,SENSITIVITY,False,False,gt_495f677728f16ec2,gt_495f677728f16ec2,EXTRACTED,intermediate/15b3/Pan-UKB/gt_495f677728f16ec2.parquet,EXTRACTED,intermediate/15b3/Pan-UKB/gt_495f677728f16ec2.parquet,True
cmp_3af65fa7fc94c370,gt_495f677728f16ec2,ADRB2,Pan-UKB,Pan-UKB::continuous|3063|both_sexes||irnt,Forced expiratory volume in 1-second (FEV1),MID,SENSITIVITY,False,False,gt_495f677728f16ec2,gt_495f677728f16ec2,EXTRACTED,intermediate/15b3/Pan-UKB/gt_495f677728f16ec2.parquet,EXTRACTED,intermediate/15b3/Pan-UKB/gt_495f677728f16ec2.parquet,True
cmp_1b91d9f5e809b889,gt_eaad0d6b2891c9d2,CHRM3,Pan-UKB,Pan-UKB::continuous|3063|both_sexes||irnt,Forced expiratory volume in 1-second (FEV1),AFR,SENSITIVITY,True,False,gt_eaad0d6b2891c9d2,gt_eaad0d6b2891c9d2,EXTRACTED,intermediate/15b3/Pan-UKB/gt_eaad0d6b2891c9d2.parquet,EXTRACTED,intermediate/15b3/Pan-UKB/gt_eaad0d6b2891c9d2.parquet,True
cmp_c2ec12ce6aa962ff,gt_eaad0d6b2891c9d2,CHRM3,Pan-UKB,Pan-UKB::continuous|3063|both_sexes||irnt,Forced expiratory volume in 1-second (FEV1),CSA,SENSITIVITY,True,False,gt_eaad0d6b2891c9d2,gt_eaad0d6b2891c9d2,EXTRACTED,intermediate/15b3/Pan-UKB/gt_eaad0d6b2891c9d2.parquet,EXTRACTED,intermediate/15b3/Pan-UKB/gt_eaad0d6b2891c9d2.parquet,True
cmp_97ebcb16a1cafb0e,gt_eaad0d6b2891c9d2,CHRM3,Pan-UKB,Pan-UKB::continuous|3063|both_sexes||irnt,Forced expiratory volume in 1-second (FEV1),MID,SENSITIVITY,True,False,gt_eaad0d6b2891c9d2,gt_eaad0d6b2891c9d2,EXTRACTED,intermediate/15b3/Pan-UKB/gt_eaad0d6b2891c9d2.parquet,EXTRACTED,intermediate/15b3/Pan-UKB/gt_eaad0d6b2891c9d2.parquet,True
cmp_613a7b62a07b9fa0,gt_4f85f19a487f8fd2,CSF2,Pan-UKB,Pan-UKB::continuous|3063|both_sexes||irnt,Forced expiratory volume in 1-second (FEV1),AFR,SENSITIVITY,False,False,gt_4f85f19a487f8fd2,gt_4f85f19a487f8fd2,EXTRACTED,intermediate/15b3/Pan-UKB/gt_4f85f19a487f8fd2.parquet,EXTRACTED,intermediate/15b3/Pan-UKB/gt_4f85f19a487f8fd2.parquet,True
cmp_bb698baf90a9b80c,gt_4f85f19a487f8fd2,CSF2,Pan-UKB,Pan-UKB::continuous|3063|both_sexes||irnt,Forced expiratory volume in 1-second (FEV1),CSA,SENSITIVITY,False,False,gt_4f85f19a487f8fd2,gt_4f85f19a487f8fd2,EXTRACTED,intermediate/15b3/Pan-UKB/gt_4f85f19a487f8fd2.parquet,EXTRACTED,intermediate/15b3/Pan-UKB/gt_4f85f19a487f8fd2.parquet,True
cmp_d09c399542f16bcd,gt_4f85f19a487f8fd2,CSF2,Pan-UKB,Pan-UKB::continuous|3063|both_sexes||irnt,Forced expiratory volume in 1-second (FEV1),MID,SENSITIVITY,False,False,gt_4f85f19a487f8fd2,gt_4f85f19a487f8fd2,EXTRACTED,intermediate/15b3/Pan-UKB/gt_4f85f19a487f8fd2.parquet,EXTRACTED,intermediate/15b3/Pan-UKB/gt_4f85f19a487f8fd2.parquet,True
cmp_f9d2192b41cbfa08,gt_688797756517cedf,EPHX2,Pan-UKB,Pan-UKB::continuous|3063|both_sexes||irnt,Forced expiratory volume in 1-second (FEV1),AFR,SENSITIVITY,False,False,gt_688797756517cedf,gt_688797756517cedf,EXTRACTED,intermediate/15b3/Pan-UKB/gt_688797756517cedf.parquet,EXTRACTED,intermediate/15b3/Pan-UKB/gt_688797756517cedf.parquet,True
cmp_bb06079e442d7f6e,gt_688797756517cedf,EPHX2,Pan-UKB,Pan-UKB::continuous|3063|both_sexes||irnt,Forced expiratory volume in 1-second (FEV1),CSA,SENSITIVITY,False,False,gt_688797756517cedf,gt_688797756517cedf,EXTRACTED,intermediate/15b3/Pan-UKB/gt_688797756517cedf.parquet,EXTRACTED,intermediate/15b3/Pan-UKB/gt_688797756517cedf.parquet,True
cmp_66801d1b2f6bd126,gt_688797756517cedf,EPHX2,Pan-UKB,Pan-UKB::continuous|3063|both_sexes||irnt,Forced expiratory volume in 1-second (FEV1),MID,SENSITIVITY,False,False,gt_688797756517cedf,gt_688797756517cedf,EXTRACTED,intermediate/15b3/Pan-UKB/gt_688797756517cedf.parquet,EXTRACTED,intermediate/15b3/Pan-UKB/gt_688797756517cedf.parquet,True
cmp_e11edd02c2e2ee77,gt_013512b566d19bdd,FGFR3,Pan-UKB,Pan-UKB::continuous|3063|both_sexes||irnt,Forced expiratory volume in 1-second (FEV1),AFR,SENSITIVITY,False,False,gt_013512b566d19bdd,gt_013512b566d19bdd,EXTRACTED,intermediate/15b3/Pan-UKB/gt_013512b566d19bdd.parquet,EXTRACTED,intermediate/15b3/Pan-UKB/gt_013512b566d19bdd.parquet,True
cmp_f5c59cf9d9fbd247,gt_013512b566d19bdd,FGFR3,Pan-UKB,Pan-UKB::continuous|3063|both_sexes||irnt,Forced expiratory volume in 1-second (FEV1),CSA,SENSITIVITY,False,False,gt_013512b566d19bdd,gt_013512b566d19bdd,EXTRACTED,intermediate/15b3/Pan-UKB/gt_013512b566d19bdd.parquet,EXTRACTED,intermediate/15b3/Pan-UKB/gt_013512b566d19bdd.parquet,True
cmp_cf5ccf4ec6fdbebc,gt_013512b566d19bdd,FGFR3,Pan-UKB,Pan-UKB::continuous|3063|both_sexes||irnt,Forced expiratory volume in 1-second (FEV1),MID,SENSITIVITY,False,False,gt_013512b566d19bdd,gt_013512b566d19bdd,EXTRACTED,intermediate/15b3/Pan-UKB/gt_013512b566d19bdd.parquet,EXTRACTED,intermediate/15b3/Pan-UKB/gt_013512b566d19bdd.parquet,True
cmp_a41f6c54e55a9b8a,gt_156175cb277f8eb1,GATA3,Pan-UKB,Pan-UKB::continuous|3063|both_sexes||irnt,Forced expiratory volume in 1-second (FEV1),AFR,SENSITIVITY,False,False,gt_156175cb277f8eb1,gt_156175cb277f8eb1,EXTRACTED,intermediate/15b3/Pan-UKB/gt_156175cb277f8eb1.parquet,EXTRACTED,intermediate/15b3/Pan-UKB/gt_156175cb277f8eb1.parquet,True
cmp_1b1956d2f98016e5,gt_156175cb277f8eb1,GATA3,Pan-UKB,Pan-UKB::continuous|3063|both_sexes||irnt,Forced expiratory volume in 1-second (FEV1),CSA,SENSITIVITY,False,False,gt_156175cb277f8eb1,gt_156175cb277f8eb1,EXTRACTED,intermediate/15b3/Pan-UKB/gt_156175cb277f8eb1.parquet,EXTRACTED,intermediate/15b3/Pan-UKB/gt_156175cb277f8eb1.parquet,True
cmp_d1bc8e9656bafef3,gt_156175cb277f8eb1,GATA3,Pan-UKB,Pan-UKB::continuous|3063|both_sexes||irnt,Forced expiratory volume in 1-second (FEV1),MID,SENSITIVITY,False,False,gt_156175cb277f8eb1,gt_156175cb277f8eb1,EXTRACTED,intermediate/15b3/Pan-UKB/gt_156175cb277f8eb1.parquet,EXTRACTED,intermediate/15b3/Pan-UKB/gt_156175cb277f8eb1.parquet,True
cmp_2cc1d4e822d20c6f,gt_cb34eb2d840eca86,HCRTR1,Pan-UKB,Pan-UKB::continuous|3063|both_sexes||irnt,Forced expiratory volume in 1-second (FEV1),AFR,SENSITIVITY,False,False,gt_cb34eb2d840eca86,gt_cb34eb2d840eca86,EXTRACTED,intermediate/15b3/Pan-UKB/gt_cb34eb2d840eca86.parquet,EXTRACTED,intermediate/15b3/Pan-UKB/gt_cb34eb2d840eca86.parquet,True
cmp_f1dff0b7dda5ac4c,gt_cb34eb2d840eca86,HCRTR1,Pan-UKB,Pan-UKB::continuous|3063|both_sexes||irnt,Forced expiratory volume in 1-second (FEV1),CSA,SENSITIVITY,False,False,gt_cb34eb2d840eca86,gt_cb34eb2d840eca86,EXTRACTED,intermediate/15b3/Pan-UKB/gt_cb34eb2d840eca86.parquet,EXTRACTED,intermediate/15b3/Pan-UKB/gt_cb34eb2d840eca86.parquet,True
cmp_a87847dc5b610f14,gt_cb34eb2d840eca86,HCRTR1,Pan-UKB,Pan-UKB::continuous|3063|both_sexes||irnt,Forced expiratory volume in 1-second (FEV1),MID,SENSITIVITY,False,False,gt_cb34eb2d840eca86,gt_cb34eb2d840eca86,EXTRACTED,intermediate/15b3/Pan-UKB/gt_cb34eb2d840eca86.parquet,EXTRACTED,intermediate/15b3/Pan-UKB/gt_cb34eb2d840eca86.parquet,True
cmp_11af20aa9755f060,gt_a146c9afef699a4a,HRH4,Pan-UKB,Pan-UKB::continuous|3063|both_sexes||irnt,Forced expiratory volume in 1-second (FEV1),AFR,SENSITIVITY,False,False,gt_a146c9afef699a4a,gt_a146c9afef699a4a,EXTRACTED,intermediate/15b3/Pan-UKB/gt_a146c9afef699a4a.parquet,EXTRACTED,intermediate/15b3/Pan-UKB/gt_a146c9afef699a4a.parquet,True
cmp_83e0d1b8cbc8cb7e,gt_a146c9afef699a4a,HRH4,Pan-UKB,Pan-UKB::continuous|3063|both_sexes||irnt,Forced expiratory volume in 1-second (FEV1),CSA,SENSITIVITY,False,False,gt_a146c9afef699a4a,gt_a146c9afef699a4a,EXTRACTED,intermediate/15b3/Pan-UKB/gt_a146c9afef699a4a.parquet,EXTRACTED,intermediate/15b3/Pan-UKB/gt_a146c9afef699a4a.parquet,True
cmp_3fe993aff25a4de8,gt_a146c9afef699a4a,HRH4,Pan-UKB,Pan-UKB::continuous|3063|both_sexes||irnt,Forced expiratory volume in 1-second (FEV1),MID,SENSITIVITY,False,False,gt_a146c9afef699a4a,gt_a146c9afef699a4a,EXTRACTED,intermediate/15b3/Pan-UKB/gt_a146c9afef699a4a.parquet,EXTRACTED,intermediate/15b3/Pan-UKB/gt_a146c9afef699a4a.parquet,True
cmp_250be8efbb5012d2,gt_f39647351d388081,IL13,Pan-UKB,Pan-UKB::continuous|3063|both_sexes||irnt,Forced expiratory volume in 1-second (FEV1),AFR,SENSITIVITY,False,False,gt_f39647351d388081,gt_f39647351d388081,EXTRACTED,intermediate/15b3/Pan-UKB/gt_f39647351d388081.parquet,EXTRACTED,intermediate/15b3/Pan-UKB/gt_f39647351d388081.parquet,True
cmp_a2c98a6a74af3cbe,gt_f39647351d388081,IL13,Pan-UKB,Pan-UKB::continuous|3063|both_sexes||irnt,Forced expiratory volume in 1-second (FEV1),CSA,SENSITIVITY,False,False,gt_f39647351d388081,gt_f39647351d388081,EXTRACTED,intermediate/15b3/Pan-UKB/gt_f39647351d388081.parquet,EXTRACTED,intermediate/15b3/Pan-UKB/gt_f39647351d388081.parquet,True
cmp_ac14441385e7764c,gt_f39647351d388081,IL13,Pan-UKB,Pan-UKB::continuous|3063|both_sexes||irnt,Forced expiratory volume in 1-second (FEV1),MID,SENSITIVITY,False,False,gt_f39647351d388081,gt_f39647351d388081,EXTRACTED,intermediate/15b3/Pan-UKB/gt_f39647351d388081.parquet,EXTRACTED,intermediate/15b3/Pan-UKB/gt_f39647351d388081.parquet,True
cmp_06f8f38b37223b61,gt_a9888937e4480c97,IL17RB,Pan-UKB,Pan-UKB::continuous|3063|both_sexes||irnt,Forced expiratory volume in 1-second (FEV1),AFR,SENSITIVITY,False,False,gt_a9888937e4480c97,gt_a9888937e4480c97,EXTRACTED,intermediate/15b3/Pan-UKB/gt_a9888937e4480c97.parquet,EXTRACTED,intermediate/15b3/Pan-UKB/gt_a9888937e4480c97.parquet,True
cmp_973e71f8c3c3cdfd,gt_a9888937e4480c97,IL17RB,Pan-UKB,Pan-UKB::continuous|3063|both_sexes||irnt,Forced expiratory volume in 1-second (FEV1),CSA,SENSITIVITY,False,False,gt_a9888937e4480c97,gt_a9888937e4480c97,EXTRACTED,intermediate/15b3/Pan-UKB/gt_a9888937e4480c97.parquet,EXTRACTED,intermediate/15b3/Pan-UKB/gt_a9888937e4480c97.parquet,True
cmp_c47cbc3c3d901fe6,gt_a9888937e4480c97,IL17RB,Pan-UKB,Pan-UKB::continuous|3063|both_sexes||irnt,Forced expiratory volume in 1-second (FEV1),MID,SENSITIVITY,False,False,gt_a9888937e4480c97,gt_a9888937e4480c97,EXTRACTED,intermediate/15b3/Pan-UKB/gt_a9888937e4480c97.parquet,EXTRACTED,intermediate/15b3/Pan-UKB/gt_a9888937e4480c97.parquet,True
cmp_23af644cf241f544,gt_5d68fa6326a39614,IL1R1,Pan-UKB,Pan-UKB::continuous|3063|both_sexes||irnt,Forced expiratory volume in 1-second (FEV1),AFR,SENSITIVITY,False,False,gt_5d68fa6326a39614,gt_5d68fa6326a39614,EXTRACTED,intermediate/15b3/Pan-UKB/gt_5d68fa6326a39614.parquet,EXTRACTED,intermediate/15b3/Pan-UKB/gt_5d68fa6326a39614.parquet,True
cmp_ab3f2226f0627243,gt_5d68fa6326a39614,IL1R1,Pan-UKB,Pan-UKB::continuous|3063|both_sexes||irnt,Forced expiratory volume in 1-second (FEV1),CSA,SENSITIVITY,False,False,gt_5d68fa6326a39614,gt_5d68fa6326a39614,EXTRACTED,intermediate/15b3/Pan-UKB/gt_5d68fa6326a39614.parquet,EXTRACTED,intermediate/15b3/Pan-UKB/gt_5d68fa6326a39614.parquet,True
cmp_fc99fe3bd099935a,gt_5d68fa6326a39614,IL1R1,Pan-UKB,Pan-UKB::continuous|3063|both_sexes||irnt,Forced expiratory volume in 1-second (FEV1),MID,SENSITIVITY,False,False,gt_5d68fa6326a39614,gt_5d68fa6326a39614,EXTRACTED,intermediate/15b3/Pan-UKB/gt_5d68fa6326a39614.parquet,EXTRACTED,intermediate/15b3/Pan-UKB/gt_5d68fa6326a39614.parquet,True
cmp_60286ede1ad1a631,gt_16bad9e5717c24d3,IL1RL1,Pan-UKB,Pan-UKB::continuous|3063|both_sexes||irnt,Forced expiratory volume in 1-second (FEV1),AFR,SENSITIVITY,False,False,gt_16bad9e5717c24d3,gt_16bad9e5717c24d3,EXTRACTED,intermediate/15b3/Pan-UKB/gt_16bad9e5717c24d3.parquet,EXTRACTED,intermediate/15b3/Pan-UKB/gt_16bad9e5717c24d3.parquet,True
cmp_7adb229aab6568cf,gt_16bad9e5717c24d3,IL1RL1,Pan-UKB,Pan-UKB::continuous|3063|both_sexes||irnt,Forced expiratory volume in 1-second (FEV1),CSA,SENSITIVITY,False,False,gt_16bad9e5717c24d3,gt_16bad9e5717c24d3,EXTRACTED,intermediate/15b3/Pan-UKB/gt_16bad9e5717c24d3.parquet,EXTRACTED,intermediate/15b3/Pan-UKB/gt_16bad9e5717c24d3.parquet,True
cmp_9ee816373e0a74bf,gt_16bad9e5717c24d3,IL1RL1,Pan-UKB,Pan-UKB::continuous|3063|both_sexes||irnt,Forced expiratory volume in 1-second (FEV1),MID,SENSITIVITY,False,False,gt_16bad9e5717c24d3,gt_16bad9e5717c24d3,EXTRACTED,intermediate/15b3/Pan-UKB/gt_16bad9e5717c24d3.parquet,EXTRACTED,intermediate/15b3/Pan-UKB/gt_16bad9e5717c24d3.parquet,True
cmp_e414b118b7a47097,gt_4d0c1be02c7c96b1,IL3,Pan-UKB,Pan-UKB::continuous|3063|both_sexes||irnt,Forced expiratory volume in 1-second (FEV1),AFR,SENSITIVITY,False,False,gt_4d0c1be02c7c96b1,gt_4d0c1be02c7c96b1,EXTRACTED,intermediate/15b3/Pan-UKB/gt_4d0c1be02c7c96b1.parquet,EXTRACTED,intermediate/15b3/Pan-UKB/gt_4d0c1be02c7c96b1.parquet,True
cmp_df4795186342c8ec,gt_4d0c1be02c7c96b1,IL3,Pan-UKB,Pan-UKB::continuous|3063|both_sexes||irnt,Forced expiratory volume in 1-second (FEV1),CSA,SENSITIVITY,False,False,gt_4d0c1be02c7c96b1,gt_4d0c1be02c7c96b1,EXTRACTED,intermediate/15b3/Pan-UKB/gt_4d0c1be02c7c96b1.parquet,EXTRACTED,intermediate/15b3/Pan-UKB/gt_4d0c1be02c7c96b1.parquet,True
cmp_330d27328a9e623b,gt_4d0c1be02c7c96b1,IL3,Pan-UKB,Pan-UKB::continuous|3063|both_sexes||irnt,Forced expiratory volume in 1-second (FEV1),MID,SENSITIVITY,False,False,gt_4d0c1be02c7c96b1,gt_4d0c1be02c7c96b1,EXTRACTED,intermediate/15b3/Pan-UKB/gt_4d0c1be02c7c96b1.parquet,EXTRACTED,intermediate/15b3/Pan-UKB/gt_4d0c1be02c7c96b1.parquet,True
cmp_a97ca91de780967a,gt_7d25e615646c0be9,IL33,Pan-UKB,Pan-UKB::continuous|3063|both_sexes||irnt,Forced expiratory volume in 1-second (FEV1),AFR,SENSITIVITY,False,False,gt_7d25e615646c0be9,gt_7d25e615646c0be9,EXTRACTED,intermediate/15b3/Pan-UKB/gt_7d25e615646c0be9.parquet,EXTRACTED,intermediate/15b3/Pan-UKB/gt_7d25e615646c0be9.parquet,True
cmp_f9c6ab101af844bd,gt_7d25e615646c0be9,IL33,Pan-UKB,Pan-UKB::continuous|3063|both_sexes||irnt,Forced expiratory volume in 1-second (FEV1),CSA,SENSITIVITY,False,False,gt_7d25e615646c0be9,gt_7d25e615646c0be9,EXTRACTED,intermediate/15b3/Pan-UKB/gt_7d25e615646c0be9.parquet,EXTRACTED,intermediate/15b3/Pan-UKB/gt_7d25e615646c0be9.parquet,True
cmp_efdf3fefb0f269bd,gt_7d25e615646c0be9,IL33,Pan-UKB,Pan-UKB::continuous|3063|both_sexes||irnt,Forced expiratory volume in 1-second (FEV1),MID,SENSITIVITY,False,False,gt_7d25e615646c0be9,gt_7d25e615646c0be9,EXTRACTED,intermediate/15b3/Pan-UKB/gt_7d25e615646c0be9.parquet,EXTRACTED,intermediate/15b3/Pan-UKB/gt_7d25e615646c0be9.parquet,True
cmp_1de7d9f3ff40cdb6,gt_ecb0c0d407fda9fb,IL4R,Pan-UKB,Pan-UKB::continuous|3063|both_sexes||irnt,Forced expiratory volume in 1-second (FEV1),AFR,SENSITIVITY,True,False,gt_ecb0c0d407fda9fb,gt_ecb0c0d407fda9fb,EXTRACTED,intermediate/15b3/Pan-UKB/gt_ecb0c0d407fda9fb.parquet,EXTRACTED,intermediate/15b3/Pan-UKB/gt_ecb0c0d407fda9fb.parquet,True
cmp_bc32b2cbd4161ce7,gt_ecb0c0d407fda9fb,IL4R,Pan-UKB,Pan-UKB::continuous|3063|both_sexes||irnt,Forced expiratory volume in 1-second (FEV1),CSA,SENSITIVITY,True,False,gt_ecb0c0d407fda9fb,gt_ecb0c0d407fda9fb,EXTRACTED,intermediate/15b3/Pan-UKB/gt_ecb0c0d407fda9fb.parquet,EXTRACTED,intermediate/15b3/Pan-UKB/gt_ecb0c0d407fda9fb.parquet,True
cmp_1a41b38573a4d155,gt_ecb0c0d407fda9fb,IL4R,Pan-UKB,Pan-UKB::continuous|3063|both_sexes||irnt,Forced expiratory volume in 1-second (FEV1),MID,SENSITIVITY,True,False,gt_ecb0c0d407fda9fb,gt_ecb0c0d407fda9fb,EXTRACTED,intermediate/15b3/Pan-UKB/gt_ecb0c0d407fda9fb.parquet,EXTRACTED,intermediate/15b3/Pan-UKB/gt_ecb0c0d407fda9fb.parquet,True
cmp_bce7de3d3d689903,gt_bfd5545a5a2876bf,IL5,Pan-UKB,Pan-UKB::continuous|3063|both_sexes||irnt,Forced expiratory volume in 1-second (FEV1),AFR,SENSITIVITY,False,False,gt_bfd5545a5a2876bf,gt_bfd5545a5a2876bf,EXTRACTED,intermediate/15b3/Pan-UKB/gt_bfd5545a5a2876bf.parquet,EXTRACTED,intermediate/15b3/Pan-UKB/gt_bfd5545a5a2876bf.parquet,True
cmp_332fec79312e401f,gt_bfd5545a5a2876bf,IL5,Pan-UKB,Pan-UKB::continuous|3063|both_sexes||irnt,Forced expiratory volume in 1-second (FEV1),CSA,SENSITIVITY,False,False,gt_bfd5545a5a2876bf,gt_bfd5545a5a2876bf,EXTRACTED,intermediate/15b3/Pan-UKB/gt_bfd5545a5a2876bf.parquet,EXTRACTED,intermediate/15b3/Pan-UKB/gt_bfd5545a5a2876bf.parquet,True
cmp_20dc1885f80bc8b7,gt_bfd5545a5a2876bf,IL5,Pan-UKB,Pan-UKB::continuous|3063|both_sexes||irnt,Forced expiratory volume in 1-second (FEV1),MID,SENSITIVITY,False,False,gt_bfd5545a5a2876bf,gt_bfd5545a5a2876bf,EXTRACTED,intermediate/15b3/Pan-UKB/gt_bfd5545a5a2876bf.parquet,EXTRACTED,intermediate/15b3/Pan-UKB/gt_bfd5545a5a2876bf.parquet,True
cmp_368c6782f3a9ec3a,gt_f6175b0342fb5780,IL6,Pan-UKB,Pan-UKB::continuous|3063|both_sexes||irnt,Forced expiratory volume in 1-second (FEV1),AFR,SENSITIVITY,False,False,gt_f6175b0342fb5780,gt_f6175b0342fb5780,EXTRACTED,intermediate/15b3/Pan-UKB/gt_f6175b0342fb5780.parquet,EXTRACTED,intermediate/15b3/Pan-UKB/gt_f6175b0342fb5780.parquet,True
cmp_4ada1c8c1f56c795,gt_f6175b0342fb5780,IL6,Pan-UKB,Pan-UKB::continuous|3063|both_sexes||irnt,Forced expiratory volume in 1-second (FEV1),CSA,SENSITIVITY,False,False,gt_f6175b0342fb5780,gt_f6175b0342fb5780,EXTRACTED,intermediate/15b3/Pan-UKB/gt_f6175b0342fb5780.parquet,EXTRACTED,intermediate/15b3/Pan-UKB/gt_f6175b0342fb5780.parquet,True
cmp_21e380f8bd5bc6f7,gt_f6175b0342fb5780,IL6,Pan-UKB,Pan-UKB::continuous|3063|both_sexes||irnt,Forced expiratory volume in 1-second (FEV1),MID,SENSITIVITY,False,False,gt_f6175b0342fb5780,gt_f6175b0342fb5780,EXTRACTED,intermediate/15b3/Pan-UKB/gt_f6175b0342fb5780.parquet,EXTRACTED,intermediate/15b3/Pan-UKB/gt_f6175b0342fb5780.parquet,True
cmp_7897f8268eb26861,gt_b1ae3eb539c385dd,ITGB7,Pan-UKB,Pan-UKB::continuous|3063|both_sexes||irnt,Forced expiratory volume in 1-second (FEV1),AFR,SENSITIVITY,False,False,gt_b1ae3eb539c385dd,gt_b1ae3eb539c385dd,EXTRACTED,intermediate/15b3/Pan-UKB/gt_b1ae3eb539c385dd.parquet,EXTRACTED,intermediate/15b3/Pan-UKB/gt_b1ae3eb539c385dd.parquet,True
cmp_5015a8e14ac22aca,gt_b1ae3eb539c385dd,ITGB7,Pan-UKB,Pan-UKB::continuous|3063|both_sexes||irnt,Forced expiratory volume in 1-second (FEV1),CSA,SENSITIVITY,False,False,gt_b1ae3eb539c385dd,gt_b1ae3eb539c385dd,EXTRACTED,intermediate/15b3/Pan-UKB/gt_b1ae3eb539c385dd.parquet,EXTRACTED,intermediate/15b3/Pan-UKB/gt_b1ae3eb539c385dd.parquet,True
cmp_d5aeadfa9b9f254d,gt_b1ae3eb539c385dd,ITGB7,Pan-UKB,Pan-UKB::continuous|3063|both_sexes||irnt,Forced expiratory volume in 1-second (FEV1),MID,SENSITIVITY,False,False,gt_b1ae3eb539c385dd,gt_b1ae3eb539c385dd,EXTRACTED,intermediate/15b3/Pan-UKB/gt_b1ae3eb539c385dd.parquet,EXTRACTED,intermediate/15b3/Pan-UKB/gt_b1ae3eb539c385dd.parquet,True
cmp_aaeedfc7da4e573c,gt_7f724afe00ec49cb,KIT,Pan-UKB,Pan-UKB::continuous|3063|both_sexes||irnt,Forced expiratory volume in 1-second (FEV1),AFR,SENSITIVITY,False,False,gt_7f724afe00ec49cb,gt_7f724afe00ec49cb,EXTRACTED,intermediate/15b3/Pan-UKB/gt_7f724afe00ec49cb.parquet,EXTRACTED,intermediate/15b3/Pan-UKB/gt_7f724afe00ec49cb.parquet,True
cmp_36f360319b92d8ad,gt_7f724afe00ec49cb,KIT,Pan-UKB,Pan-UKB::continuous|3063|both_sexes||irnt,Forced expiratory volume in 1-second (FEV1),CSA,SENSITIVITY,False,False,gt_7f724afe00ec49cb,gt_7f724afe00ec49cb,EXTRACTED,intermediate/15b3/Pan-UKB/gt_7f724afe00ec49cb.parquet,EXTRACTED,intermediate/15b3/Pan-UKB/gt_7f724afe00ec49cb.parquet,True
cmp_2f7c84458df88773,gt_7f724afe00ec49cb,KIT,Pan-UKB,Pan-UKB::continuous|3063|both_sexes||irnt,Forced expiratory volume in 1-second (FEV1),MID,SENSITIVITY,False,False,gt_7f724afe00ec49cb,gt_7f724afe00ec49cb,EXTRACTED,intermediate/15b3/Pan-UKB/gt_7f724afe00ec49cb.parquet,EXTRACTED,intermediate/15b3/Pan-UKB/gt_7f724afe00ec49cb.parquet,True
cmp_aebcdb294aa53f74,gt_b13b0fea4588063b,MMP12,Pan-UKB,Pan-UKB::continuous|3063|both_sexes||irnt,Forced expiratory volume in 1-second (FEV1),AFR,SENSITIVITY,False,False,gt_b13b0fea4588063b,gt_b13b0fea4588063b,EXTRACTED,intermediate/15b3/Pan-UKB/gt_b13b0fea4588063b.parquet,EXTRACTED,intermediate/15b3/Pan-UKB/gt_b13b0fea4588063b.parquet,True
cmp_0f11a62ccab57060,gt_b13b0fea4588063b,MMP12,Pan-UKB,Pan-UKB::continuous|3063|both_sexes||irnt,Forced expiratory volume in 1-second (FEV1),CSA,SENSITIVITY,False,False,gt_b13b0fea4588063b,gt_b13b0fea4588063b,EXTRACTED,intermediate/15b3/Pan-UKB/gt_b13b0fea4588063b.parquet,EXTRACTED,intermediate/15b3/Pan-UKB/gt_b13b0fea4588063b.parquet,True
cmp_d7b484b38d8d6b13,gt_b13b0fea4588063b,MMP12,Pan-UKB,Pan-UKB::continuous|3063|both_sexes||irnt,Forced expiratory volume in 1-second (FEV1),MID,SENSITIVITY,False,False,gt_b13b0fea4588063b,gt_b13b0fea4588063b,EXTRACTED,intermediate/15b3/Pan-UKB/gt_b13b0fea4588063b.parquet,EXTRACTED,intermediate/15b3/Pan-UKB/gt_b13b0fea4588063b.parquet,True
cmp_28001402e4a9727e,gt_9d644cbd7bb53f54,NFKB1,Pan-UKB,Pan-UKB::continuous|3063|both_sexes||irnt,Forced expiratory volume in 1-second (FEV1),AFR,SENSITIVITY,False,False,gt_9d644cbd7bb53f54,gt_9d644cbd7bb53f54,EXTRACTED,intermediate/15b3/Pan-UKB/gt_9d644cbd7bb53f54.parquet,EXTRACTED,intermediate/15b3/Pan-UKB/gt_9d644cbd7bb53f54.parquet,True
cmp_9aa24a6ecd617802,gt_9d644cbd7bb53f54,NFKB1,Pan-UKB,Pan-UKB::continuous|3063|both_sexes||irnt,Forced expiratory volume in 1-second (FEV1),CSA,SENSITIVITY,False,False,gt_9d644cbd7bb53f54,gt_9d644cbd7bb53f54,EXTRACTED,intermediate/15b3/Pan-UKB/gt_9d644cbd7bb53f54.parquet,EXTRACTED,intermediate/15b3/Pan-UKB/gt_9d644cbd7bb53f54.parquet,True
cmp_b46a44a29bed6bda,gt_9d644cbd7bb53f54,NFKB1,Pan-UKB,Pan-UKB::continuous|3063|both_sexes||irnt,Forced expiratory volume in 1-second (FEV1),MID,SENSITIVITY,False,False,gt_9d644cbd7bb53f54,gt_9d644cbd7bb53f54,EXTRACTED,intermediate/15b3/Pan-UKB/gt_9d644cbd7bb53f54.parquet,EXTRACTED,intermediate/15b3/Pan-UKB/gt_9d644cbd7bb53f54.parquet,True
cmp_fc650e8fe2ecb616,gt_453814eeb960a8fd,NR3C1,Pan-UKB,Pan-UKB::continuous|3063|both_sexes||irnt,Forced expiratory volume in 1-second (FEV1),AFR,SENSITIVITY,False,False,gt_453814eeb960a8fd,gt_453814eeb960a8fd,EXTRACTED,intermediate/15b3/Pan-UKB/gt_453814eeb960a8fd.parquet,EXTRACTED,intermediate/15b3/Pan-UKB/gt_453814eeb960a8fd.parquet,True
cmp_56f436438f8d3071,gt_453814eeb960a8fd,NR3C1,Pan-UKB,Pan-UKB::continuous|3063|both_sexes||irnt,Forced expiratory volume in 1-second (FEV1),CSA,SENSITIVITY,False,False,gt_453814eeb960a8fd,gt_453814eeb960a8fd,EXTRACTED,intermediate/15b3/Pan-UKB/gt_453814eeb960a8fd.parquet,EXTRACTED,intermediate/15b3/Pan-UKB/gt_453814eeb960a8fd.parquet,True
cmp_dcc91b9766498186,gt_453814eeb960a8fd,NR3C1,Pan-UKB,Pan-UKB::continuous|3063|both_sexes||irnt,Forced expiratory volume in 1-second (FEV1),MID,SENSITIVITY,False,False,gt_453814eeb960a8fd,gt_453814eeb960a8fd,EXTRACTED,intermediate/15b3/Pan-UKB/gt_453814eeb960a8fd.parquet,EXTRACTED,intermediate/15b3/Pan-UKB/gt_453814eeb960a8fd.parquet,True
cmp_71d51fd8220ecdd7,gt_67618c459284880c,P2RY2,Pan-UKB,Pan-UKB::continuous|3063|both_sexes||irnt,Forced expiratory volume in 1-second (FEV1),AFR,SENSITIVITY,False,False,gt_67618c459284880c,gt_67618c459284880c,EXTRACTED,intermediate/15b3/Pan-UKB/gt_67618c459284880c.parquet,EXTRACTED,intermediate/15b3/Pan-UKB/gt_67618c459284880c.parquet,True
cmp_ceb0320df06c9ef1,gt_67618c459284880c,P2RY2,Pan-UKB,Pan-UKB::continuous|3063|both_sexes||irnt,Forced expiratory volume in 1-second (FEV1),CSA,SENSITIVITY,False,False,gt_67618c459284880c,gt_67618c459284880c,EXTRACTED,intermediate/15b3/Pan-UKB/gt_67618c459284880c.parquet,EXTRACTED,intermediate/15b3/Pan-UKB/gt_67618c459284880c.parquet,True
cmp_92340126838632f5,gt_67618c459284880c,P2RY2,Pan-UKB,Pan-UKB::continuous|3063|both_sexes||irnt,Forced expiratory volume in 1-second (FEV1),MID,SENSITIVITY,False,False,gt_67618c459284880c,gt_67618c459284880c,EXTRACTED,intermediate/15b3/Pan-UKB/gt_67618c459284880c.parquet,EXTRACTED,intermediate/15b3/Pan-UKB/gt_67618c459284880c.parquet,True
cmp_350b5e0d60207f09,gt_0ef8cbb6ba3f7abe,PDE3A,Pan-UKB,Pan-UKB::continuous|3063|both_sexes||irnt,Forced expiratory volume in 1-second (FEV1),AFR,SENSITIVITY,False,False,gt_0ef8cbb6ba3f7abe,gt_0ef8cbb6ba3f7abe,EXTRACTED,intermediate/15b3/Pan-UKB/gt_0ef8cbb6ba3f7abe.parquet,EXTRACTED,intermediate/15b3/Pan-UKB/gt_0ef8cbb6ba3f7abe.parquet,True
cmp_b6cab8740f5a9c7b,gt_0ef8cbb6ba3f7abe,PDE3A,Pan-UKB,Pan-UKB::continuous|3063|both_sexes||irnt,Forced expiratory volume in 1-second (FEV1),CSA,SENSITIVITY,False,False,gt_0ef8cbb6ba3f7abe,gt_0ef8cbb6ba3f7abe,EXTRACTED,intermediate/15b3/Pan-UKB/gt_0ef8cbb6ba3f7abe.parquet,EXTRACTED,intermediate/15b3/Pan-UKB/gt_0ef8cbb6ba3f7abe.parquet,True
cmp_197aad6d12fe8c13,gt_0ef8cbb6ba3f7abe,PDE3A,Pan-UKB,Pan-UKB::continuous|3063|both_sexes||irnt,Forced expiratory volume in 1-second (FEV1),MID,SENSITIVITY,False,False,gt_0ef8cbb6ba3f7abe,gt_0ef8cbb6ba3f7abe,EXTRACTED,intermediate/15b3/Pan-UKB/gt_0ef8cbb6ba3f7abe.parquet,EXTRACTED,intermediate/15b3/Pan-UKB/gt_0ef8cbb6ba3f7abe.parquet,True
cmp_b3de2b99d654dcd6,gt_ce15e9abcabbebe4,PDE4B,Pan-UKB,Pan-UKB::continuous|3063|both_sexes||irnt,Forced expiratory volume in 1-second (FEV1),AFR,SENSITIVITY,False,False,gt_ce15e9abcabbebe4,gt_ce15e9abcabbebe4,EXTRACTED,intermediate/15b3/Pan-UKB/gt_ce15e9abcabbebe4.parquet,EXTRACTED,intermediate/15b3/Pan-UKB/gt_ce15e9abcabbebe4.parquet,True
cmp_31ea5471a11d8e99,gt_ce15e9abcabbebe4,PDE4B,Pan-UKB,Pan-UKB::continuous|3063|both_sexes||irnt,Forced expiratory volume in 1-second (FEV1),CSA,SENSITIVITY,False,False,gt_ce15e9abcabbebe4,gt_ce15e9abcabbebe4,EXTRACTED,intermediate/15b3/Pan-UKB/gt_ce15e9abcabbebe4.parquet,EXTRACTED,intermediate/15b3/Pan-UKB/gt_ce15e9abcabbebe4.parquet,True
cmp_b10df697bb87a651,gt_ce15e9abcabbebe4,PDE4B,Pan-UKB,Pan-UKB::continuous|3063|both_sexes||irnt,Forced expiratory volume in 1-second (FEV1),MID,SENSITIVITY,False,False,gt_ce15e9abcabbebe4,gt_ce15e9abcabbebe4,EXTRACTED,intermediate/15b3/Pan-UKB/gt_ce15e9abcabbebe4.parquet,EXTRACTED,intermediate/15b3/Pan-UKB/gt_ce15e9abcabbebe4.parquet,True
cmp_7e50cbc5623b026a,gt_45bc82dccf3c01ab,PDE4D,Pan-UKB,Pan-UKB::continuous|3063|both_sexes||irnt,Forced expiratory volume in 1-second (FEV1),AFR,SENSITIVITY,False,False,gt_45bc82dccf3c01ab,gt_45bc82dccf3c01ab,EXTRACTED,intermediate/15b3/Pan-UKB/gt_45bc82dccf3c01ab.parquet,EXTRACTED,intermediate/15b3/Pan-UKB/gt_45bc82dccf3c01ab.parquet,True
cmp_3b03f5bda01bae7a,gt_45bc82dccf3c01ab,PDE4D,Pan-UKB,Pan-UKB::continuous|3063|both_sexes||irnt,Forced expiratory volume in 1-second (FEV1),CSA,SENSITIVITY,False,False,gt_45bc82dccf3c01ab,gt_45bc82dccf3c01ab,EXTRACTED,intermediate/15b3/Pan-UKB/gt_45bc82dccf3c01ab.parquet,EXTRACTED,intermediate/15b3/Pan-UKB/gt_45bc82dccf3c01ab.parquet,True
cmp_2b59ee2a8e42bb83,gt_45bc82dccf3c01ab,PDE4D,Pan-UKB,Pan-UKB::continuous|3063|both_sexes||irnt,Forced expiratory volume in 1-second (FEV1),MID,SENSITIVITY,False,False,gt_45bc82dccf3c01ab,gt_45bc82dccf3c01ab,EXTRACTED,intermediate/15b3/Pan-UKB/gt_45bc82dccf3c01ab.parquet,EXTRACTED,intermediate/15b3/Pan-UKB/gt_45bc82dccf3c01ab.parquet,True
cmp_7d7d97212a472ada,gt_634e01c40ac909ce,RARG,Pan-UKB,Pan-UKB::continuous|3063|both_sexes||irnt,Forced expiratory volume in 1-second (FEV1),AFR,SENSITIVITY,False,False,gt_634e01c40ac909ce,gt_634e01c40ac909ce,EXTRACTED,intermediate/15b3/Pan-UKB/gt_634e01c40ac909ce.parquet,EXTRACTED,intermediate/15b3/Pan-UKB/gt_634e01c40ac909ce.parquet,True
cmp_e22939b588f8ca9c,gt_634e01c40ac909ce,RARG,Pan-UKB,Pan-UKB::continuous|3063|both_sexes||irnt,Forced expiratory volume in 1-second (FEV1),CSA,SENSITIVITY,False,False,gt_634e01c40ac909ce,gt_634e01c40ac909ce,EXTRACTED,intermediate/15b3/Pan-UKB/gt_634e01c40ac909ce.parquet,EXTRACTED,intermediate/15b3/Pan-UKB/gt_634e01c40ac909ce.parquet,True
cmp_91c8bfaedcb71690,gt_634e01c40ac909ce,RARG,Pan-UKB,Pan-UKB::continuous|3063|both_sexes||irnt,Forced expiratory volume in 1-second (FEV1),MID,SENSITIVITY,False,False,gt_634e01c40ac909ce,gt_634e01c40ac909ce,EXTRACTED,intermediate/15b3/Pan-UKB/gt_634e01c40ac909ce.parquet,EXTRACTED,intermediate/15b3/Pan-UKB/gt_634e01c40ac909ce.parquet,True
cmp_b389e63423459398,gt_029961e460d086f0,SERPINA1,Pan-UKB,Pan-UKB::continuous|3063|both_sexes||irnt,Forced expiratory volume in 1-second (FEV1),AFR,SENSITIVITY,False,False,gt_029961e460d086f0,gt_029961e460d086f0,EXTRACTED,intermediate/15b3/Pan-UKB/gt_029961e460d086f0.parquet,EXTRACTED,intermediate/15b3/Pan-UKB/gt_029961e460d086f0.parquet,True
cmp_91fbbe74acfb4987,gt_029961e460d086f0,SERPINA1,Pan-UKB,Pan-UKB::continuous|3063|both_sexes||irnt,Forced expiratory volume in 1-second (FEV1),CSA,SENSITIVITY,False,False,gt_029961e460d086f0,gt_029961e460d086f0,EXTRACTED,intermediate/15b3/Pan-UKB/gt_029961e460d086f0.parquet,EXTRACTED,intermediate/15b3/Pan-UKB/gt_029961e460d086f0.parquet,True
cmp_9146bc01f23009a1,gt_029961e460d086f0,SERPINA1,Pan-UKB,Pan-UKB::continuous|3063|both_sexes||irnt,Forced expiratory volume in 1-second (FEV1),MID,SENSITIVITY,False,False,gt_029961e460d086f0,gt_029961e460d086f0,EXTRACTED,intermediate/15b3/Pan-UKB/gt_029961e460d086f0.parquet,EXTRACTED,intermediate/15b3/Pan-UKB/gt_029961e460d086f0.parquet,True
cmp_b29b8dddfb4cdb14,gt_b8bfd54f2cf1a119,TNFSF15,Pan-UKB,Pan-UKB::continuous|3063|both_sexes||irnt,Forced expiratory volume in 1-second (FEV1),AFR,SENSITIVITY,False,False,gt_b8bfd54f2cf1a119,gt_b8bfd54f2cf1a119,EXTRACTED,intermediate/15b3/Pan-UKB/gt_b8bfd54f2cf1a119.parquet,EXTRACTED,intermediate/15b3/Pan-UKB/gt_b8bfd54f2cf1a119.parquet,True
cmp_96b17e06a6e7a982,gt_b8bfd54f2cf1a119,TNFSF15,Pan-UKB,Pan-UKB::continuous|3063|both_sexes||irnt,Forced expiratory volume in 1-second (FEV1),CSA,SENSITIVITY,False,False,gt_b8bfd54f2cf1a119,gt_b8bfd54f2cf1a119,EXTRACTED,intermediate/15b3/Pan-UKB/gt_b8bfd54f2cf1a119.parquet,EXTRACTED,intermediate/15b3/Pan-UKB/gt_b8bfd54f2cf1a119.parquet,True
cmp_3fdc2b0f28ca157a,gt_b8bfd54f2cf1a119,TNFSF15,Pan-UKB,Pan-UKB::continuous|3063|both_sexes||irnt,Forced expiratory volume in 1-second (FEV1),MID,SENSITIVITY,False,False,gt_b8bfd54f2cf1a119,gt_b8bfd54f2cf1a119,EXTRACTED,intermediate/15b3/Pan-UKB/gt_b8bfd54f2cf1a119.parquet,EXTRACTED,intermediate/15b3/Pan-UKB/gt_b8bfd54f2cf1a119.parquet,True
cmp_416dabb7bbc8299b,gt_351f098f1d4785d1,TNFSF4,Pan-UKB,Pan-UKB::continuous|3063|both_sexes||irnt,Forced expiratory volume in 1-second (FEV1),AFR,SENSITIVITY,False,False,gt_351f098f1d4785d1,gt_351f098f1d4785d1,EXTRACTED,intermediate/15b3/Pan-UKB/gt_351f098f1d4785d1.parquet,EXTRACTED,intermediate/15b3/Pan-UKB/gt_351f098f1d4785d1.parquet,True
cmp_52fb5f9805834b6d,gt_351f098f1d4785d1,TNFSF4,Pan-UKB,Pan-UKB::continuous|3063|both_sexes||irnt,Forced expiratory volume in 1-second (FEV1),CSA,SENSITIVITY,False,False,gt_351f098f1d4785d1,gt_351f098f1d4785d1,EXTRACTED,intermediate/15b3/Pan-UKB/gt_351f098f1d4785d1.parquet,EXTRACTED,intermediate/15b3/Pan-UKB/gt_351f098f1d4785d1.parquet,True
cmp_ce25c7354229b376,gt_351f098f1d4785d1,TNFSF4,Pan-UKB,Pan-UKB::continuous|3063|both_sexes||irnt,Forced expiratory volume in 1-second (FEV1),MID,SENSITIVITY,False,False,gt_351f098f1d4785d1,gt_351f098f1d4785d1,EXTRACTED,intermediate/15b3/Pan-UKB/gt_351f098f1d4785d1.parquet,EXTRACTED,intermediate/15b3/Pan-UKB/gt_351f098f1d4785d1.parquet,True
cmp_759adfd647a4dbab,gt_f74f9b66526dece0,TSLP,Pan-UKB,Pan-UKB::continuous|3063|both_sexes||irnt,Forced expiratory volume in 1-second (FEV1),AFR,SENSITIVITY,True,False,gt_f74f9b66526dece0,gt_f74f9b66526dece0,EXTRACTED,intermediate/15b3/Pan-UKB/gt_f74f9b66526dece0.parquet,EXTRACTED,intermediate/15b3/Pan-UKB/gt_f74f9b66526dece0.parquet,True
cmp_2973708801b03919,gt_f74f9b66526dece0,TSLP,Pan-UKB,Pan-UKB::continuous|3063|both_sexes||irnt,Forced expiratory volume in 1-second (FEV1),CSA,SENSITIVITY,True,False,gt_f74f9b66526dece0,gt_f74f9b66526dece0,EXTRACTED,intermediate/15b3/Pan-UKB/gt_f74f9b66526dece0.parquet,EXTRACTED,intermediate/15b3/Pan-UKB/gt_f74f9b66526dece0.parquet,True
cmp_64fd608209eb0a79,gt_f74f9b66526dece0,TSLP,Pan-UKB,Pan-UKB::continuous|3063|both_sexes||irnt,Forced expiratory volume in 1-second (FEV1),MID,SENSITIVITY,True,False,gt_f74f9b66526dece0,gt_f74f9b66526dece0,EXTRACTED,intermediate/15b3/Pan-UKB/gt_f74f9b66526dece0.parquet,EXTRACTED,intermediate/15b3/Pan-UKB/gt_f74f9b66526dece0.parquet,True
cmp_19087d7ff329daa7,gt_e16801af4d34b8d6,TYK2,Pan-UKB,Pan-UKB::continuous|3063|both_sexes||irnt,Forced expiratory volume in 1-second (FEV1),AFR,SENSITIVITY,False,False,gt_e16801af4d34b8d6,gt_e16801af4d34b8d6,EXTRACTED,intermediate/15b3/Pan-UKB/gt_e16801af4d34b8d6.parquet,EXTRACTED,intermediate/15b3/Pan-UKB/gt_e16801af4d34b8d6.parquet,True
cmp_25caf8ba2f8398e8,gt_e16801af4d34b8d6,TYK2,Pan-UKB,Pan-UKB::continuous|3063|both_sexes||irnt,Forced expiratory volume in 1-second (FEV1),CSA,SENSITIVITY,False,False,gt_e16801af4d34b8d6,gt_e16801af4d34b8d6,EXTRACTED,intermediate/15b3/Pan-UKB/gt_e16801af4d34b8d6.parquet,EXTRACTED,intermediate/15b3/Pan-UKB/gt_e16801af4d34b8d6.parquet,True
cmp_d4f5c2823cec7832,gt_e16801af4d34b8d6,TYK2,Pan-UKB,Pan-UKB::continuous|3063|both_sexes||irnt,Forced expiratory volume in 1-second (FEV1),MID,SENSITIVITY,False,False,gt_e16801af4d34b8d6,gt_e16801af4d34b8d6,EXTRACTED,intermediate/15b3/Pan-UKB/gt_e16801af4d34b8d6.parquet,EXTRACTED,intermediate/15b3/Pan-UKB/gt_e16801af4d34b8d6.parquet,True
cmp_be8091df0d0a4af2,gt_48d9393562b5ff50,ADORA1,Pan-UKB,Pan-UKB::continuous|3062|both_sexes||irnt,Forced vital capacity (FVC),AFR,SENSITIVITY,False,False,gt_48d9393562b5ff50,gt_48d9393562b5ff50,EXTRACTED,intermediate/15b3/Pan-UKB/gt_48d9393562b5ff50.parquet,EXTRACTED,intermediate/15b3/Pan-UKB/gt_48d9393562b5ff50.parquet,True
cmp_ac269e19005e96e3,gt_48d9393562b5ff50,ADORA1,Pan-UKB,Pan-UKB::continuous|3062|both_sexes||irnt,Forced vital capacity (FVC),CSA,SENSITIVITY,False,False,gt_48d9393562b5ff50,gt_48d9393562b5ff50,EXTRACTED,intermediate/15b3/Pan-UKB/gt_48d9393562b5ff50.parquet,EXTRACTED,intermediate/15b3/Pan-UKB/gt_48d9393562b5ff50.parquet,True
cmp_3f151fc6b17942f1,gt_48d9393562b5ff50,ADORA1,Pan-UKB,Pan-UKB::continuous|3062|both_sexes||irnt,Forced vital capacity (FVC),MID,SENSITIVITY,False,False,gt_48d9393562b5ff50,gt_48d9393562b5ff50,EXTRACTED,intermediate/15b3/Pan-UKB/gt_48d9393562b5ff50.parquet,EXTRACTED,intermediate/15b3/Pan-UKB/gt_48d9393562b5ff50.parquet,True
cmp_bc7158818260bd91,gt_d4809ae97a28786d,ADORA2B,Pan-UKB,Pan-UKB::continuous|3062|both_sexes||irnt,Forced vital capacity (FVC),AFR,SENSITIVITY,False,False,gt_d4809ae97a28786d,gt_d4809ae97a28786d,EXTRACTED,intermediate/15b3/Pan-UKB/gt_d4809ae97a28786d.parquet,EXTRACTED,intermediate/15b3/Pan-UKB/gt_d4809ae97a28786d.parquet,True
cmp_664a872f042a90b6,gt_d4809ae97a28786d,ADORA2B,Pan-UKB,Pan-UKB::continuous|3062|both_sexes||irnt,Forced vital capacity (FVC),CSA,SENSITIVITY,False,False,gt_d4809ae97a28786d,gt_d4809ae97a28786d,EXTRACTED,intermediate/15b3/Pan-UKB/gt_d4809ae97a28786d.parquet,EXTRACTED,intermediate/15b3/Pan-UKB/gt_d4809ae97a28786d.parquet,True
cmp_574db8944e52622d,gt_d4809ae97a28786d,ADORA2B,Pan-UKB,Pan-UKB::continuous|3062|both_sexes||irnt,Forced vital capacity (FVC),MID,SENSITIVITY,False,False,gt_d4809ae97a28786d,gt_d4809ae97a28786d,EXTRACTED,intermediate/15b3/Pan-UKB/gt_d4809ae97a28786d.parquet,EXTRACTED,intermediate/15b3/Pan-UKB/gt_d4809ae97a28786d.parquet,True
cmp_c2cdff936ad92c27,gt_df7e9a1eb48a6586,ADRB2,Pan-UKB,Pan-UKB::continuous|3062|both_sexes||irnt,Forced vital capacity (FVC),AFR,SENSITIVITY,False,False,gt_df7e9a1eb48a6586,gt_df7e9a1eb48a6586,EXTRACTED,intermediate/15b3/Pan-UKB/gt_df7e9a1eb48a6586.parquet,EXTRACTED,intermediate/15b3/Pan-UKB/gt_df7e9a1eb48a6586.parquet,True
cmp_86a3571275474197,gt_df7e9a1eb48a6586,ADRB2,Pan-UKB,Pan-UKB::continuous|3062|both_sexes||irnt,Forced vital capacity (FVC),CSA,SENSITIVITY,False,False,gt_df7e9a1eb48a6586,gt_df7e9a1eb48a6586,EXTRACTED,intermediate/15b3/Pan-UKB/gt_df7e9a1eb48a6586.parquet,EXTRACTED,intermediate/15b3/Pan-UKB/gt_df7e9a1eb48a6586.parquet,True
cmp_6ef172ed91e906d1,gt_df7e9a1eb48a6586,ADRB2,Pan-UKB,Pan-UKB::continuous|3062|both_sexes||irnt,Forced vital capacity (FVC),MID,SENSITIVITY,False,False,gt_df7e9a1eb48a6586,gt_df7e9a1eb48a6586,EXTRACTED,intermediate/15b3/Pan-UKB/gt_df7e9a1eb48a6586.parquet,EXTRACTED,intermediate/15b3/Pan-UKB/gt_df7e9a1eb48a6586.parquet,True
cmp_033e74024bcb9ced,gt_46d69d85fe63ef90,CHRM3,Pan-UKB,Pan-UKB::continuous|3062|both_sexes||irnt,Forced vital capacity (FVC),AFR,SENSITIVITY,True,False,gt_46d69d85fe63ef90,gt_46d69d85fe63ef90,EXTRACTED,intermediate/15b3/Pan-UKB/gt_46d69d85fe63ef90.parquet,EXTRACTED,intermediate/15b3/Pan-UKB/gt_46d69d85fe63ef90.parquet,True
cmp_6125c6b3b40ba024,gt_46d69d85fe63ef90,CHRM3,Pan-UKB,Pan-UKB::continuous|3062|both_sexes||irnt,Forced vital capacity (FVC),CSA,SENSITIVITY,True,False,gt_46d69d85fe63ef90,gt_46d69d85fe63ef90,EXTRACTED,intermediate/15b3/Pan-UKB/gt_46d69d85fe63ef90.parquet,EXTRACTED,intermediate/15b3/Pan-UKB/gt_46d69d85fe63ef90.parquet,True
cmp_001082a57e33a24f,gt_46d69d85fe63ef90,CHRM3,Pan-UKB,Pan-UKB::continuous|3062|both_sexes||irnt,Forced vital capacity (FVC),MID,SENSITIVITY,True,False,gt_46d69d85fe63ef90,gt_46d69d85fe63ef90,EXTRACTED,intermediate/15b3/Pan-UKB/gt_46d69d85fe63ef90.parquet,EXTRACTED,intermediate/15b3/Pan-UKB/gt_46d69d85fe63ef90.parquet,True
cmp_0619cc6ab3b5a989,gt_b8100d18ea6533d9,CSF2,Pan-UKB,Pan-UKB::continuous|3062|both_sexes||irnt,Forced vital capacity (FVC),AFR,SENSITIVITY,False,False,gt_b8100d18ea6533d9,gt_b8100d18ea6533d9,EXTRACTED,intermediate/15b3/Pan-UKB/gt_b8100d18ea6533d9.parquet,EXTRACTED,intermediate/15b3/Pan-UKB/gt_b8100d18ea6533d9.parquet,True
cmp_a69a116cb9515c7e,gt_b8100d18ea6533d9,CSF2,Pan-UKB,Pan-UKB::continuous|3062|both_sexes||irnt,Forced vital capacity (FVC),CSA,SENSITIVITY,False,False,gt_b8100d18ea6533d9,gt_b8100d18ea6533d9,EXTRACTED,intermediate/15b3/Pan-UKB/gt_b8100d18ea6533d9.parquet,EXTRACTED,intermediate/15b3/Pan-UKB/gt_b8100d18ea6533d9.parquet,True
cmp_a4ae177165fa458d,gt_b8100d18ea6533d9,CSF2,Pan-UKB,Pan-UKB::continuous|3062|both_sexes||irnt,Forced vital capacity (FVC),MID,SENSITIVITY,False,False,gt_b8100d18ea6533d9,gt_b8100d18ea6533d9,EXTRACTED,intermediate/15b3/Pan-UKB/gt_b8100d18ea6533d9.parquet,EXTRACTED,intermediate/15b3/Pan-UKB/gt_b8100d18ea6533d9.parquet,True
cmp_e67ef941835ecc49,gt_627ba7f7d193b4f0,EPHX2,Pan-UKB,Pan-UKB::continuous|3062|both_sexes||irnt,Forced vital capacity (FVC),AFR,SENSITIVITY,False,False,gt_627ba7f7d193b4f0,gt_627ba7f7d193b4f0,EXTRACTED,intermediate/15b3/Pan-UKB/gt_627ba7f7d193b4f0.parquet,EXTRACTED,intermediate/15b3/Pan-UKB/gt_627ba7f7d193b4f0.parquet,True
cmp_300fe0b74a5e5886,gt_627ba7f7d193b4f0,EPHX2,Pan-UKB,Pan-UKB::continuous|3062|both_sexes||irnt,Forced vital capacity (FVC),CSA,SENSITIVITY,False,False,gt_627ba7f7d193b4f0,gt_627ba7f7d193b4f0,EXTRACTED,intermediate/15b3/Pan-UKB/gt_627ba7f7d193b4f0.parquet,EXTRACTED,intermediate/15b3/Pan-UKB/gt_627ba7f7d193b4f0.parquet,True
cmp_4d3509b2239b6265,gt_627ba7f7d193b4f0,EPHX2,Pan-UKB,Pan-UKB::continuous|3062|both_sexes||irnt,Forced vital capacity (FVC),MID,SENSITIVITY,False,False,gt_627ba7f7d193b4f0,gt_627ba7f7d193b4f0,EXTRACTED,intermediate/15b3/Pan-UKB/gt_627ba7f7d193b4f0.parquet,EXTRACTED,intermediate/15b3/Pan-UKB/gt_627ba7f7d193b4f0.parquet,True
cmp_425b16daa69c253d,gt_1eeb6fa62227d107,FGFR3,Pan-UKB,Pan-UKB::continuous|3062|both_sexes||irnt,Forced vital capacity (FVC),AFR,SENSITIVITY,False,False,gt_1eeb6fa62227d107,gt_1eeb6fa62227d107,EXTRACTED,intermediate/15b3/Pan-UKB/gt_1eeb6fa62227d107.parquet,EXTRACTED,intermediate/15b3/Pan-UKB/gt_1eeb6fa62227d107.parquet,True
cmp_cadce426e2b7e41b,gt_1eeb6fa62227d107,FGFR3,Pan-UKB,Pan-UKB::continuous|3062|both_sexes||irnt,Forced vital capacity (FVC),CSA,SENSITIVITY,False,False,gt_1eeb6fa62227d107,gt_1eeb6fa62227d107,EXTRACTED,intermediate/15b3/Pan-UKB/gt_1eeb6fa62227d107.parquet,EXTRACTED,intermediate/15b3/Pan-UKB/gt_1eeb6fa62227d107.parquet,True
cmp_6660f87ecfc67493,gt_1eeb6fa62227d107,FGFR3,Pan-UKB,Pan-UKB::continuous|3062|both_sexes||irnt,Forced vital capacity (FVC),MID,SENSITIVITY,False,False,gt_1eeb6fa62227d107,gt_1eeb6fa62227d107,EXTRACTED,intermediate/15b3/Pan-UKB/gt_1eeb6fa62227d107.parquet,EXTRACTED,intermediate/15b3/Pan-UKB/gt_1eeb6fa62227d107.parquet,True
cmp_cff5a51d9d9900de,gt_7f8c25bf2fa7f05c,GATA3,Pan-UKB,Pan-UKB::continuous|3062|both_sexes||irnt,Forced vital capacity (FVC),AFR,SENSITIVITY,False,False,gt_7f8c25bf2fa7f05c,gt_7f8c25bf2fa7f05c,EXTRACTED,intermediate/15b3/Pan-UKB/gt_7f8c25bf2fa7f05c.parquet,EXTRACTED,intermediate/15b3/Pan-UKB/gt_7f8c25bf2fa7f05c.parquet,True
cmp_067b760de01d7f38,gt_7f8c25bf2fa7f05c,GATA3,Pan-UKB,Pan-UKB::continuous|3062|both_sexes||irnt,Forced vital capacity (FVC),CSA,SENSITIVITY,False,False,gt_7f8c25bf2fa7f05c,gt_7f8c25bf2fa7f05c,EXTRACTED,intermediate/15b3/Pan-UKB/gt_7f8c25bf2fa7f05c.parquet,EXTRACTED,intermediate/15b3/Pan-UKB/gt_7f8c25bf2fa7f05c.parquet,True
cmp_02dd9254a9b6e9ab,gt_7f8c25bf2fa7f05c,GATA3,Pan-UKB,Pan-UKB::continuous|3062|both_sexes||irnt,Forced vital capacity (FVC),MID,SENSITIVITY,False,False,gt_7f8c25bf2fa7f05c,gt_7f8c25bf2fa7f05c,EXTRACTED,intermediate/15b3/Pan-UKB/gt_7f8c25bf2fa7f05c.parquet,EXTRACTED,intermediate/15b3/Pan-UKB/gt_7f8c25bf2fa7f05c.parquet,True
cmp_f7b5b7395302c17e,gt_80ed0a36710016a5,HCRTR1,Pan-UKB,Pan-UKB::continuous|3062|both_sexes||irnt,Forced vital capacity (FVC),AFR,SENSITIVITY,False,False,gt_80ed0a36710016a5,gt_80ed0a36710016a5,EXTRACTED,intermediate/15b3/Pan-UKB/gt_80ed0a36710016a5.parquet,EXTRACTED,intermediate/15b3/Pan-UKB/gt_80ed0a36710016a5.parquet,True
cmp_c2da49a51d882675,gt_80ed0a36710016a5,HCRTR1,Pan-UKB,Pan-UKB::continuous|3062|both_sexes||irnt,Forced vital capacity (FVC),CSA,SENSITIVITY,False,False,gt_80ed0a36710016a5,gt_80ed0a36710016a5,EXTRACTED,intermediate/15b3/Pan-UKB/gt_80ed0a36710016a5.parquet,EXTRACTED,intermediate/15b3/Pan-UKB/gt_80ed0a36710016a5.parquet,True
cmp_d18073a1eb8151ee,gt_80ed0a36710016a5,HCRTR1,Pan-UKB,Pan-UKB::continuous|3062|both_sexes||irnt,Forced vital capacity (FVC),MID,SENSITIVITY,False,False,gt_80ed0a36710016a5,gt_80ed0a36710016a5,EXTRACTED,intermediate/15b3/Pan-UKB/gt_80ed0a36710016a5.parquet,EXTRACTED,intermediate/15b3/Pan-UKB/gt_80ed0a36710016a5.parquet,True
cmp_13330754df9fa5f7,gt_7572aa2bb0914ab1,HRH4,Pan-UKB,Pan-UKB::continuous|3062|both_sexes||irnt,Forced vital capacity (FVC),AFR,SENSITIVITY,False,False,gt_7572aa2bb0914ab1,gt_7572aa2bb0914ab1,EXTRACTED,intermediate/15b3/Pan-UKB/gt_7572aa2bb0914ab1.parquet,EXTRACTED,intermediate/15b3/Pan-UKB/gt_7572aa2bb0914ab1.parquet,True
cmp_ac7c91f32cbdb7cd,gt_7572aa2bb0914ab1,HRH4,Pan-UKB,Pan-UKB::continuous|3062|both_sexes||irnt,Forced vital capacity (FVC),CSA,SENSITIVITY,False,False,gt_7572aa2bb0914ab1,gt_7572aa2bb0914ab1,EXTRACTED,intermediate/15b3/Pan-UKB/gt_7572aa2bb0914ab1.parquet,EXTRACTED,intermediate/15b3/Pan-UKB/gt_7572aa2bb0914ab1.parquet,True
cmp_087b0eafdfe68c20,gt_7572aa2bb0914ab1,HRH4,Pan-UKB,Pan-UKB::continuous|3062|both_sexes||irnt,Forced vital capacity (FVC),MID,SENSITIVITY,False,False,gt_7572aa2bb0914ab1,gt_7572aa2bb0914ab1,EXTRACTED,intermediate/15b3/Pan-UKB/gt_7572aa2bb0914ab1.parquet,EXTRACTED,intermediate/15b3/Pan-UKB/gt_7572aa2bb0914ab1.parquet,True
cmp_ec028698aeb90e9d,gt_3a823a51b7fd931e,IL13,Pan-UKB,Pan-UKB::continuous|3062|both_sexes||irnt,Forced vital capacity (FVC),AFR,SENSITIVITY,False,False,gt_3a823a51b7fd931e,gt_3a823a51b7fd931e,EXTRACTED,intermediate/15b3/Pan-UKB/gt_3a823a51b7fd931e.parquet,EXTRACTED,intermediate/15b3/Pan-UKB/gt_3a823a51b7fd931e.parquet,True
cmp_bbfd1df7c82daa59,gt_3a823a51b7fd931e,IL13,Pan-UKB,Pan-UKB::continuous|3062|both_sexes||irnt,Forced vital capacity (FVC),CSA,SENSITIVITY,False,False,gt_3a823a51b7fd931e,gt_3a823a51b7fd931e,EXTRACTED,intermediate/15b3/Pan-UKB/gt_3a823a51b7fd931e.parquet,EXTRACTED,intermediate/15b3/Pan-UKB/gt_3a823a51b7fd931e.parquet,True
cmp_73e5aab4619edd80,gt_3a823a51b7fd931e,IL13,Pan-UKB,Pan-UKB::continuous|3062|both_sexes||irnt,Forced vital capacity (FVC),MID,SENSITIVITY,False,False,gt_3a823a51b7fd931e,gt_3a823a51b7fd931e,EXTRACTED,intermediate/15b3/Pan-UKB/gt_3a823a51b7fd931e.parquet,EXTRACTED,intermediate/15b3/Pan-UKB/gt_3a823a51b7fd931e.parquet,True
cmp_a28c624d3c59dc61,gt_84525d9b3679984a,IL17RB,Pan-UKB,Pan-UKB::continuous|3062|both_sexes||irnt,Forced vital capacity (FVC),AFR,SENSITIVITY,False,False,gt_84525d9b3679984a,gt_84525d9b3679984a,EXTRACTED,intermediate/15b3/Pan-UKB/gt_84525d9b3679984a.parquet,EXTRACTED,intermediate/15b3/Pan-UKB/gt_84525d9b3679984a.parquet,True
cmp_5c32b0c65e86f603,gt_84525d9b3679984a,IL17RB,Pan-UKB,Pan-UKB::continuous|3062|both_sexes||irnt,Forced vital capacity (FVC),CSA,SENSITIVITY,False,False,gt_84525d9b3679984a,gt_84525d9b3679984a,EXTRACTED,intermediate/15b3/Pan-UKB/gt_84525d9b3679984a.parquet,EXTRACTED,intermediate/15b3/Pan-UKB/gt_84525d9b3679984a.parquet,True
cmp_1887cf22dde0a1df,gt_84525d9b3679984a,IL17RB,Pan-UKB,Pan-UKB::continuous|3062|both_sexes||irnt,Forced vital capacity (FVC),MID,SENSITIVITY,False,False,gt_84525d9b3679984a,gt_84525d9b3679984a,EXTRACTED,intermediate/15b3/Pan-UKB/gt_84525d9b3679984a.parquet,EXTRACTED,intermediate/15b3/Pan-UKB/gt_84525d9b3679984a.parquet,True
cmp_922343856f4c9d8e,gt_07be8437e4fb75bf,IL1R1,Pan-UKB,Pan-UKB::continuous|3062|both_sexes||irnt,Forced vital capacity (FVC),AFR,SENSITIVITY,False,False,gt_07be8437e4fb75bf,gt_07be8437e4fb75bf,EXTRACTED,intermediate/15b3/Pan-UKB/gt_07be8437e4fb75bf.parquet,EXTRACTED,intermediate/15b3/Pan-UKB/gt_07be8437e4fb75bf.parquet,True
cmp_0f62cc6a7c2edcc4,gt_07be8437e4fb75bf,IL1R1,Pan-UKB,Pan-UKB::continuous|3062|both_sexes||irnt,Forced vital capacity (FVC),CSA,SENSITIVITY,False,False,gt_07be8437e4fb75bf,gt_07be8437e4fb75bf,EXTRACTED,intermediate/15b3/Pan-UKB/gt_07be8437e4fb75bf.parquet,EXTRACTED,intermediate/15b3/Pan-UKB/gt_07be8437e4fb75bf.parquet,True
cmp_31aa42c2f5c4dcb3,gt_07be8437e4fb75bf,IL1R1,Pan-UKB,Pan-UKB::continuous|3062|both_sexes||irnt,Forced vital capacity (FVC),MID,SENSITIVITY,False,False,gt_07be8437e4fb75bf,gt_07be8437e4fb75bf,EXTRACTED,intermediate/15b3/Pan-UKB/gt_07be8437e4fb75bf.parquet,EXTRACTED,intermediate/15b3/Pan-UKB/gt_07be8437e4fb75bf.parquet,True
cmp_da099bb3faa4d756,gt_c073758027a17aa2,IL1RL1,Pan-UKB,Pan-UKB::continuous|3062|both_sexes||irnt,Forced vital capacity (FVC),AFR,SENSITIVITY,False,False,gt_c073758027a17aa2,gt_c073758027a17aa2,EXTRACTED,intermediate/15b3/Pan-UKB/gt_c073758027a17aa2.parquet,EXTRACTED,intermediate/15b3/Pan-UKB/gt_c073758027a17aa2.parquet,True
cmp_f97b2c00161abfa4,gt_c073758027a17aa2,IL1RL1,Pan-UKB,Pan-UKB::continuous|3062|both_sexes||irnt,Forced vital capacity (FVC),CSA,SENSITIVITY,False,False,gt_c073758027a17aa2,gt_c073758027a17aa2,EXTRACTED,intermediate/15b3/Pan-UKB/gt_c073758027a17aa2.parquet,EXTRACTED,intermediate/15b3/Pan-UKB/gt_c073758027a17aa2.parquet,True
cmp_acb9e49bff81aba7,gt_c073758027a17aa2,IL1RL1,Pan-UKB,Pan-UKB::continuous|3062|both_sexes||irnt,Forced vital capacity (FVC),MID,SENSITIVITY,False,False,gt_c073758027a17aa2,gt_c073758027a17aa2,EXTRACTED,intermediate/15b3/Pan-UKB/gt_c073758027a17aa2.parquet,EXTRACTED,intermediate/15b3/Pan-UKB/gt_c073758027a17aa2.parquet,True
cmp_19ebba0d130819ad,gt_0f3c648c57772115,IL3,Pan-UKB,Pan-UKB::continuous|3062|both_sexes||irnt,Forced vital capacity (FVC),AFR,SENSITIVITY,False,False,gt_0f3c648c57772115,gt_0f3c648c57772115,EXTRACTED,intermediate/15b3/Pan-UKB/gt_0f3c648c57772115.parquet,EXTRACTED,intermediate/15b3/Pan-UKB/gt_0f3c648c57772115.parquet,True
cmp_be2532a3a1319712,gt_0f3c648c57772115,IL3,Pan-UKB,Pan-UKB::continuous|3062|both_sexes||irnt,Forced vital capacity (FVC),CSA,SENSITIVITY,False,False,gt_0f3c648c57772115,gt_0f3c648c57772115,EXTRACTED,intermediate/15b3/Pan-UKB/gt_0f3c648c57772115.parquet,EXTRACTED,intermediate/15b3/Pan-UKB/gt_0f3c648c57772115.parquet,True
cmp_188e23743abf4404,gt_0f3c648c57772115,IL3,Pan-UKB,Pan-UKB::continuous|3062|both_sexes||irnt,Forced vital capacity (FVC),MID,SENSITIVITY,False,False,gt_0f3c648c57772115,gt_0f3c648c57772115,EXTRACTED,intermediate/15b3/Pan-UKB/gt_0f3c648c57772115.parquet,EXTRACTED,intermediate/15b3/Pan-UKB/gt_0f3c648c57772115.parquet,True
cmp_243110a936e195dc,gt_18d41ae065e330d7,IL33,Pan-UKB,Pan-UKB::continuous|3062|both_sexes||irnt,Forced vital capacity (FVC),AFR,SENSITIVITY,False,False,gt_18d41ae065e330d7,gt_18d41ae065e330d7,EXTRACTED,intermediate/15b3/Pan-UKB/gt_18d41ae065e330d7.parquet,EXTRACTED,intermediate/15b3/Pan-UKB/gt_18d41ae065e330d7.parquet,True
cmp_b2302c72c314e35e,gt_18d41ae065e330d7,IL33,Pan-UKB,Pan-UKB::continuous|3062|both_sexes||irnt,Forced vital capacity (FVC),CSA,SENSITIVITY,False,False,gt_18d41ae065e330d7,gt_18d41ae065e330d7,EXTRACTED,intermediate/15b3/Pan-UKB/gt_18d41ae065e330d7.parquet,EXTRACTED,intermediate/15b3/Pan-UKB/gt_18d41ae065e330d7.parquet,True
cmp_7e793280b06a50d4,gt_18d41ae065e330d7,IL33,Pan-UKB,Pan-UKB::continuous|3062|both_sexes||irnt,Forced vital capacity (FVC),MID,SENSITIVITY,False,False,gt_18d41ae065e330d7,gt_18d41ae065e330d7,EXTRACTED,intermediate/15b3/Pan-UKB/gt_18d41ae065e330d7.parquet,EXTRACTED,intermediate/15b3/Pan-UKB/gt_18d41ae065e330d7.parquet,True
cmp_6e8eaa5bcba8f01f,gt_08e785ae6efb3f9a,IL4R,Pan-UKB,Pan-UKB::continuous|3062|both_sexes||irnt,Forced vital capacity (FVC),AFR,SENSITIVITY,True,False,gt_08e785ae6efb3f9a,gt_08e785ae6efb3f9a,EXTRACTED,intermediate/15b3/Pan-UKB/gt_08e785ae6efb3f9a.parquet,EXTRACTED,intermediate/15b3/Pan-UKB/gt_08e785ae6efb3f9a.parquet,True
cmp_cd746859d3f29a12,gt_08e785ae6efb3f9a,IL4R,Pan-UKB,Pan-UKB::continuous|3062|both_sexes||irnt,Forced vital capacity (FVC),CSA,SENSITIVITY,True,False,gt_08e785ae6efb3f9a,gt_08e785ae6efb3f9a,EXTRACTED,intermediate/15b3/Pan-UKB/gt_08e785ae6efb3f9a.parquet,EXTRACTED,intermediate/15b3/Pan-UKB/gt_08e785ae6efb3f9a.parquet,True
cmp_0a262ab0250b06a7,gt_08e785ae6efb3f9a,IL4R,Pan-UKB,Pan-UKB::continuous|3062|both_sexes||irnt,Forced vital capacity (FVC),MID,SENSITIVITY,True,False,gt_08e785ae6efb3f9a,gt_08e785ae6efb3f9a,EXTRACTED,intermediate/15b3/Pan-UKB/gt_08e785ae6efb3f9a.parquet,EXTRACTED,intermediate/15b3/Pan-UKB/gt_08e785ae6efb3f9a.parquet,True
cmp_8b497ea68f5db561,gt_02cc00fae6333219,IL5,Pan-UKB,Pan-UKB::continuous|3062|both_sexes||irnt,Forced vital capacity (FVC),AFR,SENSITIVITY,False,False,gt_02cc00fae6333219,gt_02cc00fae6333219,EXTRACTED,intermediate/15b3/Pan-UKB/gt_02cc00fae6333219.parquet,EXTRACTED,intermediate/15b3/Pan-UKB/gt_02cc00fae6333219.parquet,True
cmp_dd1b21bbc45eb2a0,gt_02cc00fae6333219,IL5,Pan-UKB,Pan-UKB::continuous|3062|both_sexes||irnt,Forced vital capacity (FVC),CSA,SENSITIVITY,False,False,gt_02cc00fae6333219,gt_02cc00fae6333219,EXTRACTED,intermediate/15b3/Pan-UKB/gt_02cc00fae6333219.parquet,EXTRACTED,intermediate/15b3/Pan-UKB/gt_02cc00fae6333219.parquet,True
cmp_7e307816e12f7868,gt_02cc00fae6333219,IL5,Pan-UKB,Pan-UKB::continuous|3062|both_sexes||irnt,Forced vital capacity (FVC),MID,SENSITIVITY,False,False,gt_02cc00fae6333219,gt_02cc00fae6333219,EXTRACTED,intermediate/15b3/Pan-UKB/gt_02cc00fae6333219.parquet,EXTRACTED,intermediate/15b3/Pan-UKB/gt_02cc00fae6333219.parquet,True
cmp_2fa9bc3784a6aba4,gt_fc6dc0881ba598e4,IL6,Pan-UKB,Pan-UKB::continuous|3062|both_sexes||irnt,Forced vital capacity (FVC),AFR,SENSITIVITY,False,False,gt_fc6dc0881ba598e4,gt_fc6dc0881ba598e4,EXTRACTED,intermediate/15b3/Pan-UKB/gt_fc6dc0881ba598e4.parquet,EXTRACTED,intermediate/15b3/Pan-UKB/gt_fc6dc0881ba598e4.parquet,True
cmp_50685ea08e3c4a7f,gt_fc6dc0881ba598e4,IL6,Pan-UKB,Pan-UKB::continuous|3062|both_sexes||irnt,Forced vital capacity (FVC),CSA,SENSITIVITY,False,False,gt_fc6dc0881ba598e4,gt_fc6dc0881ba598e4,EXTRACTED,intermediate/15b3/Pan-UKB/gt_fc6dc0881ba598e4.parquet,EXTRACTED,intermediate/15b3/Pan-UKB/gt_fc6dc0881ba598e4.parquet,True
cmp_0c97a6b69a46b5a0,gt_fc6dc0881ba598e4,IL6,Pan-UKB,Pan-UKB::continuous|3062|both_sexes||irnt,Forced vital capacity (FVC),MID,SENSITIVITY,False,False,gt_fc6dc0881ba598e4,gt_fc6dc0881ba598e4,EXTRACTED,intermediate/15b3/Pan-UKB/gt_fc6dc0881ba598e4.parquet,EXTRACTED,intermediate/15b3/Pan-UKB/gt_fc6dc0881ba598e4.parquet,True
cmp_531b60e1603b1cea,gt_58869ee37c53092a,ITGB7,Pan-UKB,Pan-UKB::continuous|3062|both_sexes||irnt,Forced vital capacity (FVC),AFR,SENSITIVITY,False,False,gt_58869ee37c53092a,gt_58869ee37c53092a,EXTRACTED,intermediate/15b3/Pan-UKB/gt_58869ee37c53092a.parquet,EXTRACTED,intermediate/15b3/Pan-UKB/gt_58869ee37c53092a.parquet,True
cmp_db58ffbf80fabc8d,gt_58869ee37c53092a,ITGB7,Pan-UKB,Pan-UKB::continuous|3062|both_sexes||irnt,Forced vital capacity (FVC),CSA,SENSITIVITY,False,False,gt_58869ee37c53092a,gt_58869ee37c53092a,EXTRACTED,intermediate/15b3/Pan-UKB/gt_58869ee37c53092a.parquet,EXTRACTED,intermediate/15b3/Pan-UKB/gt_58869ee37c53092a.parquet,True
cmp_2e7bc5fc5c721c2d,gt_58869ee37c53092a,ITGB7,Pan-UKB,Pan-UKB::continuous|3062|both_sexes||irnt,Forced vital capacity (FVC),MID,SENSITIVITY,False,False,gt_58869ee37c53092a,gt_58869ee37c53092a,EXTRACTED,intermediate/15b3/Pan-UKB/gt_58869ee37c53092a.parquet,EXTRACTED,intermediate/15b3/Pan-UKB/gt_58869ee37c53092a.parquet,True
cmp_3b391f47afc6f174,gt_a92d4e31f988cf77,KIT,Pan-UKB,Pan-UKB::continuous|3062|both_sexes||irnt,Forced vital capacity (FVC),AFR,SENSITIVITY,False,False,gt_a92d4e31f988cf77,gt_a92d4e31f988cf77,EXTRACTED,intermediate/15b3/Pan-UKB/gt_a92d4e31f988cf77.parquet,EXTRACTED,intermediate/15b3/Pan-UKB/gt_a92d4e31f988cf77.parquet,True
cmp_d76d5d00dd99397d,gt_a92d4e31f988cf77,KIT,Pan-UKB,Pan-UKB::continuous|3062|both_sexes||irnt,Forced vital capacity (FVC),CSA,SENSITIVITY,False,False,gt_a92d4e31f988cf77,gt_a92d4e31f988cf77,EXTRACTED,intermediate/15b3/Pan-UKB/gt_a92d4e31f988cf77.parquet,EXTRACTED,intermediate/15b3/Pan-UKB/gt_a92d4e31f988cf77.parquet,True
cmp_e8b59fd83b71c206,gt_a92d4e31f988cf77,KIT,Pan-UKB,Pan-UKB::continuous|3062|both_sexes||irnt,Forced vital capacity (FVC),MID,SENSITIVITY,False,False,gt_a92d4e31f988cf77,gt_a92d4e31f988cf77,EXTRACTED,intermediate/15b3/Pan-UKB/gt_a92d4e31f988cf77.parquet,EXTRACTED,intermediate/15b3/Pan-UKB/gt_a92d4e31f988cf77.parquet,True
cmp_978ee1932afcf88b,gt_70a0768822a3785b,MMP12,Pan-UKB,Pan-UKB::continuous|3062|both_sexes||irnt,Forced vital capacity (FVC),AFR,SENSITIVITY,False,False,gt_70a0768822a3785b,gt_70a0768822a3785b,EXTRACTED,intermediate/15b3/Pan-UKB/gt_70a0768822a3785b.parquet,EXTRACTED,intermediate/15b3/Pan-UKB/gt_70a0768822a3785b.parquet,True
cmp_c03eee1356ff5583,gt_70a0768822a3785b,MMP12,Pan-UKB,Pan-UKB::continuous|3062|both_sexes||irnt,Forced vital capacity (FVC),CSA,SENSITIVITY,False,False,gt_70a0768822a3785b,gt_70a0768822a3785b,EXTRACTED,intermediate/15b3/Pan-UKB/gt_70a0768822a3785b.parquet,EXTRACTED,intermediate/15b3/Pan-UKB/gt_70a0768822a3785b.parquet,True
cmp_f8bdd39b48b3c88b,gt_70a0768822a3785b,MMP12,Pan-UKB,Pan-UKB::continuous|3062|both_sexes||irnt,Forced vital capacity (FVC),MID,SENSITIVITY,False,False,gt_70a0768822a3785b,gt_70a0768822a3785b,EXTRACTED,intermediate/15b3/Pan-UKB/gt_70a0768822a3785b.parquet,EXTRACTED,intermediate/15b3/Pan-UKB/gt_70a0768822a3785b.parquet,True
cmp_3e10b5105be2c6bc,gt_218837e157532d38,NFKB1,Pan-UKB,Pan-UKB::continuous|3062|both_sexes||irnt,Forced vital capacity (FVC),AFR,SENSITIVITY,False,False,gt_218837e157532d38,gt_218837e157532d38,EXTRACTED,intermediate/15b3/Pan-UKB/gt_218837e157532d38.parquet,EXTRACTED,intermediate/15b3/Pan-UKB/gt_218837e157532d38.parquet,True
cmp_567773caf550ba97,gt_218837e157532d38,NFKB1,Pan-UKB,Pan-UKB::continuous|3062|both_sexes||irnt,Forced vital capacity (FVC),CSA,SENSITIVITY,False,False,gt_218837e157532d38,gt_218837e157532d38,EXTRACTED,intermediate/15b3/Pan-UKB/gt_218837e157532d38.parquet,EXTRACTED,intermediate/15b3/Pan-UKB/gt_218837e157532d38.parquet,True
cmp_74cdd8c9a6aedbe3,gt_218837e157532d38,NFKB1,Pan-UKB,Pan-UKB::continuous|3062|both_sexes||irnt,Forced vital capacity (FVC),MID,SENSITIVITY,False,False,gt_218837e157532d38,gt_218837e157532d38,EXTRACTED,intermediate/15b3/Pan-UKB/gt_218837e157532d38.parquet,EXTRACTED,intermediate/15b3/Pan-UKB/gt_218837e157532d38.parquet,True
cmp_9cc7b1a672a14fb1,gt_8a08c40baf7205b2,NR3C1,Pan-UKB,Pan-UKB::continuous|3062|both_sexes||irnt,Forced vital capacity (FVC),AFR,SENSITIVITY,False,False,gt_8a08c40baf7205b2,gt_8a08c40baf7205b2,EXTRACTED,intermediate/15b3/Pan-UKB/gt_8a08c40baf7205b2.parquet,EXTRACTED,intermediate/15b3/Pan-UKB/gt_8a08c40baf7205b2.parquet,True
cmp_ff8541132090947c,gt_8a08c40baf7205b2,NR3C1,Pan-UKB,Pan-UKB::continuous|3062|both_sexes||irnt,Forced vital capacity (FVC),CSA,SENSITIVITY,False,False,gt_8a08c40baf7205b2,gt_8a08c40baf7205b2,EXTRACTED,intermediate/15b3/Pan-UKB/gt_8a08c40baf7205b2.parquet,EXTRACTED,intermediate/15b3/Pan-UKB/gt_8a08c40baf7205b2.parquet,True
cmp_a2860f90c6582987,gt_8a08c40baf7205b2,NR3C1,Pan-UKB,Pan-UKB::continuous|3062|both_sexes||irnt,Forced vital capacity (FVC),MID,SENSITIVITY,False,False,gt_8a08c40baf7205b2,gt_8a08c40baf7205b2,EXTRACTED,intermediate/15b3/Pan-UKB/gt_8a08c40baf7205b2.parquet,EXTRACTED,intermediate/15b3/Pan-UKB/gt_8a08c40baf7205b2.parquet,True
cmp_98be20d76bcef9db,gt_fed4b73e6a6fedab,P2RY2,Pan-UKB,Pan-UKB::continuous|3062|both_sexes||irnt,Forced vital capacity (FVC),AFR,SENSITIVITY,False,False,gt_fed4b73e6a6fedab,gt_fed4b73e6a6fedab,EXTRACTED,intermediate/15b3/Pan-UKB/gt_fed4b73e6a6fedab.parquet,EXTRACTED,intermediate/15b3/Pan-UKB/gt_fed4b73e6a6fedab.parquet,True
cmp_b392c804e512b196,gt_fed4b73e6a6fedab,P2RY2,Pan-UKB,Pan-UKB::continuous|3062|both_sexes||irnt,Forced vital capacity (FVC),CSA,SENSITIVITY,False,False,gt_fed4b73e6a6fedab,gt_fed4b73e6a6fedab,EXTRACTED,intermediate/15b3/Pan-UKB/gt_fed4b73e6a6fedab.parquet,EXTRACTED,intermediate/15b3/Pan-UKB/gt_fed4b73e6a6fedab.parquet,True
cmp_ee24afaac1a570ea,gt_fed4b73e6a6fedab,P2RY2,Pan-UKB,Pan-UKB::continuous|3062|both_sexes||irnt,Forced vital capacity (FVC),MID,SENSITIVITY,False,False,gt_fed4b73e6a6fedab,gt_fed4b73e6a6fedab,EXTRACTED,intermediate/15b3/Pan-UKB/gt_fed4b73e6a6fedab.parquet,EXTRACTED,intermediate/15b3/Pan-UKB/gt_fed4b73e6a6fedab.parquet,True
cmp_26b6cc2ed7bec0a6,gt_4433b8c42ab32b16,PDE3A,Pan-UKB,Pan-UKB::continuous|3062|both_sexes||irnt,Forced vital capacity (FVC),AFR,SENSITIVITY,False,False,gt_4433b8c42ab32b16,gt_4433b8c42ab32b16,EXTRACTED,intermediate/15b3/Pan-UKB/gt_4433b8c42ab32b16.parquet,EXTRACTED,intermediate/15b3/Pan-UKB/gt_4433b8c42ab32b16.parquet,True
cmp_9f98b783bdd2f23c,gt_4433b8c42ab32b16,PDE3A,Pan-UKB,Pan-UKB::continuous|3062|both_sexes||irnt,Forced vital capacity (FVC),CSA,SENSITIVITY,False,False,gt_4433b8c42ab32b16,gt_4433b8c42ab32b16,EXTRACTED,intermediate/15b3/Pan-UKB/gt_4433b8c42ab32b16.parquet,EXTRACTED,intermediate/15b3/Pan-UKB/gt_4433b8c42ab32b16.parquet,True
cmp_b98d1a6ea7b9f7d9,gt_4433b8c42ab32b16,PDE3A,Pan-UKB,Pan-UKB::continuous|3062|both_sexes||irnt,Forced vital capacity (FVC),MID,SENSITIVITY,False,False,gt_4433b8c42ab32b16,gt_4433b8c42ab32b16,EXTRACTED,intermediate/15b3/Pan-UKB/gt_4433b8c42ab32b16.parquet,EXTRACTED,intermediate/15b3/Pan-UKB/gt_4433b8c42ab32b16.parquet,True
cmp_2f1eb1c97bab5337,gt_3cbdb72396898287,PDE4B,Pan-UKB,Pan-UKB::continuous|3062|both_sexes||irnt,Forced vital capacity (FVC),AFR,SENSITIVITY,False,False,gt_3cbdb72396898287,gt_3cbdb72396898287,EXTRACTED,intermediate/15b3/Pan-UKB/gt_3cbdb72396898287.parquet,EXTRACTED,intermediate/15b3/Pan-UKB/gt_3cbdb72396898287.parquet,True
cmp_e88b9b0920e4d426,gt_3cbdb72396898287,PDE4B,Pan-UKB,Pan-UKB::continuous|3062|both_sexes||irnt,Forced vital capacity (FVC),CSA,SENSITIVITY,False,False,gt_3cbdb72396898287,gt_3cbdb72396898287,EXTRACTED,intermediate/15b3/Pan-UKB/gt_3cbdb72396898287.parquet,EXTRACTED,intermediate/15b3/Pan-UKB/gt_3cbdb72396898287.parquet,True
cmp_a26e9b3fc38fdf0e,gt_3cbdb72396898287,PDE4B,Pan-UKB,Pan-UKB::continuous|3062|both_sexes||irnt,Forced vital capacity (FVC),MID,SENSITIVITY,False,False,gt_3cbdb72396898287,gt_3cbdb72396898287,EXTRACTED,intermediate/15b3/Pan-UKB/gt_3cbdb72396898287.parquet,EXTRACTED,intermediate/15b3/Pan-UKB/gt_3cbdb72396898287.parquet,True
cmp_05ebde418679530c,gt_19268749086c88b4,PDE4D,Pan-UKB,Pan-UKB::continuous|3062|both_sexes||irnt,Forced vital capacity (FVC),AFR,SENSITIVITY,False,False,gt_19268749086c88b4,gt_19268749086c88b4,EXTRACTED,intermediate/15b3/Pan-UKB/gt_19268749086c88b4.parquet,EXTRACTED,intermediate/15b3/Pan-UKB/gt_19268749086c88b4.parquet,True
cmp_b2490b0e53aff369,gt_19268749086c88b4,PDE4D,Pan-UKB,Pan-UKB::continuous|3062|both_sexes||irnt,Forced vital capacity (FVC),CSA,SENSITIVITY,False,False,gt_19268749086c88b4,gt_19268749086c88b4,EXTRACTED,intermediate/15b3/Pan-UKB/gt_19268749086c88b4.parquet,EXTRACTED,intermediate/15b3/Pan-UKB/gt_19268749086c88b4.parquet,True
cmp_3b774df851df923a,gt_19268749086c88b4,PDE4D,Pan-UKB,Pan-UKB::continuous|3062|both_sexes||irnt,Forced vital capacity (FVC),MID,SENSITIVITY,False,False,gt_19268749086c88b4,gt_19268749086c88b4,EXTRACTED,intermediate/15b3/Pan-UKB/gt_19268749086c88b4.parquet,EXTRACTED,intermediate/15b3/Pan-UKB/gt_19268749086c88b4.parquet,True
cmp_ec876e913f4296b9,gt_52de2e02c710dc7c,RARG,Pan-UKB,Pan-UKB::continuous|3062|both_sexes||irnt,Forced vital capacity (FVC),AFR,SENSITIVITY,False,False,gt_52de2e02c710dc7c,gt_52de2e02c710dc7c,EXTRACTED,intermediate/15b3/Pan-UKB/gt_52de2e02c710dc7c.parquet,EXTRACTED,intermediate/15b3/Pan-UKB/gt_52de2e02c710dc7c.parquet,True
cmp_e3d4c866c313b085,gt_52de2e02c710dc7c,RARG,Pan-UKB,Pan-UKB::continuous|3062|both_sexes||irnt,Forced vital capacity (FVC),CSA,SENSITIVITY,False,False,gt_52de2e02c710dc7c,gt_52de2e02c710dc7c,EXTRACTED,intermediate/15b3/Pan-UKB/gt_52de2e02c710dc7c.parquet,EXTRACTED,intermediate/15b3/Pan-UKB/gt_52de2e02c710dc7c.parquet,True
cmp_8ddb184b4428c0a9,gt_52de2e02c710dc7c,RARG,Pan-UKB,Pan-UKB::continuous|3062|both_sexes||irnt,Forced vital capacity (FVC),MID,SENSITIVITY,False,False,gt_52de2e02c710dc7c,gt_52de2e02c710dc7c,EXTRACTED,intermediate/15b3/Pan-UKB/gt_52de2e02c710dc7c.parquet,EXTRACTED,intermediate/15b3/Pan-UKB/gt_52de2e02c710dc7c.parquet,True
cmp_9c556ffbacab722b,gt_f0050408ec3edabb,SERPINA1,Pan-UKB,Pan-UKB::continuous|3062|both_sexes||irnt,Forced vital capacity (FVC),AFR,SENSITIVITY,False,False,gt_f0050408ec3edabb,gt_f0050408ec3edabb,EXTRACTED,intermediate/15b3/Pan-UKB/gt_f0050408ec3edabb.parquet,EXTRACTED,intermediate/15b3/Pan-UKB/gt_f0050408ec3edabb.parquet,True
cmp_1d907855c37c5d9e,gt_f0050408ec3edabb,SERPINA1,Pan-UKB,Pan-UKB::continuous|3062|both_sexes||irnt,Forced vital capacity (FVC),CSA,SENSITIVITY,False,False,gt_f0050408ec3edabb,gt_f0050408ec3edabb,EXTRACTED,intermediate/15b3/Pan-UKB/gt_f0050408ec3edabb.parquet,EXTRACTED,intermediate/15b3/Pan-UKB/gt_f0050408ec3edabb.parquet,True
cmp_676911fb33bdb717,gt_f0050408ec3edabb,SERPINA1,Pan-UKB,Pan-UKB::continuous|3062|both_sexes||irnt,Forced vital capacity (FVC),MID,SENSITIVITY,False,False,gt_f0050408ec3edabb,gt_f0050408ec3edabb,EXTRACTED,intermediate/15b3/Pan-UKB/gt_f0050408ec3edabb.parquet,EXTRACTED,intermediate/15b3/Pan-UKB/gt_f0050408ec3edabb.parquet,True
cmp_73880cde6a318af2,gt_4b3518f6b9c4e3b8,TNFSF15,Pan-UKB,Pan-UKB::continuous|3062|both_sexes||irnt,Forced vital capacity (FVC),AFR,SENSITIVITY,False,False,gt_4b3518f6b9c4e3b8,gt_4b3518f6b9c4e3b8,EXTRACTED,intermediate/15b3/Pan-UKB/gt_4b3518f6b9c4e3b8.parquet,EXTRACTED,intermediate/15b3/Pan-UKB/gt_4b3518f6b9c4e3b8.parquet,True
cmp_fd682be4114f5690,gt_4b3518f6b9c4e3b8,TNFSF15,Pan-UKB,Pan-UKB::continuous|3062|both_sexes||irnt,Forced vital capacity (FVC),CSA,SENSITIVITY,False,False,gt_4b3518f6b9c4e3b8,gt_4b3518f6b9c4e3b8,EXTRACTED,intermediate/15b3/Pan-UKB/gt_4b3518f6b9c4e3b8.parquet,EXTRACTED,intermediate/15b3/Pan-UKB/gt_4b3518f6b9c4e3b8.parquet,True
cmp_92f34ec69bfd1477,gt_4b3518f6b9c4e3b8,TNFSF15,Pan-UKB,Pan-UKB::continuous|3062|both_sexes||irnt,Forced vital capacity (FVC),MID,SENSITIVITY,False,False,gt_4b3518f6b9c4e3b8,gt_4b3518f6b9c4e3b8,EXTRACTED,intermediate/15b3/Pan-UKB/gt_4b3518f6b9c4e3b8.parquet,EXTRACTED,intermediate/15b3/Pan-UKB/gt_4b3518f6b9c4e3b8.parquet,True
cmp_2720c80739e5f07a,gt_db571222a2439bb6,TNFSF4,Pan-UKB,Pan-UKB::continuous|3062|both_sexes||irnt,Forced vital capacity (FVC),AFR,SENSITIVITY,False,False,gt_db571222a2439bb6,gt_db571222a2439bb6,EXTRACTED,intermediate/15b3/Pan-UKB/gt_db571222a2439bb6.parquet,EXTRACTED,intermediate/15b3/Pan-UKB/gt_db571222a2439bb6.parquet,True
cmp_bcc87b270cc47f80,gt_db571222a2439bb6,TNFSF4,Pan-UKB,Pan-UKB::continuous|3062|both_sexes||irnt,Forced vital capacity (FVC),CSA,SENSITIVITY,False,False,gt_db571222a2439bb6,gt_db571222a2439bb6,EXTRACTED,intermediate/15b3/Pan-UKB/gt_db571222a2439bb6.parquet,EXTRACTED,intermediate/15b3/Pan-UKB/gt_db571222a2439bb6.parquet,True
cmp_b6440c41cb05bf50,gt_db571222a2439bb6,TNFSF4,Pan-UKB,Pan-UKB::continuous|3062|both_sexes||irnt,Forced vital capacity (FVC),MID,SENSITIVITY,False,False,gt_db571222a2439bb6,gt_db571222a2439bb6,EXTRACTED,intermediate/15b3/Pan-UKB/gt_db571222a2439bb6.parquet,EXTRACTED,intermediate/15b3/Pan-UKB/gt_db571222a2439bb6.parquet,True
cmp_d8bf494d85807a1f,gt_c0814c5b09a35cf4,TSLP,Pan-UKB,Pan-UKB::continuous|3062|both_sexes||irnt,Forced vital capacity (FVC),AFR,SENSITIVITY,True,False,gt_c0814c5b09a35cf4,gt_c0814c5b09a35cf4,EXTRACTED,intermediate/15b3/Pan-UKB/gt_c0814c5b09a35cf4.parquet,EXTRACTED,intermediate/15b3/Pan-UKB/gt_c0814c5b09a35cf4.parquet,True
cmp_c8ba17cfb8cdab65,gt_c0814c5b09a35cf4,TSLP,Pan-UKB,Pan-UKB::continuous|3062|both_sexes||irnt,Forced vital capacity (FVC),CSA,SENSITIVITY,True,False,gt_c0814c5b09a35cf4,gt_c0814c5b09a35cf4,EXTRACTED,intermediate/15b3/Pan-UKB/gt_c0814c5b09a35cf4.parquet,EXTRACTED,intermediate/15b3/Pan-UKB/gt_c0814c5b09a35cf4.parquet,True
cmp_97fedb0e38e954a3,gt_c0814c5b09a35cf4,TSLP,Pan-UKB,Pan-UKB::continuous|3062|both_sexes||irnt,Forced vital capacity (FVC),MID,SENSITIVITY,True,False,gt_c0814c5b09a35cf4,gt_c0814c5b09a35cf4,EXTRACTED,intermediate/15b3/Pan-UKB/gt_c0814c5b09a35cf4.parquet,EXTRACTED,intermediate/15b3/Pan-UKB/gt_c0814c5b09a35cf4.parquet,True
cmp_ed3122834dabd6d6,gt_9759197a48ba10b7,TYK2,Pan-UKB,Pan-UKB::continuous|3062|both_sexes||irnt,Forced vital capacity (FVC),AFR,SENSITIVITY,False,False,gt_9759197a48ba10b7,gt_9759197a48ba10b7,EXTRACTED,intermediate/15b3/Pan-UKB/gt_9759197a48ba10b7.parquet,EXTRACTED,intermediate/15b3/Pan-UKB/gt_9759197a48ba10b7.parquet,True
cmp_bfa1d3fae4fe87c6,gt_9759197a48ba10b7,TYK2,Pan-UKB,Pan-UKB::continuous|3062|both_sexes||irnt,Forced vital capacity (FVC),CSA,SENSITIVITY,False,False,gt_9759197a48ba10b7,gt_9759197a48ba10b7,EXTRACTED,intermediate/15b3/Pan-UKB/gt_9759197a48ba10b7.parquet,EXTRACTED,intermediate/15b3/Pan-UKB/gt_9759197a48ba10b7.parquet,True
cmp_27e5bc2913ed0dde,gt_9759197a48ba10b7,TYK2,Pan-UKB,Pan-UKB::continuous|3062|both_sexes||irnt,Forced vital capacity (FVC),MID,SENSITIVITY,False,False,gt_9759197a48ba10b7,gt_9759197a48ba10b7,EXTRACTED,intermediate/15b3/Pan-UKB/gt_9759197a48ba10b7.parquet,EXTRACTED,intermediate/15b3/Pan-UKB/gt_9759197a48ba10b7.parquet,True
cmp_7af1316f8cf78205,gt_d3606f7377753961,IL12B,Pan-UKB,Pan-UKB::biomarkers|30730|both_sexes||irnt,Gamma glutamyltransferase,CSA,SENSITIVITY,False,False,gt_d3606f7377753961,gt_d3606f7377753961,EXTRACTED,intermediate/15b3/Pan-UKB/gt_d3606f7377753961.parquet,EXTRACTED,intermediate/15b3/Pan-UKB/gt_d3606f7377753961.parquet,True
cmp_bbc4b00a7a3f867b,gt_d3606f7377753961,IL12B,Pan-UKB,Pan-UKB::biomarkers|30730|both_sexes||irnt,Gamma glutamyltransferase,EAS,SENSITIVITY,False,False,gt_d3606f7377753961,gt_d3606f7377753961,EXTRACTED,intermediate/15b3/Pan-UKB/gt_d3606f7377753961.parquet,EXTRACTED,intermediate/15b3/Pan-UKB/gt_d3606f7377753961.parquet,True
cmp_1f6fdb329849310a,gt_3b5fc5b375fad1ca,PNPLA3,Pan-UKB,Pan-UKB::biomarkers|30730|both_sexes||irnt,Gamma glutamyltransferase,CSA,SENSITIVITY,False,False,gt_3b5fc5b375fad1ca,gt_3b5fc5b375fad1ca,EXTRACTED,intermediate/15b3/Pan-UKB/gt_3b5fc5b375fad1ca.parquet,EXTRACTED,intermediate/15b3/Pan-UKB/gt_3b5fc5b375fad1ca.parquet,True
cmp_582df3be14e0f426,gt_3b5fc5b375fad1ca,PNPLA3,Pan-UKB,Pan-UKB::biomarkers|30730|both_sexes||irnt,Gamma glutamyltransferase,EAS,SENSITIVITY,False,False,gt_3b5fc5b375fad1ca,gt_3b5fc5b375fad1ca,EXTRACTED,intermediate/15b3/Pan-UKB/gt_3b5fc5b375fad1ca.parquet,EXTRACTED,intermediate/15b3/Pan-UKB/gt_3b5fc5b375fad1ca.parquet,True
cmp_701a7e61724fee24,gt_ae985589e3b67771,TNFRSF1A,Pan-UKB,Pan-UKB::biomarkers|30730|both_sexes||irnt,Gamma glutamyltransferase,CSA,SENSITIVITY,False,False,gt_ae985589e3b67771,gt_ae985589e3b67771,EXTRACTED,intermediate/15b3/Pan-UKB/gt_ae985589e3b67771.parquet,EXTRACTED,intermediate/15b3/Pan-UKB/gt_ae985589e3b67771.parquet,True
cmp_7a25d33f6efeabdd,gt_ae985589e3b67771,TNFRSF1A,Pan-UKB,Pan-UKB::biomarkers|30730|both_sexes||irnt,Gamma glutamyltransferase,EAS,SENSITIVITY,False,False,gt_ae985589e3b67771,gt_ae985589e3b67771,EXTRACTED,intermediate/15b3/Pan-UKB/gt_ae985589e3b67771.parquet,EXTRACTED,intermediate/15b3/Pan-UKB/gt_ae985589e3b67771.parquet,True
cmp_5333e60d14f5cf55,gt_74265ed9146327fb,IL2,Pan-UKB,Pan-UKB::biomarkers|30750|both_sexes||irnt,Glycated haemoglobin (HbA1c),CSA,SENSITIVITY,False,False,gt_74265ed9146327fb,gt_74265ed9146327fb,EXTRACTED,intermediate/15b3/Pan-UKB/gt_74265ed9146327fb.parquet,EXTRACTED,intermediate/15b3/Pan-UKB/gt_74265ed9146327fb.parquet,True
cmp_c24af6fdb2ee0b08,gt_74265ed9146327fb,IL2,Pan-UKB,Pan-UKB::biomarkers|30750|both_sexes||irnt,Glycated haemoglobin (HbA1c),MID,SENSITIVITY,False,False,gt_74265ed9146327fb,gt_74265ed9146327fb,EXTRACTED,intermediate/15b3/Pan-UKB/gt_74265ed9146327fb.parquet,EXTRACTED,intermediate/15b3/Pan-UKB/gt_74265ed9146327fb.parquet,True
cmp_9e8bc63ba014ff80,gt_58e8480922b3a0a2,IL2RA,Pan-UKB,Pan-UKB::biomarkers|30750|both_sexes||irnt,Glycated haemoglobin (HbA1c),CSA,SENSITIVITY,False,False,gt_58e8480922b3a0a2,gt_58e8480922b3a0a2,EXTRACTED,intermediate/15b3/Pan-UKB/gt_58e8480922b3a0a2.parquet,EXTRACTED,intermediate/15b3/Pan-UKB/gt_58e8480922b3a0a2.parquet,True
cmp_3ce5d16be5612daa,gt_58e8480922b3a0a2,IL2RA,Pan-UKB,Pan-UKB::biomarkers|30750|both_sexes||irnt,Glycated haemoglobin (HbA1c),MID,SENSITIVITY,False,False,gt_58e8480922b3a0a2,gt_58e8480922b3a0a2,EXTRACTED,intermediate/15b3/Pan-UKB/gt_58e8480922b3a0a2.parquet,EXTRACTED,intermediate/15b3/Pan-UKB/gt_58e8480922b3a0a2.parquet,True
cmp_300099878c3ddd23,gt_3f9a2ee8d840a17a,IL7R,Pan-UKB,Pan-UKB::biomarkers|30750|both_sexes||irnt,Glycated haemoglobin (HbA1c),CSA,SENSITIVITY,False,False,gt_3f9a2ee8d840a17a,gt_3f9a2ee8d840a17a,EXTRACTED,intermediate/15b3/Pan-UKB/gt_3f9a2ee8d840a17a.parquet,EXTRACTED,intermediate/15b3/Pan-UKB/gt_3f9a2ee8d840a17a.parquet,True
cmp_7f7eac78c29f324f,gt_3f9a2ee8d840a17a,IL7R,Pan-UKB,Pan-UKB::biomarkers|30750|both_sexes||irnt,Glycated haemoglobin (HbA1c),MID,SENSITIVITY,False,False,gt_3f9a2ee8d840a17a,gt_3f9a2ee8d840a17a,EXTRACTED,intermediate/15b3/Pan-UKB/gt_3f9a2ee8d840a17a.parquet,EXTRACTED,intermediate/15b3/Pan-UKB/gt_3f9a2ee8d840a17a.parquet,True
cmp_e888f5b6a5882a64,gt_67c54d9791524a5b,ACVRL1,Pan-UKB,Pan-UKB::continuous|30030|both_sexes||irnt,Haematocrit percentage,CSA,SENSITIVITY,False,False,gt_67c54d9791524a5b,gt_67c54d9791524a5b,EXTRACTED,intermediate/15b3/Pan-UKB/gt_67c54d9791524a5b.parquet,EXTRACTED,intermediate/15b3/Pan-UKB/gt_67c54d9791524a5b.parquet,True
cmp_b2c638cbfe038ac9,gt_0f0a6425c6b4403c,BCL11A,Pan-UKB,Pan-UKB::continuous|30030|both_sexes||irnt,Haematocrit percentage,CSA,SENSITIVITY,False,False,gt_0f0a6425c6b4403c,gt_0f0a6425c6b4403c,EXTRACTED,intermediate/15b3/Pan-UKB/gt_0f0a6425c6b4403c.parquet,EXTRACTED,intermediate/15b3/Pan-UKB/gt_0f0a6425c6b4403c.parquet,True
cmp_f66faf55b9836904,gt_0c3c603f8b577864,BCL2,Pan-UKB,Pan-UKB::continuous|30030|both_sexes||irnt,Haematocrit percentage,CSA,SENSITIVITY,False,False,gt_0c3c603f8b577864,gt_0c3c603f8b577864,EXTRACTED,intermediate/15b3/Pan-UKB/gt_0c3c603f8b577864.parquet,EXTRACTED,intermediate/15b3/Pan-UKB/gt_0c3c603f8b577864.parquet,True
cmp_c37b7b030b1acba0,gt_7b4582d3f70c8637,DYRK3,Pan-UKB,Pan-UKB::continuous|30030|both_sexes||irnt,Haematocrit percentage,CSA,SENSITIVITY,False,False,gt_7b4582d3f70c8637,gt_7b4582d3f70c8637,EXTRACTED,intermediate/15b3/Pan-UKB/gt_7b4582d3f70c8637.parquet,EXTRACTED,intermediate/15b3/Pan-UKB/gt_7b4582d3f70c8637.parquet,True
cmp_2306f4bf45b37d7c,gt_96b2ddeb85d9edbd,EGLN1,Pan-UKB,Pan-UKB::continuous|30030|both_sexes||irnt,Haematocrit percentage,CSA,SENSITIVITY,False,False,gt_96b2ddeb85d9edbd,gt_96b2ddeb85d9edbd,EXTRACTED,intermediate/15b3/Pan-UKB/gt_96b2ddeb85d9edbd.parquet,EXTRACTED,intermediate/15b3/Pan-UKB/gt_96b2ddeb85d9edbd.parquet,True
cmp_daa15ff91a07e91a,gt_9f9d9a8f3eb4fe90,EGLN2,Pan-UKB,Pan-UKB::continuous|30030|both_sexes||irnt,Haematocrit percentage,CSA,SENSITIVITY,False,False,gt_9f9d9a8f3eb4fe90,gt_9f9d9a8f3eb4fe90,EXTRACTED,intermediate/15b3/Pan-UKB/gt_9f9d9a8f3eb4fe90.parquet,EXTRACTED,intermediate/15b3/Pan-UKB/gt_9f9d9a8f3eb4fe90.parquet,True
cmp_aea0123847180897,gt_66b062a2cbe3e941,EGLN3,Pan-UKB,Pan-UKB::continuous|30030|both_sexes||irnt,Haematocrit percentage,CSA,SENSITIVITY,False,False,gt_66b062a2cbe3e941,gt_66b062a2cbe3e941,EXTRACTED,intermediate/15b3/Pan-UKB/gt_66b062a2cbe3e941.parquet,EXTRACTED,intermediate/15b3/Pan-UKB/gt_66b062a2cbe3e941.parquet,True
cmp_02d97881ff51fd4a,gt_7ae5be7834d91f7b,EPOR,Pan-UKB,Pan-UKB::continuous|30030|both_sexes||irnt,Haematocrit percentage,CSA,SENSITIVITY,False,False,gt_7ae5be7834d91f7b,gt_7ae5be7834d91f7b,EXTRACTED,intermediate/15b3/Pan-UKB/gt_7ae5be7834d91f7b.parquet,EXTRACTED,intermediate/15b3/Pan-UKB/gt_7ae5be7834d91f7b.parquet,True
cmp_bdfcb931f7c4e98d,gt_9d916cc71cbd9929,HAMP,Pan-UKB,Pan-UKB::continuous|30030|both_sexes||irnt,Haematocrit percentage,CSA,SENSITIVITY,False,False,gt_9d916cc71cbd9929,gt_9d916cc71cbd9929,EXTRACTED,intermediate/15b3/Pan-UKB/gt_9d916cc71cbd9929.parquet,EXTRACTED,intermediate/15b3/Pan-UKB/gt_9d916cc71cbd9929.parquet,True
cmp_20aa3024b0b5f241,gt_e2b9d18ccdcdc08d,HBG1,Pan-UKB,Pan-UKB::continuous|30030|both_sexes||irnt,Haematocrit percentage,CSA,SENSITIVITY,False,False,gt_e2b9d18ccdcdc08d,gt_e2b9d18ccdcdc08d,EXTRACTED,intermediate/15b3/Pan-UKB/gt_e2b9d18ccdcdc08d.parquet,EXTRACTED,intermediate/15b3/Pan-UKB/gt_e2b9d18ccdcdc08d.parquet,True
cmp_86792b4c13fc2516,gt_fb481c095df557c6,IL6,Pan-UKB,Pan-UKB::continuous|30030|both_sexes||irnt,Haematocrit percentage,CSA,SENSITIVITY,False,False,gt_fb481c095df557c6,gt_fb481c095df557c6,EXTRACTED,intermediate/15b3/Pan-UKB/gt_fb481c095df557c6.parquet,EXTRACTED,intermediate/15b3/Pan-UKB/gt_fb481c095df557c6.parquet,True
cmp_e00f54419dcb7e9d,gt_dc4d847f4c3509f6,PKLR,Pan-UKB,Pan-UKB::continuous|30030|both_sexes||irnt,Haematocrit percentage,CSA,SENSITIVITY,False,False,gt_dc4d847f4c3509f6,gt_dc4d847f4c3509f6,EXTRACTED,intermediate/15b3/Pan-UKB/gt_dc4d847f4c3509f6.parquet,EXTRACTED,intermediate/15b3/Pan-UKB/gt_dc4d847f4c3509f6.parquet,True
cmp_b8a375815fd092d9,gt_be73a29381d60813,SLC40A1,Pan-UKB,Pan-UKB::continuous|30030|both_sexes||irnt,Haematocrit percentage,CSA,SENSITIVITY,False,False,gt_be73a29381d60813,gt_be73a29381d60813,EXTRACTED,intermediate/15b3/Pan-UKB/gt_be73a29381d60813.parquet,EXTRACTED,intermediate/15b3/Pan-UKB/gt_be73a29381d60813.parquet,True
cmp_431c0cb5b1d66f60,gt_c19c98b54e6718ee,BCL11A,Pan-UKB,Pan-UKB::continuous|30020|both_sexes||irnt,Haemoglobin concentration,CSA,SENSITIVITY,False,False,gt_c19c98b54e6718ee,gt_c19c98b54e6718ee,EXTRACTED,intermediate/15b3/Pan-UKB/gt_c19c98b54e6718ee.parquet,EXTRACTED,intermediate/15b3/Pan-UKB/gt_c19c98b54e6718ee.parquet,True
cmp_fc1519fc51005152,gt_5987f2d6993fa9d0,HBG1,Pan-UKB,Pan-UKB::continuous|30020|both_sexes||irnt,Haemoglobin concentration,CSA,SENSITIVITY,False,False,gt_5987f2d6993fa9d0,gt_5987f2d6993fa9d0,EXTRACTED,intermediate/15b3/Pan-UKB/gt_5987f2d6993fa9d0.parquet,EXTRACTED,intermediate/15b3/Pan-UKB/gt_5987f2d6993fa9d0.parquet,True
cmp_eca8b8fde0951132,gt_159a6541799e74e2,JAK2,Pan-UKB,Pan-UKB::continuous|30020|both_sexes||irnt,Haemoglobin concentration,CSA,SENSITIVITY,False,False,gt_159a6541799e74e2,gt_159a6541799e74e2,EXTRACTED,intermediate/15b3/Pan-UKB/gt_159a6541799e74e2.parquet,EXTRACTED,intermediate/15b3/Pan-UKB/gt_159a6541799e74e2.parquet,True
cmp_1f5b980bdf9ed88c,gt_155dae93dd1434a9,ACVRL1,Pan-UKB,Pan-UKB::continuous|30040|both_sexes||irnt,Mean corpuscular volume,CSA,SENSITIVITY,False,False,gt_155dae93dd1434a9,gt_155dae93dd1434a9,EXTRACTED,intermediate/15b3/Pan-UKB/gt_155dae93dd1434a9.parquet,EXTRACTED,intermediate/15b3/Pan-UKB/gt_155dae93dd1434a9.parquet,True
cmp_af8dc765866541cc,gt_dd9f4fe0c23e938f,BCL11A,Pan-UKB,Pan-UKB::continuous|30040|both_sexes||irnt,Mean corpuscular volume,CSA,SENSITIVITY,False,False,gt_dd9f4fe0c23e938f,gt_dd9f4fe0c23e938f,EXTRACTED,intermediate/15b3/Pan-UKB/gt_dd9f4fe0c23e938f.parquet,EXTRACTED,intermediate/15b3/Pan-UKB/gt_dd9f4fe0c23e938f.parquet,True
cmp_8a9855aad5f691d3,gt_05f8bac9dea5ae35,BCL2,Pan-UKB,Pan-UKB::continuous|30040|both_sexes||irnt,Mean corpuscular volume,CSA,SENSITIVITY,False,False,gt_05f8bac9dea5ae35,gt_05f8bac9dea5ae35,EXTRACTED,intermediate/15b3/Pan-UKB/gt_05f8bac9dea5ae35.parquet,EXTRACTED,intermediate/15b3/Pan-UKB/gt_05f8bac9dea5ae35.parquet,True
cmp_bb57965c2a392dfb,gt_5505327134397a27,DYRK3,Pan-UKB,Pan-UKB::continuous|30040|both_sexes||irnt,Mean corpuscular volume,CSA,SENSITIVITY,False,False,gt_5505327134397a27,gt_5505327134397a27,EXTRACTED,intermediate/15b3/Pan-UKB/gt_5505327134397a27.parquet,EXTRACTED,intermediate/15b3/Pan-UKB/gt_5505327134397a27.parquet,True
cmp_6b6c2f6626e40a5d,gt_066545273a7ccaa6,EGLN1,Pan-UKB,Pan-UKB::continuous|30040|both_sexes||irnt,Mean corpuscular volume,CSA,SENSITIVITY,False,False,gt_066545273a7ccaa6,gt_066545273a7ccaa6,EXTRACTED,intermediate/15b3/Pan-UKB/gt_066545273a7ccaa6.parquet,EXTRACTED,intermediate/15b3/Pan-UKB/gt_066545273a7ccaa6.parquet,True
cmp_4248cb77ea26cba3,gt_e62033aef1ef1332,EGLN2,Pan-UKB,Pan-UKB::continuous|30040|both_sexes||irnt,Mean corpuscular volume,CSA,SENSITIVITY,False,False,gt_e62033aef1ef1332,gt_e62033aef1ef1332,EXTRACTED,intermediate/15b3/Pan-UKB/gt_e62033aef1ef1332.parquet,EXTRACTED,intermediate/15b3/Pan-UKB/gt_e62033aef1ef1332.parquet,True
cmp_b0322dbcbbde58c0,gt_3671d46e17b82f0c,EGLN3,Pan-UKB,Pan-UKB::continuous|30040|both_sexes||irnt,Mean corpuscular volume,CSA,SENSITIVITY,False,False,gt_3671d46e17b82f0c,gt_3671d46e17b82f0c,EXTRACTED,intermediate/15b3/Pan-UKB/gt_3671d46e17b82f0c.parquet,EXTRACTED,intermediate/15b3/Pan-UKB/gt_3671d46e17b82f0c.parquet,True
cmp_e72e5525efa44ae3,gt_21973df8b3e37a4d,EPOR,Pan-UKB,Pan-UKB::continuous|30040|both_sexes||irnt,Mean corpuscular volume,CSA,SENSITIVITY,False,False,gt_21973df8b3e37a4d,gt_21973df8b3e37a4d,EXTRACTED,intermediate/15b3/Pan-UKB/gt_21973df8b3e37a4d.parquet,EXTRACTED,intermediate/15b3/Pan-UKB/gt_21973df8b3e37a4d.parquet,True
cmp_44264cabc8f7efe1,gt_780290772563eda3,HAMP,Pan-UKB,Pan-UKB::continuous|30040|both_sexes||irnt,Mean corpuscular volume,CSA,SENSITIVITY,False,False,gt_780290772563eda3,gt_780290772563eda3,EXTRACTED,intermediate/15b3/Pan-UKB/gt_780290772563eda3.parquet,EXTRACTED,intermediate/15b3/Pan-UKB/gt_780290772563eda3.parquet,True
cmp_4a6a893a94100bbc,gt_d6350dbe046b3ee8,HBG1,Pan-UKB,Pan-UKB::continuous|30040|both_sexes||irnt,Mean corpuscular volume,CSA,SENSITIVITY,False,False,gt_d6350dbe046b3ee8,gt_d6350dbe046b3ee8,EXTRACTED,intermediate/15b3/Pan-UKB/gt_d6350dbe046b3ee8.parquet,EXTRACTED,intermediate/15b3/Pan-UKB/gt_d6350dbe046b3ee8.parquet,True
cmp_9a9cfb3342b0e0fe,gt_6017c847a917cc44,IL6,Pan-UKB,Pan-UKB::continuous|30040|both_sexes||irnt,Mean corpuscular volume,CSA,SENSITIVITY,False,False,gt_6017c847a917cc44,gt_6017c847a917cc44,EXTRACTED,intermediate/15b3/Pan-UKB/gt_6017c847a917cc44.parquet,EXTRACTED,intermediate/15b3/Pan-UKB/gt_6017c847a917cc44.parquet,True
cmp_3b0d5ae1d201d0bb,gt_bdc40f9987946f1b,PKLR,Pan-UKB,Pan-UKB::continuous|30040|both_sexes||irnt,Mean corpuscular volume,CSA,SENSITIVITY,False,False,gt_bdc40f9987946f1b,gt_bdc40f9987946f1b,EXTRACTED,intermediate/15b3/Pan-UKB/gt_bdc40f9987946f1b.parquet,EXTRACTED,intermediate/15b3/Pan-UKB/gt_bdc40f9987946f1b.parquet,True
cmp_634609dcd9838923,gt_8bf123ea23ab1ff1,SLC40A1,Pan-UKB,Pan-UKB::continuous|30040|both_sexes||irnt,Mean corpuscular volume,CSA,SENSITIVITY,False,False,gt_8bf123ea23ab1ff1,gt_8bf123ea23ab1ff1,EXTRACTED,intermediate/15b3/Pan-UKB/gt_8bf123ea23ab1ff1.parquet,EXTRACTED,intermediate/15b3/Pan-UKB/gt_8bf123ea23ab1ff1.parquet,True
cmp_f18343a1383d92d9,gt_5835b6b48a34e28c,JAK2,Pan-UKB,Pan-UKB::continuous|30010|both_sexes||irnt,Red blood cell (erythrocyte) count,CSA,SENSITIVITY,False,False,gt_5835b6b48a34e28c,gt_5835b6b48a34e28c,EXTRACTED,intermediate/15b3/Pan-UKB/gt_5835b6b48a34e28c.parquet,EXTRACTED,intermediate/15b3/Pan-UKB/gt_5835b6b48a34e28c.parquet,True
cmp_5b485363f2d45e8d,gt_5835b6b48a34e28c,JAK2,Pan-UKB,Pan-UKB::continuous|30010|both_sexes||irnt,Red blood cell (erythrocyte) count,MID,SENSITIVITY,False,False,gt_5835b6b48a34e28c,gt_5835b6b48a34e28c,EXTRACTED,intermediate/15b3/Pan-UKB/gt_5835b6b48a34e28c.parquet,EXTRACTED,intermediate/15b3/Pan-UKB/gt_5835b6b48a34e28c.parquet,True
cmp_1fde9d1d410fc136,gt_c5f1d3c378cceb8c,ADIPOR2,Pan-UKB,Pan-UKB::continuous|48|both_sexes||irnt,Waist circumference,AFR,SENSITIVITY,False,False,gt_c5f1d3c378cceb8c,gt_c5f1d3c378cceb8c,EXTRACTED,intermediate/15b3/Pan-UKB/gt_c5f1d3c378cceb8c.parquet,EXTRACTED,intermediate/15b3/Pan-UKB/gt_c5f1d3c378cceb8c.parquet,True
cmp_43ac15f4f1f48ac3,gt_c5f1d3c378cceb8c,ADIPOR2,Pan-UKB,Pan-UKB::continuous|48|both_sexes||irnt,Waist circumference,CSA,SENSITIVITY,False,False,gt_c5f1d3c378cceb8c,gt_c5f1d3c378cceb8c,EXTRACTED,intermediate/15b3/Pan-UKB/gt_c5f1d3c378cceb8c.parquet,EXTRACTED,intermediate/15b3/Pan-UKB/gt_c5f1d3c378cceb8c.parquet,True
cmp_f58bbcdd42ea2bfe,gt_c5f1d3c378cceb8c,ADIPOR2,Pan-UKB,Pan-UKB::continuous|48|both_sexes||irnt,Waist circumference,MID,SENSITIVITY,False,False,gt_c5f1d3c378cceb8c,gt_c5f1d3c378cceb8c,EXTRACTED,intermediate/15b3/Pan-UKB/gt_c5f1d3c378cceb8c.parquet,EXTRACTED,intermediate/15b3/Pan-UKB/gt_c5f1d3c378cceb8c.parquet,True
cmp_ffdcb2fc4d730adc,gt_799b4a02b7cf57d9,CALCA,Pan-UKB,Pan-UKB::continuous|48|both_sexes||irnt,Waist circumference,AFR,SENSITIVITY,False,False,gt_799b4a02b7cf57d9,gt_799b4a02b7cf57d9,EXTRACTED,intermediate/15b3/Pan-UKB/gt_799b4a02b7cf57d9.parquet,EXTRACTED,intermediate/15b3/Pan-UKB/gt_799b4a02b7cf57d9.parquet,True
cmp_130a18acbc28ff08,gt_799b4a02b7cf57d9,CALCA,Pan-UKB,Pan-UKB::continuous|48|both_sexes||irnt,Waist circumference,CSA,SENSITIVITY,False,False,gt_799b4a02b7cf57d9,gt_799b4a02b7cf57d9,EXTRACTED,intermediate/15b3/Pan-UKB/gt_799b4a02b7cf57d9.parquet,EXTRACTED,intermediate/15b3/Pan-UKB/gt_799b4a02b7cf57d9.parquet,True
cmp_e871304e19d3e092,gt_799b4a02b7cf57d9,CALCA,Pan-UKB,Pan-UKB::continuous|48|both_sexes||irnt,Waist circumference,MID,SENSITIVITY,False,False,gt_799b4a02b7cf57d9,gt_799b4a02b7cf57d9,EXTRACTED,intermediate/15b3/Pan-UKB/gt_799b4a02b7cf57d9.parquet,EXTRACTED,intermediate/15b3/Pan-UKB/gt_799b4a02b7cf57d9.parquet,True
cmp_eb3ecab48e912859,gt_ebba1e27f4c8f908,CALCR,Pan-UKB,Pan-UKB::continuous|48|both_sexes||irnt,Waist circumference,AFR,SENSITIVITY,False,False,gt_ebba1e27f4c8f908,gt_ebba1e27f4c8f908,EXTRACTED,intermediate/15b3/Pan-UKB/gt_ebba1e27f4c8f908.parquet,EXTRACTED,intermediate/15b3/Pan-UKB/gt_ebba1e27f4c8f908.parquet,True
cmp_148580fd44677db5,gt_ebba1e27f4c8f908,CALCR,Pan-UKB,Pan-UKB::continuous|48|both_sexes||irnt,Waist circumference,CSA,SENSITIVITY,False,False,gt_ebba1e27f4c8f908,gt_ebba1e27f4c8f908,EXTRACTED,intermediate/15b3/Pan-UKB/gt_ebba1e27f4c8f908.parquet,EXTRACTED,intermediate/15b3/Pan-UKB/gt_ebba1e27f4c8f908.parquet,True
cmp_e8c23bc1e7fab21b,gt_ebba1e27f4c8f908,CALCR,Pan-UKB,Pan-UKB::continuous|48|both_sexes||irnt,Waist circumference,MID,SENSITIVITY,False,False,gt_ebba1e27f4c8f908,gt_ebba1e27f4c8f908,EXTRACTED,intermediate/15b3/Pan-UKB/gt_ebba1e27f4c8f908.parquet,EXTRACTED,intermediate/15b3/Pan-UKB/gt_ebba1e27f4c8f908.parquet,True
cmp_214a05eeae44f6fd,gt_3242a00e75f0acd7,DPP4,Pan-UKB,Pan-UKB::continuous|48|both_sexes||irnt,Waist circumference,AFR,SENSITIVITY,False,False,gt_3242a00e75f0acd7,gt_3242a00e75f0acd7,EXTRACTED,intermediate/15b3/Pan-UKB/gt_3242a00e75f0acd7.parquet,EXTRACTED,intermediate/15b3/Pan-UKB/gt_3242a00e75f0acd7.parquet,True
cmp_3033632ca45f7361,gt_3242a00e75f0acd7,DPP4,Pan-UKB,Pan-UKB::continuous|48|both_sexes||irnt,Waist circumference,CSA,SENSITIVITY,False,False,gt_3242a00e75f0acd7,gt_3242a00e75f0acd7,EXTRACTED,intermediate/15b3/Pan-UKB/gt_3242a00e75f0acd7.parquet,EXTRACTED,intermediate/15b3/Pan-UKB/gt_3242a00e75f0acd7.parquet,True
cmp_48aeb31465b65eec,gt_3242a00e75f0acd7,DPP4,Pan-UKB,Pan-UKB::continuous|48|both_sexes||irnt,Waist circumference,MID,SENSITIVITY,False,False,gt_3242a00e75f0acd7,gt_3242a00e75f0acd7,EXTRACTED,intermediate/15b3/Pan-UKB/gt_3242a00e75f0acd7.parquet,EXTRACTED,intermediate/15b3/Pan-UKB/gt_3242a00e75f0acd7.parquet,True
cmp_589a7d49310d7685,gt_6b9e02a118c66008,FGFR1,Pan-UKB,Pan-UKB::continuous|48|both_sexes||irnt,Waist circumference,AFR,SENSITIVITY,False,False,gt_6b9e02a118c66008,gt_6b9e02a118c66008,EXTRACTED,intermediate/15b3/Pan-UKB/gt_6b9e02a118c66008.parquet,EXTRACTED,intermediate/15b3/Pan-UKB/gt_6b9e02a118c66008.parquet,True
cmp_029d8319e09e6b04,gt_6b9e02a118c66008,FGFR1,Pan-UKB,Pan-UKB::continuous|48|both_sexes||irnt,Waist circumference,CSA,SENSITIVITY,False,False,gt_6b9e02a118c66008,gt_6b9e02a118c66008,EXTRACTED,intermediate/15b3/Pan-UKB/gt_6b9e02a118c66008.parquet,EXTRACTED,intermediate/15b3/Pan-UKB/gt_6b9e02a118c66008.parquet,True
cmp_fe4367baf05d8bb4,gt_6b9e02a118c66008,FGFR1,Pan-UKB,Pan-UKB::continuous|48|both_sexes||irnt,Waist circumference,MID,SENSITIVITY,False,False,gt_6b9e02a118c66008,gt_6b9e02a118c66008,EXTRACTED,intermediate/15b3/Pan-UKB/gt_6b9e02a118c66008.parquet,EXTRACTED,intermediate/15b3/Pan-UKB/gt_6b9e02a118c66008.parquet,True
cmp_cc3a955777aa6046,gt_fb427ce5e9efd207,FGFR4,Pan-UKB,Pan-UKB::continuous|48|both_sexes||irnt,Waist circumference,AFR,SENSITIVITY,False,False,gt_fb427ce5e9efd207,gt_fb427ce5e9efd207,EXTRACTED,intermediate/15b3/Pan-UKB/gt_fb427ce5e9efd207.parquet,EXTRACTED,intermediate/15b3/Pan-UKB/gt_fb427ce5e9efd207.parquet,True
cmp_a391efb7d179a20f,gt_fb427ce5e9efd207,FGFR4,Pan-UKB,Pan-UKB::continuous|48|both_sexes||irnt,Waist circumference,CSA,SENSITIVITY,False,False,gt_fb427ce5e9efd207,gt_fb427ce5e9efd207,EXTRACTED,intermediate/15b3/Pan-UKB/gt_fb427ce5e9efd207.parquet,EXTRACTED,intermediate/15b3/Pan-UKB/gt_fb427ce5e9efd207.parquet,True
cmp_d5b5c81debdc4368,gt_fb427ce5e9efd207,FGFR4,Pan-UKB,Pan-UKB::continuous|48|both_sexes||irnt,Waist circumference,MID,SENSITIVITY,False,False,gt_fb427ce5e9efd207,gt_fb427ce5e9efd207,EXTRACTED,intermediate/15b3/Pan-UKB/gt_fb427ce5e9efd207.parquet,EXTRACTED,intermediate/15b3/Pan-UKB/gt_fb427ce5e9efd207.parquet,True
cmp_eb2f37107da592f2,gt_edbc51ba42ad24be,GDF15,Pan-UKB,Pan-UKB::continuous|48|both_sexes||irnt,Waist circumference,AFR,SENSITIVITY,False,False,gt_edbc51ba42ad24be,gt_edbc51ba42ad24be,EXTRACTED,intermediate/15b3/Pan-UKB/gt_edbc51ba42ad24be.parquet,EXTRACTED,intermediate/15b3/Pan-UKB/gt_edbc51ba42ad24be.parquet,True
cmp_4e07d09cde3f3fcf,gt_edbc51ba42ad24be,GDF15,Pan-UKB,Pan-UKB::continuous|48|both_sexes||irnt,Waist circumference,CSA,SENSITIVITY,False,False,gt_edbc51ba42ad24be,gt_edbc51ba42ad24be,EXTRACTED,intermediate/15b3/Pan-UKB/gt_edbc51ba42ad24be.parquet,EXTRACTED,intermediate/15b3/Pan-UKB/gt_edbc51ba42ad24be.parquet,True
cmp_ca616b1111128a10,gt_edbc51ba42ad24be,GDF15,Pan-UKB,Pan-UKB::continuous|48|both_sexes||irnt,Waist circumference,MID,SENSITIVITY,False,False,gt_edbc51ba42ad24be,gt_edbc51ba42ad24be,EXTRACTED,intermediate/15b3/Pan-UKB/gt_edbc51ba42ad24be.parquet,EXTRACTED,intermediate/15b3/Pan-UKB/gt_edbc51ba42ad24be.parquet,True
cmp_a3928d0fc5b0b597,gt_8d19765e00916f04,GFRAL,Pan-UKB,Pan-UKB::continuous|48|both_sexes||irnt,Waist circumference,AFR,SENSITIVITY,False,False,gt_8d19765e00916f04,gt_8d19765e00916f04,EXTRACTED,intermediate/15b3/Pan-UKB/gt_8d19765e00916f04.parquet,EXTRACTED,intermediate/15b3/Pan-UKB/gt_8d19765e00916f04.parquet,True
cmp_a901ae808d206132,gt_8d19765e00916f04,GFRAL,Pan-UKB,Pan-UKB::continuous|48|both_sexes||irnt,Waist circumference,CSA,SENSITIVITY,False,False,gt_8d19765e00916f04,gt_8d19765e00916f04,EXTRACTED,intermediate/15b3/Pan-UKB/gt_8d19765e00916f04.parquet,EXTRACTED,intermediate/15b3/Pan-UKB/gt_8d19765e00916f04.parquet,True
cmp_867670cc5c5baa56,gt_8d19765e00916f04,GFRAL,Pan-UKB,Pan-UKB::continuous|48|both_sexes||irnt,Waist circumference,MID,SENSITIVITY,False,False,gt_8d19765e00916f04,gt_8d19765e00916f04,EXTRACTED,intermediate/15b3/Pan-UKB/gt_8d19765e00916f04.parquet,EXTRACTED,intermediate/15b3/Pan-UKB/gt_8d19765e00916f04.parquet,True
cmp_46fcf3bfea8e2777,gt_21e33c82929b6cea,GHR,Pan-UKB,Pan-UKB::continuous|48|both_sexes||irnt,Waist circumference,AFR,SENSITIVITY,False,False,gt_21e33c82929b6cea,gt_21e33c82929b6cea,EXTRACTED,intermediate/15b3/Pan-UKB/gt_21e33c82929b6cea.parquet,EXTRACTED,intermediate/15b3/Pan-UKB/gt_21e33c82929b6cea.parquet,True
cmp_11de3a361ec34547,gt_21e33c82929b6cea,GHR,Pan-UKB,Pan-UKB::continuous|48|both_sexes||irnt,Waist circumference,CSA,SENSITIVITY,False,False,gt_21e33c82929b6cea,gt_21e33c82929b6cea,EXTRACTED,intermediate/15b3/Pan-UKB/gt_21e33c82929b6cea.parquet,EXTRACTED,intermediate/15b3/Pan-UKB/gt_21e33c82929b6cea.parquet,True
cmp_3cae994f1ea8dd57,gt_21e33c82929b6cea,GHR,Pan-UKB,Pan-UKB::continuous|48|both_sexes||irnt,Waist circumference,MID,SENSITIVITY,False,False,gt_21e33c82929b6cea,gt_21e33c82929b6cea,EXTRACTED,intermediate/15b3/Pan-UKB/gt_21e33c82929b6cea.parquet,EXTRACTED,intermediate/15b3/Pan-UKB/gt_21e33c82929b6cea.parquet,True
cmp_27f111e1a86435fc,gt_22081cdb2a28ec68,GIPR,Pan-UKB,Pan-UKB::continuous|48|both_sexes||irnt,Waist circumference,AFR,SENSITIVITY,False,False,gt_22081cdb2a28ec68,gt_22081cdb2a28ec68,EXTRACTED,intermediate/15b3/Pan-UKB/gt_22081cdb2a28ec68.parquet,EXTRACTED,intermediate/15b3/Pan-UKB/gt_22081cdb2a28ec68.parquet,True
cmp_44221b3d7fc7282a,gt_22081cdb2a28ec68,GIPR,Pan-UKB,Pan-UKB::continuous|48|both_sexes||irnt,Waist circumference,CSA,SENSITIVITY,False,False,gt_22081cdb2a28ec68,gt_22081cdb2a28ec68,EXTRACTED,intermediate/15b3/Pan-UKB/gt_22081cdb2a28ec68.parquet,EXTRACTED,intermediate/15b3/Pan-UKB/gt_22081cdb2a28ec68.parquet,True
cmp_496d1a3aa5702506,gt_22081cdb2a28ec68,GIPR,Pan-UKB,Pan-UKB::continuous|48|both_sexes||irnt,Waist circumference,MID,SENSITIVITY,False,False,gt_22081cdb2a28ec68,gt_22081cdb2a28ec68,EXTRACTED,intermediate/15b3/Pan-UKB/gt_22081cdb2a28ec68.parquet,EXTRACTED,intermediate/15b3/Pan-UKB/gt_22081cdb2a28ec68.parquet,True
cmp_8938c91fd2deb21f,gt_54646208802949cb,GLP1R,Pan-UKB,Pan-UKB::continuous|48|both_sexes||irnt,Waist circumference,AFR,SENSITIVITY,False,False,gt_54646208802949cb,gt_54646208802949cb,EXTRACTED,intermediate/15b3/Pan-UKB/gt_54646208802949cb.parquet,EXTRACTED,intermediate/15b3/Pan-UKB/gt_54646208802949cb.parquet,True
cmp_479b8645b85470bc,gt_54646208802949cb,GLP1R,Pan-UKB,Pan-UKB::continuous|48|both_sexes||irnt,Waist circumference,CSA,SENSITIVITY,False,False,gt_54646208802949cb,gt_54646208802949cb,EXTRACTED,intermediate/15b3/Pan-UKB/gt_54646208802949cb.parquet,EXTRACTED,intermediate/15b3/Pan-UKB/gt_54646208802949cb.parquet,True
cmp_996996d2b23fdbd1,gt_54646208802949cb,GLP1R,Pan-UKB,Pan-UKB::continuous|48|both_sexes||irnt,Waist circumference,MID,SENSITIVITY,False,False,gt_54646208802949cb,gt_54646208802949cb,EXTRACTED,intermediate/15b3/Pan-UKB/gt_54646208802949cb.parquet,EXTRACTED,intermediate/15b3/Pan-UKB/gt_54646208802949cb.parquet,True
cmp_dbdcab0526c86f3b,gt_5682eaebbf7cbd8e,HSD11B1,Pan-UKB,Pan-UKB::continuous|48|both_sexes||irnt,Waist circumference,AFR,SENSITIVITY,False,False,gt_5682eaebbf7cbd8e,gt_5682eaebbf7cbd8e,EXTRACTED,intermediate/15b3/Pan-UKB/gt_5682eaebbf7cbd8e.parquet,EXTRACTED,intermediate/15b3/Pan-UKB/gt_5682eaebbf7cbd8e.parquet,True
cmp_08347a153bf08e00,gt_5682eaebbf7cbd8e,HSD11B1,Pan-UKB,Pan-UKB::continuous|48|both_sexes||irnt,Waist circumference,CSA,SENSITIVITY,False,False,gt_5682eaebbf7cbd8e,gt_5682eaebbf7cbd8e,EXTRACTED,intermediate/15b3/Pan-UKB/gt_5682eaebbf7cbd8e.parquet,EXTRACTED,intermediate/15b3/Pan-UKB/gt_5682eaebbf7cbd8e.parquet,True
cmp_eb1b07f88537ab82,gt_5682eaebbf7cbd8e,HSD11B1,Pan-UKB,Pan-UKB::continuous|48|both_sexes||irnt,Waist circumference,MID,SENSITIVITY,False,False,gt_5682eaebbf7cbd8e,gt_5682eaebbf7cbd8e,EXTRACTED,intermediate/15b3/Pan-UKB/gt_5682eaebbf7cbd8e.parquet,EXTRACTED,intermediate/15b3/Pan-UKB/gt_5682eaebbf7cbd8e.parquet,True
cmp_aa33b46ac62c862f,gt_045a00715f4bf02d,HTR1A,Pan-UKB,Pan-UKB::continuous|48|both_sexes||irnt,Waist circumference,AFR,SENSITIVITY,False,False,gt_045a00715f4bf02d,gt_045a00715f4bf02d,EXTRACTED,intermediate/15b3/Pan-UKB/gt_045a00715f4bf02d.parquet,EXTRACTED,intermediate/15b3/Pan-UKB/gt_045a00715f4bf02d.parquet,True
cmp_3de65766ebb75545,gt_045a00715f4bf02d,HTR1A,Pan-UKB,Pan-UKB::continuous|48|both_sexes||irnt,Waist circumference,CSA,SENSITIVITY,False,False,gt_045a00715f4bf02d,gt_045a00715f4bf02d,EXTRACTED,intermediate/15b3/Pan-UKB/gt_045a00715f4bf02d.parquet,EXTRACTED,intermediate/15b3/Pan-UKB/gt_045a00715f4bf02d.parquet,True
cmp_86b26d337a15b045,gt_045a00715f4bf02d,HTR1A,Pan-UKB,Pan-UKB::continuous|48|both_sexes||irnt,Waist circumference,MID,SENSITIVITY,False,False,gt_045a00715f4bf02d,gt_045a00715f4bf02d,EXTRACTED,intermediate/15b3/Pan-UKB/gt_045a00715f4bf02d.parquet,EXTRACTED,intermediate/15b3/Pan-UKB/gt_045a00715f4bf02d.parquet,True
cmp_3d11fe01f1480a41,gt_f93f94de7ba027dd,IAPP,Pan-UKB,Pan-UKB::continuous|48|both_sexes||irnt,Waist circumference,AFR,SENSITIVITY,False,False,gt_f93f94de7ba027dd,gt_f93f94de7ba027dd,EXTRACTED,intermediate/15b3/Pan-UKB/gt_f93f94de7ba027dd.parquet,EXTRACTED,intermediate/15b3/Pan-UKB/gt_f93f94de7ba027dd.parquet,True
cmp_39df9aaa66512599,gt_f93f94de7ba027dd,IAPP,Pan-UKB,Pan-UKB::continuous|48|both_sexes||irnt,Waist circumference,CSA,SENSITIVITY,False,False,gt_f93f94de7ba027dd,gt_f93f94de7ba027dd,EXTRACTED,intermediate/15b3/Pan-UKB/gt_f93f94de7ba027dd.parquet,EXTRACTED,intermediate/15b3/Pan-UKB/gt_f93f94de7ba027dd.parquet,True
cmp_8ca016f15931c3b0,gt_f93f94de7ba027dd,IAPP,Pan-UKB,Pan-UKB::continuous|48|both_sexes||irnt,Waist circumference,MID,SENSITIVITY,False,False,gt_f93f94de7ba027dd,gt_f93f94de7ba027dd,EXTRACTED,intermediate/15b3/Pan-UKB/gt_f93f94de7ba027dd.parquet,EXTRACTED,intermediate/15b3/Pan-UKB/gt_f93f94de7ba027dd.parquet,True
cmp_874eb48f73353a70,gt_0af6753fda7c87c2,INSR,Pan-UKB,Pan-UKB::continuous|48|both_sexes||irnt,Waist circumference,AFR,SENSITIVITY,False,False,gt_0af6753fda7c87c2,gt_0af6753fda7c87c2,EXTRACTED,intermediate/15b3/Pan-UKB/gt_0af6753fda7c87c2.parquet,EXTRACTED,intermediate/15b3/Pan-UKB/gt_0af6753fda7c87c2.parquet,True
cmp_4071a31e5d9bdfa2,gt_0af6753fda7c87c2,INSR,Pan-UKB,Pan-UKB::continuous|48|both_sexes||irnt,Waist circumference,CSA,SENSITIVITY,False,False,gt_0af6753fda7c87c2,gt_0af6753fda7c87c2,EXTRACTED,intermediate/15b3/Pan-UKB/gt_0af6753fda7c87c2.parquet,EXTRACTED,intermediate/15b3/Pan-UKB/gt_0af6753fda7c87c2.parquet,True
cmp_0ade502b8448d882,gt_0af6753fda7c87c2,INSR,Pan-UKB,Pan-UKB::continuous|48|both_sexes||irnt,Waist circumference,MID,SENSITIVITY,False,False,gt_0af6753fda7c87c2,gt_0af6753fda7c87c2,EXTRACTED,intermediate/15b3/Pan-UKB/gt_0af6753fda7c87c2.parquet,EXTRACTED,intermediate/15b3/Pan-UKB/gt_0af6753fda7c87c2.parquet,True
cmp_08fc6aee3cfad80f,gt_ae553badecd70994,LEPR,Pan-UKB,Pan-UKB::continuous|48|both_sexes||irnt,Waist circumference,AFR,SENSITIVITY,False,False,gt_ae553badecd70994,gt_ae553badecd70994,EXTRACTED,intermediate/15b3/Pan-UKB/gt_ae553badecd70994.parquet,EXTRACTED,intermediate/15b3/Pan-UKB/gt_ae553badecd70994.parquet,True
cmp_069875e6b8b7063a,gt_ae553badecd70994,LEPR,Pan-UKB,Pan-UKB::continuous|48|both_sexes||irnt,Waist circumference,CSA,SENSITIVITY,False,False,gt_ae553badecd70994,gt_ae553badecd70994,EXTRACTED,intermediate/15b3/Pan-UKB/gt_ae553badecd70994.parquet,EXTRACTED,intermediate/15b3/Pan-UKB/gt_ae553badecd70994.parquet,True
cmp_3dcb544bcbea6416,gt_ae553badecd70994,LEPR,Pan-UKB,Pan-UKB::continuous|48|both_sexes||irnt,Waist circumference,MID,SENSITIVITY,False,False,gt_ae553badecd70994,gt_ae553badecd70994,EXTRACTED,intermediate/15b3/Pan-UKB/gt_ae553badecd70994.parquet,EXTRACTED,intermediate/15b3/Pan-UKB/gt_ae553badecd70994.parquet,True
cmp_52906331eb59a759,gt_b3d5fe1d028af577,MAPK1,Pan-UKB,Pan-UKB::continuous|48|both_sexes||irnt,Waist circumference,AFR,SENSITIVITY,False,False,gt_b3d5fe1d028af577,gt_b3d5fe1d028af577,EXTRACTED,intermediate/15b3/Pan-UKB/gt_b3d5fe1d028af577.parquet,EXTRACTED,intermediate/15b3/Pan-UKB/gt_b3d5fe1d028af577.parquet,True
cmp_bc5fc1cf50db247a,gt_b3d5fe1d028af577,MAPK1,Pan-UKB,Pan-UKB::continuous|48|both_sexes||irnt,Waist circumference,CSA,SENSITIVITY,False,False,gt_b3d5fe1d028af577,gt_b3d5fe1d028af577,EXTRACTED,intermediate/15b3/Pan-UKB/gt_b3d5fe1d028af577.parquet,EXTRACTED,intermediate/15b3/Pan-UKB/gt_b3d5fe1d028af577.parquet,True
cmp_2fc6bef5f5d2c29b,gt_b3d5fe1d028af577,MAPK1,Pan-UKB,Pan-UKB::continuous|48|both_sexes||irnt,Waist circumference,MID,SENSITIVITY,False,False,gt_b3d5fe1d028af577,gt_b3d5fe1d028af577,EXTRACTED,intermediate/15b3/Pan-UKB/gt_b3d5fe1d028af577.parquet,EXTRACTED,intermediate/15b3/Pan-UKB/gt_b3d5fe1d028af577.parquet,True
cmp_a5dc65d29678ed04,gt_8976a55d7f38f14b,MAPK3,Pan-UKB,Pan-UKB::continuous|48|both_sexes||irnt,Waist circumference,AFR,SENSITIVITY,False,False,gt_8976a55d7f38f14b,gt_8976a55d7f38f14b,EXTRACTED,intermediate/15b3/Pan-UKB/gt_8976a55d7f38f14b.parquet,EXTRACTED,intermediate/15b3/Pan-UKB/gt_8976a55d7f38f14b.parquet,True
cmp_b9447a75589d9fd8,gt_8976a55d7f38f14b,MAPK3,Pan-UKB,Pan-UKB::continuous|48|both_sexes||irnt,Waist circumference,CSA,SENSITIVITY,False,False,gt_8976a55d7f38f14b,gt_8976a55d7f38f14b,EXTRACTED,intermediate/15b3/Pan-UKB/gt_8976a55d7f38f14b.parquet,EXTRACTED,intermediate/15b3/Pan-UKB/gt_8976a55d7f38f14b.parquet,True
cmp_3201e8daf890ffd3,gt_8976a55d7f38f14b,MAPK3,Pan-UKB,Pan-UKB::continuous|48|both_sexes||irnt,Waist circumference,MID,SENSITIVITY,False,False,gt_8976a55d7f38f14b,gt_8976a55d7f38f14b,EXTRACTED,intermediate/15b3/Pan-UKB/gt_8976a55d7f38f14b.parquet,EXTRACTED,intermediate/15b3/Pan-UKB/gt_8976a55d7f38f14b.parquet,True
cmp_e0baf23c0a0f4823,gt_6e5a0945e724d510,MC1R,Pan-UKB,Pan-UKB::continuous|48|both_sexes||irnt,Waist circumference,AFR,SENSITIVITY,False,False,gt_6e5a0945e724d510,gt_6e5a0945e724d510,EXTRACTED,intermediate/15b3/Pan-UKB/gt_6e5a0945e724d510.parquet,EXTRACTED,intermediate/15b3/Pan-UKB/gt_6e5a0945e724d510.parquet,True
cmp_62d377161319736e,gt_6e5a0945e724d510,MC1R,Pan-UKB,Pan-UKB::continuous|48|both_sexes||irnt,Waist circumference,CSA,SENSITIVITY,False,False,gt_6e5a0945e724d510,gt_6e5a0945e724d510,EXTRACTED,intermediate/15b3/Pan-UKB/gt_6e5a0945e724d510.parquet,EXTRACTED,intermediate/15b3/Pan-UKB/gt_6e5a0945e724d510.parquet,True
cmp_efd6e8b32e7e670b,gt_6e5a0945e724d510,MC1R,Pan-UKB,Pan-UKB::continuous|48|both_sexes||irnt,Waist circumference,MID,SENSITIVITY,False,False,gt_6e5a0945e724d510,gt_6e5a0945e724d510,EXTRACTED,intermediate/15b3/Pan-UKB/gt_6e5a0945e724d510.parquet,EXTRACTED,intermediate/15b3/Pan-UKB/gt_6e5a0945e724d510.parquet,True
cmp_1db7347f91430b8a,gt_6b56a43632e5452f,MC4R,Pan-UKB,Pan-UKB::continuous|48|both_sexes||irnt,Waist circumference,AFR,SENSITIVITY,False,False,gt_6b56a43632e5452f,gt_6b56a43632e5452f,EXTRACTED,intermediate/15b3/Pan-UKB/gt_6b56a43632e5452f.parquet,EXTRACTED,intermediate/15b3/Pan-UKB/gt_6b56a43632e5452f.parquet,True
cmp_4fa16f3701dc6edf,gt_6b56a43632e5452f,MC4R,Pan-UKB,Pan-UKB::continuous|48|both_sexes||irnt,Waist circumference,CSA,SENSITIVITY,False,False,gt_6b56a43632e5452f,gt_6b56a43632e5452f,EXTRACTED,intermediate/15b3/Pan-UKB/gt_6b56a43632e5452f.parquet,EXTRACTED,intermediate/15b3/Pan-UKB/gt_6b56a43632e5452f.parquet,True
cmp_c4da23082186a658,gt_6b56a43632e5452f,MC4R,Pan-UKB,Pan-UKB::continuous|48|both_sexes||irnt,Waist circumference,MID,SENSITIVITY,False,False,gt_6b56a43632e5452f,gt_6b56a43632e5452f,EXTRACTED,intermediate/15b3/Pan-UKB/gt_6b56a43632e5452f.parquet,EXTRACTED,intermediate/15b3/Pan-UKB/gt_6b56a43632e5452f.parquet,True
cmp_84030cf3e8f767e3,gt_1d267c50a84beea4,MTTP,Pan-UKB,Pan-UKB::continuous|48|both_sexes||irnt,Waist circumference,AFR,SENSITIVITY,False,False,gt_1d267c50a84beea4,gt_1d267c50a84beea4,EXTRACTED,intermediate/15b3/Pan-UKB/gt_1d267c50a84beea4.parquet,EXTRACTED,intermediate/15b3/Pan-UKB/gt_1d267c50a84beea4.parquet,True
cmp_54396f83c270fe8c,gt_1d267c50a84beea4,MTTP,Pan-UKB,Pan-UKB::continuous|48|both_sexes||irnt,Waist circumference,CSA,SENSITIVITY,False,False,gt_1d267c50a84beea4,gt_1d267c50a84beea4,EXTRACTED,intermediate/15b3/Pan-UKB/gt_1d267c50a84beea4.parquet,EXTRACTED,intermediate/15b3/Pan-UKB/gt_1d267c50a84beea4.parquet,True
cmp_1558615d61bc8fe5,gt_1d267c50a84beea4,MTTP,Pan-UKB,Pan-UKB::continuous|48|both_sexes||irnt,Waist circumference,MID,SENSITIVITY,False,False,gt_1d267c50a84beea4,gt_1d267c50a84beea4,EXTRACTED,intermediate/15b3/Pan-UKB/gt_1d267c50a84beea4.parquet,EXTRACTED,intermediate/15b3/Pan-UKB/gt_1d267c50a84beea4.parquet,True
cmp_edd04cf1fcafc1d5,gt_abe2850ab7b06f8e,NPY,Pan-UKB,Pan-UKB::continuous|48|both_sexes||irnt,Waist circumference,AFR,SENSITIVITY,False,False,gt_abe2850ab7b06f8e,gt_abe2850ab7b06f8e,EXTRACTED,intermediate/15b3/Pan-UKB/gt_abe2850ab7b06f8e.parquet,EXTRACTED,intermediate/15b3/Pan-UKB/gt_abe2850ab7b06f8e.parquet,True
cmp_6dca66d11006bcb5,gt_abe2850ab7b06f8e,NPY,Pan-UKB,Pan-UKB::continuous|48|both_sexes||irnt,Waist circumference,CSA,SENSITIVITY,False,False,gt_abe2850ab7b06f8e,gt_abe2850ab7b06f8e,EXTRACTED,intermediate/15b3/Pan-UKB/gt_abe2850ab7b06f8e.parquet,EXTRACTED,intermediate/15b3/Pan-UKB/gt_abe2850ab7b06f8e.parquet,True
cmp_fb67811751089afd,gt_abe2850ab7b06f8e,NPY,Pan-UKB,Pan-UKB::continuous|48|both_sexes||irnt,Waist circumference,MID,SENSITIVITY,False,False,gt_abe2850ab7b06f8e,gt_abe2850ab7b06f8e,EXTRACTED,intermediate/15b3/Pan-UKB/gt_abe2850ab7b06f8e.parquet,EXTRACTED,intermediate/15b3/Pan-UKB/gt_abe2850ab7b06f8e.parquet,True
cmp_c05040375d0f371d,gt_b8c7e9b4163e32c0,NPY5R,Pan-UKB,Pan-UKB::continuous|48|both_sexes||irnt,Waist circumference,AFR,SENSITIVITY,False,False,gt_b8c7e9b4163e32c0,gt_b8c7e9b4163e32c0,EXTRACTED,intermediate/15b3/Pan-UKB/gt_b8c7e9b4163e32c0.parquet,EXTRACTED,intermediate/15b3/Pan-UKB/gt_b8c7e9b4163e32c0.parquet,True
cmp_adaf83eba9391e13,gt_b8c7e9b4163e32c0,NPY5R,Pan-UKB,Pan-UKB::continuous|48|both_sexes||irnt,Waist circumference,CSA,SENSITIVITY,False,False,gt_b8c7e9b4163e32c0,gt_b8c7e9b4163e32c0,EXTRACTED,intermediate/15b3/Pan-UKB/gt_b8c7e9b4163e32c0.parquet,EXTRACTED,intermediate/15b3/Pan-UKB/gt_b8c7e9b4163e32c0.parquet,True
cmp_8abbfcea7f3fdb64,gt_b8c7e9b4163e32c0,NPY5R,Pan-UKB,Pan-UKB::continuous|48|both_sexes||irnt,Waist circumference,MID,SENSITIVITY,False,False,gt_b8c7e9b4163e32c0,gt_b8c7e9b4163e32c0,EXTRACTED,intermediate/15b3/Pan-UKB/gt_b8c7e9b4163e32c0.parquet,EXTRACTED,intermediate/15b3/Pan-UKB/gt_b8c7e9b4163e32c0.parquet,True
cmp_6628e2cf3c9466d5,gt_9f4388b02206b57b,NR3C1,Pan-UKB,Pan-UKB::continuous|48|both_sexes||irnt,Waist circumference,AFR,SENSITIVITY,False,False,gt_9f4388b02206b57b,gt_9f4388b02206b57b,EXTRACTED,intermediate/15b3/Pan-UKB/gt_9f4388b02206b57b.parquet,EXTRACTED,intermediate/15b3/Pan-UKB/gt_9f4388b02206b57b.parquet,True
cmp_357cc0277ad52b7d,gt_9f4388b02206b57b,NR3C1,Pan-UKB,Pan-UKB::continuous|48|both_sexes||irnt,Waist circumference,CSA,SENSITIVITY,False,False,gt_9f4388b02206b57b,gt_9f4388b02206b57b,EXTRACTED,intermediate/15b3/Pan-UKB/gt_9f4388b02206b57b.parquet,EXTRACTED,intermediate/15b3/Pan-UKB/gt_9f4388b02206b57b.parquet,True
cmp_f23dcb06c598f785,gt_9f4388b02206b57b,NR3C1,Pan-UKB,Pan-UKB::continuous|48|both_sexes||irnt,Waist circumference,MID,SENSITIVITY,False,False,gt_9f4388b02206b57b,gt_9f4388b02206b57b,EXTRACTED,intermediate/15b3/Pan-UKB/gt_9f4388b02206b57b.parquet,EXTRACTED,intermediate/15b3/Pan-UKB/gt_9f4388b02206b57b.parquet,True
cmp_cccaa7b873b0d644,gt_c2406a776d170133,OPRM1,Pan-UKB,Pan-UKB::continuous|48|both_sexes||irnt,Waist circumference,AFR,SENSITIVITY,False,False,gt_c2406a776d170133,gt_c2406a776d170133,EXTRACTED,intermediate/15b3/Pan-UKB/gt_c2406a776d170133.parquet,EXTRACTED,intermediate/15b3/Pan-UKB/gt_c2406a776d170133.parquet,True
cmp_1cb43d8566924704,gt_c2406a776d170133,OPRM1,Pan-UKB,Pan-UKB::continuous|48|both_sexes||irnt,Waist circumference,CSA,SENSITIVITY,False,False,gt_c2406a776d170133,gt_c2406a776d170133,EXTRACTED,intermediate/15b3/Pan-UKB/gt_c2406a776d170133.parquet,EXTRACTED,intermediate/15b3/Pan-UKB/gt_c2406a776d170133.parquet,True
cmp_3c410f7c7561d694,gt_c2406a776d170133,OPRM1,Pan-UKB,Pan-UKB::continuous|48|both_sexes||irnt,Waist circumference,MID,SENSITIVITY,False,False,gt_c2406a776d170133,gt_c2406a776d170133,EXTRACTED,intermediate/15b3/Pan-UKB/gt_c2406a776d170133.parquet,EXTRACTED,intermediate/15b3/Pan-UKB/gt_c2406a776d170133.parquet,True
cmp_661a9fda6c4c9774,gt_68eb030239b9ad27,PPARA,Pan-UKB,Pan-UKB::continuous|48|both_sexes||irnt,Waist circumference,AFR,SENSITIVITY,False,False,gt_68eb030239b9ad27,gt_68eb030239b9ad27,EXTRACTED,intermediate/15b3/Pan-UKB/gt_68eb030239b9ad27.parquet,EXTRACTED,intermediate/15b3/Pan-UKB/gt_68eb030239b9ad27.parquet,True
cmp_7884c8f411a7e713,gt_68eb030239b9ad27,PPARA,Pan-UKB,Pan-UKB::continuous|48|both_sexes||irnt,Waist circumference,CSA,SENSITIVITY,False,False,gt_68eb030239b9ad27,gt_68eb030239b9ad27,EXTRACTED,intermediate/15b3/Pan-UKB/gt_68eb030239b9ad27.parquet,EXTRACTED,intermediate/15b3/Pan-UKB/gt_68eb030239b9ad27.parquet,True
cmp_44a4afb0021fbc7d,gt_68eb030239b9ad27,PPARA,Pan-UKB,Pan-UKB::continuous|48|both_sexes||irnt,Waist circumference,MID,SENSITIVITY,False,False,gt_68eb030239b9ad27,gt_68eb030239b9ad27,EXTRACTED,intermediate/15b3/Pan-UKB/gt_68eb030239b9ad27.parquet,EXTRACTED,intermediate/15b3/Pan-UKB/gt_68eb030239b9ad27.parquet,True
cmp_42c2de1301e7dcc3,gt_c2318cac682fe017,PPARD,Pan-UKB,Pan-UKB::continuous|48|both_sexes||irnt,Waist circumference,AFR,SENSITIVITY,False,False,gt_c2318cac682fe017,gt_c2318cac682fe017,EXTRACTED,intermediate/15b3/Pan-UKB/gt_c2318cac682fe017.parquet,EXTRACTED,intermediate/15b3/Pan-UKB/gt_c2318cac682fe017.parquet,True
cmp_190417ed5f92e757,gt_c2318cac682fe017,PPARD,Pan-UKB,Pan-UKB::continuous|48|both_sexes||irnt,Waist circumference,CSA,SENSITIVITY,False,False,gt_c2318cac682fe017,gt_c2318cac682fe017,EXTRACTED,intermediate/15b3/Pan-UKB/gt_c2318cac682fe017.parquet,EXTRACTED,intermediate/15b3/Pan-UKB/gt_c2318cac682fe017.parquet,True
cmp_5bbd3111ef91048d,gt_c2318cac682fe017,PPARD,Pan-UKB,Pan-UKB::continuous|48|both_sexes||irnt,Waist circumference,MID,SENSITIVITY,False,False,gt_c2318cac682fe017,gt_c2318cac682fe017,EXTRACTED,intermediate/15b3/Pan-UKB/gt_c2318cac682fe017.parquet,EXTRACTED,intermediate/15b3/Pan-UKB/gt_c2318cac682fe017.parquet,True
cmp_aba6919d6f94cd52,gt_1d049491385481d3,PPARG,Pan-UKB,Pan-UKB::continuous|48|both_sexes||irnt,Waist circumference,AFR,SENSITIVITY,False,False,gt_1d049491385481d3,gt_1d049491385481d3,EXTRACTED,intermediate/15b3/Pan-UKB/gt_1d049491385481d3.parquet,EXTRACTED,intermediate/15b3/Pan-UKB/gt_1d049491385481d3.parquet,True
cmp_1c3e638e6144d190,gt_1d049491385481d3,PPARG,Pan-UKB,Pan-UKB::continuous|48|both_sexes||irnt,Waist circumference,CSA,SENSITIVITY,False,False,gt_1d049491385481d3,gt_1d049491385481d3,EXTRACTED,intermediate/15b3/Pan-UKB/gt_1d049491385481d3.parquet,EXTRACTED,intermediate/15b3/Pan-UKB/gt_1d049491385481d3.parquet,True
cmp_ddb0be2fff6bc19b,gt_1d049491385481d3,PPARG,Pan-UKB,Pan-UKB::continuous|48|both_sexes||irnt,Waist circumference,MID,SENSITIVITY,False,False,gt_1d049491385481d3,gt_1d049491385481d3,EXTRACTED,intermediate/15b3/Pan-UKB/gt_1d049491385481d3.parquet,EXTRACTED,intermediate/15b3/Pan-UKB/gt_1d049491385481d3.parquet,True
cmp_dcd4ce4764b0ec27,gt_9b281bcdad313ba0,SLC6A4,Pan-UKB,Pan-UKB::continuous|48|both_sexes||irnt,Waist circumference,AFR,SENSITIVITY,False,False,gt_9b281bcdad313ba0,gt_9b281bcdad313ba0,EXTRACTED,intermediate/15b3/Pan-UKB/gt_9b281bcdad313ba0.parquet,EXTRACTED,intermediate/15b3/Pan-UKB/gt_9b281bcdad313ba0.parquet,True
cmp_0b4b37bf31508110,gt_9b281bcdad313ba0,SLC6A4,Pan-UKB,Pan-UKB::continuous|48|both_sexes||irnt,Waist circumference,CSA,SENSITIVITY,False,False,gt_9b281bcdad313ba0,gt_9b281bcdad313ba0,EXTRACTED,intermediate/15b3/Pan-UKB/gt_9b281bcdad313ba0.parquet,EXTRACTED,intermediate/15b3/Pan-UKB/gt_9b281bcdad313ba0.parquet,True
cmp_d50a3e0e907f5768,gt_9b281bcdad313ba0,SLC6A4,Pan-UKB,Pan-UKB::continuous|48|both_sexes||irnt,Waist circumference,MID,SENSITIVITY,False,False,gt_9b281bcdad313ba0,gt_9b281bcdad313ba0,EXTRACTED,intermediate/15b3/Pan-UKB/gt_9b281bcdad313ba0.parquet,EXTRACTED,intermediate/15b3/Pan-UKB/gt_9b281bcdad313ba0.parquet,True
cmp_5408ee3bca0c3f79,gt_e79f28efd5fac653,SREBF1,Pan-UKB,Pan-UKB::continuous|48|both_sexes||irnt,Waist circumference,AFR,SENSITIVITY,False,False,gt_e79f28efd5fac653,gt_e79f28efd5fac653,EXTRACTED,intermediate/15b3/Pan-UKB/gt_e79f28efd5fac653.parquet,EXTRACTED,intermediate/15b3/Pan-UKB/gt_e79f28efd5fac653.parquet,True
cmp_63361ddc32224d19,gt_e79f28efd5fac653,SREBF1,Pan-UKB,Pan-UKB::continuous|48|both_sexes||irnt,Waist circumference,CSA,SENSITIVITY,False,False,gt_e79f28efd5fac653,gt_e79f28efd5fac653,EXTRACTED,intermediate/15b3/Pan-UKB/gt_e79f28efd5fac653.parquet,EXTRACTED,intermediate/15b3/Pan-UKB/gt_e79f28efd5fac653.parquet,True
cmp_0bcfe83c7dfbd5be,gt_e79f28efd5fac653,SREBF1,Pan-UKB,Pan-UKB::continuous|48|both_sexes||irnt,Waist circumference,MID,SENSITIVITY,False,False,gt_e79f28efd5fac653,gt_e79f28efd5fac653,EXTRACTED,intermediate/15b3/Pan-UKB/gt_e79f28efd5fac653.parquet,EXTRACTED,intermediate/15b3/Pan-UKB/gt_e79f28efd5fac653.parquet,True
cmp_5fd6252b26c9a5f6,gt_7e127226e05ee5bf,SREBF2,Pan-UKB,Pan-UKB::continuous|48|both_sexes||irnt,Waist circumference,AFR,SENSITIVITY,False,False,gt_7e127226e05ee5bf,gt_7e127226e05ee5bf,EXTRACTED,intermediate/15b3/Pan-UKB/gt_7e127226e05ee5bf.parquet,EXTRACTED,intermediate/15b3/Pan-UKB/gt_7e127226e05ee5bf.parquet,True
cmp_c803af325c5f5d85,gt_7e127226e05ee5bf,SREBF2,Pan-UKB,Pan-UKB::continuous|48|both_sexes||irnt,Waist circumference,CSA,SENSITIVITY,False,False,gt_7e127226e05ee5bf,gt_7e127226e05ee5bf,EXTRACTED,intermediate/15b3/Pan-UKB/gt_7e127226e05ee5bf.parquet,EXTRACTED,intermediate/15b3/Pan-UKB/gt_7e127226e05ee5bf.parquet,True
cmp_ba0db2d4441ec3ba,gt_7e127226e05ee5bf,SREBF2,Pan-UKB,Pan-UKB::continuous|48|both_sexes||irnt,Waist circumference,MID,SENSITIVITY,False,False,gt_7e127226e05ee5bf,gt_7e127226e05ee5bf,EXTRACTED,intermediate/15b3/Pan-UKB/gt_7e127226e05ee5bf.parquet,EXTRACTED,intermediate/15b3/Pan-UKB/gt_7e127226e05ee5bf.parquet,True
cmp_90ebb269ca08e668,gt_24b34ddef722adb5,ADORA1,GBMI,GBMI::Asthma,Asthma,AFR,PRIMARY,False,True,gt_24b34ddef722adb5__EUR,gt_24b34ddef722adb5__AFR,EXTRACTED,intermediate/15b3/GBMI/gt_24b34ddef722adb5__EUR.parquet,EXTRACTED,intermediate/15b3/GBMI/gt_24b34ddef722adb5__AFR.parquet,True
cmp_3ba52eabf3056c1c,gt_24b34ddef722adb5,ADORA1,GBMI,GBMI::Asthma,Asthma,AMR,PRIMARY,False,True,gt_24b34ddef722adb5__EUR,gt_24b34ddef722adb5__AMR,EXTRACTED,intermediate/15b3/GBMI/gt_24b34ddef722adb5__EUR.parquet,EXTRACTED,intermediate/15b3/GBMI/gt_24b34ddef722adb5__AMR.parquet,True
cmp_26e44c681a21da82,gt_24b34ddef722adb5,ADORA1,GBMI,GBMI::Asthma,Asthma,CSA,PRIMARY,False,True,gt_24b34ddef722adb5__EUR,gt_24b34ddef722adb5__CSA,EXTRACTED,intermediate/15b3/GBMI/gt_24b34ddef722adb5__EUR.parquet,EXTRACTED,intermediate/15b3/GBMI/gt_24b34ddef722adb5__CSA.parquet,True
cmp_882aa5528898efd7,gt_24b34ddef722adb5,ADORA1,GBMI,GBMI::Asthma,Asthma,EAS,PRIMARY,False,True,gt_24b34ddef722adb5__EUR,gt_24b34ddef722adb5__EAS,EXTRACTED,intermediate/15b3/GBMI/gt_24b34ddef722adb5__EUR.parquet,EXTRACTED,intermediate/15b3/GBMI/gt_24b34ddef722adb5__EAS.parquet,True
cmp_1879bacc3f143d63,gt_d1a63f782d9591b6,ADORA2B,GBMI,GBMI::Asthma,Asthma,AFR,PRIMARY,False,True,gt_d1a63f782d9591b6__EUR,gt_d1a63f782d9591b6__AFR,EXTRACTED,intermediate/15b3/GBMI/gt_d1a63f782d9591b6__EUR.parquet,EXTRACTED,intermediate/15b3/GBMI/gt_d1a63f782d9591b6__AFR.parquet,True
cmp_3fbdc821bc212f87,gt_d1a63f782d9591b6,ADORA2B,GBMI,GBMI::Asthma,Asthma,AMR,PRIMARY,False,True,gt_d1a63f782d9591b6__EUR,gt_d1a63f782d9591b6__AMR,EXTRACTED,intermediate/15b3/GBMI/gt_d1a63f782d9591b6__EUR.parquet,EXTRACTED,intermediate/15b3/GBMI/gt_d1a63f782d9591b6__AMR.parquet,True
cmp_a918f142c50e9c1b,gt_d1a63f782d9591b6,ADORA2B,GBMI,GBMI::Asthma,Asthma,CSA,PRIMARY,False,True,gt_d1a63f782d9591b6__EUR,gt_d1a63f782d9591b6__CSA,EXTRACTED,intermediate/15b3/GBMI/gt_d1a63f782d9591b6__EUR.parquet,EXTRACTED,intermediate/15b3/GBMI/gt_d1a63f782d9591b6__CSA.parquet,True
cmp_d4512f391230ce00,gt_d1a63f782d9591b6,ADORA2B,GBMI,GBMI::Asthma,Asthma,EAS,PRIMARY,False,True,gt_d1a63f782d9591b6__EUR,gt_d1a63f782d9591b6__EAS,EXTRACTED,intermediate/15b3/GBMI/gt_d1a63f782d9591b6__EUR.parquet,EXTRACTED,intermediate/15b3/GBMI/gt_d1a63f782d9591b6__EAS.parquet,True
cmp_46490d7af44846b5,gt_d9617b3ca0a01afd,ADRB2,GBMI,GBMI::Asthma,Asthma,AFR,PRIMARY,False,True,gt_d9617b3ca0a01afd__EUR,gt_d9617b3ca0a01afd__AFR,EXTRACTED,intermediate/15b3/GBMI/gt_d9617b3ca0a01afd__EUR.parquet,EXTRACTED,intermediate/15b3/GBMI/gt_d9617b3ca0a01afd__AFR.parquet,True
cmp_2bdca6ae65b579b6,gt_d9617b3ca0a01afd,ADRB2,GBMI,GBMI::Asthma,Asthma,AMR,PRIMARY,False,True,gt_d9617b3ca0a01afd__EUR,gt_d9617b3ca0a01afd__AMR,EXTRACTED,intermediate/15b3/GBMI/gt_d9617b3ca0a01afd__EUR.parquet,EXTRACTED,intermediate/15b3/GBMI/gt_d9617b3ca0a01afd__AMR.parquet,True
cmp_20b65a81adbdd8d8,gt_d9617b3ca0a01afd,ADRB2,GBMI,GBMI::Asthma,Asthma,CSA,PRIMARY,False,True,gt_d9617b3ca0a01afd__EUR,gt_d9617b3ca0a01afd__CSA,EXTRACTED,intermediate/15b3/GBMI/gt_d9617b3ca0a01afd__EUR.parquet,EXTRACTED,intermediate/15b3/GBMI/gt_d9617b3ca0a01afd__CSA.parquet,True
cmp_d46a8755ecd8923f,gt_d9617b3ca0a01afd,ADRB2,GBMI,GBMI::Asthma,Asthma,EAS,PRIMARY,False,True,gt_d9617b3ca0a01afd__EUR,gt_d9617b3ca0a01afd__EAS,EXTRACTED,intermediate/15b3/GBMI/gt_d9617b3ca0a01afd__EUR.parquet,EXTRACTED,intermediate/15b3/GBMI/gt_d9617b3ca0a01afd__EAS.parquet,True
cmp_28207de7faebaec4,gt_17737ee47ab15a2c,CHRM3,GBMI,GBMI::Asthma,Asthma,AFR,PRIMARY,False,True,gt_17737ee47ab15a2c__EUR,gt_17737ee47ab15a2c__AFR,EXTRACTED,intermediate/15b3/GBMI/gt_17737ee47ab15a2c__EUR.parquet,EXTRACTED,intermediate/15b3/GBMI/gt_17737ee47ab15a2c__AFR.parquet,True
cmp_35c7f33119fc69aa,gt_17737ee47ab15a2c,CHRM3,GBMI,GBMI::Asthma,Asthma,AMR,PRIMARY,False,True,gt_17737ee47ab15a2c__EUR,gt_17737ee47ab15a2c__AMR,EXTRACTED,intermediate/15b3/GBMI/gt_17737ee47ab15a2c__EUR.parquet,EXTRACTED,intermediate/15b3/GBMI/gt_17737ee47ab15a2c__AMR.parquet,True
cmp_7cd40f2755ea14ce,gt_17737ee47ab15a2c,CHRM3,GBMI,GBMI::Asthma,Asthma,CSA,PRIMARY,False,True,gt_17737ee47ab15a2c__EUR,gt_17737ee47ab15a2c__CSA,EXTRACTED,intermediate/15b3/GBMI/gt_17737ee47ab15a2c__EUR.parquet,EXTRACTED,intermediate/15b3/GBMI/gt_17737ee47ab15a2c__CSA.parquet,True
cmp_a91e9e2dbbab8464,gt_17737ee47ab15a2c,CHRM3,GBMI,GBMI::Asthma,Asthma,EAS,PRIMARY,False,True,gt_17737ee47ab15a2c__EUR,gt_17737ee47ab15a2c__EAS,EXTRACTED,intermediate/15b3/GBMI/gt_17737ee47ab15a2c__EUR.parquet,EXTRACTED,intermediate/15b3/GBMI/gt_17737ee47ab15a2c__EAS.parquet,True
cmp_b4fc8783bf50b0f8,gt_8ec8b2adc38392c6,CSF2,GBMI,GBMI::Asthma,Asthma,AFR,PRIMARY,False,True,gt_8ec8b2adc38392c6__EUR,gt_8ec8b2adc38392c6__AFR,EXTRACTED,intermediate/15b3/GBMI/gt_8ec8b2adc38392c6__EUR.parquet,EXTRACTED,intermediate/15b3/GBMI/gt_8ec8b2adc38392c6__AFR.parquet,True
cmp_900aed83a970be9e,gt_8ec8b2adc38392c6,CSF2,GBMI,GBMI::Asthma,Asthma,AMR,PRIMARY,False,True,gt_8ec8b2adc38392c6__EUR,gt_8ec8b2adc38392c6__AMR,EXTRACTED,intermediate/15b3/GBMI/gt_8ec8b2adc38392c6__EUR.parquet,EXTRACTED,intermediate/15b3/GBMI/gt_8ec8b2adc38392c6__AMR.parquet,True
cmp_872016488aceb283,gt_8ec8b2adc38392c6,CSF2,GBMI,GBMI::Asthma,Asthma,CSA,PRIMARY,False,True,gt_8ec8b2adc38392c6__EUR,gt_8ec8b2adc38392c6__CSA,EXTRACTED,intermediate/15b3/GBMI/gt_8ec8b2adc38392c6__EUR.parquet,EXTRACTED,intermediate/15b3/GBMI/gt_8ec8b2adc38392c6__CSA.parquet,True
cmp_d8dd6ef7088ffba2,gt_8ec8b2adc38392c6,CSF2,GBMI,GBMI::Asthma,Asthma,EAS,PRIMARY,False,True,gt_8ec8b2adc38392c6__EUR,gt_8ec8b2adc38392c6__EAS,EXTRACTED,intermediate/15b3/GBMI/gt_8ec8b2adc38392c6__EUR.parquet,EXTRACTED,intermediate/15b3/GBMI/gt_8ec8b2adc38392c6__EAS.parquet,True
cmp_e3d18da8c31d7ea7,gt_5a1238ab72b04b53,FGFR3,GBMI,GBMI::Asthma,Asthma,AFR,PRIMARY,False,True,gt_5a1238ab72b04b53__EUR,gt_5a1238ab72b04b53__AFR,EXTRACTED,intermediate/15b3/GBMI/gt_5a1238ab72b04b53__EUR.parquet,EXTRACTED,intermediate/15b3/GBMI/gt_5a1238ab72b04b53__AFR.parquet,True
cmp_bbd4208cbc3bd7e5,gt_5a1238ab72b04b53,FGFR3,GBMI,GBMI::Asthma,Asthma,AMR,PRIMARY,False,True,gt_5a1238ab72b04b53__EUR,gt_5a1238ab72b04b53__AMR,EXTRACTED,intermediate/15b3/GBMI/gt_5a1238ab72b04b53__EUR.parquet,EXTRACTED,intermediate/15b3/GBMI/gt_5a1238ab72b04b53__AMR.parquet,True
cmp_e04d0f6a0ffc8967,gt_5a1238ab72b04b53,FGFR3,GBMI,GBMI::Asthma,Asthma,CSA,PRIMARY,False,True,gt_5a1238ab72b04b53__EUR,gt_5a1238ab72b04b53__CSA,EXTRACTED,intermediate/15b3/GBMI/gt_5a1238ab72b04b53__EUR.parquet,EXTRACTED,intermediate/15b3/GBMI/gt_5a1238ab72b04b53__CSA.parquet,True
cmp_06689f7e8a7c15e0,gt_5a1238ab72b04b53,FGFR3,GBMI,GBMI::Asthma,Asthma,EAS,PRIMARY,False,True,gt_5a1238ab72b04b53__EUR,gt_5a1238ab72b04b53__EAS,EXTRACTED,intermediate/15b3/GBMI/gt_5a1238ab72b04b53__EUR.parquet,EXTRACTED,intermediate/15b3/GBMI/gt_5a1238ab72b04b53__EAS.parquet,True
cmp_dc17746c43ba008b,gt_519bb947b499daff,GATA3,GBMI,GBMI::Asthma,Asthma,AFR,PRIMARY,False,True,gt_519bb947b499daff__EUR,gt_519bb947b499daff__AFR,EXTRACTED,intermediate/15b3/GBMI/gt_519bb947b499daff__EUR.parquet,EXTRACTED,intermediate/15b3/GBMI/gt_519bb947b499daff__AFR.parquet,True
cmp_9d824417fe65d822,gt_519bb947b499daff,GATA3,GBMI,GBMI::Asthma,Asthma,AMR,PRIMARY,False,True,gt_519bb947b499daff__EUR,gt_519bb947b499daff__AMR,EXTRACTED,intermediate/15b3/GBMI/gt_519bb947b499daff__EUR.parquet,EXTRACTED,intermediate/15b3/GBMI/gt_519bb947b499daff__AMR.parquet,True
cmp_6fac66445dcff4c0,gt_519bb947b499daff,GATA3,GBMI,GBMI::Asthma,Asthma,CSA,PRIMARY,False,True,gt_519bb947b499daff__EUR,gt_519bb947b499daff__CSA,EXTRACTED,intermediate/15b3/GBMI/gt_519bb947b499daff__EUR.parquet,EXTRACTED,intermediate/15b3/GBMI/gt_519bb947b499daff__CSA.parquet,True
cmp_ba664b37fee5bc19,gt_519bb947b499daff,GATA3,GBMI,GBMI::Asthma,Asthma,EAS,PRIMARY,False,True,gt_519bb947b499daff__EUR,gt_519bb947b499daff__EAS,EXTRACTED,intermediate/15b3/GBMI/gt_519bb947b499daff__EUR.parquet,EXTRACTED,intermediate/15b3/GBMI/gt_519bb947b499daff__EAS.parquet,True
cmp_56f69ebeb8ee406e,gt_9e0993252b567190,HRH4,GBMI,GBMI::Asthma,Asthma,AFR,PRIMARY,False,True,gt_9e0993252b567190__EUR,gt_9e0993252b567190__AFR,EXTRACTED,intermediate/15b3/GBMI/gt_9e0993252b567190__EUR.parquet,EXTRACTED,intermediate/15b3/GBMI/gt_9e0993252b567190__AFR.parquet,True
cmp_7e98133a48915a98,gt_9e0993252b567190,HRH4,GBMI,GBMI::Asthma,Asthma,AMR,PRIMARY,False,True,gt_9e0993252b567190__EUR,gt_9e0993252b567190__AMR,EXTRACTED,intermediate/15b3/GBMI/gt_9e0993252b567190__EUR.parquet,EXTRACTED,intermediate/15b3/GBMI/gt_9e0993252b567190__AMR.parquet,True
cmp_8a07d6969db9bbda,gt_9e0993252b567190,HRH4,GBMI,GBMI::Asthma,Asthma,CSA,PRIMARY,False,True,gt_9e0993252b567190__EUR,gt_9e0993252b567190__CSA,EXTRACTED,intermediate/15b3/GBMI/gt_9e0993252b567190__EUR.parquet,EXTRACTED,intermediate/15b3/GBMI/gt_9e0993252b567190__CSA.parquet,True
cmp_ddb0f1f4a82215f0,gt_9e0993252b567190,HRH4,GBMI,GBMI::Asthma,Asthma,EAS,PRIMARY,False,True,gt_9e0993252b567190__EUR,gt_9e0993252b567190__EAS,EXTRACTED,intermediate/15b3/GBMI/gt_9e0993252b567190__EUR.parquet,EXTRACTED,intermediate/15b3/GBMI/gt_9e0993252b567190__EAS.parquet,True
cmp_ab8ccf0cc0913f47,gt_b5915a3fe7e0c8ef,IL13,GBMI,GBMI::Asthma,Asthma,AFR,PRIMARY,False,True,gt_b5915a3fe7e0c8ef__EUR,gt_b5915a3fe7e0c8ef__AFR,EXTRACTED,intermediate/15b3/GBMI/gt_b5915a3fe7e0c8ef__EUR.parquet,EXTRACTED,intermediate/15b3/GBMI/gt_b5915a3fe7e0c8ef__AFR.parquet,True
cmp_d6a94e5b9cd24b66,gt_b5915a3fe7e0c8ef,IL13,GBMI,GBMI::Asthma,Asthma,AMR,PRIMARY,False,True,gt_b5915a3fe7e0c8ef__EUR,gt_b5915a3fe7e0c8ef__AMR,EXTRACTED,intermediate/15b3/GBMI/gt_b5915a3fe7e0c8ef__EUR.parquet,EXTRACTED,intermediate/15b3/GBMI/gt_b5915a3fe7e0c8ef__AMR.parquet,True
cmp_36a279eb7569f6dc,gt_b5915a3fe7e0c8ef,IL13,GBMI,GBMI::Asthma,Asthma,CSA,PRIMARY,False,True,gt_b5915a3fe7e0c8ef__EUR,gt_b5915a3fe7e0c8ef__CSA,EXTRACTED,intermediate/15b3/GBMI/gt_b5915a3fe7e0c8ef__EUR.parquet,EXTRACTED,intermediate/15b3/GBMI/gt_b5915a3fe7e0c8ef__CSA.parquet,True
cmp_a76b488e4d6fc321,gt_b5915a3fe7e0c8ef,IL13,GBMI,GBMI::Asthma,Asthma,EAS,PRIMARY,False,True,gt_b5915a3fe7e0c8ef__EUR,gt_b5915a3fe7e0c8ef__EAS,EXTRACTED,intermediate/15b3/GBMI/gt_b5915a3fe7e0c8ef__EUR.parquet,EXTRACTED,intermediate/15b3/GBMI/gt_b5915a3fe7e0c8ef__EAS.parquet,True
cmp_970c00a72772998e,gt_643969c79b356830,IL17RB,GBMI,GBMI::Asthma,Asthma,AFR,PRIMARY,False,True,gt_643969c79b356830__EUR,gt_643969c79b356830__AFR,EXTRACTED,intermediate/15b3/GBMI/gt_643969c79b356830__EUR.parquet,EXTRACTED,intermediate/15b3/GBMI/gt_643969c79b356830__AFR.parquet,True
cmp_efb9c759a376363a,gt_643969c79b356830,IL17RB,GBMI,GBMI::Asthma,Asthma,AMR,PRIMARY,False,True,gt_643969c79b356830__EUR,gt_643969c79b356830__AMR,EXTRACTED,intermediate/15b3/GBMI/gt_643969c79b356830__EUR.parquet,EXTRACTED,intermediate/15b3/GBMI/gt_643969c79b356830__AMR.parquet,True
cmp_be7991c3429d43fa,gt_643969c79b356830,IL17RB,GBMI,GBMI::Asthma,Asthma,CSA,PRIMARY,False,True,gt_643969c79b356830__EUR,gt_643969c79b356830__CSA,EXTRACTED,intermediate/15b3/GBMI/gt_643969c79b356830__EUR.parquet,EXTRACTED,intermediate/15b3/GBMI/gt_643969c79b356830__CSA.parquet,True
cmp_391e0792ae5e5eb8,gt_643969c79b356830,IL17RB,GBMI,GBMI::Asthma,Asthma,EAS,PRIMARY,False,True,gt_643969c79b356830__EUR,gt_643969c79b356830__EAS,EXTRACTED,intermediate/15b3/GBMI/gt_643969c79b356830__EUR.parquet,EXTRACTED,intermediate/15b3/GBMI/gt_643969c79b356830__EAS.parquet,True
cmp_50dfe6ec581edb6f,gt_e0253f9da76890c4,IL1RL1,GBMI,GBMI::Asthma,Asthma,AFR,PRIMARY,False,True,gt_e0253f9da76890c4__EUR,gt_e0253f9da76890c4__AFR,EXTRACTED,intermediate/15b3/GBMI/gt_e0253f9da76890c4__EUR.parquet,EXTRACTED,intermediate/15b3/GBMI/gt_e0253f9da76890c4__AFR.parquet,True
cmp_1113c8b20072258e,gt_e0253f9da76890c4,IL1RL1,GBMI,GBMI::Asthma,Asthma,AMR,PRIMARY,False,True,gt_e0253f9da76890c4__EUR,gt_e0253f9da76890c4__AMR,EXTRACTED,intermediate/15b3/GBMI/gt_e0253f9da76890c4__EUR.parquet,EXTRACTED,intermediate/15b3/GBMI/gt_e0253f9da76890c4__AMR.parquet,True
cmp_4af752414605f4d3,gt_e0253f9da76890c4,IL1RL1,GBMI,GBMI::Asthma,Asthma,CSA,PRIMARY,False,True,gt_e0253f9da76890c4__EUR,gt_e0253f9da76890c4__CSA,EXTRACTED,intermediate/15b3/GBMI/gt_e0253f9da76890c4__EUR.parquet,EXTRACTED,intermediate/15b3/GBMI/gt_e0253f9da76890c4__CSA.parquet,True
cmp_17d744d1985fa469,gt_e0253f9da76890c4,IL1RL1,GBMI,GBMI::Asthma,Asthma,EAS,PRIMARY,False,True,gt_e0253f9da76890c4__EUR,gt_e0253f9da76890c4__EAS,EXTRACTED,intermediate/15b3/GBMI/gt_e0253f9da76890c4__EUR.parquet,EXTRACTED,intermediate/15b3/GBMI/gt_e0253f9da76890c4__EAS.parquet,True
cmp_2fa1f1babb57f737,gt_ceb57718dd9864a2,IL3,GBMI,GBMI::Asthma,Asthma,AFR,PRIMARY,False,True,gt_ceb57718dd9864a2__EUR,gt_ceb57718dd9864a2__AFR,EXTRACTED,intermediate/15b3/GBMI/gt_ceb57718dd9864a2__EUR.parquet,EXTRACTED,intermediate/15b3/GBMI/gt_ceb57718dd9864a2__AFR.parquet,True
cmp_c7a26102b9b160c3,gt_ceb57718dd9864a2,IL3,GBMI,GBMI::Asthma,Asthma,AMR,PRIMARY,False,True,gt_ceb57718dd9864a2__EUR,gt_ceb57718dd9864a2__AMR,EXTRACTED,intermediate/15b3/GBMI/gt_ceb57718dd9864a2__EUR.parquet,EXTRACTED,intermediate/15b3/GBMI/gt_ceb57718dd9864a2__AMR.parquet,True
cmp_4aca20d855ce9b3c,gt_ceb57718dd9864a2,IL3,GBMI,GBMI::Asthma,Asthma,CSA,PRIMARY,False,True,gt_ceb57718dd9864a2__EUR,gt_ceb57718dd9864a2__CSA,EXTRACTED,intermediate/15b3/GBMI/gt_ceb57718dd9864a2__EUR.parquet,EXTRACTED,intermediate/15b3/GBMI/gt_ceb57718dd9864a2__CSA.parquet,True
cmp_82190d5c3cce51fe,gt_ceb57718dd9864a2,IL3,GBMI,GBMI::Asthma,Asthma,EAS,PRIMARY,False,True,gt_ceb57718dd9864a2__EUR,gt_ceb57718dd9864a2__EAS,EXTRACTED,intermediate/15b3/GBMI/gt_ceb57718dd9864a2__EUR.parquet,EXTRACTED,intermediate/15b3/GBMI/gt_ceb57718dd9864a2__EAS.parquet,True
cmp_2bc6da7bd58f8b90,gt_62933438673c2307,IL33,GBMI,GBMI::Asthma,Asthma,AFR,PRIMARY,False,True,gt_62933438673c2307__EUR,gt_62933438673c2307__AFR,EXTRACTED,intermediate/15b3/GBMI/gt_62933438673c2307__EUR.parquet,EXTRACTED,intermediate/15b3/GBMI/gt_62933438673c2307__AFR.parquet,True
cmp_11df635d08e72758,gt_62933438673c2307,IL33,GBMI,GBMI::Asthma,Asthma,AMR,PRIMARY,False,True,gt_62933438673c2307__EUR,gt_62933438673c2307__AMR,EXTRACTED,intermediate/15b3/GBMI/gt_62933438673c2307__EUR.parquet,EXTRACTED,intermediate/15b3/GBMI/gt_62933438673c2307__AMR.parquet,True
cmp_a0dab9d33f7b3552,gt_62933438673c2307,IL33,GBMI,GBMI::Asthma,Asthma,CSA,PRIMARY,False,True,gt_62933438673c2307__EUR,gt_62933438673c2307__CSA,EXTRACTED,intermediate/15b3/GBMI/gt_62933438673c2307__EUR.parquet,EXTRACTED,intermediate/15b3/GBMI/gt_62933438673c2307__CSA.parquet,True
cmp_af469cf6305c50e3,gt_62933438673c2307,IL33,GBMI,GBMI::Asthma,Asthma,EAS,PRIMARY,False,True,gt_62933438673c2307__EUR,gt_62933438673c2307__EAS,EXTRACTED,intermediate/15b3/GBMI/gt_62933438673c2307__EUR.parquet,EXTRACTED,intermediate/15b3/GBMI/gt_62933438673c2307__EAS.parquet,True
cmp_812c7bbd23890504,gt_aff18fde645e6a6f,IL4R,GBMI,GBMI::Asthma,Asthma,AFR,PRIMARY,False,True,gt_aff18fde645e6a6f__EUR,gt_aff18fde645e6a6f__AFR,EXTRACTED,intermediate/15b3/GBMI/gt_aff18fde645e6a6f__EUR.parquet,EXTRACTED,intermediate/15b3/GBMI/gt_aff18fde645e6a6f__AFR.parquet,True
cmp_5235bc263b35ea04,gt_aff18fde645e6a6f,IL4R,GBMI,GBMI::Asthma,Asthma,AMR,PRIMARY,False,True,gt_aff18fde645e6a6f__EUR,gt_aff18fde645e6a6f__AMR,EXTRACTED,intermediate/15b3/GBMI/gt_aff18fde645e6a6f__EUR.parquet,EXTRACTED,intermediate/15b3/GBMI/gt_aff18fde645e6a6f__AMR.parquet,True
cmp_7aa41dc81cd9b3ff,gt_aff18fde645e6a6f,IL4R,GBMI,GBMI::Asthma,Asthma,CSA,PRIMARY,False,True,gt_aff18fde645e6a6f__EUR,gt_aff18fde645e6a6f__CSA,EXTRACTED,intermediate/15b3/GBMI/gt_aff18fde645e6a6f__EUR.parquet,EXTRACTED,intermediate/15b3/GBMI/gt_aff18fde645e6a6f__CSA.parquet,True
cmp_2565e0e2adfe1275,gt_aff18fde645e6a6f,IL4R,GBMI,GBMI::Asthma,Asthma,EAS,PRIMARY,False,True,gt_aff18fde645e6a6f__EUR,gt_aff18fde645e6a6f__EAS,EXTRACTED,intermediate/15b3/GBMI/gt_aff18fde645e6a6f__EUR.parquet,EXTRACTED,intermediate/15b3/GBMI/gt_aff18fde645e6a6f__EAS.parquet,True
cmp_3618bc9e13b64408,gt_8eacc233dce7b2c8,IL5,GBMI,GBMI::Asthma,Asthma,AFR,PRIMARY,False,True,gt_8eacc233dce7b2c8__EUR,gt_8eacc233dce7b2c8__AFR,EXTRACTED,intermediate/15b3/GBMI/gt_8eacc233dce7b2c8__EUR.parquet,EXTRACTED,intermediate/15b3/GBMI/gt_8eacc233dce7b2c8__AFR.parquet,True
cmp_562bf6b74a067fe1,gt_8eacc233dce7b2c8,IL5,GBMI,GBMI::Asthma,Asthma,AMR,PRIMARY,False,True,gt_8eacc233dce7b2c8__EUR,gt_8eacc233dce7b2c8__AMR,EXTRACTED,intermediate/15b3/GBMI/gt_8eacc233dce7b2c8__EUR.parquet,EXTRACTED,intermediate/15b3/GBMI/gt_8eacc233dce7b2c8__AMR.parquet,True
cmp_596f61a009141a06,gt_8eacc233dce7b2c8,IL5,GBMI,GBMI::Asthma,Asthma,CSA,PRIMARY,False,True,gt_8eacc233dce7b2c8__EUR,gt_8eacc233dce7b2c8__CSA,EXTRACTED,intermediate/15b3/GBMI/gt_8eacc233dce7b2c8__EUR.parquet,EXTRACTED,intermediate/15b3/GBMI/gt_8eacc233dce7b2c8__CSA.parquet,True
cmp_297fbf716b9104dc,gt_8eacc233dce7b2c8,IL5,GBMI,GBMI::Asthma,Asthma,EAS,PRIMARY,False,True,gt_8eacc233dce7b2c8__EUR,gt_8eacc233dce7b2c8__EAS,EXTRACTED,intermediate/15b3/GBMI/gt_8eacc233dce7b2c8__EUR.parquet,EXTRACTED,intermediate/15b3/GBMI/gt_8eacc233dce7b2c8__EAS.parquet,True
cmp_377f011c20740fe6,gt_d2fd12497bba2d5c,IL6,GBMI,GBMI::Asthma,Asthma,AFR,PRIMARY,False,True,gt_d2fd12497bba2d5c__EUR,gt_d2fd12497bba2d5c__AFR,EXTRACTED,intermediate/15b3/GBMI/gt_d2fd12497bba2d5c__EUR.parquet,EXTRACTED,intermediate/15b3/GBMI/gt_d2fd12497bba2d5c__AFR.parquet,True
cmp_df338e515712a29b,gt_d2fd12497bba2d5c,IL6,GBMI,GBMI::Asthma,Asthma,AMR,PRIMARY,False,True,gt_d2fd12497bba2d5c__EUR,gt_d2fd12497bba2d5c__AMR,EXTRACTED,intermediate/15b3/GBMI/gt_d2fd12497bba2d5c__EUR.parquet,EXTRACTED,intermediate/15b3/GBMI/gt_d2fd12497bba2d5c__AMR.parquet,True
cmp_01c999296b50331d,gt_d2fd12497bba2d5c,IL6,GBMI,GBMI::Asthma,Asthma,CSA,PRIMARY,False,True,gt_d2fd12497bba2d5c__EUR,gt_d2fd12497bba2d5c__CSA,EXTRACTED,intermediate/15b3/GBMI/gt_d2fd12497bba2d5c__EUR.parquet,EXTRACTED,intermediate/15b3/GBMI/gt_d2fd12497bba2d5c__CSA.parquet,True
cmp_81b7013723919858,gt_d2fd12497bba2d5c,IL6,GBMI,GBMI::Asthma,Asthma,EAS,PRIMARY,False,True,gt_d2fd12497bba2d5c__EUR,gt_d2fd12497bba2d5c__EAS,EXTRACTED,intermediate/15b3/GBMI/gt_d2fd12497bba2d5c__EUR.parquet,EXTRACTED,intermediate/15b3/GBMI/gt_d2fd12497bba2d5c__EAS.parquet,True
cmp_78ab0cec165a10b6,gt_c0bc9d12d330abef,ITGB7,GBMI,GBMI::Asthma,Asthma,AFR,PRIMARY,False,True,gt_c0bc9d12d330abef__EUR,gt_c0bc9d12d330abef__AFR,EXTRACTED,intermediate/15b3/GBMI/gt_c0bc9d12d330abef__EUR.parquet,EXTRACTED,intermediate/15b3/GBMI/gt_c0bc9d12d330abef__AFR.parquet,True
cmp_027ede373e9e32fc,gt_c0bc9d12d330abef,ITGB7,GBMI,GBMI::Asthma,Asthma,AMR,PRIMARY,False,True,gt_c0bc9d12d330abef__EUR,gt_c0bc9d12d330abef__AMR,EXTRACTED,intermediate/15b3/GBMI/gt_c0bc9d12d330abef__EUR.parquet,EXTRACTED,intermediate/15b3/GBMI/gt_c0bc9d12d330abef__AMR.parquet,True
cmp_0185688e150500b4,gt_c0bc9d12d330abef,ITGB7,GBMI,GBMI::Asthma,Asthma,CSA,PRIMARY,False,True,gt_c0bc9d12d330abef__EUR,gt_c0bc9d12d330abef__CSA,EXTRACTED,intermediate/15b3/GBMI/gt_c0bc9d12d330abef__EUR.parquet,EXTRACTED,intermediate/15b3/GBMI/gt_c0bc9d12d330abef__CSA.parquet,True
cmp_2940f1520de2d89c,gt_c0bc9d12d330abef,ITGB7,GBMI,GBMI::Asthma,Asthma,EAS,PRIMARY,False,True,gt_c0bc9d12d330abef__EUR,gt_c0bc9d12d330abef__EAS,EXTRACTED,intermediate/15b3/GBMI/gt_c0bc9d12d330abef__EUR.parquet,EXTRACTED,intermediate/15b3/GBMI/gt_c0bc9d12d330abef__EAS.parquet,True
cmp_657a71fd538ccde4,gt_de7ac7df0be895e9,KIT,GBMI,GBMI::Asthma,Asthma,AFR,PRIMARY,False,True,gt_de7ac7df0be895e9__EUR,gt_de7ac7df0be895e9__AFR,EXTRACTED,intermediate/15b3/GBMI/gt_de7ac7df0be895e9__EUR.parquet,EXTRACTED,intermediate/15b3/GBMI/gt_de7ac7df0be895e9__AFR.parquet,True
cmp_22e4bb0bd2604a20,gt_de7ac7df0be895e9,KIT,GBMI,GBMI::Asthma,Asthma,AMR,PRIMARY,False,True,gt_de7ac7df0be895e9__EUR,gt_de7ac7df0be895e9__AMR,EXTRACTED,intermediate/15b3/GBMI/gt_de7ac7df0be895e9__EUR.parquet,EXTRACTED,intermediate/15b3/GBMI/gt_de7ac7df0be895e9__AMR.parquet,True
cmp_e313208803a5a955,gt_de7ac7df0be895e9,KIT,GBMI,GBMI::Asthma,Asthma,CSA,PRIMARY,False,True,gt_de7ac7df0be895e9__EUR,gt_de7ac7df0be895e9__CSA,EXTRACTED,intermediate/15b3/GBMI/gt_de7ac7df0be895e9__EUR.parquet,EXTRACTED,intermediate/15b3/GBMI/gt_de7ac7df0be895e9__CSA.parquet,True
cmp_3bba1cac3b396afd,gt_de7ac7df0be895e9,KIT,GBMI,GBMI::Asthma,Asthma,EAS,PRIMARY,False,True,gt_de7ac7df0be895e9__EUR,gt_de7ac7df0be895e9__EAS,EXTRACTED,intermediate/15b3/GBMI/gt_de7ac7df0be895e9__EUR.parquet,EXTRACTED,intermediate/15b3/GBMI/gt_de7ac7df0be895e9__EAS.parquet,True
cmp_3d32b80e340128c1,gt_db502e5251084f6d,MMP12,GBMI,GBMI::Asthma,Asthma,AFR,PRIMARY,False,True,gt_db502e5251084f6d__EUR,gt_db502e5251084f6d__AFR,EXTRACTED,intermediate/15b3/GBMI/gt_db502e5251084f6d__EUR.parquet,EXTRACTED,intermediate/15b3/GBMI/gt_db502e5251084f6d__AFR.parquet,True
cmp_09aa585345ceecf1,gt_db502e5251084f6d,MMP12,GBMI,GBMI::Asthma,Asthma,AMR,PRIMARY,False,True,gt_db502e5251084f6d__EUR,gt_db502e5251084f6d__AMR,EXTRACTED,intermediate/15b3/GBMI/gt_db502e5251084f6d__EUR.parquet,EXTRACTED,intermediate/15b3/GBMI/gt_db502e5251084f6d__AMR.parquet,True
cmp_8b21875c59a4abf6,gt_db502e5251084f6d,MMP12,GBMI,GBMI::Asthma,Asthma,CSA,PRIMARY,False,True,gt_db502e5251084f6d__EUR,gt_db502e5251084f6d__CSA,EXTRACTED,intermediate/15b3/GBMI/gt_db502e5251084f6d__EUR.parquet,EXTRACTED,intermediate/15b3/GBMI/gt_db502e5251084f6d__CSA.parquet,True
cmp_67cc4fd484a447f5,gt_db502e5251084f6d,MMP12,GBMI,GBMI::Asthma,Asthma,EAS,PRIMARY,False,True,gt_db502e5251084f6d__EUR,gt_db502e5251084f6d__EAS,EXTRACTED,intermediate/15b3/GBMI/gt_db502e5251084f6d__EUR.parquet,EXTRACTED,intermediate/15b3/GBMI/gt_db502e5251084f6d__EAS.parquet,True
cmp_81e6fb935e951311,gt_e5f710ae8311d02e,NFKB1,GBMI,GBMI::Asthma,Asthma,AFR,PRIMARY,False,True,gt_e5f710ae8311d02e__EUR,gt_e5f710ae8311d02e__AFR,EXTRACTED,intermediate/15b3/GBMI/gt_e5f710ae8311d02e__EUR.parquet,EXTRACTED,intermediate/15b3/GBMI/gt_e5f710ae8311d02e__AFR.parquet,True
cmp_6a4da4dd71f0791b,gt_e5f710ae8311d02e,NFKB1,GBMI,GBMI::Asthma,Asthma,AMR,PRIMARY,False,True,gt_e5f710ae8311d02e__EUR,gt_e5f710ae8311d02e__AMR,EXTRACTED,intermediate/15b3/GBMI/gt_e5f710ae8311d02e__EUR.parquet,EXTRACTED,intermediate/15b3/GBMI/gt_e5f710ae8311d02e__AMR.parquet,True
cmp_39a9b5261c32bec2,gt_e5f710ae8311d02e,NFKB1,GBMI,GBMI::Asthma,Asthma,CSA,PRIMARY,False,True,gt_e5f710ae8311d02e__EUR,gt_e5f710ae8311d02e__CSA,EXTRACTED,intermediate/15b3/GBMI/gt_e5f710ae8311d02e__EUR.parquet,EXTRACTED,intermediate/15b3/GBMI/gt_e5f710ae8311d02e__CSA.parquet,True
cmp_e018d207e91f13e8,gt_e5f710ae8311d02e,NFKB1,GBMI,GBMI::Asthma,Asthma,EAS,PRIMARY,False,True,gt_e5f710ae8311d02e__EUR,gt_e5f710ae8311d02e__EAS,EXTRACTED,intermediate/15b3/GBMI/gt_e5f710ae8311d02e__EUR.parquet,EXTRACTED,intermediate/15b3/GBMI/gt_e5f710ae8311d02e__EAS.parquet,True
cmp_e99b9e694a260c3a,gt_ae042213ac6b4336,NR3C1,GBMI,GBMI::Asthma,Asthma,AFR,PRIMARY,False,True,gt_ae042213ac6b4336__EUR,gt_ae042213ac6b4336__AFR,EXTRACTED,intermediate/15b3/GBMI/gt_ae042213ac6b4336__EUR.parquet,EXTRACTED,intermediate/15b3/GBMI/gt_ae042213ac6b4336__AFR.parquet,True
cmp_b5dd8a7fcca42b7c,gt_ae042213ac6b4336,NR3C1,GBMI,GBMI::Asthma,Asthma,AMR,PRIMARY,False,True,gt_ae042213ac6b4336__EUR,gt_ae042213ac6b4336__AMR,EXTRACTED,intermediate/15b3/GBMI/gt_ae042213ac6b4336__EUR.parquet,EXTRACTED,intermediate/15b3/GBMI/gt_ae042213ac6b4336__AMR.parquet,True
cmp_f458ecfcec2c5d9f,gt_ae042213ac6b4336,NR3C1,GBMI,GBMI::Asthma,Asthma,CSA,PRIMARY,False,True,gt_ae042213ac6b4336__EUR,gt_ae042213ac6b4336__CSA,EXTRACTED,intermediate/15b3/GBMI/gt_ae042213ac6b4336__EUR.parquet,EXTRACTED,intermediate/15b3/GBMI/gt_ae042213ac6b4336__CSA.parquet,True
cmp_8063a29b00ae6a87,gt_ae042213ac6b4336,NR3C1,GBMI,GBMI::Asthma,Asthma,EAS,PRIMARY,False,True,gt_ae042213ac6b4336__EUR,gt_ae042213ac6b4336__EAS,EXTRACTED,intermediate/15b3/GBMI/gt_ae042213ac6b4336__EUR.parquet,EXTRACTED,intermediate/15b3/GBMI/gt_ae042213ac6b4336__EAS.parquet,True
cmp_00c0877e4cf73aff,gt_b2f382990ec4dea4,P2RY2,GBMI,GBMI::Asthma,Asthma,AFR,PRIMARY,False,True,gt_b2f382990ec4dea4__EUR,gt_b2f382990ec4dea4__AFR,EXTRACTED,intermediate/15b3/GBMI/gt_b2f382990ec4dea4__EUR.parquet,EXTRACTED,intermediate/15b3/GBMI/gt_b2f382990ec4dea4__AFR.parquet,True
cmp_279d799e99cad7e6,gt_b2f382990ec4dea4,P2RY2,GBMI,GBMI::Asthma,Asthma,AMR,PRIMARY,False,True,gt_b2f382990ec4dea4__EUR,gt_b2f382990ec4dea4__AMR,EXTRACTED,intermediate/15b3/GBMI/gt_b2f382990ec4dea4__EUR.parquet,EXTRACTED,intermediate/15b3/GBMI/gt_b2f382990ec4dea4__AMR.parquet,True
cmp_c8ca51c9e7ed8887,gt_b2f382990ec4dea4,P2RY2,GBMI,GBMI::Asthma,Asthma,CSA,PRIMARY,False,True,gt_b2f382990ec4dea4__EUR,gt_b2f382990ec4dea4__CSA,EXTRACTED,intermediate/15b3/GBMI/gt_b2f382990ec4dea4__EUR.parquet,EXTRACTED,intermediate/15b3/GBMI/gt_b2f382990ec4dea4__CSA.parquet,True
cmp_f9d05cb9b9fddeed,gt_b2f382990ec4dea4,P2RY2,GBMI,GBMI::Asthma,Asthma,EAS,PRIMARY,False,True,gt_b2f382990ec4dea4__EUR,gt_b2f382990ec4dea4__EAS,EXTRACTED,intermediate/15b3/GBMI/gt_b2f382990ec4dea4__EUR.parquet,EXTRACTED,intermediate/15b3/GBMI/gt_b2f382990ec4dea4__EAS.parquet,True
cmp_f416cef74ff8f5d3,gt_365c91e7f793fde3,PDE3A,GBMI,GBMI::Asthma,Asthma,AFR,PRIMARY,False,True,gt_365c91e7f793fde3__EUR,gt_365c91e7f793fde3__AFR,EXTRACTED,intermediate/15b3/GBMI/gt_365c91e7f793fde3__EUR.parquet,EXTRACTED,intermediate/15b3/GBMI/gt_365c91e7f793fde3__AFR.parquet,True
cmp_715cbde0b191e2ec,gt_365c91e7f793fde3,PDE3A,GBMI,GBMI::Asthma,Asthma,AMR,PRIMARY,False,True,gt_365c91e7f793fde3__EUR,gt_365c91e7f793fde3__AMR,EXTRACTED,intermediate/15b3/GBMI/gt_365c91e7f793fde3__EUR.parquet,EXTRACTED,intermediate/15b3/GBMI/gt_365c91e7f793fde3__AMR.parquet,True
cmp_856487be35c75773,gt_365c91e7f793fde3,PDE3A,GBMI,GBMI::Asthma,Asthma,CSA,PRIMARY,False,True,gt_365c91e7f793fde3__EUR,gt_365c91e7f793fde3__CSA,EXTRACTED,intermediate/15b3/GBMI/gt_365c91e7f793fde3__EUR.parquet,EXTRACTED,intermediate/15b3/GBMI/gt_365c91e7f793fde3__CSA.parquet,True
cmp_db5df5f6d2e98002,gt_365c91e7f793fde3,PDE3A,GBMI,GBMI::Asthma,Asthma,EAS,PRIMARY,False,True,gt_365c91e7f793fde3__EUR,gt_365c91e7f793fde3__EAS,EXTRACTED,intermediate/15b3/GBMI/gt_365c91e7f793fde3__EUR.parquet,EXTRACTED,intermediate/15b3/GBMI/gt_365c91e7f793fde3__EAS.parquet,True
cmp_dd1199ab22dd3b77,gt_9d4cf5ee28185b3f,PDE4B,GBMI,GBMI::Asthma,Asthma,AFR,PRIMARY,False,True,gt_9d4cf5ee28185b3f__EUR,gt_9d4cf5ee28185b3f__AFR,EXTRACTED,intermediate/15b3/GBMI/gt_9d4cf5ee28185b3f__EUR.parquet,EXTRACTED,intermediate/15b3/GBMI/gt_9d4cf5ee28185b3f__AFR.parquet,True
cmp_03f2ddb9340f36ed,gt_9d4cf5ee28185b3f,PDE4B,GBMI,GBMI::Asthma,Asthma,AMR,PRIMARY,False,True,gt_9d4cf5ee28185b3f__EUR,gt_9d4cf5ee28185b3f__AMR,EXTRACTED,intermediate/15b3/GBMI/gt_9d4cf5ee28185b3f__EUR.parquet,EXTRACTED,intermediate/15b3/GBMI/gt_9d4cf5ee28185b3f__AMR.parquet,True
cmp_4d09c42333a8fe38,gt_9d4cf5ee28185b3f,PDE4B,GBMI,GBMI::Asthma,Asthma,CSA,PRIMARY,False,True,gt_9d4cf5ee28185b3f__EUR,gt_9d4cf5ee28185b3f__CSA,EXTRACTED,intermediate/15b3/GBMI/gt_9d4cf5ee28185b3f__EUR.parquet,EXTRACTED,intermediate/15b3/GBMI/gt_9d4cf5ee28185b3f__CSA.parquet,True
cmp_5d6b9aa7b5fb6072,gt_9d4cf5ee28185b3f,PDE4B,GBMI,GBMI::Asthma,Asthma,EAS,PRIMARY,False,True,gt_9d4cf5ee28185b3f__EUR,gt_9d4cf5ee28185b3f__EAS,EXTRACTED,intermediate/15b3/GBMI/gt_9d4cf5ee28185b3f__EUR.parquet,EXTRACTED,intermediate/15b3/GBMI/gt_9d4cf5ee28185b3f__EAS.parquet,True
cmp_ce64a986a8d15c08,gt_70efb959c61a6093,PDE4D,GBMI,GBMI::Asthma,Asthma,AFR,PRIMARY,False,True,gt_70efb959c61a6093__EUR,gt_70efb959c61a6093__AFR,EXTRACTED,intermediate/15b3/GBMI/gt_70efb959c61a6093__EUR.parquet,EXTRACTED,intermediate/15b3/GBMI/gt_70efb959c61a6093__AFR.parquet,True
cmp_8034523652295a06,gt_70efb959c61a6093,PDE4D,GBMI,GBMI::Asthma,Asthma,AMR,PRIMARY,False,True,gt_70efb959c61a6093__EUR,gt_70efb959c61a6093__AMR,EXTRACTED,intermediate/15b3/GBMI/gt_70efb959c61a6093__EUR.parquet,EXTRACTED,intermediate/15b3/GBMI/gt_70efb959c61a6093__AMR.parquet,True
cmp_06ec7c1c45431cd9,gt_70efb959c61a6093,PDE4D,GBMI,GBMI::Asthma,Asthma,CSA,PRIMARY,False,True,gt_70efb959c61a6093__EUR,gt_70efb959c61a6093__CSA,EXTRACTED,intermediate/15b3/GBMI/gt_70efb959c61a6093__EUR.parquet,EXTRACTED,intermediate/15b3/GBMI/gt_70efb959c61a6093__CSA.parquet,True
cmp_82ff76430d4c159e,gt_70efb959c61a6093,PDE4D,GBMI,GBMI::Asthma,Asthma,EAS,PRIMARY,False,True,gt_70efb959c61a6093__EUR,gt_70efb959c61a6093__EAS,EXTRACTED,intermediate/15b3/GBMI/gt_70efb959c61a6093__EUR.parquet,EXTRACTED,intermediate/15b3/GBMI/gt_70efb959c61a6093__EAS.parquet,True
cmp_0774efc1872e713e,gt_7f50a9fa80553ca7,TNFSF15,GBMI,GBMI::Asthma,Asthma,AFR,PRIMARY,False,True,gt_7f50a9fa80553ca7__EUR,gt_7f50a9fa80553ca7__AFR,EXTRACTED,intermediate/15b3/GBMI/gt_7f50a9fa80553ca7__EUR.parquet,EXTRACTED,intermediate/15b3/GBMI/gt_7f50a9fa80553ca7__AFR.parquet,True
cmp_66091c879cda73f3,gt_7f50a9fa80553ca7,TNFSF15,GBMI,GBMI::Asthma,Asthma,AMR,PRIMARY,False,True,gt_7f50a9fa80553ca7__EUR,gt_7f50a9fa80553ca7__AMR,EXTRACTED,intermediate/15b3/GBMI/gt_7f50a9fa80553ca7__EUR.parquet,EXTRACTED,intermediate/15b3/GBMI/gt_7f50a9fa80553ca7__AMR.parquet,True
cmp_f5f9d92e52842a63,gt_7f50a9fa80553ca7,TNFSF15,GBMI,GBMI::Asthma,Asthma,CSA,PRIMARY,False,True,gt_7f50a9fa80553ca7__EUR,gt_7f50a9fa80553ca7__CSA,EXTRACTED,intermediate/15b3/GBMI/gt_7f50a9fa80553ca7__EUR.parquet,EXTRACTED,intermediate/15b3/GBMI/gt_7f50a9fa80553ca7__CSA.parquet,True
cmp_b5f053fdd7083b6e,gt_7f50a9fa80553ca7,TNFSF15,GBMI,GBMI::Asthma,Asthma,EAS,PRIMARY,False,True,gt_7f50a9fa80553ca7__EUR,gt_7f50a9fa80553ca7__EAS,EXTRACTED,intermediate/15b3/GBMI/gt_7f50a9fa80553ca7__EUR.parquet,EXTRACTED,intermediate/15b3/GBMI/gt_7f50a9fa80553ca7__EAS.parquet,True
cmp_ea126469051698c2,gt_a1149966f4c395a3,TNFSF4,GBMI,GBMI::Asthma,Asthma,AFR,PRIMARY,False,True,gt_a1149966f4c395a3__EUR,gt_a1149966f4c395a3__AFR,EXTRACTED,intermediate/15b3/GBMI/gt_a1149966f4c395a3__EUR.parquet,EXTRACTED,intermediate/15b3/GBMI/gt_a1149966f4c395a3__AFR.parquet,True
cmp_bf99a17326cc295c,gt_a1149966f4c395a3,TNFSF4,GBMI,GBMI::Asthma,Asthma,AMR,PRIMARY,False,True,gt_a1149966f4c395a3__EUR,gt_a1149966f4c395a3__AMR,EXTRACTED,intermediate/15b3/GBMI/gt_a1149966f4c395a3__EUR.parquet,EXTRACTED,intermediate/15b3/GBMI/gt_a1149966f4c395a3__AMR.parquet,True
cmp_c5eb7b0c9e5d28e0,gt_a1149966f4c395a3,TNFSF4,GBMI,GBMI::Asthma,Asthma,CSA,PRIMARY,False,True,gt_a1149966f4c395a3__EUR,gt_a1149966f4c395a3__CSA,EXTRACTED,intermediate/15b3/GBMI/gt_a1149966f4c395a3__EUR.parquet,EXTRACTED,intermediate/15b3/GBMI/gt_a1149966f4c395a3__CSA.parquet,True
cmp_7b9f8e7b25ae87d7,gt_a1149966f4c395a3,TNFSF4,GBMI,GBMI::Asthma,Asthma,EAS,PRIMARY,False,True,gt_a1149966f4c395a3__EUR,gt_a1149966f4c395a3__EAS,EXTRACTED,intermediate/15b3/GBMI/gt_a1149966f4c395a3__EUR.parquet,EXTRACTED,intermediate/15b3/GBMI/gt_a1149966f4c395a3__EAS.parquet,True
cmp_e854c14fa9f40a21,gt_9974caf98cb25074,TSLP,GBMI,GBMI::Asthma,Asthma,AFR,PRIMARY,False,True,gt_9974caf98cb25074__EUR,gt_9974caf98cb25074__AFR,EXTRACTED,intermediate/15b3/GBMI/gt_9974caf98cb25074__EUR.parquet,EXTRACTED,intermediate/15b3/GBMI/gt_9974caf98cb25074__AFR.parquet,True
cmp_ebe379c15a6da6e9,gt_9974caf98cb25074,TSLP,GBMI,GBMI::Asthma,Asthma,AMR,PRIMARY,False,True,gt_9974caf98cb25074__EUR,gt_9974caf98cb25074__AMR,EXTRACTED,intermediate/15b3/GBMI/gt_9974caf98cb25074__EUR.parquet,EXTRACTED,intermediate/15b3/GBMI/gt_9974caf98cb25074__AMR.parquet,True
cmp_381d86345f6977a1,gt_9974caf98cb25074,TSLP,GBMI,GBMI::Asthma,Asthma,CSA,PRIMARY,False,True,gt_9974caf98cb25074__EUR,gt_9974caf98cb25074__CSA,EXTRACTED,intermediate/15b3/GBMI/gt_9974caf98cb25074__EUR.parquet,EXTRACTED,intermediate/15b3/GBMI/gt_9974caf98cb25074__CSA.parquet,True
cmp_a54e8bec4ce3739c,gt_9974caf98cb25074,TSLP,GBMI,GBMI::Asthma,Asthma,EAS,PRIMARY,False,True,gt_9974caf98cb25074__EUR,gt_9974caf98cb25074__EAS,EXTRACTED,intermediate/15b3/GBMI/gt_9974caf98cb25074__EUR.parquet,EXTRACTED,intermediate/15b3/GBMI/gt_9974caf98cb25074__EAS.parquet,True
cmp_1651d20a22bcf975,gt_03d37cdcec9e6d39,TYK2,GBMI,GBMI::Asthma,Asthma,AFR,PRIMARY,False,True,gt_03d37cdcec9e6d39__EUR,gt_03d37cdcec9e6d39__AFR,EXTRACTED,intermediate/15b3/GBMI/gt_03d37cdcec9e6d39__EUR.parquet,EXTRACTED,intermediate/15b3/GBMI/gt_03d37cdcec9e6d39__AFR.parquet,True
cmp_7e05927d4234e8f1,gt_03d37cdcec9e6d39,TYK2,GBMI,GBMI::Asthma,Asthma,AMR,PRIMARY,False,True,gt_03d37cdcec9e6d39__EUR,gt_03d37cdcec9e6d39__AMR,EXTRACTED,intermediate/15b3/GBMI/gt_03d37cdcec9e6d39__EUR.parquet,EXTRACTED,intermediate/15b3/GBMI/gt_03d37cdcec9e6d39__AMR.parquet,True
cmp_4cadfeba397d5fcb,gt_03d37cdcec9e6d39,TYK2,GBMI,GBMI::Asthma,Asthma,CSA,PRIMARY,False,True,gt_03d37cdcec9e6d39__EUR,gt_03d37cdcec9e6d39__CSA,EXTRACTED,intermediate/15b3/GBMI/gt_03d37cdcec9e6d39__EUR.parquet,EXTRACTED,intermediate/15b3/GBMI/gt_03d37cdcec9e6d39__CSA.parquet,True
cmp_13ba9b9b5abf239c,gt_03d37cdcec9e6d39,TYK2,GBMI,GBMI::Asthma,Asthma,EAS,PRIMARY,False,True,gt_03d37cdcec9e6d39__EUR,gt_03d37cdcec9e6d39__EAS,EXTRACTED,intermediate/15b3/GBMI/gt_03d37cdcec9e6d39__EUR.parquet,EXTRACTED,intermediate/15b3/GBMI/gt_03d37cdcec9e6d39__EAS.parquet,True
cmp_99775e607307b46c,gt_9881a68950024bfa,ADORA1,GBMI,GBMI::COPD,Chronic obstructive pulmonary disease,AFR,PRIMARY,False,True,gt_9881a68950024bfa__EUR,gt_9881a68950024bfa__AFR,EXTRACTED,intermediate/15b3/GBMI/gt_9881a68950024bfa__EUR.parquet,EXTRACTED,intermediate/15b3/GBMI/gt_9881a68950024bfa__AFR.parquet,True
cmp_f9420030b12a967c,gt_9881a68950024bfa,ADORA1,GBMI,GBMI::COPD,Chronic obstructive pulmonary disease,AMR,PRIMARY,False,True,gt_9881a68950024bfa__EUR,gt_9881a68950024bfa__AMR,EXTRACTED,intermediate/15b3/GBMI/gt_9881a68950024bfa__EUR.parquet,EXTRACTED,intermediate/15b3/GBMI/gt_9881a68950024bfa__AMR.parquet,True
cmp_b183626c5e1a2682,gt_9881a68950024bfa,ADORA1,GBMI,GBMI::COPD,Chronic obstructive pulmonary disease,EAS,PRIMARY,False,True,gt_9881a68950024bfa__EUR,gt_9881a68950024bfa__EAS,EXTRACTED,intermediate/15b3/GBMI/gt_9881a68950024bfa__EUR.parquet,EXTRACTED,intermediate/15b3/GBMI/gt_9881a68950024bfa__EAS.parquet,True
cmp_7b30a058acdf9401,gt_4fb43f1edb670fad,ADRB2,GBMI,GBMI::COPD,Chronic obstructive pulmonary disease,AFR,PRIMARY,False,True,gt_4fb43f1edb670fad__EUR,gt_4fb43f1edb670fad__AFR,EXTRACTED,intermediate/15b3/GBMI/gt_4fb43f1edb670fad__EUR.parquet,EXTRACTED,intermediate/15b3/GBMI/gt_4fb43f1edb670fad__AFR.parquet,True
cmp_f62aa338ed422bb6,gt_4fb43f1edb670fad,ADRB2,GBMI,GBMI::COPD,Chronic obstructive pulmonary disease,AMR,PRIMARY,False,True,gt_4fb43f1edb670fad__EUR,gt_4fb43f1edb670fad__AMR,EXTRACTED,intermediate/15b3/GBMI/gt_4fb43f1edb670fad__EUR.parquet,EXTRACTED,intermediate/15b3/GBMI/gt_4fb43f1edb670fad__AMR.parquet,True
cmp_def63fee9adfede7,gt_4fb43f1edb670fad,ADRB2,GBMI,GBMI::COPD,Chronic obstructive pulmonary disease,EAS,PRIMARY,False,True,gt_4fb43f1edb670fad__EUR,gt_4fb43f1edb670fad__EAS,EXTRACTED,intermediate/15b3/GBMI/gt_4fb43f1edb670fad__EUR.parquet,EXTRACTED,intermediate/15b3/GBMI/gt_4fb43f1edb670fad__EAS.parquet,True
cmp_c8b387d82b73af29,gt_8517bb33d43dbd6b,CHRM3,GBMI,GBMI::COPD,Chronic obstructive pulmonary disease,AFR,PRIMARY,False,True,gt_8517bb33d43dbd6b__EUR,gt_8517bb33d43dbd6b__AFR,EXTRACTED,intermediate/15b3/GBMI/gt_8517bb33d43dbd6b__EUR.parquet,EXTRACTED,intermediate/15b3/GBMI/gt_8517bb33d43dbd6b__AFR.parquet,True
cmp_3d2151e97cc0ce0d,gt_8517bb33d43dbd6b,CHRM3,GBMI,GBMI::COPD,Chronic obstructive pulmonary disease,AMR,PRIMARY,False,True,gt_8517bb33d43dbd6b__EUR,gt_8517bb33d43dbd6b__AMR,EXTRACTED,intermediate/15b3/GBMI/gt_8517bb33d43dbd6b__EUR.parquet,EXTRACTED,intermediate/15b3/GBMI/gt_8517bb33d43dbd6b__AMR.parquet,True
cmp_a6f990f370ee73be,gt_8517bb33d43dbd6b,CHRM3,GBMI,GBMI::COPD,Chronic obstructive pulmonary disease,EAS,PRIMARY,False,True,gt_8517bb33d43dbd6b__EUR,gt_8517bb33d43dbd6b__EAS,EXTRACTED,intermediate/15b3/GBMI/gt_8517bb33d43dbd6b__EUR.parquet,EXTRACTED,intermediate/15b3/GBMI/gt_8517bb33d43dbd6b__EAS.parquet,True
cmp_d21d81678d910f56,gt_516ff4c0d959d8ab,CSF2,GBMI,GBMI::COPD,Chronic obstructive pulmonary disease,AFR,PRIMARY,False,True,gt_516ff4c0d959d8ab__EUR,gt_516ff4c0d959d8ab__AFR,EXTRACTED,intermediate/15b3/GBMI/gt_516ff4c0d959d8ab__EUR.parquet,EXTRACTED,intermediate/15b3/GBMI/gt_516ff4c0d959d8ab__AFR.parquet,True
cmp_79fe799c93b464e6,gt_516ff4c0d959d8ab,CSF2,GBMI,GBMI::COPD,Chronic obstructive pulmonary disease,AMR,PRIMARY,False,True,gt_516ff4c0d959d8ab__EUR,gt_516ff4c0d959d8ab__AMR,EXTRACTED,intermediate/15b3/GBMI/gt_516ff4c0d959d8ab__EUR.parquet,EXTRACTED,intermediate/15b3/GBMI/gt_516ff4c0d959d8ab__AMR.parquet,True
cmp_9a5c6fcb69c5503f,gt_516ff4c0d959d8ab,CSF2,GBMI,GBMI::COPD,Chronic obstructive pulmonary disease,EAS,PRIMARY,False,True,gt_516ff4c0d959d8ab__EUR,gt_516ff4c0d959d8ab__EAS,EXTRACTED,intermediate/15b3/GBMI/gt_516ff4c0d959d8ab__EUR.parquet,EXTRACTED,intermediate/15b3/GBMI/gt_516ff4c0d959d8ab__EAS.parquet,True
cmp_e83cc1f827b5754c,gt_d84fcd64ca861af7,EPHX2,GBMI,GBMI::COPD,Chronic obstructive pulmonary disease,AFR,PRIMARY,False,True,gt_d84fcd64ca861af7__EUR,gt_d84fcd64ca861af7__AFR,EXTRACTED,intermediate/15b3/GBMI/gt_d84fcd64ca861af7__EUR.parquet,EXTRACTED,intermediate/15b3/GBMI/gt_d84fcd64ca861af7__AFR.parquet,True
cmp_3a2a97dcf17ee031,gt_d84fcd64ca861af7,EPHX2,GBMI,GBMI::COPD,Chronic obstructive pulmonary disease,AMR,PRIMARY,False,True,gt_d84fcd64ca861af7__EUR,gt_d84fcd64ca861af7__AMR,EXTRACTED,intermediate/15b3/GBMI/gt_d84fcd64ca861af7__EUR.parquet,EXTRACTED,intermediate/15b3/GBMI/gt_d84fcd64ca861af7__AMR.parquet,True
cmp_f22a7cef0aba19fb,gt_d84fcd64ca861af7,EPHX2,GBMI,GBMI::COPD,Chronic obstructive pulmonary disease,EAS,PRIMARY,False,True,gt_d84fcd64ca861af7__EUR,gt_d84fcd64ca861af7__EAS,EXTRACTED,intermediate/15b3/GBMI/gt_d84fcd64ca861af7__EUR.parquet,EXTRACTED,intermediate/15b3/GBMI/gt_d84fcd64ca861af7__EAS.parquet,True
cmp_3f52a23106c37195,gt_9c552df762f04c46,GATA3,GBMI,GBMI::COPD,Chronic obstructive pulmonary disease,AFR,PRIMARY,False,True,gt_9c552df762f04c46__EUR,gt_9c552df762f04c46__AFR,EXTRACTED,intermediate/15b3/GBMI/gt_9c552df762f04c46__EUR.parquet,EXTRACTED,intermediate/15b3/GBMI/gt_9c552df762f04c46__AFR.parquet,True
cmp_1e4bde6774458ccd,gt_9c552df762f04c46,GATA3,GBMI,GBMI::COPD,Chronic obstructive pulmonary disease,AMR,PRIMARY,False,True,gt_9c552df762f04c46__EUR,gt_9c552df762f04c46__AMR,EXTRACTED,intermediate/15b3/GBMI/gt_9c552df762f04c46__EUR.parquet,EXTRACTED,intermediate/15b3/GBMI/gt_9c552df762f04c46__AMR.parquet,True
cmp_6248cabd231c57ae,gt_9c552df762f04c46,GATA3,GBMI,GBMI::COPD,Chronic obstructive pulmonary disease,EAS,PRIMARY,False,True,gt_9c552df762f04c46__EUR,gt_9c552df762f04c46__EAS,EXTRACTED,intermediate/15b3/GBMI/gt_9c552df762f04c46__EUR.parquet,EXTRACTED,intermediate/15b3/GBMI/gt_9c552df762f04c46__EAS.parquet,True
cmp_27f7de000415a5a6,gt_51f32a4cc0304948,HCRTR1,GBMI,GBMI::COPD,Chronic obstructive pulmonary disease,AFR,PRIMARY,False,True,gt_51f32a4cc0304948__EUR,gt_51f32a4cc0304948__AFR,EXTRACTED,intermediate/15b3/GBMI/gt_51f32a4cc0304948__EUR.parquet,EXTRACTED,intermediate/15b3/GBMI/gt_51f32a4cc0304948__AFR.parquet,True
cmp_e693be8f1d56fecd,gt_51f32a4cc0304948,HCRTR1,GBMI,GBMI::COPD,Chronic obstructive pulmonary disease,AMR,PRIMARY,False,True,gt_51f32a4cc0304948__EUR,gt_51f32a4cc0304948__AMR,EXTRACTED,intermediate/15b3/GBMI/gt_51f32a4cc0304948__EUR.parquet,EXTRACTED,intermediate/15b3/GBMI/gt_51f32a4cc0304948__AMR.parquet,True
cmp_23dc1acd8f48ad21,gt_51f32a4cc0304948,HCRTR1,GBMI,GBMI::COPD,Chronic obstructive pulmonary disease,EAS,PRIMARY,False,True,gt_51f32a4cc0304948__EUR,gt_51f32a4cc0304948__EAS,EXTRACTED,intermediate/15b3/GBMI/gt_51f32a4cc0304948__EUR.parquet,EXTRACTED,intermediate/15b3/GBMI/gt_51f32a4cc0304948__EAS.parquet,True
cmp_d6892d31bc8e5b1a,gt_c155d3285e50020d,HRH4,GBMI,GBMI::COPD,Chronic obstructive pulmonary disease,AFR,PRIMARY,False,True,gt_c155d3285e50020d__EUR,gt_c155d3285e50020d__AFR,EXTRACTED,intermediate/15b3/GBMI/gt_c155d3285e50020d__EUR.parquet,EXTRACTED,intermediate/15b3/GBMI/gt_c155d3285e50020d__AFR.parquet,True
cmp_296850778fbada3a,gt_c155d3285e50020d,HRH4,GBMI,GBMI::COPD,Chronic obstructive pulmonary disease,AMR,PRIMARY,False,True,gt_c155d3285e50020d__EUR,gt_c155d3285e50020d__AMR,EXTRACTED,intermediate/15b3/GBMI/gt_c155d3285e50020d__EUR.parquet,EXTRACTED,intermediate/15b3/GBMI/gt_c155d3285e50020d__AMR.parquet,True
cmp_650706fba16caa25,gt_c155d3285e50020d,HRH4,GBMI,GBMI::COPD,Chronic obstructive pulmonary disease,EAS,PRIMARY,False,True,gt_c155d3285e50020d__EUR,gt_c155d3285e50020d__EAS,EXTRACTED,intermediate/15b3/GBMI/gt_c155d3285e50020d__EUR.parquet,EXTRACTED,intermediate/15b3/GBMI/gt_c155d3285e50020d__EAS.parquet,True
cmp_923a11e3e50006fd,gt_7f0a185215562536,IL13,GBMI,GBMI::COPD,Chronic obstructive pulmonary disease,AFR,PRIMARY,False,True,gt_7f0a185215562536__EUR,gt_7f0a185215562536__AFR,EXTRACTED,intermediate/15b3/GBMI/gt_7f0a185215562536__EUR.parquet,EXTRACTED,intermediate/15b3/GBMI/gt_7f0a185215562536__AFR.parquet,True
cmp_02626343e8b15fa9,gt_7f0a185215562536,IL13,GBMI,GBMI::COPD,Chronic obstructive pulmonary disease,AMR,PRIMARY,False,True,gt_7f0a185215562536__EUR,gt_7f0a185215562536__AMR,EXTRACTED,intermediate/15b3/GBMI/gt_7f0a185215562536__EUR.parquet,EXTRACTED,intermediate/15b3/GBMI/gt_7f0a185215562536__AMR.parquet,True
cmp_192f316675024137,gt_7f0a185215562536,IL13,GBMI,GBMI::COPD,Chronic obstructive pulmonary disease,EAS,PRIMARY,False,True,gt_7f0a185215562536__EUR,gt_7f0a185215562536__EAS,EXTRACTED,intermediate/15b3/GBMI/gt_7f0a185215562536__EUR.parquet,EXTRACTED,intermediate/15b3/GBMI/gt_7f0a185215562536__EAS.parquet,True
cmp_dc366550312e136a,gt_75373d2e995e29c7,IL1R1,GBMI,GBMI::COPD,Chronic obstructive pulmonary disease,AFR,PRIMARY,False,True,gt_75373d2e995e29c7__EUR,gt_75373d2e995e29c7__AFR,EXTRACTED,intermediate/15b3/GBMI/gt_75373d2e995e29c7__EUR.parquet,EXTRACTED,intermediate/15b3/GBMI/gt_75373d2e995e29c7__AFR.parquet,True
cmp_a3b094a43f523b4d,gt_75373d2e995e29c7,IL1R1,GBMI,GBMI::COPD,Chronic obstructive pulmonary disease,AMR,PRIMARY,False,True,gt_75373d2e995e29c7__EUR,gt_75373d2e995e29c7__AMR,EXTRACTED,intermediate/15b3/GBMI/gt_75373d2e995e29c7__EUR.parquet,EXTRACTED,intermediate/15b3/GBMI/gt_75373d2e995e29c7__AMR.parquet,True
cmp_7b1eeb79ae2032bb,gt_75373d2e995e29c7,IL1R1,GBMI,GBMI::COPD,Chronic obstructive pulmonary disease,EAS,PRIMARY,False,True,gt_75373d2e995e29c7__EUR,gt_75373d2e995e29c7__EAS,EXTRACTED,intermediate/15b3/GBMI/gt_75373d2e995e29c7__EUR.parquet,EXTRACTED,intermediate/15b3/GBMI/gt_75373d2e995e29c7__EAS.parquet,True
cmp_84c689815498ec84,gt_04df48c5ba39ad54,IL1RL1,GBMI,GBMI::COPD,Chronic obstructive pulmonary disease,AFR,PRIMARY,False,True,gt_04df48c5ba39ad54__EUR,gt_04df48c5ba39ad54__AFR,EXTRACTED,intermediate/15b3/GBMI/gt_04df48c5ba39ad54__EUR.parquet,EXTRACTED,intermediate/15b3/GBMI/gt_04df48c5ba39ad54__AFR.parquet,True
cmp_86cebedd52e15c1e,gt_04df48c5ba39ad54,IL1RL1,GBMI,GBMI::COPD,Chronic obstructive pulmonary disease,AMR,PRIMARY,False,True,gt_04df48c5ba39ad54__EUR,gt_04df48c5ba39ad54__AMR,EXTRACTED,intermediate/15b3/GBMI/gt_04df48c5ba39ad54__EUR.parquet,EXTRACTED,intermediate/15b3/GBMI/gt_04df48c5ba39ad54__AMR.parquet,True
cmp_b518c6b92cc176ea,gt_04df48c5ba39ad54,IL1RL1,GBMI,GBMI::COPD,Chronic obstructive pulmonary disease,EAS,PRIMARY,False,True,gt_04df48c5ba39ad54__EUR,gt_04df48c5ba39ad54__EAS,EXTRACTED,intermediate/15b3/GBMI/gt_04df48c5ba39ad54__EUR.parquet,EXTRACTED,intermediate/15b3/GBMI/gt_04df48c5ba39ad54__EAS.parquet,True
cmp_1f5f078aefada531,gt_06e6ca91a1d5c2c3,IL33,GBMI,GBMI::COPD,Chronic obstructive pulmonary disease,AFR,PRIMARY,False,True,gt_06e6ca91a1d5c2c3__EUR,gt_06e6ca91a1d5c2c3__AFR,EXTRACTED,intermediate/15b3/GBMI/gt_06e6ca91a1d5c2c3__EUR.parquet,EXTRACTED,intermediate/15b3/GBMI/gt_06e6ca91a1d5c2c3__AFR.parquet,True
cmp_ef38db3809ac0455,gt_06e6ca91a1d5c2c3,IL33,GBMI,GBMI::COPD,Chronic obstructive pulmonary disease,AMR,PRIMARY,False,True,gt_06e6ca91a1d5c2c3__EUR,gt_06e6ca91a1d5c2c3__AMR,EXTRACTED,intermediate/15b3/GBMI/gt_06e6ca91a1d5c2c3__EUR.parquet,EXTRACTED,intermediate/15b3/GBMI/gt_06e6ca91a1d5c2c3__AMR.parquet,True
cmp_81d128e184d782cd,gt_06e6ca91a1d5c2c3,IL33,GBMI,GBMI::COPD,Chronic obstructive pulmonary disease,EAS,PRIMARY,False,True,gt_06e6ca91a1d5c2c3__EUR,gt_06e6ca91a1d5c2c3__EAS,EXTRACTED,intermediate/15b3/GBMI/gt_06e6ca91a1d5c2c3__EUR.parquet,EXTRACTED,intermediate/15b3/GBMI/gt_06e6ca91a1d5c2c3__EAS.parquet,True
cmp_7a2e01760a226fa2,gt_6f6609fa8e0d87fe,IL4R,GBMI,GBMI::COPD,Chronic obstructive pulmonary disease,AFR,PRIMARY,False,True,gt_6f6609fa8e0d87fe__EUR,gt_6f6609fa8e0d87fe__AFR,EXTRACTED,intermediate/15b3/GBMI/gt_6f6609fa8e0d87fe__EUR.parquet,EXTRACTED,intermediate/15b3/GBMI/gt_6f6609fa8e0d87fe__AFR.parquet,True
cmp_47717a5272c50ec7,gt_6f6609fa8e0d87fe,IL4R,GBMI,GBMI::COPD,Chronic obstructive pulmonary disease,AMR,PRIMARY,False,True,gt_6f6609fa8e0d87fe__EUR,gt_6f6609fa8e0d87fe__AMR,EXTRACTED,intermediate/15b3/GBMI/gt_6f6609fa8e0d87fe__EUR.parquet,EXTRACTED,intermediate/15b3/GBMI/gt_6f6609fa8e0d87fe__AMR.parquet,True
cmp_aae53e41eb3803b2,gt_6f6609fa8e0d87fe,IL4R,GBMI,GBMI::COPD,Chronic obstructive pulmonary disease,EAS,PRIMARY,False,True,gt_6f6609fa8e0d87fe__EUR,gt_6f6609fa8e0d87fe__EAS,EXTRACTED,intermediate/15b3/GBMI/gt_6f6609fa8e0d87fe__EUR.parquet,EXTRACTED,intermediate/15b3/GBMI/gt_6f6609fa8e0d87fe__EAS.parquet,True
cmp_12d1c37ade212f9d,gt_f34cd2ca051e960b,NR3C1,GBMI,GBMI::COPD,Chronic obstructive pulmonary disease,AFR,PRIMARY,False,True,gt_f34cd2ca051e960b__EUR,gt_f34cd2ca051e960b__AFR,EXTRACTED,intermediate/15b3/GBMI/gt_f34cd2ca051e960b__EUR.parquet,EXTRACTED,intermediate/15b3/GBMI/gt_f34cd2ca051e960b__AFR.parquet,True
cmp_a04249cddb013204,gt_f34cd2ca051e960b,NR3C1,GBMI,GBMI::COPD,Chronic obstructive pulmonary disease,AMR,PRIMARY,False,True,gt_f34cd2ca051e960b__EUR,gt_f34cd2ca051e960b__AMR,EXTRACTED,intermediate/15b3/GBMI/gt_f34cd2ca051e960b__EUR.parquet,EXTRACTED,intermediate/15b3/GBMI/gt_f34cd2ca051e960b__AMR.parquet,True
cmp_ce170ceef72f1244,gt_f34cd2ca051e960b,NR3C1,GBMI,GBMI::COPD,Chronic obstructive pulmonary disease,EAS,PRIMARY,False,True,gt_f34cd2ca051e960b__EUR,gt_f34cd2ca051e960b__EAS,EXTRACTED,intermediate/15b3/GBMI/gt_f34cd2ca051e960b__EUR.parquet,EXTRACTED,intermediate/15b3/GBMI/gt_f34cd2ca051e960b__EAS.parquet,True
cmp_9132cd16ecfec364,gt_f3dc92ab28823f74,PDE3A,GBMI,GBMI::COPD,Chronic obstructive pulmonary disease,AFR,PRIMARY,False,True,gt_f3dc92ab28823f74__EUR,gt_f3dc92ab28823f74__AFR,EXTRACTED,intermediate/15b3/GBMI/gt_f3dc92ab28823f74__EUR.parquet,EXTRACTED,intermediate/15b3/GBMI/gt_f3dc92ab28823f74__AFR.parquet,True
cmp_c312c3b9fd0f2973,gt_f3dc92ab28823f74,PDE3A,GBMI,GBMI::COPD,Chronic obstructive pulmonary disease,AMR,PRIMARY,False,True,gt_f3dc92ab28823f74__EUR,gt_f3dc92ab28823f74__AMR,EXTRACTED,intermediate/15b3/GBMI/gt_f3dc92ab28823f74__EUR.parquet,EXTRACTED,intermediate/15b3/GBMI/gt_f3dc92ab28823f74__AMR.parquet,True
cmp_1c12533753670edd,gt_f3dc92ab28823f74,PDE3A,GBMI,GBMI::COPD,Chronic obstructive pulmonary disease,EAS,PRIMARY,False,True,gt_f3dc92ab28823f74__EUR,gt_f3dc92ab28823f74__EAS,EXTRACTED,intermediate/15b3/GBMI/gt_f3dc92ab28823f74__EUR.parquet,EXTRACTED,intermediate/15b3/GBMI/gt_f3dc92ab28823f74__EAS.parquet,True
cmp_d46edc983b4eee0b,gt_d6af00b513deb475,PDE4B,GBMI,GBMI::COPD,Chronic obstructive pulmonary disease,AFR,PRIMARY,False,True,gt_d6af00b513deb475__EUR,gt_d6af00b513deb475__AFR,EXTRACTED,intermediate/15b3/GBMI/gt_d6af00b513deb475__EUR.parquet,EXTRACTED,intermediate/15b3/GBMI/gt_d6af00b513deb475__AFR.parquet,True
cmp_ef3380af92b3bfd4,gt_d6af00b513deb475,PDE4B,GBMI,GBMI::COPD,Chronic obstructive pulmonary disease,AMR,PRIMARY,False,True,gt_d6af00b513deb475__EUR,gt_d6af00b513deb475__AMR,EXTRACTED,intermediate/15b3/GBMI/gt_d6af00b513deb475__EUR.parquet,EXTRACTED,intermediate/15b3/GBMI/gt_d6af00b513deb475__AMR.parquet,True
cmp_b52aa1a4b27054a7,gt_d6af00b513deb475,PDE4B,GBMI,GBMI::COPD,Chronic obstructive pulmonary disease,EAS,PRIMARY,False,True,gt_d6af00b513deb475__EUR,gt_d6af00b513deb475__EAS,EXTRACTED,intermediate/15b3/GBMI/gt_d6af00b513deb475__EUR.parquet,EXTRACTED,intermediate/15b3/GBMI/gt_d6af00b513deb475__EAS.parquet,True
cmp_a6291206b522856e,gt_67779b85c25ee171,PDE4D,GBMI,GBMI::COPD,Chronic obstructive pulmonary disease,AFR,PRIMARY,False,True,gt_67779b85c25ee171__EUR,gt_67779b85c25ee171__AFR,EXTRACTED,intermediate/15b3/GBMI/gt_67779b85c25ee171__EUR.parquet,EXTRACTED,intermediate/15b3/GBMI/gt_67779b85c25ee171__AFR.parquet,True
cmp_5a4c5c9533060800,gt_67779b85c25ee171,PDE4D,GBMI,GBMI::COPD,Chronic obstructive pulmonary disease,AMR,PRIMARY,False,True,gt_67779b85c25ee171__EUR,gt_67779b85c25ee171__AMR,EXTRACTED,intermediate/15b3/GBMI/gt_67779b85c25ee171__EUR.parquet,EXTRACTED,intermediate/15b3/GBMI/gt_67779b85c25ee171__AMR.parquet,True
cmp_c025e4310d9f52fc,gt_67779b85c25ee171,PDE4D,GBMI,GBMI::COPD,Chronic obstructive pulmonary disease,EAS,PRIMARY,False,True,gt_67779b85c25ee171__EUR,gt_67779b85c25ee171__EAS,EXTRACTED,intermediate/15b3/GBMI/gt_67779b85c25ee171__EUR.parquet,EXTRACTED,intermediate/15b3/GBMI/gt_67779b85c25ee171__EAS.parquet,True
cmp_9b4fd35c5baf7dbd,gt_1c362988229c8005,RARG,GBMI,GBMI::COPD,Chronic obstructive pulmonary disease,AFR,PRIMARY,False,True,gt_1c362988229c8005__EUR,gt_1c362988229c8005__AFR,EXTRACTED,intermediate/15b3/GBMI/gt_1c362988229c8005__EUR.parquet,EXTRACTED,intermediate/15b3/GBMI/gt_1c362988229c8005__AFR.parquet,True
cmp_13e27a7fdfa0eb30,gt_1c362988229c8005,RARG,GBMI,GBMI::COPD,Chronic obstructive pulmonary disease,AMR,PRIMARY,False,True,gt_1c362988229c8005__EUR,gt_1c362988229c8005__AMR,EXTRACTED,intermediate/15b3/GBMI/gt_1c362988229c8005__EUR.parquet,EXTRACTED,intermediate/15b3/GBMI/gt_1c362988229c8005__AMR.parquet,True
cmp_514e180b55a9b84f,gt_1c362988229c8005,RARG,GBMI,GBMI::COPD,Chronic obstructive pulmonary disease,EAS,PRIMARY,False,True,gt_1c362988229c8005__EUR,gt_1c362988229c8005__EAS,EXTRACTED,intermediate/15b3/GBMI/gt_1c362988229c8005__EUR.parquet,EXTRACTED,intermediate/15b3/GBMI/gt_1c362988229c8005__EAS.parquet,True
cmp_0263f1dc95002377,gt_3ff7791c43db60b1,SERPINA1,GBMI,GBMI::COPD,Chronic obstructive pulmonary disease,AFR,PRIMARY,False,True,gt_3ff7791c43db60b1__EUR,gt_3ff7791c43db60b1__AFR,EXTRACTED,intermediate/15b3/GBMI/gt_3ff7791c43db60b1__EUR.parquet,EXTRACTED,intermediate/15b3/GBMI/gt_3ff7791c43db60b1__AFR.parquet,True
cmp_e973d965c03b787d,gt_3ff7791c43db60b1,SERPINA1,GBMI,GBMI::COPD,Chronic obstructive pulmonary disease,AMR,PRIMARY,False,True,gt_3ff7791c43db60b1__EUR,gt_3ff7791c43db60b1__AMR,EXTRACTED,intermediate/15b3/GBMI/gt_3ff7791c43db60b1__EUR.parquet,EXTRACTED,intermediate/15b3/GBMI/gt_3ff7791c43db60b1__AMR.parquet,True
cmp_e25a0fa2823ae3a3,gt_3ff7791c43db60b1,SERPINA1,GBMI,GBMI::COPD,Chronic obstructive pulmonary disease,EAS,PRIMARY,False,True,gt_3ff7791c43db60b1__EUR,gt_3ff7791c43db60b1__EAS,EXTRACTED,intermediate/15b3/GBMI/gt_3ff7791c43db60b1__EUR.parquet,EXTRACTED,intermediate/15b3/GBMI/gt_3ff7791c43db60b1__EAS.parquet,True
cmp_c35377dfaf49ea97,gt_44622dded6eb753b,TSLP,GBMI,GBMI::COPD,Chronic obstructive pulmonary disease,AFR,PRIMARY,False,True,gt_44622dded6eb753b__EUR,gt_44622dded6eb753b__AFR,EXTRACTED,intermediate/15b3/GBMI/gt_44622dded6eb753b__EUR.parquet,EXTRACTED,intermediate/15b3/GBMI/gt_44622dded6eb753b__AFR.parquet,True
cmp_c063a7c82b7e6460,gt_44622dded6eb753b,TSLP,GBMI,GBMI::COPD,Chronic obstructive pulmonary disease,AMR,PRIMARY,False,True,gt_44622dded6eb753b__EUR,gt_44622dded6eb753b__AMR,EXTRACTED,intermediate/15b3/GBMI/gt_44622dded6eb753b__EUR.parquet,EXTRACTED,intermediate/15b3/GBMI/gt_44622dded6eb753b__AMR.parquet,True
cmp_a0f1de8e567920f2,gt_44622dded6eb753b,TSLP,GBMI,GBMI::COPD,Chronic obstructive pulmonary disease,EAS,PRIMARY,False,True,gt_44622dded6eb753b__EUR,gt_44622dded6eb753b__EAS,EXTRACTED,intermediate/15b3/GBMI/gt_44622dded6eb753b__EUR.parquet,EXTRACTED,intermediate/15b3/GBMI/gt_44622dded6eb753b__EAS.parquet,True
cmp_6800e614a6b5f52f,gt_e905fdaa484f8536,PPARG,GBMI,GBMI::Gout,Gout,AFR,PRIMARY,False,True,gt_e905fdaa484f8536__EUR,gt_e905fdaa484f8536__AFR,EXTRACTED,intermediate/15b3/GBMI/gt_e905fdaa484f8536__EUR.parquet,EXTRACTED,intermediate/15b3/GBMI/gt_e905fdaa484f8536__AFR.parquet,True
cmp_a534830fc4deffe0,gt_e905fdaa484f8536,PPARG,GBMI,GBMI::Gout,Gout,AMR,PRIMARY,False,True,gt_e905fdaa484f8536__EUR,gt_e905fdaa484f8536__AMR,EXTRACTED,intermediate/15b3/GBMI/gt_e905fdaa484f8536__EUR.parquet,EXTRACTED,intermediate/15b3/GBMI/gt_e905fdaa484f8536__AMR.parquet,True
cmp_aa25e446bf465f9f,gt_e905fdaa484f8536,PPARG,GBMI,GBMI::Gout,Gout,EAS,PRIMARY,False,True,gt_e905fdaa484f8536__EUR,gt_e905fdaa484f8536__EAS,EXTRACTED,intermediate/15b3/GBMI/gt_e905fdaa484f8536__EUR.parquet,EXTRACTED,intermediate/15b3/GBMI/gt_e905fdaa484f8536__EAS.parquet,True
cmp_f6c8d3d544ec5e35,gt_2a7e2fce1378c79e,SLC22A12,GBMI,GBMI::Gout,Gout,AFR,PRIMARY,False,True,gt_2a7e2fce1378c79e__EUR,gt_2a7e2fce1378c79e__AFR,EXTRACTED,intermediate/15b3/GBMI/gt_2a7e2fce1378c79e__EUR.parquet,EXTRACTED,intermediate/15b3/GBMI/gt_2a7e2fce1378c79e__AFR.parquet,True
cmp_463c53e9f46e30d8,gt_2a7e2fce1378c79e,SLC22A12,GBMI,GBMI::Gout,Gout,AMR,PRIMARY,False,True,gt_2a7e2fce1378c79e__EUR,gt_2a7e2fce1378c79e__AMR,EXTRACTED,intermediate/15b3/GBMI/gt_2a7e2fce1378c79e__EUR.parquet,EXTRACTED,intermediate/15b3/GBMI/gt_2a7e2fce1378c79e__AMR.parquet,True
cmp_ed5bdc4e95af264b,gt_2a7e2fce1378c79e,SLC22A12,GBMI,GBMI::Gout,Gout,EAS,PRIMARY,False,True,gt_2a7e2fce1378c79e__EUR,gt_2a7e2fce1378c79e__EAS,EXTRACTED,intermediate/15b3/GBMI/gt_2a7e2fce1378c79e__EUR.parquet,EXTRACTED,intermediate/15b3/GBMI/gt_2a7e2fce1378c79e__EAS.parquet,True
cmp_c885448f2de8c219,gt_a079fbca689ff34a,ENPEP,GBMI,GBMI::HF,Heart failure,AFR,PRIMARY,False,True,gt_a079fbca689ff34a__EUR,gt_a079fbca689ff34a__AFR,EXTRACTED,intermediate/15b3/GBMI/gt_a079fbca689ff34a__EUR.parquet,EXTRACTED,intermediate/15b3/GBMI/gt_a079fbca689ff34a__AFR.parquet,True
cmp_6e7939515f8cf701,gt_a079fbca689ff34a,ENPEP,GBMI,GBMI::HF,Heart failure,AMR,PRIMARY,False,True,gt_a079fbca689ff34a__EUR,gt_a079fbca689ff34a__AMR,EXTRACTED,intermediate/15b3/GBMI/gt_a079fbca689ff34a__EUR.parquet,EXTRACTED,intermediate/15b3/GBMI/gt_a079fbca689ff34a__AMR.parquet,True
cmp_57f23e9f3c62a4e3,gt_a079fbca689ff34a,ENPEP,GBMI,GBMI::HF,Heart failure,EAS,PRIMARY,False,True,gt_a079fbca689ff34a__EUR,gt_a079fbca689ff34a__EAS,EXTRACTED,intermediate/15b3/GBMI/gt_a079fbca689ff34a__EUR.parquet,EXTRACTED,intermediate/15b3/GBMI/gt_a079fbca689ff34a__EAS.parquet,True
cmp_4be46e9df16bdc7f,gt_03254368f30b6f1a,GRM7,GBMI,GBMI::Stroke,Stroke,AFR,PRIMARY,False,True,gt_03254368f30b6f1a__EUR,gt_03254368f30b6f1a__AFR,EXTRACTED,intermediate/15b3/GBMI/gt_03254368f30b6f1a__EUR.parquet,EXTRACTED,intermediate/15b3/GBMI/gt_03254368f30b6f1a__AFR.parquet,True
cmp_2d9c2479a74e3976,gt_03254368f30b6f1a,GRM7,GBMI,GBMI::Stroke,Stroke,AMR,PRIMARY,False,True,gt_03254368f30b6f1a__EUR,gt_03254368f30b6f1a__AMR,EXTRACTED,intermediate/15b3/GBMI/gt_03254368f30b6f1a__EUR.parquet,EXTRACTED,intermediate/15b3/GBMI/gt_03254368f30b6f1a__AMR.parquet,True
cmp_79fcc73cc62d5315,gt_03254368f30b6f1a,GRM7,GBMI,GBMI::Stroke,Stroke,EAS,PRIMARY,False,True,gt_03254368f30b6f1a__EUR,gt_03254368f30b6f1a__EAS,EXTRACTED,intermediate/15b3/GBMI/gt_03254368f30b6f1a__EUR.parquet,EXTRACTED,intermediate/15b3/GBMI/gt_03254368f30b6f1a__EAS.parquet,True
cmp_780fe24835686fbc,gt_df4ae7bd29d46c68,NOS3,GBMI,GBMI::Stroke,Stroke,AFR,PRIMARY,False,True,gt_df4ae7bd29d46c68__EUR,gt_df4ae7bd29d46c68__AFR,EXTRACTED,intermediate/15b3/GBMI/gt_df4ae7bd29d46c68__EUR.parquet,EXTRACTED,intermediate/15b3/GBMI/gt_df4ae7bd29d46c68__AFR.parquet,True
cmp_97f0844c885d9fb6,gt_df4ae7bd29d46c68,NOS3,GBMI,GBMI::Stroke,Stroke,AMR,PRIMARY,False,True,gt_df4ae7bd29d46c68__EUR,gt_df4ae7bd29d46c68__AMR,EXTRACTED,intermediate/15b3/GBMI/gt_df4ae7bd29d46c68__EUR.parquet,EXTRACTED,intermediate/15b3/GBMI/gt_df4ae7bd29d46c68__AMR.parquet,True
cmp_ac5fbac82218e519,gt_df4ae7bd29d46c68,NOS3,GBMI,GBMI::Stroke,Stroke,EAS,PRIMARY,False,True,gt_df4ae7bd29d46c68__EUR,gt_df4ae7bd29d46c68__EAS,EXTRACTED,intermediate/15b3/GBMI/gt_df4ae7bd29d46c68__EUR.parquet,EXTRACTED,intermediate/15b3/GBMI/gt_df4ae7bd29d46c68__EAS.parquet,True
cmp_6364ed274b2cf7c7,gt_7833a3b8c0f390b0,PDE3A,GBMI,GBMI::Stroke,Stroke,AFR,PRIMARY,False,True,gt_7833a3b8c0f390b0__EUR,gt_7833a3b8c0f390b0__AFR,EXTRACTED,intermediate/15b3/GBMI/gt_7833a3b8c0f390b0__EUR.parquet,EXTRACTED,intermediate/15b3/GBMI/gt_7833a3b8c0f390b0__AFR.parquet,True
cmp_4bb3932dc40b166f,gt_7833a3b8c0f390b0,PDE3A,GBMI,GBMI::Stroke,Stroke,AMR,PRIMARY,False,True,gt_7833a3b8c0f390b0__EUR,gt_7833a3b8c0f390b0__AMR,EXTRACTED,intermediate/15b3/GBMI/gt_7833a3b8c0f390b0__EUR.parquet,EXTRACTED,intermediate/15b3/GBMI/gt_7833a3b8c0f390b0__AMR.parquet,True
cmp_f24775dac78705fb,gt_7833a3b8c0f390b0,PDE3A,GBMI,GBMI::Stroke,Stroke,EAS,PRIMARY,False,True,gt_7833a3b8c0f390b0__EUR,gt_7833a3b8c0f390b0__EAS,EXTRACTED,intermediate/15b3/GBMI/gt_7833a3b8c0f390b0__EUR.parquet,EXTRACTED,intermediate/15b3/GBMI/gt_7833a3b8c0f390b0__EAS.parquet,True
cmp_265dc57729ae86b6,gt_9ef583411089c1bf,F10,GBMI,GBMI::VTE,Venous thromboembolism,AFR,PRIMARY,False,True,gt_9ef583411089c1bf__EUR,gt_9ef583411089c1bf__AFR,EXTRACTED,intermediate/15b3/GBMI/gt_9ef583411089c1bf__EUR.parquet,EXTRACTED,intermediate/15b3/GBMI/gt_9ef583411089c1bf__AFR.parquet,True
cmp_f36a992544b645f8,gt_9ef583411089c1bf,F10,GBMI,GBMI::VTE,Venous thromboembolism,AMR,PRIMARY,False,True,gt_9ef583411089c1bf__EUR,gt_9ef583411089c1bf__AMR,EXTRACTED,intermediate/15b3/GBMI/gt_9ef583411089c1bf__EUR.parquet,EXTRACTED,intermediate/15b3/GBMI/gt_9ef583411089c1bf__AMR.parquet,True
cmp_86e5db71c1bb33ea,gt_9ef583411089c1bf,F10,GBMI,GBMI::VTE,Venous thromboembolism,EAS,PRIMARY,False,True,gt_9ef583411089c1bf__EUR,gt_9ef583411089c1bf__EAS,EXTRACTED,intermediate/15b3/GBMI/gt_9ef583411089c1bf__EUR.parquet,EXTRACTED,intermediate/15b3/GBMI/gt_9ef583411089c1bf__EAS.parquet,True
cmp_a6275c7613e223b1,gt_fd539737d1f5d9cb,F11,GBMI,GBMI::VTE,Venous thromboembolism,AFR,PRIMARY,False,True,gt_fd539737d1f5d9cb__EUR,gt_fd539737d1f5d9cb__AFR,EXTRACTED,intermediate/15b3/GBMI/gt_fd539737d1f5d9cb__EUR.parquet,EXTRACTED,intermediate/15b3/GBMI/gt_fd539737d1f5d9cb__AFR.parquet,True
cmp_f1d366955c52855b,gt_fd539737d1f5d9cb,F11,GBMI,GBMI::VTE,Venous thromboembolism,AMR,PRIMARY,False,True,gt_fd539737d1f5d9cb__EUR,gt_fd539737d1f5d9cb__AMR,EXTRACTED,intermediate/15b3/GBMI/gt_fd539737d1f5d9cb__EUR.parquet,EXTRACTED,intermediate/15b3/GBMI/gt_fd539737d1f5d9cb__AMR.parquet,True
cmp_add0fff00fe30c88,gt_fd539737d1f5d9cb,F11,GBMI,GBMI::VTE,Venous thromboembolism,EAS,PRIMARY,False,True,gt_fd539737d1f5d9cb__EUR,gt_fd539737d1f5d9cb__EAS,EXTRACTED,intermediate/15b3/GBMI/gt_fd539737d1f5d9cb__EUR.parquet,EXTRACTED,intermediate/15b3/GBMI/gt_fd539737d1f5d9cb__EAS.parquet,True
cmp_a948136728fe0452,gt_698ec9454245813e,F2,GBMI,GBMI::VTE,Venous thromboembolism,AFR,PRIMARY,False,True,gt_698ec9454245813e__EUR,gt_698ec9454245813e__AFR,EXTRACTED,intermediate/15b3/GBMI/gt_698ec9454245813e__EUR.parquet,EXTRACTED,intermediate/15b3/GBMI/gt_698ec9454245813e__AFR.parquet,True
cmp_71589a44d3743513,gt_698ec9454245813e,F2,GBMI,GBMI::VTE,Venous thromboembolism,AMR,PRIMARY,False,True,gt_698ec9454245813e__EUR,gt_698ec9454245813e__AMR,EXTRACTED,intermediate/15b3/GBMI/gt_698ec9454245813e__EUR.parquet,EXTRACTED,intermediate/15b3/GBMI/gt_698ec9454245813e__AMR.parquet,True
cmp_b65743ed0dbea3ab,gt_698ec9454245813e,F2,GBMI,GBMI::VTE,Venous thromboembolism,EAS,PRIMARY,False,True,gt_698ec9454245813e__EUR,gt_698ec9454245813e__EAS,EXTRACTED,intermediate/15b3/GBMI/gt_698ec9454245813e__EUR.parquet,EXTRACTED,intermediate/15b3/GBMI/gt_698ec9454245813e__EAS.parquet,True
cmp_a6be1a7fe0f56ba2,gt_eb75fbbeba239dab,VWF,GBMI,GBMI::VTE,Venous thromboembolism,AFR,PRIMARY,False,True,gt_eb75fbbeba239dab__EUR,gt_eb75fbbeba239dab__AFR,EXTRACTED,intermediate/15b3/GBMI/gt_eb75fbbeba239dab__EUR.parquet,EXTRACTED,intermediate/15b3/GBMI/gt_eb75fbbeba239dab__AFR.parquet,True
cmp_9e43be5ec3a7c37f,gt_eb75fbbeba239dab,VWF,GBMI,GBMI::VTE,Venous thromboembolism,AMR,PRIMARY,False,True,gt_eb75fbbeba239dab__EUR,gt_eb75fbbeba239dab__AMR,EXTRACTED,intermediate/15b3/GBMI/gt_eb75fbbeba239dab__EUR.parquet,EXTRACTED,intermediate/15b3/GBMI/gt_eb75fbbeba239dab__AMR.parquet,True
cmp_1da2477066b379c3,gt_eb75fbbeba239dab,VWF,GBMI,GBMI::VTE,Venous thromboembolism,EAS,PRIMARY,False,True,gt_eb75fbbeba239dab__EUR,gt_eb75fbbeba239dab__EAS,EXTRACTED,intermediate/15b3/GBMI/gt_eb75fbbeba239dab__EUR.parquet,EXTRACTED,intermediate/15b3/GBMI/gt_eb75fbbeba239dab__EAS.parquet,True
