gene_trait_uid,gene,candidate_source,candidate_trait_key,candidate_trait_name,unit_analysis_role,mixed_pool,primary_approval_eligible,n_comparison_ancestries,comparison_ancestries,n_portability_pre_ld_eligible_ancestries,n_coloc_input_eligible_ancestries,n_coloc_powered_both_ancestries,minimum_qc_qualified_variants,median_qc_qualified_variants,maximum_qc_qualified_variants,maximum_eur_gws_qc_variants,maximum_comparison_gws_qc_variants,primary_mechanistic_universe,portability_primary_locked,portability_sensitivity_locked,coloc_primary_locked,coloc_powered_primary_locked,coloc_sensitivity_locked,coloc_powered_sensitivity_locked,all_ancestries_coloc_input_eligible,all_ancestries_portability_pre_ld_eligible,genome_build,canonical_group,locked_mapping_tier,mapping_tiers_contributing,sensitivity_pool_assignment,pools,n_A_pairs,n_B_pairs,n_target_indication_pairs,n_indications,indications,non_eur_pops_available
gt_24b34ddef722adb5,ADORA1,GBMI,GBMI::Asthma,Asthma,PRIMARY,False,True,4,AFR || AMR || CSA || EAS,4,4,0,606,648.5,719,44,0,True,True,True,True,False,True,False,True,True,GRCh38,Asthma,Direct disease,Direct disease,B,B,0,1,1,1,Asthma,"AFR,AMR,CSA,EAS"
gt_d1a63f782d9591b6,ADORA2B,GBMI,GBMI::Asthma,Asthma,PRIMARY,False,True,4,AFR || AMR || CSA || EAS,4,4,0,344,367.5,415,99,0,True,True,True,True,False,True,False,True,True,GRCh38,Asthma,Direct disease,Direct disease,B,B,0,1,1,1,Asthma,"AFR,AMR,CSA,EAS"
gt_d9617b3ca0a01afd,ADRB2,GBMI,GBMI::Asthma,Asthma,PRIMARY,False,True,4,AFR || AMR || CSA || EAS,0,4,0,502,527.5,589,0,0,True,False,False,True,False,True,False,True,False,GRCh38,Asthma,Direct disease,Direct disease,A,A,1,0,1,1,Asthma,"AFR,AMR,CSA,EAS"
gt_17737ee47ab15a2c,CHRM3,GBMI,GBMI::Asthma,Asthma,PRIMARY,False,True,4,AFR || AMR || CSA || EAS,0,4,0,1584,1827.5,2041,0,0,True,False,False,True,False,True,False,True,False,GRCh38,Asthma,Direct disease,Direct disease,B,B,0,1,1,1,Asthma,"AFR,AMR,CSA,EAS"
gt_8ec8b2adc38392c6,CSF2,GBMI,GBMI::Asthma,Asthma,PRIMARY,False,True,4,AFR || AMR || CSA || EAS,4,4,0,295,336.0,362,51,0,True,True,True,True,False,True,False,True,True,GRCh38,Asthma,Direct disease,Direct disease,B,B,0,1,1,1,Asthma,"AFR,AMR,CSA,EAS"
gt_5a1238ab72b04b53,FGFR3,GBMI,GBMI::Asthma,Asthma,PRIMARY,False,True,4,AFR || AMR || CSA || EAS,0,4,0,340,377.0,466,0,0,True,False,False,True,False,True,False,True,False,GRCh38,Asthma,Direct disease,Direct disease,B,B,0,1,1,1,Asthma,"AFR,AMR,CSA,EAS"
gt_519bb947b499daff,GATA3,GBMI,GBMI::Asthma,Asthma,PRIMARY,False,True,4,AFR || AMR || CSA || EAS,4,4,1,576,729.0,835,19,1,True,True,True,True,True,True,True,True,True,GRCh38,Asthma,Direct disease,Direct disease,B,B,0,1,1,1,Asthma,"AFR,AMR,CSA,EAS"
gt_9e0993252b567190,HRH4,GBMI,GBMI::Asthma,Asthma,PRIMARY,False,True,4,AFR || AMR || CSA || EAS,0,4,0,543,660.0,716,0,0,True,False,False,True,False,True,False,True,False,GRCh38,Asthma,Direct disease,Direct disease,B,B,0,1,1,1,Asthma,"AFR,AMR,CSA,EAS"
gt_b5915a3fe7e0c8ef,IL13,GBMI,GBMI::Asthma,Asthma,PRIMARY,False,True,4,AFR || AMR || CSA || EAS,4,4,1,260,274.5,292,229,81,True,True,True,True,True,True,True,True,True,GRCh38,Asthma,Direct disease,Direct disease,B,B,0,1,1,1,Asthma,"AFR,AMR,CSA,EAS"
gt_643969c79b356830,IL17RB,GBMI,GBMI::Asthma,Asthma,PRIMARY,False,True,4,AFR || AMR || CSA || EAS,0,4,0,428,529.5,579,0,0,True,False,False,True,False,True,False,True,False,GRCh38,Asthma,Direct disease,Direct disease,B,B,0,1,1,1,Asthma,"AFR,AMR,CSA,EAS"
gt_e0253f9da76890c4,IL1RL1,GBMI,GBMI::Asthma,Asthma,PRIMARY,False,True,4,AFR || AMR || CSA || EAS,4,4,2,656,777.0,820,398,92,True,True,True,True,True,True,True,True,True,GRCh38,Asthma,Direct disease,Direct disease,B,B,0,1,1,1,Asthma,"AFR,AMR,CSA,EAS"
gt_ceb57718dd9864a2,IL3,GBMI,GBMI::Asthma,Asthma,PRIMARY,False,True,4,AFR || AMR || CSA || EAS,4,4,0,283,325.5,352,50,0,True,True,True,True,False,True,False,True,True,GRCh38,Asthma,Direct disease,Direct disease,B,B,0,1,1,1,Asthma,"AFR,AMR,CSA,EAS"
gt_62933438673c2307,IL33,GBMI,GBMI::Asthma,Asthma,PRIMARY,False,True,4,AFR || AMR || CSA || EAS,4,4,0,315,580.5,675,222,0,True,True,True,True,False,True,False,True,True,GRCh38,Asthma,Direct disease,Direct disease,B,B,0,1,1,1,Asthma,"AFR,AMR,CSA,EAS"
gt_aff18fde645e6a6f,IL4R,GBMI,GBMI::Asthma,Asthma,PRIMARY,False,True,4,AFR || AMR || CSA || EAS,4,4,1,437,559.0,660,163,105,True,True,True,True,True,True,True,True,True,GRCh38,Asthma,Direct disease,Direct disease,A,A,1,0,1,1,Asthma,"AFR,AMR,CSA,EAS"
gt_8eacc233dce7b2c8,IL5,GBMI,GBMI::Asthma,Asthma,PRIMARY,False,True,4,AFR || AMR || CSA || EAS,4,4,1,345,373.5,399,234,84,True,True,True,True,True,True,True,True,True,GRCh38,Asthma,Direct disease,Direct disease,B,B,0,1,1,1,Asthma,"AFR,AMR,CSA,EAS"
gt_d2fd12497bba2d5c,IL6,GBMI,GBMI::Asthma,Asthma,PRIMARY,False,True,4,AFR || AMR || CSA || EAS,4,4,0,615,717.5,763,79,0,True,True,True,True,False,True,False,True,True,GRCh38,Asthma,Direct disease,Direct disease,B,B,0,1,1,1,Asthma,"AFR,AMR,CSA,EAS"
gt_c0bc9d12d330abef,ITGB7,GBMI,GBMI::Asthma,Asthma,PRIMARY,False,True,4,AFR || AMR || CSA || EAS,0,4,0,352,388.0,447,0,0,True,False,False,True,False,True,False,True,False,GRCh38,Asthma,Direct disease,Direct disease,B,B,0,1,1,1,Asthma,"AFR,AMR,CSA,EAS"
gt_de7ac7df0be895e9,KIT,GBMI,GBMI::Asthma,Asthma,PRIMARY,False,True,4,AFR || AMR || CSA || EAS,0,4,0,670,705.5,776,0,0,True,False,False,True,False,True,False,True,False,GRCh38,Asthma,Direct disease,Direct disease,B,B,0,1,1,1,Asthma,"AFR,AMR,CSA,EAS"
gt_db502e5251084f6d,MMP12,GBMI,GBMI::Asthma,Asthma,PRIMARY,False,True,4,AFR || AMR || CSA || EAS,0,4,0,482,551.0,610,0,0,True,False,False,True,False,True,False,True,False,GRCh38,Asthma,Direct disease,Direct disease,B,B,0,1,1,1,Asthma,"AFR,AMR,CSA,EAS"
gt_e5f710ae8311d02e,NFKB1,GBMI,GBMI::Asthma,Asthma,PRIMARY,False,True,4,AFR || AMR || CSA || EAS,0,4,0,528,584.0,645,0,0,True,False,False,True,False,True,False,True,False,GRCh38,Asthma,Direct disease,Direct disease,B,B,0,1,1,1,Asthma,"AFR,AMR,CSA,EAS"
gt_ae042213ac6b4336,NR3C1,GBMI,GBMI::Asthma,Asthma,PRIMARY,False,True,4,AFR || AMR || CSA || EAS,0,4,0,514,613.5,680,0,0,True,False,False,True,False,True,False,True,False,GRCh38,Asthma,Direct disease,Direct disease,A,A,1,0,1,1,Asthma,"AFR,AMR,CSA,EAS"
gt_b2f382990ec4dea4,P2RY2,GBMI,GBMI::Asthma,Asthma,PRIMARY,False,True,4,AFR || AMR || CSA || EAS,0,4,0,281,360.0,421,0,0,True,False,False,True,False,True,False,True,False,GRCh38,Asthma,Direct disease,Direct disease,B,B,0,1,1,1,Asthma,"AFR,AMR,CSA,EAS"
gt_365c91e7f793fde3,PDE3A,GBMI,GBMI::Asthma,Asthma,PRIMARY,False,True,4,AFR || AMR || CSA || EAS,0,4,0,1325,1655.0,1820,0,0,True,False,False,True,False,True,False,True,False,GRCh38,Asthma,Direct disease,Direct disease,B,B,0,1,1,1,Asthma,"AFR,AMR,CSA,EAS"
gt_9d4cf5ee28185b3f,PDE4B,GBMI,GBMI::Asthma,Asthma,PRIMARY,False,True,4,AFR || AMR || CSA || EAS,0,4,0,1738,1842.0,2030,0,0,True,False,False,True,False,True,False,True,False,GRCh38,Asthma,Direct disease,Direct disease,B,B,0,1,1,1,Asthma,"AFR,AMR,CSA,EAS"
gt_70efb959c61a6093,PDE4D,GBMI,GBMI::Asthma,Asthma,PRIMARY,False,True,4,AFR || AMR || CSA || EAS,0,4,0,3294,3932.0,4363,0,0,True,False,False,True,False,True,False,True,False,GRCh38,Asthma,Direct disease,Direct disease,B,B,0,1,1,1,Asthma,"AFR,AMR,CSA,EAS"
gt_7f50a9fa80553ca7,TNFSF15,GBMI,GBMI::Asthma,Asthma,PRIMARY,False,True,4,AFR || AMR || CSA || EAS,3,4,0,386,461.0,514,3,0,True,True,True,True,False,True,False,True,False,GRCh38,Asthma,Direct disease,Direct disease,B,B,0,1,1,1,Asthma,"AFR,AMR,CSA,EAS"
gt_a1149966f4c395a3,TNFSF4,GBMI,GBMI::Asthma,Asthma,PRIMARY,False,True,4,AFR || AMR || CSA || EAS,0,4,0,363,455.0,514,1,0,True,False,False,True,False,True,False,True,False,GRCh38,Asthma,Direct disease,Direct disease,B,B,0,1,1,1,Asthma,"AFR,AMR,CSA,EAS"
gt_9974caf98cb25074,TSLP,GBMI,GBMI::Asthma,Asthma,PRIMARY,False,True,4,AFR || AMR || CSA || EAS,4,4,1,439,451.5,516,214,40,True,True,True,True,True,True,True,True,True,GRCh38,Asthma,Direct disease,Direct disease,A,A,1,0,1,1,Asthma,"AFR,AMR,CSA,EAS"
gt_03d37cdcec9e6d39,TYK2,GBMI,GBMI::Asthma,Asthma,PRIMARY,False,True,4,AFR || AMR || CSA || EAS,0,4,0,410,484.0,542,0,0,True,False,False,True,False,True,False,True,False,GRCh38,Asthma,Direct disease,Direct disease,B,B,0,1,1,1,Asthma,"AFR,AMR,CSA,EAS"
gt_9881a68950024bfa,ADORA1,GBMI,GBMI::COPD,Chronic obstructive pulmonary disease,PRIMARY,False,True,3,AFR || AMR || EAS,0,3,0,609,617.0,718,0,0,True,False,False,True,False,True,False,True,False,GRCh38,COPD,Direct disease,Direct disease,B,B,0,1,1,1,"Pulmonary Disease, Chronic Obstructive","AFR,AMR,EAS"
gt_4fb43f1edb670fad,ADRB2,GBMI,GBMI::COPD,Chronic obstructive pulmonary disease,PRIMARY,False,True,3,AFR || AMR || EAS,0,3,0,495,535.0,584,0,0,True,False,False,True,False,True,False,True,False,GRCh38,COPD,Direct disease,Direct disease,A,A,1,0,1,1,"Pulmonary Disease, Chronic Obstructive","AFR,AMR,EAS"
gt_8517bb33d43dbd6b,CHRM3,GBMI,GBMI::COPD,Chronic obstructive pulmonary disease,PRIMARY,False,True,3,AFR || AMR || EAS,0,3,0,1559,1806.0,1983,0,0,True,False,False,True,False,True,False,True,False,GRCh38,COPD,Direct disease,Direct disease,A,A,1,0,1,1,"Pulmonary Disease, Chronic Obstructive","AFR,AMR,EAS"
gt_516ff4c0d959d8ab,CSF2,GBMI,GBMI::COPD,Chronic obstructive pulmonary disease,PRIMARY,False,True,3,AFR || AMR || EAS,0,3,0,294,327.0,354,0,0,True,False,False,True,False,True,False,True,False,GRCh38,COPD,Direct disease,Direct disease,B,B,0,1,1,1,"Pulmonary Disease, Chronic Obstructive","AFR,AMR,EAS"
gt_d84fcd64ca861af7,EPHX2,GBMI,GBMI::COPD,Chronic obstructive pulmonary disease,PRIMARY,False,True,3,AFR || AMR || EAS,3,3,0,584,730.0,774,27,0,True,True,True,True,False,True,False,True,True,GRCh38,COPD,Direct disease,Direct disease,B,B,0,1,1,1,"Pulmonary Disease, Chronic Obstructive","AFR,AMR,EAS"
gt_9c552df762f04c46,GATA3,GBMI,GBMI::COPD,Chronic obstructive pulmonary disease,PRIMARY,False,True,3,AFR || AMR || EAS,0,3,0,556,695.0,808,0,0,True,False,False,True,False,True,False,True,False,GRCh38,COPD,Direct disease,Direct disease,B,B,0,1,1,1,"Pulmonary Disease, Chronic Obstructive","AFR,AMR,EAS"
gt_51f32a4cc0304948,HCRTR1,GBMI,GBMI::COPD,Chronic obstructive pulmonary disease,PRIMARY,False,True,3,AFR || AMR || EAS,0,3,0,397,424.0,462,0,0,True,False,False,True,False,True,False,True,False,GRCh38,COPD,Direct disease,Direct disease,B,B,0,1,1,1,"Pulmonary Disease, Chronic Obstructive","AFR,AMR,EAS"
gt_c155d3285e50020d,HRH4,GBMI,GBMI::COPD,Chronic obstructive pulmonary disease,PRIMARY,False,True,3,AFR || AMR || EAS,0,3,0,550,668.0,692,0,0,True,False,False,True,False,True,False,True,False,GRCh38,COPD,Direct disease,Direct disease,B,B,0,1,1,1,"Pulmonary Disease, Chronic Obstructive","AFR,AMR,EAS"
gt_7f0a185215562536,IL13,GBMI,GBMI::COPD,Chronic obstructive pulmonary disease,PRIMARY,False,True,3,AFR || AMR || EAS,0,3,0,262,265.0,284,0,0,True,False,False,True,False,True,False,True,False,GRCh38,COPD,Direct disease,Direct disease,B,B,0,1,1,1,"Pulmonary Disease, Chronic Obstructive","AFR,AMR,EAS"
gt_75373d2e995e29c7,IL1R1,GBMI,GBMI::COPD,Chronic obstructive pulmonary disease,PRIMARY,False,True,3,AFR || AMR || EAS,0,3,0,779,865.0,930,0,0,True,False,False,True,False,True,False,True,False,GRCh38,COPD,Direct disease,Direct disease,B,B,0,1,1,1,"Pulmonary Disease, Chronic Obstructive","AFR,AMR,EAS"
gt_04df48c5ba39ad54,IL1RL1,GBMI,GBMI::COPD,Chronic obstructive pulmonary disease,PRIMARY,False,True,3,AFR || AMR || EAS,0,3,0,653,776.0,802,1,0,True,False,False,True,False,True,False,True,False,GRCh38,COPD,Direct disease,Direct disease,B,B,0,1,1,1,"Pulmonary Disease, Chronic Obstructive","AFR,AMR,EAS"
gt_06e6ca91a1d5c2c3,IL33,GBMI,GBMI::COPD,Chronic obstructive pulmonary disease,PRIMARY,False,True,3,AFR || AMR || EAS,0,3,0,294,602.0,643,0,0,True,False,False,True,False,True,False,True,False,GRCh38,COPD,Direct disease,Direct disease,B,B,0,1,1,1,"Pulmonary Disease, Chronic Obstructive","AFR,AMR,EAS"
gt_6f6609fa8e0d87fe,IL4R,GBMI,GBMI::COPD,Chronic obstructive pulmonary disease,PRIMARY,False,True,3,AFR || AMR || EAS,0,3,0,431,581.0,630,0,0,True,False,False,True,False,True,False,True,False,GRCh38,COPD,Direct disease,Direct disease,B,B,0,1,1,1,"Pulmonary Disease, Chronic Obstructive","AFR,AMR,EAS"
gt_f34cd2ca051e960b,NR3C1,GBMI,GBMI::COPD,Chronic obstructive pulmonary disease,PRIMARY,False,True,3,AFR || AMR || EAS,0,3,0,506,604.0,640,0,0,True,False,False,True,False,True,False,True,False,GRCh38,COPD,Direct disease,Direct disease,A,A,1,0,1,1,"Pulmonary Disease, Chronic Obstructive","AFR,AMR,EAS"
gt_f3dc92ab28823f74,PDE3A,GBMI,GBMI::COPD,Chronic obstructive pulmonary disease,PRIMARY,False,True,3,AFR || AMR || EAS,0,3,0,1315,1625.0,1761,0,0,True,False,False,True,False,True,False,True,False,GRCh38,COPD,Direct disease,Direct disease,B,B,0,1,1,1,"Pulmonary Disease, Chronic Obstructive","AFR,AMR,EAS"
gt_d6af00b513deb475,PDE4B,GBMI,GBMI::COPD,Chronic obstructive pulmonary disease,PRIMARY,False,True,3,AFR || AMR || EAS,0,3,0,1756,1878.0,2022,0,0,True,False,False,True,False,True,False,True,False,GRCh38,COPD,Direct disease,Direct disease,B,B,0,1,1,1,"Pulmonary Disease, Chronic Obstructive","AFR,AMR,EAS"
gt_67779b85c25ee171,PDE4D,GBMI,GBMI::COPD,Chronic obstructive pulmonary disease,PRIMARY,False,True,3,AFR || AMR || EAS,0,3,0,3233,3808.0,4247,0,0,True,False,False,True,False,True,False,True,False,GRCh38,COPD,Direct disease,Direct disease,B,B,0,1,1,1,"Pulmonary Disease, Chronic Obstructive","AFR,AMR,EAS"
gt_1c362988229c8005,RARG,GBMI,GBMI::COPD,Chronic obstructive pulmonary disease,PRIMARY,False,True,3,AFR || AMR || EAS,0,3,0,326,349.0,376,0,0,True,False,False,True,False,True,False,True,False,GRCh38,COPD,Direct disease,Direct disease,B,B,0,1,1,1,"Pulmonary Disease, Chronic Obstructive","AFR,AMR,EAS"
gt_3ff7791c43db60b1,SERPINA1,GBMI,GBMI::COPD,Chronic obstructive pulmonary disease,PRIMARY,False,True,3,AFR || AMR || EAS,0,3,0,545,753.0,814,1,0,True,False,False,True,False,True,False,True,False,GRCh38,COPD,Direct disease,Direct disease,B,B,0,1,1,1,"Pulmonary Disease, Chronic Obstructive","AFR,AMR,EAS"
gt_44622dded6eb753b,TSLP,GBMI,GBMI::COPD,Chronic obstructive pulmonary disease,PRIMARY,False,True,3,AFR || AMR || EAS,0,3,0,449,464.0,521,0,0,True,False,False,True,False,True,False,True,False,GRCh38,COPD,Direct disease,Direct disease,B,B,0,1,1,1,"Pulmonary Disease, Chronic Obstructive","AFR,AMR,EAS"
gt_e905fdaa484f8536,PPARG,GBMI,GBMI::Gout,Gout,PRIMARY,False,True,3,AFR || AMR || EAS,0,3,0,715,765.0,884,0,0,True,False,False,True,False,True,False,True,False,GRCh38,Gout,Direct disease,Direct disease,B,B,0,1,1,1,Gout,"AFR,AMR,EAS"
gt_2a7e2fce1378c79e,SLC22A12,GBMI,GBMI::Gout,Gout,PRIMARY,False,True,3,AFR || AMR || EAS,3,3,1,236,243.0,287,151,99,True,True,True,True,True,True,True,True,True,GRCh38,Gout,Direct disease,Direct disease,A,A,1,0,1,1,Gout,"AFR,AMR,EAS"
gt_a079fbca689ff34a,ENPEP,GBMI,GBMI::HF,Heart failure,PRIMARY,False,True,3,AFR || AMR || EAS,0,3,0,896,936.0,986,0,0,True,False,False,True,False,True,False,True,False,GRCh38,HF,Direct disease,Direct disease,B,B,0,1,1,1,Heart Failure,"AFR,AMR,EAS"
gt_03254368f30b6f1a,GRM7,GBMI,GBMI::Stroke,Stroke,PRIMARY,False,True,3,AFR || AMR || EAS,0,3,0,3014,3430.0,3670,0,0,True,False,False,True,False,True,False,True,False,GRCh38,Stroke,Direct disease,Direct disease,B,B,0,1,1,1,Stroke,"AFR,AMR,EAS"
gt_df4ae7bd29d46c68,NOS3,GBMI,GBMI::Stroke,Stroke,PRIMARY,False,True,3,AFR || AMR || EAS,0,3,0,377,421.0,441,0,0,True,False,False,True,False,True,False,True,False,GRCh38,Stroke,Direct disease,Direct disease,B,B,0,1,1,1,Stroke,"AFR,AMR,EAS"
gt_7833a3b8c0f390b0,PDE3A,GBMI,GBMI::Stroke,Stroke,PRIMARY,False,True,3,AFR || AMR || EAS,0,3,0,1280,1618.0,1660,0,0,True,False,False,True,False,True,False,True,False,GRCh38,Stroke,Direct disease,Direct disease,B,B,0,1,1,1,Stroke,"AFR,AMR,EAS"
gt_9ef583411089c1bf,F10,GBMI,GBMI::VTE,Venous thromboembolism,PRIMARY,False,True,3,AFR || AMR || EAS,0,3,0,346,425.0,482,1,0,True,False,False,True,False,True,False,True,False,GRCh38,VTE,Direct disease,Direct disease,A,A,1,0,1,1,Venous Thrombosis,"AFR,AMR,EAS"
gt_fd539737d1f5d9cb,F11,GBMI,GBMI::VTE,Venous thromboembolism,PRIMARY,False,True,3,AFR || AMR || EAS,3,3,0,589,686.0,689,225,0,True,True,True,True,False,True,False,True,True,GRCh38,VTE,Direct disease,Direct disease,B,B,0,1,1,1,Venous Thrombosis,"AFR,AMR,EAS"
gt_698ec9454245813e,F2,GBMI,GBMI::VTE,Venous thromboembolism,PRIMARY,False,True,3,AFR || AMR || EAS,3,3,0,149,227.0,260,45,0,True,True,True,True,False,True,False,True,True,GRCh38,VTE,Direct disease,Direct disease,A,A,2,0,2,2,Pulmonary Embolism || Venous Thrombosis,"AFR,AMR,EAS"
gt_eb75fbbeba239dab,VWF,GBMI,GBMI::VTE,Venous thromboembolism,PRIMARY,False,True,3,AFR || AMR || EAS,3,3,0,659,966.0,1166,36,0,True,True,True,True,False,True,False,True,True,GRCh38,VTE,Direct disease,Direct disease,B,B,0,1,1,1,Venous Thrombosis,"AFR,AMR,EAS"
gt_35a39ec308ee87fc,IL12B,Pan-UKB,Pan-UKB::biomarkers|30620|both_sexes||irnt,Alanine aminotransferase,SENSITIVITY,False,False,2,AFR || CSA,0,2,0,421,439.5,458,0,0,False,False,False,False,False,True,False,True,False,GRCh37,alanine_aminotransferase,Proxy biomarker,Proxy biomarker,B,B,0,1,1,1,"Liver Cirrhosis, Biliary","AFR,CSA"
gt_c2f3696fd5d03431,PNPLA3,Pan-UKB,Pan-UKB::biomarkers|30620|both_sexes||irnt,Alanine aminotransferase,PRIMARY,False,True,2,AFR || CSA,2,2,0,818,857.0,896,239,0,True,True,True,True,False,True,False,True,True,GRCh37,alanine_aminotransferase,Proxy biomarker,Proxy biomarker,B,B,0,1,1,1,Non-alcoholic Fatty Liver Disease,"AFR,CSA"
gt_1532a9ca07d456ce,TNFRSF1A,Pan-UKB,Pan-UKB::biomarkers|30620|both_sexes||irnt,Alanine aminotransferase,SENSITIVITY,False,False,2,AFR || CSA,0,2,0,515,545.5,576,0,0,False,False,False,False,False,True,False,True,False,GRCh37,alanine_aminotransferase,Proxy biomarker,Proxy biomarker,B,B,0,1,1,1,Liver Cirrhosis,"AFR,CSA"
gt_d5f1eb0727f1fc8c,IL12B,Pan-UKB,Pan-UKB::biomarkers|30600|both_sexes||irnt,Albumin,SENSITIVITY,False,False,2,AFR || CSA,0,2,0,421,439.5,458,0,0,False,False,False,False,False,True,False,True,False,GRCh37,albumin,Proxy biomarker,Proxy biomarker,B,B,0,1,1,1,"Liver Cirrhosis, Biliary","AFR,CSA"
gt_e2a7ed2a815c1261,TNFRSF1A,Pan-UKB,Pan-UKB::biomarkers|30600|both_sexes||irnt,Albumin,PRIMARY,False,True,2,AFR || CSA,0,2,0,514,548.0,582,0,0,True,False,False,True,False,True,False,True,False,GRCh37,albumin,Proxy biomarker,Proxy biomarker,B,B,0,1,1,1,Liver Cirrhosis,"AFR,CSA"
gt_0c5a522d1cea1ece,IL12B,Pan-UKB,Pan-UKB::biomarkers|30610|both_sexes||irnt,Alkaline phosphatase,PRIMARY,False,True,2,CSA || MID,0,2,0,458,467.0,476,0,0,True,False,False,True,False,True,False,True,False,GRCh37,alkaline_phosphatase,Proxy biomarker,Proxy biomarker,B,B,0,1,1,1,"Liver Cirrhosis, Biliary","CSA,MID"
gt_9a0a8eb6c834f627,TNFRSF1A,Pan-UKB,Pan-UKB::biomarkers|30610|both_sexes||irnt,Alkaline phosphatase,SENSITIVITY,False,False,2,CSA || MID,0,2,0,576,585.5,595,0,0,False,False,False,False,False,True,False,True,False,GRCh37,alkaline_phosphatase,Proxy biomarker,Proxy biomarker,B,B,0,1,1,1,Liver Cirrhosis,"CSA,MID"
gt_880c09aa6e82a823,ABCA1,Pan-UKB,Pan-UKB::biomarkers|30640|both_sexes||irnt,Apolipoprotein B,SENSITIVITY,False,False,1,CSA,0,1,0,1286,1286.0,1286,0,0,False,False,False,False,False,True,False,True,False,GRCh37,apolipoprotein_b,Direct quantitative readout,Direct quantitative readout,B,B,0,1,1,1,Hyperlipidemias,CSA
gt_aeeeee5ba6d1cdd4,ADRB1,Pan-UKB,Pan-UKB::biomarkers|30640|both_sexes||irnt,Apolipoprotein B,SENSITIVITY,False,False,1,CSA,1,1,0,499,499.0,499,15,0,False,False,True,False,False,True,False,True,True,GRCh37,apolipoprotein_b,Direct quantitative readout,Direct quantitative readout,B,B,0,1,1,1,Hyperlipidemias,CSA
gt_3aaa98b315ec15ca,ADRB2,Pan-UKB,Pan-UKB::biomarkers|30640|both_sexes||irnt,Apolipoprotein B,SENSITIVITY,False,False,1,CSA,0,1,0,571,571.0,571,0,0,False,False,False,False,False,True,False,True,False,GRCh37,apolipoprotein_b,Direct quantitative readout,Direct quantitative readout,B,B,0,1,1,1,Hyperlipidemias,CSA
gt_d9cb93951608efa4,ANGPTL3,Pan-UKB,Pan-UKB::biomarkers|30640|both_sexes||irnt,Apolipoprotein B,SENSITIVITY,True,False,1,CSA,1,1,0,242,242.0,242,192,0,False,False,True,False,False,True,False,True,True,GRCh37,apolipoprotein_b,Direct quantitative readout,Direct quantitative readout,A,"A,B",1,3,4,4,Dyslipidemias || Hypercholesterolemia || Hyperlipidemias || Hyperlipoproteinemia Type II,CSA
gt_2a3973930dfa8079,ANGPTL8,Pan-UKB,Pan-UKB::biomarkers|30640|both_sexes||irnt,Apolipoprotein B,SENSITIVITY,False,False,1,CSA,1,1,0,664,664.0,664,150,0,False,False,True,False,False,True,False,True,True,GRCh37,apolipoprotein_b,Direct quantitative readout,Direct quantitative readout,B,B,0,1,1,1,Hyperlipidemias,CSA
gt_e472a4b9838e4efd,APOA1,Pan-UKB,Pan-UKB::biomarkers|30640|both_sexes||irnt,Apolipoprotein B,SENSITIVITY,False,False,1,CSA,1,1,0,605,605.0,605,290,0,False,False,True,False,False,True,False,True,True,GRCh37,apolipoprotein_b,Direct quantitative readout,Direct quantitative readout,B,B,0,3,3,3,Hypercholesterolemia || Hyperlipidemias || Hyperlipoproteinemia Type II,CSA
gt_638010dd904ff52a,APOB,Pan-UKB,Pan-UKB::biomarkers|30640|both_sexes||irnt,Apolipoprotein B,SENSITIVITY,True,False,1,CSA,1,1,0,426,426.0,426,308,0,False,False,True,False,False,True,False,True,True,GRCh37,apolipoprotein_b,Direct quantitative readout,Direct quantitative readout,A,"A,B",1,2,3,3,Hypercholesterolemia || Hyperlipidemias || Hyperlipoproteinemia Type II,CSA
gt_8710f4213a54e500,APOC3,Pan-UKB,Pan-UKB::biomarkers|30640|both_sexes||irnt,Apolipoprotein B,SENSITIVITY,False,False,1,CSA,1,1,0,599,599.0,599,292,0,False,False,True,False,False,True,False,True,True,GRCh37,apolipoprotein_b,Direct quantitative readout,Direct quantitative readout,B,B,0,3,3,3,Dyslipidemias || Hypercholesterolemia || Hyperlipidemias,CSA
gt_7e022850efc1272a,APOE,Pan-UKB,Pan-UKB::biomarkers|30640|both_sexes||irnt,Apolipoprotein B,SENSITIVITY,False,False,1,CSA,1,1,1,612,612.0,612,466,34,False,False,True,False,False,True,True,True,True,GRCh37,apolipoprotein_b,Direct quantitative readout,Direct quantitative readout,B,B,0,1,1,1,Hyperlipoproteinemia Type II,CSA
gt_911740b41c241344,CETP,Pan-UKB,Pan-UKB::biomarkers|30640|both_sexes||irnt,Apolipoprotein B,SENSITIVITY,False,False,1,CSA,1,1,0,805,805.0,805,85,0,False,False,True,False,False,True,False,True,True,GRCh37,apolipoprotein_b,Direct quantitative readout,Direct quantitative readout,B,B,0,3,3,3,Hypercholesterolemia || Hyperlipidemias || Hyperlipoproteinemia Type II,CSA
gt_63507162bcaa3920,DGAT2,Pan-UKB,Pan-UKB::biomarkers|30640|both_sexes||irnt,Apolipoprotein B,SENSITIVITY,False,False,1,CSA,0,1,0,450,450.0,450,0,0,False,False,False,False,False,True,False,True,False,GRCh37,apolipoprotein_b,Direct quantitative readout,Direct quantitative readout,B,B,0,1,1,1,Hyperlipidemias,CSA
gt_40a892854f5916e0,FDFT1,Pan-UKB,Pan-UKB::biomarkers|30640|both_sexes||irnt,Apolipoprotein B,SENSITIVITY,False,False,1,CSA,1,1,0,1343,1343.0,1343,3,0,False,False,True,False,False,True,False,True,True,GRCh37,apolipoprotein_b,Direct quantitative readout,Direct quantitative readout,B,B,0,1,1,1,Hyperlipidemias,CSA
gt_db347719699507ec,HCAR2,Pan-UKB,Pan-UKB::biomarkers|30640|both_sexes||irnt,Apolipoprotein B,SENSITIVITY,False,False,1,CSA,0,1,0,425,425.0,425,0,0,False,False,False,False,False,True,False,True,False,GRCh37,apolipoprotein_b,Direct quantitative readout,Direct quantitative readout,B,B,0,2,2,2,Hypercholesterolemia || Hyperlipidemias,CSA
gt_789afc52cefd4f2d,HCAR3,Pan-UKB,Pan-UKB::biomarkers|30640|both_sexes||irnt,Apolipoprotein B,SENSITIVITY,False,False,1,CSA,0,1,0,505,505.0,505,0,0,False,False,False,False,False,True,False,True,False,GRCh37,apolipoprotein_b,Direct quantitative readout,Direct quantitative readout,B,B,0,2,2,2,Hypercholesterolemia || Hyperlipidemias,CSA
gt_a2fbc60777f1e768,HMGCR,Pan-UKB,Pan-UKB::biomarkers|30640|both_sexes||irnt,Apolipoprotein B,SENSITIVITY,False,False,1,CSA,1,1,0,474,474.0,474,323,0,False,False,True,False,False,True,False,True,True,GRCh37,apolipoprotein_b,Direct quantitative readout,Direct quantitative readout,A,A,3,0,3,3,Dyslipidemias || Hypercholesterolemia || Hyperlipidemias,CSA
gt_fd898132e38f7788,LPA,Pan-UKB,Pan-UKB::biomarkers|30640|both_sexes||irnt,Apolipoprotein B,SENSITIVITY,False,False,1,CSA,1,1,0,641,641.0,641,244,0,False,False,True,False,False,True,False,True,True,GRCh37,apolipoprotein_b,Direct quantitative readout,Direct quantitative readout,B,B,0,1,1,1,Hyperlipidemias,CSA
gt_6b7b6bd038da9052,MTTP,Pan-UKB,Pan-UKB::biomarkers|30640|both_sexes||irnt,Apolipoprotein B,SENSITIVITY,False,False,1,CSA,0,1,0,800,800.0,800,0,0,False,False,False,False,False,True,False,True,False,GRCh37,apolipoprotein_b,Direct quantitative readout,Direct quantitative readout,B,B,0,1,1,1,Hyperlipidemias,CSA
gt_c6647379089cd913,NPC1L1,Pan-UKB,Pan-UKB::biomarkers|30640|both_sexes||irnt,Apolipoprotein B,SENSITIVITY,True,False,1,CSA,1,1,0,492,492.0,492,96,0,False,False,True,False,False,True,False,True,True,GRCh37,apolipoprotein_b,Direct quantitative readout,Direct quantitative readout,A,"A,B",1,1,2,2,Dyslipidemias || Hyperlipidemias,CSA
gt_1b1f490edcf0cd67,NR1H3,Pan-UKB,Pan-UKB::biomarkers|30640|both_sexes||irnt,Apolipoprotein B,SENSITIVITY,False,False,1,CSA,0,1,0,421,421.0,421,0,0,False,False,False,False,False,True,False,True,False,GRCh37,apolipoprotein_b,Direct quantitative readout,Direct quantitative readout,B,B,0,1,1,1,Hypercholesterolemia,CSA
gt_5e044fcde2890531,NR1H4,Pan-UKB,Pan-UKB::biomarkers|30640|both_sexes||irnt,Apolipoprotein B,SENSITIVITY,False,False,1,CSA,0,1,0,497,497.0,497,0,0,False,False,False,False,False,True,False,True,False,GRCh37,apolipoprotein_b,Direct quantitative readout,Direct quantitative readout,B,B,0,2,2,2,Hypercholesterolemia || Hyperlipidemias,CSA
gt_5546449a60969756,PCSK9,Pan-UKB,Pan-UKB::biomarkers|30640|both_sexes||irnt,Apolipoprotein B,SENSITIVITY,False,False,1,CSA,1,1,0,674,674.0,674,187,0,False,False,True,False,False,True,False,True,True,GRCh37,apolipoprotein_b,Direct quantitative readout,Direct quantitative readout,A,A,3,0,3,3,Hypercholesterolemia || Hyperlipidemias || Hyperlipoproteinemia Type II,CSA
gt_a720a56d887401e7,PPARA,Pan-UKB,Pan-UKB::biomarkers|30640|both_sexes||irnt,Apolipoprotein B,SENSITIVITY,True,False,1,CSA,0,1,0,751,751.0,751,0,0,False,False,False,False,False,True,False,True,False,GRCh37,apolipoprotein_b,Direct quantitative readout,Direct quantitative readout,A,"A,B",3,1,4,4,Dyslipidemias || Hypercholesterolemia || Hyperlipidemias || Hyperlipoproteinemia Type II,CSA
gt_a771e8ce8bd5d5d6,PPARG,Pan-UKB,Pan-UKB::biomarkers|30640|both_sexes||irnt,Apolipoprotein B,SENSITIVITY,False,False,1,CSA,1,1,0,877,877.0,877,20,0,False,False,True,False,False,True,False,True,True,GRCh37,apolipoprotein_b,Direct quantitative readout,Direct quantitative readout,A,A,1,0,1,1,Hyperlipidemias,CSA
gt_0e169e1a379505e6,SLC10A2,Pan-UKB,Pan-UKB::biomarkers|30640|both_sexes||irnt,Apolipoprotein B,SENSITIVITY,False,False,1,CSA,0,1,0,615,615.0,615,0,0,False,False,False,False,False,True,False,True,False,GRCh37,apolipoprotein_b,Direct quantitative readout,Direct quantitative readout,B,B,0,2,2,2,Hypercholesterolemia || Hyperlipidemias,CSA
gt_9332f01cb4a157fe,THRB,Pan-UKB,Pan-UKB::biomarkers|30640|both_sexes||irnt,Apolipoprotein B,SENSITIVITY,False,False,1,CSA,0,1,0,1575,1575.0,1575,0,0,False,False,False,False,False,True,False,True,False,GRCh37,apolipoprotein_b,Direct quantitative readout,Direct quantitative readout,B,B,0,2,2,2,Hypercholesterolemia || Hyperlipoproteinemia Type II,CSA
gt_1ee1da015e26f543,ADIPOR2,Pan-UKB,Pan-UKB::continuous|21001|both_sexes||irnt,Body mass index (BMI),PRIMARY,False,True,3,AFR || CSA || MID,0,3,0,774,921.0,942,0,0,True,False,False,True,False,True,False,True,False,GRCh37,body_mass_index,Direct quantitative readout,Direct quantitative readout,B,B,0,1,1,1,Obesity,"AFR,CSA,MID"
gt_a3ed78d49b0c5aac,CALCA,Pan-UKB,Pan-UKB::continuous|21001|both_sexes||irnt,Body mass index (BMI),PRIMARY,False,True,3,AFR || CSA || MID,0,3,0,256,296.0,305,0,0,True,False,False,True,False,True,False,True,False,GRCh37,body_mass_index,Direct quantitative readout,Direct quantitative readout,B,B,0,1,1,1,Obesity,"AFR,CSA,MID"
gt_a0bbc31bfcb23525,CALCR,Pan-UKB,Pan-UKB::continuous|21001|both_sexes||irnt,Body mass index (BMI),PRIMARY,False,True,3,AFR || CSA || MID,0,3,0,792,842.0,890,0,0,True,False,False,True,False,True,False,True,False,GRCh37,body_mass_index,Direct quantitative readout,Direct quantitative readout,B,B,0,1,1,1,Obesity,"AFR,CSA,MID"
gt_7ef45295ac72754b,DPP4,Pan-UKB,Pan-UKB::continuous|21001|both_sexes||irnt,Body mass index (BMI),PRIMARY,False,True,3,AFR || CSA || MID,0,3,0,428,618.0,622,0,0,True,False,False,True,False,True,False,True,False,GRCh37,body_mass_index,Direct quantitative readout,Direct quantitative readout,B,B,0,1,1,1,Obesity,"AFR,CSA,MID"
gt_07bc6b913823d770,FGFR1,Pan-UKB,Pan-UKB::continuous|21001|both_sexes||irnt,Body mass index (BMI),PRIMARY,False,True,3,AFR || CSA || MID,3,3,0,373,442.0,466,15,0,True,True,True,True,False,True,False,True,True,GRCh37,body_mass_index,Direct quantitative readout,Direct quantitative readout,B,B,0,1,1,1,Obesity,"AFR,CSA,MID"
gt_5aa064f396f10864,FGFR4,Pan-UKB,Pan-UKB::continuous|21001|both_sexes||irnt,Body mass index (BMI),PRIMARY,False,True,3,AFR || CSA || MID,3,3,0,454,653.0,662,4,0,True,True,True,True,False,True,False,True,True,GRCh37,body_mass_index,Direct quantitative readout,Direct quantitative readout,B,B,0,1,1,1,Obesity,"AFR,CSA,MID"
gt_d79e322e54d14839,GDF15,Pan-UKB,Pan-UKB::continuous|21001|both_sexes||irnt,Body mass index (BMI),PRIMARY,False,True,3,AFR || CSA || MID,3,3,0,485,534.0,554,36,0,True,True,True,True,False,True,False,True,True,GRCh37,body_mass_index,Direct quantitative readout,Direct quantitative readout,B,B,0,1,1,1,Obesity,"AFR,CSA,MID"
gt_a4b99530ba80c8ab,GFRAL,Pan-UKB,Pan-UKB::continuous|21001|both_sexes||irnt,Body mass index (BMI),PRIMARY,False,True,3,AFR || CSA || MID,0,3,0,945,999.0,1320,0,0,True,False,False,True,False,True,False,True,False,GRCh37,body_mass_index,Direct quantitative readout,Direct quantitative readout,B,B,0,1,1,1,Obesity,"AFR,CSA,MID"
gt_d815e2aa4bbcd69a,GHR,Pan-UKB,Pan-UKB::continuous|21001|both_sexes||irnt,Body mass index (BMI),PRIMARY,False,True,3,AFR || CSA || MID,0,3,0,923,1139.0,1196,0,0,True,False,False,True,False,True,False,True,False,GRCh37,body_mass_index,Direct quantitative readout,Direct quantitative readout,B,B,0,1,1,1,Obesity,"AFR,CSA,MID"
gt_e8a2392ea6c7a9e1,GIPR,Pan-UKB,Pan-UKB::continuous|21001|both_sexes||irnt,Body mass index (BMI),PRIMARY,False,True,3,AFR || CSA || MID,3,3,0,489,534.0,550,26,0,True,True,True,True,False,True,False,True,True,GRCh37,body_mass_index,Direct quantitative readout,Direct quantitative readout,B,B,0,1,1,1,Obesity,"AFR,CSA,MID"
gt_25ecabe6d3e507e8,GLP1R,Pan-UKB,Pan-UKB::continuous|21001|both_sexes||irnt,Body mass index (BMI),PRIMARY,False,True,3,AFR || CSA || MID,0,3,0,712,798.0,826,0,0,True,False,False,True,False,True,False,True,False,GRCh37,body_mass_index,Direct quantitative readout,Direct quantitative readout,A,A,1,0,1,1,Obesity,"AFR,CSA,MID"
gt_c3e1332e6c837d81,HSD11B1,Pan-UKB,Pan-UKB::continuous|21001|both_sexes||irnt,Body mass index (BMI),PRIMARY,False,True,3,AFR || CSA || MID,0,3,0,555,704.0,725,0,0,True,False,False,True,False,True,False,True,False,GRCh37,body_mass_index,Direct quantitative readout,Direct quantitative readout,B,B,0,1,1,1,Obesity,"AFR,CSA,MID"
gt_c1f964477a2c60d2,HTR1A,Pan-UKB,Pan-UKB::continuous|21001|both_sexes||irnt,Body mass index (BMI),PRIMARY,False,True,3,AFR || CSA || MID,0,3,0,250,314.0,327,0,0,True,False,False,True,False,True,False,True,False,GRCh37,body_mass_index,Direct quantitative readout,Direct quantitative readout,B,B,0,1,1,1,Obesity,"AFR,CSA,MID"
gt_c613c2c57d405093,IAPP,Pan-UKB,Pan-UKB::continuous|21001|both_sexes||irnt,Body mass index (BMI),PRIMARY,False,True,3,AFR || CSA || MID,0,3,0,797,864.0,923,0,0,True,False,False,True,False,True,False,True,False,GRCh37,body_mass_index,Direct quantitative readout,Direct quantitative readout,B,B,0,1,1,1,Obesity,"AFR,CSA,MID"
gt_3118096966414b21,INSR,Pan-UKB,Pan-UKB::continuous|21001|both_sexes||irnt,Body mass index (BMI),PRIMARY,False,True,3,AFR || CSA || MID,0,3,0,958,1012.0,1039,0,0,True,False,False,True,False,True,False,True,False,GRCh37,body_mass_index,Direct quantitative readout,Direct quantitative readout,B,B,0,1,1,1,Obesity,"AFR,CSA,MID"
gt_46885db53b6cf531,LEPR,Pan-UKB,Pan-UKB::continuous|21001|both_sexes||irnt,Body mass index (BMI),PRIMARY,False,True,3,AFR || CSA || MID,3,3,0,1257,1346.0,1362,35,0,True,True,True,True,False,True,False,True,True,GRCh37,body_mass_index,Direct quantitative readout,Direct quantitative readout,B,B,0,1,1,1,Obesity,"AFR,CSA,MID"
gt_61df4e5e9ce876ed,MAPK1,Pan-UKB,Pan-UKB::continuous|21001|both_sexes||irnt,Body mass index (BMI),PRIMARY,False,True,3,AFR || CSA || MID,0,3,0,657,854.0,876,0,0,True,False,False,True,False,True,False,True,False,GRCh37,body_mass_index,Direct quantitative readout,Direct quantitative readout,B,B,0,1,1,1,Obesity,"AFR,CSA,MID"
gt_6925bb9b57369884,MAPK3,Pan-UKB,Pan-UKB::continuous|21001|both_sexes||irnt,Body mass index (BMI),PRIMARY,False,True,3,AFR || CSA || MID,3,3,0,172,197.0,216,111,0,True,True,True,True,False,True,False,True,True,GRCh37,body_mass_index,Direct quantitative readout,Direct quantitative readout,B,B,0,1,1,1,Obesity,"AFR,CSA,MID"
gt_6514a4bcc5411b53,MC1R,Pan-UKB,Pan-UKB::continuous|21001|both_sexes||irnt,Body mass index (BMI),PRIMARY,False,True,3,AFR || CSA || MID,0,3,0,624,780.0,848,0,0,True,False,False,True,False,True,False,True,False,GRCh37,body_mass_index,Direct quantitative readout,Direct quantitative readout,B,B,0,1,1,1,Obesity,"AFR,CSA,MID"
gt_e31188cc7b292717,MC4R,Pan-UKB,Pan-UKB::continuous|21001|both_sexes||irnt,Body mass index (BMI),PRIMARY,False,True,3,AFR || CSA || MID,3,3,0,531,565.0,615,195,0,True,True,True,True,False,True,False,True,True,GRCh37,body_mass_index,Direct quantitative readout,Direct quantitative readout,A,A,1,0,1,1,Obesity,"AFR,CSA,MID"
gt_d14085384e769d40,MTTP,Pan-UKB,Pan-UKB::continuous|21001|both_sexes||irnt,Body mass index (BMI),PRIMARY,False,True,3,AFR || CSA || MID,0,3,0,694,797.0,924,0,0,True,False,False,True,False,True,False,True,False,GRCh37,body_mass_index,Direct quantitative readout,Direct quantitative readout,B,B,0,1,1,1,Obesity,"AFR,CSA,MID"
gt_9e59531911456d7e,NPY,Pan-UKB,Pan-UKB::continuous|21001|both_sexes||irnt,Body mass index (BMI),PRIMARY,False,True,3,AFR || CSA || MID,0,3,0,848,941.0,962,0,0,True,False,False,True,False,True,False,True,False,GRCh37,body_mass_index,Direct quantitative readout,Direct quantitative readout,B,B,0,1,1,1,Obesity,"AFR,CSA,MID"
gt_a0df6f80874b8d26,NPY5R,Pan-UKB,Pan-UKB::continuous|21001|both_sexes||irnt,Body mass index (BMI),PRIMARY,False,True,3,AFR || CSA || MID,0,3,0,481,627.0,641,2,0,True,False,False,True,False,True,False,True,False,GRCh37,body_mass_index,Direct quantitative readout,Direct quantitative readout,B,B,0,1,1,1,Obesity,"AFR,CSA,MID"
gt_1fa305cc7cba8ae9,NR3C1,Pan-UKB,Pan-UKB::continuous|21001|both_sexes||irnt,Body mass index (BMI),PRIMARY,False,True,3,AFR || CSA || MID,0,3,0,584,620.0,654,0,0,True,False,False,True,False,True,False,True,False,GRCh37,body_mass_index,Direct quantitative readout,Direct quantitative readout,B,B,0,1,1,1,Obesity,"AFR,CSA,MID"
gt_9b4c668b144beda2,OPRM1,Pan-UKB,Pan-UKB::continuous|21001|both_sexes||irnt,Body mass index (BMI),PRIMARY,False,True,3,AFR || CSA || MID,3,3,0,1296,1419.0,1496,53,0,True,True,True,True,False,True,False,True,True,GRCh37,body_mass_index,Direct quantitative readout,Direct quantitative readout,B,B,0,1,1,1,Obesity,"AFR,CSA,MID"
gt_7f572da2369e3b76,PPARA,Pan-UKB,Pan-UKB::continuous|21001|both_sexes||irnt,Body mass index (BMI),PRIMARY,False,True,3,AFR || CSA || MID,0,3,0,660,750.0,802,0,0,True,False,False,True,False,True,False,True,False,GRCh37,body_mass_index,Direct quantitative readout,Direct quantitative readout,A,A,1,0,1,1,Obesity,"AFR,CSA,MID"
gt_4129badd0cfdf3a3,PPARD,Pan-UKB,Pan-UKB::continuous|21001|both_sexes||irnt,Body mass index (BMI),PRIMARY,False,True,3,AFR || CSA || MID,3,3,0,519,575.0,687,85,0,True,True,True,True,False,True,False,True,True,GRCh37,body_mass_index,Direct quantitative readout,Direct quantitative readout,B,B,0,1,1,1,Obesity,"AFR,CSA,MID"
gt_00419bc476176825,PPARG,Pan-UKB,Pan-UKB::continuous|21001|both_sexes||irnt,Body mass index (BMI),PRIMARY,False,True,3,AFR || CSA || MID,3,3,0,731,879.0,914,3,0,True,True,True,True,False,True,False,True,True,GRCh37,body_mass_index,Direct quantitative readout,Direct quantitative readout,A,A,1,0,1,1,Obesity,"AFR,CSA,MID"
gt_5d3db36ffbf5ebc1,SLC6A4,Pan-UKB,Pan-UKB::continuous|21001|both_sexes||irnt,Body mass index (BMI),PRIMARY,False,True,3,AFR || CSA || MID,3,3,0,290,341.0,359,5,0,True,True,True,True,False,True,False,True,True,GRCh37,body_mass_index,Direct quantitative readout,Direct quantitative readout,B,B,0,1,1,1,Obesity,"AFR,CSA,MID"
gt_3bedb9eda24a2e46,SREBF1,Pan-UKB,Pan-UKB::continuous|21001|both_sexes||irnt,Body mass index (BMI),PRIMARY,False,True,3,AFR || CSA || MID,0,3,0,230,274.0,285,0,0,True,False,False,True,False,True,False,True,False,GRCh37,body_mass_index,Direct quantitative readout,Direct quantitative readout,B,B,0,1,1,1,Obesity,"AFR,CSA,MID"
gt_86b456c209fcf4df,SREBF2,Pan-UKB,Pan-UKB::continuous|21001|both_sexes||irnt,Body mass index (BMI),PRIMARY,False,True,3,AFR || CSA || MID,0,3,0,533,638.0,648,2,0,True,False,False,True,False,True,False,True,False,GRCh37,body_mass_index,Direct quantitative readout,Direct quantitative readout,B,B,0,1,1,1,Obesity,"AFR,CSA,MID"
gt_94eb695ffab3980d,CASR,Pan-UKB,Pan-UKB::biomarkers|30680|both_sexes||irnt,Calcium,PRIMARY,True,False,1,CSA,1,1,1,919,919.0,919,685,37,False,False,True,False,False,True,True,True,True,GRCh37,calcium,Direct quantitative readout,Direct quantitative readout,A,"A,B",1,1,2,2,Hypercalcemia || Hypocalcemia,CSA
gt_48233b9c2eb59a1f,ABCA1,Pan-UKB,Pan-UKB::biomarkers|30690|both_sexes||irnt,Cholesterol,SENSITIVITY,False,False,1,CSA,1,1,0,1286,1286.0,1286,213,0,False,False,True,False,False,True,False,True,True,GRCh37,total_cholesterol,Direct quantitative readout,Direct quantitative readout,B,B,0,1,1,1,Hyperlipidemias,CSA
gt_c98636246f1eeeb1,ADRB1,Pan-UKB,Pan-UKB::biomarkers|30690|both_sexes||irnt,Cholesterol,SENSITIVITY,False,False,1,CSA,0,1,0,498,498.0,498,0,0,False,False,False,False,False,True,False,True,False,GRCh37,total_cholesterol,Direct quantitative readout,Direct quantitative readout,B,B,0,1,1,1,Hyperlipidemias,CSA
gt_dfad32820104eef9,ADRB2,Pan-UKB,Pan-UKB::biomarkers|30690|both_sexes||irnt,Cholesterol,SENSITIVITY,False,False,1,CSA,0,1,0,571,571.0,571,0,0,False,False,False,False,False,True,False,True,False,GRCh37,total_cholesterol,Direct quantitative readout,Direct quantitative readout,B,B,0,1,1,1,Hyperlipidemias,CSA
gt_901e56afccee7ba0,ANGPTL3,Pan-UKB,Pan-UKB::biomarkers|30690|both_sexes||irnt,Cholesterol,SENSITIVITY,True,False,1,CSA,1,1,0,242,242.0,242,214,0,False,False,True,False,False,True,False,True,True,GRCh37,total_cholesterol,Direct quantitative readout,Direct quantitative readout,A,"A,B",1,3,4,4,Dyslipidemias || Hypercholesterolemia || Hyperlipidemias || Hyperlipoproteinemia Type II,CSA
gt_75c73f4df9d630bb,ANGPTL8,Pan-UKB,Pan-UKB::biomarkers|30690|both_sexes||irnt,Cholesterol,SENSITIVITY,False,False,1,CSA,1,1,0,663,663.0,663,215,0,False,False,True,False,False,True,False,True,True,GRCh37,total_cholesterol,Direct quantitative readout,Direct quantitative readout,B,B,0,1,1,1,Hyperlipidemias,CSA
gt_842d84e72602329f,APOA1,Pan-UKB,Pan-UKB::biomarkers|30690|both_sexes||irnt,Cholesterol,SENSITIVITY,False,False,1,CSA,1,1,0,605,605.0,605,357,0,False,False,True,False,False,True,False,True,True,GRCh37,total_cholesterol,Direct quantitative readout,Direct quantitative readout,B,B,0,3,3,3,Hypercholesterolemia || Hyperlipidemias || Hyperlipoproteinemia Type II,CSA
gt_f155046fff0f537f,APOB,Pan-UKB,Pan-UKB::biomarkers|30690|both_sexes||irnt,Cholesterol,SENSITIVITY,True,False,1,CSA,1,1,0,427,427.0,427,287,0,False,False,True,False,False,True,False,True,True,GRCh37,total_cholesterol,Direct quantitative readout,Direct quantitative readout,A,"A,B",1,2,3,3,Hypercholesterolemia || Hyperlipidemias || Hyperlipoproteinemia Type II,CSA
gt_77d8eec661a05c8a,APOC3,Pan-UKB,Pan-UKB::biomarkers|30690|both_sexes||irnt,Cholesterol,SENSITIVITY,False,False,1,CSA,1,1,0,599,599.0,599,349,0,False,False,True,False,False,True,False,True,True,GRCh37,total_cholesterol,Direct quantitative readout,Direct quantitative readout,B,B,0,3,3,3,Dyslipidemias || Hypercholesterolemia || Hyperlipidemias,CSA
gt_2e2fabfb37d2fd13,APOE,Pan-UKB,Pan-UKB::biomarkers|30690|both_sexes||irnt,Cholesterol,SENSITIVITY,False,False,1,CSA,1,1,1,612,612.0,612,332,5,False,False,True,False,False,True,True,True,True,GRCh37,total_cholesterol,Direct quantitative readout,Direct quantitative readout,B,B,0,1,1,1,Hyperlipoproteinemia Type II,CSA
gt_11d0e900063cba82,CETP,Pan-UKB,Pan-UKB::biomarkers|30690|both_sexes||irnt,Cholesterol,SENSITIVITY,False,False,1,CSA,1,1,0,805,805.0,805,123,0,False,False,True,False,False,True,False,True,True,GRCh37,total_cholesterol,Direct quantitative readout,Direct quantitative readout,B,B,0,3,3,3,Hypercholesterolemia || Hyperlipidemias || Hyperlipoproteinemia Type II,CSA
gt_1b3cc0c3770349a3,DGAT2,Pan-UKB,Pan-UKB::biomarkers|30690|both_sexes||irnt,Cholesterol,SENSITIVITY,False,False,1,CSA,1,1,0,450,450.0,450,158,0,False,False,True,False,False,True,False,True,True,GRCh37,total_cholesterol,Direct quantitative readout,Direct quantitative readout,B,B,0,1,1,1,Hyperlipidemias,CSA
gt_f8d0b486ca5700c2,FDFT1,Pan-UKB,Pan-UKB::biomarkers|30690|both_sexes||irnt,Cholesterol,SENSITIVITY,False,False,1,CSA,0,1,0,1343,1343.0,1343,0,0,False,False,False,False,False,True,False,True,False,GRCh37,total_cholesterol,Direct quantitative readout,Direct quantitative readout,B,B,0,1,1,1,Hyperlipidemias,CSA
gt_e34f0267f225cb41,HCAR2,Pan-UKB,Pan-UKB::biomarkers|30690|both_sexes||irnt,Cholesterol,SENSITIVITY,False,False,1,CSA,0,1,0,425,425.0,425,0,0,False,False,False,False,False,True,False,True,False,GRCh37,total_cholesterol,Direct quantitative readout,Direct quantitative readout,B,B,0,2,2,2,Hypercholesterolemia || Hyperlipidemias,CSA
gt_2b73bfee6ac3018f,HCAR3,Pan-UKB,Pan-UKB::biomarkers|30690|both_sexes||irnt,Cholesterol,SENSITIVITY,False,False,1,CSA,0,1,0,505,505.0,505,0,0,False,False,False,False,False,True,False,True,False,GRCh37,total_cholesterol,Direct quantitative readout,Direct quantitative readout,B,B,0,2,2,2,Hypercholesterolemia || Hyperlipidemias,CSA
gt_0769e67324e03350,HMGCR,Pan-UKB,Pan-UKB::biomarkers|30690|both_sexes||irnt,Cholesterol,SENSITIVITY,False,False,1,CSA,1,1,0,474,474.0,474,381,0,False,False,True,False,False,True,False,True,True,GRCh37,total_cholesterol,Direct quantitative readout,Direct quantitative readout,A,A,3,0,3,3,Dyslipidemias || Hypercholesterolemia || Hyperlipidemias,CSA
gt_5b0a1801dd50c6d3,LPA,Pan-UKB,Pan-UKB::biomarkers|30690|both_sexes||irnt,Cholesterol,SENSITIVITY,False,False,1,CSA,1,1,0,642,642.0,642,241,0,False,False,True,False,False,True,False,True,True,GRCh37,total_cholesterol,Direct quantitative readout,Direct quantitative readout,B,B,0,1,1,1,Hyperlipidemias,CSA
gt_dbc4dcc72156089f,MTTP,Pan-UKB,Pan-UKB::biomarkers|30690|both_sexes||irnt,Cholesterol,SENSITIVITY,False,False,1,CSA,0,1,0,807,807.0,807,0,0,False,False,False,False,False,True,False,True,False,GRCh37,total_cholesterol,Direct quantitative readout,Direct quantitative readout,B,B,0,1,1,1,Hyperlipidemias,CSA
gt_c4fd94d57b8f4d7f,NPC1L1,Pan-UKB,Pan-UKB::biomarkers|30690|both_sexes||irnt,Cholesterol,SENSITIVITY,True,False,1,CSA,1,1,0,492,492.0,492,100,0,False,False,True,False,False,True,False,True,True,GRCh37,total_cholesterol,Direct quantitative readout,Direct quantitative readout,A,"A,B",1,1,2,2,Dyslipidemias || Hyperlipidemias,CSA
gt_7f25d94ab554eb4a,NR1H3,Pan-UKB,Pan-UKB::biomarkers|30690|both_sexes||irnt,Cholesterol,SENSITIVITY,False,False,1,CSA,1,1,0,424,424.0,424,23,0,False,False,True,False,False,True,False,True,True,GRCh37,total_cholesterol,Direct quantitative readout,Direct quantitative readout,B,B,0,1,1,1,Hypercholesterolemia,CSA
gt_3250bccb7378380b,NR1H4,Pan-UKB,Pan-UKB::biomarkers|30690|both_sexes||irnt,Cholesterol,SENSITIVITY,False,False,1,CSA,0,1,0,497,497.0,497,0,0,False,False,False,False,False,True,False,True,False,GRCh37,total_cholesterol,Direct quantitative readout,Direct quantitative readout,B,B,0,2,2,2,Hypercholesterolemia || Hyperlipidemias,CSA
gt_d080bdfc867f9b96,PCSK9,Pan-UKB,Pan-UKB::biomarkers|30690|both_sexes||irnt,Cholesterol,SENSITIVITY,False,False,1,CSA,1,1,0,674,674.0,674,192,0,False,False,True,False,False,True,False,True,True,GRCh37,total_cholesterol,Direct quantitative readout,Direct quantitative readout,A,A,3,0,3,3,Hypercholesterolemia || Hyperlipidemias || Hyperlipoproteinemia Type II,CSA
gt_7bd5897de9b20223,PPARA,Pan-UKB,Pan-UKB::biomarkers|30690|both_sexes||irnt,Cholesterol,SENSITIVITY,True,False,1,CSA,0,1,0,752,752.0,752,0,0,False,False,False,False,False,True,False,True,False,GRCh37,total_cholesterol,Direct quantitative readout,Direct quantitative readout,A,"A,B",3,1,4,4,Dyslipidemias || Hypercholesterolemia || Hyperlipidemias || Hyperlipoproteinemia Type II,CSA
gt_42aa1475c810dd57,PPARG,Pan-UKB,Pan-UKB::biomarkers|30690|both_sexes||irnt,Cholesterol,SENSITIVITY,False,False,1,CSA,1,1,0,879,879.0,879,191,0,False,False,True,False,False,True,False,True,True,GRCh37,total_cholesterol,Direct quantitative readout,Direct quantitative readout,A,A,1,0,1,1,Hyperlipidemias,CSA
gt_75c041c5d0b7a2d3,SLC10A2,Pan-UKB,Pan-UKB::biomarkers|30690|both_sexes||irnt,Cholesterol,SENSITIVITY,False,False,1,CSA,0,1,0,616,616.0,616,0,0,False,False,False,False,False,True,False,True,False,GRCh37,total_cholesterol,Direct quantitative readout,Direct quantitative readout,B,B,0,2,2,2,Hypercholesterolemia || Hyperlipidemias,CSA
gt_dd7b39061603b8b0,THRB,Pan-UKB,Pan-UKB::biomarkers|30690|both_sexes||irnt,Cholesterol,SENSITIVITY,False,False,1,CSA,0,1,0,1576,1576.0,1576,0,0,False,False,False,False,False,True,False,True,False,GRCh37,total_cholesterol,Direct quantitative readout,Direct quantitative readout,B,B,0,2,2,2,Hypercholesterolemia || Hyperlipoproteinemia Type II,CSA
gt_3e7953949fc0c721,ALDH2,Pan-UKB,Pan-UKB::biomarkers|30700|both_sexes||irnt,Creatinine,SENSITIVITY,False,False,2,CSA || MID,2,2,0,304,309.0,314,10,0,False,False,True,False,False,True,False,True,True,GRCh37,serum_creatinine,Proxy biomarker,Proxy biomarker,B,B,0,1,1,1,Renal Insufficiency,"CSA,MID"
gt_325033a32bbc2883,APOL1,Pan-UKB,Pan-UKB::biomarkers|30700|both_sexes||irnt,Creatinine,SENSITIVITY,False,False,2,CSA || MID,2,2,0,773,793.5,814,10,0,False,False,True,False,False,True,False,True,True,GRCh37,serum_creatinine,Proxy biomarker,Proxy biomarker,B,B,0,2,2,2,"Glomerulosclerosis, Focal Segmental || Renal Insufficiency","CSA,MID"
gt_b49594ef46ff78ee,AXL,Pan-UKB,Pan-UKB::biomarkers|30700|both_sexes||irnt,Creatinine,SENSITIVITY,False,False,2,CSA || MID,0,2,0,642,648.0,654,0,0,False,False,False,False,False,True,False,True,False,GRCh37,serum_creatinine,Proxy biomarker,Proxy biomarker,B,B,0,1,1,1,"Glomerulonephritis, IGA","CSA,MID"
gt_22feb333ba387f56,GLP1R,Pan-UKB,Pan-UKB::biomarkers|30700|both_sexes||irnt,Creatinine,SENSITIVITY,False,False,2,CSA || MID,2,2,0,798,813.0,828,30,0,False,False,True,False,False,True,False,True,True,GRCh37,serum_creatinine,Proxy biomarker,Proxy biomarker,B,B,0,1,1,1,Renal Insufficiency,"CSA,MID"
gt_9da327b0c3bc5136,KCNJ1,Pan-UKB,Pan-UKB::biomarkers|30700|both_sexes||irnt,Creatinine,SENSITIVITY,False,False,2,CSA || MID,2,2,0,785,794.5,804,34,0,False,False,True,False,False,True,False,True,True,GRCh37,serum_creatinine,Proxy biomarker,Proxy biomarker,B,B,0,1,1,1,Renal Insufficiency,"CSA,MID"
gt_928455e475f5f661,NFE2L2,Pan-UKB,Pan-UKB::biomarkers|30700|both_sexes||irnt,Creatinine,SENSITIVITY,False,False,2,CSA || MID,2,2,0,638,649.0,660,58,0,False,False,True,False,False,True,False,True,True,GRCh37,serum_creatinine,Proxy biomarker,Proxy biomarker,B,B,0,1,1,1,Renal Insufficiency,"CSA,MID"
gt_304e050b3ab30a01,NFKB1,Pan-UKB,Pan-UKB::biomarkers|30700|both_sexes||irnt,Creatinine,SENSITIVITY,False,False,2,CSA || MID,2,2,0,652,683.5,715,181,0,False,False,True,False,False,True,False,True,True,GRCh37,serum_creatinine,Proxy biomarker,Proxy biomarker,B,B,0,1,1,1,"Glomerulosclerosis, Focal Segmental","CSA,MID"
gt_a75009f66717b029,NOX4,Pan-UKB,Pan-UKB::biomarkers|30700|both_sexes||irnt,Creatinine,SENSITIVITY,False,False,2,CSA || MID,0,2,0,1216,1244.5,1273,0,0,False,False,False,False,False,True,False,True,False,GRCh37,serum_creatinine,Proxy biomarker,Proxy biomarker,B,B,0,1,1,1,Diabetic Nephropathies,"CSA,MID"
gt_0e5609fe04f54e81,TGFB1,Pan-UKB,Pan-UKB::biomarkers|30700|both_sexes||irnt,Creatinine,SENSITIVITY,False,False,2,CSA || MID,0,2,0,509,515.5,522,0,0,False,False,False,False,False,True,False,True,False,GRCh37,serum_creatinine,Proxy biomarker,Proxy biomarker,B,B,0,1,1,1,"Glomerulosclerosis, Focal Segmental","CSA,MID"
gt_b7e33f1646515e6a,TNFSF13,Pan-UKB,Pan-UKB::biomarkers|30700|both_sexes||irnt,Creatinine,SENSITIVITY,False,False,2,CSA || MID,0,2,0,596,611.0,626,0,0,False,False,False,False,False,True,False,True,False,GRCh37,serum_creatinine,Proxy biomarker,Proxy biomarker,B,B,0,1,1,1,"Glomerulonephritis, IGA","CSA,MID"
gt_b8825d29f00de363,ALDH2,Pan-UKB,Pan-UKB::biomarkers|30720|both_sexes||irnt,Cystatin C,SENSITIVITY,False,False,2,CSA || MID,2,2,0,304,307.5,311,239,0,False,False,True,False,False,True,False,True,True,GRCh37,cystatin_c,Proxy biomarker,Proxy biomarker,B,B,0,1,1,1,Renal Insufficiency,"CSA,MID"
gt_f44b838abb593b40,APOL1,Pan-UKB,Pan-UKB::biomarkers|30720|both_sexes||irnt,Cystatin C,SENSITIVITY,False,False,2,CSA || MID,0,2,0,773,793.5,814,0,0,False,False,False,False,False,True,False,True,False,GRCh37,cystatin_c,Proxy biomarker,Proxy biomarker,B,B,0,2,2,2,"Glomerulosclerosis, Focal Segmental || Renal Insufficiency","CSA,MID"
gt_6b7062b71b8804b2,AXL,Pan-UKB,Pan-UKB::biomarkers|30720|both_sexes||irnt,Cystatin C,SENSITIVITY,False,False,2,CSA || MID,0,2,0,642,647.5,653,0,0,False,False,False,False,False,True,False,True,False,GRCh37,cystatin_c,Proxy biomarker,Proxy biomarker,B,B,0,1,1,1,"Glomerulonephritis, IGA","CSA,MID"
gt_15f0931f643db407,GLP1R,Pan-UKB,Pan-UKB::biomarkers|30720|both_sexes||irnt,Cystatin C,SENSITIVITY,False,False,2,CSA || MID,2,2,0,798,813.0,828,29,0,False,False,True,False,False,True,False,True,True,GRCh37,cystatin_c,Proxy biomarker,Proxy biomarker,B,B,0,1,1,1,Renal Insufficiency,"CSA,MID"
gt_79589bc1696ec35d,KCNJ1,Pan-UKB,Pan-UKB::biomarkers|30720|both_sexes||irnt,Cystatin C,SENSITIVITY,False,False,2,CSA || MID,0,2,0,785,794.5,804,1,0,False,False,False,False,False,True,False,True,False,GRCh37,cystatin_c,Proxy biomarker,Proxy biomarker,B,B,0,1,1,1,Renal Insufficiency,"CSA,MID"
gt_08923c27f7914e93,NFE2L2,Pan-UKB,Pan-UKB::biomarkers|30720|both_sexes||irnt,Cystatin C,SENSITIVITY,False,False,2,CSA || MID,0,2,0,638,649.0,660,0,0,False,False,False,False,False,True,False,True,False,GRCh37,cystatin_c,Proxy biomarker,Proxy biomarker,B,B,0,1,1,1,Renal Insufficiency,"CSA,MID"
gt_08361c84d47be2b6,NFKB1,Pan-UKB,Pan-UKB::biomarkers|30720|both_sexes||irnt,Cystatin C,SENSITIVITY,False,False,2,CSA || MID,2,2,0,652,683.5,715,193,0,False,False,True,False,False,True,False,True,True,GRCh37,cystatin_c,Proxy biomarker,Proxy biomarker,B,B,0,1,1,1,"Glomerulosclerosis, Focal Segmental","CSA,MID"
gt_81f076e7673f616f,NOX4,Pan-UKB,Pan-UKB::biomarkers|30720|both_sexes||irnt,Cystatin C,SENSITIVITY,False,False,2,CSA || MID,0,2,0,1216,1244.5,1273,0,0,False,False,False,False,False,True,False,True,False,GRCh37,cystatin_c,Proxy biomarker,Proxy biomarker,B,B,0,1,1,1,Diabetic Nephropathies,"CSA,MID"
gt_b4759703808d205c,TGFB1,Pan-UKB,Pan-UKB::biomarkers|30720|both_sexes||irnt,Cystatin C,SENSITIVITY,False,False,2,CSA || MID,0,2,0,509,514.5,520,0,0,False,False,False,False,False,True,False,True,False,GRCh37,cystatin_c,Proxy biomarker,Proxy biomarker,B,B,0,1,1,1,"Glomerulosclerosis, Focal Segmental","CSA,MID"
gt_f7ef35f18ecb6a41,TNFSF13,Pan-UKB,Pan-UKB::biomarkers|30720|both_sexes||irnt,Cystatin C,SENSITIVITY,False,False,2,CSA || MID,2,2,0,596,611.0,626,175,0,False,False,True,False,False,True,False,True,True,GRCh37,cystatin_c,Proxy biomarker,Proxy biomarker,B,B,0,1,1,1,"Glomerulonephritis, IGA","CSA,MID"
gt_629a16ff96b0488e,ACE,Pan-UKB,Pan-UKB::continuous|4079|both_sexes||irnt,"Diastolic blood pressure, automated reading",SENSITIVITY,False,False,1,CSA,0,1,0,296,296.0,296,0,0,False,False,False,False,False,True,False,True,False,GRCh37,diastolic_blood_pressure,Direct quantitative readout,Direct quantitative readout,A,A,1,0,1,1,Hypertension,CSA
gt_bdf86b1be3705ee2,ADRA1A,Pan-UKB,Pan-UKB::continuous|4079|both_sexes||irnt,"Diastolic blood pressure, automated reading",SENSITIVITY,False,False,1,CSA,0,1,0,1414,1414.0,1414,0,0,False,False,False,False,False,True,False,True,False,GRCh37,diastolic_blood_pressure,Direct quantitative readout,Direct quantitative readout,B,B,0,1,1,1,Hypertension,CSA
gt_ca860418aa6f2049,ADRA2B,Pan-UKB,Pan-UKB::continuous|4079|both_sexes||irnt,"Diastolic blood pressure, automated reading",SENSITIVITY,False,False,1,CSA,1,1,0,192,192.0,192,68,0,False,False,True,False,False,True,False,True,True,GRCh37,diastolic_blood_pressure,Direct quantitative readout,Direct quantitative readout,A,A,1,0,1,1,Hypertension,CSA
gt_78c675e0c6b2123a,ADRA2C,Pan-UKB,Pan-UKB::continuous|4079|both_sexes||irnt,"Diastolic blood pressure, automated reading",SENSITIVITY,False,False,1,CSA,0,1,0,835,835.0,835,0,0,False,False,False,False,False,True,False,True,False,GRCh37,diastolic_blood_pressure,Direct quantitative readout,Direct quantitative readout,A,A,1,0,1,1,Hypertension,CSA
gt_64d260049b72399e,ADRB1,Pan-UKB,Pan-UKB::continuous|4079|both_sexes||irnt,"Diastolic blood pressure, automated reading",SENSITIVITY,False,False,1,CSA,1,1,0,494,494.0,494,80,0,False,False,True,False,False,True,False,True,True,GRCh37,diastolic_blood_pressure,Direct quantitative readout,Direct quantitative readout,A,A,1,0,1,1,Hypertension,CSA
gt_3968036e95be378a,ADRB2,Pan-UKB,Pan-UKB::continuous|4079|both_sexes||irnt,"Diastolic blood pressure, automated reading",SENSITIVITY,False,False,1,CSA,0,1,0,571,571.0,571,0,0,False,False,False,False,False,True,False,True,False,GRCh37,diastolic_blood_pressure,Direct quantitative readout,Direct quantitative readout,A,A,1,0,1,1,Hypertension,CSA
gt_91653389a708ea02,AGT,Pan-UKB,Pan-UKB::continuous|4079|both_sexes||irnt,"Diastolic blood pressure, automated reading",SENSITIVITY,False,False,1,CSA,1,1,0,849,849.0,849,78,0,False,False,True,False,False,True,False,True,True,GRCh37,diastolic_blood_pressure,Direct quantitative readout,Direct quantitative readout,A,A,1,0,1,1,Hypertension,CSA
gt_d00fe93361a2e4f3,CACNA1C,Pan-UKB,Pan-UKB::continuous|4079|both_sexes||irnt,"Diastolic blood pressure, automated reading",SENSITIVITY,False,False,1,CSA,1,1,0,2510,2510.0,2510,29,0,False,False,True,False,False,True,False,True,True,GRCh37,diastolic_blood_pressure,Direct quantitative readout,Direct quantitative readout,A,A,1,0,1,1,Hypertension,CSA
gt_4ef6440060024516,CHRNB4,Pan-UKB,Pan-UKB::continuous|4079|both_sexes||irnt,"Diastolic blood pressure, automated reading",SENSITIVITY,False,False,1,CSA,1,1,0,937,937.0,937,227,0,False,False,True,False,False,True,False,True,True,GRCh37,diastolic_blood_pressure,Direct quantitative readout,Direct quantitative readout,B,B,0,1,1,1,Hypertension,CSA
gt_a3952d3997113985,CYP11B1,Pan-UKB,Pan-UKB::continuous|4079|both_sexes||irnt,"Diastolic blood pressure, automated reading",SENSITIVITY,False,False,1,CSA,1,1,0,923,923.0,923,18,0,False,False,True,False,False,True,False,True,True,GRCh37,diastolic_blood_pressure,Direct quantitative readout,Direct quantitative readout,B,B,0,1,1,1,Hypertension,CSA
gt_debf2c8fb659fb36,CYP11B2,Pan-UKB,Pan-UKB::continuous|4079|both_sexes||irnt,"Diastolic blood pressure, automated reading",SENSITIVITY,False,False,1,CSA,1,1,0,874,874.0,874,19,0,False,False,True,False,False,True,False,True,True,GRCh37,diastolic_blood_pressure,Direct quantitative readout,Direct quantitative readout,B,B,0,1,1,1,Hypertension,CSA
gt_94450f63b774eba3,EDNRA,Pan-UKB,Pan-UKB::continuous|4079|both_sexes||irnt,"Diastolic blood pressure, automated reading",SENSITIVITY,False,False,1,CSA,0,1,0,695,695.0,695,0,0,False,False,False,False,False,True,False,True,False,GRCh37,diastolic_blood_pressure,Direct quantitative readout,Direct quantitative readout,B,B,0,1,1,1,Hypertension,CSA
gt_03d77cf9c47d0d51,MME,Pan-UKB,Pan-UKB::continuous|4079|both_sexes||irnt,"Diastolic blood pressure, automated reading",SENSITIVITY,False,False,1,CSA,0,1,0,828,828.0,828,0,0,False,False,False,False,False,True,False,True,False,GRCh37,diastolic_blood_pressure,Direct quantitative readout,Direct quantitative readout,B,B,0,1,1,1,Hypertension,CSA
gt_c213469ce64521e3,NPR1,Pan-UKB,Pan-UKB::continuous|4079|both_sexes||irnt,"Diastolic blood pressure, automated reading",SENSITIVITY,False,False,1,CSA,0,1,0,351,351.0,351,0,0,False,False,False,False,False,True,False,True,False,GRCh37,diastolic_blood_pressure,Direct quantitative readout,Direct quantitative readout,B,B,0,1,1,1,Hypertension,CSA
gt_17d819fc7e3439da,OPRL1,Pan-UKB,Pan-UKB::continuous|4079|both_sexes||irnt,"Diastolic blood pressure, automated reading",SENSITIVITY,False,False,1,CSA,1,1,0,481,481.0,481,32,0,False,False,True,False,False,True,False,True,True,GRCh37,diastolic_blood_pressure,Direct quantitative readout,Direct quantitative readout,B,B,0,1,1,1,Hypertension,CSA
gt_02ee4f471df88a8e,PDE5A,Pan-UKB,Pan-UKB::continuous|4079|both_sexes||irnt,"Diastolic blood pressure, automated reading",SENSITIVITY,False,False,1,CSA,1,1,0,1163,1163.0,1163,48,0,False,False,True,False,False,True,False,True,True,GRCh37,diastolic_blood_pressure,Direct quantitative readout,Direct quantitative readout,B,B,0,1,1,1,Hypertension,CSA
gt_1b545e8df9ae76d3,REN,Pan-UKB,Pan-UKB::continuous|4079|both_sexes||irnt,"Diastolic blood pressure, automated reading",SENSITIVITY,False,False,1,CSA,0,1,0,559,559.0,559,0,0,False,False,False,False,False,True,False,True,False,GRCh37,diastolic_blood_pressure,Direct quantitative readout,Direct quantitative readout,A,A,1,0,1,1,Hypertension,CSA
gt_376e244fe5e8026e,SLC12A2,Pan-UKB,Pan-UKB::continuous|4079|both_sexes||irnt,"Diastolic blood pressure, automated reading",SENSITIVITY,False,False,1,CSA,0,1,0,452,452.0,452,0,0,False,False,False,False,False,True,False,True,False,GRCh37,diastolic_blood_pressure,Direct quantitative readout,Direct quantitative readout,B,B,0,1,1,1,Hypertension,CSA
gt_2ee3381ab44e0920,VDR,Pan-UKB,Pan-UKB::continuous|4079|both_sexes||irnt,"Diastolic blood pressure, automated reading",SENSITIVITY,False,False,1,CSA,1,1,0,911,911.0,911,12,0,False,False,True,False,False,True,False,True,True,GRCh37,diastolic_blood_pressure,Direct quantitative readout,Direct quantitative readout,B,B,0,1,1,1,Hypertension,CSA
gt_789423e76503228b,ADAMTS4,Pan-UKB,Pan-UKB::continuous|30150|both_sexes||irnt,Eosinophill count,SENSITIVITY,False,False,1,CSA,1,1,0,461,461.0,461,17,0,False,False,True,False,False,True,False,True,True,GRCh37,eosinophil_count,Proxy biomarker,Proxy biomarker,B,B,0,1,1,1,"Rhinitis, Allergic",CSA
gt_f4dfe1f1acd9db8b,ADORA1,Pan-UKB,Pan-UKB::continuous|30150|both_sexes||irnt,Eosinophill count,SENSITIVITY,False,False,1,CSA,0,1,0,713,713.0,713,0,0,False,False,False,False,False,True,False,True,False,GRCh37,eosinophil_count,Proxy biomarker,Proxy biomarker,B,B,0,1,1,1,Asthma,CSA
gt_130424f34f5bb175,ADORA2B,Pan-UKB,Pan-UKB::continuous|30150|both_sexes||irnt,Eosinophill count,SENSITIVITY,False,False,1,CSA,0,1,0,412,412.0,412,0,0,False,False,False,False,False,True,False,True,False,GRCh37,eosinophil_count,Proxy biomarker,Proxy biomarker,B,B,0,1,1,1,Asthma,CSA
gt_223416cb2c561aa7,ADRB2,Pan-UKB,Pan-UKB::continuous|30150|both_sexes||irnt,Eosinophill count,SENSITIVITY,False,False,1,CSA,1,1,0,571,571.0,571,53,0,False,False,True,False,False,True,False,True,True,GRCh37,eosinophil_count,Proxy biomarker,Proxy biomarker,A,A,1,0,1,1,Asthma,CSA
gt_dd18083854e1c995,CCR4,Pan-UKB,Pan-UKB::continuous|30150|both_sexes||irnt,Eosinophill count,SENSITIVITY,False,False,1,CSA,1,1,0,548,548.0,548,104,0,False,False,True,False,False,True,False,True,True,GRCh37,eosinophil_count,Proxy biomarker,Proxy biomarker,B,B,0,2,2,2,"Dermatitis, Atopic || Rhinitis, Allergic",CSA
gt_36f98e6136a1b48a,CD200R1,Pan-UKB,Pan-UKB::continuous|30150|both_sexes||irnt,Eosinophill count,SENSITIVITY,False,False,1,CSA,1,1,0,808,808.0,808,211,0,False,False,True,False,False,True,False,True,True,GRCh37,eosinophil_count,Proxy biomarker,Proxy biomarker,B,B,0,1,1,1,"Dermatitis, Atopic",CSA
gt_98c8e276ad7437cd,CHRM3,Pan-UKB,Pan-UKB::continuous|30150|both_sexes||irnt,Eosinophill count,SENSITIVITY,True,False,1,CSA,0,1,0,2099,2099.0,2099,0,0,False,False,False,False,False,True,False,True,False,GRCh37,eosinophil_count,Proxy biomarker,Proxy biomarker,A,"A,B",1,1,2,2,"Asthma || Rhinitis, Allergic",CSA
gt_7ee3b9713ae4766a,CSF2,Pan-UKB,Pan-UKB::continuous|30150|both_sexes||irnt,Eosinophill count,SENSITIVITY,False,False,1,CSA,1,1,0,365,365.0,365,253,0,False,False,True,False,False,True,False,True,True,GRCh37,eosinophil_count,Proxy biomarker,Proxy biomarker,B,B,0,1,1,1,Asthma,CSA
gt_73b858e87bdad0ab,FGFR3,Pan-UKB,Pan-UKB::continuous|30150|both_sexes||irnt,Eosinophill count,SENSITIVITY,False,False,1,CSA,0,1,0,465,465.0,465,0,0,False,False,False,False,False,True,False,True,False,GRCh37,eosinophil_count,Proxy biomarker,Proxy biomarker,B,B,0,1,1,1,Asthma,CSA
gt_7d630716c81b47c7,GATA3,Pan-UKB,Pan-UKB::continuous|30150|both_sexes||irnt,Eosinophill count,SENSITIVITY,False,False,1,CSA,1,1,0,839,839.0,839,58,0,False,False,True,False,False,True,False,True,True,GRCh37,eosinophil_count,Proxy biomarker,Proxy biomarker,B,B,0,2,2,2,"Asthma || Dermatitis, Atopic",CSA
gt_fe09ffb658631c13,HRH4,Pan-UKB,Pan-UKB::continuous|30150|both_sexes||irnt,Eosinophill count,SENSITIVITY,False,False,1,CSA,0,1,0,711,711.0,711,0,0,False,False,False,False,False,True,False,True,False,GRCh37,eosinophil_count,Proxy biomarker,Proxy biomarker,B,B,0,2,2,2,"Asthma || Rhinitis, Allergic",CSA
gt_9ef8bed2b6aa5f66,IL13,Pan-UKB,Pan-UKB::continuous|30150|both_sexes||irnt,Eosinophill count,SENSITIVITY,True,False,1,CSA,1,1,1,308,308.0,308,155,1,False,False,True,False,False,True,True,True,True,GRCh37,eosinophil_count,Proxy biomarker,Proxy biomarker,A,"A,B",1,2,3,3,"Asthma || Dermatitis, Atopic || Rhinitis, Allergic, Seasonal",CSA
gt_82ec9db2d44db292,IL17RB,Pan-UKB,Pan-UKB::continuous|30150|both_sexes||irnt,Eosinophill count,SENSITIVITY,False,False,1,CSA,0,1,0,561,561.0,561,0,0,False,False,False,False,False,True,False,True,False,GRCh37,eosinophil_count,Proxy biomarker,Proxy biomarker,B,B,0,1,1,1,Asthma,CSA
gt_e8365a8543bc86e5,IL1RL1,Pan-UKB,Pan-UKB::continuous|30150|both_sexes||irnt,Eosinophill count,SENSITIVITY,False,False,1,CSA,1,1,0,815,815.0,815,603,0,False,False,True,False,False,True,False,True,True,GRCh37,eosinophil_count,Proxy biomarker,Proxy biomarker,B,B,0,2,2,2,"Asthma || Dermatitis, Atopic",CSA
gt_3b7ad0c4881d6132,IL2RA,Pan-UKB,Pan-UKB::continuous|30150|both_sexes||irnt,Eosinophill count,SENSITIVITY,False,False,1,CSA,1,1,0,1029,1029.0,1029,120,0,False,False,True,False,False,True,False,True,True,GRCh37,eosinophil_count,Proxy biomarker,Proxy biomarker,B,B,0,1,1,1,"Dermatitis, Atopic",CSA
gt_afccfe95344ecc86,IL3,Pan-UKB,Pan-UKB::continuous|30150|both_sexes||irnt,Eosinophill count,SENSITIVITY,False,False,1,CSA,1,1,0,353,353.0,353,242,0,False,False,True,False,False,True,False,True,True,GRCh37,eosinophil_count,Proxy biomarker,Proxy biomarker,B,B,0,1,1,1,Asthma,CSA
gt_5eb37492fa4b017f,IL33,Pan-UKB,Pan-UKB::continuous|30150|both_sexes||irnt,Eosinophill count,SENSITIVITY,False,False,1,CSA,1,1,0,683,683.0,683,355,0,False,False,True,False,False,True,False,True,True,GRCh37,eosinophil_count,Proxy biomarker,Proxy biomarker,B,B,0,4,4,4,"Asthma || Dermatitis, Atopic || Rhinitis, Allergic || Rhinitis, Allergic, Seasonal",CSA
gt_71a1f98792f51649,IL4R,Pan-UKB,Pan-UKB::continuous|30150|both_sexes||irnt,Eosinophill count,SENSITIVITY,True,False,1,CSA,1,1,0,595,595.0,595,222,0,False,False,True,False,False,True,False,True,True,GRCh37,eosinophil_count,Proxy biomarker,Proxy biomarker,A,"A,B",2,1,3,3,"Asthma || Dermatitis, Atopic || Rhinitis, Allergic",CSA
gt_8afc4516c7c6fc93,IL5,Pan-UKB,Pan-UKB::continuous|30150|both_sexes||irnt,Eosinophill count,SENSITIVITY,False,False,1,CSA,1,1,1,411,411.0,411,347,1,False,False,True,False,False,True,True,True,True,GRCh37,eosinophil_count,Proxy biomarker,Proxy biomarker,B,B,0,1,1,1,Asthma,CSA
gt_bcc3afe4dbdbc212,IL6,Pan-UKB,Pan-UKB::continuous|30150|both_sexes||irnt,Eosinophill count,SENSITIVITY,False,False,1,CSA,1,1,0,765,765.0,765,164,0,False,False,True,False,False,True,False,True,True,GRCh37,eosinophil_count,Proxy biomarker,Proxy biomarker,B,B,0,1,1,1,Asthma,CSA
gt_dadb7ceeabdc9773,INPP5D,Pan-UKB,Pan-UKB::continuous|30150|both_sexes||irnt,Eosinophill count,SENSITIVITY,False,False,1,CSA,1,1,0,1239,1239.0,1239,176,0,False,False,True,False,False,True,False,True,True,GRCh37,eosinophil_count,Proxy biomarker,Proxy biomarker,B,B,0,1,1,1,"Dermatitis, Atopic",CSA
gt_8805f6b96b374c75,ITGB7,Pan-UKB,Pan-UKB::continuous|30150|both_sexes||irnt,Eosinophill count,SENSITIVITY,False,False,1,CSA,0,1,0,460,460.0,460,0,0,False,False,False,False,False,True,False,True,False,GRCh37,eosinophil_count,Proxy biomarker,Proxy biomarker,B,B,0,1,1,1,Asthma,CSA
gt_bbc6733dac188dc0,KIT,Pan-UKB,Pan-UKB::continuous|30150|both_sexes||irnt,Eosinophill count,SENSITIVITY,False,False,1,CSA,1,1,0,785,785.0,785,77,0,False,False,True,False,False,True,False,True,True,GRCh37,eosinophil_count,Proxy biomarker,Proxy biomarker,B,B,0,1,1,1,Asthma,CSA
gt_709ce05cb4e068a8,MMP12,Pan-UKB,Pan-UKB::continuous|30150|both_sexes||irnt,Eosinophill count,SENSITIVITY,False,False,1,CSA,0,1,0,601,601.0,601,0,0,False,False,False,False,False,True,False,True,False,GRCh37,eosinophil_count,Proxy biomarker,Proxy biomarker,B,B,0,1,1,1,Asthma,CSA
gt_2cdeedd0ea0be7bb,NFKB1,Pan-UKB,Pan-UKB::continuous|30150|both_sexes||irnt,Eosinophill count,SENSITIVITY,False,False,1,CSA,0,1,0,652,652.0,652,0,0,False,False,False,False,False,True,False,True,False,GRCh37,eosinophil_count,Proxy biomarker,Proxy biomarker,B,B,0,2,2,2,"Asthma || Dermatitis, Atopic",CSA
gt_3cb4f26d277eeed1,NR3C1,Pan-UKB,Pan-UKB::continuous|30150|both_sexes||irnt,Eosinophill count,SENSITIVITY,True,False,1,CSA,1,1,0,621,621.0,621,11,0,False,False,True,False,False,True,False,True,True,GRCh37,eosinophil_count,Proxy biomarker,Proxy biomarker,A,"A,B",1,1,2,2,"Asthma || Rhinitis, Allergic",CSA
gt_c224aad859abb156,P2RY2,Pan-UKB,Pan-UKB::continuous|30150|both_sexes||irnt,Eosinophill count,SENSITIVITY,False,False,1,CSA,0,1,0,402,402.0,402,0,0,False,False,False,False,False,True,False,True,False,GRCh37,eosinophil_count,Proxy biomarker,Proxy biomarker,B,B,0,1,1,1,Asthma,CSA
gt_155a98bdfae6de5e,PDE3A,Pan-UKB,Pan-UKB::continuous|30150|both_sexes||irnt,Eosinophill count,SENSITIVITY,False,False,1,CSA,0,1,0,1839,1839.0,1839,0,0,False,False,False,False,False,True,False,True,False,GRCh37,eosinophil_count,Proxy biomarker,Proxy biomarker,B,B,0,1,1,1,Asthma,CSA
gt_6ffc43d8ccc9627c,PDE4B,Pan-UKB,Pan-UKB::continuous|30150|both_sexes||irnt,Eosinophill count,SENSITIVITY,False,False,1,CSA,0,1,0,1920,1920.0,1920,0,0,False,False,False,False,False,True,False,True,False,GRCh37,eosinophil_count,Proxy biomarker,Proxy biomarker,B,B,0,1,1,1,Asthma,CSA
gt_e0a3b9e35aef01f9,PDE4D,Pan-UKB,Pan-UKB::continuous|30150|both_sexes||irnt,Eosinophill count,SENSITIVITY,False,False,1,CSA,0,1,0,4376,4376.0,4376,0,0,False,False,False,False,False,True,False,True,False,GRCh37,eosinophil_count,Proxy biomarker,Proxy biomarker,B,B,0,2,2,2,"Asthma || Rhinitis, Allergic",CSA
gt_9460eacf6b5cec6c,TNFSF15,Pan-UKB,Pan-UKB::continuous|30150|both_sexes||irnt,Eosinophill count,SENSITIVITY,False,False,1,CSA,1,1,0,472,472.0,472,52,0,False,False,True,False,False,True,False,True,True,GRCh37,eosinophil_count,Proxy biomarker,Proxy biomarker,B,B,0,1,1,1,Asthma,CSA
gt_0d8fbcfc9b467ae1,TNFSF4,Pan-UKB,Pan-UKB::continuous|30150|both_sexes||irnt,Eosinophill count,SENSITIVITY,False,False,1,CSA,1,1,0,492,492.0,492,63,0,False,False,True,False,False,True,False,True,True,GRCh37,eosinophil_count,Proxy biomarker,Proxy biomarker,B,B,0,3,3,3,"Asthma || Dermatitis, Atopic || Rhinitis, Allergic",CSA
gt_68a29f695b22e937,TSLP,Pan-UKB,Pan-UKB::continuous|30150|both_sexes||irnt,Eosinophill count,SENSITIVITY,True,False,1,CSA,1,1,0,503,503.0,503,221,0,False,False,True,False,False,True,False,True,True,GRCh37,eosinophil_count,Proxy biomarker,Proxy biomarker,A,"A,B",1,1,2,2,"Asthma || Dermatitis, Atopic",CSA
gt_8eb26b68c77fb2cf,TYK2,Pan-UKB,Pan-UKB::continuous|30150|both_sexes||irnt,Eosinophill count,SENSITIVITY,False,False,1,CSA,0,1,0,554,554.0,554,0,0,False,False,False,False,False,True,False,True,False,GRCh37,eosinophil_count,Proxy biomarker,Proxy biomarker,B,B,0,1,1,1,Asthma,CSA
gt_49592188ab978b80,ALDH2,Pan-UKB,Pan-UKB::continuous|eGFRcreacys|both_sexes||irnt,"Estimated glomerular filtration rate, cystain C",SENSITIVITY,False,False,1,CSA,1,1,0,304,304.0,304,226,0,False,False,True,False,False,True,False,True,True,GRCh37,egfr_cystatin_c,Proxy biomarker,Proxy biomarker,B,B,0,1,1,1,Renal Insufficiency,CSA
gt_37e472a0f64504bd,APOL1,Pan-UKB,Pan-UKB::continuous|eGFRcreacys|both_sexes||irnt,"Estimated glomerular filtration rate, cystain C",SENSITIVITY,False,False,1,CSA,1,1,0,773,773.0,773,10,0,False,False,True,False,False,True,False,True,True,GRCh37,egfr_cystatin_c,Proxy biomarker,Proxy biomarker,B,B,0,2,2,2,"Glomerulosclerosis, Focal Segmental || Renal Insufficiency",CSA
gt_899bad0c2759607f,AXL,Pan-UKB,Pan-UKB::continuous|eGFRcreacys|both_sexes||irnt,"Estimated glomerular filtration rate, cystain C",SENSITIVITY,False,False,1,CSA,0,1,0,642,642.0,642,0,0,False,False,False,False,False,True,False,True,False,GRCh37,egfr_cystatin_c,Proxy biomarker,Proxy biomarker,B,B,0,1,1,1,"Glomerulonephritis, IGA",CSA
gt_9e8f8486a39d8061,GLP1R,Pan-UKB,Pan-UKB::continuous|eGFRcreacys|both_sexes||irnt,"Estimated glomerular filtration rate, cystain C",SENSITIVITY,False,False,1,CSA,1,1,0,798,798.0,798,32,0,False,False,True,False,False,True,False,True,True,GRCh37,egfr_cystatin_c,Proxy biomarker,Proxy biomarker,B,B,0,1,1,1,Renal Insufficiency,CSA
gt_cb1935f132a80e7e,KCNJ1,Pan-UKB,Pan-UKB::continuous|eGFRcreacys|both_sexes||irnt,"Estimated glomerular filtration rate, cystain C",SENSITIVITY,False,False,1,CSA,1,1,0,784,784.0,784,72,0,False,False,True,False,False,True,False,True,True,GRCh37,egfr_cystatin_c,Proxy biomarker,Proxy biomarker,B,B,0,1,1,1,Renal Insufficiency,CSA
gt_1c7d432c69e1619f,NFE2L2,Pan-UKB,Pan-UKB::continuous|eGFRcreacys|both_sexes||irnt,"Estimated glomerular filtration rate, cystain C",SENSITIVITY,False,False,1,CSA,1,1,0,638,638.0,638,54,0,False,False,True,False,False,True,False,True,True,GRCh37,egfr_cystatin_c,Proxy biomarker,Proxy biomarker,B,B,0,1,1,1,Renal Insufficiency,CSA
gt_f158807cbd1ff8b0,NFKB1,Pan-UKB,Pan-UKB::continuous|eGFRcreacys|both_sexes||irnt,"Estimated glomerular filtration rate, cystain C",SENSITIVITY,False,False,1,CSA,1,1,0,652,652.0,652,224,0,False,False,True,False,False,True,False,True,True,GRCh37,egfr_cystatin_c,Proxy biomarker,Proxy biomarker,B,B,0,1,1,1,"Glomerulosclerosis, Focal Segmental",CSA
gt_611ebc5c523a0335,NOX4,Pan-UKB,Pan-UKB::continuous|eGFRcreacys|both_sexes||irnt,"Estimated glomerular filtration rate, cystain C",SENSITIVITY,False,False,1,CSA,0,1,0,1216,1216.0,1216,0,0,False,False,False,False,False,True,False,True,False,GRCh37,egfr_cystatin_c,Proxy biomarker,Proxy biomarker,B,B,0,1,1,1,Diabetic Nephropathies,CSA
gt_67fafbc34fad5769,TGFB1,Pan-UKB,Pan-UKB::continuous|eGFRcreacys|both_sexes||irnt,"Estimated glomerular filtration rate, cystain C",SENSITIVITY,False,False,1,CSA,0,1,0,509,509.0,509,0,0,False,False,False,False,False,True,False,True,False,GRCh37,egfr_cystatin_c,Proxy biomarker,Proxy biomarker,B,B,0,1,1,1,"Glomerulosclerosis, Focal Segmental",CSA
gt_2a1141a538a5d8da,TNFSF13,Pan-UKB,Pan-UKB::continuous|eGFRcreacys|both_sexes||irnt,"Estimated glomerular filtration rate, cystain C",SENSITIVITY,False,False,1,CSA,1,1,0,596,596.0,596,28,0,False,False,True,False,False,True,False,True,True,GRCh37,egfr_cystatin_c,Proxy biomarker,Proxy biomarker,B,B,0,1,1,1,"Glomerulonephritis, IGA",CSA
gt_fa7c0f92ccea41a7,ALDH2,Pan-UKB,Pan-UKB::continuous|eGFR|both_sexes||irnt,"Estimated glomerular filtration rate, serum creatinine",PRIMARY,False,True,2,CSA || MID,2,2,0,304,307.5,311,5,0,True,True,True,True,False,True,False,True,True,GRCh37,egfr_creatinine,Proxy biomarker,Proxy biomarker,B,B,0,1,1,1,Renal Insufficiency,"CSA,MID"
gt_2f8ebd8b90936da0,APOL1,Pan-UKB,Pan-UKB::continuous|eGFR|both_sexes||irnt,"Estimated glomerular filtration rate, serum creatinine",PRIMARY,False,True,2,CSA || MID,2,2,0,773,793.5,814,10,0,True,True,True,True,False,True,False,True,True,GRCh37,egfr_creatinine,Proxy biomarker,Proxy biomarker,B,B,0,2,2,2,"Glomerulosclerosis, Focal Segmental || Renal Insufficiency","CSA,MID"
gt_37da45aa8547319c,AXL,Pan-UKB,Pan-UKB::continuous|eGFR|both_sexes||irnt,"Estimated glomerular filtration rate, serum creatinine",PRIMARY,False,True,2,CSA || MID,0,2,0,642,647.0,652,0,0,True,False,False,True,False,True,False,True,False,GRCh37,egfr_creatinine,Proxy biomarker,Proxy biomarker,B,B,0,1,1,1,"Glomerulonephritis, IGA","CSA,MID"
gt_815416408d11e054,GLP1R,Pan-UKB,Pan-UKB::continuous|eGFR|both_sexes||irnt,"Estimated glomerular filtration rate, serum creatinine",PRIMARY,False,True,2,CSA || MID,2,2,0,798,812.5,827,16,0,True,True,True,True,False,True,False,True,True,GRCh37,egfr_creatinine,Proxy biomarker,Proxy biomarker,B,B,0,1,1,1,Renal Insufficiency,"CSA,MID"
gt_72ede56b8ff4d0df,KCNJ1,Pan-UKB,Pan-UKB::continuous|eGFR|both_sexes||irnt,"Estimated glomerular filtration rate, serum creatinine",PRIMARY,False,True,2,CSA || MID,2,2,0,784,793.5,803,72,0,True,True,True,True,False,True,False,True,True,GRCh37,egfr_creatinine,Proxy biomarker,Proxy biomarker,B,B,0,1,1,1,Renal Insufficiency,"CSA,MID"
gt_68fc6cde9a15be10,NFE2L2,Pan-UKB,Pan-UKB::continuous|eGFR|both_sexes||irnt,"Estimated glomerular filtration rate, serum creatinine",PRIMARY,False,True,2,CSA || MID,2,2,0,638,649.0,660,55,0,True,True,True,True,False,True,False,True,True,GRCh37,egfr_creatinine,Proxy biomarker,Proxy biomarker,B,B,0,1,1,1,Renal Insufficiency,"CSA,MID"
gt_5e2273bff10e0a9d,NFKB1,Pan-UKB,Pan-UKB::continuous|eGFR|both_sexes||irnt,"Estimated glomerular filtration rate, serum creatinine",PRIMARY,False,True,2,CSA || MID,2,2,0,652,683.5,715,173,0,True,True,True,True,False,True,False,True,True,GRCh37,egfr_creatinine,Proxy biomarker,Proxy biomarker,B,B,0,1,1,1,"Glomerulosclerosis, Focal Segmental","CSA,MID"
gt_f8e7f75de5131a7d,NOX4,Pan-UKB,Pan-UKB::continuous|eGFR|both_sexes||irnt,"Estimated glomerular filtration rate, serum creatinine",PRIMARY,False,True,2,CSA || MID,0,2,0,1216,1244.0,1272,0,0,True,False,False,True,False,True,False,True,False,GRCh37,egfr_creatinine,Proxy biomarker,Proxy biomarker,B,B,0,1,1,1,Diabetic Nephropathies,"CSA,MID"
gt_a74f9281d228a219,TGFB1,Pan-UKB,Pan-UKB::continuous|eGFR|both_sexes||irnt,"Estimated glomerular filtration rate, serum creatinine",PRIMARY,False,True,2,CSA || MID,0,2,0,509,514.5,520,0,0,True,False,False,True,False,True,False,True,False,GRCh37,egfr_creatinine,Proxy biomarker,Proxy biomarker,B,B,0,1,1,1,"Glomerulosclerosis, Focal Segmental","CSA,MID"
gt_9539f4bd41078be3,TNFSF13,Pan-UKB,Pan-UKB::continuous|eGFR|both_sexes||irnt,"Estimated glomerular filtration rate, serum creatinine",PRIMARY,False,True,2,CSA || MID,0,2,0,596,611.0,626,0,0,True,False,False,True,False,True,False,True,False,GRCh37,egfr_creatinine,Proxy biomarker,Proxy biomarker,B,B,0,1,1,1,"Glomerulonephritis, IGA","CSA,MID"
gt_d2741a54561a8897,ALDH2,Pan-UKB,Pan-UKB::continuous|eGFRcys|both_sexes||irnt,"Estimated glomerular filtration rate, serum creatinine + cystain C",SENSITIVITY,False,False,1,CSA,1,1,0,304,304.0,304,240,0,False,False,True,False,False,True,False,True,True,GRCh37,egfr_creatinine_cystatin_c,Proxy biomarker,Proxy biomarker,B,B,0,1,1,1,Renal Insufficiency,CSA
gt_726d8669541e423b,APOL1,Pan-UKB,Pan-UKB::continuous|eGFRcys|both_sexes||irnt,"Estimated glomerular filtration rate, serum creatinine + cystain C",SENSITIVITY,False,False,1,CSA,0,1,0,773,773.0,773,0,0,False,False,False,False,False,True,False,True,False,GRCh37,egfr_creatinine_cystatin_c,Proxy biomarker,Proxy biomarker,B,B,0,2,2,2,"Glomerulosclerosis, Focal Segmental || Renal Insufficiency",CSA
gt_e7ef4b7ebf566d2c,AXL,Pan-UKB,Pan-UKB::continuous|eGFRcys|both_sexes||irnt,"Estimated glomerular filtration rate, serum creatinine + cystain C",SENSITIVITY,False,False,1,CSA,0,1,0,642,642.0,642,0,0,False,False,False,False,False,True,False,True,False,GRCh37,egfr_creatinine_cystatin_c,Proxy biomarker,Proxy biomarker,B,B,0,1,1,1,"Glomerulonephritis, IGA",CSA
gt_f94da670fe45d073,GLP1R,Pan-UKB,Pan-UKB::continuous|eGFRcys|both_sexes||irnt,"Estimated glomerular filtration rate, serum creatinine + cystain C",SENSITIVITY,False,False,1,CSA,1,1,0,799,799.0,799,13,0,False,False,True,False,False,True,False,True,True,GRCh37,egfr_creatinine_cystatin_c,Proxy biomarker,Proxy biomarker,B,B,0,1,1,1,Renal Insufficiency,CSA
gt_e302145f95c19917,KCNJ1,Pan-UKB,Pan-UKB::continuous|eGFRcys|both_sexes||irnt,"Estimated glomerular filtration rate, serum creatinine + cystain C",SENSITIVITY,False,False,1,CSA,0,1,0,784,784.0,784,0,0,False,False,False,False,False,True,False,True,False,GRCh37,egfr_creatinine_cystatin_c,Proxy biomarker,Proxy biomarker,B,B,0,1,1,1,Renal Insufficiency,CSA
gt_9fd89b9a06bf3d21,NFE2L2,Pan-UKB,Pan-UKB::continuous|eGFRcys|both_sexes||irnt,"Estimated glomerular filtration rate, serum creatinine + cystain C",SENSITIVITY,False,False,1,CSA,0,1,0,638,638.0,638,0,0,False,False,False,False,False,True,False,True,False,GRCh37,egfr_creatinine_cystatin_c,Proxy biomarker,Proxy biomarker,B,B,0,1,1,1,Renal Insufficiency,CSA
gt_5cfdcb953dd2daa1,NFKB1,Pan-UKB,Pan-UKB::continuous|eGFRcys|both_sexes||irnt,"Estimated glomerular filtration rate, serum creatinine + cystain C",SENSITIVITY,False,False,1,CSA,1,1,0,652,652.0,652,197,0,False,False,True,False,False,True,False,True,True,GRCh37,egfr_creatinine_cystatin_c,Proxy biomarker,Proxy biomarker,B,B,0,1,1,1,"Glomerulosclerosis, Focal Segmental",CSA
gt_035225972671d0e8,NOX4,Pan-UKB,Pan-UKB::continuous|eGFRcys|both_sexes||irnt,"Estimated glomerular filtration rate, serum creatinine + cystain C",SENSITIVITY,False,False,1,CSA,0,1,0,1216,1216.0,1216,0,0,False,False,False,False,False,True,False,True,False,GRCh37,egfr_creatinine_cystatin_c,Proxy biomarker,Proxy biomarker,B,B,0,1,1,1,Diabetic Nephropathies,CSA
gt_811c6788417a2e37,TGFB1,Pan-UKB,Pan-UKB::continuous|eGFRcys|both_sexes||irnt,"Estimated glomerular filtration rate, serum creatinine + cystain C",SENSITIVITY,False,False,1,CSA,0,1,0,509,509.0,509,0,0,False,False,False,False,False,True,False,True,False,GRCh37,egfr_creatinine_cystatin_c,Proxy biomarker,Proxy biomarker,B,B,0,1,1,1,"Glomerulosclerosis, Focal Segmental",CSA
gt_237a604cf389b322,TNFSF13,Pan-UKB,Pan-UKB::continuous|eGFRcys|both_sexes||irnt,"Estimated glomerular filtration rate, serum creatinine + cystain C",SENSITIVITY,False,False,1,CSA,1,1,0,595,595.0,595,93,0,False,False,True,False,False,True,False,True,True,GRCh37,egfr_creatinine_cystatin_c,Proxy biomarker,Proxy biomarker,B,B,0,1,1,1,"Glomerulonephritis, IGA",CSA
gt_8ae1111e40e959b8,ADORA1,Pan-UKB,Pan-UKB::continuous|3063|both_sexes||irnt,Forced expiratory volume in 1-second (FEV1),SENSITIVITY,False,False,3,AFR || CSA || MID,0,3,0,587,713.0,725,0,0,False,False,False,False,False,True,False,True,False,GRCh37,fev1,Closely related phenotype,Closely related phenotype || Proxy biomarker,B,B,0,2,2,2,"Asthma || Pulmonary Disease, Chronic Obstructive","AFR,CSA,MID"
gt_8a1e23cc998cbb64,ADORA2B,Pan-UKB,Pan-UKB::continuous|3063|both_sexes||irnt,Forced expiratory volume in 1-second (FEV1),SENSITIVITY,False,False,3,AFR || CSA || MID,0,3,0,374,412.0,418,0,0,False,False,False,False,False,True,False,True,False,GRCh37,fev1,Proxy biomarker,Proxy biomarker,B,B,0,1,1,1,Asthma,"AFR,CSA,MID"
gt_495f677728f16ec2,ADRB2,Pan-UKB,Pan-UKB::continuous|3063|both_sexes||irnt,Forced expiratory volume in 1-second (FEV1),SENSITIVITY,False,False,3,AFR || CSA || MID,0,3,0,521,571.0,580,1,0,False,False,False,False,False,True,False,True,False,GRCh37,fev1,Closely related phenotype,Closely related phenotype || Proxy biomarker,A,A,2,0,2,2,"Asthma || Pulmonary Disease, Chronic Obstructive","AFR,CSA,MID"
gt_eaad0d6b2891c9d2,CHRM3,Pan-UKB,Pan-UKB::continuous|3063|both_sexes||irnt,Forced expiratory volume in 1-second (FEV1),SENSITIVITY,True,False,3,AFR || CSA || MID,3,3,0,1819,2100.0,2158,34,0,False,False,True,False,False,True,False,True,True,GRCh37,fev1,Closely related phenotype,Closely related phenotype || Proxy biomarker,A,"A,B",1,1,2,2,"Asthma || Pulmonary Disease, Chronic Obstructive","AFR,CSA,MID"
gt_4f85f19a487f8fd2,CSF2,Pan-UKB,Pan-UKB::continuous|3063|both_sexes||irnt,Forced expiratory volume in 1-second (FEV1),SENSITIVITY,False,False,3,AFR || CSA || MID,0,3,0,328,365.0,366,0,0,False,False,False,False,False,True,False,True,False,GRCh37,fev1,Closely related phenotype,Closely related phenotype || Proxy biomarker,B,B,0,2,2,2,"Asthma || Pulmonary Disease, Chronic Obstructive","AFR,CSA,MID"
gt_688797756517cedf,EPHX2,Pan-UKB,Pan-UKB::continuous|3063|both_sexes||irnt,Forced expiratory volume in 1-second (FEV1),SENSITIVITY,False,False,3,AFR || CSA || MID,0,3,0,721,788.0,824,0,0,False,False,False,False,False,True,False,True,False,GRCh37,fev1,Closely related phenotype,Closely related phenotype,B,B,0,1,1,1,"Pulmonary Disease, Chronic Obstructive","AFR,CSA,MID"
gt_013512b566d19bdd,FGFR3,Pan-UKB,Pan-UKB::continuous|3063|both_sexes||irnt,Forced expiratory volume in 1-second (FEV1),SENSITIVITY,False,False,3,AFR || CSA || MID,2,3,0,398,464.0,484,3,0,False,False,True,False,False,True,False,True,False,GRCh37,fev1,Proxy biomarker,Proxy biomarker,B,B,0,1,1,1,Asthma,"AFR,CSA,MID"
gt_156175cb277f8eb1,GATA3,Pan-UKB,Pan-UKB::continuous|3063|both_sexes||irnt,Forced expiratory volume in 1-second (FEV1),SENSITIVITY,False,False,3,AFR || CSA || MID,0,3,0,632,839.0,863,0,0,False,False,False,False,False,True,False,True,False,GRCh37,fev1,Closely related phenotype,Closely related phenotype || Proxy biomarker,B,B,0,2,2,2,"Asthma || Pulmonary Disease, Chronic Obstructive","AFR,CSA,MID"
gt_cb34eb2d840eca86,HCRTR1,Pan-UKB,Pan-UKB::continuous|3063|both_sexes||irnt,Forced expiratory volume in 1-second (FEV1),SENSITIVITY,False,False,3,AFR || CSA || MID,0,3,0,438,491.0,504,0,0,False,False,False,False,False,True,False,True,False,GRCh37,fev1,Closely related phenotype,Closely related phenotype,B,B,0,1,1,1,"Pulmonary Disease, Chronic Obstructive","AFR,CSA,MID"
gt_a146c9afef699a4a,HRH4,Pan-UKB,Pan-UKB::continuous|3063|both_sexes||irnt,Forced expiratory volume in 1-second (FEV1),SENSITIVITY,False,False,3,AFR || CSA || MID,0,3,0,656,711.0,722,2,0,False,False,False,False,False,True,False,True,False,GRCh37,fev1,Closely related phenotype,Closely related phenotype || Proxy biomarker,B,B,0,2,2,2,"Asthma || Pulmonary Disease, Chronic Obstructive","AFR,CSA,MID"
gt_f39647351d388081,IL13,Pan-UKB,Pan-UKB::continuous|3063|both_sexes||irnt,Forced expiratory volume in 1-second (FEV1),SENSITIVITY,False,False,3,AFR || CSA || MID,0,3,0,269,305.0,307,0,0,False,False,False,False,False,True,False,True,False,GRCh37,fev1,Closely related phenotype,Closely related phenotype || Proxy biomarker,B,B,0,2,2,2,"Asthma || Pulmonary Disease, Chronic Obstructive","AFR,CSA,MID"
gt_a9888937e4480c97,IL17RB,Pan-UKB,Pan-UKB::continuous|3063|both_sexes||irnt,Forced expiratory volume in 1-second (FEV1),SENSITIVITY,False,False,3,AFR || CSA || MID,0,3,0,517,563.0,590,0,0,False,False,False,False,False,True,False,True,False,GRCh37,fev1,Proxy biomarker,Proxy biomarker,B,B,0,1,1,1,Asthma,"AFR,CSA,MID"
gt_5d68fa6326a39614,IL1R1,Pan-UKB,Pan-UKB::continuous|3063|both_sexes||irnt,Forced expiratory volume in 1-second (FEV1),SENSITIVITY,False,False,3,AFR || CSA || MID,0,3,0,859,924.0,929,0,0,False,False,False,False,False,True,False,True,False,GRCh37,fev1,Closely related phenotype,Closely related phenotype,B,B,0,1,1,1,"Pulmonary Disease, Chronic Obstructive","AFR,CSA,MID"
gt_16bad9e5717c24d3,IL1RL1,Pan-UKB,Pan-UKB::continuous|3063|both_sexes||irnt,Forced expiratory volume in 1-second (FEV1),SENSITIVITY,False,False,3,AFR || CSA || MID,0,3,0,777,816.0,823,1,0,False,False,False,False,False,True,False,True,False,GRCh37,fev1,Closely related phenotype,Closely related phenotype || Proxy biomarker,B,B,0,2,2,2,"Asthma || Pulmonary Disease, Chronic Obstructive","AFR,CSA,MID"
gt_4d0c1be02c7c96b1,IL3,Pan-UKB,Pan-UKB::continuous|3063|both_sexes||irnt,Forced expiratory volume in 1-second (FEV1),SENSITIVITY,False,False,3,AFR || CSA || MID,0,3,0,318,353.0,356,0,0,False,False,False,False,False,True,False,True,False,GRCh37,fev1,Proxy biomarker,Proxy biomarker,B,B,0,1,1,1,Asthma,"AFR,CSA,MID"
gt_7d25e615646c0be9,IL33,Pan-UKB,Pan-UKB::continuous|3063|both_sexes||irnt,Forced expiratory volume in 1-second (FEV1),SENSITIVITY,False,False,3,AFR || CSA || MID,0,3,0,599,682.0,703,0,0,False,False,False,False,False,True,False,True,False,GRCh37,fev1,Closely related phenotype,Closely related phenotype || Proxy biomarker,B,B,0,2,2,2,"Asthma || Pulmonary Disease, Chronic Obstructive","AFR,CSA,MID"
gt_ecb0c0d407fda9fb,IL4R,Pan-UKB,Pan-UKB::continuous|3063|both_sexes||irnt,Forced expiratory volume in 1-second (FEV1),SENSITIVITY,True,False,3,AFR || CSA || MID,0,3,0,579,596.0,657,0,0,False,False,False,False,False,True,False,True,False,GRCh37,fev1,Closely related phenotype,Closely related phenotype || Proxy biomarker,A,"A,B",1,1,2,2,"Asthma || Pulmonary Disease, Chronic Obstructive","AFR,CSA,MID"
gt_bfd5545a5a2876bf,IL5,Pan-UKB,Pan-UKB::continuous|3063|both_sexes||irnt,Forced expiratory volume in 1-second (FEV1),SENSITIVITY,False,False,3,AFR || CSA || MID,0,3,0,362,410.0,411,2,0,False,False,False,False,False,True,False,True,False,GRCh37,fev1,Proxy biomarker,Proxy biomarker,B,B,0,1,1,1,Asthma,"AFR,CSA,MID"
gt_f6175b0342fb5780,IL6,Pan-UKB,Pan-UKB::continuous|3063|both_sexes||irnt,Forced expiratory volume in 1-second (FEV1),SENSITIVITY,False,False,3,AFR || CSA || MID,0,3,0,696,761.0,764,0,0,False,False,False,False,False,True,False,True,False,GRCh37,fev1,Proxy biomarker,Proxy biomarker,B,B,0,1,1,1,Asthma,"AFR,CSA,MID"
gt_b1ae3eb539c385dd,ITGB7,Pan-UKB,Pan-UKB::continuous|3063|both_sexes||irnt,Forced expiratory volume in 1-second (FEV1),SENSITIVITY,False,False,3,AFR || CSA || MID,0,3,0,383,458.0,479,0,0,False,False,False,False,False,True,False,True,False,GRCh37,fev1,Proxy biomarker,Proxy biomarker,B,B,0,1,1,1,Asthma,"AFR,CSA,MID"
gt_7f724afe00ec49cb,KIT,Pan-UKB,Pan-UKB::continuous|3063|both_sexes||irnt,Forced expiratory volume in 1-second (FEV1),SENSITIVITY,False,False,3,AFR || CSA || MID,0,3,0,704,786.0,808,0,0,False,False,False,False,False,True,False,True,False,GRCh37,fev1,Proxy biomarker,Proxy biomarker,B,B,0,1,1,1,Asthma,"AFR,CSA,MID"
gt_b13b0fea4588063b,MMP12,Pan-UKB,Pan-UKB::continuous|3063|both_sexes||irnt,Forced expiratory volume in 1-second (FEV1),SENSITIVITY,False,False,3,AFR || CSA || MID,0,3,0,488,602.0,613,0,0,False,False,False,False,False,True,False,True,False,GRCh37,fev1,Proxy biomarker,Proxy biomarker,B,B,0,1,1,1,Asthma,"AFR,CSA,MID"
gt_9d644cbd7bb53f54,NFKB1,Pan-UKB,Pan-UKB::continuous|3063|both_sexes||irnt,Forced expiratory volume in 1-second (FEV1),SENSITIVITY,False,False,3,AFR || CSA || MID,0,3,0,627,652.0,715,0,0,False,False,False,False,False,True,False,True,False,GRCh37,fev1,Proxy biomarker,Proxy biomarker,B,B,0,1,1,1,Asthma,"AFR,CSA,MID"
gt_453814eeb960a8fd,NR3C1,Pan-UKB,Pan-UKB::continuous|3063|both_sexes||irnt,Forced expiratory volume in 1-second (FEV1),SENSITIVITY,False,False,3,AFR || CSA || MID,0,3,0,584,620.0,656,0,0,False,False,False,False,False,True,False,True,False,GRCh37,fev1,Closely related phenotype,Closely related phenotype || Proxy biomarker,A,A,2,0,2,2,"Asthma || Pulmonary Disease, Chronic Obstructive","AFR,CSA,MID"
gt_67618c459284880c,P2RY2,Pan-UKB,Pan-UKB::continuous|3063|both_sexes||irnt,Forced expiratory volume in 1-second (FEV1),SENSITIVITY,False,False,3,AFR || CSA || MID,3,3,0,335,402.0,421,45,0,False,False,True,False,False,True,False,True,True,GRCh37,fev1,Proxy biomarker,Proxy biomarker,B,B,0,1,1,1,Asthma,"AFR,CSA,MID"
gt_0ef8cbb6ba3f7abe,PDE3A,Pan-UKB,Pan-UKB::continuous|3063|both_sexes||irnt,Forced expiratory volume in 1-second (FEV1),SENSITIVITY,False,False,3,AFR || CSA || MID,3,3,0,1571,1841.0,1854,87,0,False,False,True,False,False,True,False,True,True,GRCh37,fev1,Closely related phenotype,Closely related phenotype || Proxy biomarker,B,B,0,2,2,2,"Asthma || Pulmonary Disease, Chronic Obstructive","AFR,CSA,MID"
gt_ce15e9abcabbebe4,PDE4B,Pan-UKB,Pan-UKB::continuous|3063|both_sexes||irnt,Forced expiratory volume in 1-second (FEV1),SENSITIVITY,False,False,3,AFR || CSA || MID,0,3,0,1797,1920.0,2040,0,0,False,False,False,False,False,True,False,True,False,GRCh37,fev1,Closely related phenotype,Closely related phenotype || Proxy biomarker,B,B,0,2,2,2,"Asthma || Pulmonary Disease, Chronic Obstructive","AFR,CSA,MID"
gt_45bc82dccf3c01ab,PDE4D,Pan-UKB,Pan-UKB::continuous|3063|both_sexes||irnt,Forced expiratory volume in 1-second (FEV1),SENSITIVITY,False,False,3,AFR || CSA || MID,0,3,0,3757,4379.0,4524,0,0,False,False,False,False,False,True,False,True,False,GRCh37,fev1,Closely related phenotype,Closely related phenotype || Proxy biomarker,B,B,0,2,2,2,"Asthma || Pulmonary Disease, Chronic Obstructive","AFR,CSA,MID"
gt_634e01c40ac909ce,RARG,Pan-UKB,Pan-UKB::continuous|3063|both_sexes||irnt,Forced expiratory volume in 1-second (FEV1),SENSITIVITY,False,False,3,AFR || CSA || MID,0,3,0,358,438.0,458,0,0,False,False,False,False,False,True,False,True,False,GRCh37,fev1,Closely related phenotype,Closely related phenotype,B,B,0,1,1,1,"Pulmonary Disease, Chronic Obstructive","AFR,CSA,MID"
gt_029961e460d086f0,SERPINA1,Pan-UKB,Pan-UKB::continuous|3063|both_sexes||irnt,Forced expiratory volume in 1-second (FEV1),SENSITIVITY,False,False,3,AFR || CSA || MID,3,3,0,698,779.0,806,4,0,False,False,True,False,False,True,False,True,True,GRCh37,fev1,Closely related phenotype,Closely related phenotype,B,B,0,1,1,1,"Pulmonary Disease, Chronic Obstructive","AFR,CSA,MID"
gt_b8bfd54f2cf1a119,TNFSF15,Pan-UKB,Pan-UKB::continuous|3063|both_sexes||irnt,Forced expiratory volume in 1-second (FEV1),SENSITIVITY,False,False,3,AFR || CSA || MID,0,3,0,435,472.0,489,0,0,False,False,False,False,False,True,False,True,False,GRCh37,fev1,Proxy biomarker,Proxy biomarker,B,B,0,1,1,1,Asthma,"AFR,CSA,MID"
gt_351f098f1d4785d1,TNFSF4,Pan-UKB,Pan-UKB::continuous|3063|both_sexes||irnt,Forced expiratory volume in 1-second (FEV1),SENSITIVITY,False,False,3,AFR || CSA || MID,0,3,0,416,491.0,515,0,0,False,False,False,False,False,True,False,True,False,GRCh37,fev1,Proxy biomarker,Proxy biomarker,B,B,0,1,1,1,Asthma,"AFR,CSA,MID"
gt_f74f9b66526dece0,TSLP,Pan-UKB,Pan-UKB::continuous|3063|both_sexes||irnt,Forced expiratory volume in 1-second (FEV1),SENSITIVITY,True,False,3,AFR || CSA || MID,0,3,0,447,502.0,524,0,0,False,False,False,False,False,True,False,True,False,GRCh37,fev1,Closely related phenotype,Closely related phenotype || Proxy biomarker,A,"A,B",1,1,2,2,"Asthma || Pulmonary Disease, Chronic Obstructive","AFR,CSA,MID"
gt_e16801af4d34b8d6,TYK2,Pan-UKB,Pan-UKB::continuous|3063|both_sexes||irnt,Forced expiratory volume in 1-second (FEV1),SENSITIVITY,False,False,3,AFR || CSA || MID,0,3,0,443,555.0,569,0,0,False,False,False,False,False,True,False,True,False,GRCh37,fev1,Proxy biomarker,Proxy biomarker,B,B,0,1,1,1,Asthma,"AFR,CSA,MID"
gt_48d9393562b5ff50,ADORA1,Pan-UKB,Pan-UKB::continuous|3062|both_sexes||irnt,Forced vital capacity (FVC),SENSITIVITY,False,False,3,AFR || CSA || MID,0,3,0,587,713.0,725,0,0,False,False,False,False,False,True,False,True,False,GRCh37,fvc,Closely related phenotype,Closely related phenotype || Proxy biomarker,B,B,0,2,2,2,"Asthma || Pulmonary Disease, Chronic Obstructive","AFR,CSA,MID"
gt_d4809ae97a28786d,ADORA2B,Pan-UKB,Pan-UKB::continuous|3062|both_sexes||irnt,Forced vital capacity (FVC),SENSITIVITY,False,False,3,AFR || CSA || MID,0,3,0,374,412.0,418,0,0,False,False,False,False,False,True,False,True,False,GRCh37,fvc,Proxy biomarker,Proxy biomarker,B,B,0,1,1,1,Asthma,"AFR,CSA,MID"
gt_df7e9a1eb48a6586,ADRB2,Pan-UKB,Pan-UKB::continuous|3062|both_sexes||irnt,Forced vital capacity (FVC),SENSITIVITY,False,False,3,AFR || CSA || MID,0,3,0,521,571.0,580,0,0,False,False,False,False,False,True,False,True,False,GRCh37,fvc,Closely related phenotype,Closely related phenotype || Proxy biomarker,A,A,2,0,2,2,"Asthma || Pulmonary Disease, Chronic Obstructive","AFR,CSA,MID"
gt_46d69d85fe63ef90,CHRM3,Pan-UKB,Pan-UKB::continuous|3062|both_sexes||irnt,Forced vital capacity (FVC),SENSITIVITY,True,False,3,AFR || CSA || MID,0,3,0,1819,2100.0,2158,0,0,False,False,False,False,False,True,False,True,False,GRCh37,fvc,Closely related phenotype,Closely related phenotype || Proxy biomarker,A,"A,B",1,1,2,2,"Asthma || Pulmonary Disease, Chronic Obstructive","AFR,CSA,MID"
gt_b8100d18ea6533d9,CSF2,Pan-UKB,Pan-UKB::continuous|3062|both_sexes||irnt,Forced vital capacity (FVC),SENSITIVITY,False,False,3,AFR || CSA || MID,0,3,0,328,365.0,366,0,0,False,False,False,False,False,True,False,True,False,GRCh37,fvc,Closely related phenotype,Closely related phenotype || Proxy biomarker,B,B,0,2,2,2,"Asthma || Pulmonary Disease, Chronic Obstructive","AFR,CSA,MID"
gt_627ba7f7d193b4f0,EPHX2,Pan-UKB,Pan-UKB::continuous|3062|both_sexes||irnt,Forced vital capacity (FVC),SENSITIVITY,False,False,3,AFR || CSA || MID,0,3,0,721,788.0,824,0,0,False,False,False,False,False,True,False,True,False,GRCh37,fvc,Closely related phenotype,Closely related phenotype,B,B,0,1,1,1,"Pulmonary Disease, Chronic Obstructive","AFR,CSA,MID"
gt_1eeb6fa62227d107,FGFR3,Pan-UKB,Pan-UKB::continuous|3062|both_sexes||irnt,Forced vital capacity (FVC),SENSITIVITY,False,False,3,AFR || CSA || MID,0,3,0,398,464.0,484,0,0,False,False,False,False,False,True,False,True,False,GRCh37,fvc,Proxy biomarker,Proxy biomarker,B,B,0,1,1,1,Asthma,"AFR,CSA,MID"
gt_7f8c25bf2fa7f05c,GATA3,Pan-UKB,Pan-UKB::continuous|3062|both_sexes||irnt,Forced vital capacity (FVC),SENSITIVITY,False,False,3,AFR || CSA || MID,0,3,0,632,839.0,863,0,0,False,False,False,False,False,True,False,True,False,GRCh37,fvc,Closely related phenotype,Closely related phenotype || Proxy biomarker,B,B,0,2,2,2,"Asthma || Pulmonary Disease, Chronic Obstructive","AFR,CSA,MID"
gt_80ed0a36710016a5,HCRTR1,Pan-UKB,Pan-UKB::continuous|3062|both_sexes||irnt,Forced vital capacity (FVC),SENSITIVITY,False,False,3,AFR || CSA || MID,0,3,0,438,491.0,504,0,0,False,False,False,False,False,True,False,True,False,GRCh37,fvc,Closely related phenotype,Closely related phenotype,B,B,0,1,1,1,"Pulmonary Disease, Chronic Obstructive","AFR,CSA,MID"
gt_7572aa2bb0914ab1,HRH4,Pan-UKB,Pan-UKB::continuous|3062|both_sexes||irnt,Forced vital capacity (FVC),SENSITIVITY,False,False,3,AFR || CSA || MID,3,3,0,656,711.0,722,7,0,False,False,True,False,False,True,False,True,True,GRCh37,fvc,Closely related phenotype,Closely related phenotype || Proxy biomarker,B,B,0,2,2,2,"Asthma || Pulmonary Disease, Chronic Obstructive","AFR,CSA,MID"
gt_3a823a51b7fd931e,IL13,Pan-UKB,Pan-UKB::continuous|3062|both_sexes||irnt,Forced vital capacity (FVC),SENSITIVITY,False,False,3,AFR || CSA || MID,0,3,0,269,305.0,307,0,0,False,False,False,False,False,True,False,True,False,GRCh37,fvc,Closely related phenotype,Closely related phenotype || Proxy biomarker,B,B,0,2,2,2,"Asthma || Pulmonary Disease, Chronic Obstructive","AFR,CSA,MID"
gt_84525d9b3679984a,IL17RB,Pan-UKB,Pan-UKB::continuous|3062|both_sexes||irnt,Forced vital capacity (FVC),SENSITIVITY,False,False,3,AFR || CSA || MID,0,3,0,517,563.0,590,0,0,False,False,False,False,False,True,False,True,False,GRCh37,fvc,Proxy biomarker,Proxy biomarker,B,B,0,1,1,1,Asthma,"AFR,CSA,MID"
gt_07be8437e4fb75bf,IL1R1,Pan-UKB,Pan-UKB::continuous|3062|both_sexes||irnt,Forced vital capacity (FVC),SENSITIVITY,False,False,3,AFR || CSA || MID,3,3,0,859,924.0,929,12,0,False,False,True,False,False,True,False,True,True,GRCh37,fvc,Closely related phenotype,Closely related phenotype,B,B,0,1,1,1,"Pulmonary Disease, Chronic Obstructive","AFR,CSA,MID"
gt_c073758027a17aa2,IL1RL1,Pan-UKB,Pan-UKB::continuous|3062|both_sexes||irnt,Forced vital capacity (FVC),SENSITIVITY,False,False,3,AFR || CSA || MID,0,3,0,777,816.0,823,0,0,False,False,False,False,False,True,False,True,False,GRCh37,fvc,Closely related phenotype,Closely related phenotype || Proxy biomarker,B,B,0,2,2,2,"Asthma || Pulmonary Disease, Chronic Obstructive","AFR,CSA,MID"
gt_0f3c648c57772115,IL3,Pan-UKB,Pan-UKB::continuous|3062|both_sexes||irnt,Forced vital capacity (FVC),SENSITIVITY,False,False,3,AFR || CSA || MID,0,3,0,318,353.0,356,0,0,False,False,False,False,False,True,False,True,False,GRCh37,fvc,Proxy biomarker,Proxy biomarker,B,B,0,1,1,1,Asthma,"AFR,CSA,MID"
gt_18d41ae065e330d7,IL33,Pan-UKB,Pan-UKB::continuous|3062|both_sexes||irnt,Forced vital capacity (FVC),SENSITIVITY,False,False,3,AFR || CSA || MID,0,3,0,599,682.0,703,0,0,False,False,False,False,False,True,False,True,False,GRCh37,fvc,Closely related phenotype,Closely related phenotype || Proxy biomarker,B,B,0,2,2,2,"Asthma || Pulmonary Disease, Chronic Obstructive","AFR,CSA,MID"
gt_08e785ae6efb3f9a,IL4R,Pan-UKB,Pan-UKB::continuous|3062|both_sexes||irnt,Forced vital capacity (FVC),SENSITIVITY,True,False,3,AFR || CSA || MID,0,3,0,579,596.0,657,0,0,False,False,False,False,False,True,False,True,False,GRCh37,fvc,Closely related phenotype,Closely related phenotype || Proxy biomarker,A,"A,B",1,1,2,2,"Asthma || Pulmonary Disease, Chronic Obstructive","AFR,CSA,MID"
gt_02cc00fae6333219,IL5,Pan-UKB,Pan-UKB::continuous|3062|both_sexes||irnt,Forced vital capacity (FVC),SENSITIVITY,False,False,3,AFR || CSA || MID,0,3,0,362,410.0,411,0,0,False,False,False,False,False,True,False,True,False,GRCh37,fvc,Proxy biomarker,Proxy biomarker,B,B,0,1,1,1,Asthma,"AFR,CSA,MID"
gt_fc6dc0881ba598e4,IL6,Pan-UKB,Pan-UKB::continuous|3062|both_sexes||irnt,Forced vital capacity (FVC),SENSITIVITY,False,False,3,AFR || CSA || MID,0,3,0,696,761.0,764,0,0,False,False,False,False,False,True,False,True,False,GRCh37,fvc,Proxy biomarker,Proxy biomarker,B,B,0,1,1,1,Asthma,"AFR,CSA,MID"
gt_58869ee37c53092a,ITGB7,Pan-UKB,Pan-UKB::continuous|3062|both_sexes||irnt,Forced vital capacity (FVC),SENSITIVITY,False,False,3,AFR || CSA || MID,0,3,0,383,458.0,479,0,0,False,False,False,False,False,True,False,True,False,GRCh37,fvc,Proxy biomarker,Proxy biomarker,B,B,0,1,1,1,Asthma,"AFR,CSA,MID"
gt_a92d4e31f988cf77,KIT,Pan-UKB,Pan-UKB::continuous|3062|both_sexes||irnt,Forced vital capacity (FVC),SENSITIVITY,False,False,3,AFR || CSA || MID,0,3,0,704,786.0,808,0,0,False,False,False,False,False,True,False,True,False,GRCh37,fvc,Proxy biomarker,Proxy biomarker,B,B,0,1,1,1,Asthma,"AFR,CSA,MID"
gt_70a0768822a3785b,MMP12,Pan-UKB,Pan-UKB::continuous|3062|both_sexes||irnt,Forced vital capacity (FVC),SENSITIVITY,False,False,3,AFR || CSA || MID,0,3,0,488,602.0,613,0,0,False,False,False,False,False,True,False,True,False,GRCh37,fvc,Proxy biomarker,Proxy biomarker,B,B,0,1,1,1,Asthma,"AFR,CSA,MID"
gt_218837e157532d38,NFKB1,Pan-UKB,Pan-UKB::continuous|3062|both_sexes||irnt,Forced vital capacity (FVC),SENSITIVITY,False,False,3,AFR || CSA || MID,0,3,0,627,652.0,715,0,0,False,False,False,False,False,True,False,True,False,GRCh37,fvc,Proxy biomarker,Proxy biomarker,B,B,0,1,1,1,Asthma,"AFR,CSA,MID"
gt_8a08c40baf7205b2,NR3C1,Pan-UKB,Pan-UKB::continuous|3062|both_sexes||irnt,Forced vital capacity (FVC),SENSITIVITY,False,False,3,AFR || CSA || MID,0,3,0,584,620.0,656,0,0,False,False,False,False,False,True,False,True,False,GRCh37,fvc,Closely related phenotype,Closely related phenotype || Proxy biomarker,A,A,2,0,2,2,"Asthma || Pulmonary Disease, Chronic Obstructive","AFR,CSA,MID"
gt_fed4b73e6a6fedab,P2RY2,Pan-UKB,Pan-UKB::continuous|3062|both_sexes||irnt,Forced vital capacity (FVC),SENSITIVITY,False,False,3,AFR || CSA || MID,0,3,0,335,402.0,421,0,0,False,False,False,False,False,True,False,True,False,GRCh37,fvc,Proxy biomarker,Proxy biomarker,B,B,0,1,1,1,Asthma,"AFR,CSA,MID"
gt_4433b8c42ab32b16,PDE3A,Pan-UKB,Pan-UKB::continuous|3062|both_sexes||irnt,Forced vital capacity (FVC),SENSITIVITY,False,False,3,AFR || CSA || MID,3,3,0,1571,1841.0,1854,94,0,False,False,True,False,False,True,False,True,True,GRCh37,fvc,Closely related phenotype,Closely related phenotype || Proxy biomarker,B,B,0,2,2,2,"Asthma || Pulmonary Disease, Chronic Obstructive","AFR,CSA,MID"
gt_3cbdb72396898287,PDE4B,Pan-UKB,Pan-UKB::continuous|3062|both_sexes||irnt,Forced vital capacity (FVC),SENSITIVITY,False,False,3,AFR || CSA || MID,0,3,0,1797,1920.0,2040,0,0,False,False,False,False,False,True,False,True,False,GRCh37,fvc,Closely related phenotype,Closely related phenotype || Proxy biomarker,B,B,0,2,2,2,"Asthma || Pulmonary Disease, Chronic Obstructive","AFR,CSA,MID"
gt_19268749086c88b4,PDE4D,Pan-UKB,Pan-UKB::continuous|3062|both_sexes||irnt,Forced vital capacity (FVC),SENSITIVITY,False,False,3,AFR || CSA || MID,0,3,0,3757,4379.0,4524,0,0,False,False,False,False,False,True,False,True,False,GRCh37,fvc,Closely related phenotype,Closely related phenotype || Proxy biomarker,B,B,0,2,2,2,"Asthma || Pulmonary Disease, Chronic Obstructive","AFR,CSA,MID"
gt_52de2e02c710dc7c,RARG,Pan-UKB,Pan-UKB::continuous|3062|both_sexes||irnt,Forced vital capacity (FVC),SENSITIVITY,False,False,3,AFR || CSA || MID,0,3,0,358,438.0,458,0,0,False,False,False,False,False,True,False,True,False,GRCh37,fvc,Closely related phenotype,Closely related phenotype,B,B,0,1,1,1,"Pulmonary Disease, Chronic Obstructive","AFR,CSA,MID"
gt_f0050408ec3edabb,SERPINA1,Pan-UKB,Pan-UKB::continuous|3062|both_sexes||irnt,Forced vital capacity (FVC),SENSITIVITY,False,False,3,AFR || CSA || MID,3,3,0,698,779.0,806,5,0,False,False,True,False,False,True,False,True,True,GRCh37,fvc,Closely related phenotype,Closely related phenotype,B,B,0,1,1,1,"Pulmonary Disease, Chronic Obstructive","AFR,CSA,MID"
gt_4b3518f6b9c4e3b8,TNFSF15,Pan-UKB,Pan-UKB::continuous|3062|both_sexes||irnt,Forced vital capacity (FVC),SENSITIVITY,False,False,3,AFR || CSA || MID,0,3,0,435,472.0,489,0,0,False,False,False,False,False,True,False,True,False,GRCh37,fvc,Proxy biomarker,Proxy biomarker,B,B,0,1,1,1,Asthma,"AFR,CSA,MID"
gt_db571222a2439bb6,TNFSF4,Pan-UKB,Pan-UKB::continuous|3062|both_sexes||irnt,Forced vital capacity (FVC),SENSITIVITY,False,False,3,AFR || CSA || MID,0,3,0,416,491.0,515,0,0,False,False,False,False,False,True,False,True,False,GRCh37,fvc,Proxy biomarker,Proxy biomarker,B,B,0,1,1,1,Asthma,"AFR,CSA,MID"
gt_c0814c5b09a35cf4,TSLP,Pan-UKB,Pan-UKB::continuous|3062|both_sexes||irnt,Forced vital capacity (FVC),SENSITIVITY,True,False,3,AFR || CSA || MID,0,3,0,447,502.0,524,0,0,False,False,False,False,False,True,False,True,False,GRCh37,fvc,Closely related phenotype,Closely related phenotype || Proxy biomarker,A,"A,B",1,1,2,2,"Asthma || Pulmonary Disease, Chronic Obstructive","AFR,CSA,MID"
gt_9759197a48ba10b7,TYK2,Pan-UKB,Pan-UKB::continuous|3062|both_sexes||irnt,Forced vital capacity (FVC),SENSITIVITY,False,False,3,AFR || CSA || MID,0,3,0,443,555.0,569,0,0,False,False,False,False,False,True,False,True,False,GRCh37,fvc,Proxy biomarker,Proxy biomarker,B,B,0,1,1,1,Asthma,"AFR,CSA,MID"
gt_d3606f7377753961,IL12B,Pan-UKB,Pan-UKB::biomarkers|30730|both_sexes||irnt,Gamma glutamyltransferase,SENSITIVITY,False,False,2,CSA || EAS,0,2,0,410,434.0,458,0,0,False,False,False,False,False,True,False,True,False,GRCh37,gamma_glutamyltransferase,Proxy biomarker,Proxy biomarker,B,B,0,1,1,1,"Liver Cirrhosis, Biliary","CSA,EAS"
gt_3b5fc5b375fad1ca,PNPLA3,Pan-UKB,Pan-UKB::biomarkers|30730|both_sexes||irnt,Gamma glutamyltransferase,SENSITIVITY,False,False,2,CSA || EAS,2,2,0,749,822.5,896,10,0,False,False,True,False,False,True,False,True,True,GRCh37,gamma_glutamyltransferase,Proxy biomarker,Proxy biomarker,B,B,0,1,1,1,Non-alcoholic Fatty Liver Disease,"CSA,EAS"
gt_ae985589e3b67771,TNFRSF1A,Pan-UKB,Pan-UKB::biomarkers|30730|both_sexes||irnt,Gamma glutamyltransferase,SENSITIVITY,False,False,2,CSA || EAS,2,2,0,463,519.5,576,19,0,False,False,True,False,False,True,False,True,True,GRCh37,gamma_glutamyltransferase,Proxy biomarker,Proxy biomarker,B,B,0,1,1,1,Liver Cirrhosis,"CSA,EAS"
gt_f8d54415d6cc1cc4,ABCC8,Pan-UKB,Pan-UKB::biomarkers|30750|both_sexes||irnt,Glycated haemoglobin (HbA1c),PRIMARY,False,True,2,CSA || MID,2,2,0,839,843.5,848,55,0,True,True,True,True,False,True,False,True,True,GRCh37,hba1c,Direct quantitative readout,Direct quantitative readout,A,A,2,0,2,2,"Diabetes Mellitus || Diabetes Mellitus, Type 2","CSA,MID"
gt_269d8238b469e256,CALCR,Pan-UKB,Pan-UKB::biomarkers|30750|both_sexes||irnt,Glycated haemoglobin (HbA1c),PRIMARY,False,True,2,CSA || MID,0,2,0,840,863.5,887,0,0,True,False,False,True,False,True,False,True,False,GRCh37,hba1c,Direct quantitative readout,Direct quantitative readout,B,B,0,2,2,2,"Diabetes Mellitus || Diabetes Mellitus, Type 2","CSA,MID"
gt_8af78a546ba0cf73,DGAT1,Pan-UKB,Pan-UKB::biomarkers|30750|both_sexes||irnt,Glycated haemoglobin (HbA1c),PRIMARY,False,True,2,CSA || MID,2,2,0,266,269.0,272,90,0,True,True,True,True,False,True,False,True,True,GRCh37,hba1c,Direct quantitative readout,Direct quantitative readout,B,B,0,2,2,2,"Diabetes Mellitus || Diabetes Mellitus, Type 2","CSA,MID"
gt_58d110934e76bc52,FBP1,Pan-UKB,Pan-UKB::biomarkers|30750|both_sexes||irnt,Glycated haemoglobin (HbA1c),PRIMARY,False,True,2,CSA || MID,2,2,0,888,895.0,902,6,0,True,True,True,True,False,True,False,True,True,GRCh37,hba1c,Direct quantitative readout,Direct quantitative readout,B,B,0,1,1,1,"Diabetes Mellitus, Type 2","CSA,MID"
gt_ba7da04bd46d78cc,FGFR1,Pan-UKB,Pan-UKB::biomarkers|30750|both_sexes||irnt,Glycated haemoglobin (HbA1c),PRIMARY,False,True,2,CSA || MID,0,2,0,440,453.0,466,0,0,True,False,False,True,False,True,False,True,False,GRCh37,hba1c,Direct quantitative readout,Direct quantitative readout,B,B,0,1,1,1,"Diabetes Mellitus, Type 2","CSA,MID"
gt_7fda23242315d7cb,FGFR4,Pan-UKB,Pan-UKB::biomarkers|30750|both_sexes||irnt,Glycated haemoglobin (HbA1c),PRIMARY,False,True,2,CSA || MID,0,2,0,653,657.5,662,0,0,True,False,False,True,False,True,False,True,False,GRCh37,hba1c,Direct quantitative readout,Direct quantitative readout,B,B,0,1,1,1,"Diabetes Mellitus, Type 2","CSA,MID"
gt_e4ce2895dd27f904,GCK,Pan-UKB,Pan-UKB::biomarkers|30750|both_sexes||irnt,Glycated haemoglobin (HbA1c),PRIMARY,True,False,2,CSA || MID,2,2,1,670,682.0,694,212,1,False,False,True,False,False,True,True,True,True,GRCh37,hba1c,Direct quantitative readout,Direct quantitative readout,A,"A,B",1,1,2,2,"Diabetes Mellitus || Diabetes Mellitus, Type 2","CSA,MID"
gt_0f50d04f150328dc,GDF15,Pan-UKB,Pan-UKB::biomarkers|30750|both_sexes||irnt,Glycated haemoglobin (HbA1c),PRIMARY,False,True,2,CSA || MID,2,2,0,534,544.5,555,33,0,True,True,True,True,False,True,False,True,True,GRCh37,hba1c,Direct quantitative readout,Direct quantitative readout,B,B,0,1,1,1,Diabetes Mellitus,"CSA,MID"
gt_08f7168b97dea82d,GIPR,Pan-UKB,Pan-UKB::biomarkers|30750|both_sexes||irnt,Glycated haemoglobin (HbA1c),PRIMARY,False,True,2,CSA || MID,2,2,0,534,543.0,552,194,0,True,True,True,True,False,True,False,True,True,GRCh37,hba1c,Direct quantitative readout,Direct quantitative readout,A,A,1,0,1,1,"Diabetes Mellitus, Type 2","CSA,MID"
gt_2b5ece6077c646df,GLP1R,Pan-UKB,Pan-UKB::biomarkers|30750|both_sexes||irnt,Glycated haemoglobin (HbA1c),PRIMARY,True,False,2,CSA || MID,2,2,0,800,814.5,829,18,0,False,False,True,False,False,True,False,True,True,GRCh37,hba1c,Direct quantitative readout,Direct quantitative readout,A,"A,B",1,1,2,2,"Diabetes Mellitus || Diabetes Mellitus, Type 2","CSA,MID"
gt_9c96bb01f3b324b3,GLP2R,Pan-UKB,Pan-UKB::biomarkers|30750|both_sexes||irnt,Glycated haemoglobin (HbA1c),PRIMARY,False,True,2,CSA || MID,2,2,0,1096,1097.5,1099,126,0,True,True,True,True,False,True,False,True,True,GRCh37,hba1c,Direct quantitative readout,Direct quantitative readout,B,B,0,1,1,1,"Diabetes Mellitus, Type 2","CSA,MID"
gt_74265ed9146327fb,IL2,Pan-UKB,Pan-UKB::biomarkers|30750|both_sexes||irnt,Glycated haemoglobin (HbA1c),SENSITIVITY,False,False,2,CSA || MID,0,2,0,323,333.0,343,0,0,False,False,False,False,False,True,False,True,False,GRCh37,hba1c,Proxy biomarker,Proxy biomarker,B,B,0,1,1,1,"Diabetes Mellitus, Type 1","CSA,MID"
gt_58e8480922b3a0a2,IL2RA,Pan-UKB,Pan-UKB::biomarkers|30750|both_sexes||irnt,Glycated haemoglobin (HbA1c),SENSITIVITY,False,False,2,CSA || MID,0,2,0,1028,1050.5,1073,0,0,False,False,False,False,False,True,False,True,False,GRCh37,hba1c,Proxy biomarker,Proxy biomarker,B,B,0,1,1,1,"Diabetes Mellitus, Type 1","CSA,MID"
gt_3f9a2ee8d840a17a,IL7R,Pan-UKB,Pan-UKB::biomarkers|30750|both_sexes||irnt,Glycated haemoglobin (HbA1c),SENSITIVITY,False,False,2,CSA || MID,0,2,0,643,652.5,662,0,0,False,False,False,False,False,True,False,True,False,GRCh37,hba1c,Proxy biomarker,Proxy biomarker,B,B,0,1,1,1,"Diabetes Mellitus, Type 1","CSA,MID"
gt_e0b77e59a1b3311a,INS,Pan-UKB,Pan-UKB::biomarkers|30750|both_sexes||irnt,Glycated haemoglobin (HbA1c),PRIMARY,True,False,2,CSA || MID,2,2,0,693,699.5,706,31,0,False,False,True,False,False,True,False,True,True,GRCh37,hba1c,Direct quantitative readout,Direct quantitative readout || Proxy biomarker,A,"A,B",1,2,3,3,"Diabetes Mellitus || Diabetes Mellitus, Type 1 || Diabetes Mellitus, Type 2","CSA,MID"
gt_1985dd04cf146f6a,INSR,Pan-UKB,Pan-UKB::biomarkers|30750|both_sexes||irnt,Glycated haemoglobin (HbA1c),PRIMARY,False,True,2,CSA || MID,0,2,0,1012,1026.0,1040,0,0,True,False,False,True,False,True,False,True,False,GRCh37,hba1c,Direct quantitative readout,Direct quantitative readout,A,A,1,0,1,1,"Diabetes Mellitus, Type 2","CSA,MID"
gt_9a354430dddcf5b3,KCNJ11,Pan-UKB,Pan-UKB::biomarkers|30750|both_sexes||irnt,Glycated haemoglobin (HbA1c),PRIMARY,False,True,2,CSA || MID,2,2,0,605,607.5,610,55,0,True,True,True,True,False,True,False,True,True,GRCh37,hba1c,Direct quantitative readout,Direct quantitative readout,A,A,2,0,2,2,"Diabetes Mellitus || Diabetes Mellitus, Type 2","CSA,MID"
gt_a9cf0a1ee71d1417,MC4R,Pan-UKB,Pan-UKB::biomarkers|30750|both_sexes||irnt,Glycated haemoglobin (HbA1c),PRIMARY,False,True,2,CSA || MID,0,2,0,565,590.0,615,0,0,True,False,False,True,False,True,False,True,False,GRCh37,hba1c,Direct quantitative readout,Direct quantitative readout,B,B,0,2,2,2,"Diabetes Mellitus || Diabetes Mellitus, Type 2","CSA,MID"
gt_049926198a583d6a,METAP2,Pan-UKB,Pan-UKB::biomarkers|30750|both_sexes||irnt,Glycated haemoglobin (HbA1c),PRIMARY,False,True,2,CSA || MID,2,2,0,1072,1074.0,1076,35,0,True,True,True,True,False,True,False,True,True,GRCh37,hba1c,Direct quantitative readout,Direct quantitative readout,B,B,0,1,1,1,"Diabetes Mellitus, Type 2","CSA,MID"
gt_5b728915d445b416,PPARG,Pan-UKB,Pan-UKB::biomarkers|30750|both_sexes||irnt,Glycated haemoglobin (HbA1c),PRIMARY,False,True,2,CSA || MID,2,2,0,881,896.5,912,325,0,True,True,True,True,False,True,False,True,True,GRCh37,hba1c,Direct quantitative readout,Direct quantitative readout,A,A,1,0,1,1,"Diabetes Mellitus, Type 2","CSA,MID"
gt_3d30f4f9e51c0032,SELE,Pan-UKB,Pan-UKB::biomarkers|30750|both_sexes||irnt,Glycated haemoglobin (HbA1c),PRIMARY,False,True,2,CSA || MID,0,2,0,999,1005.0,1011,0,0,True,False,False,True,False,True,False,True,False,GRCh37,hba1c,Direct quantitative readout,Direct quantitative readout,B,B,0,1,1,1,Diabetes Mellitus,"CSA,MID"
gt_2b081cc8074fcb3d,SLC5A1,Pan-UKB,Pan-UKB::biomarkers|30750|both_sexes||irnt,Glycated haemoglobin (HbA1c),PRIMARY,True,False,2,CSA || MID,2,2,0,958,963.5,969,456,0,False,False,True,False,False,True,False,True,True,GRCh37,hba1c,Direct quantitative readout,Direct quantitative readout,A,"A,B",1,1,2,2,"Diabetes Mellitus || Diabetes Mellitus, Type 2","CSA,MID"
gt_f49766f3ae4b8a2f,SREBF1,Pan-UKB,Pan-UKB::biomarkers|30750|both_sexes||irnt,Glycated haemoglobin (HbA1c),PRIMARY,False,True,2,CSA || MID,2,2,0,274,279.5,285,183,0,True,True,True,True,False,True,False,True,True,GRCh37,hba1c,Direct quantitative readout,Direct quantitative readout,B,B,0,1,1,1,Diabetes Mellitus,"CSA,MID"
gt_f9d79082a44b2223,TP53,Pan-UKB,Pan-UKB::biomarkers|30750|both_sexes||irnt,Glycated haemoglobin (HbA1c),PRIMARY,False,True,2,CSA || MID,2,2,0,565,580.0,595,123,0,True,True,True,True,False,True,False,True,True,GRCh37,hba1c,Direct quantitative readout,Direct quantitative readout,B,B,0,1,1,1,Diabetes Mellitus,"CSA,MID"
gt_dab1180e9c6840b2,VEGFA,Pan-UKB,Pan-UKB::biomarkers|30750|both_sexes||irnt,Glycated haemoglobin (HbA1c),PRIMARY,False,True,2,CSA || MID,2,2,0,593,599.0,605,28,0,True,True,True,True,False,True,False,True,True,GRCh37,hba1c,Direct quantitative readout,Direct quantitative readout,B,B,0,1,1,1,"Diabetes Mellitus, Type 2","CSA,MID"
gt_67c54d9791524a5b,ACVRL1,Pan-UKB,Pan-UKB::continuous|30030|both_sexes||irnt,Haematocrit percentage,SENSITIVITY,False,False,1,CSA,1,1,0,476,476.0,476,23,0,False,False,True,False,False,True,False,True,True,GRCh37,haematocrit,Direct quantitative readout,Direct quantitative readout,B,B,0,1,1,1,Anemia,CSA
gt_0f0a6425c6b4403c,BCL11A,Pan-UKB,Pan-UKB::continuous|30030|both_sexes||irnt,Haematocrit percentage,SENSITIVITY,False,False,1,CSA,0,1,0,702,702.0,702,0,0,False,False,False,False,False,True,False,True,False,GRCh37,haematocrit,Proxy biomarker,Proxy biomarker,B,B,0,1,1,1,"Anemia, Sickle Cell",CSA
gt_0c3c603f8b577864,BCL2,Pan-UKB,Pan-UKB::continuous|30030|both_sexes||irnt,Haematocrit percentage,SENSITIVITY,False,False,1,CSA,0,1,0,996,996.0,996,0,0,False,False,False,False,False,True,False,True,False,GRCh37,haematocrit,Direct quantitative readout,Direct quantitative readout,B,B,0,1,1,1,Anemia,CSA
gt_7b4582d3f70c8637,DYRK3,Pan-UKB,Pan-UKB::continuous|30030|both_sexes||irnt,Haematocrit percentage,SENSITIVITY,False,False,1,CSA,0,1,0,570,570.0,570,0,0,False,False,False,False,False,True,False,True,False,GRCh37,haematocrit,Direct quantitative readout,Direct quantitative readout,B,B,0,1,1,1,Anemia,CSA
gt_96b2ddeb85d9edbd,EGLN1,Pan-UKB,Pan-UKB::continuous|30030|both_sexes||irnt,Haematocrit percentage,SENSITIVITY,False,False,1,CSA,1,1,0,658,658.0,658,331,0,False,False,True,False,False,True,False,True,True,GRCh37,haematocrit,Direct quantitative readout,Direct quantitative readout,A,A,1,0,1,1,Anemia,CSA
gt_9f9d9a8f3eb4fe90,EGLN2,Pan-UKB,Pan-UKB::continuous|30030|both_sexes||irnt,Haematocrit percentage,SENSITIVITY,False,False,1,CSA,1,1,0,805,805.0,805,103,0,False,False,True,False,False,True,False,True,True,GRCh37,haematocrit,Direct quantitative readout,Direct quantitative readout,A,A,1,0,1,1,Anemia,CSA
gt_66b062a2cbe3e941,EGLN3,Pan-UKB,Pan-UKB::continuous|30030|both_sexes||irnt,Haematocrit percentage,SENSITIVITY,False,False,1,CSA,1,1,0,2543,2543.0,2543,117,0,False,False,True,False,False,True,False,True,True,GRCh37,haematocrit,Direct quantitative readout,Direct quantitative readout,A,A,1,0,1,1,Anemia,CSA
gt_7ae5be7834d91f7b,EPOR,Pan-UKB,Pan-UKB::continuous|30030|both_sexes||irnt,Haematocrit percentage,SENSITIVITY,False,False,1,CSA,0,1,0,487,487.0,487,0,0,False,False,False,False,False,True,False,True,False,GRCh37,haematocrit,Direct quantitative readout,Direct quantitative readout,A,A,1,0,1,1,Anemia,CSA
gt_9d916cc71cbd9929,HAMP,Pan-UKB,Pan-UKB::continuous|30030|both_sexes||irnt,Haematocrit percentage,SENSITIVITY,False,False,1,CSA,0,1,0,764,764.0,764,0,0,False,False,False,False,False,True,False,True,False,GRCh37,haematocrit,Direct quantitative readout,Direct quantitative readout,B,B,0,1,1,1,Anemia,CSA
gt_e2b9d18ccdcdc08d,HBG1,Pan-UKB,Pan-UKB::continuous|30030|both_sexes||irnt,Haematocrit percentage,SENSITIVITY,False,False,1,CSA,0,1,0,938,938.0,938,0,0,False,False,False,False,False,True,False,True,False,GRCh37,haematocrit,Proxy biomarker,Proxy biomarker,B,B,0,1,1,1,"Anemia, Sickle Cell",CSA
gt_fb481c095df557c6,IL6,Pan-UKB,Pan-UKB::continuous|30030|both_sexes||irnt,Haematocrit percentage,SENSITIVITY,False,False,1,CSA,0,1,0,765,765.0,765,0,0,False,False,False,False,False,True,False,True,False,GRCh37,haematocrit,Direct quantitative readout,Direct quantitative readout,B,B,0,1,1,1,Anemia,CSA
gt_26e68f63f1f17429,JAK2,Pan-UKB,Pan-UKB::continuous|30030|both_sexes||irnt,Haematocrit percentage,PRIMARY,False,True,1,CSA,0,1,0,887,887.0,887,0,0,True,False,False,True,False,True,False,True,False,GRCh37,haematocrit,Direct quantitative readout,Direct quantitative readout,A,A,1,0,1,1,Polycythemia Vera,CSA
gt_dc4d847f4c3509f6,PKLR,Pan-UKB,Pan-UKB::continuous|30030|both_sexes||irnt,Haematocrit percentage,SENSITIVITY,False,False,1,CSA,1,1,0,212,212.0,212,32,0,False,False,True,False,False,True,False,True,True,GRCh37,haematocrit,Direct quantitative readout,Direct quantitative readout,B,B,0,1,1,1,Anemia,CSA
gt_be73a29381d60813,SLC40A1,Pan-UKB,Pan-UKB::continuous|30030|both_sexes||irnt,Haematocrit percentage,SENSITIVITY,False,False,1,CSA,0,1,0,478,478.0,478,1,0,False,False,False,False,False,True,False,True,False,GRCh37,haematocrit,Direct quantitative readout,Direct quantitative readout,B,B,0,1,1,1,Anemia,CSA
gt_df32c27b840a5558,ACVRL1,Pan-UKB,Pan-UKB::continuous|30020|both_sexes||irnt,Haemoglobin concentration,PRIMARY,False,True,1,CSA,1,1,0,476,476.0,476,19,0,True,True,True,True,False,True,False,True,True,GRCh37,haemoglobin,Direct quantitative readout,Direct quantitative readout,B,B,0,1,1,1,Anemia,CSA
gt_c19c98b54e6718ee,BCL11A,Pan-UKB,Pan-UKB::continuous|30020|both_sexes||irnt,Haemoglobin concentration,SENSITIVITY,False,False,1,CSA,0,1,0,702,702.0,702,0,0,False,False,False,False,False,True,False,True,False,GRCh37,haemoglobin,Proxy biomarker,Proxy biomarker,B,B,0,1,1,1,"Anemia, Sickle Cell",CSA
gt_27028081fffa2432,BCL2,Pan-UKB,Pan-UKB::continuous|30020|both_sexes||irnt,Haemoglobin concentration,PRIMARY,False,True,1,CSA,0,1,0,996,996.0,996,0,0,True,False,False,True,False,True,False,True,False,GRCh37,haemoglobin,Direct quantitative readout,Direct quantitative readout,B,B,0,1,1,1,Anemia,CSA
gt_6d527f983ded21ce,DYRK3,Pan-UKB,Pan-UKB::continuous|30020|both_sexes||irnt,Haemoglobin concentration,PRIMARY,False,True,1,CSA,0,1,0,570,570.0,570,0,0,True,False,False,True,False,True,False,True,False,GRCh37,haemoglobin,Direct quantitative readout,Direct quantitative readout,B,B,0,1,1,1,Anemia,CSA
gt_6543c2a00ddc02f5,EGLN1,Pan-UKB,Pan-UKB::continuous|30020|both_sexes||irnt,Haemoglobin concentration,PRIMARY,False,True,1,CSA,1,1,0,658,658.0,658,255,0,True,True,True,True,False,True,False,True,True,GRCh37,haemoglobin,Direct quantitative readout,Direct quantitative readout,A,A,1,0,1,1,Anemia,CSA
gt_6100c7305905baed,EGLN2,Pan-UKB,Pan-UKB::continuous|30020|both_sexes||irnt,Haemoglobin concentration,PRIMARY,False,True,1,CSA,1,1,0,805,805.0,805,109,0,True,True,True,True,False,True,False,True,True,GRCh37,haemoglobin,Direct quantitative readout,Direct quantitative readout,A,A,1,0,1,1,Anemia,CSA
gt_e581489a9e9ecfc2,EGLN3,Pan-UKB,Pan-UKB::continuous|30020|both_sexes||irnt,Haemoglobin concentration,PRIMARY,False,True,1,CSA,1,1,0,2543,2543.0,2543,33,0,True,True,True,True,False,True,False,True,True,GRCh37,haemoglobin,Direct quantitative readout,Direct quantitative readout,A,A,1,0,1,1,Anemia,CSA
gt_357a52ecdb682313,EPOR,Pan-UKB,Pan-UKB::continuous|30020|both_sexes||irnt,Haemoglobin concentration,PRIMARY,False,True,1,CSA,0,1,0,487,487.0,487,0,0,True,False,False,True,False,True,False,True,False,GRCh37,haemoglobin,Direct quantitative readout,Direct quantitative readout,A,A,1,0,1,1,Anemia,CSA
gt_71c56e5a21360fea,HAMP,Pan-UKB,Pan-UKB::continuous|30020|both_sexes||irnt,Haemoglobin concentration,PRIMARY,False,True,1,CSA,0,1,0,764,764.0,764,0,0,True,False,False,True,False,True,False,True,False,GRCh37,haemoglobin,Direct quantitative readout,Direct quantitative readout,B,B,0,1,1,1,Anemia,CSA
gt_5987f2d6993fa9d0,HBG1,Pan-UKB,Pan-UKB::continuous|30020|both_sexes||irnt,Haemoglobin concentration,SENSITIVITY,False,False,1,CSA,0,1,0,938,938.0,938,0,0,False,False,False,False,False,True,False,True,False,GRCh37,haemoglobin,Proxy biomarker,Proxy biomarker,B,B,0,1,1,1,"Anemia, Sickle Cell",CSA
gt_4d13eda51c3b314b,IL6,Pan-UKB,Pan-UKB::continuous|30020|both_sexes||irnt,Haemoglobin concentration,PRIMARY,False,True,1,CSA,0,1,0,765,765.0,765,0,0,True,False,False,True,False,True,False,True,False,GRCh37,haemoglobin,Direct quantitative readout,Direct quantitative readout,B,B,0,1,1,1,Anemia,CSA
gt_159a6541799e74e2,JAK2,Pan-UKB,Pan-UKB::continuous|30020|both_sexes||irnt,Haemoglobin concentration,SENSITIVITY,False,False,1,CSA,0,1,0,887,887.0,887,0,0,False,False,False,False,False,True,False,True,False,GRCh37,haemoglobin,Direct quantitative readout,Direct quantitative readout,A,A,1,0,1,1,Polycythemia Vera,CSA
gt_75fe57ef3df525f5,PKLR,Pan-UKB,Pan-UKB::continuous|30020|both_sexes||irnt,Haemoglobin concentration,PRIMARY,False,True,1,CSA,1,1,0,212,212.0,212,30,0,True,True,True,True,False,True,False,True,True,GRCh37,haemoglobin,Direct quantitative readout,Direct quantitative readout,B,B,0,1,1,1,Anemia,CSA
gt_aa37c9461d658ae6,SLC40A1,Pan-UKB,Pan-UKB::continuous|30020|both_sexes||irnt,Haemoglobin concentration,PRIMARY,False,True,1,CSA,0,1,0,478,478.0,478,0,0,True,False,False,True,False,True,False,True,False,GRCh37,haemoglobin,Direct quantitative readout,Direct quantitative readout,B,B,0,1,1,1,Anemia,CSA
gt_709069d1feb6b869,ESR1,Pan-UKB,Pan-UKB::continuous|3148|both_sexes||irnt,Heel bone mineral density (BMD),PRIMARY,False,True,1,CSA,1,1,0,2117,2117.0,2117,480,0,True,True,True,True,False,True,False,True,True,GRCh37,heel_bone_mineral_density,Direct quantitative readout,Direct quantitative readout,A,A,1,0,1,1,Osteoporosis,CSA
gt_49fc2519dd5d448f,GHRHR,Pan-UKB,Pan-UKB::continuous|3148|both_sexes||irnt,Heel bone mineral density (BMD),PRIMARY,False,True,1,CSA,1,1,0,759,759.0,759,58,0,True,True,True,True,False,True,False,True,True,GRCh37,heel_bone_mineral_density,Direct quantitative readout,Direct quantitative readout,B,B,0,1,1,1,Osteoporosis,CSA
gt_1a54193972b2aa21,SOST,Pan-UKB,Pan-UKB::continuous|3148|both_sexes||irnt,Heel bone mineral density (BMD),PRIMARY,False,True,1,CSA,1,1,0,390,390.0,390,180,0,True,True,True,True,False,True,False,True,True,GRCh37,heel_bone_mineral_density,Direct quantitative readout,Direct quantitative readout,B,B,0,1,1,1,Osteoporosis,CSA
gt_95af7ca2e8a7e102,ABCA1,Pan-UKB,Pan-UKB::biomarkers|30780|both_sexes||irnt,LDL direct,PRIMARY,False,True,1,CSA,1,1,0,1286,1286.0,1286,73,0,True,True,True,True,False,True,False,True,True,GRCh37,ldl_cholesterol,Direct quantitative readout,Direct quantitative readout,B,B,0,1,1,1,Hyperlipidemias,CSA
gt_bbdbb86b1024cfac,ADRB1,Pan-UKB,Pan-UKB::biomarkers|30780|both_sexes||irnt,LDL direct,PRIMARY,False,True,1,CSA,1,1,0,497,497.0,497,13,0,True,True,True,True,False,True,False,True,True,GRCh37,ldl_cholesterol,Direct quantitative readout,Direct quantitative readout,B,B,0,1,1,1,Hyperlipidemias,CSA
gt_d6604f91c9b9bd68,ADRB2,Pan-UKB,Pan-UKB::biomarkers|30780|both_sexes||irnt,LDL direct,PRIMARY,False,True,1,CSA,0,1,0,571,571.0,571,0,0,True,False,False,True,False,True,False,True,False,GRCh37,ldl_cholesterol,Direct quantitative readout,Direct quantitative readout,B,B,0,1,1,1,Hyperlipidemias,CSA
gt_1d807595f65d990d,ANGPTL3,Pan-UKB,Pan-UKB::biomarkers|30780|both_sexes||irnt,LDL direct,PRIMARY,True,False,1,CSA,1,1,0,242,242.0,242,202,0,False,False,True,False,False,True,False,True,True,GRCh37,ldl_cholesterol,Direct quantitative readout,Direct quantitative readout,A,"A,B",1,3,4,4,Dyslipidemias || Hypercholesterolemia || Hyperlipidemias || Hyperlipoproteinemia Type II,CSA
gt_1c018fe9f451c0ea,ANGPTL8,Pan-UKB,Pan-UKB::biomarkers|30780|both_sexes||irnt,LDL direct,PRIMARY,False,True,1,CSA,1,1,0,663,663.0,663,177,0,True,True,True,True,False,True,False,True,True,GRCh37,ldl_cholesterol,Direct quantitative readout,Direct quantitative readout,B,B,0,1,1,1,Hyperlipidemias,CSA
gt_25de020ab85c0f34,APOA1,Pan-UKB,Pan-UKB::biomarkers|30780|both_sexes||irnt,LDL direct,PRIMARY,False,True,1,CSA,1,1,0,605,605.0,605,250,0,True,True,True,True,False,True,False,True,True,GRCh37,ldl_cholesterol,Direct quantitative readout,Direct quantitative readout,B,B,0,3,3,3,Hypercholesterolemia || Hyperlipidemias || Hyperlipoproteinemia Type II,CSA
gt_65aa7546aeba1725,APOB,Pan-UKB,Pan-UKB::biomarkers|30780|both_sexes||irnt,LDL direct,PRIMARY,True,False,1,CSA,1,1,0,427,427.0,427,310,0,False,False,True,False,False,True,False,True,True,GRCh37,ldl_cholesterol,Direct quantitative readout,Direct quantitative readout,A,"A,B",1,2,3,3,Hypercholesterolemia || Hyperlipidemias || Hyperlipoproteinemia Type II,CSA
gt_e4eae46191577e93,APOC3,Pan-UKB,Pan-UKB::biomarkers|30780|both_sexes||irnt,LDL direct,PRIMARY,False,True,1,CSA,1,1,0,599,599.0,599,252,0,True,True,True,True,False,True,False,True,True,GRCh37,ldl_cholesterol,Direct quantitative readout,Direct quantitative readout,B,B,0,3,3,3,Dyslipidemias || Hypercholesterolemia || Hyperlipidemias,CSA
gt_0b0678ba83486ccf,APOE,Pan-UKB,Pan-UKB::biomarkers|30780|both_sexes||irnt,LDL direct,PRIMARY,False,True,1,CSA,1,1,1,612,612.0,612,403,11,True,True,True,True,True,True,True,True,True,GRCh37,ldl_cholesterol,Direct quantitative readout,Direct quantitative readout,B,B,0,1,1,1,Hyperlipoproteinemia Type II,CSA
gt_cbb5ddcaa2f8a827,CETP,Pan-UKB,Pan-UKB::biomarkers|30780|both_sexes||irnt,LDL direct,PRIMARY,False,True,1,CSA,1,1,0,805,805.0,805,52,0,True,True,True,True,False,True,False,True,True,GRCh37,ldl_cholesterol,Direct quantitative readout,Direct quantitative readout,B,B,0,3,3,3,Hypercholesterolemia || Hyperlipidemias || Hyperlipoproteinemia Type II,CSA
gt_af31839ea5782bf6,DGAT2,Pan-UKB,Pan-UKB::biomarkers|30780|both_sexes||irnt,LDL direct,PRIMARY,False,True,1,CSA,0,1,0,450,450.0,450,0,0,True,False,False,True,False,True,False,True,False,GRCh37,ldl_cholesterol,Direct quantitative readout,Direct quantitative readout,B,B,0,1,1,1,Hyperlipidemias,CSA
gt_c737d88261852ece,FDFT1,Pan-UKB,Pan-UKB::biomarkers|30780|both_sexes||irnt,LDL direct,PRIMARY,False,True,1,CSA,0,1,0,1342,1342.0,1342,0,0,True,False,False,True,False,True,False,True,False,GRCh37,ldl_cholesterol,Direct quantitative readout,Direct quantitative readout,B,B,0,1,1,1,Hyperlipidemias,CSA
gt_478ff02cdcfc6a99,HCAR2,Pan-UKB,Pan-UKB::biomarkers|30780|both_sexes||irnt,LDL direct,PRIMARY,False,True,1,CSA,0,1,0,425,425.0,425,0,0,True,False,False,True,False,True,False,True,False,GRCh37,ldl_cholesterol,Direct quantitative readout,Direct quantitative readout,B,B,0,2,2,2,Hypercholesterolemia || Hyperlipidemias,CSA
gt_d02d21f4deeb3658,HCAR3,Pan-UKB,Pan-UKB::biomarkers|30780|both_sexes||irnt,LDL direct,PRIMARY,False,True,1,CSA,0,1,0,505,505.0,505,0,0,True,False,False,True,False,True,False,True,False,GRCh37,ldl_cholesterol,Direct quantitative readout,Direct quantitative readout,B,B,0,2,2,2,Hypercholesterolemia || Hyperlipidemias,CSA
gt_fdbaedc51aaa106f,HMGCR,Pan-UKB,Pan-UKB::biomarkers|30780|both_sexes||irnt,LDL direct,PRIMARY,False,True,1,CSA,1,1,0,474,474.0,474,371,0,True,True,True,True,False,True,False,True,True,GRCh37,ldl_cholesterol,Direct quantitative readout,Direct quantitative readout,A,A,3,0,3,3,Dyslipidemias || Hypercholesterolemia || Hyperlipidemias,CSA
gt_5da1ad3edfdad65e,LPA,Pan-UKB,Pan-UKB::biomarkers|30780|both_sexes||irnt,LDL direct,PRIMARY,False,True,1,CSA,1,1,0,642,642.0,642,230,0,True,True,True,True,False,True,False,True,True,GRCh37,ldl_cholesterol,Direct quantitative readout,Direct quantitative readout,B,B,0,1,1,1,Hyperlipidemias,CSA
gt_ad816587eda5b569,MTTP,Pan-UKB,Pan-UKB::biomarkers|30780|both_sexes||irnt,LDL direct,PRIMARY,False,True,1,CSA,0,1,0,807,807.0,807,0,0,True,False,False,True,False,True,False,True,False,GRCh37,ldl_cholesterol,Direct quantitative readout,Direct quantitative readout,B,B,0,1,1,1,Hyperlipidemias,CSA
gt_e0d231bc78a0b903,NPC1L1,Pan-UKB,Pan-UKB::biomarkers|30780|both_sexes||irnt,LDL direct,PRIMARY,True,False,1,CSA,1,1,0,492,492.0,492,191,0,False,False,True,False,False,True,False,True,True,GRCh37,ldl_cholesterol,Direct quantitative readout,Direct quantitative readout,A,"A,B",1,1,2,2,Dyslipidemias || Hyperlipidemias,CSA
gt_c0dccd327bd42d57,NR1H3,Pan-UKB,Pan-UKB::biomarkers|30780|both_sexes||irnt,LDL direct,PRIMARY,False,True,1,CSA,0,1,0,424,424.0,424,0,0,True,False,False,True,False,True,False,True,False,GRCh37,ldl_cholesterol,Direct quantitative readout,Direct quantitative readout,B,B,0,1,1,1,Hypercholesterolemia,CSA
gt_b8759ac053b783c0,NR1H4,Pan-UKB,Pan-UKB::biomarkers|30780|both_sexes||irnt,LDL direct,PRIMARY,False,True,1,CSA,0,1,0,497,497.0,497,0,0,True,False,False,True,False,True,False,True,False,GRCh37,ldl_cholesterol,Direct quantitative readout,Direct quantitative readout,B,B,0,2,2,2,Hypercholesterolemia || Hyperlipidemias,CSA
gt_d690685489730e56,PCSK9,Pan-UKB,Pan-UKB::biomarkers|30780|both_sexes||irnt,LDL direct,PRIMARY,False,True,1,CSA,1,1,0,674,674.0,674,213,0,True,True,True,True,False,True,False,True,True,GRCh37,ldl_cholesterol,Direct quantitative readout,Direct quantitative readout,A,A,3,0,3,3,Hypercholesterolemia || Hyperlipidemias || Hyperlipoproteinemia Type II,CSA
gt_73254ff7b0091f43,PPARA,Pan-UKB,Pan-UKB::biomarkers|30780|both_sexes||irnt,LDL direct,PRIMARY,True,False,1,CSA,0,1,0,752,752.0,752,0,0,False,False,False,False,False,True,False,True,False,GRCh37,ldl_cholesterol,Direct quantitative readout,Direct quantitative readout,A,"A,B",3,1,4,4,Dyslipidemias || Hypercholesterolemia || Hyperlipidemias || Hyperlipoproteinemia Type II,CSA
gt_3b78c5d3b48b82a8,PPARG,Pan-UKB,Pan-UKB::biomarkers|30780|both_sexes||irnt,LDL direct,PRIMARY,False,True,1,CSA,1,1,0,879,879.0,879,62,0,True,True,True,True,False,True,False,True,True,GRCh37,ldl_cholesterol,Direct quantitative readout,Direct quantitative readout,A,A,1,0,1,1,Hyperlipidemias,CSA
gt_bb8ad900243245bb,SLC10A2,Pan-UKB,Pan-UKB::biomarkers|30780|both_sexes||irnt,LDL direct,PRIMARY,False,True,1,CSA,0,1,0,616,616.0,616,0,0,True,False,False,True,False,True,False,True,False,GRCh37,ldl_cholesterol,Direct quantitative readout,Direct quantitative readout,B,B,0,2,2,2,Hypercholesterolemia || Hyperlipidemias,CSA
gt_a9a80c5c767d754d,THRB,Pan-UKB,Pan-UKB::biomarkers|30780|both_sexes||irnt,LDL direct,PRIMARY,False,True,1,CSA,0,1,0,1576,1576.0,1576,0,0,True,False,False,True,False,True,False,True,False,GRCh37,ldl_cholesterol,Direct quantitative readout,Direct quantitative readout,B,B,0,2,2,2,Hypercholesterolemia || Hyperlipoproteinemia Type II,CSA
gt_155dae93dd1434a9,ACVRL1,Pan-UKB,Pan-UKB::continuous|30040|both_sexes||irnt,Mean corpuscular volume,SENSITIVITY,False,False,1,CSA,0,1,0,476,476.0,476,0,0,False,False,False,False,False,True,False,True,False,GRCh37,mean_corpuscular_volume,Direct quantitative readout,Direct quantitative readout,B,B,0,1,1,1,Anemia,CSA
gt_dd9f4fe0c23e938f,BCL11A,Pan-UKB,Pan-UKB::continuous|30040|both_sexes||irnt,Mean corpuscular volume,SENSITIVITY,False,False,1,CSA,1,1,0,702,702.0,702,305,0,False,False,True,False,False,True,False,True,True,GRCh37,mean_corpuscular_volume,Proxy biomarker,Proxy biomarker,B,B,0,1,1,1,"Anemia, Sickle Cell",CSA
gt_05f8bac9dea5ae35,BCL2,Pan-UKB,Pan-UKB::continuous|30040|both_sexes||irnt,Mean corpuscular volume,SENSITIVITY,False,False,1,CSA,0,1,0,996,996.0,996,0,0,False,False,False,False,False,True,False,True,False,GRCh37,mean_corpuscular_volume,Direct quantitative readout,Direct quantitative readout,B,B,0,1,1,1,Anemia,CSA
gt_5505327134397a27,DYRK3,Pan-UKB,Pan-UKB::continuous|30040|both_sexes||irnt,Mean corpuscular volume,SENSITIVITY,False,False,1,CSA,1,1,0,570,570.0,570,28,0,False,False,True,False,False,True,False,True,True,GRCh37,mean_corpuscular_volume,Direct quantitative readout,Direct quantitative readout,B,B,0,1,1,1,Anemia,CSA
gt_066545273a7ccaa6,EGLN1,Pan-UKB,Pan-UKB::continuous|30040|both_sexes||irnt,Mean corpuscular volume,SENSITIVITY,False,False,1,CSA,0,1,0,658,658.0,658,0,0,False,False,False,False,False,True,False,True,False,GRCh37,mean_corpuscular_volume,Direct quantitative readout,Direct quantitative readout,A,A,1,0,1,1,Anemia,CSA
gt_e62033aef1ef1332,EGLN2,Pan-UKB,Pan-UKB::continuous|30040|both_sexes||irnt,Mean corpuscular volume,SENSITIVITY,False,False,1,CSA,0,1,0,805,805.0,805,0,0,False,False,False,False,False,True,False,True,False,GRCh37,mean_corpuscular_volume,Direct quantitative readout,Direct quantitative readout,A,A,1,0,1,1,Anemia,CSA
gt_3671d46e17b82f0c,EGLN3,Pan-UKB,Pan-UKB::continuous|30040|both_sexes||irnt,Mean corpuscular volume,SENSITIVITY,False,False,1,CSA,0,1,0,2543,2543.0,2543,0,0,False,False,False,False,False,True,False,True,False,GRCh37,mean_corpuscular_volume,Direct quantitative readout,Direct quantitative readout,A,A,1,0,1,1,Anemia,CSA
gt_21973df8b3e37a4d,EPOR,Pan-UKB,Pan-UKB::continuous|30040|both_sexes||irnt,Mean corpuscular volume,SENSITIVITY,False,False,1,CSA,1,1,0,487,487.0,487,15,0,False,False,True,False,False,True,False,True,True,GRCh37,mean_corpuscular_volume,Direct quantitative readout,Direct quantitative readout,A,A,1,0,1,1,Anemia,CSA
gt_780290772563eda3,HAMP,Pan-UKB,Pan-UKB::continuous|30040|both_sexes||irnt,Mean corpuscular volume,SENSITIVITY,False,False,1,CSA,1,1,0,764,764.0,764,64,0,False,False,True,False,False,True,False,True,True,GRCh37,mean_corpuscular_volume,Direct quantitative readout,Direct quantitative readout,B,B,0,1,1,1,Anemia,CSA
gt_d6350dbe046b3ee8,HBG1,Pan-UKB,Pan-UKB::continuous|30040|both_sexes||irnt,Mean corpuscular volume,SENSITIVITY,False,False,1,CSA,0,1,0,938,938.0,938,2,0,False,False,False,False,False,True,False,True,False,GRCh37,mean_corpuscular_volume,Proxy biomarker,Proxy biomarker,B,B,0,1,1,1,"Anemia, Sickle Cell",CSA
gt_6017c847a917cc44,IL6,Pan-UKB,Pan-UKB::continuous|30040|both_sexes||irnt,Mean corpuscular volume,SENSITIVITY,False,False,1,CSA,0,1,0,765,765.0,765,0,0,False,False,False,False,False,True,False,True,False,GRCh37,mean_corpuscular_volume,Direct quantitative readout,Direct quantitative readout,B,B,0,1,1,1,Anemia,CSA
gt_bdc40f9987946f1b,PKLR,Pan-UKB,Pan-UKB::continuous|30040|both_sexes||irnt,Mean corpuscular volume,SENSITIVITY,False,False,1,CSA,0,1,0,212,212.0,212,0,0,False,False,False,False,False,True,False,True,False,GRCh37,mean_corpuscular_volume,Direct quantitative readout,Direct quantitative readout,B,B,0,1,1,1,Anemia,CSA
gt_8bf123ea23ab1ff1,SLC40A1,Pan-UKB,Pan-UKB::continuous|30040|both_sexes||irnt,Mean corpuscular volume,SENSITIVITY,False,False,1,CSA,0,1,0,478,478.0,478,0,0,False,False,False,False,False,True,False,True,False,GRCh37,mean_corpuscular_volume,Direct quantitative readout,Direct quantitative readout,B,B,0,1,1,1,Anemia,CSA
gt_38057e29398d09a6,CSF3,Pan-UKB,Pan-UKB::continuous|30140|both_sexes||irnt,Neutrophill count,PRIMARY,False,True,2,CSA || MID,2,2,1,502,519.0,536,400,151,True,True,True,True,True,True,True,True,True,GRCh37,neutrophil_count,Direct quantitative readout,Direct quantitative readout,A,A,1,0,1,1,Neutropenia,"CSA,MID"
gt_128ad7c7ffd40309,CSF3R,Pan-UKB,Pan-UKB::continuous|30140|both_sexes||irnt,Neutrophill count,PRIMARY,False,True,2,CSA || MID,2,2,0,664,695.0,726,171,0,True,True,True,True,False,True,False,True,True,GRCh37,neutrophil_count,Direct quantitative readout,Direct quantitative readout,A,A,1,0,1,1,Neutropenia,"CSA,MID"
gt_575fb984fe133eec,CXCR4,Pan-UKB,Pan-UKB::continuous|30140|both_sexes||irnt,Neutrophill count,PRIMARY,False,True,2,CSA || MID,0,2,0,338,342.0,346,0,0,True,False,False,True,False,True,False,True,False,GRCh37,neutrophil_count,Direct quantitative readout,Direct quantitative readout,B,B,0,1,1,1,Neutropenia,"CSA,MID"
gt_7139353b566f0bd6,FAP,Pan-UKB,Pan-UKB::continuous|30140|both_sexes||irnt,Neutrophill count,PRIMARY,False,True,2,CSA || MID,2,2,0,381,396.5,412,7,0,True,True,True,True,False,True,False,True,True,GRCh37,neutrophil_count,Direct quantitative readout,Direct quantitative readout,B,B,0,1,1,1,Neutropenia,"CSA,MID"
gt_0c426abe19a96c54,ENPP1,Pan-UKB,Pan-UKB::biomarkers|30810|both_sexes||irnt,Phosphate,PRIMARY,False,True,1,CSA,1,1,0,794,794.0,794,345,0,True,True,True,True,False,True,False,True,True,GRCh37,phosphate,Direct quantitative readout,Direct quantitative readout,B,B,0,1,1,1,Hypophosphatemia,CSA
gt_d019bda2659bf3ff,ACVR2A,Pan-UKB,Pan-UKB::continuous|30080|both_sexes||irnt,Platelet count,PRIMARY,False,True,3,AFR || CSA || EAS,0,3,0,351,363.0,435,0,0,True,False,False,True,False,True,False,True,False,GRCh37,platelet_count,Direct quantitative readout,Direct quantitative readout,B,B,0,1,1,1,Thrombocytopenia,"AFR,CSA,EAS"
gt_88273410ebd1ce63,ALOX12,Pan-UKB,Pan-UKB::continuous|30080|both_sexes||irnt,Platelet count,PRIMARY,False,True,3,AFR || CSA || EAS,0,3,0,526,539.0,620,0,0,True,False,False,True,False,True,False,True,False,GRCh37,platelet_count,Direct quantitative readout,Direct quantitative readout,B,B,0,1,1,1,Thrombocytopenia,"AFR,CSA,EAS"
gt_4463afbdc4dbc11f,FCGRT,Pan-UKB,Pan-UKB::continuous|30080|both_sexes||irnt,Platelet count,PRIMARY,False,True,3,AFR || CSA || EAS,0,3,0,437,465.0,552,0,0,True,False,False,True,False,True,False,True,False,GRCh37,platelet_count,Direct quantitative readout,Direct quantitative readout,B,B,0,1,1,1,Thrombocytopenia,"AFR,CSA,EAS"
gt_7e1d4c422ada3030,FLT3,Pan-UKB,Pan-UKB::continuous|30080|both_sexes||irnt,Platelet count,PRIMARY,False,True,3,AFR || CSA || EAS,0,3,0,791,810.0,872,0,0,True,False,False,True,False,True,False,True,False,GRCh37,platelet_count,Direct quantitative readout,Direct quantitative readout,A,A,2,0,2,2,Thrombocytopenia || Thrombocytosis,"AFR,CSA,EAS"
gt_e5330af70b68c87c,IFNGR1,Pan-UKB,Pan-UKB::continuous|30080|both_sexes||irnt,Platelet count,PRIMARY,False,True,3,AFR || CSA || EAS,0,3,0,397,433.0,511,0,0,True,False,False,True,False,True,False,True,False,GRCh37,platelet_count,Direct quantitative readout,Direct quantitative readout,B,B,0,1,1,1,Thrombocytosis,"AFR,CSA,EAS"
gt_551bca4b69208db4,IL12A,Pan-UKB,Pan-UKB::continuous|30080|both_sexes||irnt,Platelet count,PRIMARY,False,True,3,AFR || CSA || EAS,0,3,0,574,646.0,693,0,0,True,False,False,True,False,True,False,True,False,GRCh37,platelet_count,Direct quantitative readout,Direct quantitative readout,B,B,0,1,1,1,Thrombocytopenia,"AFR,CSA,EAS"
gt_3ef75cbdd99b6f07,IL12B,Pan-UKB,Pan-UKB::continuous|30080|both_sexes||irnt,Platelet count,PRIMARY,False,True,3,AFR || CSA || EAS,3,3,0,420,421.0,458,49,0,True,True,True,True,False,True,False,True,True,GRCh37,platelet_count,Direct quantitative readout,Direct quantitative readout,B,B,0,1,1,1,Thrombocytopenia,"AFR,CSA,EAS"
gt_54755b381baac1e7,JAK1,Pan-UKB,Pan-UKB::continuous|30080|both_sexes||irnt,Platelet count,PRIMARY,False,True,3,AFR || CSA || EAS,3,3,0,525,617.0,747,65,0,True,True,True,True,False,True,False,True,True,GRCh37,platelet_count,Direct quantitative readout,Direct quantitative readout,B,B,0,1,1,1,Thrombocytosis,"AFR,CSA,EAS"
gt_2fdb14cf300437e0,JAK2,Pan-UKB,Pan-UKB::continuous|30080|both_sexes||irnt,Platelet count,PRIMARY,False,True,3,AFR || CSA || EAS,3,3,0,761,782.0,887,434,0,True,True,True,True,False,True,False,True,True,GRCh37,platelet_count,Direct quantitative readout,Direct quantitative readout,A,A,2,0,2,2,Thrombocytopenia || Thrombocytosis,"AFR,CSA,EAS"
gt_3e77fef73aae3ddd,KDM1A,Pan-UKB,Pan-UKB::continuous|30080|both_sexes||irnt,Platelet count,PRIMARY,False,True,3,AFR || CSA || EAS,3,3,0,403,410.0,455,3,0,True,True,True,True,False,True,False,True,True,GRCh37,platelet_count,Direct quantitative readout,Direct quantitative readout,B,B,0,1,1,1,Thrombocytosis,"AFR,CSA,EAS"
gt_15ac10d89616dccb,KIT,Pan-UKB,Pan-UKB::continuous|30080|both_sexes||irnt,Platelet count,PRIMARY,False,True,3,AFR || CSA || EAS,0,3,0,700,705.0,786,2,0,True,False,False,True,False,True,False,True,False,GRCh37,platelet_count,Direct quantitative readout,Direct quantitative readout,A,A,1,0,1,1,Thrombocytopenia,"AFR,CSA,EAS"
gt_c1c146b54614cb80,MPL,Pan-UKB,Pan-UKB::continuous|30080|both_sexes||irnt,Platelet count,PRIMARY,False,True,3,AFR || CSA || EAS,3,3,0,224,254.0,305,17,0,True,True,True,True,False,True,False,True,True,GRCh37,platelet_count,Direct quantitative readout,Direct quantitative readout,A,A,1,0,1,1,Thrombocytopenia,"AFR,CSA,EAS"
gt_d1d00e9dc71a2499,PIK3CA,Pan-UKB,Pan-UKB::continuous|30080|both_sexes||irnt,Platelet count,PRIMARY,False,True,3,AFR || CSA || EAS,3,3,0,550,708.0,734,132,0,True,True,True,True,False,True,False,True,True,GRCh37,platelet_count,Direct quantitative readout,Direct quantitative readout,B,B,0,1,1,1,Thrombocytosis,"AFR,CSA,EAS"
gt_50240b5be2101e2e,PIK3CB,Pan-UKB,Pan-UKB::continuous|30080|both_sexes||irnt,Platelet count,PRIMARY,False,True,3,AFR || CSA || EAS,3,3,0,537,543.0,597,247,0,True,True,True,True,False,True,False,True,True,GRCh37,platelet_count,Direct quantitative readout,Direct quantitative readout,B,B,0,1,1,1,Thrombocytosis,"AFR,CSA,EAS"
gt_c3ed739628d10066,PIK3CD,Pan-UKB,Pan-UKB::continuous|30080|both_sexes||irnt,Platelet count,PRIMARY,False,True,3,AFR || CSA || EAS,0,3,0,312,320.0,388,0,0,True,False,False,True,False,True,False,True,False,GRCh37,platelet_count,Direct quantitative readout,Direct quantitative readout,B,B,0,1,1,1,Thrombocytosis,"AFR,CSA,EAS"
gt_2b861b21b2545ae4,PIK3CG,Pan-UKB,Pan-UKB::continuous|30080|both_sexes||irnt,Platelet count,PRIMARY,False,True,3,AFR || CSA || EAS,3,3,0,534,585.0,653,8,0,True,True,True,True,False,True,False,True,True,GRCh37,platelet_count,Direct quantitative readout,Direct quantitative readout,B,B,0,1,1,1,Thrombocytosis,"AFR,CSA,EAS"
gt_5a525d6a0e697a02,THPO,Pan-UKB,Pan-UKB::continuous|30080|both_sexes||irnt,Platelet count,PRIMARY,False,True,3,AFR || CSA || EAS,3,3,1,514,542.0,613,134,4,True,True,True,True,True,True,True,True,True,GRCh37,platelet_count,Direct quantitative readout,Direct quantitative readout,B,B,0,2,2,2,Thrombocytopenia || Thrombocytosis,"AFR,CSA,EAS"
gt_5835b6b48a34e28c,JAK2,Pan-UKB,Pan-UKB::continuous|30010|both_sexes||irnt,Red blood cell (erythrocyte) count,SENSITIVITY,False,False,2,CSA || MID,0,2,0,887,897.0,907,2,0,False,False,False,False,False,True,False,True,False,GRCh37,red_blood_cell_count,Direct quantitative readout,Direct quantitative readout,A,A,1,0,1,1,Polycythemia Vera,"CSA,MID"
gt_935c33c43285e1f1,ACE,Pan-UKB,Pan-UKB::continuous|4080|both_sexes||irnt,"Systolic blood pressure, automated reading",PRIMARY,False,True,2,CSA || EAS,0,2,0,228,262.0,296,0,0,True,False,False,True,False,True,False,True,False,GRCh37,systolic_blood_pressure,Direct quantitative readout,Direct quantitative readout,A,A,1,0,1,1,Hypertension,"CSA,EAS"
gt_778e5c879251c610,ADRA1A,Pan-UKB,Pan-UKB::continuous|4080|both_sexes||irnt,"Systolic blood pressure, automated reading",PRIMARY,False,True,2,CSA || EAS,0,2,0,1098,1256.0,1414,0,0,True,False,False,True,False,True,False,True,False,GRCh37,systolic_blood_pressure,Direct quantitative readout,Direct quantitative readout,B,B,0,1,1,1,Hypertension,"CSA,EAS"
gt_80dcf53b73f82abf,ADRA2B,Pan-UKB,Pan-UKB::continuous|4080|both_sexes||irnt,"Systolic blood pressure, automated reading",PRIMARY,False,True,2,CSA || EAS,0,2,0,164,178.0,192,0,0,True,False,False,True,False,True,False,True,False,GRCh37,systolic_blood_pressure,Direct quantitative readout,Direct quantitative readout,A,A,1,0,1,1,Hypertension,"CSA,EAS"
gt_34ebd8dbd9566ac9,ADRA2C,Pan-UKB,Pan-UKB::continuous|4080|both_sexes||irnt,"Systolic blood pressure, automated reading",PRIMARY,False,True,2,CSA || EAS,0,2,0,755,795.0,835,0,0,True,False,False,True,False,True,False,True,False,GRCh37,systolic_blood_pressure,Direct quantitative readout,Direct quantitative readout,A,A,1,0,1,1,Hypertension,"CSA,EAS"
gt_bc3d66c41e611627,ADRB1,Pan-UKB,Pan-UKB::continuous|4080|both_sexes||irnt,"Systolic blood pressure, automated reading",PRIMARY,False,True,2,CSA || EAS,2,2,0,441,467.5,494,42,0,True,True,True,True,False,True,False,True,True,GRCh37,systolic_blood_pressure,Direct quantitative readout,Direct quantitative readout,A,A,1,0,1,1,Hypertension,"CSA,EAS"
gt_dd51df2eca6324d1,ADRB2,Pan-UKB,Pan-UKB::continuous|4080|both_sexes||irnt,"Systolic blood pressure, automated reading",PRIMARY,False,True,2,CSA || EAS,0,2,0,518,544.5,571,0,0,True,False,False,True,False,True,False,True,False,GRCh37,systolic_blood_pressure,Direct quantitative readout,Direct quantitative readout,A,A,1,0,1,1,Hypertension,"CSA,EAS"
gt_61f02eac2207e85d,AGT,Pan-UKB,Pan-UKB::continuous|4080|both_sexes||irnt,"Systolic blood pressure, automated reading",PRIMARY,False,True,2,CSA || EAS,2,2,0,760,804.5,849,87,0,True,True,True,True,False,True,False,True,True,GRCh37,systolic_blood_pressure,Direct quantitative readout,Direct quantitative readout,A,A,1,0,1,1,Hypertension,"CSA,EAS"
gt_7713a7fc071de19e,CACNA1C,Pan-UKB,Pan-UKB::continuous|4080|both_sexes||irnt,"Systolic blood pressure, automated reading",PRIMARY,False,True,2,CSA || EAS,0,2,0,1872,2191.0,2510,0,0,True,False,False,True,False,True,False,True,False,GRCh37,systolic_blood_pressure,Direct quantitative readout,Direct quantitative readout,A,A,1,0,1,1,Hypertension,"CSA,EAS"
gt_13201a039725c0a0,CHRNB4,Pan-UKB,Pan-UKB::continuous|4080|both_sexes||irnt,"Systolic blood pressure, automated reading",PRIMARY,False,True,2,CSA || EAS,0,2,0,863,900.0,937,0,0,True,False,False,True,False,True,False,True,False,GRCh37,systolic_blood_pressure,Direct quantitative readout,Direct quantitative readout,B,B,0,1,1,1,Hypertension,"CSA,EAS"
gt_3c1943ce7336242c,CYP11B1,Pan-UKB,Pan-UKB::continuous|4080|both_sexes||irnt,"Systolic blood pressure, automated reading",PRIMARY,False,True,2,CSA || EAS,2,2,0,733,828.0,923,98,0,True,True,True,True,False,True,False,True,True,GRCh37,systolic_blood_pressure,Direct quantitative readout,Direct quantitative readout,B,B,0,1,1,1,Hypertension,"CSA,EAS"
gt_3530535fddf90eba,CYP11B2,Pan-UKB,Pan-UKB::continuous|4080|both_sexes||irnt,"Systolic blood pressure, automated reading",PRIMARY,False,True,2,CSA || EAS,2,2,0,678,776.0,874,100,0,True,True,True,True,False,True,False,True,True,GRCh37,systolic_blood_pressure,Direct quantitative readout,Direct quantitative readout,B,B,0,1,1,1,Hypertension,"CSA,EAS"
gt_6afbe24c58790493,EDNRA,Pan-UKB,Pan-UKB::continuous|4080|both_sexes||irnt,"Systolic blood pressure, automated reading",PRIMARY,False,True,2,CSA || EAS,0,2,0,659,677.0,695,0,0,True,False,False,True,False,True,False,True,False,GRCh37,systolic_blood_pressure,Direct quantitative readout,Direct quantitative readout,B,B,0,1,1,1,Hypertension,"CSA,EAS"
gt_43ad728cfa624725,MME,Pan-UKB,Pan-UKB::continuous|4080|both_sexes||irnt,"Systolic blood pressure, automated reading",PRIMARY,False,True,2,CSA || EAS,0,2,0,631,729.5,828,0,0,True,False,False,True,False,True,False,True,False,GRCh37,systolic_blood_pressure,Direct quantitative readout,Direct quantitative readout,B,B,0,1,1,1,Hypertension,"CSA,EAS"
gt_22ad0384b0265c27,NPR1,Pan-UKB,Pan-UKB::continuous|4080|both_sexes||irnt,"Systolic blood pressure, automated reading",PRIMARY,False,True,2,CSA || EAS,0,2,0,235,293.0,351,0,0,True,False,False,True,False,True,False,True,False,GRCh37,systolic_blood_pressure,Direct quantitative readout,Direct quantitative readout,B,B,0,1,1,1,Hypertension,"CSA,EAS"
gt_76b6b2db2844ebcd,OPRL1,Pan-UKB,Pan-UKB::continuous|4080|both_sexes||irnt,"Systolic blood pressure, automated reading",PRIMARY,False,True,2,CSA || EAS,2,2,0,353,417.0,481,24,0,True,True,True,True,False,True,False,True,True,GRCh37,systolic_blood_pressure,Direct quantitative readout,Direct quantitative readout,B,B,0,1,1,1,Hypertension,"CSA,EAS"
gt_314ec6244a757331,PDE5A,Pan-UKB,Pan-UKB::continuous|4080|both_sexes||irnt,"Systolic blood pressure, automated reading",PRIMARY,False,True,2,CSA || EAS,0,2,0,1050,1106.5,1163,0,0,True,False,False,True,False,True,False,True,False,GRCh37,systolic_blood_pressure,Direct quantitative readout,Direct quantitative readout,B,B,0,1,1,1,Hypertension,"CSA,EAS"
gt_b47ca6ecb9b21bb9,REN,Pan-UKB,Pan-UKB::continuous|4080|both_sexes||irnt,"Systolic blood pressure, automated reading",PRIMARY,False,True,2,CSA || EAS,2,2,0,434,496.5,559,3,0,True,True,True,True,False,True,False,True,True,GRCh37,systolic_blood_pressure,Direct quantitative readout,Direct quantitative readout,A,A,1,0,1,1,Hypertension,"CSA,EAS"
gt_f2aa2535296b990b,SLC12A2,Pan-UKB,Pan-UKB::continuous|4080|both_sexes||irnt,"Systolic blood pressure, automated reading",PRIMARY,False,True,2,CSA || EAS,0,2,0,389,420.5,452,0,0,True,False,False,True,False,True,False,True,False,GRCh37,systolic_blood_pressure,Direct quantitative readout,Direct quantitative readout,B,B,0,1,1,1,Hypertension,"CSA,EAS"
gt_f2d33ec15e3abce2,VDR,Pan-UKB,Pan-UKB::continuous|4080|both_sexes||irnt,"Systolic blood pressure, automated reading",PRIMARY,False,True,2,CSA || EAS,2,2,0,767,839.0,911,17,0,True,True,True,True,False,True,False,True,True,GRCh37,systolic_blood_pressure,Direct quantitative readout,Direct quantitative readout,B,B,0,1,1,1,Hypertension,"CSA,EAS"
gt_ff22c9719815d876,ALOX5,Pan-UKB,Pan-UKB::biomarkers|30870|both_sexes||irnt,Triglycerides,PRIMARY,False,True,3,AFR || CSA || MID,0,3,0,823,911.0,977,0,0,True,False,False,True,False,True,False,True,False,GRCh37,triglycerides,Direct quantitative readout,Direct quantitative readout,B,B,0,1,1,1,Hypertriglyceridemia,"AFR,CSA,MID"
gt_b328521a0423f5c5,ANGPTL3,Pan-UKB,Pan-UKB::biomarkers|30870|both_sexes||irnt,Triglycerides,PRIMARY,False,True,3,AFR || CSA || MID,3,3,1,208,242.0,255,235,120,True,True,True,True,True,True,True,True,True,GRCh37,triglycerides,Direct quantitative readout,Direct quantitative readout,B,B,0,1,1,1,Hypertriglyceridemia,"AFR,CSA,MID"
gt_37bb10a4689a1bb1,ANGPTL4,Pan-UKB,Pan-UKB::biomarkers|30870|both_sexes||irnt,Triglycerides,PRIMARY,False,True,3,AFR || CSA || MID,3,3,0,632,690.0,694,146,0,True,True,True,True,False,True,False,True,True,GRCh37,triglycerides,Direct quantitative readout,Direct quantitative readout,B,B,0,1,1,1,Hypertriglyceridemia,"AFR,CSA,MID"
gt_e89d07b40f69aeb9,APOB,Pan-UKB,Pan-UKB::biomarkers|30870|both_sexes||irnt,Triglycerides,PRIMARY,False,True,3,AFR || CSA || MID,3,3,1,389,427.0,466,286,15,True,True,True,True,True,True,True,True,True,GRCh37,triglycerides,Direct quantitative readout,Direct quantitative readout,B,B,0,1,1,1,Hypertriglyceridemia,"AFR,CSA,MID"
gt_f57de0955fec90d0,APOC3,Pan-UKB,Pan-UKB::biomarkers|30870|both_sexes||irnt,Triglycerides,PRIMARY,False,True,3,AFR || CSA || MID,3,3,2,501,599.0,619,533,149,True,True,True,True,True,True,True,True,True,GRCh37,triglycerides,Direct quantitative readout,Direct quantitative readout,A,A,1,0,1,1,Hypertriglyceridemia,"AFR,CSA,MID"
gt_3de9daa3443abcc6,FGF21,Pan-UKB,Pan-UKB::biomarkers|30870|both_sexes||irnt,Triglycerides,PRIMARY,False,True,3,AFR || CSA || MID,3,3,0,576,631.0,636,147,0,True,True,True,True,False,True,False,True,True,GRCh37,triglycerides,Direct quantitative readout,Direct quantitative readout,B,B,0,1,1,1,Hypertriglyceridemia,"AFR,CSA,MID"
gt_93b3040bef26dfa3,LPL,Pan-UKB,Pan-UKB::biomarkers|30870|both_sexes||irnt,Triglycerides,PRIMARY,False,True,3,AFR || CSA || MID,3,3,2,946,1056.0,1067,819,186,True,True,True,True,True,True,True,True,True,GRCh37,triglycerides,Direct quantitative readout,Direct quantitative readout,B,B,0,1,1,1,Hypertriglyceridemia,"AFR,CSA,MID"
gt_92c32a34aa51727f,NR1H4,Pan-UKB,Pan-UKB::biomarkers|30870|both_sexes||irnt,Triglycerides,PRIMARY,False,True,3,AFR || CSA || MID,0,3,0,426,497.0,541,0,0,True,False,False,True,False,True,False,True,False,GRCh37,triglycerides,Direct quantitative readout,Direct quantitative readout,B,B,0,1,1,1,Hypertriglyceridemia,"AFR,CSA,MID"
gt_46f21fc6b2b38cba,PDE3A,Pan-UKB,Pan-UKB::biomarkers|30870|both_sexes||irnt,Triglycerides,PRIMARY,False,True,3,AFR || CSA || MID,3,3,0,1571,1839.0,1847,19,0,True,True,True,True,False,True,False,True,True,GRCh37,triglycerides,Direct quantitative readout,Direct quantitative readout,B,B,0,1,1,1,Hypertriglyceridemia,"AFR,CSA,MID"
gt_82f82416b351979f,PDE4A,Pan-UKB,Pan-UKB::biomarkers|30870|both_sexes||irnt,Triglycerides,PRIMARY,False,True,3,AFR || CSA || MID,0,3,0,551,672.0,677,0,0,True,False,False,True,False,True,False,True,False,GRCh37,triglycerides,Direct quantitative readout,Direct quantitative readout,B,B,0,1,1,1,Hypertriglyceridemia,"AFR,CSA,MID"
gt_ef9194fedfad3efd,PDE4B,Pan-UKB,Pan-UKB::biomarkers|30870|both_sexes||irnt,Triglycerides,PRIMARY,False,True,3,AFR || CSA || MID,0,3,0,1796,1920.0,2041,0,0,True,False,False,True,False,True,False,True,False,GRCh37,triglycerides,Direct quantitative readout,Direct quantitative readout,B,B,0,1,1,1,Hypertriglyceridemia,"AFR,CSA,MID"
gt_f4a47c2532951932,PDE4C,Pan-UKB,Pan-UKB::biomarkers|30870|both_sexes||irnt,Triglycerides,PRIMARY,False,True,3,AFR || CSA || MID,3,3,0,676,731.0,766,21,0,True,True,True,True,False,True,False,True,True,GRCh37,triglycerides,Direct quantitative readout,Direct quantitative readout,B,B,0,1,1,1,Hypertriglyceridemia,"AFR,CSA,MID"
gt_2ac1949db32bd35d,PPARA,Pan-UKB,Pan-UKB::biomarkers|30870|both_sexes||irnt,Triglycerides,PRIMARY,False,True,3,AFR || CSA || MID,3,3,0,665,752.0,799,239,0,True,True,True,True,False,True,False,True,True,GRCh37,triglycerides,Direct quantitative readout,Direct quantitative readout,A,A,1,0,1,1,Hypertriglyceridemia,"AFR,CSA,MID"
gt_44be73ebd0d0a1ce,PPARG,Pan-UKB,Pan-UKB::biomarkers|30870|both_sexes||irnt,Triglycerides,PRIMARY,False,True,3,AFR || CSA || MID,3,3,0,731,879.0,915,183,0,True,True,True,True,False,True,False,True,True,GRCh37,triglycerides,Direct quantitative readout,Direct quantitative readout,A,A,1,0,1,1,Hypertriglyceridemia,"AFR,CSA,MID"
gt_c5f1d3c378cceb8c,ADIPOR2,Pan-UKB,Pan-UKB::continuous|48|both_sexes||irnt,Waist circumference,SENSITIVITY,False,False,3,AFR || CSA || MID,0,3,0,774,920.0,944,0,0,False,False,False,False,False,True,False,True,False,GRCh37,waist_circumference,Direct quantitative readout,Direct quantitative readout,B,B,0,1,1,1,Obesity,"AFR,CSA,MID"
gt_799b4a02b7cf57d9,CALCA,Pan-UKB,Pan-UKB::continuous|48|both_sexes||irnt,Waist circumference,SENSITIVITY,False,False,3,AFR || CSA || MID,0,3,0,256,296.0,305,0,0,False,False,False,False,False,True,False,True,False,GRCh37,waist_circumference,Direct quantitative readout,Direct quantitative readout,B,B,0,1,1,1,Obesity,"AFR,CSA,MID"
gt_ebba1e27f4c8f908,CALCR,Pan-UKB,Pan-UKB::continuous|48|both_sexes||irnt,Waist circumference,SENSITIVITY,False,False,3,AFR || CSA || MID,0,3,0,792,842.0,890,0,0,False,False,False,False,False,True,False,True,False,GRCh37,waist_circumference,Direct quantitative readout,Direct quantitative readout,B,B,0,1,1,1,Obesity,"AFR,CSA,MID"
gt_3242a00e75f0acd7,DPP4,Pan-UKB,Pan-UKB::continuous|48|both_sexes||irnt,Waist circumference,SENSITIVITY,False,False,3,AFR || CSA || MID,1,3,0,426,619.0,622,6,0,False,False,True,False,False,True,False,True,False,GRCh37,waist_circumference,Direct quantitative readout,Direct quantitative readout,B,B,0,1,1,1,Obesity,"AFR,CSA,MID"
gt_6b9e02a118c66008,FGFR1,Pan-UKB,Pan-UKB::continuous|48|both_sexes||irnt,Waist circumference,SENSITIVITY,False,False,3,AFR || CSA || MID,3,3,0,373,443.0,466,14,0,False,False,True,False,False,True,False,True,True,GRCh37,waist_circumference,Direct quantitative readout,Direct quantitative readout,B,B,0,1,1,1,Obesity,"AFR,CSA,MID"
gt_fb427ce5e9efd207,FGFR4,Pan-UKB,Pan-UKB::continuous|48|both_sexes||irnt,Waist circumference,SENSITIVITY,False,False,3,AFR || CSA || MID,0,3,0,455,653.0,661,1,0,False,False,False,False,False,True,False,True,False,GRCh37,waist_circumference,Direct quantitative readout,Direct quantitative readout,B,B,0,1,1,1,Obesity,"AFR,CSA,MID"
gt_edbc51ba42ad24be,GDF15,Pan-UKB,Pan-UKB::continuous|48|both_sexes||irnt,Waist circumference,SENSITIVITY,False,False,3,AFR || CSA || MID,3,3,0,486,534.0,554,42,0,False,False,True,False,False,True,False,True,True,GRCh37,waist_circumference,Direct quantitative readout,Direct quantitative readout,B,B,0,1,1,1,Obesity,"AFR,CSA,MID"
gt_8d19765e00916f04,GFRAL,Pan-UKB,Pan-UKB::continuous|48|both_sexes||irnt,Waist circumference,SENSITIVITY,False,False,3,AFR || CSA || MID,0,3,0,945,999.0,1315,0,0,False,False,False,False,False,True,False,True,False,GRCh37,waist_circumference,Direct quantitative readout,Direct quantitative readout,B,B,0,1,1,1,Obesity,"AFR,CSA,MID"
gt_21e33c82929b6cea,GHR,Pan-UKB,Pan-UKB::continuous|48|both_sexes||irnt,Waist circumference,SENSITIVITY,False,False,3,AFR || CSA || MID,0,3,0,923,1138.0,1196,0,0,False,False,False,False,False,True,False,True,False,GRCh37,waist_circumference,Direct quantitative readout,Direct quantitative readout,B,B,0,1,1,1,Obesity,"AFR,CSA,MID"
gt_22081cdb2a28ec68,GIPR,Pan-UKB,Pan-UKB::continuous|48|both_sexes||irnt,Waist circumference,SENSITIVITY,False,False,3,AFR || CSA || MID,3,3,0,489,534.0,550,25,0,False,False,True,False,False,True,False,True,True,GRCh37,waist_circumference,Direct quantitative readout,Direct quantitative readout,B,B,0,1,1,1,Obesity,"AFR,CSA,MID"
gt_54646208802949cb,GLP1R,Pan-UKB,Pan-UKB::continuous|48|both_sexes||irnt,Waist circumference,SENSITIVITY,False,False,3,AFR || CSA || MID,0,3,0,712,797.0,826,0,0,False,False,False,False,False,True,False,True,False,GRCh37,waist_circumference,Direct quantitative readout,Direct quantitative readout,A,A,1,0,1,1,Obesity,"AFR,CSA,MID"
gt_5682eaebbf7cbd8e,HSD11B1,Pan-UKB,Pan-UKB::continuous|48|both_sexes||irnt,Waist circumference,SENSITIVITY,False,False,3,AFR || CSA || MID,0,3,0,555,704.0,725,0,0,False,False,False,False,False,True,False,True,False,GRCh37,waist_circumference,Direct quantitative readout,Direct quantitative readout,B,B,0,1,1,1,Obesity,"AFR,CSA,MID"
gt_045a00715f4bf02d,HTR1A,Pan-UKB,Pan-UKB::continuous|48|both_sexes||irnt,Waist circumference,SENSITIVITY,False,False,3,AFR || CSA || MID,0,3,0,250,315.0,327,0,0,False,False,False,False,False,True,False,True,False,GRCh37,waist_circumference,Direct quantitative readout,Direct quantitative readout,B,B,0,1,1,1,Obesity,"AFR,CSA,MID"
gt_f93f94de7ba027dd,IAPP,Pan-UKB,Pan-UKB::continuous|48|both_sexes||irnt,Waist circumference,SENSITIVITY,False,False,3,AFR || CSA || MID,0,3,0,798,864.0,923,0,0,False,False,False,False,False,True,False,True,False,GRCh37,waist_circumference,Direct quantitative readout,Direct quantitative readout,B,B,0,1,1,1,Obesity,"AFR,CSA,MID"
gt_0af6753fda7c87c2,INSR,Pan-UKB,Pan-UKB::continuous|48|both_sexes||irnt,Waist circumference,SENSITIVITY,False,False,3,AFR || CSA || MID,0,3,0,959,1012.0,1039,0,0,False,False,False,False,False,True,False,True,False,GRCh37,waist_circumference,Direct quantitative readout,Direct quantitative readout,B,B,0,1,1,1,Obesity,"AFR,CSA,MID"
gt_ae553badecd70994,LEPR,Pan-UKB,Pan-UKB::continuous|48|both_sexes||irnt,Waist circumference,SENSITIVITY,False,False,3,AFR || CSA || MID,3,3,0,1256,1345.0,1363,8,0,False,False,True,False,False,True,False,True,True,GRCh37,waist_circumference,Direct quantitative readout,Direct quantitative readout,B,B,0,1,1,1,Obesity,"AFR,CSA,MID"
gt_b3d5fe1d028af577,MAPK1,Pan-UKB,Pan-UKB::continuous|48|both_sexes||irnt,Waist circumference,SENSITIVITY,False,False,3,AFR || CSA || MID,0,3,0,656,854.0,876,0,0,False,False,False,False,False,True,False,True,False,GRCh37,waist_circumference,Direct quantitative readout,Direct quantitative readout,B,B,0,1,1,1,Obesity,"AFR,CSA,MID"
gt_8976a55d7f38f14b,MAPK3,Pan-UKB,Pan-UKB::continuous|48|both_sexes||irnt,Waist circumference,SENSITIVITY,False,False,3,AFR || CSA || MID,3,3,0,172,197.0,216,135,0,False,False,True,False,False,True,False,True,True,GRCh37,waist_circumference,Direct quantitative readout,Direct quantitative readout,B,B,0,1,1,1,Obesity,"AFR,CSA,MID"
gt_6e5a0945e724d510,MC1R,Pan-UKB,Pan-UKB::continuous|48|both_sexes||irnt,Waist circumference,SENSITIVITY,False,False,3,AFR || CSA || MID,0,3,0,625,779.0,847,1,0,False,False,False,False,False,True,False,True,False,GRCh37,waist_circumference,Direct quantitative readout,Direct quantitative readout,B,B,0,1,1,1,Obesity,"AFR,CSA,MID"
gt_6b56a43632e5452f,MC4R,Pan-UKB,Pan-UKB::continuous|48|both_sexes||irnt,Waist circumference,SENSITIVITY,False,False,3,AFR || CSA || MID,3,3,0,531,565.0,615,194,0,False,False,True,False,False,True,False,True,True,GRCh37,waist_circumference,Direct quantitative readout,Direct quantitative readout,A,A,1,0,1,1,Obesity,"AFR,CSA,MID"
gt_1d267c50a84beea4,MTTP,Pan-UKB,Pan-UKB::continuous|48|both_sexes||irnt,Waist circumference,SENSITIVITY,False,False,3,AFR || CSA || MID,0,3,0,694,797.0,924,0,0,False,False,False,False,False,True,False,True,False,GRCh37,waist_circumference,Direct quantitative readout,Direct quantitative readout,B,B,0,1,1,1,Obesity,"AFR,CSA,MID"
gt_abe2850ab7b06f8e,NPY,Pan-UKB,Pan-UKB::continuous|48|both_sexes||irnt,Waist circumference,SENSITIVITY,False,False,3,AFR || CSA || MID,0,3,0,848,942.0,962,0,0,False,False,False,False,False,True,False,True,False,GRCh37,waist_circumference,Direct quantitative readout,Direct quantitative readout,B,B,0,1,1,1,Obesity,"AFR,CSA,MID"
gt_b8c7e9b4163e32c0,NPY5R,Pan-UKB,Pan-UKB::continuous|48|both_sexes||irnt,Waist circumference,SENSITIVITY,False,False,3,AFR || CSA || MID,0,3,0,481,628.0,641,0,0,False,False,False,False,False,True,False,True,False,GRCh37,waist_circumference,Direct quantitative readout,Direct quantitative readout,B,B,0,1,1,1,Obesity,"AFR,CSA,MID"
gt_9f4388b02206b57b,NR3C1,Pan-UKB,Pan-UKB::continuous|48|both_sexes||irnt,Waist circumference,SENSITIVITY,False,False,3,AFR || CSA || MID,3,3,0,584,620.0,654,12,0,False,False,True,False,False,True,False,True,True,GRCh37,waist_circumference,Direct quantitative readout,Direct quantitative readout,B,B,0,1,1,1,Obesity,"AFR,CSA,MID"
gt_c2406a776d170133,OPRM1,Pan-UKB,Pan-UKB::continuous|48|both_sexes||irnt,Waist circumference,SENSITIVITY,False,False,3,AFR || CSA || MID,3,3,0,1296,1420.0,1496,92,0,False,False,True,False,False,True,False,True,True,GRCh37,waist_circumference,Direct quantitative readout,Direct quantitative readout,B,B,0,1,1,1,Obesity,"AFR,CSA,MID"
gt_68eb030239b9ad27,PPARA,Pan-UKB,Pan-UKB::continuous|48|both_sexes||irnt,Waist circumference,SENSITIVITY,False,False,3,AFR || CSA || MID,0,3,0,659,750.0,802,0,0,False,False,False,False,False,True,False,True,False,GRCh37,waist_circumference,Direct quantitative readout,Direct quantitative readout,A,A,1,0,1,1,Obesity,"AFR,CSA,MID"
gt_c2318cac682fe017,PPARD,Pan-UKB,Pan-UKB::continuous|48|both_sexes||irnt,Waist circumference,SENSITIVITY,False,False,3,AFR || CSA || MID,3,3,0,519,575.0,687,19,0,False,False,True,False,False,True,False,True,True,GRCh37,waist_circumference,Direct quantitative readout,Direct quantitative readout,B,B,0,1,1,1,Obesity,"AFR,CSA,MID"
gt_1d049491385481d3,PPARG,Pan-UKB,Pan-UKB::continuous|48|both_sexes||irnt,Waist circumference,SENSITIVITY,False,False,3,AFR || CSA || MID,3,3,0,731,880.0,914,45,0,False,False,True,False,False,True,False,True,True,GRCh37,waist_circumference,Direct quantitative readout,Direct quantitative readout,A,A,1,0,1,1,Obesity,"AFR,CSA,MID"
gt_9b281bcdad313ba0,SLC6A4,Pan-UKB,Pan-UKB::continuous|48|both_sexes||irnt,Waist circumference,SENSITIVITY,False,False,3,AFR || CSA || MID,3,3,0,290,341.0,359,4,0,False,False,True,False,False,True,False,True,True,GRCh37,waist_circumference,Direct quantitative readout,Direct quantitative readout,B,B,0,1,1,1,Obesity,"AFR,CSA,MID"
gt_e79f28efd5fac653,SREBF1,Pan-UKB,Pan-UKB::continuous|48|both_sexes||irnt,Waist circumference,SENSITIVITY,False,False,3,AFR || CSA || MID,0,3,0,230,275.0,285,0,0,False,False,False,False,False,True,False,True,False,GRCh37,waist_circumference,Direct quantitative readout,Direct quantitative readout,B,B,0,1,1,1,Obesity,"AFR,CSA,MID"
gt_7e127226e05ee5bf,SREBF2,Pan-UKB,Pan-UKB::continuous|48|both_sexes||irnt,Waist circumference,SENSITIVITY,False,False,3,AFR || CSA || MID,0,3,0,533,639.0,648,0,0,False,False,False,False,False,True,False,True,False,GRCh37,waist_circumference,Direct quantitative readout,Direct quantitative readout,B,B,0,1,1,1,Obesity,"AFR,CSA,MID"
gt_e879daaa8470efb6,CSF3R,Pan-UKB,Pan-UKB::continuous|30000|both_sexes||irnt,White blood cell (leukocyte) count,PRIMARY,False,True,1,CSA,1,1,0,664,664.0,664,90,0,True,True,True,True,False,True,False,True,True,GRCh37,white_blood_cell_count,Direct quantitative readout,Direct quantitative readout,A,A,1,0,1,1,Leukopenia,CSA
