bootstrap_requested_replicates,bootstrap_valid_replicates,candidate_source,candidate_trait_key,candidate_trait_name,ci_lower,ci_method,ci_upper,comparison_population,comparison_reference_population,comparison_uid,deming_bound,deming_near_boundary,deming_objective,deming_success,estimator,gene,gene_trait_uid,genome_build,is_primary_threshold,lead_sign_concordant,median_abs_eur_z,mixed_pool,n_variants,pearson_r,primary_approval_eligible,r2_threshold,sign_concordance,slope,unit_analysis_role,slope_se_approx,eur_analysis_n,comparison_analysis_n,comparison_population_feasibility,gene_feasibility,candidate_trait_name_feasibility,candidate_source_feasibility,sample_size_ratio,median_variant_se_ratio,median_eur_variant_se,median_comparison_variant_se,n_variant_effect_rows,gene_unit,candidate_trait_name_unit,candidate_source_unit,sensitivity_pool_assignment
1000,1000,Pan-UKB,Pan-UKB::continuous|30080|both_sexes||irnt,Platelet count,-0.005749342453698111,percentile bootstrap over ancestry-paired LD-pruned variants,0.8199865426185255,CSA,CSA,cmp_00943344950234cb,3.6401765394495875,False,38.994598995470966,True,naive,THPO,gt_5a525d6a0e697a02,GRCh37,True,True,9.169314102703972,False,16,0.41616508136483465,True,0.1,0.75,0.26365169748268125,PRIMARY,0.21065078021471897,,,CSA,THPO,Platelet count,Pan-UKB,,6.082063942040929,0.0043335000000000005,0.02633,16,THPO,Platelet count,Pan-UKB,B
1000,1000,Pan-UKB,Pan-UKB::continuous|30080|both_sexes||irnt,Platelet count,-0.005923475091639239,percentile bootstrap over ancestry-paired LD-pruned variants,0.8257617617826579,CSA,CSA,cmp_00943344950234cb,3.6401765394495875,False,38.994598995470966,True,fiqt,THPO,gt_5a525d6a0e697a02,GRCh37,True,True,9.169314102703972,False,16,0.41616508136483465,True,0.1,0.75,0.26469148492449096,PRIMARY,0.2121684998894174,,,CSA,THPO,Platelet count,Pan-UKB,,6.082063942040929,0.0043335000000000005,0.02633,16,THPO,Platelet count,Pan-UKB,B
1000,1000,Pan-UKB,Pan-UKB::continuous|30080|both_sexes||irnt,Platelet count,0.2538399032367012,percentile bootstrap over ancestry-paired LD-pruned variants,0.9817402006894571,CSA,CSA,cmp_00943344950234cb,3.6401765394495875,False,38.994598995470966,True,deming,THPO,gt_5a525d6a0e697a02,GRCh37,True,True,9.169314102703972,False,16,0.41616508136483465,True,0.1,0.75,0.6126297950445857,PRIMARY,0.18569226352992727,,,CSA,THPO,Platelet count,Pan-UKB,,6.082063942040929,0.0043335000000000005,0.02633,16,THPO,Platelet count,Pan-UKB,B
1000,1000,Pan-UKB,Pan-UKB::continuous|21001|both_sexes||irnt,Body mass index (BMI),-0.22769878883622957,percentile bootstrap over ancestry-paired LD-pruned variants,1.049732620320856,MID,MID,cmp_06c4746c5e993d05,2.765239163792841,False,0.172808443470207,True,naive,GDF15,gt_d79e322e54d14839,GRCh37,True,True,7.203389830508476,False,3,0.9764145955828167,True,0.1,0.6666666666666666,0.5530478327585682,PRIMARY,0.3258813476250843,,,MID,GDF15,Body mass index (BMI),Pan-UKB,,14.067796610169491,0.00292,0.04135,3,GDF15,Body mass index (BMI),Pan-UKB,B
1000,1000,Pan-UKB,Pan-UKB::continuous|21001|both_sexes||irnt,Body mass index (BMI),-0.22769878883622957,percentile bootstrap over ancestry-paired LD-pruned variants,1.0497326203208557,MID,MID,cmp_06c4746c5e993d05,2.765239163792841,False,0.172808443470207,True,fiqt,GDF15,gt_d79e322e54d14839,GRCh37,True,True,7.203389830508476,False,3,0.9764145955828167,True,0.1,0.6666666666666666,0.5557926731127014,PRIMARY,0.32588134762508425,,,MID,GDF15,Body mass index (BMI),Pan-UKB,,14.067796610169491,0.00292,0.04135,3,GDF15,Body mass index (BMI),Pan-UKB,B
1000,1000,Pan-UKB,Pan-UKB::continuous|21001|both_sexes||irnt,Body mass index (BMI),-0.22769878968427554,percentile bootstrap over ancestry-paired LD-pruned variants,1.0497326200890418,MID,MID,cmp_06c4746c5e993d05,2.765239163792841,False,0.172808443470207,True,deming,GDF15,gt_d79e322e54d14839,GRCh37,True,True,7.203389830508476,False,3,0.9764145955828167,True,0.1,0.6666666666666666,0.6289788847085753,PRIMARY,0.32588134778228917,,,MID,GDF15,Body mass index (BMI),Pan-UKB,,14.067796610169491,0.00292,0.04135,3,GDF15,Body mass index (BMI),Pan-UKB,B
1000,1000,Pan-UKB,Pan-UKB::continuous|30140|both_sexes||irnt,Neutrophill count,-0.009225381058000937,percentile bootstrap over ancestry-paired LD-pruned variants,0.7883576738211014,CSA,CSA,cmp_08b22a91172968d8,2.3599937712006267,False,1.9704587382937757,True,naive,CSF3R,gt_128ad7c7ffd40309,GRCh37,True,True,7.500676956404007,False,5,0.8709498659415538,True,0.1,0.8,0.3372914520887478,PRIMARY,0.20346880380719642,,,CSA,CSF3R,Neutrophill count,Pan-UKB,,7.098565478944932,0.003693,0.03187,5,CSF3R,Neutrophill count,Pan-UKB,A
1000,1000,Pan-UKB,Pan-UKB::continuous|30140|both_sexes||irnt,Neutrophill count,-0.015117593848102073,percentile bootstrap over ancestry-paired LD-pruned variants,0.7925702189175814,CSA,CSA,cmp_08b22a91172968d8,2.3599937712006267,False,1.9704587382937757,True,fiqt,CSF3R,gt_128ad7c7ffd40309,GRCh37,True,True,7.500676956404007,False,5,0.8709498659415538,True,0.1,0.8,0.33877443139431423,PRIMARY,0.206046595533546,,,CSA,CSF3R,Neutrophill count,Pan-UKB,,7.098565478944932,0.003693,0.03187,5,CSF3R,Neutrophill count,Pan-UKB,A
1000,1000,Pan-UKB,Pan-UKB::continuous|30140|both_sexes||irnt,Neutrophill count,0.04859609489601658,percentile bootstrap over ancestry-paired LD-pruned variants,0.7761220116828539,CSA,CSA,cmp_08b22a91172968d8,2.3599937712006267,False,1.9704587382937757,True,deming,CSF3R,gt_128ad7c7ffd40309,GRCh37,True,True,7.500676956404007,False,5,0.8709498659415538,True,0.1,0.8,0.48887945469543453,PRIMARY,0.1855967565030452,,,CSA,CSF3R,Neutrophill count,Pan-UKB,,7.098565478944932,0.003693,0.03187,5,CSF3R,Neutrophill count,Pan-UKB,A
1000,1000,Pan-UKB,Pan-UKB::continuous|30080|both_sexes||irnt,Platelet count,1.6260233918128655,percentile bootstrap over ancestry-paired LD-pruned variants,3.4205840455840453,CSA,CSA,cmp_090a8b2e128e603c,14.347970610091355,False,2.090809719046637,True,naive,PIK3CA,gt_d1d00e9dc71a2499,GRCh37,True,True,6.92820133234641,False,3,0.9952075743117442,True,0.1,1.0,2.8695941220182712,PRIMARY,0.45780449741078033,,,CSA,PIK3CA,Platelet count,Pan-UKB,,6.082897684839432,0.002898,0.0172,3,PIK3CA,Platelet count,Pan-UKB,B
1000,1000,Pan-UKB,Pan-UKB::continuous|30080|both_sexes||irnt,Platelet count,1.6260233918128655,percentile bootstrap over ancestry-paired LD-pruned variants,3.4205840455840444,CSA,CSA,cmp_090a8b2e128e603c,14.347970610091355,False,2.090809719046637,True,fiqt,PIK3CA,gt_d1d00e9dc71a2499,GRCh37,True,True,6.92820133234641,False,3,0.9952075743117442,True,0.1,1.0,2.8909259428928413,PRIMARY,0.4578044974107801,,,CSA,PIK3CA,Platelet count,Pan-UKB,,6.082897684839432,0.002898,0.0172,3,PIK3CA,Platelet count,Pan-UKB,B
1000,1000,Pan-UKB,Pan-UKB::continuous|30080|both_sexes||irnt,Platelet count,1.6260233983885481,percentile bootstrap over ancestry-paired LD-pruned variants,3.420584060312975,CSA,CSA,cmp_090a8b2e128e603c,14.347970610091355,False,2.090809719046637,True,deming,PIK3CA,gt_d1d00e9dc71a2499,GRCh37,True,True,6.92820133234641,False,3,0.9952075743117442,True,0.1,1.0,1.979606173758344,PRIMARY,0.4578044994907285,,,CSA,PIK3CA,Platelet count,Pan-UKB,,6.082897684839432,0.002898,0.0172,3,PIK3CA,Platelet count,Pan-UKB,B
1000,1000,Pan-UKB,Pan-UKB::continuous|4080|both_sexes||irnt,"Systolic blood pressure, automated reading",0.5931315483119906,percentile bootstrap over ancestry-paired LD-pruned variants,1.772277227722772,CSA,CSA,cmp_09103f39122355d4,6.273920205012993,False,0.9608280784881854,True,naive,ADRB1,gt_bc3d66c41e611627,GRCh37,True,True,6.855546687948923,False,3,0.7788579587405454,True,0.1,1.0,1.2547840410025985,PRIMARY,0.3008079966549723,,,CSA,ADRB1,"Systolic blood pressure, automated reading",Pan-UKB,,6.639877535399924,0.002613,0.01735,3,ADRB1,"Systolic blood pressure, automated reading",Pan-UKB,A
1000,1000,Pan-UKB,Pan-UKB::continuous|4080|both_sexes||irnt,"Systolic blood pressure, automated reading",0.5931315483119906,percentile bootstrap over ancestry-paired LD-pruned variants,1.772277227722772,CSA,CSA,cmp_09103f39122355d4,6.273920205012993,False,0.9608280784881854,True,fiqt,ADRB1,gt_bc3d66c41e611627,GRCh37,True,True,6.855546687948923,False,3,0.7788579587405454,True,0.1,1.0,1.2595542860021098,PRIMARY,0.3008079966549723,,,CSA,ADRB1,"Systolic blood pressure, automated reading",Pan-UKB,,6.639877535399924,0.002613,0.01735,3,ADRB1,"Systolic blood pressure, automated reading",Pan-UKB,A
1000,1000,Pan-UKB,Pan-UKB::continuous|4080|both_sexes||irnt,"Systolic blood pressure, automated reading",0.5931315474855123,percentile bootstrap over ancestry-paired LD-pruned variants,1.7722772151766908,CSA,CSA,cmp_09103f39122355d4,6.273920205012993,False,0.9608280784881854,True,deming,ADRB1,gt_bc3d66c41e611627,GRCh37,True,True,6.855546687948923,False,3,0.7788579587405454,True,0.1,1.0,1.292381397235915,PRIMARY,0.3008079936652227,,,CSA,ADRB1,"Systolic blood pressure, automated reading",Pan-UKB,,6.639877535399924,0.002613,0.01735,3,ADRB1,"Systolic blood pressure, automated reading",Pan-UKB,A
1000,1000,Pan-UKB,Pan-UKB::biomarkers|30750|both_sexes||irnt,Glycated haemoglobin (HbA1c),-0.23384130320546506,percentile bootstrap over ancestry-paired LD-pruned variants,2.4659318637274548,CSA,CSA,cmp_0c0089ac5cd5de30,6.899833253331669,False,2.025896030474658,True,naive,SREBF1,gt_f49766f3ae4b8a2f,GRCh37,True,True,5.789702683103698,False,3,0.8107038969670493,True,0.1,0.6666666666666666,1.3799666506663337,PRIMARY,0.688730300206633,,,CSA,SREBF1,Glycated haemoglobin (HbA1c),Pan-UKB,,6.81363467951093,0.003348,0.02229,3,SREBF1,Glycated haemoglobin (HbA1c),Pan-UKB,B
1000,1000,Pan-UKB,Pan-UKB::biomarkers|30750|both_sexes||irnt,Glycated haemoglobin (HbA1c),-0.23384130320546515,percentile bootstrap over ancestry-paired LD-pruned variants,2.4659318637274543,CSA,CSA,cmp_0c0089ac5cd5de30,6.899833253331669,False,2.025896030474658,True,fiqt,SREBF1,gt_f49766f3ae4b8a2f,GRCh37,True,True,5.789702683103698,False,3,0.8107038969670493,True,0.1,0.6666666666666666,1.386212688770909,PRIMARY,0.6887303002066328,,,CSA,SREBF1,Glycated haemoglobin (HbA1c),Pan-UKB,,6.81363467951093,0.003348,0.02229,3,SREBF1,Glycated haemoglobin (HbA1c),Pan-UKB,B
1000,1000,Pan-UKB,Pan-UKB::biomarkers|30750|both_sexes||irnt,Glycated haemoglobin (HbA1c),-0.23384130333015918,percentile bootstrap over ancestry-paired LD-pruned variants,2.465931871165322,CSA,CSA,cmp_0c0089ac5cd5de30,6.899833253331669,False,2.025896030474658,True,deming,SREBF1,gt_f49766f3ae4b8a2f,GRCh37,True,True,5.789702683103698,False,3,0.8107038969670493,True,0.1,0.6666666666666666,0.6960369261661088,PRIMARY,0.6887303021358933,,,CSA,SREBF1,Glycated haemoglobin (HbA1c),Pan-UKB,,6.81363467951093,0.003348,0.02229,3,SREBF1,Glycated haemoglobin (HbA1c),Pan-UKB,B
1000,1000,GBMI,GBMI::Asthma,Asthma,0.37765779141032135,percentile bootstrap over ancestry-paired LD-pruned variants,1.5134353249887573,AMR,AMR,cmp_1113c8b20072258e,4.434270068678767,False,1.1245557842777891,True,naive,IL1RL1,gt_e0253f9da76890c4,GRCh38,True,True,7.646005509641873,False,5,0.7986372949913758,True,0.1,1.0,0.8868540137357535,PRIMARY,0.2897444908522055,,,AMR,IL1RL1,Asthma,GBMI,,8.214351709270096,0.0067692,0.040116,5,IL1RL1,Asthma,GBMI,B
1000,1000,GBMI,GBMI::Asthma,Asthma,0.3782877089095889,percentile bootstrap over ancestry-paired LD-pruned variants,1.521890563199101,AMR,AMR,cmp_1113c8b20072258e,4.434270068678767,False,1.1245557842777891,True,fiqt,IL1RL1,gt_e0253f9da76890c4,GRCh38,True,True,7.646005509641873,False,5,0.7986372949913758,True,0.1,1.0,0.8901732016250854,PRIMARY,0.29174078281797666,,,AMR,IL1RL1,Asthma,GBMI,,8.214351709270096,0.0067692,0.040116,5,IL1RL1,Asthma,GBMI,B
1000,1000,GBMI,GBMI::Asthma,Asthma,0.31147738229809313,percentile bootstrap over ancestry-paired LD-pruned variants,0.7847708531468662,AMR,AMR,cmp_1113c8b20072258e,4.434270068678767,False,1.1245557842777891,True,deming,IL1RL1,gt_e0253f9da76890c4,GRCh38,True,True,7.646005509641873,False,5,0.7986372949913758,True,0.1,1.0,0.545266393686343,PRIMARY,0.12074034895081023,,,AMR,IL1RL1,Asthma,GBMI,,8.214351709270096,0.0067692,0.040116,5,IL1RL1,Asthma,GBMI,B
1000,1000,Pan-UKB,Pan-UKB::biomarkers|30870|both_sexes||irnt,Triglycerides,-1.0636819760710154,percentile bootstrap over ancestry-paired LD-pruned variants,3.4944841012329664,AFR,AFR,cmp_112d8ff54d63db77,6.502807777433541,False,6.448413824679212,True,naive,PPARG,gt_44be73ebd0d0a1ce,GRCh37,True,True,8.671352074966531,False,3,0.09138407747370376,True,0.1,0.6666666666666666,0.13205089569821277,PRIMARY,1.162818835768977,,,AFR,PPARG,Triglycerides,Pan-UKB,,8.831683168316832,0.002988,0.0223,3,PPARG,Triglycerides,Pan-UKB,A
1000,1000,Pan-UKB,Pan-UKB::biomarkers|30870|both_sexes||irnt,Triglycerides,-1.0636819760710154,percentile bootstrap over ancestry-paired LD-pruned variants,3.4944841012329664,AFR,AFR,cmp_112d8ff54d63db77,6.502807777433541,False,6.448413824679212,True,fiqt,PPARG,gt_44be73ebd0d0a1ce,GRCh37,True,True,8.671352074966531,False,3,0.09138407747370376,True,0.1,0.6666666666666666,0.1351800589803455,PRIMARY,1.162818835768977,,,AFR,PPARG,Triglycerides,Pan-UKB,,8.831683168316832,0.002988,0.0223,3,PPARG,Triglycerides,Pan-UKB,A
1000,1000,Pan-UKB,Pan-UKB::biomarkers|30870|both_sexes||irnt,Triglycerides,-1.0636819712289736,percentile bootstrap over ancestry-paired LD-pruned variants,3.494484096074688,AFR,AFR,cmp_112d8ff54d63db77,6.502807777433541,False,6.448413824679212,True,deming,PPARG,gt_44be73ebd0d0a1ce,GRCh37,True,True,8.671352074966531,False,3,0.09138407747370376,True,0.1,0.6666666666666666,0.2716253558526133,PRIMARY,1.162818833217828,,,AFR,PPARG,Triglycerides,Pan-UKB,,8.831683168316832,0.002988,0.0223,3,PPARG,Triglycerides,Pan-UKB,A
1000,1000,GBMI,GBMI::Asthma,Asthma,-0.7679056782527054,percentile bootstrap over ancestry-paired LD-pruned variants,1.7516284308830758,AMR,AMR,cmp_11df635d08e72758,4.935930397635108,False,11.111179201710247,True,naive,IL33,gt_62933438673c2307,GRCh38,True,True,9.586477684325025,False,6,0.3446762357708764,True,0.1,0.3333333333333333,0.5958888720261909,PRIMARY,0.6427501038308727,,,AMR,IL33,Asthma,GBMI,,7.815327913676039,0.0099442,0.0850865,6,IL33,Asthma,GBMI,B
1000,1000,GBMI,GBMI::Asthma,Asthma,-0.7743966395707704,percentile bootstrap over ancestry-paired LD-pruned variants,1.7596971887907602,AMR,AMR,cmp_11df635d08e72758,4.935930397635108,False,11.111179201710247,True,fiqt,IL33,gt_62933438673c2307,GRCh38,True,True,9.586477684325025,False,6,0.3446762357708764,True,0.1,0.3333333333333333,0.5973401304417987,PRIMARY,0.6464643861698837,,,AMR,IL33,Asthma,GBMI,,7.815327913676039,0.0099442,0.0850865,6,IL33,Asthma,GBMI,B
1000,1000,GBMI,GBMI::Asthma,Asthma,-0.8937212975618887,percentile bootstrap over ancestry-paired LD-pruned variants,0.994289891841205,AMR,AMR,cmp_11df635d08e72758,4.935930397635108,False,11.111179201710247,True,deming,IL33,gt_62933438673c2307,GRCh38,True,True,9.586477684325025,False,6,0.3446762357708764,True,0.1,0.3333333333333333,0.0924847312616727,PRIMARY,0.48164435782889004,,,AMR,IL33,Asthma,GBMI,,7.815327913676039,0.0099442,0.0850865,6,IL33,Asthma,GBMI,B
1000,1000,Pan-UKB,Pan-UKB::biomarkers|30810|both_sexes||irnt,Phosphate,-0.07688169404665322,percentile bootstrap over ancestry-paired LD-pruned variants,1.0090860940917934,CSA,CSA,cmp_158459a232adb0d0,4.101789409689261,False,12.176295557813166,True,naive,ENPP1,gt_0c426abe19a96c54,GRCh37,True,True,10.937226277372263,False,9,0.5359746516865167,True,0.1,0.7777777777777778,0.5023758933105766,PRIMARY,0.27703768964746855,,,CSA,ENPP1,Phosphate,Pan-UKB,,5.771079073831368,0.004705,0.02222,9,ENPP1,Phosphate,Pan-UKB,B
1000,1000,Pan-UKB,Pan-UKB::biomarkers|30810|both_sexes||irnt,Phosphate,-0.07958339662532435,percentile bootstrap over ancestry-paired LD-pruned variants,1.0149551010185536,CSA,CSA,cmp_158459a232adb0d0,4.101789409689261,False,12.176295557813166,True,fiqt,ENPP1,gt_0c426abe19a96c54,GRCh37,True,True,10.937226277372263,False,9,0.5359746516865167,True,0.1,0.7777777777777778,0.5049272261680045,PRIMARY,0.27922413531000007,,,CSA,ENPP1,Phosphate,Pan-UKB,,5.771079073831368,0.004705,0.02222,9,ENPP1,Phosphate,Pan-UKB,B
1000,1000,Pan-UKB,Pan-UKB::biomarkers|30810|both_sexes||irnt,Phosphate,0.35827202078513926,percentile bootstrap over ancestry-paired LD-pruned variants,0.9211962880053643,CSA,CSA,cmp_158459a232adb0d0,4.101789409689261,False,12.176295557813166,True,deming,ENPP1,gt_0c426abe19a96c54,GRCh37,True,True,10.937226277372263,False,9,0.5359746516865167,True,0.1,0.7777777777777778,0.6949109370771149,PRIMARY,0.14360576818260434,,,CSA,ENPP1,Phosphate,Pan-UKB,,5.771079073831368,0.004705,0.02222,9,ENPP1,Phosphate,Pan-UKB,B
1000,1000,GBMI,GBMI::Asthma,Asthma,-0.3138518085721571,percentile bootstrap over ancestry-paired LD-pruned variants,1.3450408484264118,EAS,EAS,cmp_17d744d1985fa469,5.535045822561145,False,22.1729016012846,True,naive,IL1RL1,gt_e0253f9da76890c4,GRCh38,True,True,12.177521961694355,False,4,0.9849555612069163,True,0.1,0.5,1.1070091645122289,PRIMARY,0.42319467859708204,,,EAS,IL1RL1,Asthma,GBMI,,2.4271400026354097,0.0048993000000000005,0.011891,4,IL1RL1,Asthma,GBMI,B
1000,1000,GBMI,GBMI::Asthma,Asthma,-0.3147170236811603,percentile bootstrap over ancestry-paired LD-pruned variants,1.3460716296850739,EAS,EAS,cmp_17d744d1985fa469,5.535045822561145,False,22.1729016012846,True,fiqt,IL1RL1,gt_e0253f9da76890c4,GRCh38,True,True,12.177521961694355,False,4,0.9849555612069163,True,0.1,0.5,1.1106111509952656,PRIMARY,0.42367836002761355,,,EAS,IL1RL1,Asthma,GBMI,,2.4271400026354097,0.0048993000000000005,0.011891,4,IL1RL1,Asthma,GBMI,B
1000,1000,GBMI,GBMI::Asthma,Asthma,-0.31640568630249005,percentile bootstrap over ancestry-paired LD-pruned variants,0.9815189692874307,EAS,EAS,cmp_17d744d1985fa469,5.535045822561145,False,22.1729016012846,True,deming,IL1RL1,gt_e0253f9da76890c4,GRCh38,True,True,12.177521961694355,False,4,0.9849555612069163,True,0.1,0.5,0.6993180474608843,PRIMARY,0.33110931267813715,,,EAS,IL1RL1,Asthma,GBMI,,2.4271400026354097,0.0048993000000000005,0.011891,4,IL1RL1,Asthma,GBMI,B
1000,1000,Pan-UKB,Pan-UKB::biomarkers|30870|both_sexes||irnt,Triglycerides,-0.2629543116081592,percentile bootstrap over ancestry-paired LD-pruned variants,1.289186606940242,MID,MID,cmp_1d49c7f6775630d1,8.409622704221118,False,14.232721223818604,True,naive,ANGPTL3,gt_b328521a0423f5c5,GRCh37,True,True,8.905874645119022,False,15,0.243766253925696,True,0.1,0.6,0.4646415055713974,PRIMARY,0.39596159184339375,,,MID,ANGPTL3,Triglycerides,Pan-UKB,,16.379600673562663,0.0061,0.1018,15,ANGPTL3,Triglycerides,Pan-UKB,B
1000,1000,Pan-UKB,Pan-UKB::biomarkers|30870|both_sexes||irnt,Triglycerides,-0.2668850234966692,percentile bootstrap over ancestry-paired LD-pruned variants,1.3075891853367176,MID,MID,cmp_1d49c7f6775630d1,8.409622704221118,False,14.232721223818604,True,fiqt,ANGPTL3,gt_b328521a0423f5c5,GRCh37,True,True,8.905874645119022,False,15,0.243766253925696,True,0.1,0.6,0.46786688353348865,PRIMARY,0.40165896446379595,,,MID,ANGPTL3,Triglycerides,Pan-UKB,,16.379600673562663,0.0061,0.1018,15,ANGPTL3,Triglycerides,Pan-UKB,B
1000,1000,Pan-UKB,Pan-UKB::biomarkers|30870|both_sexes||irnt,Triglycerides,-0.05830219588005084,percentile bootstrap over ancestry-paired LD-pruned variants,1.3222671784377473,MID,MID,cmp_1d49c7f6775630d1,8.409622704221118,False,14.232721223818604,True,deming,ANGPTL3,gt_b328521a0423f5c5,GRCh37,True,True,8.905874645119022,False,15,0.243766253925696,True,0.1,0.6,0.47087140668507305,PRIMARY,0.3521925364974952,,,MID,ANGPTL3,Triglycerides,Pan-UKB,,16.379600673562663,0.0061,0.1018,15,ANGPTL3,Triglycerides,Pan-UKB,B
1000,1000,Pan-UKB,Pan-UKB::continuous|30080|both_sexes||irnt,Platelet count,-0.578031619236457,percentile bootstrap over ancestry-paired LD-pruned variants,0.9383835639541593,AFR,AFR,cmp_1e9ae074e40e398a,4.292768019318124,False,8.50999431317706,True,naive,JAK2,gt_2fdb14cf300437e0,GRCh37,True,False,10.192120832447195,False,6,0.08246173617710054,True,0.1,0.5,0.09837227693140697,PRIMARY,0.3868477163743584,,,AFR,JAK2,Platelet count,Pan-UKB,,8.453786706394393,0.0032085,0.02398,6,JAK2,Platelet count,Pan-UKB,A
1000,1000,Pan-UKB,Pan-UKB::continuous|30080|both_sexes||irnt,Platelet count,-0.5815834097706997,percentile bootstrap over ancestry-paired LD-pruned variants,0.9442417995324179,AFR,AFR,cmp_1e9ae074e40e398a,4.292768019318124,False,8.50999431317706,True,fiqt,JAK2,gt_2fdb14cf300437e0,GRCh37,True,False,10.192120832447195,False,6,0.08246173617710054,True,0.1,0.5,0.09886228866254011,PRIMARY,0.3892482773506637,,,AFR,JAK2,Platelet count,Pan-UKB,,8.453786706394393,0.0032085,0.02398,6,JAK2,Platelet count,Pan-UKB,A
1000,1000,Pan-UKB,Pan-UKB::continuous|30080|both_sexes||irnt,Platelet count,-0.3496187792311388,percentile bootstrap over ancestry-paired LD-pruned variants,0.8413967832488952,AFR,AFR,cmp_1e9ae074e40e398a,4.292768019318124,False,8.50999431317706,True,deming,JAK2,gt_2fdb14cf300437e0,GRCh37,True,False,10.192120832447195,False,6,0.08246173617710054,True,0.1,0.5,0.08927389519519473,PRIMARY,0.30383608369199966,,,AFR,JAK2,Platelet count,Pan-UKB,,8.453786706394393,0.0032085,0.02398,6,JAK2,Platelet count,Pan-UKB,A
1000,1000,Pan-UKB,Pan-UKB::biomarkers|30780|both_sexes||irnt,LDL direct,0.21311294282467533,percentile bootstrap over ancestry-paired LD-pruned variants,0.5528351439196019,CSA,CSA,cmp_23670cc5cddedef4,4.966808510638298,False,42.00398923597206,True,naive,APOE,gt_0b0678ba83486ccf,GRCh37,True,True,27.272727272727273,False,21,0.7156212498231468,True,0.1,0.8095238095238095,0.4286830978597651,PRIMARY,0.08666541930734747,,,CSA,APOE,LDL direct,Pan-UKB,,6.832677432487448,0.003874,0.02511,21,APOE,LDL direct,Pan-UKB,B
1000,1000,Pan-UKB,Pan-UKB::biomarkers|30780|both_sexes||irnt,LDL direct,0.23266236378082472,percentile bootstrap over ancestry-paired LD-pruned variants,0.7363649264102389,CSA,CSA,cmp_23670cc5cddedef4,4.966808510638298,False,42.00398923597206,True,fiqt,APOE,gt_0b0678ba83486ccf,GRCh37,True,True,27.272727272727273,False,21,0.7156212498231468,True,0.1,0.8095238095238095,0.5038597755508503,PRIMARY,0.1284979128704802,,,CSA,APOE,LDL direct,Pan-UKB,,6.832677432487448,0.003874,0.02511,21,APOE,LDL direct,Pan-UKB,B
1000,1000,Pan-UKB,Pan-UKB::biomarkers|30780|both_sexes||irnt,LDL direct,0.21302326445194059,percentile bootstrap over ancestry-paired LD-pruned variants,0.5307511154713246,CSA,CSA,cmp_23670cc5cddedef4,4.966808510638298,False,42.00398923597206,True,deming,APOE,gt_0b0678ba83486ccf,GRCh37,True,True,27.272727272727273,False,21,0.7156212498231468,True,0.1,0.8095238095238095,0.3672581451800027,PRIMARY,0.08105451261492068,,,CSA,APOE,LDL direct,Pan-UKB,,6.832677432487448,0.003874,0.02511,21,APOE,LDL direct,Pan-UKB,B
1000,1000,GBMI,GBMI::Asthma,Asthma,1.1286901039012485,percentile bootstrap over ancestry-paired LD-pruned variants,1.7560551193093268,EAS,EAS,cmp_2565e0e2adfe1275,7.629814029139105,False,8.133046005196265,True,naive,IL4R,gt_aff18fde645e6a6f,GRCh38,True,True,7.1986126695909425,False,5,0.9880999151648999,True,0.1,1.0,1.525962805827821,PRIMARY,0.16004503663247222,,,EAS,IL4R,Asthma,GBMI,,2.2103304754780675,0.007129,0.015663,5,IL4R,Asthma,GBMI,A
1000,1000,GBMI,GBMI::Asthma,Asthma,1.1404579074340242,percentile bootstrap over ancestry-paired LD-pruned variants,1.7664190535231283,EAS,EAS,cmp_2565e0e2adfe1275,7.629814029139105,False,8.133046005196265,True,fiqt,IL4R,gt_aff18fde645e6a6f,GRCh38,True,True,7.1986126695909425,False,5,0.9880999151648999,True,0.1,1.0,1.5374671022512592,PRIMARY,0.15968690012332007,,,EAS,IL4R,Asthma,GBMI,,2.2103304754780675,0.007129,0.015663,5,IL4R,Asthma,GBMI,A
1000,1000,GBMI,GBMI::Asthma,Asthma,1.0260403063602375,percentile bootstrap over ancestry-paired LD-pruned variants,1.7326680548034517,EAS,EAS,cmp_2565e0e2adfe1275,7.629814029139105,False,8.133046005196265,True,deming,IL4R,gt_aff18fde645e6a6f,GRCh38,True,True,7.1986126695909425,False,5,0.9880999151648999,True,0.1,1.0,1.5036778224769927,PRIMARY,0.18026549314604853,,,EAS,IL4R,Asthma,GBMI,,2.2103304754780675,0.007129,0.015663,5,IL4R,Asthma,GBMI,A
1000,1000,Pan-UKB,Pan-UKB::biomarkers|30870|both_sexes||irnt,Triglycerides,-0.1862458601207871,percentile bootstrap over ancestry-paired LD-pruned variants,1.683138053998981,AFR,AFR,cmp_29230f9b79750967,3.141154351053636,False,1.6921860797268382,True,naive,ANGPTL3,gt_b328521a0423f5c5,GRCh37,True,True,9.444310801058457,False,3,0.7401545452215919,True,0.1,0.6666666666666666,0.5414696840223882,PRIMARY,0.47689241457119363,,,AFR,ANGPTL3,Triglycerides,Pan-UKB,,6.822678843226789,0.004157,0.03242,3,ANGPTL3,Triglycerides,Pan-UKB,B
1000,1000,Pan-UKB,Pan-UKB::biomarkers|30870|both_sexes||irnt,Triglycerides,-0.186245860120787,percentile bootstrap over ancestry-paired LD-pruned variants,1.683138053998981,AFR,AFR,cmp_29230f9b79750967,3.141154351053636,False,1.6921860797268382,True,fiqt,ANGPTL3,gt_b328521a0423f5c5,GRCh37,True,True,9.444310801058457,False,3,0.7401545452215919,True,0.1,0.6666666666666666,0.5339155702190881,PRIMARY,0.47689241457119363,,,AFR,ANGPTL3,Triglycerides,Pan-UKB,,6.822678843226789,0.004157,0.03242,3,ANGPTL3,Triglycerides,Pan-UKB,B
1000,1000,Pan-UKB,Pan-UKB::biomarkers|30870|both_sexes||irnt,Triglycerides,-0.18624586090957349,percentile bootstrap over ancestry-paired LD-pruned variants,1.683138050661973,AFR,AFR,cmp_29230f9b79750967,3.141154351053636,False,1.6921860797268382,True,deming,ANGPTL3,gt_b328521a0423f5c5,GRCh37,True,True,9.444310801058457,False,3,0.7401545452215919,True,0.1,0.6666666666666666,0.513010046168282,PRIMARY,0.4768924139211252,,,AFR,ANGPTL3,Triglycerides,Pan-UKB,,6.822678843226789,0.004157,0.03242,3,ANGPTL3,Triglycerides,Pan-UKB,B
1000,1000,GBMI,GBMI::Asthma,Asthma,0.6097026711286625,percentile bootstrap over ancestry-paired LD-pruned variants,1.4829979031712974,EAS,EAS,cmp_297fbf716b9104dc,5.403356390932938,False,4.090924142451976,True,naive,IL5,gt_8eacc233dce7b2c8,GRCh38,True,True,9.414282991481814,False,5,0.912353435881961,True,0.1,1.0,1.0806712781865877,PRIMARY,0.2227834896281453,,,EAS,IL5,Asthma,GBMI,,3.2443563740917747,0.0058504,0.02505,5,IL5,Asthma,GBMI,B
1000,1000,GBMI,GBMI::Asthma,Asthma,0.6114637514357679,percentile bootstrap over ancestry-paired LD-pruned variants,1.4967043228514667,EAS,EAS,cmp_297fbf716b9104dc,5.403356390932938,False,4.090924142451976,True,fiqt,IL5,gt_8eacc233dce7b2c8,GRCh38,True,True,9.414282991481814,False,5,0.912353435881961,True,0.1,1.0,1.088202623884012,PRIMARY,0.22583082607597985,,,EAS,IL5,Asthma,GBMI,,3.2443563740917747,0.0058504,0.02505,5,IL5,Asthma,GBMI,B
1000,1000,GBMI,GBMI::Asthma,Asthma,0.9948127912401028,percentile bootstrap over ancestry-paired LD-pruned variants,1.6932761819258344,EAS,EAS,cmp_297fbf716b9104dc,5.403356390932938,False,4.090924142451976,True,deming,IL5,gt_8eacc233dce7b2c8,GRCh38,True,True,9.414282991481814,False,5,0.912353435881961,True,0.1,1.0,1.3432267646133782,PRIMARY,0.17818271054854112,,,EAS,IL5,Asthma,GBMI,,3.2443563740917747,0.0058504,0.02505,5,IL5,Asthma,GBMI,B
1000,1000,Pan-UKB,Pan-UKB::biomarkers|30750|both_sexes||irnt,Glycated haemoglobin (HbA1c),0.2856832518286431,percentile bootstrap over ancestry-paired LD-pruned variants,3.720637419382953,MID,MID,cmp_29a6d39cecffd0ba,11.07688885102384,False,2.49756982232497,True,naive,VEGFA,gt_dab1180e9c6840b2,GRCh37,True,True,7.663192529408654,False,4,0.8327517770552844,True,0.1,1.0,2.215377770204768,PRIMARY,0.8762799201028157,,,MID,VEGFA,Glycated haemoglobin (HbA1c),Pan-UKB,,16.186736205886874,0.0025395,0.04204,4,VEGFA,Glycated haemoglobin (HbA1c),Pan-UKB,B
1000,1000,Pan-UKB,Pan-UKB::biomarkers|30750|both_sexes||irnt,Glycated haemoglobin (HbA1c),0.2867031505805276,percentile bootstrap over ancestry-paired LD-pruned variants,3.738375442902128,MID,MID,cmp_29a6d39cecffd0ba,11.07688885102384,False,2.49756982232497,True,fiqt,VEGFA,gt_dab1180e9c6840b2,GRCh37,True,True,7.663192529408654,False,4,0.8327517770552844,True,0.1,1.0,2.2323891306538513,PRIMARY,0.8805448262182242,,,MID,VEGFA,Glycated haemoglobin (HbA1c),Pan-UKB,,16.186736205886874,0.0025395,0.04204,4,VEGFA,Glycated haemoglobin (HbA1c),Pan-UKB,B
1000,1000,Pan-UKB,Pan-UKB::biomarkers|30750|both_sexes||irnt,Glycated haemoglobin (HbA1c),0.29747063591043016,percentile bootstrap over ancestry-paired LD-pruned variants,3.596369970159978,MID,MID,cmp_29a6d39cecffd0ba,11.07688885102384,False,2.49756982232497,True,deming,VEGFA,gt_dab1180e9c6840b2,GRCh37,True,True,7.663192529408654,False,4,0.8327517770552844,True,0.1,1.0,2.046182209028458,PRIMARY,0.8415714166869506,,,MID,VEGFA,Glycated haemoglobin (HbA1c),Pan-UKB,,16.186736205886874,0.0025395,0.04204,4,VEGFA,Glycated haemoglobin (HbA1c),Pan-UKB,B
1000,1000,GBMI,GBMI::Asthma,Asthma,-0.1836205929809735,percentile bootstrap over ancestry-paired LD-pruned variants,0.7101496824536959,AFR,AFR,cmp_2bc6da7bd58f8b90,2.728681618149927,False,4.96619825228646,True,naive,IL33,gt_62933438673c2307,GRCh38,True,True,9.934847978616773,False,5,0.621495166406581,True,0.1,0.6,0.41509740914845006,PRIMARY,0.22800681096301142,,,AFR,IL33,Asthma,GBMI,,5.1114278310443115,0.0055141,0.03156,5,IL33,Asthma,GBMI,B
1000,1000,GBMI,GBMI::Asthma,Asthma,-0.18711613324261786,percentile bootstrap over ancestry-paired LD-pruned variants,0.7136938611830045,AFR,AFR,cmp_2bc6da7bd58f8b90,2.728681618149927,False,4.96619825228646,True,fiqt,IL33,gt_62933438673c2307,GRCh38,True,True,9.934847978616773,False,5,0.621495166406581,True,0.1,0.6,0.416916186491716,PRIMARY,0.22980269064408754,,,AFR,IL33,Asthma,GBMI,,5.1114278310443115,0.0055141,0.03156,5,IL33,Asthma,GBMI,B
1000,1000,GBMI,GBMI::Asthma,Asthma,-0.1409458992601105,percentile bootstrap over ancestry-paired LD-pruned variants,0.6950829038113994,AFR,AFR,cmp_2bc6da7bd58f8b90,2.728681618149927,False,4.96619825228646,True,deming,IL33,gt_62933438673c2307,GRCh38,True,True,9.934847978616773,False,5,0.621495166406581,True,0.1,0.6,0.43465462662245014,PRIMARY,0.2132765728518479,,,AFR,IL33,Asthma,GBMI,,5.1114278310443115,0.0055141,0.03156,5,IL33,Asthma,GBMI,B
1000,1000,Pan-UKB,Pan-UKB::continuous|30020|both_sexes||irnt,Haemoglobin concentration,-0.43540410551259967,percentile bootstrap over ancestry-paired LD-pruned variants,0.600580191660107,CSA,CSA,cmp_2c670ce121f4e2ed,3.716669120937001,False,7.474820312042816,True,naive,EGLN2,gt_6100c7305905baed,GRCh37,True,True,8.116679718089271,False,7,0.23198324847292476,True,0.1,0.5714285714285714,0.15274627145326183,PRIMARY,0.26428656479007234,,,CSA,EGLN2,Haemoglobin concentration,Pan-UKB,,6.681818181818181,0.002692,0.02244,7,EGLN2,Haemoglobin concentration,Pan-UKB,A
1000,1000,Pan-UKB,Pan-UKB::continuous|30020|both_sexes||irnt,Haemoglobin concentration,-0.43990788197253994,percentile bootstrap over ancestry-paired LD-pruned variants,0.6060810291956062,CSA,CSA,cmp_2c670ce121f4e2ed,3.716669120937001,False,7.474820312042816,True,fiqt,EGLN2,gt_6100c7305905baed,GRCh37,True,True,8.116679718089271,False,7,0.23198324847292476,True,0.1,0.5714285714285714,0.15370132651645724,PRIMARY,0.26683880913597735,,,CSA,EGLN2,Haemoglobin concentration,Pan-UKB,,6.681818181818181,0.002692,0.02244,7,EGLN2,Haemoglobin concentration,Pan-UKB,A
1000,1000,Pan-UKB,Pan-UKB::continuous|30020|both_sexes||irnt,Haemoglobin concentration,-0.41268073937639144,percentile bootstrap over ancestry-paired LD-pruned variants,1.0213433244957209,CSA,CSA,cmp_2c670ce121f4e2ed,3.716669120937001,False,7.474820312042816,True,deming,EGLN2,gt_6100c7305905baed,GRCh37,True,True,8.116679718089271,False,7,0.23198324847292476,True,0.1,0.5714285714285714,0.340034536862849,PRIMARY,0.36582918747066556,,,CSA,EGLN2,Haemoglobin concentration,Pan-UKB,,6.681818181818181,0.002692,0.02244,7,EGLN2,Haemoglobin concentration,Pan-UKB,A
1000,1000,Pan-UKB,Pan-UKB::biomarkers|30870|both_sexes||irnt,Triglycerides,-1.3634905127313186,percentile bootstrap over ancestry-paired LD-pruned variants,1.5624857725671644,MID,MID,cmp_327b1ec26d6eee5c,4.375231829529031,False,7.088973031514344,True,naive,ANGPTL4,gt_37bb10a4689a1bb1,GRCh37,True,True,8.644005847953217,False,5,0.1985220183935926,True,0.1,0.4,0.12518358438448607,PRIMARY,0.7464362377008482,,,MID,ANGPTL4,Triglycerides,Pan-UKB,,14.06497622820919,0.002989,0.0404,5,ANGPTL4,Triglycerides,Pan-UKB,B
1000,1000,Pan-UKB,Pan-UKB::biomarkers|30870|both_sexes||irnt,Triglycerides,-1.3720537828398873,percentile bootstrap over ancestry-paired LD-pruned variants,1.5697575208635641,MID,MID,cmp_327b1ec26d6eee5c,4.375231829529031,False,7.088973031514344,True,fiqt,ANGPTL4,gt_37bb10a4689a1bb1,GRCh37,True,True,8.644005847953217,False,5,0.1985220183935926,True,0.1,0.4,0.12359508926618556,PRIMARY,0.7504758574412804,,,MID,ANGPTL4,Triglycerides,Pan-UKB,,14.06497622820919,0.002989,0.0404,5,ANGPTL4,Triglycerides,Pan-UKB,B
1000,1000,Pan-UKB,Pan-UKB::biomarkers|30870|both_sexes||irnt,Triglycerides,-1.4137902432473501,percentile bootstrap over ancestry-paired LD-pruned variants,1.4129581417819714,MID,MID,cmp_327b1ec26d6eee5c,4.375231829529031,False,7.088973031514344,True,deming,ANGPTL4,gt_37bb10a4689a1bb1,GRCh37,True,True,8.644005847953217,False,5,0.1985220183935926,True,0.1,0.4,0.3021686942483892,PRIMARY,0.7211225326909965,,,MID,ANGPTL4,Triglycerides,Pan-UKB,,14.06497622820919,0.002989,0.0404,5,ANGPTL4,Triglycerides,Pan-UKB,B
1000,1000,Pan-UKB,Pan-UKB::continuous|30020|both_sexes||irnt,Haemoglobin concentration,0.42072278133577307,percentile bootstrap over ancestry-paired LD-pruned variants,1.2894339622641506,CSA,CSA,cmp_33e4f0a27f768357,5.32122366868259,False,0.6126088586249794,True,naive,PKLR,gt_75fe57ef3df525f5,GRCh37,True,True,9.183722037125179,False,3,0.8883007300931548,True,0.1,1.0,1.064244733736518,PRIMARY,0.22161406734528302,,,CSA,PKLR,Haemoglobin concentration,Pan-UKB,,6.937159821870361,0.003157,0.02111,3,PKLR,Haemoglobin concentration,Pan-UKB,B
1000,1000,Pan-UKB,Pan-UKB::continuous|30020|both_sexes||irnt,Haemoglobin concentration,0.42072278133577307,percentile bootstrap over ancestry-paired LD-pruned variants,1.2894339622641506,CSA,CSA,cmp_33e4f0a27f768357,5.32122366868259,False,0.6126088586249794,True,fiqt,PKLR,gt_75fe57ef3df525f5,GRCh37,True,True,9.183722037125179,False,3,0.8883007300931548,True,0.1,1.0,1.0682228241661396,PRIMARY,0.22161406734528302,,,CSA,PKLR,Haemoglobin concentration,Pan-UKB,,6.937159821870361,0.003157,0.02111,3,PKLR,Haemoglobin concentration,Pan-UKB,B
1000,1000,Pan-UKB,Pan-UKB::continuous|30020|both_sexes||irnt,Haemoglobin concentration,0.42072278131179847,percentile bootstrap over ancestry-paired LD-pruned variants,1.2894339631935765,CSA,CSA,cmp_33e4f0a27f768357,5.32122366868259,False,0.6126088586249794,True,deming,PKLR,gt_75fe57ef3df525f5,GRCh37,True,True,9.183722037125179,False,3,0.8883007300931548,True,0.1,1.0,1.1109447692313992,PRIMARY,0.2216140675885019,,,CSA,PKLR,Haemoglobin concentration,Pan-UKB,,6.937159821870361,0.003157,0.02111,3,PKLR,Haemoglobin concentration,Pan-UKB,B
1000,1000,GBMI,GBMI::Asthma,Asthma,-1.086494658909294,percentile bootstrap over ancestry-paired LD-pruned variants,0.22707608304213892,AFR,AFR,cmp_3618bc9e13b64408,4.435217205073217,False,3.7874326398385656,True,naive,IL5,gt_8eacc233dce7b2c8,GRCh38,True,False,8.387135964439668,False,6,-0.15605367916777116,True,0.1,0.5,-0.28095526986683345,PRIMARY,0.3351007345830616,,,AFR,IL5,Asthma,GBMI,,9.147899800161934,0.00555425,0.0599325,6,IL5,Asthma,GBMI,B
1000,1000,GBMI,GBMI::Asthma,Asthma,-1.1049791477142272,percentile bootstrap over ancestry-paired LD-pruned variants,0.22855596545546591,AFR,AFR,cmp_3618bc9e13b64408,4.435217205073217,False,3.7874326398385656,True,fiqt,IL5,gt_8eacc233dce7b2c8,GRCh38,True,False,8.387135964439668,False,6,-0.15605367916777116,True,0.1,0.5,-0.2853153906012358,PRIMARY,0.3401937800103594,,,AFR,IL5,Asthma,GBMI,,9.147899800161934,0.00555425,0.0599325,6,IL5,Asthma,GBMI,B
1000,1000,GBMI,GBMI::Asthma,Asthma,-0.7155806085105452,percentile bootstrap over ancestry-paired LD-pruned variants,0.4322122790757172,AFR,AFR,cmp_3618bc9e13b64408,4.435217205073217,False,3.7874326398385656,True,deming,IL5,gt_8eacc233dce7b2c8,GRCh38,True,False,8.387135964439668,False,6,-0.15605367916777116,True,0.1,0.5,0.00981102937751461,PRIMARY,0.2928096885044588,,,AFR,IL5,Asthma,GBMI,,9.147899800161934,0.00555425,0.0599325,6,IL5,Asthma,GBMI,B
1000,1000,GBMI,GBMI::Asthma,Asthma,0.2059850152045008,percentile bootstrap over ancestry-paired LD-pruned variants,1.2694986317302746,CSA,SAS,cmp_36a279eb7569f6dc,3.18949839494215,False,2.7928501150784926,True,naive,IL13,gt_b5915a3fe7e0c8ef,GRCh38,True,True,9.055813053080763,False,4,0.8558191709016042,True,0.1,1.0,0.63789967898843,PRIMARY,0.2713094793870279,,,CSA,IL13,Asthma,GBMI,,5.029527019672846,0.0061808,0.0326765,4,IL13,Asthma,GBMI,B
1000,1000,GBMI,GBMI::Asthma,Asthma,0.20564821030709546,percentile bootstrap over ancestry-paired LD-pruned variants,1.2762857545949864,CSA,SAS,cmp_36a279eb7569f6dc,3.18949839494215,False,2.7928501150784926,True,fiqt,IL13,gt_b5915a3fe7e0c8ef,GRCh38,True,True,9.055813053080763,False,4,0.8558191709016042,True,0.1,1.0,0.641968203819022,PRIMARY,0.27312684129222353,,,CSA,IL13,Asthma,GBMI,,5.029527019672846,0.0061808,0.0326765,4,IL13,Asthma,GBMI,B
1000,1000,GBMI,GBMI::Asthma,Asthma,0.28828765076951024,percentile bootstrap over ancestry-paired LD-pruned variants,1.2462321275782038,CSA,SAS,cmp_36a279eb7569f6dc,3.18949839494215,False,2.7928501150784926,True,deming,IL13,gt_b5915a3fe7e0c8ef,GRCh38,True,True,9.055813053080763,False,4,0.8558191709016042,True,0.1,1.0,0.6761287360981022,PRIMARY,0.24437808152722126,,,CSA,IL13,Asthma,GBMI,,5.029527019672846,0.0061808,0.0326765,4,IL13,Asthma,GBMI,B
1000,1000,GBMI,GBMI::Asthma,Asthma,0.6491816855136352,percentile bootstrap over ancestry-paired LD-pruned variants,2.3692953237992294,CSA,SAS,cmp_381d86345f6977a1,7.15107331020857,False,7.382257225748731,True,naive,TSLP,gt_9974caf98cb25074,GRCh38,True,True,7.055335415802423,False,8,0.7516387421723121,True,0.1,1.0,1.3168650665701753,PRIMARY,0.4388125628464684,,,CSA,TSLP,Asthma,GBMI,,5.48416116710014,0.011807999999999999,0.038692000000000004,8,TSLP,Asthma,GBMI,A
1000,1000,GBMI,GBMI::Asthma,Asthma,0.653100247627524,percentile bootstrap over ancestry-paired LD-pruned variants,2.393969214342322,CSA,SAS,cmp_381d86345f6977a1,7.15107331020857,False,7.382257225748731,True,fiqt,TSLP,gt_9974caf98cb25074,GRCh38,True,True,7.055335415802423,False,8,0.7516387421723121,True,0.1,1.0,1.3299898914315411,PRIMARY,0.4441073867802037,,,CSA,TSLP,Asthma,GBMI,,5.48416116710014,0.011807999999999999,0.038692000000000004,8,TSLP,Asthma,GBMI,A
1000,1000,GBMI,GBMI::Asthma,Asthma,0.48457832399655804,percentile bootstrap over ancestry-paired LD-pruned variants,0.9493993498816862,CSA,SAS,cmp_381d86345f6977a1,7.15107331020857,False,7.382257225748731,True,deming,TSLP,gt_9974caf98cb25074,GRCh38,True,True,7.055335415802423,False,8,0.7516387421723121,True,0.1,1.0,0.7239377435851664,PRIMARY,0.11857897123405764,,,CSA,TSLP,Asthma,GBMI,,5.48416116710014,0.011807999999999999,0.038692000000000004,8,TSLP,Asthma,GBMI,A
1000,1000,Pan-UKB,Pan-UKB::continuous|21001|both_sexes||irnt,Body mass index (BMI),0.28328611898017,percentile bootstrap over ancestry-paired LD-pruned variants,3.736065573770492,MID,MID,cmp_3d5d09a2a4352628,9.100428838445872,False,1.9220701190109186,True,naive,PPARD,gt_4129badd0cfdf3a3,GRCh37,True,True,8.039538714991764,False,3,0.8098699215877208,True,0.1,1.0,1.8200857676891744,PRIMARY,0.880827270813496,,,MID,PPARD,Body mass index (BMI),Pan-UKB,,18.99661508704062,0.004136,0.07857,3,PPARD,Body mass index (BMI),Pan-UKB,B
1000,1000,Pan-UKB,Pan-UKB::continuous|21001|both_sexes||irnt,Body mass index (BMI),0.28328611898017,percentile bootstrap over ancestry-paired LD-pruned variants,3.736065573770492,MID,MID,cmp_3d5d09a2a4352628,9.100428838445872,False,1.9220701190109186,True,fiqt,PPARD,gt_4129badd0cfdf3a3,GRCh37,True,True,8.039538714991764,False,3,0.8098699215877208,True,0.1,1.0,1.821920573271891,PRIMARY,0.880827270813496,,,MID,PPARD,Body mass index (BMI),Pan-UKB,,18.99661508704062,0.004136,0.07857,3,PPARD,Body mass index (BMI),Pan-UKB,B
1000,1000,Pan-UKB,Pan-UKB::continuous|21001|both_sexes||irnt,Body mass index (BMI),0.2832861190014714,percentile bootstrap over ancestry-paired LD-pruned variants,3.7360655738779633,MID,MID,cmp_3d5d09a2a4352628,9.100428838445872,False,1.9220701190109186,True,deming,PPARD,gt_4129badd0cfdf3a3,GRCh37,True,True,8.039538714991764,False,3,0.8098699215877208,True,0.1,1.0,1.1785472110242559,PRIMARY,0.8808272708354786,,,MID,PPARD,Body mass index (BMI),Pan-UKB,,18.99661508704062,0.004136,0.07857,3,PPARD,Body mass index (BMI),Pan-UKB,B
1000,1000,Pan-UKB,Pan-UKB::biomarkers|30870|both_sexes||irnt,Triglycerides,-0.8480063563640597,percentile bootstrap over ancestry-paired LD-pruned variants,1.3942266571303072,AFR,AFR,cmp_44f6beefa09c6ba0,3.08658235730698,False,1.8257871271416324,True,naive,ANGPTL4,gt_37bb10a4689a1bb1,GRCh37,True,False,9.328791790235943,False,4,0.2386337849829679,True,0.1,0.25,0.21647537722073334,PRIMARY,0.5720087285227726,,,AFR,ANGPTL4,Triglycerides,Pan-UKB,,7.612483772227582,0.0034545,0.03979,4,ANGPTL4,Triglycerides,Pan-UKB,B
1000,1000,Pan-UKB,Pan-UKB::biomarkers|30870|both_sexes||irnt,Triglycerides,-0.8525383689018957,percentile bootstrap over ancestry-paired LD-pruned variants,1.3963593735955657,AFR,AFR,cmp_44f6beefa09c6ba0,3.08658235730698,False,1.8257871271416324,True,fiqt,ANGPTL4,gt_37bb10a4689a1bb1,GRCh37,True,False,9.328791790235943,False,4,0.2386337849829679,True,0.1,0.25,0.21613657512287768,PRIMARY,0.57370894573484,,,AFR,ANGPTL4,Triglycerides,Pan-UKB,,7.612483772227582,0.0034545,0.03979,4,ANGPTL4,Triglycerides,Pan-UKB,B
1000,1000,Pan-UKB,Pan-UKB::biomarkers|30870|both_sexes||irnt,Triglycerides,-0.9261091296618904,percentile bootstrap over ancestry-paired LD-pruned variants,0.11988461439592432,AFR,AFR,cmp_44f6beefa09c6ba0,3.08658235730698,False,1.8257871271416324,True,deming,ANGPTL4,gt_37bb10a4689a1bb1,GRCh37,True,False,9.328791790235943,False,4,0.2386337849829679,True,0.1,0.25,-0.5306990893480505,PRIMARY,0.26684004203864964,,,AFR,ANGPTL4,Triglycerides,Pan-UKB,,7.612483772227582,0.0034545,0.03979,4,ANGPTL4,Triglycerides,Pan-UKB,B
1000,1000,Pan-UKB,Pan-UKB::continuous|30080|both_sexes||irnt,Platelet count,-0.9428885227896762,percentile bootstrap over ancestry-paired LD-pruned variants,1.2584795321637428,AFR,AFR,cmp_480d6daf54baee46,2.917125902261396,False,3.3585609296912025,True,naive,PIK3CA,gt_d1d00e9dc71a2499,GRCh37,True,True,6.799850634802092,False,3,0.4153906365677468,True,0.1,0.3333333333333333,0.5834251804522792,PRIMARY,0.5615838026406428,,,AFR,PIK3CA,Platelet count,Pan-UKB,,7.650103519668737,0.002802,0.02173,3,PIK3CA,Platelet count,Pan-UKB,B
1000,1000,Pan-UKB,Pan-UKB::continuous|30080|both_sexes||irnt,Platelet count,-0.9428885227896758,percentile bootstrap over ancestry-paired LD-pruned variants,1.2584795321637428,AFR,AFR,cmp_480d6daf54baee46,2.917125902261396,False,3.3585609296912025,True,fiqt,PIK3CA,gt_d1d00e9dc71a2499,GRCh37,True,True,6.799850634802092,False,3,0.4153906365677468,True,0.1,0.3333333333333333,0.5863323047936742,PRIMARY,0.5615838026406427,,,AFR,PIK3CA,Platelet count,Pan-UKB,,7.650103519668737,0.002802,0.02173,3,PIK3CA,Platelet count,Pan-UKB,B
1000,1000,Pan-UKB,Pan-UKB::continuous|30080|both_sexes||irnt,Platelet count,-0.9428885161331664,percentile bootstrap over ancestry-paired LD-pruned variants,1.2584795324052351,AFR,AFR,cmp_480d6daf54baee46,2.917125902261396,False,3.3585609296912025,True,deming,PIK3CA,gt_d1d00e9dc71a2499,GRCh37,True,True,6.799850634802092,False,3,0.4153906365677468,True,0.1,0.3333333333333333,0.5545574225334754,PRIMARY,0.5615838010041285,,,AFR,PIK3CA,Platelet count,Pan-UKB,,7.650103519668737,0.002802,0.02173,3,PIK3CA,Platelet count,Pan-UKB,B
1000,1000,Pan-UKB,Pan-UKB::biomarkers|30750|both_sexes||irnt,Glycated haemoglobin (HbA1c),-0.5581538856624708,percentile bootstrap over ancestry-paired LD-pruned variants,1.0495638483297103,CSA,CSA,cmp_4ab05482f9c4b139,4.00128750415983,False,8.707104515305085,True,naive,PPARG,gt_5b728915d445b416,GRCh37,True,True,8.875514584008936,False,8,0.24664082848684266,True,0.1,0.625,0.4045451462690714,PRIMARY,0.41013961140961097,,,CSA,PPARG,Glycated haemoglobin (HbA1c),Pan-UKB,,7.3056608260685945,0.003144,0.025509999999999998,8,PPARG,Glycated haemoglobin (HbA1c),Pan-UKB,A
1000,1000,Pan-UKB,Pan-UKB::biomarkers|30750|both_sexes||irnt,Glycated haemoglobin (HbA1c),-0.574182450723541,percentile bootstrap over ancestry-paired LD-pruned variants,1.057950320692017,CSA,CSA,cmp_4ab05482f9c4b139,4.00128750415983,False,8.707104515305085,True,fiqt,PPARG,gt_5b728915d445b416,GRCh37,True,True,8.875514584008936,False,8,0.24664082848684266,True,0.1,0.625,0.40374059251171845,PRIMARY,0.41636805173197394,,,CSA,PPARG,Glycated haemoglobin (HbA1c),Pan-UKB,,7.3056608260685945,0.003144,0.025509999999999998,8,PPARG,Glycated haemoglobin (HbA1c),Pan-UKB,A
1000,1000,Pan-UKB,Pan-UKB::biomarkers|30750|both_sexes||irnt,Glycated haemoglobin (HbA1c),0.09882936441681303,percentile bootstrap over ancestry-paired LD-pruned variants,1.2212239044215272,CSA,CSA,cmp_4ab05482f9c4b139,4.00128750415983,False,8.707104515305085,True,deming,PPARG,gt_5b728915d445b416,GRCh37,True,True,8.875514584008936,False,8,0.24664082848684266,True,0.1,0.625,0.8008208217231098,PRIMARY,0.286330399144581,,,CSA,PPARG,Glycated haemoglobin (HbA1c),Pan-UKB,,7.3056608260685945,0.003144,0.025509999999999998,8,PPARG,Glycated haemoglobin (HbA1c),Pan-UKB,A
1000,1000,GBMI,GBMI::Asthma,Asthma,0.4841743540585929,percentile bootstrap over ancestry-paired LD-pruned variants,1.6169714042453087,CSA,SAS,cmp_4af752414605f4d3,6.800259879731193,False,7.1938927830807495,True,naive,IL1RL1,gt_e0253f9da76890c4,GRCh38,True,True,8.032834731849691,False,5,0.964347301766002,True,0.1,0.8,1.3600519759462386,PRIMARY,0.28898414948490747,,,CSA,IL1RL1,Asthma,GBMI,,5.437535831552614,0.0067692,0.043328,5,IL1RL1,Asthma,GBMI,B
1000,1000,GBMI,GBMI::Asthma,Asthma,0.4866266461343023,percentile bootstrap over ancestry-paired LD-pruned variants,1.6207483560740197,CSA,SAS,cmp_4af752414605f4d3,6.800259879731193,False,7.1938927830807495,True,fiqt,IL1RL1,gt_e0253f9da76890c4,GRCh38,True,True,8.032834731849691,False,5,0.964347301766002,True,0.1,0.8,1.3664067310596704,PRIMARY,0.28932207910082147,,,CSA,IL1RL1,Asthma,GBMI,,5.437535831552614,0.0067692,0.043328,5,IL1RL1,Asthma,GBMI,B
1000,1000,GBMI,GBMI::Asthma,Asthma,0.2548260010507395,percentile bootstrap over ancestry-paired LD-pruned variants,1.688753438625344,CSA,SAS,cmp_4af752414605f4d3,6.800259879731193,False,7.1938927830807495,True,deming,IL1RL1,gt_e0253f9da76890c4,GRCh38,True,True,8.032834731849691,False,5,0.964347301766002,True,0.1,0.8,1.419719562437151,PRIMARY,0.36580453745202496,,,CSA,IL1RL1,Asthma,GBMI,,5.437535831552614,0.0067692,0.043328,5,IL1RL1,Asthma,GBMI,B
1000,1000,Pan-UKB,Pan-UKB::biomarkers|30870|both_sexes||irnt,Triglycerides,0.11404234452660668,percentile bootstrap over ancestry-paired LD-pruned variants,0.7396018188515102,MID,MID,cmp_4cecb255412bf289,4.623648287937584,False,18.530848331019122,True,naive,LPL,gt_93b3040bef26dfa3,GRCh37,True,True,16.01162486938349,False,24,0.5747623384981435,True,0.1,0.6666666666666666,0.45006077521981586,PRIMARY,0.15958443095363917,,,MID,LPL,Triglycerides,Pan-UKB,,14.59535027764179,0.004562,0.06873000000000001,24,LPL,Triglycerides,Pan-UKB,B
1000,1000,Pan-UKB,Pan-UKB::biomarkers|30870|both_sexes||irnt,Triglycerides,0.11091816828181307,percentile bootstrap over ancestry-paired LD-pruned variants,0.7571049055154875,MID,MID,cmp_4cecb255412bf289,4.623648287937584,False,18.530848331019122,True,fiqt,LPL,gt_93b3040bef26dfa3,GRCh37,True,True,16.01162486938349,False,24,0.5747623384981435,True,0.1,0.6666666666666666,0.45084712375107017,PRIMARY,0.164846584511428,,,MID,LPL,Triglycerides,Pan-UKB,,14.59535027764179,0.004562,0.06873000000000001,24,LPL,Triglycerides,Pan-UKB,B
1000,1000,Pan-UKB,Pan-UKB::biomarkers|30870|both_sexes||irnt,Triglycerides,0.3512619632343125,percentile bootstrap over ancestry-paired LD-pruned variants,0.8673201062103689,MID,MID,cmp_4cecb255412bf289,4.623648287937584,False,18.530848331019122,True,deming,LPL,gt_93b3040bef26dfa3,GRCh37,True,True,16.01162486938349,False,24,0.5747623384981435,True,0.1,0.6666666666666666,0.6260404182001653,PRIMARY,0.13164990455096554,,,MID,LPL,Triglycerides,Pan-UKB,,14.59535027764179,0.004562,0.06873000000000001,24,LPL,Triglycerides,Pan-UKB,B
1000,1000,GBMI,GBMI::Asthma,Asthma,0.9346335202765743,percentile bootstrap over ancestry-paired LD-pruned variants,1.7614430285622438,AFR,AFR,cmp_50dfe6ec581edb6f,7.111156011743552,False,8.045898313393591,True,naive,IL1RL1,gt_e0253f9da76890c4,GRCh38,True,True,7.77498850121534,False,6,0.9334851817244874,True,0.1,0.8333333333333334,1.4222312023487105,PRIMARY,0.21092466872030236,,,AFR,IL1RL1,Asthma,GBMI,,7.341658951418406,0.0058484,0.0359735,6,IL1RL1,Asthma,GBMI,B
1000,1000,GBMI,GBMI::Asthma,Asthma,0.9352735985083866,percentile bootstrap over ancestry-paired LD-pruned variants,1.7781365749835485,AFR,AFR,cmp_50dfe6ec581edb6f,7.111156011743552,False,8.045898313393591,True,fiqt,IL1RL1,gt_e0253f9da76890c4,GRCh38,True,True,7.77498850121534,False,6,0.9334851817244874,True,0.1,0.8333333333333334,1.4293244759327368,PRIMARY,0.2150200164705978,,,AFR,IL1RL1,Asthma,GBMI,,7.341658951418406,0.0058484,0.0359735,6,IL1RL1,Asthma,GBMI,B
1000,1000,GBMI,GBMI::Asthma,Asthma,0.4156265893431227,percentile bootstrap over ancestry-paired LD-pruned variants,1.7068720761847915,AFR,AFR,cmp_50dfe6ec581edb6f,7.111156011743552,False,8.045898313393591,True,deming,IL1RL1,gt_e0253f9da76890c4,GRCh38,True,True,7.77498850121534,False,6,0.9334851817244874,True,0.1,0.8333333333333334,1.2263246317383036,PRIMARY,0.3294054117899228,,,AFR,IL1RL1,Asthma,GBMI,,7.341658951418406,0.0058484,0.0359735,6,IL1RL1,Asthma,GBMI,B
1000,1000,Pan-UKB,Pan-UKB::biomarkers|30620|both_sexes||irnt,Alanine aminotransferase,0.2701954956028704,percentile bootstrap over ancestry-paired LD-pruned variants,1.511446834923265,CSA,CSA,cmp_5181e0eccfa7681d,4.491190985068921,False,6.105668793557066,True,naive,PNPLA3,gt_c2f3696fd5d03431,GRCh37,True,True,9.384940573245292,False,6,0.7563052169967764,True,0.1,0.8333333333333334,0.8982381970137843,PRIMARY,0.31665156837350755,,,CSA,PNPLA3,Alanine aminotransferase,Pan-UKB,,6.664626952312295,0.0041975,0.031175,6,PNPLA3,Alanine aminotransferase,Pan-UKB,B
1000,1000,Pan-UKB,Pan-UKB::biomarkers|30620|both_sexes||irnt,Alanine aminotransferase,0.27006088623727464,percentile bootstrap over ancestry-paired LD-pruned variants,1.518573199843956,CSA,CSA,cmp_5181e0eccfa7681d,4.491190985068921,False,6.105668793557066,True,fiqt,PNPLA3,gt_c2f3696fd5d03431,GRCh37,True,True,9.384940573245292,False,6,0.7563052169967764,True,0.1,0.8333333333333334,0.9003206730024407,PRIMARY,0.3185038917691313,,,CSA,PNPLA3,Alanine aminotransferase,Pan-UKB,,6.664626952312295,0.0041975,0.031175,6,PNPLA3,Alanine aminotransferase,Pan-UKB,B
1000,1000,Pan-UKB,Pan-UKB::biomarkers|30620|both_sexes||irnt,Alanine aminotransferase,0.3296386936750176,percentile bootstrap over ancestry-paired LD-pruned variants,1.0749431481400333,CSA,CSA,cmp_5181e0eccfa7681d,4.491190985068921,False,6.105668793557066,True,deming,PNPLA3,gt_c2f3696fd5d03431,GRCh37,True,True,9.384940573245292,False,6,0.7563052169967764,True,0.1,0.8333333333333334,0.8255870230638704,PRIMARY,0.19013218108696953,,,CSA,PNPLA3,Alanine aminotransferase,Pan-UKB,,6.664626952312295,0.0041975,0.031175,6,PNPLA3,Alanine aminotransferase,Pan-UKB,B
1000,1000,GBMI,GBMI::Asthma,Asthma,-0.27366093822305404,percentile bootstrap over ancestry-paired LD-pruned variants,0.9822704760518939,AMR,AMR,cmp_5235bc263b35ea04,2.6573693201839648,False,2.2292763612053923,True,naive,IL4R,gt_aff18fde645e6a6f,GRCh38,True,True,7.1986126695909425,False,5,0.3520844846081194,True,0.1,0.6,0.531473864036793,PRIMARY,0.32039655426874547,,,AMR,IL4R,Asthma,GBMI,,7.281009647659053,0.0056092,0.049658,5,IL4R,Asthma,GBMI,A
1000,1000,GBMI,GBMI::Asthma,Asthma,-0.2768936118559971,percentile bootstrap over ancestry-paired LD-pruned variants,0.9917024565374843,AMR,AMR,cmp_5235bc263b35ea04,2.6573693201839648,False,2.2292763612053923,True,fiqt,IL4R,gt_aff18fde645e6a6f,GRCh38,True,True,7.1986126695909425,False,5,0.3520844846081194,True,0.1,0.6,0.5355914938987708,PRIMARY,0.32362739274803143,,,AMR,IL4R,Asthma,GBMI,,7.281009647659053,0.0056092,0.049658,5,IL4R,Asthma,GBMI,A
1000,1000,GBMI,GBMI::Asthma,Asthma,-0.1965698128390209,percentile bootstrap over ancestry-paired LD-pruned variants,0.9634447217488734,AMR,AMR,cmp_5235bc263b35ea04,2.6573693201839648,False,2.2292763612053923,True,deming,IL4R,gt_aff18fde645e6a6f,GRCh38,True,True,7.1986126695909425,False,5,0.3520844846081194,True,0.1,0.6,0.43550228693488957,PRIMARY,0.29592751288746655,,,AMR,IL4R,Asthma,GBMI,,7.281009647659053,0.0056092,0.049658,5,IL4R,Asthma,GBMI,A
1000,1000,Pan-UKB,Pan-UKB::biomarkers|30870|both_sexes||irnt,Triglycerides,0.2645071515373759,percentile bootstrap over ancestry-paired LD-pruned variants,1.9462269246381052,MID,MID,cmp_55e72b65deff56f6,5.754766998375745,False,2.342384306410427,True,naive,APOB,gt_e89d07b40f69aeb9,GRCh37,True,True,6.628448584736653,False,9,0.7215517331199378,True,0.1,0.7777777777777778,1.1509533996751489,PRIMARY,0.42901802950613394,,,MID,APOB,Triglycerides,Pan-UKB,,14.298323036187115,0.004222,0.05655,9,APOB,Triglycerides,Pan-UKB,B
1000,1000,Pan-UKB,Pan-UKB::biomarkers|30870|both_sexes||irnt,Triglycerides,0.2648936027681418,percentile bootstrap over ancestry-paired LD-pruned variants,1.9713682958154872,MID,MID,cmp_55e72b65deff56f6,5.754766998375745,False,2.342384306410427,True,fiqt,APOB,gt_e89d07b40f69aeb9,GRCh37,True,True,6.628448584736653,False,9,0.7215517331199378,True,0.1,0.7777777777777778,1.1602339413075722,PRIMARY,0.4353331761470619,,,MID,APOB,Triglycerides,Pan-UKB,,14.298323036187115,0.004222,0.05655,9,APOB,Triglycerides,Pan-UKB,B
1000,1000,Pan-UKB,Pan-UKB::biomarkers|30870|both_sexes||irnt,Triglycerides,0.25156810589612943,percentile bootstrap over ancestry-paired LD-pruned variants,1.0376910003238136,MID,MID,cmp_55e72b65deff56f6,5.754766998375745,False,2.342384306410427,True,deming,APOB,gt_e89d07b40f69aeb9,GRCh37,True,True,6.628448584736653,False,9,0.7215517331199378,True,0.1,0.7777777777777778,0.6238214716262288,PRIMARY,0.20054523976678176,,,MID,APOB,Triglycerides,Pan-UKB,,14.298323036187115,0.004222,0.05655,9,APOB,Triglycerides,Pan-UKB,B
1000,1000,GBMI,GBMI::Asthma,Asthma,-0.33791181282317484,percentile bootstrap over ancestry-paired LD-pruned variants,1.1763481380614171,AMR,AMR,cmp_562bf6b74a067fe1,3.168450770722468,False,7.226872127008569,True,naive,IL5,gt_8eacc233dce7b2c8,GRCh38,True,True,7.359988937397523,False,7,0.4420400983972484,True,0.1,0.7142857142857143,0.6336901541444936,PRIMARY,0.3862979021116922,,,AMR,IL5,Asthma,GBMI,,8.654450977710926,0.0068207,0.059805,7,IL5,Asthma,GBMI,B
1000,1000,GBMI,GBMI::Asthma,Asthma,-0.33920901069787124,percentile bootstrap over ancestry-paired LD-pruned variants,1.1819940603740176,AMR,AMR,cmp_562bf6b74a067fe1,3.168450770722468,False,7.226872127008569,True,fiqt,IL5,gt_8eacc233dce7b2c8,GRCh38,True,True,7.359988937397523,False,7,0.4420400983972484,True,0.1,0.7142857142857143,0.6398725263606757,PRIMARY,0.3880691387879942,,,AMR,IL5,Asthma,GBMI,,8.654450977710926,0.0068207,0.059805,7,IL5,Asthma,GBMI,B
1000,1000,GBMI,GBMI::Asthma,Asthma,-0.7738108385050618,percentile bootstrap over ancestry-paired LD-pruned variants,1.194771819381933,AMR,AMR,cmp_562bf6b74a067fe1,3.168450770722468,False,7.226872127008569,True,deming,IL5,gt_8eacc233dce7b2c8,GRCh38,True,True,7.359988937397523,False,7,0.4420400983972484,True,0.1,0.7142857142857143,0.1364903855862326,PRIMARY,0.5021986815612235,,,AMR,IL5,Asthma,GBMI,,8.654450977710926,0.0068207,0.059805,7,IL5,Asthma,GBMI,B
1000,1000,Pan-UKB,Pan-UKB::biomarkers|30750|both_sexes||irnt,Glycated haemoglobin (HbA1c),-3.631803628601921,percentile bootstrap over ancestry-paired LD-pruned variants,1.86045931103345,MID,MID,cmp_58426512e8b1ab61,6.909338393690147,False,2.90620610280037,True,naive,SREBF1,gt_f49766f3ae4b8a2f,GRCh37,True,True,5.8036543821616595,False,3,0.2748209689448825,True,0.1,0.3333333333333333,0.6239815237449153,PRIMARY,1.4011132303852623,,,MID,SREBF1,Glycated haemoglobin (HbA1c),Pan-UKB,,15.368655057428679,0.003229,0.04837,3,SREBF1,Glycated haemoglobin (HbA1c),Pan-UKB,B
1000,1000,Pan-UKB,Pan-UKB::biomarkers|30750|both_sexes||irnt,Glycated haemoglobin (HbA1c),-3.6318036286019217,percentile bootstrap over ancestry-paired LD-pruned variants,1.8604593110334495,MID,MID,cmp_58426512e8b1ab61,6.909338393690147,False,2.90620610280037,True,fiqt,SREBF1,gt_f49766f3ae4b8a2f,GRCh37,True,True,5.8036543821616595,False,3,0.2748209689448825,True,0.1,0.3333333333333333,0.6306207911384686,PRIMARY,1.4011132303852625,,,MID,SREBF1,Glycated haemoglobin (HbA1c),Pan-UKB,,15.368655057428679,0.003229,0.04837,3,SREBF1,Glycated haemoglobin (HbA1c),Pan-UKB,B
1000,1000,Pan-UKB,Pan-UKB::biomarkers|30750|both_sexes||irnt,Glycated haemoglobin (HbA1c),-3.631803630516378,percentile bootstrap over ancestry-paired LD-pruned variants,1.8604593210257312,MID,MID,cmp_58426512e8b1ab61,6.909338393690147,False,2.90620610280037,True,deming,SREBF1,gt_f49766f3ae4b8a2f,GRCh37,True,True,5.8036543821616595,False,3,0.2748209689448825,True,0.1,0.3333333333333333,1.136381601917868,PRIMARY,1.4011132334227514,,,MID,SREBF1,Glycated haemoglobin (HbA1c),Pan-UKB,,15.368655057428679,0.003229,0.04837,3,SREBF1,Glycated haemoglobin (HbA1c),Pan-UKB,B
1000,1000,Pan-UKB,Pan-UKB::biomarkers|30870|both_sexes||irnt,Triglycerides,0.7362687637511889,percentile bootstrap over ancestry-paired LD-pruned variants,1.127405700278382,CSA,CSA,cmp_58feb2f9cd1731f6,4.353097612621854,False,43.9120810027326,True,naive,APOC3,gt_f57de0955fec90d0,GRCh37,True,True,14.74149424303135,False,16,0.9177813306948112,True,0.1,0.875,0.8706195225243708,PRIMARY,0.09978166425822906,,,CSA,APOC3,Triglycerides,Pan-UKB,,6.455019667275019,0.0052145,0.036849999999999994,16,APOC3,Triglycerides,Pan-UKB,A
1000,1000,Pan-UKB,Pan-UKB::biomarkers|30870|both_sexes||irnt,Triglycerides,0.834490362276667,percentile bootstrap over ancestry-paired LD-pruned variants,1.3705376617714822,CSA,CSA,cmp_58feb2f9cd1731f6,4.353097612621854,False,43.9120810027326,True,fiqt,APOC3,gt_f57de0955fec90d0,GRCh37,True,True,14.74149424303135,False,16,0.9177813306948112,True,0.1,0.875,1.0977945841057706,PRIMARY,0.13674927287518748,,,CSA,APOC3,Triglycerides,Pan-UKB,,6.455019667275019,0.0052145,0.036849999999999994,16,APOC3,Triglycerides,Pan-UKB,A
1000,1000,Pan-UKB,Pan-UKB::biomarkers|30870|both_sexes||irnt,Triglycerides,0.7977038449053954,percentile bootstrap over ancestry-paired LD-pruned variants,1.301745051112824,CSA,CSA,cmp_58feb2f9cd1731f6,4.353097612621854,False,43.9120810027326,True,deming,APOC3,gt_f57de0955fec90d0,GRCh37,True,True,14.74149424303135,False,16,0.9177813306948112,True,0.1,0.875,0.9269489683046768,PRIMARY,0.12858430312578223,,,CSA,APOC3,Triglycerides,Pan-UKB,,6.455019667275019,0.0052145,0.036849999999999994,16,APOC3,Triglycerides,Pan-UKB,A
1000,1000,Pan-UKB,Pan-UKB::biomarkers|30750|both_sexes||irnt,Glycated haemoglobin (HbA1c),0.7424030289112636,percentile bootstrap over ancestry-paired LD-pruned variants,1.4790400705116835,CSA,CSA,cmp_593ae8985cf9fb81,5.596031412752129,False,0.8858738732637179,True,naive,VEGFA,gt_dab1180e9c6840b2,GRCh37,True,True,7.663192529408654,False,4,0.9651396532985425,True,0.1,1.0,1.1192062825504259,PRIMARY,0.18792106574685016,,,CSA,VEGFA,Glycated haemoglobin (HbA1c),Pan-UKB,,6.678302476597738,0.0025395,0.017195000000000002,4,VEGFA,Glycated haemoglobin (HbA1c),Pan-UKB,B
1000,1000,Pan-UKB,Pan-UKB::biomarkers|30750|both_sexes||irnt,Glycated haemoglobin (HbA1c),0.7440783184704259,percentile bootstrap over ancestry-paired LD-pruned variants,1.4861904609653596,CSA,CSA,cmp_593ae8985cf9fb81,5.596031412752129,False,0.8858738732637179,True,fiqt,VEGFA,gt_dab1180e9c6840b2,GRCh37,True,True,7.663192529408654,False,4,0.9651396532985425,True,0.1,1.0,1.1293107491618144,PRIMARY,0.18931780082405072,,,CSA,VEGFA,Glycated haemoglobin (HbA1c),Pan-UKB,,6.678302476597738,0.0025395,0.017195000000000002,4,VEGFA,Glycated haemoglobin (HbA1c),Pan-UKB,B
1000,1000,Pan-UKB,Pan-UKB::biomarkers|30750|both_sexes||irnt,Glycated haemoglobin (HbA1c),0.725854290335514,percentile bootstrap over ancestry-paired LD-pruned variants,1.454533633908507,CSA,CSA,cmp_593ae8985cf9fb81,5.596031412752129,False,0.8858738732637179,True,deming,VEGFA,gt_dab1180e9c6840b2,GRCh37,True,True,7.663192529408654,False,4,0.9651396532985425,True,0.1,1.0,1.082883487587738,PRIMARY,0.18589100343698223,,,CSA,VEGFA,Glycated haemoglobin (HbA1c),Pan-UKB,,6.678302476597738,0.0025395,0.017195000000000002,4,VEGFA,Glycated haemoglobin (HbA1c),Pan-UKB,B
1000,1000,GBMI,GBMI::Asthma,Asthma,-0.7893552716007137,percentile bootstrap over ancestry-paired LD-pruned variants,1.0774340171288295,CSA,SAS,cmp_596f61a009141a06,2.342218469956931,False,8.932521466968124,True,naive,IL5,gt_8eacc233dce7b2c8,GRCh38,True,True,10.480336490954908,False,4,0.22068726076375197,True,0.1,0.5,0.2944648796847228,PRIMARY,0.4762305081763081,,,CSA,IL5,Asthma,GBMI,,6.915633699514221,0.0063355500000000006,0.039813,4,IL5,Asthma,GBMI,B
1000,1000,GBMI,GBMI::Asthma,Asthma,-0.790738122766537,percentile bootstrap over ancestry-paired LD-pruned variants,1.0800553030876616,CSA,SAS,cmp_596f61a009141a06,2.342218469956931,False,8.932521466968124,True,fiqt,IL5,gt_8eacc233dce7b2c8,GRCh38,True,True,10.480336490954908,False,4,0.22068726076375197,True,0.1,0.5,0.29693528523875284,PRIMARY,0.4772519904984935,,,CSA,IL5,Asthma,GBMI,,6.915633699514221,0.0063355500000000006,0.039813,4,IL5,Asthma,GBMI,B
1000,1000,GBMI,GBMI::Asthma,Asthma,-0.7597787607740829,percentile bootstrap over ancestry-paired LD-pruned variants,1.147768846604341,CSA,SAS,cmp_596f61a009141a06,2.342218469956931,False,8.932521466968124,True,deming,IL5,gt_8eacc233dce7b2c8,GRCh38,True,True,10.480336490954908,False,4,0.22068726076375197,True,0.1,0.5,0.3795124201201967,PRIMARY,0.4866282295044491,,,CSA,IL5,Asthma,GBMI,,6.915633699514221,0.0063355500000000006,0.039813,4,IL5,Asthma,GBMI,B
1000,1000,Pan-UKB,Pan-UKB::continuous|30080|both_sexes||irnt,Platelet count,-2.446386312653698,percentile bootstrap over ancestry-paired LD-pruned variants,0.7766239846069241,EAS,EAS,cmp_5b2b67e88398e55b,7.087089521503209,False,9.644651789104795,True,naive,JAK2,gt_2fdb14cf300437e0,GRCh37,True,True,11.551499348109518,False,7,-0.16354346423354,True,0.1,0.5714285714285714,-0.3531906051231507,PRIMARY,0.8222116127345492,,,EAS,JAK2,Platelet count,Pan-UKB,,19.264589905362776,0.003835,0.08379,7,JAK2,Platelet count,Pan-UKB,A
1000,1000,Pan-UKB,Pan-UKB::continuous|30080|both_sexes||irnt,Platelet count,-2.4605509626762863,percentile bootstrap over ancestry-paired LD-pruned variants,0.7786947380902114,EAS,EAS,cmp_5b2b67e88398e55b,7.087089521503209,False,9.644651789104795,True,fiqt,JAK2,gt_2fdb14cf300437e0,GRCh37,True,True,11.551499348109518,False,7,-0.16354346423354,True,0.1,0.5714285714285714,-0.35528894483293016,PRIMARY,0.826353373408199,,,EAS,JAK2,Platelet count,Pan-UKB,,19.264589905362776,0.003835,0.08379,7,JAK2,Platelet count,Pan-UKB,A
1000,1000,Pan-UKB,Pan-UKB::continuous|30080|both_sexes||irnt,Platelet count,-1.1988741572138624,percentile bootstrap over ancestry-paired LD-pruned variants,1.005570905264676,EAS,EAS,cmp_5b2b67e88398e55b,7.087089521503209,False,9.644651789104795,True,deming,JAK2,gt_2fdb14cf300437e0,GRCh37,True,True,11.551499348109518,False,7,-0.16354346423354,True,0.1,0.5714285714285714,0.2996977073548264,PRIMARY,0.56236876796383,,,EAS,JAK2,Platelet count,Pan-UKB,,19.264589905362776,0.003835,0.08379,7,JAK2,Platelet count,Pan-UKB,A
1000,1000,Pan-UKB,Pan-UKB::biomarkers|30750|both_sexes||irnt,Glycated haemoglobin (HbA1c),1.441268423403305,percentile bootstrap over ancestry-paired LD-pruned variants,1.9909484454939004,CSA,CSA,cmp_6a904cea8c198f4a,7.827363934723735,False,0.20270713174129307,True,naive,DGAT1,gt_8af78a546ba0cf73,GRCh37,True,True,7.182036888532478,False,3,0.9860716852637603,True,0.1,1.0,1.565472786944747,PRIMARY,0.14022707213663138,,,CSA,DGAT1,Glycated haemoglobin (HbA1c),Pan-UKB,,6.856357927786499,0.002706,0.0185,3,DGAT1,Glycated haemoglobin (HbA1c),Pan-UKB,B
1000,1000,Pan-UKB,Pan-UKB::biomarkers|30750|both_sexes||irnt,Glycated haemoglobin (HbA1c),1.441268423403305,percentile bootstrap over ancestry-paired LD-pruned variants,1.9909484454938997,CSA,CSA,cmp_6a904cea8c198f4a,7.827363934723735,False,0.20270713174129307,True,fiqt,DGAT1,gt_8af78a546ba0cf73,GRCh37,True,True,7.182036888532478,False,3,0.9860716852637603,True,0.1,1.0,1.577261635082192,PRIMARY,0.14022707213663121,,,CSA,DGAT1,Glycated haemoglobin (HbA1c),Pan-UKB,,6.856357927786499,0.002706,0.0185,3,DGAT1,Glycated haemoglobin (HbA1c),Pan-UKB,B
1000,1000,Pan-UKB,Pan-UKB::biomarkers|30750|both_sexes||irnt,Glycated haemoglobin (HbA1c),1.4412684269198126,percentile bootstrap over ancestry-paired LD-pruned variants,1.9909484451056234,CSA,CSA,cmp_6a904cea8c198f4a,7.827363934723735,False,0.20270713174129307,True,deming,DGAT1,gt_8af78a546ba0cf73,GRCh37,True,True,7.182036888532478,False,3,0.9860716852637603,True,0.1,1.0,1.7991554072443494,PRIMARY,0.1402270711404946,,,CSA,DGAT1,Glycated haemoglobin (HbA1c),Pan-UKB,,6.856357927786499,0.002706,0.0185,3,DGAT1,Glycated haemoglobin (HbA1c),Pan-UKB,B
1000,1000,Pan-UKB,Pan-UKB::biomarkers|30870|both_sexes||irnt,Triglycerides,-0.2725155788783208,percentile bootstrap over ancestry-paired LD-pruned variants,1.3891006097560976,CSA,CSA,cmp_6d7ba361d906c9f1,3.5512608537456107,False,3.280223622658905,True,naive,FGF21,gt_3de9daa3443abcc6,GRCh37,True,False,6.613730759833862,False,3,-0.9854413253844365,True,0.1,0.6666666666666666,0.7102521707491222,PRIMARY,0.42388946984256726,,,CSA,FGF21,Triglycerides,Pan-UKB,,6.718788174932811,0.004093,0.0209,3,FGF21,Triglycerides,Pan-UKB,B
1000,1000,Pan-UKB,Pan-UKB::biomarkers|30870|both_sexes||irnt,Triglycerides,-0.27251557887832073,percentile bootstrap over ancestry-paired LD-pruned variants,1.3891006097560976,CSA,CSA,cmp_6d7ba361d906c9f1,3.5512608537456107,False,3.280223622658905,True,fiqt,FGF21,gt_3de9daa3443abcc6,GRCh37,True,False,6.613730759833862,False,3,-0.9854413253844365,True,0.1,0.6666666666666666,0.7106005645812252,PRIMARY,0.42388946984256726,,,CSA,FGF21,Triglycerides,Pan-UKB,,6.718788174932811,0.004093,0.0209,3,FGF21,Triglycerides,Pan-UKB,B
1000,1000,Pan-UKB,Pan-UKB::biomarkers|30870|both_sexes||irnt,Triglycerides,-0.27251557887913486,percentile bootstrap over ancestry-paired LD-pruned variants,1.389100611519002,CSA,CSA,cmp_6d7ba361d906c9f1,3.5512608537456107,False,3.280223622658905,True,deming,FGF21,gt_3de9daa3443abcc6,GRCh37,True,False,6.613730759833862,False,3,-0.9854413253844365,True,0.1,0.6666666666666666,0.7129845724429014,PRIMARY,0.42388947029250373,,,CSA,FGF21,Triglycerides,Pan-UKB,,6.718788174932811,0.004093,0.0209,3,FGF21,Triglycerides,Pan-UKB,B
1000,1000,Pan-UKB,Pan-UKB::continuous|30080|both_sexes||irnt,Platelet count,-0.2910234270289809,percentile bootstrap over ancestry-paired LD-pruned variants,1.5588643136068763,EAS,EAS,cmp_753051b5ab931966,8.535036840216703,False,18.266756058274893,True,naive,THPO,gt_5a525d6a0e697a02,GRCh37,True,True,9.709352517985613,False,9,0.5918092743127867,True,0.1,0.6666666666666666,0.9753742614418915,PRIMARY,0.47191880953617915,,,EAS,THPO,Platelet count,Pan-UKB,,11.821041593848307,0.003475,0.04335,9,THPO,Platelet count,Pan-UKB,B
1000,1000,Pan-UKB,Pan-UKB::continuous|30080|both_sexes||irnt,Platelet count,-0.2907069751300826,percentile bootstrap over ancestry-paired LD-pruned variants,1.5618190988523,EAS,EAS,cmp_753051b5ab931966,8.535036840216703,False,18.266756058274893,True,fiqt,THPO,gt_5a525d6a0e697a02,GRCh37,True,True,9.709352517985613,False,9,0.5918092743127867,True,0.1,0.6666666666666666,0.9788992918209516,PRIMARY,0.4725918661248043,,,EAS,THPO,Platelet count,Pan-UKB,,11.821041593848307,0.003475,0.04335,9,THPO,Platelet count,Pan-UKB,B
1000,1000,Pan-UKB,Pan-UKB::continuous|30080|both_sexes||irnt,Platelet count,-0.008350463449345391,percentile bootstrap over ancestry-paired LD-pruned variants,1.2909139834444892,EAS,EAS,cmp_753051b5ab931966,8.535036840216703,False,18.266756058274893,True,deming,THPO,gt_5a525d6a0e697a02,GRCh37,True,True,9.709352517985613,False,9,0.5918092743127867,True,0.1,0.6666666666666666,0.5058032102742686,PRIMARY,0.33145110245450093,,,EAS,THPO,Platelet count,Pan-UKB,,11.821041593848307,0.003475,0.04335,9,THPO,Platelet count,Pan-UKB,B
1000,1000,Pan-UKB,Pan-UKB::continuous|21001|both_sexes||irnt,Body mass index (BMI),-2.3776516378708523,percentile bootstrap over ancestry-paired LD-pruned variants,1.8728417680922964,MID,MID,cmp_795667e1dbbc5ad6,6.384309720041507,False,7.310864035331415,True,naive,MC4R,gt_e31188cc7b292717,GRCh37,True,True,7.543166215935095,False,5,0.1712086294378819,True,0.1,0.6,0.5297195431798616,PRIMARY,1.0843294671459525,,,MID,MC4R,Body mass index (BMI),Pan-UKB,,15.273972602739725,0.004807,0.09009,5,MC4R,Body mass index (BMI),Pan-UKB,A
1000,1000,Pan-UKB,Pan-UKB::continuous|21001|both_sexes||irnt,Body mass index (BMI),-2.409593375031286,percentile bootstrap over ancestry-paired LD-pruned variants,1.8789122457375622,MID,MID,cmp_795667e1dbbc5ad6,6.384309720041507,False,7.310864035331415,True,fiqt,MC4R,gt_e31188cc7b292717,GRCh37,True,True,7.543166215935095,False,5,0.1712086294378819,True,0.1,0.6,0.5263397090218714,PRIMARY,1.0940266389066415,,,MID,MC4R,Body mass index (BMI),Pan-UKB,,15.273972602739725,0.004807,0.09009,5,MC4R,Body mass index (BMI),Pan-UKB,A
1000,1000,Pan-UKB,Pan-UKB::continuous|21001|both_sexes||irnt,Body mass index (BMI),-1.8471909115446123,percentile bootstrap over ancestry-paired LD-pruned variants,2.0229900580811195,MID,MID,cmp_795667e1dbbc5ad6,6.384309720041507,False,7.310864035331415,True,deming,MC4R,gt_e31188cc7b292717,GRCh37,True,True,7.543166215935095,False,5,0.1712086294378819,True,0.1,0.6,1.149674891002018,PRIMARY,0.987309205718377,,,MID,MC4R,Body mass index (BMI),Pan-UKB,,15.273972602739725,0.004807,0.09009,5,MC4R,Body mass index (BMI),Pan-UKB,A
1000,1000,GBMI,GBMI::Asthma,Asthma,0.6144354251202503,percentile bootstrap over ancestry-paired LD-pruned variants,1.1302470175699795,CSA,SAS,cmp_7aa41dc81cd9b3ff,3.817196971159609,False,0.6882784918134184,True,naive,IL4R,gt_aff18fde645e6a6f,GRCh38,True,True,7.1986126695909425,False,5,0.9269989472163475,True,0.1,1.0,0.7634393942319219,PRIMARY,0.13158700785279354,,,CSA,IL4R,Asthma,GBMI,,5.733739954351037,0.0056092,0.034659,5,IL4R,Asthma,GBMI,A
1000,1000,GBMI,GBMI::Asthma,Asthma,0.6184616985714921,percentile bootstrap over ancestry-paired LD-pruned variants,1.1368213990473248,CSA,SAS,cmp_7aa41dc81cd9b3ff,3.817196971159609,False,0.6882784918134184,True,fiqt,IL4R,gt_aff18fde645e6a6f,GRCh38,True,True,7.1986126695909425,False,5,0.9269989472163475,True,0.1,1.0,0.7731338302869921,PRIMARY,0.1322370473551014,,,CSA,IL4R,Asthma,GBMI,,5.733739954351037,0.0056092,0.034659,5,IL4R,Asthma,GBMI,A
1000,1000,GBMI,GBMI::Asthma,Asthma,0.6222368643795644,percentile bootstrap over ancestry-paired LD-pruned variants,1.1128315716736075,CSA,SAS,cmp_7aa41dc81cd9b3ff,3.817196971159609,False,0.6882784918134184,True,deming,IL4R,gt_aff18fde645e6a6f,GRCh38,True,True,7.1986126695909425,False,5,0.9269989472163475,True,0.1,1.0,0.8022824841161826,PRIMARY,0.12515401077871624,,,CSA,IL4R,Asthma,GBMI,,5.733739954351037,0.0056092,0.034659,5,IL4R,Asthma,GBMI,A
1000,1000,Pan-UKB,Pan-UKB::biomarkers|30780|both_sexes||irnt,LDL direct,0.02504991087930659,percentile bootstrap over ancestry-paired LD-pruned variants,0.9368558208574238,CSA,CSA,cmp_7e3415964666180a,4.191324595956653,False,16.300605118709942,True,naive,PCSK9,gt_d690685489730e56,GRCh37,True,False,9.352808745856894,False,14,0.3341593201093126,True,0.1,0.7857142857142857,0.23911384755486556,PRIMARY,0.23260782268713248,,,CSA,PCSK9,LDL direct,Pan-UKB,,6.901423995839801,0.004945,0.036225,14,PCSK9,LDL direct,Pan-UKB,A
1000,1000,Pan-UKB,Pan-UKB::biomarkers|30780|both_sexes||irnt,LDL direct,0.02488377021001788,percentile bootstrap over ancestry-paired LD-pruned variants,0.945205976042866,CSA,CSA,cmp_7e3415964666180a,4.191324595956653,False,16.300605118709942,True,fiqt,PCSK9,gt_d690685489730e56,GRCh37,True,False,9.352808745856894,False,14,0.3341593201093126,True,0.1,0.7857142857142857,0.2405182677155082,PRIMARY,0.2347803870612502,,,CSA,PCSK9,LDL direct,Pan-UKB,,6.901423995839801,0.004945,0.036225,14,PCSK9,LDL direct,Pan-UKB,A
1000,1000,Pan-UKB,Pan-UKB::biomarkers|30780|both_sexes||irnt,LDL direct,0.06564198721598334,percentile bootstrap over ancestry-paired LD-pruned variants,0.794299521332131,CSA,CSA,cmp_7e3415964666180a,4.191324595956653,False,16.300605118709942,True,deming,PCSK9,gt_d690685489730e56,GRCh37,True,False,9.352808745856894,False,14,0.3341593201093126,True,0.1,0.7857142857142857,0.334332098652151,PRIMARY,0.18588543969779683,,,CSA,PCSK9,LDL direct,Pan-UKB,,6.901423995839801,0.004945,0.036225,14,PCSK9,LDL direct,Pan-UKB,A
1000,1000,GBMI,GBMI::Asthma,Asthma,0.08193852837007341,percentile bootstrap over ancestry-paired LD-pruned variants,1.3788633319240478,AFR,AFR,cmp_812c7bbd23890504,2.899312572282314,False,4.305036744284578,True,naive,IL4R,gt_aff18fde645e6a6f,GRCh38,True,True,7.1986126695909425,False,5,0.2677788674999373,True,0.1,0.8,0.5091206253060033,PRIMARY,0.3308542436963005,,,AFR,IL4R,Asthma,GBMI,,6.993573395899214,0.0056092,0.036871,5,IL4R,Asthma,GBMI,A
1000,1000,GBMI,GBMI::Asthma,Asthma,0.08251613093234357,percentile bootstrap over ancestry-paired LD-pruned variants,1.3871696262037658,AFR,AFR,cmp_812c7bbd23890504,2.899312572282314,False,4.305036744284578,True,fiqt,IL4R,gt_aff18fde645e6a6f,GRCh38,True,True,7.1986126695909425,False,5,0.2677788674999373,True,0.1,0.8,0.513816915863849,PRIMARY,0.3328258849556325,,,AFR,IL4R,Asthma,GBMI,,6.993573395899214,0.0056092,0.036871,5,IL4R,Asthma,GBMI,A
1000,1000,GBMI,GBMI::Asthma,Asthma,0.10504569735814535,percentile bootstrap over ancestry-paired LD-pruned variants,1.3780975081080786,AFR,AFR,cmp_812c7bbd23890504,2.899312572282314,False,4.305036744284578,True,deming,IL4R,gt_aff18fde645e6a6f,GRCh38,True,True,7.1986126695909425,False,5,0.2677788674999373,True,0.1,0.8,0.6283266933661993,PRIMARY,0.3247640826034569,,,AFR,IL4R,Asthma,GBMI,,6.993573395899214,0.0056092,0.036871,5,IL4R,Asthma,GBMI,A
1000,1000,Pan-UKB,Pan-UKB::continuous|3148|both_sexes||irnt,Heel bone mineral density (BMD),-0.5539284371423581,percentile bootstrap over ancestry-paired LD-pruned variants,0.6254718892556823,CSA,CSA,cmp_836c47786aded226,6.156987547100081,False,26.190539432635585,True,naive,ESR1,gt_709069d1feb6b869,GRCh37,True,False,8.556531284302963,False,23,-0.028082990774641364,True,0.1,0.6086956521739131,-0.044384579055687746,PRIMARY,0.3008729588148047,,,CSA,ESR1,Heel bone mineral density (BMD),Pan-UKB,,9.871526740364505,0.005699,0.07718,23,ESR1,Heel bone mineral density (BMD),Pan-UKB,A
1000,1000,Pan-UKB,Pan-UKB::continuous|3148|both_sexes||irnt,Heel bone mineral density (BMD),-0.556539087719381,percentile bootstrap over ancestry-paired LD-pruned variants,0.6280549553382946,CSA,CSA,cmp_836c47786aded226,6.156987547100081,False,26.190539432635585,True,fiqt,ESR1,gt_709069d1feb6b869,GRCh37,True,False,8.556531284302963,False,23,-0.028082990774641364,True,0.1,0.6086956521739131,-0.0446394694068119,PRIMARY,0.30219791088040454,,,CSA,ESR1,Heel bone mineral density (BMD),Pan-UKB,,9.871526740364505,0.005699,0.07718,23,ESR1,Heel bone mineral density (BMD),Pan-UKB,A
1000,1000,Pan-UKB,Pan-UKB::continuous|3148|both_sexes||irnt,Heel bone mineral density (BMD),-0.11226123247987183,percentile bootstrap over ancestry-paired LD-pruned variants,0.5537078036576747,CSA,CSA,cmp_836c47786aded226,6.156987547100081,False,26.190539432635585,True,deming,ESR1,gt_709069d1feb6b869,GRCh37,True,False,8.556531284302963,False,23,-0.028082990774641364,True,0.1,0.6086956521739131,0.21509937325075743,PRIMARY,0.1698931820662587,,,CSA,ESR1,Heel bone mineral density (BMD),Pan-UKB,,9.871526740364505,0.005699,0.07718,23,ESR1,Heel bone mineral density (BMD),Pan-UKB,A
1000,1000,Pan-UKB,Pan-UKB::continuous|4080|both_sexes||irnt,"Systolic blood pressure, automated reading",1.24546485260771,percentile bootstrap over ancestry-paired LD-pruned variants,2.4128282393456737,EAS,EAS,cmp_85dc45cb0e4ef696,7.899518755725334,False,0.19930700231292633,True,naive,ADRB1,gt_bc3d66c41e611627,GRCh37,True,True,6.855546687948923,False,3,0.44197734897933644,True,0.1,1.0,1.5799037511450669,PRIMARY,0.29780225451742415,,,EAS,ADRB1,"Systolic blood pressure, automated reading",Pan-UKB,,14.133180252583237,0.002613,0.03693,3,ADRB1,"Systolic blood pressure, automated reading",Pan-UKB,A
1000,1000,Pan-UKB,Pan-UKB::continuous|4080|both_sexes||irnt,"Systolic blood pressure, automated reading",1.2454648526077094,percentile bootstrap over ancestry-paired LD-pruned variants,2.4128282393456737,EAS,EAS,cmp_85dc45cb0e4ef696,7.899518755725334,False,0.19930700231292633,True,fiqt,ADRB1,gt_bc3d66c41e611627,GRCh37,True,True,6.855546687948923,False,3,0.44197734897933644,True,0.1,1.0,1.584572581831153,PRIMARY,0.29780225451742426,,,EAS,ADRB1,"Systolic blood pressure, automated reading",Pan-UKB,,14.133180252583237,0.002613,0.03693,3,ADRB1,"Systolic blood pressure, automated reading",Pan-UKB,A
1000,1000,Pan-UKB,Pan-UKB::continuous|4080|both_sexes||irnt,"Systolic blood pressure, automated reading",1.2454648525938432,percentile bootstrap over ancestry-paired LD-pruned variants,2.412828240042604,EAS,EAS,cmp_85dc45cb0e4ef696,7.899518755725334,False,0.19930700231292633,True,deming,ADRB1,gt_bc3d66c41e611627,GRCh37,True,True,6.855546687948923,False,3,0.44197734897933644,True,0.1,1.0,1.8977900658592142,PRIMARY,0.29780225469875327,,,EAS,ADRB1,"Systolic blood pressure, automated reading",Pan-UKB,,14.133180252583237,0.002613,0.03693,3,ADRB1,"Systolic blood pressure, automated reading",Pan-UKB,A
1000,1000,Pan-UKB,Pan-UKB::continuous|30080|both_sexes||irnt,Platelet count,0.6107919495817207,percentile bootstrap over ancestry-paired LD-pruned variants,0.9862363286260656,AFR,AFR,cmp_88c6906de1ea612c,4.300497293394297,False,9.199438786417698,True,naive,THPO,gt_5a525d6a0e697a02,GRCh37,True,True,9.709352517985613,False,9,0.9136832659946373,True,0.1,0.7777777777777778,0.8190850129427886,PRIMARY,0.09577838725757266,,,AFR,THPO,Platelet count,Pan-UKB,,6.5670816044260025,0.003475,0.0335,9,THPO,Platelet count,Pan-UKB,B
1000,1000,Pan-UKB,Pan-UKB::continuous|30080|both_sexes||irnt,Platelet count,0.6174173296393266,percentile bootstrap over ancestry-paired LD-pruned variants,0.9918217456762246,AFR,AFR,cmp_88c6906de1ea612c,4.300497293394297,False,9.199438786417698,True,fiqt,THPO,gt_5a525d6a0e697a02,GRCh37,True,True,9.709352517985613,False,9,0.9136832659946373,True,0.1,0.7777777777777778,0.8223379501189477,PRIMARY,0.09551308569702104,,,AFR,THPO,Platelet count,Pan-UKB,,6.5670816044260025,0.003475,0.0335,9,THPO,Platelet count,Pan-UKB,B
1000,1000,Pan-UKB,Pan-UKB::continuous|30080|both_sexes||irnt,Platelet count,0.5429967871263233,percentile bootstrap over ancestry-paired LD-pruned variants,1.0416304391010354,AFR,AFR,cmp_88c6906de1ea612c,4.300497293394297,False,9.199438786417698,True,deming,THPO,gt_5a525d6a0e697a02,GRCh37,True,True,9.709352517985613,False,9,0.9136832659946373,True,0.1,0.7777777777777778,0.8812524253991286,PRIMARY,0.12720479965649134,,,AFR,THPO,Platelet count,Pan-UKB,,6.5670816044260025,0.003475,0.0335,9,THPO,Platelet count,Pan-UKB,B
1000,1000,Pan-UKB,Pan-UKB::continuous|30140|both_sexes||irnt,Neutrophill count,0.411994974367837,percentile bootstrap over ancestry-paired LD-pruned variants,1.4403905473460854,CSA,CSA,cmp_899b25b2a6459d69,5.198916541365837,False,46.632399305546514,True,naive,CSF3,gt_38057e29398d09a6,GRCh37,True,True,11.96132266921332,False,17,0.6597316631381744,True,0.1,0.7647058823529411,0.8617175649006351,PRIMARY,0.26235063018762117,,,CSA,CSF3,Neutrophill count,Pan-UKB,,7.42918062747487,0.005578,0.04878,17,CSF3,Neutrophill count,Pan-UKB,A
1000,1000,Pan-UKB,Pan-UKB::continuous|30140|both_sexes||irnt,Neutrophill count,0.4148091782741698,percentile bootstrap over ancestry-paired LD-pruned variants,1.4494159441712346,CSA,CSA,cmp_899b25b2a6459d69,5.198916541365837,False,46.632399305546514,True,fiqt,CSF3,gt_38057e29398d09a6,GRCh37,True,True,11.96132266921332,False,17,0.6597316631381744,True,0.1,0.7647058823529411,0.8673349115504053,PRIMARY,0.2639351472929888,,,CSA,CSF3,Neutrophill count,Pan-UKB,,7.42918062747487,0.005578,0.04878,17,CSF3,Neutrophill count,Pan-UKB,A
1000,1000,Pan-UKB,Pan-UKB::continuous|30140|both_sexes||irnt,Neutrophill count,0.45648979769646014,percentile bootstrap over ancestry-paired LD-pruned variants,1.2889883537060907,CSA,CSA,cmp_899b25b2a6459d69,5.198916541365837,False,46.632399305546514,True,deming,CSF3,gt_38057e29398d09a6,GRCh37,True,True,11.96132266921332,False,17,0.6597316631381744,True,0.1,0.7647058823529411,0.8291091223146158,PRIMARY,0.2123759830732281,,,CSA,CSF3,Neutrophill count,Pan-UKB,,7.42918062747487,0.005578,0.04878,17,CSF3,Neutrophill count,Pan-UKB,A
1000,1000,Pan-UKB,Pan-UKB::biomarkers|30780|both_sexes||irnt,LDL direct,0.32349633741407086,percentile bootstrap over ancestry-paired LD-pruned variants,1.0500655975837998,CSA,CSA,cmp_89cac3a7cbb61501,3.481228182489935,False,7.374890093849277,True,naive,APOC3,gt_e4eae46191577e93,GRCh37,True,True,7.542571275417009,False,6,0.7822545277542745,True,0.1,0.8333333333333334,0.5502594319878539,PRIMARY,0.18535270696319284,,,CSA,APOC3,LDL direct,Pan-UKB,,6.090092256730476,0.0042525,0.022335,6,APOC3,LDL direct,Pan-UKB,B
1000,1000,Pan-UKB,Pan-UKB::biomarkers|30780|both_sexes||irnt,LDL direct,0.32444177360074716,percentile bootstrap over ancestry-paired LD-pruned variants,1.0623866549985828,CSA,CSA,cmp_89cac3a7cbb61501,3.481228182489935,False,7.374890093849277,True,fiqt,APOC3,gt_e4eae46191577e93,GRCh37,True,True,7.542571275417009,False,6,0.7822545277542745,True,0.1,0.8333333333333334,0.5536653553552494,PRIMARY,0.18825470447892173,,,CSA,APOC3,LDL direct,Pan-UKB,,6.090092256730476,0.0042525,0.022335,6,APOC3,LDL direct,Pan-UKB,B
1000,1000,Pan-UKB,Pan-UKB::biomarkers|30780|both_sexes||irnt,LDL direct,0.12375153866415753,percentile bootstrap over ancestry-paired LD-pruned variants,1.3437781620034581,CSA,CSA,cmp_89cac3a7cbb61501,3.481228182489935,False,7.374890093849277,True,deming,APOC3,gt_e4eae46191577e93,GRCh37,True,True,7.542571275417009,False,6,0.7822545277542745,True,0.1,0.8333333333333334,0.5245948664586343,PRIMARY,0.31123700051702863,,,CSA,APOC3,LDL direct,Pan-UKB,,6.090092256730476,0.0042525,0.022335,6,APOC3,LDL direct,Pan-UKB,B
1000,1000,Pan-UKB,Pan-UKB::continuous|30000|both_sexes||irnt,White blood cell (leukocyte) count,0.1254163014899211,percentile bootstrap over ancestry-paired LD-pruned variants,0.7714058144165671,CSA,CSA,cmp_8a50a9834b33764d,2.0,False,0.40909664841055576,True,naive,CSF3R,gt_e879daaa8470efb6,GRCh37,True,True,10.764150943396226,False,3,0.9997350702758202,True,0.1,1.0,0.19494067497658046,PRIMARY,0.16479627126368873,,,CSA,CSF3R,White blood cell (leukocyte) count,Pan-UKB,,7.344322344322343,0.003714,0.03556,3,CSF3R,White blood cell (leukocyte) count,Pan-UKB,A
1000,1000,Pan-UKB,Pan-UKB::continuous|30000|both_sexes||irnt,White blood cell (leukocyte) count,0.1254163014899211,percentile bootstrap over ancestry-paired LD-pruned variants,0.7714058144165669,CSA,CSA,cmp_8a50a9834b33764d,2.0,False,0.40909664841055576,True,fiqt,CSF3R,gt_e879daaa8470efb6,GRCh37,True,True,10.764150943396226,False,3,0.9997350702758202,True,0.1,1.0,0.1956748117926485,PRIMARY,0.16479627126368868,,,CSA,CSF3R,White blood cell (leukocyte) count,Pan-UKB,,7.344322344322343,0.003714,0.03556,3,CSF3R,White blood cell (leukocyte) count,Pan-UKB,A
1000,1000,Pan-UKB,Pan-UKB::continuous|30000|both_sexes||irnt,White blood cell (leukocyte) count,0.12541630153637223,percentile bootstrap over ancestry-paired LD-pruned variants,0.7714058141039679,CSA,CSA,cmp_8a50a9834b33764d,2.0,False,0.40909664841055576,True,deming,CSF3R,gt_e879daaa8470efb6,GRCh37,True,True,10.764150943396226,False,3,0.9997350702758202,True,0.1,1.0,0.44210185033208793,PRIMARY,0.16479627117209258,,,CSA,CSF3R,White blood cell (leukocyte) count,Pan-UKB,,7.344322344322343,0.003714,0.03556,3,CSF3R,White blood cell (leukocyte) count,Pan-UKB,A
1000,1000,Pan-UKB,Pan-UKB::continuous|21001|both_sexes||irnt,Body mass index (BMI),1.3846844480752272,percentile bootstrap over ancestry-paired LD-pruned variants,2.320765846325319,CSA,CSA,cmp_91602ff38973e5c1,7.395484249759,False,1.6813242810459357,True,naive,MC4R,gt_e31188cc7b292717,GRCh37,True,True,9.139205741120023,False,4,0.9621998308496804,True,0.1,1.0,1.4790968499518,PRIMARY,0.23880066308202152,,,CSA,MC4R,Body mass index (BMI),Pan-UKB,,5.654026234572299,0.0042615,0.030795,4,MC4R,Body mass index (BMI),Pan-UKB,A
1000,1000,Pan-UKB,Pan-UKB::continuous|21001|both_sexes||irnt,Body mass index (BMI),1.3853284617181985,percentile bootstrap over ancestry-paired LD-pruned variants,2.3304201949103094,CSA,CSA,cmp_91602ff38973e5c1,7.395484249759,False,1.6813242810459357,True,fiqt,MC4R,gt_e31188cc7b292717,GRCh37,True,True,9.139205741120023,False,4,0.9621998308496804,True,0.1,1.0,1.4879762450717946,PRIMARY,0.24109926015142982,,,CSA,MC4R,Body mass index (BMI),Pan-UKB,,5.654026234572299,0.0042615,0.030795,4,MC4R,Body mass index (BMI),Pan-UKB,A
1000,1000,Pan-UKB,Pan-UKB::continuous|21001|both_sexes||irnt,Body mass index (BMI),1.3721411085340196,percentile bootstrap over ancestry-paired LD-pruned variants,1.9610196476159376,CSA,CSA,cmp_91602ff38973e5c1,7.395484249759,False,1.6813242810459357,True,deming,MC4R,gt_e31188cc7b292717,GRCh37,True,True,9.139205741120023,False,4,0.9621998308496804,True,0.1,1.0,1.4620082596975554,PRIMARY,0.15022687756686265,,,CSA,MC4R,Body mass index (BMI),Pan-UKB,,5.654026234572299,0.0042615,0.030795,4,MC4R,Body mass index (BMI),Pan-UKB,A
1000,1000,Pan-UKB,Pan-UKB::biomarkers|30870|both_sexes||irnt,Triglycerides,-1.2703508218116346,percentile bootstrap over ancestry-paired LD-pruned variants,1.1556121536343174,CSA,CSA,cmp_96ce964d4704c481,3.59757421166328,False,11.537127412750268,True,naive,ANGPTL4,gt_37bb10a4689a1bb1,GRCh37,True,True,9.328791790235943,False,4,-0.4084735847752618,True,0.1,0.75,-0.1882871153805293,PRIMARY,0.6188794780367493,,,CSA,ANGPTL4,Triglycerides,Pan-UKB,,6.925480538778641,0.0037314999999999996,0.02402,4,ANGPTL4,Triglycerides,Pan-UKB,B
1000,1000,Pan-UKB,Pan-UKB::biomarkers|30870|both_sexes||irnt,Triglycerides,-1.2715698096219865,percentile bootstrap over ancestry-paired LD-pruned variants,1.164094140810275,CSA,CSA,cmp_96ce964d4704c481,3.59757421166328,False,11.537127412750268,True,fiqt,ANGPTL4,gt_37bb10a4689a1bb1,GRCh37,True,True,9.328791790235943,False,4,-0.4084735847752618,True,0.1,0.75,-0.18931153915168838,PRIMARY,0.6213542620284016,,,CSA,ANGPTL4,Triglycerides,Pan-UKB,,6.925480538778641,0.0037314999999999996,0.02402,4,ANGPTL4,Triglycerides,Pan-UKB,B
1000,1000,Pan-UKB,Pan-UKB::biomarkers|30870|both_sexes||irnt,Triglycerides,-1.0267530553816502,percentile bootstrap over ancestry-paired LD-pruned variants,0.98885468375356,CSA,CSA,cmp_96ce964d4704c481,3.59757421166328,False,11.537127412750268,True,deming,ANGPTL4,gt_37bb10a4689a1bb1,GRCh37,True,True,9.328791790235943,False,4,-0.4084735847752618,True,0.1,0.75,0.35518720230620054,PRIMARY,0.5141950961941308,,,CSA,ANGPTL4,Triglycerides,Pan-UKB,,6.925480538778641,0.0037314999999999996,0.02402,4,ANGPTL4,Triglycerides,Pan-UKB,B
1000,1000,Pan-UKB,Pan-UKB::biomarkers|30620|both_sexes||irnt,Alanine aminotransferase,-0.3780104278079127,percentile bootstrap over ancestry-paired LD-pruned variants,0.5406448540718356,AFR,AFR,cmp_9d8c13f3b6460d45,4.47549293734154,False,4.497609122513636,True,naive,PNPLA3,gt_c2f3696fd5d03431,GRCh37,True,True,7.985153764581124,False,7,0.024640174822031468,True,0.1,0.42857142857142855,0.10839603712517669,PRIMARY,0.2343551435449794,,,AFR,PNPLA3,Alanine aminotransferase,Pan-UKB,,9.717783066984019,0.002941,0.04055,7,PNPLA3,Alanine aminotransferase,Pan-UKB,B
1000,1000,Pan-UKB,Pan-UKB::biomarkers|30620|both_sexes||irnt,Alanine aminotransferase,-0.380676279844047,percentile bootstrap over ancestry-paired LD-pruned variants,0.5422968630541792,AFR,AFR,cmp_9d8c13f3b6460d45,4.47549293734154,False,4.497609122513636,True,fiqt,PNPLA3,gt_c2f3696fd5d03431,GRCh37,True,True,7.985153764581124,False,7,0.024640174822031468,True,0.1,0.42857142857142855,0.1099008564442903,PRIMARY,0.2354566589433583,,,AFR,PNPLA3,Alanine aminotransferase,Pan-UKB,,9.717783066984019,0.002941,0.04055,7,PNPLA3,Alanine aminotransferase,Pan-UKB,B
1000,1000,Pan-UKB,Pan-UKB::biomarkers|30620|both_sexes||irnt,Alanine aminotransferase,-0.16934038633229362,percentile bootstrap over ancestry-paired LD-pruned variants,0.6309660370729395,AFR,AFR,cmp_9d8c13f3b6460d45,4.47549293734154,False,4.497609122513636,True,deming,PNPLA3,gt_c2f3696fd5d03431,GRCh37,True,True,7.985153764581124,False,7,0.024640174822031468,True,0.1,0.42857142857142855,0.3678791140790312,PRIMARY,0.2041635534422949,,,AFR,PNPLA3,Alanine aminotransferase,Pan-UKB,,9.717783066984019,0.002941,0.04055,7,PNPLA3,Alanine aminotransferase,Pan-UKB,B
1000,1000,Pan-UKB,Pan-UKB::biomarkers|30870|both_sexes||irnt,Triglycerides,0.46954063010943675,percentile bootstrap over ancestry-paired LD-pruned variants,1.0960461384664284,CSA,CSA,cmp_9de93e69fed596e7,4.182498754855416,False,41.67639294193859,True,naive,LPL,gt_93b3040bef26dfa3,GRCh37,True,True,16.55512093065631,False,22,0.8170550248705017,True,0.1,0.7727272727272727,0.8364997509710832,PRIMARY,0.1598257706005792,,,CSA,LPL,Triglycerides,Pan-UKB,,6.435281331712094,0.0043055,0.029855,22,LPL,Triglycerides,Pan-UKB,B
1000,1000,Pan-UKB,Pan-UKB::biomarkers|30870|both_sexes||irnt,Triglycerides,0.48617108885042715,percentile bootstrap over ancestry-paired LD-pruned variants,1.1070320957244735,CSA,CSA,cmp_9de93e69fed596e7,4.182498754855416,False,41.67639294193859,True,fiqt,LPL,gt_93b3040bef26dfa3,GRCh37,True,True,16.55512093065631,False,22,0.8170550248705017,True,0.1,0.7727272727272727,0.8587575144586661,PRIMARY,0.15838582029346426,,,CSA,LPL,Triglycerides,Pan-UKB,,6.435281331712094,0.0043055,0.029855,22,LPL,Triglycerides,Pan-UKB,B
1000,1000,Pan-UKB,Pan-UKB::biomarkers|30870|both_sexes||irnt,Triglycerides,0.4288792566150135,percentile bootstrap over ancestry-paired LD-pruned variants,0.8058655398937564,CSA,CSA,cmp_9de93e69fed596e7,4.182498754855416,False,41.67639294193859,True,deming,LPL,gt_93b3040bef26dfa3,GRCh37,True,True,16.55512093065631,False,22,0.8170550248705017,True,0.1,0.7727272727272727,0.6048000409418313,PRIMARY,0.09617173740241214,,,CSA,LPL,Triglycerides,Pan-UKB,,6.435281331712094,0.0043055,0.029855,22,LPL,Triglycerides,Pan-UKB,B
1000,1000,GBMI,GBMI::Asthma,Asthma,0.24294579611700542,percentile bootstrap over ancestry-paired LD-pruned variants,1.1458459170327928,CSA,SAS,cmp_a0dab9d33f7b3552,3.4539486047625623,False,4.203082825153819,True,naive,IL33,gt_62933438673c2307,GRCh38,True,True,11.619782995743611,False,4,0.887966125176096,True,0.1,1.0,0.6907897209525125,PRIMARY,0.23033589597506599,,,CSA,IL33,Asthma,GBMI,,5.681691425883479,0.0099442,0.0619575,4,IL33,Asthma,GBMI,B
1000,1000,GBMI,GBMI::Asthma,Asthma,0.24263616003464528,percentile bootstrap over ancestry-paired LD-pruned variants,1.1476952730132355,CSA,SAS,cmp_a0dab9d33f7b3552,3.4539486047625623,False,4.203082825153819,True,fiqt,IL33,gt_62933438673c2307,GRCh38,True,True,11.619782995743611,False,4,0.887966125176096,True,0.1,1.0,0.6916847497587698,PRIMARY,0.23088666937698374,,,CSA,IL33,Asthma,GBMI,,5.681691425883479,0.0099442,0.0619575,4,IL33,Asthma,GBMI,B
1000,1000,GBMI,GBMI::Asthma,Asthma,0.5598080419510073,percentile bootstrap over ancestry-paired LD-pruned variants,1.5979342133689667,CSA,SAS,cmp_a0dab9d33f7b3552,3.4539486047625623,False,4.203082825153819,True,deming,IL33,gt_62933438673c2307,GRCh38,True,True,11.619782995743611,False,4,0.887966125176096,True,0.1,1.0,1.029309148069096,PRIMARY,0.2648329713215565,,,CSA,IL33,Asthma,GBMI,,5.681691425883479,0.0099442,0.0619575,4,IL33,Asthma,GBMI,B
1000,1000,Pan-UKB,Pan-UKB::biomarkers|30750|both_sexes||irnt,Glycated haemoglobin (HbA1c),-3.44169081263087,percentile bootstrap over ancestry-paired LD-pruned variants,2.188187573988349,MID,MID,cmp_a3680a01bb140f75,10.802009294492974,False,11.909237254946843,True,naive,TP53,gt_f9d79082a44b2223,GRCh37,True,False,6.250873515024458,False,7,-0.282483682058072,True,0.1,0.14285714285714285,-0.9041113466930054,PRIMARY,1.4362198568511926,,,MID,TP53,Glycated haemoglobin (HbA1c),Pan-UKB,,16.29924393155591,0.00257,0.04824,7,TP53,Glycated haemoglobin (HbA1c),Pan-UKB,B
1000,1000,Pan-UKB,Pan-UKB::biomarkers|30750|both_sexes||irnt,Glycated haemoglobin (HbA1c),-3.4613197824787756,percentile bootstrap over ancestry-paired LD-pruned variants,2.2278169103062098,MID,MID,cmp_a3680a01bb140f75,10.802009294492974,False,11.909237254946843,True,fiqt,TP53,gt_f9d79082a44b2223,GRCh37,True,False,6.250873515024458,False,7,-0.282483682058072,True,0.1,0.14285714285714285,-0.9160121687716034,PRIMARY,1.4513370494713602,,,MID,TP53,Glycated haemoglobin (HbA1c),Pan-UKB,,16.29924393155591,0.00257,0.04824,7,TP53,Glycated haemoglobin (HbA1c),Pan-UKB,B
1000,1000,Pan-UKB,Pan-UKB::biomarkers|30750|both_sexes||irnt,Glycated haemoglobin (HbA1c),-4.099713975693861,percentile bootstrap over ancestry-paired LD-pruned variants,1.2868281712775307,MID,MID,cmp_a3680a01bb140f75,10.802009294492974,False,11.909237254946843,True,deming,TP53,gt_f9d79082a44b2223,GRCh37,True,False,6.250873515024458,False,7,-0.282483682058072,True,0.1,0.14285714285714285,-2.14282095773018,PRIMARY,1.3741431448383106,,,MID,TP53,Glycated haemoglobin (HbA1c),Pan-UKB,,16.29924393155591,0.00257,0.04824,7,TP53,Glycated haemoglobin (HbA1c),Pan-UKB,B
1000,1000,Pan-UKB,Pan-UKB::continuous|eGFR|both_sexes||irnt,"Estimated glomerular filtration rate, serum creatinine",0.07517482517482517,percentile bootstrap over ancestry-paired LD-pruned variants,4.440596440596441,MID,MID,cmp_a496afa2fb1d58f1,11.51187689898393,False,1.1279428465874657,True,naive,KCNJ1,gt_72ede56b8ff4d0df,GRCh37,True,True,6.233842538190364,False,3,0.7291319207254167,True,0.1,1.0,2.302375379796786,PRIMARY,1.113648426668935,,,MID,KCNJ1,"Estimated glomerular filtration rate, serum creatinine",Pan-UKB,,17.87718719049191,0.003029,0.05415,3,KCNJ1,"Estimated glomerular filtration rate, serum creatinine",Pan-UKB,B
1000,1000,Pan-UKB,Pan-UKB::continuous|eGFR|both_sexes||irnt,"Estimated glomerular filtration rate, serum creatinine",0.07517482517482514,percentile bootstrap over ancestry-paired LD-pruned variants,4.4405964405964395,MID,MID,cmp_a496afa2fb1d58f1,11.51187689898393,False,1.1279428465874657,True,fiqt,KCNJ1,gt_72ede56b8ff4d0df,GRCh37,True,True,6.233842538190364,False,3,0.7291319207254167,True,0.1,1.0,2.3148615829185397,PRIMARY,1.1136484266689346,,,MID,KCNJ1,"Estimated glomerular filtration rate, serum creatinine",Pan-UKB,,17.87718719049191,0.003029,0.05415,3,KCNJ1,"Estimated glomerular filtration rate, serum creatinine",Pan-UKB,B
1000,1000,Pan-UKB,Pan-UKB::continuous|eGFR|both_sexes||irnt,"Estimated glomerular filtration rate, serum creatinine",0.07517482518684453,percentile bootstrap over ancestry-paired LD-pruned variants,4.440596462815185,MID,MID,cmp_a496afa2fb1d58f1,11.51187689898393,False,1.1279428465874657,True,deming,KCNJ1,gt_72ede56b8ff4d0df,GRCh37,True,True,6.233842538190364,False,3,0.7291319207254167,True,0.1,1.0,2.1328435450062804,PRIMARY,1.1136484323340197,,,MID,KCNJ1,"Estimated glomerular filtration rate, serum creatinine",Pan-UKB,,17.87718719049191,0.003029,0.05415,3,KCNJ1,"Estimated glomerular filtration rate, serum creatinine",Pan-UKB,B
1000,1000,GBMI,GBMI::Asthma,Asthma,0.35294844906450074,percentile bootstrap over ancestry-paired LD-pruned variants,1.4221081074495379,EAS,EAS,cmp_a54e8bec4ce3739c,5.225188891150664,False,41.40644377878884,True,naive,TSLP,gt_9974caf98cb25074,GRCh38,True,True,7.643122362869199,False,5,0.8545435671282952,True,0.1,0.8,1.0450377782301328,PRIMARY,0.2727498226545059,,,EAS,TSLP,Asthma,GBMI,,2.4002290173459433,0.0053891,0.01356,5,TSLP,Asthma,GBMI,A
1000,1000,GBMI,GBMI::Asthma,Asthma,0.35431583196299443,percentile bootstrap over ancestry-paired LD-pruned variants,1.4236004493700891,EAS,EAS,cmp_a54e8bec4ce3739c,5.225188891150664,False,41.40644377878884,True,fiqt,TSLP,gt_9974caf98cb25074,GRCh38,True,True,7.643122362869199,False,5,0.8545435671282952,True,0.1,0.8,1.0488627903738035,PRIMARY,0.2727817005418149,,,EAS,TSLP,Asthma,GBMI,,2.4002290173459433,0.0053891,0.01356,5,TSLP,Asthma,GBMI,A
1000,1000,GBMI,GBMI::Asthma,Asthma,0.2668358745874271,percentile bootstrap over ancestry-paired LD-pruned variants,1.2702146062522766,EAS,EAS,cmp_a54e8bec4ce3739c,5.225188891150664,False,41.40644377878884,True,deming,TSLP,gt_9974caf98cb25074,GRCh38,True,True,7.643122362869199,False,5,0.8545435671282952,True,0.1,0.8,0.948021005044679,PRIMARY,0.2559686656436988,,,EAS,TSLP,Asthma,GBMI,,2.4002290173459433,0.0053891,0.01356,5,TSLP,Asthma,GBMI,A
1000,1000,GBMI,GBMI::VTE,Venous thromboembolism,-0.5697777769842439,percentile bootstrap over ancestry-paired LD-pruned variants,0.7113584079015897,AFR,AFR,cmp_a6275c7613e223b1,3.969604849166937,False,15.421225925407317,True,naive,F11,gt_fd539737d1f5d9cb,GRCh38,True,True,7.570854078896974,False,9,0.15323345945112482,True,0.1,0.7777777777777778,0.11232313106545172,PRIMARY,0.32682646084093187,,,AFR,F11,Venous thromboembolism,GBMI,,5.372462657985446,0.010446,0.061817,9,F11,Venous thromboembolism,GBMI,B
1000,1000,GBMI,GBMI::VTE,Venous thromboembolism,-0.5719275175965961,percentile bootstrap over ancestry-paired LD-pruned variants,0.7147370263288806,AFR,AFR,cmp_a6275c7613e223b1,3.969604849166937,False,15.421225925407317,True,fiqt,F11,gt_fd539737d1f5d9cb,GRCh38,True,True,7.570854078896974,False,9,0.15323345945112482,True,0.1,0.7777777777777778,0.11438076875490408,PRIMARY,0.3282367824293004,,,AFR,F11,Venous thromboembolism,GBMI,,5.372462657985446,0.010446,0.061817,9,F11,Venous thromboembolism,GBMI,B
1000,1000,GBMI,GBMI::VTE,Venous thromboembolism,-0.13340161550570934,percentile bootstrap over ancestry-paired LD-pruned variants,0.7140799772190692,AFR,AFR,cmp_a6275c7613e223b1,3.969604849166937,False,15.421225925407317,True,deming,F11,gt_fd539737d1f5d9cb,GRCh38,True,True,7.570854078896974,False,9,0.15323345945112482,True,0.1,0.7777777777777778,0.4266267365860111,PRIMARY,0.21619825655206046,,,AFR,F11,Venous thromboembolism,GBMI,,5.372462657985446,0.010446,0.061817,9,F11,Venous thromboembolism,GBMI,B
1000,1000,Pan-UKB,Pan-UKB::continuous|21001|both_sexes||irnt,Body mass index (BMI),-0.20459893048128344,percentile bootstrap over ancestry-paired LD-pruned variants,-0.027625065824117948,AFR,AFR,cmp_a65923a60135b609,2.0,False,0.01727904666705838,True,naive,GDF15,gt_d79e322e54d14839,GRCh37,True,False,7.203389830508476,False,3,-0.682253149634475,True,0.1,0.0,-0.0796734651616029,PRIMARY,0.04514722363602412,,,AFR,GDF15,Body mass index (BMI),Pan-UKB,,7.431506849315069,0.00292,0.02079,3,GDF15,Body mass index (BMI),Pan-UKB,B
1000,1000,Pan-UKB,Pan-UKB::continuous|21001|both_sexes||irnt,Body mass index (BMI),-0.2045989304812834,percentile bootstrap over ancestry-paired LD-pruned variants,-0.027625065824117948,AFR,AFR,cmp_a65923a60135b609,2.0,False,0.01727904666705838,True,fiqt,GDF15,gt_d79e322e54d14839,GRCh37,True,False,7.203389830508476,False,3,-0.682253149634475,True,0.1,0.0,-0.08038354034307502,PRIMARY,0.04514722363602411,,,AFR,GDF15,Body mass index (BMI),Pan-UKB,,7.431506849315069,0.00292,0.02079,3,GDF15,Body mass index (BMI),Pan-UKB,B
1000,1000,Pan-UKB,Pan-UKB::continuous|21001|both_sexes||irnt,Body mass index (BMI),-0.2045989305051005,percentile bootstrap over ancestry-paired LD-pruned variants,-0.02762506579884177,AFR,AFR,cmp_a65923a60135b609,2.0,False,0.01727904666705838,True,deming,GDF15,gt_d79e322e54d14839,GRCh37,True,False,7.203389830508476,False,3,-0.682253149634475,True,0.1,0.0,-0.07870557848385507,PRIMARY,0.04514722364854814,,,AFR,GDF15,Body mass index (BMI),Pan-UKB,,7.431506849315069,0.00292,0.02079,3,GDF15,Body mass index (BMI),Pan-UKB,B
1000,1000,GBMI,GBMI::Asthma,Asthma,-0.3257908364291343,percentile bootstrap over ancestry-paired LD-pruned variants,1.0080528653218468,EAS,EAS,cmp_a76b488e4d6fc321,2.7363922237112224,False,24.396316592378827,True,naive,IL13,gt_b5915a3fe7e0c8ef,GRCh38,True,True,9.963045991103016,False,3,0.8970625996731812,True,0.1,0.6666666666666666,0.5472784447422445,PRIMARY,0.3402725030337726,,,EAS,IL13,Asthma,GBMI,,2.0587411117727417,0.0057759,0.012027,3,IL13,Asthma,GBMI,B
1000,1000,GBMI,GBMI::Asthma,Asthma,-0.3257908364291345,percentile bootstrap over ancestry-paired LD-pruned variants,1.0080528653218468,EAS,EAS,cmp_a76b488e4d6fc321,2.7363922237112224,False,24.396316592378827,True,fiqt,IL13,gt_b5915a3fe7e0c8ef,GRCh38,True,True,9.963045991103016,False,3,0.8970625996731812,True,0.1,0.6666666666666666,0.5478291870439952,PRIMARY,0.3402725030337726,,,EAS,IL13,Asthma,GBMI,,2.0587411117727417,0.0057759,0.012027,3,IL13,Asthma,GBMI,B
1000,1000,GBMI,GBMI::Asthma,Asthma,-0.325790834253848,percentile bootstrap over ancestry-paired LD-pruned variants,1.0080528653479146,EAS,EAS,cmp_a76b488e4d6fc321,2.7363922237112224,False,24.396316592378827,True,deming,IL13,gt_b5915a3fe7e0c8ef,GRCh38,True,True,9.963045991103016,False,3,0.8970625996731812,True,0.1,0.6666666666666666,0.6549940580637434,PRIMARY,0.3402725024854925,,,EAS,IL13,Asthma,GBMI,,2.0587411117727417,0.0057759,0.012027,3,IL13,Asthma,GBMI,B
1000,1000,Pan-UKB,Pan-UKB::continuous|30140|both_sexes||irnt,Neutrophill count,0.702359095812734,percentile bootstrap over ancestry-paired LD-pruned variants,3.649215248844291,MID,MID,cmp_a8cdbbc6ae7dad91,10.406325678418849,False,24.17883633472143,True,naive,CSF3,gt_38057e29398d09a6,GRCh37,True,True,10.782601189461733,False,20,0.5951334985688861,True,0.1,0.8,2.0812651356837697,PRIMARY,0.7517628324489588,,,MID,CSF3,Neutrophill count,Pan-UKB,,20.580489354581054,0.0056485,0.14065,20,CSF3,Neutrophill count,Pan-UKB,A
1000,1000,Pan-UKB,Pan-UKB::continuous|30140|both_sexes||irnt,Neutrophill count,0.7041567873764356,percentile bootstrap over ancestry-paired LD-pruned variants,3.6689142973166913,MID,MID,cmp_a8cdbbc6ae7dad91,10.406325678418849,False,24.17883633472143,True,fiqt,CSF3,gt_38057e29398d09a6,GRCh37,True,True,10.782601189461733,False,20,0.5951334985688861,True,0.1,0.8,2.0931551226100655,PRIMARY,0.7563295890449735,,,MID,CSF3,Neutrophill count,Pan-UKB,,20.580489354581054,0.0056485,0.14065,20,CSF3,Neutrophill count,Pan-UKB,A
1000,1000,Pan-UKB,Pan-UKB::continuous|30140|both_sexes||irnt,Neutrophill count,0.5633868568988754,percentile bootstrap over ancestry-paired LD-pruned variants,1.6589104152085161,MID,MID,cmp_a8cdbbc6ae7dad91,10.406325678418849,False,24.17883633472143,True,deming,CSF3,gt_38057e29398d09a6,GRCh37,True,True,10.782601189461733,False,20,0.5951334985688861,True,0.1,0.8,1.128469467841368,PRIMARY,0.27947543091377974,,,MID,CSF3,Neutrophill count,Pan-UKB,,20.580489354581054,0.0056485,0.14065,20,CSF3,Neutrophill count,Pan-UKB,A
1000,1000,GBMI,GBMI::Asthma,Asthma,0.2169993044036599,percentile bootstrap over ancestry-paired LD-pruned variants,1.1143670785944062,AFR,AFR,cmp_ab8ccf0cc0913f47,3.0240605719292164,False,0.612949060580965,True,naive,IL13,gt_b5915a3fe7e0c8ef,GRCh38,True,True,9.963045991103016,False,3,0.8446422303714256,True,0.1,1.0,0.6048121143858433,PRIMARY,0.22892455710132148,,,AFR,IL13,Asthma,GBMI,,7.392441004865043,0.0057759,0.042698,3,IL13,Asthma,GBMI,B
1000,1000,GBMI,GBMI::Asthma,Asthma,0.2169993044036599,percentile bootstrap over ancestry-paired LD-pruned variants,1.1143670785944062,AFR,AFR,cmp_ab8ccf0cc0913f47,3.0240605719292164,False,0.612949060580965,True,fiqt,IL13,gt_b5915a3fe7e0c8ef,GRCh38,True,True,9.963045991103016,False,3,0.8446422303714256,True,0.1,1.0,0.6077788354662718,PRIMARY,0.22892455710132148,,,AFR,IL13,Asthma,GBMI,,7.392441004865043,0.0057759,0.042698,3,IL13,Asthma,GBMI,B
1000,1000,GBMI,GBMI::Asthma,Asthma,0.2169993044528523,percentile bootstrap over ancestry-paired LD-pruned variants,1.1143670782000703,AFR,AFR,cmp_ab8ccf0cc0913f47,3.0240605719292164,False,0.612949060580965,True,deming,IL13,gt_b5915a3fe7e0c8ef,GRCh38,True,True,9.963045991103016,False,3,0.8446422303714256,True,0.1,1.0,0.5345889765873176,PRIMARY,0.2289245569881744,,,AFR,IL13,Asthma,GBMI,,7.392441004865043,0.0057759,0.042698,3,IL13,Asthma,GBMI,B
1000,1000,Pan-UKB,Pan-UKB::continuous|eGFR|both_sexes||irnt,"Estimated glomerular filtration rate, serum creatinine",-1.1750841750841752,percentile bootstrap over ancestry-paired LD-pruned variants,0.9731934731934732,CSA,CSA,cmp_ad635d062a0cb6f4,2.46190349676005,False,2.4965556284846713,True,naive,KCNJ1,gt_72ede56b8ff4d0df,GRCh37,True,False,6.233842538190364,False,3,-0.9638160308459226,True,0.1,0.3333333333333333,-0.49238069935200995,PRIMARY,0.5480400826808524,,,CSA,KCNJ1,"Estimated glomerular filtration rate, serum creatinine",Pan-UKB,,5.799059929494712,0.003029,0.01974,3,KCNJ1,"Estimated glomerular filtration rate, serum creatinine",Pan-UKB,B
1000,1000,Pan-UKB,Pan-UKB::continuous|eGFR|both_sexes||irnt,"Estimated glomerular filtration rate, serum creatinine",-1.175084175084175,percentile bootstrap over ancestry-paired LD-pruned variants,0.9731934731934728,CSA,CSA,cmp_ad635d062a0cb6f4,2.46190349676005,False,2.4965556284846713,True,fiqt,KCNJ1,gt_72ede56b8ff4d0df,GRCh37,True,False,6.233842538190364,False,3,-0.9638160308459226,True,0.1,0.3333333333333333,-0.4914114709534505,PRIMARY,0.5480400826808522,,,CSA,KCNJ1,"Estimated glomerular filtration rate, serum creatinine",Pan-UKB,,5.799059929494712,0.003029,0.01974,3,KCNJ1,"Estimated glomerular filtration rate, serum creatinine",Pan-UKB,B
1000,1000,Pan-UKB,Pan-UKB::continuous|eGFR|both_sexes||irnt,"Estimated glomerular filtration rate, serum creatinine",-1.1750841751253938,percentile bootstrap over ancestry-paired LD-pruned variants,0.9731934735675397,CSA,CSA,cmp_ad635d062a0cb6f4,2.46190349676005,False,2.4965556284846713,True,deming,KCNJ1,gt_72ede56b8ff4d0df,GRCh37,True,False,6.233842538190364,False,3,-0.9638160308459226,True,0.1,0.3333333333333333,-0.2584850622769509,PRIMARY,0.5480400827867944,,,CSA,KCNJ1,"Estimated glomerular filtration rate, serum creatinine",Pan-UKB,,5.799059929494712,0.003029,0.01974,3,KCNJ1,"Estimated glomerular filtration rate, serum creatinine",Pan-UKB,B
1000,1000,GBMI,GBMI::VTE,Venous thromboembolism,-0.5316192291888057,percentile bootstrap over ancestry-paired LD-pruned variants,1.305468172738514,EAS,EAS,cmp_add0fff00fe30c88,6.633958499786632,False,11.818921682607291,True,naive,F11,gt_fd539737d1f5d9cb,GRCh38,True,True,10.754445835084157,False,6,0.26161527682343894,True,0.1,0.6666666666666666,0.34691873349007885,PRIMARY,0.4686533570050345,,,EAS,F11,Venous thromboembolism,GBMI,,11.863445461003483,0.0099601,0.121505,6,F11,Venous thromboembolism,GBMI,B
1000,1000,GBMI,GBMI::VTE,Venous thromboembolism,-0.5395058243329709,percentile bootstrap over ancestry-paired LD-pruned variants,1.3118939883570464,EAS,EAS,cmp_add0fff00fe30c88,6.633958499786632,False,11.818921682607291,True,fiqt,F11,gt_fd539737d1f5d9cb,GRCh38,True,True,10.754445835084157,False,6,0.26161527682343894,True,0.1,0.6666666666666666,0.34822439532258637,PRIMARY,0.47230454929111526,,,EAS,F11,Venous thromboembolism,GBMI,,11.863445461003483,0.0099601,0.121505,6,F11,Venous thromboembolism,GBMI,B
1000,1000,GBMI,GBMI::VTE,Venous thromboembolism,-0.7012826010122343,percentile bootstrap over ancestry-paired LD-pruned variants,1.7712269808970331,EAS,EAS,cmp_add0fff00fe30c88,6.633958499786632,False,11.818921682607291,True,deming,F11,gt_fd539737d1f5d9cb,GRCh38,True,True,10.754445835084157,False,6,0.26161527682343894,True,0.1,0.6666666666666666,0.5252632589277606,PRIMARY,0.6307538305326291,,,EAS,F11,Venous thromboembolism,GBMI,,11.863445461003483,0.0099601,0.121505,6,F11,Venous thromboembolism,GBMI,B
1000,1000,GBMI,GBMI::Asthma,Asthma,0.48010524567386914,percentile bootstrap over ancestry-paired LD-pruned variants,0.7875114767184329,EAS,EAS,cmp_af469cf6305c50e3,3.175733546305487,False,1.6816270501997148,True,naive,IL33,gt_62933438673c2307,GRCh38,True,True,9.934847978616773,False,5,0.9564630794442351,True,0.1,0.8,0.6351467092610974,PRIMARY,0.07842139791071288,,,EAS,IL33,Asthma,GBMI,,4.438569449593194,0.0055141,0.027768,5,IL33,Asthma,GBMI,B
1000,1000,GBMI,GBMI::Asthma,Asthma,0.4821791039083199,percentile bootstrap over ancestry-paired LD-pruned variants,0.7896230376456049,EAS,EAS,cmp_af469cf6305c50e3,3.175733546305487,False,1.6816270501997148,True,fiqt,IL33,gt_62933438673c2307,GRCh38,True,True,9.934847978616773,False,5,0.9564630794442351,True,0.1,0.8,0.637764428573694,PRIMARY,0.07843101612130722,,,EAS,IL33,Asthma,GBMI,,4.438569449593194,0.0055141,0.027768,5,IL33,Asthma,GBMI,B
1000,1000,GBMI,GBMI::Asthma,Asthma,0.38542494265388166,percentile bootstrap over ancestry-paired LD-pruned variants,0.7736490886762828,EAS,EAS,cmp_af469cf6305c50e3,3.175733546305487,False,1.6816270501997148,True,deming,IL33,gt_62933438673c2307,GRCh38,True,True,9.934847978616773,False,5,0.9564630794442351,True,0.1,0.8,0.6578378703774727,PRIMARY,0.09903859180185547,,,EAS,IL33,Asthma,GBMI,,4.438569449593194,0.0055141,0.027768,5,IL33,Asthma,GBMI,B
1000,1000,Pan-UKB,Pan-UKB::continuous|30140|both_sexes||irnt,Neutrophill count,-0.7633065832042092,percentile bootstrap over ancestry-paired LD-pruned variants,2.1638862181326255,MID,MID,cmp_b2879043e48e8130,7.798599154780732,False,6.3054586276944855,True,naive,CSF3R,gt_128ad7c7ffd40309,GRCh37,True,True,7.36952813766012,False,8,0.4781702607288028,True,0.1,0.625,0.862336551102719,PRIMARY,0.7467465791275142,,,MID,CSF3R,Neutrophill count,Pan-UKB,,18.592507997413783,0.003858,0.09315999999999999,8,CSF3R,Neutrophill count,Pan-UKB,A
1000,1000,Pan-UKB,Pan-UKB::continuous|30140|both_sexes||irnt,Neutrophill count,-0.767008177343484,percentile bootstrap over ancestry-paired LD-pruned variants,2.179397298338288,MID,MID,cmp_b2879043e48e8130,7.798599154780732,False,6.3054586276944855,True,fiqt,CSF3R,gt_128ad7c7ffd40309,GRCh37,True,True,7.36952813766012,False,8,0.4781702607288028,True,0.1,0.625,0.8668377438892438,PRIMARY,0.7516478616246632,,,MID,CSF3R,Neutrophill count,Pan-UKB,,18.592507997413783,0.003858,0.09315999999999999,8,CSF3R,Neutrophill count,Pan-UKB,A
1000,1000,Pan-UKB,Pan-UKB::continuous|30140|both_sexes||irnt,Neutrophill count,-0.4352504382582529,percentile bootstrap over ancestry-paired LD-pruned variants,1.4655246663186854,MID,MID,cmp_b2879043e48e8130,7.798599154780732,False,6.3054586276944855,True,deming,CSF3R,gt_128ad7c7ffd40309,GRCh37,True,True,7.36952813766012,False,8,0.4781702607288028,True,0.1,0.625,0.5957098863764692,PRIMARY,0.48490051847126014,,,MID,CSF3R,Neutrophill count,Pan-UKB,,18.592507997413783,0.003858,0.09315999999999999,8,CSF3R,Neutrophill count,Pan-UKB,A
1000,1000,Pan-UKB,Pan-UKB::biomarkers|30750|both_sexes||irnt,Glycated haemoglobin (HbA1c),-1.0654050257961238,percentile bootstrap over ancestry-paired LD-pruned variants,1.8430728446917384,CSA,CSA,cmp_b64efda1167deddf,4.912061948362748,False,5.435514945578976,True,naive,GIPR,gt_08f7168b97dea82d,GRCh37,True,True,7.457791500616331,False,4,0.8264667884966058,True,0.1,0.75,0.9824123896725495,PRIMARY,0.741972274345234,,,CSA,GIPR,Glycated haemoglobin (HbA1c),Pan-UKB,,6.6001190166251344,0.0033889999999999997,0.022405,4,GIPR,Glycated haemoglobin (HbA1c),Pan-UKB,A
1000,1000,Pan-UKB,Pan-UKB::biomarkers|30750|both_sexes||irnt,Glycated haemoglobin (HbA1c),-1.069129390773518,percentile bootstrap over ancestry-paired LD-pruned variants,1.8451797433042145,CSA,CSA,cmp_b64efda1167deddf,4.912061948362748,False,5.435514945578976,True,fiqt,GIPR,gt_08f7168b97dea82d,GRCh37,True,True,7.457791500616331,False,4,0.8264667884966058,True,0.1,0.75,0.9887703619487891,PRIMARY,0.7434598689224473,,,CSA,GIPR,Glycated haemoglobin (HbA1c),Pan-UKB,,6.6001190166251344,0.0033889999999999997,0.022405,4,GIPR,Glycated haemoglobin (HbA1c),Pan-UKB,A
1000,1000,Pan-UKB,Pan-UKB::biomarkers|30750|both_sexes||irnt,Glycated haemoglobin (HbA1c),-0.4315401096623421,percentile bootstrap over ancestry-paired LD-pruned variants,1.9522754431280467,CSA,CSA,cmp_b64efda1167deddf,4.912061948362748,False,5.435514945578976,True,deming,GIPR,gt_08f7168b97dea82d,GRCh37,True,True,7.457791500616331,False,4,0.8264667884966058,True,0.1,0.75,1.4496415084982996,PRIMARY,0.6081273869299696,,,CSA,GIPR,Glycated haemoglobin (HbA1c),Pan-UKB,,6.6001190166251344,0.0033889999999999997,0.022405,4,GIPR,Glycated haemoglobin (HbA1c),Pan-UKB,A
1000,1000,Pan-UKB,Pan-UKB::biomarkers|30750|both_sexes||irnt,Glycated haemoglobin (HbA1c),-0.3137905652937963,percentile bootstrap over ancestry-paired LD-pruned variants,0.9624352499677225,CSA,CSA,cmp_ba35246f787ddd2f,2.6646352635784156,False,5.3742457120769105,True,naive,TP53,gt_f9d79082a44b2223,GRCh37,True,True,6.379747102339815,False,6,0.5968810884784045,True,0.1,0.5,0.5329270527156831,PRIMARY,0.32557379251053215,,,CSA,TP53,Glycated haemoglobin (HbA1c),Pan-UKB,,6.659320592480231,0.002561,0.01927,6,TP53,Glycated haemoglobin (HbA1c),Pan-UKB,B
1000,1000,Pan-UKB,Pan-UKB::biomarkers|30750|both_sexes||irnt,Glycated haemoglobin (HbA1c),-0.3151151802383209,percentile bootstrap over ancestry-paired LD-pruned variants,0.9659574248374829,CSA,CSA,cmp_ba35246f787ddd2f,2.6646352635784156,False,5.3742457120769105,True,fiqt,TP53,gt_f9d79082a44b2223,GRCh37,True,True,6.379747102339815,False,6,0.5968810884784045,True,0.1,0.5,0.5388896072915956,PRIMARY,0.326810241203599,,,CSA,TP53,Glycated haemoglobin (HbA1c),Pan-UKB,,6.659320592480231,0.002561,0.01927,6,TP53,Glycated haemoglobin (HbA1c),Pan-UKB,B
1000,1000,Pan-UKB,Pan-UKB::biomarkers|30750|both_sexes||irnt,Glycated haemoglobin (HbA1c),-0.3098159644493003,percentile bootstrap over ancestry-paired LD-pruned variants,1.0357296424049265,CSA,CSA,cmp_ba35246f787ddd2f,2.6646352635784156,False,5.3742457120769105,True,deming,TP53,gt_f9d79082a44b2223,GRCh37,True,True,6.379747102339815,False,6,0.5968810884784045,True,0.1,0.5,0.6299074063971779,PRIMARY,0.3432577377614382,,,CSA,TP53,Glycated haemoglobin (HbA1c),Pan-UKB,,6.659320592480231,0.002561,0.01927,6,TP53,Glycated haemoglobin (HbA1c),Pan-UKB,B
1000,1000,Pan-UKB,Pan-UKB::biomarkers|30870|both_sexes||irnt,Triglycerides,0.026023330878703874,percentile bootstrap over ancestry-paired LD-pruned variants,0.6591750031244241,AFR,AFR,cmp_c19fd6087066e5ad,2.5637229764975693,False,17.060675426338506,True,naive,APOC3,gt_f57de0955fec90d0,GRCh37,True,True,22.199794731440303,False,9,0.5090225673868997,True,0.1,0.8888888888888888,0.21637925986875498,PRIMARY,0.1615212517270572,,,AFR,APOC3,Triglycerides,Pan-UKB,,7.5844930417495044,0.004171,0.0277,9,APOC3,Triglycerides,Pan-UKB,A
1000,1000,Pan-UKB,Pan-UKB::biomarkers|30870|both_sexes||irnt,Triglycerides,0.06494871624855648,percentile bootstrap over ancestry-paired LD-pruned variants,0.7371207857626396,AFR,AFR,cmp_c19fd6087066e5ad,2.5637229764975693,False,17.060675426338506,True,fiqt,APOC3,gt_f57de0955fec90d0,GRCh37,True,True,22.199794731440303,False,9,0.5090225673868997,True,0.1,0.8888888888888888,0.34317944787363786,PRIMARY,0.17147561761748958,,,AFR,APOC3,Triglycerides,Pan-UKB,,7.5844930417495044,0.004171,0.0277,9,APOC3,Triglycerides,Pan-UKB,A
1000,1000,Pan-UKB,Pan-UKB::biomarkers|30870|both_sexes||irnt,Triglycerides,-0.012432192628227942,percentile bootstrap over ancestry-paired LD-pruned variants,0.4027904187186897,AFR,AFR,cmp_c19fd6087066e5ad,2.5637229764975693,False,17.060675426338506,True,deming,APOC3,gt_f57de0955fec90d0,GRCh37,True,True,22.199794731440303,False,9,0.5090225673868997,True,0.1,0.8888888888888888,0.11936528372171296,PRIMARY,0.10592608196429644,,,AFR,APOC3,Triglycerides,Pan-UKB,,7.5844930417495044,0.004171,0.0277,9,APOC3,Triglycerides,Pan-UKB,A
1000,1000,Pan-UKB,Pan-UKB::continuous|21001|both_sexes||irnt,Body mass index (BMI),0.4789067142008318,percentile bootstrap over ancestry-paired LD-pruned variants,1.4050991501416432,CSA,CSA,cmp_c466933c6cddc2c2,4.785775512662753,False,0.39900982295084253,True,naive,PPARD,gt_4129badd0cfdf3a3,GRCh37,True,True,8.039538714991764,False,3,0.8676956991711037,True,0.1,1.0,0.9571551025325507,PRIMARY,0.23627792225941374,,,CSA,PPARD,Body mass index (BMI),Pan-UKB,,8.679435483870968,0.004136,0.03596,3,PPARD,Body mass index (BMI),Pan-UKB,B
1000,1000,Pan-UKB,Pan-UKB::continuous|21001|both_sexes||irnt,Body mass index (BMI),0.47890671420083175,percentile bootstrap over ancestry-paired LD-pruned variants,1.4050991501416432,CSA,CSA,cmp_c466933c6cddc2c2,4.785775512662753,False,0.39900982295084253,True,fiqt,PPARD,gt_4129badd0cfdf3a3,GRCh37,True,True,8.039538714991764,False,3,0.8676956991711037,True,0.1,1.0,0.966251526611506,PRIMARY,0.23627792225941377,,,CSA,PPARD,Body mass index (BMI),Pan-UKB,,8.679435483870968,0.004136,0.03596,3,PPARD,Body mass index (BMI),Pan-UKB,B
1000,1000,Pan-UKB,Pan-UKB::continuous|21001|both_sexes||irnt,Body mass index (BMI),0.4789067141913718,percentile bootstrap over ancestry-paired LD-pruned variants,1.405099150367234,CSA,CSA,cmp_c466933c6cddc2c2,4.785775512662753,False,0.39900982295084253,True,deming,PPARD,gt_4129badd0cfdf3a3,GRCh37,True,True,8.039538714991764,False,3,0.8676956991711037,True,0.1,1.0,0.7484485667681368,PRIMARY,0.2362779223193768,,,CSA,PPARD,Body mass index (BMI),Pan-UKB,,8.679435483870968,0.004136,0.03596,3,PPARD,Body mass index (BMI),Pan-UKB,B
1000,1000,Pan-UKB,Pan-UKB::biomarkers|30870|both_sexes||irnt,Triglycerides,1.180546773722851,percentile bootstrap over ancestry-paired LD-pruned variants,3.208121970698297,AFR,AFR,cmp_c46c48b6b8c8c0da,10.175221514760231,False,11.959078670533623,True,naive,APOB,gt_e89d07b40f69aeb9,GRCh37,True,True,7.521019696914893,False,6,0.8650115003538756,True,0.1,0.8333333333333334,1.9988978714542365,PRIMARY,0.5172480752117643,,,AFR,APOB,Triglycerides,Pan-UKB,,8.064825344576363,0.003194,0.037275,6,APOB,Triglycerides,Pan-UKB,B
1000,1000,Pan-UKB,Pan-UKB::biomarkers|30870|both_sexes||irnt,Triglycerides,1.1820055153440046,percentile bootstrap over ancestry-paired LD-pruned variants,3.248622934350594,AFR,AFR,cmp_c46c48b6b8c8c0da,10.175221514760231,False,11.959078670533623,True,fiqt,APOB,gt_e89d07b40f69aeb9,GRCh37,True,True,7.521019696914893,False,6,0.8650115003538756,True,0.1,0.8333333333333334,2.0075161897164535,PRIMARY,0.527208008746029,,,AFR,APOB,Triglycerides,Pan-UKB,,8.064825344576363,0.003194,0.037275,6,APOB,Triglycerides,Pan-UKB,B
1000,1000,Pan-UKB,Pan-UKB::biomarkers|30870|both_sexes||irnt,Triglycerides,0.6609836767302292,percentile bootstrap over ancestry-paired LD-pruned variants,3.4767042887992208,AFR,AFR,cmp_c46c48b6b8c8c0da,10.175221514760231,False,11.959078670533623,True,deming,APOB,gt_e89d07b40f69aeb9,GRCh37,True,True,7.521019696914893,False,6,0.8650115003538756,True,0.1,0.8333333333333334,1.3708372975164624,PRIMARY,0.7183092736088614,,,AFR,APOB,Triglycerides,Pan-UKB,,8.064825344576363,0.003194,0.037275,6,APOB,Triglycerides,Pan-UKB,B
1000,1000,Pan-UKB,Pan-UKB::biomarkers|30780|both_sexes||irnt,LDL direct,0.6347809803456765,percentile bootstrap over ancestry-paired LD-pruned variants,3.0064262335612013,CSA,CSA,cmp_c5f9b26ab4ae44ee,7.153091884452309,False,7.813715112081792,True,naive,LPA,gt_5da1ad3edfdad65e,GRCh37,True,True,6.840439957812265,False,7,0.7556577697834872,True,0.1,1.0,1.2311177235404536,PRIMARY,0.6050226616210197,,,CSA,LPA,LDL direct,Pan-UKB,,6.819118252987227,0.003824,0.03435,7,LPA,LDL direct,Pan-UKB,B
1000,1000,Pan-UKB,Pan-UKB::biomarkers|30780|both_sexes||irnt,LDL direct,0.6358040459965089,percentile bootstrap over ancestry-paired LD-pruned variants,3.036110918317083,CSA,CSA,cmp_c5f9b26ab4ae44ee,7.153091884452309,False,7.813715112081792,True,fiqt,LPA,gt_5da1ad3edfdad65e,GRCh37,True,True,6.840439957812265,False,7,0.7556577697834872,True,0.1,1.0,1.2331874173762691,PRIMARY,0.6123344335033422,,,CSA,LPA,LDL direct,Pan-UKB,,6.819118252987227,0.003824,0.03435,7,LPA,LDL direct,Pan-UKB,B
1000,1000,Pan-UKB,Pan-UKB::biomarkers|30780|both_sexes||irnt,LDL direct,0.5169230236816231,percentile bootstrap over ancestry-paired LD-pruned variants,1.8136672315955733,CSA,CSA,cmp_c5f9b26ab4ae44ee,7.153091884452309,False,7.813715112081792,True,deming,LPA,gt_5da1ad3edfdad65e,GRCh37,True,True,6.840439957812265,False,7,0.7556577697834872,True,0.1,1.0,0.911521568860521,PRIMARY,0.3308081725333994,,,CSA,LPA,LDL direct,Pan-UKB,,6.819118252987227,0.003824,0.03435,7,LPA,LDL direct,Pan-UKB,B
1000,1000,Pan-UKB,Pan-UKB::biomarkers|30870|both_sexes||irnt,Triglycerides,-0.7382748442112167,percentile bootstrap over ancestry-paired LD-pruned variants,5.618766161802735,MID,MID,cmp_c80e5bff31014a68,10.931194524319528,False,3.0308582851665764,True,naive,FGF21,gt_3de9daa3443abcc6,GRCh37,True,False,6.613730759833862,False,3,-0.7604882465331254,True,0.1,0.6666666666666666,2.1862389048639055,PRIMARY,1.621723933745079,,,MID,FGF21,Triglycerides,Pan-UKB,,14.780937740199846,0.004093,0.07025,3,FGF21,Triglycerides,Pan-UKB,B
1000,1000,Pan-UKB,Pan-UKB::biomarkers|30870|both_sexes||irnt,Triglycerides,-0.7382748442112167,percentile bootstrap over ancestry-paired LD-pruned variants,5.618766161802735,MID,MID,cmp_c80e5bff31014a68,10.931194524319528,False,3.0308582851665764,True,fiqt,FGF21,gt_3de9daa3443abcc6,GRCh37,True,False,6.613730759833862,False,3,-0.7604882465331254,True,0.1,0.6666666666666666,2.1885530832214157,PRIMARY,1.621723933745079,,,MID,FGF21,Triglycerides,Pan-UKB,,14.780937740199846,0.004093,0.07025,3,FGF21,Triglycerides,Pan-UKB,B
1000,1000,Pan-UKB,Pan-UKB::biomarkers|30870|both_sexes||irnt,Triglycerides,-0.7382748442013761,percentile bootstrap over ancestry-paired LD-pruned variants,5.618766159193061,MID,MID,cmp_c80e5bff31014a68,10.931194524319528,False,3.0308582851665764,True,deming,FGF21,gt_3de9daa3443abcc6,GRCh37,True,False,6.613730759833862,False,3,-0.7604882465331254,True,0.1,0.6666666666666666,2.2350519885765943,PRIMARY,1.6217239330768234,,,MID,FGF21,Triglycerides,Pan-UKB,,14.780937740199846,0.004093,0.07025,3,FGF21,Triglycerides,Pan-UKB,B
1000,1000,Pan-UKB,Pan-UKB::continuous|30020|both_sexes||irnt,Haemoglobin concentration,0.2647179487179487,percentile bootstrap over ancestry-paired LD-pruned variants,1.9702687249857065,CSA,CSA,cmp_cdc7ff976577622c,5.504058889198657,False,1.6985233814572553,True,naive,EGLN3,gt_e581489a9e9ecfc2,GRCh37,True,True,5.656614785992217,False,3,0.9554981971920753,True,0.1,1.0,1.1008117778397313,PRIMARY,0.4350974787600499,,,CSA,EGLN3,Haemoglobin concentration,Pan-UKB,,6.88715953307393,0.002123,0.01497,3,EGLN3,Haemoglobin concentration,Pan-UKB,A
1000,1000,Pan-UKB,Pan-UKB::continuous|30020|both_sexes||irnt,Haemoglobin concentration,0.2647179487179487,percentile bootstrap over ancestry-paired LD-pruned variants,1.9702687249857065,CSA,CSA,cmp_cdc7ff976577622c,5.504058889198657,False,1.6985233814572553,True,fiqt,EGLN3,gt_e581489a9e9ecfc2,GRCh37,True,True,5.656614785992217,False,3,0.9554981971920753,True,0.1,1.0,1.1022701208068122,PRIMARY,0.4350974787600499,,,CSA,EGLN3,Haemoglobin concentration,Pan-UKB,,6.88715953307393,0.002123,0.01497,3,EGLN3,Haemoglobin concentration,Pan-UKB,A
1000,1000,Pan-UKB,Pan-UKB::continuous|30020|both_sexes||irnt,Haemoglobin concentration,0.26471794863394515,percentile bootstrap over ancestry-paired LD-pruned variants,1.9702687286200415,CSA,CSA,cmp_cdc7ff976577622c,5.504058889198657,False,1.6985233814572553,True,deming,EGLN3,gt_e581489a9e9ecfc2,GRCh37,True,True,5.656614785992217,False,3,0.9554981971920753,True,0.1,1.0,0.9595200903919984,PRIMARY,0.43509747970862306,,,CSA,EGLN3,Haemoglobin concentration,Pan-UKB,,6.88715953307393,0.002123,0.01497,3,EGLN3,Haemoglobin concentration,Pan-UKB,A
1000,1000,Pan-UKB,Pan-UKB::biomarkers|30870|both_sexes||irnt,Triglycerides,0.17437980479406065,percentile bootstrap over ancestry-paired LD-pruned variants,2.2345309465325145,CSA,CSA,cmp_cf4e49ee6917e9e7,5.9620574783113485,False,8.225577147283907,True,naive,APOB,gt_e89d07b40f69aeb9,GRCh37,True,True,8.157333850029064,False,7,0.770033605338057,True,0.1,0.7142857142857143,1.1691271650145612,PRIMARY,0.5255584179068246,,,CSA,APOB,Triglycerides,Pan-UKB,,6.622747529548538,0.003277,0.02543,7,APOB,Triglycerides,Pan-UKB,B
1000,1000,Pan-UKB,Pan-UKB::biomarkers|30870|both_sexes||irnt,Triglycerides,0.1768225761212858,percentile bootstrap over ancestry-paired LD-pruned variants,2.25757248896203,CSA,CSA,cmp_cf4e49ee6917e9e7,5.9620574783113485,False,8.225577147283907,True,fiqt,APOB,gt_e89d07b40f69aeb9,GRCh37,True,True,8.157333850029064,False,7,0.770033605338057,True,0.1,0.7142857142857143,1.176334816693688,PRIMARY,0.5308133030130743,,,CSA,APOB,Triglycerides,Pan-UKB,,6.622747529548538,0.003277,0.02543,7,APOB,Triglycerides,Pan-UKB,B
1000,1000,Pan-UKB,Pan-UKB::biomarkers|30870|both_sexes||irnt,Triglycerides,0.10556376407974122,percentile bootstrap over ancestry-paired LD-pruned variants,1.2814063295254126,CSA,CSA,cmp_cf4e49ee6917e9e7,5.9620574783113485,False,8.225577147283907,True,deming,APOB,gt_e89d07b40f69aeb9,GRCh37,True,True,8.157333850029064,False,7,0.770033605338057,True,0.1,0.7142857142857143,1.09747461117142,PRIMARY,0.29996535005759484,,,CSA,APOB,Triglycerides,Pan-UKB,,6.622747529548538,0.003277,0.02543,7,APOB,Triglycerides,Pan-UKB,B
1000,1000,Pan-UKB,Pan-UKB::biomarkers|30870|both_sexes||irnt,Triglycerides,0.5378151260504203,percentile bootstrap over ancestry-paired LD-pruned variants,1.227146814404432,CSA,CSA,cmp_d046571b4d69c0ca,4.729180123111458,False,0.648145119167243,True,naive,PPARG,gt_44be73ebd0d0a1ce,GRCh37,True,True,8.826185101580135,False,3,0.9932787260832245,True,0.1,1.0,0.9458360246222917,PRIMARY,0.17585315184140426,,,CSA,PPARG,Triglycerides,Pan-UKB,,5.7992177314211215,0.003101,0.01662,3,PPARG,Triglycerides,Pan-UKB,A
1000,1000,Pan-UKB,Pan-UKB::biomarkers|30870|both_sexes||irnt,Triglycerides,0.5378151260504203,percentile bootstrap over ancestry-paired LD-pruned variants,1.227146814404432,CSA,CSA,cmp_d046571b4d69c0ca,4.729180123111458,False,0.648145119167243,True,fiqt,PPARG,gt_44be73ebd0d0a1ce,GRCh37,True,True,8.826185101580135,False,3,0.9932787260832245,True,0.1,1.0,0.9528153516828806,PRIMARY,0.17585315184140426,,,CSA,PPARG,Triglycerides,Pan-UKB,,5.7992177314211215,0.003101,0.01662,3,PPARG,Triglycerides,Pan-UKB,A
1000,1000,Pan-UKB,Pan-UKB::biomarkers|30870|both_sexes||irnt,Triglycerides,0.5378151248278389,percentile bootstrap over ancestry-paired LD-pruned variants,1.2271468176394815,CSA,CSA,cmp_d046571b4d69c0ca,4.729180123111458,False,0.648145119167243,True,deming,PPARG,gt_44be73ebd0d0a1ce,GRCh37,True,True,8.826185101580135,False,3,0.9932787260832245,True,0.1,1.0,0.8529368641768797,PRIMARY,0.1758531529785759,,,CSA,PPARG,Triglycerides,Pan-UKB,,5.7992177314211215,0.003101,0.01662,3,PPARG,Triglycerides,Pan-UKB,A
1000,1000,Pan-UKB,Pan-UKB::biomarkers|30780|both_sexes||irnt,LDL direct,0.3304179002420489,percentile bootstrap over ancestry-paired LD-pruned variants,1.1033720000636005,CSA,CSA,cmp_d17bec475888ffb1,3.481228182489935,False,7.374890093849277,True,naive,APOA1,gt_25de020ab85c0f34,GRCh37,True,True,7.542571275417009,False,6,0.7822545277542745,True,0.1,0.8333333333333334,0.5502594319878539,PRIMARY,0.19718579165701894,,,CSA,APOA1,LDL direct,Pan-UKB,,6.090092256730476,0.0042525,0.022335,6,APOA1,LDL direct,Pan-UKB,B
1000,1000,Pan-UKB,Pan-UKB::biomarkers|30780|both_sexes||irnt,LDL direct,0.33150314968892336,percentile bootstrap over ancestry-paired LD-pruned variants,1.1145310358414842,CSA,CSA,cmp_d17bec475888ffb1,3.481228182489935,False,7.374890093849277,True,fiqt,APOA1,gt_25de020ab85c0f34,GRCh37,True,True,7.542571275417009,False,6,0.7822545277542745,True,0.1,0.8333333333333334,0.5536653553552494,PRIMARY,0.1997556823311512,,,CSA,APOA1,LDL direct,Pan-UKB,,6.090092256730476,0.0042525,0.022335,6,APOA1,LDL direct,Pan-UKB,B
1000,1000,Pan-UKB,Pan-UKB::biomarkers|30780|both_sexes||irnt,LDL direct,0.12228293101342613,percentile bootstrap over ancestry-paired LD-pruned variants,1.4848293149887803,CSA,CSA,cmp_d17bec475888ffb1,3.481228182489935,False,7.374890093849277,True,deming,APOA1,gt_25de020ab85c0f34,GRCh37,True,True,7.542571275417009,False,6,0.7822545277542745,True,0.1,0.8333333333333334,0.5245948664586343,PRIMARY,0.3475947503941262,,,CSA,APOA1,LDL direct,Pan-UKB,,6.090092256730476,0.0042525,0.022335,6,APOA1,LDL direct,Pan-UKB,B
1000,1000,Pan-UKB,Pan-UKB::continuous|3148|both_sexes||irnt,Heel bone mineral density (BMD),-0.7005711896022007,percentile bootstrap over ancestry-paired LD-pruned variants,1.4536940171084058,CSA,CSA,cmp_d642ad82b0d16e5e,5.444103788704403,False,3.635664969814381,True,naive,SOST,gt_1a54193972b2aa21,GRCh37,True,True,6.776638430673206,False,7,0.34361012487056414,True,0.1,0.8571428571428571,0.6542997590359205,PRIMARY,0.5495675491241614,,,CSA,SOST,Heel bone mineral density (BMD),Pan-UKB,,12.689438555162937,0.005872,0.09696,7,SOST,Heel bone mineral density (BMD),Pan-UKB,B
1000,1000,Pan-UKB,Pan-UKB::continuous|3148|both_sexes||irnt,Heel bone mineral density (BMD),-0.7046442061791283,percentile bootstrap over ancestry-paired LD-pruned variants,1.4746815123106034,CSA,CSA,cmp_d642ad82b0d16e5e,5.444103788704403,False,3.635664969814381,True,fiqt,SOST,gt_1a54193972b2aa21,GRCh37,True,True,6.776638430673206,False,7,0.34361012487056414,True,0.1,0.8571428571428571,0.6616941101733164,PRIMARY,0.5559606542977257,,,CSA,SOST,Heel bone mineral density (BMD),Pan-UKB,,12.689438555162937,0.005872,0.09696,7,SOST,Heel bone mineral density (BMD),Pan-UKB,B
1000,1000,Pan-UKB,Pan-UKB::continuous|3148|both_sexes||irnt,Heel bone mineral density (BMD),0.11010242020708731,percentile bootstrap over ancestry-paired LD-pruned variants,1.3774383185409345,CSA,CSA,cmp_d642ad82b0d16e5e,5.444103788704403,False,3.635664969814381,True,deming,SOST,gt_1a54193972b2aa21,GRCh37,True,True,6.776638430673206,False,7,0.34361012487056414,True,0.1,0.8571428571428571,0.9586172421275607,PRIMARY,0.323305914886812,,,CSA,SOST,Heel bone mineral density (BMD),Pan-UKB,,12.689438555162937,0.005872,0.09696,7,SOST,Heel bone mineral density (BMD),Pan-UKB,B
1000,1000,GBMI,GBMI::Asthma,Asthma,0.9118052544399918,percentile bootstrap over ancestry-paired LD-pruned variants,1.9456426054644025,AMR,AMR,cmp_d6a94e5b9cd24b66,7.8241436229323735,False,0.876954697324927,True,naive,IL13,gt_b5915a3fe7e0c8ef,GRCh38,True,True,7.739875627104517,False,4,0.9570048071298843,True,0.1,1.0,1.5648287245864747,PRIMARY,0.26373886438199573,,,AMR,IL13,Asthma,GBMI,,7.2282106598211024,0.00831705,0.059336,4,IL13,Asthma,GBMI,B
1000,1000,GBMI,GBMI::Asthma,Asthma,0.9139160026438518,percentile bootstrap over ancestry-paired LD-pruned variants,1.9500726869359004,AMR,AMR,cmp_d6a94e5b9cd24b66,7.8241436229323735,False,0.876954697324927,True,fiqt,IL13,gt_b5915a3fe7e0c8ef,GRCh38,True,True,7.739875627104517,False,4,0.9570048071298843,True,0.1,1.0,1.5725262136243736,PRIMARY,0.2643305419041167,,,AMR,IL13,Asthma,GBMI,,7.2282106598211024,0.00831705,0.059336,4,IL13,Asthma,GBMI,B
1000,1000,GBMI,GBMI::Asthma,Asthma,0.8852350533700512,percentile bootstrap over ancestry-paired LD-pruned variants,1.6231352583730838,AMR,AMR,cmp_d6a94e5b9cd24b66,7.8241436229323735,False,0.876954697324927,True,deming,IL13,gt_b5915a3fe7e0c8ef,GRCh38,True,True,7.739875627104517,False,4,0.9570048071298843,True,0.1,1.0,1.061702601213016,PRIMARY,0.18824330723000407,,,AMR,IL13,Asthma,GBMI,,7.2282106598211024,0.00831705,0.059336,4,IL13,Asthma,GBMI,B
1000,1000,Pan-UKB,Pan-UKB::biomarkers|30780|both_sexes||irnt,LDL direct,0.015285749647114688,percentile bootstrap over ancestry-paired LD-pruned variants,0.7762844360895731,CSA,CSA,cmp_d763b6b831bf0c0e,2.5942328962696584,False,9.063729979601833,True,naive,ANGPTL8,gt_1c018fe9f451c0ea,GRCh37,True,False,8.365323771356254,False,15,0.5118699947303479,True,0.1,0.8,0.38304312314535527,PRIMARY,0.19413588526246375,,,CSA,ANGPTL8,LDL direct,Pan-UKB,,7.154571159283695,0.005371,0.02424,15,ANGPTL8,LDL direct,Pan-UKB,B
1000,1000,Pan-UKB,Pan-UKB::biomarkers|30780|both_sexes||irnt,LDL direct,0.015354812494955877,percentile bootstrap over ancestry-paired LD-pruned variants,0.7833625695981116,CSA,CSA,cmp_d763b6b831bf0c0e,2.5942328962696584,False,9.063729979601833,True,fiqt,ANGPTL8,gt_1c018fe9f451c0ea,GRCh37,True,False,8.365323771356254,False,15,0.5118699947303479,True,0.1,0.8,0.3846317272485339,PRIMARY,0.1959239463482755,,,CSA,ANGPTL8,LDL direct,Pan-UKB,,7.154571159283695,0.005371,0.02424,15,ANGPTL8,LDL direct,Pan-UKB,B
1000,1000,Pan-UKB,Pan-UKB::biomarkers|30780|both_sexes||irnt,LDL direct,-0.06309906101465876,percentile bootstrap over ancestry-paired LD-pruned variants,0.5600290387617206,CSA,CSA,cmp_d763b6b831bf0c0e,2.5942328962696584,False,9.063729979601833,True,deming,ANGPTL8,gt_1c018fe9f451c0ea,GRCh37,True,False,8.365323771356254,False,15,0.5118699947303479,True,0.1,0.8,0.15628634902083394,PRIMARY,0.1589641709468986,,,CSA,ANGPTL8,LDL direct,Pan-UKB,,7.154571159283695,0.005371,0.02424,15,ANGPTL8,LDL direct,Pan-UKB,B
1000,1000,Pan-UKB,Pan-UKB::continuous|30080|both_sexes||irnt,Platelet count,-0.5771994409808999,percentile bootstrap over ancestry-paired LD-pruned variants,0.7975237677521752,CSA,CSA,cmp_d8eb00402944028b,5.616054926526978,False,22.49838705297475,True,naive,JAK2,gt_2fdb14cf300437e0,GRCh37,True,False,8.56544502617801,False,13,0.009328909427302556,True,0.1,0.6923076923076923,0.012554899023497523,PRIMARY,0.3507011403211275,,,CSA,JAK2,Platelet count,Pan-UKB,,7.654454621149043,0.006594,0.05901,13,JAK2,Platelet count,Pan-UKB,A
1000,1000,Pan-UKB,Pan-UKB::continuous|30080|both_sexes||irnt,Platelet count,-0.5837532146008615,percentile bootstrap over ancestry-paired LD-pruned variants,0.8038258245789333,CSA,CSA,cmp_d8eb00402944028b,5.616054926526978,False,22.49838705297475,True,fiqt,JAK2,gt_2fdb14cf300437e0,GRCh37,True,False,8.56544502617801,False,13,0.009328909427302556,True,0.1,0.6923076923076923,0.012917271252382517,PRIMARY,0.35398074916805644,,,CSA,JAK2,Platelet count,Pan-UKB,,7.654454621149043,0.006594,0.05901,13,JAK2,Platelet count,Pan-UKB,A
1000,1000,Pan-UKB,Pan-UKB::continuous|30080|both_sexes||irnt,Platelet count,-0.019343643486860938,percentile bootstrap over ancestry-paired LD-pruned variants,0.9063635452762915,CSA,CSA,cmp_d8eb00402944028b,5.616054926526978,False,22.49838705297475,True,deming,JAK2,gt_2fdb14cf300437e0,GRCh37,True,False,8.56544502617801,False,13,0.009328909427302556,True,0.1,0.6923076923076923,0.43474512357549017,PRIMARY,0.23615413243942557,,,CSA,JAK2,Platelet count,Pan-UKB,,7.654454621149043,0.006594,0.05901,13,JAK2,Platelet count,Pan-UKB,A
1000,1000,Pan-UKB,Pan-UKB::biomarkers|30750|both_sexes||irnt,Glycated haemoglobin (HbA1c),-1.142655439341074,percentile bootstrap over ancestry-paired LD-pruned variants,1.9278523467524673,MID,MID,cmp_d98864543ce360b3,5.990215123348413,False,10.534532320217357,True,naive,PPARG,gt_5b728915d445b416,GRCh37,True,False,8.256410256410255,False,9,0.11501420054906777,True,0.1,0.4444444444444444,0.38855461839830174,PRIMARY,0.7833071960284258,,,MID,PPARG,Glycated haemoglobin (HbA1c),Pan-UKB,,16.37336504161712,0.002726,0.04237,9,PPARG,Glycated haemoglobin (HbA1c),Pan-UKB,A
1000,1000,Pan-UKB,Pan-UKB::biomarkers|30750|both_sexes||irnt,Glycated haemoglobin (HbA1c),-1.149004031777949,percentile bootstrap over ancestry-paired LD-pruned variants,1.9415949776611905,MID,MID,cmp_d98864543ce360b3,5.990215123348413,False,10.534532320217357,True,fiqt,PPARG,gt_5b728915d445b416,GRCh37,True,False,8.256410256410255,False,9,0.11501420054906777,True,0.1,0.4444444444444444,0.39019060828834273,PRIMARY,0.7884326022869272,,,MID,PPARG,Glycated haemoglobin (HbA1c),Pan-UKB,,16.37336504161712,0.002726,0.04237,9,PPARG,Glycated haemoglobin (HbA1c),Pan-UKB,A
1000,1000,Pan-UKB,Pan-UKB::biomarkers|30750|both_sexes||irnt,Glycated haemoglobin (HbA1c),-1.436742879180596,percentile bootstrap over ancestry-paired LD-pruned variants,1.7385484512787146,MID,MID,cmp_d98864543ce360b3,5.990215123348413,False,10.534532320217357,True,deming,PPARG,gt_5b728915d445b416,GRCh37,True,False,8.256410256410255,False,9,0.11501420054906777,True,0.1,0.4444444444444444,0.7179550617944115,PRIMARY,0.8100381832282644,,,MID,PPARG,Glycated haemoglobin (HbA1c),Pan-UKB,,16.37336504161712,0.002726,0.04237,9,PPARG,Glycated haemoglobin (HbA1c),Pan-UKB,A
1000,1000,Pan-UKB,Pan-UKB::continuous|21001|both_sexes||irnt,Body mass index (BMI),0.26102971055764546,percentile bootstrap over ancestry-paired LD-pruned variants,1.1456108442758508,AFR,AFR,cmp_d9f3563910f04212,3.225196897364385,False,1.4780218444763467,True,naive,MC4R,gt_e31188cc7b292717,GRCh37,True,True,7.543166215935095,False,5,0.7798620334918254,True,0.1,0.8,0.6042548187940305,PRIMARY,0.22566259908234756,,,AFR,MC4R,Body mass index (BMI),Pan-UKB,,11.18785105055128,0.004807,0.03772,5,MC4R,Body mass index (BMI),Pan-UKB,A
1000,1000,Pan-UKB,Pan-UKB::continuous|21001|both_sexes||irnt,Body mass index (BMI),0.2557551288108197,percentile bootstrap over ancestry-paired LD-pruned variants,1.1476135718743874,AFR,AFR,cmp_d9f3563910f04212,3.225196897364385,False,1.4780218444763467,True,fiqt,MC4R,gt_e31188cc7b292717,GRCh37,True,True,7.543166215935095,False,5,0.7798620334918254,True,0.1,0.8,0.6079558620566992,PRIMARY,0.22751908966145126,,,AFR,MC4R,Body mass index (BMI),Pan-UKB,,11.18785105055128,0.004807,0.03772,5,MC4R,Body mass index (BMI),Pan-UKB,A
1000,1000,Pan-UKB,Pan-UKB::continuous|21001|both_sexes||irnt,Body mass index (BMI),0.2995199024140562,percentile bootstrap over ancestry-paired LD-pruned variants,0.949701442708643,AFR,AFR,cmp_d9f3563910f04212,3.225196897364385,False,1.4780218444763467,True,deming,MC4R,gt_e31188cc7b292717,GRCh37,True,True,7.543166215935095,False,5,0.7798620334918254,True,0.1,0.8,0.5609547903087697,PRIMARY,0.16586568565114865,,,AFR,MC4R,Body mass index (BMI),Pan-UKB,,11.18785105055128,0.004807,0.03772,5,MC4R,Body mass index (BMI),Pan-UKB,A
1000,1000,Pan-UKB,Pan-UKB::biomarkers|30780|both_sexes||irnt,LDL direct,0.1672453703703704,percentile bootstrap over ancestry-paired LD-pruned variants,0.7581412367361873,CSA,CSA,cmp_dae661d54c93c969,2.039801169244299,False,0.4596905789125796,True,naive,ABCA1,gt_95af7ca2e8a7e102,GRCh37,True,True,8.796212804328224,False,3,0.997484624340003,True,0.1,1.0,0.4079602338488599,PRIMARY,0.15074151133049588,,,CSA,ABCA1,LDL direct,Pan-UKB,,5.565476190476191,0.00336,0.0187,3,ABCA1,LDL direct,Pan-UKB,B
1000,1000,Pan-UKB,Pan-UKB::biomarkers|30780|both_sexes||irnt,LDL direct,0.16724537037037038,percentile bootstrap over ancestry-paired LD-pruned variants,0.7581412367361872,CSA,CSA,cmp_dae661d54c93c969,2.039801169244299,False,0.4596905789125796,True,fiqt,ABCA1,gt_95af7ca2e8a7e102,GRCh37,True,True,8.796212804328224,False,3,0.997484624340003,True,0.1,1.0,0.40939142989259,PRIMARY,0.15074151133049588,,,CSA,ABCA1,LDL direct,Pan-UKB,,5.565476190476191,0.00336,0.0187,3,ABCA1,LDL direct,Pan-UKB,B
1000,1000,Pan-UKB,Pan-UKB::biomarkers|30780|both_sexes||irnt,LDL direct,0.16724537067575299,percentile bootstrap over ancestry-paired LD-pruned variants,0.7581412367453757,CSA,CSA,cmp_dae661d54c93c969,2.039801169244299,False,0.4596905789125796,True,deming,ABCA1,gt_95af7ca2e8a7e102,GRCh37,True,True,8.796212804328224,False,3,0.997484624340003,True,0.1,1.0,0.4513572095135062,PRIMARY,0.1507415112549348,,,CSA,ABCA1,LDL direct,Pan-UKB,,5.565476190476191,0.00336,0.0187,3,ABCA1,LDL direct,Pan-UKB,B
1000,1000,Pan-UKB,Pan-UKB::biomarkers|30870|both_sexes||irnt,Triglycerides,0.40769954874615894,percentile bootstrap over ancestry-paired LD-pruned variants,1.1071758339555395,MID,MID,cmp_dfe8569d96c5c6ef,5.775942470760831,False,9.392165734626156,True,naive,APOC3,gt_f57de0955fec90d0,GRCh37,True,True,13.82504048098092,False,16,0.6534441844138823,True,0.1,0.8125,0.6204555237783258,PRIMARY,0.17844110675674663,,,MID,APOC3,Triglycerides,Pan-UKB,,16.365626863149572,0.0055695,0.07783999999999999,16,APOC3,Triglycerides,Pan-UKB,A
1000,1000,Pan-UKB,Pan-UKB::biomarkers|30870|both_sexes||irnt,Triglycerides,0.5356927653719444,percentile bootstrap over ancestry-paired LD-pruned variants,1.273141322417003,MID,MID,cmp_dfe8569d96c5c6ef,5.775942470760831,False,9.392165734626156,True,fiqt,APOC3,gt_f57de0955fec90d0,GRCh37,True,True,13.82504048098092,False,16,0.6534441844138823,True,0.1,0.8125,0.8403329753402055,PRIMARY,0.18812808879702858,,,MID,APOC3,Triglycerides,Pan-UKB,,16.365626863149572,0.0055695,0.07783999999999999,16,APOC3,Triglycerides,Pan-UKB,A
1000,1000,Pan-UKB,Pan-UKB::biomarkers|30870|both_sexes||irnt,Triglycerides,0.34849892267077687,percentile bootstrap over ancestry-paired LD-pruned variants,0.7428604532568096,MID,MID,cmp_dfe8569d96c5c6ef,5.775942470760831,False,9.392165734626156,True,deming,APOC3,gt_f57de0955fec90d0,GRCh37,True,True,13.82504048098092,False,16,0.6534441844138823,True,0.1,0.8125,0.5096162921088676,PRIMARY,0.1006042798991987,,,MID,APOC3,Triglycerides,Pan-UKB,,16.365626863149572,0.0055695,0.07783999999999999,16,APOC3,Triglycerides,Pan-UKB,A
1000,1000,Pan-UKB,Pan-UKB::biomarkers|30750|both_sexes||irnt,Glycated haemoglobin (HbA1c),-2.207566204287516,percentile bootstrap over ancestry-paired LD-pruned variants,3.6155182397220615,MID,MID,cmp_e15f0ef829b34627,6.949446072357214,False,2.7771462632549135,True,naive,GDF15,gt_0f50d04f150328dc,GRCh37,True,False,6.128538638102524,False,3,-0.68686091406353,True,0.1,0.3333333333333333,-1.383098282579753,PRIMARY,1.4855080220711514,,,MID,GDF15,Glycated haemoglobin (HbA1c),Pan-UKB,,17.172980700500357,0.002798,0.04805,3,GDF15,Glycated haemoglobin (HbA1c),Pan-UKB,B
1000,1000,Pan-UKB,Pan-UKB::biomarkers|30750|both_sexes||irnt,Glycated haemoglobin (HbA1c),-2.2075662042875153,percentile bootstrap over ancestry-paired LD-pruned variants,3.615518239722061,MID,MID,cmp_e15f0ef829b34627,6.949446072357214,False,2.7771462632549135,True,fiqt,GDF15,gt_0f50d04f150328dc,GRCh37,True,False,6.128538638102524,False,3,-0.68686091406353,True,0.1,0.3333333333333333,-1.3996816576967184,PRIMARY,1.4855080220711512,,,MID,GDF15,Glycated haemoglobin (HbA1c),Pan-UKB,,17.172980700500357,0.002798,0.04805,3,GDF15,Glycated haemoglobin (HbA1c),Pan-UKB,B
1000,1000,Pan-UKB,Pan-UKB::biomarkers|30750|both_sexes||irnt,Glycated haemoglobin (HbA1c),-2.207566192736769,percentile bootstrap over ancestry-paired LD-pruned variants,3.6155182488118407,MID,MID,cmp_e15f0ef829b34627,6.949446072357214,False,2.7771462632549135,True,deming,GDF15,gt_0f50d04f150328dc,GRCh37,True,False,6.128538638102524,False,3,-0.68686091406353,True,0.1,0.3333333333333333,-0.10460646772825255,PRIMARY,1.485508021443342,,,MID,GDF15,Glycated haemoglobin (HbA1c),Pan-UKB,,17.172980700500357,0.002798,0.04805,3,GDF15,Glycated haemoglobin (HbA1c),Pan-UKB,B
1000,1000,Pan-UKB,Pan-UKB::continuous|21001|both_sexes||irnt,Body mass index (BMI),-5.661150512214341,percentile bootstrap over ancestry-paired LD-pruned variants,2.2026204960224613,MID,MID,cmp_e3f2f647f7cf5c3c,18.839396776015775,False,5.03272793687802,True,naive,LEPR,gt_46885db53b6cf531,GRCh37,True,False,5.695628997867804,False,3,-0.640217394218009,True,0.1,0.6666666666666666,-3.7678793552031546,PRIMARY,2.0061008952881854,,,MID,LEPR,Body mass index (BMI),Pan-UKB,,17.297056199821586,0.004671,0.06872,3,LEPR,Body mass index (BMI),Pan-UKB,B
1000,1000,Pan-UKB,Pan-UKB::continuous|21001|both_sexes||irnt,Body mass index (BMI),-5.661150512214341,percentile bootstrap over ancestry-paired LD-pruned variants,2.2026204960224613,MID,MID,cmp_e3f2f647f7cf5c3c,18.839396776015775,False,5.03272793687802,True,fiqt,LEPR,gt_46885db53b6cf531,GRCh37,True,False,5.695628997867804,False,3,-0.640217394218009,True,0.1,0.6666666666666666,-3.8143900596295133,PRIMARY,2.0061008952881854,,,MID,LEPR,Body mass index (BMI),Pan-UKB,,17.297056199821586,0.004671,0.06872,3,LEPR,Body mass index (BMI),Pan-UKB,B
1000,1000,Pan-UKB,Pan-UKB::continuous|21001|both_sexes||irnt,Body mass index (BMI),-5.661150471749197,percentile bootstrap over ancestry-paired LD-pruned variants,2.202620508827929,MID,MID,cmp_e3f2f647f7cf5c3c,18.839396776015775,False,5.03272793687802,True,deming,LEPR,gt_46885db53b6cf531,GRCh37,True,False,5.695628997867804,False,3,-0.640217394218009,True,0.1,0.6666666666666666,0.5793492619514347,PRIMARY,2.0061008882320155,,,MID,LEPR,Body mass index (BMI),Pan-UKB,,17.297056199821586,0.004671,0.06872,3,LEPR,Body mass index (BMI),Pan-UKB,B
1000,1000,Pan-UKB,Pan-UKB::biomarkers|30870|both_sexes||irnt,Triglycerides,-0.7602896341463415,percentile bootstrap over ancestry-paired LD-pruned variants,1.7287635290259102,AFR,AFR,cmp_e54439ed586b3a5c,3.2638322790759067,False,1.3943566855294032,True,naive,FGF21,gt_3de9daa3443abcc6,GRCh37,True,True,6.613730759833862,False,3,0.9975213171757961,True,0.1,0.3333333333333333,0.450657924120103,PRIMARY,0.6349742094256797,,,AFR,FGF21,Triglycerides,Pan-UKB,,11.970334736420124,0.004093,0.05972,3,FGF21,Triglycerides,Pan-UKB,B
1000,1000,Pan-UKB,Pan-UKB::biomarkers|30870|both_sexes||irnt,Triglycerides,-0.7602896341463415,percentile bootstrap over ancestry-paired LD-pruned variants,1.7287635290259102,AFR,AFR,cmp_e54439ed586b3a5c,3.2638322790759067,False,1.3943566855294032,True,fiqt,FGF21,gt_3de9daa3443abcc6,GRCh37,True,True,6.613730759833862,False,3,0.9975213171757961,True,0.1,0.3333333333333333,0.45861335721080837,PRIMARY,0.6349742094256797,,,AFR,FGF21,Triglycerides,Pan-UKB,,11.970334736420124,0.004093,0.05972,3,FGF21,Triglycerides,Pan-UKB,B
1000,1000,Pan-UKB,Pan-UKB::biomarkers|30870|both_sexes||irnt,Triglycerides,-0.7602896331705326,percentile bootstrap over ancestry-paired LD-pruned variants,1.7287635291022432,AFR,AFR,cmp_e54439ed586b3a5c,3.2638322790759067,False,1.3943566855294032,True,deming,FGF21,gt_3de9daa3443abcc6,GRCh37,True,True,6.613730759833862,False,3,0.9975213171757961,True,0.1,0.3333333333333333,-0.37537363352902026,PRIMARY,0.6349742091962173,,,AFR,FGF21,Triglycerides,Pan-UKB,,11.970334736420124,0.004093,0.05972,3,FGF21,Triglycerides,Pan-UKB,B
1000,1000,GBMI,GBMI::Asthma,Asthma,0.3250560139258276,percentile bootstrap over ancestry-paired LD-pruned variants,1.3528437500343176,AFR,AFR,cmp_e854c14fa9f40a21,4.294397396219895,False,4.524687460663333,True,naive,TSLP,gt_9974caf98cb25074,GRCh38,True,True,7.643122362869199,False,7,0.7542449711494569,True,0.1,0.8571428571428571,0.858879479243979,PRIMARY,0.2621955669123383,,,AFR,TSLP,Asthma,GBMI,,5.31721437716873,0.0053891,0.047013,7,TSLP,Asthma,GBMI,A
1000,1000,GBMI,GBMI::Asthma,Asthma,0.32955711913778796,percentile bootstrap over ancestry-paired LD-pruned variants,1.3644440163840776,AFR,AFR,cmp_e854c14fa9f40a21,4.294397396219895,False,4.524687460663333,True,fiqt,TSLP,gt_9974caf98cb25074,GRCh38,True,True,7.643122362869199,False,7,0.7542449711494569,True,0.1,0.8571428571428571,0.8651552635600254,PRIMARY,0.2640066106850293,,,AFR,TSLP,Asthma,GBMI,,5.31721437716873,0.0053891,0.047013,7,TSLP,Asthma,GBMI,A
1000,1000,GBMI,GBMI::Asthma,Asthma,0.28095702091222874,percentile bootstrap over ancestry-paired LD-pruned variants,0.9860966415349102,AFR,AFR,cmp_e854c14fa9f40a21,4.294397396219895,False,4.524687460663333,True,deming,TSLP,gt_9974caf98cb25074,GRCh38,True,True,7.643122362869199,False,7,0.7542449711494569,True,0.1,0.8571428571428571,0.5632239488943348,PRIMARY,0.17988586172621865,,,AFR,TSLP,Asthma,GBMI,,5.31721437716873,0.0053891,0.047013,7,TSLP,Asthma,GBMI,A
1000,1000,Pan-UKB,Pan-UKB::biomarkers|30870|both_sexes||irnt,Triglycerides,0.40361729171902877,percentile bootstrap over ancestry-paired LD-pruned variants,0.7689088795982769,AFR,AFR,cmp_eafab6e5a8a920a4,3.1788791675124073,False,26.134390431594568,True,naive,LPL,gt_93b3040bef26dfa3,GRCh37,True,True,15.987258713521967,False,18,0.8628880096460942,True,0.1,0.8888888888888888,0.623717491460169,PRIMARY,0.09318834191868361,,,AFR,LPL,Triglycerides,Pan-UKB,,7.165723821280912,0.003734,0.031335,18,LPL,Triglycerides,Pan-UKB,B
1000,1000,Pan-UKB,Pan-UKB::biomarkers|30870|both_sexes||irnt,Triglycerides,0.41764602546510304,percentile bootstrap over ancestry-paired LD-pruned variants,0.7863521874569703,AFR,AFR,cmp_eafab6e5a8a920a4,3.1788791675124073,False,26.134390431594568,True,fiqt,LPL,gt_93b3040bef26dfa3,GRCh37,True,True,15.987258713521967,False,18,0.8628880096460942,True,0.1,0.8888888888888888,0.6459041757095252,PRIMARY,0.09405942274964603,,,AFR,LPL,Triglycerides,Pan-UKB,,7.165723821280912,0.003734,0.031335,18,LPL,Triglycerides,Pan-UKB,B
1000,1000,Pan-UKB,Pan-UKB::biomarkers|30870|both_sexes||irnt,Triglycerides,0.2795030024095516,percentile bootstrap over ancestry-paired LD-pruned variants,0.7480527591019996,AFR,AFR,cmp_eafab6e5a8a920a4,3.1788791675124073,False,26.134390431594568,True,deming,LPL,gt_93b3040bef26dfa3,GRCh37,True,True,15.987258713521967,False,18,0.8628880096460942,True,0.1,0.8888888888888888,0.4913310900427569,PRIMARY,0.1195301955516297,,,AFR,LPL,Triglycerides,Pan-UKB,,7.165723821280912,0.003734,0.031335,18,LPL,Triglycerides,Pan-UKB,B
1000,1000,GBMI,GBMI::Asthma,Asthma,0.32477175721637014,percentile bootstrap over ancestry-paired LD-pruned variants,1.1358930997439443,AMR,AMR,cmp_ebe379c15a6da6e9,3.733238840621429,False,4.2833780613838535,True,naive,TSLP,gt_9974caf98cb25074,GRCh38,True,True,7.157627910079381,False,9,0.8277795289516797,True,0.1,0.8888888888888888,0.7466477681242858,PRIMARY,0.20692251207817994,,,AMR,TSLP,Asthma,GBMI,,7.757031119986688,0.01185,0.093224,9,TSLP,Asthma,GBMI,A
1000,1000,GBMI,GBMI::Asthma,Asthma,0.32680712727307226,percentile bootstrap over ancestry-paired LD-pruned variants,1.143267258989733,AMR,AMR,cmp_ebe379c15a6da6e9,3.733238840621429,False,4.2833780613838535,True,fiqt,TSLP,gt_9974caf98cb25074,GRCh38,True,True,7.157627910079381,False,9,0.8277795289516797,True,0.1,0.8888888888888888,0.7533720334014081,PRIMARY,0.2082844731221579,,,AMR,TSLP,Asthma,GBMI,,7.757031119986688,0.01185,0.093224,9,TSLP,Asthma,GBMI,A
1000,1000,GBMI,GBMI::Asthma,Asthma,0.07225180896521624,percentile bootstrap over ancestry-paired LD-pruned variants,0.9406398719535609,AMR,AMR,cmp_ebe379c15a6da6e9,3.733238840621429,False,4.2833780613838535,True,deming,TSLP,gt_9974caf98cb25074,GRCh38,True,True,7.157627910079381,False,9,0.8277795289516797,True,0.1,0.8888888888888888,0.7134731226222744,PRIMARY,0.22153163778469376,,,AMR,TSLP,Asthma,GBMI,,7.757031119986688,0.01185,0.093224,9,TSLP,Asthma,GBMI,A
1000,1000,Pan-UKB,Pan-UKB::biomarkers|30750|both_sexes||irnt,Glycated haemoglobin (HbA1c),1.2691517464002486,percentile bootstrap over ancestry-paired LD-pruned variants,4.937293921257623,MID,MID,cmp_ee4314019136489d,15.339612827823558,False,1.047334991451705,True,naive,GIPR,gt_08f7168b97dea82d,GRCh37,True,True,6.314340765207817,False,5,0.8995234827811822,True,0.1,1.0,3.0679225655647118,PRIMARY,0.9357677497625496,,,MID,GIPR,Glycated haemoglobin (HbA1c),Pan-UKB,,15.800399201596806,0.003633,0.06073,5,GIPR,Glycated haemoglobin (HbA1c),Pan-UKB,A
1000,1000,Pan-UKB,Pan-UKB::biomarkers|30750|both_sexes||irnt,Glycated haemoglobin (HbA1c),1.2772780340399856,percentile bootstrap over ancestry-paired LD-pruned variants,4.985486623526042,MID,MID,cmp_ee4314019136489d,15.339612827823558,False,1.047334991451705,True,fiqt,GIPR,gt_08f7168b97dea82d,GRCh37,True,True,6.314340765207817,False,5,0.8995234827811822,True,0.1,1.0,3.099447388451627,PRIMARY,0.9459889617196879,,,MID,GIPR,Glycated haemoglobin (HbA1c),Pan-UKB,,15.800399201596806,0.003633,0.06073,5,GIPR,Glycated haemoglobin (HbA1c),Pan-UKB,A
1000,1000,Pan-UKB,Pan-UKB::biomarkers|30750|both_sexes||irnt,Glycated haemoglobin (HbA1c),1.0485070024824241,percentile bootstrap over ancestry-paired LD-pruned variants,2.572225659591863,MID,MID,cmp_ee4314019136489d,15.339612827823558,False,1.047334991451705,True,deming,GIPR,gt_08f7168b97dea82d,GRCh37,True,True,6.314340765207817,False,5,0.8995234827811822,True,0.1,1.0,1.8173548816639054,PRIMARY,0.3887108817121991,,,MID,GIPR,Glycated haemoglobin (HbA1c),Pan-UKB,,15.800399201596806,0.003633,0.06073,5,GIPR,Glycated haemoglobin (HbA1c),Pan-UKB,A
1000,1000,Pan-UKB,Pan-UKB::biomarkers|30870|both_sexes||irnt,Triglycerides,0.734969927698835,percentile bootstrap over ancestry-paired LD-pruned variants,1.6221435811971299,CSA,CSA,cmp_f0cf4964e6b5f030,6.275763980249815,False,16.496919442047282,True,naive,ANGPTL3,gt_b328521a0423f5c5,GRCh37,True,True,8.506099914720938,False,14,0.8123026135098116,True,0.1,1.0,1.101118932561149,PRIMARY,0.2263239683219201,,,CSA,ANGPTL3,Triglycerides,Pan-UKB,,7.746399799496032,0.006365,0.042859999999999995,14,ANGPTL3,Triglycerides,Pan-UKB,B
1000,1000,Pan-UKB,Pan-UKB::biomarkers|30870|both_sexes||irnt,Triglycerides,0.742631622232128,percentile bootstrap over ancestry-paired LD-pruned variants,1.6345012711221079,CSA,CSA,cmp_f0cf4964e6b5f030,6.275763980249815,False,16.496919442047282,True,fiqt,ANGPTL3,gt_b328521a0423f5c5,GRCh37,True,True,8.506099914720938,False,14,0.8123026135098116,True,0.1,1.0,1.106244849519583,PRIMARY,0.227521948343167,,,CSA,ANGPTL3,Triglycerides,Pan-UKB,,7.746399799496032,0.006365,0.042859999999999995,14,ANGPTL3,Triglycerides,Pan-UKB,B
1000,1000,Pan-UKB,Pan-UKB::biomarkers|30870|both_sexes||irnt,Triglycerides,0.6966725092735545,percentile bootstrap over ancestry-paired LD-pruned variants,1.335273082153157,CSA,CSA,cmp_f0cf4964e6b5f030,6.275763980249815,False,16.496919442047282,True,deming,ANGPTL3,gt_b328521a0423f5c5,GRCh37,True,True,8.506099914720938,False,14,0.8123026135098116,True,0.1,1.0,0.8783520809246045,PRIMARY,0.16291130294148323,,,CSA,ANGPTL3,Triglycerides,Pan-UKB,,7.746399799496032,0.006365,0.042859999999999995,14,ANGPTL3,Triglycerides,Pan-UKB,B
1000,1000,GBMI,GBMI::VTE,Venous thromboembolism,-0.9753986354025034,percentile bootstrap over ancestry-paired LD-pruned variants,0.3153824572019436,AMR,AMR,cmp_f1d366955c52855b,3.670412800786564,False,4.667749581059631,True,naive,F11,gt_fd539737d1f5d9cb,GRCh38,True,False,6.492392430187684,False,8,-0.019294171950593145,True,0.1,0.5,-0.14444052364391557,PRIMARY,0.3292869416953484,,,AMR,F11,Venous thromboembolism,GBMI,,6.215113734911782,0.012562,0.074422,8,F11,Venous thromboembolism,GBMI,B
1000,1000,GBMI,GBMI::VTE,Venous thromboembolism,-0.976699294846932,percentile bootstrap over ancestry-paired LD-pruned variants,0.3168058327924434,AMR,AMR,cmp_f1d366955c52855b,3.670412800786564,False,4.667749581059631,True,fiqt,F11,gt_fd539737d1f5d9cb,GRCh38,True,False,6.492392430187684,False,8,-0.019294171950593145,True,0.1,0.5,-0.14307321355788696,PRIMARY,0.32998186136132573,,,AMR,F11,Venous thromboembolism,GBMI,,6.215113734911782,0.012562,0.074422,8,F11,Venous thromboembolism,GBMI,B
1000,1000,GBMI,GBMI::VTE,Venous thromboembolism,-0.16263502039351851,percentile bootstrap over ancestry-paired LD-pruned variants,0.3798851731736238,AMR,AMR,cmp_f1d366955c52855b,3.670412800786564,False,4.667749581059631,True,deming,F11,gt_fd539737d1f5d9cb,GRCh38,True,False,6.492392430187684,False,8,-0.019294171950593145,True,0.1,0.5,0.18007843806196966,PRIMARY,0.13840055170566204,,,AMR,F11,Venous thromboembolism,GBMI,,6.215113734911782,0.012562,0.074422,8,F11,Venous thromboembolism,GBMI,B
1000,1000,Pan-UKB,Pan-UKB::biomarkers|30870|both_sexes||irnt,Triglycerides,-1.4515235457063713,percentile bootstrap over ancestry-paired LD-pruned variants,1.2130069419071978,MID,MID,cmp_f27a27d52a7eddbe,2.855343770652908,False,1.4678903105176357,True,naive,PPARG,gt_44be73ebd0d0a1ce,GRCh37,True,False,8.826185101580135,False,3,-0.5730171740590061,True,0.1,0.3333333333333333,-0.5538465670507623,PRIMARY,0.6797396555832265,,,MID,PPARG,Triglycerides,Pan-UKB,,14.06732673267327,0.003101,0.04854,3,PPARG,Triglycerides,Pan-UKB,A
1000,1000,Pan-UKB,Pan-UKB::biomarkers|30870|both_sexes||irnt,Triglycerides,-1.4515235457063713,percentile bootstrap over ancestry-paired LD-pruned variants,1.2130069419071978,MID,MID,cmp_f27a27d52a7eddbe,2.855343770652908,False,1.4678903105176357,True,fiqt,PPARG,gt_44be73ebd0d0a1ce,GRCh37,True,False,8.826185101580135,False,3,-0.5730171740590061,True,0.1,0.3333333333333333,-0.5553176128504739,PRIMARY,0.6797396555832265,,,MID,PPARG,Triglycerides,Pan-UKB,,14.06732673267327,0.003101,0.04854,3,PPARG,Triglycerides,Pan-UKB,A
1000,1000,Pan-UKB,Pan-UKB::biomarkers|30870|both_sexes||irnt,Triglycerides,-1.4515235396794675,percentile bootstrap over ancestry-paired LD-pruned variants,1.213006941545857,MID,MID,cmp_f27a27d52a7eddbe,2.855343770652908,False,1.4678903105176357,True,deming,PPARG,gt_44be73ebd0d0a1ce,GRCh37,True,False,8.826185101580135,False,3,-0.5730171740590061,True,0.1,0.3333333333333333,-0.5614168093359343,PRIMARY,0.6797396539535423,,,MID,PPARG,Triglycerides,Pan-UKB,,14.06732673267327,0.003101,0.04854,3,PPARG,Triglycerides,Pan-UKB,A
1000,1000,GBMI,GBMI::Gout,Gout,-1.8517313670208921,percentile bootstrap over ancestry-paired LD-pruned variants,0.5832477355495377,AFR,AFR,cmp_f6c8d3d544ec5e35,4.63421868455727,False,6.181286782744866,True,naive,SLC22A12,gt_2a7e2fce1378c79e,GRCh38,True,False,7.663890991672975,False,3,-0.8710916706867925,True,0.1,0.3333333333333333,-0.9268437369114539,PRIMARY,0.6211795527308752,,,AFR,SLC22A12,Gout,GBMI,,4.4574790676623675,0.010568,0.072679,3,SLC22A12,Gout,GBMI,A
1000,1000,GBMI,GBMI::Gout,Gout,-1.8517313670208917,percentile bootstrap over ancestry-paired LD-pruned variants,0.5832477355495376,AFR,AFR,cmp_f6c8d3d544ec5e35,4.63421868455727,False,6.181286782744866,True,fiqt,SLC22A12,gt_2a7e2fce1378c79e,GRCh38,True,False,7.663890991672975,False,3,-0.8710916706867925,True,0.1,0.3333333333333333,-0.9351119779702272,PRIMARY,0.6211795527308751,,,AFR,SLC22A12,Gout,GBMI,,4.4574790676623675,0.010568,0.072679,3,SLC22A12,Gout,GBMI,A
1000,1000,GBMI,GBMI::Gout,Gout,-1.8517313669413764,percentile bootstrap over ancestry-paired LD-pruned variants,0.5832477353361658,AFR,AFR,cmp_f6c8d3d544ec5e35,4.63421868455727,False,6.181286782744866,True,deming,SLC22A12,gt_2a7e2fce1378c79e,GRCh38,True,False,7.663890991672975,False,3,-0.8710916706867925,True,0.1,0.3333333333333333,-0.7143098886348315,PRIMARY,0.6211795526561577,,,AFR,SLC22A12,Gout,GBMI,,4.4574790676623675,0.010568,0.072679,3,SLC22A12,Gout,GBMI,A
1000,1000,Pan-UKB,Pan-UKB::biomarkers|30780|both_sexes||irnt,LDL direct,0.4719012069935659,percentile bootstrap over ancestry-paired LD-pruned variants,1.5879239999095291,CSA,CSA,cmp_f91dafdc919ddc0c,8.566692676822614,False,9.91982600597052,True,naive,HMGCR,gt_fdbaedc51aaa106f,GRCh37,True,True,7.667188548423171,False,11,0.7449023433699999,True,0.1,0.8181818181818182,0.9404886946177493,PRIMARY,0.2847049235901804,,,CSA,HMGCR,LDL direct,Pan-UKB,,9.275446775446776,0.005001,0.04775,11,HMGCR,LDL direct,Pan-UKB,A
1000,1000,Pan-UKB,Pan-UKB::biomarkers|30780|both_sexes||irnt,LDL direct,0.4715080973749939,percentile bootstrap over ancestry-paired LD-pruned variants,1.6072622821992462,CSA,CSA,cmp_f91dafdc919ddc0c,8.566692676822614,False,9.91982600597052,True,fiqt,HMGCR,gt_fdbaedc51aaa106f,GRCh37,True,True,7.667188548423171,False,11,0.7449023433699999,True,0.1,0.8181818181818182,0.9453185778464973,PRIMARY,0.28973853442791203,,,CSA,HMGCR,LDL direct,Pan-UKB,,9.275446775446776,0.005001,0.04775,11,HMGCR,LDL direct,Pan-UKB,A
1000,1000,Pan-UKB,Pan-UKB::biomarkers|30780|both_sexes||irnt,LDL direct,0.5515035518645638,percentile bootstrap over ancestry-paired LD-pruned variants,1.2435445267467262,CSA,CSA,cmp_f91dafdc919ddc0c,8.566692676822614,False,9.91982600597052,True,deming,HMGCR,gt_fdbaedc51aaa106f,GRCh37,True,True,7.667188548423171,False,11,0.7449023433699999,True,0.1,0.8181818181818182,0.9139415202276651,PRIMARY,0.17654430906406784,,,CSA,HMGCR,LDL direct,Pan-UKB,,9.275446775446776,0.005001,0.04775,11,HMGCR,LDL direct,Pan-UKB,A
1000,1000,Pan-UKB,Pan-UKB::continuous|30080|both_sexes||irnt,Platelet count,0.06609547123623012,percentile bootstrap over ancestry-paired LD-pruned variants,1.3824175824175822,AFR,AFR,cmp_face308db9f33a70,3.140995566430869,False,0.7552755417954221,True,naive,IL12B,gt_3ef75cbdd99b6f07,GRCh37,True,True,6.91699604743083,False,3,0.02162541068031855,True,0.1,1.0,0.6281991132861738,PRIMARY,0.3358026273860982,,,AFR,IL12B,Platelet count,Pan-UKB,,11.088476740650655,0.003289,0.03647,3,IL12B,Platelet count,Pan-UKB,B
1000,1000,Pan-UKB,Pan-UKB::continuous|30080|both_sexes||irnt,Platelet count,0.06609547123623012,percentile bootstrap over ancestry-paired LD-pruned variants,1.3824175824175822,AFR,AFR,cmp_face308db9f33a70,3.140995566430869,False,0.7552755417954221,True,fiqt,IL12B,gt_3ef75cbdd99b6f07,GRCh37,True,True,6.91699604743083,False,3,0.02162541068031855,True,0.1,1.0,0.6308455542114991,PRIMARY,0.3358026273860982,,,AFR,IL12B,Platelet count,Pan-UKB,,11.088476740650655,0.003289,0.03647,3,IL12B,Platelet count,Pan-UKB,B
1000,1000,Pan-UKB,Pan-UKB::continuous|30080|both_sexes||irnt,Platelet count,0.06609547125145078,percentile bootstrap over ancestry-paired LD-pruned variants,1.3824175866073978,AFR,AFR,cmp_face308db9f33a70,3.140995566430869,False,0.7552755417954221,True,deming,IL12B,gt_3ef75cbdd99b6f07,GRCh37,True,True,6.91699604743083,False,3,0.02162541068031855,True,0.1,1.0,0.2069812888366297,PRIMARY,0.3358026284510654,,,AFR,IL12B,Platelet count,Pan-UKB,,11.088476740650655,0.003289,0.03647,3,IL12B,Platelet count,Pan-UKB,B
1000,1000,Pan-UKB,Pan-UKB::continuous|30080|both_sexes||irnt,Platelet count,0.23112535612535612,percentile bootstrap over ancestry-paired LD-pruned variants,3.6159586681974742,EAS,EAS,cmp_fe5114e73f9be5e8,6.966620339597559,False,1.0271054171879674,True,naive,PIK3CA,gt_d1d00e9dc71a2499,GRCh37,True,True,6.92820133234641,False,3,0.9998340600432907,True,0.1,1.0,0.9734302390166331,PRIMARY,0.8634937526330206,,,EAS,PIK3CA,Platelet count,Pan-UKB,,17.129054520358867,0.002898,0.04964,3,PIK3CA,Platelet count,Pan-UKB,B
1000,1000,Pan-UKB,Pan-UKB::continuous|30080|both_sexes||irnt,Platelet count,0.23112535612535612,percentile bootstrap over ancestry-paired LD-pruned variants,3.6159586681974742,EAS,EAS,cmp_fe5114e73f9be5e8,6.966620339597559,False,1.0271054171879674,True,fiqt,PIK3CA,gt_d1d00e9dc71a2499,GRCh37,True,True,6.92820133234641,False,3,0.9998340600432907,True,0.1,1.0,0.9825509718727523,PRIMARY,0.8634937526330206,,,EAS,PIK3CA,Platelet count,Pan-UKB,,17.129054520358867,0.002898,0.04964,3,PIK3CA,Platelet count,Pan-UKB,B
1000,1000,Pan-UKB,Pan-UKB::continuous|30080|both_sexes||irnt,Platelet count,0.23112535622093477,percentile bootstrap over ancestry-paired LD-pruned variants,3.6159586546994626,EAS,EAS,cmp_fe5114e73f9be5e8,6.966620339597559,False,1.0271054171879674,True,deming,PIK3CA,gt_d1d00e9dc71a2499,GRCh37,True,True,6.92820133234641,False,3,0.9998340600432907,True,0.1,1.0,2.481419159262478,PRIMARY,0.8634937491652043,,,EAS,PIK3CA,Platelet count,Pan-UKB,,17.129054520358867,0.002898,0.04964,3,PIK3CA,Platelet count,Pan-UKB,B
